strategy,primary,secondary,CAGR,primary_solo_CAGR,配對增益,max_drawdown,win_ratio,平均持股數,持股月份覆蓋率,持股數p10,晉升,未過原因
EV_S_qb0of3__REVENUE_qb0of3__None__v0,EV_S_qb0,REVENUE_qb0,0.185020676859164,0.10160886715511852,0.08341180970404549,-0.23226197580747143,0.5584045584045584,82.95744680851064,1.0,71.0,True,
EV_S_qb0of3__PS_qb1of3__None__v0,EV_S_qb0,PS_qb1,0.1494327236674522,0.10160886715511852,0.04782385651233367,-0.23947385808279242,0.5051395007342144,94.23404255319149,1.0,84.2,True,
MOM_qb2of3__EV_S_qb0of3__None__v0,MOM_qb2,EV_S_qb0,0.13292930097775435,0.10205881692342578,0.030870484054328573,-0.2565535605684156,0.4126984126984127,215.9787234042553,1.0,186.0,True,
MOM_qb2of3__P_IC_qb0of3__None__v0,MOM_qb2,P_IC_qb0,0.129113969736951,0.10205881692342578,0.02705515281352522,-0.2823793646106608,0.39503904455672945,201.19148936170214,1.0,162.0,True,
EV_S_qb0of3__NETDEBT_EBITDA_qb0of3__None__v0,EV_S_qb0,NETDEBT_EBITDA_qb0,0.12828527868128847,0.10160886715511852,0.026676411526169952,-0.24885155466950637,0.5619295958279009,228.70212765957447,1.0,218.0,True,
MOM_qb2of3__OCF_E_qb2of3__None__v0,MOM_qb2,OCF_E_qb2,0.12539652096921095,0.10205881692342578,0.023337704045785168,-0.23522643694506618,0.42549981139192755,215.2340425531915,1.0,200.8,True,
MOM_qb2of3__PS_qb0of3__None__v0,MOM_qb2,PS_qb0,0.12480219953312033,0.10205881692342578,0.02274338260969455,-0.26932961421859836,0.39876215738284704,213.08510638297872,1.0,185.0,True,
MOM_qb2of3__PB_qb0of3__None__v0,MOM_qb2,PB_qb0,0.12413235662485445,0.10205881692342578,0.02207353970142867,-0.2731540456359044,0.40864086408640865,199.87234042553192,1.0,155.0,True,
MOM_qb2of3__PB_qb1of3__None__v0,MOM_qb2,PB_qb1,0.1239109750667835,0.10205881692342578,0.021852158143357725,-0.26547034546734793,0.4061674008810573,197.10638297872342,1.0,183.0,True,
MOM_qb2of3__ROE_qb2of3__None__v0,MOM_qb2,ROE_qb2,0.12359532705971277,0.10205881692342578,0.02153651013628699,-0.25180505496183436,0.4199101796407186,252.9787234042553,1.0,232.0,True,
MOM_qb2of3__VOL_qb0of3__None__v0,MOM_qb2,VOL_qb0,0.12263209587776425,0.10205881692342578,0.02057327895433847,-0.20801198400326903,0.42019950124688277,194.5744680851064,1.0,137.0,True,
MOM_qb2of3__EV_EBITDA_qb0of3__None__v0,MOM_qb2,EV_EBITDA_qb0,0.12258619904852153,0.10205881692342578,0.02052738212509575,-0.26244003115254644,0.4260591526778577,219.59574468085106,1.0,198.0,True,
MOM_qb2of3__EPS_qb2of3__None__v0,MOM_qb2,EPS_qb2,0.12151853133809887,0.10205881692342578,0.01945971441467309,-0.25109465152888466,0.42449922958397535,249.31914893617022,1.0,226.0,True,
MOM_qb2of3__NETDEBT_EBITDA_qb0of3__None__v0,MOM_qb2,NETDEBT_EBITDA_qb0,0.11953653739992554,0.10205881692342578,0.01747772047649976,-0.25950651037774775,0.411,184.25531914893617,1.0,162.0,True,
MOM_qb2of3__DEBTRATIO_qb2of3__None__v0,MOM_qb2,DEBTRATIO_qb2,0.11863747882141928,0.10205881692342578,0.016578661897993507,-0.29842487788849914,0.3769266697804764,207.38297872340425,1.0,189.0,True,
MOM_qb2of3__ROIC_qb2of3__None__v0,MOM_qb2,ROIC_qb2,0.11668465297800812,0.10205881692342578,0.014625836054582342,-0.2505783815094327,0.4151158374477782,247.10638297872342,1.0,223.0,True,
EV_S_qb0of3__EV_EBITDA_qb0of3__None__v0,EV_S_qb0,EV_EBITDA_qb0,0.11517105902749081,0.10160886715511852,0.013562191872372287,-0.24316211030513346,0.4693232131562302,287.8510638297872,1.0,267.4,True,
EV_S_qb0of3__REV_G_qb0of3__None__v0,EV_S_qb0,REV_G_qb0,0.11332278457834666,0.10160886715511852,0.011713917423228137,-0.2588631291728076,0.5086136177194421,172.0,1.0,157.0,True,
MOM_qb2of3__PS_qb1of3__None__v0,MOM_qb2,PS_qb1,0.1106502116586423,0.10205881692342578,0.008591394735216529,-0.28740826182609036,0.3972419928825623,194.5744680851064,1.0,180.0,True,
MOM_qb2of3__REV_G_qb2of3__None__v0,MOM_qb2,REV_G_qb2,0.10991716676477581,0.10205881692342578,0.007858349841350032,-0.32159017941219215,0.3879017013232514,235.48936170212767,1.0,205.0,True,
EV_S_qb0of3__ROE_qb2of3__None__v0,EV_S_qb0,ROE_qb2,0.108380563997587,0.10160886715511852,0.006771696842468478,-0.2421524852726128,0.44091580502215655,205.87234042553192,1.0,188.6,True,
MOM_qb2of3__P_IC_qb1of3__None__v0,MOM_qb2,P_IC_qb1,0.10582056755769886,0.10205881692342578,0.0037617506342730866,-0.29160294002251086,0.40008880994671403,199.2127659574468,1.0,184.0,True,
MOM_qb2of3__EV_EBITDA_qb1of3__None__v0,MOM_qb2,EV_EBITDA_qb1,0.10543814686197317,0.10205881692342578,0.003379329938547393,-0.2749495976871612,0.41104050833995237,203.59574468085106,1.0,180.0,True,
EV_S_qb0of3__EPS_qb2of3__None__v0,EV_S_qb0,EPS_qb2,0.10543097481570807,0.10160886715511852,0.0038221076605895465,-0.24717264307783549,0.4383561643835616,203.12765957446808,1.0,191.6,True,
EV_S_qb0of3__PB_qb0of3__None__v0,EV_S_qb0,PB_qb0,0.10507751222345729,0.10160886715511852,0.0034686450683387715,-0.2560992303803511,0.5936254980079682,320.27659574468083,1.0,312.0,True,
MOM_qb2of3__REVENUE_qb0of3__None__v0,MOM_qb2,REVENUE_qb0,0.10377603250599932,0.10205881692342578,0.0017172155825735391,-0.2800168069336597,0.3830423940149626,186.53191489361703,1.0,150.0,True,
MOM_qb2of3__NETDEBT_EBITDA_qb1of3__None__v0,MOM_qb2,NETDEBT_EBITDA_qb1,0.10352445041565961,0.10205881692342578,0.001465633492233831,-0.25368283226969157,0.3926767676767677,219.74468085106383,1.0,200.0,True,
EV_S_qb0of3__P_IC_qb0of3__None__v0,EV_S_qb0,P_IC_qb0,0.10341920775766988,0.10160886715511852,0.0018103406025513635,-0.253735349963632,0.6304023845007451,316.25531914893617,1.0,306.0,True,
EV_S_qb0of3__DEBTRATIO_qb0of3__None__v0,EV_S_qb0,DEBTRATIO_qb0,0.10228716598326537,0.10160886715511852,0.0006782988281468505,-0.2607228796823323,0.5239043824701195,141.17021276595744,1.0,130.2,True,
MOM_qb2of3__None__None__v0,MOM_qb2,（空集合）,0.10205881692342578,0.10205881692342578,0.0,-0.27798121729225134,0.37978509066487576,590.8510638297872,1.0,586.0,True,
MOM_qb2of3__EV_S_qb1of3__None__v0,MOM_qb2,EV_S_qb1,0.10177112161617474,0.10205881692342578,-0.00028769530725103465,-0.28382378738536507,0.39892183288409705,192.6595744680851,1.0,177.0,True,
EV_S_qb0of3__None__None__v0,EV_S_qb0,（空集合）,0.10160886715511852,0.10160886715511852,0.0,-0.25077360941635907,0.5515564202334631,590.531914893617,1.0,587.0,True,
EV_S_qb0of3__PB_qb1of3__None__v0,EV_S_qb0,PB_qb1,0.10150379242012786,0.10160886715511852,-0.00010507473499066222,-0.257089815780542,0.4625506072874494,203.12765957446808,1.0,194.0,True,
EV_S_qb0of3__NETDEBT_EBITDA_qb1of3__None__v0,EV_S_qb0,NETDEBT_EBITDA_qb1,0.10112184410158442,0.10160886715511852,-0.0004870230535340969,-0.24877566710519383,0.4562814070351759,210.14893617021278,1.0,201.8,True,
EV_S_qb0of3__OCF_E_qb0of3__None__v0,EV_S_qb0,OCF_E_qb0,0.10037125868050367,0.10160886715511852,-0.0012376084746148486,-0.28447899994241443,0.46018614270941055,184.59574468085106,1.0,163.0,True,
EV_S_qb0of3__P_IC_qb1of3__None__v0,EV_S_qb0,P_IC_qb1,0.09997336248748878,0.10160886715511852,-0.0016355046676297391,-0.26229119253724364,0.4670103092783505,233.10638297872342,1.0,225.4,True,
EV_S_qb0of3__DEBTRATIO_qb2of3__None__v0,EV_S_qb0,DEBTRATIO_qb2,0.09970084976840887,0.10160886715511852,-0.0019080173867096484,-0.25864105607636945,0.484573502722323,247.31914893617022,1.0,234.0,True,
EV_S_qb0of3__VOL_qb1of3__None__v0,EV_S_qb0,VOL_qb1,0.09902738078411644,0.10160886715511852,-0.002581486371002084,-0.2927432701773759,0.45840042941492215,205.9787234042553,1.0,191.0,True,
EV_S_qb0of3__REV_G_qb2of3__None__v0,EV_S_qb0,REV_G_qb2,0.09866234162717791,0.10160886715511852,-0.0029465255279406133,-0.2897765516771077,0.43794579172610554,191.2340425531915,1.0,180.6,True,
MOM_qb2of3__FCF_OI_qb1of3__None__v0,MOM_qb2,FCF_OI_qb1,0.0986297465296071,0.10205881692342578,-0.0034290703938186784,-0.2884247525746676,0.41043414812112367,208.89361702127658,1.0,192.0,True,
EV_S_qb0of3__VOL_qb0of3__None__v0,EV_S_qb0,VOL_qb0,0.0969959965704077,0.10160886715511852,-0.0046128705847108264,-0.19620789957817164,0.5130111524163569,243.08510638297872,1.0,217.0,True,
EV_S_qb0of3__ROIC_qb2of3__None__v0,EV_S_qb0,ROIC_qb2,0.09675519367418395,0.10160886715511852,-0.004853673480934573,-0.24533296872993826,0.43605546995377503,185.36170212765958,1.0,165.0,True,
FCF_OI_qb0of3__CROIC_qb2of3__None__v0,—,—,0.21557507673953702,,,-0.25960959273091344,0.625,1.1,0.45454545454545453,1.0,False,兩邊都不具 primary 資格
EPS_qb0of3__ROIC_qb2of3__None__v0,—,—,0.1674531061547766,,,-0.5064315646461004,0.4,4.297872340425532,1.0,1.0,False,兩邊都不具 primary 資格
P_IC_qb0of3__REVENUE_qb0of3__None__v0,—,—,0.16740236721583557,,,-0.2529519405828178,0.5488888888888889,129.63829787234042,1.0,120.0,False,兩邊都不具 primary 資格
PS_qb0of3__REVENUE_qb0of3__None__v0,—,—,0.16536810469047625,,,-0.23870936435831824,0.45821325648414984,63.829787234042556,1.0,59.0,False,兩邊都不具 primary 資格
PB_qb0of3__REVENUE_qb0of3__None__v0,—,—,0.16342682033198308,,,-0.2560371282947983,0.6196911196911197,160.91489361702128,1.0,154.0,False,兩邊都不具 primary 資格
FCF_OI_qb0of3__FCF_P_qb2of3__None__v0,—,—,0.16026069871164594,,,-0.18833078382745017,0.375,2.5652173913043477,0.5227272727272727,1.0,False,兩邊都不具 primary 資格
EPS_qb0of3__ROE_qb2of3__None__v0,—,—,0.15186808907344673,,,-0.2319555229816087,0.4,5.617021276595745,1.0,3.0,False,兩邊都不具 primary 資格
P_IC_qb0of3__NETDEBT_EBITDA_qb0of3__None__v0,—,—,0.1355214694029574,,,-0.25628884487738557,0.5667506297229219,112.91489361702128,1.0,105.0,False,兩邊都不具 primary 資格
EPS_qb2of3__ROE_qb0of3__None__v0,—,—,0.13456558815856146,,,-0.3328884199141787,0.39903846153846156,13.340425531914894,1.0,8.8,False,兩邊都不具 primary 資格
NETDEBT_EBITDA_qb0of3__DEBTRATIO_qb2of3__None__v0,—,—,0.13211819918583667,,,-0.2261759482154806,0.45645645645645644,77.65957446808511,1.0,69.6,False,兩邊都不具 primary 資格
PB_qb0of3__NETDEBT_EBITDA_qb0of3__None__v0,—,—,0.12951032617449343,,,-0.2685792202539533,0.5933333333333334,188.4255319148936,1.0,179.0,False,兩邊都不具 primary 資格
P_IC_qb0of3__FCF_P_qb1of3__None__v0,—,—,0.127762037455867,,,-0.271481834510204,0.4393305439330544,115.44680851063829,1.0,85.0,False,兩邊都不具 primary 資格
P_IC_qb1of3__REVENUE_qb0of3__None__v0,—,—,0.1270246608041885,,,-0.2720072927318554,0.5047489823609227,200.2127659574468,1.0,192.0,False,兩邊都不具 primary 資格
EV_S_qb1of3__REVENUE_qb0of3__None__v0,—,—,0.12643103827521163,,,-0.27890120312084743,0.4824561403508772,173.87234042553192,1.0,164.0,False,兩邊都不具 primary 資格
PB_qb1of3__REVENUE_qb0of3__None__v0,—,—,0.1255546439478532,,,-0.27688002133359835,0.481437125748503,205.2127659574468,1.0,196.2,False,兩邊都不具 primary 資格
VOL_qb0of3__REVENUE_qb0of3__None__v0,—,—,0.12554164816201174,,,-0.21082573274178007,0.4977934686672551,162.53191489361703,1.0,140.0,False,兩邊都不具 primary 資格
PS_qb1of3__REVENUE_qb0of3__None__v0,—,—,0.12494484865545497,,,-0.2690418838399856,0.4680337756332931,183.46808510638297,1.0,174.0,False,兩邊都不具 primary 資格
NETDEBT_EBITDA_qb1of3__DEBTRATIO_qb2of3__None__v0,—,—,0.12173689055869041,,,-0.2552116522224628,0.4515625,144.85106382978722,1.0,135.6,False,兩邊都不具 primary 資格
P_IC_qb0of3__NETDEBT_EBITDA_qb1of3__None__v0,—,—,0.12004968093841062,,,-0.24106367644590265,0.48536209553158705,137.63829787234042,1.0,125.0,False,兩邊都不具 primary 資格
DEBTRATIO_qb2of3__REVENUE_qb0of3__None__v0,—,—,0.11905645218241556,,,-0.2779109922848494,0.4838709677419355,135.0,1.0,128.0,False,兩邊都不具 primary 資格
MOM_qb2of3__ACCRUAL_qb0of3__None__v0,MOM_qb2,ACCRUAL_qb0,0.11822919641915997,0.10205881692342578,0.01617037949573419,-0.25552314283017186,0.42123963679431503,187.85106382978722,1.0,169.0,False,secondary 輸大盤太多
PB_qb0of3__FCF_P_qb1of3__None__v0,—,—,0.11721769685790306,,,-0.2594622345895745,0.4502487562189055,136.3404255319149,1.0,110.0,False,兩邊都不具 primary 資格
P_IC_qb1of3__NETDEBT_EBITDA_qb0of3__None__v0,—,—,0.11676950185878132,,,-0.2654986298775973,0.48703494926719276,207.06382978723406,1.0,193.0,False,兩邊都不具 primary 資格
NETDEBT_EBITDA_qb0of3__EV_EBITDA_qb0of3__None__v0,—,—,0.11594434778521623,,,-0.2711565023149609,0.47137254901960784,233.4468085106383,1.0,219.0,False,兩邊都不具 primary 資格
PB_qb0of3__EV_EBITDA_qb0of3__None__v0,—,—,0.11592445068317825,,,-0.25610787503186605,0.48099606815203144,266.3404255319149,1.0,250.0,False,兩邊都不具 primary 資格
DEBTRATIO_qb2of3__ROE_qb2of3__None__v0,—,—,0.11501674028939313,,,-0.26919465089687455,0.42218543046357615,208.80851063829786,1.0,192.0,False,兩邊都不具 primary 資格
DEBTRATIO_qb2of3__EPS_qb2of3__None__v0,—,—,0.11407573591345521,,,-0.27085981267849735,0.41252699784017277,189.08510638297872,1.0,177.2,False,兩邊都不具 primary 資格
ROIC_qb1of3__ROE_qb2of3__None__v0,—,—,0.11354646410918612,,,-0.25125252196544434,0.46272189349112425,82.95744680851064,1.0,70.4,False,兩邊都不具 primary 資格
P_IC_qb0of3__ROE_qb2of3__None__v0,—,—,0.11345500389206165,,,-0.267526046225967,0.4540763673890609,110.82978723404256,1.0,101.0,False,兩邊都不具 primary 資格
PS_qb0of3__NETDEBT_EBITDA_qb0of3__None__v0,—,—,0.11266624756733346,,,-0.2610913657504079,0.5111464968152867,135.93617021276594,1.0,128.0,False,兩邊都不具 primary 資格
EV_EBITDA_qb0of3__EPS_qb2of3__None__v0,—,—,0.11132820765814566,,,-0.24955908872988075,0.4604715672676838,179.27659574468086,1.0,148.0,False,兩邊都不具 primary 資格
REVENUE_qb0of3__ROE_qb0of3__None__v0,—,—,0.11085767705911986,,,-0.2840287894498802,0.4860587792012057,338.0851063829787,1.0,325.0,False,兩邊都不具 primary 資格
P_IC_qb0of3__EV_EBITDA_qb0of3__None__v0,—,—,0.1108380923993344,,,-0.2580030976438311,0.45925925925925926,255.0212765957447,1.0,241.4,False,兩邊都不具 primary 資格
REVENUE_qb0of3__ROIC_qb0of3__None__v0,—,—,0.11047620106963318,,,-0.2862384251533192,0.4864864864864865,327.1489361702128,1.0,317.0,False,兩邊都不具 primary 資格
MOM_qb2of3__FCF_P_qb0of3__None__v0,MOM_qb2,FCF_P_qb0,0.10916853043546393,0.10205881692342578,0.007109713512038152,-0.3017149759838966,0.4083809523809524,190.5744680851064,1.0,174.4,False,secondary 輸大盤太多
EV_EBITDA_qb0of3__REVENUE_qb0of3__None__v0,—,—,0.10885286084875978,,,-0.2792361782030447,0.4587628865979381,247.06382978723406,1.0,229.0,False,兩邊都不具 primary 資格
MOM_qb2of3__REV_G_qb1of3__None__v0,MOM_qb2,REV_G_qb1,0.10839293995895671,0.10205881692342578,0.006334123035530936,-0.2323684987018234,0.4251227495908347,188.36170212765958,1.0,169.8,False,secondary 輸大盤太多
DEBTRATIO_qb2of3__ROIC_qb2of3__None__v0,—,—,0.10823936299632964,,,-0.28621098367332054,0.39978331527627303,126.51063829787235,1.0,105.0,False,兩邊都不具 primary 資格
ROIC_qb1of3__ROE_qb0of3__None__v0,—,—,0.10787244337404855,,,-0.2759657150097401,0.394919168591224,30.23404255319149,1.0,4.200000000000001,False,兩邊都不具 primary 資格
PB_qb0of3__REV_G_qb2of3__None__v0,—,—,0.10780931718072506,,,-0.2893879373431286,0.43908421913327883,150.4468085106383,1.0,132.0,False,兩邊都不具 primary 資格
REVENUE_qb0of3__EPS_qb0of3__None__v0,—,—,0.10774299792382847,,,-0.2917851176383497,0.4801980198019802,342.51063829787233,1.0,333.0,False,兩邊都不具 primary 資格
REVENUE_qb0of3__FCF_P_qb0of3__None__v0,—,—,0.10732785836239511,,,-0.2867941123683282,0.4122764620589657,201.4255319148936,1.0,165.0,False,兩邊都不具 primary 資格
REVENUE_qb0of3__CROIC_qb0of3__None__v0,—,—,0.10701454780388509,,,-0.2925666684260263,0.4150121065375303,202.6595744680851,1.0,176.0,False,兩邊都不具 primary 資格
MOM_qb2of3__CROIC_qb0of3__None__v0,MOM_qb2,CROIC_qb0,0.10701326081094109,0.10205881692342578,0.004954443887515314,-0.30585942809988653,0.4062140391254315,190.72340425531914,1.0,175.0,False,secondary 輸大盤太多
EV_EBITDA_qb0of3__VOL_qb1of3__None__v0,—,—,0.10637869135295963,,,-0.31193233889659777,0.4515832950894906,198.10638297872342,1.0,186.8,False,兩邊都不具 primary 資格
NETDEBT_EBITDA_qb0of3__REVENUE_qb0of3__None__v0,—,—,0.10607280211276837,,,-0.27459365429019755,0.5007656967840735,286.36170212765956,1.0,280.0,False,兩邊都不具 primary 資格
EV_EBITDA_qb0of3__ROE_qb2of3__None__v0,—,—,0.1052101331317099,,,-0.24469332788077014,0.4610075914423741,169.27659574468086,1.0,147.8,False,兩邊都不具 primary 資格
MOM_qb2of3__FCF_P_qb2of3__None__v0,MOM_qb2,FCF_P_qb2,0.10507239049495953,0.10205881692342578,0.0030135735715337564,-0.2524728963709203,0.4381308411214953,195.27659574468086,1.0,182.0,False,secondary 輸大盤太多
PS_qb1of3__NETDEBT_EBITDA_qb0of3__None__v0,—,—,0.1050259754615055,,,-0.27007029699551965,0.4592668024439919,187.19148936170214,1.0,178.6,False,兩邊都不具 primary 資格
PB_qb0of3__EPS_qb2of3__None__v0,—,—,0.10475013657863363,,,-0.2785746946540032,0.45368171021377673,109.55319148936171,1.0,98.0,False,兩邊都不具 primary 資格
EV_EBITDA_qb0of3__ROIC_qb1of3__None__v0,—,—,0.10454572776972437,,,-0.22732441526112956,0.46999076638965837,121.8936170212766,1.0,104.80000000000001,False,兩邊都不具 primary 資格
P_IC_qb0of3__EPS_qb2of3__None__v0,—,—,0.10447652814353825,,,-0.27970983211980815,0.45202312138728323,121.82978723404256,1.0,109.0,False,兩邊都不具 primary 資格
MOM_qb2of3__REVENUE_qb2of3__None__v0,MOM_qb2,REVENUE_qb2,0.10437768365929512,0.10205881692342578,0.0023188667358693404,-0.2856982467996906,0.38629876308277833,213.9787234042553,1.0,194.4,False,secondary 輸大盤太多
MOM_qb2of3__FCF_OI_qb0of3__None__v0,MOM_qb2,FCF_OI_qb0,0.10431402447641691,0.10205881692342578,0.002255207552991134,-0.30733279204549024,0.4059633027522936,190.3404255319149,1.0,176.6,False,secondary 輸大盤太多
PB_qb0of3__ROE_qb2of3__None__v0,—,—,0.1037629581787416,,,-0.2569915292496774,0.46060606060606063,80.72340425531915,1.0,60.0,False,兩邊都不具 primary 資格
VOL_qb1of3__REVENUE_qb0of3__None__v0,—,—,0.10373641993521221,,,-0.2978482372921617,0.4376021798365123,185.4255319148936,1.0,170.0,False,兩邊都不具 primary 資格
PB_qb0of3__P_IC_qb1of3__None__v0,—,—,0.10309677641200632,,,-0.2783018460327382,0.4821192052980132,150.91489361702128,1.0,143.0,False,兩邊都不具 primary 資格
P_IC_qb0of3__REV_G_qb0of3__None__v0,—,—,0.10248041625893545,,,-0.2549924821625307,0.48734634851771513,214.74468085106383,1.0,199.0,False,兩邊都不具 primary 資格
EV_S_qb0of3__PS_qb2of3__None__v0,EV_S_qb0,PS_qb2,0.10162527201760452,0.10160886715511852,1.640486248599693e-05,-0.18412201872799006,0.5,27.76595744680851,1.0,21.0,False,secondary 輸大盤太多
REVENUE_qb0of3__None__None__v0,REVENUE_qb0,（空集合）,0.10144713727572485,0.10144713727572485,0.0,-0.27368847818247277,0.534711964549483,594.4042553191489,1.0,591.0,False,primary 單獨不夠強
NETDEBT_EBITDA_qb2of3__REVENUE_qb0of3__None__v0,—,—,0.10138028973939339,,,-0.308768528208048,0.514018691588785,165.46808510638297,1.0,159.0,False,兩邊都不具 primary 資格
DEBTRATIO_qb1of3__REVENUE_qb0of3__None__v0,—,—,0.10084024103068168,,,-0.28401837389786666,0.45555555555555555,158.08510638297872,1.0,148.0,False,兩邊都不具 primary 資格
PB_qb0of3__DEBTRATIO_qb2of3__None__v0,—,—,0.1005439020053005,,,-0.2457453598166579,0.584070796460177,208.19148936170214,1.0,200.0,False,兩邊都不具 primary 資格
PB_qb0of3__DEBTRATIO_qb0of3__None__v0,—,—,0.10013869324576352,,,-0.2732776850492533,0.5690721649484536,190.91489361702128,1.0,182.0,False,兩邊都不具 primary 資格
P_IC_qb1of3__EV_EBITDA_qb0of3__None__v0,—,—,0.100069001677765,,,-0.2721590259839324,0.45308641975308644,201.72340425531914,1.0,185.6,False,兩邊都不具 primary 資格
REVENUE_qb0of3__FCF_OI_qb0of3__None__v0,—,—,0.09986720051314446,,,-0.29390987752820585,0.4153323629306162,209.63829787234042,1.0,192.0,False,兩邊都不具 primary 資格
PB_qb0of3__REV_G_qb0of3__None__v0,—,—,0.09945010793891185,,,-0.26324909541686636,0.4996525364836692,231.91489361702128,1.0,220.0,False,兩邊都不具 primary 資格
MOM_qb1of3__REVENUE_qb0of3__None__v0,—,—,0.09903696999320011,,,-0.2798784633790351,0.447246525990736,187.2340425531915,1.0,179.2,False,兩邊都不具 primary 資格
MOM_qb2of3__ACCRUAL_qb1of3__None__v0,MOM_qb2,ACCRUAL_qb1,0.09903364302399598,0.10205881692342578,-0.0030251738994298005,-0.2550831410320874,0.4097486671744098,191.17021276595744,1.0,182.8,False,secondary 輸大盤太多
EV_S_qb0of3__FCF_P_qb1of3__None__v0,EV_S_qb0,FCF_P_qb1,0.09887655545687313,0.10160886715511852,-0.002732311698245393,-0.24649266377225698,0.4463799673380512,158.9787234042553,1.0,146.0,False,secondary 輸大盤太多
EV_EBITDA_qb1of3__REVENUE_qb0of3__None__v0,—,—,0.09869999044027011,,,-0.2521194614846385,0.41865079365079366,111.48936170212765,1.0,92.0,False,兩邊都不具 primary 資格
EV_EBITDA_qb0of3__ROIC_qb2of3__None__v0,—,—,0.098329181232931,,,-0.25128347909210624,0.45749827228749135,164.93617021276594,1.0,140.4,False,兩邊都不具 primary 資格
PB_qb0of3__None__None__v0,PB_qb0,（空集合）,0.09829738924688991,0.09829738924688991,0.0,-0.26292235672593445,0.6695005313496281,594.4042553191489,1.0,591.0,False,primary 單獨不夠強
PB_qb0of3__PS_qb1of3__None__v0,—,—,0.09817162231001952,,,-0.2903845432245682,0.4666666666666667,165.12765957446808,1.0,154.0,False,兩邊都不具 primary 資格
PS_qb1of3__EV_EBITDA_qb0of3__None__v0,—,—,0.09811237503139036,,,-0.26938580583420424,0.44221105527638194,156.95744680851064,1.0,139.0,False,兩邊都不具 primary 資格
REVENUE_qb0of3__REV_G_qb0of3__None__v0,—,—,0.09805968842400281,,,-0.26048722440365746,0.464546056991385,268.02127659574467,1.0,255.2,False,兩邊都不具 primary 資格
DEBTRATIO_qb2of3__FCF_P_qb1of3__None__v0,—,—,0.09741183336557868,,,-0.2905697176020271,0.42857142857142855,148.85106382978722,1.0,118.0,False,兩邊都不具 primary 資格
MOM_qb2of3__ROIC_qb1of3__None__v0,MOM_qb2,ROIC_qb1,0.09701030942984179,0.10205881692342578,-0.005048507493583987,-0.27481692589444606,0.41733956651083726,185.72340425531914,1.0,165.0,False,secondary 輸大盤太多；配對後退步過多
MOM_qb2of3__VOL_qb1of3__None__v0,MOM_qb2,VOL_qb1,0.09664315146777769,0.10205881692342578,-0.005415665455648089,-0.3080169341617075,0.4204065976217875,193.74468085106383,1.0,168.0,False,配對後退步過多
EV_EBITDA_qb0of3__DEBTRATIO_qb2of3__None__v0,—,—,0.09662431577754993,,,-0.2733704588546306,0.4418811002661934,204.08510638297872,1.0,189.0,False,兩邊都不具 primary 資格
P_IC_qb0of3__REV_G_qb2of3__None__v0,—,—,0.09656080947703205,,,-0.29445646336531783,0.4276578737010392,169.0,1.0,153.0,False,兩邊都不具 primary 資格
PS_qb0of3__EPS_qb2of3__None__v0,—,—,0.09649922282654244,,,-0.25505291522998474,0.41862567811934903,190.53191489361703,1.0,177.2,False,兩邊都不具 primary 資格
EV_S_qb0of3__REVENUE_qb1of3__None__v0,EV_S_qb0,REVENUE_qb1,0.09634988639535891,0.10160886715511852,-0.005258980759759613,-0.25549919679873256,0.5,206.10638297872342,1.0,196.0,False,secondary 輸大盤太多；配對後退步過多
PB_qb0of3__NETDEBT_EBITDA_qb1of3__None__v0,—,—,0.0962240335347937,,,-0.25125558177345575,0.46908602150537637,158.53191489361703,1.0,147.0,False,兩邊都不具 primary 資格
EV_S_qb0of3__CROIC_qb1of3__None__v0,EV_S_qb0,CROIC_qb1,0.096221360231741,0.10160886715511852,-0.0053875069233775275,-0.25989458846852675,0.44537424453742447,207.53191489361703,1.0,188.0,False,secondary 輸大盤太多；配對後退步過多
PB_qb0of3__CROIC_qb1of3__None__v0,—,—,0.09619117088757245,,,-0.2705021903475039,0.43942992874109266,207.7872340425532,1.0,185.20000000000002,False,兩邊都不具 primary 資格
PB_qb0of3__ROE_qb0of3__None__v0,—,—,0.09618704958411661,,,-0.2898371874689749,0.49931129476584024,248.68085106382978,1.0,233.0,False,兩邊都不具 primary 資格
DEBTRATIO_qb2of3__REV_G_qb0of3__None__v0,—,—,0.09617677836794503,,,-0.25783111216734655,0.4516653127538586,178.46808510638297,1.0,148.0,False,兩邊都不具 primary 資格
EV_EBITDA_qb0of3__VOL_qb0of3__None__v0,—,—,0.09613273847345782,,,-0.21973054228851685,0.4525462962962963,203.38297872340425,1.0,179.0,False,兩邊都不具 primary 資格
EV_EBITDA_qb0of3__FCF_OI_qb1of3__None__v0,—,—,0.09610161424911001,,,-0.27396491063909256,0.43946615824594853,175.9787234042553,1.0,158.4,False,兩邊都不具 primary 資格
MOM_qb2of3__DEBTRATIO_qb0of3__None__v0,MOM_qb2,DEBTRATIO_qb0,0.0959719765828928,0.10205881692342578,-0.006086840340532973,-0.2572974529997717,0.39166666666666666,188.10638297872342,1.0,169.0,False,配對後退步過多
PS_qb0of3__NETDEBT_EBITDA_qb1of3__None__v0,—,—,0.09566001880784314,,,-0.2590192317404336,0.4402451481103167,195.3404255319149,1.0,182.0,False,兩邊都不具 primary 資格
NETDEBT_EBITDA_qb0of3__ROE_qb0of3__None__v0,—,—,0.0956007165653614,,,-0.3140348016599913,0.4660714285714286,222.04255319148936,1.0,211.0,False,兩邊都不具 primary 資格
EV_S_qb0of3__DEBTRATIO_qb1of3__None__v0,EV_S_qb0,DEBTRATIO_qb1,0.09552820095744341,0.10160886715511852,-0.006080666197675111,-0.25770642426912405,0.47625,202.04255319148936,1.0,196.0,False,secondary 輸大盤太多；配對後退步過多
P_IC_qb0of3__DEBTRATIO_qb2of3__None__v0,—,—,0.09537442602994362,,,-0.26941319046178114,0.6322067594433399,355.1489361702128,1.0,350.0,False,兩邊都不具 primary 資格
REVENUE_qb0of3__REV_G_qb1of3__None__v0,—,—,0.0951949093909692,,,-0.281914882480673,0.45406626506024095,144.82978723404256,1.0,133.6,False,兩邊都不具 primary 資格
MOM_qb2of3__CROIC_qb2of3__None__v0,MOM_qb2,CROIC_qb2,0.09518274192341902,0.10205881692342578,-0.006876075000006754,-0.23040059183489048,0.44538433247517467,195.06382978723406,1.0,181.0,False,secondary 輸大盤太多；配對後退步過多
PB_qb0of3__PS_qb2of3__None__v0,—,—,0.09493701517411224,,,-0.2603527640425345,0.535,113.46808510638297,1.0,102.0,False,兩邊都不具 primary 資格
PB_qb1of3__ROE_qb2of3__None__v0,—,—,0.09489648225686165,,,-0.24696452670247382,0.44996686547382375,200.36170212765958,1.0,186.0,False,兩邊都不具 primary 資格
EV_EBITDA_qb0of3__EPS_qb1of3__None__v0,—,—,0.09484831830963669,,,-0.22688495323579205,0.45517241379310347,123.08510638297872,1.0,94.60000000000001,False,兩邊都不具 primary 資格
PB_qb1of3__OCF_E_qb0of3__None__v0,—,—,0.09470721885180455,,,-0.2989892942177489,0.4530776992936428,194.7872340425532,1.0,181.6,False,兩邊都不具 primary 資格
NETDEBT_EBITDA_qb0of3__ROIC_qb0of3__None__v0,—,—,0.094690512612567,,,-0.3128955930593267,0.4698581560283688,212.25531914893617,1.0,197.8,False,兩邊都不具 primary 資格
PB_qb0of3__FCF_OI_qb1of3__None__v0,—,—,0.09458336283156088,,,-0.28406888787378237,0.43270777479892764,188.14893617021278,1.0,165.4,False,兩邊都不具 primary 資格
REVENUE_qb0of3__FCF_OI_qb1of3__None__v0,—,—,0.09457721218200454,,,-0.27412345826003326,0.41545893719806765,161.36170212765958,1.0,147.0,False,兩邊都不具 primary 資格
PB_qb0of3__P_IC_qb0of3__None__v0,—,—,0.09437483723881046,,,-0.2596309423412396,0.6369593709043251,443.0425531914894,1.0,432.0,False,兩邊都不具 primary 資格
EV_S_qb0of3__ROIC_qb1of3__None__v0,EV_S_qb0,ROIC_qb1,0.0943296605797852,0.10160886715511852,-0.007279206575333319,-0.24782306905871454,0.4647129186602871,247.70212765957447,1.0,239.0,False,secondary 輸大盤太多；配對後退步過多
PB_qb1of3__NETDEBT_EBITDA_qb0of3__None__v0,—,—,0.09398352939087351,,,-0.2615986654504968,0.46868475991649267,197.72340425531914,1.0,179.0,False,兩邊都不具 primary 資格
PS_qb0of3__ROE_qb2of3__None__v0,—,—,0.09390200590404807,,,-0.2518595319650152,0.41919191919191917,197.38297872340425,1.0,184.0,False,兩邊都不具 primary 資格
PB_qb0of3__PS_qb0of3__None__v0,—,—,0.0938807986028376,,,-0.260074318385622,0.559322033898305,315.8085106382979,1.0,298.6,False,兩邊都不具 primary 資格
P_IC_qb0of3__PS_qb0of3__None__v0,—,—,0.09374086779243274,,,-0.2728051694454434,0.5898389095415117,359.72340425531917,1.0,348.0,False,兩邊都不具 primary 資格
P_IC_qb0of3__FCF_OI_qb1of3__None__v0,—,—,0.0937071048438749,,,-0.2905523108687572,0.42327150084317033,183.68085106382978,1.0,157.6,False,兩邊都不具 primary 資格
P_IC_qb0of3__None__None__v0,P_IC_qb0,（空集合）,0.09307284335656618,0.09307284335656618,0.0,-0.26832520960533923,0.6850192061459667,594.4042553191489,1.0,591.0,False,primary 單獨不夠強
EV_S_qb0of3__EPS_qb1of3__None__v0,EV_S_qb0,EPS_qb1,0.09304752474502576,0.10160886715511852,-0.008561342410092765,-0.2455406653193971,0.44745538664904166,235.51063829787233,1.0,225.0,False,secondary 輸大盤太多；配對後退步過多
ACCRUAL_qb1of3__REVENUE_qb0of3__None__v0,—,—,0.09279941585916252,,,-0.275936065886794,0.4252563410685375,202.9787234042553,1.0,194.0,False,兩邊都不具 primary 資格
NETDEBT_EBITDA_qb0of3__EPS_qb0of3__None__v0,—,—,0.092746623180892,,,-0.3209200208309111,0.44057193923145666,226.85106382978722,1.0,216.0,False,兩邊都不具 primary 資格
NETDEBT_EBITDA_qb0of3__VOL_qb1of3__None__v0,—,—,0.09262526520296199,,,-0.30698010708523626,0.44774477447744776,192.80851063829786,1.0,176.0,False,兩邊都不具 primary 資格
NETDEBT_EBITDA_qb0of3__FCF_OI_qb1of3__None__v0,—,—,0.09261755698740859,,,-0.2799417094799641,0.4465971187282663,199.5531914893617,1.0,178.0,False,兩邊都不具 primary 資格
PB_qb0of3__ROIC_qb0of3__None__v0,—,—,0.09228424923887579,,,-0.2829252378767122,0.4969491525423729,251.68085106382978,1.0,237.0,False,兩邊都不具 primary 資格
EV_EBITDA_qb0of3__REV_G_qb0of3__None__v0,—,—,0.09216236802751232,,,-0.26622213984550813,0.4427987742594484,229.63829787234042,1.0,208.0,False,兩邊都不具 primary 資格
MOM_qb2of3__DEBTRATIO_qb1of3__None__v0,MOM_qb2,DEBTRATIO_qb1,0.09204431973840999,0.10205881692342578,-0.010014497185015792,-0.27622467105862125,0.3994400373308446,195.36170212765958,1.0,183.6,False,secondary 輸大盤太多；配對後退步過多
EV_EBITDA_qb0of3__FCF_P_qb1of3__None__v0,—,—,0.09155594320843985,,,-0.2936022738066967,0.4440611138491868,163.59574468085106,1.0,145.20000000000002,False,兩邊都不具 primary 資格
P_IC_qb0of3__VOL_qb2of3__None__v0,—,—,0.0912816160512886,,,-0.33681174665221325,0.4140550807217474,117.14893617021276,1.0,106.0,False,兩邊都不具 primary 資格
EV_S_qb0of3__ACCRUAL_qb2of3__None__v0,EV_S_qb0,ACCRUAL_qb2,0.09123329500575039,0.10160886715511852,-0.010375572149368129,-0.272774314910464,0.4455766558591941,201.82978723404256,1.0,190.0,False,secondary 輸大盤太多；配對後退步過多
P_IC_qb0of3__CROIC_qb1of3__None__v0,—,—,0.0911525686451744,,,-0.27990452297065727,0.4358341559723593,200.61702127659575,1.0,171.6,False,兩邊都不具 primary 資格
P_IC_qb0of3__OCF_E_qb0of3__None__v0,—,—,0.09082232105505161,,,-0.30220176640760954,0.4497011952191235,229.31914893617022,1.0,214.0,False,兩邊都不具 primary 資格
ROE_qb0of3__CROIC_qb0of3__None__v0,—,—,0.09072839984874159,,,-0.3108193912404529,0.41362126245847175,231.08510638297872,1.0,205.0,False,兩邊都不具 primary 資格
EV_S_qb0of3__PS_qb0of3__None__v0,EV_S_qb0,PS_qb0,0.09069679801429742,0.10160886715511852,-0.010912069140821101,-0.25805998715189227,0.5030241935483871,468.531914893617,1.0,453.0,False,配對後退步過多
MOM_qb2of3__EPS_qb1of3__None__v0,MOM_qb2,EPS_qb1,0.09060039555911592,0.10205881692342578,-0.011458421364309856,-0.2735195548489404,0.4023037542662116,187.7659574468085,1.0,169.0,False,secondary 輸大盤太多；配對後退步過多
PB_qb1of3__EV_EBITDA_qb0of3__None__v0,—,—,0.09055717503342109,,,-0.2732957305395176,0.42727272727272725,188.12765957446808,1.0,176.0,False,兩邊都不具 primary 資格
PS_qb0of3__VOL_qb1of3__None__v0,—,—,0.09048064441135018,,,-0.2894784455364018,0.44375,213.0212765957447,1.0,199.0,False,兩邊都不具 primary 資格
PB_qb0of3__EPS_qb0of3__None__v0,—,—,0.0904452432396432,,,-0.2844417606967955,0.4792399718508093,243.25531914893617,1.0,230.0,False,兩邊都不具 primary 資格
PS_qb0of3__EV_EBITDA_qb0of3__None__v0,—,—,0.09042142699699673,,,-0.2634115899212641,0.4388157894736842,236.59574468085106,1.0,214.2,False,兩邊都不具 primary 資格
PB_qb0of3__ROIC_qb2of3__None__v0,—,—,0.09034971295433536,,,-0.2684707436104251,0.44844124700239807,84.36170212765957,1.0,68.0,False,兩邊都不具 primary 資格
REVENUE_qb0of3__OCF_E_qb0of3__None__v0,—,—,0.0901275289891359,,,-0.3107407356430677,0.43825538623226484,273.1276595744681,1.0,252.0,False,兩邊都不具 primary 資格
NETDEBT_EBITDA_qb0of3__ROE_qb2of3__None__v0,—,—,0.09012748764463963,,,-0.2624392226090204,0.46709129511677283,143.27659574468086,1.0,126.0,False,兩邊都不具 primary 資格
PB_qb0of3__OCF_E_qb0of3__None__v0,—,—,0.09001055105321432,,,-0.29879773362856554,0.446100347739692,214.7872340425532,1.0,200.0,False,兩邊都不具 primary 資格
EV_S_qb0of3__FCF_OI_qb2of3__None__v0,EV_S_qb0,FCF_OI_qb2,0.08989075353872522,0.10160886715511852,-0.0117181136163933,-0.2360057250055808,0.46743761412051127,142.9787234042553,1.0,129.0,False,secondary 輸大盤太多；配對後退步過多
EV_S_qb1of3__PB_qb0of3__None__v0,—,—,0.08967869313647281,,,-0.29278129928716357,0.46983311938382544,158.7659574468085,1.0,154.0,False,兩邊都不具 primary 資格
PS_qb0of3__ROIC_qb1of3__None__v0,—,—,0.08965643775889687,,,-0.25242346039939345,0.4570906877662812,253.87234042553192,1.0,233.0,False,兩邊都不具 primary 資格
PS_qb0of3__DEBTRATIO_qb1of3__None__v0,—,—,0.08956338466460045,,,-0.2593685069148006,0.45955451348182885,208.0,1.0,202.6,False,兩邊都不具 primary 資格
ROIC_qb0of3__CROIC_qb0of3__None__v0,—,—,0.08943189515619943,,,-0.30878096669874544,0.4170141784820684,236.29787234042553,1.0,208.0,False,兩邊都不具 primary 資格
REVENUE_qb0of3__OCF_E_qb2of3__None__v0,—,—,0.08936955884905551,,,-0.24690199807225277,0.4159566227730441,119.0,1.0,108.0,False,兩邊都不具 primary 資格
EV_EBITDA_qb0of3__CROIC_qb1of3__None__v0,—,—,0.08932139585328147,,,-0.29925617475809685,0.43644444444444447,187.91489361702128,1.0,174.0,False,兩邊都不具 primary 資格
OCF_E_qb2of3__ROE_qb2of3__None__v0,—,—,0.08930858490266913,,,-0.2608224129850154,0.44197256210604374,327.29787234042556,1.0,305.0,False,兩邊都不具 primary 資格
NETDEBT_EBITDA_qb1of3__OCF_E_qb2of3__None__v0,—,—,0.089175273871404,,,-0.2607524478107195,0.44675925925925924,260.25531914893617,1.0,250.0,False,兩邊都不具 primary 資格
EV_S_qb0of3__FCF_OI_qb1of3__None__v0,EV_S_qb0,FCF_OI_qb1,0.08910935428144584,0.10160886715511852,-0.01249951287367268,-0.2623909218581708,0.4328028293545535,267.1914893617021,1.0,257.0,False,配對後退步過多
NETDEBT_EBITDA_qb0of3__DEBTRATIO_qb1of3__None__v0,—,—,0.08897185377242867,,,-0.30355473025878366,0.45545796737766625,144.6595744680851,1.0,135.6,False,兩邊都不具 primary 資格
EPS_qb2of3__ROIC_qb0of3__None__v0,—,—,0.08893078155652434,,,-0.35662699985116164,0.3972602739726027,14.446808510638299,1.0,8.600000000000001,False,兩邊都不具 primary 資格
PS_qb0of3__DEBTRATIO_qb2of3__None__v0,—,—,0.08891995196065738,,,-0.27147711077346925,0.49712643678160917,304.3829787234043,1.0,292.0,False,兩邊都不具 primary 資格
P_IC_qb0of3__ROE_qb0of3__None__v0,—,—,0.08876197876871328,,,-0.2911619800657448,0.4945691527878349,248.68085106382978,1.0,237.8,False,兩邊都不具 primary 資格
PB_qb1of3__EPS_qb2of3__None__v0,—,—,0.0887030119685599,,,-0.2477030492641873,0.44203502919099247,192.19148936170214,1.0,174.0,False,兩邊都不具 primary 資格
EV_EBITDA_qb0of3__None__None__v0,EV_EBITDA_qb0,（空集合）,0.08852766376889343,0.08852766376889343,0.0,-0.2743716041145762,0.4479623824451411,590.531914893617,1.0,587.0,False,primary 單獨不夠強
PB_qb0of3__VOL_qb1of3__None__v0,—,—,0.08843848508744823,,,-0.30393640237905006,0.4386328327291559,207.5744680851064,1.0,188.0,False,兩邊都不具 primary 資格
VOL_qb0of3__DEBTRATIO_qb2of3__None__v0,—,—,0.08835510445842698,,,-0.20407216248522997,0.5031055900621118,210.4255319148936,1.0,201.8,False,兩邊都不具 primary 資格
MOM_qb2of3__CROIC_qb1of3__None__v0,MOM_qb2,CROIC_qb1,0.08812371036783628,0.10205881692342578,-0.013935106555589494,-0.3007724032711355,0.4105720492396814,203.63829787234042,1.0,192.6,False,secondary 輸大盤太多；配對後退步過多
EV_EBITDA_qb0of3__DEBTRATIO_qb1of3__None__v0,—,—,0.0880338276441337,,,-0.2717856443557022,0.4487908961593172,176.93617021276594,1.0,165.0,False,兩邊都不具 primary 資格
DEBTRATIO_qb0of3__REVENUE_qb0of3__None__v0,—,—,0.08783598878389487,,,-0.2764425244614134,0.48987108655616945,301.3191489361702,1.0,292.0,False,兩邊都不具 primary 資格
EV_S_qb0of3__OCF_E_qb2of3__None__v0,EV_S_qb0,OCF_E_qb2,0.08779663150213324,0.10160886715511852,-0.013812235652985283,-0.24710898205489695,0.4524245196706313,229.48936170212767,1.0,209.0,False,配對後退步過多
P_IC_qb0of3__PS_qb2of3__None__v0,—,—,0.08779348137797682,,,-0.26796021334421816,0.4481792717086835,102.63829787234043,1.0,96.0,False,兩邊都不具 primary 資格
VOL_qb0of3__ROE_qb2of3__None__v0,—,—,0.08748010410869744,,,-0.17764464592037943,0.4701348747591522,185.31914893617022,1.0,158.0,False,兩邊都不具 primary 資格
VOL_qb0of3__OCF_E_qb0of3__None__v0,—,—,0.08731686729540145,,,-0.23088868089542236,0.46708313310908217,173.82978723404256,1.0,147.0,False,兩邊都不具 primary 資格
PB_qb1of3__ACCRUAL_qb2of3__None__v0,—,—,0.08731485512330606,,,-0.29150988660542065,0.44608977325312354,199.68085106382978,1.0,186.2,False,兩邊都不具 primary 資格
NETDEBT_EBITDA_qb0of3__VOL_qb0of3__None__v0,—,—,0.08729263375942353,,,-0.20104032889097845,0.49554655870445347,183.10638297872342,1.0,168.0,False,兩邊都不具 primary 資格
PB_qb0of3__VOL_qb0of3__None__v0,—,—,0.08724775157612652,,,-0.22500205573878407,0.5183137525915688,278.9574468085106,1.0,248.8,False,兩邊都不具 primary 資格
P_IC_qb0of3__DEBTRATIO_qb0of3__None__v0,—,—,0.08716515987190965,,,-0.2877842539922597,0.5228215767634855,74.34042553191489,1.0,68.0,False,兩邊都不具 primary 資格
PS_qb0of3__None__None__v0,PS_qb0,（空集合）,0.0871062861624019,0.0871062861624019,0.0,-0.26062993834019677,0.5176876617773943,594.4042553191489,1.0,591.0,False,primary 單獨不夠強
DEBTRATIO_qb0of3__ROIC_qb0of3__None__v0,—,—,0.0870666970357783,,,-0.30861980289351765,0.4658511722731906,190.68085106382978,1.0,168.0,False,兩邊都不具 primary 資格
PB_qb0of3__ACCRUAL_qb0of3__None__v0,—,—,0.08691350480188653,,,-0.2608545287032332,0.4427645788336933,180.06382978723406,1.0,159.0,False,兩邊都不具 primary 資格
EV_EBITDA_qb0of3__REV_G_qb2of3__None__v0,—,—,0.0868197914376172,,,-0.3117451915671767,0.4366028708133971,181.19148936170214,1.0,159.0,False,兩邊都不具 primary 資格
EV_EBITDA_qb0of3__FCF_OI_qb0of3__None__v0,—,—,0.08667652404746073,,,-0.2841271369296654,0.42683456361267913,219.6595744680851,1.0,209.0,False,兩邊都不具 primary 資格
MOM_qb2of3__FCF_OI_qb2of3__None__v0,MOM_qb2,FCF_OI_qb2,0.08649759703521442,0.10205881692342578,-0.015561219888211353,-0.2523965061878878,0.43709118891881493,190.19148936170214,1.0,173.0,False,secondary 輸大盤太多；配對後退步過多
EPS_qb2of3__OCF_E_qb2of3__None__v0,—,—,0.08648421008776208,,,-0.2618554685180642,0.43899422918384173,306.1276595744681,1.0,290.0,False,兩邊都不具 primary 資格
MOM_qb1of3__PB_qb0of3__None__v0,—,—,0.08634227329833699,,,-0.2596449075401106,0.4827272727272727,234.4255319148936,1.0,218.0,False,兩邊都不具 primary 資格
ACCRUAL_qb0of3__ROE_qb2of3__None__v0,—,—,0.08633309944103984,,,-0.2565891193219373,0.4524351388256714,191.0212765957447,1.0,163.8,False,兩邊都不具 primary 資格
EV_S_qb0of3__FCF_P_qb2of3__None__v0,EV_S_qb0,FCF_P_qb2,0.0862936674028103,0.10160886715511852,-0.015315199752308217,-0.2517250594051371,0.449438202247191,232.61702127659575,1.0,189.0,False,secondary 輸大盤太多；配對後退步過多
PB_qb1of3__PS_qb0of3__None__v0,—,—,0.08620779491992336,,,-0.27438240042850437,0.45217391304347826,202.89361702127658,1.0,187.0,False,兩邊都不具 primary 資格
PB_qb1of3__P_IC_qb0of3__None__v0,—,—,0.08618791182294738,,,-0.3038241222562079,0.4544,122.38297872340425,1.0,112.0,False,兩邊都不具 primary 資格
EV_S_qb0of3__ACCRUAL_qb0of3__None__v0,EV_S_qb0,ACCRUAL_qb0,0.08615597994633428,0.10160886715511852,-0.015452887208784238,-0.25804883540523527,0.45309734513274336,216.9787234042553,1.0,210.0,False,secondary 輸大盤太多；配對後退步過多
PB_qb0of3__OCF_E_qb2of3__None__v0,—,—,0.08611232973235872,,,-0.240903722079704,0.4454664914586071,144.51063829787233,1.0,125.0,False,兩邊都不具 primary 資格
PB_qb0of3__DEBTRATIO_qb1of3__None__v0,—,—,0.08595705413613186,,,-0.27970350072224137,0.5264847512038523,195.29787234042553,1.0,188.0,False,兩邊都不具 primary 資格
EV_S_qb0of3__ROE_qb0of3__None__v0,EV_S_qb0,ROE_qb0,0.0857833424278136,0.10160886715511852,-0.015825524727304918,-0.3093118999162785,0.48653846153846153,150.19148936170214,1.0,142.0,False,配對後退步過多
P_IC_qb1of3__DEBTRATIO_qb0of3__None__v0,—,—,0.08555424368752407,,,-0.2773262736177353,0.4783216783216783,199.40425531914894,1.0,184.0,False,兩邊都不具 primary 資格
EV_EBITDA_qb0of3__OCF_E_qb2of3__None__v0,—,—,0.08553447918513535,,,-0.24452017003744786,0.4561869357408391,182.36170212765958,1.0,164.0,False,兩邊都不具 primary 資格
PS_qb0of3__REV_G_qb0of3__None__v0,—,—,0.08537757141996694,,,-0.25556626664382376,0.46759639048400325,168.06382978723406,1.0,150.0,False,兩邊都不具 primary 資格
PB_qb0of3__VOL_qb2of3__None__v0,—,—,0.08528696340658426,,,-0.31824772487401964,0.4005876591576885,106.82978723404256,1.0,93.2,False,兩邊都不具 primary 資格
NETDEBT_EBITDA_qb0of3__None__None__v0,NETDEBT_EBITDA_qb0,（空集合）,0.08527789409546527,0.08527789409546527,0.0,-0.27685125117192255,0.4991869918699187,591.0851063829788,1.0,587.0,False,primary 單獨不夠強
PS_qb1of3__DEBTRATIO_qb0of3__None__v0,—,—,0.08523934375955822,,,-0.2602855749891003,0.45219347581552305,198.95744680851064,1.0,187.0,False,兩邊都不具 primary 資格
PB_qb1of3__DEBTRATIO_qb2of3__None__v0,—,—,0.08509788769136684,,,-0.29598859504964425,0.4397076735688185,186.93617021276594,1.0,180.0,False,兩邊都不具 primary 資格
PB_qb0of3__ROIC_qb1of3__None__v0,—,—,0.08494152279260403,,,-0.2551027860484202,0.4536256323777403,258.36170212765956,1.0,237.20000000000002,False,兩邊都不具 primary 資格
PS_qb0of3__FCF_P_qb1of3__None__v0,—,—,0.08489651460160141,,,-0.25495153855712305,0.4371830985915493,151.93617021276594,1.0,123.6,False,兩邊都不具 primary 資格
PB_qb0of3__REVENUE_qb1of3__None__v0,—,—,0.08473831134389598,,,-0.2646690897253442,0.49919743178170145,199.08510638297872,1.0,191.0,False,兩邊都不具 primary 資格
EV_S_qb0of3__CROIC_qb2of3__None__v0,EV_S_qb0,CROIC_qb2,0.08461149387156852,0.10160886715511852,-0.01699737328355,-0.2445765932782501,0.45305378304466726,194.0,1.0,169.0,False,secondary 輸大盤太多；配對後退步過多
P_IC_qb1of3__ROE_qb2of3__None__v0,—,—,0.084581452830647,,,-0.25416761265899745,0.4389705882352941,190.6595744680851,1.0,180.20000000000002,False,兩邊都不具 primary 資格
PB_qb0of3__ACCRUAL_qb2of3__None__v0,—,—,0.0844855297787348,,,-0.3031079838064744,0.4356589147286822,186.63829787234042,1.0,174.0,False,兩邊都不具 primary 資格
PS_qb0of3__REVENUE_qb1of3__None__v0,—,—,0.08434032480358367,,,-0.2582968311066327,0.4815361890694239,211.7659574468085,1.0,201.0,False,兩邊都不具 primary 資格
P_IC_qb0of3__ROIC_qb0of3__None__v0,—,—,0.08430697154533395,,,-0.284467320213855,0.4931224209078404,265.6808510638298,1.0,239.8,False,兩邊都不具 primary 資格
DEBTRATIO_qb2of3__OCF_E_qb2of3__None__v0,—,—,0.08420336824401553,,,-0.2632015228995048,0.43883110450718177,235.27659574468086,1.0,222.0,False,兩邊都不具 primary 資格
EV_EBITDA_qb0of3__CROIC_qb0of3__None__v0,—,—,0.08419097467775205,,,-0.27882763480171224,0.42200257842715944,220.3404255319149,1.0,209.0,False,兩邊都不具 primary 資格
PS_qb0of3__OCF_E_qb2of3__None__v0,—,—,0.08402802776298812,,,-0.2544041814063498,0.43569794050343247,233.10638297872342,1.0,207.0,False,兩邊都不具 primary 資格
ACCRUAL_qb0of3__EPS_qb2of3__None__v0,—,—,0.0839186678491537,,,-0.258971403045809,0.4594470046082949,191.06382978723406,1.0,167.0,False,兩邊都不具 primary 資格
MOM_qb1of3__EV_S_qb0of3__None__v0,EV_S_qb0,MOM_qb1,0.08384042293479643,0.10160886715511852,-0.017768444220322088,-0.24235527014063007,0.5018744142455482,215.6595744680851,1.0,195.0,False,secondary 輸大盤太多；配對後退步過多
P_IC_qb0of3__ROIC_qb1of3__None__v0,—,—,0.08383238924089298,,,-0.2591801879624521,0.45988372093023255,265.1063829787234,1.0,239.0,False,兩邊都不具 primary 資格
NETDEBT_EBITDA_qb1of3__REVENUE_qb0of3__None__v0,—,—,0.08377019162900057,,,-0.2537195942386491,0.4307692307692308,134.72340425531914,1.0,128.0,False,兩邊都不具 primary 資格
EV_S_qb0of3__FCF_OI_qb0of3__None__v0,EV_S_qb0,FCF_OI_qb0,0.0837634729453689,0.10160886715511852,-0.01784539420974962,-0.2721164542841523,0.43959390862944164,180.36170212765958,1.0,163.0,False,secondary 輸大盤太多；配對後退步過多
EV_EBITDA_qb0of3__ROE_qb1of3__None__v0,—,—,0.0836685363723928,,,-0.22072513096737945,0.4548736462093863,130.08510638297872,1.0,96.60000000000001,False,兩邊都不具 primary 資格
MOM_qb2of3__OCF_E_qb1of3__None__v0,MOM_qb2,OCF_E_qb1,0.0836607277078869,0.10205881692342578,-0.01839808921553887,-0.27153133739413104,0.4215493511600472,187.29787234042553,1.0,178.0,False,secondary 輸大盤太多；配對後退步過多
FCF_OI_qb0of3__ROE_qb0of3__None__v0,—,—,0.0836560032378666,,,-0.31167835835641033,0.41195876288659794,235.72340425531914,1.0,219.8,False,兩邊都不具 primary 資格
DEBTRATIO_qb2of3__None__None__v0,DEBTRATIO_qb2,（空集合）,0.08354313261061042,0.08354313261061042,0.0,-0.2788745998739621,0.4766619519094767,595.4042553191489,1.0,592.0,False,primary 單獨不夠強
P_IC_qb1of3__OCF_E_qb0of3__None__v0,—,—,0.08350402780652444,,,-0.3071179645402421,0.4311157674174961,187.51063829787233,1.0,174.2,False,兩邊都不具 primary 資格
FCF_OI_qb0of3__ROIC_qb0of3__None__v0,—,—,0.08349584568329416,,,-0.31094168642645825,0.416597510373444,241.19148936170214,1.0,221.6,False,兩邊都不具 primary 資格
REVENUE_qb0of3__REV_G_qb2of3__None__v0,—,—,0.08344989437891814,,,-0.3142350784155208,0.39869281045751637,180.25531914893617,1.0,169.0,False,兩邊都不具 primary 資格
P_IC_qb0of3__ACCRUAL_qb2of3__None__v0,—,—,0.0833551873643179,,,-0.30639363735034075,0.44537815126050423,194.7659574468085,1.0,181.0,False,兩邊都不具 primary 資格
REVENUE_qb0of3__OCF_E_qb1of3__None__v0,—,—,0.08311986398932625,,,-0.2710709158080913,0.4246498599439776,202.27659574468086,1.0,184.4,False,兩邊都不具 primary 資格
DEBTRATIO_qb0of3__ROE_qb0of3__None__v0,—,—,0.08301609143694821,,,-0.30472295088043433,0.45320197044334976,210.10638297872342,1.0,201.0,False,兩邊都不具 primary 資格
DEBTRATIO_qb2of3__REV_G_qb2of3__None__v0,—,—,0.0828132864729576,,,-0.31779874175481626,0.4313005143277002,221.72340425531914,1.0,192.0,False,兩邊都不具 primary 資格
P_IC_qb0of3__OCF_E_qb2of3__None__v0,—,—,0.08278700566658781,,,-0.2427620140030362,0.4499411071849234,175.9787234042553,1.0,155.0,False,兩邊都不具 primary 資格
PB_qb0of3__EPS_qb1of3__None__v0,—,—,0.08271887026056479,,,-0.2504627621841492,0.4441193680514921,241.59574468085106,1.0,223.0,False,兩邊都不具 primary 資格
MOM_qb2of3__ROE_qb1of3__None__v0,MOM_qb2,ROE_qb1,0.08265906281317958,0.10205881692342578,-0.019399754110246192,-0.2776812529887961,0.4145408163265306,179.4255319148936,1.0,155.0,False,secondary 輸大盤太多；配對後退步過多
FCF_P_qb0of3__ROE_qb0of3__None__v0,—,—,0.08262011087125765,,,-0.3091328703689058,0.414020618556701,233.80851063829786,1.0,206.0,False,兩邊都不具 primary 資格
EV_S_qb0of3__FCF_P_qb0of3__None__v0,EV_S_qb0,FCF_P_qb0,0.08252415938908775,0.10160886715511852,-0.019084707766030773,-0.2752024304622652,0.43668341708542713,198.93617021276594,1.0,159.60000000000002,False,secondary 輸大盤太多；配對後退步過多
VOL_qb0of3__ACCRUAL_qb2of3__None__v0,—,—,0.08248059849638789,,,-0.21995291066253153,0.4588801399825022,187.63829787234042,1.0,169.0,False,兩邊都不具 primary 資格
EV_S_qb0of3__ACCRUAL_qb1of3__None__v0,EV_S_qb0,ACCRUAL_qb1,0.08236602645001656,0.10160886715511852,-0.01924284070510196,-0.24324605323029536,0.4393530997304582,171.72340425531914,1.0,162.0,False,secondary 輸大盤太多；配對後退步過多
P_IC_qb1of3__PS_qb2of3__None__v0,—,—,0.08232003687973655,,,-0.31470246305448135,0.441025641025641,115.97872340425532,1.0,109.0,False,兩邊都不具 primary 資格
P_IC_qb1of3__VOL_qb0of3__None__v0,—,—,0.082250513735042,,,-0.21396767513003268,0.47897196261682246,196.7659574468085,1.0,186.0,False,兩邊都不具 primary 資格
PB_qb1of3__FCF_OI_qb1of3__None__v0,—,—,0.08219291357495995,,,-0.2597085375442949,0.4384858044164038,210.14893617021278,1.0,203.0,False,兩邊都不具 primary 資格
ROIC_qb0of3__FCF_P_qb0of3__None__v0,—,—,0.08215049535100172,,,-0.3075868956971084,0.41932807963500623,238.08510638297872,1.0,217.0,False,兩邊都不具 primary 資格
NETDEBT_EBITDA_qb0of3__REV_G_qb0of3__None__v0,—,—,0.08209740876312543,,,-0.2842857997425011,0.47467036780013877,235.2127659574468,1.0,216.0,False,兩邊都不具 primary 資格
DEBTRATIO_qb2of3__FCF_OI_qb1of3__None__v0,—,—,0.08207747832971468,,,-0.2926564111878205,0.4206703910614525,195.0,1.0,172.0,False,兩邊都不具 primary 資格
DEBTRATIO_qb2of3__CROIC_qb1of3__None__v0,—,—,0.08204349530170063,,,-0.2827315107022227,0.4289419087136929,191.04255319148936,1.0,155.0,False,兩邊都不具 primary 資格
ACCRUAL_qb2of3__REVENUE_qb0of3__None__v0,—,—,0.08188531910855423,,,-0.3143781149235557,0.42204164550533263,198.82978723404256,1.0,180.0,False,兩邊都不具 primary 資格
PB_qb0of3__ACCRUAL_qb1of3__None__v0,—,—,0.08176154561937365,,,-0.26056702157600653,0.43497320993667804,227.70212765957447,1.0,209.0,False,兩邊都不具 primary 資格
EV_S_qb0of3__ROIC_qb0of3__None__v0,EV_S_qb0,ROIC_qb0,0.08174093016706796,0.10160886715511852,-0.01986793698805056,-0.29562927275541295,0.4795158286778399,157.46808510638297,1.0,150.0,False,配對後退步過多
OCF_E_qb0of3__CROIC_qb0of3__None__v0,—,—,0.08171258487172017,,,-0.3219460149887977,0.4241187384044527,228.7659574468085,1.0,216.0,False,兩邊都不具 primary 資格
P_IC_qb1of3__DEBTRATIO_qb1of3__None__v0,—,—,0.08167660089032647,,,-0.266536281005908,0.4497652582159624,241.7872340425532,1.0,230.8,False,兩邊都不具 primary 資格
PS_qb2of3__DEBTRATIO_qb2of3__None__v0,—,—,0.08167274853935425,,,-0.2972332348551818,0.4419475655430712,137.9787234042553,1.0,130.0,False,兩邊都不具 primary 資格
MOM_qb2of3__NETDEBT_EBITDA_qb2of3__None__v0,MOM_qb2,NETDEBT_EBITDA_qb2,0.08159416207899306,0.10205881692342578,-0.020464654844432717,-0.3260516046838725,0.3682364729458918,184.2340425531915,1.0,153.0,False,secondary 輸大盤太多；配對後退步過多
PS_qb0of3__FCF_OI_qb2of3__None__v0,—,—,0.08157962248879969,,,-0.24941809373597523,0.46172393007836043,136.5744680851064,1.0,105.2,False,兩邊都不具 primary 資格
P_IC_qb0of3__EPS_qb0of3__None__v0,—,—,0.0815794429784733,,,-0.2859403928327504,0.4805575935436537,244.10638297872342,1.0,235.0,False,兩邊都不具 primary 資格
MOM_qb2of3__REVENUE_qb1of3__None__v0,MOM_qb2,REVENUE_qb1,0.08152459713931637,0.10205881692342578,-0.02053421978410941,-0.2700241939573581,0.3776091081593928,190.3404255319149,1.0,180.0,False,secondary 輸大盤太多；配對後退步過多
EV_EBITDA_qb0of3__ACCRUAL_qb0of3__None__v0,—,—,0.08150954472244498,,,-0.27156503266575815,0.4316872427983539,224.29787234042553,1.0,207.0,False,兩邊都不具 primary 資格
P_IC_qb1of3__ROIC_qb2of3__None__v0,—,—,0.08150779252489682,,,-0.25575817965644565,0.4242002781641168,206.14893617021278,1.0,191.0,False,兩邊都不具 primary 資格
PS_qb1of3__ROE_qb2of3__None__v0,—,—,0.08141683457485582,,,-0.2508912738707192,0.4345696291112666,226.40425531914894,1.0,217.4,False,兩邊都不具 primary 資格
ACCRUAL_qb1of3__ROE_qb2of3__None__v0,—,—,0.0814144234630636,,,-0.25891744932971417,0.44321049974760224,169.4468085106383,1.0,157.2,False,兩邊都不具 primary 資格
PS_qb0of3__FCF_P_qb2of3__None__v0,—,—,0.08134837071971135,,,-0.26060987449745054,0.44849699398797593,237.85106382978722,1.0,205.0,False,兩邊都不具 primary 資格
REV_G_qb0of3__OCF_E_qb2of3__None__v0,—,—,0.08133133187894304,,,-0.2614265120511652,0.4464864864864865,157.38297872340425,1.0,147.4,False,兩邊都不具 primary 資格
ACCRUAL_qb0of3__REVENUE_qb0of3__None__v0,—,—,0.08129265845573119,,,-0.26317037555180844,0.4177282377919321,192.59574468085106,1.0,174.0,False,兩邊都不具 primary 資格
P_IC_qb0of3__DEBTRATIO_qb1of3__None__v0,—,—,0.08124727268271381,,,-0.2829476038580311,0.5229357798165137,164.91489361702128,1.0,159.0,False,兩邊都不具 primary 資格
REVENUE_qb2of3__ROE_qb2of3__None__v0,—,—,0.0811053707551348,,,-0.2738743287747536,0.36496980155306297,282.29787234042556,1.0,260.0,False,兩邊都不具 primary 資格
NETDEBT_EBITDA_qb1of3__EV_EBITDA_qb0of3__None__v0,—,—,0.08106196553844125,,,-0.24705290614786413,0.451949860724234,215.4468085106383,1.0,204.6,False,兩邊都不具 primary 資格
PB_qb1of3__REV_G_qb1of3__None__v0,—,—,0.08106147617600934,,,-0.23983144474206597,0.4553812871822607,208.61702127659575,1.0,201.8,False,兩邊都不具 primary 資格
NETDEBT_EBITDA_qb1of3__EPS_qb0of3__None__v0,—,—,0.08093487612906936,,,-0.2837654785712437,0.42754662840746055,91.17021276595744,1.0,77.0,False,兩邊都不具 primary 資格
NETDEBT_EBITDA_qb0of3__CROIC_qb1of3__None__v0,—,—,0.08084602052328949,,,-0.2943651163431311,0.4303201506591337,210.74468085106383,1.0,184.8,False,兩邊都不具 primary 資格
PB_qb0of3__FCF_OI_qb2of3__None__v0,—,—,0.0807901021841455,,,-0.24220555621588946,0.4631690514043455,188.31914893617022,1.0,162.0,False,兩邊都不具 primary 資格
FCF_OI_qb1of3__REV_G_qb0of3__None__v0,—,—,0.08073138908091981,,,-0.2583242524799775,0.437984496124031,172.2127659574468,1.0,156.6,False,兩邊都不具 primary 資格
EV_S_qb0of3__CROIC_qb0of3__None__v0,EV_S_qb0,CROIC_qb0,0.08067099089233598,0.10160886715511852,-0.02093787626278254,-0.27781199962087966,0.43126272912423624,189.0,1.0,163.6,False,secondary 輸大盤太多；配對後退步過多
P_IC_qb0of3__VOL_qb0of3__None__v0,—,—,0.08056481137633242,,,-0.22005185073216582,0.5032727272727273,269.17021276595744,1.0,248.0,False,兩邊都不具 primary 資格
REVENUE_qb0of3__FCF_P_qb2of3__None__v0,—,—,0.08046325364670603,,,-0.2799449984549568,0.42352291551628934,159.48936170212767,1.0,127.0,False,兩邊都不具 primary 資格
NETDEBT_EBITDA_qb0of3__EPS_qb2of3__None__v0,—,—,0.08043598648801709,,,-0.2595356227330361,0.45210280373831774,151.70212765957447,1.0,137.8,False,兩邊都不具 primary 資格
NETDEBT_EBITDA_qb1of3__ACCRUAL_qb0of3__None__v0,—,—,0.08043148414218848,,,-0.2601608707774453,0.4399269072635907,205.36170212765958,1.0,191.20000000000002,False,兩邊都不具 primary 資格
DEBTRATIO_qb2of3__ROIC_qb1of3__None__v0,—,—,0.08033914613903326,,,-0.2839916433340399,0.4375812743823147,228.31914893617022,1.0,214.0,False,兩邊都不具 primary 資格
PB_qb1of3__None__None__v0,PB_qb1,（空集合）,0.08030521537285096,0.08030521537285096,0.0,-0.27096900976161975,0.45735217163788594,594.5744680851063,1.0,591.0,False,primary 單獨不夠強
P_IC_qb0of3__PS_qb1of3__None__v0,—,—,0.08022580046554428,,,-0.28658829050727264,0.44804318488529016,132.04255319148936,1.0,121.6,False,兩邊都不具 primary 資格
PS_qb0of3__REV_G_qb2of3__None__v0,—,—,0.08021194848425428,,,-0.2982925184544196,0.41654879773691655,192.7659574468085,1.0,183.0,False,兩邊都不具 primary 資格
NETDEBT_EBITDA_qb1of3__ROE_qb0of3__None__v0,—,—,0.08011146759627974,,,-0.2806079615963928,0.4429882044560944,98.46808510638297,1.0,89.2,False,兩邊都不具 primary 資格
EV_S_qb0of3__EV_EBITDA_qb1of3__None__v0,EV_S_qb0,EV_EBITDA_qb1,0.0800655611896024,0.10160886715511852,-0.021543305965516124,-0.2576446184159351,0.4326113116726835,216.27659574468086,1.0,191.0,False,配對後退步過多
FCF_OI_qb1of3__FCF_P_qb2of3__None__v0,—,—,0.08005394755134998,,,-0.2968418009387679,0.41133816743572843,108.97872340425532,1.0,63.0,False,兩邊都不具 primary 資格
NETDEBT_EBITDA_qb0of3__REV_G_qb2of3__None__v0,—,—,0.08000465927410483,,,-0.3083498687160996,0.41773162939297126,168.0,1.0,156.0,False,兩邊都不具 primary 資格
NETDEBT_EBITDA_qb1of3__REVENUE_qb2of3__None__v0,—,—,0.07998559019397034,,,-0.2700923702773319,0.3788098693759071,242.82978723404256,1.0,230.0,False,兩邊都不具 primary 資格
REV_G_qb0of3__ROIC_qb0of3__None__v0,—,—,0.07997023968571693,,,-0.2798418319469459,0.43243243243243246,294.6170212765957,1.0,279.0,False,兩邊都不具 primary 資格
PS_qb0of3__EPS_qb1of3__None__v0,—,—,0.07992067356524579,,,-0.2546557797756901,0.44239338001273076,227.0212765957447,1.0,214.0,False,兩邊都不具 primary 資格
REV_G_qb0of3__FCF_P_qb1of3__None__v0,—,—,0.0798498170458044,,,-0.26357945396805593,0.4372236958443855,188.5531914893617,1.0,172.0,False,兩邊都不具 primary 資格
REVENUE_qb2of3__EPS_qb2of3__None__v0,—,—,0.07976047781164763,,,-0.27833447652475596,0.33438818565400846,311.3404255319149,1.0,297.2,False,兩邊都不具 primary 資格
PB_qb1of3__ROIC_qb2of3__None__v0,—,—,0.07975100512037514,,,-0.24639595348317278,0.4289732770745429,202.59574468085106,1.0,193.0,False,兩邊都不具 primary 資格
PB_qb0of3__CROIC_qb0of3__None__v0,—,—,0.07973412189579698,,,-0.2934959615605278,0.4233890214797136,211.9787234042553,1.0,201.2,False,兩邊都不具 primary 資格
VOL_qb0of3__EPS_qb2of3__None__v0,—,—,0.0796784154848631,,,-0.18401444436958192,0.46101231190150477,191.9787234042553,1.0,171.0,False,兩邊都不具 primary 資格
P_IC_qb0of3__ACCRUAL_qb0of3__None__v0,—,—,0.07967738921164602,,,-0.2592256641415688,0.43902439024390244,185.4468085106383,1.0,173.0,False,兩邊都不具 primary 資格
NETDEBT_EBITDA_qb0of3__ACCRUAL_qb1of3__None__v0,—,—,0.07963439411027995,,,-0.2696840044629629,0.4257575757575758,199.4255319148936,1.0,188.0,False,兩邊都不具 primary 資格
REV_G_qb0of3__ROE_qb0of3__None__v0,—,—,0.07953773436065359,,,-0.2820743511033553,0.4330232558139535,300.6170212765957,1.0,287.0,False,兩邊都不具 primary 資格
ROIC_qb2of3__OCF_E_qb2of3__None__v0,—,—,0.07950940346844537,,,-0.2665689345039657,0.4302147239263804,308.40425531914894,1.0,288.6,False,兩邊都不具 primary 資格
P_IC_qb1of3__None__None__v0,P_IC_qb1,（空集合）,0.07948213593383202,0.07948213593383202,0.0,-0.2769251385433875,0.4630541871921182,594.531914893617,1.0,591.0,False,primary 單獨不夠強
NETDEBT_EBITDA_qb1of3__REV_G_qb2of3__None__v0,—,—,0.07933196492923655,,,-0.299544300455278,0.40492307692307694,227.2127659574468,1.0,211.0,False,兩邊都不具 primary 資格
EV_S_qb0of3__ROE_qb1of3__None__v0,EV_S_qb0,ROE_qb1,0.07920539671599891,0.10160886715511852,-0.02240347043911961,-0.2533698196107391,0.4609756097560976,234.46808510638297,1.0,224.6,False,secondary 輸大盤太多；配對後退步過多
FCF_OI_qb1of3__ROE_qb2of3__None__v0,—,—,0.0791650564525963,,,-0.2619890788272279,0.4504576203740549,231.51063829787233,1.0,189.0,False,兩邊都不具 primary 資格
P_IC_qb0of3__FCF_OI_qb2of3__None__v0,—,—,0.07906307474226582,,,-0.24920505312059016,0.45765563656758274,188.95744680851064,1.0,163.0,False,兩邊都不具 primary 資格
EPS_qb0of3__CROIC_qb0of3__None__v0,—,—,0.07902078456478279,,,-0.31970905718960785,0.4103734439834025,228.80851063829786,1.0,199.0,False,兩邊都不具 primary 資格
EPS_qb1of3__REV_G_qb2of3__None__v0,—,—,0.07892482829081837,,,-0.2943805391806418,0.4103648863035431,189.89361702127658,1.0,183.0,False,兩邊都不具 primary 資格
EV_S_qb1of3__P_IC_qb0of3__None__v0,—,—,0.07884126973792838,,,-0.29952943528846376,0.4663805436337625,151.85106382978722,1.0,147.0,False,兩邊都不具 primary 資格
PS_qb0of3__VOL_qb0of3__None__v0,—,—,0.07880183157287424,,,-0.21388988255794072,0.4881615598885794,234.14893617021278,1.0,210.8,False,兩邊都不具 primary 資格
ROE_qb2of3__CROIC_qb1of3__None__v0,—,—,0.07868905923193203,,,-0.2649308143831838,0.4554585152838428,187.3404255319149,1.0,148.0,False,兩邊都不具 primary 資格
PB_qb0of3__OCF_E_qb1of3__None__v0,—,—,0.07854495875716427,,,-0.26775441021892,0.44047010730710273,235.10638297872342,1.0,222.0,False,兩邊都不具 primary 資格
PS_qb1of3__FCF_P_qb1of3__None__v0,—,—,0.0784192073677985,,,-0.2601940183774114,0.43871252204585537,199.5744680851064,1.0,186.0,False,兩邊都不具 primary 資格
EPS_qb2of3__REV_G_qb0of3__None__v0,—,—,0.07839395993476761,,,-0.2596060811503734,0.47149321266968325,115.12765957446808,1.0,100.80000000000001,False,兩邊都不具 primary 資格
REVENUE_qb0of3__EPS_qb1of3__None__v0,—,—,0.07838272089318665,,,-0.2761111848499681,0.42609351432880843,187.0,1.0,172.0,False,兩邊都不具 primary 資格
MOM_qb2of3__FCF_P_qb1of3__None__v0,MOM_qb2,FCF_P_qb1,0.07819484211141892,0.10205881692342578,-0.02386397481200686,-0.28958359865397987,0.40914158305462656,202.5744680851064,1.0,184.0,False,secondary 輸大盤太多；配對後退步過多
P_IC_qb0of3__REVENUE_qb1of3__None__v0,—,—,0.07803221422142848,,,-0.271403133294718,0.5023547880690737,192.63829787234042,1.0,185.8,False,兩邊都不具 primary 資格
NETDEBT_EBITDA_qb1of3__None__None__v0,NETDEBT_EBITDA_qb1,（空集合）,0.07798780327380639,0.07798780327380639,0.0,-0.2674244892727422,0.396078431372549,591.2553191489362,1.0,587.0,False,primary 單獨不夠強
P_IC_qb0of3__VOL_qb1of3__None__v0,—,—,0.07797131635729015,,,-0.3086695683814322,0.4342458400429415,207.2127659574468,1.0,192.0,False,兩邊都不具 primary 資格
PS_qb0of3__CROIC_qb1of3__None__v0,—,—,0.07796228130750027,,,-0.2670156396210025,0.43191196698762035,208.9787234042553,1.0,191.0,False,兩邊都不具 primary 資格
PS_qb0of3__OCF_E_qb0of3__None__v0,—,—,0.07787661073638552,,,-0.3050512653091668,0.44831064044377206,192.74468085106383,1.0,172.20000000000002,False,兩邊都不具 primary 資格
PS_qb0of3__ACCRUAL_qb1of3__None__v0,—,—,0.0778242068925048,,,-0.24655618608750673,0.4202819956616052,170.0,1.0,156.0,False,兩邊都不具 primary 資格
EV_EBITDA_qb0of3__OCF_E_qb0of3__None__v0,—,—,0.07772033102175668,,,-0.30983175066202795,0.4325195762321511,251.27659574468086,1.0,221.0,False,兩邊都不具 primary 資格
EV_EBITDA_qb0of3__ACCRUAL_qb2of3__None__v0,—,—,0.07768689917960048,,,-0.2985057146027926,0.43656015037593987,180.93617021276594,1.0,164.0,False,兩邊都不具 primary 資格
EV_EBITDA_qb0of3__ROE_qb0of3__None__v0,—,—,0.07767214786383492,,,-0.31676354302625653,0.43782117163412126,291.17021276595744,1.0,251.0,False,兩邊都不具 primary 資格
NETDEBT_EBITDA_qb0of3__ROIC_qb2of3__None__v0,—,—,0.07765528833180046,,,-0.25950018993124446,0.4461805555555556,183.72340425531914,1.0,158.0,False,兩邊都不具 primary 資格
PS_qb1of3__REV_G_qb2of3__None__v0,—,—,0.07755544254266078,,,-0.303942011917928,0.4083281541330019,198.0212765957447,1.0,188.0,False,兩邊都不具 primary 資格
REV_G_qb0of3__OCF_E_qb0of3__None__v0,—,—,0.0775359299934335,,,-0.27687574192003184,0.4325795644891122,235.46808510638297,1.0,218.0,False,兩邊都不具 primary 資格
PB_qb1of3__DEBTRATIO_qb1of3__None__v0,—,—,0.07751828717277309,,,-0.26725943047955414,0.446360153256705,211.3404255319149,1.0,202.6,False,兩邊都不具 primary 資格
PS_qb0of3__CROIC_qb2of3__None__v0,—,—,0.07748450637562665,,,-0.25434236491552376,0.44881537773804203,191.82978723404256,1.0,170.0,False,兩邊都不具 primary 資格
PB_qb1of3__FCF_P_qb1of3__None__v0,—,—,0.07743604505441115,,,-0.2603730541502136,0.43507972665148065,196.48936170212767,1.0,185.0,False,兩邊都不具 primary 資格
NETDEBT_EBITDA_qb1of3__ROIC_qb0of3__None__v0,—,—,0.07740711808467093,,,-0.2731247560115456,0.44041450777202074,101.7872340425532,1.0,91.2,False,兩邊都不具 primary 資格
REVENUE_qb0of3__ROE_qb2of3__None__v0,—,—,0.07732794875130788,,,-0.22546811176836268,0.4251412429378531,90.91489361702128,1.0,76.0,False,兩邊都不具 primary 資格
ROE_qb2of3__None__None__v0,ROE_qb2,（空集合）,0.07729472467795628,0.07729472467795628,0.0,-0.2637303424461519,0.38264738598442716,595.4042553191489,1.0,592.0,False,primary 單獨不夠強
EV_S_qb1of3__REV_G_qb1of3__None__v0,—,—,0.07726390230066293,,,-0.27227777065980197,0.44901315789473684,215.08510638297872,1.0,202.8,False,兩邊都不具 primary 資格
DEBTRATIO_qb2of3__REVENUE_qb2of3__None__v0,—,—,0.07724864733617687,,,-0.2803373883597172,0.39111111111111113,276.48936170212767,1.0,272.0,False,兩邊都不具 primary 資格
PB_qb0of3__FCF_OI_qb0of3__None__v0,—,—,0.07718842231519862,,,-0.29242990999225715,0.4221799143265112,214.91489361702128,1.0,196.0,False,兩邊都不具 primary 資格
P_IC_qb0of3__ROIC_qb2of3__None__v0,—,—,0.07717980207661324,,,-0.2861578178853498,0.4444444444444444,63.61702127659574,1.0,47.0,False,兩邊都不具 primary 資格
FCF_P_qb1of3__ROE_qb2of3__None__v0,—,—,0.07717445787293742,,,-0.26800937291754656,0.44610778443113774,219.7659574468085,1.0,183.0,False,兩邊都不具 primary 資格
PS_qb0of3__FCF_OI_qb1of3__None__v0,—,—,0.0771657470649787,,,-0.2698223459693041,0.42377260981912146,272.74468085106383,1.0,258.0,False,兩邊都不具 primary 資格
EPS_qb2of3__ROIC_qb1of3__None__v0,—,—,0.07712509156295999,,,-0.2643450805982136,0.4660944206008584,128.06382978723406,1.0,105.0,False,兩邊都不具 primary 資格
EV_S_qb0of3__REVENUE_qb2of3__None__v0,EV_S_qb0,REVENUE_qb2,0.0770545404289138,0.10160886715511852,-0.024554326726204723,-0.2652254775731664,0.4817987152034261,301.468085106383,1.0,285.0,False,secondary 輸大盤太多；配對後退步過多
FCF_OI_qb1of3__OCF_E_qb2of3__None__v0,—,—,0.07703795328459484,,,-0.26686017078659263,0.4424778761061947,222.5531914893617,1.0,203.0,False,兩邊都不具 primary 資格
REVENUE_qb0of3__FCF_P_qb1of3__None__v0,—,—,0.07693109786251573,,,-0.2894423313855897,0.4291845493562232,231.7872340425532,1.0,210.0,False,兩邊都不具 primary 資格
DEBTRATIO_qb2of3__OCF_E_qb0of3__None__v0,—,—,0.07682224490727796,,,-0.30430763621978896,0.44508068714211346,231.95744680851064,1.0,213.0,False,兩邊都不具 primary 資格
PS_qb1of3__VOL_qb2of3__None__v0,—,—,0.07676859293153404,,,-0.33668117969856615,0.41086691086691085,187.3404255319149,1.0,171.0,False,兩邊都不具 primary 資格
EPS_qb0of3__REV_G_qb0of3__None__v0,—,—,0.07674037159678937,,,-0.2853538399278499,0.42557077625570777,296.8085106382979,1.0,284.0,False,兩邊都不具 primary 資格
NETDEBT_EBITDA_qb1of3__ACCRUAL_qb1of3__None__v0,—,—,0.07673794192349548,,,-0.2655576061997831,0.4438202247191011,184.19148936170214,1.0,167.0,False,兩邊都不具 primary 資格
PS_qb2of3__VOL_qb0of3__None__v0,—,—,0.07669987488611074,,,-0.19817179358374704,0.49653808110781406,157.51063829787233,1.0,131.0,False,兩邊都不具 primary 資格
PS_qb0of3__ROIC_qb2of3__None__v0,—,—,0.07666521728628695,,,-0.25484383401072797,0.41171875,165.93617021276594,1.0,153.0,False,兩邊都不具 primary 資格
OCF_E_qb0of3__FCF_P_qb0of3__None__v0,—,—,0.07662769889306009,,,-0.3218768145632267,0.42136279926335174,230.40425531914894,1.0,218.6,False,兩邊都不具 primary 資格
VOL_qb0of3__REV_G_qb0of3__None__v0,—,—,0.07662161603185202,,,-0.20309454335866683,0.4581779435269046,204.12765957446808,1.0,186.0,False,兩邊都不具 primary 資格
MOM_qb1of3__EV_EBITDA_qb0of3__None__v0,—,—,0.07661728722410133,,,-0.27238276803659356,0.4556084885231702,193.63829787234042,1.0,181.8,False,兩邊都不具 primary 資格
PB_qb0of3__FCF_P_qb0of3__None__v0,—,—,0.07660052529167038,,,-0.2921684906537406,0.43215130023640663,220.36170212765958,1.0,177.0,False,兩邊都不具 primary 資格
EV_S_qb2of3__PB_qb0of3__None__v0,—,—,0.07655427987738483,,,-0.28083980485379734,0.5244956772334294,106.27659574468085,1.0,99.0,False,兩邊都不具 primary 資格
ROIC_qb1of3__FCF_P_qb2of3__None__v0,—,—,0.0765273313760284,,,-0.26072754404214127,0.4354174466491951,221.14893617021278,1.0,207.0,False,兩邊都不具 primary 資格
PS_qb1of3__FCF_OI_qb1of3__None__v0,—,—,0.07651508160445308,,,-0.2607534147570355,0.4383747178329571,194.06382978723406,1.0,179.0,False,兩邊都不具 primary 資格
REVENUE_qb0of3__CROIC_qb1of3__None__v0,—,—,0.07646272253683017,,,-0.2895461206674078,0.42250834525512637,214.5744680851064,1.0,192.4,False,兩邊都不具 primary 資格
PS_qb1of3__ROIC_qb2of3__None__v0,—,—,0.07645913465670895,,,-0.2572186894771815,0.4301675977653631,240.7872340425532,1.0,231.4,False,兩邊都不具 primary 資格
DEBTRATIO_qb0of3__EPS_qb0of3__None__v0,—,—,0.07644635256782739,,,-0.31646152289745133,0.44903846153846155,208.59574468085106,1.0,199.0,False,兩邊都不具 primary 資格
NETDEBT_EBITDA_qb0of3__OCF_E_qb0of3__None__v0,—,—,0.07638947490734305,,,-0.3074122527537916,0.434232250963126,203.31914893617022,1.0,186.0,False,兩邊都不具 primary 資格
MOM_qb1of3__ROE_qb0of3__None__v0,—,—,0.07638858569598361,,,-0.30393272384848513,0.4217352415026834,185.68085106382978,1.0,170.0,False,兩邊都不具 primary 資格
PS_qb1of3__EPS_qb2of3__None__v0,—,—,0.07636542792755452,,,-0.2609060253964235,0.4246575342465753,229.7659574468085,1.0,224.0,False,兩邊都不具 primary 資格
EPS_qb2of3__None__None__v0,EPS_qb2,（空集合）,0.0762946445399959,0.0762946445399959,0.0,-0.26720179856185855,0.35196589294173375,595.8723404255319,1.0,593.0,False,primary 單獨不夠強
EV_EBITDA_qb0of3__DEBTRATIO_qb0of3__None__v0,—,—,0.076202624174599,,,-0.2807284045102647,0.45143745143745145,209.51063829787233,1.0,193.0,False,兩邊都不具 primary 資格
EPS_qb2of3__ROE_qb2of3__None__v0,—,—,0.07619688513995859,,,-0.2668652563119832,0.37328094302554027,466.93617021276594,1.0,451.0,False,兩邊都不具 primary 資格
PS_qb2of3__ROE_qb0of3__None__v0,—,—,0.07614810913464098,,,-0.3173249096373215,0.4348206474190726,254.12765957446808,1.0,247.0,False,兩邊都不具 primary 資格
MOM_qb1of3__P_IC_qb0of3__None__v0,—,—,0.07607061540703364,,,-0.2592739412193591,0.47053449063499314,228.89361702127658,1.0,213.0,False,兩邊都不具 primary 資格
P_IC_qb0of3__EPS_qb1of3__None__v0,—,—,0.07605793506457315,,,-0.2554813285980668,0.44012345679012344,228.46808510638297,1.0,214.8,False,兩邊都不具 primary 資格
EV_EBITDA_qb0of3__FCF_P_qb0of3__None__v0,—,—,0.07605446264607996,,,-0.27810482885574017,0.4252001685630004,225.74468085106383,1.0,210.0,False,兩邊都不具 primary 資格
REVENUE_qb0of3__CROIC_qb2of3__None__v0,—,—,0.07603438803008289,,,-0.2722768820084268,0.42205128205128206,175.63829787234042,1.0,145.0,False,兩邊都不具 primary 資格
REVENUE_qb0of3__ROIC_qb1of3__None__v0,—,—,0.0760034464292425,,,-0.2809552399636275,0.4126139817629179,151.80851063829786,1.0,138.8,False,兩邊都不具 primary 資格
OCF_E_qb2of3__CROIC_qb1of3__None__v0,—,—,0.07593798834765497,,,-0.2798812473205313,0.4444444444444444,186.3404255319149,1.0,169.0,False,兩邊都不具 primary 資格
MOM_qb2of3__ACCRUAL_qb2of3__None__v0,MOM_qb2,ACCRUAL_qb2,0.07593764948293602,0.10205881692342578,-0.026121167440489756,-0.32391738444091434,0.41724013038754076,211.82978723404256,1.0,197.0,False,secondary 輸大盤太多；配對後退步過多
EV_S_qb0of3__EPS_qb0of3__None__v0,EV_S_qb0,EPS_qb0,0.07588364579868179,0.10160886715511852,-0.025725221356436734,-0.3005113167506701,0.46153846153846156,151.89361702127658,1.0,144.0,False,配對後退步過多
PB_qb1of3__VOL_qb2of3__None__v0,—,—,0.07583457441692798,,,-0.32639346245906276,0.4151389710230633,180.29787234042553,1.0,170.0,False,兩邊都不具 primary 資格
PS_qb0of3__EV_EBITDA_qb2of3__None__v0,—,—,0.07580463192135856,,,-0.27262848991240984,0.4307553956834532,123.55319148936171,1.0,106.6,False,兩邊都不具 primary 資格
VOL_qb1of3__ROE_qb2of3__None__v0,—,—,0.07580224213613063,,,-0.28286482731101326,0.44869831546707506,196.04255319148936,1.0,179.0,False,兩邊都不具 primary 資格
PB_qb1of3__NETDEBT_EBITDA_qb1of3__None__v0,—,—,0.07573675470632923,,,-0.26489916293964244,0.44131028207461326,194.53191489361703,1.0,190.0,False,兩邊都不具 primary 資格
MOM_qb2of3__OCF_E_qb0of3__None__v0,MOM_qb2,OCF_E_qb0,0.07564614348681475,0.10205881692342578,-0.026412673436611023,-0.34033694290704786,0.39823364110798876,188.31914893617022,1.0,171.20000000000002,False,配對後退步過多
PB_qb0of3__ROE_qb1of3__None__v0,—,—,0.07561483024253679,,,-0.25604066079208887,0.4514252472367656,265.0,1.0,247.0,False,兩邊都不具 primary 資格
EV_EBITDA_qb0of3__ACCRUAL_qb1of3__None__v0,—,—,0.0755928423366452,,,-0.2726675068590403,0.4355368026254102,185.29787234042553,1.0,175.0,False,兩邊都不具 primary 資格
PB_qb1of3__EPS_qb0of3__None__v0,—,—,0.07549097200363875,,,-0.3270256395107498,0.43891402714932126,184.25531914893617,1.0,170.0,False,兩邊都不具 primary 資格
PB_qb1of3__P_IC_qb1of3__None__v0,—,—,0.0754436354730903,,,-0.27028435447976384,0.4383735705209657,346.1914893617021,1.0,332.0,False,兩邊都不具 primary 資格
P_IC_qb1of3__REV_G_qb1of3__None__v0,—,—,0.07533582947996176,,,-0.2494692186310189,0.42703009653605906,203.2340425531915,1.0,195.0,False,兩邊都不具 primary 資格
REV_G_qb0of3__CROIC_qb1of3__None__v0,—,—,0.07533108432472302,,,-0.25801709885845026,0.4286912751677852,197.36170212765958,1.0,187.0,False,兩邊都不具 primary 資格
P_IC_qb0of3__FCF_P_qb2of3__None__v0,—,—,0.07517679418812206,,,-0.2639218785562779,0.4425438596491228,247.0212765957447,1.0,227.0,False,兩邊都不具 primary 資格
PB_qb0of3__EV_EBITDA_qb2of3__None__v0,—,—,0.07515127331422167,,,-0.286713046282846,0.44110479285134035,143.7659574468085,1.0,126.4,False,兩邊都不具 primary 資格
P_IC_qb1of3__PS_qb0of3__None__v0,—,—,0.07513351750254893,,,-0.2640753868048754,0.4339430894308943,205.4468085106383,1.0,194.0,False,兩邊都不具 primary 資格
OCF_E_qb2of3__FCF_P_qb2of3__None__v0,—,—,0.07508900230204762,,,-0.2470432352481049,0.44142259414225943,223.80851063829786,1.0,205.8,False,兩邊都不具 primary 資格
NETDEBT_EBITDA_qb1of3__ROIC_qb1of3__None__v0,—,—,0.07498005480356529,,,-0.27563156211922957,0.4505338078291815,161.0,1.0,143.0,False,兩邊都不具 primary 資格
P_IC_qb1of3__ACCRUAL_qb0of3__None__v0,—,—,0.07492378880670225,,,-0.270899820494239,0.43084622383985444,200.38297872340425,1.0,187.0,False,兩邊都不具 primary 資格
EV_EBITDA_qb0of3__REVENUE_qb2of3__None__v0,—,—,0.07492001127350179,,,-0.273711024209234,0.43737373737373736,187.12765957446808,1.0,173.0,False,兩邊都不具 primary 資格
ACCRUAL_qb0of3__DEBTRATIO_qb2of3__None__v0,—,—,0.07487200472710143,,,-0.26494291999120934,0.43417656169334023,204.38297872340425,1.0,189.4,False,兩邊都不具 primary 資格
EV_EBITDA_qb0of3__OCF_E_qb1of3__None__v0,—,—,0.07482963532381692,,,-0.2829046466614926,0.426255230125523,156.89361702127658,1.0,151.2,False,兩邊都不具 primary 資格
REV_G_qb2of3__FCF_P_qb2of3__None__v0,—,—,0.07481608755859992,,,-0.3066838019620204,0.43148558758314853,179.59574468085106,1.0,161.2,False,兩邊都不具 primary 資格
ROIC_qb2of3__FCF_P_qb1of3__None__v0,—,—,0.07480585427027009,,,-0.270597098331144,0.43609636586361783,234.74468085106383,1.0,194.0,False,兩邊都不具 primary 資格
FCF_OI_qb0of3__OCF_E_qb0of3__None__v0,—,—,0.07469580725451008,,,-0.32260173420130267,0.4199182460052025,229.51063829787233,1.0,216.0,False,兩邊都不具 primary 資格
PS_qb2of3__EV_EBITDA_qb0of3__None__v0,—,—,0.07436841186590248,,,-0.29487791499376226,0.4296577946768061,196.9787234042553,1.0,177.8,False,兩邊都不具 primary 資格
PB_qb1of3__OCF_E_qb2of3__None__v0,—,—,0.07434879843279996,,,-0.2570499298954936,0.4347195357833656,200.59574468085106,1.0,193.2,False,兩邊都不具 primary 資格
ROE_qb2of3__CROIC_qb2of3__None__v0,—,—,0.07425751517310641,,,-0.25359545394780014,0.4555944055944056,238.70212765957447,1.0,189.0,False,兩邊都不具 primary 資格
PB_qb1of3__ROE_qb0of3__None__v0,—,—,0.07402721564373205,,,-0.311695177372172,0.4358974358974359,181.91489361702128,1.0,167.0,False,兩邊都不具 primary 資格
VOL_qb1of3__ROIC_qb2of3__None__v0,—,—,0.07401991656187423,,,-0.29664211656073314,0.4422780913288866,194.06382978723406,1.0,175.0,False,兩邊都不具 primary 資格
PB_qb1of3__ROIC_qb0of3__None__v0,—,—,0.07399957238907762,,,-0.31146238550797034,0.4359567901234568,179.61702127659575,1.0,167.0,False,兩邊都不具 primary 資格
FCF_P_qb2of3__ROE_qb2of3__None__v0,—,—,0.07399711299348954,,,-0.25351399119840634,0.45111362778406944,211.2340425531915,1.0,170.0,False,兩邊都不具 primary 資格
EPS_qb2of3__FCF_P_qb1of3__None__v0,—,—,0.0739881027429925,,,-0.27528675149160786,0.4395505617977528,210.17021276595744,1.0,178.0,False,兩邊都不具 primary 資格
PB_qb0of3__FCF_P_qb2of3__None__v0,—,—,0.07393087880683535,,,-0.26053102592885713,0.44657168299198574,231.68085106382978,1.0,206.0,False,兩邊都不具 primary 資格
P_IC_qb1of3__ACCRUAL_qb2of3__None__v0,—,—,0.07383652631669113,,,-0.30610626232072635,0.4266098484848485,194.40425531914894,1.0,181.0,False,兩邊都不具 primary 資格
MOM_qb1of3__REV_G_qb0of3__None__v0,—,—,0.07383029575051192,,,-0.2626350354243774,0.4395918367346939,204.95744680851064,1.0,196.0,False,兩邊都不具 primary 資格
PS_qb0of3__ACCRUAL_qb0of3__None__v0,—,—,0.07376251594504035,,,-0.2596237593014217,0.4372523117569353,224.2340425531915,1.0,210.0,False,兩邊都不具 primary 資格
ACCRUAL_qb2of3__DEBTRATIO_qb2of3__None__v0,—,—,0.07375117103499806,,,-0.31366118560052136,0.44157814871016693,209.36170212765958,1.0,196.8,False,兩邊都不具 primary 資格
PS_qb0of3__ROE_qb1of3__None__v0,—,—,0.07371331889690969,,,-0.25325586236292186,0.46264908976773383,221.7659574468085,1.0,207.0,False,兩邊都不具 primary 資格
OCF_E_qb2of3__CROIC_qb2of3__None__v0,—,—,0.07360694331705098,,,-0.24146771764438246,0.44342818428184283,234.40425531914894,1.0,215.4,False,兩邊都不具 primary 資格
VOL_qb0of3__FCF_OI_qb1of3__None__v0,—,—,0.07359018299320841,,,-0.20912454481746,0.4573088958426464,198.3404255319149,1.0,176.0,False,兩邊都不具 primary 資格
PB_qb1of3__CROIC_qb1of3__None__v0,—,—,0.07357991661600383,,,-0.2702612424444222,0.43722172751558325,200.5531914893617,1.0,188.0,False,兩邊都不具 primary 資格
P_IC_qb1of3__EPS_qb2of3__None__v0,—,—,0.07356892015967786,,,-0.25570548460223563,0.4276841171251109,192.31914893617022,1.0,178.20000000000002,False,兩邊都不具 primary 資格
VOL_qb0of3__None__None__v0,VOL_qb0,（空集合）,0.0735235722023646,0.0735235722023646,0.0,-0.20792567900824277,0.5018675721561969,589.1489361702128,1.0,581.0,False,primary 單獨不夠強
NETDEBT_EBITDA_qb1of3__EV_EBITDA_qb1of3__None__v0,—,—,0.07350540019558438,,,-0.25319707138712233,0.4241556954779622,253.7872340425532,1.0,237.4,False,兩邊都不具 primary 資格
EV_S_qb2of3__VOL_qb0of3__None__v0,—,—,0.07348300437580657,,,-0.21706278930500178,0.49150743099787686,144.63829787234042,1.0,113.0,False,兩邊都不具 primary 資格
VOL_qb0of3__ROE_qb0of3__None__v0,—,—,0.07346731704052112,,,-0.2559515127727888,0.44746835443037974,164.31914893617022,1.0,133.0,False,兩邊都不具 primary 資格
P_IC_qb0of3__ACCRUAL_qb1of3__None__v0,—,—,0.07345836498626701,,,-0.2714313077384455,0.4252642174131857,214.19148936170214,1.0,200.0,False,兩邊都不具 primary 資格
REV_G_qb2of3__ROE_qb2of3__None__v0,—,—,0.07335451542645544,,,-0.28986881359469907,0.39387956564659427,279.1489361702128,1.0,265.0,False,兩邊都不具 primary 資格
P_IC_qb1of3__FCF_P_qb0of3__None__v0,—,—,0.07321440598878382,,,-0.2916690858007073,0.42678011643528885,194.9787234042553,1.0,171.8,False,兩邊都不具 primary 資格
EV_S_qb1of3__NETDEBT_EBITDA_qb0of3__None__v0,—,—,0.07312913660294074,,,-0.29130499779930796,0.4502212389380531,158.08510638297872,1.0,145.0,False,兩邊都不具 primary 資格
PS_qb2of3__ROIC_qb0of3__None__v0,—,—,0.07307890646354998,,,-0.30912588014446263,0.44471947194719474,259.4255319148936,1.0,250.0,False,兩邊都不具 primary 資格
OCF_E_qb2of3__FCF_P_qb1of3__None__v0,—,—,0.07298565669978507,,,-0.2712721819441435,0.4364207221350079,199.7659574468085,1.0,191.0,False,兩邊都不具 primary 資格
EPS_qb0of3__FCF_OI_qb0of3__None__v0,—,—,0.07293709910594859,,,-0.3209181027534628,0.4085667215815486,234.46808510638297,1.0,219.0,False,兩邊都不具 primary 資格
PB_qb1of3__P_IC_qb2of3__None__v0,—,—,0.07292749992166114,,,-0.2654098940579892,0.4529569892473118,126.0,1.0,118.0,False,兩邊都不具 primary 資格
PS_qb1of3__None__None__v0,PS_qb1,（空集合）,0.0729040058494046,0.0729040058494046,0.0,-0.2782805907366779,0.43349753694581283,594.531914893617,1.0,591.0,False,primary 單獨不夠強
EV_S_qb0of3__VOL_qb2of3__None__v0,EV_S_qb0,VOL_qb2,0.07285455170560473,0.10160886715511852,-0.02875431544951379,-0.31491506729521224,0.41008403361344536,138.2127659574468,1.0,123.6,False,secondary 輸大盤太多；配對後退步過多
EV_EBITDA_qb0of3__EPS_qb0of3__None__v0,—,—,0.07270825896083521,,,-0.3116381296029147,0.43071354705274045,288.17021276595744,1.0,234.0,False,兩邊都不具 primary 資格
EV_S_qb1of3__VOL_qb2of3__None__v0,—,—,0.07265834748408406,,,-0.34345501072985873,0.41563275434243174,184.82978723404256,1.0,172.0,False,兩邊都不具 primary 資格
NETDEBT_EBITDA_qb1of3__EPS_qb2of3__None__v0,—,—,0.07257742539256928,,,-0.2699206234273558,0.36988110964332893,328.78723404255317,1.0,310.0,False,兩邊都不具 primary 資格
NETDEBT_EBITDA_qb0of3__OCF_E_qb1of3__None__v0,—,—,0.07241121255129368,,,-0.2755262288524687,0.43326790971540724,225.61702127659575,1.0,212.0,False,兩邊都不具 primary 資格
EV_S_qb0of3__OCF_E_qb1of3__None__v0,EV_S_qb0,OCF_E_qb1,0.07237883561328795,0.10160886715511852,-0.02923003154183057,-0.2642780135354119,0.44339622641509435,176.4468085106383,1.0,169.8,False,secondary 輸大盤太多；配對後退步過多
EV_EBITDA_qb0of3__ROIC_qb0of3__None__v0,—,—,0.07233903482919901,,,-0.3082375962587164,0.43609022556390975,303.70212765957444,1.0,264.0,False,兩邊都不具 primary 資格
NETDEBT_EBITDA_qb1of3__ROE_qb2of3__None__v0,—,—,0.07232015745113407,,,-0.26886355337321177,0.39045936395759717,323.7659574468085,1.0,312.0,False,兩邊都不具 primary 資格
EV_EBITDA_qb0of3__FCF_P_qb2of3__None__v0,—,—,0.07224370219571008,,,-0.2673942164820329,0.43178807947019865,201.19148936170214,1.0,187.0,False,兩邊都不具 primary 資格
NETDEBT_EBITDA_qb0of3__FCF_P_qb1of3__None__v0,—,—,0.07197961801856345,,,-0.2826094221254908,0.4312267657992565,232.06382978723406,1.0,208.8,False,兩邊都不具 primary 資格
VOL_qb1of3__FCF_P_qb1of3__None__v0,—,—,0.07197932387061745,,,-0.2947854607652297,0.43238799835593916,187.61702127659575,1.0,171.0,False,兩邊都不具 primary 資格
ACCRUAL_qb0of3__ROIC_qb2of3__None__v0,—,—,0.07193935362392567,,,-0.26632476580508213,0.4395505617977528,189.0,1.0,156.8,False,兩邊都不具 primary 資格
EPS_qb2of3__CROIC_qb1of3__None__v0,—,—,0.07187139988731017,,,-0.2741213476533271,0.4532603739170087,179.4255319148936,1.0,142.0,False,兩邊都不具 primary 資格
EV_S_qb1of3__PS_qb2of3__None__v0,—,—,0.07186518966165023,,,-0.28643848924695536,0.43983402489626555,55.829787234042556,1.0,47.6,False,兩邊都不具 primary 資格
MOM_qb2of3__P_IC_qb2of3__None__v0,MOM_qb2,P_IC_qb2,0.0718415794785765,0.10205881692342578,-0.030217237444849276,-0.2701355184402491,0.3721860930465233,190.4468085106383,1.0,155.0,False,secondary 輸大盤太多；配對後退步過多
VOL_qb1of3__EPS_qb0of3__None__v0,—,—,0.07174974606572304,,,-0.3347012000549434,0.4108527131782946,200.7659574468085,1.0,192.0,False,兩邊都不具 primary 資格
PB_qb1of3__VOL_qb1of3__None__v0,—,—,0.07174462505510393,,,-0.30117281531643103,0.43701171875,213.10638297872342,1.0,194.0,False,兩邊都不具 primary 資格
NETDEBT_EBITDA_qb1of3__VOL_qb2of3__None__v0,—,—,0.07168022376496874,,,-0.3437756207713203,0.3797381116471399,197.14893617021278,1.0,189.0,False,兩邊都不具 primary 資格
P_IC_qb1of3__PS_qb1of3__None__v0,—,—,0.07166470928311774,,,-0.28797646729958426,0.44198078344419806,273.1063829787234,1.0,261.0,False,兩邊都不具 primary 資格
ACCRUAL_qb1of3__OCF_E_qb2of3__None__v0,—,—,0.07165602469855914,,,-0.26373191729662504,0.43735763097949887,141.95744680851064,1.0,131.6,False,兩邊都不具 primary 資格
NETDEBT_EBITDA_qb0of3__FCF_P_qb0of3__None__v0,—,—,0.07163805721474747,,,-0.30103698254564093,0.42281219272369713,186.61702127659575,1.0,170.0,False,兩邊都不具 primary 資格
PS_qb1of3__EV_EBITDA_qb1of3__None__v0,—,—,0.07155897972198466,,,-0.2700676950626827,0.4139254385964912,248.80851063829786,1.0,235.0,False,兩邊都不具 primary 資格
MOM_qb1of3__NETDEBT_EBITDA_qb0of3__None__v0,—,—,0.0715500300268519,,,-0.2692095824007361,0.4579075425790754,193.25531914893617,1.0,183.0,False,兩邊都不具 primary 資格
VOL_qb0of3__ROIC_qb2of3__None__v0,—,—,0.07149739262689159,,,-0.1760898170571612,0.4609640190088255,183.7659574468085,1.0,160.0,False,兩邊都不具 primary 資格
FCF_OI_qb1of3__CROIC_qb2of3__None__v0,—,—,0.07147913220823732,,,-0.2614798831078551,0.4335347432024169,86.53191489361703,1.0,53.0,False,兩邊都不具 primary 資格
MOM_qb1of3__OCF_E_qb0of3__None__v0,—,—,0.07146717624589227,,,-0.2739474155695887,0.4349019607843137,190.10638297872342,1.0,178.0,False,兩邊都不具 primary 資格
EV_S_qb2of3__P_IC_qb0of3__None__v0,—,—,0.07145867156513064,,,-0.3071801921604659,0.47305389221556887,116.36170212765957,1.0,109.0,False,兩邊都不具 primary 資格
VOL_qb0of3__DEBTRATIO_qb0of3__None__v0,—,—,0.07142030901757357,,,-0.20814594630469496,0.4861111111111111,193.93617021276594,1.0,177.0,False,兩邊都不具 primary 資格
P_IC_qb1of3__FCF_OI_qb0of3__None__v0,—,—,0.07140621782055656,,,-0.29157578562117403,0.42507922136713444,190.2127659574468,1.0,175.0,False,兩邊都不具 primary 資格
PS_qb2of3__REV_G_qb0of3__None__v0,—,—,0.07138929412789796,,,-0.29392636583852627,0.44804765056254137,235.19148936170214,1.0,224.2,False,兩邊都不具 primary 資格
ACCRUAL_qb1of3__DEBTRATIO_qb0of3__None__v0,—,—,0.07138127154126406,,,-0.27374353103150306,0.4273547094188377,212.2127659574468,1.0,201.0,False,兩邊都不具 primary 資格
NETDEBT_EBITDA_qb0of3__FCF_OI_qb0of3__None__v0,—,—,0.07126855651101072,,,-0.29861833473661203,0.42857142857142855,193.2127659574468,1.0,172.6,False,兩邊都不具 primary 資格
EV_S_qb1of3__ACCRUAL_qb1of3__None__v0,—,—,0.07123775710169444,,,-0.2724278488167041,0.4260785264178381,200.17021276595744,1.0,191.0,False,兩邊都不具 primary 資格
PB_qb0of3__NETDEBT_EBITDA_qb2of3__None__v0,—,—,0.07119665089098448,,,-0.2791379118024301,0.5992438563327032,244.4255319148936,1.0,227.0,False,兩邊都不具 primary 資格
P_IC_qb1of3__CROIC_qb0of3__None__v0,—,—,0.07107009111803109,,,-0.29247161326651794,0.42754275427542754,192.0,1.0,177.0,False,兩邊都不具 primary 資格
PS_qb2of3__REVENUE_qb0of3__None__v0,—,—,0.0709842991805345,,,-0.2976547114766799,0.439374185136897,346.97872340425533,1.0,337.0,False,兩邊都不具 primary 資格
OCF_E_qb2of3__None__None__v0,OCF_E_qb2,（空集合）,0.07091391413576109,0.07091391413576109,0.0,-0.2604580808664835,0.4223615042458552,595.4042553191489,1.0,592.0,False,primary 單獨不夠強
REVENUE_qb1of3__EPS_qb2of3__None__v0,—,—,0.07088801094242858,,,-0.2691103862442247,0.38817005545286504,219.63829787234042,1.0,214.0,False,兩邊都不具 primary 資格
PS_qb1of3__CROIC_qb1of3__None__v0,—,—,0.0708634187824082,,,-0.2704175486907394,0.43300798580301686,193.38297872340425,1.0,176.0,False,兩邊都不具 primary 資格
FCF_OI_qb1of3__ROIC_qb2of3__None__v0,—,—,0.07084609285686683,,,-0.26408516142403127,0.44168636721828214,229.0,1.0,192.0,False,兩邊都不具 primary 資格
ROIC_qb0of3__ROE_qb0of3__None__v0,—,—,0.07081283812813144,,,-0.3118788791251875,0.4638196915776987,564.1702127659574,1.0,541.8,False,兩邊都不具 primary 資格
REV_G_qb0of3__None__None__v0,REV_G_qb0,（空集合）,0.07080902580354542,0.07080902580354542,0.0,-0.2686629178565816,0.4665455646382077,593.1063829787234,1.0,591.0,False,primary 單獨不夠強
EV_S_qb2of3__DEBTRATIO_qb2of3__None__v0,—,—,0.07080117152992438,,,-0.32401047550924644,0.43280632411067194,163.85106382978722,1.0,155.0,False,兩邊都不具 primary 資格
ACCRUAL_qb0of3__CROIC_qb1of3__None__v0,—,—,0.07072998186941049,,,-0.2877063363128216,0.4272491669751944,195.4468085106383,1.0,182.0,False,兩邊都不具 primary 資格
REVENUE_qb0of3__ROIC_qb2of3__None__v0,—,—,0.07066321723829727,,,-0.25562337888808984,0.4231242312423124,115.44680851063829,1.0,98.4,False,兩邊都不具 primary 資格
NETDEBT_EBITDA_qb0of3__DEBTRATIO_qb0of3__None__v0,—,—,0.07065238979483146,,,-0.28392090412455706,0.4792408066429419,368.7659574468085,1.0,361.0,False,兩邊都不具 primary 資格
PB_qb1of3__DEBTRATIO_qb0of3__None__v0,—,—,0.0706273702155582,,,-0.2684560858974284,0.4429771908763505,196.29787234042553,1.0,175.0,False,兩邊都不具 primary 資格
PB_qb1of3__PS_qb1of3__None__v0,—,—,0.07062411998952789,,,-0.2622166990882878,0.44191522762951335,247.38297872340425,1.0,236.0,False,兩邊都不具 primary 資格
P_IC_qb0of3__CROIC_qb2of3__None__v0,—,—,0.07062186805654291,,,-0.2544017486843674,0.44092373791621914,173.38297872340425,1.0,141.0,False,兩邊都不具 primary 資格
P_IC_qb1of3__OCF_E_qb2of3__None__v0,—,—,0.07061585962543782,,,-0.2629933607907733,0.42039542143600417,192.53191489361703,1.0,182.0,False,兩邊都不具 primary 資格
MOM_qb2of3__VOL_qb2of3__None__v0,MOM_qb2,VOL_qb2,0.07047307605879705,0.10205881692342578,-0.03158574086462873,-0.3453644357761462,0.37249782419495214,201.9787234042553,1.0,144.0,False,secondary 輸大盤太多；配對後退步過多
VOL_qb0of3__OCF_E_qb2of3__None__v0,—,—,0.07043531655959323,,,-0.175765805867239,0.45738636363636365,197.19148936170214,1.0,179.0,False,兩邊都不具 primary 資格
EPS_qb0of3__FCF_P_qb0of3__None__v0,—,—,0.07031662273459682,,,-0.31929397509081703,0.4117403885903266,231.9787234042553,1.0,208.2,False,兩邊都不具 primary 資格
PB_qb0of3__CROIC_qb2of3__None__v0,—,—,0.0703021097990495,,,-0.2514934773601778,0.44235785080855505,171.61702127659575,1.0,145.0,False,兩邊都不具 primary 資格
NETDEBT_EBITDA_qb1of3__VOL_qb0of3__None__v0,—,—,0.07024614258658368,,,-0.1870365760741851,0.4754358161648177,196.08510638297872,1.0,179.8,False,兩邊都不具 primary 資格
P_IC_qb1of3__EPS_qb1of3__None__v0,—,—,0.07022546684717845,,,-0.2604567434166044,0.4147239263803681,216.91489361702128,1.0,206.0,False,兩邊都不具 primary 資格
EV_EBITDA_qb1of3__DEBTRATIO_qb2of3__None__v0,—,—,0.07021710719806129,,,-0.2723115112886354,0.4230769230769231,185.0212765957447,1.0,174.0,False,兩邊都不具 primary 資格
PB_qb1of3__REV_G_qb2of3__None__v0,—,—,0.07011442691142555,,,-0.321325047522227,0.4141604010025063,179.6595744680851,1.0,163.4,False,兩邊都不具 primary 資格
NETDEBT_EBITDA_qb0of3__FCF_P_qb2of3__None__v0,—,—,0.07009157547655542,,,-0.2736326284755348,0.4202469135802469,170.14893617021278,1.0,156.0,False,兩邊都不具 primary 資格
ROIC_qb2of3__None__None__v0,ROIC_qb2,（空集合）,0.06998692595372691,0.06998692595372691,0.0,-0.26826806665027836,0.3683803633552377,595.4042553191489,1.0,592.0,False,primary 單獨不夠強
DEBTRATIO_qb2of3__FCF_OI_qb2of3__None__v0,—,—,0.06992205041186805,,,-0.27579118651643597,0.4596472474612507,191.7872340425532,1.0,156.0,False,兩邊都不具 primary 資格
ACCRUAL_qb0of3__REV_G_qb0of3__None__v0,—,—,0.06992028602718992,,,-0.2778018110120588,0.4357262103505843,220.40425531914894,1.0,206.0,False,兩邊都不具 primary 資格
EV_EBITDA_qb1of3__ROE_qb2of3__None__v0,—,—,0.0698611043550521,,,-0.24877301108617922,0.42890226956924504,298.74468085106383,1.0,275.6,False,兩邊都不具 primary 資格
PB_qb1of3__PS_qb2of3__None__v0,—,—,0.0698400046976102,,,-0.30694594477627757,0.44804318488529016,144.29787234042553,1.0,129.0,False,兩邊都不具 primary 資格
PS_qb0of3__REVENUE_qb2of3__None__v0,—,—,0.06978844674294016,,,-0.27757055695137567,0.50355871886121,318.8085106382979,1.0,310.0,False,兩邊都不具 primary 資格
EPS_qb2of3__ROIC_qb2of3__None__v0,—,—,0.06975194129834539,,,-0.2719900310828428,0.35699588477366256,453.36170212765956,1.0,435.0,False,兩邊都不具 primary 資格
EV_S_qb1of3__PS_qb0of3__None__v0,—,—,0.069707629298287,,,-0.2798919449413215,0.4573333333333333,118.12765957446808,1.0,109.6,False,兩邊都不具 primary 資格
P_IC_qb1of3__FCF_OI_qb1of3__None__v0,—,—,0.06963710935382683,,,-0.2711335317519815,0.425531914893617,214.12765957446808,1.0,202.0,False,兩邊都不具 primary 資格
ROE_qb0of3__None__None__v0,ROE_qb0,（空集合）,0.06958190032401612,0.06958190032401612,0.0,-0.30898874934364273,0.4630560928433269,594.4042553191489,1.0,591.0,False,primary 單獨不夠強
NETDEBT_EBITDA_qb0of3__OCF_E_qb2of3__None__v0,—,—,0.06957776903050084,,,-0.2643398267163767,0.4289030760301799,162.14893617021278,1.0,143.0,False,兩邊都不具 primary 資格
EV_EBITDA_qb0of3__REVENUE_qb1of3__None__v0,—,—,0.06956778674686537,,,-0.27520858975597906,0.42447257383966247,156.3404255319149,1.0,145.0,False,兩邊都不具 primary 資格
FCF_OI_qb2of3__OCF_E_qb2of3__None__v0,—,—,0.06956243332456569,,,-0.24506354279628328,0.4417438271604938,202.80851063829786,1.0,182.8,False,兩邊都不具 primary 資格
EV_EBITDA_qb1of3__ROE_qb0of3__None__v0,—,—,0.06951422629232518,,,-0.31894264398585814,0.4055232558139535,58.255319148936174,1.0,45.0,False,兩邊都不具 primary 資格
PS_qb1of3__NETDEBT_EBITDA_qb1of3__None__v0,—,—,0.06947497795072999,,,-0.2568994495987196,0.415061295971979,220.6595744680851,1.0,214.0,False,兩邊都不具 primary 資格
ROIC_qb0of3__OCF_E_qb0of3__None__v0,—,—,0.06944735257972279,,,-0.32787666137154914,0.4231529039905176,322.1063829787234,1.0,303.0,False,兩邊都不具 primary 資格
EV_S_qb2of3__EV_EBITDA_qb0of3__None__v0,—,—,0.06940349521554756,,,-0.31004686138251203,0.4194194194194194,168.93617021276594,1.0,141.4,False,兩邊都不具 primary 資格
MOM_qb1of3__P_IC_qb1of3__None__v0,—,—,0.06936640678514361,,,-0.26316400041661914,0.4742803209060878,203.51063829787233,1.0,191.8,False,兩邊都不具 primary 資格
EV_EBITDA_qb2of3__REVENUE_qb0of3__None__v0,—,—,0.06932604871766523,,,-0.29167184074002594,0.4245703373647358,232.7659574468085,1.0,218.6,False,兩邊都不具 primary 資格
NETDEBT_EBITDA_qb0of3__REV_G_qb1of3__None__v0,—,—,0.06932135482903412,,,-0.26037434406314797,0.43836440168370416,186.17021276595744,1.0,176.0,False,兩邊都不具 primary 資格
P_IC_qb1of3__EPS_qb0of3__None__v0,—,—,0.06930900947073004,,,-0.33714598054407674,0.4173419773095624,185.29787234042553,1.0,166.0,False,兩邊都不具 primary 資格
REV_G_qb2of3__ROIC_qb2of3__None__v0,—,—,0.06929922770603891,,,-0.29439146530026994,0.3895705521472393,265.21276595744683,1.0,249.0,False,兩邊都不具 primary 資格
REVENUE_qb0of3__EPS_qb2of3__None__v0,—,—,0.06924043795105894,,,-0.21451152452103395,0.39114391143911437,64.8936170212766,1.0,56.0,False,兩邊都不具 primary 資格
NETDEBT_EBITDA_qb0of3__ACCRUAL_qb0of3__None__v0,—,—,0.06922100784072382,,,-0.2956252735018646,0.4259513984410821,201.2340425531915,1.0,191.4,False,兩邊都不具 primary 資格
MOM_qb1of3__ACCRUAL_qb2of3__None__v0,—,—,0.06918060832650186,,,-0.26937058651642576,0.4392068836513281,193.95744680851064,1.0,186.0,False,兩邊都不具 primary 資格
OCF_E_qb0of3__ROE_qb0of3__None__v0,—,—,0.06911347516582911,,,-0.33358426566545873,0.4154218813080339,318.40425531914894,1.0,301.0,False,兩邊都不具 primary 資格
NETDEBT_EBITDA_qb1of3__REV_G_qb0of3__None__v0,—,—,0.0690431170426995,,,-0.2682052322474975,0.4386381631037213,150.91489361702128,1.0,138.0,False,兩邊都不具 primary 資格
MOM_qb1of3__ROIC_qb0of3__None__v0,—,—,0.06899835515047492,,,-0.3002704461245411,0.4259832081307998,189.29787234042553,1.0,173.0,False,兩邊都不具 primary 資格
EPS_qb0of3__ROE_qb0of3__None__v0,—,—,0.0689774784992725,,,-0.30673601803623995,0.4577133907595928,529.4042553191489,1.0,514.2,False,兩邊都不具 primary 資格
EPS_qb2of3__FCF_OI_qb1of3__None__v0,—,—,0.0689511440886934,,,-0.2707158205973462,0.4468267581475129,216.29787234042553,1.0,181.0,False,兩邊都不具 primary 資格
EPS_qb2of3__FCF_OI_qb2of3__None__v0,—,—,0.06892894645585002,,,-0.2526432343990115,0.45556895858464014,208.87234042553192,1.0,164.0,False,兩邊都不具 primary 資格
VOL_qb2of3__REV_G_qb0of3__None__v0,—,—,0.06892383418980752,,,-0.308943553819065,0.4057004244996968,180.46808510638297,1.0,159.6,False,兩邊都不具 primary 資格
REVENUE_qb2of3__REV_G_qb2of3__None__v0,—,—,0.06892203999728008,,,-0.3156046755659664,0.37788385043754974,212.4255319148936,1.0,201.0,False,兩邊都不具 primary 資格
VOL_qb0of3__REV_G_qb2of3__None__v0,—,—,0.06886572412755099,,,-0.26105752920777037,0.45523941707147814,139.80851063829786,1.0,120.0,False,兩邊都不具 primary 資格
REV_G_qb2of3__OCF_E_qb2of3__None__v0,—,—,0.06881681889233793,,,-0.2811353627014884,0.42079428826416776,222.38297872340425,1.0,211.0,False,兩邊都不具 primary 資格
REVENUE_qb2of3__ROIC_qb2of3__None__v0,—,—,0.06877946624437326,,,-0.28176741073794564,0.34577603143418467,247.5531914893617,1.0,234.0,False,兩邊都不具 primary 資格
EPS_qb2of3__REV_G_qb2of3__None__v0,—,—,0.0687780996811691,,,-0.301778056363709,0.3848314606741573,258.36170212765956,1.0,246.8,False,兩邊都不具 primary 資格
REVENUE_qb0of3__ROE_qb1of3__None__v0,—,—,0.06873039611780918,,,-0.30118738437502235,0.41608118657298987,165.40425531914894,1.0,151.20000000000002,False,兩邊都不具 primary 資格
P_IC_qb1of3__FCF_P_qb1of3__None__v0,—,—,0.06869067693488118,,,-0.2708781331789206,0.42615454961133975,196.91489361702128,1.0,176.0,False,兩邊都不具 primary 資格
ROIC_qb2of3__ROE_qb2of3__None__v0,—,—,0.06868517577009325,,,-0.2697692169292796,0.3708555055259926,508.51063829787233,1.0,497.0,False,兩邊都不具 primary 資格
P_IC_qb1of3__REV_G_qb2of3__None__v0,—,—,0.06862825882835932,,,-0.33629763209079366,0.41561040693795864,181.61702127659575,1.0,167.6,False,兩邊都不具 primary 資格
VOL_qb0of3__CROIC_qb0of3__None__v0,—,—,0.06862179307621985,,,-0.23095737558526752,0.44104204753199266,177.5744680851064,1.0,162.0,False,兩邊都不具 primary 資格
VOL_qb1of3__FCF_OI_qb0of3__None__v0,—,—,0.06856910373471758,,,-0.3252653048381169,0.4267125908916954,194.3404255319149,1.0,179.0,False,兩邊都不具 primary 資格
NETDEBT_EBITDA_qb0of3__CROIC_qb0of3__None__v0,—,—,0.06855885836348441,,,-0.3028919600549147,0.42165101334651506,190.4255319148936,1.0,174.0,False,兩邊都不具 primary 資格
ROIC_qb2of3__CROIC_qb1of3__None__v0,—,—,0.06855503959377485,,,-0.267403140834062,0.44549763033175355,187.12765957446808,1.0,146.0,False,兩邊都不具 primary 資格
DEBTRATIO_qb2of3__FCF_P_qb2of3__None__v0,—,—,0.06854309507017287,,,-0.2744358189941577,0.4420485175202156,230.61702127659575,1.0,213.0,False,兩邊都不具 primary 資格
REV_G_qb2of3__None__None__v0,REV_G_qb2,（空集合）,0.06852560671969332,0.06852560671969332,0.0,-0.3149903028986686,0.3887905604719764,594.063829787234,1.0,592.0,False,primary 單獨不夠強
ACCRUAL_qb1of3__ROIC_qb2of3__None__v0,—,—,0.06838795427548416,,,-0.2597883733945934,0.43323293172690763,172.9787234042553,1.0,161.0,False,兩邊都不具 primary 資格
NETDEBT_EBITDA_qb1of3__FCF_OI_qb0of3__None__v0,—,—,0.0683829373480318,,,-0.2936620907164016,0.4176726219217769,175.95744680851064,1.0,165.0,False,兩邊都不具 primary 資格
REV_G_qb1of3__ROE_qb2of3__None__v0,—,—,0.06834141126326787,,,-0.24523695622957542,0.469502819067145,212.0212765957447,1.0,199.0,False,兩邊都不具 primary 資格
REVENUE_qb2of3__OCF_E_qb2of3__None__v0,—,—,0.0682340581665779,,,-0.26567513665076437,0.42264914054600605,257.97872340425533,1.0,232.0,False,兩邊都不具 primary 資格
REVENUE_qb0of3__FCF_OI_qb2of3__None__v0,—,—,0.06822577314572498,,,-0.28188769654761847,0.4302536231884058,221.87234042553192,1.0,197.0,False,兩邊都不具 primary 資格
P_IC_qb1of3__CROIC_qb1of3__None__v0,—,—,0.06819963386663241,,,-0.273258261241781,0.4226569608735214,200.0212765957447,1.0,190.0,False,兩邊都不具 primary 資格
MOM_qb1of3__NETDEBT_EBITDA_qb1of3__None__v0,—,—,0.06816885677471651,,,-0.2555143443573378,0.47858823529411765,195.46808510638297,1.0,182.0,False,兩邊都不具 primary 資格
P_IC_qb0of3__CROIC_qb0of3__None__v0,—,—,0.06814866150446619,,,-0.2952804893941393,0.4230769230769231,217.17021276595744,1.0,203.0,False,兩邊都不具 primary 資格
VOL_qb1of3__ROIC_qb0of3__None__v0,—,—,0.06811135388686007,,,-0.3378332996869807,0.4106813996316759,199.63829787234042,1.0,190.0,False,兩邊都不具 primary 資格
ROIC_qb0of3__None__None__v0,ROIC_qb0,（空集合）,0.068078169382773,0.068078169382773,0.0,-0.30713330423754737,0.4635338345864662,594.4042553191489,1.0,591.0,False,primary 單獨不夠強
MOM_qb1of3__EPS_qb0of3__None__v0,—,—,0.06803614014892778,,,-0.3028115985942963,0.4125338142470694,185.5744680851064,1.0,169.0,False,兩邊都不具 primary 資格
VOL_qb1of3__ACCRUAL_qb0of3__None__v0,—,—,0.06802414742170981,,,-0.3074647669120206,0.4505882352941176,197.59574468085106,1.0,185.0,False,兩邊都不具 primary 資格
PS_qb1of3__REV_G_qb1of3__None__v0,—,—,0.06798113605101053,,,-0.2709822136941683,0.4339305711086226,205.17021276595744,1.0,190.6,False,兩邊都不具 primary 資格
REV_G_qb2of3__ROE_qb1of3__None__v0,—,—,0.06785530304725151,,,-0.31733263753006036,0.4192477876106195,173.53191489361703,1.0,163.6,False,兩邊都不具 primary 資格
REV_G_qb2of3__ROIC_qb1of3__None__v0,—,—,0.06778718255562799,,,-0.307909762264145,0.4159528907922912,184.29787234042553,1.0,176.2,False,兩邊都不具 primary 資格
VOL_qb1of3__ROE_qb0of3__None__v0,—,—,0.0677564483813462,,,-0.3347057350611017,0.4060356652949246,203.29787234042553,1.0,192.0,False,兩邊都不具 primary 資格
PB_qb1of3__CROIC_qb2of3__None__v0,—,—,0.06768614604235346,,,-0.2797217175376525,0.44120100083402836,200.87234042553192,1.0,190.0,False,兩邊都不具 primary 資格
EV_S_qb1of3__ROIC_qb1of3__None__v0,—,—,0.06768363085961049,,,-0.2881448697709298,0.4371584699453552,191.7872340425532,1.0,182.8,False,兩邊都不具 primary 資格
EPS_qb0of3__ROIC_qb0of3__None__v0,—,—,0.06764146649191738,,,-0.30785355748490184,0.4580896686159844,519.0851063829788,1.0,498.0,False,兩邊都不具 primary 資格
P_IC_qb1of3__ROE_qb0of3__None__v0,—,—,0.06761640684388115,,,-0.3224788389664529,0.4272801972062449,184.4255319148936,1.0,165.0,False,兩邊都不具 primary 資格
DEBTRATIO_qb0of3__None__None__v0,DEBTRATIO_qb0,（空集合）,0.06752830880298988,0.06752830880298988,0.0,-0.2799569495376112,0.4473684210526316,594.4042553191489,1.0,591.0,False,primary 單獨不夠強
VOL_qb0of3__ROIC_qb0of3__None__v0,—,—,0.06746284185172802,,,-0.2465219404790946,0.4465601965601966,172.25531914893617,1.0,138.0,False,兩邊都不具 primary 資格
NETDEBT_EBITDA_qb1of3__ROIC_qb2of3__None__v0,—,—,0.06741922172875614,,,-0.2704125993748313,0.3696048632218845,328.468085106383,1.0,316.6,False,兩邊都不具 primary 資格
P_IC_qb2of3__EV_EBITDA_qb1of3__None__v0,—,—,0.06741786589499466,,,-0.24997483902314965,0.4399664147774979,193.04255319148936,1.0,180.0,False,兩邊都不具 primary 資格
EV_S_qb1of3__DEBTRATIO_qb0of3__None__v0,—,—,0.06738250000725343,,,-0.26697463146997324,0.44733727810650886,186.7872340425532,1.0,173.0,False,兩邊都不具 primary 資格
NETDEBT_EBITDA_qb1of3__FCF_P_qb1of3__None__v0,—,—,0.06733106617460294,,,-0.2768955069848177,0.43773062730627305,206.93617021276594,1.0,187.6,False,兩邊都不具 primary 資格
EV_S_qb0of3__REV_G_qb1of3__None__v0,EV_S_qb0,REV_G_qb1,0.0672905513981854,0.10160886715511852,-0.034318315756933115,-0.24295192644869057,0.45080091533180777,226.6595744680851,1.0,218.0,False,secondary 輸大盤太多；配對後退步過多
FCF_OI_qb2of3__ROE_qb2of3__None__v0,—,—,0.06720144709442488,,,-0.2564941939669103,0.4494563028594442,200.7659574468085,1.0,158.20000000000002,False,兩邊都不具 primary 資格
VOL_qb1of3__OCF_E_qb2of3__None__v0,—,—,0.06715732530028196,,,-0.2877929079197856,0.4394129979035639,197.72340425531914,1.0,183.0,False,兩邊都不具 primary 資格
P_IC_qb0of3__EV_EBITDA_qb1of3__None__v0,—,—,0.0671217266846802,,,-0.27980338196293364,0.4305157593123209,172.5531914893617,1.0,161.0,False,兩邊都不具 primary 資格
ACCRUAL_qb0of3__OCF_E_qb2of3__None__v0,—,—,0.06703577291557639,,,-0.26278684530766716,0.4317785527462947,431.63829787234044,1.0,414.4,False,兩邊都不具 primary 資格
P_IC_qb0of3__FCF_OI_qb0of3__None__v0,—,—,0.06698312388549343,,,-0.2936362288400193,0.4240659873847647,218.53191489361703,1.0,209.0,False,兩邊都不具 primary 資格
P_IC_qb1of3__ROIC_qb0of3__None__v0,—,—,0.06697008568915286,,,-0.32956074598165763,0.4270042194092827,174.70212765957447,1.0,159.0,False,兩邊都不具 primary 資格
VOL_qb1of3__OCF_E_qb0of3__None__v0,—,—,0.06691273015683197,,,-0.328831168006692,0.41444713478611783,200.63829787234042,1.0,190.0,False,兩邊都不具 primary 資格
VOL_qb1of3__EPS_qb2of3__None__v0,—,—,0.06685816952075752,,,-0.2944566486136667,0.4466702761234434,198.61702127659575,1.0,179.2,False,兩邊都不具 primary 資格
EV_S_qb1of3__ROE_qb2of3__None__v0,—,—,0.06677796506685985,,,-0.26234162050290744,0.4294917680744452,217.4468085106383,1.0,205.0,False,兩邊都不具 primary 資格
EPS_qb2of3__CROIC_qb2of3__None__v0,—,—,0.06676654935935433,,,-0.24933207055938988,0.45761494252873564,240.2127659574468,1.0,187.0,False,兩邊都不具 primary 資格
VOL_qb0of3__REVENUE_qb1of3__None__v0,—,—,0.06673645986866927,,,-0.20335707411626092,0.46339501206757844,200.29787234042553,1.0,187.0,False,兩邊都不具 primary 資格
PB_qb1of3__EV_EBITDA_qb1of3__None__v0,—,—,0.06673432590320205,,,-0.2622225467491456,0.42211928199189347,224.70212765957447,1.0,216.8,False,兩邊都不具 primary 資格
PS_qb0of3__EV_EBITDA_qb1of3__None__v0,—,—,0.06671325117362614,,,-0.2652192332892972,0.43141718838929993,231.36170212765958,1.0,222.0,False,兩邊都不具 primary 資格
VOL_qb1of3__CROIC_qb0of3__None__v0,—,—,0.06661680914825352,,,-0.32144178957374747,0.4238003838771593,194.3404255319149,1.0,184.0,False,兩邊都不具 primary 資格
PS_qb0of3__REV_G_qb1of3__None__v0,—,—,0.06656951313353887,,,-0.2607492628071586,0.451165371809101,232.95744680851064,1.0,222.0,False,兩邊都不具 primary 資格
EV_EBITDA_qb1of3__OCF_E_qb0of3__None__v0,—,—,0.06653532237691517,,,-0.2874658001737249,0.4435820895522388,124.34042553191489,1.0,103.60000000000001,False,兩邊都不具 primary 資格
EV_S_qb2of3__ROIC_qb0of3__None__v0,—,—,0.06653037505928383,,,-0.31807196657373926,0.4423076923076923,263.4255319148936,1.0,253.4,False,兩邊都不具 primary 資格
FCF_OI_qb2of3__FCF_P_qb1of3__None__v0,—,—,0.06649793729242459,,,-0.2877506488503734,0.4146666666666667,108.65957446808511,1.0,64.0,False,兩邊都不具 primary 資格
DEBTRATIO_qb1of3__OCF_E_qb2of3__None__v0,—,—,0.06646209415776827,,,-0.2691755075097033,0.4246031746031746,215.53191489361703,1.0,206.0,False,兩邊都不具 primary 資格
NETDEBT_EBITDA_qb1of3__DEBTRATIO_qb0of3__None__v0,—,—,0.06640662795223018,,,-0.274151187229133,0.4144805876180483,192.61702127659575,1.0,183.0,False,兩邊都不具 primary 資格
FCF_OI_qb1of3__None__None__v0,FCF_OI_qb1,（空集合）,0.066366577611497,0.066366577611497,0.0,-0.28028140741100926,0.42281021897810217,593.4042553191489,1.0,590.0,False,primary 單獨不夠強
NETDEBT_EBITDA_qb1of3__CROIC_qb0of3__None__v0,—,—,0.06634277600172322,,,-0.2925509572419184,0.41915303176130897,180.3404255319149,1.0,163.0,False,兩邊都不具 primary 資格
EPS_qb1of3__FCF_OI_qb1of3__None__v0,—,—,0.06633603865641424,,,-0.28170166584432343,0.42426778242677826,208.82978723404256,1.0,198.0,False,兩邊都不具 primary 資格
P_IC_qb0of3__NETDEBT_EBITDA_qb2of3__None__v0,—,—,0.06631095573076795,,,-0.30251400648874427,0.6206896551724138,340.6170212765957,1.0,327.0,False,兩邊都不具 primary 資格
PS_qb2of3__EPS_qb0of3__None__v0,—,—,0.06630981767845778,,,-0.3296165004128969,0.42635024549918166,252.25531914893617,1.0,232.0,False,兩邊都不具 primary 資格
EV_EBITDA_qb1of3__VOL_qb1of3__None__v0,—,—,0.06620092094739438,,,-0.29402908240590375,0.43164835164835164,203.5744680851064,1.0,188.0,False,兩邊都不具 primary 資格
VOL_qb2of3__DEBTRATIO_qb2of3__None__v0,—,—,0.0661223161764748,,,-0.34037622080350205,0.3858520900321543,184.70212765957447,1.0,173.0,False,兩邊都不具 primary 資格
EV_S_qb1of3__DEBTRATIO_qb2of3__None__v0,—,—,0.06601336431208837,,,-0.28667707769947925,0.4223057644110276,174.9787234042553,1.0,166.0,False,兩邊都不具 primary 資格
EPS_qb2of3__OCF_E_qb0of3__None__v0,—,—,0.06599824931772313,,,-0.3025542237930753,0.45293701344656756,110.19148936170212,1.0,101.0,False,兩邊都不具 primary 資格
PS_qb0of3__ACCRUAL_qb2of3__None__v0,—,—,0.06590586669594467,,,-0.30063240595695906,0.44329411764705884,200.17021276595744,1.0,182.0,False,兩邊都不具 primary 資格
EPS_qb2of3__FCF_P_qb2of3__None__v0,—,—,0.065848177920236,,,-0.24781117624455629,0.457286432160804,213.53191489361703,1.0,174.0,False,兩邊都不具 primary 資格
DEBTRATIO_qb0of3__FCF_OI_qb1of3__None__v0,—,—,0.06584186750310339,,,-0.2709536615025929,0.43229689067201604,200.14893617021278,1.0,169.0,False,兩邊都不具 primary 資格
OCF_E_qb0of3__None__None__v0,OCF_E_qb0,（空集合）,0.06579432860942602,0.06579432860942602,0.0,-0.3113378848268423,0.43137254901960786,594.4042553191489,1.0,591.0,False,primary 單獨不夠強
EV_EBITDA_qb0of3__REV_G_qb1of3__None__v0,—,—,0.06575073295120282,,,-0.2584428186337542,0.45085470085470086,179.08510638297872,1.0,168.0,False,兩邊都不具 primary 資格
ACCRUAL_qb0of3__DEBTRATIO_qb1of3__None__v0,—,—,0.06574339553686226,,,-0.2805505336901767,0.43264367816091953,202.7659574468085,1.0,194.2,False,兩邊都不具 primary 資格
EV_S_qb1of3__EPS_qb2of3__None__v0,—,—,0.06574046565119773,,,-0.2683101124822711,0.4081463009143807,216.70212765957447,1.0,204.0,False,兩邊都不具 primary 資格
NETDEBT_EBITDA_qb1of3__FCF_P_qb0of3__None__v0,—,—,0.06571342112918632,,,-0.2807812927341591,0.42287361845266697,176.91489361702128,1.0,166.0,False,兩邊都不具 primary 資格
EV_S_qb2of3__ROE_qb0of3__None__v0,—,—,0.06571323826820796,,,-0.3179412878041892,0.43522438611346315,267.5744680851064,1.0,261.2,False,兩邊都不具 primary 資格
REV_G_qb0of3__ROE_qb2of3__None__v0,—,—,0.0656992062736832,,,-0.24154585648398874,0.4603914259086673,102.97872340425532,1.0,81.0,False,兩邊都不具 primary 資格
MOM_qb1of3__CROIC_qb1of3__None__v0,—,—,0.06560731641201634,,,-0.26094126111291593,0.4453242835595777,197.08510638297872,1.0,184.6,False,兩邊都不具 primary 資格
EV_S_qb1of3__FCF_P_qb1of3__None__v0,—,—,0.06560496505874158,,,-0.26552690426528114,0.43392775491540925,196.70212765957447,1.0,187.0,False,兩邊都不具 primary 資格
EV_S_qb1of3__None__None__v0,EV_S_qb1,（空集合）,0.06557938299351962,0.06557938299351962,0.0,-0.2817120798243292,0.4506393861892583,591.1489361702128,1.0,587.0,False,primary 單獨不夠強
ACCRUAL_qb1of3__FCF_OI_qb1of3__None__v0,—,—,0.06543654600388549,,,-0.2705142182152631,0.4147046674927716,173.68085106382978,1.0,156.0,False,兩邊都不具 primary 資格
EV_S_qb1of3__PB_qb1of3__None__v0,—,—,0.0653952322374951,,,-0.27205949008365937,0.4398148148148148,247.2340425531915,1.0,242.0,False,兩邊都不具 primary 資格
MOM_qb2of3__REV_G_qb0of3__None__v0,MOM_qb2,REV_G_qb0,0.06535572118960231,0.10205881692342578,-0.036703095733823465,-0.27906448018683283,0.41002811621368324,166.87234042553192,1.0,147.0,False,配對後退步過多
VOL_qb1of3__None__None__v0,VOL_qb1,（空集合）,0.06531023096143729,0.06531023096143729,0.0,-0.3080146522058934,0.4308157099697885,590.0212765957447,1.0,582.0,False,primary 單獨不夠強
EV_EBITDA_qb1of3__REV_G_qb2of3__None__v0,—,—,0.06529746072321041,,,-0.29196132777999073,0.4056603773584906,211.85106382978722,1.0,198.0,False,兩邊都不具 primary 資格
EV_EBITDA_qb1of3__EPS_qb2of3__None__v0,—,—,0.06526784242235228,,,-0.25467310829272993,0.41915227629513346,295.51063829787233,1.0,264.0,False,兩邊都不具 primary 資格
PS_qb1of3__OCF_E_qb0of3__None__v0,—,—,0.06523964464708931,,,-0.3077679660620567,0.41549691184727683,160.46808510638297,1.0,147.0,False,兩邊都不具 primary 資格
REVENUE_qb1of3__ROE_qb2of3__None__v0,—,—,0.06523613847109933,,,-0.2716511811970228,0.4020456333595594,222.19148936170214,1.0,208.0,False,兩邊都不具 primary 資格
ACCRUAL_qb0of3__FCF_P_qb1of3__None__v0,—,—,0.06510947515192345,,,-0.2795251032500391,0.4187066130800146,202.04255319148936,1.0,187.0,False,兩邊都不具 primary 資格
VOL_qb1of3__REV_G_qb2of3__None__v0,—,—,0.06507700103408931,,,-0.32729321394801547,0.4224299065420561,190.87234042553192,1.0,179.2,False,兩邊都不具 primary 資格
P_IC_qb1of3__REV_G_qb0of3__None__v0,—,—,0.06506653793149675,,,-0.2710927619077672,0.44398340248962653,208.7659574468085,1.0,199.6,False,兩邊都不具 primary 資格
PB_qb0of3__REV_G_qb1of3__None__v0,—,—,0.06506316942403423,,,-0.2740624657976176,0.43992932862190814,211.6595744680851,1.0,202.0,False,兩邊都不具 primary 資格
ACCRUAL_qb0of3__FCF_OI_qb1of3__None__v0,—,—,0.0650555924221059,,,-0.2793113299803571,0.4258222533240028,214.29787234042553,1.0,201.2,False,兩邊都不具 primary 資格
NETDEBT_EBITDA_qb1of3__REVENUE_qb1of3__None__v0,—,—,0.06505518671961652,,,-0.27962872257123983,0.4061085972850679,213.70212765957447,1.0,205.0,False,兩邊都不具 primary 資格
EPS_qb0of3__None__None__v0,EPS_qb0,（空集合）,0.06502192309518762,0.06502192309518762,0.0,-0.314113196918562,0.45149253731343286,594.3404255319149,1.0,587.0,False,primary 單獨不夠強
EV_EBITDA_qb1of3__None__None__v0,EV_EBITDA_qb1,（空集合）,0.06501541130436861,0.06501541130436861,0.0,-0.2628225788316926,0.416823434560602,591.1489361702128,1.0,587.0,False,primary 單獨不夠強
DEBTRATIO_qb2of3__CROIC_qb2of3__None__v0,—,—,0.06498569069209692,,,-0.2780971401607757,0.4499758337361044,195.29787234042553,1.0,168.0,False,兩邊都不具 primary 資格
VOL_qb1of3__FCF_P_qb0of3__None__v0,—,—,0.0649053195858913,,,-0.3264317006217424,0.42442984151526864,193.87234042553192,1.0,180.0,False,兩邊都不具 primary 資格
NETDEBT_EBITDA_qb0of3__EPS_qb1of3__None__v0,—,—,0.06485644778741384,,,-0.2619289782404898,0.417910447761194,212.53191489361703,1.0,194.0,False,兩邊都不具 primary 資格
EV_S_qb1of3__NETDEBT_EBITDA_qb1of3__None__v0,—,—,0.0647953050302339,,,-0.26166801837195797,0.4220601640838651,213.4255319148936,1.0,202.0,False,兩邊都不具 primary 資格
PB_qb1of3__VOL_qb0of3__None__v0,—,—,0.0647868065036632,,,-0.20574332336327195,0.4663093415007657,196.72340425531914,1.0,188.0,False,兩邊都不具 primary 資格
NETDEBT_EBITDA_qb1of3__FCF_OI_qb2of3__None__v0,—,—,0.06472089406103043,,,-0.2641026589326133,0.44575163398692813,198.6595744680851,1.0,173.0,False,兩邊都不具 primary 資格
MOM_qb1of3__DEBTRATIO_qb2of3__None__v0,—,—,0.06457910399854194,,,-0.2551182116207962,0.4570273003033367,193.82978723404256,1.0,175.0,False,兩邊都不具 primary 資格
DEBTRATIO_qb0of3__OCF_E_qb0of3__None__v0,—,—,0.06457470981631896,,,-0.31853750865159625,0.4209891435464415,191.80851063829786,1.0,167.0,False,兩邊都不具 primary 資格
DEBTRATIO_qb1of3__None__None__v0,DEBTRATIO_qb1,（空集合）,0.06453598933628335,0.06453598933628335,0.0,-0.28584658246963734,0.4289544235924933,594.5957446808511,1.0,591.0,False,primary 單獨不夠強
EV_EBITDA_qb1of3__DEBTRATIO_qb0of3__None__v0,—,—,0.06451388446635997,,,-0.26066829428329386,0.41379310344827586,175.5744680851064,1.0,164.2,False,兩邊都不具 primary 資格
VOL_qb0of3__FCF_P_qb0of3__None__v0,—,—,0.06451010666933055,,,-0.22889882259926386,0.4396551724137931,181.08510638297872,1.0,159.0,False,兩邊都不具 primary 資格
P_IC_qb1of3__VOL_qb1of3__None__v0,—,—,0.06444740240021551,,,-0.2996986596947081,0.43604938271604937,211.38297872340425,1.0,202.0,False,兩邊都不具 primary 資格
P_IC_qb0of3__EV_EBITDA_qb2of3__None__v0,—,—,0.06433662698231579,,,-0.3021790212034804,0.45106035889070145,156.89361702127658,1.0,140.0,False,兩邊都不具 primary 資格
ACCRUAL_qb0of3__REV_G_qb2of3__None__v0,—,—,0.06433396019633442,,,-0.2930697387543093,0.4114208633093525,182.72340425531914,1.0,167.0,False,兩邊都不具 primary 資格
VOL_qb2of3__FCF_P_qb2of3__None__v0,—,—,0.06433300854162072,,,-0.33275545554360086,0.41112214498510424,153.7872340425532,1.0,124.0,False,兩邊都不具 primary 資格
VOL_qb0of3__CROIC_qb1of3__None__v0,—,—,0.0642473452594261,,,-0.22620684290120063,0.45798668885191346,204.7872340425532,1.0,191.0,False,兩邊都不具 primary 資格
NETDEBT_EBITDA_qb0of3__REVENUE_qb1of3__None__v0,—,—,0.06414725939321886,,,-0.28497715579856353,0.4421965317919075,177.6595744680851,1.0,164.2,False,兩邊都不具 primary 資格
VOL_qb2of3__CROIC_qb2of3__None__v0,—,—,0.06410201079470368,,,-0.3276222493465005,0.4156010230179028,184.4468085106383,1.0,170.6,False,兩邊都不具 primary 資格
MOM_qb1of3__PS_qb1of3__None__v0,—,—,0.06409634922857732,,,-0.26616205487423183,0.473613595706619,206.85106382978722,1.0,193.0,False,兩邊都不具 primary 資格
PB_qb0of3__EV_EBITDA_qb1of3__None__v0,—,—,0.06407060326520697,,,-0.27953516791755484,0.42659644502962474,175.2127659574468,1.0,167.0,False,兩邊都不具 primary 資格
ACCRUAL_qb2of3__ROIC_qb0of3__None__v0,—,—,0.06406654281064172,,,-0.34976242078094044,0.41479937467430955,165.6595744680851,1.0,147.0,False,兩邊都不具 primary 資格
ACCRUAL_qb0of3__None__None__v0,ACCRUAL_qb0,（空集合）,0.06406492627418303,0.06406492627418303,0.0,-0.2752270968747581,0.4274929775280899,594.4042553191489,1.0,591.0,False,primary 單獨不夠強
VOL_qb0of3__FCF_OI_qb0of3__None__v0,—,—,0.06404513451741445,,,-0.23337128572611976,0.4360146252285192,179.06382978723406,1.0,163.0,False,兩邊都不具 primary 資格
P_IC_qb0of3__ROE_qb1of3__None__v0,—,—,0.06402117868229928,,,-0.2574568442301368,0.44835965978128794,234.89361702127658,1.0,222.0,False,兩邊都不具 primary 資格
EV_EBITDA_qb1of3__ACCRUAL_qb1of3__None__v0,—,—,0.06396105083042447,,,-0.2605030974846515,0.4170940170940171,199.12765957446808,1.0,187.0,False,兩邊都不具 primary 資格
PS_qb1of3__OCF_E_qb2of3__None__v0,—,—,0.06390615324050808,,,-0.2682337000260997,0.4226044226044226,210.4255319148936,1.0,203.0,False,兩邊都不具 primary 資格
PB_qb1of3__FCF_P_qb2of3__None__v0,—,—,0.06388347032611885,,,-0.28388056460429456,0.43928719436386243,204.4255319148936,1.0,195.2,False,兩邊都不具 primary 資格
EPS_qb1of3__FCF_P_qb2of3__None__v0,—,—,0.06376749885589472,,,-0.26605249344839377,0.4265274555297757,211.46808510638297,1.0,200.0,False,兩邊都不具 primary 資格
ACCRUAL_qb2of3__ROE_qb0of3__None__v0,—,—,0.06375739481799636,,,-0.3575878670685204,0.4098101265822785,163.95744680851064,1.0,151.0,False,兩邊都不具 primary 資格
PS_qb1of3__DEBTRATIO_qb1of3__None__v0,—,—,0.06375632872725556,,,-0.2903834234857774,0.4339130434782609,242.59574468085106,1.0,234.8,False,兩邊都不具 primary 資格
EPS_qb1of3__ROE_qb2of3__None__v0,—,—,0.06375078172828763,,,-0.2666968573356461,0.43654434250764523,122.85106382978724,1.0,101.0,False,兩邊都不具 primary 資格
NETDEBT_EBITDA_qb0of3__ACCRUAL_qb2of3__None__v0,—,—,0.06373172795072524,,,-0.2912843734044608,0.437378640776699,190.4255319148936,1.0,174.6,False,兩邊都不具 primary 資格
VOL_qb1of3__DEBTRATIO_qb0of3__None__v0,—,—,0.06371727377299208,,,-0.31063568261965246,0.42575928008998876,191.63829787234042,1.0,178.0,False,兩邊都不具 primary 資格
EV_EBITDA_qb1of3__CROIC_qb2of3__None__v0,—,—,0.06370637732651785,,,-0.24363786456741998,0.4440140845070423,221.82978723404256,1.0,199.0,False,兩邊都不具 primary 資格
P_IC_qb0of3__FCF_P_qb0of3__None__v0,—,—,0.06368798039217394,,,-0.2936928098035342,0.43092583616093066,225.70212765957447,1.0,188.6,False,兩邊都不具 primary 資格
REV_G_qb2of3__CROIC_qb2of3__None__v0,—,—,0.06358369265709052,,,-0.28790309104458955,0.4243434764485202,192.25531914893617,1.0,180.6,False,兩邊都不具 primary 資格
P_IC_qb0of3__OCF_E_qb1of3__None__v0,—,—,0.06353839731427913,,,-0.27184216164244435,0.42798594847775173,189.10638297872342,1.0,174.0,False,兩邊都不具 primary 資格
MOM_qb1of3__PB_qb1of3__None__v0,—,—,0.06351495020534537,,,-0.271007244878415,0.4673762147154095,202.40425531914894,1.0,188.0,False,兩邊都不具 primary 資格
DEBTRATIO_qb2of3__EPS_qb1of3__None__v0,—,—,0.06347890595838401,,,-0.2866313844903752,0.4315561959654179,190.80851063829786,1.0,174.0,False,兩邊都不具 primary 資格
VOL_qb1of3__DEBTRATIO_qb2of3__None__v0,—,—,0.06346841286141247,,,-0.31560014924239155,0.4286507495835647,197.4468085106383,1.0,184.0,False,兩邊都不具 primary 資格
FCF_OI_qb1of3__FCF_P_qb1of3__None__v0,—,—,0.06344021975514846,,,-0.2779228175402775,0.42842302098483276,441.17021276595744,1.0,403.4,False,兩邊都不具 primary 資格
NETDEBT_EBITDA_qb2of3__EPS_qb2of3__None__v0,—,—,0.06343329460661895,,,-0.316823356160278,0.40440165061898214,114.63829787234043,1.0,101.0,False,兩邊都不具 primary 資格
MOM_qb1of3__FCF_OI_qb1of3__None__v0,—,—,0.0634008220095661,,,-0.2552979433467836,0.4395176973940101,194.38297872340425,1.0,180.0,False,兩邊都不具 primary 資格
FCF_OI_qb1of3__CROIC_qb0of3__None__v0,—,—,0.06334426270753313,,,-0.29432527601440006,0.41843971631205673,31.717391304347824,0.9787234042553191,5.0,False,兩邊都不具 primary 資格
REV_G_qb1of3__ROIC_qb2of3__None__v0,—,—,0.06332687537236059,,,-0.24998872268588146,0.4689584402257568,215.5531914893617,1.0,200.0,False,兩邊都不具 primary 資格
VOL_qb1of3__CROIC_qb1of3__None__v0,—,—,0.06326665781736063,,,-0.30785918598151785,0.4190401872805306,193.85106382978722,1.0,179.0,False,兩邊都不具 primary 資格
VOL_qb2of3__REVENUE_qb0of3__None__v0,—,—,0.06324797780770441,,,-0.30995897244017656,0.3776853776853777,241.12765957446808,1.0,230.0,False,兩邊都不具 primary 資格
P_IC_qb0of3__REVENUE_qb2of3__None__v0,—,—,0.06321541320795498,,,-0.28355670110411235,0.5416666666666666,272.1276595744681,1.0,265.0,False,兩邊都不具 primary 資格
NETDEBT_EBITDA_qb1of3__CROIC_qb2of3__None__v0,—,—,0.06321168335633587,,,-0.2590931774698537,0.444401092469762,224.48936170212767,1.0,196.20000000000002,False,兩邊都不具 primary 資格
NETDEBT_EBITDA_qb1of3__VOL_qb1of3__None__v0,—,—,0.06312496916338217,,,-0.29043028862308584,0.4434117003827228,191.6595744680851,1.0,176.0,False,兩邊都不具 primary 資格
EV_EBITDA_qb1of3__ROIC_qb0of3__None__v0,—,—,0.06298225400785507,,,-0.3203246051055815,0.40445859872611467,54.297872340425535,1.0,45.0,False,兩邊都不具 primary 資格
FCF_P_qb1of3__None__None__v0,FCF_P_qb1,（空集合）,0.06296990760018639,0.06296990760018639,0.0,-0.28320414512581804,0.4228295819935691,592.4042553191489,1.0,589.0,False,primary 單獨不夠強
PB_qb1of3__FCF_OI_qb0of3__None__v0,—,—,0.06295765246615415,,,-0.29576753575237835,0.41961486789072994,189.72340425531914,1.0,178.0,False,兩邊都不具 primary 資格
NETDEBT_EBITDA_qb1of3__EPS_qb1of3__None__v0,—,—,0.06290093158428745,,,-0.27239839944292876,0.4355783308931186,171.29787234042553,1.0,155.0,False,兩邊都不具 primary 資格
ROIC_qb1of3__CROIC_qb2of3__None__v0,—,—,0.06278078328034864,,,-0.25910659449691886,0.4309133489461358,199.61702127659575,1.0,191.0,False,兩邊都不具 primary 資格
PS_qb1of3__ACCRUAL_qb0of3__None__v0,—,—,0.0627497499163987,,,-0.2812474814073652,0.4287024300779459,199.38297872340425,1.0,182.0,False,兩邊都不具 primary 資格
P_IC_qb1of3__ROIC_qb1of3__None__v0,—,—,0.06273270523845831,,,-0.2709630641023113,0.42175360710321863,213.68085106382978,1.0,194.0,False,兩邊都不具 primary 資格
ACCRUAL_qb0of3__FCF_P_qb2of3__None__v0,—,—,0.06267241951901004,,,-0.26735408753930034,0.42862385321100915,206.19148936170214,1.0,189.0,False,兩邊都不具 primary 資格
REV_G_qb0of3__CROIC_qb0of3__None__v0,—,—,0.06261012137074062,,,-0.2839206199472726,0.4261744966442953,202.74468085106383,1.0,193.2,False,兩邊都不具 primary 資格
PS_qb1of3__EPS_qb0of3__None__v0,—,—,0.06260814458283814,,,-0.3215122186441338,0.3966074313408724,165.17021276595744,1.0,152.0,False,兩邊都不具 primary 資格
ACCRUAL_qb2of3__FCF_P_qb0of3__None__v0,—,—,0.062606799194173,,,-0.31965096802508197,0.4185267857142857,201.4468085106383,1.0,194.0,False,兩邊都不具 primary 資格
VOL_qb0of3__FCF_P_qb2of3__None__v0,—,—,0.06243702462420164,,,-0.21400277504198184,0.44504227517294387,228.25531914893617,1.0,207.0,False,兩邊都不具 primary 資格
PB_qb1of3__ROIC_qb1of3__None__v0,—,—,0.062303342732957345,,,-0.27184093591544634,0.446448087431694,212.36170212765958,1.0,198.6,False,兩邊都不具 primary 資格
REV_G_qb0of3__FCF_P_qb0of3__None__v0,—,—,0.06229210928993534,,,-0.278660540565123,0.4252001685630004,202.74468085106383,1.0,193.0,False,兩邊都不具 primary 資格
VOL_qb0of3__FCF_P_qb1of3__None__v0,—,—,0.06223466451955151,,,-0.199754056377914,0.45896946564885494,174.40425531914894,1.0,159.6,False,兩邊都不具 primary 資格
FCF_P_qb2of3__CROIC_qb1of3__None__v0,—,—,0.062210748118535,,,-0.31277606745763964,0.40474174428450466,80.74468085106383,1.0,47.0,False,兩邊都不具 primary 資格
PS_qb0of3__CROIC_qb0of3__None__v0,—,—,0.06217186791286844,,,-0.2892283522553849,0.42074648570043627,192.06382978723406,1.0,178.2,False,兩邊都不具 primary 資格
NETDEBT_EBITDA_qb0of3__CROIC_qb2of3__None__v0,—,—,0.06205402178122754,,,-0.25604842379134485,0.4157303370786517,189.91489361702128,1.0,173.0,False,兩邊都不具 primary 資格
P_IC_qb2of3__EPS_qb2of3__None__v0,—,—,0.06198979545162242,,,-0.28302932532201985,0.3132803632236095,281.51063829787233,1.0,271.0,False,兩邊都不具 primary 資格
VOL_qb1of3__REV_G_qb1of3__None__v0,—,—,0.061987537110124835,,,-0.30344304111477827,0.4339216530348687,192.53191489361703,1.0,183.0,False,兩邊都不具 primary 資格
MOM_qb2of3__ROIC_qb0of3__None__v0,MOM_qb2,ROIC_qb0,0.061939569447367226,0.10205881692342578,-0.04011924747605855,-0.3218859332503522,0.36483072258716526,158.0212765957447,1.0,140.0,False,配對後退步過多
EV_S_qb2of3__REVENUE_qb0of3__None__v0,—,—,0.06191536430902089,,,-0.30276731641449073,0.43466666666666665,334.48936170212767,1.0,328.0,False,兩邊都不具 primary 資格
ROIC_qb2of3__CROIC_qb2of3__None__v0,—,—,0.061891507281799596,,,-0.26554374356474075,0.4505532503457815,239.61702127659575,1.0,197.0,False,兩邊都不具 primary 資格
EV_EBITDA_qb1of3__OCF_E_qb2of3__None__v0,—,—,0.06180797642992131,,,-0.24839836480022215,0.43026819923371645,251.31914893617022,1.0,232.0,False,兩邊都不具 primary 資格
REV_G_qb2of3__CROIC_qb1of3__None__v0,—,—,0.06179717146895003,,,-0.33670660578142486,0.4228690228690229,197.40425531914894,1.0,185.0,False,兩邊都不具 primary 資格
PS_qb1of3__ACCRUAL_qb2of3__None__v0,—,—,0.061776517832623945,,,-0.29101521280769704,0.4263529411764706,188.4468085106383,1.0,180.0,False,兩邊都不具 primary 資格
EV_S_qb1of3__FCF_OI_qb1of3__None__v0,—,—,0.06173268421742262,,,-0.26829132580946913,0.4369106421194432,199.06382978723406,1.0,186.0,False,兩邊都不具 primary 資格
NETDEBT_EBITDA_qb1of3__FCF_P_qb2of3__None__v0,—,—,0.06169637622073165,,,-0.2623232160370669,0.4442553191489362,206.40425531914894,1.0,181.4,False,兩邊都不具 primary 資格
VOL_qb0of3__EPS_qb1of3__None__v0,—,—,0.06169070592092063,,,-0.20175451248239873,0.4815200416449766,234.29787234042553,1.0,220.0,False,兩邊都不具 primary 資格
P_IC_qb1of3__VOL_qb2of3__None__v0,—,—,0.061649938243174995,,,-0.3429193481210715,0.3980952380952381,181.89361702127658,1.0,170.0,False,兩邊都不具 primary 資格
VOL_qb2of3__ACCRUAL_qb1of3__None__v0,—,—,0.061629818898273125,,,-0.3447861954814735,0.39917317409278824,180.2127659574468,1.0,161.6,False,兩邊都不具 primary 資格
P_IC_qb1of3__NETDEBT_EBITDA_qb1of3__None__v0,—,—,0.061613968389679696,,,-0.2771142966005149,0.4307692307692308,209.74468085106383,1.0,204.0,False,兩邊都不具 primary 資格
FCF_OI_qb2of3__ROIC_qb1of3__None__v0,—,—,0.061588099787246,,,-0.2631463154891732,0.4385245901639344,196.5531914893617,1.0,184.0,False,兩邊都不具 primary 資格
FCF_OI_qb1of3__CROIC_qb1of3__None__v0,—,—,0.06156794617699379,,,-0.2893331035570571,0.4245634687070826,475.82978723404256,1.0,446.6,False,兩邊都不具 primary 資格
PS_qb0of3__ROE_qb0of3__None__v0,—,—,0.06153182006645097,,,-0.30792003034947046,0.46160558464223383,175.25531914893617,1.0,155.0,False,兩邊都不具 primary 資格
VOL_qb1of3__DEBTRATIO_qb1of3__None__v0,—,—,0.06152540906939441,,,-0.3007545598755963,0.4356328082563824,200.93617021276594,1.0,193.6,False,兩邊都不具 primary 資格
NETDEBT_EBITDA_qb1of3__ROE_qb1of3__None__v0,—,—,0.06151350250040322,,,-0.28443803115843336,0.4397212543554007,169.0212765957447,1.0,154.0,False,兩邊都不具 primary 資格
REVENUE_qb1of3__ROIC_qb2of3__None__v0,—,—,0.06147389778484702,,,-0.2708856176925306,0.38531353135313534,232.40425531914894,1.0,222.0,False,兩邊都不具 primary 資格
P_IC_qb1of3__CROIC_qb2of3__None__v0,—,—,0.06145727848864646,,,-0.28690964770459326,0.4358867610324729,201.74468085106383,1.0,182.0,False,兩邊都不具 primary 資格
NETDEBT_EBITDA_qb1of3__CROIC_qb1of3__None__v0,—,—,0.06144915236025095,,,-0.27610395674283794,0.442676649508657,186.4255319148936,1.0,165.8,False,兩邊都不具 primary 資格
NETDEBT_EBITDA_qb1of3__FCF_OI_qb1of3__None__v0,—,—,0.06139514666470958,,,-0.27268462087228473,0.4331096196868009,216.63829787234042,1.0,185.0,False,兩邊都不具 primary 資格
CROIC_qb1of3__None__None__v0,CROIC_qb1,（空集合）,0.06133498503270762,0.06133498503270762,0.0,-0.2882098659243336,0.42445311175173817,593.4042553191489,1.0,590.0,False,primary 單獨不夠強
DEBTRATIO_qb0of3__FCF_P_qb0of3__None__v0,—,—,0.06133122174740224,,,-0.30773924966829724,0.4081728511038046,184.61702127659575,1.0,143.0,False,兩邊都不具 primary 資格
FCF_P_qb1of3__ROE_qb0of3__None__v0,—,—,0.0613235297233754,,,-0.3122252081491105,0.4155357978474497,187.93617021276594,1.0,162.0,False,兩邊都不具 primary 資格
MOM_qb1of3__FCF_P_qb1of3__None__v0,—,—,0.0613230691593587,,,-0.25480828344665574,0.44132959551461753,183.53191489361703,1.0,177.0,False,兩邊都不具 primary 資格
VOL_qb1of3__FCF_OI_qb1of3__None__v0,—,—,0.06126039830272578,,,-0.3026192256713863,0.418848167539267,195.80851063829786,1.0,184.0,False,兩邊都不具 primary 資格
DEBTRATIO_qb2of3__CROIC_qb0of3__None__v0,—,—,0.06120300326400874,,,-0.29990269732442687,0.4072764022233451,205.87234042553192,1.0,184.0,False,兩邊都不具 primary 資格
PS_qb1of3__DEBTRATIO_qb2of3__None__v0,—,—,0.06102934192641385,,,-0.29364438843231033,0.40592930444697833,152.9787234042553,1.0,146.6,False,兩邊都不具 primary 資格
PB_qb1of3__NETDEBT_EBITDA_qb2of3__None__v0,—,—,0.06099648126687418,,,-0.3147726476732202,0.425206124852768,201.2127659574468,1.0,191.0,False,兩邊都不具 primary 資格
PS_qb0of3__FCF_P_qb0of3__None__v0,—,—,0.06098878624444448,,,-0.28518776998025464,0.42447418738049714,202.08510638297872,1.0,166.2,False,兩邊都不具 primary 資格
P_IC_qb2of3__NETDEBT_EBITDA_qb1of3__None__v0,—,—,0.06097863670024428,,,-0.2824700328434052,0.364124597207304,243.87234042553192,1.0,228.0,False,兩邊都不具 primary 資格
FCF_OI_qb1of3__ROIC_qb1of3__None__v0,—,—,0.06094697105563429,,,-0.2961925373523777,0.41147540983606556,208.04255319148936,1.0,188.4,False,兩邊都不具 primary 資格
PB_qb2of3__NETDEBT_EBITDA_qb1of3__None__v0,—,—,0.06092430371570701,,,-0.28698271448879065,0.3471164309031556,238.19148936170214,1.0,224.0,False,兩邊都不具 primary 資格
MOM_qb2of3__PS_qb2of3__None__v0,MOM_qb2,PS_qb2,0.060897330872722755,0.10205881692342578,-0.04116148605070302,-0.28556767961447416,0.364551863041289,183.19148936170214,1.0,161.6,False,secondary 輸大盤太多；配對後退步過多
P_IC_qb2of3__DEBTRATIO_qb2of3__None__v0,—,—,0.060757142317133805,,,-0.2914189238864707,0.3790322580645161,86.85106382978724,1.0,82.0,False,兩邊都不具 primary 資格
P_IC_qb2of3__PS_qb1of3__None__v0,—,—,0.06071113406740203,,,-0.26775048418616965,0.42691903259726605,189.38297872340425,1.0,179.6,False,兩邊都不具 primary 資格
REV_G_qb2of3__OCF_E_qb0of3__None__v0,—,—,0.060679537787552196,,,-0.3543824400458606,0.4093457943925234,199.4468085106383,1.0,178.0,False,兩邊都不具 primary 資格
FCF_P_qb2of3__ROE_qb1of3__None__v0,—,—,0.060672092110371834,,,-0.27052915306484415,0.44067135050741607,210.40425531914894,1.0,195.0,False,兩邊都不具 primary 資格
DEBTRATIO_qb1of3__FCF_P_qb2of3__None__v0,—,—,0.0606492912221992,,,-0.2706499401290291,0.4352353186172428,213.10638297872342,1.0,194.0,False,兩邊都不具 primary 資格
P_IC_qb1of3__FCF_P_qb2of3__None__v0,—,—,0.060640726879457096,,,-0.2859069031437086,0.4316096747289408,201.87234042553192,1.0,187.8,False,兩邊都不具 primary 資格
PS_qb0of3__FCF_OI_qb0of3__None__v0,—,—,0.06061096303567459,,,-0.28281445814269823,0.42637151106833493,183.5531914893617,1.0,166.0,False,兩邊都不具 primary 資格
DEBTRATIO_qb1of3__ROE_qb0of3__None__v0,—,—,0.06059092245520814,,,-0.34304739446003474,0.4404973357015986,171.2340425531915,1.0,159.0,False,兩邊都不具 primary 資格
FCF_P_qb1of3__CROIC_qb2of3__None__v0,—,—,0.06058226375646192,,,-0.2699785185821427,0.4317617866004963,81.85106382978724,1.0,48.0,False,兩邊都不具 primary 資格
MOM_qb2of3__ROE_qb0of3__None__v0,MOM_qb2,ROE_qb0,0.06055806407319042,0.10205881692342578,-0.041500752850235356,-0.3225915719373874,0.3645621181262729,158.4468085106383,1.0,141.0,False,配對後退步過多
EV_EBITDA_qb1of3__FCF_OI_qb2of3__None__v0,—,—,0.06055542052726981,,,-0.2494671982295109,0.4449321628092578,196.74468085106383,1.0,178.0,False,兩邊都不具 primary 資格
MOM_qb1of3__None__None__v0,MOM_qb1,（空集合）,0.060536436300140606,0.060536436300140606,0.0,-0.26513433941180775,0.46333907056798623,590.8510638297872,1.0,586.0,False,primary 單獨不夠強
PB_qb1of3__EV_EBITDA_qb2of3__None__v0,—,—,0.060505355066827304,,,-0.29552477985139447,0.4350355526826115,179.82978723404256,1.0,173.0,False,兩邊都不具 primary 資格
VOL_qb0of3__ACCRUAL_qb0of3__None__v0,—,—,0.060462796331249846,,,-0.20462596003318323,0.43527803099361895,184.14893617021278,1.0,163.6,False,兩邊都不具 primary 資格
ACCRUAL_qb1of3__EPS_qb2of3__None__v0,—,—,0.060433706301778134,,,-0.26843536100684395,0.4327217125382263,181.25531914893617,1.0,170.6,False,兩邊都不具 primary 資格
EV_S_qb2of3__PB_qb1of3__None__v0,—,—,0.060423619175465015,,,-0.32743247999683733,0.42456608811748997,142.29787234042553,1.0,131.20000000000002,False,兩邊都不具 primary 資格
DEBTRATIO_qb2of3__FCF_OI_qb0of3__None__v0,—,—,0.06037407775385284,,,-0.29630756052585694,0.4151133501259446,205.4255319148936,1.0,185.0,False,兩邊都不具 primary 資格
ACCRUAL_qb2of3__CROIC_qb0of3__None__v0,—,—,0.06037120699698173,,,-0.31737629547713186,0.41760299625468167,201.80851063829786,1.0,190.0,False,兩邊都不具 primary 資格
DEBTRATIO_qb1of3__REV_G_qb1of3__None__v0,—,—,0.06035320768049002,,,-0.2820777027684229,0.4317032040472175,210.4255319148936,1.0,204.0,False,兩邊都不具 primary 資格
EPS_qb2of3__REV_G_qb1of3__None__v0,—,—,0.06033837515523377,,,-0.24498170191872592,0.45853143159006865,220.59574468085106,1.0,210.0,False,兩邊都不具 primary 資格
PB_qb1of3__REV_G_qb0of3__None__v0,—,—,0.06027843002962463,,,-0.27405071568417094,0.443717277486911,205.29787234042553,1.0,192.20000000000002,False,兩邊都不具 primary 資格
EPS_qb0of3__OCF_E_qb0of3__None__v0,—,—,0.06025163845487547,,,-0.3330617940382463,0.41095350669818753,316.5744680851064,1.0,298.0,False,兩邊都不具 primary 資格
NETDEBT_EBITDA_qb2of3__ROE_qb2of3__None__v0,—,—,0.060210111434324975,,,-0.30361792934352494,0.41712403951701427,127.65957446808511,1.0,114.2,False,兩邊都不具 primary 資格
PS_qb0of3__ROIC_qb0of3__None__v0,—,—,0.060179800833779495,,,-0.3052230502348887,0.45446507515473034,174.59574468085106,1.0,159.4,False,兩邊都不具 primary 資格
DEBTRATIO_qb0of3__CROIC_qb0of3__None__v0,—,—,0.06012519563290031,,,-0.30520567136882737,0.4076850984067479,190.5744680851064,1.0,159.0,False,兩邊都不具 primary 資格
DEBTRATIO_qb0of3__REV_G_qb1of3__None__v0,—,—,0.06010036634843674,,,-0.2694827185514155,0.4474009900990099,188.48936170212767,1.0,179.0,False,兩邊都不具 primary 資格
PS_qb1of3__ROIC_qb1of3__None__v0,—,—,0.060078236422083764,,,-0.2860924084651183,0.4263249854397204,193.4255319148936,1.0,183.6,False,兩邊都不具 primary 資格
EV_EBITDA_qb2of3__DEBTRATIO_qb2of3__None__v0,—,—,0.06004768021845219,,,-0.3112717089402063,0.42857142857142855,197.04255319148936,1.0,188.0,False,兩邊都不具 primary 資格
NETDEBT_EBITDA_qb2of3__OCF_E_qb0of3__None__v0,—,—,0.06002851592524516,,,-0.32964427797877016,0.41935483870967744,239.6595744680851,1.0,224.0,False,兩邊都不具 primary 資格
P_IC_qb1of3__ROE_qb1of3__None__v0,—,—,0.05999835941994225,,,-0.2824933829855889,0.4222222222222222,219.4468085106383,1.0,212.0,False,兩邊都不具 primary 資格
NETDEBT_EBITDA_qb0of3__EV_EBITDA_qb1of3__None__v0,—,—,0.05986404450204663,,,-0.26387495189946564,0.4272197962154294,152.2340425531915,1.0,144.0,False,兩邊都不具 primary 資格
DEBTRATIO_qb1of3__ROIC_qb0of3__None__v0,—,—,0.05986166986112118,,,-0.3486049690044326,0.4368755676657584,163.14893617021278,1.0,145.0,False,兩邊都不具 primary 資格
PS_qb0of3__NETDEBT_EBITDA_qb2of3__None__v0,—,—,0.0598146446767267,,,-0.2795961745191089,0.5172413793103449,261.59574468085106,1.0,251.6,False,兩邊都不具 primary 資格
PS_qb2of3__FCF_P_qb0of3__None__v0,—,—,0.05976970127349501,,,-0.32053663042443903,0.399349139934914,202.46808510638297,1.0,164.0,False,兩邊都不具 primary 資格
ROIC_qb1of3__None__None__v0,ROIC_qb1,（空集合）,0.05971073517401826,0.05971073517401826,0.0,-0.2802732695912702,0.43173891380169405,594.5957446808511,1.0,591.0,False,primary 單獨不夠強
ROIC_qb0of3__FCF_P_qb1of3__None__v0,—,—,0.05970330323425643,,,-0.31706977741376663,0.41321118611378976,179.4468085106383,1.0,148.0,False,兩邊都不具 primary 資格
EV_S_qb1of3__PS_qb1of3__None__v0,—,—,0.059701843968502866,,,-0.2849694046568668,0.4280177187153931,417.1914893617021,1.0,394.0,False,兩邊都不具 primary 資格
FCF_OI_qb0of3__FCF_P_qb0of3__None__v0,—,—,0.05970028595350474,,,-0.3054793051019028,0.41628641628641627,546.3404255319149,1.0,514.0,False,兩邊都不具 primary 資格
ROIC_qb1of3__OCF_E_qb2of3__None__v0,—,—,0.05969875803177227,,,-0.27776372650853653,0.43017009847806625,189.10638297872342,1.0,174.0,False,兩邊都不具 primary 資格
DEBTRATIO_qb0of3__REV_G_qb2of3__None__v0,—,—,0.05967705712958815,,,-0.31802427126842836,0.38461538461538464,178.93617021276594,1.0,160.0,False,兩邊都不具 primary 資格
NETDEBT_EBITDA_qb0of3__ROIC_qb1of3__None__v0,—,—,0.05967609076694025,,,-0.2686317784076834,0.42680667078443485,195.10638297872342,1.0,181.4,False,兩邊都不具 primary 資格
EV_S_qb2of3__OCF_E_qb2of3__None__v0,—,—,0.059614442988398464,,,-0.28464099776804674,0.3951863354037267,147.80851063829786,1.0,127.0,False,兩邊都不具 primary 資格
FCF_OI_qb0of3__REV_G_qb2of3__None__v0,—,—,0.059594232361939836,,,-0.3355798430239576,0.39662107803700725,202.29787234042553,1.0,179.6,False,兩邊都不具 primary 資格
ACCRUAL_qb2of3__OCF_E_qb0of3__None__v0,—,—,0.05957247194429538,,,-0.3155640906861249,0.42494996664442963,431.4468085106383,1.0,419.0,False,兩邊都不具 primary 資格
REVENUE_qb2of3__ROIC_qb1of3__None__v0,—,—,0.05954667407816694,,,-0.2828596572367452,0.4518464880521361,234.91489361702128,1.0,226.0,False,兩邊都不具 primary 資格
EV_EBITDA_qb0of3__CROIC_qb2of3__None__v0,—,—,0.059484495386839864,,,-0.2577977561106357,0.4405466970387244,182.27659574468086,1.0,158.0,False,兩邊都不具 primary 資格
EV_S_qb2of3__P_IC_qb1of3__None__v0,—,—,0.05943487982247264,,,-0.32778300747099665,0.424483306836248,119.74468085106383,1.0,113.8,False,兩邊都不具 primary 資格
EV_S_qb1of3__CROIC_qb1of3__None__v0,—,—,0.05940659023941941,,,-0.27235021580385654,0.42967683204369594,190.80851063829786,1.0,179.0,False,兩邊都不具 primary 資格
FCF_OI_qb1of3__REV_G_qb2of3__None__v0,—,—,0.05936066932894479,,,-0.32110171027756473,0.41880695940347973,206.9787234042553,1.0,191.0,False,兩邊都不具 primary 資格
REVENUE_qb2of3__FCF_OI_qb2of3__None__v0,—,—,0.05932214508989664,,,-0.27911873202744164,0.45078534031413614,178.59574468085106,1.0,161.0,False,兩邊都不具 primary 資格
EPS_qb1of3__CROIC_qb1of3__None__v0,—,—,0.05930676011435154,,,-0.28861103986825676,0.4213552361396304,203.25531914893617,1.0,191.0,False,兩邊都不具 primary 資格
P_IC_qb1of3__FCF_OI_qb2of3__None__v0,—,—,0.059281704853172856,,,-0.2962764032194486,0.439891940567312,189.4255319148936,1.0,175.6,False,兩邊都不具 primary 資格
ACCRUAL_qb1of3__None__None__v0,ACCRUAL_qb1,（空集合）,0.0592710501440894,0.0592710501440894,0.0,-0.2799864564020619,0.42024202420242024,594.5957446808511,1.0,591.0,False,primary 單獨不夠強
REVENUE_qb2of3__None__None__v0,REVENUE_qb2,（空集合）,0.05926360860679192,0.05926360860679192,0.0,-0.28917827546737873,0.29718004338394793,595.4042553191489,1.0,592.0,False,primary 單獨不夠強
FCF_P_qb1of3__CROIC_qb1of3__None__v0,—,—,0.05920924107294678,,,-0.2875714039742081,0.4257406694882647,480.82978723404256,1.0,451.40000000000003,False,兩邊都不具 primary 資格
NETDEBT_EBITDA_qb0of3__REVENUE_qb2of3__None__v0,—,—,0.05915675256555142,,,-0.2874340344581774,0.47101449275362317,127.06382978723404,1.0,120.0,False,兩邊都不具 primary 資格
NETDEBT_EBITDA_qb1of3__OCF_E_qb0of3__None__v0,—,—,0.059146006578060684,,,-0.2875356390041022,0.4345883854499043,143.10638297872342,1.0,133.0,False,兩邊都不具 primary 資格
EV_EBITDA_qb1of3__EPS_qb0of3__None__v0,—,—,0.05912309679839045,,,-0.3080511412757312,0.3983050847457627,52.680851063829785,1.0,34.0,False,兩邊都不具 primary 資格
REVENUE_qb2of3__FCF_P_qb2of3__None__v0,—,—,0.05909232813080867,,,-0.28628520492137777,0.4453635176316935,227.17021276595744,1.0,191.0,False,兩邊都不具 primary 資格
PB_qb1of3__FCF_P_qb0of3__None__v0,—,—,0.05906613745007583,,,-0.2920069487115603,0.41513658755038063,192.68085106382978,1.0,175.0,False,兩邊都不具 primary 資格
PB_qb1of3__ACCRUAL_qb0of3__None__v0,—,—,0.05905900723840363,,,-0.27241167946214595,0.4264705882352941,200.9787234042553,1.0,182.0,False,兩邊都不具 primary 資格
EV_EBITDA_qb1of3__ROIC_qb1of3__None__v0,—,—,0.058966889827650304,,,-0.2734544952801641,0.42074539739559946,235.0,1.0,210.20000000000002,False,兩邊都不具 primary 資格
ACCRUAL_qb1of3__FCF_P_qb1of3__None__v0,—,—,0.058930071797032024,,,-0.27401080076400564,0.4178985217738714,187.91489361702128,1.0,173.0,False,兩邊都不具 primary 資格
EV_S_qb1of3__P_IC_qb1of3__None__v0,—,—,0.05890021067234197,,,-0.2811169282231607,0.4273162939297125,240.61702127659575,1.0,233.2,False,兩邊都不具 primary 資格
VOL_qb2of3__EPS_qb2of3__None__v0,—,—,0.058878388109045554,,,-0.3498401655255039,0.38821859474804826,197.25531914893617,1.0,176.0,False,兩邊都不具 primary 資格
PB_qb1of3__CROIC_qb0of3__None__v0,—,—,0.058779623050448704,,,-0.29130708940372607,0.41640659830584037,192.17021276595744,1.0,181.0,False,兩邊都不具 primary 資格
FCF_P_qb0of3__CROIC_qb0of3__None__v0,—,—,0.05876247968800019,,,-0.30654647386749967,0.41452031114952465,560.2978723404256,1.0,539.0,False,兩邊都不具 primary 資格
DEBTRATIO_qb0of3__ROIC_qb2of3__None__v0,—,—,0.05868108261596494,,,-0.26016657400479426,0.39559543230016314,237.74468085106383,1.0,222.0,False,兩邊都不具 primary 資格
PB_qb1of3__ACCRUAL_qb1of3__None__v0,—,—,0.05867879479461302,,,-0.26857381974917205,0.4281609195402299,193.91489361702128,1.0,182.6,False,兩邊都不具 primary 資格
MOM_qb1of3__VOL_qb0of3__None__v0,—,—,0.058645365905890534,,,-0.20339121994507625,0.4860206817311375,264.8085106382979,1.0,242.0,False,兩邊都不具 primary 資格
PB_qb0of3__REVENUE_qb2of3__None__v0,—,—,0.05857316745656593,,,-0.2904694304193447,0.5150862068965517,234.40425531914894,1.0,222.0,False,兩邊都不具 primary 資格
P_IC_qb2of3__ROIC_qb2of3__None__v0,—,—,0.058429453903624085,,,-0.2805992573315782,0.3372093023255814,325.5531914893617,1.0,306.0,False,兩邊都不具 primary 資格
REVENUE_qb2of3__CROIC_qb2of3__None__v0,—,—,0.05835892251178554,,,-0.2775937359572539,0.4526498696785404,212.6595744680851,1.0,181.0,False,兩邊都不具 primary 資格
EPS_qb1of3__None__None__v0,EPS_qb1,（空集合）,0.058296689334486285,0.058296689334486285,0.0,-0.27461007513466185,0.4246686502569651,594.1914893617021,1.0,589.0,False,primary 單獨不夠強
EV_S_qb1of3__ROIC_qb2of3__None__v0,—,—,0.05827228444834498,,,-0.2630228343690717,0.4215686274509804,231.68085106382978,1.0,222.0,False,兩邊都不具 primary 資格
DEBTRATIO_qb0of3__REVENUE_qb1of3__None__v0,—,—,0.05820592229662691,,,-0.2837768132590871,0.4161073825503356,185.51063829787233,1.0,180.0,False,兩邊都不具 primary 資格
ROIC_qb1of3__CROIC_qb1of3__None__v0,—,—,0.058196473343883115,,,-0.2955516407732549,0.4161020326823436,204.89361702127658,1.0,188.0,False,兩邊都不具 primary 資格
MOM_qb1of3__ROIC_qb1of3__None__v0,—,—,0.05818875194610329,,,-0.24461332434787286,0.44647619047619047,216.87234042553192,1.0,202.0,False,兩邊都不具 primary 資格
PS_qb1of3__ROE_qb0of3__None__v0,—,—,0.05815467231430249,,,-0.31739263719649247,0.4079273327828241,164.95744680851064,1.0,149.0,False,兩邊都不具 primary 資格
VOL_qb0of3__CROIC_qb2of3__None__v0,—,—,0.058123522917815196,,,-0.19524355777075386,0.4451320132013201,203.61702127659575,1.0,185.4,False,兩邊都不具 primary 資格
EV_S_qb1of3__EV_EBITDA_qb1of3__None__v0,—,—,0.058099644554511665,,,-0.2639538403368067,0.4143675169182717,265.8936170212766,1.0,253.0,False,兩邊都不具 primary 資格
PS_qb1of3__OCF_E_qb1of3__None__v0,—,—,0.0580784137812842,,,-0.28592618903141687,0.43115438108484005,223.63829787234042,1.0,214.0,False,兩邊都不具 primary 資格
EV_EBITDA_qb1of3__ROIC_qb2of3__None__v0,—,—,0.058075124406904655,,,-0.2519764810424,0.42422846614463383,301.8510638297872,1.0,276.0,False,兩邊都不具 primary 資格
EPS_qb1of3__OCF_E_qb0of3__None__v0,—,—,0.057996227960412705,,,-0.27972732788808063,0.43214936247723135,167.63829787234042,1.0,159.0,False,兩邊都不具 primary 資格
PS_qb1of3__ROIC_qb0of3__None__v0,—,—,0.05791212814076818,,,-0.3175130263241095,0.4094292803970223,160.31914893617022,1.0,145.0,False,兩邊都不具 primary 資格
ROIC_qb2of3__ROE_qb1of3__None__v0,—,—,0.05787695782586533,,,-0.3266821375671145,0.4454022988505747,86.8936170212766,1.0,72.4,False,兩邊都不具 primary 資格
FCF_P_qb2of3__None__None__v0,FCF_P_qb2,（空集合）,0.05782172052603274,0.05782172052603274,0.0,-0.2767753354178525,0.4337447223124391,592.531914893617,1.0,589.0,False,primary 單獨不夠強
ACCRUAL_qb1of3__OCF_E_qb0of3__None__v0,—,—,0.0578111434665054,,,-0.32628908606867524,0.3960463531015678,122.06382978723404,1.0,110.6,False,兩邊都不具 primary 資格
ACCRUAL_qb0of3__FCF_OI_qb2of3__None__v0,—,—,0.05779492855172341,,,-0.2636212831475776,0.4271356783919598,195.74468085106383,1.0,172.6,False,兩邊都不具 primary 資格
EPS_qb0of3__FCF_P_qb1of3__None__v0,—,—,0.057768484436681256,,,-0.31868881368005886,0.40304709141274236,192.85106382978722,1.0,167.0,False,兩邊都不具 primary 資格
PB_qb1of3__REVENUE_qb2of3__None__v0,—,—,0.0577617868240341,,,-0.27641447112986905,0.42296918767507,185.82978723404256,1.0,176.0,False,兩邊都不具 primary 資格
EV_EBITDA_qb1of3__REV_G_qb1of3__None__v0,—,—,0.057746364476003675,,,-0.2554320761095513,0.4496021220159151,234.95744680851064,1.0,217.0,False,兩邊都不具 primary 資格
MOM_qb1of3__EPS_qb1of3__None__v0,—,—,0.05772184458958529,,,-0.2525570839228387,0.44904214559386973,221.40425531914894,1.0,208.0,False,兩邊都不具 primary 資格
EV_EBITDA_qb1of3__VOL_qb0of3__None__v0,—,—,0.0577103038265514,,,-0.19332787917320926,0.459007551240561,221.46808510638297,1.0,201.0,False,兩邊都不具 primary 資格
DEBTRATIO_qb1of3__EPS_qb0of3__None__v0,—,—,0.0576798632986828,,,-0.34849677453853545,0.423728813559322,170.2340425531915,1.0,155.0,False,兩邊都不具 primary 資格
NETDEBT_EBITDA_qb2of3__ACCRUAL_qb2of3__None__v0,—,—,0.05767273255080396,,,-0.3387527388766999,0.42490646712987706,201.5744680851064,1.0,187.0,False,兩邊都不具 primary 資格
MOM_qb1of3__PS_qb0of3__None__v0,—,—,0.057662965033870694,,,-0.25099963322766705,0.45310312645823614,210.89361702127658,1.0,194.0,False,兩邊都不具 primary 資格
EV_S_qb1of3__DEBTRATIO_qb1of3__None__v0,—,—,0.057646811429201694,,,-0.2946836891889284,0.44849023090586143,229.38297872340425,1.0,219.6,False,兩邊都不具 primary 資格
FCF_OI_qb0of3__None__None__v0,FCF_OI_qb0,（空集合）,0.057645210897491195,0.057645210897491195,0.0,-0.3083292429302402,0.4127545010937237,593.4042553191489,1.0,590.0,False,primary 單獨不夠強
EV_S_qb1of3__VOL_qb1of3__None__v0,—,—,0.05763707957722208,,,-0.3040972693738576,0.4176844162188569,208.68085106382978,1.0,195.0,False,兩邊都不具 primary 資格
EV_S_qb1of3__EPS_qb0of3__None__v0,—,—,0.05761372472759474,,,-0.31606866014804436,0.40387722132471726,174.6595744680851,1.0,157.0,False,兩邊都不具 primary 資格
CROIC_qb0of3__None__None__v0,CROIC_qb0,（空集合）,0.05758946773262541,0.05758946773262541,0.0,-0.30859267950766434,0.4112998150327896,593.4042553191489,1.0,590.0,False,primary 單獨不夠強
EV_S_qb1of3__EV_EBITDA_qb2of3__None__v0,—,—,0.0575886633831153,,,-0.3070905771454008,0.41857585139318887,191.51063829787233,1.0,174.0,False,兩邊都不具 primary 資格
EV_S_qb1of3__OCF_E_qb1of3__None__v0,—,—,0.05754944156487185,,,-0.27937212895427943,0.4216578821274557,214.0,1.0,205.0,False,兩邊都不具 primary 資格
EV_S_qb2of3__REV_G_qb0of3__None__v0,—,—,0.057497806672199614,,,-0.29927511743480173,0.43087248322147653,230.38297872340425,1.0,214.0,False,兩邊都不具 primary 資格
REV_G_qb0of3__ROIC_qb1of3__None__v0,—,—,0.05749720757045762,,,-0.2654392779965765,0.4427402862985685,185.19148936170214,1.0,177.0,False,兩邊都不具 primary 資格
VOL_qb0of3__ROIC_qb1of3__None__v0,—,—,0.05742775706394987,,,-0.21735068510810485,0.4667651403249631,233.12765957446808,1.0,220.0,False,兩邊都不具 primary 資格
EV_EBITDA_qb1of3__DEBTRATIO_qb1of3__None__v0,—,—,0.057381647443257355,,,-0.2650997912675761,0.4165222414789139,230.5531914893617,1.0,221.0,False,兩邊都不具 primary 資格
PS_qb1of3__VOL_qb0of3__None__v0,—,—,0.05737946081555645,,,-0.21225967891876885,0.4630577907827359,197.48936170212767,1.0,189.6,False,兩邊都不具 primary 資格
FCF_OI_qb0of3__REV_G_qb0of3__None__v0,—,—,0.05731244208375719,,,-0.2841283877529762,0.4222035323801514,205.93617021276594,1.0,192.0,False,兩邊都不具 primary 資格
P_IC_qb1of3__EV_EBITDA_qb2of3__None__v0,—,—,0.05731090921961868,,,-0.30546211369924636,0.3917309039943938,166.19148936170214,1.0,157.0,False,兩邊都不具 primary 資格
EPS_qb1of3__ROIC_qb1of3__None__v0,—,—,0.05729179137396101,,,-0.27219410983012227,0.4295605057194461,395.5744680851064,1.0,363.0,False,兩邊都不具 primary 資格
DEBTRATIO_qb2of3__REVENUE_qb1of3__None__v0,—,—,0.05728299093800571,,,-0.2870095266428303,0.4434250764525994,183.91489361702128,1.0,171.0,False,兩邊都不具 primary 資格
DEBTRATIO_qb2of3__FCF_P_qb0of3__None__v0,—,—,0.057268407737714355,,,-0.29802457235499313,0.4157020634121792,209.68085106382978,1.0,191.0,False,兩邊都不具 primary 資格
DEBTRATIO_qb0of3__FCF_OI_qb0of3__None__v0,—,—,0.05722725923102212,,,-0.31113676891195374,0.4053672316384181,194.95744680851064,1.0,178.0,False,兩邊都不具 primary 資格
EV_S_qb1of3__ROE_qb1of3__None__v0,—,—,0.05718833189318229,,,-0.29308723142832305,0.4437046004842615,199.4255319148936,1.0,191.2,False,兩邊都不具 primary 資格
ACCRUAL_qb2of3__FCF_OI_qb0of3__None__v0,—,—,0.057142200760669226,,,-0.3150942286649844,0.4155697630688229,199.4255319148936,1.0,186.6,False,兩邊都不具 primary 資格
PS_qb1of3__ACCRUAL_qb1of3__None__v0,—,—,0.057113157352634225,,,-0.2879929011378304,0.42309512541410316,206.70212765957447,1.0,199.0,False,兩邊都不具 primary 資格
EV_S_qb2of3__FCF_P_qb0of3__None__v0,—,—,0.05709432286434435,,,-0.32657073611247,0.3959731543624161,203.51063829787233,1.0,166.0,False,兩邊都不具 primary 資格
VOL_qb2of3__OCF_E_qb2of3__None__v0,—,—,0.05708460891769773,,,-0.3489356184752258,0.39121951219512197,193.95744680851064,1.0,170.0,False,兩邊都不具 primary 資格
EV_EBITDA_qb1of3__REVENUE_qb2of3__None__v0,—,—,0.05707880220946837,,,-0.26527416510206847,0.4047124047124047,251.70212765957447,1.0,234.0,False,兩邊都不具 primary 資格
DEBTRATIO_qb1of3__EPS_qb2of3__None__v0,—,—,0.05704968622123907,,,-0.2803942169413022,0.3952922077922078,222.53191489361703,1.0,205.0,False,兩邊都不具 primary 資格
REVENUE_qb1of3__None__None__v0,REVENUE_qb1,（空集合）,0.056937220208656436,0.056937220208656436,0.0,-0.2832190608134322,0.41356255969436484,594.5957446808511,1.0,591.0,False,primary 單獨不夠強
ACCRUAL_qb0of3__OCF_E_qb0of3__None__v0,—,—,0.05693311592519268,,,-0.27947915521393696,0.41774891774891776,40.8936170212766,1.0,33.6,False,兩邊都不具 primary 資格
ACCRUAL_qb1of3__DEBTRATIO_qb2of3__None__v0,—,—,0.05686655115580774,,,-0.28767273712907626,0.40911648846370285,181.6595744680851,1.0,170.0,False,兩邊都不具 primary 資格
FCF_OI_qb0of3__CROIC_qb0of3__None__v0,—,—,0.05686428741504734,,,-0.309149230199519,0.41186706107534365,560.063829787234,1.0,538.0,False,兩邊都不具 primary 資格
CROIC_qb2of3__None__None__v0,CROIC_qb2,（空集合）,0.05683566604632584,0.05683566604632584,0.0,-0.2692827061165741,0.4335378323108384,593.5957446808511,1.0,590.0,False,primary 單獨不夠強
VOL_qb1of3__ACCRUAL_qb1of3__None__v0,—,—,0.056762696477055785,,,-0.30823079080127835,0.42324649298597194,193.17021276595744,1.0,183.0,False,兩邊都不具 primary 資格
DEBTRATIO_qb0of3__REV_G_qb0of3__None__v0,—,—,0.05674289448014136,,,-0.2744360942087576,0.45461309523809523,225.3404255319149,1.0,213.0,False,兩邊都不具 primary 資格
DEBTRATIO_qb0of3__FCF_P_qb1of3__None__v0,—,—,0.05672034839081985,,,-0.2734798821114197,0.4225978647686833,260.0425531914894,1.0,211.0,False,兩邊都不具 primary 資格
DEBTRATIO_qb0of3__ROE_qb2of3__None__v0,—,—,0.056697940129880164,,,-0.2672626283811228,0.41216879293424924,167.4255319148936,1.0,156.2,False,兩邊都不具 primary 資格
EV_S_qb0of3__PB_qb2of3__None__v0,EV_S_qb0,PB_qb2,0.05669519922496136,0.10160886715511852,-0.044913667930157164,-0.27756874687287314,0.40226628895184136,67.12765957446808,1.0,54.0,False,secondary 輸大盤太多；配對後退步過多
PS_qb1of3__EPS_qb1of3__None__v0,—,—,0.05661035936455305,,,-0.2790868124468734,0.41233964569334147,199.59574468085106,1.0,191.0,False,兩邊都不具 primary 資格
MOM_qb2of3__EPS_qb0of3__None__v0,MOM_qb2,EPS_qb0,0.05660787698447223,0.10205881692342578,-0.04545093993895355,-0.33084376471769106,0.36191478169384533,153.7659574468085,1.0,136.0,False,配對後退步過多
VOL_qb2of3__FCF_OI_qb2of3__None__v0,—,—,0.05660164072856255,,,-0.3405747476038815,0.4164079822616408,181.87234042553192,1.0,162.0,False,兩邊都不具 primary 資格
FCF_P_qb0of3__None__None__v0,FCF_P_qb0,（空集合）,0.05657154512566542,0.05657154512566542,0.0,-0.3049232200239894,0.4150785690404547,592.1489361702128,1.0,588.0,False,primary 單獨不夠強
PB_qb1of3__FCF_OI_qb2of3__None__v0,—,—,0.056545665641230425,,,-0.2974620698723206,0.44260830728003575,193.72340425531914,1.0,186.0,False,兩邊都不具 primary 資格
ACCRUAL_qb2of3__ROE_qb1of3__None__v0,—,—,0.05654214152987791,,,-0.30144821749839334,0.4292604501607717,196.51063829787233,1.0,187.0,False,兩邊都不具 primary 資格
PS_qb0of3__DEBTRATIO_qb0of3__None__v0,—,—,0.05651018544021791,,,-0.26565468895214206,0.455012853470437,82.02127659574468,1.0,71.8,False,兩邊都不具 primary 資格
MOM_qb2of3__EV_S_qb2of3__None__v0,MOM_qb2,EV_S_qb2,0.056487882956635094,0.10205881692342578,-0.04557093396679068,-0.3139238162754908,0.3504577822990844,177.95744680851064,1.0,150.0,False,secondary 輸大盤太多；配對後退步過多
MOM_qb1of3__FCF_P_qb0of3__None__v0,—,—,0.05648572080382208,,,-0.2942123236138736,0.4350499615680246,188.31914893617022,1.0,173.0,False,兩邊都不具 primary 資格
REVENUE_qb2of3__FCF_OI_qb1of3__None__v0,—,—,0.056471730747836846,,,-0.2862997627895165,0.42992992992992995,220.25531914893617,1.0,208.0,False,兩邊都不具 primary 資格
ACCRUAL_qb0of3__ROE_qb0of3__None__v0,—,—,0.056365091282766455,,,-0.2948250476756541,0.40807560137457044,225.72340425531914,1.0,209.0,False,兩邊都不具 primary 資格
DEBTRATIO_qb1of3__REV_G_qb0of3__None__v0,—,—,0.056335428439057145,,,-0.2828133038373387,0.4550853749072012,189.29787234042553,1.0,175.0,False,兩邊都不具 primary 資格
ACCRUAL_qb0of3__EPS_qb0of3__None__v0,—,—,0.05628482789708955,,,-0.2953697083148249,0.40601503759398494,221.27659574468086,1.0,207.0,False,兩邊都不具 primary 資格
DEBTRATIO_qb1of3__ROE_qb1of3__None__v0,—,—,0.056284796977120966,,,-0.27948355266006253,0.42659974905897113,204.19148936170214,1.0,195.6,False,兩邊都不具 primary 資格
ACCRUAL_qb2of3__REV_G_qb2of3__None__v0,—,—,0.05624263313673272,,,-0.3405507663418186,0.41960183767228176,233.68085106382978,1.0,216.6,False,兩邊都不具 primary 資格
PS_qb1of3__FCF_P_qb0of3__None__v0,—,—,0.05622505382783216,,,-0.3100496450986765,0.40917186108637577,187.59574468085106,1.0,175.0,False,兩邊都不具 primary 資格
PS_qb2of3__NETDEBT_EBITDA_qb1of3__None__v0,—,—,0.056213390428197396,,,-0.2900632015588559,0.3794940079893475,175.25531914893617,1.0,159.0,False,兩邊都不具 primary 資格
PS_qb1of3__VOL_qb1of3__None__v0,—,—,0.05619732555057899,,,-0.31450228304101946,0.41658391261171795,204.5531914893617,1.0,188.6,False,兩邊都不具 primary 資格
ACCRUAL_qb0of3__ROIC_qb1of3__None__v0,—,—,0.05612637711009949,,,-0.28371690668071725,0.4261640798226164,181.4255319148936,1.0,166.6,False,兩邊都不具 primary 資格
EV_S_qb0of3__EV_EBITDA_qb2of3__None__v0,EV_S_qb0,EV_EBITDA_qb2,0.056101950243696574,0.10160886715511852,-0.045506916911421946,-0.2839866025677692,0.4069119286510591,86.40425531914893,1.0,74.0,False,secondary 輸大盤太多；配對後退步過多
EV_S_qb0of3__P_IC_qb2of3__None__v0,EV_S_qb0,P_IC_qb2,0.056099588475673645,0.10160886715511852,-0.045509278679444876,-0.2319672833740285,0.4536082474226804,41.170212765957444,1.0,37.0,False,secondary 輸大盤太多；配對後退步過多
ACCRUAL_qb1of3__REV_G_qb0of3__None__v0,—,—,0.05599571094471001,,,-0.27391933110462086,0.4217988480283562,192.87234042553192,1.0,177.0,False,兩邊都不具 primary 資格
ACCRUAL_qb2of3__None__None__v0,ACCRUAL_qb2,（空集合）,0.05599511979435978,0.05599511979435978,0.0,-0.30723507884575285,0.42263483642793986,595.4042553191489,1.0,592.0,False,primary 單獨不夠強
P_IC_qb2of3__OCF_E_qb2of3__None__v0,—,—,0.05591625023866098,,,-0.28588370753558456,0.4104109589041096,226.80851063829786,1.0,211.6,False,兩邊都不具 primary 資格
ACCRUAL_qb0of3__CROIC_qb2of3__None__v0,—,—,0.055906104874359874,,,-0.2548604307154474,0.4266284896206156,211.9787234042553,1.0,192.0,False,兩邊都不具 primary 資格
EV_S_qb1of3__EV_EBITDA_qb0of3__None__v0,—,—,0.05588500732778079,,,-0.29781929397137097,0.4184,133.74468085106383,1.0,122.0,False,兩邊都不具 primary 資格
EV_EBITDA_qb2of3__ROIC_qb0of3__None__v0,—,—,0.0558348507785591,,,-0.3129644642390116,0.4162550516389762,230.5744680851064,1.0,200.20000000000002,False,兩邊都不具 primary 資格
MOM_qb1of3__PS_qb2of3__None__v0,—,—,0.055823581270818545,,,-0.2960869515088439,0.4387434554973822,173.10638297872342,1.0,154.0,False,兩邊都不具 primary 資格
NETDEBT_EBITDA_qb2of3__REV_G_qb0of3__None__v0,—,—,0.05581677970035659,,,-0.2834584754885522,0.44327390599675853,203.31914893617022,1.0,190.6,False,兩邊都不具 primary 資格
VOL_qb2of3__ROE_qb2of3__None__v0,—,—,0.05578635397546483,,,-0.3460510464903699,0.38586616635397125,207.08510638297872,1.0,180.0,False,兩邊都不具 primary 資格
EV_S_qb2of3__EPS_qb0of3__None__v0,—,—,0.05575988480872729,,,-0.32913999620847256,0.4320695102685624,265.0851063829787,1.0,250.0,False,兩邊都不具 primary 資格
MOM_qb1of3__DEBTRATIO_qb1of3__None__v0,—,—,0.05575459939102756,,,-0.2713957616838656,0.46143250688705234,200.82978723404256,1.0,188.0,False,兩邊都不具 primary 資格
ACCRUAL_qb0of3__REVENUE_qb2of3__None__v0,—,—,0.055744455668683024,,,-0.2848888692626511,0.43500511770726713,200.40425531914894,1.0,180.0,False,兩邊都不具 primary 資格
OCF_E_qb0of3__ROE_qb1of3__None__v0,—,—,0.05570239200120719,,,-0.29360782954854037,0.43337943752881514,166.10638297872342,1.0,158.0,False,兩邊都不具 primary 資格
P_IC_qb1of3__DEBTRATIO_qb2of3__None__v0,—,—,0.055694479827703924,,,-0.3088264076029681,0.38082191780821917,153.3404255319149,1.0,150.0,False,兩邊都不具 primary 資格
NETDEBT_EBITDA_qb2of3__DEBTRATIO_qb2of3__None__v0,—,—,0.055644370020411005,,,-0.30706575076608855,0.5080321285140562,368.21276595744683,1.0,362.6,False,兩邊都不具 primary 資格
PS_qb2of3__CROIC_qb0of3__None__v0,—,—,0.055626619565313895,,,-0.3293525965322478,0.3978444236176195,210.93617021276594,1.0,192.0,False,兩邊都不具 primary 資格
FCF_OI_qb2of3__CROIC_qb1of3__None__v0,—,—,0.05562618243639861,,,-0.3078535475864743,0.40478223740392827,84.70212765957447,1.0,53.0,False,兩邊都不具 primary 資格
PS_qb0of3__EPS_qb0of3__None__v0,—,—,0.05561027832420007,,,-0.29887299098997,0.4469026548672566,176.85106382978722,1.0,158.0,False,兩邊都不具 primary 資格
PB_qb2of3__OCF_E_qb2of3__None__v0,—,—,0.05560451824420487,,,-0.292768796591964,0.40113871635610765,250.2127659574468,1.0,229.6,False,兩邊都不具 primary 資格
EV_S_qb1of3__FCF_OI_qb2of3__None__v0,—,—,0.05557827207487409,,,-0.2841136734240959,0.4307241523650063,201.29787234042553,1.0,183.0,False,兩邊都不具 primary 資格
REV_G_qb1of3__CROIC_qb2of3__None__v0,—,—,0.055456467056672176,,,-0.24507352040322805,0.4473490427098675,208.9787234042553,1.0,196.0,False,兩邊都不具 primary 資格
EV_EBITDA_qb1of3__FCF_P_qb2of3__None__v0,—,—,0.05545329903009977,,,-0.2585930772495866,0.4378860672614962,225.29787234042553,1.0,195.0,False,兩邊都不具 primary 資格
ACCRUAL_qb1of3__CROIC_qb2of3__None__v0,—,—,0.05540067953680916,,,-0.2727457331368047,0.4298995909259948,191.4468085106383,1.0,174.8,False,兩邊都不具 primary 資格
DEBTRATIO_qb1of3__CROIC_qb2of3__None__v0,—,—,0.055372394332384056,,,-0.26082200449703785,0.43213296398891965,216.87234042553192,1.0,192.0,False,兩邊都不具 primary 資格
ACCRUAL_qb1of3__EPS_qb0of3__None__v0,—,—,0.05524518460611394,,,-0.326014213312145,0.391524643021649,201.5531914893617,1.0,187.6,False,兩邊都不具 primary 資格
P_IC_qb2of3__ROE_qb2of3__None__v0,—,—,0.05522905337821604,,,-0.27897247991330565,0.33239962651727356,293.82978723404256,1.0,278.0,False,兩邊都不具 primary 資格
ACCRUAL_qb0of3__ROIC_qb0of3__None__v0,—,—,0.055208211383044103,,,-0.29315415297858105,0.4075520833333333,223.9787234042553,1.0,206.0,False,兩邊都不具 primary 資格
DEBTRATIO_qb1of3__ROIC_qb1of3__None__v0,—,—,0.055192844607411695,,,-0.2736118649453061,0.42658227848101266,200.29787234042553,1.0,181.0,False,兩邊都不具 primary 資格
MOM_qb1of3__DEBTRATIO_qb0of3__None__v0,—,—,0.05519157743868708,,,-0.28513166291307657,0.45783730158730157,196.19148936170214,1.0,186.0,False,兩邊都不具 primary 資格
DEBTRATIO_qb1of3__EPS_qb1of3__None__v0,—,—,0.05515950840462325,,,-0.2710602326185274,0.41633986928104577,201.82978723404256,1.0,190.0,False,兩邊都不具 primary 資格
DEBTRATIO_qb1of3__ROIC_qb2of3__None__v0,—,—,0.055132924112540005,,,-0.27537611828814235,0.39728813559322035,231.14893617021278,1.0,220.0,False,兩邊都不具 primary 資格
EV_S_qb2of3__NETDEBT_EBITDA_qb1of3__None__v0,—,—,0.05511243059738047,,,-0.3102898747280516,0.36857142857142855,162.68085106382978,1.0,149.0,False,兩邊都不具 primary 資格
ACCRUAL_qb1of3__REV_G_qb2of3__None__v0,—,—,0.05510975783951588,,,-0.3205206427169147,0.4138418079096045,177.6595744680851,1.0,164.0,False,兩邊都不具 primary 資格
MOM_qb1of3__ROE_qb1of3__None__v0,—,—,0.054917847124693386,,,-0.2602483314694677,0.44763705103969753,222.7659574468085,1.0,208.0,False,兩邊都不具 primary 資格
NETDEBT_EBITDA_qb1of3__DEBTRATIO_qb1of3__None__v0,—,—,0.05488622009365063,,,-0.2760762535088823,0.40272217774219377,253.7872340425532,1.0,246.0,False,兩邊都不具 primary 資格
MOM_qb2of3__EV_EBITDA_qb2of3__None__v0,MOM_qb2,EV_EBITDA_qb2,0.05487095471094383,0.10205881692342578,-0.047187862212481946,-0.31223345857834695,0.3807181505164781,163.40425531914894,1.0,143.6,False,secondary 輸大盤太多；配對後退步過多
ACCRUAL_qb2of3__EPS_qb1of3__None__v0,—,—,0.054852022831899605,,,-0.29121792957760007,0.42080190551806274,200.3404255319149,1.0,192.0,False,兩邊都不具 primary 資格
OCF_E_qb1of3__CROIC_qb1of3__None__v0,—,—,0.054809860627399676,,,-0.27165545106070876,0.4223372781065089,206.17021276595744,1.0,188.0,False,兩邊都不具 primary 資格
EV_EBITDA_qb1of3__FCF_P_qb1of3__None__v0,—,—,0.05480644217366826,,,-0.2442094557939367,0.4334029227557411,192.0,1.0,169.0,False,兩邊都不具 primary 資格
MOM_qb1of3__VOL_qb1of3__None__v0,—,—,0.054799268499260645,,,-0.30290788370979715,0.4363354037267081,192.72340425531914,1.0,177.6,False,兩邊都不具 primary 資格
REV_G_qb1of3__None__None__v0,REV_G_qb1,（空集合）,0.05479647678723065,0.05479647678723065,0.0,-0.2717438506384622,0.43831902394939,593.2978723404256,1.0,591.0,False,primary 單獨不夠強
ACCRUAL_qb1of3__ROE_qb0of3__None__v0,—,—,0.05478741032462486,,,-0.3129317639405773,0.3996333638863428,204.72340425531914,1.0,189.6,False,兩邊都不具 primary 資格
PS_qb1of3__CROIC_qb0of3__None__v0,—,—,0.05474175838209594,,,-0.30733727904622865,0.40591872791519434,190.17021276595744,1.0,178.8,False,兩邊都不具 primary 資格
EV_EBITDA_qb1of3__FCF_P_qb0of3__None__v0,—,—,0.0546944119816859,,,-0.30682877648611795,0.419482229047828,173.85106382978722,1.0,156.2,False,兩邊都不具 primary 資格
FCF_OI_qb2of3__ROIC_qb2of3__None__v0,—,—,0.05469412432051701,,,-0.26976915323762496,0.4466745375836285,202.5531914893617,1.0,162.0,False,兩邊都不具 primary 資格
EV_EBITDA_qb1of3__FCF_OI_qb1of3__None__v0,—,—,0.054633212455923674,,,-0.2565817906411443,0.4290007513148009,225.2127659574468,1.0,210.0,False,兩邊都不具 primary 資格
EV_S_qb2of3__CROIC_qb0of3__None__v0,—,—,0.05460384851453548,,,-0.33629812572381645,0.3931469792605951,209.80851063829786,1.0,194.0,False,兩邊都不具 primary 資格
VOL_qb2of3__ROIC_qb1of3__None__v0,—,—,0.05450293665737971,,,-0.3662794711238143,0.38457207207207206,159.9787234042553,1.0,147.8,False,兩邊都不具 primary 資格
PB_qb1of3__EPS_qb1of3__None__v0,—,—,0.05449415716752548,,,-0.26038709165613705,0.42543077837195487,218.12765957446808,1.0,203.0,False,兩邊都不具 primary 資格
FCF_OI_qb1of3__ROE_qb0of3__None__v0,—,—,0.054453885321855244,,,-0.3165508660600894,0.40770042194092826,162.3404255319149,1.0,132.0,False,兩邊都不具 primary 資格
ACCRUAL_qb2of3__REV_G_qb0of3__None__v0,—,—,0.05445188013594637,,,-0.29060998014301453,0.4235239423523942,179.82978723404256,1.0,165.0,False,兩邊都不具 primary 資格
PS_qb1of3__ROE_qb1of3__None__v0,—,—,0.05442617541138972,,,-0.2989168757520577,0.4208990075890251,203.17021276595744,1.0,195.2,False,兩邊都不具 primary 資格
REVENUE_qb2of3__FCF_P_qb1of3__None__v0,—,—,0.05439869012002796,,,-0.2777891115126002,0.42452284557547715,163.14893617021278,1.0,149.0,False,兩邊都不具 primary 資格
DEBTRATIO_qb0of3__OCF_E_qb1of3__None__v0,—,—,0.054370925876594534,,,-0.2712143075299307,0.4211775878442545,258.0,1.0,246.0,False,兩邊都不具 primary 資格
DEBTRATIO_qb2of3__ROE_qb0of3__None__v0,—,—,0.05429891269434628,,,-0.2901836621231054,0.4503610108303249,213.06382978723406,1.0,198.8,False,兩邊都不具 primary 資格
PS_qb0of3__VOL_qb2of3__None__v0,—,—,0.05426011327392066,,,-0.32012316604793034,0.3909164639091646,144.59574468085106,1.0,134.0,False,兩邊都不具 primary 資格
REVENUE_qb2of3__CROIC_qb1of3__None__v0,—,—,0.05425418988264896,,,-0.285000186348789,0.4331632653061224,179.19148936170214,1.0,164.0,False,兩邊都不具 primary 資格
OCF_E_qb2of3__ROE_qb0of3__None__v0,—,—,0.05424935738757419,,,-0.2782759728705737,0.40787269681742044,91.36170212765957,1.0,76.0,False,兩邊都不具 primary 資格
EV_EBITDA_qb1of3__ACCRUAL_qb2of3__None__v0,—,—,0.05420786380190723,,,-0.2827075862794797,0.4424959216965742,198.12765957446808,1.0,182.20000000000002,False,兩邊都不具 primary 資格
MOM_qb1of3__CROIC_qb0of3__None__v0,—,—,0.054060013823541864,,,-0.2942740041743981,0.4350325795323879,187.2127659574468,1.0,173.0,False,兩邊都不具 primary 資格
ACCRUAL_qb1of3__CROIC_qb1of3__None__v0,—,—,0.054041074988300464,,,-0.2686331394846335,0.41226053639846744,195.08510638297872,1.0,176.0,False,兩邊都不具 primary 資格
P_IC_qb1of3__EV_EBITDA_qb1of3__None__v0,—,—,0.05403937290599781,,,-0.2745547243824098,0.4064994298745724,225.5531914893617,1.0,209.0,False,兩邊都不具 primary 資格
NETDEBT_EBITDA_qb0of3__ROE_qb1of3__None__v0,—,—,0.05399806043972366,,,-0.2850596368779328,0.43080625752105894,225.7659574468085,1.0,207.6,False,兩邊都不具 primary 資格
EPS_qb0of3__OCF_E_qb1of3__None__v0,—,—,0.05398516055025704,,,-0.3187339790025995,0.4055636896046852,181.9787234042553,1.0,162.0,False,兩邊都不具 primary 資格
NETDEBT_EBITDA_qb2of3__EV_EBITDA_qb0of3__None__v0,—,—,0.053954715895744965,,,-0.32361383009107336,0.4066937119675456,135.0,1.0,107.0,False,兩邊都不具 primary 資格
PB_qb2of3__EPS_qb2of3__None__v0,—,—,0.0539003142681127,,,-0.28561927923262176,0.3006134969325153,293.9148936170213,1.0,280.0,False,兩邊都不具 primary 資格
ACCRUAL_qb1of3__FCF_P_qb2of3__None__v0,—,—,0.053893110238188324,,,-0.275996972873091,0.42466266866566715,196.80851063829786,1.0,178.8,False,兩邊都不具 primary 資格
REVENUE_qb1of3__OCF_E_qb2of3__None__v0,—,—,0.05385227679978,,,-0.2745986913636149,0.42886075949367086,218.4255319148936,1.0,202.0,False,兩邊都不具 primary 資格
EV_S_qb1of3__NETDEBT_EBITDA_qb2of3__None__v0,—,—,0.053770124305446476,,,-0.31134386212924803,0.458628841607565,219.51063829787233,1.0,211.0,False,兩邊都不具 primary 資格
MOM_qb2of3__PB_qb2of3__None__v0,MOM_qb2,PB_qb2,0.053745860664882183,0.10205881692342578,-0.04831295625854359,-0.30456659949888565,0.360719494409334,193.87234042553192,1.0,163.0,False,secondary 輸大盤太多；配對後退步過多
PB_qb2of3__ROIC_qb2of3__None__v0,—,—,0.05369472544227416,,,-0.29049130707400317,0.3145580589254766,308.36170212765956,1.0,295.0,False,兩邊都不具 primary 資格
FCF_OI_qb2of3__None__None__v0,FCF_OI_qb2,（空集合）,0.05369401518789618,0.05369401518789618,0.0,-0.27528302817210315,0.4391657010428737,593.5957446808511,1.0,590.0,False,primary 單獨不夠強
PS_qb2of3__FCF_OI_qb0of3__None__v0,—,—,0.05363988843234857,,,-0.32708140297245103,0.39820075757575757,219.4255319148936,1.0,205.6,False,兩邊都不具 primary 資格
EV_EBITDA_qb2of3__VOL_qb2of3__None__v0,—,—,0.05362027402901215,,,-0.36556033281054867,0.37782340862423,243.12765957446808,1.0,222.0,False,兩邊都不具 primary 資格
P_IC_qb0of3__REV_G_qb1of3__None__v0,—,—,0.05358233683038782,,,-0.2824038276487083,0.4458128078817734,210.40425531914894,1.0,197.0,False,兩邊都不具 primary 資格
VOL_qb0of3__REV_G_qb1of3__None__v0,—,—,0.05355284191673704,,,-0.19556190676506569,0.46771946121690666,245.2127659574468,1.0,225.0,False,兩邊都不具 primary 資格
VOL_qb2of3__REVENUE_qb2of3__None__v0,—,—,0.05347995720397258,,,-0.3735634136165755,0.3606060606060606,154.53191489361703,1.0,140.0,False,兩邊都不具 primary 資格
ROIC_qb2of3__FCF_P_qb2of3__None__v0,—,—,0.05347744379549835,,,-0.2646589136757892,0.4474497681607419,199.19148936170214,1.0,167.0,False,兩邊都不具 primary 資格
NETDEBT_EBITDA_qb1of3__REV_G_qb1of3__None__v0,—,—,0.05346245461806598,,,-0.2542592198431354,0.4495060373216246,211.48936170212767,1.0,193.4,False,兩邊都不具 primary 資格
PB_qb2of3__ROE_qb2of3__None__v0,—,—,0.053440161470055925,,,-0.28110362327800964,0.3229078613693998,314.2340425531915,1.0,303.0,False,兩邊都不具 primary 資格
FCF_OI_qb2of3__REV_G_qb2of3__None__v0,—,—,0.05341787194065484,,,-0.30044153157778564,0.42452412571934484,184.19148936170214,1.0,162.8,False,兩邊都不具 primary 資格
EV_EBITDA_qb0of3__FCF_OI_qb2of3__None__v0,—,—,0.05339788832804171,,,-0.2772063166141566,0.4354341119435875,194.89361702127658,1.0,174.0,False,兩邊都不具 primary 資格
VOL_qb2of3__None__None__v0,VOL_qb2,（空集合）,0.05338783577065476,0.05338783577065476,0.0,-0.34233521067943795,0.36138014527845036,590.0212765957447,1.0,582.0,False,primary 單獨不夠強
EV_S_qb1of3__OCF_E_qb2of3__None__v0,—,—,0.053335360625408335,,,-0.2704251144712283,0.41437007874015747,213.74468085106383,1.0,197.0,False,兩邊都不具 primary 資格
FCF_P_qb2of3__CROIC_qb2of3__None__v0,—,—,0.05329747630627457,,,-0.27416488919836524,0.4330777274311607,511.63829787234044,1.0,474.8,False,兩邊都不具 primary 資格
PB_qb2of3__DEBTRATIO_qb2of3__None__v0,—,—,0.05324688758884566,,,-0.30383591847693203,0.36394557823129253,200.2127659574468,1.0,189.0,False,兩邊都不具 primary 資格
EV_EBITDA_qb2of3__ROE_qb0of3__None__v0,—,—,0.053210743688046236,,,-0.30550259499851884,0.40660295395308427,242.61702127659575,1.0,202.4,False,兩邊都不具 primary 資格
PB_qb2of3__EV_EBITDA_qb1of3__None__v0,—,—,0.053165428467620846,,,-0.2568168931160163,0.4185667752442997,191.2340425531915,1.0,174.0,False,兩邊都不具 primary 資格
EV_S_qb1of3__CROIC_qb2of3__None__v0,—,—,0.05315862493569656,,,-0.2791780653454241,0.4304932735426009,209.7659574468085,1.0,194.0,False,兩邊都不具 primary 資格
P_IC_qb1of3__ACCRUAL_qb1of3__None__v0,—,—,0.05312216616375287,,,-0.2780507088096672,0.42004889975550125,199.74468085106383,1.0,190.0,False,兩邊都不具 primary 資格
REV_G_qb1of3__ROE_qb0of3__None__v0,—,—,0.053038233148177794,,,-0.32072901166987855,0.4237187127532777,151.46808510638297,1.0,140.0,False,兩邊都不具 primary 資格
EV_S_qb1of3__P_IC_qb2of3__None__v0,—,—,0.05299995657843559,,,-0.27524125751059403,0.4315352697095436,198.68085106382978,1.0,188.2,False,兩邊都不具 primary 資格
EPS_qb1of3__ROE_qb1of3__None__v0,—,—,0.05298327118733992,,,-0.27346731098395516,0.43248882265275707,419.6808510638298,1.0,403.0,False,兩邊都不具 primary 資格
FCF_OI_qb2of3__ROE_qb1of3__None__v0,—,—,0.052972901866321864,,,-0.2784297076808374,0.44320987654320987,197.51063829787233,1.0,187.0,False,兩邊都不具 primary 資格
VOL_qb0of3__DEBTRATIO_qb1of3__None__v0,—,—,0.05294257348727016,,,-0.21555937726181584,0.4612310151878497,184.7872340425532,1.0,175.0,False,兩邊都不具 primary 資格
PS_qb1of3__CROIC_qb2of3__None__v0,—,—,0.052888635424674035,,,-0.2783108449009427,0.4345718901453958,210.70212765957447,1.0,185.8,False,兩邊都不具 primary 資格
ACCRUAL_qb1of3__ROIC_qb0of3__None__v0,—,—,0.05278138104277619,,,-0.31295982309878967,0.40256762952773956,204.7659574468085,1.0,193.20000000000002,False,兩邊都不具 primary 資格
EPS_qb2of3__FCF_P_qb0of3__None__v0,—,—,0.052778210557064886,,,-0.31039197071125546,0.4247460757156048,170.51063829787233,1.0,157.0,False,兩邊都不具 primary 資格
EPS_qb1of3__CROIC_qb2of3__None__v0,—,—,0.05276979038269425,,,-0.26496514535444093,0.43014996053670085,199.70212765957447,1.0,188.6,False,兩邊都不具 primary 資格
PS_qb2of3__None__None__v0,PS_qb2,（空集合）,0.05266760279386751,0.05266760279386751,0.0,-0.30628362659811537,0.37465309898242366,595.1489361702128,1.0,591.0,False,primary 單獨不夠強
VOL_qb0of3__EPS_qb0of3__None__v0,—,—,0.05257756314812112,,,-0.26318966863680615,0.42710997442455245,162.87234042553192,1.0,137.0,False,兩邊都不具 primary 資格
MOM_qb1of3__REVENUE_qb1of3__None__v0,—,—,0.05248883207480204,,,-0.26899532296561957,0.4604628736740598,199.74468085106383,1.0,186.0,False,兩邊都不具 primary 資格
VOL_qb1of3__REVENUE_qb2of3__None__v0,—,—,0.05247538548463049,,,-0.31698821952484046,0.43547400611620796,212.14893617021278,1.0,197.0,False,兩邊都不具 primary 資格
FCF_OI_qb2of3__CROIC_qb2of3__None__v0,—,—,0.05246866419417473,,,-0.2760662775209547,0.4349680170575693,506.59574468085106,1.0,470.2,False,兩邊都不具 primary 資格
REV_G_qb2of3__FCF_P_qb1of3__None__v0,—,—,0.05244394983693956,,,-0.31871693328649486,0.41980936593452134,211.68085106382978,1.0,203.0,False,兩邊都不具 primary 資格
EPS_qb0of3__REV_G_qb1of3__None__v0,—,—,0.052427688974702624,,,-0.32746711560087216,0.41606714628297364,150.82978723404256,1.0,139.0,False,兩邊都不具 primary 資格
REVENUE_qb1of3__FCF_OI_qb1of3__None__v0,—,—,0.052408472791792615,,,-0.2826321183891993,0.42092689918776877,211.7872340425532,1.0,200.0,False,兩邊都不具 primary 資格
DEBTRATIO_qb2of3__EPS_qb0of3__None__v0,—,—,0.0521970170526278,,,-0.28957012191358356,0.44933920704845814,215.51063829787233,1.0,199.0,False,兩邊都不具 primary 資格
VOL_qb0of3__FCF_OI_qb2of3__None__v0,—,—,0.05218747245236721,,,-0.2045245631432785,0.45245077503142017,208.5744680851064,1.0,187.0,False,兩邊都不具 primary 資格
DEBTRATIO_qb1of3__ROE_qb2of3__None__v0,—,—,0.05216986536549917,,,-0.2765601204925804,0.3965156794425087,219.17021276595744,1.0,209.0,False,兩邊都不具 primary 資格
REVENUE_qb1of3__FCF_P_qb0of3__None__v0,—,—,0.052160730667222266,,,-0.30607751125590665,0.41521841240018786,190.9787234042553,1.0,173.0,False,兩邊都不具 primary 資格
PS_qb0of3__OCF_E_qb1of3__None__v0,—,—,0.05214106088960002,,,-0.26106765559644984,0.4213197969543147,168.5531914893617,1.0,156.0,False,兩邊都不具 primary 資格
ROE_qb1of3__CROIC_qb2of3__None__v0,—,—,0.05212650301060573,,,-0.2747453362155504,0.43491938655131734,199.51063829787233,1.0,185.0,False,兩邊都不具 primary 資格
MOM_qb1of3__FCF_OI_qb0of3__None__v0,—,—,0.052118191487087406,,,-0.29413407044972684,0.43186180422264875,187.40425531914894,1.0,169.0,False,兩邊都不具 primary 資格
NETDEBT_EBITDA_qb2of3__None__None__v0,NETDEBT_EBITDA_qb2,（空集合）,0.05211699807834558,0.05211699807834558,0.0,-0.30727623146239025,0.5523349436392915,591.4255319148937,1.0,588.0,False,primary 單獨不夠強
P_IC_qb1of3__REVENUE_qb1of3__None__v0,—,—,0.052110326898696435,,,-0.28294308052886263,0.4245939675174014,214.2340425531915,1.0,204.6,False,兩邊都不具 primary 資格
ACCRUAL_qb2of3__EPS_qb2of3__None__v0,—,—,0.05207605423245609,,,-0.28936754772648143,0.4445357436318817,223.5531914893617,1.0,207.2,False,兩邊都不具 primary 資格
PS_qb1of3__FCF_OI_qb0of3__None__v0,—,—,0.052034142086378354,,,-0.31132527230958584,0.4049733570159858,190.19148936170214,1.0,179.8,False,兩邊都不具 primary 資格
REVENUE_qb1of3__CROIC_qb0of3__None__v0,—,—,0.05202160200485917,,,-0.30980376840526846,0.4087694483734088,189.51063829787233,1.0,171.0,False,兩邊都不具 primary 資格
DEBTRATIO_qb0of3__EPS_qb2of3__None__v0,—,—,0.05195646630443118,,,-0.2635513708336915,0.38035527690700105,184.25531914893617,1.0,177.4,False,兩邊都不具 primary 資格
EV_S_qb1of3__EPS_qb1of3__None__v0,—,—,0.05183854514314756,,,-0.27881661275588854,0.41915028535193405,199.7872340425532,1.0,191.2,False,兩邊都不具 primary 資格
EV_S_qb1of3__REV_G_qb2of3__None__v0,—,—,0.05178437411321757,,,-0.31509237032591497,0.39407313997477933,188.51063829787233,1.0,178.0,False,兩邊都不具 primary 資格
EV_EBITDA_qb1of3__CROIC_qb0of3__None__v0,—,—,0.05177997781771415,,,-0.30928550256125076,0.4135503739551254,172.93617021276594,1.0,157.4,False,兩邊都不具 primary 資格
FCF_OI_qb2of3__FCF_P_qb2of3__None__v0,—,—,0.051738031445460075,,,-0.27482567483626286,0.43739440585695516,482.29787234042556,1.0,436.2,False,兩邊都不具 primary 資格
NETDEBT_EBITDA_qb0of3__VOL_qb2of3__None__v0,—,—,0.05168031415795693,,,-0.33221782413013934,0.3872549019607843,208.82978723404256,1.0,200.0,False,兩邊都不具 primary 資格
NETDEBT_EBITDA_qb2of3__VOL_qb0of3__None__v0,—,—,0.051668608361549184,,,-0.24360981112764302,0.4844928751047779,205.95744680851064,1.0,184.0,False,兩邊都不具 primary 資格
P_IC_qb2of3__REVENUE_qb2of3__None__v0,—,—,0.05166800215813838,,,-0.30951886094613257,0.26198083067092653,143.12765957446808,1.0,129.0,False,兩邊都不具 primary 資格
EV_EBITDA_qb1of3__EPS_qb1of3__None__v0,—,—,0.051634302617054484,,,-0.2720243962005666,0.41309255079006774,242.95744680851064,1.0,220.60000000000002,False,兩邊都不具 primary 資格
VOL_qb2of3__REV_G_qb2of3__None__v0,—,—,0.05163068302545448,,,-0.3534875310996516,0.3673772930094199,257.3404255319149,1.0,249.0,False,兩邊都不具 primary 資格
DEBTRATIO_qb1of3__FCF_OI_qb1of3__None__v0,—,—,0.051574673844243746,,,-0.28527539066911045,0.41293774319066145,198.25531914893617,1.0,186.0,False,兩邊都不具 primary 資格
NETDEBT_EBITDA_qb0of3__FCF_OI_qb2of3__None__v0,—,—,0.0515174185554772,,,-0.2771724034838453,0.4194139194139194,198.31914893617022,1.0,171.0,False,兩邊都不具 primary 資格
DEBTRATIO_qb1of3__FCF_OI_qb2of3__None__v0,—,—,0.051509574644926115,,,-0.27660296973704557,0.4329852045256745,203.31914893617022,1.0,182.0,False,兩邊都不具 primary 資格
PB_qb2of3__REVENUE_qb2of3__None__v0,—,—,0.0515042923966158,,,-0.3084407931448996,0.2546728971962617,175.10638297872342,1.0,161.0,False,兩邊都不具 primary 資格
REV_G_qb1of3__OCF_E_qb2of3__None__v0,—,—,0.051292451163348796,,,-0.24782336372314928,0.4324437030859049,214.29787234042553,1.0,202.6,False,兩邊都不具 primary 資格
PS_qb2of3__NETDEBT_EBITDA_qb0of3__None__v0,—,—,0.05127440121444504,,,-0.3020339925072515,0.42133333333333334,267.70212765957444,1.0,257.0,False,兩邊都不具 primary 資格
PS_qb2of3__DEBTRATIO_qb0of3__None__v0,—,—,0.05126595867041939,,,-0.30479663207046814,0.4011142061281337,313.29787234042556,1.0,301.0,False,兩邊都不具 primary 資格
DEBTRATIO_qb2of3__ROE_qb1of3__None__v0,—,—,0.051241130756310316,,,-0.29354447922254157,0.4398848092152628,173.53191489361703,1.0,159.0,False,兩邊都不具 primary 資格
DEBTRATIO_qb0of3__CROIC_qb1of3__None__v0,—,—,0.05116431907113994,,,-0.28803543380851027,0.4212233549582947,221.59574468085106,1.0,187.4,False,兩邊都不具 primary 資格
DEBTRATIO_qb1of3__REVENUE_qb2of3__None__v0,—,—,0.05110843639639118,,,-0.30000107761574846,0.4036363636363636,211.3404255319149,1.0,206.0,False,兩邊都不具 primary 資格
ROE_qb1of3__None__None__v0,ROE_qb1,（空集合）,0.051070796642289196,0.051070796642289196,0.0,-0.28929156812584933,0.4354919678714859,594.5957446808511,1.0,591.0,False,primary 單獨不夠強
ROIC_qb1of3__OCF_E_qb0of3__None__v0,—,—,0.05105808540059975,,,-0.28897917255342387,0.41808415398388543,173.59574468085106,1.0,165.0,False,兩邊都不具 primary 資格
DEBTRATIO_qb1of3__FCF_OI_qb0of3__None__v0,—,—,0.050971192705584256,,,-0.32127399350117436,0.4155666818388712,193.0212765957447,1.0,171.8,False,兩邊都不具 primary 資格
OCF_E_qb0of3__CROIC_qb2of3__None__v0,—,—,0.050945824764925485,,,-0.2969363913704335,0.4258521469676848,163.06382978723406,1.0,140.0,False,兩邊都不具 primary 資格
FCF_OI_qb1of3__OCF_E_qb0of3__None__v0,—,—,0.0509245968251284,,,-0.3150457382493861,0.4186643835616438,178.0212765957447,1.0,150.4,False,兩邊都不具 primary 資格
MOM_qb0of3__REVENUE_qb0of3__None__v0,—,—,0.05092399634671252,,,-0.3025810022913865,0.46121883656509693,216.2340425531915,1.0,195.0,False,兩邊都不具 primary 資格
MOM_qb1of3__VOL_qb2of3__None__v0,—,—,0.05089702623316161,,,-0.34032715884235487,0.40437158469945356,132.61702127659575,1.0,120.2,False,兩邊都不具 primary 資格
EV_EBITDA_qb1of3__REVENUE_qb1of3__None__v0,—,—,0.050890696895086185,,,-0.26963505066804494,0.42324983943481054,227.95744680851064,1.0,219.6,False,兩邊都不具 primary 資格
DEBTRATIO_qb1of3__OCF_E_qb0of3__None__v0,—,—,0.05087425178712013,,,-0.3151521310573677,0.42480983031012287,170.63829787234042,1.0,160.0,False,兩邊都不具 primary 資格
EPS_qb2of3__ROE_qb1of3__None__v0,—,—,0.05073951534435195,,,-0.30020807086554047,0.46074201898188094,115.59574468085107,1.0,92.6,False,兩邊都不具 primary 資格
OCF_E_qb1of3__FCF_P_qb1of3__None__v0,—,—,0.050713338870004954,,,-0.2829150830419448,0.42328042328042326,205.89361702127658,1.0,190.0,False,兩邊都不具 primary 資格
EV_EBITDA_qb1of3__REV_G_qb0of3__None__v0,—,—,0.05062881525473295,,,-0.2583375102866732,0.42764857881136953,143.08510638297872,1.0,131.6,False,兩邊都不具 primary 資格
P_IC_qb1of3__REVENUE_qb2of3__None__v0,—,—,0.05051301946277742,,,-0.28840552329030045,0.41652613827993257,180.08510638297872,1.0,172.0,False,兩邊都不具 primary 資格
EV_S_qb1of3__OCF_E_qb0of3__None__v0,—,—,0.050406032654325195,,,-0.31999353333603275,0.4245125348189415,163.40425531914894,1.0,148.0,False,兩邊都不具 primary 資格
ACCRUAL_qb2of3__ROIC_qb1of3__None__v0,—,—,0.0503028486240924,,,-0.2906813954109141,0.4211375554659137,196.31914893617022,1.0,182.0,False,兩邊都不具 primary 資格
EV_S_qb2of3__FCF_OI_qb0of3__None__v0,—,—,0.050279505041050054,,,-0.3361250899752336,0.3946290395994538,217.59574468085106,1.0,204.0,False,兩邊都不具 primary 資格
PB_qb2of3__ACCRUAL_qb0of3__None__v0,—,—,0.05020975861357746,,,-0.30025274625241183,0.4104823747680891,213.2127659574468,1.0,190.0,False,兩邊都不具 primary 資格
EPS_qb2of3__FCF_OI_qb0of3__None__v0,—,—,0.05019443141914626,,,-0.3129427170536716,0.4231656668204892,169.95744680851064,1.0,158.0,False,兩邊都不具 primary 資格
REV_G_qb2of3__FCF_P_qb0of3__None__v0,—,—,0.050185275633884086,,,-0.3324603352172033,0.3920545746388443,201.29787234042553,1.0,177.20000000000002,False,兩邊都不具 primary 資格
REVENUE_qb1of3__EPS_qb1of3__None__v0,—,—,0.050184126862208966,,,-0.27863719697836753,0.3991031390134529,219.06382978723406,1.0,203.4,False,兩邊都不具 primary 資格
DEBTRATIO_qb0of3__EPS_qb1of3__None__v0,—,—,0.05013817002724119,,,-0.2816213736909471,0.41237113402061853,201.5531914893617,1.0,186.0,False,兩邊都不具 primary 資格
MOM_qb1of3__OCF_E_qb1of3__None__v0,—,—,0.05006720650319263,,,-0.2793583143350916,0.4378017081321946,211.04255319148936,1.0,200.6,False,兩邊都不具 primary 資格
EV_EBITDA_qb2of3__EPS_qb0of3__None__v0,—,—,0.05006355839353693,,,-0.32691376164122643,0.4080137871607066,250.7872340425532,1.0,209.60000000000002,False,兩邊都不具 primary 資格
P_IC_qb1of3__OCF_E_qb1of3__None__v0,—,—,0.05005592583343632,,,-0.2972131871621734,0.43484486873508355,214.48936170212767,1.0,202.0,False,兩邊都不具 primary 資格
EV_S_qb1of3__ROE_qb0of3__None__v0,—,—,0.050014293574730084,,,-0.3126231531110103,0.4067656765676568,174.27659574468086,1.0,162.0,False,兩邊都不具 primary 資格
PS_qb2of3__OCF_E_qb2of3__None__v0,—,—,0.049969090946072825,,,-0.2792408883457187,0.4027676620538966,151.7872340425532,1.0,131.2,False,兩邊都不具 primary 資格
EPS_qb2of3__CROIC_qb0of3__None__v0,—,—,0.049962255949944634,,,-0.3148560937617214,0.41898148148148145,175.48936170212767,1.0,150.0,False,兩邊都不具 primary 資格
MOM_qb1of3__ACCRUAL_qb1of3__None__v0,—,—,0.049843664539961585,,,-0.27122122535916116,0.4376156978896705,206.68085106382978,1.0,195.0,False,兩邊都不具 primary 資格
REVENUE_qb1of3__FCF_OI_qb0of3__None__v0,—,—,0.04984010023649188,,,-0.31255260580688027,0.407319391634981,189.53191489361703,1.0,171.0,False,兩邊都不具 primary 資格
EV_S_qb0of3__NETDEBT_EBITDA_qb2of3__None__v0,EV_S_qb0,NETDEBT_EBITDA_qb2,0.0498235666660487,0.10160886715511852,-0.05178530048906982,-0.285801666684246,0.4804928131416838,151.68085106382978,1.0,137.0,False,secondary 輸大盤太多；配對後退步過多
DEBTRATIO_qb1of3__CROIC_qb1of3__None__v0,—,—,0.04980726517667211,,,-0.30452052464850177,0.4203109815354713,180.7659574468085,1.0,168.0,False,兩邊都不具 primary 資格
VOL_qb1of3__REV_G_qb0of3__None__v0,—,—,0.049751842008245006,,,-0.3069188269219153,0.4264382960035134,206.46808510638297,1.0,194.0,False,兩邊都不具 primary 資格
EPS_qb1of3__ROIC_qb2of3__None__v0,—,—,0.04971375377787468,,,-0.2861046409793011,0.42962417096536476,137.74468085106383,1.0,116.0,False,兩邊都不具 primary 資格
EPS_qb1of3__FCF_P_qb1of3__None__v0,—,—,0.049648329478075626,,,-0.2868787512290101,0.4228899690676094,189.38297872340425,1.0,174.0,False,兩邊都不具 primary 資格
REV_G_qb1of3__CROIC_qb0of3__None__v0,—,—,0.04963400657815642,,,-0.3128887890948001,0.42105263157894735,185.38297872340425,1.0,175.6,False,兩邊都不具 primary 資格
FCF_OI_qb2of3__REV_G_qb0of3__None__v0,—,—,0.04962957140020885,,,-0.2836760726071118,0.41755634638196915,212.9787234042553,1.0,198.6,False,兩邊都不具 primary 資格
DEBTRATIO_qb2of3__ROIC_qb0of3__None__v0,—,—,0.0495939154707834,,,-0.28000979696680917,0.447993447993448,240.5744680851064,1.0,203.6,False,兩邊都不具 primary 資格
ACCRUAL_qb0of3__REVENUE_qb1of3__None__v0,—,—,0.049498216501065784,,,-0.2978599488515271,0.4252005663048608,201.40425531914894,1.0,189.2,False,兩邊都不具 primary 資格
EV_S_qb1of3__ROIC_qb0of3__None__v0,—,—,0.04944139809721704,,,-0.3142832150359589,0.4088628762541806,167.68085106382978,1.0,151.0,False,兩邊都不具 primary 資格
EV_EBITDA_qb1of3__ACCRUAL_qb0of3__None__v0,—,—,0.049435779597574836,,,-0.26091938834899153,0.4289308176100629,193.89361702127658,1.0,181.0,False,兩邊都不具 primary 資格
PS_qb1of3__FCF_OI_qb2of3__None__v0,—,—,0.04943124934309662,,,-0.2876121951912647,0.4335095567303782,210.0,1.0,182.6,False,兩邊都不具 primary 資格
FCF_OI_qb1of3__ROIC_qb0of3__None__v0,—,—,0.04940249489321169,,,-0.31748476227990485,0.40736728060671723,156.36170212765958,1.0,124.0,False,兩邊都不具 primary 資格
REV_G_qb1of3__FCF_P_qb2of3__None__v0,—,—,0.049394164175095456,,,-0.2453432575230836,0.4444854297307267,213.06382978723406,1.0,202.4,False,兩邊都不具 primary 資格
REVENUE_qb1of3__FCF_P_qb1of3__None__v0,—,—,0.049374850526667124,,,-0.28471561654683997,0.41609756097560974,197.46808510638297,1.0,181.0,False,兩邊都不具 primary 資格
EV_EBITDA_qb2of3__OCF_E_qb2of3__None__v0,—,—,0.0493158510763132,,,-0.3094083246588374,0.40871483728626584,157.36170212765958,1.0,149.0,False,兩邊都不具 primary 資格
PB_qb1of3__REVENUE_qb1of3__None__v0,—,—,0.04918963151871325,,,-0.2749221442916835,0.4279379157427938,203.53191489361703,1.0,197.2,False,兩邊都不具 primary 資格
REVENUE_qb1of3__REV_G_qb2of3__None__v0,—,—,0.049161134763809455,,,-0.3190690206996595,0.3961593172119488,201.38297872340425,1.0,192.0,False,兩邊都不具 primary 資格
ACCRUAL_qb0of3__FCF_OI_qb0of3__None__v0,—,—,0.04909475322005008,,,-0.30660819436641873,0.41405319571258437,183.89361702127658,1.0,167.2,False,兩邊都不具 primary 資格
REV_G_qb1of3__OCF_E_qb1of3__None__v0,—,—,0.04909317644079758,,,-0.2750796723413267,0.4272373540856031,221.25531914893617,1.0,205.0,False,兩邊都不具 primary 資格
OCF_E_qb0of3__FCF_P_qb1of3__None__v0,—,—,0.04894877617974713,,,-0.3229791860408482,0.4178053830227743,186.74468085106383,1.0,175.0,False,兩邊都不具 primary 資格
EV_S_qb1of3__FCF_P_qb2of3__None__v0,—,—,0.048936790805597985,,,-0.2840892808793868,0.4211618257261411,205.91489361702128,1.0,192.4,False,兩邊都不具 primary 資格
VOL_qb0of3__ACCRUAL_qb1of3__None__v0,—,—,0.048893680740375256,,,-0.21549180417698766,0.4426014840680925,217.36170212765958,1.0,199.0,False,兩邊都不具 primary 資格
ACCRUAL_qb1of3__REV_G_qb1of3__None__v0,—,—,0.04882300309222032,,,-0.2641672016476555,0.4250191277735272,223.38297872340425,1.0,212.0,False,兩邊都不具 primary 資格
EPS_qb1of3__OCF_E_qb2of3__None__v0,—,—,0.04881448134246558,,,-0.27663006542677093,0.4271378708551483,193.48936170212767,1.0,183.0,False,兩邊都不具 primary 資格
REV_G_qb2of3__CROIC_qb0of3__None__v0,—,—,0.0487876687022295,,,-0.33275655692565587,0.38707070707070707,203.80851063829786,1.0,187.8,False,兩邊都不具 primary 資格
NETDEBT_EBITDA_qb2of3__FCF_P_qb1of3__None__v0,—,—,0.04878455968950668,,,-0.3031243709294382,0.40127758420441345,150.48936170212767,1.0,114.0,False,兩邊都不具 primary 資格
ACCRUAL_qb1of3__REVENUE_qb1of3__None__v0,—,—,0.04875478283862322,,,-0.28753322963601013,0.41580578512396693,196.46808510638297,1.0,181.0,False,兩邊都不具 primary 資格
PS_qb1of3__REV_G_qb0of3__None__v0,—,—,0.0487396154703339,,,-0.281780646952118,0.43283582089552236,189.85106382978722,1.0,173.8,False,兩邊都不具 primary 資格
REVENUE_qb1of3__ROIC_qb1of3__None__v0,—,—,0.048737904754131645,,,-0.2854643728448504,0.42200124300807956,207.87234042553192,1.0,196.4,False,兩邊都不具 primary 資格
NETDEBT_EBITDA_qb2of3__DEBTRATIO_qb1of3__None__v0,—,—,0.048729704478713165,,,-0.3118813311242524,0.4411302982731554,195.59574468085106,1.0,191.0,False,兩邊都不具 primary 資格
VOL_qb1of3__ACCRUAL_qb2of3__None__v0,—,—,0.04872017140624041,,,-0.3211390704678241,0.41922773837667454,199.25531914893617,1.0,187.0,False,兩邊都不具 primary 資格
MOM_qb1of3__REV_G_qb1of3__None__v0,—,—,0.048718540610347194,,,-0.25426554853501815,0.4552123552123552,217.08510638297872,1.0,207.0,False,兩邊都不具 primary 資格
FCF_OI_qb1of3__OCF_E_qb1of3__None__v0,—,—,0.04871537947213711,,,-0.27670270938017427,0.4169543536632144,192.82978723404256,1.0,182.0,False,兩邊都不具 primary 資格
ACCRUAL_qb2of3__EPS_qb0of3__None__v0,—,—,0.048677462705344565,,,-0.35532854457980056,0.4055804683607374,171.51063829787233,1.0,159.0,False,兩邊都不具 primary 資格
MOM_qb1of3__EV_EBITDA_qb2of3__None__v0,—,—,0.04865857961494857,,,-0.28875307894857727,0.4097693351424695,175.5744680851064,1.0,158.0,False,兩邊都不具 primary 資格
MOM_qb1of3__FCF_OI_qb2of3__None__v0,—,—,0.048652642732156304,,,-0.26721692623267657,0.4337434094903339,207.06382978723406,1.0,196.0,False,兩邊都不具 primary 資格
ACCRUAL_qb1of3__EPS_qb1of3__None__v0,—,—,0.04858494873644692,,,-0.2584704875033922,0.417753470761464,211.7872340425532,1.0,203.0,False,兩邊都不具 primary 資格
EV_EBITDA_qb1of3__FCF_OI_qb0of3__None__v0,—,—,0.04851952302294227,,,-0.3086424051167981,0.41365638766519824,169.19148936170214,1.0,160.0,False,兩邊都不具 primary 資格
EV_S_qb1of3__ACCRUAL_qb0of3__None__v0,—,—,0.048364508340133616,,,-0.2847285480254256,0.41385597082953507,204.36170212765958,1.0,181.0,False,兩邊都不具 primary 資格
ROE_qb0of3__CROIC_qb1of3__None__v0,—,—,0.048360239129192184,,,-0.3125466119699736,0.4065699658703072,206.91489361702128,1.0,173.0,False,兩邊都不具 primary 資格
VOL_qb1of3__EPS_qb1of3__None__v0,—,—,0.0482847897949763,,,-0.3070830603855521,0.4254366323331841,190.63829787234042,1.0,170.0,False,兩邊都不具 primary 資格
DEBTRATIO_qb1of3__REV_G_qb2of3__None__v0,—,—,0.04827075316763452,,,-0.3108663853188125,0.3748271092669433,193.40425531914894,1.0,179.0,False,兩邊都不具 primary 資格
PS_qb2of3__OCF_E_qb0of3__None__v0,—,—,0.04817638754777276,,,-0.3238517741236735,0.4161816065192084,241.12765957446808,1.0,218.0,False,兩邊都不具 primary 資格
EV_EBITDA_qb1of3__VOL_qb2of3__None__v0,—,—,0.048114139096327335,,,-0.3466087731639962,0.3857897827363476,160.2340425531915,1.0,136.0,False,兩邊都不具 primary 資格
EV_S_qb2of3__ROIC_qb2of3__None__v0,—,—,0.04808354579098251,,,-0.3136985576608904,0.3401688781664656,176.89361702127658,1.0,163.0,False,兩邊都不具 primary 資格
REVENUE_qb1of3__ROE_qb1of3__None__v0,—,—,0.047984271263135536,,,-0.28878083719988834,0.42593730792870316,214.17021276595744,1.0,203.6,False,兩邊都不具 primary 資格
VOL_qb2of3__ROIC_qb2of3__None__v0,—,—,0.047968585712994116,,,-0.35122592506304795,0.379874213836478,210.25531914893617,1.0,185.0,False,兩邊都不具 primary 資格
ACCRUAL_qb1of3__FCF_OI_qb0of3__None__v0,—,—,0.047958270474253384,,,-0.3134563122844314,0.40787054063994116,210.08510638297872,1.0,191.8,False,兩邊都不具 primary 資格
EV_S_qb2of3__REV_G_qb2of3__None__v0,—,—,0.047948662463086045,,,-0.3420057932453314,0.37445255474452555,211.5531914893617,1.0,203.0,False,兩邊都不具 primary 資格
REVENUE_qb1of3__REV_G_qb0of3__None__v0,—,—,0.04791753026478207,,,-0.28788578828009903,0.4416796267496112,183.06382978723406,1.0,169.0,False,兩邊都不具 primary 資格
MOM_qb1of3__EV_S_qb1of3__None__v0,—,—,0.04791002497565855,,,-0.27744322715440584,0.44352617079889806,202.63829787234042,1.0,191.0,False,兩邊都不具 primary 資格
FCF_OI_qb2of3__REV_G_qb1of3__None__v0,—,—,0.047832837218088065,,,-0.2639754283282094,0.45161290322580644,195.10638297872342,1.0,185.0,False,兩邊都不具 primary 資格
ROIC_qb1of3__ROE_qb1of3__None__v0,—,—,0.04783055999632935,,,-0.2888679544261662,0.4287225601692674,481.40425531914894,1.0,453.4,False,兩邊都不具 primary 資格
REV_G_qb1of3__ROIC_qb0of3__None__v0,—,—,0.04779656047594982,,,-0.3131459099135535,0.42983490566037735,154.40425531914894,1.0,139.0,False,兩邊都不具 primary 資格
DEBTRATIO_qb0of3__OCF_E_qb2of3__None__v0,—,—,0.04777559723517433,,,-0.27195249204337335,0.41397849462365593,144.59574468085106,1.0,123.0,False,兩邊都不具 primary 資格
DEBTRATIO_qb1of3__REVENUE_qb1of3__None__v0,—,—,0.047761174709362475,,,-0.28992930202204814,0.41854934601664684,225.17021276595744,1.0,216.4,False,兩邊都不具 primary 資格
NETDEBT_EBITDA_qb2of3__EV_EBITDA_qb1of3__None__v0,—,—,0.04771524848761022,,,-0.28966424389826273,0.40062843676355064,185.12765957446808,1.0,173.0,False,兩邊都不具 primary 資格
EPS_qb0of3__FCF_OI_qb1of3__None__v0,—,—,0.04749093941987792,,,-0.31719069268518085,0.39928057553956836,168.27659574468086,1.0,138.0,False,兩邊都不具 primary 資格
OCF_E_qb0of3__FCF_P_qb2of3__None__v0,—,—,0.04748949712783124,,,-0.2966724998919845,0.42043056141831997,173.80851063829786,1.0,157.4,False,兩邊都不具 primary 資格
ROIC_qb2of3__OCF_E_qb0of3__None__v0,—,—,0.04729633759656582,,,-0.3054551179436811,0.43553223388305845,98.70212765957447,1.0,90.2,False,兩邊都不具 primary 資格
EPS_qb0of3__OCF_E_qb2of3__None__v0,—,—,0.04724915132406471,,,-0.29031616772812874,0.3972153972153972,95.7872340425532,1.0,80.0,False,兩邊都不具 primary 資格
ACCRUAL_qb1of3__CROIC_qb0of3__None__v0,—,—,0.047210687272784435,,,-0.31296864989937767,0.4058670627552915,205.08510638297872,1.0,192.6,False,兩邊都不具 primary 資格
EV_S_qb2of3__EPS_qb2of3__None__v0,—,—,0.04716961239419004,,,-0.299937703936909,0.33642384105960266,172.4255319148936,1.0,160.0,False,兩邊都不具 primary 資格
PB_qb1of3__ROE_qb1of3__None__v0,—,—,0.04716560107692458,,,-0.2849273965055795,0.4448,212.29787234042553,1.0,201.0,False,兩邊都不具 primary 資格
OCF_E_qb1of3__None__None__v0,OCF_E_qb1,（空集合）,0.04712775269384917,0.04712775269384917,0.0,-0.2919292296404029,0.4223254014316115,594.5957446808511,1.0,591.0,False,primary 單獨不夠強
ROIC_qb1of3__FCF_P_qb1of3__None__v0,—,—,0.04710899949875902,,,-0.3007310060880656,0.41438658428949693,178.2127659574468,1.0,164.0,False,兩邊都不具 primary 資格
REV_G_qb1of3__FCF_P_qb0of3__None__v0,—,—,0.0470581774366845,,,-0.3087166765975693,0.42027194066749074,186.87234042553192,1.0,175.0,False,兩邊都不具 primary 資格
ACCRUAL_qb2of3__DEBTRATIO_qb1of3__None__v0,—,—,0.047046285577836855,,,-0.31543285032203594,0.4146341463414634,191.10638297872342,1.0,178.0,False,兩邊都不具 primary 資格
EV_S_qb2of3__None__None__v0,EV_S_qb2,（空集合）,0.047014022791319166,0.047014022791319166,0.0,-0.3154237498174782,0.3651844843897824,591.4042553191489,1.0,588.0,False,primary 單獨不夠強
REVENUE_qb1of3__CROIC_qb1of3__None__v0,—,—,0.0469921268346718,,,-0.2928004727173461,0.41678387248007503,199.63829787234042,1.0,183.0,False,兩邊都不具 primary 資格
REV_G_qb2of3__OCF_E_qb1of3__None__v0,—,—,0.04694289681785713,,,-0.3239227876811498,0.4178885630498534,172.2340425531915,1.0,156.0,False,兩邊都不具 primary 資格
ACCRUAL_qb0of3__CROIC_qb0of3__None__v0,—,—,0.046902381033224305,,,-0.3039516145917437,0.41324921135646686,186.51063829787233,1.0,174.0,False,兩邊都不具 primary 資格
DEBTRATIO_qb1of3__CROIC_qb0of3__None__v0,—,—,0.0468993527896564,,,-0.3233977876534544,0.4127272727272727,196.95744680851064,1.0,170.0,False,兩邊都不具 primary 資格
PS_qb1of3__REVENUE_qb1of3__None__v0,—,—,0.046879122421309205,,,-0.2939869507393933,0.4103072348860258,232.87234042553192,1.0,226.0,False,兩邊都不具 primary 資格
EV_EBITDA_qb1of3__CROIC_qb1of3__None__v0,—,—,0.04687694243700147,,,-0.2606287816578897,0.4341424592120971,196.38297872340425,1.0,177.0,False,兩邊都不具 primary 資格
EV_S_qb2of3__PS_qb2of3__None__v0,—,—,0.046784251346716044,,,-0.31855505469824497,0.3675464320625611,504.6170212765957,1.0,488.0,False,兩邊都不具 primary 資格
VOL_qb2of3__OCF_E_qb1of3__None__v0,—,—,0.046708572135164994,,,-0.3550561392892785,0.3957345971563981,180.95744680851064,1.0,164.8,False,兩邊都不具 primary 資格
MOM_qb1of3__FCF_P_qb2of3__None__v0,—,—,0.04659877489004627,,,-0.2671012097739909,0.4270691994572592,215.72340425531914,1.0,205.6,False,兩邊都不具 primary 資格
VOL_qb2of3__DEBTRATIO_qb1of3__None__v0,—,—,0.04655121785713723,,,-0.36296837871060783,0.3878787878787879,202.46808510638297,1.0,195.0,False,兩邊都不具 primary 資格
DEBTRATIO_qb1of3__FCF_P_qb1of3__None__v0,—,—,0.0464877022582022,,,-0.2997328954404903,0.4181994191674734,183.51063829787233,1.0,171.0,False,兩邊都不具 primary 資格
VOL_qb2of3__ROE_qb0of3__None__v0,—,—,0.04637198923778363,,,-0.32849736342817715,0.38253521126760565,223.91489361702128,1.0,201.8,False,兩邊都不具 primary 資格
ACCRUAL_qb2of3__FCF_OI_qb1of3__None__v0,—,—,0.04629838020558297,,,-0.3103569592968025,0.42830609212481424,205.4255319148936,1.0,187.4,False,兩邊都不具 primary 資格
VOL_qb2of3__EPS_qb0of3__None__v0,—,—,0.046245737383012075,,,-0.33858131058505114,0.3875,227.74468085106383,1.0,208.8,False,兩邊都不具 primary 資格
ACCRUAL_qb2of3__REVENUE_qb2of3__None__v0,—,—,0.04619351712349018,,,-0.31666691726659024,0.4306829765545362,199.85106382978722,1.0,177.0,False,兩邊都不具 primary 資格
P_IC_qb1of3__NETDEBT_EBITDA_qb2of3__None__v0,—,—,0.046185170041666,,,-0.2985500467596741,0.38997214484679665,176.7659574468085,1.0,168.0,False,兩邊都不具 primary 資格
OCF_E_qb1of3__ROE_qb0of3__None__v0,—,—,0.046158442540774614,,,-0.3090159846089571,0.40820219360991894,184.63829787234042,1.0,167.6,False,兩邊都不具 primary 資格
MOM_qb1of3__EPS_qb2of3__None__v0,—,—,0.04604430141326632,,,-0.2596077470769257,0.47069767441860466,183.87234042553192,1.0,164.0,False,兩邊都不具 primary 資格
PS_qb1of3__FCF_P_qb2of3__None__v0,—,—,0.04602276661614457,,,-0.2880049077809006,0.4231404958677686,206.51063829787233,1.0,178.6,False,兩邊都不具 primary 資格
ROIC_qb0of3__OCF_E_qb1of3__None__v0,—,—,0.045969475013766026,,,-0.31514195569153247,0.40427647936350075,174.40425531914894,1.0,160.0,False,兩邊都不具 primary 資格
MOM_qb1of3__EV_EBITDA_qb1of3__None__v0,—,—,0.045898852758789355,,,-0.2525375621951693,0.4558139534883721,217.06382978723406,1.0,208.0,False,兩邊都不具 primary 資格
MOM_qb1of3__EV_S_qb2of3__None__v0,—,—,0.04580512284828142,,,-0.30324205500479795,0.4198391420911528,167.9787234042553,1.0,153.0,False,兩邊都不具 primary 資格
FCF_OI_qb1of3__ROE_qb1of3__None__v0,—,—,0.045763594735060975,,,-0.3023085601062503,0.4130074565037283,199.5531914893617,1.0,182.0,False,兩邊都不具 primary 資格
ACCRUAL_qb1of3__FCF_OI_qb2of3__None__v0,—,—,0.045740960460354696,,,-0.28326428687788907,0.42805495300072305,207.85106382978722,1.0,187.0,False,兩邊都不具 primary 資格
REVENUE_qb1of3__REV_G_qb1of3__None__v0,—,—,0.045739154083016986,,,-0.267003017066369,0.4359430604982206,208.40425531914894,1.0,199.0,False,兩邊都不具 primary 資格
ACCRUAL_qb0of3__REV_G_qb1of3__None__v0,—,—,0.04563135105126448,,,-0.2815876788331497,0.42283822920976416,189.61702127659575,1.0,169.0,False,兩邊都不具 primary 資格
ROE_qb1of3__CROIC_qb1of3__None__v0,—,—,0.0455276207467159,,,-0.3048714141949692,0.414722445695897,199.14893617021278,1.0,185.0,False,兩邊都不具 primary 資格
EV_EBITDA_qb2of3__REV_G_qb0of3__None__v0,—,—,0.04540286113979097,,,-0.2965081788643972,0.42627737226277373,215.85106382978722,1.0,199.0,False,兩邊都不具 primary 資格
REVENUE_qb2of3__OCF_E_qb0of3__None__v0,—,—,0.04539998264539147,,,-0.31281691360447805,0.43666454487587525,152.63829787234042,1.0,134.0,False,兩邊都不具 primary 資格
MOM_qb1of3__REV_G_qb2of3__None__v0,—,—,0.04533242685798933,,,-0.3021424532871926,0.4316081330868762,168.68085106382978,1.0,155.4,False,兩邊都不具 primary 資格
PS_qb1of3__REVENUE_qb2of3__None__v0,—,—,0.045311264456251665,,,-0.29446455094982793,0.3981762917933131,178.19148936170214,1.0,166.0,False,兩邊都不具 primary 資格
REVENUE_qb2of3__EPS_qb1of3__None__v0,—,—,0.04520349531530954,,,-0.2814774281331507,0.4568888888888889,188.12765957446808,1.0,174.0,False,兩邊都不具 primary 資格
ACCRUAL_qb1of3__ROIC_qb1of3__None__v0,—,—,0.045192825232223344,,,-0.28205227181302817,0.4178615321589513,216.85106382978722,1.0,206.2,False,兩邊都不具 primary 資格
ROIC_qb0of3__CROIC_qb1of3__None__v0,—,—,0.04516634279937981,,,-0.3138829829587605,0.40383776711731356,201.38297872340425,1.0,174.0,False,兩邊都不具 primary 資格
ACCRUAL_qb1of3__OCF_E_qb1of3__None__v0,—,—,0.045150184115764214,,,-0.2821127764837975,0.4169971671388102,330.5744680851064,1.0,309.0,False,兩邊都不具 primary 資格
MOM_qb1of3__OCF_E_qb2of3__None__v0,—,—,0.04513466385507248,,,-0.2581221469602337,0.45038167938931295,189.70212765957447,1.0,182.0,False,兩邊都不具 primary 資格
EV_S_qb2of3__ROE_qb2of3__None__v0,—,—,0.045107087713031735,,,-0.29550975008102764,0.34772182254196643,168.5744680851064,1.0,160.0,False,兩邊都不具 primary 資格
P_IC_qb2of3__DEBTRATIO_qb0of3__None__v0,—,—,0.04504485260793567,,,-0.2931106847774132,0.3853211009174312,320.531914893617,1.0,309.0,False,兩邊都不具 primary 資格
ACCRUAL_qb0of3__DEBTRATIO_qb0of3__None__v0,—,—,0.04496214636028806,,,-0.29274151812138394,0.4164563351842504,187.25531914893617,1.0,177.0,False,兩邊都不具 primary 資格
ACCRUAL_qb2of3__FCF_P_qb1of3__None__v0,—,—,0.04483432716606095,,,-0.31347169261029684,0.4341317365269461,202.4468085106383,1.0,192.0,False,兩邊都不具 primary 資格
FCF_OI_qb2of3__OCF_E_qb0of3__None__v0,—,—,0.0448343208957096,,,-0.30991022664734225,0.42712294043092525,185.19148936170214,1.0,161.0,False,兩邊都不具 primary 資格
DEBTRATIO_qb1of3__FCF_P_qb0of3__None__v0,—,—,0.04477317978688777,,,-0.31678341283489797,0.4151705565529623,197.85106382978722,1.0,175.0,False,兩邊都不具 primary 資格
VOL_qb2of3__ACCRUAL_qb0of3__None__v0,—,—,0.04465027589166448,,,-0.32881934862732753,0.38413098236775817,206.40425531914894,1.0,193.0,False,兩邊都不具 primary 資格
NETDEBT_EBITDA_qb0of3__EV_EBITDA_qb2of3__None__v0,—,—,0.044644076394939836,,,-0.3087301559954133,0.4,203.14893617021278,1.0,189.0,False,兩邊都不具 primary 資格
MOM_qb1of3__CROIC_qb2of3__None__v0,—,—,0.04463087408908217,,,-0.2635362204337319,0.42660550458715596,204.5531914893617,1.0,192.0,False,兩邊都不具 primary 資格
ACCRUAL_qb1of3__FCF_P_qb0of3__None__v0,—,—,0.04460380345403525,,,-0.3063823081861915,0.40757238307349664,205.46808510638297,1.0,191.2,False,兩邊都不具 primary 資格
ACCRUAL_qb2of3__CROIC_qb2of3__None__v0,—,—,0.04454213851115307,,,-0.29715212576514016,0.43278566094100074,190.17021276595744,1.0,171.0,False,兩邊都不具 primary 資格
FCF_OI_qb0of3__REV_G_qb1of3__None__v0,—,—,0.04451036302084588,,,-0.3092521165848775,0.41801577418015773,183.80851063829786,1.0,169.0,False,兩邊都不具 primary 資格
EV_S_qb2of3__OCF_E_qb0of3__None__v0,—,—,0.04448016858938875,,,-0.3303750872083635,0.4044526901669759,241.6595744680851,1.0,225.0,False,兩邊都不具 primary 資格
NETDEBT_EBITDA_qb2of3__ROIC_qb1of3__None__v0,—,—,0.04447212135547973,,,-0.29646056620799077,0.41348600508905853,237.5744680851064,1.0,223.2,False,兩邊都不具 primary 資格
P_IC_qb2of3__VOL_qb1of3__None__v0,—,—,0.04445000718884784,,,-0.3241650348761955,0.42238033635187583,171.4255319148936,1.0,158.0,False,兩邊都不具 primary 資格
OCF_E_qb0of3__ROE_qb2of3__None__v0,—,—,0.04442141788565279,,,-0.2784725401766779,0.4342937456078707,109.8936170212766,1.0,99.6,False,兩邊都不具 primary 資格
EV_EBITDA_qb2of3__ACCRUAL_qb0of3__None__v0,—,—,0.04437934407202526,,,-0.30090422261665406,0.41286496350364965,174.3404255319149,1.0,158.0,False,兩邊都不具 primary 資格
ACCRUAL_qb0of3__FCF_P_qb0of3__None__v0,—,—,0.04437102402583615,,,-0.29642687687123703,0.41541501976284584,185.2340425531915,1.0,174.0,False,兩邊都不具 primary 資格
MOM_qb1of3__ACCRUAL_qb0of3__None__v0,—,—,0.0443686088321269,,,-0.2826562718579908,0.42675893886966554,190.2127659574468,1.0,180.0,False,兩邊都不具 primary 資格
ACCRUAL_qb1of3__DEBTRATIO_qb1of3__None__v0,—,—,0.04431247394482529,,,-0.28774428684782116,0.4176844162188569,200.72340425531914,1.0,187.0,False,兩邊都不具 primary 資格
PB_qb2of3__PS_qb1of3__None__v0,—,—,0.04427150352826348,,,-0.29962598446925415,0.4051130776794494,182.0212765957447,1.0,171.0,False,兩邊都不具 primary 資格
EV_EBITDA_qb0of3__VOL_qb2of3__None__v0,—,—,0.044259347034378616,,,-0.30976517556996264,0.39871570344424984,186.04255319148936,1.0,172.0,False,兩邊都不具 primary 資格
VOL_qb2of3__ROIC_qb0of3__None__v0,—,—,0.04413958360639536,,,-0.32994504275232983,0.3878132118451025,219.7872340425532,1.0,194.6,False,兩邊都不具 primary 資格
PS_qb2of3__ROIC_qb2of3__None__v0,—,—,0.04404779819827387,,,-0.30558252773286154,0.3480791618160652,188.59574468085106,1.0,171.6,False,兩邊都不具 primary 資格
FCF_P_qb0of3__ROE_qb2of3__None__v0,—,—,0.04402859628175548,,,-0.30479173535048365,0.43109869646182497,163.17021276595744,1.0,153.0,False,兩邊都不具 primary 資格
FCF_OI_qb1of3__REV_G_qb1of3__None__v0,—,—,0.04391156887865644,,,-0.27800163408289635,0.4217424826522745,212.95744680851064,1.0,198.0,False,兩邊都不具 primary 資格
VOL_qb0of3__ROE_qb1of3__None__v0,—,—,0.04384631162851904,,,-0.21874642419532098,0.46755819712729074,239.51063829787233,1.0,217.0,False,兩邊都不具 primary 資格
EPS_qb1of3__ROIC_qb0of3__None__v0,—,—,0.04361535185239629,,,-0.299761846028494,0.43455497382198954,60.87234042553192,1.0,49.0,False,兩邊都不具 primary 資格
DEBTRATIO_qb0of3__CROIC_qb2of3__None__v0,—,—,0.04360271123033832,,,-0.27774853618650586,0.4167852062588905,181.4255319148936,1.0,158.0,False,兩邊都不具 primary 資格
EPS_qb1of3__FCF_OI_qb2of3__None__v0,—,—,0.043555911436301775,,,-0.26938057447506936,0.42833263685750106,194.25531914893617,1.0,177.0,False,兩邊都不具 primary 資格
EV_EBITDA_qb2of3__None__None__v0,EV_EBITDA_qb2,（空集合）,0.043468458959934786,0.043468458959934786,0.0,-0.31671012479738103,0.4096004599022708,591.4042553191489,1.0,588.0,False,primary 單獨不夠強
ROIC_qb1of3__OCF_E_qb1of3__None__v0,—,—,0.04346560478618966,,,-0.28733300327587274,0.41234665611396915,231.89361702127658,1.0,220.6,False,兩邊都不具 primary 資格
EV_EBITDA_qb1of3__ROE_qb1of3__None__v0,—,—,0.04346426565774841,,,-0.28805189575886303,0.4227534307215582,234.14893617021278,1.0,218.0,False,兩邊都不具 primary 資格
NETDEBT_EBITDA_qb1of3__EV_EBITDA_qb2of3__None__v0,—,—,0.04344947915762143,,,-0.34285826692529864,0.39325842696629215,117.02127659574468,1.0,106.6,False,兩邊都不具 primary 資格
REV_G_qb2of3__ROIC_qb0of3__None__v0,—,—,0.0433198075438157,,,-0.36476444811830266,0.3966565349544073,144.5531914893617,1.0,118.0,False,兩邊都不具 primary 資格
REV_G_qb0of3__ROIC_qb2of3__None__v0,—,—,0.043255611150158746,,,-0.2577116392548555,0.4433628318584071,113.29787234042553,1.0,94.0,False,兩邊都不具 primary 資格
REV_G_qb1of3__FCF_P_qb1of3__None__v0,—,—,0.04322029606458555,,,-0.28380249320447615,0.4242171189979123,190.59574468085106,1.0,175.0,False,兩邊都不具 primary 資格
EV_S_qb1of3__CROIC_qb0of3__None__v0,—,—,0.04318632757339658,,,-0.3134925746543049,0.4119482835488186,190.5744680851064,1.0,177.20000000000002,False,兩邊都不具 primary 資格
VOL_qb1of3__CROIC_qb2of3__None__v0,—,—,0.04314871496091177,,,-0.3059358566982594,0.43270300333704115,201.0212765957447,1.0,184.0,False,兩邊都不具 primary 資格
ROIC_qb0of3__OCF_E_qb2of3__None__v0,—,—,0.043046524727115676,,,-0.26698137284287504,0.4093799682034976,97.8936170212766,1.0,78.0,False,兩邊都不具 primary 資格
REV_G_qb0of3__ROE_qb1of3__None__v0,—,—,0.04300016103345117,,,-0.28096878991159846,0.45074780814853016,189.51063829787233,1.0,176.0,False,兩邊都不具 primary 資格
MOM_qb1of3__ROIC_qb2of3__None__v0,—,—,0.042933242681626904,,,-0.265831020884863,0.46926605504587154,184.68085106382978,1.0,163.0,False,兩邊都不具 primary 資格
PS_qb2of3__ACCRUAL_qb1of3__None__v0,—,—,0.0429112189967098,,,-0.30492285653747897,0.40962025316455697,217.7872340425532,1.0,206.0,False,兩邊都不具 primary 資格
VOL_qb1of3__FCF_OI_qb2of3__None__v0,—,—,0.042906771587860604,,,-0.3076074085068585,0.43163035311795644,199.06382978723406,1.0,186.6,False,兩邊都不具 primary 資格
EPS_qb1of3__OCF_E_qb1of3__None__v0,—,—,0.04282962876184615,,,-0.28194274689647114,0.4036437246963563,233.06382978723406,1.0,223.4,False,兩邊都不具 primary 資格
VOL_qb1of3__ROIC_qb1of3__None__v0,—,—,0.04278175714562282,,,-0.29626255175053173,0.4275043936731107,196.31914893617022,1.0,178.2,False,兩邊都不具 primary 資格
NETDEBT_EBITDA_qb1of3__OCF_E_qb1of3__None__v0,—,—,0.042763645567390984,,,-0.28618765391133516,0.43229432805314255,187.89361702127658,1.0,176.4,False,兩邊都不具 primary 資格
VOL_qb2of3__FCF_OI_qb1of3__None__v0,—,—,0.04273758459632537,,,-0.34484047599644374,0.3970070422535211,194.40425531914894,1.0,184.0,False,兩邊都不具 primary 資格
EV_EBITDA_qb2of3__VOL_qb0of3__None__v0,—,—,0.04272700027154208,,,-0.23620371317977362,0.436080467229072,156.17021276595744,1.0,127.0,False,兩邊都不具 primary 資格
EV_EBITDA_qb1of3__OCF_E_qb1of3__None__v0,—,—,0.04263747131014206,,,-0.2793757128584682,0.4141041410414104,215.48936170212767,1.0,201.2,False,兩邊都不具 primary 資格
VOL_qb1of3__ROE_qb1of3__None__v0,—,—,0.04262437479196901,,,-0.31641026259498106,0.43636363636363634,190.68085106382978,1.0,174.0,False,兩邊都不具 primary 資格
ACCRUAL_qb2of3__REV_G_qb1of3__None__v0,—,—,0.04259335238890993,,,-0.29067962801947256,0.436607892527288,180.29787234042553,1.0,169.0,False,兩邊都不具 primary 資格
ROIC_qb2of3__FCF_P_qb0of3__None__v0,—,—,0.04249931441080945,,,-0.31771764612852416,0.4266666666666667,160.6595744680851,1.0,144.0,False,兩邊都不具 primary 資格
P_IC_qb2of3__REVENUE_qb0of3__None__v0,—,—,0.042486491527397474,,,-0.3001304754720817,0.38632162661737524,264.4255319148936,1.0,253.0,False,兩邊都不具 primary 資格
ACCRUAL_qb2of3__ROIC_qb2of3__None__v0,—,—,0.042471416358424996,,,-0.29716916818814665,0.42857142857142855,233.4255319148936,1.0,208.8,False,兩邊都不具 primary 資格
VOL_qb1of3__REVENUE_qb1of3__None__v0,—,—,0.04241647949586169,,,-0.31398799489681284,0.4200109950522265,192.4468085106383,1.0,170.0,False,兩邊都不具 primary 資格
NETDEBT_EBITDA_qb1of3__ACCRUAL_qb2of3__None__v0,—,—,0.042388595260277384,,,-0.2956650596267927,0.41406945681211044,201.70212765957447,1.0,192.0,False,兩邊都不具 primary 資格
MOM_qb1of3__NETDEBT_EBITDA_qb2of3__None__v0,—,—,0.042359428349748374,,,-0.2859902183347718,0.4316831683168317,198.5744680851064,1.0,184.8,False,兩邊都不具 primary 資格
P_IC_qb2of3__None__None__v0,P_IC_qb2,（空集合）,0.04229764145901771,0.04229764145901771,0.0,-0.30134948838108055,0.2755453501722158,595.1489361702128,1.0,591.0,False,primary 單獨不夠強
NETDEBT_EBITDA_qb2of3__EPS_qb1of3__None__v0,—,—,0.042288002495678434,,,-0.2988496079611065,0.4173280423280423,208.19148936170214,1.0,201.0,False,兩邊都不具 primary 資格
DEBTRATIO_qb0of3__ROE_qb1of3__None__v0,—,—,0.04215469594207644,,,-0.3032098512528921,0.4273037542662116,216.87234042553192,1.0,205.0,False,兩邊都不具 primary 資格
PS_qb2of3__ROE_qb2of3__None__v0,—,—,0.04214591884016383,,,-0.2997233588430096,0.3489771359807461,171.53191489361703,1.0,160.0,False,兩邊都不具 primary 資格
EV_S_qb2of3__ACCRUAL_qb0of3__None__v0,—,—,0.0421211779890478,,,-0.3004014999582926,0.40168539325842695,171.19148936170214,1.0,141.0,False,兩邊都不具 primary 資格
REV_G_qb2of3__ROE_qb0of3__None__v0,—,—,0.0420955659594886,,,-0.3634783307587083,0.3927729772191673,141.38297872340425,1.0,119.2,False,兩邊都不具 primary 資格
NETDEBT_EBITDA_qb2of3__ROE_qb0of3__None__v0,—,—,0.0420515169072222,,,-0.31830613193594104,0.44872846595570137,266.2340425531915,1.0,246.0,False,兩邊都不具 primary 資格
EPS_qb0of3__CROIC_qb1of3__None__v0,—,—,0.04197643545012575,,,-0.31687480325669815,0.39441388066017774,210.72340425531914,1.0,182.0,False,兩邊都不具 primary 資格
REVENUE_qb2of3__ROE_qb1of3__None__v0,—,—,0.04192703192224312,,,-0.2863011341124513,0.4580265095729013,215.0212765957447,1.0,197.0,False,兩邊都不具 primary 資格
VOL_qb2of3__ROE_qb1of3__None__v0,—,—,0.04191698553728673,,,-0.37571825315921015,0.3824036802760207,159.0212765957447,1.0,149.0,False,兩邊都不具 primary 資格
FCF_OI_qb0of3__ROE_qb2of3__None__v0,—,—,0.04188754692834795,,,-0.3150105964872091,0.43336439888164024,162.4255319148936,1.0,149.0,False,兩邊都不具 primary 資格
EV_S_qb2of3__NETDEBT_EBITDA_qb2of3__None__v0,—,—,0.04184967104453241,,,-0.3308246769644716,0.4257602862254025,220.17021276595744,1.0,207.0,False,兩邊都不具 primary 資格
FCF_P_qb1of3__ROE_qb1of3__None__v0,—,—,0.04184464051818537,,,-0.30976638116939426,0.41127982646420824,184.70212765957447,1.0,172.0,False,兩邊都不具 primary 資格
MOM_qb1of3__ROE_qb2of3__None__v0,—,—,0.04179036659346558,,,-0.2573689310428454,0.47273567467652494,182.40425531914894,1.0,167.0,False,兩邊都不具 primary 資格
EV_S_qb1of3__FCF_P_qb0of3__None__v0,—,—,0.04176378062922792,,,-0.31507486238442706,0.41295546558704455,188.53191489361703,1.0,176.4,False,兩邊都不具 primary 資格
P_IC_qb2of3__ACCRUAL_qb1of3__None__v0,—,—,0.04170659333300275,,,-0.30511904566912507,0.4091644204851752,180.5531914893617,1.0,163.0,False,兩邊都不具 primary 資格
PS_qb2of3__ACCRUAL_qb0of3__None__v0,—,—,0.04169555430402183,,,-0.3009593836617853,0.4085667215815486,170.63829787234042,1.0,142.0,False,兩邊都不具 primary 資格
EV_S_qb1of3__REVENUE_qb1of3__None__v0,—,—,0.04167392552925131,,,-0.2861188517023413,0.43034055727554177,225.36170212765958,1.0,212.6,False,兩邊都不具 primary 資格
PB_qb2of3__P_IC_qb0of3__None__v0,—,—,0.04167387712073922,,,-0.3280005858249124,0.4491525423728814,28.97872340425532,1.0,23.6,False,兩邊都不具 primary 資格
MOM_qb0of3__REV_G_qb0of3__None__v0,—,—,0.04146740360490653,,,-0.30803943832422653,0.43061630218687874,219.7872340425532,1.0,184.0,False,兩邊都不具 primary 資格
PS_qb2of3__EPS_qb2of3__None__v0,—,—,0.041381099900831275,,,-0.2948244318386448,0.3246753246753247,175.36170212765958,1.0,164.6,False,兩邊都不具 primary 資格
EV_S_qb2of3__EV_EBITDA_qb1of3__None__v0,—,—,0.04127455963554394,,,-0.28418782461053227,0.40240963855421685,108.97872340425532,1.0,98.0,False,兩邊都不具 primary 資格
DEBTRATIO_qb1of3__OCF_E_qb1of3__None__v0,—,—,0.04126484588341417,,,-0.3189454382982583,0.4205,208.4255319148936,1.0,192.0,False,兩邊都不具 primary 資格
REV_G_qb0of3__CROIC_qb2of3__None__v0,—,—,0.04122533565516995,,,-0.28930868076942795,0.4155251141552511,191.0212765957447,1.0,177.0,False,兩邊都不具 primary 資格
ACCRUAL_qb2of3__CROIC_qb1of3__None__v0,—,—,0.04121206777589159,,,-0.3185676818390154,0.42830949761642834,202.87234042553192,1.0,188.0,False,兩邊都不具 primary 資格
NETDEBT_EBITDA_qb2of3__ROIC_qb2of3__None__v0,—,—,0.04114740857503163,,,-0.33356678133662043,0.4137466307277628,82.48936170212765,1.0,70.0,False,兩邊都不具 primary 資格
NETDEBT_EBITDA_qb2of3__ROIC_qb0of3__None__v0,—,—,0.04110254977996686,,,-0.3177016300028125,0.4479166666666667,271.36170212765956,1.0,249.6,False,兩邊都不具 primary 資格
VOL_qb1of3__OCF_E_qb1of3__None__v0,—,—,0.04098086455367178,,,-0.3161809501842697,0.4329392580513657,191.6595744680851,1.0,182.0,False,兩邊都不具 primary 資格
ACCRUAL_qb2of3__DEBTRATIO_qb0of3__None__v0,—,—,0.04093179657419377,,,-0.29812051798304096,0.4092682926829268,194.93617021276594,1.0,180.4,False,兩邊都不具 primary 資格
VOL_qb2of3__FCF_P_qb1of3__None__v0,—,—,0.04090995630652672,,,-0.3484694014428188,0.38868236266005785,224.7659574468085,1.0,218.0,False,兩邊都不具 primary 資格
REV_G_qb0of3__FCF_P_qb2of3__None__v0,—,—,0.0409029547374522,,,-0.2891444065748404,0.4128215598203348,198.93617021276594,1.0,183.0,False,兩邊都不具 primary 資格
EV_S_qb1of3__REV_G_qb0of3__None__v0,—,—,0.04078404329404739,,,-0.2855881164805889,0.4366998577524893,186.19148936170214,1.0,171.0,False,兩邊都不具 primary 資格
ACCRUAL_qb0of3__EPS_qb1of3__None__v0,—,—,0.04077664644224699,,,-0.29115539460597406,0.4193832599118943,182.06382978723406,1.0,175.0,False,兩邊都不具 primary 資格
ACCRUAL_qb2of3__OCF_E_qb1of3__None__v0,—,—,0.04074815939084675,,,-0.294125815660475,0.4316737288135593,142.14893617021278,1.0,128.4,False,兩邊都不具 primary 資格
OCF_E_qb1of3__ROE_qb1of3__None__v0,—,—,0.040722542404505235,,,-0.29996801759727365,0.41384615384615386,251.74468085106383,1.0,230.0,False,兩邊都不具 primary 資格
NETDEBT_EBITDA_qb2of3__CROIC_qb0of3__None__v0,—,—,0.04069582686803752,,,-0.3301145639785511,0.39954441913439637,219.2127659574468,1.0,200.0,False,兩邊都不具 primary 資格
FCF_OI_qb0of3__OCF_E_qb1of3__None__v0,—,—,0.04066869642790194,,,-0.313809816696375,0.4079408330089529,195.6595744680851,1.0,178.0,False,兩邊都不具 primary 資格
OCF_E_qb1of3__ROE_qb2of3__None__v0,—,—,0.040589541619514335,,,-0.2733744786649276,0.4387755102040816,158.2127659574468,1.0,139.0,False,兩邊都不具 primary 資格
PS_qb2of3__NETDEBT_EBITDA_qb2of3__None__v0,—,—,0.040536168448487064,,,-0.3509297617490932,0.42718446601941745,143.48936170212767,1.0,139.0,False,兩邊都不具 primary 資格
ACCRUAL_qb2of3__FCF_OI_qb2of3__None__v0,—,—,0.04029083109335585,,,-0.3110024085758252,0.4324639937718957,190.0,1.0,171.0,False,兩邊都不具 primary 資格
REVENUE_qb1of3__OCF_E_qb1of3__None__v0,—,—,0.040252713101429416,,,-0.29437365456776066,0.4212658227848101,207.53191489361703,1.0,197.0,False,兩邊都不具 primary 資格
P_IC_qb2of3__REV_G_qb2of3__None__v0,—,—,0.04015576303340751,,,-0.3217269470508316,0.35175879396984927,243.4468085106383,1.0,231.0,False,兩邊都不具 primary 資格
EV_EBITDA_qb2of3__FCF_P_qb1of3__None__v0,—,—,0.03986843327356704,,,-0.31390584894568296,0.40080645161290324,235.12765957446808,1.0,219.20000000000002,False,兩邊都不具 primary 資格
EV_S_qb2of3__DEBTRATIO_qb0of3__None__v0,—,—,0.039845523358981616,,,-0.31208538605052405,0.3883211678832117,264.5744680851064,1.0,256.0,False,兩邊都不具 primary 資格
PB_qb1of3__OCF_E_qb1of3__None__v0,—,—,0.03966491764326219,,,-0.30193024217426545,0.42315175097276264,199.19148936170214,1.0,184.0,False,兩邊都不具 primary 資格
VOL_qb2of3__DEBTRATIO_qb0of3__None__v0,—,—,0.03952105792326055,,,-0.33838432996503476,0.36377358490566036,202.85106382978722,1.0,193.4,False,兩邊都不具 primary 資格
MOM_qb0of3__ROIC_qb0of3__None__v0,—,—,0.03944789605184984,,,-0.3232999132969636,0.44051204819277107,244.63829787234042,1.0,231.0,False,兩邊都不具 primary 資格
MOM_qb0of3__PB_qb0of3__None__v0,—,—,0.039333173360792006,,,-0.31169507544963215,0.4530146659424226,159.4468085106383,1.0,129.0,False,兩邊都不具 primary 資格
MOM_qb0of3__ROE_qb0of3__None__v0,—,—,0.03931585070235388,,,-0.3257988093145846,0.4363295880149813,247.68085106382978,1.0,235.0,False,兩邊都不具 primary 資格
NETDEBT_EBITDA_qb2of3__FCF_OI_qb1of3__None__v0,—,—,0.039298482050510675,,,-0.3009820545758498,0.3934240362811791,176.61702127659575,1.0,143.6,False,兩邊都不具 primary 資格
EPS_qb1of3__REV_G_qb0of3__None__v0,—,—,0.039268314353478884,,,-0.26897347287093665,0.4355602314571278,181.17021276595744,1.0,168.0,False,兩邊都不具 primary 資格
ACCRUAL_qb2of3__ROE_qb2of3__None__v0,—,—,0.03925423003399797,,,-0.28226644099113685,0.43051359516616317,234.93617021276594,1.0,217.4,False,兩邊都不具 primary 資格
FCF_OI_qb0of3__ROIC_qb2of3__None__v0,—,—,0.03904288278736456,,,-0.3242639753732035,0.4269921695071396,163.12765957446808,1.0,147.0,False,兩邊都不具 primary 資格
ACCRUAL_qb2of3__FCF_P_qb2of3__None__v0,—,—,0.03898780370727817,,,-0.30377101075423973,0.42673716012084595,189.53191489361703,1.0,165.0,False,兩邊都不具 primary 資格
VOL_qb2of3__EPS_qb1of3__None__v0,—,—,0.0388379057223418,,,-0.3568977187103084,0.37361354349095155,165.0212765957447,1.0,152.0,False,兩邊都不具 primary 資格
REV_G_qb1of3__ROIC_qb1of3__None__v0,—,—,0.03877083655479652,,,-0.27678014880795243,0.4143744454303461,223.3404255319149,1.0,213.0,False,兩邊都不具 primary 資格
REV_G_qb1of3__OCF_E_qb0of3__None__v0,—,—,0.038766373835396495,,,-0.31891329656309286,0.42459173871277617,157.74468085106383,1.0,144.0,False,兩邊都不具 primary 資格
VOL_qb2of3__CROIC_qb1of3__None__v0,—,—,0.03875754331629122,,,-0.3474660390192986,0.39233419465977604,190.5744680851064,1.0,182.0,False,兩邊都不具 primary 資格
EPS_qb1of3__REV_G_qb1of3__None__v0,—,—,0.038724878327943024,,,-0.27196314527463117,0.41557265731100046,221.87234042553192,1.0,208.0,False,兩邊都不具 primary 資格
REVENUE_qb2of3__REV_G_qb1of3__None__v0,—,—,0.03872125202587684,,,-0.28431093196022805,0.4271356783919598,240.06382978723406,1.0,226.0,False,兩邊都不具 primary 資格
NETDEBT_EBITDA_qb2of3__OCF_E_qb2of3__None__v0,—,—,0.03871505104481665,,,-0.28029281888195523,0.4038701622971286,171.19148936170214,1.0,151.0,False,兩邊都不具 primary 資格
NETDEBT_EBITDA_qb2of3__VOL_qb1of3__None__v0,—,—,0.03869484097592535,,,-0.33619798025704606,0.4081521739130435,202.6595744680851,1.0,188.0,False,兩邊都不具 primary 資格
EV_S_qb2of3__NETDEBT_EBITDA_qb0of3__None__v0,—,—,0.038689712435447055,,,-0.3142050830658716,0.41097922848664686,202.04255319148936,1.0,197.4,False,兩邊都不具 primary 資格
OCF_E_qb0of3__CROIC_qb1of3__None__v0,—,—,0.038566474047201815,,,-0.3210239311428196,0.41301000769822943,200.89361702127658,1.0,186.6,False,兩邊都不具 primary 資格
PS_qb2of3__REV_G_qb2of3__None__v0,—,—,0.03855857359248316,,,-0.34378697555800664,0.3764345830145371,203.27659574468086,1.0,187.0,False,兩邊都不具 primary 資格
FCF_OI_qb0of3__OCF_E_qb2of3__None__v0,—,—,0.03847790760020864,,,-0.2922417453471605,0.41768937790943717,168.2340425531915,1.0,153.0,False,兩邊都不具 primary 資格
NETDEBT_EBITDA_qb2of3__CROIC_qb1of3__None__v0,—,—,0.03842207506799533,,,-0.29883695369298113,0.3991008991008991,194.04255319148936,1.0,157.2,False,兩邊都不具 primary 資格
EV_S_qb2of3__PS_qb1of3__None__v0,—,—,0.038409854398983256,,,-0.30326338848988177,0.3943217665615142,81.93617021276596,1.0,73.0,False,兩邊都不具 primary 資格
EV_EBITDA_qb2of3__DEBTRATIO_qb0of3__None__v0,—,—,0.03838977459385573,,,-0.3090015081166049,0.4011843079200592,207.4468085106383,1.0,197.6,False,兩邊都不具 primary 資格
EV_EBITDA_qb2of3__OCF_E_qb0of3__None__v0,—,—,0.03833761935266744,,,-0.3349788980723526,0.4039708265802269,214.04255319148936,1.0,200.0,False,兩邊都不具 primary 資格
VOL_qb0of3__OCF_E_qb1of3__None__v0,—,—,0.03830968115630773,,,-0.23081772354662022,0.4207723035952064,218.12765957446808,1.0,201.0,False,兩邊都不具 primary 資格
EV_EBITDA_qb2of3__ROIC_qb2of3__None__v0,—,—,0.03826351853502041,,,-0.3324825655562872,0.36236559139784946,127.14893617021276,1.0,113.0,False,兩邊都不具 primary 資格
REVENUE_qb2of3__REV_G_qb0of3__None__v0,—,—,0.03822216732933015,,,-0.2824523406515165,0.47102212855637515,142.0212765957447,1.0,128.0,False,兩邊都不具 primary 資格
EV_S_qb1of3__ACCRUAL_qb2of3__None__v0,—,—,0.03819112011997161,,,-0.31517383594915027,0.424812030075188,186.61702127659575,1.0,170.0,False,兩邊都不具 primary 資格
NETDEBT_EBITDA_qb2of3__FCF_P_qb2of3__None__v0,—,—,0.038182529415431876,,,-0.3021551130220034,0.4298046342571558,215.51063829787233,1.0,186.0,False,兩邊都不具 primary 資格
EPS_qb0of3__FCF_OI_qb2of3__None__v0,—,—,0.038173269368716456,,,-0.3161182220207175,0.40846994535519127,190.46808510638297,1.0,153.0,False,兩邊都不具 primary 資格
MOM_qb0of3__EPS_qb0of3__None__v0,—,—,0.0381425025889055,,,-0.3329024336859697,0.4358033749082905,252.25531914893617,1.0,239.0,False,兩邊都不具 primary 資格
ROE_qb2of3__CROIC_qb0of3__None__v0,—,—,0.038110321205323094,,,-0.3149977408468939,0.4246511627906977,168.6595744680851,1.0,145.0,False,兩邊都不具 primary 資格
DEBTRATIO_qb2of3__OCF_E_qb1of3__None__v0,—,—,0.03810799652880403,,,-0.2912420024072313,0.4157458563535912,128.17021276595744,1.0,118.6,False,兩邊都不具 primary 資格
DEBTRATIO_qb2of3__REV_G_qb1of3__None__v0,—,—,0.037948739552563726,,,-0.26915134932252016,0.42463958060288337,194.38297872340425,1.0,185.0,False,兩邊都不具 primary 資格
PS_qb2of3__FCF_OI_qb2of3__None__v0,—,—,0.037904642826769974,,,-0.28951773897458155,0.4196242171189979,246.95744680851064,1.0,237.6,False,兩邊都不具 primary 資格
PS_qb1of3__NETDEBT_EBITDA_qb2of3__None__v0,—,—,0.03786479204892457,,,-0.32403704179717485,0.4084507042253521,186.27659574468086,1.0,176.0,False,兩邊都不具 primary 資格
OCF_E_qb1of3__FCF_P_qb0of3__None__v0,—,—,0.03756206387082783,,,-0.30875745642397945,0.4080839486980179,192.87234042553192,1.0,176.6,False,兩邊都不具 primary 資格
ROIC_qb2of3__OCF_E_qb1of3__None__v0,—,—,0.037540306830386116,,,-0.28169004134621756,0.4260382641157256,188.29787234042553,1.0,170.0,False,兩邊都不具 primary 資格
VOL_qb1of3__FCF_P_qb2of3__None__v0,—,—,0.037487172360524346,,,-0.31299260059246514,0.4297520661157025,207.06382978723406,1.0,194.0,False,兩邊都不具 primary 資格
OCF_E_qb2of3__FCF_P_qb0of3__None__v0,—,—,0.03738444509682681,,,-0.28532784033325487,0.4208067940552017,168.87234042553192,1.0,158.0,False,兩邊都不具 primary 資格
ACCRUAL_qb0of3__ROE_qb1of3__None__v0,—,—,0.03737198558775989,,,-0.29651521637569744,0.4263322884012539,177.6595744680851,1.0,165.2,False,兩邊都不具 primary 資格
NETDEBT_EBITDA_qb2of3__FCF_OI_qb2of3__None__v0,—,—,0.03732724345513927,,,-0.30418832622697867,0.44181256436663235,194.27659574468086,1.0,163.0,False,兩邊都不具 primary 資格
NETDEBT_EBITDA_qb2of3__FCF_OI_qb0of3__None__v0,—,—,0.03730968604401297,,,-0.3318203953485871,0.39717925386715197,220.53191489361703,1.0,203.0,False,兩邊都不具 primary 資格
OCF_E_qb1of3__CROIC_qb0of3__None__v0,—,—,0.03716911477444573,,,-0.3131441781445774,0.4068723155017571,191.7872340425532,1.0,177.8,False,兩邊都不具 primary 資格
EV_EBITDA_qb2of3__CROIC_qb2of3__None__v0,—,—,0.03708469114057977,,,-0.31220987978031023,0.4052013422818792,189.17021276595744,1.0,172.6,False,兩邊都不具 primary 資格
EV_S_qb1of3__FCF_OI_qb0of3__None__v0,—,—,0.0370158636438902,,,-0.315237117645666,0.4077540106951872,190.7872340425532,1.0,177.6,False,兩邊都不具 primary 資格
EV_EBITDA_qb2of3__FCF_OI_qb2of3__None__v0,—,—,0.036942126492805816,,,-0.3117676011636791,0.4120788824979458,200.40425531914894,1.0,188.8,False,兩邊都不具 primary 資格
NETDEBT_EBITDA_qb2of3__REV_G_qb1of3__None__v0,—,—,0.03682860514215647,,,-0.3124871134197059,0.41365725541694026,193.46808510638297,1.0,172.0,False,兩邊都不具 primary 資格
EV_EBITDA_qb2of3__CROIC_qb1of3__None__v0,—,—,0.0368265762004254,,,-0.312892841530652,0.40398698128559807,206.12765957446808,1.0,190.0,False,兩邊都不具 primary 資格
P_IC_qb2of3__ACCRUAL_qb0of3__None__v0,—,—,0.036774083200408425,,,-0.30161728752760353,0.4115740740740741,208.4255319148936,1.0,188.0,False,兩邊都不具 primary 資格
EV_S_qb1of3__REVENUE_qb2of3__None__v0,—,—,0.036604244466742486,,,-0.309441539958218,0.4003139717425432,191.91489361702128,1.0,188.0,False,兩邊都不具 primary 資格
P_IC_qb2of3__NETDEBT_EBITDA_qb0of3__None__v0,—,—,0.036571061749292255,,,-0.3092763914004564,0.4182041820418204,270.8510638297872,1.0,260.0,False,兩邊都不具 primary 資格
NETDEBT_EBITDA_qb2of3__EPS_qb0of3__None__v0,—,—,0.03648423904968334,,,-0.31755335092257986,0.4443573667711599,268.59574468085106,1.0,251.4,False,兩邊都不具 primary 資格
ROIC_qb2of3__CROIC_qb0of3__None__v0,—,—,0.03633477034123844,,,-0.32091758044827057,0.42238599723629666,167.93617021276594,1.0,148.0,False,兩邊都不具 primary 資格
EV_S_qb1of3__VOL_qb0of3__None__v0,—,—,0.03633475432081057,,,-0.22345695829082735,0.44126506024096385,193.29787234042553,1.0,181.0,False,兩邊都不具 primary 資格
EPS_qb1of3__FCF_OI_qb0of3__None__v0,—,—,0.03631568194716306,,,-0.2930402675621502,0.4058033780857514,188.9787234042553,1.0,178.2,False,兩邊都不具 primary 資格
PS_qb2of3__VOL_qb1of3__None__v0,—,—,0.036200372614167975,,,-0.3226060745194267,0.41075794621026895,172.4468085106383,1.0,161.8,False,兩邊都不具 primary 資格
EV_EBITDA_qb2of3__FCF_OI_qb1of3__None__v0,—,—,0.03613784175766477,,,-0.3202053029177102,0.4,191.10638297872342,1.0,180.0,False,兩邊都不具 primary 資格
VOL_qb0of3__REVENUE_qb2of3__None__v0,—,—,0.03594355266507687,,,-0.22296253550367962,0.49906716417910446,226.31914893617022,1.0,208.0,False,兩邊都不具 primary 資格
REVENUE_qb1of3__OCF_E_qb0of3__None__v0,—,—,0.03593940095198955,,,-0.3144266122873478,0.41500852757248435,168.63829787234042,1.0,154.0,False,兩邊都不具 primary 資格
EV_EBITDA_qb2of3__REV_G_qb2of3__None__v0,—,—,0.03587305272969554,,,-0.350273851848352,0.38720731010850945,198.25531914893617,1.0,184.0,False,兩邊都不具 primary 資格
MOM_qb0of3__EV_S_qb0of3__None__v0,EV_S_qb0,MOM_qb0,0.0358598327705677,0.10160886715511852,-0.06574903438455082,-0.3035439039897858,0.4471771939631079,156.29787234042553,1.0,134.0,False,secondary 輸大盤太多；配對後退步過多
PB_qb2of3__None__None__v0,PB_qb2,（空集合）,0.035082521487208806,0.035082521487208806,0.0,-0.310929890711662,0.25267249757045673,595.1063829787234,1.0,591.0,False,primary 單獨不夠強
OCF_E_qb2of3__CROIC_qb0of3__None__v0,—,—,0.035059033656247296,,,-0.2936002123331347,0.4151260504201681,172.85106382978722,1.0,158.0,False,兩邊都不具 primary 資格
P_IC_qb2of3__CROIC_qb2of3__None__v0,—,—,0.034991108644896185,,,-0.27612331356434394,0.41995841995842,218.40425531914894,1.0,196.0,False,兩邊都不具 primary 資格
NETDEBT_EBITDA_qb2of3__FCF_P_qb0of3__None__v0,—,—,0.03498981200050544,,,-0.33175634102221674,0.40390731485688325,225.36170212765958,1.0,208.0,False,兩邊都不具 primary 資格
EV_EBITDA_qb2of3__ROE_qb2of3__None__v0,—,—,0.03481645791202159,,,-0.32736933867505846,0.3776595744680851,123.87234042553192,1.0,112.0,False,兩邊都不具 primary 資格
PB_qb2of3__REV_G_qb2of3__None__v0,—,—,0.03476531472627742,,,-0.33130552333638696,0.3490304709141274,263.9574468085106,1.0,245.0,False,兩邊都不具 primary 資格
EPS_qb1of3__FCF_P_qb0of3__None__v0,—,—,0.034641144505868304,,,-0.287645282146359,0.4088184931506849,189.6595744680851,1.0,175.6,False,兩邊都不具 primary 資格
EV_EBITDA_qb2of3__EPS_qb2of3__None__v0,—,—,0.034626536566750854,,,-0.3273581557224038,0.38132295719844356,117.46808510638297,1.0,101.0,False,兩邊都不具 primary 資格
MOM_qb0of3__P_IC_qb0of3__None__v0,—,—,0.03456301073688106,,,-0.3127485430402662,0.455930359085963,163.82978723404256,1.0,131.0,False,兩邊都不具 primary 資格
NETDEBT_EBITDA_qb2of3__ACCRUAL_qb0of3__None__v0,—,—,0.034184808918077625,,,-0.2854787942334511,0.42045454545454547,185.5531914893617,1.0,164.0,False,兩邊都不具 primary 資格
EV_S_qb1of3__PB_qb2of3__None__v0,—,—,0.03418112879535862,,,-0.29609511045804937,0.3988035892323031,185.14893617021278,1.0,175.0,False,兩邊都不具 primary 資格
ACCRUAL_qb1of3__REVENUE_qb2of3__None__v0,—,—,0.03409542330220172,,,-0.2849589362489401,0.41885377611140867,195.14893617021278,1.0,182.0,False,兩邊都不具 primary 資格
PB_qb2of3__REV_G_qb0of3__None__v0,—,—,0.03409415834940033,,,-0.29919367162916266,0.38922675933970463,155.89361702127658,1.0,144.0,False,兩邊都不具 primary 資格
PB_qb2of3__VOL_qb0of3__None__v0,—,—,0.034041225606263215,,,-0.180006028635883,0.4410958904109589,113.46808510638297,1.0,91.2,False,兩邊都不具 primary 資格
DEBTRATIO_qb0of3__FCF_OI_qb2of3__None__v0,—,—,0.03399461238845958,,,-0.2856651207267612,0.421875,198.48936170212767,1.0,178.0,False,兩邊都不具 primary 資格
VOL_qb2of3__OCF_E_qb0of3__None__v0,—,—,0.03390675607694171,,,-0.35838836462862145,0.3986175115207373,215.10638297872342,1.0,197.0,False,兩邊都不具 primary 資格
EPS_qb1of3__CROIC_qb0of3__None__v0,—,—,0.03379234071458437,,,-0.29364151956641704,0.40532417346500643,189.10638297872342,1.0,177.0,False,兩邊都不具 primary 資格
PS_qb2of3__CROIC_qb2of3__None__v0,—,—,0.033719456718948715,,,-0.28290653129818144,0.413159167876149,191.0,1.0,176.0,False,兩邊都不具 primary 資格
PS_qb2of3__EV_EBITDA_qb1of3__None__v0,—,—,0.0336622544560774,,,-0.2609704030167088,0.4098939929328622,110.97872340425532,1.0,100.0,False,兩邊都不具 primary 資格
NETDEBT_EBITDA_qb2of3__EV_EBITDA_qb2of3__None__v0,—,—,0.03356568217887812,,,-0.3228925933172402,0.4256223436551305,271.2340425531915,1.0,252.6,False,兩邊都不具 primary 資格
MOM_qb0of3__PS_qb0of3__None__v0,—,—,0.03352397809027652,,,-0.30599760365801965,0.45018450184501846,168.2340425531915,1.0,144.0,False,兩邊都不具 primary 資格
EPS_qb0of3__CROIC_qb2of3__None__v0,—,—,0.03337034361607527,,,-0.32602624968193195,0.4,153.68085106382978,1.0,110.0,False,兩邊都不具 primary 資格
NETDEBT_EBITDA_qb2of3__REVENUE_qb1of3__None__v0,—,—,0.03318710791595625,,,-0.30428046809129794,0.4340836012861736,202.7659574468085,1.0,197.0,False,兩邊都不具 primary 資格
REV_G_qb1of3__CROIC_qb1of3__None__v0,—,—,0.03317673628084128,,,-0.2826495799235712,0.4221958925750395,197.51063829787233,1.0,182.0,False,兩邊都不具 primary 資格
ACCRUAL_qb0of3__OCF_E_qb1of3__None__v0,—,—,0.033030659432045084,,,-0.3265334584136953,0.39308176100628933,121.87234042553192,1.0,114.0,False,兩邊都不具 primary 資格
P_IC_qb2of3__ROE_qb0of3__None__v0,—,—,0.032995235319947414,,,-0.32758056632683497,0.4038709677419355,161.2340425531915,1.0,144.2,False,兩邊都不具 primary 資格
EPS_qb1of3__ROE_qb0of3__None__v0,—,—,0.032852376909690006,,,-0.33634598586001285,0.4030261348005502,51.659574468085104,1.0,45.0,False,兩邊都不具 primary 資格
OCF_E_qb2of3__ROE_qb1of3__None__v0,—,—,0.03281030029062526,,,-0.285847171435044,0.4224215246636771,176.74468085106383,1.0,164.8,False,兩邊都不具 primary 資格
P_IC_qb2of3__ROIC_qb0of3__None__v0,—,—,0.032697740181361956,,,-0.32728717172534016,0.4105960264900662,153.95744680851064,1.0,132.0,False,兩邊都不具 primary 資格
NETDEBT_EBITDA_qb2of3__REV_G_qb2of3__None__v0,—,—,0.03259531740974575,,,-0.34139534470138444,0.3712984054669704,194.38297872340425,1.0,179.0,False,兩邊都不具 primary 資格
PS_qb1of3__EV_EBITDA_qb2of3__None__v0,—,—,0.032546948964155886,,,-0.3120368287883386,0.4054388133498146,187.59574468085106,1.0,176.0,False,兩邊都不具 primary 資格
EV_S_qb2of3__REVENUE_qb2of3__None__v0,—,—,0.032466358694134945,,,-0.34107751367462014,0.30743243243243246,96.68085106382979,1.0,89.0,False,兩邊都不具 primary 資格
OCF_E_qb1of3__FCF_P_qb2of3__None__v0,—,—,0.032457349608706165,,,-0.310561844754795,0.41822955738934736,194.91489361702128,1.0,183.4,False,兩邊都不具 primary 資格
ACCRUAL_qb1of3__ROE_qb1of3__None__v0,—,—,0.032456199529718344,,,-0.2867808763028248,0.4113767518549052,220.4255319148936,1.0,209.0,False,兩邊都不具 primary 資格
PB_qb2of3__P_IC_qb2of3__None__v0,—,—,0.03240233001228665,,,-0.311911336498383,0.2488479262672811,468.70212765957444,1.0,463.0,False,兩邊都不具 primary 資格
DEBTRATIO_qb0of3__FCF_P_qb2of3__None__v0,—,—,0.03226595456034098,,,-0.2929212493562937,0.41698630136986303,148.80851063829786,1.0,125.8,False,兩邊都不具 primary 資格
P_IC_qb2of3__FCF_P_qb1of3__None__v0,—,—,0.03225189575619636,,,-0.30079454673812256,0.41051738761662426,280.0425531914894,1.0,222.0,False,兩邊都不具 primary 資格
PS_qb2of3__EV_EBITDA_qb2of3__None__v0,—,—,0.03219114749891805,,,-0.34037449520640983,0.3939799331103679,280.25531914893617,1.0,262.40000000000003,False,兩邊都不具 primary 資格
NETDEBT_EBITDA_qb2of3__ROE_qb1of3__None__v0,—,—,0.03203181227153107,,,-0.30624446432876873,0.41644562334217505,197.53191489361703,1.0,185.4,False,兩邊都不具 primary 資格
NETDEBT_EBITDA_qb2of3__CROIC_qb2of3__None__v0,—,—,0.032019415328157,,,-0.310595286456518,0.4326097930338213,178.17021276595744,1.0,136.8,False,兩邊都不具 primary 資格
PS_qb2of3__FCF_P_qb1of3__None__v0,—,—,0.031900226903574413,,,-0.3208006236751091,0.3972602739726027,240.89361702127658,1.0,212.0,False,兩邊都不具 primary 資格
DEBTRATIO_qb0of3__ROIC_qb1of3__None__v0,—,—,0.031848631720426734,,,-0.2927346845264839,0.4083147735708983,165.9787234042553,1.0,151.0,False,兩邊都不具 primary 資格
PB_qb2of3__PS_qb0of3__None__v0,—,—,0.03171979024680893,,,-0.28377834997190376,0.38287153652392947,75.70212765957447,1.0,62.0,False,兩邊都不具 primary 資格
FCF_OI_qb2of3__ROIC_qb0of3__None__v0,—,—,0.03168100009760977,,,-0.3082513773241783,0.4091734786557675,194.48936170212767,1.0,155.0,False,兩邊都不具 primary 資格
MOM_qb0of3__NETDEBT_EBITDA_qb0of3__None__v0,—,—,0.031610825843436885,,,-0.33494281866399966,0.4602954755309326,208.5531914893617,1.0,179.6,False,兩邊都不具 primary 資格
VOL_qb2of3__FCF_OI_qb0of3__None__v0,—,—,0.031557947557998345,,,-0.36180538596684353,0.37922705314009664,213.72340425531914,1.0,195.0,False,兩邊都不具 primary 資格
PB_qb2of3__P_IC_qb1of3__None__v0,—,—,0.031527242771056674,,,-0.32492667274587794,0.36885245901639346,97.42553191489361,1.0,90.0,False,兩邊都不具 primary 資格
PS_qb2of3__VOL_qb2of3__None__v0,—,—,0.0313585200768296,,,-0.3631030565987631,0.3333333333333333,258.0851063829787,1.0,245.0,False,兩邊都不具 primary 資格
PB_qb2of3__CROIC_qb2of3__None__v0,—,—,0.03132108558988289,,,-0.2890518065816956,0.4157303370786517,221.04255319148936,1.0,201.0,False,兩邊都不具 primary 資格
ACCRUAL_qb2of3__REVENUE_qb1of3__None__v0,—,—,0.031051404815672257,,,-0.2940666755183522,0.4203791469194313,196.72340425531914,1.0,186.6,False,兩邊都不具 primary 資格
FCF_OI_qb0of3__ROIC_qb1of3__None__v0,—,—,0.03099996879344813,,,-0.29655272988387005,0.4123064043532859,189.08510638297872,1.0,177.0,False,兩邊都不具 primary 資格
ROIC_qb1of3__CROIC_qb0of3__None__v0,—,—,0.03099844546514441,,,-0.3026333325888728,0.41208333333333336,189.17021276595744,1.0,173.20000000000002,False,兩邊都不具 primary 資格
P_IC_qb2of3__REVENUE_qb1of3__None__v0,—,—,0.030967550074231687,,,-0.3135733413488401,0.3658119658119658,187.59574468085106,1.0,179.0,False,兩邊都不具 primary 資格
PS_qb2of3__FCF_P_qb2of3__None__v0,—,—,0.03092883022377002,,,-0.29978685636215974,0.42248520710059173,148.17021276595744,1.0,129.0,False,兩邊都不具 primary 資格
FCF_OI_qb2of3__OCF_E_qb1of3__None__v0,—,—,0.03092643105734738,,,-0.2936706009868081,0.41990555757355613,205.59574468085106,1.0,191.0,False,兩邊都不具 primary 資格
REV_G_qb1of3__ROE_qb1of3__None__v0,—,—,0.0307441487979494,,,-0.28421115993404755,0.4100596760443308,229.80851063829786,1.0,220.0,False,兩邊都不具 primary 資格
MOM_qb0of3__EV_EBITDA_qb0of3__None__v0,—,—,0.030626431388872,,,-0.3198094162458821,0.4336951392166116,174.74468085106383,1.0,151.20000000000002,False,兩邊都不具 primary 資格
EPS_qb0of3__REV_G_qb2of3__None__v0,—,—,0.030600220696706204,,,-0.3691024238420024,0.3955056179775281,145.80851063829786,1.0,127.8,False,兩邊都不具 primary 資格
REVENUE_qb1of3__ROIC_qb0of3__None__v0,—,—,0.030356663553693153,,,-0.32812813179165523,0.41362763915547024,154.31914893617022,1.0,142.0,False,兩邊都不具 primary 資格
FCF_OI_qb2of3__ROE_qb0of3__None__v0,—,—,0.03028821810296245,,,-0.3135600251236357,0.4046242774566474,195.31914893617022,1.0,167.0,False,兩邊都不具 primary 資格
P_IC_qb2of3__FCF_OI_qb1of3__None__v0,—,—,0.030225705216596177,,,-0.2948795754578786,0.41933892451899357,195.5744680851064,1.0,165.0,False,兩邊都不具 primary 資格
PS_qb2of3__CROIC_qb1of3__None__v0,—,—,0.030192525864093378,,,-0.3316404138735475,0.4038364462392731,191.0212765957447,1.0,176.2,False,兩邊都不具 primary 資格
EPS_qb2of3__OCF_E_qb1of3__None__v0,—,—,0.030177481665899508,,,-0.2845915604392525,0.43313373253493015,179.5531914893617,1.0,163.6,False,兩邊都不具 primary 資格
EV_EBITDA_qb2of3__EPS_qb1of3__None__v0,—,—,0.030132568944740035,,,-0.3148528611957674,0.4083570750237417,223.14893617021278,1.0,180.0,False,兩邊都不具 primary 資格
P_IC_qb2of3__FCF_OI_qb0of3__None__v0,—,—,0.030115774079997992,,,-0.34404656619539886,0.387409200968523,184.4255319148936,1.0,170.0,False,兩邊都不具 primary 資格
VOL_qb2of3__FCF_P_qb0of3__None__v0,—,—,0.03001575385157329,,,-0.3576978905752123,0.38618210862619806,211.3404255319149,1.0,185.0,False,兩邊都不具 primary 資格
EV_EBITDA_qb2of3__REVENUE_qb1of3__None__v0,—,—,0.02988722056750559,,,-0.3168758763184917,0.38751714677640603,207.40425531914894,1.0,199.0,False,兩邊都不具 primary 資格
MOM_qb0of3__OCF_E_qb0of3__None__v0,—,—,0.029876456485260938,,,-0.33155754588977704,0.42664165103189494,212.0,1.0,195.0,False,兩邊都不具 primary 資格
EV_EBITDA_qb2of3__ROE_qb1of3__None__v0,—,—,0.02974714872214368,,,-0.33872872663169173,0.4142988084326306,224.91489361702128,1.0,197.0,False,兩邊都不具 primary 資格
EPS_qb0of3__FCF_P_qb2of3__None__v0,—,—,0.029729765394305385,,,-0.31763128303069277,0.4035939776590578,167.53191489361703,1.0,130.0,False,兩邊都不具 primary 資格
FCF_OI_qb0of3__ROE_qb1of3__None__v0,—,—,0.029709240729900666,,,-0.30343257868103635,0.41085594989561586,195.25531914893617,1.0,185.0,False,兩邊都不具 primary 資格
ROE_qb1of3__CROIC_qb0of3__None__v0,—,—,0.029501048274114483,,,-0.3051326641467569,0.4127641939494405,193.6595744680851,1.0,180.6,False,兩邊都不具 primary 資格
EV_EBITDA_qb2of3__ACCRUAL_qb1of3__None__v0,—,—,0.02949809460125352,,,-0.3167804273602277,0.3970004411116012,204.0,1.0,193.0,False,兩邊都不具 primary 資格
P_IC_qb2of3__REV_G_qb0of3__None__v0,—,—,0.029459126497829002,,,-0.29750783587453034,0.4231759656652361,169.59574468085106,1.0,158.0,False,兩邊都不具 primary 資格
EV_EBITDA_qb2of3__FCF_P_qb2of3__None__v0,—,—,0.02938638991350695,,,-0.3144368055210106,0.40614811364694925,164.89361702127658,1.0,136.0,False,兩邊都不具 primary 資格
REV_G_qb0of3__OCF_E_qb1of3__None__v0,—,—,0.02932543707682278,,,-0.2901869328278802,0.41238471673254284,200.25531914893617,1.0,189.8,False,兩邊都不具 primary 資格
VOL_qb2of3__ACCRUAL_qb2of3__None__v0,—,—,0.02921773430828334,,,-0.3733611388582423,0.40043103448275863,203.40425531914894,1.0,189.6,False,兩邊都不具 primary 資格
EV_S_qb2of3__FCF_P_qb1of3__None__v0,—,—,0.029176729148517655,,,-0.32579212285119585,0.39066222010481183,235.04255319148936,1.0,214.6,False,兩邊都不具 primary 資格
P_IC_qb2of3__PS_qb2of3__None__v0,—,—,0.02917422638411815,,,-0.32464555839250997,0.31025299600532624,376.531914893617,1.0,369.0,False,兩邊都不具 primary 資格
VOL_qb2of3__CROIC_qb0of3__None__v0,—,—,0.02913469214701725,,,-0.3674758431175875,0.38170092704554615,214.9787234042553,1.0,203.6,False,兩邊都不具 primary 資格
EV_S_qb2of3__P_IC_qb2of3__None__v0,—,—,0.029089786486870883,,,-0.326674596121617,0.2994652406417112,355.29787234042556,1.0,347.0,False,兩邊都不具 primary 資格
P_IC_qb2of3__CROIC_qb0of3__None__v0,—,—,0.028951784272977843,,,-0.3420102260734581,0.38357487922705313,184.0,1.0,173.0,False,兩邊都不具 primary 資格
P_IC_qb2of3__FCF_P_qb0of3__None__v0,—,—,0.028836881812707382,,,-0.3373175884658415,0.38601532567049807,171.46808510638297,1.0,131.0,False,兩邊都不具 primary 資格
MOM_qb1of3__REVENUE_qb2of3__None__v0,—,—,0.02877652237175954,,,-0.2731405905385559,0.4741463414634146,203.87234042553192,1.0,191.0,False,兩邊都不具 primary 資格
REVENUE_qb1of3__CROIC_qb2of3__None__v0,—,—,0.028633084180916812,,,-0.2802397441309854,0.4143101970865467,205.29787234042553,1.0,198.0,False,兩邊都不具 primary 資格
EV_S_qb2of3__FCF_OI_qb2of3__None__v0,—,—,0.028607267486693067,,,-0.298514295519972,0.41337764852513503,247.7659574468085,1.0,241.2,False,兩邊都不具 primary 資格
P_IC_qb2of3__VOL_qb2of3__None__v0,—,—,0.0285495244082703,,,-0.3513260918207455,0.33136094674556216,290.97872340425533,1.0,279.0,False,兩邊都不具 primary 資格
P_IC_qb2of3__VOL_qb0of3__None__v0,—,—,0.02849803789955585,,,-0.1799460420661042,0.4637482900136799,123.2127659574468,1.0,102.0,False,兩邊都不具 primary 資格
ROIC_qb0of3__FCF_P_qb2of3__None__v0,—,—,0.028381562556251794,,,-0.3148939673642305,0.40135724672806594,172.19148936170214,1.0,133.0,False,兩邊都不具 primary 資格
PS_qb2of3__REVENUE_qb2of3__None__v0,—,—,0.028299686897698795,,,-0.3286302176438468,0.2916666666666667,98.34042553191489,1.0,92.0,False,兩邊都不具 primary 資格
EV_S_qb2of3__ACCRUAL_qb2of3__None__v0,—,—,0.028247712412586612,,,-0.3412418766236718,0.4065126050420168,203.68085106382978,1.0,181.0,False,兩邊都不具 primary 資格
EV_EBITDA_qb2of3__REV_G_qb1of3__None__v0,—,—,0.028239873252610348,,,-0.3164843024444205,0.3925771040250915,175.4255319148936,1.0,163.0,False,兩邊都不具 primary 資格
EV_EBITDA_qb2of3__FCF_P_qb0of3__None__v0,—,—,0.028120224533460414,,,-0.33621180055928535,0.3961726384364821,191.38297872340425,1.0,172.0,False,兩邊都不具 primary 資格
NETDEBT_EBITDA_qb2of3__VOL_qb2of3__None__v0,—,—,0.028006568316245373,,,-0.3662868525714005,0.36812749003984063,181.2340425531915,1.0,162.6,False,兩邊都不具 primary 資格
MOM_qb0of3__FCF_P_qb1of3__None__v0,—,—,0.027984881885162016,,,-0.32469595003749474,0.43733921352443955,200.74468085106383,1.0,181.0,False,兩邊都不具 primary 資格
VOL_qb2of3__REVENUE_qb1of3__None__v0,—,—,0.027929792649938223,,,-0.36502494142050956,0.3701780415430267,194.36170212765958,1.0,183.0,False,兩邊都不具 primary 資格
EV_EBITDA_qb2of3__ACCRUAL_qb2of3__None__v0,—,—,0.02784156010462091,,,-0.34741033958517986,0.4025921425678412,213.06382978723406,1.0,202.0,False,兩邊都不具 primary 資格
EV_EBITDA_qb2of3__FCF_OI_qb0of3__None__v0,—,—,0.02773384963116743,,,-0.34141303556070723,0.39555555555555555,199.89361702127658,1.0,195.0,False,兩邊都不具 primary 資格
ROIC_qb1of3__FCF_P_qb0of3__None__v0,—,—,0.027675718236881197,,,-0.29621952486015624,0.4147254575707155,193.40425531914894,1.0,169.4,False,兩邊都不具 primary 資格
REVENUE_qb1of3__FCF_P_qb2of3__None__v0,—,—,0.02763602564259715,,,-0.2816648976535838,0.42011319111885065,205.87234042553192,1.0,197.4,False,兩邊都不具 primary 資格
PB_qb2of3__FCF_P_qb0of3__None__v0,—,—,0.027576973119820103,,,-0.33858935474580276,0.3881019830028329,179.10638297872342,1.0,141.2,False,兩邊都不具 primary 資格
ROIC_qb0of3__CROIC_qb2of3__None__v0,—,—,0.027563132589710104,,,-0.3188090083366891,0.39968895800933124,154.36170212765958,1.0,94.0,False,兩邊都不具 primary 資格
EV_S_qb2of3__VOL_qb1of3__None__v0,—,—,0.027406426779266413,,,-0.3332256790137965,0.4065733414485697,173.10638297872342,1.0,155.0,False,兩邊都不具 primary 資格
PS_qb2of3__ACCRUAL_qb2of3__None__v0,—,—,0.02732420426706761,,,-0.3328450255849327,0.4095,206.72340425531914,1.0,179.0,False,兩邊都不具 primary 資格
EV_S_qb2of3__CROIC_qb2of3__None__v0,—,—,0.027294100155217604,,,-0.29719089067842563,0.4102441359502154,189.51063829787233,1.0,170.6,False,兩邊都不具 primary 資格
PB_qb2of3__EV_EBITDA_qb0of3__None__v0,—,—,0.02723416166505399,,,-0.3174078433081038,0.3984198645598194,136.06382978723406,1.0,123.2,False,兩邊都不具 primary 資格
NETDEBT_EBITDA_qb2of3__REVENUE_qb2of3__None__v0,—,—,0.02716527337057295,,,-0.3174703456510508,0.423444976076555,223.19148936170214,1.0,216.0,False,兩邊都不具 primary 資格
EV_S_qb2of3__PB_qb2of3__None__v0,—,—,0.027125319070319565,,,-0.32731303668939427,0.2779827798277983,342.82978723404256,1.0,330.0,False,兩邊都不具 primary 資格
P_IC_qb2of3__EPS_qb0of3__None__v0,—,—,0.026799403037641722,,,-0.3381591586405607,0.3968253968253968,164.87234042553192,1.0,152.0,False,兩邊都不具 primary 資格
EV_EBITDA_qb2of3__CROIC_qb0of3__None__v0,—,—,0.026764659200541496,,,-0.3451265632669481,0.39675456389452335,196.10638297872342,1.0,184.0,False,兩邊都不具 primary 資格
OCF_E_qb1of3__CROIC_qb2of3__None__v0,—,—,0.02659864005577517,,,-0.30528558979240505,0.4162082874954162,196.12765957446808,1.0,186.0,False,兩邊都不具 primary 資格
EV_S_qb2of3__VOL_qb2of3__None__v0,—,—,0.026589706182318595,,,-0.35871797655630056,0.3293010752688172,266.36170212765956,1.0,253.0,False,兩邊都不具 primary 資格
PB_qb2of3__PS_qb2of3__None__v0,—,—,0.026438148428285846,,,-0.3252338271578702,0.2730673316708229,337.3829787234043,1.0,326.0,False,兩邊都不具 primary 資格
PB_qb2of3__FCF_OI_qb0of3__None__v0,—,—,0.026312396394651216,,,-0.34269403377983954,0.3853166986564299,188.53191489361703,1.0,170.0,False,兩邊都不具 primary 資格
PB_qb2of3__NETDEBT_EBITDA_qb0of3__None__v0,—,—,0.026223203118588945,,,-0.31822778470704427,0.3805970149253731,204.68085106382978,1.0,198.0,False,兩邊都不具 primary 資格
FCF_P_qb0of3__ROE_qb1of3__None__v0,—,—,0.02613557647247111,,,-0.3052137685010371,0.41462401329455756,195.17021276595744,1.0,170.6,False,兩邊都不具 primary 資格
FCF_P_qb2of3__ROE_qb0of3__None__v0,—,—,0.026123142648173614,,,-0.32272147346088964,0.39693926351028214,170.89361702127658,1.0,132.0,False,兩邊都不具 primary 資格
EV_S_qb2of3__ACCRUAL_qb1of3__None__v0,—,—,0.02611706629769306,,,-0.3263894260008168,0.3920863309352518,216.53191489361703,1.0,199.0,False,兩邊都不具 primary 資格
PB_qb2of3__REVENUE_qb1of3__None__v0,—,—,0.0260381687458775,,,-0.32377991996656186,0.35874439461883406,191.85106382978722,1.0,179.0,False,兩邊都不具 primary 資格
ROE_qb0of3__CROIC_qb2of3__None__v0,—,—,0.02589764792070448,,,-0.32393948628071045,0.3936927772126144,155.38297872340425,1.0,108.0,False,兩邊都不具 primary 資格
EV_S_qb2of3__EV_EBITDA_qb2of3__None__v0,—,—,0.02587667475795974,,,-0.3347457358817454,0.39724310776942356,313.48936170212767,1.0,295.0,False,兩邊都不具 primary 資格
PB_qb2of3__CROIC_qb0of3__None__v0,—,—,0.025865493671218598,,,-0.34575463711592924,0.38384321223709367,189.0212765957447,1.0,169.0,False,兩邊都不具 primary 資格
EV_EBITDA_qb2of3__ROIC_qb1of3__None__v0,—,—,0.025773399346520565,,,-0.3202609706046009,0.40178970917225953,233.68085106382978,1.0,206.0,False,兩邊都不具 primary 資格
REVENUE_qb1of3__ROE_qb0of3__None__v0,—,—,0.02575841380510635,,,-0.3283071347636948,0.4173076923076923,158.2340425531915,1.0,148.6,False,兩邊都不具 primary 資格
PB_qb2of3__REVENUE_qb0of3__None__v0,—,—,0.02575714714511035,,,-0.3070101719893732,0.35845896147403683,228.14893617021278,1.0,216.0,False,兩邊都不具 primary 資格
PS_qb2of3__OCF_E_qb1of3__None__v0,—,—,0.025748116701448387,,,-0.32752329524562995,0.4051962410171365,202.2340425531915,1.0,189.6,False,兩邊都不具 primary 資格
EV_EBITDA_qb2of3__DEBTRATIO_qb1of3__None__v0,—,—,0.025077450144985747,,,-0.3388571362929119,0.40332640332640335,186.91489361702128,1.0,178.4,False,兩邊都不具 primary 資格
P_IC_qb2of3__REV_G_qb1of3__None__v0,—,—,0.025007098924802573,,,-0.2931522776055039,0.43266666666666664,179.53191489361703,1.0,172.2,False,兩邊都不具 primary 資格
ROIC_qb0of3__ROE_qb1of3__None__v0,—,—,0.024746150012615153,,,-0.2228712617657207,0.44029850746268656,28.09090909090909,0.9361702127659575,12.0,False,兩邊都不具 primary 資格
MOM_qb0of3__VOL_qb1of3__None__v0,—,—,0.02471879765121643,,,-0.3274736937070617,0.43844660194174756,203.5531914893617,1.0,185.0,False,兩邊都不具 primary 資格
REVENUE_qb1of3__FCF_OI_qb2of3__None__v0,—,—,0.02465806311803398,,,-0.2897126506365614,0.4237986270022883,193.12765957446808,1.0,184.0,False,兩邊都不具 primary 資格
REVENUE_qb2of3__FCF_P_qb0of3__None__v0,—,—,0.02462289623386793,,,-0.32275133489343233,0.4163788850518007,199.74468085106383,1.0,163.0,False,兩邊都不具 primary 資格
MOM_qb0of3__DEBTRATIO_qb2of3__None__v0,—,—,0.024602738889574427,,,-0.3120419435789995,0.4574780058651026,191.74468085106383,1.0,174.4,False,兩邊都不具 primary 資格
PS_qb2of3__EPS_qb1of3__None__v0,—,—,0.0243619463687319,,,-0.2999320682470271,0.4168714168714169,167.53191489361703,1.0,153.0,False,兩邊都不具 primary 資格
PB_qb2of3__VOL_qb2of3__None__v0,—,—,0.02403940059884402,,,-0.3649255499001147,0.31884984025559104,302.8936170212766,1.0,280.0,False,兩邊都不具 primary 資格
P_IC_qb2of3__EV_EBITDA_qb0of3__None__v0,—,—,0.023977991853969094,,,-0.3123730202309224,0.3943820224719101,133.7872340425532,1.0,118.6,False,兩邊都不具 primary 資格
EV_S_qb2of3__DEBTRATIO_qb1of3__None__v0,—,—,0.023865763295224607,,,-0.33371575267074927,0.37435897435897436,162.9787234042553,1.0,153.0,False,兩邊都不具 primary 資格
MOM_qb1of3__P_IC_qb2of3__None__v0,—,—,0.023448381607523494,,,-0.2913621441035691,0.43142857142857144,158.4468085106383,1.0,139.6,False,兩邊都不具 primary 資格
FCF_OI_qb0of3__CROIC_qb1of3__None__v0,—,—,0.02343658347673294,,,-0.31569580563623856,0.40618101545253865,33.58695652173913,0.9787234042553191,4.0,False,兩邊都不具 primary 資格
PB_qb2of3__VOL_qb1of3__None__v0,—,—,0.023432179363032546,,,-0.32415099972925665,0.4032258064516129,169.3404255319149,1.0,159.0,False,兩邊都不具 primary 資格
NETDEBT_EBITDA_qb2of3__ACCRUAL_qb1of3__None__v0,—,—,0.023071108088566605,,,-0.31603327056939423,0.38399570354457574,204.29787234042553,1.0,195.6,False,兩邊都不具 primary 資格
P_IC_qb2of3__OCF_E_qb1of3__None__v0,—,—,0.022938469420974217,,,-0.31077127472807076,0.40229885057471265,190.82978723404256,1.0,178.6,False,兩邊都不具 primary 資格
PB_qb2of3__DEBTRATIO_qb0of3__None__v0,—,—,0.022779657169984535,,,-0.3102169068527342,0.34937888198757766,207.06382978723406,1.0,194.0,False,兩邊都不具 primary 資格
PB_qb2of3__FCF_OI_qb2of3__None__v0,—,—,0.021785088393732277,,,-0.3032721370129555,0.4062635928664637,211.48936170212767,1.0,192.2,False,兩邊都不具 primary 資格
EV_S_qb2of3__CROIC_qb1of3__None__v0,—,—,0.021267187410206168,,,-0.3362883120091281,0.392303848075962,192.08510638297872,1.0,178.0,False,兩邊都不具 primary 資格
MOM_qb0of3__P_IC_qb1of3__None__v0,—,—,0.021207486123569597,,,-0.31029669149560857,0.43779232927970063,187.74468085106383,1.0,169.0,False,兩邊都不具 primary 資格
P_IC_qb2of3__PS_qb0of3__None__v0,—,—,0.02116055587900867,,,-0.24503638231190017,0.42857142857142855,29.23404255319149,1.0,23.0,False,兩邊都不具 primary 資格
VOL_qb2of3__REV_G_qb1of3__None__v0,—,—,0.020730885261025955,,,-0.3855627014285592,0.3901345291479821,152.19148936170214,1.0,135.0,False,兩邊都不具 primary 資格
EV_EBITDA_qb2of3__OCF_E_qb1of3__None__v0,—,—,0.020646390208209242,,,-0.31874276929531753,0.4017819261773441,220.0,1.0,210.0,False,兩邊都不具 primary 資格
P_IC_qb2of3__FCF_OI_qb2of3__None__v0,—,—,0.02061105816952513,,,-0.2991023475864669,0.41357234314980795,215.14893617021278,1.0,191.0,False,兩邊都不具 primary 資格
MOM_qb0of3__VOL_qb2of3__None__v0,—,—,0.020602399037226604,,,-0.3445502745774287,0.4051094890510949,255.4255319148936,1.0,210.6,False,兩邊都不具 primary 資格
REVENUE_qb2of3__CROIC_qb0of3__None__v0,—,—,0.020539439479353883,,,-0.32600415536005745,0.4101040118870728,201.2340425531915,1.0,166.2,False,兩邊都不具 primary 資格
PB_qb2of3__ACCRUAL_qb1of3__None__v0,—,—,0.02045463868888686,,,-0.3276491859934322,0.38946791003839826,172.87234042553192,1.0,157.0,False,兩邊都不具 primary 資格
PS_qb2of3__REVENUE_qb1of3__None__v0,—,—,0.020302065718641238,,,-0.31875707401233533,0.37340619307832423,149.82978723404256,1.0,145.0,False,兩邊都不具 primary 資格
PS_qb2of3__FCF_OI_qb1of3__None__v0,—,—,0.020260262353368752,,,-0.3461455135756326,0.4001363326516701,126.57446808510639,1.0,114.0,False,兩邊都不具 primary 資格
DEBTRATIO_qb0of3__REVENUE_qb2of3__None__v0,—,—,0.020128001753657587,,,-0.29557254442670355,0.3719298245614035,107.57446808510639,1.0,102.8,False,兩邊都不具 primary 資格
PB_qb2of3__DEBTRATIO_qb1of3__None__v0,—,—,0.019298827587465928,,,-0.3295061610264931,0.3611111111111111,187.82978723404256,1.0,180.0,False,兩邊都不具 primary 資格
P_IC_qb2of3__DEBTRATIO_qb1of3__None__v0,—,—,0.018869908467417762,,,-0.3271766602484001,0.3617021276595745,187.7659574468085,1.0,180.0,False,兩邊都不具 primary 資格
P_IC_qb2of3__EV_EBITDA_qb2of3__None__v0,—,—,0.01873050827765299,,,-0.3424085981689965,0.3751783166904422,268.3191489361702,1.0,261.2,False,兩邊都不具 primary 資格
PB_qb2of3__FCF_P_qb1of3__None__v0,—,—,0.01833907773954646,,,-0.31464857884707176,0.38927637314734087,259.5744680851064,1.0,229.0,False,兩邊都不具 primary 資格
REVENUE_qb2of3__FCF_OI_qb0of3__None__v0,—,—,0.01820529308470409,,,-0.32286307625946375,0.41530864197530865,194.2340425531915,1.0,184.0,False,兩邊都不具 primary 資格
EV_S_qb2of3__FCF_P_qb2of3__None__v0,—,—,0.018071243023970895,,,-0.3100931162406396,0.4165701042873696,152.85106382978722,1.0,122.60000000000001,False,兩邊都不具 primary 資格
P_IC_qb2of3__FCF_P_qb2of3__None__v0,—,—,0.017868545186741303,,,-0.2979983336403099,0.4167591564927858,143.63829787234042,1.0,108.60000000000001,False,兩邊都不具 primary 資格
EV_S_qb2of3__FCF_OI_qb1of3__None__v0,—,—,0.017245965476683445,,,-0.3465398729661059,0.3894523326572008,126.04255319148936,1.0,113.0,False,兩邊都不具 primary 資格
EV_S_qb2of3__REVENUE_qb1of3__None__v0,—,—,0.01717751538796075,,,-0.3288835330103125,0.3668261562998405,160.2340425531915,1.0,154.0,False,兩邊都不具 primary 資格
PS_qb2of3__DEBTRATIO_qb1of3__None__v0,—,—,0.017096728024489805,,,-0.3386651956918625,0.371994342291372,143.87234042553192,1.0,133.0,False,兩邊都不具 primary 資格
REVENUE_qb1of3__EPS_qb0of3__None__v0,—,—,0.016518524102458798,,,-0.3372837410906382,0.40227703984819735,155.89361702127658,1.0,148.0,False,兩邊都不具 primary 資格
MOM_qb0of3__NETDEBT_EBITDA_qb1of3__None__v0,—,—,0.0158408013509872,,,-0.31238663946547574,0.44595959595959594,170.29787234042553,1.0,150.0,False,兩邊都不具 primary 資格
NETDEBT_EBITDA_qb2of3__OCF_E_qb1of3__None__v0,—,—,0.015084900352246633,,,-0.3230706497844239,0.39593301435406697,180.5744680851064,1.0,171.0,False,兩邊都不具 primary 資格
PB_qb2of3__FCF_P_qb2of3__None__v0,—,—,0.015004485095387654,,,-0.3066898016782782,0.4066168623265742,156.4255319148936,1.0,126.0,False,兩邊都不具 primary 資格
REVENUE_qb2of3__OCF_E_qb1of3__None__v0,—,—,0.014463173410091068,,,-0.3222402663023227,0.41043890865954924,184.7872340425532,1.0,173.4,False,兩邊都不具 primary 資格
P_IC_qb2of3__CROIC_qb1of3__None__v0,—,—,0.014459285758594342,,,-0.3229937724903076,0.4138431752178122,192.74468085106383,1.0,163.0,False,兩邊都不具 primary 資格
MOM_qb0of3__CROIC_qb2of3__None__v0,—,—,0.014395574989003679,,,-0.32745438529601323,0.421898355754858,189.61702127659575,1.0,176.0,False,兩邊都不具 primary 資格
MOM_qb0of3__None__None__v0,MOM_qb0,（空集合）,0.014245962465021744,0.014245962465021744,0.0,-0.3274916070672519,0.4545300878972279,589.9148936170212,1.0,586.0,False,primary 單獨不夠強
PB_qb2of3__ROIC_qb0of3__None__v0,—,—,0.013784924236478702,,,-0.34099494293832355,0.3675,163.04255319148936,1.0,147.6,False,兩邊都不具 primary 資格
MOM_qb0of3__PB_qb1of3__None__v0,—,—,0.013740636105938009,,,-0.309443404863328,0.44439421338155516,191.17021276595744,1.0,176.0,False,兩邊都不具 primary 資格
PB_qb2of3__EV_EBITDA_qb2of3__None__v0,—,—,0.01271353284219967,,,-0.3527783764260737,0.3518915060670949,267.8085106382979,1.0,246.0,False,兩邊都不具 primary 資格
PB_qb2of3__FCF_OI_qb1of3__None__v0,—,—,0.01256802069217322,,,-0.3196301916486347,0.39578101456554493,195.08510638297872,1.0,175.0,False,兩邊都不具 primary 資格
MOM_qb0of3__ACCRUAL_qb0of3__None__v0,—,—,0.012414653417463395,,,-0.3201086135604614,0.4250269687162891,210.4255319148936,1.0,192.0,False,兩邊都不具 primary 資格
PB_qb2of3__ROE_qb0of3__None__v0,—,—,0.012347093793263264,,,-0.34611361370698734,0.35858585858585856,163.74468085106383,1.0,150.2,False,兩邊都不具 primary 資格
MOM_qb0of3__ACCRUAL_qb1of3__None__v0,—,—,0.011812546719385253,,,-0.33368237508551735,0.41412213740458015,194.0212765957447,1.0,185.6,False,兩邊都不具 primary 資格
MOM_qb1of3__PB_qb2of3__None__v0,—,—,0.011654734682696066,,,-0.2913234837003529,0.4198250728862974,154.0212765957447,1.0,134.0,False,兩邊都不具 primary 資格
PS_qb2of3__REV_G_qb1of3__None__v0,—,—,0.01126379358182139,,,-0.2946393759551298,0.42424242424242425,155.04255319148936,1.0,140.0,False,兩邊都不具 primary 資格
PS_qb2of3__ROE_qb1of3__None__v0,—,—,0.010876143475005762,,,-0.32941795195244905,0.4015748031496063,169.48936170212767,1.0,157.8,False,兩邊都不具 primary 資格
P_IC_qb2of3__ACCRUAL_qb2of3__None__v0,—,—,0.010489576377280985,,,-0.31664885941959864,0.39971278123504067,206.17021276595744,1.0,186.0,False,兩邊都不具 primary 資格
MOM_qb0of3__OCF_E_qb2of3__None__v0,—,—,0.010116313879027006,,,-0.32420723923171735,0.43280552172147785,184.74468085106383,1.0,167.0,False,兩邊都不具 primary 資格
MOM_qb0of3__FCF_OI_qb1of3__None__v0,—,—,0.010049635703868631,,,-0.3216232951595074,0.42677659992147626,185.40425531914894,1.0,169.8,False,兩邊都不具 primary 資格
EV_S_qb2of3__EPS_qb1of3__None__v0,—,—,0.009669529069055827,,,-0.32115074934503673,0.4008,153.89361702127658,1.0,140.0,False,兩邊都不具 primary 資格
PB_qb2of3__EPS_qb1of3__None__v0,—,—,0.009656739243877777,,,-0.34592428770298167,0.37681159420289856,134.4255319148936,1.0,120.0,False,兩邊都不具 primary 資格
EV_S_qb2of3__OCF_E_qb1of3__None__v0,—,—,0.009538332026852503,,,-0.34037678541856453,0.3932334997226844,201.93617021276594,1.0,189.4,False,兩邊都不具 primary 資格
MOM_qb0of3__FCF_OI_qb2of3__None__v0,—,—,0.009272902628071789,,,-0.33533176365787487,0.42113150992881226,192.3404255319149,1.0,181.0,False,兩邊都不具 primary 資格
MOM_qb0of3__CROIC_qb1of3__None__v0,—,—,0.00898646253730262,,,-0.3207871541356685,0.42514285714285716,188.48936170212767,1.0,174.0,False,兩邊都不具 primary 資格
EV_EBITDA_qb2of3__REVENUE_qb2of3__None__v0,—,—,0.008518414665382501,,,-0.36542491740012617,0.40549102428722283,151.2340425531915,1.0,137.0,False,兩邊都不具 primary 資格
MOM_qb0of3__EV_S_qb1of3__None__v0,—,—,0.008511294180684192,,,-0.3190027441732226,0.43693284936479126,192.19148936170214,1.0,182.6,False,兩邊都不具 primary 資格
MOM_qb0of3__EV_EBITDA_qb2of3__None__v0,—,—,0.007996471098157487,,,-0.35333035165108195,0.42498255408234475,247.70212765957447,1.0,225.6,False,兩邊都不具 primary 資格
MOM_qb0of3__FCF_OI_qb0of3__None__v0,—,—,0.007862285304423455,,,-0.3352683045033512,0.4043754410726888,211.59574468085106,1.0,200.0,False,兩邊都不具 primary 資格
EPS_qb0of3__ROIC_qb1of3__None__v0,—,—,0.007850476467158751,,,-0.3724977299734886,0.367170626349892,70.95744680851064,1.0,57.0,False,兩邊都不具 primary 資格
MOM_qb0of3__DEBTRATIO_qb0of3__None__v0,—,—,0.007803279026724619,,,-0.32540723529984517,0.44533838144817794,205.2127659574468,1.0,188.0,False,兩邊都不具 primary 資格
PB_qb2of3__EPS_qb0of3__None__v0,—,—,0.007378147585260342,,,-0.3503639173835481,0.3619047619047619,166.7659574468085,1.0,153.6,False,兩邊都不具 primary 資格
P_IC_qb2of3__ROE_qb1of3__None__v0,—,—,0.007309626609819153,,,-0.3625785383239558,0.421875,140.08510638297872,1.0,128.0,False,兩邊都不具 primary 資格
EV_EBITDA_qb2of3__VOL_qb1of3__None__v0,—,—,0.007109410152292828,,,-0.3261013306542735,0.40047058823529413,186.08510638297872,1.0,169.0,False,兩邊都不具 primary 資格
P_IC_qb2of3__EPS_qb1of3__None__v0,—,—,0.006998958087952811,,,-0.3351002338939092,0.39693969396939693,148.7659574468085,1.0,138.6,False,兩邊都不具 primary 資格
MOM_qb0of3__PS_qb2of3__None__v0,—,—,0.006989234431473035,,,-0.3560516296167172,0.4486021505376344,232.89361702127658,1.0,201.6,False,兩邊都不具 primary 資格
MOM_qb0of3__DEBTRATIO_qb1of3__None__v0,—,—,0.00673877402495604,,,-0.34879388977920556,0.4275161588180979,192.95744680851064,1.0,176.0,False,兩邊都不具 primary 資格
P_IC_qb2of3__OCF_E_qb0of3__None__v0,—,—,0.00670453615039901,,,-0.3296770881940019,0.39741847826086957,177.51063829787233,1.0,153.0,False,兩邊都不具 primary 資格
PB_qb2of3__OCF_E_qb1of3__None__v0,—,—,0.006687786488735137,,,-0.3280930532958328,0.3915343915343915,160.12765957446808,1.0,142.0,False,兩邊都不具 primary 資格
MOM_qb0of3__ROE_qb2of3__None__v0,—,—,0.004903578087760874,,,-0.31778013467110666,0.4478685156651258,154.31914893617022,1.0,119.0,False,兩邊都不具 primary 資格
MOM_qb0of3__CROIC_qb0of3__None__v0,—,—,0.004780657167384739,,,-0.3407734448230775,0.4033790918690602,211.2340425531915,1.0,200.0,False,兩邊都不具 primary 資格
MOM_qb0of3__EV_EBITDA_qb1of3__None__v0,—,—,0.004447100528536696,,,-0.30981165998085136,0.4406381980290943,165.29787234042553,1.0,148.0,False,兩邊都不具 primary 資格
PS_qb2of3__ROIC_qb1of3__None__v0,—,—,0.004002085502548658,,,-0.3223642477999247,0.39365079365079364,147.12765957446808,1.0,127.60000000000001,False,兩邊都不具 primary 資格
PB_qb2of3__REV_G_qb1of3__None__v0,—,—,0.0034509741534045624,,,-0.3104598811559536,0.4065261726716519,172.89361702127658,1.0,163.6,False,兩邊都不具 primary 資格
MOM_qb0of3__EV_S_qb2of3__None__v0,—,—,0.0030692229599660337,,,-0.3542148090178747,0.44701429772918416,239.25531914893617,1.0,214.0,False,兩邊都不具 primary 資格
MOM_qb0of3__PS_qb1of3__None__v0,—,—,0.0028844337420856903,,,-0.31700421568068726,0.4270642201834862,188.7872340425532,1.0,173.0,False,兩邊都不具 primary 資格
MOM_qb0of3__FCF_P_qb2of3__None__v0,—,—,0.0026043655101557484,,,-0.3328661898763684,0.41251494619370266,178.25531914893617,1.0,163.0,False,兩邊都不具 primary 資格
PB_qb2of3__CROIC_qb1of3__None__v0,—,—,-0.00017630814198921207,,,-0.33674573293537036,0.38927165354330706,185.04255319148936,1.0,169.20000000000002,False,兩邊都不具 primary 資格
MOM_qb0of3__ACCRUAL_qb2of3__None__v0,—,—,-0.0002445320671564666,,,-0.34236947725740474,0.421935987509758,185.46808510638297,1.0,174.0,False,兩邊都不具 primary 資格
REVENUE_qb2of3__ROIC_qb0of3__None__v0,—,—,-0.0007570445843138041,,,-0.34301391632226896,0.43270622286541244,112.93617021276596,1.0,88.0,False,兩邊都不具 primary 資格
MOM_qb0of3__REV_G_qb2of3__None__v0,—,—,-0.0008382703674655323,,,-0.3380264102954704,0.434412265758092,185.0,1.0,162.0,False,兩邊都不具 primary 資格
MOM_qb0of3__ROIC_qb1of3__None__v0,—,—,-0.0012448103023956492,,,-0.3489886997246243,0.4223678820155674,187.61702127659575,1.0,167.0,False,兩邊都不具 primary 資格
PB_qb2of3__OCF_E_qb0of3__None__v0,—,—,-0.0019282379101547287,,,-0.3419239477287406,0.38374417055296467,184.7659574468085,1.0,169.0,False,兩邊都不具 primary 資格
MOM_qb0of3__FCF_P_qb0of3__None__v0,—,—,-0.003228588155244516,,,-0.33588039747751874,0.4015525758645025,209.61702127659575,1.0,187.0,False,兩邊都不具 primary 資格
EV_S_qb2of3__ROE_qb1of3__None__v0,—,—,-0.003355584381454446,,,-0.3498228796247157,0.3836477987421384,155.25531914893617,1.0,147.0,False,兩邊都不具 primary 資格
PB_qb2of3__ACCRUAL_qb2of3__None__v0,—,—,-0.003431225600873611,,,-0.3333096222669829,0.3847255369928401,209.0212765957447,1.0,193.20000000000002,False,兩邊都不具 primary 資格
MOM_qb0of3__REVENUE_qb1of3__None__v0,—,—,-0.0036237390730624597,,,-0.3420372563334695,0.43790849673202614,198.0212765957447,1.0,186.6,False,兩邊都不具 primary 資格
MOM_qb0of3__NETDEBT_EBITDA_qb2of3__None__v0,—,—,-0.0045060431152084135,,,-0.3393650220505199,0.4320639398213446,207.46808510638297,1.0,174.0,False,兩邊都不具 primary 資格
EV_S_qb2of3__REV_G_qb1of3__None__v0,—,—,-0.004541609821569481,,,-0.3205592129628656,0.40771558245083206,147.72340425531914,1.0,134.0,False,兩邊都不具 primary 資格
EPS_qb0of3__ROE_qb1of3__None__v0,—,—,-0.004714963342593359,,,-0.3967529150542376,0.3634085213032581,59.319148936170215,1.0,50.0,False,兩邊都不具 primary 資格
MOM_qb0of3__PB_qb2of3__None__v0,—,—,-0.004736190824200848,,,-0.35832010618429266,0.43356643356643354,239.29787234042553,1.0,185.0,False,兩邊都不具 primary 資格
PB_qb2of3__NETDEBT_EBITDA_qb2of3__None__v0,—,—,-0.00529217647913216,,,-0.3552279237144347,0.36147186147186144,145.72340425531914,1.0,137.0,False,兩邊都不具 primary 資格
MOM_qb0of3__EPS_qb2of3__None__v0,—,—,-0.005850959486847884,,,-0.32049999557886333,0.4508328855454057,156.40425531914894,1.0,114.0,False,兩邊都不具 primary 資格
MOM_qb0of3__P_IC_qb2of3__None__v0,—,—,-0.0058929362857078615,,,-0.3561229184645741,0.44590581247348327,238.3404255319149,1.0,189.0,False,兩邊都不具 primary 資格
PB_qb2of3__ROIC_qb1of3__None__v0,—,—,-0.006709857865962343,,,-0.35478885236728175,0.354978354978355,123.70212765957447,1.0,109.0,False,兩邊都不具 primary 資格
MOM_qb0of3__REVENUE_qb2of3__None__v0,—,—,-0.007595566522374808,,,-0.3473563052541637,0.4453737584945112,175.6595744680851,1.0,159.0,False,兩邊都不具 primary 資格
P_IC_qb2of3__ROIC_qb1of3__None__v0,—,—,-0.008245739638632732,,,-0.35548233675389274,0.3889392565729828,115.63829787234043,1.0,106.0,False,兩邊都不具 primary 資格
PB_qb2of3__ROE_qb1of3__None__v0,—,—,-0.008390952642241878,,,-0.3800998848969397,0.37163375224416517,117.12765957446808,1.0,102.0,False,兩邊都不具 primary 資格
REVENUE_qb2of3__ROE_qb0of3__None__v0,—,—,-0.008846250632974284,,,-0.3678408176332516,0.42536115569823435,98.08510638297872,1.0,89.0,False,兩邊都不具 primary 資格
MOM_qb0of3__EPS_qb1of3__None__v0,—,—,-0.009443604444145604,,,-0.3299319639907401,0.4186541737649063,181.25531914893617,1.0,163.0,False,兩邊都不具 primary 資格
EV_S_qb2of3__ROIC_qb1of3__None__v0,—,—,-0.009604114399737185,,,-0.3292777381804558,0.3738095238095238,151.08510638297872,1.0,139.0,False,兩邊都不具 primary 資格
MOM_qb0of3__VOL_qb0of3__None__v0,—,—,-0.012754661814193047,,,-0.30064748139831476,0.45767494356659144,129.7659574468085,1.0,68.0,False,兩邊都不具 primary 資格
MOM_qb0of3__OCF_E_qb1of3__None__v0,—,—,-0.012755924481375636,,,-0.34362195942317786,0.40578034682080927,193.17021276595744,1.0,184.0,False,兩邊都不具 primary 資格
MOM_qb0of3__ROIC_qb2of3__None__v0,—,—,-0.012997648401396278,,,-0.3237498068556566,0.43933918430562724,157.6595744680851,1.0,118.0,False,兩邊都不具 primary 資格
FCF_OI_qb1of3__FCF_P_qb0of3__None__v0,—,—,-0.014236295337535787,,,-0.30992891520961197,0.4013840830449827,43.234042553191486,1.0,8.0,False,兩邊都不具 primary 資格
MOM_qb0of3__REV_G_qb1of3__None__v0,—,—,-0.01426190072611333,,,-0.35298415507998104,0.41973791973791974,185.12765957446808,1.0,172.0,False,兩邊都不具 primary 資格
REVENUE_qb2of3__EPS_qb0of3__None__v0,—,—,-0.0157140094370537,,,-0.3617897386559873,0.4065573770491803,95.93617021276596,1.0,90.0,False,兩邊都不具 primary 資格
MOM_qb0of3__ROE_qb1of3__None__v0,—,—,-0.016086315353954994,,,-0.3572497478576231,0.41983471074380163,187.91489361702128,1.0,172.8,False,兩邊都不具 primary 資格
NETDEBT_EBITDA_qb2of3__DEBTRATIO_qb0of3__None__v0,—,—,-0.016803382596074612,,,-0.3203879380498542,0.4148148148148148,27.617021276595743,1.0,22.200000000000003,False,兩邊都不具 primary 資格
P_IC_qb2of3__NETDEBT_EBITDA_qb2of3__None__v0,—,—,-0.020222606534710863,,,-0.3739272207067471,0.35798816568047337,73.97872340425532,1.0,70.0,False,兩邊都不具 primary 資格
EV_S_qb2of3__PS_qb0of3__None__v0,—,—,-0.0219608369170482,,,-0.28968643724187804,0.4897959183673469,4.851063829787234,1.0,3.0,False,兩邊都不具 primary 資格
ACCRUAL_qb2of3__OCF_E_qb2of3__None__v0,—,—,-0.023666640530467742,,,-0.38136934898932706,0.4608150470219436,21.80851063829787,1.0,14.200000000000001,False,兩邊都不具 primary 資格
ROIC_qb0of3__ROE_qb2of3__None__v0,—,—,-0.024493617496750608,,,-0.22715518637178855,0.46153846153846156,4.111111111111111,0.9574468085106383,2.0,False,兩邊都不具 primary 資格
FCF_OI_qb2of3__CROIC_qb0of3__None__v0,—,—,-0.033030025472524205,,,-0.43811913807546643,0.5,4.153846153846154,0.5531914893617021,1.0,False,兩邊都不具 primary 資格
FCF_P_qb0of3__CROIC_qb1of3__None__v0,—,—,-0.03770138352358787,,,-0.3292584900114337,0.38672768878718533,31.80851063829787,1.0,5.800000000000002,False,兩邊都不具 primary 資格
FCF_P_qb1of3__CROIC_qb0of3__None__v0,—,—,-0.060544302798416605,,,-0.39507174955707636,0.3728395061728395,30.369565217391305,0.9787234042553191,5.0,False,兩邊都不具 primary 資格
FCF_OI_qb0of3__FCF_P_qb1of3__None__v0,—,—,-0.06224305870913793,,,-0.3517973079292336,0.37785588752196836,43.5,0.9787234042553191,5.0,False,兩邊都不具 primary 資格
PB_qb0of3__P_IC_qb2of3__None__v0,—,—,-0.07322194119806302,,,-0.3445393048115486,0.2,1.6153846153846154,0.2765957446808511,1.0,False,兩邊都不具 primary 資格
FCF_OI_qb2of3__FCF_P_qb0of3__None__v0,—,—,-0.10716877720366746,,,-0.5050854956763082,0.3333333333333333,4.653846153846154,0.5531914893617021,1.0,False,兩邊都不具 primary 資格
