strategy,F組合,C,CAGR,max_drawdown,win_ratio,持股數,V
REVENUE_qb0of3__PS_qb0of3__C14_EPS_DYN_ytdavg_gt_lyavg__v0,REVENUE_qb0of3__PS_qb0of3,C14_EPS_DYN_ytdavg_gt_lyavg,0.579452721659635,-0.479407579863525,0.6007428040854225,49.166666666666664,v0
REVENUE_qb0of3__PS_qb0of3__C7_ROE_DYN_ytdavg_gt_lyavg__v0,REVENUE_qb0of3__PS_qb0of3,C7_ROE_DYN_ytdavg_gt_lyavg,0.5585376989492032,-0.4654627954503451,0.5999003487792726,43.03666666666667,v0
REVENUE_qb0of3__PS_qb0of3__C6_ROE_DYN_ytdavg_gt_lyytdavg__v0,REVENUE_qb0of3__PS_qb0of3,C6_ROE_DYN_ytdavg_gt_lyytdavg,0.5272378429665874,-0.5130195166274696,0.5738927738927739,41.71328671328671,v0
REVENUE_qb0of3__PS_qb0of3__C13_EPS_DYN_ytdavg_gt_lyytdavg__v0,REVENUE_qb0of3__PS_qb0of3,C13_EPS_DYN_ytdavg_gt_lyytdavg,0.5267616081295954,-0.5056977424398997,0.5733005733005733,47.94736842105263,v0
REVENUE_qb0of3__PS_qb0of3__C11_EPS_DYN_qmax8__v0,REVENUE_qb0of3__PS_qb0of3,C11_EPS_DYN_qmax8,0.5055683183101569,-0.4996343770907189,0.6120659417748159,91.3974358974359,v0
REVENUE_qb0of3__PS_qb0of3__C4_ROE_DYN_qmax8__v0,REVENUE_qb0of3__PS_qb0of3,C4_ROE_DYN_qmax8,0.5019594463070645,-0.5000267074279029,0.6110154905335629,91.17307692307692,v0
REVENUE_qb0of3__PS_qb0of3__C10_EPS_DYN_qmax4__v0,REVENUE_qb0of3__PS_qb0of3,C10_EPS_DYN_qmax4,0.5017993602844621,-0.4973258531476279,0.6168294515401953,92.25961538461539,v0
REVENUE_qb0of3__PS_qb0of3__C3_ROE_DYN_qmax4__v0,REVENUE_qb0of3__PS_qb0of3,C3_ROE_DYN_qmax4,0.4970172635192005,-0.497808778965821,0.6158423205652659,92.1474358974359,v0
REVENUE_qb0of3__PS_qb0of3__None__v0,REVENUE_qb0of3__PS_qb0of3,None,0.4934155736618613,-0.5065060097014502,0.6361279170267934,93.86217948717949,v0
REVENUE_qb0of3__PS_qb0of3__C18_FCF_P_DYN_qmax8__v0,REVENUE_qb0of3__PS_qb0of3,C18_FCF_P_DYN_qmax8,0.49228469271755815,-0.5123271826259488,0.6174920969441517,91.23397435897436,v0
REVENUE_qb0of3__PS_qb0of3__C17_FCF_P_DYN_qmax4__v0,REVENUE_qb0of3__PS_qb0of3,C17_FCF_P_DYN_qmax4,0.4921143884272512,-0.5108958123406402,0.624715693707354,92.125,v0
REVENUE_qb0of3__PS_qb0of3__C20_FCF_P_DYN_ytdavg_gt_lyytdavg__v0,REVENUE_qb0of3__PS_qb0of3,C20_FCF_P_DYN_ytdavg_gt_lyytdavg,0.47746177680504465,-0.481489280740669,0.5764,45.14335664335665,v0
REVENUE_qb0of3__EV_S_qb0of3__C14_EPS_DYN_ytdavg_gt_lyavg__v0,REVENUE_qb0of3__EV_S_qb0of3,C14_EPS_DYN_ytdavg_gt_lyavg,0.44347278232990184,-0.49305479298821286,0.5906499429874572,63.88666666666666,v0
VOL_qb2of3__PB_qb0of3__C14_EPS_DYN_ytdavg_gt_lyavg__v0,VOL_qb2of3__PB_qb0of3,C14_EPS_DYN_ytdavg_gt_lyavg,0.4274054194414303,-0.6083623188166991,0.5615396554400124,102.94333333333333,v0
VOL_qb2of3__P_IC_qb0of3__C7_ROE_DYN_ytdavg_gt_lyavg__v0,VOL_qb2of3__P_IC_qb0of3,C7_ROE_DYN_ytdavg_gt_lyavg,0.4253525953321231,-0.7071157667525189,0.5705435651478817,71.55,v0
REVENUE_qb0of3__EV_S_qb0of3__C7_ROE_DYN_ytdavg_gt_lyavg__v0,REVENUE_qb0of3__EV_S_qb0of3,C7_ROE_DYN_ytdavg_gt_lyavg,0.42120365161250817,-0.47131969776266736,0.597323600973236,55.5,v0
VOL_qb2of3__P_IC_qb0of3__C14_EPS_DYN_ytdavg_gt_lyavg__v0,VOL_qb2of3__P_IC_qb0of3,C14_EPS_DYN_ytdavg_gt_lyavg,0.41740882858481076,-0.6813627343549542,0.5744524203938892,82.41,v0
EV_S_qb0of3__EPS_qb0of3__C14_EPS_DYN_ytdavg_gt_lyavg__v0,EV_S_qb0of3__EPS_qb0of3,C14_EPS_DYN_ytdavg_gt_lyavg,0.41524356311151744,-0.6539201606597218,0.5687739850535245,71.82,v0
PS_qb0of3__EPS_qb0of3__C14_EPS_DYN_ytdavg_gt_lyavg__v0,PS_qb0of3__EPS_qb0of3,C14_EPS_DYN_ytdavg_gt_lyavg,0.41094004795649197,-0.6783718831711365,0.5766223612197029,73.08666666666667,v0
REVENUE_qb0of3__EV_S_qb0of3__C11_EPS_DYN_qmax8__v0,REVENUE_qb0of3__EV_S_qb0of3,C11_EPS_DYN_qmax8,0.4097719708955099,-0.5442141900765445,0.6073394495412844,113.48076923076923,v0
REVENUE_qb0of3__EV_S_qb0of3__C4_ROE_DYN_qmax8__v0,REVENUE_qb0of3__EV_S_qb0of3,C4_ROE_DYN_qmax8,0.4094478849461449,-0.5440270281244862,0.6072498502097065,113.20833333333333,v0
REVENUE_qb0of3__EV_S_qb0of3__C10_EPS_DYN_qmax4__v0,REVENUE_qb0of3__EV_S_qb0of3,C10_EPS_DYN_qmax4,0.4080648495415031,-0.5413158715836135,0.6161682550115019,114.47435897435898,v0
REVENUE_qb0of3__EV_S_qb0of3__C3_ROE_DYN_qmax4__v0,REVENUE_qb0of3__EV_S_qb0of3,C3_ROE_DYN_qmax4,0.4080378162871494,-0.5411843838444198,0.6149854038274408,114.31410256410257,v0
REVENUE_qb0of3__EV_S_qb0of3__None__v0,REVENUE_qb0of3__EV_S_qb0of3,None,0.40281257322748143,-0.5516987794160058,0.6305084745762712,116.26282051282051,v0
REVENUE_qb0of3__EV_S_qb0of3__C13_EPS_DYN_ytdavg_gt_lyytdavg__v0,REVENUE_qb0of3__EV_S_qb0of3,C13_EPS_DYN_ytdavg_gt_lyytdavg,0.40190807694013,-0.45927193183471027,0.5692206511016114,62.51929824561404,v0
REVENUE_qb0of3__EV_S_qb0of3__C17_FCF_P_DYN_qmax4__v0,REVENUE_qb0of3__EV_S_qb0of3,C17_FCF_P_DYN_qmax4,0.40083037477788674,-0.5555254869164842,0.6195297191378184,114.22115384615384,v0
REVENUE_qb0of3__EV_S_qb0of3__C18_FCF_P_DYN_qmax8__v0,REVENUE_qb0of3__EV_S_qb0of3,C18_FCF_P_DYN_qmax8,0.3992426345313156,-0.5584680811417975,0.6111616621170761,113.2275641025641,v0
REVENUE_qb0of3__PS_qb0of3__C14_EPS_DYN_ytdavg_gt_lyavg__v1,REVENUE_qb0of3__PS_qb0of3,C14_EPS_DYN_ytdavg_gt_lyavg,0.39833133119557873,-0.4730426728691277,0.5613598673300166,11.276666666666667,v1
PB_qb0of3__EPS_qb0of3__C14_EPS_DYN_ytdavg_gt_lyavg__v0,PB_qb0of3__EPS_qb0of3,C14_EPS_DYN_ytdavg_gt_lyavg,0.3973832763475085,-0.580011402673593,0.5599000178539546,88.33666666666667,v0
VOL_qb2of3__PB_qb0of3__C13_EPS_DYN_ytdavg_gt_lyytdavg__v0,VOL_qb2of3__PB_qb0of3,C13_EPS_DYN_ytdavg_gt_lyytdavg,0.39405888925084565,-0.581814953405029,0.5496525767226405,98.47368421052632,v0
VOL_qb2of3__PB_qb0of3__C11_EPS_DYN_qmax8__v0,VOL_qb2of3__PB_qb0of3,C11_EPS_DYN_qmax8,0.39056368819086584,-0.6118263504146964,0.5697428139183056,195.24358974358975,v0
VOL_qb2of3__PB_qb0of3__C4_ROE_DYN_qmax8__v0,VOL_qb2of3__PB_qb0of3,C4_ROE_DYN_qmax8,0.38893901980158097,-0.6097651166922471,0.5688485332269008,194.7596153846154,v0
VOL_qb2of3__PB_qb0of3__C10_EPS_DYN_qmax4__v0,VOL_qb2of3__PB_qb0of3,C10_EPS_DYN_qmax4,0.38860459275455983,-0.6084867737805446,0.5735063304384221,197.62820512820514,v0
EV_S_qb0of3__EPS_qb0of3__C7_ROE_DYN_ytdavg_gt_lyavg__v0,EV_S_qb0of3__EPS_qb0of3,C7_ROE_DYN_ytdavg_gt_lyavg,0.3875839424246408,-0.6417882766181864,0.5641630901287553,64.26,v0
VOL_qb2of3__PB_qb0of3__C7_ROE_DYN_ytdavg_gt_lyavg__v0,VOL_qb2of3__PB_qb0of3,C7_ROE_DYN_ytdavg_gt_lyavg,0.38738524248809947,-0.6388816766591277,0.5581009296148738,89.98,v0
P_IC_qb0of3__EPS_qb0of3__C14_EPS_DYN_ytdavg_gt_lyavg__v0,P_IC_qb0of3__EPS_qb0of3,C14_EPS_DYN_ytdavg_gt_lyavg,0.38738130655214076,-0.6466985869728388,0.5759632224168126,63.68666666666667,v0
VOL_qb2of3__PB_qb0of3__C18_FCF_P_DYN_qmax8__v0,VOL_qb2of3__PB_qb0of3,C18_FCF_P_DYN_qmax8,0.3864298144151319,-0.6113424193387254,0.5724535165723524,195.18910256410257,v0
VOL_qb2of3__P_IC_qb0of3__C13_EPS_DYN_ytdavg_gt_lyytdavg__v0,VOL_qb2of3__P_IC_qb0of3,C13_EPS_DYN_ytdavg_gt_lyytdavg,0.38598557454509175,-0.6755288886530488,0.5658941542718783,78.76842105263158,v0
VOL_qb2of3__PB_qb0of3__C3_ROE_DYN_qmax4__v0,VOL_qb2of3__PB_qb0of3,C3_ROE_DYN_qmax4,0.3853790017151373,-0.607436507104361,0.5735339906590555,197.2852564102564,v0
VOL_qb2of3__PB_qb0of3__None__v0,VOL_qb2of3__PB_qb0of3,None,0.38385073541968984,-0.6020252885586252,0.5789022298456261,213.10576923076923,v0
VOL_qb2of3__PB_qb0of3__C17_FCF_P_DYN_qmax4__v0,VOL_qb2of3__PB_qb0of3,C17_FCF_P_DYN_qmax4,0.3833925178627513,-0.6137608047340479,0.5761679790026246,197.48397435897436,v0
VOL_qb2of3__P_IC_qb0of3__C6_ROE_DYN_ytdavg_gt_lyytdavg__v0,VOL_qb2of3__P_IC_qb0of3,C6_ROE_DYN_ytdavg_gt_lyytdavg,0.38079793366897774,-0.705420446521907,0.5630720254675686,68.41958041958041,v0
REVENUE_qb0of3__PB_qb0of3__C14_EPS_DYN_ytdavg_gt_lyavg__v0,REVENUE_qb0of3__PB_qb0of3,C14_EPS_DYN_ytdavg_gt_lyavg,0.379904198949677,-0.40705936186180636,0.590677025527192,125.01333333333334,v0
REVENUE_qb0of3__PS_qb0of3__C10_EPS_DYN_qmax4__v1,REVENUE_qb0of3__PS_qb0of3,C10_EPS_DYN_qmax4,0.37976969446571895,-0.5790685959825786,0.5672310756972112,20.189102564102566,v1
P_IC_qb2of3__PB_qb0of3__C18_FCF_P_DYN_qmax8__v0,P_IC_qb2of3__PB_qb0of3,C18_FCF_P_DYN_qmax8,0.37966343464213903,-0.500701059292964,0.5449915110356537,35.44551282051282,v0
REVENUE_qb0of3__PS_qb0of3__C11_EPS_DYN_qmax8__v1,REVENUE_qb0of3__PS_qb0of3,C11_EPS_DYN_qmax8,0.3795654436504765,-0.5800836615789029,0.5660098522167488,19.98076923076923,v1
PB_qb0of3__ROE_qb2of3__None__v0,PB_qb0of3__ROE_qb2of3,None,0.37886780716788127,-0.49337517067048275,0.5725876057310547,93.03525641025641,v0
P_IC_qb2of3__PB_qb0of3__C10_EPS_DYN_qmax4__v0,P_IC_qb2of3__PB_qb0of3,C10_EPS_DYN_qmax4,0.37854033099163265,-0.5110612890238535,0.5187891440501043,36.243589743589745,v0
PS_qb0of3__EPS_qb0of3__C7_ROE_DYN_ytdavg_gt_lyavg__v0,PS_qb0of3__EPS_qb0of3,C7_ROE_DYN_ytdavg_gt_lyavg,0.3784732165742879,-0.680132642073111,0.5653790539144805,66.51,v0
PB_qb0of3__ROE_qb2of3__C3_ROE_DYN_qmax4__v0,PB_qb0of3__ROE_qb2of3,C3_ROE_DYN_qmax4,0.3784119269255748,-0.49180885301626664,0.5709348255431205,91.83653846153847,v0
PB_qb0of3__ROE_qb2of3__C4_ROE_DYN_qmax8__v0,PB_qb0of3__ROE_qb2of3,C4_ROE_DYN_qmax8,0.37823166091444116,-0.48990804180924785,0.570308750599904,91.07692307692308,v0
REVENUE_qb0of3__EV_S_qb0of3__C20_FCF_P_DYN_ytdavg_gt_lyytdavg__v0,REVENUE_qb0of3__EV_S_qb0of3,C20_FCF_P_DYN_ytdavg_gt_lyytdavg,0.3781345022586742,-0.5105187074666742,0.5810764484058965,55.06293706293706,v0
PB_qb0of3__ROE_qb2of3__C11_EPS_DYN_qmax8__v0,PB_qb0of3__ROE_qb2of3,C11_EPS_DYN_qmax8,0.3776873490928212,-0.4908415146546804,0.5688845717986077,90.78846153846153,v0
P_IC_qb2of3__PB_qb0of3__C11_EPS_DYN_qmax8__v0,P_IC_qb2of3__PB_qb0of3,C11_EPS_DYN_qmax8,0.37767182470732186,-0.5243722542895695,0.5278514588859416,35.544871794871796,v0
PB_qb0of3__ROE_qb2of3__C10_EPS_DYN_qmax4__v0,PB_qb0of3__ROE_qb2of3,C10_EPS_DYN_qmax4,0.3772044854376284,-0.48964428969782614,0.5702891326021934,91.7275641025641,v0
VOL_qb2of3__PS_qb0of3__C14_EPS_DYN_ytdavg_gt_lyavg__v0,VOL_qb2of3__PS_qb0of3,C14_EPS_DYN_ytdavg_gt_lyavg,0.37666315178515286,-0.6733037838345134,0.5569361004915346,118.52666666666667,v0
P_IC_qb2of3__PB_qb0of3__C17_FCF_P_DYN_qmax4__v0,P_IC_qb2of3__PB_qb0of3,C17_FCF_P_DYN_qmax4,0.37632093634184627,-0.4867276039706693,0.5338114754098361,36.22115384615385,v0
REVENUE_qb0of3__EV_S_qb0of3__C6_ROE_DYN_ytdavg_gt_lyytdavg__v0,REVENUE_qb0of3__EV_S_qb0of3,C6_ROE_DYN_ytdavg_gt_lyytdavg,0.37585381024591835,-0.4810443295188104,0.5766590389016019,53.66433566433567,v0
REVENUE_qb0of3__PS_qb0of3__C18_FCF_P_DYN_qmax8__v1,REVENUE_qb0of3__PS_qb0of3,C18_FCF_P_DYN_qmax8,0.3756763034042465,-0.5789249427694985,0.5655375552282769,20.048076923076923,v1
P_IC_qb2of3__PB_qb0of3__C3_ROE_DYN_qmax4__v0,P_IC_qb2of3__PB_qb0of3,C3_ROE_DYN_qmax4,0.3743483722434413,-0.536111191630268,0.5365365365365365,36.17307692307692,v0
REVENUE_qb0of3__PS_qb0of3__C17_FCF_P_DYN_qmax4__v1,REVENUE_qb0of3__PS_qb0of3,C17_FCF_P_DYN_qmax4,0.37367590944528795,-0.5789102983681276,0.5683060109289617,20.259615384615383,v1
PB_qb0of3__OCF_E_qb2of3__C14_EPS_DYN_ytdavg_gt_lyavg__v0,PB_qb0of3__OCF_E_qb2of3,C14_EPS_DYN_ytdavg_gt_lyavg,0.37351935807230885,-0.5516949524522201,0.568805822031095,68.11666666666666,v0
P_IC_qb2of3__PB_qb0of3__C4_ROE_DYN_qmax8__v0,P_IC_qb2of3__PB_qb0of3,C4_ROE_DYN_qmax8,0.37302410487394,-0.5614753681084703,0.5437601296596435,35.31089743589744,v0
EV_S_qb0of3__EPS_qb0of3__C14_EPS_DYN_ytdavg_gt_lyavg__v1,EV_S_qb0of3__EPS_qb0of3,C14_EPS_DYN_ytdavg_gt_lyavg,0.3720093741288417,-0.6260963251186173,0.5460921843687375,14.893333333333333,v1
PB_qb0of3__ROE_qb2of3__C18_FCF_P_DYN_qmax8__v0,PB_qb0of3__ROE_qb2of3,C18_FCF_P_DYN_qmax8,0.3713135814745694,-0.47963509846097374,0.5670136629798308,89.4551282051282,v0
PB_qb0of3__ROE_qb2of3__C17_FCF_P_DYN_qmax4__v0,PB_qb0of3__ROE_qb2of3,C17_FCF_P_DYN_qmax4,0.3707732549287355,-0.48183087362959476,0.5692410119840213,90.70833333333333,v0
P_IC_qb0of3__EPS_qb0of3__C7_ROE_DYN_ytdavg_gt_lyavg__v0,P_IC_qb0of3__EPS_qb0of3,C7_ROE_DYN_ytdavg_gt_lyavg,0.3701644389471448,-0.6607263050074602,0.5692736133673706,58.20333333333333,v0
EV_S_qb0of3__EPS_qb0of3__C13_EPS_DYN_ytdavg_gt_lyytdavg__v0,EV_S_qb0of3__EPS_qb0of3,C13_EPS_DYN_ytdavg_gt_lyytdavg,0.3700198612021839,-0.5812620828873427,0.5499614197530864,70.33333333333333,v0
VOL_qb2of3__P_IC_qb0of3__C18_FCF_P_DYN_qmax8__v0,VOL_qb2of3__P_IC_qb0of3,C18_FCF_P_DYN_qmax8,0.36921284493596507,-0.696774730734163,0.5780580675868634,159.38782051282053,v0
VOL_qb2of3__P_IC_qb0of3__C11_EPS_DYN_qmax8__v0,VOL_qb2of3__P_IC_qb0of3,C11_EPS_DYN_qmax8,0.3691411874493118,-0.7023833581876562,0.5744122210287624,159.25641025641025,v0
VOL_qb2of3__P_IC_qb0of3__C17_FCF_P_DYN_qmax4__v0,VOL_qb2of3__P_IC_qb0of3,C17_FCF_P_DYN_qmax4,0.36815593490675025,-0.6961868542036143,0.5825422266058439,161.33653846153845,v0
VOL_qb2of3__P_IC_qb0of3__C10_EPS_DYN_qmax4__v0,VOL_qb2of3__P_IC_qb0of3,C10_EPS_DYN_qmax4,0.3680419182524224,-0.6961870012957758,0.5790709167284408,161.22115384615384,v0
PB_qb0of3__EPS_qb0of3__C13_EPS_DYN_ytdavg_gt_lyytdavg__v0,PB_qb0of3__EPS_qb0of3,C13_EPS_DYN_ytdavg_gt_lyytdavg,0.36718996053583375,-0.5436475529823755,0.5498061688858925,84.6421052631579,v0
REVENUE_qb0of3__PS_qb0of3__C4_ROE_DYN_qmax8__v1,REVENUE_qb0of3__PS_qb0of3,C4_ROE_DYN_qmax8,0.3670871884287412,-0.5789429195107458,0.5663890249877511,19.923076923076923,v1
REVENUE_qb0of3__PS_qb0of3__C3_ROE_DYN_qmax4__v1,REVENUE_qb0of3__PS_qb0of3,C3_ROE_DYN_qmax4,0.36680713592210346,-0.5789102983681276,0.5668156979632389,20.15705128205128,v1
P_IC_qb0of3__ACCRUAL_qb0of3__C7_ROE_DYN_ytdavg_gt_lyavg__v0,P_IC_qb0of3__ACCRUAL_qb0of3,C7_ROE_DYN_ytdavg_gt_lyavg,0.36568401097753767,-0.733616236384318,0.5711252653927813,48.31666666666667,v0
VOL_qb2of3__P_IC_qb0of3__C4_ROE_DYN_qmax8__v0,VOL_qb2of3__P_IC_qb0of3,C4_ROE_DYN_qmax8,0.36514506733913743,-0.7032496615920354,0.5739931498759892,158.75,v0
VOL_qb2of3__PS_qb0of3__C7_ROE_DYN_ytdavg_gt_lyavg__v0,VOL_qb2of3__PS_qb0of3,C7_ROE_DYN_ytdavg_gt_lyavg,0.36465728503273165,-0.6911876585261867,0.5519787359716479,103.92333333333333,v0
P_IC_qb0of3__ACCRUAL_qb0of3__C14_EPS_DYN_ytdavg_gt_lyavg__v0,P_IC_qb0of3__ACCRUAL_qb0of3,C14_EPS_DYN_ytdavg_gt_lyavg,0.363853382653085,-0.7089051128707534,0.5740740740740741,54.876666666666665,v0
VOL_qb2of3__P_IC_qb0of3__C3_ROE_DYN_qmax4__v0,VOL_qb2of3__P_IC_qb0of3,C3_ROE_DYN_qmax4,0.36309477242621635,-0.6977822090439882,0.5795217657878602,160.92628205128204,v0
REVENUE_qb0of3__PS_qb0of3__None__v1,REVENUE_qb0of3__PS_qb0of3,None,0.3628336765845499,-0.5756906204818644,0.5697732997481109,20.60576923076923,v1
VOL_qb2of3__PS_qb0of3__C10_EPS_DYN_qmax4__v0,VOL_qb2of3__PS_qb0of3,C10_EPS_DYN_qmax4,0.3617218358018064,-0.6385510643444848,0.5693423597678917,210.19871794871796,v0
PS_qb0of3__EPS_qb0of3__C14_EPS_DYN_ytdavg_gt_lyavg__v1,PS_qb0of3__EPS_qb0of3,C14_EPS_DYN_ytdavg_gt_lyavg,0.36160473907091273,-0.6742526852518977,0.5515587529976019,15.34,v1
VOL_qb2of3__PS_qb0of3__C11_EPS_DYN_qmax8__v0,VOL_qb2of3__PS_qb0of3,C11_EPS_DYN_qmax8,0.3613874399051771,-0.6450970632900155,0.5669240070691098,207.47115384615384,v0
VOL_qb2of3__PB_qb0of3__C6_ROE_DYN_ytdavg_gt_lyytdavg__v0,VOL_qb2of3__PB_qb0of3,C6_ROE_DYN_ytdavg_gt_lyytdavg,0.3605474916323723,-0.6121954242978371,0.5525881965051105,86.25874125874125,v0
VOL_qb2of3__PS_qb0of3__C4_ROE_DYN_qmax8__v0,VOL_qb2of3__PS_qb0of3,C4_ROE_DYN_qmax8,0.3595171575236573,-0.6433270582476952,0.5648489314664702,206.77243589743588,v0
VOL_qb2of3__PS_qb0of3__C17_FCF_P_DYN_qmax4__v0,VOL_qb2of3__PS_qb0of3,C17_FCF_P_DYN_qmax4,0.35901219682541274,-0.6427812566807175,0.5742248062015504,209.96794871794873,v0
PB_qb0of3__ROE_qb2of3__C14_EPS_DYN_ytdavg_gt_lyavg__v0,PB_qb0of3__ROE_qb2of3,C14_EPS_DYN_ytdavg_gt_lyavg,0.35882081142264743,-0.540737973572234,0.5561555075593952,61.62,v0
VOL_qb2of3__PS_qb0of3__C18_FCF_P_DYN_qmax8__v0,VOL_qb2of3__PS_qb0of3,C18_FCF_P_DYN_qmax8,0.35875937205976016,-0.6439876231958408,0.5722139396198286,207.34935897435898,v0
VOL_qb2of3__PS_qb0of3__C3_ROE_DYN_qmax4__v0,VOL_qb2of3__PS_qb0of3,C3_ROE_DYN_qmax4,0.3585829362367663,-0.6379326829328,0.5692337238333013,209.82371794871796,v0
EV_S_qb0of3__ROIC_qb0of3__C14_EPS_DYN_ytdavg_gt_lyavg__v0,EV_S_qb0of3__ROIC_qb0of3,C14_EPS_DYN_ytdavg_gt_lyavg,0.35750232640518687,-0.7001609723100684,0.5655405405405406,61.04,v0
PS_qb0of3__ROIC_qb0of3__C14_EPS_DYN_ytdavg_gt_lyavg__v0,PS_qb0of3__ROIC_qb0of3,C14_EPS_DYN_ytdavg_gt_lyavg,0.3571653270568953,-0.7074302530951484,0.5716120745022479,64.26666666666667,v0
P_IC_qb2of3__PB_qb0of3__None__v0,P_IC_qb2of3__PB_qb0of3,None,0.35662042623220547,-0.5417027431578765,0.48194271481942713,38.51923076923077,v0
VOL_qb2of3__PB_qb0of3__C20_FCF_P_DYN_ytdavg_gt_lyytdavg__v0,VOL_qb2of3__PB_qb0of3,C20_FCF_P_DYN_ytdavg_gt_lyytdavg,0.3561401958110191,-0.6795582560210938,0.5619904413831881,97.21678321678321,v0
REVENUE_qb0of3__PS_qb0of3__C7_ROE_DYN_ytdavg_gt_lyavg__v1,REVENUE_qb0of3__PS_qb0of3,C7_ROE_DYN_ytdavg_gt_lyavg,0.35610160550747616,-0.7219338761931405,0.5551470588235294,10.136666666666667,v1
REVENUE_qb0of3__EV_S_qb0of3__C3_ROE_DYN_qmax4__v1,REVENUE_qb0of3__EV_S_qb0of3,C3_ROE_DYN_qmax4,0.3556196879377136,-0.5580125938083399,0.5700404858299595,25.21474358974359,v1
VOL_qb2of3__P_IC_qb0of3__None__v0,VOL_qb2of3__P_IC_qb0of3,None,0.35491012434058833,-0.6919767550920971,0.5851373591593872,173.89743589743588,v0
VOL_qb2of3__PS_qb0of3__None__v0,VOL_qb2of3__PS_qb0of3,None,0.35446924233980326,-0.6372950083113336,0.5749899071457408,223.46153846153845,v0
REVENUE_qb0of3__EV_S_qb0of3__C4_ROE_DYN_qmax8__v1,REVENUE_qb0of3__EV_S_qb0of3,C4_ROE_DYN_qmax8,0.35429441699621833,-0.5686047773264364,0.5683453237410072,24.942307692307693,v1
REVENUE_qb0of3__PB_qb0of3__C7_ROE_DYN_ytdavg_gt_lyavg__v0,REVENUE_qb0of3__PB_qb0of3,C7_ROE_DYN_ytdavg_gt_lyavg,0.35385882760937704,-0.41583941482212683,0.5882626921285514,109.80666666666667,v0
EV_EBITDA_qb0of3__PB_qb0of3__C14_EPS_DYN_ytdavg_gt_lyavg__v0,EV_EBITDA_qb0of3__PB_qb0of3,C14_EPS_DYN_ytdavg_gt_lyavg,0.353700554353682,-0.5998168849525474,0.5747633251199585,130.86,v0
VOL_qb2of3__P_IC_qb0of3__C20_FCF_P_DYN_ytdavg_gt_lyytdavg__v0,VOL_qb2of3__P_IC_qb0of3,C20_FCF_P_DYN_ytdavg_gt_lyytdavg,0.35363935547369696,-0.7580509344587956,0.5698100633122293,81.66783216783217,v0
REVENUE_qb0of3__EV_S_qb0of3__C14_EPS_DYN_ytdavg_gt_lyavg__v1,REVENUE_qb0of3__EV_S_qb0of3,C14_EPS_DYN_ytdavg_gt_lyavg,0.35310540559908965,-0.47328247135596535,0.5531112507856694,15.216666666666667,v1
P_IC_qb0of3__EPS_qb0of3__C13_EPS_DYN_ytdavg_gt_lyytdavg__v0,P_IC_qb0of3__EPS_qb0of3,C13_EPS_DYN_ytdavg_gt_lyytdavg,0.3530109343580934,-0.6544038823998259,0.5594760194379886,61.15438596491228,v0
PB_qb0of3__OCF_E_qb2of3__C7_ROE_DYN_ytdavg_gt_lyavg__v0,PB_qb0of3__OCF_E_qb2of3,C7_ROE_DYN_ytdavg_gt_lyavg,0.35301090822479453,-0.5199465986418701,0.5669333333333333,62.46333333333333,v0
PB_qb0of3__ACCRUAL_qb0of3__C14_EPS_DYN_ytdavg_gt_lyavg__v0,PB_qb0of3__ACCRUAL_qb0of3,C14_EPS_DYN_ytdavg_gt_lyavg,0.3529026064101226,-0.6168060164341169,0.5574191598670293,75.57333333333334,v0
REVENUE_qb0of3__EV_S_qb0of3__C10_EPS_DYN_qmax4__v1,REVENUE_qb0of3__EV_S_qb0of3,C10_EPS_DYN_qmax4,0.3517601349412238,-0.5578310862728025,0.5697485806974858,25.240384615384617,v1
PS_qb0of3__EPS_qb0of3__C7_ROE_DYN_ytdavg_gt_lyavg__v1,PS_qb0of3__EPS_qb0of3,C7_ROE_DYN_ytdavg_gt_lyavg,0.3516347116697085,-0.7747181365385305,0.5549193128578865,14.253333333333334,v1
EV_S_qb0of3__EPS_qb0of3__C13_EPS_DYN_ytdavg_gt_lyytdavg__v1,EV_S_qb0of3__EPS_qb0of3,C13_EPS_DYN_ytdavg_gt_lyytdavg,0.35134162531356283,-0.5256673064222708,0.5558455114822547,14.943859649122807,v1
REVENUE_qb0of3__PB_qb0of3__C13_EPS_DYN_ytdavg_gt_lyytdavg__v0,REVENUE_qb0of3__PB_qb0of3,C13_EPS_DYN_ytdavg_gt_lyytdavg,0.3504719239584233,-0.4214990124002336,0.5825242718446602,121.84912280701755,v0
REVENUE_qb0of3__EV_S_qb0of3__C11_EPS_DYN_qmax8__v1,REVENUE_qb0of3__EV_S_qb0of3,C11_EPS_DYN_qmax8,0.349659475798181,-0.5752758167201552,0.5682182985553772,25.0,v1
PS_qb0of3__EPS_qb0of3__C13_EPS_DYN_ytdavg_gt_lyytdavg__v0,PS_qb0of3__EPS_qb0of3,C13_EPS_DYN_ytdavg_gt_lyytdavg,0.3483286542609172,-0.6549175079885604,0.550326797385621,71.75438596491227,v0
EV_S_qb0of3__EPS_qb0of3__C11_EPS_DYN_qmax8__v0,EV_S_qb0of3__EPS_qb0of3,C11_EPS_DYN_qmax8,0.3471316706670282,-0.6312051662297643,0.5812790282243658,162.78205128205127,v0
EV_S_qb0of3__EPS_qb0of3__C4_ROE_DYN_qmax8__v0,EV_S_qb0of3__EPS_qb0of3,C4_ROE_DYN_qmax8,0.34693354620659456,-0.6313096679061432,0.5812006132798679,162.76923076923077,v0
EV_S_qb0of3__EPS_qb0of3__C10_EPS_DYN_qmax4__v0,EV_S_qb0of3__EPS_qb0of3,C10_EPS_DYN_qmax4,0.3462001227471536,-0.6261760320708655,0.5838693715982187,165.85897435897436,v0
PB_qb0of3__OCF_E_qb2of3__C13_EPS_DYN_ytdavg_gt_lyytdavg__v0,PB_qb0of3__OCF_E_qb2of3,C13_EPS_DYN_ytdavg_gt_lyytdavg,0.3459899673034328,-0.5423671667786959,0.5664144260183546,66.28421052631579,v0
EV_S_qb0of3__EPS_qb0of3__C3_ROE_DYN_qmax4__v0,EV_S_qb0of3__EPS_qb0of3,C3_ROE_DYN_qmax4,0.34584238281746815,-0.6268575992315553,0.584204699224997,165.85897435897436,v0
REVENUE_qb0of3__EV_S_qb0of3__C17_FCF_P_DYN_qmax4__v1,REVENUE_qb0of3__EV_S_qb0of3,C17_FCF_P_DYN_qmax4,0.3458219879938289,-0.5599926946789543,0.5702746365105008,25.28846153846154,v1
REVENUE_qb0of3__EV_S_qb0of3__C18_FCF_P_DYN_qmax8__v1,REVENUE_qb0of3__EV_S_qb0of3,C18_FCF_P_DYN_qmax8,0.3449243588426909,-0.5659455803060777,0.5682272909163666,25.044871794871796,v1
P_IC_qb0of3__EV_EBITDA_qb0of3__C7_ROE_DYN_ytdavg_gt_lyavg__v0,P_IC_qb0of3__EV_EBITDA_qb0of3,C7_ROE_DYN_ytdavg_gt_lyavg,0.3442237601393343,-0.7003461064611111,0.5878024852844996,95.49,v0
EV_EBITDA_qb0of3__PB_qb0of3__C11_EPS_DYN_qmax8__v0,EV_EBITDA_qb0of3__PB_qb0of3,C11_EPS_DYN_qmax8,0.34315250837579336,-0.6028406355144478,0.5872307560284905,236.05769230769232,v0
EV_EBITDA_qb0of3__PB_qb0of3__C4_ROE_DYN_qmax8__v0,EV_EBITDA_qb0of3__PB_qb0of3,C4_ROE_DYN_qmax8,0.34302000143111977,-0.6013749381431059,0.5885883347421809,235.42948717948718,v0
REVENUE_qb0of3__EV_S_qb0of3__None__v1,REVENUE_qb0of3__EV_S_qb0of3,None,0.3429851495160303,-0.5552288675444051,0.5714870954526833,25.705128205128204,v1
P_IC_qb0of3__EV_EBITDA_qb0of3__C14_EPS_DYN_ytdavg_gt_lyavg__v0,P_IC_qb0of3__EV_EBITDA_qb0of3,C14_EPS_DYN_ytdavg_gt_lyavg,0.34293556944800163,-0.6632054981072031,0.587953667953668,109.13,v0
EV_S_qb0of3__EPS_qb0of3__C7_ROE_DYN_ytdavg_gt_lyavg__v1,EV_S_qb0of3__EPS_qb0of3,C7_ROE_DYN_ytdavg_gt_lyavg,0.34292208912314326,-0.7756366959542047,0.5537870472008781,13.483333333333333,v1
PB_qb0of3__OCF_E_qb2of3__C6_ROE_DYN_ytdavg_gt_lyytdavg__v0,PB_qb0of3__OCF_E_qb2of3,C6_ROE_DYN_ytdavg_gt_lyytdavg,0.3428137975271657,-0.520819065832191,0.5675334055615746,60.29020979020979,v0
EV_S_qb0of3__EPS_qb0of3__None__v0,EV_S_qb0of3__EPS_qb0of3,None,0.34213527210607264,-0.6265419451331482,0.5916467145517424,171.26282051282053,v0
EV_EBITDA_qb0of3__PB_qb0of3__C10_EPS_DYN_qmax4__v0,EV_EBITDA_qb0of3__PB_qb0of3,C10_EPS_DYN_qmax4,0.34198553259934283,-0.600199663173117,0.5919282511210763,238.90384615384616,v0
PS_qb0of3__EPS_qb0of3__C4_ROE_DYN_qmax8__v0,PS_qb0of3__EPS_qb0of3,C4_ROE_DYN_qmax8,0.3418745412257018,-0.6371096256941,0.5816542357786931,170.19551282051282,v0
EV_S_qb0of3__EPS_qb0of3__C18_FCF_P_DYN_qmax8__v0,EV_S_qb0of3__EPS_qb0of3,C18_FCF_P_DYN_qmax8,0.3413724571587895,-0.6290361467102359,0.5789162328442972,164.7948717948718,v0
EV_S_qb0of3__EPS_qb0of3__C17_FCF_P_DYN_qmax4__v0,EV_S_qb0of3__EPS_qb0of3,C17_FCF_P_DYN_qmax4,0.3410541793571278,-0.630909257201151,0.5819480359561631,167.00641025641025,v0
PS_qb0of3__EPS_qb0of3__C11_EPS_DYN_qmax8__v0,PS_qb0of3__EPS_qb0of3,C11_EPS_DYN_qmax8,0.34099573629574387,-0.6380625604454683,0.581217703886767,170.13141025641025,v0
EV_EBITDA_qb0of3__PB_qb0of3__C3_ROE_DYN_qmax4__v0,EV_EBITDA_qb0of3__PB_qb0of3,C3_ROE_DYN_qmax4,0.3408943477809203,-0.598697150737634,0.5927208166888593,238.47756410256412,v0
PB_qb0of3__EPS_qb0of3__C4_ROE_DYN_qmax8__v0,PB_qb0of3__EPS_qb0of3,C4_ROE_DYN_qmax8,0.3400146563691018,-0.6016317485273506,0.5754775107825015,200.52243589743588,v0
PB_qb0of3__ROE_qb2of3__C7_ROE_DYN_ytdavg_gt_lyavg__v0,PB_qb0of3__ROE_qb2of3,C7_ROE_DYN_ytdavg_gt_lyavg,0.3400110945536656,-0.5288945985330158,0.5552325581395349,58.74,v0
EV_EBITDA_qb0of3__PB_qb0of3__C18_FCF_P_DYN_qmax8__v0,EV_EBITDA_qb0of3__PB_qb0of3,C18_FCF_P_DYN_qmax8,0.3396262928263003,-0.6032094931244855,0.5885880740233036,235.45192307692307,v0
PS_qb0of3__EPS_qb0of3__C10_EPS_DYN_qmax4__v0,PS_qb0of3__EPS_qb0of3,C10_EPS_DYN_qmax4,0.3396000905475074,-0.6329662663851467,0.5849696119682094,173.49358974358975,v0
EV_EBITDA_qb0of3__PB_qb0of3__None__v0,EV_EBITDA_qb0of3__PB_qb0of3,None,0.33951292115431797,-0.5977400477416281,0.596051277252737,257.1666666666667,v0
PS_qb0of3__EPS_qb0of3__C3_ROE_DYN_qmax4__v0,PS_qb0of3__EPS_qb0of3,C3_ROE_DYN_qmax4,0.3392895035411758,-0.6334180388142324,0.5858221963974434,173.55769230769232,v0
EV_S_qb0of3__ROIC_qb0of3__C7_ROE_DYN_ytdavg_gt_lyavg__v0,EV_S_qb0of3__ROIC_qb0of3,C7_ROE_DYN_ytdavg_gt_lyavg,0.33879017360927355,-0.6786047990046169,0.5672570607946386,54.43,v0
REVENUE_qb0of3__PB_qb0of3__C11_EPS_DYN_qmax8__v0,REVENUE_qb0of3__PB_qb0of3,C11_EPS_DYN_qmax8,0.338734978189156,-0.46717757217768374,0.6013855083317731,224.34294871794873,v0
PB_qb0of3__EPS_qb0of3__C11_EPS_DYN_qmax8__v0,PB_qb0of3__EPS_qb0of3,C11_EPS_DYN_qmax8,0.33871103907653555,-0.6040456123301636,0.573933796824738,200.25641025641025,v0
REVENUE_qb0of3__PB_qb0of3__C6_ROE_DYN_ytdavg_gt_lyytdavg__v0,REVENUE_qb0of3__PB_qb0of3,C6_ROE_DYN_ytdavg_gt_lyytdavg,0.3385312730106447,-0.4445299860476253,0.5896103896103896,106.35314685314685,v0
EV_EBITDA_qb0of3__PB_qb0of3__C13_EPS_DYN_ytdavg_gt_lyytdavg__v0,EV_EBITDA_qb0of3__PB_qb0of3,C13_EPS_DYN_ytdavg_gt_lyytdavg,0.3383808490005873,-0.5829591366403784,0.5743899549869699,126.01052631578948,v0
EV_EBITDA_qb0of3__PB_qb0of3__C17_FCF_P_DYN_qmax4__v0,EV_EBITDA_qb0of3__PB_qb0of3,C17_FCF_P_DYN_qmax4,0.33818486622306376,-0.6052840680868787,0.5930836767604372,238.38782051282053,v0
EV_S_qb0of3__EPS_qb0of3__C6_ROE_DYN_ytdavg_gt_lyytdavg__v1,EV_S_qb0of3__EPS_qb0of3,C6_ROE_DYN_ytdavg_gt_lyytdavg,0.33806916307852997,-0.8548809017511602,0.5552968568102444,13.22027972027972,v1
PB_qb0of3__ROIC_qb0of3__C14_EPS_DYN_ytdavg_gt_lyavg__v0,PB_qb0of3__ROIC_qb0of3,C14_EPS_DYN_ytdavg_gt_lyavg,0.3380680703626622,-0.5551880562418364,0.5749344034573236,109.99333333333334,v0
P_IC_qb0of3__EV_EBITDA_qb0of3__C6_ROE_DYN_ytdavg_gt_lyytdavg__v0,P_IC_qb0of3__EV_EBITDA_qb0of3,C6_ROE_DYN_ytdavg_gt_lyytdavg,0.3377928507553394,-0.7033229111774799,0.5832534356024289,91.41958041958041,v0
VOL_qb2of3__PS_qb0of3__C13_EPS_DYN_ytdavg_gt_lyytdavg__v0,VOL_qb2of3__PS_qb0of3,C13_EPS_DYN_ytdavg_gt_lyytdavg,0.33745426840946036,-0.6439330918022894,0.5465525918470056,115.3719298245614,v0
PS_qb0of3__EPS_qb0of3__None__v0,PS_qb0of3__EPS_qb0of3,None,0.33696333380006194,-0.6373539723790058,0.5944578008351259,179.42628205128204,v0
PB_qb0of3__EPS_qb0of3__C3_ROE_DYN_qmax4__v0,PB_qb0of3__EPS_qb0of3,C3_ROE_DYN_qmax4,0.33686853211849943,-0.6005836829831244,0.5798708288482239,203.80448717948718,v0
REVENUE_qb0of3__PB_qb0of3__C4_ROE_DYN_qmax8__v0,REVENUE_qb0of3__PB_qb0of3,C4_ROE_DYN_qmax8,0.3365607936226147,-0.46544508865675627,0.5991976659372721,223.96153846153845,v0
PB_qb0of3__EPS_qb0of3__C10_EPS_DYN_qmax4__v0,PB_qb0of3__EPS_qb0of3,C10_EPS_DYN_qmax4,0.3365336224628308,-0.602329514758594,0.5784388231462382,203.70192307692307,v0
PS_qb0of3__EV_S_qb2of3__C10_EPS_DYN_qmax4__v0,PS_qb0of3__EV_S_qb2of3,C10_EPS_DYN_qmax4,0.3363149964649712,-0.7315580694579917,0.6180048661800487,10.406451612903226,v0
PS_qb0of3__EPS_qb0of3__C18_FCF_P_DYN_qmax8__v0,PS_qb0of3__EPS_qb0of3,C18_FCF_P_DYN_qmax8,0.33605699445121395,-0.6359279642942177,0.5820475278747607,172.46153846153845,v0
PS_qb0of3__EPS_qb0of3__C20_FCF_P_DYN_ytdavg_gt_lyytdavg__v1,PS_qb0of3__EPS_qb0of3,C20_FCF_P_DYN_ytdavg_gt_lyytdavg,0.3360516664032245,-0.722156173152567,0.5703389830508474,18.53846153846154,v1
P_IC_qb0of3__EPS_qb0of3__C7_ROE_DYN_ytdavg_gt_lyavg__v1,P_IC_qb0of3__EPS_qb0of3,C7_ROE_DYN_ytdavg_gt_lyavg,0.335859354418212,-0.7457367504158554,0.5702023298589822,12.246666666666666,v1
REVENUE_qb0of3__PB_qb0of3__C10_EPS_DYN_qmax4__v0,REVENUE_qb0of3__PB_qb0of3,C10_EPS_DYN_qmax4,0.33585031660818987,-0.47055549734715474,0.6068200493015612,226.375,v0
EV_S_qb0of3__EPS_qb0of3__C20_FCF_P_DYN_ytdavg_gt_lyytdavg__v1,EV_S_qb0of3__EPS_qb0of3,C20_FCF_P_DYN_ytdavg_gt_lyytdavg,0.3358204889206766,-0.692419287196005,0.5631652012956965,16.814685314685313,v1
PS_qb0of3__EV_S_qb2of3__C11_EPS_DYN_qmax8__v0,PS_qb0of3__EV_S_qb2of3,C11_EPS_DYN_qmax8,0.33505139027259,-0.7291794479789184,0.6126760563380281,10.335483870967742,v0
PS_qb0of3__EPS_qb0of3__C17_FCF_P_DYN_qmax4__v0,PS_qb0of3__EPS_qb0of3,C17_FCF_P_DYN_qmax4,0.33485727136335375,-0.6377905315029193,0.5858348968105066,174.84294871794873,v0
PB_qb0of3__ACCRUAL_qb0of3__C4_ROE_DYN_qmax8__v0,PB_qb0of3__ACCRUAL_qb0of3,C4_ROE_DYN_qmax8,0.3347337719822927,-0.6096775764683138,0.5536116403949419,153.42307692307693,v0
PS_qb0of3__EV_S_qb2of3__C18_FCF_P_DYN_qmax8__v0,PS_qb0of3__EV_S_qb2of3,C18_FCF_P_DYN_qmax8,0.33457792022037136,-0.7368812662087689,0.5986547085201793,10.251612903225807,v0
P_IC_qb0of3__ACCRUAL_qb0of3__C13_EPS_DYN_ytdavg_gt_lyytdavg__v0,P_IC_qb0of3__ACCRUAL_qb0of3,C13_EPS_DYN_ytdavg_gt_lyytdavg,0.3344719253753987,-0.6831681891090244,0.5635445005829771,52.95087719298245,v0
VOL_qb2of3__PS_qb0of3__C20_FCF_P_DYN_ytdavg_gt_lyytdavg__v0,VOL_qb2of3__PS_qb0of3,C20_FCF_P_DYN_ytdavg_gt_lyytdavg,0.33399279826460004,-0.674066626305394,0.5581687838007797,108.5909090909091,v0
PB_qb0of3__EPS_qb0of3__C18_FCF_P_DYN_qmax8__v0,PB_qb0of3__EPS_qb0of3,C18_FCF_P_DYN_qmax8,0.33379736338197885,-0.6020308952304871,0.574932446476824,201.98717948717947,v0
PB_qb0of3__EPS_qb0of3__None__v0,PB_qb0of3__EPS_qb0of3,None,0.3337734270879533,-0.6068568158725908,0.5890378734415431,209.57692307692307,v0
PS_qb0of3__FCF_OI_qb2of3__C14_EPS_DYN_ytdavg_gt_lyavg__v0,PS_qb0of3__FCF_OI_qb2of3,C14_EPS_DYN_ytdavg_gt_lyavg,0.3337401569359797,-0.5141021200727232,0.5700381679389313,53.776666666666664,v0
REVENUE_qb0of3__PB_qb0of3__C3_ROE_DYN_qmax4__v0,REVENUE_qb0of3__PB_qb0of3,C3_ROE_DYN_qmax4,0.3336827729952876,-0.4677112264633112,0.6051995163240629,226.08653846153845,v0
VOL_qb2of3__EV_S_qb0of3__C14_EPS_DYN_ytdavg_gt_lyavg__v0,VOL_qb2of3__EV_S_qb0of3,C14_EPS_DYN_ytdavg_gt_lyavg,0.333681497753356,-0.6472690198587876,0.5580453563714903,118.78,v0
PS_qb0of3__EV_EBITDA_qb0of3__C11_EPS_DYN_qmax8__v0,PS_qb0of3__EV_EBITDA_qb0of3,C11_EPS_DYN_qmax8,0.33355159069079243,-0.6103003196500412,0.581339153480396,237.0897435897436,v0
PS_qb0of3__ROIC_qb0of3__C7_ROE_DYN_ytdavg_gt_lyavg__v0,PS_qb0of3__ROIC_qb0of3,C7_ROE_DYN_ytdavg_gt_lyavg,0.3333331121116432,-0.6901986523426102,0.5665304268846503,58.44,v0
PS_qb0of3__EV_S_qb2of3__C17_FCF_P_DYN_qmax4__v0,PS_qb0of3__EV_S_qb2of3,C17_FCF_P_DYN_qmax4,0.3330458015740878,-0.7390508684933035,0.6080760095011877,10.361290322580645,v0
VOL_qb2of3__EV_S_qb0of3__C11_EPS_DYN_qmax8__v0,VOL_qb2of3__EV_S_qb0of3,C11_EPS_DYN_qmax8,0.33281303856118694,-0.6212289194027302,0.5640690620625292,203.23076923076923,v0
PS_qb0of3__EV_EBITDA_qb0of3__C10_EPS_DYN_qmax4__v0,PS_qb0of3__EV_EBITDA_qb0of3,C10_EPS_DYN_qmax4,0.33267198388737307,-0.6057392330889446,0.5868283093053736,240.3397435897436,v0
REVENUE_qb0of3__PB_qb0of3__None__v0,REVENUE_qb0of3__PB_qb0of3,None,0.33261685914408257,-0.472218003704299,0.6247185389041782,230.02243589743588,v0
VOL_qb2of3__EV_S_qb0of3__C10_EPS_DYN_qmax4__v0,VOL_qb2of3__EV_S_qb0of3,C10_EPS_DYN_qmax4,0.33258976618242264,-0.6165477938403564,0.5663674099816585,205.77243589743588,v0
VOL_qb2of3__EV_S_qb0of3__C4_ROE_DYN_qmax8__v0,VOL_qb2of3__EV_S_qb0of3,C4_ROE_DYN_qmax8,0.33251274000973297,-0.6208098928449872,0.5627077946065755,202.53846153846155,v0
REVENUE_qb0of3__PB_qb0of3__C18_FCF_P_DYN_qmax8__v0,REVENUE_qb0of3__PB_qb0of3,C18_FCF_P_DYN_qmax8,0.3324452636305608,-0.47036225796173636,0.6087754727372866,223.69230769230768,v0
PB_qb0of3__ACCRUAL_qb0of3__C11_EPS_DYN_qmax8__v0,PB_qb0of3__ACCRUAL_qb0of3,C11_EPS_DYN_qmax8,0.3323149676855057,-0.6124265098858368,0.552859013531209,153.62179487179486,v0
PB_qb0of3__ACCRUAL_qb0of3__C7_ROE_DYN_ytdavg_gt_lyavg__v0,PB_qb0of3__ACCRUAL_qb0of3,C7_ROE_DYN_ytdavg_gt_lyavg,0.33228368596437563,-0.5969381345034157,0.5572229551451188,66.12333333333333,v0
REVENUE_qb0of3__PS_qb0of3__C13_EPS_DYN_ytdavg_gt_lyytdavg__v1,REVENUE_qb0of3__PS_qb0of3,C13_EPS_DYN_ytdavg_gt_lyytdavg,0.33211176545660637,-0.47947057254126424,0.5467128027681661,11.087719298245615,v1
P_IC_qb0of3__EV_EBITDA_qb0of3__C13_EPS_DYN_ytdavg_gt_lyytdavg__v0,P_IC_qb0of3__EV_EBITDA_qb0of3,C13_EPS_DYN_ytdavg_gt_lyytdavg,0.33198373150428484,-0.669135886068829,0.5843186936936937,105.68070175438596,v0
VOL_qb2of3__EV_S_qb0of3__C3_ROE_DYN_qmax4__v0,VOL_qb2of3__EV_S_qb0of3,C3_ROE_DYN_qmax4,0.3319428634140369,-0.6164118239626182,0.5667593213840698,205.36217948717947,v0
PS_qb0of3__EV_EBITDA_qb0of3__C4_ROE_DYN_qmax8__v0,PS_qb0of3__EV_EBITDA_qb0of3,C4_ROE_DYN_qmax8,0.3317497263787903,-0.6082698570715779,0.5817233977307574,236.125,v0
PB_qb0of3__EPS_qb0of3__C17_FCF_P_DYN_qmax4__v0,PB_qb0of3__EPS_qb0of3,C17_FCF_P_DYN_qmax4,0.3315646171408113,-0.6064584214985714,0.5788730865269787,204.67307692307693,v0
EV_EBITDA_qb0of3__PB_qb0of3__C7_ROE_DYN_ytdavg_gt_lyavg__v0,EV_EBITDA_qb0of3__PB_qb0of3,C7_ROE_DYN_ytdavg_gt_lyavg,0.33117250645676366,-0.598496207982876,0.5769496204278813,116.03,v0
P_IC_qb0of3__ROIC_qb2of3__C17_FCF_P_DYN_qmax4__v1,P_IC_qb0of3__ROIC_qb2of3,C17_FCF_P_DYN_qmax4,0.33115139766419976,-0.5909980102901976,0.5676526117054751,11.22508038585209,v1
P_IC_qb0of3__ROIC_qb2of3__C18_FCF_P_DYN_qmax8__v1,P_IC_qb0of3__ROIC_qb2of3,C18_FCF_P_DYN_qmax8,0.33104045848725727,-0.5920800984066703,0.5653533458411507,10.987138263665594,v1
PS_qb0of3__EV_EBITDA_qb0of3__C3_ROE_DYN_qmax4__v0,PS_qb0of3__EV_EBITDA_qb0of3,C3_ROE_DYN_qmax4,0.330546803872505,-0.6051444771893153,0.5872385276471542,239.82692307692307,v0
REVENUE_qb0of3__PB_qb0of3__C17_FCF_P_DYN_qmax4__v0,REVENUE_qb0of3__PB_qb0of3,C17_FCF_P_DYN_qmax4,0.3303690290565382,-0.4745413245031128,0.6136869811702774,225.78846153846155,v0
PS_qb0of3__EV_EBITDA_qb0of3__C18_FCF_P_DYN_qmax8__v0,PS_qb0of3__EV_EBITDA_qb0of3,C18_FCF_P_DYN_qmax8,0.330317076610672,-0.6120875707614595,0.5877335814530511,236.22115384615384,v0
PS_qb0of3__EV_EBITDA_qb0of3__C17_FCF_P_DYN_qmax4__v0,PS_qb0of3__EV_EBITDA_qb0of3,C17_FCF_P_DYN_qmax4,0.33024004060254386,-0.6118696982593177,0.5928769808854762,239.65384615384616,v0
P_IC_qb0of3__ROIC_qb2of3__C4_ROE_DYN_qmax8__v1,P_IC_qb0of3__ROIC_qb2of3,C4_ROE_DYN_qmax8,0.330159317681207,-0.595671142288704,0.5677179962894249,11.234726688102894,v1
P_IC_qb0of3__ACCRUAL_qb0of3__C18_FCF_P_DYN_qmax8__v0,P_IC_qb0of3__ACCRUAL_qb0of3,C18_FCF_P_DYN_qmax8,0.3301033083458582,-0.6767903933208697,0.5706102665785415,117.19871794871794,v0
P_IC_qb0of3__ACCRUAL_qb0of3__C4_ROE_DYN_qmax8__v0,P_IC_qb0of3__ACCRUAL_qb0of3,C4_ROE_DYN_qmax8,0.3300828429680045,-0.694461087336737,0.5659480375898286,114.02564102564102,v0
P_IC_qb0of3__ROIC_qb2of3__None__v1,P_IC_qb0of3__ROIC_qb2of3,None,0.32998939673398864,-0.5956711422887041,0.5667506297229219,11.533762057877814,v1
EV_S_qb0of3__ROE_qb0of3__C14_EPS_DYN_ytdavg_gt_lyavg__v0,EV_S_qb0of3__ROE_qb0of3,C14_EPS_DYN_ytdavg_gt_lyavg,0.3299884821567962,-0.6820228918487122,0.5664598608761046,70.34,v0
EV_EBITDA_qb0of3__PB_qb0of3__C6_ROE_DYN_ytdavg_gt_lyytdavg__v0,EV_EBITDA_qb0of3__PB_qb0of3,C6_ROE_DYN_ytdavg_gt_lyytdavg,0.3298927122414663,-0.5859699117978515,0.5776522791448164,110.64685314685315,v0
VOL_qb2of3__EV_S_qb0of3__C17_FCF_P_DYN_qmax4__v0,VOL_qb2of3__EV_S_qb0of3,C17_FCF_P_DYN_qmax4,0.32976731032260864,-0.6206491985010592,0.5696958028494417,205.47756410256412,v0
PB_qb0of3__ACCRUAL_qb0of3__C3_ROE_DYN_qmax4__v0,PB_qb0of3__ACCRUAL_qb0of3,C3_ROE_DYN_qmax4,0.32967538691007037,-0.6075284460217242,0.556796030480241,156.33653846153845,v0
PB_qb0of3__EPS_qb0of3__C7_ROE_DYN_ytdavg_gt_lyavg__v0,PB_qb0of3__EPS_qb0of3,C7_ROE_DYN_ytdavg_gt_lyavg,0.32958998803549977,-0.5790060754897759,0.5558044046285927,82.15,v0
VOL_qb2of3__EV_S_qb0of3__C18_FCF_P_DYN_qmax8__v0,VOL_qb2of3__EV_S_qb0of3,C18_FCF_P_DYN_qmax8,0.32939529457375283,-0.6203038277278576,0.568561872909699,203.0,v0
P_IC_qb0of3__ACCRUAL_qb0of3__C6_ROE_DYN_ytdavg_gt_lyytdavg__v0,P_IC_qb0of3__ACCRUAL_qb0of3,C6_ROE_DYN_ytdavg_gt_lyytdavg,0.3290679395606204,-0.7234002245646454,0.5606126914660832,46.12587412587413,v0
PB_qb0of3__ACCRUAL_qb0of3__C10_EPS_DYN_qmax4__v0,PB_qb0of3__ACCRUAL_qb0of3,C10_EPS_DYN_qmax4,0.3290234438178887,-0.6088346872323969,0.5555555555555556,156.47435897435898,v0
P_IC_qb0of3__ROIC_qb2of3__C3_ROE_DYN_qmax4__v1,P_IC_qb0of3__ROIC_qb2of3,C3_ROE_DYN_qmax4,0.3289797840113329,-0.5956711422887041,0.5682242990654206,11.356913183279742,v1
P_IC_qb0of3__ACCRUAL_qb0of3__C11_EPS_DYN_qmax8__v0,P_IC_qb0of3__ACCRUAL_qb0of3,C11_EPS_DYN_qmax8,0.3285416243246968,-0.6949162921697927,0.5649855587647189,114.27564102564102,v0
PS_qb0of3__EV_EBITDA_qb0of3__None__v0,PS_qb0of3__EV_EBITDA_qb0of3,None,0.328421804638072,-0.6067686735694113,0.5953061401229757,254.13782051282053,v0
P_IC_qb0of3__EV_EBITDA_qb0of3__C11_EPS_DYN_qmax8__v0,P_IC_qb0of3__EV_EBITDA_qb0of3,C11_EPS_DYN_qmax8,0.3282768393886166,-0.6789547398158731,0.5918016194331984,194.16346153846155,v0
P_IC_qb0of3__EV_EBITDA_qb0of3__C10_EPS_DYN_qmax4__v0,P_IC_qb0of3__EV_EBITDA_qb0of3,C10_EPS_DYN_qmax4,0.32772196718108537,-0.672226366357837,0.5966634991025235,196.50320512820514,v0
P_IC_qb0of3__EV_EBITDA_qb0of3__C18_FCF_P_DYN_qmax8__v0,P_IC_qb0of3__EV_EBITDA_qb0of3,C18_FCF_P_DYN_qmax8,0.3276032009989174,-0.6736079334006764,0.594729986975253,193.5352564102564,v0
PS_qb0of3__EV_EBITDA_qb0of3__C14_EPS_DYN_ytdavg_gt_lyavg__v0,PS_qb0of3__EV_EBITDA_qb0of3,C14_EPS_DYN_ytdavg_gt_lyavg,0.3274989650870004,-0.6053728176452828,0.576706827309237,140.06333333333333,v0
P_IC_qb0of3__EV_EBITDA_qb0of3__C17_FCF_P_DYN_qmax4__v0,P_IC_qb0of3__EV_EBITDA_qb0of3,C17_FCF_P_DYN_qmax4,0.32687330930347347,-0.673062669327962,0.5993710691823899,196.0801282051282,v0
P_IC_qb0of3__ROIC_qb2of3__C11_EPS_DYN_qmax8__v1,P_IC_qb0of3__ROIC_qb2of3,C11_EPS_DYN_qmax8,0.32686846527257685,-0.5956711422887042,0.5666460012399256,11.29903536977492,v1
VOL_qb2of3__EV_S_qb0of3__None__v0,VOL_qb2of3__EV_S_qb0of3,None,0.3266250795207739,-0.613620894742003,0.5737639153545281,217.08653846153845,v0
PB_qb0of3__ACCRUAL_qb0of3__C18_FCF_P_DYN_qmax8__v0,PB_qb0of3__ACCRUAL_qb0of3,C18_FCF_P_DYN_qmax8,0.32651695342733733,-0.6045881553677936,0.5582768803196109,156.75641025641025,v0
P_IC_qb0of3__EV_EBITDA_qb0of3__C4_ROE_DYN_qmax8__v0,P_IC_qb0of3__EV_EBITDA_qb0of3,C4_ROE_DYN_qmax8,0.32651689806556927,-0.6770474196177265,0.5924373939938142,193.47115384615384,v0
P_IC_qb0of3__ACCRUAL_qb0of3__C17_FCF_P_DYN_qmax4__v0,P_IC_qb0of3__ACCRUAL_qb0of3,C17_FCF_P_DYN_qmax4,0.32630426480787755,-0.6785124961460661,0.5729260595130748,118.41346153846153,v0
PB_qb0of3__ROE_qb2of3__C6_ROE_DYN_ytdavg_gt_lyytdavg__v0,PB_qb0of3__ROE_qb2of3,C6_ROE_DYN_ytdavg_gt_lyytdavg,0.3262819216335757,-0.5544362935064786,0.5581087052585064,56.53146853146853,v0
VOL_qb2of3__P_IC_qb0of3__C20_FCF_P_DYN_ytdavg_gt_lyytdavg__v1,VOL_qb2of3__P_IC_qb0of3,C20_FCF_P_DYN_ytdavg_gt_lyytdavg,0.3260924858672989,-0.7651900880652369,0.5671399594320486,19.65034965034965,v1
PS_qb0of3__EV_S_qb2of3__None__v0,PS_qb0of3__EV_S_qb2of3,None,0.32604897447555614,-0.7007060448459694,0.6028368794326241,11.44516129032258,v0
PS_qb0of3__ROE_qb0of3__C14_EPS_DYN_ytdavg_gt_lyavg__v0,PS_qb0of3__ROE_qb0of3,C14_EPS_DYN_ytdavg_gt_lyavg,0.3256856641109218,-0.6905967470229802,0.5764875067409672,74.05333333333333,v0
P_IC_qb0of3__ACCRUAL_qb0of3__C10_EPS_DYN_qmax4__v0,P_IC_qb0of3__ACCRUAL_qb0of3,C10_EPS_DYN_qmax4,0.3255190774426735,-0.684513234701774,0.5689049937719397,116.5673076923077,v0
P_IC_qb0of3__EV_EBITDA_qb0of3__C3_ROE_DYN_qmax4__v0,P_IC_qb0of3__EV_EBITDA_qb0of3,C3_ROE_DYN_qmax4,0.3251720607292463,-0.6720665739704167,0.5973238553209282,196.05448717948718,v0
P_IC_qb0of3__ACCRUAL_qb0of3__C3_ROE_DYN_qmax4__v0,P_IC_qb0of3__ACCRUAL_qb0of3,C3_ROE_DYN_qmax4,0.3248696754767211,-0.6856742389854364,0.5710413372487011,116.40384615384616,v0
P_IC_qb2of3__PB_qb0of3__C14_EPS_DYN_ytdavg_gt_lyavg__v0,P_IC_qb2of3__PB_qb0of3,C14_EPS_DYN_ytdavg_gt_lyavg,0.32454101858615747,-0.5444439767382412,0.5650118203309693,22.36,v0
EV_S_qb0of3__EPS_qb0of3__C4_ROE_DYN_qmax8__v1,EV_S_qb0of3__EPS_qb0of3,C4_ROE_DYN_qmax8,0.324089722558651,-0.6414794837412563,0.5577019568489714,33.10576923076923,v1
P_IC_qb0of3__ROIC_qb2of3__C10_EPS_DYN_qmax4__v1,P_IC_qb0of3__ROIC_qb2of3,C10_EPS_DYN_qmax4,0.3240223313475008,-0.595671142288704,0.56625,11.392282958199356,v1
EV_S_qb0of3__EPS_qb0of3__C3_ROE_DYN_qmax4__v1,EV_S_qb0of3__EPS_qb0of3,C3_ROE_DYN_qmax4,0.3235758474591721,-0.6267359032046331,0.559748427672956,33.81089743589744,v1
PS_qb0of3__FCF_OI_qb2of3__C7_ROE_DYN_ytdavg_gt_lyavg__v0,PS_qb0of3__FCF_OI_qb2of3,C7_ROE_DYN_ytdavg_gt_lyavg,0.32301357917755835,-0.5715605606535835,0.5667013527575442,47.68333333333333,v0
PB_qb0of3__ACCRUAL_qb0of3__C17_FCF_P_DYN_qmax4__v0,PB_qb0of3__ACCRUAL_qb0of3,C17_FCF_P_DYN_qmax4,0.3228098321529487,-0.6103541243361232,0.5595132350328655,158.39102564102564,v0
EV_S_qb0of3__EPS_qb0of3__C6_ROE_DYN_ytdavg_gt_lyytdavg__v0,EV_S_qb0of3__EPS_qb0of3,C6_ROE_DYN_ytdavg_gt_lyytdavg,0.3225618584087184,-0.619024363529187,0.5432205216641518,62.15384615384615,v0
PS_qb0of3__FCF_OI_qb2of3__C6_ROE_DYN_ytdavg_gt_lyytdavg__v0,PS_qb0of3__FCF_OI_qb2of3,C6_ROE_DYN_ytdavg_gt_lyytdavg,0.32250856123201,-0.5486967079359196,0.5633986928104575,44.96153846153846,v0
PB_qb0of3__ACCRUAL_qb0of3__None__v0,PB_qb0of3__ACCRUAL_qb0of3,None,0.3222821491868306,-0.5960098147603448,0.5545027893385283,168.80448717948718,v0
EV_S_qb0of3__EPS_qb0of3__C10_EPS_DYN_qmax4__v1,EV_S_qb0of3__EPS_qb0of3,C10_EPS_DYN_qmax4,0.32146567107997615,-0.6300540740792571,0.5582450832072617,33.782051282051285,v1
P_IC_qb0of3__PS_qb0of3__C14_EPS_DYN_ytdavg_gt_lyavg__v0,P_IC_qb0of3__PS_qb0of3,C14_EPS_DYN_ytdavg_gt_lyavg,0.3209639417087111,-0.662363602553536,0.607320540156361,135.63666666666666,v0
EV_S_qb0of3__EPS_qb0of3__C11_EPS_DYN_qmax8__v1,EV_S_qb0of3__EPS_qb0of3,C11_EPS_DYN_qmax8,0.3208869262962708,-0.6401913353198514,0.5571825296642262,33.080128205128204,v1
EV_S_qb0of3__EPS_qb0of3__None__v1,EV_S_qb0of3__EPS_qb0of3,None,0.32026474488401435,-0.6481256361465773,0.5613727454909819,35.07051282051282,v1
VOL_qb2of3__PS_qb0of3__C6_ROE_DYN_ytdavg_gt_lyytdavg__v0,VOL_qb2of3__PS_qb0of3,C6_ROE_DYN_ytdavg_gt_lyytdavg,0.3201550567277536,-0.663509883214719,0.5453369737031183,100.77272727272727,v0
P_IC_qb0of3__EPS_qb0of3__C20_FCF_P_DYN_ytdavg_gt_lyytdavg__v1,P_IC_qb0of3__EPS_qb0of3,C20_FCF_P_DYN_ytdavg_gt_lyytdavg,0.31982247584039536,-0.767190758361022,0.5721797323135756,16.982517482517483,v1
PS_qb0of3__EV_EBITDA_qb0of3__C7_ROE_DYN_ytdavg_gt_lyavg__v0,PS_qb0of3__EV_EBITDA_qb0of3,C7_ROE_DYN_ytdavg_gt_lyavg,0.31938561833924894,-0.6357239565186648,0.5738895041220623,122.80666666666667,v0
EV_S_qb0of3__EPS_qb0of3__C18_FCF_P_DYN_qmax8__v1,EV_S_qb0of3__EPS_qb0of3,C18_FCF_P_DYN_qmax8,0.3193380567105564,-0.6457925304904208,0.5546759030183077,33.68269230769231,v1
PS_qb0of3__EV_S_qb2of3__C3_ROE_DYN_qmax4__v0,PS_qb0of3__EV_S_qb2of3,C3_ROE_DYN_qmax4,0.319246127050252,-0.7315580694579915,0.6146572104018913,10.398058252427184,v0
P_IC_qb0of3__EV_EBITDA_qb0of3__None__v0,P_IC_qb0of3__EV_EBITDA_qb0of3,None,0.31911008191244816,-0.6692096202533926,0.6007957559681698,212.13141025641025,v0
REVENUE_qb0of3__EV_S_qb0of3__C20_FCF_P_DYN_ytdavg_gt_lyytdavg__v1,REVENUE_qb0of3__EV_S_qb0of3,C20_FCF_P_DYN_ytdavg_gt_lyytdavg,0.31910639574669464,-0.5183171279088745,0.5715350223546944,12.304195804195805,v1
PS_qb0of3__EV_S_qb2of3__C4_ROE_DYN_qmax8__v0,PS_qb0of3__EV_S_qb2of3,C4_ROE_DYN_qmax8,0.3190615374665884,-0.7291794479789185,0.6017897091722595,10.29126213592233,v0
PB_qb0of3__OCF_E_qb2of3__C11_EPS_DYN_qmax8__v0,PB_qb0of3__OCF_E_qb2of3,C11_EPS_DYN_qmax8,0.3187794853740755,-0.580061011414868,0.565121412803532,120.5,v0
EV_S_qb0of3__EPS_qb0of3__C17_FCF_P_DYN_qmax4__v1,EV_S_qb0of3__EPS_qb0of3,C17_FCF_P_DYN_qmax4,0.31864534993554483,-0.6445651540829384,0.5587285820710206,34.17628205128205,v1
PS_qb0of3__EPS_qb0of3__None__v1,PS_qb0of3__EPS_qb0of3,None,0.31842379849230706,-0.6728574660599264,0.5596049847166706,37.59935897435897,v1
P_IC_qb0of3__EPS_qb0of3__C6_ROE_DYN_ytdavg_gt_lyytdavg__v0,P_IC_qb0of3__EPS_qb0of3,C6_ROE_DYN_ytdavg_gt_lyytdavg,0.31803429131640404,-0.6778270764366666,0.5539136458092819,55.87412587412587,v0
PS_qb0of3__EPS_qb0of3__C18_FCF_P_DYN_qmax8__v1,PS_qb0of3__EPS_qb0of3,C18_FCF_P_DYN_qmax8,0.3180073072002645,-0.66426449812279,0.5519962859795728,36.10897435897436,v1
PB_qb0of3__OCF_E_qb2of3__C10_EPS_DYN_qmax4__v0,PB_qb0of3__OCF_E_qb2of3,C10_EPS_DYN_qmax4,0.31780006971901,-0.5774107272810918,0.5655150283452776,122.14102564102564,v0
P_IC_qb0of3__CROIC_qb2of3__C14_EPS_DYN_ytdavg_gt_lyavg__v0,P_IC_qb0of3__CROIC_qb2of3,C14_EPS_DYN_ytdavg_gt_lyavg,0.317633024004047,-0.6663505659240003,0.5707201379905131,48.4,v0
PB_qb0of3__OCF_E_qb2of3__C4_ROE_DYN_qmax8__v0,PB_qb0of3__OCF_E_qb2of3,C4_ROE_DYN_qmax8,0.31759683180064346,-0.5773177109447876,0.5652673350041771,120.2275641025641,v0
P_IC_qb0of3__ACCRUAL_qb0of3__None__v0,P_IC_qb0of3__ACCRUAL_qb0of3,None,0.31747345512062997,-0.6728062933119195,0.5706600918973439,126.43589743589743,v0
PS_qb0of3__EPS_qb0of3__C4_ROE_DYN_qmax8__v1,PS_qb0of3__EPS_qb0of3,C4_ROE_DYN_qmax8,0.31740809195625963,-0.6584634110013743,0.5547993428772588,35.46474358974359,v1
PB_qb0of3__OCF_E_qb2of3__C17_FCF_P_DYN_qmax4__v0,PB_qb0of3__OCF_E_qb2of3,C17_FCF_P_DYN_qmax4,0.31738557556038627,-0.5790590711058742,0.5680971142583324,123.42628205128206,v0
PS_qb0of3__EPS_qb0of3__C3_ROE_DYN_qmax4__v1,PS_qb0of3__EPS_qb0of3,C3_ROE_DYN_qmax4,0.3172793282956736,-0.647199440054312,0.5566282081469273,36.22435897435897,v1
PB_qb0of3__OCF_E_qb2of3__C18_FCF_P_DYN_qmax8__v0,PB_qb0of3__OCF_E_qb2of3,C18_FCF_P_DYN_qmax8,0.31715921621753207,-0.5767993202334816,0.5665725342537391,122.4423076923077,v0
PS_qb0of3__EPS_qb0of3__C13_EPS_DYN_ytdavg_gt_lyytdavg__v1,PS_qb0of3__EPS_qb0of3,C13_EPS_DYN_ytdavg_gt_lyytdavg,0.31714469489394825,-0.61238434171222,0.545727136431784,15.442105263157895,v1
PB_qb0of3__OCF_E_qb2of3__C3_ROE_DYN_qmax4__v0,PB_qb0of3__OCF_E_qb2of3,C3_ROE_DYN_qmax4,0.31696173873746325,-0.574182376941402,0.5667482182746516,121.9423076923077,v0
PS_qb0of3__EPS_qb0of3__C17_FCF_P_DYN_qmax4__v1,PS_qb0of3__EPS_qb0of3,C17_FCF_P_DYN_qmax4,0.31679240163415745,-0.6643325468620236,0.5564365671641791,36.62179487179487,v1
P_IC_qb0of3__EPS_qb0of3__C4_ROE_DYN_qmax8__v0,P_IC_qb0of3__EPS_qb0of3,C4_ROE_DYN_qmax8,0.316715155595771,-0.6905772814692401,0.5787875106305431,154.20192307692307,v0
VOL_qb2of3__EV_S_qb0of3__C7_ROE_DYN_ytdavg_gt_lyavg__v0,VOL_qb2of3__EV_S_qb0of3,C7_ROE_DYN_ytdavg_gt_lyavg,0.3166288879537311,-0.660022192269345,0.5565358035583002,103.41,v0
P_IC_qb0of3__EPS_qb0of3__C11_EPS_DYN_qmax8__v0,P_IC_qb0of3__EPS_qb0of3,C11_EPS_DYN_qmax8,0.31569134849987024,-0.6926980149920199,0.5762919421993632,154.21794871794873,v0
PB_qb0of3__FCF_P_qb0of3__C14_EPS_DYN_ytdavg_gt_lyavg__v0,PB_qb0of3__FCF_P_qb0of3,C14_EPS_DYN_ytdavg_gt_lyavg,0.31560535222861175,-0.5503561298947426,0.5687812795888002,97.17333333333333,v0
PB_qb0of3__ACCRUAL_qb0of3__C13_EPS_DYN_ytdavg_gt_lyytdavg__v0,PB_qb0of3__ACCRUAL_qb0of3,C13_EPS_DYN_ytdavg_gt_lyytdavg,0.3154588119714863,-0.5648599623623599,0.5510144075271979,73.40350877192982,v0
PB_qb0of3__ROIC_qb0of3__C13_EPS_DYN_ytdavg_gt_lyytdavg__v0,PB_qb0of3__ROIC_qb0of3,C13_EPS_DYN_ytdavg_gt_lyytdavg,0.3150792625829095,-0.5272327586373662,0.5689191103555744,106.69824561403509,v0
PS_qb0of3__EPS_qb0of3__C10_EPS_DYN_qmax4__v1,PS_qb0of3__EPS_qb0of3,C10_EPS_DYN_qmax4,0.31470574165035625,-0.6497854078391307,0.555660600330891,36.20192307692308,v1
P_IC_qb0of3__ROE_qb0of3__C14_EPS_DYN_ytdavg_gt_lyavg__v0,P_IC_qb0of3__ROE_qb0of3,C14_EPS_DYN_ytdavg_gt_lyavg,0.3146688057775622,-0.6861448262968861,0.5840790454884415,72.36,v0
PS_qb0of3__FCF_OI_qb2of3__C13_EPS_DYN_ytdavg_gt_lyytdavg__v0,PS_qb0of3__FCF_OI_qb2of3,C13_EPS_DYN_ytdavg_gt_lyytdavg,0.31418158751537395,-0.5638394574473922,0.5654909437559581,51.771929824561404,v0
PB_qb0of3__ROE_qb2of3__C13_EPS_DYN_ytdavg_gt_lyytdavg__v0,PB_qb0of3__ROE_qb2of3,C13_EPS_DYN_ytdavg_gt_lyytdavg,0.31413511544690564,-0.6082332760041764,0.5596590909090909,60.0140350877193,v0
P_IC_qb0of3__EPS_qb0of3__C18_FCF_P_DYN_qmax8__v0,P_IC_qb0of3__EPS_qb0of3,C18_FCF_P_DYN_qmax8,0.31409876366286227,-0.6845770364778061,0.5769089349184949,156.21794871794873,v0
PS_qb0of3__EPS_qb0of3__C11_EPS_DYN_qmax8__v1,PS_qb0of3__EPS_qb0of3,C11_EPS_DYN_qmax8,0.31395041596009543,-0.6589856221820768,0.5536136041568257,35.42948717948718,v1
PS_qb0of3__PB_qb0of3__C14_EPS_DYN_ytdavg_gt_lyavg__v0,PS_qb0of3__PB_qb0of3,C14_EPS_DYN_ytdavg_gt_lyavg,0.3138864705140003,-0.6376370388441293,0.6005251928442475,138.99666666666667,v0
PB_qb0of3__CROIC_qb0of3__C14_EPS_DYN_ytdavg_gt_lyavg__v0,PB_qb0of3__CROIC_qb0of3,C14_EPS_DYN_ytdavg_gt_lyavg,0.31335522174779973,-0.5395398202114179,0.57237268368537,98.03333333333333,v0
PB_qb0of3__OCF_E_qb2of3__None__v0,PB_qb0of3__OCF_E_qb2of3,None,0.3127720259439173,-0.5730168830264643,0.565657642293754,131.18910256410257,v0
PS_qb0of3__EPS_qb0of3__C6_ROE_DYN_ytdavg_gt_lyytdavg__v0,PS_qb0of3__EPS_qb0of3,C6_ROE_DYN_ytdavg_gt_lyytdavg,0.31271699745220394,-0.6875893013734311,0.5454732510288066,64.68531468531468,v0
EV_S_qb0of3__ROIC_qb0of3__C13_EPS_DYN_ytdavg_gt_lyytdavg__v0,EV_S_qb0of3__ROIC_qb0of3,C13_EPS_DYN_ytdavg_gt_lyytdavg,0.3126032563161043,-0.640287321690123,0.5486246480398527,59.3859649122807,v0
EV_EBITDA_qb0of3__PB_qb0of3__C20_FCF_P_DYN_ytdavg_gt_lyytdavg__v0,EV_EBITDA_qb0of3__PB_qb0of3,C20_FCF_P_DYN_ytdavg_gt_lyytdavg,0.3125698615458885,-0.6707486615008038,0.584232868405094,112.08041958041959,v0
P_IC_qb0of3__EPS_qb0of3__C14_EPS_DYN_ytdavg_gt_lyavg__v1,P_IC_qb0of3__EPS_qb0of3,C14_EPS_DYN_ytdavg_gt_lyavg,0.3123211601291276,-0.6680651035364245,0.5566893424036281,13.026666666666667,v1
P_IC_qb0of3__EPS_qb0of3__C10_EPS_DYN_qmax4__v0,P_IC_qb0of3__EPS_qb0of3,C10_EPS_DYN_qmax4,0.3123036235215999,-0.6874893473575863,0.5806656504065041,157.05448717948718,v0
P_IC_qb0of3__EPS_qb0of3__C3_ROE_DYN_qmax4__v0,P_IC_qb0of3__EPS_qb0of3,C3_ROE_DYN_qmax4,0.3120599221531568,-0.6868389582649771,0.5829754988633493,157.05128205128204,v0
VOL_qb2of3__P_IC_qb0of3__C7_ROE_DYN_ytdavg_gt_lyavg__v1,VOL_qb2of3__P_IC_qb0of3,C7_ROE_DYN_ytdavg_gt_lyavg,0.31188134190903893,-0.7511456460094643,0.56036866359447,16.62,v1
P_IC_qb0of3__EPS_qb0of3__C17_FCF_P_DYN_qmax4__v0,P_IC_qb0of3__EPS_qb0of3,C17_FCF_P_DYN_qmax4,0.3115560178196721,-0.6863836688499707,0.5818459969403366,158.3653846153846,v0
PS_qb0of3__MOM_qb0of3__C7_ROE_DYN_ytdavg_gt_lyavg__v0,PS_qb0of3__MOM_qb0of3,C7_ROE_DYN_ytdavg_gt_lyavg,0.3110476964502804,-0.6143377359942563,0.581629116117851,83.00666666666666,v0
PB_qb0of3__ACCRUAL_qb0of3__C6_ROE_DYN_ytdavg_gt_lyytdavg__v0,PB_qb0of3__ACCRUAL_qb0of3,C6_ROE_DYN_ytdavg_gt_lyytdavg,0.3106904424456538,-0.5821947310141529,0.5521358896737303,63.26223776223776,v0
PB_qb0of3__ROE_qb2of3__C20_FCF_P_DYN_ytdavg_gt_lyytdavg__v0,PB_qb0of3__ROE_qb2of3,C20_FCF_P_DYN_ytdavg_gt_lyytdavg,0.31049786959346637,-0.6176189814694657,0.5547961923358555,45.65384615384615,v0
REVENUE_qb0of3__EV_S_qb0of3__C13_EPS_DYN_ytdavg_gt_lyytdavg__v1,REVENUE_qb0of3__EV_S_qb0of3,C13_EPS_DYN_ytdavg_gt_lyytdavg,0.31022671719836414,-0.5069995063576171,0.5493230174081238,14.985964912280702,v1
PS_qb0of3__ROIC_qb0of3__C11_EPS_DYN_qmax8__v0,PS_qb0of3__ROIC_qb0of3,C11_EPS_DYN_qmax8,0.3094202242501143,-0.6759063773811428,0.5765460910151692,155.34615384615384,v0
P_IC_qb0of3__EV_EBITDA_qb0of3__C20_FCF_P_DYN_ytdavg_gt_lyytdavg__v0,P_IC_qb0of3__EV_EBITDA_qb0of3,C20_FCF_P_DYN_ytdavg_gt_lyytdavg,0.3093530303548664,-0.7146867570044053,0.5893412496465932,95.1923076923077,v0
P_IC_qb0of3__CROIC_qb2of3__C7_ROE_DYN_ytdavg_gt_lyavg__v0,P_IC_qb0of3__CROIC_qb2of3,C7_ROE_DYN_ytdavg_gt_lyavg,0.3093147922091499,-0.740007537202386,0.5719364778383503,42.37,v0
PS_qb0of3__EV_EBITDA_qb0of3__C20_FCF_P_DYN_ytdavg_gt_lyytdavg__v0,PS_qb0of3__EV_EBITDA_qb0of3,C20_FCF_P_DYN_ytdavg_gt_lyytdavg,0.30894416453807816,-0.6113758619196045,0.5764159100734976,120.93006993006993,v0
P_IC_qb0of3__EPS_qb0of3__None__v0,P_IC_qb0of3__EPS_qb0of3,None,0.3083768832519118,-0.6904181245974363,0.5947469746974697,162.34294871794873,v0
P_IC_qb0of3__PS_qb0of3__C7_ROE_DYN_ytdavg_gt_lyavg__v0,P_IC_qb0of3__PS_qb0of3,C7_ROE_DYN_ytdavg_gt_lyavg,0.3077331183873684,-0.6840415276271479,0.5937385573050165,121.91,v0
EV_S_qb0of3__ROIC_qb0of3__C4_ROE_DYN_qmax8__v0,EV_S_qb0of3__ROIC_qb0of3,C4_ROE_DYN_qmax8,0.3075198691296752,-0.6926256312176684,0.5769660827431979,143.4903846153846,v0
PS_qb0of3__ROIC_qb0of3__C10_EPS_DYN_qmax4__v0,PS_qb0of3__ROIC_qb0of3,C10_EPS_DYN_qmax4,0.30750665607847716,-0.671749032216798,0.5808832425892317,158.51282051282053,v0
P_IC_qb0of3__ROIC_qb0of3__C7_ROE_DYN_ytdavg_gt_lyavg__v0,P_IC_qb0of3__ROIC_qb0of3,C7_ROE_DYN_ytdavg_gt_lyavg,0.3074240430088431,-0.5808700755529324,0.5925163062135256,94.10666666666667,v0
EV_S_qb0of3__ROIC_qb0of3__C11_EPS_DYN_qmax8__v0,EV_S_qb0of3__ROIC_qb0of3,C11_EPS_DYN_qmax8,0.30737277561049137,-0.6917662385996632,0.5765912217081406,143.5801282051282,v0
EV_S_qb0of3__ROIC_qb0of3__C10_EPS_DYN_qmax4__v0,EV_S_qb0of3__ROIC_qb0of3,C10_EPS_DYN_qmax4,0.3070868662029156,-0.6877996951642212,0.5809203722854188,146.42628205128204,v0
P_IC_qb0of3__CROIC_qb2of3__C20_FCF_P_DYN_ytdavg_gt_lyytdavg__v0,P_IC_qb0of3__CROIC_qb2of3,C20_FCF_P_DYN_ytdavg_gt_lyytdavg,0.3066040435872719,-0.7013110975303383,0.5623969213853766,54.47902097902098,v0
PS_qb0of3__ROIC_qb0of3__C4_ROE_DYN_qmax8__v0,PS_qb0of3__ROIC_qb0of3,C4_ROE_DYN_qmax8,0.3065774476265939,-0.6743216136864292,0.576660099663924,155.31410256410257,v0
EV_S_qb0of3__ROIC_qb0of3__C3_ROE_DYN_qmax4__v0,EV_S_qb0of3__ROIC_qb0of3,C3_ROE_DYN_qmax4,0.3063116104494701,-0.689782142614881,0.5812516095802215,146.36858974358975,v0
PB_qb0of3__MOM_qb0of3__C6_ROE_DYN_ytdavg_gt_lyytdavg__v0,PB_qb0of3__MOM_qb0of3,C6_ROE_DYN_ytdavg_gt_lyytdavg,0.30627356475010026,-0.6076431082117562,0.5658904971680302,73.94405594405595,v0
P_IC_qb0of3__ROIC_qb0of3__C14_EPS_DYN_ytdavg_gt_lyavg__v0,P_IC_qb0of3__ROIC_qb0of3,C14_EPS_DYN_ytdavg_gt_lyavg,0.306217564856361,-0.5926613929534309,0.595602294455067,110.87333333333333,v0
EV_S_qb0of3__EPS_qb0of3__C20_FCF_P_DYN_ytdavg_gt_lyytdavg__v0,EV_S_qb0of3__EPS_qb0of3,C20_FCF_P_DYN_ytdavg_gt_lyytdavg,0.30589778026166314,-0.6647582305022337,0.5626684636118598,79.53496503496504,v0
REVENUE_qb0of3__PB_qb0of3__C20_FCF_P_DYN_ytdavg_gt_lyytdavg__v0,REVENUE_qb0of3__PB_qb0of3,C20_FCF_P_DYN_ytdavg_gt_lyytdavg,0.3056514625993103,-0.5019091581835952,0.5883510428964974,105.37062937062937,v0
PS_qb0of3__MOM_qb0of3__C14_EPS_DYN_ytdavg_gt_lyavg__v0,PS_qb0of3__MOM_qb0of3,C14_EPS_DYN_ytdavg_gt_lyavg,0.30553859122415683,-0.5993229047825079,0.5863678804855276,94.84666666666666,v0
PB_qb0of3__EPS_qb0of3__C6_ROE_DYN_ytdavg_gt_lyytdavg__v0,PB_qb0of3__EPS_qb0of3,C6_ROE_DYN_ytdavg_gt_lyytdavg,0.3050724575605013,-0.5685795098324118,0.5472397184142275,78.72377622377623,v0
P_IC_qb0of3__PS_qb0of3__C18_FCF_P_DYN_qmax8__v0,P_IC_qb0of3__PS_qb0of3,C18_FCF_P_DYN_qmax8,0.30452697544924545,-0.6724130202382339,0.6286121549825061,254.2852564102564,v0
PB_qb0of3__ROIC_qb0of3__C11_EPS_DYN_qmax8__v0,PB_qb0of3__ROIC_qb0of3,C11_EPS_DYN_qmax8,0.3044158761331055,-0.6137234135219768,0.5827876520112254,233.98717948717947,v0
P_IC_qb0of3__PS_qb0of3__C17_FCF_P_DYN_qmax4__v0,P_IC_qb0of3__PS_qb0of3,C17_FCF_P_DYN_qmax4,0.3043110821155164,-0.671449673781316,0.6485243956695833,258.12820512820514,v0
P_IC_qb0of3__ACCRUAL_qb0of3__C20_FCF_P_DYN_ytdavg_gt_lyytdavg__v0,P_IC_qb0of3__ACCRUAL_qb0of3,C20_FCF_P_DYN_ytdavg_gt_lyytdavg,0.3042287302125528,-0.720671055845906,0.5608448415922015,66.71678321678321,v0
VOL_qb2of3__P_IC_qb0of3__C18_FCF_P_DYN_qmax8__v1,VOL_qb2of3__P_IC_qb0of3,C18_FCF_P_DYN_qmax8,0.3039871282343243,-0.7656405052037205,0.5570002321801718,36.18589743589744,v1
VOL_qb2of3__P_IC_qb0of3__C17_FCF_P_DYN_qmax4__v1,VOL_qb2of3__P_IC_qb0of3,C17_FCF_P_DYN_qmax4,0.30377701863599693,-0.7636352974524266,0.5589815463676711,36.67307692307692,v1
PS_qb0of3__ROIC_qb0of3__C3_ROE_DYN_qmax4__v0,PS_qb0of3__ROIC_qb0of3,C3_ROE_DYN_qmax4,0.30370541585155,-0.6722441430425083,0.581173918283717,158.5096153846154,v0
PS_qb0of3__ROIC_qb0of3__C13_EPS_DYN_ytdavg_gt_lyytdavg__v0,PS_qb0of3__ROIC_qb0of3,C13_EPS_DYN_ytdavg_gt_lyytdavg,0.3035733699681036,-0.6683850853558687,0.5495774067202639,62.76491228070176,v0
P_IC_qb0of3__ROE_qb0of3__C14_EPS_DYN_ytdavg_gt_lyavg__v1,P_IC_qb0of3__ROE_qb0of3,C14_EPS_DYN_ytdavg_gt_lyavg,0.303519428231549,-0.6541828653223098,0.5683382497541789,14.89,v1
PS_qb0of3__ROIC_qb0of3__C18_FCF_P_DYN_qmax8__v0,PS_qb0of3__ROIC_qb0of3,C18_FCF_P_DYN_qmax8,0.30313706501089355,-0.6743859248449237,0.5770945787373856,157.62179487179486,v0
PS_qb0of3__FCF_OI_qb2of3__C10_EPS_DYN_qmax4__v0,PS_qb0of3__FCF_OI_qb2of3,C10_EPS_DYN_qmax4,0.3028505766860601,-0.5783632123605131,0.5745752045311516,92.73397435897436,v0
P_IC_qb0of3__PS_qb0of3__C11_EPS_DYN_qmax8__v0,P_IC_qb0of3__PS_qb0of3,C11_EPS_DYN_qmax8,0.30282499543419195,-0.6788039415103205,0.6212258649734352,254.19551282051282,v0
P_IC_qb0of3__PS_qb0of3__C10_EPS_DYN_qmax4__v0,P_IC_qb0of3__PS_qb0of3,C10_EPS_DYN_qmax4,0.30282066937891994,-0.6741139545136702,0.6358671586715867,258.06410256410254,v0
PS_qb0of3__ROIC_qb0of3__None__v0,PS_qb0of3__ROIC_qb0of3,None,0.30278400491820756,-0.6686686307636502,0.5869592634632362,171.23076923076923,v0
PB_qb0of3__MOM_qb0of3__C14_EPS_DYN_ytdavg_gt_lyavg__v0,PB_qb0of3__MOM_qb0of3,C14_EPS_DYN_ytdavg_gt_lyavg,0.3026715024417206,-0.5880814282787563,0.5780379041248607,87.18,v0
PB_qb0of3__ROIC_qb0of3__C4_ROE_DYN_qmax8__v0,PB_qb0of3__ROIC_qb0of3,C4_ROE_DYN_qmax8,0.3023626648573128,-0.610976087922148,0.5835330997602803,233.97115384615384,v0
VOL_qb2of3__P_IC_qb0of3__None__v1,VOL_qb2of3__P_IC_qb0of3,None,0.3023204190065769,-0.7630354568126503,0.5614366729678639,37.48397435897436,v1
PB_qb0of3__ROIC_qb0of3__C10_EPS_DYN_qmax4__v0,PB_qb0of3__ROIC_qb0of3,C10_EPS_DYN_qmax4,0.302318534187896,-0.6120840320734744,0.5872860635696822,237.67307692307693,v0
EV_EBITDA_qb0of3__EV_S_qb0of3__C11_EPS_DYN_qmax8__v0,EV_EBITDA_qb0of3__EV_S_qb0of3,C11_EPS_DYN_qmax8,0.3020435943559494,-0.598485685779494,0.5808538163001293,258.0416666666667,v0
EV_S_qb0of3__ROIC_qb0of3__None__v0,EV_S_qb0of3__ROIC_qb0of3,None,0.30195387520188577,-0.687496913968886,0.5871867041951481,156.51602564102564,v0
EV_EBITDA_qb0of3__EV_S_qb0of3__C10_EPS_DYN_qmax4__v0,EV_EBITDA_qb0of3__EV_S_qb0of3,C10_EPS_DYN_qmax4,0.3019101691042656,-0.594576488714603,0.5863618130766145,261.37820512820514,v0
PS_qb0of3__FCF_OI_qb2of3__C11_EPS_DYN_qmax8__v0,PS_qb0of3__FCF_OI_qb2of3,C11_EPS_DYN_qmax8,0.3018984056246814,-0.587470136879287,0.5723888958048052,91.40384615384616,v0
PS_qb0of3__PB_qb0of3__C7_ROE_DYN_ytdavg_gt_lyavg__v0,PS_qb0of3__PB_qb0of3,C7_ROE_DYN_ytdavg_gt_lyavg,0.3016012157577086,-0.6502028343362136,0.5996221229817932,124.41333333333333,v0
PS_qb0of3__EPS_qb0of3__C6_ROE_DYN_ytdavg_gt_lyytdavg__v1,PS_qb0of3__EPS_qb0of3,C6_ROE_DYN_ytdavg_gt_lyytdavg,0.30151144737864777,-0.8160862427086949,0.5467546754675467,13.968531468531468,v1
VOL_qb2of3__PS_qb0of3__C17_FCF_P_DYN_qmax4__v1,VOL_qb2of3__PS_qb0of3,C17_FCF_P_DYN_qmax4,0.30151056077498417,-0.7082212959521936,0.5448943661971831,48.96474358974359,v1
PS_qb0of3__ROIC_qb0of3__C17_FCF_P_DYN_qmax4__v0,PS_qb0of3__ROIC_qb0of3,C17_FCF_P_DYN_qmax4,0.30144790756481976,-0.6777577971051741,0.5814603328878629,159.81089743589743,v0
VOL_qb2of3__P_IC_qb0of3__C10_EPS_DYN_qmax4__v1,VOL_qb2of3__P_IC_qb0of3,C10_EPS_DYN_qmax4,0.30136528303129917,-0.7587410136930373,0.5578279266572638,36.6474358974359,v1
VOL_qb2of3__PS_qb0of3__None__v1,VOL_qb2of3__PS_qb0of3,None,0.3013510298132369,-0.7106695058471431,0.5461018155927376,50.16025641025641,v1
P_IC_qb0of3__PS_qb0of3__C4_ROE_DYN_qmax8__v0,P_IC_qb0of3__PS_qb0of3,C4_ROE_DYN_qmax8,0.3013373008475788,-0.6799261311329945,0.6200076074553063,253.47115384615384,v0
REVENUE_qb0of3__P_IC_qb1of3__C14_EPS_DYN_ytdavg_gt_lyavg__v0,REVENUE_qb0of3__P_IC_qb1of3,C14_EPS_DYN_ytdavg_gt_lyavg,0.30133249039163945,-0.42032375733694327,0.5565217391304348,74.07666666666667,v0
EV_EBITDA_qb0of3__EV_S_qb0of3__C3_ROE_DYN_qmax4__v0,EV_EBITDA_qb0of3__EV_S_qb0of3,C3_ROE_DYN_qmax4,0.30117081259967393,-0.5940661708754156,0.5865323604060914,260.75961538461536,v0
EV_EBITDA_qb0of3__EV_S_qb0of3__C4_ROE_DYN_qmax8__v0,EV_EBITDA_qb0of3__EV_S_qb0of3,C4_ROE_DYN_qmax8,0.30110157516612945,-0.5972692031445546,0.581390134529148,256.9807692307692,v0
PS_qb0of3__EV_EBITDA_qb0of3__C6_ROE_DYN_ytdavg_gt_lyytdavg__v0,PS_qb0of3__EV_EBITDA_qb0of3,C6_ROE_DYN_ytdavg_gt_lyytdavg,0.3006078149050819,-0.6127304201578054,0.5695719565994992,118.54545454545455,v0
PB_qb0of3__MOM_qb0of3__C7_ROE_DYN_ytdavg_gt_lyavg__v0,PB_qb0of3__MOM_qb0of3,C7_ROE_DYN_ytdavg_gt_lyavg,0.30047116688916264,-0.5997135485462489,0.5753610665349956,76.63333333333334,v0
PS_qb0of3__EV_EBITDA_qb0of3__C13_EPS_DYN_ytdavg_gt_lyytdavg__v0,PS_qb0of3__EV_EBITDA_qb0of3,C13_EPS_DYN_ytdavg_gt_lyytdavg,0.3004611280404377,-0.6108763305731307,0.573530946665275,137.27719298245614,v0
PS_qb0of3__FCF_OI_qb2of3__None__v0,PS_qb0of3__FCF_OI_qb2of3,None,0.3004145904473121,-0.5686817208010475,0.5756632208245112,99.95192307692308,v0
PS_qb0of3__EPS_qb0of3__C20_FCF_P_DYN_ytdavg_gt_lyytdavg__v0,PS_qb0of3__EPS_qb0of3,C20_FCF_P_DYN_ytdavg_gt_lyytdavg,0.3003834009520734,-0.6896636960568916,0.5692967137640895,84.77272727272727,v0
P_IC_qb0of3__PS_qb0of3__C3_ROE_DYN_qmax4__v0,P_IC_qb0of3__PS_qb0of3,C3_ROE_DYN_qmax4,0.30028123576210053,-0.6761551970393809,0.637883413286815,257.62820512820514,v0
EV_S_qb0of3__ROIC_qb0of3__C17_FCF_P_DYN_qmax4__v0,EV_S_qb0of3__ROIC_qb0of3,C17_FCF_P_DYN_qmax4,0.30007365991999757,-0.6962588408341506,0.5801211808688926,147.51602564102564,v0
PB_qb0of3__CROIC_qb0of3__C4_ROE_DYN_qmax8__v0,PB_qb0of3__CROIC_qb0of3,C4_ROE_DYN_qmax8,0.30003257592487853,-0.5894354035928118,0.575423933135096,186.51602564102564,v0
PS_qb0of3__PB_qb0of3__C10_EPS_DYN_qmax4__v0,PS_qb0of3__PB_qb0of3,C10_EPS_DYN_qmax4,0.3000257761854135,-0.6433570764155796,0.6278378378378379,265.4423076923077,v0
EV_S_qb0of3__ROIC_qb0of3__C18_FCF_P_DYN_qmax8__v0,EV_S_qb0of3__ROIC_qb0of3,C18_FCF_P_DYN_qmax8,0.29998493908092594,-0.6919262853910015,0.576408846682494,145.54807692307693,v0
PB_qb0of3__ROIC_qb0of3__C3_ROE_DYN_qmax4__v0,PB_qb0of3__ROIC_qb0of3,C3_ROE_DYN_qmax4,0.2999357285023472,-0.6102353431277134,0.5877405008218118,237.5801282051282,v0
VOL_qb2of3__PS_qb0of3__C10_EPS_DYN_qmax4__v1,VOL_qb2of3__PS_qb0of3,C10_EPS_DYN_qmax4,0.2999219524965815,-0.7030812762852263,0.5426301853486319,48.958333333333336,v1
VOL_qb2of3__PS_qb0of3__C18_FCF_P_DYN_qmax8__v1,VOL_qb2of3__PS_qb0of3,C18_FCF_P_DYN_qmax8,0.29989964089286203,-0.7115476208592777,0.5429421025013119,48.26602564102564,v1
PB_qb0of3__FCF_P_qb0of3__C18_FCF_P_DYN_qmax8__v0,PB_qb0of3__FCF_P_qb0of3,C18_FCF_P_DYN_qmax8,0.29982601233720074,-0.5972851124516513,0.570677570093458,183.4198717948718,v0
PS_qb0of3__PB_qb0of3__C11_EPS_DYN_qmax8__v0,PS_qb0of3__PB_qb0of3,C11_EPS_DYN_qmax8,0.2997913993556589,-0.6486607321808389,0.6131756756756757,261.7628205128205,v0
PB_qb0of3__ROIC_qb0of3__C18_FCF_P_DYN_qmax8__v0,PB_qb0of3__ROIC_qb0of3,C18_FCF_P_DYN_qmax8,0.29968073332569967,-0.6126180002868464,0.583146277590722,235.63141025641025,v0
VOL_qb2of3__P_IC_qb0of3__C11_EPS_DYN_qmax8__v1,VOL_qb2of3__P_IC_qb0of3,C11_EPS_DYN_qmax8,0.2996071949089696,-0.7700909226888467,0.5557894736842105,36.09935897435897,v1
EV_EBITDA_qb0of3__EV_S_qb0of3__C17_FCF_P_DYN_qmax4__v0,EV_EBITDA_qb0of3__EV_S_qb0of3,C17_FCF_P_DYN_qmax4,0.2995633748516633,-0.5999157442044861,0.5911593393441315,260.5897435897436,v0
PS_qb0of3__PB_qb0of3__C4_ROE_DYN_qmax8__v0,PS_qb0of3__PB_qb0of3,C4_ROE_DYN_qmax8,0.2993660510382654,-0.6470778359468052,0.6131473161503902,260.9775641025641,v0
P_IC_qb0of3__PS_qb0of3__None__v0,P_IC_qb0of3__PS_qb0of3,None,0.2993443569447043,-0.6652609884439555,0.6765041888804265,276.7980769230769,v0
PB_qb0of3__FCF_P_qb0of3__C4_ROE_DYN_qmax8__v0,PB_qb0of3__FCF_P_qb0of3,C4_ROE_DYN_qmax8,0.2993045029659942,-0.5972166091472322,0.5722245322245322,186.2596153846154,v0
EV_EBITDA_qb0of3__EV_S_qb0of3__C18_FCF_P_DYN_qmax8__v0,EV_EBITDA_qb0of3__EV_S_qb0of3,C18_FCF_P_DYN_qmax8,0.2991668335788171,-0.5990819917794368,0.5864542434309876,256.9807692307692,v0
PB_qb0of3__CROIC_qb0of3__C11_EPS_DYN_qmax8__v0,PB_qb0of3__CROIC_qb0of3,C11_EPS_DYN_qmax8,0.2990826052077682,-0.5919223360039,0.5769230769230769,186.84294871794873,v0
PS_qb0of3__PB_qb0of3__C18_FCF_P_DYN_qmax8__v0,PS_qb0of3__PB_qb0of3,C18_FCF_P_DYN_qmax8,0.29885937603027113,-0.6464575568864979,0.6229428848015489,261.6025641025641,v0
PB_qb0of3__REV_G_qb0of3__C14_EPS_DYN_ytdavg_gt_lyavg__v0,PB_qb0of3__REV_G_qb0of3,C14_EPS_DYN_ytdavg_gt_lyavg,0.2985421647448254,-0.6211720498582267,0.5827128047890203,105.73,v0
PS_qb0of3__PB_qb0of3__C17_FCF_P_DYN_qmax4__v0,PS_qb0of3__PB_qb0of3,C17_FCF_P_DYN_qmax4,0.2985105078849666,-0.6457192966079583,0.6389342033713975,265.24679487179486,v0
PS_qb0of3__PB_qb0of3__C3_ROE_DYN_qmax4__v0,PS_qb0of3__PB_qb0of3,C3_ROE_DYN_qmax4,0.29833538246794733,-0.6431373961476445,0.6292839045206028,264.9871794871795,v0
PB_qb0of3__FCF_P_qb0of3__C11_EPS_DYN_qmax8__v0,PB_qb0of3__FCF_P_qb0of3,C11_EPS_DYN_qmax8,0.29822973802873154,-0.5989245072962236,0.5736168075667532,186.57051282051282,v0
EV_EBITDA_qb0of3__EV_S_qb0of3__None__v0,EV_EBITDA_qb0of3__EV_S_qb0of3,None,0.29817915134964235,-0.5915243972752301,0.5936750085704491,275.26602564102564,v0
PB_qb0of3__FCF_P_qb0of3__C17_FCF_P_DYN_qmax4__v0,PB_qb0of3__FCF_P_qb0of3,C17_FCF_P_DYN_qmax4,0.29811208815391343,-0.5973839354082109,0.5752922105622387,186.76282051282053,v0
PS_qb0of3__FCF_OI_qb2of3__C3_ROE_DYN_qmax4__v0,PS_qb0of3__FCF_OI_qb2of3,C3_ROE_DYN_qmax4,0.29791915807685854,-0.5819706434337077,0.5740996360898482,92.55448717948718,v0
PS_qb0of3__FCF_OI_qb2of3__C4_ROE_DYN_qmax8__v0,PS_qb0of3__FCF_OI_qb2of3,C4_ROE_DYN_qmax8,0.2979008130802805,-0.5904301731787029,0.5707026893047465,91.0,v0
VOL_qb2of3__PS_qb0of3__C11_EPS_DYN_qmax8__v1,VOL_qb2of3__PS_qb0of3,C11_EPS_DYN_qmax8,0.29788212139007686,-0.7094992919188918,0.5417104801962846,48.205128205128204,v1
PB_qb0of3__ROIC_qb0of3__C17_FCF_P_DYN_qmax4__v0,PB_qb0of3__ROIC_qb0of3,C17_FCF_P_DYN_qmax4,0.29774824102738107,-0.6160865482799998,0.5883730003901678,238.53846153846155,v0
REVENUE_qb0of3__EV_S_qb0of3__C7_ROE_DYN_ytdavg_gt_lyavg__v1,REVENUE_qb0of3__EV_S_qb0of3,C7_ROE_DYN_ytdavg_gt_lyavg,0.29767999194216044,-0.7068208548279462,0.5578135949544499,13.453333333333333,v1
PS_qb0of3__NETDEBT_EBITDA_qb2of3__C14_EPS_DYN_ytdavg_gt_lyavg__v0,PS_qb0of3__NETDEBT_EBITDA_qb2of3,C14_EPS_DYN_ytdavg_gt_lyavg,0.29755263000825316,-0.6433267170732768,0.6075717484225525,93.96,v0
PB_qb0of3__CROIC_qb0of3__C3_ROE_DYN_qmax4__v0,PB_qb0of3__CROIC_qb0of3,C3_ROE_DYN_qmax4,0.2975512518292367,-0.5901244248772403,0.5793624712454815,189.04807692307693,v0
PB_qb0of3__FCF_OI_qb0of3__C14_EPS_DYN_ytdavg_gt_lyavg__v0,PB_qb0of3__FCF_OI_qb0of3,C14_EPS_DYN_ytdavg_gt_lyavg,0.2973961072162179,-0.5315460244070211,0.5744567391014531,96.47333333333333,v0
PS_qb0of3__ROE_qb0of3__C14_EPS_DYN_ytdavg_gt_lyavg__v1,PS_qb0of3__ROE_qb0of3,C14_EPS_DYN_ytdavg_gt_lyavg,0.2971139090355639,-0.7649101726084558,0.5602437880918893,15.283333333333333,v1
PB_qb0of3__FCF_P_qb0of3__C3_ROE_DYN_qmax4__v0,PB_qb0of3__FCF_P_qb0of3,C3_ROE_DYN_qmax4,0.2970334293274537,-0.597198952360305,0.5769132544479442,188.75641025641025,v0
PB_qb0of3__CROIC_qb0of3__C10_EPS_DYN_qmax4__v0,PB_qb0of3__CROIC_qb0of3,C10_EPS_DYN_qmax4,0.29702133520555063,-0.5933341863097678,0.5798201468525699,189.3301282051282,v0
PS_qb0of3__PB_qb0of3__None__v0,PS_qb0of3__PB_qb0of3,None,0.2969891113872223,-0.6369420937775944,0.6580955540809555,283.375,v0
PB_qb0of3__ROIC_qb0of3__None__v0,PB_qb0of3__ROIC_qb0of3,None,0.2968585285009706,-0.6049395245387654,0.5936283548453186,255.5096153846154,v0
VOL_qb2of3__EV_S_qb0of3__C13_EPS_DYN_ytdavg_gt_lyytdavg__v0,VOL_qb2of3__EV_S_qb0of3,C13_EPS_DYN_ytdavg_gt_lyytdavg,0.2968312489234639,-0.5983425006181005,0.5476278954539824,115.88421052631578,v0
PB_qb0of3__ROIC_qb0of3__C7_ROE_DYN_ytdavg_gt_lyavg__v0,PB_qb0of3__ROIC_qb0of3,C7_ROE_DYN_ytdavg_gt_lyavg,0.2964788521686379,-0.5307875451816553,0.570912078882498,99.43,v0
PB_qb0of3__CROIC_qb0of3__C18_FCF_P_DYN_qmax8__v0,PB_qb0of3__CROIC_qb0of3,C18_FCF_P_DYN_qmax8,0.296423604792748,-0.5957684064323954,0.574993942330991,183.34935897435898,v0
PB_qb0of3__FCF_P_qb0of3__C10_EPS_DYN_qmax4__v0,PB_qb0of3__FCF_P_qb0of3,C10_EPS_DYN_qmax4,0.2963817444724395,-0.5996549244636362,0.577114002054091,189.01602564102564,v0
PS_qb0of3__MOM_qb0of3__C6_ROE_DYN_ytdavg_gt_lyytdavg__v0,PS_qb0of3__MOM_qb0of3,C6_ROE_DYN_ytdavg_gt_lyytdavg,0.2963646483015594,-0.6134874443102745,0.5722086673637736,81.46503496503496,v0
EV_EBITDA_qb0of3__MOM_qb0of3__None__v0,EV_EBITDA_qb0of3__MOM_qb0of3,None,0.29605076490243376,-0.6290150950628168,0.5555818074424099,211.45192307692307,v0
PS_qb0of3__PB_qb0of3__C6_ROE_DYN_ytdavg_gt_lyytdavg__v0,PS_qb0of3__PB_qb0of3,C6_ROE_DYN_ytdavg_gt_lyytdavg,0.2956874139143342,-0.6456407531721857,0.5897774113767519,119.26573426573427,v0
P_IC_qb0of3__EPS_qb0of3__C13_EPS_DYN_ytdavg_gt_lyytdavg__v1,P_IC_qb0of3__EPS_qb0of3,C13_EPS_DYN_ytdavg_gt_lyytdavg,0.29526998472279997,-0.6370953331305604,0.5435041716328963,12.856140350877194,v1
PB_qb0of3__CROIC_qb0of3__C17_FCF_P_DYN_qmax4__v0,PB_qb0of3__CROIC_qb0of3,C17_FCF_P_DYN_qmax4,0.29505755805369627,-0.5964993853531162,0.5794508122371568,186.73076923076923,v0
VOL_qb2of3__EV_S_qb0of3__C20_FCF_P_DYN_ytdavg_gt_lyytdavg__v0,VOL_qb2of3__EV_S_qb0of3,C20_FCF_P_DYN_ytdavg_gt_lyytdavg,0.2949299425072587,-0.6436303868719082,0.5595162316995544,104.74825174825175,v0
P_IC_qb0of3__ROE_qb0of3__C7_ROE_DYN_ytdavg_gt_lyavg__v0,P_IC_qb0of3__ROE_qb0of3,C7_ROE_DYN_ytdavg_gt_lyavg,0.2947052900089413,-0.6560257073273347,0.5843312360462756,62.8,v0
PS_qb0of3__REV_G_qb0of3__C14_EPS_DYN_ytdavg_gt_lyavg__v0,PS_qb0of3__REV_G_qb0of3,C14_EPS_DYN_ytdavg_gt_lyavg,0.29450330214222675,-0.6478882331020017,0.5753170429941231,94.30666666666667,v0
PS_qb0of3__MOM_qb0of3__C4_ROE_DYN_qmax8__v0,PS_qb0of3__MOM_qb0of3,C4_ROE_DYN_qmax8,0.29432530736864493,-0.6470962822440447,0.5882275997383911,173.71794871794873,v0
PB_qb0of3__FCF_P_qb0of3__None__v0,PB_qb0of3__FCF_P_qb0of3,None,0.2941446739413014,-0.5990322608819367,0.5834735630147906,193.00641025641025,v0
VOL_qb2of3__PB_qb0of3__C14_EPS_DYN_ytdavg_gt_lyavg__v1,VOL_qb2of3__PB_qb0of3,C14_EPS_DYN_ytdavg_gt_lyavg,0.29414333651325086,-0.5850714317027779,0.5465402177730945,22.543333333333333,v1
VOL_qb2of3__PS_qb0of3__C3_ROE_DYN_qmax4__v1,VOL_qb2of3__PS_qb0of3,C3_ROE_DYN_qmax4,0.29404365561695656,-0.7012383758040789,0.5426356589147286,48.82051282051282,v1
VOL_qb2of3__PB_qb0of3__C18_FCF_P_DYN_qmax8__v1,VOL_qb2of3__PB_qb0of3,C18_FCF_P_DYN_qmax8,0.29398239948957783,-0.6549215831684095,0.5462704427602713,42.42948717948718,v1
PB_qb0of3__ACCRUAL_qb0of3__C20_FCF_P_DYN_ytdavg_gt_lyytdavg__v0,PB_qb0of3__ACCRUAL_qb0of3,C20_FCF_P_DYN_ytdavg_gt_lyytdavg,0.29383185126121925,-0.665542694592799,0.5601146281099387,86.16433566433567,v0
P_IC_qb0of3__CROIC_qb2of3__C13_EPS_DYN_ytdavg_gt_lyytdavg__v0,P_IC_qb0of3__CROIC_qb2of3,C13_EPS_DYN_ytdavg_gt_lyytdavg,0.2937814733430024,-0.6648715766235018,0.5659647614954878,46.49122807017544,v0
PS_qb0of3__FCF_OI_qb2of3__C18_FCF_P_DYN_qmax8__v0,PS_qb0of3__FCF_OI_qb2of3,C18_FCF_P_DYN_qmax8,0.29366899591970186,-0.5857684541510115,0.5732476202249969,93.60897435897436,v0
PB_qb0of3__CROIC_qb0of3__C13_EPS_DYN_ytdavg_gt_lyytdavg__v0,PB_qb0of3__CROIC_qb0of3,C13_EPS_DYN_ytdavg_gt_lyytdavg,0.2936557520792198,-0.5423739952472632,0.5639328184381512,95.44912280701755,v0
PS_qb0of3__MOM_qb0of3__C11_EPS_DYN_qmax8__v0,PS_qb0of3__MOM_qb0of3,C11_EPS_DYN_qmax8,0.29350243743974413,-0.6459472306053795,0.5893615630922041,174.15705128205127,v0
VOL_qb2of3__PB_qb0of3__None__v1,VOL_qb2of3__PB_qb0of3,None,0.29350064671876863,-0.6535577702734194,0.5490275526742301,43.84935897435897,v1
P_IC_qb0of3__PS_qb0of3__C6_ROE_DYN_ytdavg_gt_lyytdavg__v0,P_IC_qb0of3__PS_qb0of3,C6_ROE_DYN_ytdavg_gt_lyytdavg,0.2933868942697271,-0.6941553793005583,0.5862793139656983,117.46853146853147,v0
P_IC_qb0of3__ROE_qb0of3__C7_ROE_DYN_ytdavg_gt_lyavg__v1,P_IC_qb0of3__ROE_qb0of3,C7_ROE_DYN_ytdavg_gt_lyavg,0.2932519477810054,-0.6978566612157223,0.5835164835164836,13.103333333333333,v1
EV_EBITDA_qb0of3__MOM_qb0of3__C3_ROE_DYN_qmax4__v0,EV_EBITDA_qb0of3__MOM_qb0of3,C3_ROE_DYN_qmax4,0.29321366449369,-0.636939506355892,0.5570254923281382,197.18589743589743,v0
P_IC_qb0of3__CROIC_qb2of3__C4_ROE_DYN_qmax8__v0,P_IC_qb0of3__CROIC_qb2of3,C4_ROE_DYN_qmax8,0.2930011597659956,-0.6733099229863335,0.5659994590208277,82.81410256410257,v0
PS_qb0of3__FCF_OI_qb2of3__C17_FCF_P_DYN_qmax4__v0,PS_qb0of3__FCF_OI_qb2of3,C17_FCF_P_DYN_qmax4,0.29286370181767385,-0.5854662269768287,0.575916885717862,94.08974358974359,v0
P_IC_qb0of3__PS_qb0of3__C13_EPS_DYN_ytdavg_gt_lyytdavg__v0,P_IC_qb0of3__PS_qb0of3,C13_EPS_DYN_ytdavg_gt_lyytdavg,0.2928427641444975,-0.6657517468093113,0.5947517284726587,131.74736842105264,v0
PS_qb0of3__MOM_qb0of3__C10_EPS_DYN_qmax4__v0,PS_qb0of3__MOM_qb0of3,C10_EPS_DYN_qmax4,0.2922453402388503,-0.6433738754569653,0.5934298367373918,177.19230769230768,v0
VOL_qb2of3__MOM_qb0of3__C14_EPS_DYN_ytdavg_gt_lyavg__v0,VOL_qb2of3__MOM_qb0of3,C14_EPS_DYN_ytdavg_gt_lyavg,0.2922215112187154,-0.6111891226746005,0.5406089156416296,120.58666666666667,v0
PS_qb0of3__MOM_qb0of3__C3_ROE_DYN_qmax4__v0,PS_qb0of3__MOM_qb0of3,C3_ROE_DYN_qmax4,0.2922163997607823,-0.6450202409645218,0.5929086458953496,176.98076923076923,v0
P_IC_qb0of3__CROIC_qb2of3__C18_FCF_P_DYN_qmax8__v0,P_IC_qb0of3__CROIC_qb2of3,C18_FCF_P_DYN_qmax8,0.29194601201043624,-0.6509046389032185,0.5687667560321715,85.34294871794872,v0
EV_EBITDA_qb0of3__MOM_qb0of3__C4_ROE_DYN_qmax8__v0,EV_EBITDA_qb0of3__MOM_qb0of3,C4_ROE_DYN_qmax8,0.2919452627472805,-0.6418694060933556,0.5557156580211335,194.40384615384616,v0
EV_EBITDA_qb0of3__MOM_qb0of3__C10_EPS_DYN_qmax4__v0,EV_EBITDA_qb0of3__MOM_qb0of3,C10_EPS_DYN_qmax4,0.29193988042664354,-0.6407332233300815,0.5580367949648996,197.56410256410257,v0
VOL_qb2of3__PB_qb0of3__C17_FCF_P_DYN_qmax4__v1,VOL_qb2of3__PB_qb0of3,C17_FCF_P_DYN_qmax4,0.2918012833441401,-0.6520189952825355,0.5470257234726688,42.94230769230769,v1
P_IC_qb0of3__CROIC_qb2of3__C10_EPS_DYN_qmax4__v0,P_IC_qb0of3__CROIC_qb2of3,C10_EPS_DYN_qmax4,0.2915353137518131,-0.6569680589102492,0.5659884520208963,84.55448717948718,v0
VOL_qb2of3__PS_qb0of3__C4_ROE_DYN_qmax8__v1,VOL_qb2of3__PS_qb0of3,C4_ROE_DYN_qmax8,0.2915168304152387,-0.7085254616065679,0.5415647921760391,47.98717948717949,v1
P_IC_qb0of3__CROIC_qb2of3__C17_FCF_P_DYN_qmax4__v0,P_IC_qb0of3__CROIC_qb2of3,C17_FCF_P_DYN_qmax4,0.2913348783931209,-0.6512565916275549,0.5698133769241248,85.88782051282051,v0
PS_qb0of3__PB_qb0of3__C13_EPS_DYN_ytdavg_gt_lyytdavg__v0,PS_qb0of3__PB_qb0of3,C13_EPS_DYN_ytdavg_gt_lyytdavg,0.2912450423908224,-0.6155132069476654,0.590669786487277,134.4561403508772,v0
PS_qb0of3__MOM_qb0of3__C18_FCF_P_DYN_qmax8__v0,PS_qb0of3__MOM_qb0of3,C18_FCF_P_DYN_qmax8,0.29118743282535275,-0.6401660622597407,0.5887388870595983,174.39423076923077,v0
PB_qb0of3__REV_G_qb0of3__C13_EPS_DYN_ytdavg_gt_lyytdavg__v0,PB_qb0of3__REV_G_qb0of3,C13_EPS_DYN_ytdavg_gt_lyytdavg,0.29094673857433917,-0.5892983923289287,0.5769012485811578,102.19649122807017,v0
EV_EBITDA_qb0of3__MOM_qb0of3__C11_EPS_DYN_qmax8__v0,EV_EBITDA_qb0of3__MOM_qb0of3,C11_EPS_DYN_qmax8,0.29084499266524455,-0.6430245072455818,0.5567258501354198,195.07692307692307,v0
P_IC_qb0of3__CROIC_qb2of3__C11_EPS_DYN_qmax8__v0,P_IC_qb0of3__CROIC_qb2of3,C11_EPS_DYN_qmax8,0.290727008914605,-0.6671289073596713,0.565625,83.17948717948718,v0
P_IC_qb0of3__EV_S_qb0of3__C14_EPS_DYN_ytdavg_gt_lyavg__v0,P_IC_qb0of3__EV_S_qb0of3,C14_EPS_DYN_ytdavg_gt_lyavg,0.2905421241760284,-0.6562265324444954,0.5978710821998817,121.23,v0
P_IC_qb0of3__CROIC_qb2of3__C3_ROE_DYN_qmax4__v0,P_IC_qb0of3__CROIC_qb2of3,C3_ROE_DYN_qmax4,0.2905204533046837,-0.662345600175553,0.5671375668632561,84.32371794871794,v0
VOL_qb2of3__PB_qb0of3__C10_EPS_DYN_qmax4__v1,VOL_qb2of3__PB_qb0of3,C10_EPS_DYN_qmax4,0.29027164262701777,-0.647398060515727,0.5440790800887634,42.95192307692308,v1
PB_qb0of3__REV_G_qb0of3__C6_ROE_DYN_ytdavg_gt_lyytdavg__v0,PB_qb0of3__REV_G_qb0of3,C6_ROE_DYN_ytdavg_gt_lyytdavg,0.2901694256948959,-0.5904984464154464,0.5784625158831004,92.6118881118881,v0
PB_qb0of3__MOM_qb0of3__C4_ROE_DYN_qmax8__v0,PB_qb0of3__MOM_qb0of3,C4_ROE_DYN_qmax8,0.290093266888827,-0.6571979788443957,0.5821950070654733,169.90705128205127,v0
VOL_qb2of3__PB_qb0of3__C11_EPS_DYN_qmax8__v1,VOL_qb2of3__PB_qb0of3,C11_EPS_DYN_qmax8,0.29002409419488107,-0.6613078441756812,0.5422845691382766,42.37179487179487,v1
PB_qb0of3__FCF_P_qb0of3__C13_EPS_DYN_ytdavg_gt_lyytdavg__v0,PB_qb0of3__FCF_P_qb0of3,C13_EPS_DYN_ytdavg_gt_lyytdavg,0.2900058565029364,-0.5318076766206534,0.5599589585738104,95.04561403508772,v0
VOL_qb2of3__P_IC_qb0of3__C3_ROE_DYN_qmax4__v1,VOL_qb2of3__P_IC_qb0of3,C3_ROE_DYN_qmax4,0.2897903490994569,-0.7579192076788117,0.5577193805725011,36.57371794871795,v1
REVENUE_qb0of3__EV_S_qb0of3__C6_ROE_DYN_ytdavg_gt_lyytdavg__v1,REVENUE_qb0of3__EV_S_qb0of3,C6_ROE_DYN_ytdavg_gt_lyytdavg,0.2896217704324977,-0.7651845373526212,0.5598802395209581,12.884615384615385,v1
EV_EBITDA_qb0of3__EV_S_qb0of3__C14_EPS_DYN_ytdavg_gt_lyavg__v0,EV_EBITDA_qb0of3__EV_S_qb0of3,C14_EPS_DYN_ytdavg_gt_lyavg,0.28956686458822944,-0.5907006146051383,0.5751454605335382,156.11333333333334,v0
PS_qb0of3__MOM_qb0of3__C17_FCF_P_DYN_qmax4__v0,PS_qb0of3__MOM_qb0of3,C17_FCF_P_DYN_qmax4,0.2894194618747514,-0.6406557023306754,0.5935089119446662,177.31410256410257,v0
PB_qb0of3__MOM_qb0of3__None__v0,PB_qb0of3__MOM_qb0of3,None,0.28920040010002857,-0.6475289951158878,0.5848252344416027,186.00641025641025,v0
PS_qb0of3__MOM_qb0of3__C13_EPS_DYN_ytdavg_gt_lyytdavg__v0,PS_qb0of3__MOM_qb0of3,C13_EPS_DYN_ytdavg_gt_lyytdavg,0.28912131451630296,-0.5993750498650774,0.5761349939734833,93.87719298245614,v0
P_IC_qb0of3__ROE_qb0of3__C13_EPS_DYN_ytdavg_gt_lyytdavg__v1,P_IC_qb0of3__ROE_qb0of3,C13_EPS_DYN_ytdavg_gt_lyytdavg,0.2890207361984818,-0.6100593976253594,0.5575176589303733,14.69122807017544,v1
PB_qb0of3__CROIC_qb0of3__None__v0,PB_qb0of3__CROIC_qb0of3,None,0.28898821065116076,-0.5850811783069747,0.5809758097580976,202.80128205128204,v0
EV_S_qb0of3__ROE_qb0of3__C13_EPS_DYN_ytdavg_gt_lyytdavg__v0,EV_S_qb0of3__ROE_qb0of3,C13_EPS_DYN_ytdavg_gt_lyytdavg,0.2887660375251728,-0.6358554660759494,0.5453553899291038,68.94385964912281,v0
VOL_qb2of3__P_IC_qb0of3__C4_ROE_DYN_qmax8__v1,VOL_qb2of3__P_IC_qb0of3,C4_ROE_DYN_qmax8,0.288656995511003,-0.7690488286473482,0.5553226182157,35.9775641025641,v1
PB_qb0of3__MOM_qb0of3__C11_EPS_DYN_qmax8__v0,PB_qb0of3__MOM_qb0of3,C11_EPS_DYN_qmax8,0.2884707284411747,-0.6599388469893679,0.5826999394632407,170.25641025641025,v0
PS_qb0of3__REV_G_qb0of3__C7_ROE_DYN_ytdavg_gt_lyavg__v0,PS_qb0of3__REV_G_qb0of3,C7_ROE_DYN_ytdavg_gt_lyavg,0.2883412844723645,-0.6568630343410853,0.57036787040162,84.60333333333334,v0
PB_qb0of3__EPS_qb0of3__C14_EPS_DYN_ytdavg_gt_lyavg__v1,PB_qb0of3__EPS_qb0of3,C14_EPS_DYN_ytdavg_gt_lyavg,0.28819616598705267,-0.6193304900388762,0.5437808711270767,17.45,v1
PB_qb0of3__MOM_qb0of3__C3_ROE_DYN_qmax4__v0,PB_qb0of3__MOM_qb0of3,C3_ROE_DYN_qmax4,0.28813226229985145,-0.6554232406309947,0.585674632726288,172.5801282051282,v0
VOL_qb2of3__P_IC_qb0of3__C14_EPS_DYN_ytdavg_gt_lyavg__v1,VOL_qb2of3__P_IC_qb0of3,C14_EPS_DYN_ytdavg_gt_lyavg,0.28812748818538747,-0.7162708210371981,0.5554635761589404,18.66,v1
P_IC_qb0of3__EV_S_qb0of3__C17_FCF_P_DYN_qmax4__v0,P_IC_qb0of3__EV_S_qb0of3,C17_FCF_P_DYN_qmax4,0.2878251547287274,-0.6801999874110082,0.6332797427652733,223.81730769230768,v0
EV_S_qb0of3__ROE_qb0of3__C14_EPS_DYN_ytdavg_gt_lyavg__v1,EV_S_qb0of3__ROE_qb0of3,C14_EPS_DYN_ytdavg_gt_lyavg,0.2877461067411524,-0.7378779269976448,0.5498229640870005,14.196666666666667,v1
PB_qb0of3__MOM_qb0of3__C10_EPS_DYN_qmax4__v0,PB_qb0of3__MOM_qb0of3,C10_EPS_DYN_qmax4,0.28760765033547564,-0.6577744841419981,0.5859105366447858,172.73076923076923,v0
PB_qb0of3__EPS_qb0of3__C20_FCF_P_DYN_ytdavg_gt_lyytdavg__v0,PB_qb0of3__EPS_qb0of3,C20_FCF_P_DYN_ytdavg_gt_lyytdavg,0.28759662588210344,-0.6838814735309963,0.5632440476190477,94.86363636363636,v0
P_IC_qb0of3__EV_S_qb0of3__C18_FCF_P_DYN_qmax8__v0,P_IC_qb0of3__EV_S_qb0of3,C18_FCF_P_DYN_qmax8,0.28741498957902056,-0.6800972986840785,0.6181169757489301,220.59294871794873,v0
PB_qb0of3__ROE_qb0of3__C14_EPS_DYN_ytdavg_gt_lyavg__v1,PB_qb0of3__ROE_qb0of3,C14_EPS_DYN_ytdavg_gt_lyavg,0.2874011168438131,-0.5753469314975639,0.5701818181818182,22.09,v1
EV_EBITDA_qb0of3__MOM_qb0of3__C14_EPS_DYN_ytdavg_gt_lyavg__v0,EV_EBITDA_qb0of3__MOM_qb0of3,C14_EPS_DYN_ytdavg_gt_lyavg,0.2871861444220485,-0.6237261208659817,0.5448186269611273,101.76666666666667,v0
EV_EBITDA_qb0of3__MOM_qb0of3__C17_FCF_P_DYN_qmax4__v0,EV_EBITDA_qb0of3__MOM_qb0of3,C17_FCF_P_DYN_qmax4,0.28701050240527226,-0.6406354342734484,0.5585580127234171,197.49358974358975,v0
P_IC_qb0of3__EV_S_qb0of3__C10_EPS_DYN_qmax4__v0,P_IC_qb0of3__EV_S_qb0of3,C10_EPS_DYN_qmax4,0.28688364787084186,-0.6830902155949247,0.623593699774992,223.80448717948718,v0
VOL_qb2of3__PS_qb0of3__C20_FCF_P_DYN_ytdavg_gt_lyytdavg__v1,VOL_qb2of3__PS_qb0of3,C20_FCF_P_DYN_ytdavg_gt_lyytdavg,0.2868731975089511,-0.7041114721969371,0.5549132947976878,26.384615384615383,v1
P_IC_qb0of3__ROIC_qb0of3__C7_ROE_DYN_ytdavg_gt_lyavg__v1,P_IC_qb0of3__ROIC_qb0of3,C7_ROE_DYN_ytdavg_gt_lyavg,0.28680034072934335,-0.5949427323179002,0.5791284403669725,21.766666666666666,v1
P_IC_qb0of3__CROIC_qb2of3__None__v0,P_IC_qb0of3__CROIC_qb2of3,None,0.2868003135584163,-0.6409768308493109,0.5662456328943832,91.44551282051282,v0
EV_S_qb0of3__PB_qb0of3__C14_EPS_DYN_ytdavg_gt_lyavg__v0,EV_S_qb0of3__PB_qb0of3,C14_EPS_DYN_ytdavg_gt_lyavg,0.2865131945648254,-0.633520051458526,0.5947614280947614,134.39666666666668,v0
P_IC_qb0of3__EV_S_qb0of3__C11_EPS_DYN_qmax8__v0,P_IC_qb0of3__EV_S_qb0of3,C11_EPS_DYN_qmax8,0.2863269400289439,-0.6883746953725467,0.6112857142857143,220.54166666666666,v0
P_IC_qb0of3__EV_S_qb0of3__C3_ROE_DYN_qmax4__v0,P_IC_qb0of3__EV_S_qb0of3,C3_ROE_DYN_qmax4,0.2862435505533585,-0.6840206920496318,0.6251783732360869,223.4198717948718,v0
P_IC_qb0of3__EV_S_qb0of3__C4_ROE_DYN_qmax8__v0,P_IC_qb0of3__EV_S_qb0of3,C4_ROE_DYN_qmax8,0.28608148763541785,-0.6887094031811558,0.6103095671662698,219.93269230769232,v0
PS_qb0of3__MOM_qb0of3__None__v0,PS_qb0of3__MOM_qb0of3,None,0.2860412958056393,-0.6367373707446605,0.5938767499672903,188.2852564102564,v0
PB_qb0of3__EPS_qb0of3__C20_FCF_P_DYN_ytdavg_gt_lyytdavg__v1,PB_qb0of3__EPS_qb0of3,C20_FCF_P_DYN_ytdavg_gt_lyytdavg,0.28542666264026106,-0.710571022281761,0.5530482977038796,20.545454545454547,v1
VOL_qb2of3__EV_S_qb0of3__C3_ROE_DYN_qmax4__v1,VOL_qb2of3__EV_S_qb0of3,C3_ROE_DYN_qmax4,0.284913292295353,-0.6537672404528857,0.5370005375380756,47.25,v1
VOL_qb2of3__EV_S_qb0of3__None__v1,VOL_qb2of3__EV_S_qb0of3,None,0.28490152995382223,-0.6486025201988478,0.5400325320802458,48.532051282051285,v1
EV_S_qb0of3__ROE_qb0of3__C7_ROE_DYN_ytdavg_gt_lyavg__v0,EV_S_qb0of3__ROE_qb0of3,C7_ROE_DYN_ytdavg_gt_lyavg,0.2847969509374979,-0.6706123802936119,0.5677072565639859,60.343333333333334,v0
EV_EBITDA_qb0of3__MOM_qb0of3__C18_FCF_P_DYN_qmax8__v0,EV_EBITDA_qb0of3__MOM_qb0of3,C18_FCF_P_DYN_qmax8,0.28475388234047294,-0.6427692914905735,0.5569262245757612,195.1153846153846,v0
PB_qb0of3__FCF_OI_qb0of3__C18_FCF_P_DYN_qmax8__v0,PB_qb0of3__FCF_OI_qb0of3,C18_FCF_P_DYN_qmax8,0.28428292294662416,-0.5756744116918848,0.5754724766856483,181.66666666666666,v0
PB_qb0of3__MOM_qb0of3__C13_EPS_DYN_ytdavg_gt_lyytdavg__v0,PB_qb0of3__MOM_qb0of3,C13_EPS_DYN_ytdavg_gt_lyytdavg,0.2842798194603231,-0.6074758683541842,0.5745260405317063,85.42807017543859,v0
VOL_qb2of3__EV_S_qb0of3__C10_EPS_DYN_qmax4__v1,VOL_qb2of3__EV_S_qb0of3,C10_EPS_DYN_qmax4,0.2841682537705126,-0.6548621359158088,0.5360732232591529,47.36538461538461,v1
PB_qb0of3__None__C19_FCF_P_DYN_yoy__v0,PB_qb0of3__None,C19_FCF_P_DYN_yoy,0.28400224887699177,-0.6975180668035823,0.5617954911433173,17.034246575342465,v0
VOL_qb2of3__EV_S_qb0of3__C17_FCF_P_DYN_qmax4__v1,VOL_qb2of3__EV_S_qb0of3,C17_FCF_P_DYN_qmax4,0.2831998335406971,-0.6497303520225446,0.5380765105470147,47.38782051282051,v1
PB_qb0of3__MOM_qb0of3__C18_FCF_P_DYN_qmax8__v0,PB_qb0of3__MOM_qb0of3,C18_FCF_P_DYN_qmax8,0.2831042733975204,-0.6584349204039436,0.5822186191055263,170.125,v0
PB_qb0of3__FCF_OI_qb0of3__C4_ROE_DYN_qmax8__v0,PB_qb0of3__FCF_OI_qb0of3,C4_ROE_DYN_qmax8,0.28288383575106457,-0.5748372589599934,0.5759291164164411,184.37179487179486,v0
PB_qb0of3__ROE_qb0of3__C14_EPS_DYN_ytdavg_gt_lyavg__v0,PB_qb0of3__ROE_qb0of3,C14_EPS_DYN_ytdavg_gt_lyavg,0.28278985679994717,-0.645505393197163,0.5739182692307693,104.78,v0
P_IC_qb0of3__EV_S_qb0of3__None__v0,P_IC_qb0of3__EV_S_qb0of3,None,0.28270982110424026,-0.6745926392469401,0.6521913952553277,238.47756410256412,v0
PB_qb0of3__FCF_OI_qb0of3__C17_FCF_P_DYN_qmax4__v0,PB_qb0of3__FCF_OI_qb0of3,C17_FCF_P_DYN_qmax4,0.2826914676564767,-0.5770158137310377,0.5804083698953763,185.0096153846154,v0
PB_qb0of3__EPS_qb0of3__C7_ROE_DYN_ytdavg_gt_lyavg__v1,PB_qb0of3__EPS_qb0of3,C7_ROE_DYN_ytdavg_gt_lyavg,0.28265854231503074,-0.7446043871248895,0.5474940334128878,16.583333333333332,v1
VOL_qb2of3__PB_qb0of3__C7_ROE_DYN_ytdavg_gt_lyavg__v1,VOL_qb2of3__PB_qb0of3,C7_ROE_DYN_ytdavg_gt_lyavg,0.28258895745879564,-0.7440542796028655,0.5470817120622569,20.0,v1
EV_S_qb0of3__PB_qb0of3__C10_EPS_DYN_qmax4__v0,EV_S_qb0of3__PB_qb0of3,C10_EPS_DYN_qmax4,0.28243419746404985,-0.6553627066472416,0.6213525100262758,251.39743589743588,v0
EV_S_qb0of3__PB_qb0of3__C4_ROE_DYN_qmax8__v0,EV_S_qb0of3__PB_qb0of3,C4_ROE_DYN_qmax8,0.2823248832197798,-0.659510307206606,0.6066715542521994,247.26602564102564,v0
PB_qb0of3__FCF_OI_qb0of3__C11_EPS_DYN_qmax8__v0,PB_qb0of3__FCF_OI_qb0of3,C11_EPS_DYN_qmax8,0.28226146079670733,-0.5769600999286004,0.5775869188207119,184.70833333333334,v0
EV_S_qb0of3__PB_qb0of3__C3_ROE_DYN_qmax4__v0,EV_S_qb0of3__PB_qb0of3,C3_ROE_DYN_qmax4,0.2821156586859408,-0.655168035217901,0.6219279082468596,250.93910256410257,v0
EV_S_qb0of3__PB_qb0of3__C11_EPS_DYN_qmax8__v0,EV_S_qb0of3__PB_qb0of3,C11_EPS_DYN_qmax8,0.2820888880225081,-0.6608455163934304,0.6077918844909136,247.9647435897436,v0
VOL_qb2of3__EV_S_qb0of3__C20_FCF_P_DYN_ytdavg_gt_lyytdavg__v1,VOL_qb2of3__EV_S_qb0of3,C20_FCF_P_DYN_ytdavg_gt_lyytdavg,0.28203715733855494,-0.686885729088944,0.5477386934673367,25.006993006993007,v1
VOL_qb2of3__EV_S_qb0of3__C4_ROE_DYN_qmax8__v1,VOL_qb2of3__EV_S_qb0of3,C4_ROE_DYN_qmax8,0.2820151547314398,-0.6656702899447879,0.535181236673774,46.4775641025641,v1
P_IC_qb0of3__ROE_qb0of3__C13_EPS_DYN_ytdavg_gt_lyytdavg__v0,P_IC_qb0of3__ROE_qb0of3,C13_EPS_DYN_ytdavg_gt_lyytdavg,0.28193539196826767,-0.6597367670899089,0.5650530861975886,69.79649122807018,v0
PS_qb0of3__PB_qb0of3__C20_FCF_P_DYN_ytdavg_gt_lyytdavg__v0,PS_qb0of3__PB_qb0of3,C20_FCF_P_DYN_ytdavg_gt_lyytdavg,0.28187188545925146,-0.6466201390713435,0.5959818356956103,132.5874125874126,v0
VOL_qb2of3__MOM_qb0of3__None__v0,VOL_qb2of3__MOM_qb0of3,None,0.28173978742876127,-0.6081363579217691,0.5445736434108527,237.2852564102564,v0
VOL_qb2of3__EV_S_qb0of3__C11_EPS_DYN_qmax8__v1,VOL_qb2of3__EV_S_qb0of3,C11_EPS_DYN_qmax8,0.28162879930663753,-0.6614646132474045,0.5354274495805819,46.67628205128205,v1
PB_qb0of3__MOM_qb0of3__C17_FCF_P_DYN_qmax4__v0,PB_qb0of3__MOM_qb0of3,C17_FCF_P_DYN_qmax4,0.2814020096570453,-0.659789385529852,0.5862842384286006,172.56730769230768,v0
P_IC_qb0of3__ACCRUAL_qb0of3__C20_FCF_P_DYN_ytdavg_gt_lyytdavg__v1,P_IC_qb0of3__ACCRUAL_qb0of3,C20_FCF_P_DYN_ytdavg_gt_lyytdavg,0.28125246987989905,-0.7696195749031827,0.5740578439964943,16.11888111888112,v1
VOL_qb2of3__PB_qb0of3__C3_ROE_DYN_qmax4__v1,VOL_qb2of3__PB_qb0of3,C3_ROE_DYN_qmax4,0.28120233592535704,-0.6459232947365087,0.5444489139179405,42.80448717948718,v1
PS_qb0of3__ACCRUAL_qb0of3__C4_ROE_DYN_qmax8__v0,PS_qb0of3__ACCRUAL_qb0of3,C4_ROE_DYN_qmax8,0.28103952590900927,-0.5991885541015811,0.5650047634169577,198.64423076923077,v0
PB_qb0of3__FCF_OI_qb0of3__C3_ROE_DYN_qmax4__v0,PB_qb0of3__FCF_OI_qb0of3,C3_ROE_DYN_qmax4,0.2809431368705415,-0.575634519144183,0.5809868033958141,186.92628205128204,v0
VOL_qb2of3__PB_qb0of3__C20_FCF_P_DYN_ytdavg_gt_lyytdavg__v1,VOL_qb2of3__PB_qb0of3,C20_FCF_P_DYN_ytdavg_gt_lyytdavg,0.28089706244892865,-0.664598330880956,0.5539112050739958,22.625874125874127,v1
EV_S_qb0of3__NETDEBT_EBITDA_qb2of3__C14_EPS_DYN_ytdavg_gt_lyavg__v0,EV_S_qb0of3__NETDEBT_EBITDA_qb2of3,C14_EPS_DYN_ytdavg_gt_lyavg,0.28085637147872733,-0.6412974218356229,0.5967419262646471,60.62,v0
EV_S_qb0of3__PB_qb0of3__C17_FCF_P_DYN_qmax4__v0,EV_S_qb0of3__PB_qb0of3,C17_FCF_P_DYN_qmax4,0.2806882646043467,-0.656163024602405,0.6302299806040454,251.14423076923077,v0
EV_S_qb0of3__PB_qb0of3__None__v0,EV_S_qb0of3__PB_qb0of3,None,0.2805119420302957,-0.6493887721553022,0.6478311450889147,266.1442307692308,v0
P_IC_qb0of3__EPS_qb0of3__C4_ROE_DYN_qmax8__v1,P_IC_qb0of3__EPS_qb0of3,C4_ROE_DYN_qmax8,0.2804978194314054,-0.7118984956286776,0.5618300653594771,32.4775641025641,v1
EV_S_qb0of3__PB_qb0of3__C18_FCF_P_DYN_qmax8__v0,EV_S_qb0of3__PB_qb0of3,C18_FCF_P_DYN_qmax8,0.2803780221388077,-0.656486859509761,0.6163443543356207,247.84935897435898,v0
PB_qb0of3__FCF_OI_qb0of3__C10_EPS_DYN_qmax4__v0,PB_qb0of3__FCF_OI_qb0of3,C10_EPS_DYN_qmax4,0.28034658422951253,-0.5782723114156377,0.5814661368056143,187.20833333333334,v0
PS_qb0of3__CROIC_qb0of3__C7_ROE_DYN_ytdavg_gt_lyavg__v1,PS_qb0of3__CROIC_qb0of3,C7_ROE_DYN_ytdavg_gt_lyavg,0.2801664713256746,-0.6587618926560759,0.559445178335535,20.81,v1
P_IC_qb2of3__PB_qb0of3__C13_EPS_DYN_ytdavg_gt_lyytdavg__v0,P_IC_qb2of3__PB_qb0of3,C13_EPS_DYN_ytdavg_gt_lyytdavg,0.2799963048149132,-0.48635175164025923,0.5462012320328542,22.950877192982457,v0
VOL_qb2of3__EV_S_qb0of3__C18_FCF_P_DYN_qmax8__v1,VOL_qb2of3__EV_S_qb0of3,C18_FCF_P_DYN_qmax8,0.27966565538002475,-0.6560418167312652,0.5362035225048923,46.71474358974359,v1
VOL_qb2of3__PB_qb0of3__C4_ROE_DYN_qmax8__v1,VOL_qb2of3__PB_qb0of3,C4_ROE_DYN_qmax8,0.2796639918987467,-0.6584577641177078,0.5424980047885076,42.19871794871795,v1
PS_qb0of3__ACCRUAL_qb0of3__C11_EPS_DYN_qmax8__v0,PS_qb0of3__ACCRUAL_qb0of3,C11_EPS_DYN_qmax8,0.2796382204851533,-0.60197496669006,0.5647628760836308,199.2596153846154,v0
P_IC_qb0of3__EPS_qb0of3__C3_ROE_DYN_qmax4__v1,P_IC_qb0of3__EPS_qb0of3,C3_ROE_DYN_qmax4,0.27947930116928577,-0.698458387143319,0.5646472593758196,33.13461538461539,v1
PS_qb0of3__ACCRUAL_qb0of3__C3_ROE_DYN_qmax4__v0,PS_qb0of3__ACCRUAL_qb0of3,C3_ROE_DYN_qmax4,0.2789352926077855,-0.5939753231266877,0.5693973388990347,203.1153846153846,v0
PB_qb0of3__OCF_E_qb2of3__C20_FCF_P_DYN_ytdavg_gt_lyytdavg__v0,PB_qb0of3__OCF_E_qb2of3,C20_FCF_P_DYN_ytdavg_gt_lyytdavg,0.27893287102655884,-0.6578482630134772,0.5650568601388274,71.57692307692308,v0
PS_qb0of3__ACCRUAL_qb0of3__C10_EPS_DYN_qmax4__v0,PS_qb0of3__ACCRUAL_qb0of3,C10_EPS_DYN_qmax4,0.27867967714201614,-0.5944756518844324,0.5682367544260796,203.39743589743588,v0
P_IC_qb0of3__EPS_qb0of3__C6_ROE_DYN_ytdavg_gt_lyytdavg__v1,P_IC_qb0of3__EPS_qb0of3,C6_ROE_DYN_ytdavg_gt_lyytdavg,0.2786710707787394,-0.6992440485791893,0.5558424790187217,12.017543859649123,v1
VOL_qb2of3__MOM_qb0of3__C3_ROE_DYN_qmax4__v0,VOL_qb2of3__MOM_qb0of3,C3_ROE_DYN_qmax4,0.27859068884163096,-0.6149683262047246,0.5469473220189552,222.05769230769232,v0
P_IC_qb0of3__ROIC_qb0of3__C13_EPS_DYN_ytdavg_gt_lyytdavg__v0,P_IC_qb0of3__ROIC_qb0of3,C13_EPS_DYN_ytdavg_gt_lyytdavg,0.2783858944972524,-0.5882704170436415,0.5884714654430743,108.23157894736842,v0
REVENUE_qb0of3__MOM_qb0of3__C14_EPS_DYN_ytdavg_gt_lyavg__v0,REVENUE_qb0of3__MOM_qb0of3,C14_EPS_DYN_ytdavg_gt_lyavg,0.2782301684612172,-0.5087311937609822,0.5540870272468483,108.95333333333333,v0
EV_S_qb0of3__ROE_qb0of3__C17_FCF_P_DYN_qmax4__v0,EV_S_qb0of3__ROE_qb0of3,C17_FCF_P_DYN_qmax4,0.2780408857435819,-0.6704422355269848,0.5801666096085816,169.35897435897436,v0
P_IC_qb0of3__EPS_qb0of3__None__v1,P_IC_qb0of3__EPS_qb0of3,None,0.2778574279120605,-0.7156502398854232,0.5687516495117445,34.28525641025641,v1
VOL_qb2of3__MOM_qb0of3__C10_EPS_DYN_qmax4__v0,VOL_qb2of3__MOM_qb0of3,C10_EPS_DYN_qmax4,0.27755105840445804,-0.6152764380264157,0.547114641950789,222.38141025641025,v0
EV_S_qb0of3__ROE_qb0of3__C10_EPS_DYN_qmax4__v0,EV_S_qb0of3__ROE_qb0of3,C10_EPS_DYN_qmax4,0.2774988039472781,-0.6703010421191906,0.579650565262076,167.94230769230768,v0
PS_qb0of3__OCF_E_qb2of3__C14_EPS_DYN_ytdavg_gt_lyavg__v0,PS_qb0of3__OCF_E_qb2of3,C14_EPS_DYN_ytdavg_gt_lyavg,0.27742658966732425,-0.5362509369298067,0.5780876494023904,132.46,v0
PS_qb0of3__ROE_qb0of3__C7_ROE_DYN_ytdavg_gt_lyavg__v0,PS_qb0of3__ROE_qb0of3,C7_ROE_DYN_ytdavg_gt_lyavg,0.27735731076676506,-0.6722260815343156,0.5711189913317573,63.63,v0
PS_qb0of3__FCF_OI_qb2of3__C20_FCF_P_DYN_ytdavg_gt_lyytdavg__v0,PS_qb0of3__FCF_OI_qb2of3,C20_FCF_P_DYN_ytdavg_gt_lyytdavg,0.27732198134910657,-0.6002510499534464,0.5665660630449363,58.47202797202797,v0
EV_S_qb0of3__ROE_qb0of3__C18_FCF_P_DYN_qmax8__v0,EV_S_qb0of3__ROE_qb0of3,C18_FCF_P_DYN_qmax8,0.2772861124537038,-0.6677847969734045,0.5757542391543713,167.08653846153845,v0
PS_qb0of3__ACCRUAL_qb0of3__None__v0,PS_qb0of3__ACCRUAL_qb0of3,None,0.27726842466212576,-0.5885891780561907,0.5719503287070855,216.41346153846155,v0
P_IC_qb0of3__REV_G_qb0of3__C6_ROE_DYN_ytdavg_gt_lyytdavg__v0,P_IC_qb0of3__REV_G_qb0of3,C6_ROE_DYN_ytdavg_gt_lyytdavg,0.2771506383213671,-0.6087519689426903,0.5780471604118234,90.77622377622377,v0
VOL_qb2of3__MOM_qb0of3__C4_ROE_DYN_qmax8__v0,VOL_qb2of3__MOM_qb0of3,C4_ROE_DYN_qmax8,0.27708618212863323,-0.6219513755017017,0.5446589728162774,219.24358974358975,v0
EV_S_qb0of3__ROE_qb0of3__C11_EPS_DYN_qmax8__v0,EV_S_qb0of3__ROE_qb0of3,C11_EPS_DYN_qmax8,0.2770431817226735,-0.6725181808504869,0.5747493665307921,164.81410256410257,v0
P_IC_qb0of3__EPS_qb0of3__C10_EPS_DYN_qmax4__v1,P_IC_qb0of3__EPS_qb0of3,C10_EPS_DYN_qmax4,0.27685736384880566,-0.6979546965456371,0.5640147523709168,33.11538461538461,v1
EV_S_qb0of3__ROE_qb0of3__C3_ROE_DYN_qmax4__v0,EV_S_qb0of3__ROE_qb0of3,C3_ROE_DYN_qmax4,0.27683478372683923,-0.67203280363513,0.5803044070876874,167.57371794871796,v0
PS_qb0of3__NETDEBT_EBITDA_qb2of3__C7_ROE_DYN_ytdavg_gt_lyavg__v0,PS_qb0of3__NETDEBT_EBITDA_qb2of3,C7_ROE_DYN_ytdavg_gt_lyavg,0.2767946931793155,-0.6689930589822758,0.5972103004291845,83.48333333333333,v0
VOL_qb2of3__MOM_qb0of3__C11_EPS_DYN_qmax8__v0,VOL_qb2of3__MOM_qb0of3,C11_EPS_DYN_qmax8,0.27667714631766227,-0.6188197170465584,0.5449462837097128,219.83333333333334,v0
EV_S_qb0of3__ROE_qb0of3__C4_ROE_DYN_qmax8__v0,EV_S_qb0of3__ROE_qb0of3,C4_ROE_DYN_qmax8,0.27653726489755726,-0.6749298026341198,0.5745771958537916,164.16346153846155,v0
P_IC_qb0of3__ACCRUAL_qb0of3__C18_FCF_P_DYN_qmax8__v1,P_IC_qb0of3__ACCRUAL_qb0of3,C18_FCF_P_DYN_qmax8,0.2764674391316384,-0.692663039755987,0.5607041159720425,27.253205128205128,v1
P_IC_qb0of3__EV_S_qb0of3__C7_ROE_DYN_ytdavg_gt_lyavg__v0,P_IC_qb0of3__EV_S_qb0of3,C7_ROE_DYN_ytdavg_gt_lyavg,0.27636244357298656,-0.6793059039310598,0.5943627450980392,107.93333333333334,v0
PS_qb0of3__ACCRUAL_qb0of3__C18_FCF_P_DYN_qmax8__v0,PS_qb0of3__ACCRUAL_qb0of3,C18_FCF_P_DYN_qmax8,0.27623350666586943,-0.5951496068547166,0.5701432011151946,204.44230769230768,v0
P_IC_qb0of3__EPS_qb0of3__C18_FCF_P_DYN_qmax8__v1,P_IC_qb0of3__EPS_qb0of3,C18_FCF_P_DYN_qmax8,0.2761656467045488,-0.7097278844651476,0.5582360570687419,32.99679487179487,v1
P_IC_qb0of3__EPS_qb0of3__C17_FCF_P_DYN_qmax4__v1,P_IC_qb0of3__EPS_qb0of3,C17_FCF_P_DYN_qmax4,0.27598313909846506,-0.7088198110346793,0.5627445864857814,33.44871794871795,v1
P_IC_qb0of3__REV_G_qb0of3__C7_ROE_DYN_ytdavg_gt_lyavg__v0,P_IC_qb0of3__REV_G_qb0of3,C7_ROE_DYN_ytdavg_gt_lyavg,0.2759239695532949,-0.6277012311843335,0.5853375352463095,93.56,v0
P_IC_qb0of3__MOM_qb0of3__C7_ROE_DYN_ytdavg_gt_lyavg__v0,P_IC_qb0of3__MOM_qb0of3,C7_ROE_DYN_ytdavg_gt_lyavg,0.2757722536536462,-0.59267521602159,0.5812593330014932,74.6,v0
P_IC_qb0of3__EPS_qb0of3__C11_EPS_DYN_qmax8__v1,P_IC_qb0of3__EPS_qb0of3,C11_EPS_DYN_qmax8,0.2755909920925679,-0.7103432419853412,0.5609884332281808,32.44551282051282,v1
PB_qb0of3__FCF_P_qb0of3__C7_ROE_DYN_ytdavg_gt_lyavg__v0,PB_qb0of3__FCF_P_qb0of3,C7_ROE_DYN_ytdavg_gt_lyavg,0.27548234070684674,-0.5291647290653312,0.5636947322340581,86.71666666666667,v0
EV_S_qb0of3__ROE_qb0of3__None__v0,EV_S_qb0of3__ROE_qb0of3,None,0.27545209787658775,-0.6707394614947559,0.5890126024715526,173.55769230769232,v0
PS_qb0of3__ROE_qb0of3__C13_EPS_DYN_ytdavg_gt_lyytdavg__v0,PS_qb0of3__ROE_qb0of3,C13_EPS_DYN_ytdavg_gt_lyytdavg,0.2754083481212939,-0.6577375963839664,0.5490877497827976,72.83157894736843,v0
P_IC_qb0of3__PS_qb0of3__C20_FCF_P_DYN_ytdavg_gt_lyytdavg__v0,P_IC_qb0of3__PS_qb0of3,C20_FCF_P_DYN_ytdavg_gt_lyytdavg,0.2753051637005459,-0.6924156913394195,0.5886075949367089,130.6083916083916,v0
PS_qb0of3__ACCRUAL_qb0of3__C17_FCF_P_DYN_qmax4__v0,PS_qb0of3__ACCRUAL_qb0of3,C17_FCF_P_DYN_qmax4,0.2752351026389024,-0.5973013499064653,0.5722287351830142,206.52884615384616,v0
PS_qb0of3__EV_EBITDA_qb0of3__None__v1,PS_qb0of3__EV_EBITDA_qb0of3,None,0.2749279745241646,-0.6006463673990787,0.5771753388718845,61.83974358974359,v1
P_IC_qb0of3__ACCRUAL_qb0of3__None__v1,P_IC_qb0of3__ACCRUAL_qb0of3,None,0.2748075625706021,-0.6925120579806524,0.5660723649711589,27.987179487179485,v1
PB_qb0of3__FCF_OI_qb0of3__C13_EPS_DYN_ytdavg_gt_lyytdavg__v0,PB_qb0of3__FCF_OI_qb0of3,C13_EPS_DYN_ytdavg_gt_lyytdavg,0.2746755897062183,-0.5527303101839325,0.5653661008360781,93.95087719298246,v0
P_IC_qb0of3__ACCRUAL_qb0of3__C7_ROE_DYN_ytdavg_gt_lyavg__v1,P_IC_qb0of3__ACCRUAL_qb0of3,C7_ROE_DYN_ytdavg_gt_lyavg,0.2746430577790753,-0.7593417222762553,0.571191135734072,12.11,v1
PB_qb0of3__CROIC_qb2of3__C7_ROE_DYN_ytdavg_gt_lyavg__v0,PB_qb0of3__CROIC_qb2of3,C7_ROE_DYN_ytdavg_gt_lyavg,0.2740266675277736,-0.6084200259601776,0.5740426334653839,56.25333333333333,v0
P_IC_qb0of3__PB_qb0of3__C7_ROE_DYN_ytdavg_gt_lyavg__v0,P_IC_qb0of3__PB_qb0of3,C7_ROE_DYN_ytdavg_gt_lyavg,0.2739953466996956,-0.581631067314712,0.6075914038515211,181.18666666666667,v0
P_IC_qb0of3__CROIC_qb2of3__C6_ROE_DYN_ytdavg_gt_lyytdavg__v0,P_IC_qb0of3__CROIC_qb2of3,C6_ROE_DYN_ytdavg_gt_lyytdavg,0.27369115803627886,-0.7355260831254025,0.5625756475429678,40.28671328671329,v0
EV_EBITDA_qb0of3__EV_S_qb0of3__C7_ROE_DYN_ytdavg_gt_lyavg__v0,EV_EBITDA_qb0of3__EV_S_qb0of3,C7_ROE_DYN_ytdavg_gt_lyavg,0.2736809726624707,-0.6219517227810699,0.57435053485365,135.66666666666666,v0
P_IC_qb0of3__OCF_E_qb2of3__C7_ROE_DYN_ytdavg_gt_lyavg__v0,P_IC_qb0of3__OCF_E_qb2of3,C7_ROE_DYN_ytdavg_gt_lyavg,0.2735319942196601,-0.6498869033046002,0.5752672209026128,81.53,v0
PS_qb0of3__ACCRUAL_qb0of3__C20_FCF_P_DYN_ytdavg_gt_lyytdavg__v1,PS_qb0of3__ACCRUAL_qb0of3,C20_FCF_P_DYN_ytdavg_gt_lyytdavg,0.2733207354445457,-0.6183129388563511,0.5718411552346571,29.423076923076923,v1
PB_qb0of3__FCF_OI_qb0of3__None__v0,PB_qb0of3__FCF_OI_qb0of3,None,0.2731189492547206,-0.5724673136255976,0.5820807296064854,201.01282051282053,v0
PB_qb0of3__EPS_qb0of3__C6_ROE_DYN_ytdavg_gt_lyytdavg__v1,PB_qb0of3__EPS_qb0of3,C6_ROE_DYN_ytdavg_gt_lyytdavg,0.272885678001874,-0.8191337359651112,0.5439477649422401,16.055944055944057,v1
VOL_qb2of3__MOM_qb0of3__C17_FCF_P_DYN_qmax4__v0,VOL_qb2of3__MOM_qb0of3,C17_FCF_P_DYN_qmax4,0.2726739087890273,-0.616401240770578,0.5464076812713828,222.32692307692307,v0
EV_S_qb0of3__CROIC_qb0of3__C4_ROE_DYN_qmax8__v0,EV_S_qb0of3__CROIC_qb0of3,C4_ROE_DYN_qmax8,0.2725648043453548,-0.6170218584408756,0.571283255086072,172.8653846153846,v0
EV_S_qb0of3__CROIC_qb0of3__C11_EPS_DYN_qmax8__v0,EV_S_qb0of3__CROIC_qb0of3,C11_EPS_DYN_qmax8,0.27250718919406824,-0.6166976821673178,0.571406164222414,173.29807692307693,v0
EV_S_qb0of3__DEBTRATIO_qb2of3__C7_ROE_DYN_ytdavg_gt_lyavg__v0,EV_S_qb0of3__DEBTRATIO_qb2of3,C7_ROE_DYN_ytdavg_gt_lyavg,0.2724741650724134,-0.6533871620607927,0.5812664137729793,72.96333333333334,v0
EV_S_qb0of3__FCF_P_qb0of3__C18_FCF_P_DYN_qmax8__v0,EV_S_qb0of3__FCF_P_qb0of3,C18_FCF_P_DYN_qmax8,0.2724072237489219,-0.6237631043006437,0.5716961985793458,172.05769230769232,v0
EV_S_qb0of3__DEBTRATIO_qb2of3__C14_EPS_DYN_ytdavg_gt_lyavg__v0,EV_S_qb0of3__DEBTRATIO_qb2of3,C14_EPS_DYN_ytdavg_gt_lyavg,0.27239299740588585,-0.6406510083236521,0.586352148272957,85.21666666666667,v0
PB_qb0of3__ROIC_qb0of3__C6_ROE_DYN_ytdavg_gt_lyytdavg__v0,PB_qb0of3__ROIC_qb0of3,C6_ROE_DYN_ytdavg_gt_lyytdavg,0.2723341969243174,-0.5475832504771145,0.566837224176527,96.2937062937063,v0
P_IC_qb0of3__EPS_qb0of3__C20_FCF_P_DYN_ytdavg_gt_lyytdavg__v0,P_IC_qb0of3__EPS_qb0of3,C20_FCF_P_DYN_ytdavg_gt_lyytdavg,0.27230297795524927,-0.7310531312576909,0.5627890430451796,75.67832167832168,v0
EV_S_qb0of3__CROIC_qb0of3__C18_FCF_P_DYN_qmax8__v0,EV_S_qb0of3__CROIC_qb0of3,C18_FCF_P_DYN_qmax8,0.2722801412271534,-0.6243655284554132,0.5729453401494298,169.17307692307693,v0
P_IC_qb0of3__ACCRUAL_qb0of3__C17_FCF_P_DYN_qmax4__v1,P_IC_qb0of3__ACCRUAL_qb0of3,C17_FCF_P_DYN_qmax4,0.2722130244190524,-0.6935157208241063,0.5631496881496881,27.496794871794872,v1
EV_S_qb0of3__CROIC_qb0of3__C10_EPS_DYN_qmax4__v0,EV_S_qb0of3__CROIC_qb0of3,C10_EPS_DYN_qmax4,0.2721762357616333,-0.6196072344974514,0.5745121465551573,175.77884615384616,v0
EV_S_qb0of3__DEBTRATIO_qb2of3__C10_EPS_DYN_qmax4__v0,EV_S_qb0of3__DEBTRATIO_qb2of3,C10_EPS_DYN_qmax4,0.2721558144774334,-0.666056960595689,0.5979286536248561,152.09935897435898,v0
EV_S_qb0of3__CROIC_qb0of3__C3_ROE_DYN_qmax4__v0,EV_S_qb0of3__CROIC_qb0of3,C3_ROE_DYN_qmax4,0.2720547313574331,-0.6197629990051012,0.5741668655054482,175.51282051282053,v0
EV_S_qb0of3__CROIC_qb0of3__C17_FCF_P_DYN_qmax4__v0,EV_S_qb0of3__CROIC_qb0of3,C17_FCF_P_DYN_qmax4,0.2719173080092592,-0.6265855835193394,0.5755906768837803,172.98717948717947,v0
PS_qb0of3__ROE_qb0of3__C17_FCF_P_DYN_qmax4__v0,PS_qb0of3__ROE_qb0of3,C17_FCF_P_DYN_qmax4,0.27189136363143485,-0.6645192109721251,0.5847586057588222,180.31730769230768,v0
PB_qb0of3__FCF_P_qb0of3__C6_ROE_DYN_ytdavg_gt_lyytdavg__v0,PB_qb0of3__FCF_P_qb0of3,C6_ROE_DYN_ytdavg_gt_lyytdavg,0.27180370019620903,-0.5420421972668921,0.5652491597252667,84.06993006993007,v0
PS_qb0of3__ROE_qb0of3__C20_FCF_P_DYN_ytdavg_gt_lyytdavg__v1,PS_qb0of3__ROE_qb0of3,C20_FCF_P_DYN_ytdavg_gt_lyytdavg,0.2717643072290903,-0.7339154940478323,0.5695581014729951,18.762237762237763,v1
PS_qb0of3__FCF_OI_qb0of3__C7_ROE_DYN_ytdavg_gt_lyavg__v1,PS_qb0of3__FCF_OI_qb0of3,C7_ROE_DYN_ytdavg_gt_lyavg,0.2717487358836457,-0.6491937667676309,0.5579231692677071,22.91,v1
EV_S_qb0of3__DEBTRATIO_qb2of3__None__v0,EV_S_qb0of3__DEBTRATIO_qb2of3,None,0.27173786754515006,-0.6639735699629633,0.622836319465533,156.33653846153845,v0
PS_qb0of3__ROE_qb0of3__C18_FCF_P_DYN_qmax8__v0,PS_qb0of3__ROE_qb0of3,C18_FCF_P_DYN_qmax8,0.27170118164073,-0.6631695299650069,0.5799062988027069,177.78846153846155,v0
PB_qb0of3__ROE_qb0of3__C13_EPS_DYN_ytdavg_gt_lyytdavg__v1,PB_qb0of3__ROE_qb0of3,C13_EPS_DYN_ytdavg_gt_lyytdavg,0.27162117182649315,-0.5053068676392531,0.5624309392265193,21.856140350877194,v1
VOL_qb2of3__MOM_qb0of3__C18_FCF_P_DYN_qmax8__v0,VOL_qb2of3__MOM_qb0of3,C18_FCF_P_DYN_qmax8,0.27158101306195004,-0.6198658520108108,0.5439115199299168,219.88141025641025,v0
PS_qb0of3__EV_EBITDA_qb0of3__C11_EPS_DYN_qmax8__v1,PS_qb0of3__EV_EBITDA_qb0of3,C11_EPS_DYN_qmax8,0.27155723173267043,-0.5960524150596005,0.5725863785013507,59.56410256410256,v1
EV_S_qb0of3__CROIC_qb0of3__C14_EPS_DYN_ytdavg_gt_lyavg__v0,EV_S_qb0of3__CROIC_qb0of3,C14_EPS_DYN_ytdavg_gt_lyavg,0.2715531421990598,-0.6232708899706653,0.5643855776306107,96.03333333333333,v0
EV_S_qb0of3__FCF_P_qb0of3__C17_FCF_P_DYN_qmax4__v0,EV_S_qb0of3__FCF_P_qb0of3,C17_FCF_P_DYN_qmax4,0.2714866706233745,-0.6260943017195834,0.5746789281750436,175.9102564102564,v0
EV_S_qb0of3__DEBTRATIO_qb2of3__C3_ROE_DYN_qmax4__v0,EV_S_qb0of3__DEBTRATIO_qb2of3,C3_ROE_DYN_qmax4,0.27141002481232235,-0.6657931241854049,0.5980126467931346,151.76923076923077,v0
EV_EBITDA_qb0of3__MOM_qb0of3__C13_EPS_DYN_ytdavg_gt_lyytdavg__v0,EV_EBITDA_qb0of3__MOM_qb0of3,C13_EPS_DYN_ytdavg_gt_lyytdavg,0.27138892482040866,-0.608421435124272,0.5457126076742365,97.49824561403508,v0
PS_qb0of3__EV_EBITDA_qb0of3__C20_FCF_P_DYN_ytdavg_gt_lyytdavg__v1,PS_qb0of3__EV_EBITDA_qb0of3,C20_FCF_P_DYN_ytdavg_gt_lyytdavg,0.2712891417260246,-0.5959514734723053,0.574866987585508,31.31118881118881,v1
PS_qb0of3__ROE_qb0of3__C10_EPS_DYN_qmax4__v0,PS_qb0of3__ROE_qb0of3,C10_EPS_DYN_qmax4,0.27122346216302295,-0.6655028844316895,0.5825169555388093,178.76282051282053,v0
PS_qb0of3__NETDEBT_EBITDA_qb0of3__C3_ROE_DYN_qmax4__v0,PS_qb0of3__NETDEBT_EBITDA_qb0of3,C3_ROE_DYN_qmax4,0.2711966792924878,-0.5177979964904521,0.5892617449664429,129.44871794871796,v0
P_IC_qb0of3__EV_EBITDA_qb0of3__C14_EPS_DYN_ytdavg_gt_lyavg__v1,P_IC_qb0of3__EV_EBITDA_qb0of3,C14_EPS_DYN_ytdavg_gt_lyavg,0.27117798047669894,-0.7187232911499702,0.5755903097209445,28.213333333333335,v1
P_IC_qb0of3__ACCRUAL_qb0of3__C4_ROE_DYN_qmax8__v1,P_IC_qb0of3__ACCRUAL_qb0of3,C4_ROE_DYN_qmax8,0.27108774078869335,-0.7049479288258323,0.5598211937943729,26.35576923076923,v1
EV_S_qb0of3__PB_qb0of3__C7_ROE_DYN_ytdavg_gt_lyavg__v0,EV_S_qb0of3__PB_qb0of3,C7_ROE_DYN_ytdavg_gt_lyavg,0.27094991382403744,-0.6443409689276498,0.5998942917547568,119.91333333333333,v0
PS_qb0of3__ROE_qb0of3__C4_ROE_DYN_qmax8__v0,PS_qb0of3__ROE_qb0of3,C4_ROE_DYN_qmax8,0.27093781822521823,-0.6700042332483584,0.5780465306959106,174.57371794871796,v0
PB_qb0of3__EPS_qb0of3__C4_ROE_DYN_qmax8__v1,PB_qb0of3__EPS_qb0of3,C4_ROE_DYN_qmax8,0.2708609378300948,-0.6374043689827135,0.5519396551724138,40.05448717948718,v1
P_IC_qb0of3__OCF_E_qb2of3__C14_EPS_DYN_ytdavg_gt_lyavg__v0,P_IC_qb0of3__OCF_E_qb2of3,C14_EPS_DYN_ytdavg_gt_lyavg,0.27085773327089857,-0.6028841735159572,0.5798172534264983,93.43333333333334,v0
P_IC_qb0of3__ROIC_qb2of3__C20_FCF_P_DYN_ytdavg_gt_lyytdavg__v0,P_IC_qb0of3__ROIC_qb2of3,C20_FCF_P_DYN_ytdavg_gt_lyytdavg,0.2707809128315726,-0.654577099286247,0.5570890840652447,22.38111888111888,v0
PS_qb0of3__NETDEBT_EBITDA_qb0of3__C20_FCF_P_DYN_ytdavg_gt_lyytdavg__v1,PS_qb0of3__NETDEBT_EBITDA_qb0of3,C20_FCF_P_DYN_ytdavg_gt_lyytdavg,0.2707628679956897,-0.5081629569119438,0.5652403592181722,16.38111888111888,v1
PS_qb0of3__FCF_P_qb0of3__C7_ROE_DYN_ytdavg_gt_lyavg__v1,PS_qb0of3__FCF_P_qb0of3,C7_ROE_DYN_ytdavg_gt_lyavg,0.2706439610996487,-0.6544297269023256,0.558700546799614,21.383333333333333,v1
EV_S_qb0of3__ROE_qb0of3__C20_FCF_P_DYN_ytdavg_gt_lyytdavg__v1,EV_S_qb0of3__ROE_qb0of3,C20_FCF_P_DYN_ytdavg_gt_lyytdavg,0.2706368362564815,-0.7036928112746009,0.5633484162895928,16.73076923076923,v1
PS_qb0of3__ROE_qb0of3__None__v0,PS_qb0of3__ROE_qb0of3,None,0.27061932472160555,-0.6683851624441639,0.5942584844258484,184.9551282051282,v0
PB_qb0of3__FCF_OI_qb0of3__C7_ROE_DYN_ytdavg_gt_lyavg__v0,PB_qb0of3__FCF_OI_qb0of3,C7_ROE_DYN_ytdavg_gt_lyavg,0.2706091401790951,-0.5128621544646024,0.5698909299655568,86.31666666666666,v0
VOL_qb2of3__PS_qb0of3__C14_EPS_DYN_ytdavg_gt_lyavg__v1,VOL_qb2of3__PS_qb0of3,C14_EPS_DYN_ytdavg_gt_lyavg,0.27056719072915936,-0.7407416219975311,0.541370486209838,28.583333333333332,v1
PS_qb0of3__ROE_qb0of3__C11_EPS_DYN_qmax8__v0,PS_qb0of3__ROE_qb0of3,C11_EPS_DYN_qmax8,0.2705543869593998,-0.6689757104916124,0.5777432712215321,175.35256410256412,v0
EV_S_qb0of3__DEBTRATIO_qb2of3__C4_ROE_DYN_qmax8__v0,EV_S_qb0of3__DEBTRATIO_qb2of3,C4_ROE_DYN_qmax8,0.2705241875366724,-0.670449017475244,0.589990186457311,149.0897435897436,v0
EV_S_qb0of3__ROE_qb0of3__C13_EPS_DYN_ytdavg_gt_lyytdavg__v1,EV_S_qb0of3__ROE_qb0of3,C13_EPS_DYN_ytdavg_gt_lyytdavg,0.27046276837986194,-0.5998131239135835,0.5480668756530825,14.182456140350878,v1
PS_qb0of3__NETDEBT_EBITDA_qb0of3__C17_FCF_P_DYN_qmax4__v0,PS_qb0of3__NETDEBT_EBITDA_qb0of3,C17_FCF_P_DYN_qmax4,0.2704533737421826,-0.5172540837366686,0.5940884476534296,129.43910256410257,v0
PS_qb0of3__EV_EBITDA_qb0of3__C17_FCF_P_DYN_qmax4__v1,PS_qb0of3__EV_EBITDA_qb0of3,C17_FCF_P_DYN_qmax4,0.2703939949855516,-0.5987312731401863,0.5745959090258904,60.42307692307692,v1
PS_qb0of3__EV_EBITDA_qb0of3__C18_FCF_P_DYN_qmax8__v1,PS_qb0of3__EV_EBITDA_qb0of3,C18_FCF_P_DYN_qmax8,0.27033392712594395,-0.5983577186340328,0.5727580372250423,59.50961538461539,v1
PS_qb0of3__EV_EBITDA_qb0of3__C10_EPS_DYN_qmax4__v1,PS_qb0of3__EV_EBITDA_qb0of3,C10_EPS_DYN_qmax4,0.27032052998093925,-0.593656275694074,0.5737917146144994,60.458333333333336,v1
P_IC_qb0of3__PB_qb0of3__C14_EPS_DYN_ytdavg_gt_lyavg__v0,P_IC_qb0of3__PB_qb0of3,C14_EPS_DYN_ytdavg_gt_lyavg,0.27029141785621813,-0.5668907423551204,0.6110516457051111,205.13333333333333,v0
PB_qb0of3__EPS_qb0of3__C3_ROE_DYN_qmax4__v1,PB_qb0of3__EPS_qb0of3,C3_ROE_DYN_qmax4,0.27023294898658223,-0.6328586634124634,0.5545454545454546,40.73717948717949,v1
PS_qb0of3__ROE_qb0of3__C3_ROE_DYN_qmax4__v0,PS_qb0of3__ROE_qb0of3,C3_ROE_DYN_qmax4,0.27022602816682784,-0.6666066786709082,0.5838156484458735,178.35256410256412,v0
PS_qb0of3__NETDEBT_EBITDA_qb0of3__C10_EPS_DYN_qmax4__v0,PS_qb0of3__NETDEBT_EBITDA_qb0of3,C10_EPS_DYN_qmax4,0.27021324132003266,-0.5187674151897381,0.5919762935947116,129.74679487179486,v0
P_IC_qb0of3__REV_G_qb0of3__C14_EPS_DYN_ytdavg_gt_lyavg__v0,P_IC_qb0of3__REV_G_qb0of3,C14_EPS_DYN_ytdavg_gt_lyavg,0.27010427324618025,-0.599577064790807,0.5892939547761883,106.14333333333333,v0
EV_S_qb0of3__DEBTRATIO_qb2of3__C11_EPS_DYN_qmax8__v0,EV_S_qb0of3__DEBTRATIO_qb2of3,C11_EPS_DYN_qmax8,0.26979735872508304,-0.6728084280714616,0.5902596095793923,149.62179487179486,v0
PS_qb0of3__ROIC_qb0of3__C11_EPS_DYN_qmax8__v1,PS_qb0of3__ROIC_qb0of3,C11_EPS_DYN_qmax8,0.26965290663287167,-0.7182780941640582,0.5397565397565398,31.618589743589745,v1
PS_qb0of3__NETDEBT_EBITDA_qb0of3__C11_EPS_DYN_qmax8__v0,PS_qb0of3__NETDEBT_EBITDA_qb0of3,C11_EPS_DYN_qmax8,0.269635016275412,-0.5205830504395179,0.5868622185498864,127.92307692307692,v0
P_IC_qb0of3__ACCRUAL_qb0of3__C11_EPS_DYN_qmax8__v1,P_IC_qb0of3__ACCRUAL_qb0of3,C11_EPS_DYN_qmax8,0.26958798289065244,-0.7015396533748055,0.5602631578947368,26.42948717948718,v1
PB_qb0of3__EPS_qb0of3__None__v1,PB_qb0of3__EPS_qb0of3,None,0.2694492240853352,-0.6494044704301146,0.5580182529335072,41.955128205128204,v1
PB_qb0of3__ROE_qb0of3__C13_EPS_DYN_ytdavg_gt_lyytdavg__v0,PB_qb0of3__ROE_qb0of3,C13_EPS_DYN_ytdavg_gt_lyytdavg,0.2693006812095571,-0.5860529990898908,0.5606103822019395,101.89122807017544,v0
PB_qb0of3__ACCRUAL_qb0of3__C20_FCF_P_DYN_ytdavg_gt_lyytdavg__v1,PB_qb0of3__ACCRUAL_qb0of3,C20_FCF_P_DYN_ytdavg_gt_lyytdavg,0.26923005847339954,-0.6821264276325494,0.5739038189533239,20.44055944055944,v1
PB_qb0of3__EPS_qb0of3__C11_EPS_DYN_qmax8__v1,PB_qb0of3__EPS_qb0of3,C11_EPS_DYN_qmax8,0.26906899925783256,-0.6393075325398889,0.5516045099739809,40.0,v1
EV_EBITDA_qb0of3__EV_S_qb0of3__C20_FCF_P_DYN_ytdavg_gt_lyytdavg__v0,EV_EBITDA_qb0of3__EV_S_qb0of3,C20_FCF_P_DYN_ytdavg_gt_lyytdavg,0.2689624918271969,-0.5974678419734318,0.5797298712176735,130.5874125874126,v0
EV_S_qb0of3__FCF_P_qb0of3__C4_ROE_DYN_qmax8__v0,EV_S_qb0of3__FCF_P_qb0of3,C4_ROE_DYN_qmax8,0.26878914746265425,-0.6214813877584184,0.5703945832360495,175.51923076923077,v0
PS_qb0of3__NETDEBT_EBITDA_qb0of3__C4_ROE_DYN_qmax8__v0,PS_qb0of3__NETDEBT_EBITDA_qb0of3,C4_ROE_DYN_qmax8,0.26876204435852413,-0.5210440984148803,0.5838845460012027,127.34615384615384,v0
PS_qb0of3__CROIC_qb0of3__C11_EPS_DYN_qmax8__v0,PS_qb0of3__CROIC_qb0of3,C11_EPS_DYN_qmax8,0.2687378693354623,-0.6230310404532032,0.5672055427251732,178.15384615384616,v0
EV_S_qb0of3__FCF_P_qb0of3__C14_EPS_DYN_ytdavg_gt_lyavg__v0,EV_S_qb0of3__FCF_P_qb0of3,C14_EPS_DYN_ytdavg_gt_lyavg,0.26873760454011375,-0.6241093864468533,0.5629349285801489,97.52666666666667,v0
PS_qb0of3__CROIC_qb0of3__C4_ROE_DYN_qmax8__v0,PS_qb0of3__CROIC_qb0of3,C4_ROE_DYN_qmax8,0.26872109566051816,-0.6234847375273735,0.5671092011357532,177.75,v0
PB_qb0of3__None__C14_EPS_DYN_ytdavg_gt_lyavg__v0,PB_qb0of3__None,C14_EPS_DYN_ytdavg_gt_lyavg,0.2686695517182405,-0.53715196800906,0.6014058106841612,302.24,v0
P_IC_qb0of3__EV_EBITDA_qb0of3__None__v1,P_IC_qb0of3__EV_EBITDA_qb0of3,None,0.26865130140314997,-0.6930983841012194,0.5873612939627609,49.00961538461539,v1
PS_qb0of3__PB_qb0of3__None__v1,PS_qb0of3__PB_qb0of3,None,0.2683617356850394,-0.6582142454306881,0.5887834632328024,64.78846153846153,v1
P_IC_qb0of3__ACCRUAL_qb0of3__C3_ROE_DYN_qmax4__v1,P_IC_qb0of3__ACCRUAL_qb0of3,C3_ROE_DYN_qmax4,0.26834684539871345,-0.6924275312612727,0.5614312023151802,26.96153846153846,v1
PS_qb0of3__NETDEBT_EBITDA_qb0of3__C18_FCF_P_DYN_qmax8__v0,PS_qb0of3__NETDEBT_EBITDA_qb0of3,C18_FCF_P_DYN_qmax8,0.2683414246025839,-0.5212611502408222,0.5892530022389578,127.44551282051282,v0
EV_S_qb0of3__FCF_P_qb0of3__C11_EPS_DYN_qmax8__v0,EV_S_qb0of3__FCF_P_qb0of3,C11_EPS_DYN_qmax8,0.26828704565170014,-0.6210989609375199,0.5706258779459966,175.93589743589743,v0
EV_S_qb0of3__DEBTRATIO_qb2of3__C17_FCF_P_DYN_qmax4__v0,EV_S_qb0of3__DEBTRATIO_qb2of3,C17_FCF_P_DYN_qmax4,0.2682860134555438,-0.6709035847613959,0.6020527175180779,151.8653846153846,v0
PB_qb0of3__DEBTRATIO_qb2of3__None__v0,PB_qb0of3__DEBTRATIO_qb2of3,None,0.2682282602009163,-0.611663250762474,0.6519189765458422,200.59294871794873,v0
PS_qb0of3__CROIC_qb0of3__C10_EPS_DYN_qmax4__v0,PS_qb0of3__CROIC_qb0of3,C10_EPS_DYN_qmax4,0.2681975913294403,-0.6248128022003357,0.5695053224796494,180.76602564102564,v0
PB_qb0of3__DEBTRATIO_qb2of3__C14_EPS_DYN_ytdavg_gt_lyavg__v0,PB_qb0of3__DEBTRATIO_qb2of3,C14_EPS_DYN_ytdavg_gt_lyavg,0.26817621959580173,-0.5873524830567873,0.6077970878346641,104.81,v0
EV_S_qb0of3__FCF_P_qb0of3__C3_ROE_DYN_qmax4__v0,EV_S_qb0of3__FCF_P_qb0of3,C3_ROE_DYN_qmax4,0.26815350119365466,-0.6242401223487609,0.5742001900538486,178.19551282051282,v0
PB_qb0of3__EPS_qb0of3__C18_FCF_P_DYN_qmax8__v1,PB_qb0of3__EPS_qb0of3,C18_FCF_P_DYN_qmax8,0.2680887158680678,-0.6431143074514778,0.5501611170784103,40.50961538461539,v1
PS_qb0of3__ACCRUAL_qb0of3__C14_EPS_DYN_ytdavg_gt_lyavg__v0,PS_qb0of3__ACCRUAL_qb0of3,C14_EPS_DYN_ytdavg_gt_lyavg,0.26799713192498875,-0.5930459621596736,0.5682855115076548,107.12666666666667,v0
PS_qb0of3__PB_qb0of3__C14_EPS_DYN_ytdavg_gt_lyavg__v1,PS_qb0of3__PB_qb0of3,C14_EPS_DYN_ytdavg_gt_lyavg,0.26790260978518976,-0.6302447352892,0.5782703886152162,35.056666666666665,v1
EV_S_qb0of3__FCF_P_qb0of3__C10_EPS_DYN_qmax4__v0,EV_S_qb0of3__FCF_P_qb0of3,C10_EPS_DYN_qmax4,0.2677889498679331,-0.6240672409749932,0.5743178934010152,178.44230769230768,v0
P_IC_qb0of3__PB_qb0of3__C6_ROE_DYN_ytdavg_gt_lyytdavg__v0,P_IC_qb0of3__PB_qb0of3,C6_ROE_DYN_ytdavg_gt_lyytdavg,0.26769126498673956,-0.5835070322164775,0.5987629951309383,175.24475524475525,v0
PS_qb0of3__CROIC_qb0of3__C18_FCF_P_DYN_qmax8__v0,PS_qb0of3__CROIC_qb0of3,C18_FCF_P_DYN_qmax8,0.2676736017402206,-0.6304616200858697,0.5692141590190484,173.85897435897436,v0
PB_qb0of3__DEBTRATIO_qb2of3__C4_ROE_DYN_qmax8__v0,PB_qb0of3__DEBTRATIO_qb2of3,C4_ROE_DYN_qmax8,0.267657821240197,-0.6139671947738483,0.6109028960817717,192.15064102564102,v0
PS_qb0of3__CROIC_qb0of3__C3_ROE_DYN_qmax4__v0,PS_qb0of3__CROIC_qb0of3,C3_ROE_DYN_qmax4,0.26761832857677104,-0.6253701240866776,0.5694422746445867,180.55128205128204,v0
P_IC_qb0of3__ACCRUAL_qb0of3__C10_EPS_DYN_qmax4__v1,P_IC_qb0of3__ACCRUAL_qb0of3,C10_EPS_DYN_qmax4,0.26757077601953494,-0.6911393300952202,0.5616294349540079,27.01923076923077,v1
PB_qb0of3__NETDEBT_EBITDA_qb0of3__None__v0,PB_qb0of3__NETDEBT_EBITDA_qb0of3,None,0.26745873747440063,-0.5723732311279466,0.6103730199284619,147.55769230769232,v0
PS_qb0of3__NETDEBT_EBITDA_qb0of3__None__v0,PS_qb0of3__NETDEBT_EBITDA_qb0of3,None,0.26745436241062004,-0.5137129178683187,0.6030216202135973,136.59294871794873,v0
PS_qb0of3__PB_qb0of3__C17_FCF_P_DYN_qmax4__v1,PS_qb0of3__PB_qb0of3,C17_FCF_P_DYN_qmax4,0.26743674070092394,-0.6567477061883701,0.5873301686036995,63.25961538461539,v1
REVENUE_qb0of3__P_IC_qb1of3__C4_ROE_DYN_qmax8__v0,REVENUE_qb0of3__P_IC_qb1of3,C4_ROE_DYN_qmax8,0.2674320046758041,-0.4742447321064278,0.5550487248600456,134.75,v0
PB_qb0of3__DEBTRATIO_qb2of3__C18_FCF_P_DYN_qmax8__v0,PB_qb0of3__DEBTRATIO_qb2of3,C18_FCF_P_DYN_qmax8,0.26741509758718385,-0.6158102917672826,0.6184850590687978,192.30128205128204,v0
EV_S_qb0of3__DEBTRATIO_qb2of3__C18_FCF_P_DYN_qmax8__v0,EV_S_qb0of3__DEBTRATIO_qb2of3,C18_FCF_P_DYN_qmax8,0.2673390380342062,-0.668321660945586,0.5951895637994292,149.39423076923077,v0
PS_qb0of3__CROIC_qb0of3__C17_FCF_P_DYN_qmax4__v0,PS_qb0of3__CROIC_qb0of3,C17_FCF_P_DYN_qmax4,0.26726994198861487,-0.6309395811715601,0.5718541748333986,177.8653846153846,v0
PS_qb0of3__ROE_qb0of3__C13_EPS_DYN_ytdavg_gt_lyytdavg__v1,PS_qb0of3__ROE_qb0of3,C13_EPS_DYN_ytdavg_gt_lyytdavg,0.2672174438909045,-0.6995079096970782,0.5460301997077448,15.266666666666667,v1
PS_qb0of3__PB_qb0of3__C18_FCF_P_DYN_qmax8__v1,PS_qb0of3__PB_qb0of3,C18_FCF_P_DYN_qmax8,0.26719735605114336,-0.6552847050537276,0.5828525641025641,62.3525641025641,v1
PS_qb0of3__EV_EBITDA_qb0of3__C4_ROE_DYN_qmax8__v1,PS_qb0of3__EV_EBITDA_qb0of3,C4_ROE_DYN_qmax8,0.2671613394864958,-0.5960737287064842,0.5727015558698727,59.32051282051282,v1
PB_qb0of3__CROIC_qb0of3__C7_ROE_DYN_ytdavg_gt_lyavg__v0,PB_qb0of3__CROIC_qb0of3,C7_ROE_DYN_ytdavg_gt_lyavg,0.2670790925004942,-0.5210734308338996,0.5671933995245421,87.41333333333333,v0
PS_qb0of3__FCF_P_qb0of3__C18_FCF_P_DYN_qmax8__v0,PS_qb0of3__FCF_P_qb0of3,C18_FCF_P_DYN_qmax8,0.2670758243436422,-0.6300931122522568,0.5679522497704316,177.54807692307693,v0
PB_qb0of3__DEBTRATIO_qb2of3__C3_ROE_DYN_qmax4__v0,PB_qb0of3__DEBTRATIO_qb2of3,C3_ROE_DYN_qmax4,0.26707123671485955,-0.6096862031694071,0.6253476360746921,195.4102564102564,v0
REVENUE_qb0of3__P_IC_qb1of3__C3_ROE_DYN_qmax4__v0,REVENUE_qb0of3__P_IC_qb1of3,C3_ROE_DYN_qmax4,0.26696714575683855,-0.47223594592875906,0.5564695420186749,136.20192307692307,v0
P_IC_qb0of3__EV_EBITDA_qb0of3__C18_FCF_P_DYN_qmax8__v1,P_IC_qb0of3__EV_EBITDA_qb0of3,C18_FCF_P_DYN_qmax8,0.26695827059944155,-0.6936982347478915,0.5786393562545721,47.24679487179487,v1
PS_qb0of3__EV_EBITDA_qb0of3__C14_EPS_DYN_ytdavg_gt_lyavg__v1,PS_qb0of3__EV_EBITDA_qb0of3,C14_EPS_DYN_ytdavg_gt_lyavg,0.2666544574814922,-0.5991515657762713,0.5704035874439461,37.84,v1
PB_qb0of3__EPS_qb0of3__C10_EPS_DYN_qmax4__v1,PB_qb0of3__EPS_qb0of3,C10_EPS_DYN_qmax4,0.2666488881655127,-0.6318368225831477,0.5540334855403348,40.73717948717949,v1
PB_qb0of3__DEBTRATIO_qb2of3__C10_EPS_DYN_qmax4__v0,PB_qb0of3__DEBTRATIO_qb2of3,C10_EPS_DYN_qmax4,0.26664371327738356,-0.6120052019844295,0.620633631194151,195.77564102564102,v0
EV_S_qb0of3__PB_qb0of3__C13_EPS_DYN_ytdavg_gt_lyytdavg__v0,EV_S_qb0of3__PB_qb0of3,C13_EPS_DYN_ytdavg_gt_lyytdavg,0.26662132624907,-0.609560723733213,0.5873252008330854,130.0701754385965,v0
VOL_qb2of3__PS_qb0of3__C7_ROE_DYN_ytdavg_gt_lyavg__v1,VOL_qb2of3__PS_qb0of3,C7_ROE_DYN_ytdavg_gt_lyavg,0.2665893926709537,-0.7578677078745009,0.5380228136882129,25.333333333333332,v1
P_IC_qb0of3__ROE_qb0of3__C4_ROE_DYN_qmax8__v0,P_IC_qb0of3__ROE_qb0of3,C4_ROE_DYN_qmax8,0.26655277991655724,-0.6953145526414021,0.582212811011117,173.2596153846154,v0
PB_qb0of3__NETDEBT_EBITDA_qb0of3__C14_EPS_DYN_ytdavg_gt_lyavg__v0,PB_qb0of3__NETDEBT_EBITDA_qb0of3,C14_EPS_DYN_ytdavg_gt_lyavg,0.2665031136767291,-0.5650548161010425,0.580226456779895,77.96666666666667,v0
PB_qb0of3__ACCRUAL_qb0of3__C18_FCF_P_DYN_qmax8__v1,PB_qb0of3__ACCRUAL_qb0of3,C18_FCF_P_DYN_qmax8,0.2664747725521861,-0.6120427741458707,0.5620316402997502,35.080128205128204,v1
REVENUE_qb0of3__P_IC_qb1of3__C11_EPS_DYN_qmax8__v0,REVENUE_qb0of3__P_IC_qb1of3,C11_EPS_DYN_qmax8,0.26642048230255977,-0.47312369795156495,0.5563039360134708,135.06089743589743,v0
PB_qb0of3__NETDEBT_EBITDA_qb0of3__C4_ROE_DYN_qmax8__v0,PB_qb0of3__NETDEBT_EBITDA_qb0of3,C4_ROE_DYN_qmax8,0.26633866564099185,-0.5860855308158598,0.5956421537816886,136.05448717948718,v0
EV_S_qb0of3__OCF_E_qb0of3__C4_ROE_DYN_qmax8__v0,EV_S_qb0of3__OCF_E_qb0of3,C4_ROE_DYN_qmax8,0.2663199351099079,-0.6127514252468307,0.5707627776914712,175.76923076923077,v0
EV_S_qb0of3__ROIC_qb0of3__C6_ROE_DYN_ytdavg_gt_lyytdavg__v0,EV_S_qb0of3__ROIC_qb0of3,C6_ROE_DYN_ytdavg_gt_lyytdavg,0.2662796596056134,-0.6872064681708903,0.547233631311911,52.49650349650349,v0
PB_qb0of3__REV_G_qb0of3__C7_ROE_DYN_ytdavg_gt_lyavg__v0,PB_qb0of3__REV_G_qb0of3,C7_ROE_DYN_ytdavg_gt_lyavg,0.2662325664323937,-0.6120977452520234,0.5819981149858624,96.41666666666667,v0
EV_S_qb0of3__CROIC_qb0of3__None__v0,EV_S_qb0of3__CROIC_qb0of3,None,0.26619282682343415,-0.62434552230306,0.5772964300040112,184.36858974358975,v0
PB_qb0of3__NETDEBT_EBITDA_qb0of3__C11_EPS_DYN_qmax8__v0,PB_qb0of3__NETDEBT_EBITDA_qb0of3,C11_EPS_DYN_qmax8,0.2661852477165998,-0.5851717502160061,0.5950907150480256,136.43910256410257,v0
PS_qb0of3__FCF_P_qb0of3__C17_FCF_P_DYN_qmax4__v0,PS_qb0of3__FCF_P_qb0of3,C17_FCF_P_DYN_qmax4,0.26613784391044826,-0.6306739248908622,0.570772702513423,181.60897435897436,v0
PS_qb0of3__EV_EBITDA_qb0of3__C3_ROE_DYN_qmax4__v1,PS_qb0of3__EV_EBITDA_qb0of3,C3_ROE_DYN_qmax4,0.2661118951699919,-0.5917695308966413,0.5737023229136794,60.32692307692308,v1
PB_qb0of3__ACCRUAL_qb0of3__None__v1,PB_qb0of3__ACCRUAL_qb0of3,None,0.26602802595666386,-0.6135104947429357,0.5658392932267564,36.00961538461539,v1
PB_qb0of3__FCF_OI_qb0of3__C6_ROE_DYN_ytdavg_gt_lyytdavg__v0,PB_qb0of3__FCF_OI_qb0of3,C6_ROE_DYN_ytdavg_gt_lyytdavg,0.2659735585234799,-0.5589143468392304,0.5687482096820395,83.33916083916084,v0
PB_qb0of3__NETDEBT_EBITDA_qb0of3__C3_ROE_DYN_qmax4__v0,PB_qb0of3__NETDEBT_EBITDA_qb0of3,C3_ROE_DYN_qmax4,0.26592544279224195,-0.5831519231820246,0.6017198461190315,137.60256410256412,v0
P_IC_qb0of3__ROE_qb0of3__C11_EPS_DYN_qmax8__v0,P_IC_qb0of3__ROE_qb0of3,C11_EPS_DYN_qmax8,0.26591304402836013,-0.6946598298346187,0.5807519760734886,173.90384615384616,v0
PS_qb0of3__ACCRUAL_qb0of3__C7_ROE_DYN_ytdavg_gt_lyavg__v0,PS_qb0of3__ACCRUAL_qb0of3,C7_ROE_DYN_ytdavg_gt_lyavg,0.2658880680798159,-0.6429414373474025,0.5636261891438165,94.19666666666667,v0
VOL_qb2of3__EV_S_qb0of3__C6_ROE_DYN_ytdavg_gt_lyytdavg__v0,VOL_qb2of3__EV_S_qb0of3,C6_ROE_DYN_ytdavg_gt_lyytdavg,0.2655845863234172,-0.6205535716588614,0.5497916367294151,100.12587412587412,v0
P_IC_qb0of3__EV_EBITDA_qb0of3__C17_FCF_P_DYN_qmax4__v1,P_IC_qb0of3__EV_EBITDA_qb0of3,C17_FCF_P_DYN_qmax4,0.26556335743971204,-0.6961715952579013,0.5819899944413564,47.90064102564103,v1
PB_qb0of3__DEBTRATIO_qb2of3__C11_EPS_DYN_qmax8__v0,PB_qb0of3__DEBTRATIO_qb2of3,C11_EPS_DYN_qmax8,0.2655408654335232,-0.6176417617953898,0.6103253182461104,192.85256410256412,v0
PS_qb0of3__MOM_qb0of3__C20_FCF_P_DYN_ytdavg_gt_lyytdavg__v0,PS_qb0of3__MOM_qb0of3,C20_FCF_P_DYN_ytdavg_gt_lyytdavg,0.2655407697320824,-0.6538065764931916,0.5797611431008743,86.07692307692308,v0
PS_qb0of3__CROIC_qb0of3__C14_EPS_DYN_ytdavg_gt_lyavg__v0,PS_qb0of3__CROIC_qb0of3,C14_EPS_DYN_ytdavg_gt_lyavg,0.2654133191192505,-0.6250469151923668,0.5614334470989761,97.19,v0
PB_qb0of3__DEBTRATIO_qb2of3__C17_FCF_P_DYN_qmax4__v0,PB_qb0of3__DEBTRATIO_qb2of3,C17_FCF_P_DYN_qmax4,0.26528655318400696,-0.6191792341337525,0.6286231884057971,195.34935897435898,v0
EV_S_qb0of3__OCF_E_qb0of3__C18_FCF_P_DYN_qmax8__v0,EV_S_qb0of3__OCF_E_qb0of3,C18_FCF_P_DYN_qmax8,0.2652835254874859,-0.6152314678555888,0.5712387651426338,172.59615384615384,v0
REVENUE_qb0of3__P_IC_qb1of3__C10_EPS_DYN_qmax4__v0,REVENUE_qb0of3__P_IC_qb1of3,C10_EPS_DYN_qmax4,0.2652527150842845,-0.4719680049304046,0.5570980743394537,136.375,v0
VOL_qb2of3__MOM_qb0of3__C7_ROE_DYN_ytdavg_gt_lyavg__v0,VOL_qb2of3__MOM_qb0of3,C7_ROE_DYN_ytdavg_gt_lyavg,0.26523053102225536,-0.6508359013415067,0.5346603287779759,102.24,v0
PS_qb0of3__REV_G_qb0of3__C6_ROE_DYN_ytdavg_gt_lyytdavg__v0,PS_qb0of3__REV_G_qb0of3,C6_ROE_DYN_ytdavg_gt_lyytdavg,0.26511711790600123,-0.6310152761470051,0.5564488539172083,80.44055944055944,v0
EV_S_qb0of3__OCF_E_qb0of3__C3_ROE_DYN_qmax4__v0,EV_S_qb0of3__OCF_E_qb0of3,C3_ROE_DYN_qmax4,0.265104798743818,-0.61190536120311,0.572320088474603,178.37179487179486,v0
PS_qb0of3__ROIC_qb0of3__C10_EPS_DYN_qmax4__v1,PS_qb0of3__ROIC_qb0of3,C10_EPS_DYN_qmax4,0.2650998763897703,-0.7088230124817241,0.5416882444329363,32.31730769230769,v1
PB_qb0of3__NETDEBT_EBITDA_qb0of3__C10_EPS_DYN_qmax4__v0,PB_qb0of3__NETDEBT_EBITDA_qb0of3,C10_EPS_DYN_qmax4,0.265046823367461,-0.5844283766303131,0.6021554689291447,137.87820512820514,v0
PB_qb0of3__NETDEBT_EBITDA_qb0of3__C7_ROE_DYN_ytdavg_gt_lyavg__v0,PB_qb0of3__NETDEBT_EBITDA_qb0of3,C7_ROE_DYN_ytdavg_gt_lyavg,0.2649970966308679,-0.522488582702531,0.5857740585774058,68.58,v0
P_IC_qb0of3__ROE_qb0of3__C10_EPS_DYN_qmax4__v0,P_IC_qb0of3__ROE_qb0of3,C10_EPS_DYN_qmax4,0.2649669972574924,-0.6908341565736096,0.5848595848595849,177.00641025641025,v0
PS_qb0of3__ROIC_qb0of3__C6_ROE_DYN_ytdavg_gt_lyytdavg__v0,PS_qb0of3__ROIC_qb0of3,C6_ROE_DYN_ytdavg_gt_lyytdavg,0.26496535502937935,-0.7213130370628715,0.5464431354780245,56.95804195804196,v0
PS_qb0of3__PB_qb0of3__C11_EPS_DYN_qmax8__v1,PS_qb0of3__PB_qb0of3,C11_EPS_DYN_qmax8,0.26489546865785374,-0.655897932661428,0.5818356867779204,62.17307692307692,v1
REVENUE_qb0of3__MOM_qb0of3__C3_ROE_DYN_qmax4__v0,REVENUE_qb0of3__MOM_qb0of3,C3_ROE_DYN_qmax4,0.26481778577591575,-0.546141682781591,0.5568842921784098,206.32371794871796,v0
P_IC_qb0of3__ROIC_qb2of3__C10_EPS_DYN_qmax4__v0,P_IC_qb0of3__ROIC_qb2of3,C10_EPS_DYN_qmax4,0.2647516580486797,-0.5929985257073783,0.5612921038100497,43.2724358974359,v0
PB_qb0of3__EPS_qb0of3__C17_FCF_P_DYN_qmax4__v1,PB_qb0of3__EPS_qb0of3,C17_FCF_P_DYN_qmax4,0.264701651468767,-0.6464945116652778,0.5535214301098428,41.05128205128205,v1
EV_S_qb0of3__OCF_E_qb0of3__C11_EPS_DYN_qmax8__v0,EV_S_qb0of3__OCF_E_qb0of3,C11_EPS_DYN_qmax8,0.26467786290177275,-0.6125622675754101,0.5704236360794123,176.38782051282053,v0
EV_S_qb0of3__OCF_E_qb0of3__C10_EPS_DYN_qmax4__v0,EV_S_qb0of3__OCF_E_qb0of3,C10_EPS_DYN_qmax4,0.2646469216810692,-0.6108409380989943,0.5721085197524988,178.7596153846154,v0
REVENUE_qb0of3__MOM_qb0of3__C4_ROE_DYN_qmax8__v0,REVENUE_qb0of3__MOM_qb0of3,C4_ROE_DYN_qmax8,0.2645223704571762,-0.5524440029941076,0.555683637528018,204.18589743589743,v0
EV_S_qb0of3__ACCRUAL_qb0of3__C4_ROE_DYN_qmax8__v0,EV_S_qb0of3__ACCRUAL_qb0of3,C4_ROE_DYN_qmax8,0.26449435103051866,-0.5958364533584433,0.558986087287974,197.92948717948718,v0
EV_S_qb0of3__OCF_E_qb0of3__C17_FCF_P_DYN_qmax4__v0,EV_S_qb0of3__OCF_E_qb0of3,C17_FCF_P_DYN_qmax4,0.2644843244319597,-0.615706335547094,0.5732297200856395,176.11858974358975,v0
PS_qb0of3__PB_qb0of3__C10_EPS_DYN_qmax4__v1,PS_qb0of3__PB_qb0of3,C10_EPS_DYN_qmax4,0.26445042303126165,-0.6500573872779529,0.5859695131945583,63.16025641025641,v1
PS_qb0of3__FCF_P_qb0of3__C4_ROE_DYN_qmax8__v0,PS_qb0of3__FCF_P_qb0of3,C4_ROE_DYN_qmax8,0.26437372509647195,-0.6277375881339309,0.566321085531331,181.18589743589743,v0
P_IC_qb0of3__EV_EBITDA_qb0of3__C20_FCF_P_DYN_ytdavg_gt_lyytdavg__v1,P_IC_qb0of3__EV_EBITDA_qb0of3,C20_FCF_P_DYN_ytdavg_gt_lyytdavg,0.264338295480663,-0.7377529179670417,0.5938735177865613,24.402097902097903,v1
PS_qb0of3__OCF_E_qb0of3__C18_FCF_P_DYN_qmax8__v0,PS_qb0of3__OCF_E_qb0of3,C18_FCF_P_DYN_qmax8,0.2643229220373853,-0.6186099595969609,0.5668856135853892,171.35576923076923,v0
REVENUE_qb0of3__MOM_qb0of3__C10_EPS_DYN_qmax4__v0,REVENUE_qb0of3__MOM_qb0of3,C10_EPS_DYN_qmax4,0.264309680547536,-0.5497051731769054,0.5580686973428386,206.64423076923077,v0
PS_qb0of3__ROIC_qb0of3__C7_ROE_DYN_ytdavg_gt_lyavg__v1,PS_qb0of3__ROIC_qb0of3,C7_ROE_DYN_ytdavg_gt_lyavg,0.2643030641402009,-0.8630429501771165,0.5445724681625227,11.98,v1
PS_qb0of3__OCF_E_qb0of3__C4_ROE_DYN_qmax8__v0,PS_qb0of3__OCF_E_qb0of3,C4_ROE_DYN_qmax8,0.2642948310815538,-0.6164726721797953,0.5673849089608015,174.44551282051282,v0
PS_qb0of3__OCF_E_qb0of3__C10_EPS_DYN_qmax4__v0,PS_qb0of3__OCF_E_qb0of3,C10_EPS_DYN_qmax4,0.26422421963207365,-0.6133912732983569,0.5670925217674343,177.48397435897436,v0
PS_qb0of3__DEBTRATIO_qb0of3__C11_EPS_DYN_qmax8__v0,PS_qb0of3__DEBTRATIO_qb0of3,C11_EPS_DYN_qmax8,0.2641939280368908,-0.5211777993216155,0.6017632241813602,120.10897435897436,v0
REVENUE_qb0of3__MOM_qb0of3__C11_EPS_DYN_qmax8__v0,REVENUE_qb0of3__MOM_qb0of3,C11_EPS_DYN_qmax8,0.26419019548306144,-0.5545175402338545,0.5568269478014913,204.72756410256412,v0
P_IC_qb0of3__ROE_qb0of3__C18_FCF_P_DYN_qmax8__v0,P_IC_qb0of3__ROE_qb0of3,C18_FCF_P_DYN_qmax8,0.26410835424485346,-0.692314141002984,0.5823353293413174,175.94230769230768,v0
P_IC_qb0of3__ROE_qb0of3__C3_ROE_DYN_qmax4__v0,P_IC_qb0of3__ROE_qb0of3,C3_ROE_DYN_qmax4,0.2640872164019774,-0.6914971967351549,0.5862411660777385,176.63141025641025,v0
P_IC_qb0of3__EV_EBITDA_qb0of3__C11_EPS_DYN_qmax8__v1,P_IC_qb0of3__EV_EBITDA_qb0of3,C11_EPS_DYN_qmax8,0.2640816905760448,-0.6941211619178316,0.5812247891455812,47.24679487179487,v1
PS_qb0of3__DEBTRATIO_qb2of3__C14_EPS_DYN_ytdavg_gt_lyavg__v0,PS_qb0of3__DEBTRATIO_qb2of3,C14_EPS_DYN_ytdavg_gt_lyavg,0.2640560112077772,-0.6471630338492159,0.6030097498940229,118.81,v0
EV_S_qb0of3__ACCRUAL_qb0of3__C11_EPS_DYN_qmax8__v0,EV_S_qb0of3__ACCRUAL_qb0of3,C11_EPS_DYN_qmax8,0.26403636545464737,-0.5973794740862811,0.5597271800101988,198.60897435897436,v0
PS_qb0of3__OCF_E_qb0of3__C11_EPS_DYN_qmax8__v0,PS_qb0of3__OCF_E_qb0of3,C11_EPS_DYN_qmax8,0.26395852095732275,-0.6162825133590759,0.5659591509811774,175.08333333333334,v0
P_IC_qb0of3__ROIC_qb2of3__C3_ROE_DYN_qmax4__v0,P_IC_qb0of3__ROIC_qb2of3,C3_ROE_DYN_qmax4,0.2639059990652546,-0.5948922270851841,0.5610760362338731,43.11538461538461,v0
PB_qb0of3__NETDEBT_EBITDA_qb0of3__C18_FCF_P_DYN_qmax8__v0,PB_qb0of3__NETDEBT_EBITDA_qb0of3,C18_FCF_P_DYN_qmax8,0.263876102719536,-0.5831981338853687,0.5981248668229278,136.25320512820514,v0
PS_qb0of3__FCF_P_qb0of3__C11_EPS_DYN_qmax8__v0,PS_qb0of3__FCF_P_qb0of3,C11_EPS_DYN_qmax8,0.26382722914982626,-0.6272281998072742,0.5666972617408598,181.57692307692307,v0
REVENUE_qb0of3__P_IC_qb1of3__C13_EPS_DYN_ytdavg_gt_lyytdavg__v0,REVENUE_qb0of3__P_IC_qb1of3,C13_EPS_DYN_ytdavg_gt_lyytdavg,0.26379587701404206,-0.42616308355626864,0.5503033367037411,72.13684210526316,v0
P_IC_qb0of3__ROE_qb0of3__C17_FCF_P_DYN_qmax4__v0,P_IC_qb0of3__ROE_qb0of3,C17_FCF_P_DYN_qmax4,0.2637164923324544,-0.690959179527877,0.5864753642531421,178.38141025641025,v0
P_IC_qb0of3__ROIC_qb0of3__C11_EPS_DYN_qmax8__v0,P_IC_qb0of3__ROIC_qb0of3,C11_EPS_DYN_qmax8,0.2637045144634875,-0.6545102673358786,0.5888744890838401,230.32051282051282,v0
PS_qb0of3__OCF_E_qb2of3__C7_ROE_DYN_ytdavg_gt_lyavg__v0,PS_qb0of3__OCF_E_qb2of3,C7_ROE_DYN_ytdavg_gt_lyavg,0.2636918211305814,-0.5858742267291368,0.5697586318865678,116.26666666666667,v0
PB_qb0of3__CROIC_qb0of3__C6_ROE_DYN_ytdavg_gt_lyytdavg__v0,PB_qb0of3__CROIC_qb0of3,C6_ROE_DYN_ytdavg_gt_lyytdavg,0.2635788656389062,-0.5521432630545643,0.5652113265448458,84.32867132867133,v0
P_IC_qb0of3__EV_EBITDA_qb0of3__C10_EPS_DYN_qmax4__v1,P_IC_qb0of3__EV_EBITDA_qb0of3,C10_EPS_DYN_qmax4,0.263520650017381,-0.6878112376562676,0.5823584029712163,47.92948717948718,v1
PS_qb0of3__FCF_P_qb0of3__C3_ROE_DYN_qmax4__v0,PS_qb0of3__FCF_P_qb0of3,C3_ROE_DYN_qmax4,0.26346976715284165,-0.6296741039762845,0.5694767893184288,184.00320512820514,v0
EV_S_qb0of3__ACCRUAL_qb0of3__C3_ROE_DYN_qmax4__v0,EV_S_qb0of3__ACCRUAL_qb0of3,C3_ROE_DYN_qmax4,0.2633132005349279,-0.5930752773920593,0.5635143061982663,202.27243589743588,v0
VOL_qb2of3__P_IC_qb1of3__C14_EPS_DYN_ytdavg_gt_lyavg__v0,VOL_qb2of3__P_IC_qb1of3,C14_EPS_DYN_ytdavg_gt_lyavg,0.26330219102588037,-0.5494727380904001,0.53921007441328,93.74,v0
P_IC_qb0of3__ROIC_qb2of3__C17_FCF_P_DYN_qmax4__v0,P_IC_qb0of3__ROIC_qb2of3,C17_FCF_P_DYN_qmax4,0.2632994031607736,-0.5945822010290189,0.5589132242861103,42.52884615384615,v0
PS_qb0of3__FCF_P_qb0of3__C10_EPS_DYN_qmax4__v0,PS_qb0of3__FCF_P_qb0of3,C10_EPS_DYN_qmax4,0.26329164639351554,-0.6290996203584194,0.5695503345262175,184.20833333333334,v0
REVENUE_qb0of3__P_IC_qb1of3__None__v0,REVENUE_qb0of3__P_IC_qb1of3,None,0.2632856463559605,-0.47740439455023487,0.5634053367217281,138.96794871794873,v0
PS_qb0of3__OCF_E_qb0of3__C17_FCF_P_DYN_qmax4__v0,PS_qb0of3__OCF_E_qb0of3,C17_FCF_P_DYN_qmax4,0.26327078414085214,-0.6181425902001982,0.5685444480625204,174.8846153846154,v0
EV_S_qb0of3__FCF_P_qb0of3__None__v0,EV_S_qb0of3__FCF_P_qb0of3,None,0.263255974512552,-0.626852108104311,0.5785387381497221,182.60576923076923,v0
PS_qb0of3__DEBTRATIO_qb0of3__C10_EPS_DYN_qmax4__v0,PS_qb0of3__DEBTRATIO_qb0of3,C10_EPS_DYN_qmax4,0.2632228193861248,-0.5176394723587223,0.6084522809963616,121.6698717948718,v0
PS_qb0of3__NETDEBT_EBITDA_qb0of3__C3_ROE_DYN_qmax4__v1,PS_qb0of3__NETDEBT_EBITDA_qb0of3,C3_ROE_DYN_qmax4,0.26322084367781895,-0.506379621890649,0.5750535004585754,31.310897435897434,v1
VOL_qb2of3__PB_qb0of3__C6_ROE_DYN_ytdavg_gt_lyytdavg__v1,VOL_qb2of3__PB_qb0of3,C6_ROE_DYN_ytdavg_gt_lyytdavg,0.2632123661626493,-0.8250180745011592,0.5324514262091773,19.132867132867133,v1
PB_qb0of3__NETDEBT_EBITDA_qb0of3__C17_FCF_P_DYN_qmax4__v0,PB_qb0of3__NETDEBT_EBITDA_qb0of3,C17_FCF_P_DYN_qmax4,0.2631062078866917,-0.5826979673913647,0.6023378409351364,137.7403846153846,v0
PS_qb0of3__ROIC_qb0of3__C20_FCF_P_DYN_ytdavg_gt_lyytdavg__v0,PS_qb0of3__ROIC_qb0of3,C20_FCF_P_DYN_ytdavg_gt_lyytdavg,0.26308428563819963,-0.718769391528195,0.5647359454855196,77.34265734265735,v0
PB_qb0of3__REV_G_qb0of3__C11_EPS_DYN_qmax8__v0,PB_qb0of3__REV_G_qb0of3,C11_EPS_DYN_qmax8,0.26305754613584087,-0.6790217437487314,0.5850486526946108,218.7596153846154,v0
PS_qb0of3__FCF_P_qb0of3__C14_EPS_DYN_ytdavg_gt_lyavg__v0,PS_qb0of3__FCF_P_qb0of3,C14_EPS_DYN_ytdavg_gt_lyavg,0.26302732069044565,-0.6280368312638387,0.559645286686103,98.82333333333334,v0
P_IC_qb0of3__ROIC_qb2of3__C11_EPS_DYN_qmax8__v0,P_IC_qb0of3__ROIC_qb2of3,C11_EPS_DYN_qmax8,0.2629571078213706,-0.5931013524814992,0.5618892508143323,42.958333333333336,v0
P_IC_qb0of3__ROIC_qb2of3__C4_ROE_DYN_qmax8__v0,P_IC_qb0of3__ROIC_qb2of3,C4_ROE_DYN_qmax8,0.2629497833229839,-0.5899395510979344,0.5623149394347241,42.666666666666664,v0
EV_S_qb0of3__ACCRUAL_qb0of3__C10_EPS_DYN_qmax4__v0,EV_S_qb0of3__ACCRUAL_qb0of3,C10_EPS_DYN_qmax4,0.2629255865040474,-0.5936481253934967,0.5632138894328046,202.63782051282053,v0
PB_qb0of3__REV_G_qb0of3__C4_ROE_DYN_qmax8__v0,PB_qb0of3__REV_G_qb0of3,C4_ROE_DYN_qmax8,0.26288774702537276,-0.679004279024485,0.5865135235272323,218.32692307692307,v0
PB_qb0of3__REV_G_qb0of3__C18_FCF_P_DYN_qmax8__v0,PB_qb0of3__REV_G_qb0of3,C18_FCF_P_DYN_qmax8,0.26288033874150174,-0.6713059848802266,0.5874322049747522,219.08333333333334,v0
PS_qb0of3__ROIC_qb0of3__C18_FCF_P_DYN_qmax8__v1,PS_qb0of3__ROIC_qb0of3,C18_FCF_P_DYN_qmax8,0.26286204917021805,-0.7268549743399333,0.5387755102040817,32.28525641025641,v1
PS_qb0of3__ROIC_qb0of3__None__v1,PS_qb0of3__ROIC_qb0of3,None,0.26285310324042577,-0.7324645089427584,0.5481290322580645,33.64102564102564,v1
P_IC_qb0of3__ROE_qb0of3__None__v0,P_IC_qb0of3__ROE_qb0of3,None,0.26266155459050733,-0.6907241804006803,0.5982485604606526,182.96794871794873,v0
PS_qb0of3__FCF_P_qb2of3__C14_EPS_DYN_ytdavg_gt_lyavg__v0,PS_qb0of3__FCF_P_qb2of3,C14_EPS_DYN_ytdavg_gt_lyavg,0.2625982938287088,-0.5757379435246346,0.5762325947981435,152.00666666666666,v0
PB_qb0of3__ACCRUAL_qb0of3__C11_EPS_DYN_qmax8__v1,PB_qb0of3__ACCRUAL_qb0of3,C11_EPS_DYN_qmax8,0.26257137714888024,-0.6157110819136095,0.5623151668779045,34.2275641025641,v1
REVENUE_qb0of3__MOM_qb0of3__None__v0,REVENUE_qb0of3__MOM_qb0of3,None,0.262388694998801,-0.5521275911485682,0.5608598180139787,210.80769230769232,v0
P_IC_qb0of3__ROIC_qb0of3__C18_FCF_P_DYN_qmax8__v0,P_IC_qb0of3__ROIC_qb0of3,C18_FCF_P_DYN_qmax8,0.2623024553966107,-0.6497538577896336,0.5908774719268608,232.19871794871796,v0
VOL_qb2of3__P_IC_qb0of3__C13_EPS_DYN_ytdavg_gt_lyytdavg__v1,VOL_qb2of3__P_IC_qb0of3,C13_EPS_DYN_ytdavg_gt_lyytdavg,0.26227421086412384,-0.7044878155936446,0.5464362850971922,18.25263157894737,v1
PB_qb0of3__EPS_qb0of3__C13_EPS_DYN_ytdavg_gt_lyytdavg__v1,PB_qb0of3__EPS_qb0of3,C13_EPS_DYN_ytdavg_gt_lyytdavg,0.26224124964987827,-0.6333577720878943,0.5337962962962963,17.2,v1
PB_qb0of3__None__C5_ROE_DYN_yoy__v0,PB_qb0of3__None,C5_ROE_DYN_yoy,0.26222396397040026,-0.567687750695324,0.5611921369689283,16.447916666666668,v0
PS_qb0of3__OCF_E_qb0of3__C3_ROE_DYN_qmax4__v0,PS_qb0of3__OCF_E_qb0of3,C3_ROE_DYN_qmax4,0.2622165294195513,-0.6151165093155164,0.5680252815817195,177.1346153846154,v0
PS_qb0of3__DEBTRATIO_qb2of3__None__v0,PS_qb0of3__DEBTRATIO_qb2of3,None,0.26216964041035196,-0.6639243438300312,0.6559938524590164,221.91666666666666,v0
P_IC_qb0of3__ROIC_qb0of3__C4_ROE_DYN_qmax8__v0,P_IC_qb0of3__ROIC_qb0of3,C4_ROE_DYN_qmax8,0.2621612412523324,-0.6529185506486321,0.5897008337420304,229.82051282051282,v0
EV_EBITDA_qb0of3__EV_S_qb0of3__C19_FCF_P_DYN_yoy__v0,EV_EBITDA_qb0of3__EV_S_qb0of3,C19_FCF_P_DYN_yoy,0.26214652201528943,-0.5503836688913109,0.5658652218083305,10.054421768707483,v0
EV_EBITDA_qb0of3__EV_S_qb0of3__C13_EPS_DYN_ytdavg_gt_lyytdavg__v0,EV_EBITDA_qb0of3__EV_S_qb0of3,C13_EPS_DYN_ytdavg_gt_lyytdavg,0.262051599986437,-0.5891222251380045,0.5737493808816245,152.99649122807017,v0
VOL_qb2of3__MOM_qb0of3__C13_EPS_DYN_ytdavg_gt_lyytdavg__v0,VOL_qb2of3__MOM_qb0of3,C13_EPS_DYN_ytdavg_gt_lyytdavg,0.262037747658737,-0.6015533930816966,0.5359327217125383,116.57192982456141,v0
EV_S_qb0of3__DEBTRATIO_qb2of3__C7_ROE_DYN_ytdavg_gt_lyavg__v1,EV_S_qb0of3__DEBTRATIO_qb2of3,C7_ROE_DYN_ytdavg_gt_lyavg,0.26196854002053205,-0.6742058006067868,0.5772478887232986,19.30666666666667,v1
EV_S_qb0of3__ACCRUAL_qb0of3__None__v0,EV_S_qb0of3__ACCRUAL_qb0of3,None,0.2618628878173679,-0.587883983870366,0.5674742781281115,214.4198717948718,v0
MOM_qb0of3__REV_G_qb0of3__C14_EPS_DYN_ytdavg_gt_lyavg__v0,MOM_qb0of3__REV_G_qb0of3,C14_EPS_DYN_ytdavg_gt_lyavg,0.2618524517466163,-0.5761714946957763,0.5580651609034579,91.10666666666667,v0
PS_qb0of3__DEBTRATIO_qb2of3__C10_EPS_DYN_qmax4__v0,PS_qb0of3__DEBTRATIO_qb2of3,C10_EPS_DYN_qmax4,0.261782027504569,-0.665322144178271,0.6184258918720118,215.91666666666666,v0
PS_qb0of3__EV_S_qb1of3__C14_EPS_DYN_ytdavg_gt_lyavg__v0,PS_qb0of3__EV_S_qb1of3,C14_EPS_DYN_ytdavg_gt_lyavg,0.2615868788685578,-0.6359281962197199,0.5897435897435898,37.806666666666665,v0
PB_qb0of3__REV_G_qb0of3__C10_EPS_DYN_qmax4__v0,PB_qb0of3__REV_G_qb0of3,C10_EPS_DYN_qmax4,0.261572583352655,-0.6761819604589503,0.5919897405544047,221.95192307692307,v0
REVENUE_qb0of3__PB_qb0of3__C7_ROE_DYN_ytdavg_gt_lyavg__v1,REVENUE_qb0of3__PB_qb0of3,C7_ROE_DYN_ytdavg_gt_lyavg,0.2615320446593381,-0.612475536190773,0.5685823754789272,26.013333333333332,v1
EV_S_qb0of3__FCF_OI_qb0of3__C14_EPS_DYN_ytdavg_gt_lyavg__v0,EV_S_qb0of3__FCF_OI_qb0of3,C14_EPS_DYN_ytdavg_gt_lyavg,0.2612989925992444,-0.6103547605414621,0.5663566243194192,102.47,v0
PS_qb0of3__ROIC_qb0of3__C17_FCF_P_DYN_qmax4__v1,PS_qb0of3__ROIC_qb0of3,C17_FCF_P_DYN_qmax4,0.26115790930158567,-0.7256920706463579,0.5428790199081164,32.72115384615385,v1
PB_qb0of3__REV_G_qb0of3__C17_FCF_P_DYN_qmax4__v0,PB_qb0of3__REV_G_qb0of3,C17_FCF_P_DYN_qmax4,0.26111157926265416,-0.6743399393948599,0.593996062992126,222.15064102564102,v0
P_IC_qb0of3__ROIC_qb0of3__C10_EPS_DYN_qmax4__v0,P_IC_qb0of3__ROIC_qb0of3,C10_EPS_DYN_qmax4,0.26109296084459,-0.6501543011977314,0.5948168193172356,233.76923076923077,v0
PB_qb0of3__ACCRUAL_qb0of3__C4_ROE_DYN_qmax8__v1,PB_qb0of3__ACCRUAL_qb0of3,C4_ROE_DYN_qmax8,0.26108082531020016,-0.6147795432530936,0.5610219594594594,34.13461538461539,v1
PS_qb0of3__CROIC_qb0of3__None__v0,PS_qb0of3__CROIC_qb0of3,None,0.26105984945528315,-0.6277232159815556,0.5725984251968504,190.36217948717947,v0
PS_qb0of3__DEBTRATIO_qb0of3__C17_FCF_P_DYN_qmax4__v0,PS_qb0of3__DEBTRATIO_qb0of3,C17_FCF_P_DYN_qmax4,0.2609994497834882,-0.5159973523045545,0.6169680111265646,121.61538461538461,v0
PB_qb0of3__REV_G_qb0of3__C3_ROE_DYN_qmax4__v0,PB_qb0of3__REV_G_qb0of3,C3_ROE_DYN_qmax4,0.2609845593146445,-0.6764647274664594,0.5928501469147894,221.71153846153845,v0
PS_qb0of3__REV_G_qb0of3__C13_EPS_DYN_ytdavg_gt_lyytdavg__v0,PS_qb0of3__REV_G_qb0of3,C13_EPS_DYN_ytdavg_gt_lyytdavg,0.26097282739504224,-0.6087132374648574,0.5616293155663235,90.7578947368421,v0
PS_qb0of3__OCF_E_qb2of3__C11_EPS_DYN_qmax8__v0,PS_qb0of3__OCF_E_qb2of3,C11_EPS_DYN_qmax8,0.2609516468309947,-0.5793464698952928,0.5725630335517173,213.94230769230768,v0
PS_qb0of3__DEBTRATIO_qb2of3__C3_ROE_DYN_qmax4__v0,PS_qb0of3__DEBTRATIO_qb2of3,C3_ROE_DYN_qmax4,0.2609373073795198,-0.6671454645172926,0.6202668589974757,215.48397435897436,v0
PS_qb0of3__DEBTRATIO_qb2of3__C4_ROE_DYN_qmax8__v0,PS_qb0of3__DEBTRATIO_qb2of3,C4_ROE_DYN_qmax8,0.2609365407249178,-0.6712995070559892,0.6078189933815608,211.80128205128204,v0
PS_qb0of3__OCF_E_qb2of3__C17_FCF_P_DYN_qmax4__v0,PS_qb0of3__OCF_E_qb2of3,C17_FCF_P_DYN_qmax4,0.2608401658364312,-0.5718561597671342,0.579360165118679,220.13782051282053,v0
PS_qb0of3__NETDEBT_EBITDA_qb0of3__C10_EPS_DYN_qmax4__v1,PS_qb0of3__NETDEBT_EBITDA_qb0of3,C10_EPS_DYN_qmax4,0.2607593518937459,-0.507611064195562,0.5733620424484774,31.40705128205128,v1
PB_qb0of3__CROIC_qb2of3__C14_EPS_DYN_ytdavg_gt_lyavg__v0,PB_qb0of3__CROIC_qb2of3,C14_EPS_DYN_ytdavg_gt_lyavg,0.2606205787397,-0.5794111305731308,0.568830727396329,68.37333333333333,v0
VOL_qb2of3__PB_qb0of3__C13_EPS_DYN_ytdavg_gt_lyytdavg__v1,VOL_qb2of3__PB_qb0of3,C13_EPS_DYN_ytdavg_gt_lyytdavg,0.2605998181683915,-0.6137180019829042,0.5347651983982527,21.99298245614035,v1
P_IC_qb0of3__ROIC_qb0of3__C17_FCF_P_DYN_qmax4__v0,P_IC_qb0of3__ROIC_qb0of3,C17_FCF_P_DYN_qmax4,0.2604125340823604,-0.6503333925891694,0.596049896049896,234.93589743589743,v0
PS_qb0of3__OCF_E_qb2of3__C18_FCF_P_DYN_qmax8__v0,PS_qb0of3__OCF_E_qb2of3,C18_FCF_P_DYN_qmax8,0.26040969628722777,-0.5731258533275411,0.5773840885142255,217.61217948717947,v0
PS_qb0of3__DEBTRATIO_qb0of3__C18_FCF_P_DYN_qmax8__v0,PS_qb0of3__DEBTRATIO_qb0of3,C18_FCF_P_DYN_qmax8,0.26039994866298133,-0.5187258182810328,0.6121332670313276,119.9551282051282,v0
PS_qb0of3__OCF_E_qb2of3__C10_EPS_DYN_qmax4__v0,PS_qb0of3__OCF_E_qb2of3,C10_EPS_DYN_qmax4,0.26035536459341313,-0.5724503598576745,0.5747857340337296,217.85576923076923,v0
EV_S_qb0of3__FCF_OI_qb0of3__C18_FCF_P_DYN_qmax8__v0,EV_S_qb0of3__FCF_OI_qb0of3,C18_FCF_P_DYN_qmax8,0.2602909709044958,-0.6107189669568497,0.5726238532110092,178.27243589743588,v0
EV_S_qb0of3__FCF_OI_qb0of3__C17_FCF_P_DYN_qmax4__v0,EV_S_qb0of3__FCF_OI_qb0of3,C17_FCF_P_DYN_qmax4,0.2602856299614331,-0.6131843775865178,0.5747855277881387,182.38782051282053,v0
P_IC_qb0of3__MOM_qb0of3__C6_ROE_DYN_ytdavg_gt_lyytdavg__v0,P_IC_qb0of3__MOM_qb0of3,C6_ROE_DYN_ytdavg_gt_lyytdavg,0.2602793068453255,-0.6412552827197336,0.5755651511303023,72.34615384615384,v0
PB_qb0of3__ACCRUAL_qb0of3__C17_FCF_P_DYN_qmax4__v1,PB_qb0of3__ACCRUAL_qb0of3,C17_FCF_P_DYN_qmax4,0.2602745656794785,-0.6170901795893,0.5628004179728318,35.43589743589744,v1
PS_qb0of3__DEBTRATIO_qb2of3__C17_FCF_P_DYN_qmax4__v0,PS_qb0of3__DEBTRATIO_qb2of3,C17_FCF_P_DYN_qmax4,0.2602241831684171,-0.6673247698509969,0.6259754738015607,215.57692307692307,v0
PB_qb0of3__ROE_qb0of3__C4_ROE_DYN_qmax8__v0,PB_qb0of3__ROE_qb0of3,C4_ROE_DYN_qmax8,0.2602127313100504,-0.6593682968476224,0.5862622658340767,227.78205128205127,v0
REVENUE_qb0of3__P_IC_qb1of3__C17_FCF_P_DYN_qmax4__v0,REVENUE_qb0of3__P_IC_qb1of3,C17_FCF_P_DYN_qmax4,0.26020564024898896,-0.4826602876491727,0.5611494764981065,136.14423076923077,v0
PS_qb0of3__EV_S_qb1of3__C13_EPS_DYN_ytdavg_gt_lyytdavg__v0,PS_qb0of3__EV_S_qb1of3,C13_EPS_DYN_ytdavg_gt_lyytdavg,0.26015735835462594,-0.6141829294959054,0.5811103100216294,37.266666666666666,v0
EV_EBITDA_qb0of3__EV_S_qb0of3__None__v1,EV_EBITDA_qb0of3__EV_S_qb0of3,None,0.2601413937444097,-0.5860881549958425,0.5726590719644346,66.11538461538461,v1
EV_EBITDA_qb0of3__EV_S_qb0of3__C3_ROE_DYN_qmax4__v1,EV_EBITDA_qb0of3__EV_S_qb0of3,C3_ROE_DYN_qmax4,0.26013507817704373,-0.5789107092813226,0.5692496254936674,64.53205128205128,v1
PB_qb0of3__CROIC_qb2of3__C20_FCF_P_DYN_ytdavg_gt_lyytdavg__v0,PB_qb0of3__CROIC_qb2of3,C20_FCF_P_DYN_ytdavg_gt_lyytdavg,0.2601046111697014,-0.6281071329339375,0.5717626425021923,74.04195804195804,v0
PS_qb0of3__OCF_E_qb2of3__C3_ROE_DYN_qmax4__v0,PS_qb0of3__OCF_E_qb2of3,C3_ROE_DYN_qmax4,0.2600746119482955,-0.5730024313896374,0.5746684076695759,217.39102564102564,v0
PS_qb0of3__NETDEBT_EBITDA_qb0of3__C4_ROE_DYN_qmax8__v1,PS_qb0of3__NETDEBT_EBITDA_qb0of3,C4_ROE_DYN_qmax8,0.2600271229517013,-0.5078442043234159,0.5701465749326952,30.762820512820515,v1
PS_qb0of3__DEBTRATIO_qb2of3__C18_FCF_P_DYN_qmax8__v0,PS_qb0of3__DEBTRATIO_qb2of3,C18_FCF_P_DYN_qmax8,0.25994800732572965,-0.6669923918771561,0.6129546904913848,212.19230769230768,v0
PS_qb0of3__NETDEBT_EBITDA_qb0of3__C17_FCF_P_DYN_qmax4__v1,PS_qb0of3__NETDEBT_EBITDA_qb0of3,C17_FCF_P_DYN_qmax4,0.25994390003241996,-0.4961531335402113,0.5734932349323493,31.44551282051282,v1
PS_qb0of3__OCF_E_qb2of3__None__v0,PS_qb0of3__OCF_E_qb2of3,None,0.25989508506420633,-0.5670882656308281,0.5780405161848461,229.93269230769232,v0
PS_qb0of3__PB_qb0of3__C3_ROE_DYN_qmax4__v1,PS_qb0of3__PB_qb0of3,C3_ROE_DYN_qmax4,0.259875592394859,-0.6505144337020905,0.5846530612244898,63.0,v1
P_IC_qb0of3__ROIC_qb0of3__C14_EPS_DYN_ytdavg_gt_lyavg__v1,P_IC_qb0of3__ROIC_qb0of3,C14_EPS_DYN_ytdavg_gt_lyavg,0.25986017258803495,-0.5982930222780473,0.558007355399532,25.316666666666666,v1
PS_qb0of3__ACCRUAL_qb0of3__C20_FCF_P_DYN_ytdavg_gt_lyytdavg__v0,PS_qb0of3__ACCRUAL_qb0of3,C20_FCF_P_DYN_ytdavg_gt_lyytdavg,0.25984315016714565,-0.6063028273736546,0.5660412409437117,118.43356643356644,v0
PS_qb0of3__OCF_E_qb2of3__C4_ROE_DYN_qmax8__v0,PS_qb0of3__OCF_E_qb2of3,C4_ROE_DYN_qmax8,0.2598112851371326,-0.5800910447866828,0.5717844499803331,213.09294871794873,v0
EV_EBITDA_qb0of3__EV_S_qb0of3__C4_ROE_DYN_qmax8__v1,EV_EBITDA_qb0of3__EV_S_qb0of3,C4_ROE_DYN_qmax8,0.25970034372625883,-0.5832981761626128,0.5686485035565696,63.5224358974359,v1
P_IC_qb0of3__ROIC_qb0of3__C6_ROE_DYN_ytdavg_gt_lyytdavg__v0,P_IC_qb0of3__ROIC_qb0of3,C6_ROE_DYN_ytdavg_gt_lyytdavg,0.2596183520730122,-0.6029439493951941,0.5849678589088512,91.82167832167832,v0
REVENUE_qb0of3__P_IC_qb1of3__C18_FCF_P_DYN_qmax8__v0,REVENUE_qb0of3__P_IC_qb1of3,C18_FCF_P_DYN_qmax8,0.2595395447408333,-0.4870168951422601,0.5599833089922804,134.72756410256412,v0
P_IC_qb0of3__EV_EBITDA_qb0of3__C13_EPS_DYN_ytdavg_gt_lyytdavg__v1,P_IC_qb0of3__EV_EBITDA_qb0of3,C13_EPS_DYN_ytdavg_gt_lyytdavg,0.2595247734651953,-0.6543607769804427,0.5741198270537369,27.326315789473686,v1
PS_qb0of3__NETDEBT_EBITDA_qb0of3__C11_EPS_DYN_qmax8__v1,PS_qb0of3__NETDEBT_EBITDA_qb0of3,C11_EPS_DYN_qmax8,0.25947944089169805,-0.5096228321816487,0.5696622436670687,30.92628205128205,v1
PS_qb0of3__DEBTRATIO_qb0of3__C3_ROE_DYN_qmax4__v0,PS_qb0of3__DEBTRATIO_qb0of3,C3_ROE_DYN_qmax4,0.2594497720194662,-0.5183934371476783,0.6052921719955898,121.44871794871794,v0
PS_qb0of3__DEBTRATIO_qb2of3__C11_EPS_DYN_qmax8__v0,PS_qb0of3__DEBTRATIO_qb2of3,C11_EPS_DYN_qmax8,0.25944129699575225,-0.672242697919009,0.6062954761151534,212.55128205128204,v0
PS_qb0of3__FCF_P_qb0of3__None__v0,PS_qb0of3__FCF_P_qb0of3,None,0.25940619605950865,-0.6319568961291071,0.5739207331779081,188.66346153846155,v0
PS_qb0of3__DEBTRATIO_qb0of3__None__v0,PS_qb0of3__DEBTRATIO_qb0of3,None,0.2593996362704869,-0.5189147650125004,0.6241450068399452,124.39102564102564,v0
PB_qb0of3__ROE_qb0of3__C11_EPS_DYN_qmax8__v0,PB_qb0of3__ROE_qb0of3,C11_EPS_DYN_qmax8,0.25935700736139133,-0.6587145423339942,0.5871384391486265,229.18910256410257,v0
EV_S_qb0of3__ACCRUAL_qb0of3__C18_FCF_P_DYN_qmax8__v0,EV_S_qb0of3__ACCRUAL_qb0of3,C18_FCF_P_DYN_qmax8,0.2593439138268365,-0.5892680175962437,0.5651320372364005,203.72115384615384,v0
PS_qb0of3__PB_qb0of3__C4_ROE_DYN_qmax8__v1,PS_qb0of3__PB_qb0of3,C4_ROE_DYN_qmax8,0.2593391753896952,-0.6564901790522785,0.5806709265175719,61.958333333333336,v1
PS_qb0of3__NETDEBT_EBITDA_qb2of3__C13_EPS_DYN_ytdavg_gt_lyytdavg__v0,PS_qb0of3__NETDEBT_EBITDA_qb2of3,C13_EPS_DYN_ytdavg_gt_lyytdavg,0.2592332509680273,-0.6397404993439455,0.5835201793721974,93.55087719298245,v0
PS_qb0of3__FCF_P_qb2of3__C7_ROE_DYN_ytdavg_gt_lyavg__v0,PS_qb0of3__FCF_P_qb2of3,C7_ROE_DYN_ytdavg_gt_lyavg,0.2592306211697135,-0.6288676463897196,0.5705275229357798,133.6,v0
EV_S_qb0of3__ROIC_qb0of3__C13_EPS_DYN_ytdavg_gt_lyytdavg__v1,EV_S_qb0of3__ROIC_qb0of3,C13_EPS_DYN_ytdavg_gt_lyytdavg,0.2591959873123886,-0.6881045306883692,0.541405269761606,12.217543859649123,v1
P_IC_qb0of3__ROIC_qb0of3__C3_ROE_DYN_qmax4__v0,P_IC_qb0of3__ROIC_qb0of3,C3_ROE_DYN_qmax4,0.25914335563254753,-0.6500139205166895,0.595862920654523,233.44551282051282,v0
EV_EBITDA_qb0of3__EV_S_qb0of3__C10_EPS_DYN_qmax4__v1,EV_EBITDA_qb0of3__EV_S_qb0of3,C10_EPS_DYN_qmax4,0.259026996874536,-0.5796743429838511,0.5689890710382514,64.69551282051282,v1
VOL_qb2of3__P_IC_qb0of3__C6_ROE_DYN_ytdavg_gt_lyytdavg__v1,VOL_qb2of3__P_IC_qb0of3,C6_ROE_DYN_ytdavg_gt_lyytdavg,0.25901953217034146,-0.7356247419331543,0.5467836257309941,16.083916083916083,v1
P_IC_qb0of3__FCF_P_qb0of3__C7_ROE_DYN_ytdavg_gt_lyavg__v0,P_IC_qb0of3__FCF_P_qb0of3,C7_ROE_DYN_ytdavg_gt_lyavg,0.2590192670020699,-0.5927782058894988,0.5822666250390259,75.82333333333334,v0
EV_S_qb0of3__REV_G_qb2of3__C11_EPS_DYN_qmax8__v0,EV_S_qb0of3__REV_G_qb2of3,C11_EPS_DYN_qmax8,0.2588859370052996,-0.5480353490166576,0.5639023180860295,150.58333333333334,v0
PB_qb0of3__ROE_qb0of3__C10_EPS_DYN_qmax4__v0,PB_qb0of3__ROE_qb0of3,C10_EPS_DYN_qmax4,0.2588297251399718,-0.6565836066989061,0.5908133971291866,232.98397435897436,v0
EV_S_qb0of3__ACCRUAL_qb0of3__C17_FCF_P_DYN_qmax4__v0,EV_S_qb0of3__ACCRUAL_qb0of3,C17_FCF_P_DYN_qmax4,0.25881297844212403,-0.5920211159562492,0.5666341463414634,205.74358974358975,v0
PS_qb0of3__ROE_qb0of3__C7_ROE_DYN_ytdavg_gt_lyavg__v1,PS_qb0of3__ROE_qb0of3,C7_ROE_DYN_ytdavg_gt_lyavg,0.2585823222729886,-0.8299364780691244,0.5587301587301587,13.066666666666666,v1
PB_qb0of3__ACCRUAL_qb0of3__C3_ROE_DYN_qmax4__v1,PB_qb0of3__ACCRUAL_qb0of3,C3_ROE_DYN_qmax4,0.2585665237631647,-0.6073264851535629,0.5605996621621622,34.77884615384615,v1
P_IC_qb0of3__PS_qb0of3__None__v1,P_IC_qb0of3__PS_qb0of3,None,0.25843722884271414,-0.7191369747537362,0.5830975954738331,63.6025641025641,v1
PS_qb0of3__NETDEBT_EBITDA_qb0of3__None__v1,PS_qb0of3__NETDEBT_EBITDA_qb0of3,None,0.25841689843582927,-0.501232695420391,0.5755758914484065,32.10576923076923,v1
PS_qb0of3__DEBTRATIO_qb0of3__C4_ROE_DYN_qmax8__v0,PS_qb0of3__DEBTRATIO_qb0of3,C4_ROE_DYN_qmax8,0.25840469058534254,-0.5228563959644317,0.5969965534219597,119.71153846153847,v0
VOL_qb2of3__PS_qb0of3__C13_EPS_DYN_ytdavg_gt_lyytdavg__v1,VOL_qb2of3__PS_qb0of3,C13_EPS_DYN_ytdavg_gt_lyytdavg,0.2583921575016688,-0.6786180160851989,0.5382593457943925,28.23859649122807,v1
EV_S_qb0of3__REV_G_qb2of3__C10_EPS_DYN_qmax4__v0,EV_S_qb0of3__REV_G_qb2of3,C10_EPS_DYN_qmax4,0.2583905061057461,-0.5454414884667083,0.5662153449387491,152.38782051282053,v0
PS_qb0of3__NETDEBT_EBITDA_qb0of3__C18_FCF_P_DYN_qmax8__v1,PS_qb0of3__NETDEBT_EBITDA_qb0of3,C18_FCF_P_DYN_qmax8,0.2583847490081348,-0.4960926813054072,0.5704394942805538,30.92628205128205,v1
EV_S_qb0of3__ROIC_qb0of3__C20_FCF_P_DYN_ytdavg_gt_lyytdavg__v0,EV_S_qb0of3__ROIC_qb0of3,C20_FCF_P_DYN_ytdavg_gt_lyytdavg,0.25832866944114086,-0.7436370481473799,0.5619452662721893,69.45454545454545,v0
EV_S_qb0of3__REV_G_qb2of3__C18_FCF_P_DYN_qmax8__v0,EV_S_qb0of3__REV_G_qb2of3,C18_FCF_P_DYN_qmax8,0.25827987788008744,-0.5482760347892817,0.5664249723485314,149.92628205128204,v0
PS_qb0of3__OCF_E_qb0of3__None__v0,PS_qb0of3__OCF_E_qb0of3,None,0.25819623576113093,-0.6174409652538821,0.5706557377049181,187.6602564102564,v0
PB_qb0of3__REV_G_qb0of3__None__v0,PB_qb0of3__REV_G_qb0of3,None,0.25815283895445806,-0.6682351589008066,0.6002727082022237,238.47115384615384,v0
EV_S_qb0of3__OCF_E_qb0of3__None__v0,EV_S_qb0of3__OCF_E_qb0of3,None,0.2580871066389079,-0.6159464637152938,0.5754935656622172,188.30128205128204,v0
EV_S_qb0of3__REV_G_qb2of3__C17_FCF_P_DYN_qmax4__v0,EV_S_qb0of3__REV_G_qb2of3,C17_FCF_P_DYN_qmax4,0.2580517908189093,-0.5468513596009363,0.5683628887175534,151.98717948717947,v0
EV_EBITDA_qb0of3__EV_S_qb0of3__C11_EPS_DYN_qmax8__v1,EV_EBITDA_qb0of3__EV_S_qb0of3,C11_EPS_DYN_qmax8,0.25801644502001775,-0.5820844946282936,0.568206374932469,63.80769230769231,v1
PS_qb0of3__FCF_OI_qb0of3__C14_EPS_DYN_ytdavg_gt_lyavg__v0,PS_qb0of3__FCF_OI_qb0of3,C14_EPS_DYN_ytdavg_gt_lyavg,0.25796758023507804,-0.6135678347877007,0.5633565490900921,103.85,v0
PS_qb0of3__ROE_qb0of3__None__v1,PS_qb0of3__ROE_qb0of3,None,0.2579630028968498,-0.6918083951283965,0.5595611285266457,38.2275641025641,v1
PS_qb0of3__FCF_OI_qb0of3__C17_FCF_P_DYN_qmax4__v0,PS_qb0of3__FCF_OI_qb0of3,C17_FCF_P_DYN_qmax4,0.2579043572882642,-0.6169215838202791,0.5717734855136084,188.19230769230768,v0
PB_qb0of3__ROE_qb0of3__C3_ROE_DYN_qmax4__v0,PB_qb0of3__ROE_qb0of3,C3_ROE_DYN_qmax4,0.2578971603733695,-0.657140011536435,0.5914651493598863,232.25641025641025,v0
P_IC_qb0of3__EV_S_qb0of3__C13_EPS_DYN_ytdavg_gt_lyytdavg__v0,P_IC_qb0of3__EV_S_qb0of3,C13_EPS_DYN_ytdavg_gt_lyytdavg,0.25783146548435676,-0.6560498102053635,0.5878882526461913,117.88070175438597,v0
EV_S_qb0of3__REV_G_qb2of3__C3_ROE_DYN_qmax4__v0,EV_S_qb0of3__REV_G_qb2of3,C3_ROE_DYN_qmax4,0.25780263285946825,-0.5448209284818633,0.5654450261780105,151.97756410256412,v0
PS_qb0of3__FCF_OI_qb0of3__C18_FCF_P_DYN_qmax8__v0,PS_qb0of3__FCF_OI_qb0of3,C18_FCF_P_DYN_qmax8,0.2577670057577339,-0.6162105225554464,0.5694973754224492,183.88141025641025,v0
PS_qb0of3__ROE_qb2of3__None__v0,PS_qb0of3__ROE_qb2of3,None,0.25769526459019176,-0.5371156899197,0.5792682926829268,196.88141025641025,v0
EV_S_qb0of3__PB_qb0of3__C6_ROE_DYN_ytdavg_gt_lyytdavg__v0,EV_S_qb0of3__PB_qb0of3,C6_ROE_DYN_ytdavg_gt_lyytdavg,0.2576889027981144,-0.6385822427325483,0.5941905894343469,114.46153846153847,v0
P_IC_qb0of3__ROE_qb0of3__C6_ROE_DYN_ytdavg_gt_lyytdavg__v1,P_IC_qb0of3__ROE_qb0of3,C6_ROE_DYN_ytdavg_gt_lyytdavg,0.25766748502808645,-0.607342708384121,0.5664939550949913,12.821678321678322,v1
PS_qb0of3__DEBTRATIO_qb2of3__C7_ROE_DYN_ytdavg_gt_lyavg__v0,PS_qb0of3__DEBTRATIO_qb2of3,C7_ROE_DYN_ytdavg_gt_lyavg,0.25766650879922426,-0.6621803282981578,0.5939833113746157,103.15666666666667,v0
PB_qb0of3__ROE_qb0of3__C18_FCF_P_DYN_qmax8__v0,PB_qb0of3__ROE_qb0of3,C18_FCF_P_DYN_qmax8,0.257615978913319,-0.65650355288826,0.5884319927699955,230.61858974358975,v0
PS_qb0of3__ROE_qb2of3__C3_ROE_DYN_qmax4__v0,PS_qb0of3__ROE_qb2of3,C3_ROE_DYN_qmax4,0.2576078282961878,-0.5386940587094744,0.5777244359097455,192.99679487179486,v0
EV_EBITDA_qb0of3__EV_S_qb0of3__C17_FCF_P_DYN_qmax4__v1,EV_EBITDA_qb0of3__EV_S_qb0of3,C17_FCF_P_DYN_qmax4,0.2575887934417791,-0.5847653069690593,0.569195214790647,64.63461538461539,v1
EV_S_qb0of3__REV_G_qb2of3__C4_ROE_DYN_qmax8__v0,EV_S_qb0of3__REV_G_qb2of3,C4_ROE_DYN_qmax8,0.2575675931451493,-0.5471872013255731,0.5621799561082663,149.87820512820514,v0
PS_qb0of3__ROIC_qb0of3__C20_FCF_P_DYN_ytdavg_gt_lyytdavg__v1,PS_qb0of3__ROIC_qb0of3,C20_FCF_P_DYN_ytdavg_gt_lyytdavg,0.2575460171878112,-0.8304399592790217,0.5610561056105611,16.56993006993007,v1
P_IC_qb0of3__ROIC_qb2of3__C18_FCF_P_DYN_qmax8__v0,P_IC_qb0of3__ROIC_qb2of3,C18_FCF_P_DYN_qmax8,0.2574121054596603,-0.5995140869982776,0.556434023991276,41.782051282051285,v0
P_IC_qb0of3__EV_EBITDA_qb0of3__C4_ROE_DYN_qmax8__v1,P_IC_qb0of3__EV_EBITDA_qb0of3,C4_ROE_DYN_qmax8,0.2574037923510957,-0.6924369869573952,0.5805509943440977,47.083333333333336,v1
P_IC_qb0of3__FCF_P_qb0of3__C14_EPS_DYN_ytdavg_gt_lyavg__v0,P_IC_qb0of3__FCF_P_qb0of3,C14_EPS_DYN_ytdavg_gt_lyavg,0.2573884352428657,-0.6000149405100954,0.5837837837837838,86.79,v0
EV_S_qb0of3__FCF_OI_qb0of3__C10_EPS_DYN_qmax4__v0,EV_S_qb0of3__FCF_OI_qb0of3,C10_EPS_DYN_qmax4,0.2573802503746123,-0.6111847402667823,0.5741002905893748,185.00320512820514,v0
P_IC_qb0of3__PS_qb0of3__C17_FCF_P_DYN_qmax4__v1,P_IC_qb0of3__PS_qb0of3,C17_FCF_P_DYN_qmax4,0.25737270528585166,-0.7153330104064766,0.5788223315798405,61.993589743589745,v1
P_IC_qb0of3__ROE_qb0of3__C6_ROE_DYN_ytdavg_gt_lyytdavg__v0,P_IC_qb0of3__ROE_qb0of3,C6_ROE_DYN_ytdavg_gt_lyytdavg,0.25734129358674296,-0.6472175782994178,0.562257998777257,60.32867132867133,v0
PB_qb0of3__ROE_qb0of3__None__v0,PB_qb0of3__ROE_qb0of3,None,0.25732858527987745,-0.6567154259576323,0.602054722717266,239.69551282051282,v0
PS_qb0of3__ROE_qb2of3__C10_EPS_DYN_qmax4__v0,PS_qb0of3__ROE_qb2of3,C10_EPS_DYN_qmax4,0.25731028575518833,-0.5409059268561621,0.5769830442408888,193.32051282051282,v0
PS_qb0of3__PB_qb0of3__C7_ROE_DYN_ytdavg_gt_lyavg__v1,PS_qb0of3__PB_qb0of3,C7_ROE_DYN_ytdavg_gt_lyavg,0.2572867997888486,-0.6664175787821295,0.5802322119678476,31.446666666666665,v1
P_IC_qb0of3__PS_qb0of3__C18_FCF_P_DYN_qmax8__v1,P_IC_qb0of3__PS_qb0of3,C18_FCF_P_DYN_qmax8,0.2572038720491312,-0.7160543951491364,0.5744997519431123,61.01923076923077,v1
EV_S_qb0of3__FCF_OI_qb0of3__C3_ROE_DYN_qmax4__v0,EV_S_qb0of3__FCF_OI_qb0of3,C3_ROE_DYN_qmax4,0.2571978869215408,-0.6104985295427346,0.5737985418836483,184.71153846153845,v0
PS_qb0of3__EV_S_qb1of3__C20_FCF_P_DYN_ytdavg_gt_lyytdavg__v0,PS_qb0of3__EV_S_qb1of3,C20_FCF_P_DYN_ytdavg_gt_lyytdavg,0.25719001277664666,-0.6457486654208229,0.5857452966714906,36.51748251748252,v0
EV_S_qb0of3__FCF_OI_qb0of3__C11_EPS_DYN_qmax8__v0,EV_S_qb0of3__FCF_OI_qb0of3,C11_EPS_DYN_qmax8,0.25709420203083333,-0.6084654240459173,0.571491292258159,182.24358974358975,v0
P_IC_qb0of3__PS_qb0of3__C11_EPS_DYN_qmax8__v1,P_IC_qb0of3__PS_qb0of3,C11_EPS_DYN_qmax8,0.2569071514817205,-0.7195098746880202,0.5769867549668874,60.80769230769231,v1
PB_qb0of3__ROE_qb0of3__C17_FCF_P_DYN_qmax4__v0,PB_qb0of3__ROE_qb0of3,C17_FCF_P_DYN_qmax4,0.25690122057143494,-0.6573785863194068,0.5927234530175707,233.98717948717947,v0
P_IC_qb0of3__PS_qb0of3__C7_ROE_DYN_ytdavg_gt_lyavg__v1,P_IC_qb0of3__PS_qb0of3,C7_ROE_DYN_ytdavg_gt_lyavg,0.2568971336788721,-0.6965410787172333,0.5801431683784625,30.906666666666666,v1
EV_S_qb0of3__FCF_OI_qb0of3__C4_ROE_DYN_qmax8__v0,EV_S_qb0of3__FCF_OI_qb0of3,C4_ROE_DYN_qmax8,0.2568577825434939,-0.6079172045195738,0.5708445871961457,181.7596153846154,v0
REVENUE_qb0of3__MOM_qb0of3__C17_FCF_P_DYN_qmax4__v0,REVENUE_qb0of3__MOM_qb0of3,C17_FCF_P_DYN_qmax4,0.2566106433607698,-0.5487534076492038,0.5562961045683965,206.43910256410257,v0
PS_qb0of3__CROIC_qb0of3__C7_ROE_DYN_ytdavg_gt_lyavg__v0,PS_qb0of3__CROIC_qb0of3,C7_ROE_DYN_ytdavg_gt_lyavg,0.25647930204952485,-0.5928090354745172,0.5598826353694318,85.19666666666667,v0
PS_qb0of3__FCF_P_qb0of3__C7_ROE_DYN_ytdavg_gt_lyavg__v0,PS_qb0of3__FCF_P_qb0of3,C7_ROE_DYN_ytdavg_gt_lyavg,0.2564741630225553,-0.6008445744599736,0.557344332091538,86.65666666666667,v0
EV_EBITDA_qb0of3__MOM_qb0of3__C7_ROE_DYN_ytdavg_gt_lyavg__v0,EV_EBITDA_qb0of3__MOM_qb0of3,C7_ROE_DYN_ytdavg_gt_lyavg,0.2563225864547922,-0.6574678941636299,0.5479313824419778,87.06333333333333,v0
P_IC_qb0of3__PB_qb0of3__C13_EPS_DYN_ytdavg_gt_lyytdavg__v0,P_IC_qb0of3__PB_qb0of3,C13_EPS_DYN_ytdavg_gt_lyytdavg,0.2562871446032673,-0.5573387803188046,0.599283402681461,199.73333333333332,v0
EV_EBITDA_qb0of3__MOM_qb0of3__C20_FCF_P_DYN_ytdavg_gt_lyytdavg__v0,EV_EBITDA_qb0of3__MOM_qb0of3,C20_FCF_P_DYN_ytdavg_gt_lyytdavg,0.25627566642240884,-0.6802814677987856,0.5506302521008404,89.3951048951049,v0
PS_qb0of3__ROE_qb2of3__C4_ROE_DYN_qmax8__v0,PS_qb0of3__ROE_qb2of3,C4_ROE_DYN_qmax8,0.25626138606360116,-0.5387687063536968,0.5750335570469799,190.27243589743588,v0
PS_qb0of3__REV_G_qb2of3__C18_FCF_P_DYN_qmax8__v0,PS_qb0of3__REV_G_qb2of3,C18_FCF_P_DYN_qmax8,0.25625538395529723,-0.5532970578849122,0.5686152312102705,148.18269230769232,v0
EV_S_qb0of3__REV_G_qb2of3__None__v0,EV_S_qb0of3__REV_G_qb2of3,None,0.25623793624239943,-0.5472746388528893,0.5689189189189189,160.72435897435898,v0
PS_qb0of3__ROE_qb0of3__C18_FCF_P_DYN_qmax8__v1,PS_qb0of3__ROE_qb0of3,C18_FCF_P_DYN_qmax8,0.2562357946748317,-0.6819950830733297,0.5543212619417908,36.618589743589745,v1
EV_EBITDA_qb0of3__EV_S_qb0of3__C18_FCF_P_DYN_qmax8__v1,EV_EBITDA_qb0of3__EV_S_qb0of3,C18_FCF_P_DYN_qmax8,0.25623493827439603,-0.586253594672486,0.5672883402656649,63.67948717948718,v1
PS_qb0of3__OCF_E_qb2of3__C13_EPS_DYN_ytdavg_gt_lyytdavg__v0,PS_qb0of3__OCF_E_qb2of3,C13_EPS_DYN_ytdavg_gt_lyytdavg,0.256202152795608,-0.5276871648678793,0.5697663418787248,131.17894736842106,v0
PB_qb0of3__None__C7_ROE_DYN_ytdavg_gt_lyavg__v0,PB_qb0of3__None,C7_ROE_DYN_ytdavg_gt_lyavg,0.2561357696480093,-0.5466195475695581,0.5994114762138303,264.38,v0
PB_qb0of3__NETDEBT_EBITDA_qb0of3__C6_ROE_DYN_ytdavg_gt_lyytdavg__v0,PB_qb0of3__NETDEBT_EBITDA_qb0of3,C6_ROE_DYN_ytdavg_gt_lyytdavg,0.2560872941535566,-0.5483563653760826,0.5853728764756695,65.8041958041958,v0
PB_qb0of3__ACCRUAL_qb0of3__C10_EPS_DYN_qmax4__v1,PB_qb0of3__ACCRUAL_qb0of3,C10_EPS_DYN_qmax4,0.2560423462883896,-0.6094226107506048,0.560970464135021,34.87820512820513,v1
PS_qb0of3__ROE_qb2of3__C11_EPS_DYN_qmax8__v0,PS_qb0of3__ROE_qb2of3,C11_EPS_DYN_qmax8,0.2560113208323458,-0.5434058488054835,0.5751604032997251,190.88782051282053,v0
P_IC_qb0of3__EV_EBITDA_qb0of3__C3_ROE_DYN_qmax4__v1,P_IC_qb0of3__EV_EBITDA_qb0of3,C3_ROE_DYN_qmax4,0.2558014482802926,-0.6881107276595392,0.5820674323823638,47.82371794871795,v1
PS_qb0of3__FCF_OI_qb0of3__C11_EPS_DYN_qmax8__v0,PS_qb0of3__FCF_OI_qb0of3,C11_EPS_DYN_qmax8,0.2557719700527694,-0.6144826743757824,0.5676314658260496,188.03846153846155,v0
P_IC_qb0of3__PS_qb0of3__C10_EPS_DYN_qmax4__v1,P_IC_qb0of3__PS_qb0of3,C10_EPS_DYN_qmax4,0.255766233596205,-0.7124635320314676,0.5794122643111942,61.89102564102564,v1
PS_qb0of3__FCF_OI_qb0of3__C10_EPS_DYN_qmax4__v0,PS_qb0of3__FCF_OI_qb0of3,C10_EPS_DYN_qmax4,0.2557589119158099,-0.6161012673116905,0.5701350857977364,190.92628205128204,v0
MOM_qb0of3__REV_G_qb0of3__C13_EPS_DYN_ytdavg_gt_lyytdavg__v0,MOM_qb0of3__REV_G_qb0of3,C13_EPS_DYN_ytdavg_gt_lyytdavg,0.2556770970195361,-0.5839248348764274,0.5539836919147264,89.81754385964912,v0
P_IC_qb0of3__OCF_E_qb2of3__C13_EPS_DYN_ytdavg_gt_lyytdavg__v0,P_IC_qb0of3__OCF_E_qb2of3,C13_EPS_DYN_ytdavg_gt_lyytdavg,0.2556457116023707,-0.6116796631773622,0.5735632183908046,91.31929824561404,v0
P_IC_qb0of3__EV_S_qb0of3__C6_ROE_DYN_ytdavg_gt_lyytdavg__v0,P_IC_qb0of3__EV_S_qb0of3,C6_ROE_DYN_ytdavg_gt_lyytdavg,0.2555277458425953,-0.6895698873939994,0.5946104276508495,103.84615384615384,v0
PS_qb0of3__FCF_OI_qb0of3__C4_ROE_DYN_qmax8__v0,PS_qb0of3__FCF_OI_qb0of3,C4_ROE_DYN_qmax8,0.2555116712909111,-0.6141986115635575,0.5670714285714286,187.5801282051282,v0
P_IC_qb0of3__ROIC_qb0of3__None__v0,P_IC_qb0of3__ROIC_qb0of3,None,0.25547946647063147,-0.6464024807970841,0.6033966033966034,250.25,v0
PS_qb0of3__REV_G_qb2of3__C17_FCF_P_DYN_qmax4__v0,PS_qb0of3__REV_G_qb2of3,C17_FCF_P_DYN_qmax4,0.25541795903182685,-0.5530896698886488,0.5703616352201258,150.2852564102564,v0
PS_qb0of3__FCF_OI_qb0of3__C3_ROE_DYN_qmax4__v0,PS_qb0of3__FCF_OI_qb0of3,C3_ROE_DYN_qmax4,0.2553202480933583,-0.6159947395153027,0.5698360655737705,190.67628205128204,v0
PS_qb0of3__ROE_qb0of3__C17_FCF_P_DYN_qmax4__v1,PS_qb0of3__ROE_qb0of3,C17_FCF_P_DYN_qmax4,0.25526858076111436,-0.6820345131333747,0.557165143748607,37.18269230769231,v1
VOL_qb2of3__EV_S_qb0of3__C14_EPS_DYN_ytdavg_gt_lyavg__v1,VOL_qb2of3__EV_S_qb0of3,C14_EPS_DYN_ytdavg_gt_lyavg,0.2551827588940785,-0.66701348591424,0.5335778781038375,28.706666666666667,v1
VOL_qb2of3__EV_S_qb0of3__C13_EPS_DYN_ytdavg_gt_lyytdavg__v1,VOL_qb2of3__EV_S_qb0of3,C13_EPS_DYN_ytdavg_gt_lyytdavg,0.2551318714225801,-0.5915152883648312,0.5391958345386173,28.378947368421052,v1
PS_qb0of3__ROE_qb0of3__C11_EPS_DYN_qmax8__v1,PS_qb0of3__ROE_qb0of3,C11_EPS_DYN_qmax8,0.2551109551691064,-0.6856360747888994,0.5523660013455932,36.01282051282051,v1
PS_qb0of3__NETDEBT_EBITDA_qb2of3__C18_FCF_P_DYN_qmax8__v0,PS_qb0of3__NETDEBT_EBITDA_qb2of3,C18_FCF_P_DYN_qmax8,0.25505502249628154,-0.6771990597343693,0.6072108843537415,187.72435897435898,v0
PB_qb0of3__OCF_E_qb0of3__C4_ROE_DYN_qmax8__v0,PB_qb0of3__OCF_E_qb0of3,C4_ROE_DYN_qmax8,0.2549896631375457,-0.6218082612178184,0.5789397345710349,216.3846153846154,v0
PS_qb0of3__FCF_P_qb2of3__None__v0,PS_qb0of3__FCF_P_qb2of3,None,0.2549527360051831,-0.5835757514685854,0.5850980901649994,264.7916666666667,v0
P_IC_qb1of3__DEBTRATIO_qb0of3__C14_EPS_DYN_ytdavg_gt_lyavg__v0,P_IC_qb1of3__DEBTRATIO_qb0of3,C14_EPS_DYN_ytdavg_gt_lyavg,0.25491984301220727,-0.49889039424787884,0.5623456790123457,66.12666666666667,v0
PS_qb0of3__FCF_P_qb2of3__C18_FCF_P_DYN_qmax8__v0,PS_qb0of3__FCF_P_qb2of3,C18_FCF_P_DYN_qmax8,0.2547471390536973,-0.582821334860274,0.5799325659806999,258.1955128205128,v0
PS_qb0of3__PB_qb0of3__C13_EPS_DYN_ytdavg_gt_lyytdavg__v1,PS_qb0of3__PB_qb0of3,C13_EPS_DYN_ytdavg_gt_lyytdavg,0.25473863348099424,-0.5458960893451237,0.5730780061954379,33.8140350877193,v1
PS_qb0of3__ROE_qb2of3__C17_FCF_P_DYN_qmax4__v0,PS_qb0of3__ROE_qb2of3,C17_FCF_P_DYN_qmax4,0.2547124506561156,-0.537565405335406,0.5783284742468416,191.27243589743588,v0
PS_qb0of3__REV_G_qb2of3__C11_EPS_DYN_qmax8__v0,PS_qb0of3__REV_G_qb2of3,C11_EPS_DYN_qmax8,0.2546829262172392,-0.5562546103263151,0.5636614766449021,148.73397435897436,v0
PS_qb0of3__FCF_P_qb2of3__C17_FCF_P_DYN_qmax4__v0,PS_qb0of3__FCF_P_qb2of3,C17_FCF_P_DYN_qmax4,0.2546524262612062,-0.5830462527631833,0.5840756226140702,260.74038461538464,v0
REVENUE_qb0of3__PB_qb0of3__C14_EPS_DYN_ytdavg_gt_lyavg__v1,REVENUE_qb0of3__PB_qb0of3,C14_EPS_DYN_ytdavg_gt_lyavg,0.2546506223728333,-0.4549030555977175,0.5625,29.156666666666666,v1
P_IC_qb0of3__OCF_E_qb2of3__C6_ROE_DYN_ytdavg_gt_lyytdavg__v0,P_IC_qb0of3__OCF_E_qb2of3,C6_ROE_DYN_ytdavg_gt_lyytdavg,0.2546010194037891,-0.6551037415995249,0.5714074512123004,78.8951048951049,v0
PS_qb0of3__NETDEBT_EBITDA_qb2of3__C17_FCF_P_DYN_qmax4__v0,PS_qb0of3__NETDEBT_EBITDA_qb2of3,C17_FCF_P_DYN_qmax4,0.254561943901233,-0.6775597042689752,0.6182899628252788,190.73397435897436,v0
REVENUE_qb0of3__MOM_qb0of3__C18_FCF_P_DYN_qmax8__v0,REVENUE_qb0of3__MOM_qb0of3,C18_FCF_P_DYN_qmax8,0.2545418098584551,-0.550810152563415,0.555021470230084,204.51602564102564,v0
PB_qb0of3__OCF_E_qb0of3__C11_EPS_DYN_qmax8__v0,PB_qb0of3__OCF_E_qb0of3,C11_EPS_DYN_qmax8,0.25436116997547065,-0.6233247337592207,0.5790288114361506,217.44230769230768,v0
PB_qb0of3__OCF_E_qb0of3__C10_EPS_DYN_qmax4__v0,PB_qb0of3__OCF_E_qb0of3,C10_EPS_DYN_qmax4,0.25435300439258235,-0.6181572436457008,0.5814076824001818,220.29807692307693,v0
MOM_qb0of3__REV_G_qb0of3__C6_ROE_DYN_ytdavg_gt_lyytdavg__v0,MOM_qb0of3__REV_G_qb0of3,C6_ROE_DYN_ytdavg_gt_lyytdavg,0.2543090353376376,-0.6039593114770491,0.5473599816744932,77.21678321678321,v0
PS_qb0of3__ROE_qb0of3__C10_EPS_DYN_qmax4__v1,PS_qb0of3__ROE_qb0of3,C10_EPS_DYN_qmax4,0.254266114693088,-0.6748654605988582,0.5544309491677912,36.78846153846154,v1
REVENUE_qb0of3__MOM_qb0of3__C13_EPS_DYN_ytdavg_gt_lyytdavg__v0,REVENUE_qb0of3__MOM_qb0of3,C13_EPS_DYN_ytdavg_gt_lyytdavg,0.2541945881263228,-0.5107766046552227,0.5554468043456984,106.69473684210526,v0
PS_qb0of3__EV_S_qb1of3__C7_ROE_DYN_ytdavg_gt_lyavg__v0,PS_qb0of3__EV_S_qb1of3,C7_ROE_DYN_ytdavg_gt_lyavg,0.25407635634425585,-0.6318989026051561,0.5810260586319218,34.373333333333335,v0
FCF_P_qb2of3__MOM_qb0of3__C7_ROE_DYN_ytdavg_gt_lyavg__v0,FCF_P_qb2of3__MOM_qb0of3,C7_ROE_DYN_ytdavg_gt_lyavg,0.2540759783468578,-0.5617972117577854,0.5722738799661876,76.69,v0
PB_qb0of3__CROIC_qb2of3__C6_ROE_DYN_ytdavg_gt_lyytdavg__v0,PB_qb0of3__CROIC_qb2of3,C6_ROE_DYN_ytdavg_gt_lyytdavg,0.25404504307997344,-0.5661058935458061,0.5691324554608831,53.29370629370629,v0
PS_qb0of3__REV_G_qb2of3__C4_ROE_DYN_qmax8__v0,PS_qb0of3__REV_G_qb2of3,C4_ROE_DYN_qmax8,0.25387199460930043,-0.5543416576698297,0.5630563798219584,148.08333333333334,v0
PS_qb0of3__EV_S_qb1of3__C18_FCF_P_DYN_qmax8__v0,PS_qb0of3__EV_S_qb1of3,C18_FCF_P_DYN_qmax8,0.25383303223141684,-0.610940947165793,0.5894501119681513,70.11538461538461,v0
REVENUE_qb0of3__PB_qb0of3__C18_FCF_P_DYN_qmax8__v1,REVENUE_qb0of3__PB_qb0of3,C18_FCF_P_DYN_qmax8,0.25381692975688885,-0.5362747382353708,0.5692875760208514,48.80128205128205,v1
PS_qb0of3__REV_G_qb2of3__C10_EPS_DYN_qmax4__v0,PS_qb0of3__REV_G_qb2of3,C10_EPS_DYN_qmax4,0.2537641863028939,-0.5549795630889323,0.5656790770844258,150.6153846153846,v0
PS_qb0of3__ROE_qb2of3__C7_ROE_DYN_ytdavg_gt_lyavg__v0,PS_qb0of3__ROE_qb2of3,C7_ROE_DYN_ytdavg_gt_lyavg,0.25370275576220114,-0.5896539323714061,0.5694260777572071,120.71333333333334,v0
P_IC_qb0of3__PB_qb0of3__C18_FCF_P_DYN_qmax8__v0,P_IC_qb0of3__PB_qb0of3,C18_FCF_P_DYN_qmax8,0.2536545444017486,-0.6297947161756827,0.6271098145446968,369.32371794871796,v0
PS_qb0of3__ACCRUAL_qb0of3__None__v1,PS_qb0of3__ACCRUAL_qb0of3,None,0.25362734912286133,-0.5943907505780073,0.5607918451765401,50.53846153846154,v1
PS_qb0of3__FCF_P_qb2of3__C10_EPS_DYN_qmax4__v0,PS_qb0of3__FCF_P_qb2of3,C10_EPS_DYN_qmax4,0.25353374521901095,-0.585870828426962,0.5785264178380999,257.6025641025641,v0
PS_qb0of3__CROIC_qb0of3__C14_EPS_DYN_ytdavg_gt_lyavg__v1,PS_qb0of3__CROIC_qb0of3,C14_EPS_DYN_ytdavg_gt_lyavg,0.25348139405905723,-0.6533132102414336,0.5593519882179676,23.723333333333333,v1
EV_S_qb0of3__ROE_qb0of3__C11_EPS_DYN_qmax8__v1,EV_S_qb0of3__ROE_qb0of3,C11_EPS_DYN_qmax8,0.25347814666561885,-0.6759836103831327,0.5514723777074714,32.92948717948718,v1
P_IC_qb0of3__PS_qb0of3__C14_EPS_DYN_ytdavg_gt_lyavg__v1,P_IC_qb0of3__PS_qb0of3,C14_EPS_DYN_ytdavg_gt_lyavg,0.2534588304404657,-0.7173864047592351,0.5786452353616532,34.43333333333333,v1
EV_S_qb0of3__OCF_E_qb0of3__C14_EPS_DYN_ytdavg_gt_lyavg__v0,EV_S_qb0of3__OCF_E_qb0of3,C14_EPS_DYN_ytdavg_gt_lyavg,0.25344945644559913,-0.6170298860272458,0.5616438356164384,98.44333333333333,v0
PB_qb0of3__CROIC_qb2of3__None__v0,PB_qb0of3__CROIC_qb2of3,None,0.25343889949705045,-0.5900704307442652,0.5673984632272229,127.49358974358974,v0
PS_qb0of3__REV_G_qb2of3__C3_ROE_DYN_qmax4__v0,PS_qb0of3__REV_G_qb2of3,C3_ROE_DYN_qmax4,0.25342512527138084,-0.5534162523989118,0.5659568943131654,150.2403846153846,v0
PS_qb0of3__ROE_qb2of3__C18_FCF_P_DYN_qmax8__v0,PS_qb0of3__ROE_qb2of3,C18_FCF_P_DYN_qmax8,0.2533389846490395,-0.5368581066713627,0.5769476082004555,187.84935897435898,v0
PS_qb0of3__OCF_E_qb0of3__C14_EPS_DYN_ytdavg_gt_lyavg__v0,PS_qb0of3__OCF_E_qb0of3,C14_EPS_DYN_ytdavg_gt_lyavg,0.2530879470550347,-0.6246525221482555,0.5581715716969318,96.09333333333333,v0
EV_S_qb0of3__PB_qb0of3__None__v1,EV_S_qb0of3__PB_qb0of3,None,0.25302123426880874,-0.6597770948375261,0.5881515744529443,60.58974358974359,v1
EV_EBITDA_qb0of3__PB_qb0of3__None__v1,EV_EBITDA_qb0of3__PB_qb0of3,None,0.25297898870603763,-0.6453500180100253,0.5758163595215001,56.72435897435897,v1
PS_qb0of3__FCF_P_qb2of3__C11_EPS_DYN_qmax8__v0,PS_qb0of3__FCF_P_qb2of3,C11_EPS_DYN_qmax8,0.2529196020328912,-0.5923031134648591,0.5750406882120437,253.33653846153845,v0
P_IC_qb0of3__PB_qb0of3__C17_FCF_P_DYN_qmax4__v0,P_IC_qb0of3__PB_qb0of3,C17_FCF_P_DYN_qmax4,0.25291834220492815,-0.6301522624123171,0.6409888928699391,374.09935897435895,v0
EV_S_qb0of3__PB_qb0of3__C14_EPS_DYN_ytdavg_gt_lyavg__v1,EV_S_qb0of3__PB_qb0of3,C14_EPS_DYN_ytdavg_gt_lyavg,0.25291323383167175,-0.6085804509532606,0.5745810055865922,34.02,v1
PS_qb0of3__FCF_P_qb2of3__C20_FCF_P_DYN_ytdavg_gt_lyytdavg__v0,PS_qb0of3__FCF_P_qb2of3,C20_FCF_P_DYN_ytdavg_gt_lyytdavg,0.2528336027638096,-0.6024770318467145,0.5724526782118405,156.7972027972028,v0
PB_qb0of3__OCF_E_qb0of3__C14_EPS_DYN_ytdavg_gt_lyavg__v0,PB_qb0of3__OCF_E_qb0of3,C14_EPS_DYN_ytdavg_gt_lyavg,0.2527919799057021,-0.612384145877587,0.5755660268934605,118.31333333333333,v0
P_IC_qb0of3__FCF_OI_qb0of3__C14_EPS_DYN_ytdavg_gt_lyavg__v0,P_IC_qb0of3__FCF_OI_qb0of3,C14_EPS_DYN_ytdavg_gt_lyavg,0.2527705318451732,-0.583212388118342,0.588566717053731,88.68,v0
PB_qb0of3__OCF_E_qb0of3__C3_ROE_DYN_qmax4__v0,PB_qb0of3__OCF_E_qb0of3,C3_ROE_DYN_qmax4,0.2527062943115277,-0.6183807804163404,0.5819875309847518,219.7051282051282,v0
EV_S_qb0of3__NETDEBT_EBITDA_qb2of3__C7_ROE_DYN_ytdavg_gt_lyavg__v0,EV_S_qb0of3__NETDEBT_EBITDA_qb2of3,C7_ROE_DYN_ytdavg_gt_lyavg,0.25265086302833883,-0.682384643305326,0.5889663534404365,53.126666666666665,v0
PS_qb0of3__NETDEBT_EBITDA_qb2of3__C3_ROE_DYN_qmax4__v0,PS_qb0of3__NETDEBT_EBITDA_qb2of3,C3_ROE_DYN_qmax4,0.25262793004144046,-0.6819077707051154,0.6152278352016305,189.84294871794873,v0
PS_qb0of3__NETDEBT_EBITDA_qb2of3__C10_EPS_DYN_qmax4__v0,PS_qb0of3__NETDEBT_EBITDA_qb2of3,C10_EPS_DYN_qmax4,0.2526260201237256,-0.6801219536086179,0.6130926170556289,190.0801282051282,v0
P_IC_qb0of3__PB_qb0of3__C11_EPS_DYN_qmax8__v0,P_IC_qb0of3__PB_qb0of3,C11_EPS_DYN_qmax8,0.2525811879323949,-0.6333525459415454,0.6196672354948806,369.93589743589746,v0
EV_S_qb0of3__PB_qb0of3__C13_EPS_DYN_ytdavg_gt_lyytdavg__v1,EV_S_qb0of3__PB_qb0of3,C13_EPS_DYN_ytdavg_gt_lyytdavg,0.2525627883068817,-0.545704543999306,0.5785219399538106,32.550877192982455,v1
P_IC_qb0of3__PB_qb0of3__C10_EPS_DYN_qmax4__v0,P_IC_qb0of3__PB_qb0of3,C10_EPS_DYN_qmax4,0.2524553378000558,-0.6307296021283351,0.6322021484375,374.6666666666667,v0
PS_qb0of3__NETDEBT_EBITDA_qb2of3__C4_ROE_DYN_qmax8__v0,PS_qb0of3__NETDEBT_EBITDA_qb2of3,C4_ROE_DYN_qmax8,0.25243055702292216,-0.6873477436883331,0.6057437797776601,186.35897435897436,v0
EV_S_qb0of3__FCF_OI_qb0of3__None__v0,EV_S_qb0of3__FCF_OI_qb0of3,None,0.25237182772000777,-0.6140525011104225,0.5758532551496016,194.10897435897436,v0
EV_S_qb0of3__ROE_qb0of3__C10_EPS_DYN_qmax4__v1,EV_S_qb0of3__ROE_qb0of3,C10_EPS_DYN_qmax4,0.2521956239208205,-0.6654633018752238,0.554011216776396,33.63782051282051,v1
EV_S_qb0of3__PB_qb0of3__C20_FCF_P_DYN_ytdavg_gt_lyytdavg__v0,EV_S_qb0of3__PB_qb0of3,C20_FCF_P_DYN_ytdavg_gt_lyytdavg,0.25206857648829994,-0.6532348683604923,0.5917982901028837,123.62587412587412,v0
EV_S_qb0of3__ACCRUAL_qb0of3__C14_EPS_DYN_ytdavg_gt_lyavg__v0,EV_S_qb0of3__ACCRUAL_qb0of3,C14_EPS_DYN_ytdavg_gt_lyavg,0.252005482928342,-0.5807384776536674,0.561757363954069,109.11,v0
PB_qb0of3__OCF_E_qb0of3__C18_FCF_P_DYN_qmax8__v0,PB_qb0of3__OCF_E_qb0of3,C18_FCF_P_DYN_qmax8,0.2519701364965683,-0.624901579480159,0.5774936061381074,214.10897435897436,v0
VOL_qb2of3__P_IC_qb1of3__None__v0,VOL_qb2of3__P_IC_qb1of3,None,0.2519290447384108,-0.5347284217104935,0.5439330543933054,169.34615384615384,v0
PS_qb0of3__ROE_qb0of3__C3_ROE_DYN_qmax4__v1,PS_qb0of3__ROE_qb0of3,C3_ROE_DYN_qmax4,0.2519045176155452,-0.6760989329985483,0.5546312949640287,36.67307692307692,v1
P_IC_qb0of3__EV_S_qb0of3__C10_EPS_DYN_qmax4__v1,P_IC_qb0of3__EV_S_qb0of3,C10_EPS_DYN_qmax4,0.25188038710862637,-0.7311683654233505,0.5815080441946113,53.23717948717949,v1
P_IC_qb0of3__PB_qb0of3__C4_ROE_DYN_qmax8__v0,P_IC_qb0of3__PB_qb0of3,C4_ROE_DYN_qmax8,0.25186283838650336,-0.6320973862195863,0.6198903032184622,368.80128205128204,v0
P_IC_qb0of3__EV_S_qb0of3__None__v1,P_IC_qb0of3__EV_S_qb0of3,None,0.25179685495604187,-0.7343685746685161,0.585076427996782,54.66025641025641,v1
PS_qb0of3__ACCRUAL_qb0of3__C18_FCF_P_DYN_qmax8__v1,PS_qb0of3__ACCRUAL_qb0of3,C18_FCF_P_DYN_qmax8,0.2517310282979668,-0.5946217657044865,0.5583962812318419,49.26923076923077,v1
PS_qb0of3__FCF_P_qb2of3__C3_ROE_DYN_qmax4__v0,PS_qb0of3__FCF_P_qb2of3,C3_ROE_DYN_qmax4,0.2517130912704042,-0.5867558637852177,0.5785731501566642,256.9647435897436,v0
REVENUE_qb0of3__PB_qb0of3__C11_EPS_DYN_qmax8__v1,REVENUE_qb0of3__PB_qb0of3,C11_EPS_DYN_qmax8,0.25160403171642165,-0.533324221245776,0.5668402777777778,48.82371794871795,v1
PS_qb0of3__FCF_P_qb2of3__C4_ROE_DYN_qmax8__v0,PS_qb0of3__FCF_P_qb2of3,C4_ROE_DYN_qmax8,0.2515515870420051,-0.5924491448437976,0.5745525694884042,252.14423076923077,v0
PS_qb0of3__REV_G_qb2of3__None__v0,PS_qb0of3__REV_G_qb2of3,None,0.25152805548918167,-0.5545009501200182,0.5656357388316151,159.43910256410257,v0
PS_qb0of3__NETDEBT_EBITDA_qb2of3__None__v0,PS_qb0of3__NETDEBT_EBITDA_qb2of3,None,0.25151199404701585,-0.6745778647280538,0.632183908045977,202.7596153846154,v0
EV_EBITDA_qb0of3__EV_S_qb0of3__C20_FCF_P_DYN_ytdavg_gt_lyytdavg__v1,EV_EBITDA_qb0of3__EV_S_qb0of3,C20_FCF_P_DYN_ytdavg_gt_lyytdavg,0.2514306608782799,-0.5874800639169826,0.5720204728247623,33.30419580419581,v1
P_IC_qb0of3__FCF_OI_qb0of3__C7_ROE_DYN_ytdavg_gt_lyavg__v0,P_IC_qb0of3__FCF_OI_qb0of3,C7_ROE_DYN_ytdavg_gt_lyavg,0.25136014880850244,-0.572780249021747,0.5860877403846154,77.53666666666666,v0
EV_S_qb0of3__FCF_OI_qb2of3__C10_EPS_DYN_qmax4__v0,EV_S_qb0of3__FCF_OI_qb2of3,C10_EPS_DYN_qmax4,0.25122674971994163,-0.5950045051380801,0.5726723095525997,100.5,v0
PS_qb0of3__FCF_OI_qb0of3__C14_EPS_DYN_ytdavg_gt_lyavg__v1,PS_qb0of3__FCF_OI_qb0of3,C14_EPS_DYN_ytdavg_gt_lyavg,0.2512153367602279,-0.6391333563293856,0.560236114837671,26.14,v1
PS_qb0of3__ROE_qb0of3__C4_ROE_DYN_qmax8__v1,PS_qb0of3__ROE_qb0of3,C4_ROE_DYN_qmax8,0.2512105478887172,-0.6870142843013295,0.5514458641560188,35.81089743589744,v1
PS_qb0of3__PB_qb0of3__C20_FCF_P_DYN_ytdavg_gt_lyytdavg__v1,PS_qb0of3__PB_qb0of3,C20_FCF_P_DYN_ytdavg_gt_lyytdavg,0.2512090833965297,-0.6687906725261332,0.5768571428571428,31.972027972027973,v1
EV_S_qb0of3__NETDEBT_EBITDA_qb0of3__C3_ROE_DYN_qmax4__v1,EV_S_qb0of3__NETDEBT_EBITDA_qb0of3,C3_ROE_DYN_qmax4,0.2511411237136607,-0.4879258936754547,0.5780564263322884,47.75320512820513,v1
P_IC_qb0of3__EV_S_qb0of3__C3_ROE_DYN_qmax4__v1,P_IC_qb0of3__EV_S_qb0of3,C3_ROE_DYN_qmax4,0.2511090491053156,-0.7317292835564196,0.5803398995751256,53.131410256410255,v1
EV_S_qb0of3__ROE_qb0of3__None__v1,EV_S_qb0of3__ROE_qb0of3,None,0.2510405813573904,-0.681843994945567,0.559593023255814,34.97435897435897,v1
PB_qb0of3__CROIC_qb0of3__C20_FCF_P_DYN_ytdavg_gt_lyytdavg__v0,PB_qb0of3__CROIC_qb0of3,C20_FCF_P_DYN_ytdavg_gt_lyytdavg,0.2510352771343094,-0.612072000359892,0.5625737898465171,66.63636363636364,v0
P_IC_qb0of3__ROE_qb0of3__C20_FCF_P_DYN_ytdavg_gt_lyytdavg__v1,P_IC_qb0of3__ROE_qb0of3,C20_FCF_P_DYN_ytdavg_gt_lyytdavg,0.25099088879541775,-0.6970228968846675,0.5624737063525452,18.75874125874126,v1
P_IC_qb0of3__PB_qb0of3__C3_ROE_DYN_qmax4__v0,P_IC_qb0of3__PB_qb0of3,C3_ROE_DYN_qmax4,0.25096225124531113,-0.6303927800263793,0.634564958283671,373.88461538461536,v0
P_IC_qb0of3__EV_S_qb0of3__C17_FCF_P_DYN_qmax4__v1,P_IC_qb0of3__EV_S_qb0of3,C17_FCF_P_DYN_qmax4,0.250956926915167,-0.7333104066959132,0.5812064965197216,53.31410256410256,v1
EV_S_qb0of3__NETDEBT_EBITDA_qb0of3__C3_ROE_DYN_qmax4__v0,EV_S_qb0of3__NETDEBT_EBITDA_qb0of3,C3_ROE_DYN_qmax4,0.2509088148606182,-0.5389709672634394,0.607870210562651,197.19871794871796,v0
P_IC_qb0of3__REV_G_qb0of3__C13_EPS_DYN_ytdavg_gt_lyytdavg__v0,P_IC_qb0of3__REV_G_qb0of3,C13_EPS_DYN_ytdavg_gt_lyytdavg,0.2508228391478038,-0.5949209831938926,0.5832724082468197,103.54736842105264,v0
EV_S_qb0of3__PB_qb0of3__C10_EPS_DYN_qmax4__v1,EV_S_qb0of3__PB_qb0of3,C10_EPS_DYN_qmax4,0.2508195684909733,-0.6572466374522881,0.5848991553180486,59.118589743589745,v1
P_IC_qb0of3__ROIC_qb2of3__None__v0,P_IC_qb0of3__ROIC_qb2of3,None,0.25081126147997335,-0.5928367933862826,0.5538747346072187,47.84615384615385,v0
PS_qb0of3__NETDEBT_EBITDA_qb2of3__C11_EPS_DYN_qmax8__v0,PS_qb0of3__NETDEBT_EBITDA_qb2of3,C11_EPS_DYN_qmax8,0.25076677713047046,-0.6864644259398511,0.6045046252848907,186.77243589743588,v0
EV_S_qb0of3__NETDEBT_EBITDA_qb0of3__C10_EPS_DYN_qmax4__v0,EV_S_qb0of3__NETDEBT_EBITDA_qb0of3,C10_EPS_DYN_qmax4,0.25070123634010577,-0.5384630263027005,0.6107098819799189,197.67307692307693,v0
EV_S_qb0of3__NETDEBT_EBITDA_qb0of3__C17_FCF_P_DYN_qmax4__v0,EV_S_qb0of3__NETDEBT_EBITDA_qb0of3,C17_FCF_P_DYN_qmax4,0.2506992758407658,-0.5380933028360562,0.6113037447988904,197.2051282051282,v0
EV_S_qb0of3__ACCRUAL_qb0of3__C7_ROE_DYN_ytdavg_gt_lyavg__v0,EV_S_qb0of3__ACCRUAL_qb0of3,C7_ROE_DYN_ytdavg_gt_lyavg,0.2506782925491029,-0.623017252370679,0.5638215432303775,95.03666666666666,v0
PB_qb0of3__OCF_E_qb0of3__C17_FCF_P_DYN_qmax4__v0,PB_qb0of3__OCF_E_qb0of3,C17_FCF_P_DYN_qmax4,0.25064894348319844,-0.6220378529692714,0.5801901025950513,217.87820512820514,v0
PS_qb0of3__FCF_OI_qb0of3__None__v0,PS_qb0of3__FCF_OI_qb0of3,None,0.25060018242043824,-0.6178456549426413,0.5720392070159923,201.12820512820514,v0
EV_S_qb0of3__MOM_qb0of3__C11_EPS_DYN_qmax8__v0,EV_S_qb0of3__MOM_qb0of3,C11_EPS_DYN_qmax8,0.25059511934854095,-0.6527784779435848,0.5896025666208341,172.03846153846155,v0
PS_qb0of3__EV_S_qb1of3__None__v0,PS_qb0of3__EV_S_qb1of3,None,0.2505483171784746,-0.6091368380316793,0.5901060070671378,77.0576923076923,v0
PS_qb0of3__ROIC_qb0of3__C4_ROE_DYN_qmax8__v1,PS_qb0of3__ROIC_qb0of3,C4_ROE_DYN_qmax8,0.2505480345881439,-0.7172939665545676,0.5410216718266254,31.618589743589745,v1
PS_qb0of3__EV_S_qb1of3__C17_FCF_P_DYN_qmax4__v0,PS_qb0of3__EV_S_qb1of3,C17_FCF_P_DYN_qmax4,0.2505396069469772,-0.6048017335685552,0.5924293492351569,71.1923076923077,v0
EV_S_qb0of3__NETDEBT_EBITDA_qb0of3__C11_EPS_DYN_qmax8__v0,EV_S_qb0of3__NETDEBT_EBITDA_qb0of3,C11_EPS_DYN_qmax8,0.2505137192012432,-0.5383242915201711,0.6028715683180814,195.10897435897436,v0
PB_qb0of3__DEBTRATIO_qb2of3__C7_ROE_DYN_ytdavg_gt_lyavg__v0,PB_qb0of3__DEBTRATIO_qb2of3,C7_ROE_DYN_ytdavg_gt_lyavg,0.25047690179861326,-0.6129700844190551,0.5980416156670747,90.64,v0
EV_S_qb0of3__PB_qb0of3__C17_FCF_P_DYN_qmax4__v1,EV_S_qb0of3__PB_qb0of3,C17_FCF_P_DYN_qmax4,0.25045072492951426,-0.6589728403168429,0.5853532748839608,59.19230769230769,v1
EV_S_qb0of3__FCF_OI_qb2of3__C3_ROE_DYN_qmax4__v0,EV_S_qb0of3__FCF_OI_qb2of3,C3_ROE_DYN_qmax4,0.25043739561543954,-0.5973978791036918,0.571893455465831,100.25961538461539,v0
EV_EBITDA_qb0of3__MOM_qb0of3__C6_ROE_DYN_ytdavg_gt_lyytdavg__v0,EV_EBITDA_qb0of3__MOM_qb0of3,C6_ROE_DYN_ytdavg_gt_lyytdavg,0.2503991019803984,-0.6160065099846666,0.5410490307867731,83.07692307692308,v0
EV_EBITDA_qb0of3__PB_qb0of3__C18_FCF_P_DYN_qmax8__v1,EV_EBITDA_qb0of3__PB_qb0of3,C18_FCF_P_DYN_qmax8,0.25038035566126005,-0.6464208444626444,0.5716323296354993,54.86217948717949,v1
EV_S_qb0of3__FCF_OI_qb2of3__None__v0,EV_S_qb0of3__FCF_OI_qb2of3,None,0.25036854865378855,-0.588653129189735,0.5743503368623677,106.92307692307692,v0
PB_qb0of3__CROIC_qb2of3__C20_FCF_P_DYN_ytdavg_gt_lyytdavg__v1,PB_qb0of3__CROIC_qb2of3,C20_FCF_P_DYN_ytdavg_gt_lyytdavg,0.250326950821101,-0.6099536701324457,0.5789679437060203,18.094405594405593,v1
EV_S_qb0of3__ROE_qb0of3__C6_ROE_DYN_ytdavg_gt_lyytdavg__v0,EV_S_qb0of3__ROE_qb0of3,C6_ROE_DYN_ytdavg_gt_lyytdavg,0.25030747583026125,-0.6350173959648866,0.5488137728322486,58.37412587412587,v0
EV_S_qb0of3__PB_qb0of3__C3_ROE_DYN_qmax4__v1,EV_S_qb0of3__PB_qb0of3,C3_ROE_DYN_qmax4,0.25023622660624234,-0.6564544902876508,0.5835338604331385,58.98397435897436,v1
PB_qb0of3__ROIC_qb0of3__C20_FCF_P_DYN_ytdavg_gt_lyytdavg__v0,PB_qb0of3__ROIC_qb0of3,C20_FCF_P_DYN_ytdavg_gt_lyytdavg,0.2502203874099427,-0.6834199543681097,0.569140625,110.0,v0
EV_S_qb0of3__MOM_qb0of3__C4_ROE_DYN_qmax8__v0,EV_S_qb0of3__MOM_qb0of3,C4_ROE_DYN_qmax8,0.25021929965385636,-0.6534354925163093,0.5884474167322319,171.5352564102564,v0
EV_S_qb0of3__MOM_qb0of3__C10_EPS_DYN_qmax4__v0,EV_S_qb0of3__MOM_qb0of3,C10_EPS_DYN_qmax4,0.25013097586708355,-0.6525811784431197,0.5938037865748709,175.05769230769232,v0
EV_S_qb0of3__MOM_qb0of3__C3_ROE_DYN_qmax4__v0,EV_S_qb0of3__MOM_qb0of3,C3_ROE_DYN_qmax4,0.250118371679076,-0.6522726190010357,0.5932675104366841,174.77884615384616,v0
EV_S_qb0of3__ROE_qb0of3__C3_ROE_DYN_qmax4__v1,EV_S_qb0of3__ROE_qb0of3,C3_ROE_DYN_qmax4,0.25011693168444316,-0.6696308816653388,0.5541757974190407,33.53846153846154,v1
EV_S_qb0of3__ACCRUAL_qb0of3__C20_FCF_P_DYN_ytdavg_gt_lyytdavg__v1,EV_S_qb0of3__ACCRUAL_qb0of3,C20_FCF_P_DYN_ytdavg_gt_lyytdavg,0.2500781070935918,-0.6015336476889661,0.5652067531196476,29.027972027972027,v1
P_IC_qb0of3__FCF_P_qb0of3__C18_FCF_P_DYN_qmax8__v0,P_IC_qb0of3__FCF_P_qb0of3,C18_FCF_P_DYN_qmax8,0.2500729862667348,-0.6781668890883975,0.5793000088160098,160.84935897435898,v0
PB_qb0of3__None__C13_EPS_DYN_ytdavg_gt_lyytdavg__v0,PB_qb0of3__None,C13_EPS_DYN_ytdavg_gt_lyytdavg,0.25005026839240596,-0.5086141380597959,0.5928926680571154,295.63508771929827,v0
PS_qb0of3__ACCRUAL_qb0of3__C17_FCF_P_DYN_qmax4__v1,PS_qb0of3__ACCRUAL_qb0of3,C17_FCF_P_DYN_qmax4,0.2498455438659941,-0.5936937623274725,0.5594385144026904,49.77564102564103,v1
PS_qb0of3__REV_G_qb0of3__C18_FCF_P_DYN_qmax8__v0,PS_qb0of3__REV_G_qb0of3,C18_FCF_P_DYN_qmax8,0.24981591628112132,-0.6712740442286536,0.5860339119093007,201.5,v0
P_IC_qb0of3__FCF_P_qb0of3__C4_ROE_DYN_qmax8__v0,P_IC_qb0of3__FCF_P_qb0of3,C4_ROE_DYN_qmax8,0.24980827467772926,-0.6759950705692734,0.5831493420471606,163.97115384615384,v0
EV_S_qb0of3__FCF_P_qb0of3__C7_ROE_DYN_ytdavg_gt_lyavg__v0,EV_S_qb0of3__FCF_P_qb0of3,C7_ROE_DYN_ytdavg_gt_lyavg,0.24979402898343572,-0.5914072695957135,0.5620967741935484,84.17666666666666,v0
EV_S_qb0of3__FCF_OI_qb2of3__C14_EPS_DYN_ytdavg_gt_lyavg__v0,EV_S_qb0of3__FCF_OI_qb2of3,C14_EPS_DYN_ytdavg_gt_lyavg,0.2497599763165359,-0.5551827497087013,0.5659875996457041,60.873333333333335,v0
EV_S_qb0of3__NETDEBT_EBITDA_qb0of3__C4_ROE_DYN_qmax8__v0,EV_S_qb0of3__NETDEBT_EBITDA_qb0of3,C4_ROE_DYN_qmax8,0.249726900785737,-0.5398828471920829,0.6,194.30769230769232,v0
PB_qb0of3__None__C11_EPS_DYN_qmax8__v0,PB_qb0of3__None,C11_EPS_DYN_qmax8,0.2497111135782506,-0.5908330869990981,0.6141893428333207,542.1987179487179,v0
PS_qb0of3__None__C14_EPS_DYN_ytdavg_gt_lyavg__v0,PS_qb0of3__None,C14_EPS_DYN_ytdavg_gt_lyavg,0.24970086039304484,-0.5866924265785272,0.5995206136145733,313.46666666666664,v0
PB_qb0of3__ROE_qb0of3__C7_ROE_DYN_ytdavg_gt_lyavg__v0,PB_qb0of3__ROE_qb0of3,C7_ROE_DYN_ytdavg_gt_lyavg,0.24968382322791371,-0.637260809447392,0.5785055957867018,86.92,v0
P_IC_qb0of3__FCF_P_qb0of3__C11_EPS_DYN_qmax8__v0,P_IC_qb0of3__FCF_P_qb0of3,C11_EPS_DYN_qmax8,0.2496827278209628,-0.6767661576728667,0.5827932167273373,164.37179487179486,v0
EV_S_qb0of3__NETDEBT_EBITDA_qb0of3__C4_ROE_DYN_qmax8__v1,EV_S_qb0of3__NETDEBT_EBITDA_qb0of3,C4_ROE_DYN_qmax8,0.249663188536013,-0.4901609611050908,0.5746467335654311,46.99038461538461,v1
P_IC_qb0of3__EV_S_qb0of3__C11_EPS_DYN_qmax8__v1,P_IC_qb0of3__EV_S_qb0of3,C11_EPS_DYN_qmax8,0.24962466920527904,-0.7391200109500122,0.5798224069525789,52.32051282051282,v1
EV_S_qb0of3__NETDEBT_EBITDA_qb0of3__C18_FCF_P_DYN_qmax8__v0,EV_S_qb0of3__NETDEBT_EBITDA_qb0of3,C18_FCF_P_DYN_qmax8,0.24961093644188836,-0.5396409412042461,0.6039956636208765,194.45192307692307,v0
EV_S_qb0of3__NETDEBT_EBITDA_qb0of3__C10_EPS_DYN_qmax4__v1,EV_S_qb0of3__NETDEBT_EBITDA_qb0of3,C10_EPS_DYN_qmax4,0.24959262441765317,-0.4890914256010036,0.5769230769230769,47.89423076923077,v1
EV_S_qb0of3__FCF_OI_qb2of3__C11_EPS_DYN_qmax8__v0,EV_S_qb0of3__FCF_OI_qb2of3,C11_EPS_DYN_qmax8,0.24957866398571205,-0.6049084224923909,0.5712065048427598,99.13461538461539,v0
P_IC_qb0of3__EV_EBITDA_qb0of3__C7_ROE_DYN_ytdavg_gt_lyavg__v1,P_IC_qb0of3__EV_EBITDA_qb0of3,C7_ROE_DYN_ytdavg_gt_lyavg,0.24955357546780155,-0.7138886340915787,0.5839810746873944,24.98,v1
REVENUE_qb0of3__PB_qb0of3__C17_FCF_P_DYN_qmax4__v1,REVENUE_qb0of3__PB_qb0of3,C17_FCF_P_DYN_qmax4,0.24949999809353796,-0.5388908884332531,0.5706783369803063,49.24679487179487,v1
PB_qb0of3__None__C10_EPS_DYN_qmax4__v0,PB_qb0of3__None,C10_EPS_DYN_qmax4,0.2494925066969067,-0.5881744249471139,0.6281824611032532,549.4903846153846,v0
EV_S_qb0of3__CROIC_qb0of3__C7_ROE_DYN_ytdavg_gt_lyavg__v0,EV_S_qb0of3__CROIC_qb0of3,C7_ROE_DYN_ytdavg_gt_lyavg,0.24946002608100737,-0.5865461180273257,0.5652760901849602,82.86,v0
P_IC_qb0of3__FCF_P_qb0of3__C17_FCF_P_DYN_qmax4__v0,P_IC_qb0of3__FCF_P_qb0of3,C17_FCF_P_DYN_qmax4,0.2494553496273686,-0.6758635856083826,0.5851851851851851,164.31410256410257,v0
EV_EBITDA_qb0of3__EV_S_qb0of3__C6_ROE_DYN_ytdavg_gt_lyytdavg__v0,EV_EBITDA_qb0of3__EV_S_qb0of3,C6_ROE_DYN_ytdavg_gt_lyytdavg,0.24944889524792457,-0.5953170941805885,0.5727511715624642,130.5734265734266,v0
EV_S_qb0of3__PB_qb0of3__C11_EPS_DYN_qmax8__v1,EV_S_qb0of3__PB_qb0of3,C11_EPS_DYN_qmax8,0.2494267353791042,-0.6640350071746715,0.5813756971438229,58.19871794871795,v1
PB_qb0of3__None__C4_ROE_DYN_qmax8__v0,PB_qb0of3__None,C4_ROE_DYN_qmax8,0.24942029441628222,-0.5899760727710288,0.6133362515503028,540.3846153846154,v0
EV_S_qb0of3__NETDEBT_EBITDA_qb0of3__None__v0,EV_S_qb0of3__NETDEBT_EBITDA_qb0of3,None,0.2493935746025917,-0.5334293629114759,0.6243943543290499,208.06730769230768,v0
EV_S_qb0of3__ROE_qb0of3__C4_ROE_DYN_qmax8__v1,EV_S_qb0of3__ROE_qb0of3,C4_ROE_DYN_qmax8,0.24938815097291167,-0.6827177122062686,0.5503159941662615,32.75961538461539,v1
EV_S_qb0of3__NETDEBT_EBITDA_qb0of3__None__v1,EV_S_qb0of3__NETDEBT_EBITDA_qb0of3,None,0.2493764527928668,-0.49042181152505804,0.5803164968567093,48.98717948717949,v1
PS_qb0of3__ACCRUAL_qb0of3__C4_ROE_DYN_qmax8__v1,PS_qb0of3__ACCRUAL_qb0of3,C4_ROE_DYN_qmax8,0.24937591307140283,-0.5915483802589047,0.5559332052608246,47.37820512820513,v1
PB_qb0of3__None__C18_FCF_P_DYN_qmax8__v0,PB_qb0of3__None,C18_FCF_P_DYN_qmax8,0.2493117373044953,-0.5889629726437113,0.6236799048044028,541.0480769230769,v0
P_IC_qb2of3__PB_qb0of3__C7_ROE_DYN_ytdavg_gt_lyavg__v0,P_IC_qb2of3__PB_qb0of3,C7_ROE_DYN_ytdavg_gt_lyavg,0.2492742903408769,-0.6795328697090243,0.5327978580990629,17.09,v0
PS_qb0of3__ACCRUAL_qb0of3__C11_EPS_DYN_qmax8__v1,PS_qb0of3__ACCRUAL_qb0of3,C11_EPS_DYN_qmax8,0.24926308984363588,-0.5902393723906783,0.5563920873929731,47.54807692307692,v1
EV_S_qb0of3__PB_qb0of3__C18_FCF_P_DYN_qmax8__v1,EV_S_qb0of3__PB_qb0of3,C18_FCF_P_DYN_qmax8,0.2492439308474692,-0.6583435898596142,0.5816894284269094,58.35897435897436,v1
EV_S_qb0of3__NETDEBT_EBITDA_qb0of3__C11_EPS_DYN_qmax8__v1,EV_S_qb0of3__NETDEBT_EBITDA_qb0of3,C11_EPS_DYN_qmax8,0.2492196610818611,-0.49103598029888484,0.575,47.23076923076923,v1
PS_qb0of3__REV_G_qb0of3__C17_FCF_P_DYN_qmax4__v0,PS_qb0of3__REV_G_qb0of3,C17_FCF_P_DYN_qmax4,0.2492079065240682,-0.6727844305548398,0.5941239316239316,204.84615384615384,v0
PS_qb0of3__ROIC_qb0of3__C3_ROE_DYN_qmax4__v1,PS_qb0of3__ROIC_qb0of3,C3_ROE_DYN_qmax4,0.24919396411568595,-0.7068653030635634,0.5419788168431929,32.31730769230769,v1
P_IC_qb0of3__EV_S_qb0of3__C4_ROE_DYN_qmax8__v1,P_IC_qb0of3__EV_S_qb0of3,C4_ROE_DYN_qmax8,0.24918900531122157,-0.7412233716948846,0.5773485842865179,52.13782051282051,v1
EV_S_qb0of3__PB_qb0of3__C4_ROE_DYN_qmax8__v1,EV_S_qb0of3__PB_qb0of3,C4_ROE_DYN_qmax8,0.24906936176078331,-0.6633159674737028,0.5796199764587187,58.00320512820513,v1
PB_qb0of3__OCF_E_qb0of3__None__v0,PB_qb0of3__OCF_E_qb0of3,None,0.24899922644482997,-0.6095321428799454,0.5821682328672931,235.59294871794873,v0
PS_qb0of3__REV_G_qb0of3__C10_EPS_DYN_qmax4__v0,PS_qb0of3__REV_G_qb0of3,C10_EPS_DYN_qmax4,0.24895486686005408,-0.6736922170556754,0.5882792485055508,204.60576923076923,v0
P_IC_qb0of3__PB_qb0of3__None__v0,P_IC_qb0of3__PB_qb0of3,None,0.24885786529327159,-0.6248756895102968,0.666882381491668,401.46794871794873,v0
REVENUE_qb0of3__PB_qb0of3__C10_EPS_DYN_qmax4__v1,REVENUE_qb0of3__PB_qb0of3,C10_EPS_DYN_qmax4,0.24885553504368096,-0.5294951637454741,0.5689541767156325,49.291666666666664,v1
EV_S_qb0of3__FCF_OI_qb2of3__C4_ROE_DYN_qmax8__v0,EV_S_qb0of3__FCF_OI_qb2of3,C4_ROE_DYN_qmax8,0.24884937006928132,-0.6075839444352743,0.5689634654290134,98.69871794871794,v0
P_IC_qb0of3__MOM_qb0of3__C14_EPS_DYN_ytdavg_gt_lyavg__v0,P_IC_qb0of3__MOM_qb0of3,C14_EPS_DYN_ytdavg_gt_lyavg,0.2487636725575897,-0.5655775896757693,0.5871559633027523,87.03333333333333,v0
EV_S_qb0of3__NETDEBT_EBITDA_qb0of3__C17_FCF_P_DYN_qmax4__v1,EV_S_qb0of3__NETDEBT_EBITDA_qb0of3,C17_FCF_P_DYN_qmax4,0.2487042558487731,-0.48723112733198337,0.5767451640033642,47.97115384615385,v1
PS_qb0of3__REV_G_qb0of3__C11_EPS_DYN_qmax8__v0,PS_qb0of3__REV_G_qb0of3,C11_EPS_DYN_qmax8,0.2487010113277306,-0.6782417210707128,0.5824197727725733,200.87820512820514,v0
PB_qb0of3__None__C3_ROE_DYN_qmax4__v0,PB_qb0of3__None,C3_ROE_DYN_qmax4,0.2486917524347112,-0.587748346488861,0.6299802082436967,548.3365384615385,v0
PS_qb0of3__REV_G_qb0of3__C4_ROE_DYN_qmax8__v0,PS_qb0of3__REV_G_qb0of3,C4_ROE_DYN_qmax8,0.2486821016069276,-0.6807738480234667,0.5821721513983595,200.375,v0
P_IC_qb0of3__EV_S_qb0of3__C18_FCF_P_DYN_qmax8__v1,P_IC_qb0of3__EV_S_qb0of3,C18_FCF_P_DYN_qmax8,0.24866525219961044,-0.7337158167337584,0.5770609318996416,52.48717948717949,v1
P_IC_qb0of3__FCF_P_qb0of3__C10_EPS_DYN_qmax4__v0,P_IC_qb0of3__FCF_P_qb0of3,C10_EPS_DYN_qmax4,0.24864775289274932,-0.6760732114130462,0.5862944162436549,166.67628205128204,v0
EV_S_qb0of3__FCF_OI_qb2of3__C7_ROE_DYN_ytdavg_gt_lyavg__v0,EV_S_qb0of3__FCF_OI_qb2of3,C7_ROE_DYN_ytdavg_gt_lyavg,0.24863632459148666,-0.5544634567647613,0.5696546371750097,53.64333333333333,v0
PS_qb0of3__EV_S_qb1of3__C6_ROE_DYN_ytdavg_gt_lyytdavg__v0,PS_qb0of3__EV_S_qb1of3,C6_ROE_DYN_ytdavg_gt_lyytdavg,0.2486359902045725,-0.6514998423379659,0.5673469387755102,33.41608391608391,v0
PS_qb0of3__NETDEBT_EBITDA_qb0of3__C14_EPS_DYN_ytdavg_gt_lyavg__v0,PS_qb0of3__NETDEBT_EBITDA_qb0of3,C14_EPS_DYN_ytdavg_gt_lyavg,0.24860039495270225,-0.5279385064346522,0.571117166212534,78.76666666666667,v0
P_IC_qb0of3__PS_qb0of3__C4_ROE_DYN_qmax8__v1,P_IC_qb0of3__PS_qb0of3,C4_ROE_DYN_qmax8,0.24859168914055996,-0.7213861236089889,0.5749094501152453,60.60576923076923,v1
P_IC_qb0of3__FCF_P_qb0of3__C3_ROE_DYN_qmax4__v0,P_IC_qb0of3__FCF_P_qb0of3,C3_ROE_DYN_qmax4,0.24856290628171407,-0.6755097731601021,0.5866365688487585,166.40064102564102,v0
PS_qb0of3__ACCRUAL_qb0of3__C3_ROE_DYN_qmax4__v1,PS_qb0of3__ACCRUAL_qb0of3,C3_ROE_DYN_qmax4,0.24854715170872455,-0.5812341235757936,0.5568871134783252,48.58974358974359,v1
PB_qb0of3__None__C17_FCF_P_DYN_qmax4__v0,PB_qb0of3__None,C17_FCF_P_DYN_qmax4,0.24849359719468933,-0.589646835987749,0.637242941791565,548.4935897435897,v0
EV_S_qb0of3__ROE_qb0of3__C18_FCF_P_DYN_qmax8__v1,EV_S_qb0of3__ROE_qb0of3,C18_FCF_P_DYN_qmax8,0.24845220010864466,-0.6768524455000774,0.5536573628488932,33.49679487179487,v1
EV_S_qb0of3__ROE_qb0of3__C17_FCF_P_DYN_qmax4__v1,EV_S_qb0of3__ROE_qb0of3,C17_FCF_P_DYN_qmax4,0.24844869227697797,-0.676696608521344,0.5568948891031823,34.01282051282051,v1
PS_qb0of3__NETDEBT_EBITDA_qb0of3__C7_ROE_DYN_ytdavg_gt_lyavg__v0,PS_qb0of3__NETDEBT_EBITDA_qb0of3,C7_ROE_DYN_ytdavg_gt_lyavg,0.24843305274081762,-0.5400450924051956,0.569620253164557,68.26666666666667,v0
EV_EBITDA_qb0of3__PB_qb0of3__C11_EPS_DYN_qmax8__v1,EV_EBITDA_qb0of3__PB_qb0of3,C11_EPS_DYN_qmax8,0.24839493270998014,-0.6380407207866308,0.5719052915938344,54.830128205128204,v1
PB_qb0of3__None__None__v0,PB_qb0of3__None,None,0.24810685252001274,-0.581639111022691,0.661896677176813,587.5,v0
PS_qb0of3__REV_G_qb0of3__C3_ROE_DYN_qmax4__v0,PS_qb0of3__REV_G_qb0of3,C3_ROE_DYN_qmax4,0.24810230113149911,-0.6764561721430409,0.5883040935672514,204.36217948717947,v0
PS_qb0of3__NETDEBT_EBITDA_qb0of3__C6_ROE_DYN_ytdavg_gt_lyytdavg__v0,PS_qb0of3__NETDEBT_EBITDA_qb0of3,C6_ROE_DYN_ytdavg_gt_lyytdavg,0.2480431185978058,-0.5229044769045139,0.567711247901511,66.15034965034965,v0
PS_qb0of3__EV_EBITDA_qb0of3__C13_EPS_DYN_ytdavg_gt_lyytdavg__v1,PS_qb0of3__EV_EBITDA_qb0of3,C13_EPS_DYN_ytdavg_gt_lyytdavg,0.24800368716437937,-0.6077564160946765,0.5672488092537991,36.88421052631579,v1
P_IC_qb0of3__PS_qb0of3__C3_ROE_DYN_qmax4__v1,P_IC_qb0of3__PS_qb0of3,C3_ROE_DYN_qmax4,0.2478706979642189,-0.7145365810415959,0.578101201556947,61.74679487179487,v1
P_IC_qb0of3__CROIC_qb0of3__C14_EPS_DYN_ytdavg_gt_lyavg__v0,P_IC_qb0of3__CROIC_qb0of3,C14_EPS_DYN_ytdavg_gt_lyavg,0.24786018978643498,-0.604041096993712,0.5876865671641791,87.62666666666667,v0
PB_qb0of3__CROIC_qb2of3__C18_FCF_P_DYN_qmax8__v0,PB_qb0of3__CROIC_qb2of3,C18_FCF_P_DYN_qmax8,0.24780600471833192,-0.6001892959461412,0.5739139716084961,118.9551282051282,v0
PB_qb0of3__None__C6_ROE_DYN_ytdavg_gt_lyytdavg__v0,PB_qb0of3__None,C6_ROE_DYN_ytdavg_gt_lyytdavg,0.2477606066240856,-0.530913550399364,0.5938792390405294,255.12587412587413,v0
PB_qb0of3__FCF_P_qb0of3__C20_FCF_P_DYN_ytdavg_gt_lyytdavg__v0,PB_qb0of3__FCF_P_qb0of3,C20_FCF_P_DYN_ytdavg_gt_lyytdavg,0.24772631628212105,-0.6016515141966389,0.5569425181075667,66.5,v0
PS_qb0of3__FCF_OI_qb0of3__C7_ROE_DYN_ytdavg_gt_lyavg__v0,PS_qb0of3__FCF_OI_qb0of3,C7_ROE_DYN_ytdavg_gt_lyavg,0.2477218338750502,-0.582537994606816,0.5611581401055086,90.88,v0
EV_EBITDA_qb0of3__PB_qb0of3__C17_FCF_P_DYN_qmax4__v1,EV_EBITDA_qb0of3__PB_qb0of3,C17_FCF_P_DYN_qmax4,0.24766028034971077,-0.6487856595127794,0.5726837060702875,55.54807692307692,v1
PB_qb0of3__CROIC_qb2of3__None__v1,PB_qb0of3__CROIC_qb2of3,None,0.24761038000992763,-0.5697246391599506,0.5745380916223741,29.60576923076923,v1
PB_qb0of3__CROIC_qb2of3__C17_FCF_P_DYN_qmax4__v0,PB_qb0of3__CROIC_qb2of3,C17_FCF_P_DYN_qmax4,0.24742397518639625,-0.6000432119151684,0.5749285871237091,120.0448717948718,v0
PS_qb0of3__EV_S_qb1of3__C10_EPS_DYN_qmax4__v0,PS_qb0of3__EV_S_qb1of3,C10_EPS_DYN_qmax4,0.247404806291188,-0.6109644188916408,0.5856296677826422,71.2275641025641,v0
PS_qb0of3__ACCRUAL_qb0of3__C10_EPS_DYN_qmax4__v1,PS_qb0of3__ACCRUAL_qb0of3,C10_EPS_DYN_qmax4,0.24729475987197902,-0.5817359978805241,0.5568198610905867,48.69551282051282,v1
EV_EBITDA_qb0of3__PB_qb0of3__C10_EPS_DYN_qmax4__v1,EV_EBITDA_qb0of3__PB_qb0of3,C10_EPS_DYN_qmax4,0.24727299724021767,-0.633148792962758,0.5726646370773915,55.544871794871796,v1
EV_S_qb0of3__NETDEBT_EBITDA_qb0of3__C18_FCF_P_DYN_qmax8__v1,EV_S_qb0of3__NETDEBT_EBITDA_qb0of3,C18_FCF_P_DYN_qmax8,0.2471004204339622,-0.48841195867504894,0.5737569630699402,47.25,v1
P_IC_qb0of3__FCF_OI_qb0of3__C18_FCF_P_DYN_qmax8__v0,P_IC_qb0of3__FCF_OI_qb0of3,C18_FCF_P_DYN_qmax8,0.24696465735834372,-0.659724965494223,0.5816518467852257,163.78846153846155,v0
PB_qb0of3__CROIC_qb2of3__C4_ROE_DYN_qmax8__v0,PB_qb0of3__CROIC_qb2of3,C4_ROE_DYN_qmax8,0.24693498351857746,-0.6112792341346394,0.568,115.89102564102564,v0
PS_qb0of3__REV_G_qb2of3__C20_FCF_P_DYN_ytdavg_gt_lyytdavg__v0,PS_qb0of3__REV_G_qb2of3,C20_FCF_P_DYN_ytdavg_gt_lyytdavg,0.24688532092600068,-0.5681658258417048,0.5594042258399723,76.84615384615384,v0
EV_S_qb0of3__MOM_qb0of3__C17_FCF_P_DYN_qmax4__v0,EV_S_qb0of3__MOM_qb0of3,C17_FCF_P_DYN_qmax4,0.24683803547458227,-0.649835573853442,0.5937208992949314,175.12179487179486,v0
P_IC_qb0of3__FCF_P_qb0of3__None__v0,P_IC_qb0of3__FCF_P_qb0of3,None,0.24676479218468828,-0.6743484585042512,0.5930507034274384,170.84294871794873,v0
P_IC_qb2of3__PB_qb0of3__C6_ROE_DYN_ytdavg_gt_lyytdavg__v0,P_IC_qb2of3__PB_qb0of3,C6_ROE_DYN_ytdavg_gt_lyytdavg,0.2467351766240764,-0.6754049525598302,0.509020618556701,16.17132867132867,v0
P_IC_qb0of3__FCF_OI_qb0of3__C11_EPS_DYN_qmax8__v0,P_IC_qb0of3__FCF_OI_qb0of3,C11_EPS_DYN_qmax8,0.24670078727414824,-0.6598744645655236,0.5834336831240323,167.20192307692307,v0
P_IC_qb0of3__DEBTRATIO_qb2of3__C14_EPS_DYN_ytdavg_gt_lyavg__v0,P_IC_qb0of3__DEBTRATIO_qb2of3,C14_EPS_DYN_ytdavg_gt_lyavg,0.2466418158446948,-0.647666632411755,0.6108931456265867,110.31333333333333,v0
EV_S_qb0of3__MOM_qb0of3__C18_FCF_P_DYN_qmax8__v0,EV_S_qb0of3__MOM_qb0of3,C18_FCF_P_DYN_qmax8,0.2465566860653814,-0.6488726364946928,0.5888749752850458,172.2403846153846,v0
P_IC_qb0of3__FCF_OI_qb0of3__C4_ROE_DYN_qmax8__v0,P_IC_qb0of3__FCF_OI_qb0of3,C4_ROE_DYN_qmax8,0.2464614763639661,-0.6591755575530668,0.5836898853328769,166.78846153846155,v0
P_IC_qb0of3__EV_S_qb0of3__C20_FCF_P_DYN_ytdavg_gt_lyytdavg__v0,P_IC_qb0of3__EV_S_qb0of3,C20_FCF_P_DYN_ytdavg_gt_lyytdavg,0.24643975143674157,-0.699526427682654,0.5902104911460073,111.55944055944056,v0
EV_EBITDA_qb0of3__EV_S_qb0of3__C14_EPS_DYN_ytdavg_gt_lyavg__v1,EV_EBITDA_qb0of3__EV_S_qb0of3,C14_EPS_DYN_ytdavg_gt_lyavg,0.24640330371309083,-0.5706338715079374,0.5614652317880795,41.8,v1
EV_S_qb0of3__MOM_qb0of3__None__v0,EV_S_qb0of3__MOM_qb0of3,None,0.2463368533766097,-0.6439765599613099,0.5959111227977912,185.12179487179486,v0
PS_qb0of3__None__C10_EPS_DYN_qmax4__v0,PS_qb0of3__None,C10_EPS_DYN_qmax4,0.24630722311063002,-0.5970114915697906,0.6272845953002611,547.4967948717949,v0
PS_qb0of3__EV_S_qb1of3__C11_EPS_DYN_qmax8__v0,PS_qb0of3__EV_S_qb1of3,C11_EPS_DYN_qmax8,0.2462954886961657,-0.6203180147405363,0.582306554953179,70.16025641025641,v0
EV_S_qb0of3__CROIC_qb0of3__C13_EPS_DYN_ytdavg_gt_lyytdavg__v0,EV_S_qb0of3__CROIC_qb0of3,C13_EPS_DYN_ytdavg_gt_lyytdavg,0.24628822312045284,-0.57694318134622,0.559694585839889,96.97894736842105,v0
P_IC_qb0of3__FCF_OI_qb0of3__C17_FCF_P_DYN_qmax4__v0,P_IC_qb0of3__FCF_OI_qb0of3,C17_FCF_P_DYN_qmax4,0.24624556407725318,-0.6590601138990173,0.5871567681375559,167.31730769230768,v0
EV_S_qb0of3__REV_G_qb2of3__C20_FCF_P_DYN_ytdavg_gt_lyytdavg__v0,EV_S_qb0of3__REV_G_qb2of3,C20_FCF_P_DYN_ytdavg_gt_lyytdavg,0.24620144882256612,-0.5489867550637098,0.5618689029608078,78.0944055944056,v0
PS_qb0of3__None__C18_FCF_P_DYN_qmax8__v0,PS_qb0of3__None,C18_FCF_P_DYN_qmax8,0.24618680399351622,-0.5972648057148875,0.6226130273982942,538.0416666666666,v0
ACCRUAL_qb0of3__MOM_qb0of3__C3_ROE_DYN_qmax4__v0,ACCRUAL_qb0of3__MOM_qb0of3,C3_ROE_DYN_qmax4,0.2461745412193721,-0.6040463039643298,0.5501764217517642,190.84294871794873,v0
PS_qb0of3__None__C17_FCF_P_DYN_qmax4__v0,PS_qb0of3__None,C17_FCF_P_DYN_qmax4,0.24617452501837622,-0.5969014516691615,0.6416938110749185,546.9166666666666,v0
EV_S_qb0of3__REV_G_qb2of3__C14_EPS_DYN_ytdavg_gt_lyavg__v0,EV_S_qb0of3__REV_G_qb2of3,C14_EPS_DYN_ytdavg_gt_lyavg,0.24615450723951127,-0.5559501489259986,0.5556640625,107.24666666666667,v0
PS_qb0of3__REV_G_qb0of3__None__v0,PS_qb0of3__REV_G_qb0of3,None,0.24614762604995466,-0.6717795887091149,0.6019836639439906,217.23717948717947,v0
PB_qb0of3__NETDEBT_EBITDA_qb0of3__C13_EPS_DYN_ytdavg_gt_lyytdavg__v0,PB_qb0of3__NETDEBT_EBITDA_qb0of3,C13_EPS_DYN_ytdavg_gt_lyytdavg,0.2461121046679824,-0.5407451250995787,0.5745581279561862,75.99298245614035,v0
PB_qb0of3__ROE_qb0of3__C20_FCF_P_DYN_ytdavg_gt_lyytdavg__v1,PB_qb0of3__ROE_qb0of3,C20_FCF_P_DYN_ytdavg_gt_lyytdavg,0.2460884762876807,-0.6366008432813377,0.5625632377740304,24.18881118881119,v1
EV_S_qb0of3__NETDEBT_EBITDA_qb2of3__C3_ROE_DYN_qmax4__v0,EV_S_qb0of3__NETDEBT_EBITDA_qb2of3,C3_ROE_DYN_qmax4,0.24607426296600932,-0.7046744910507554,0.6012670378191591,124.61858974358974,v0
PB_qb0of3__CROIC_qb2of3__C10_EPS_DYN_qmax4__v0,PB_qb0of3__CROIC_qb2of3,C10_EPS_DYN_qmax4,0.2460196441953133,-0.6026691890916362,0.5696328150843533,118.50961538461539,v0
PS_qb0of3__None__C11_EPS_DYN_qmax8__v0,PS_qb0of3__None,C11_EPS_DYN_qmax8,0.24596859094712298,-0.6005960763800029,0.610160508782556,538.6602564102565,v0
PS_qb0of3__ROIC_qb0of3__C14_EPS_DYN_ytdavg_gt_lyavg__v1,PS_qb0of3__ROIC_qb0of3,C14_EPS_DYN_ytdavg_gt_lyavg,0.24595555366667354,-0.8270924583945822,0.5334075723830735,12.95,v1
EV_S_qb0of3__NETDEBT_EBITDA_qb2of3__C17_FCF_P_DYN_qmax4__v0,EV_S_qb0of3__NETDEBT_EBITDA_qb2of3,C17_FCF_P_DYN_qmax4,0.24583307569741608,-0.7035359101128016,0.6026243634939287,125.39423076923077,v0
EV_S_qb0of3__NETDEBT_EBITDA_qb2of3__C10_EPS_DYN_qmax4__v0,EV_S_qb0of3__NETDEBT_EBITDA_qb2of3,C10_EPS_DYN_qmax4,0.24579905216605646,-0.705156626740062,0.6010812898242904,124.76923076923077,v0
REVENUE_qb0of3__PB_qb0of3__None__v1,REVENUE_qb0of3__PB_qb0of3,None,0.24566847005669645,-0.5227261562062067,0.5695497102095408,50.03525641025641,v1
PB_qb0of3__CROIC_qb2of3__C11_EPS_DYN_qmax8__v0,PB_qb0of3__CROIC_qb2of3,C11_EPS_DYN_qmax8,0.24563302321398428,-0.6092360301817343,0.5682186453494653,116.70833333333333,v0
PB_qb0of3__CROIC_qb2of3__C3_ROE_DYN_qmax4__v0,PB_qb0of3__CROIC_qb2of3,C3_ROE_DYN_qmax4,0.24554355601508648,-0.604946971175484,0.5710991544965411,118.09294871794872,v0
PS_qb0of3__None__C4_ROE_DYN_qmax8__v0,PS_qb0of3__None,C4_ROE_DYN_qmax8,0.24551129894640122,-0.6003153672191325,0.6073722627737226,536.8365384615385,v0
PS_qb0of3__None__C3_ROE_DYN_qmax4__v0,PS_qb0of3__None,C3_ROE_DYN_qmax4,0.24550655199982785,-0.597622623085696,0.6269185360094451,546.4775641025641,v0
EV_S_qb0of3__DEBTRATIO_qb0of3__C10_EPS_DYN_qmax4__v0,EV_S_qb0of3__DEBTRATIO_qb0of3,C10_EPS_DYN_qmax4,0.24540998405093184,-0.5395080621627083,0.6176470588235294,181.15064102564102,v0
PS_qb0of3__DEBTRATIO_qb2of3__C7_ROE_DYN_ytdavg_gt_lyavg__v1,PS_qb0of3__DEBTRATIO_qb2of3,C7_ROE_DYN_ytdavg_gt_lyavg,0.2453995700524625,-0.6686848944017565,0.5827027027027027,27.176666666666666,v1
EV_S_qb0of3__DEBTRATIO_qb0of3__C3_ROE_DYN_qmax4__v0,EV_S_qb0of3__DEBTRATIO_qb0of3,C3_ROE_DYN_qmax4,0.24537237612460983,-0.540532338426629,0.6149766652524395,180.77884615384616,v0
PS_qb0of3__EV_EBITDA_qb0of3__C7_ROE_DYN_ytdavg_gt_lyavg__v1,PS_qb0of3__EV_EBITDA_qb0of3,C7_ROE_DYN_ytdavg_gt_lyavg,0.24535322188054187,-0.6465158824403432,0.5724310776942356,33.31666666666667,v1
EV_S_qb0of3__NETDEBT_EBITDA_qb2of3__C18_FCF_P_DYN_qmax8__v0,EV_S_qb0of3__NETDEBT_EBITDA_qb2of3,C18_FCF_P_DYN_qmax8,0.2453355762774423,-0.7009787758087633,0.5949644225506294,123.3301282051282,v0
P_IC_qb0of3__FCF_OI_qb0of3__C10_EPS_DYN_qmax4__v0,P_IC_qb0of3__FCF_OI_qb0of3,C10_EPS_DYN_qmax4,0.2451794969697978,-0.6596843234533591,0.5872205597606055,169.625,v0
ACCRUAL_qb0of3__MOM_qb0of3__C10_EPS_DYN_qmax4__v0,ACCRUAL_qb0of3__MOM_qb0of3,C10_EPS_DYN_qmax4,0.24512254834981295,-0.6032093773001418,0.5505676222072469,191.09935897435898,v0
PS_qb0of3__OCF_E_qb2of3__C6_ROE_DYN_ytdavg_gt_lyytdavg__v0,PS_qb0of3__OCF_E_qb2of3,C6_ROE_DYN_ytdavg_gt_lyytdavg,0.24504179753897937,-0.5619722493725918,0.5637975778546713,113.1923076923077,v0
EV_S_qb0of3__DEBTRATIO_qb0of3__C17_FCF_P_DYN_qmax4__v0,EV_S_qb0of3__DEBTRATIO_qb0of3,C17_FCF_P_DYN_qmax4,0.24499828793211664,-0.5377314128375681,0.6237201365187713,180.99679487179486,v0
EV_S_qb0of3__PB_qb0of3__C20_FCF_P_DYN_ytdavg_gt_lyytdavg__v1,EV_S_qb0of3__PB_qb0of3,C20_FCF_P_DYN_ytdavg_gt_lyytdavg,0.24494758436210207,-0.6909298879950924,0.5761569108182654,29.47902097902098,v1
PS_qb0of3__None__None__v0,PS_qb0of3__None,None,0.2448726637138916,-0.5944347366663864,0.6717755928282244,578.7564102564103,v0
P_IC_qb0of3__FCF_OI_qb0of3__C3_ROE_DYN_qmax4__v0,P_IC_qb0of3__FCF_OI_qb0of3,C3_ROE_DYN_qmax4,0.2448488754112601,-0.6592948134976746,0.5877093013062155,169.34615384615384,v0
PS_qb0of3__OCF_E_qb0of3__C14_EPS_DYN_ytdavg_gt_lyavg__v1,PS_qb0of3__OCF_E_qb0of3,C14_EPS_DYN_ytdavg_gt_lyavg,0.24484867706223334,-0.617913244603093,0.5581395348837209,22.753333333333334,v1
EV_S_qb0of3__DEBTRATIO_qb0of3__C11_EPS_DYN_qmax8__v0,EV_S_qb0of3__DEBTRATIO_qb0of3,C11_EPS_DYN_qmax8,0.24481112140011496,-0.5434556099463017,0.610051993067591,179.02243589743588,v0
EV_S_qb0of3__NETDEBT_EBITDA_qb2of3__C4_ROE_DYN_qmax8__v0,EV_S_qb0of3__NETDEBT_EBITDA_qb2of3,C4_ROE_DYN_qmax8,0.24470336867154452,-0.711484663084107,0.5954496978314966,122.16025641025641,v0
PS_qb0of3__FCF_P_qb2of3__C6_ROE_DYN_ytdavg_gt_lyytdavg__v0,PS_qb0of3__FCF_P_qb2of3,C6_ROE_DYN_ytdavg_gt_lyytdavg,0.24465831049560838,-0.6016141855167155,0.5687647893989588,128.65034965034965,v0
PS_qb0of3__FCF_P_qb0of3__C14_EPS_DYN_ytdavg_gt_lyavg__v1,PS_qb0of3__FCF_P_qb0of3,C14_EPS_DYN_ytdavg_gt_lyavg,0.24449694182798742,-0.6464179583788874,0.5604711289859236,24.336666666666666,v1
REVENUE_qb0of3__MOM_qb0of3__C7_ROE_DYN_ytdavg_gt_lyavg__v0,REVENUE_qb0of3__MOM_qb0of3,C7_ROE_DYN_ytdavg_gt_lyavg,0.24445348178493864,-0.5461722778027616,0.5506960556844548,91.28,v0
PB_qb0of3__CROIC_qb2of3__C17_FCF_P_DYN_qmax4__v1,PB_qb0of3__CROIC_qb2of3,C17_FCF_P_DYN_qmax4,0.24440743651701546,-0.5717713304161247,0.5727887747431721,29.227564102564102,v1
P_IC_qb0of3__EV_S_qb0of3__C7_ROE_DYN_ytdavg_gt_lyavg__v1,P_IC_qb0of3__EV_S_qb0of3,C7_ROE_DYN_ytdavg_gt_lyavg,0.24440526364882942,-0.6939107435857079,0.5792767732962448,27.483333333333334,v1
P_IC_qb0of3__CROIC_qb0of3__C7_ROE_DYN_ytdavg_gt_lyavg__v0,P_IC_qb0of3__CROIC_qb0of3,C7_ROE_DYN_ytdavg_gt_lyavg,0.24424242994350043,-0.5940046596158562,0.5863736263736263,76.30666666666667,v0
PB_qb0of3__MOM_qb0of3__C20_FCF_P_DYN_ytdavg_gt_lyytdavg__v0,PB_qb0of3__MOM_qb0of3,C20_FCF_P_DYN_ytdavg_gt_lyytdavg,0.24424102671830217,-0.7115557062736877,0.5730850707994202,81.68881118881119,v0
EV_S_qb0of3__DEBTRATIO_qb0of3__C18_FCF_P_DYN_qmax8__v0,EV_S_qb0of3__DEBTRATIO_qb0of3,C18_FCF_P_DYN_qmax8,0.24415172910933003,-0.5410654513732008,0.6185255198487712,178.69871794871796,v0
REVENUE_qb0of3__P_IC_qb1of3__C7_ROE_DYN_ytdavg_gt_lyavg__v0,REVENUE_qb0of3__P_IC_qb1of3,C7_ROE_DYN_ytdavg_gt_lyavg,0.24414397723564973,-0.4209155293201178,0.5461300309597523,64.05666666666667,v0
EV_S_qb0of3__DEBTRATIO_qb0of3__C4_ROE_DYN_qmax8__v0,EV_S_qb0of3__DEBTRATIO_qb0of3,C4_ROE_DYN_qmax8,0.2441207244134187,-0.5450063091619846,0.6073504594037127,178.43910256410257,v0
EV_S_qb0of3__OCF_E_qb0of3__C7_ROE_DYN_ytdavg_gt_lyavg__v0,EV_S_qb0of3__OCF_E_qb0of3,C7_ROE_DYN_ytdavg_gt_lyavg,0.24407546812271308,-0.5977509271391767,0.5648025443943812,84.3,v0
PB_qb0of3__CROIC_qb2of3__C14_EPS_DYN_ytdavg_gt_lyavg__v1,PB_qb0of3__CROIC_qb2of3,C14_EPS_DYN_ytdavg_gt_lyavg,0.24400833459246218,-0.5726576737798852,0.5744939271255061,17.713333333333335,v1
EV_S_qb0of3__DEBTRATIO_qb0of3__None__v0,EV_S_qb0of3__DEBTRATIO_qb0of3,None,0.2439435216461272,-0.5383779426767292,0.6330501507262264,185.03205128205127,v0
PB_qb0of3__CROIC_qb2of3__C18_FCF_P_DYN_qmax8__v1,PB_qb0of3__CROIC_qb2of3,C18_FCF_P_DYN_qmax8,0.24388220489358226,-0.5722350573175111,0.5710382513661202,28.916666666666668,v1
VOL_qb2of3__P_IC_qb1of3__C4_ROE_DYN_qmax8__v0,VOL_qb2of3__P_IC_qb1of3,C4_ROE_DYN_qmax8,0.2438441632950703,-0.5370303011769825,0.5381672087239334,157.0897435897436,v0
EV_S_qb0of3__NETDEBT_EBITDA_qb2of3__C11_EPS_DYN_qmax8__v0,EV_S_qb0of3__NETDEBT_EBITDA_qb2of3,C11_EPS_DYN_qmax8,0.24382598261832644,-0.7121248920654926,0.5958019375672766,122.40705128205128,v0
P_IC_qb0of3__ROIC_qb2of3__C14_EPS_DYN_ytdavg_gt_lyavg__v0,P_IC_qb0of3__ROIC_qb2of3,C14_EPS_DYN_ytdavg_gt_lyavg,0.24381706255331603,-0.615142990719804,0.5424929178470255,32.233333333333334,v0
EV_S_qb0of3__FCF_P_qb0of3__C13_EPS_DYN_ytdavg_gt_lyytdavg__v0,EV_S_qb0of3__FCF_P_qb0of3,C13_EPS_DYN_ytdavg_gt_lyytdavg,0.24379761103140662,-0.5805665338908684,0.5577565357595301,98.61052631578947,v0
VOL_qb2of3__P_IC_qb1of3__C3_ROE_DYN_qmax4__v0,VOL_qb2of3__P_IC_qb1of3,C3_ROE_DYN_qmax4,0.2436562250815959,-0.5347663176707107,0.5393838954961981,159.2147435897436,v0
REVENUE_qb0of3__PB_qb0of3__C6_ROE_DYN_ytdavg_gt_lyytdavg__v1,REVENUE_qb0of3__PB_qb0of3,C6_ROE_DYN_ytdavg_gt_lyytdavg,0.2436525563252807,-0.6606760356892546,0.5628502802241794,24.902097902097903,v1
ACCRUAL_qb0of3__MOM_qb0of3__C4_ROE_DYN_qmax8__v0,ACCRUAL_qb0of3__MOM_qb0of3,C4_ROE_DYN_qmax8,0.24363643379338296,-0.6100116509940374,0.5469026548672566,186.70833333333334,v0
VOL_qb2of3__EV_S_qb0of3__C7_ROE_DYN_ytdavg_gt_lyavg__v1,VOL_qb2of3__EV_S_qb0of3,C7_ROE_DYN_ytdavg_gt_lyavg,0.2436022566809961,-0.6886578443754212,0.5308837503959455,25.066666666666666,v1
EV_S_qb0of3__ROE_qb0of3__C20_FCF_P_DYN_ytdavg_gt_lyytdavg__v0,EV_S_qb0of3__ROE_qb0of3,C20_FCF_P_DYN_ytdavg_gt_lyytdavg,0.2435885272230809,-0.6836484697210663,0.5566188197767146,80.77622377622377,v0
PS_qb0of3__EV_S_qb1of3__C4_ROE_DYN_qmax8__v0,PS_qb0of3__EV_S_qb1of3,C4_ROE_DYN_qmax8,0.24358452123953955,-0.6207491379827295,0.5856827653836725,69.96794871794872,v0
PS_qb0of3__ROE_qb2of3__C14_EPS_DYN_ytdavg_gt_lyavg__v0,PS_qb0of3__ROE_qb2of3,C14_EPS_DYN_ytdavg_gt_lyavg,0.2435768375669023,-0.5563751447508851,0.5690677431563013,137.96,v0
P_IC_qb0of3__DEBTRATIO_qb2of3__C7_ROE_DYN_ytdavg_gt_lyavg__v0,P_IC_qb0of3__DEBTRATIO_qb2of3,C7_ROE_DYN_ytdavg_gt_lyavg,0.2435049657283288,-0.6645660902166586,0.5949940405244338,98.5,v0
VOL_qb2of3__P_IC_qb1of3__C11_EPS_DYN_qmax8__v0,VOL_qb2of3__P_IC_qb1of3,C11_EPS_DYN_qmax8,0.24326365187302512,-0.5382308158941314,0.5394433781190019,157.5352564102564,v0
PS_qb0of3__REV_G_qb2of3__C14_EPS_DYN_ytdavg_gt_lyavg__v0,PS_qb0of3__REV_G_qb2of3,C14_EPS_DYN_ytdavg_gt_lyavg,0.24306558399836709,-0.5628923646012285,0.5576696413537633,103.35,v0
PS_qb0of3__NETDEBT_EBITDA_qb2of3__C6_ROE_DYN_ytdavg_gt_lyytdavg__v0,PS_qb0of3__NETDEBT_EBITDA_qb2of3,C6_ROE_DYN_ytdavg_gt_lyytdavg,0.24296783763993646,-0.6836808768070453,0.5744278815872349,82.18531468531468,v0
P_IC_qb0of3__ROE_qb2of3__C7_ROE_DYN_ytdavg_gt_lyavg__v0,P_IC_qb0of3__ROE_qb2of3,C7_ROE_DYN_ytdavg_gt_lyavg,0.2428960818225787,-0.6228279830995633,0.569129916567342,74.59666666666666,v0
VOL_qb2of3__P_IC_qb1of3__C10_EPS_DYN_qmax4__v0,VOL_qb2of3__P_IC_qb1of3,C10_EPS_DYN_qmax4,0.2427209144293454,-0.5367539362993705,0.5394608321937878,159.50320512820514,v0
EV_S_qb0of3__ROIC_qb0of3__C7_ROE_DYN_ytdavg_gt_lyavg__v1,EV_S_qb0of3__ROIC_qb0of3,C7_ROE_DYN_ytdavg_gt_lyavg,0.24265176721924964,-0.8605082962396446,0.5482804232804233,10.886666666666667,v1
ACCRUAL_qb0of3__MOM_qb0of3__None__v0,ACCRUAL_qb0of3__MOM_qb0of3,None,0.24261078304886974,-0.5945871539579413,0.5482532860212904,205.80128205128204,v0
P_IC_qb0of3__PS_qb0of3__C12_EPS_DYN_yoy__v0,P_IC_qb0of3__PS_qb0of3,C12_EPS_DYN_yoy,0.2425841767182244,-0.686793899166769,0.568796992481203,10.203065134099617,v0
ACCRUAL_qb0of3__MOM_qb0of3__C11_EPS_DYN_qmax8__v0,ACCRUAL_qb0of3__MOM_qb0of3,C11_EPS_DYN_qmax8,0.2424180557849427,-0.6076701401849953,0.5474444964384132,187.19551282051282,v0
P_IC_qb0of3__CROIC_qb0of3__C18_FCF_P_DYN_qmax8__v0,P_IC_qb0of3__CROIC_qb0of3,C18_FCF_P_DYN_qmax8,0.24232469329884787,-0.6798616932975536,0.5828277721604315,160.125,v0
P_IC_qb0of3__CROIC_qb0of3__C11_EPS_DYN_qmax8__v0,P_IC_qb0of3__CROIC_qb0of3,C11_EPS_DYN_qmax8,0.2422321405627177,-0.678443249102636,0.5861223799864773,163.76282051282053,v0
EV_EBITDA_qb0of3__PB_qb0of3__C4_ROE_DYN_qmax8__v1,EV_EBITDA_qb0of3__PB_qb0of3,C4_ROE_DYN_qmax8,0.24221696765117762,-0.6376283177125273,0.5726036064536539,54.705128205128204,v1
PS_qb0of3__ROE_qb0of3__C20_FCF_P_DYN_ytdavg_gt_lyytdavg__v0,PS_qb0of3__ROE_qb0of3,C20_FCF_P_DYN_ytdavg_gt_lyytdavg,0.2422152838792686,-0.6900938344061003,0.5652691049658043,87.44755244755245,v0
P_IC_qb0of3__CROIC_qb0of3__C17_FCF_P_DYN_qmax4__v0,P_IC_qb0of3__CROIC_qb0of3,C17_FCF_P_DYN_qmax4,0.24209651137274624,-0.6775899209759975,0.5881441968510711,163.625,v0
EV_EBITDA_qb0of3__PB_qb0of3__C3_ROE_DYN_qmax4__v1,EV_EBITDA_qb0of3__PB_qb0of3,C3_ROE_DYN_qmax4,0.24207814678790118,-0.6328211869289124,0.5734612310151879,55.44871794871795,v1
P_IC_qb0of3__EV_S_qb0of3__C14_EPS_DYN_ytdavg_gt_lyavg__v1,P_IC_qb0of3__EV_S_qb0of3,C14_EPS_DYN_ytdavg_gt_lyavg,0.24204675872358883,-0.7313267537144783,0.5716096324461344,31.033333333333335,v1
P_IC_qb0of3__CROIC_qb0of3__C4_ROE_DYN_qmax8__v0,P_IC_qb0of3__CROIC_qb0of3,C4_ROE_DYN_qmax8,0.24203551360859876,-0.6768467497781179,0.5858526315789474,163.34615384615384,v0
P_IC_qb0of3__OCF_E_qb2of3__C17_FCF_P_DYN_qmax4__v0,P_IC_qb0of3__OCF_E_qb2of3,C17_FCF_P_DYN_qmax4,0.24197910862173955,-0.652404211538086,0.5771053590958805,160.375,v0
ROIC_qb0of3__MOM_qb0of3__C14_EPS_DYN_ytdavg_gt_lyavg__v0,ROIC_qb0of3__MOM_qb0of3,C14_EPS_DYN_ytdavg_gt_lyavg,0.24183594420245136,-0.6467331459418548,0.5374219309921163,99.20333333333333,v0
PS_qb0of3__None__C7_ROE_DYN_ytdavg_gt_lyavg__v0,PS_qb0of3__None,C7_ROE_DYN_ytdavg_gt_lyavg,0.24173438217407606,-0.6045029262670218,0.593940586267952,274.29,v0
EV_S_qb0of3__NETDEBT_EBITDA_qb2of3__None__v0,EV_S_qb0of3__NETDEBT_EBITDA_qb2of3,None,0.2416553007072897,-0.7024094203871356,0.6139198949441891,132.0,v0
PS_qb0of3__DEBTRATIO_qb0of3__C14_EPS_DYN_ytdavg_gt_lyavg__v0,PS_qb0of3__DEBTRATIO_qb0of3,C14_EPS_DYN_ytdavg_gt_lyavg,0.24158628773478297,-0.5337199950342808,0.5800995024875621,71.04333333333334,v0
PB_qb0of3__ROIC_qb0of3__C20_FCF_P_DYN_ytdavg_gt_lyytdavg__v1,PB_qb0of3__ROIC_qb0of3,C20_FCF_P_DYN_ytdavg_gt_lyytdavg,0.241535551708022,-0.6767885331250474,0.5582801477997985,24.53846153846154,v1
PB_qb0of3__DEBTRATIO_qb2of3__C6_ROE_DYN_ytdavg_gt_lyytdavg__v0,PB_qb0of3__DEBTRATIO_qb2of3,C6_ROE_DYN_ytdavg_gt_lyytdavg,0.24150275161152046,-0.6077897923145561,0.5877790834312574,87.82867132867133,v0
EV_S_qb0of3__DEBTRATIO_qb2of3__C17_FCF_P_DYN_qmax4__v1,EV_S_qb0of3__DEBTRATIO_qb2of3,C17_FCF_P_DYN_qmax4,0.24148250973736562,-0.6892263482221885,0.5655783065855008,37.23397435897436,v1
PB_qb0of3__ACCRUAL_qb0of3__C7_ROE_DYN_ytdavg_gt_lyavg__v1,PB_qb0of3__ACCRUAL_qb0of3,C7_ROE_DYN_ytdavg_gt_lyavg,0.24147519909082127,-0.7267754918997742,0.5670013094718463,15.78,v1
EV_S_qb0of3__REV_G_qb2of3__C3_ROE_DYN_qmax4__v1,EV_S_qb0of3__REV_G_qb2of3,C3_ROE_DYN_qmax4,0.24145814560244117,-0.6975729893533582,0.5625,37.958333333333336,v1
P_IC_qb0of3__OCF_E_qb2of3__C10_EPS_DYN_qmax4__v0,P_IC_qb0of3__OCF_E_qb2of3,C10_EPS_DYN_qmax4,0.24143732920975802,-0.654759753763082,0.5756491421231306,158.71153846153845,v0
P_IC_qb0of3__OCF_E_qb2of3__C11_EPS_DYN_qmax8__v0,P_IC_qb0of3__OCF_E_qb2of3,C11_EPS_DYN_qmax8,0.24139114491863745,-0.6624865647692164,0.5737413271659847,156.22435897435898,v0
EV_S_qb0of3__FCF_OI_qb2of3__C17_FCF_P_DYN_qmax4__v0,EV_S_qb0of3__FCF_OI_qb2of3,C17_FCF_P_DYN_qmax4,0.2413634950081367,-0.5989444365576442,0.5732468780019212,101.80448717948718,v0
EV_S_qb0of3__REV_G_qb2of3__C4_ROE_DYN_qmax8__v1,EV_S_qb0of3__REV_G_qb2of3,C4_ROE_DYN_qmax8,0.2411866685883146,-0.7012456518854155,0.5612065169528841,37.37820512820513,v1
REVENUE_qb0of3__PB_qb0of3__C4_ROE_DYN_qmax8__v1,REVENUE_qb0of3__PB_qb0of3,C4_ROE_DYN_qmax8,0.24118446911490943,-0.5292369032772334,0.5669546436285097,48.67628205128205,v1
PB_qb0of3__ROIC_qb0of3__C7_ROE_DYN_ytdavg_gt_lyavg__v1,PB_qb0of3__ROIC_qb0of3,C7_ROE_DYN_ytdavg_gt_lyavg,0.2411599245166638,-0.6668282255708139,0.5614849187935035,21.446666666666665,v1
PB_qb0of3__CROIC_qb2of3__C4_ROE_DYN_qmax8__v1,PB_qb0of3__CROIC_qb2of3,C4_ROE_DYN_qmax8,0.2410854969579237,-0.5876864511682346,0.572574580095262,28.083333333333332,v1
P_IC_qb0of3__OCF_E_qb0of3__C18_FCF_P_DYN_qmax8__v0,P_IC_qb0of3__OCF_E_qb0of3,C18_FCF_P_DYN_qmax8,0.24104936513146002,-0.622458049613932,0.5815295815295816,169.8653846153846,v0
ACCRUAL_qb0of3__MOM_qb0of3__C17_FCF_P_DYN_qmax4__v0,ACCRUAL_qb0of3__MOM_qb0of3,C17_FCF_P_DYN_qmax4,0.24104020868741705,-0.601363987019464,0.5494278940315431,193.80128205128204,v0
EV_S_qb0of3__DEBTRATIO_qb2of3__C10_EPS_DYN_qmax4__v1,EV_S_qb0of3__DEBTRATIO_qb2of3,C10_EPS_DYN_qmax4,0.24101645127000637,-0.6899468271602713,0.5694098088113051,37.157051282051285,v1
P_IC_qb0of3__OCF_E_qb2of3__C18_FCF_P_DYN_qmax8__v0,P_IC_qb0of3__OCF_E_qb2of3,C18_FCF_P_DYN_qmax8,0.24099896450784697,-0.6552817796597091,0.5752953623699524,158.83333333333334,v0
EV_S_qb0of3__FCF_OI_qb2of3__C18_FCF_P_DYN_qmax8__v0,EV_S_qb0of3__FCF_OI_qb2of3,C18_FCF_P_DYN_qmax8,0.2409044503595683,-0.5997157305468648,0.5721051385271134,101.23076923076923,v0
P_IC_qb0of3__CROIC_qb0of3__C10_EPS_DYN_qmax4__v0,P_IC_qb0of3__CROIC_qb0of3,C10_EPS_DYN_qmax4,0.24088755276338314,-0.6782076396143348,0.589374892371276,166.10897435897436,v0
PB_qb0of3__CROIC_qb2of3__C3_ROE_DYN_qmax4__v1,PB_qb0of3__CROIC_qb2of3,C3_ROE_DYN_qmax4,0.24079467455876213,-0.5798724285859382,0.5715725806451613,28.650641025641026,v1
PB_qb0of3__CROIC_qb2of3__C10_EPS_DYN_qmax4__v1,PB_qb0of3__CROIC_qb2of3,C10_EPS_DYN_qmax4,0.2407848370801431,-0.5726616070406303,0.5728351426407473,28.78525641025641,v1
PB_qb0of3__DEBTRATIO_qb2of3__None__v1,PB_qb0of3__DEBTRATIO_qb2of3,None,0.24067389008789797,-0.6423016818877297,0.5940499040307101,46.84935897435897,v1
PS_qb0of3__OCF_E_qb0of3__C7_ROE_DYN_ytdavg_gt_lyavg__v0,PS_qb0of3__OCF_E_qb0of3,C7_ROE_DYN_ytdavg_gt_lyavg,0.2406679906491518,-0.6253656403146134,0.5582163501238646,82.82666666666667,v0
PS_qb0of3__EV_S_qb1of3__C3_ROE_DYN_qmax4__v0,PS_qb0of3__EV_S_qb1of3,C3_ROE_DYN_qmax4,0.24061078091502663,-0.6166345232456001,0.5886889460154242,71.11858974358974,v0
P_IC_qb0of3__FCF_P_qb2of3__C7_ROE_DYN_ytdavg_gt_lyavg__v0,P_IC_qb0of3__FCF_P_qb2of3,C7_ROE_DYN_ytdavg_gt_lyavg,0.24055862621649604,-0.5733788712048746,0.5783761218952203,144.40666666666667,v0
REVENUE_qb0of3__PB_qb0of3__C3_ROE_DYN_qmax4__v1,REVENUE_qb0of3__PB_qb0of3,C3_ROE_DYN_qmax4,0.2405424290396745,-0.529977696523261,0.5691803278688524,49.19230769230769,v1
P_IC_qb0of3__OCF_E_qb2of3__C3_ROE_DYN_qmax4__v0,P_IC_qb0of3__OCF_E_qb2of3,C3_ROE_DYN_qmax4,0.2405264367120643,-0.6559202907110301,0.5759707629054363,158.3653846153846,v0
PS_qb0of3__ROE_qb2of3__C6_ROE_DYN_ytdavg_gt_lyytdavg__v0,PS_qb0of3__ROE_qb2of3,C6_ROE_DYN_ytdavg_gt_lyytdavg,0.24051448936381137,-0.566392948853948,0.5672236503856041,119.44405594405595,v0
P_IC_qb0of3__FCF_P_qb0of3__C6_ROE_DYN_ytdavg_gt_lyytdavg__v0,P_IC_qb0of3__FCF_P_qb0of3,C6_ROE_DYN_ytdavg_gt_lyytdavg,0.2405113401685124,-0.6062982112352813,0.5800062383031815,74.45104895104895,v0
EV_S_qb0of3__ACCRUAL_qb0of3__C20_FCF_P_DYN_ytdavg_gt_lyytdavg__v0,EV_S_qb0of3__ACCRUAL_qb0of3,C20_FCF_P_DYN_ytdavg_gt_lyytdavg,0.2404695923298108,-0.5912488479550043,0.5596987167565557,118.13986013986013,v0
P_IC_qb0of3__ACCRUAL_qb0of3__C14_EPS_DYN_ytdavg_gt_lyavg__v1,P_IC_qb0of3__ACCRUAL_qb0of3,C14_EPS_DYN_ytdavg_gt_lyavg,0.2403651471513546,-0.7169973104208327,0.5560538116591929,13.363333333333333,v1
PS_qb0of3__FCF_P_qb2of3__C13_EPS_DYN_ytdavg_gt_lyytdavg__v0,PS_qb0of3__FCF_P_qb2of3,C13_EPS_DYN_ytdavg_gt_lyytdavg,0.24034739362747537,-0.5798887485913637,0.5687661203095099,148.30526315789473,v0
PS_qb0of3__ACCRUAL_qb0of3__C13_EPS_DYN_ytdavg_gt_lyytdavg__v0,PS_qb0of3__ACCRUAL_qb0of3,C13_EPS_DYN_ytdavg_gt_lyytdavg,0.24032541352294268,-0.5680396904850461,0.5611282153143311,105.3859649122807,v0
P_IC_qb0of3__CROIC_qb0of3__C3_ROE_DYN_qmax4__v0,P_IC_qb0of3__CROIC_qb0of3,C3_ROE_DYN_qmax4,0.24024731769077667,-0.6768797382473344,0.5892305049811062,165.81410256410257,v0
P_IC_qb0of3__OCF_E_qb2of3__C4_ROE_DYN_qmax8__v0,P_IC_qb0of3__OCF_E_qb2of3,C4_ROE_DYN_qmax8,0.24024126185871908,-0.6641995812687305,0.5730694468987454,155.67948717948718,v0
PB_qb0of3__ACCRUAL_qb0of3__C6_ROE_DYN_ytdavg_gt_lyytdavg__v1,PB_qb0of3__ACCRUAL_qb0of3,C6_ROE_DYN_ytdavg_gt_lyytdavg,0.24021266966908672,-0.8161458848257352,0.5584714548802947,15.05944055944056,v1
EV_EBITDA_qb0of3__EV_S_qb0of3__C7_ROE_DYN_ytdavg_gt_lyavg__v1,EV_EBITDA_qb0of3__EV_S_qb0of3,C7_ROE_DYN_ytdavg_gt_lyavg,0.2401090102491259,-0.6116276384791697,0.5656307977736549,36.41,v1
EV_S_qb0of3__ROIC_qb0of3__C4_ROE_DYN_qmax8__v1,EV_S_qb0of3__ROIC_qb0of3,C4_ROE_DYN_qmax8,0.239961800689803,-0.7370275960284518,0.5469329529243937,28.419871794871796,v1
EV_S_qb0of3__ROIC_qb0of3__C20_FCF_P_DYN_ytdavg_gt_lyytdavg__v1,EV_S_qb0of3__ROIC_qb0of3,C20_FCF_P_DYN_ytdavg_gt_lyytdavg,0.23992884531896408,-0.8546032779113698,0.5563869588455371,14.3006993006993,v1
EV_S_qb0of3__FCF_OI_qb0of3__C7_ROE_DYN_ytdavg_gt_lyavg__v0,EV_S_qb0of3__FCF_OI_qb0of3,C7_ROE_DYN_ytdavg_gt_lyavg,0.2399260016415825,-0.5759734250995123,0.5659155981576,88.33333333333333,v0
EV_S_qb0of3__DEBTRATIO_qb2of3__C14_EPS_DYN_ytdavg_gt_lyavg__v1,EV_S_qb0of3__DEBTRATIO_qb2of3,C14_EPS_DYN_ytdavg_gt_lyavg,0.23990704362158932,-0.6759520091449556,0.5745245466607696,22.52,v1
PB_qb0of3__ROE_qb0of3__C6_ROE_DYN_ytdavg_gt_lyytdavg__v0,PB_qb0of3__ROE_qb0of3,C6_ROE_DYN_ytdavg_gt_lyytdavg,0.23985997944884252,-0.6046694803310773,0.5652605459057072,82.94755244755245,v0
PB_qb0of3__DEBTRATIO_qb2of3__C18_FCF_P_DYN_qmax8__v1,PB_qb0of3__DEBTRATIO_qb2of3,C18_FCF_P_DYN_qmax8,0.2398207262265606,-0.63858513635915,0.5877689694224235,45.00961538461539,v1
P_IC_qb0of3__NETDEBT_EBITDA_qb0of3__C3_ROE_DYN_qmax4__v0,P_IC_qb0of3__NETDEBT_EBITDA_qb0of3,C3_ROE_DYN_qmax4,0.23967102560262776,-0.5972191021107258,0.6196298744216788,101.35576923076923,v0
P_IC_qb0of3__NETDEBT_EBITDA_qb0of3__C4_ROE_DYN_qmax8__v0,P_IC_qb0of3__NETDEBT_EBITDA_qb0of3,C4_ROE_DYN_qmax8,0.23954586653223853,-0.6000723731290186,0.613573830632834,100.26602564102564,v0
PB_qb0of3__None__C12_EPS_DYN_yoy__v0,PB_qb0of3__None,C12_EPS_DYN_yoy,0.23952417381728108,-0.5431796905654551,0.5626009693053312,17.02405498281787,v0
P_IC_qb0of3__NETDEBT_EBITDA_qb0of3__C11_EPS_DYN_qmax8__v0,P_IC_qb0of3__NETDEBT_EBITDA_qb0of3,C11_EPS_DYN_qmax8,0.23943103902029073,-0.6003831866969136,0.6139520202020202,100.74679487179488,v0
PB_qb0of3__CROIC_qb2of3__C11_EPS_DYN_qmax8__v1,PB_qb0of3__CROIC_qb2of3,C11_EPS_DYN_qmax8,0.23938839823156988,-0.5814866412707738,0.573766364551863,28.307692307692307,v1
P_IC_qb0of3__OCF_E_qb0of3__C17_FCF_P_DYN_qmax4__v0,P_IC_qb0of3__OCF_E_qb0of3,C17_FCF_P_DYN_qmax4,0.239374263681976,-0.6214146864442925,0.5856700358656668,172.93269230769232,v0
P_IC_qb0of3__OCF_E_qb2of3__None__v0,P_IC_qb0of3__OCF_E_qb2of3,None,0.23937264791212765,-0.6499990809602221,0.5760940561724364,169.62820512820514,v0
PB_qb0of3__DEBTRATIO_qb2of3__C17_FCF_P_DYN_qmax4__v1,PB_qb0of3__DEBTRATIO_qb2of3,C17_FCF_P_DYN_qmax4,0.2393703428154974,-0.6423335867753797,0.5909617612977984,45.73397435897436,v1
ACCRUAL_qb0of3__MOM_qb0of3__C18_FCF_P_DYN_qmax8__v0,ACCRUAL_qb0of3__MOM_qb0of3,C18_FCF_P_DYN_qmax8,0.2393413158730895,-0.6040807866629936,0.5471717535642596,191.7147435897436,v0
P_IC_qb0of3__ROIC_qb0of3__C20_FCF_P_DYN_ytdavg_gt_lyytdavg__v1,P_IC_qb0of3__ROIC_qb0of3,C20_FCF_P_DYN_ytdavg_gt_lyytdavg,0.23931053386547596,-0.6948189070663049,0.5676654593348699,25.54895104895105,v1
VOL_qb2of3__P_IC_qb1of3__C18_FCF_P_DYN_qmax8__v0,VOL_qb2of3__P_IC_qb1of3,C18_FCF_P_DYN_qmax8,0.23924881563093203,-0.5482025857951933,0.5417941851568477,157.10897435897436,v0
EV_S_qb0of3__DEBTRATIO_qb2of3__None__v1,EV_S_qb0of3__DEBTRATIO_qb2of3,None,0.23924058106725887,-0.6928629998826713,0.5715938675151866,38.30128205128205,v1
EV_EBITDA_qb0of3__PB_qb0of3__C20_FCF_P_DYN_ytdavg_gt_lyytdavg__v1,EV_EBITDA_qb0of3__PB_qb0of3,C20_FCF_P_DYN_ytdavg_gt_lyytdavg,0.2392164186630248,-0.7099141827964828,0.5781881130986728,27.734265734265733,v1
PB_qb0of3__CROIC_qb2of3__C13_EPS_DYN_ytdavg_gt_lyytdavg__v0,PB_qb0of3__CROIC_qb2of3,C13_EPS_DYN_ytdavg_gt_lyytdavg,0.23920119142837049,-0.5577546408735103,0.5698175787728027,66.65263157894736,v0
EV_S_qb0of3__REV_G_qb2of3__C10_EPS_DYN_qmax4__v1,EV_S_qb0of3__REV_G_qb2of3,C10_EPS_DYN_qmax4,0.23919854849264754,-0.6961395193170384,0.5629745422063421,38.07692307692308,v1
P_IC_qb0of3__NETDEBT_EBITDA_qb0of3__C10_EPS_DYN_qmax4__v0,P_IC_qb0of3__NETDEBT_EBITDA_qb0of3,C10_EPS_DYN_qmax4,0.23897983380400167,-0.5994426590412281,0.6198375084631009,101.6698717948718,v0
EV_S_qb0of3__REV_G_qb2of3__C18_FCF_P_DYN_qmax8__v1,EV_S_qb0of3__REV_G_qb2of3,C18_FCF_P_DYN_qmax8,0.23891641769784155,-0.7019671675520116,0.560529217199559,37.52564102564103,v1
EV_S_qb0of3__DEBTRATIO_qb2of3__C3_ROE_DYN_qmax4__v1,EV_S_qb0of3__DEBTRATIO_qb2of3,C3_ROE_DYN_qmax4,0.23890845515789683,-0.6877501772870077,0.5676795580110497,37.07051282051282,v1
VOL_qb2of3__P_IC_qb1of3__C17_FCF_P_DYN_qmax4__v0,VOL_qb2of3__P_IC_qb1of3,C17_FCF_P_DYN_qmax4,0.23889641440036158,-0.544568070019515,0.5418661455788959,159.0897435897436,v0
P_IC_qb0of3__DEBTRATIO_qb2of3__C18_FCF_P_DYN_qmax8__v0,P_IC_qb0of3__DEBTRATIO_qb2of3,C18_FCF_P_DYN_qmax8,0.23875456189906874,-0.7004422792563094,0.6221914967162115,205.55769230769232,v0
EV_S_qb0of3__OCF_E_qb2of3__C11_EPS_DYN_qmax8__v0,EV_S_qb0of3__OCF_E_qb2of3,C11_EPS_DYN_qmax8,0.23874857229306956,-0.5772747572516843,0.5693767118712005,205.80448717948718,v0
EV_S_qb0of3__REV_G_qb2of3__C17_FCF_P_DYN_qmax4__v1,EV_S_qb0of3__REV_G_qb2of3,C17_FCF_P_DYN_qmax4,0.23871647324462608,-0.7010499005623106,0.5629448398576512,38.05448717948718,v1
EV_S_qb0of3__REV_G_qb2of3__C11_EPS_DYN_qmax8__v1,EV_S_qb0of3__REV_G_qb2of3,C11_EPS_DYN_qmax8,0.2386576641890672,-0.7056719552129157,0.5623889875666075,37.580128205128204,v1
P_IC_qb0of3__DEBTRATIO_qb2of3__C17_FCF_P_DYN_qmax4__v0,P_IC_qb0of3__DEBTRATIO_qb2of3,C17_FCF_P_DYN_qmax4,0.23861341358257349,-0.6992512991453026,0.6381029920618767,208.84294871794873,v0
FCF_P_qb2of3__MOM_qb0of3__C6_ROE_DYN_ytdavg_gt_lyytdavg__v0,FCF_P_qb2of3__MOM_qb0of3,C6_ROE_DYN_ytdavg_gt_lyytdavg,0.23857114820097292,-0.576695273849523,0.5681720890410958,74.8076923076923,v0
P_IC_qb0of3__OCF_E_qb0of3__C11_EPS_DYN_qmax8__v0,P_IC_qb0of3__OCF_E_qb0of3,C11_EPS_DYN_qmax8,0.2385488077579836,-0.6239534894598067,0.5837493960380093,173.33653846153845,v0
EV_S_qb0of3__DEBTRATIO_qb2of3__C18_FCF_P_DYN_qmax8__v1,EV_S_qb0of3__DEBTRATIO_qb2of3,C18_FCF_P_DYN_qmax8,0.23850650928068284,-0.6879911978025466,0.5628371089536138,36.55128205128205,v1
EV_S_qb0of3__MOM_qb0of3__C14_EPS_DYN_ytdavg_gt_lyavg__v0,EV_S_qb0of3__MOM_qb0of3,C14_EPS_DYN_ytdavg_gt_lyavg,0.23847946339935855,-0.6187231117572958,0.582827763496144,95.85,v0
EV_S_qb0of3__ROIC_qb0of3__None__v1,EV_S_qb0of3__ROIC_qb0of3,None,0.23843632265751458,-0.7420686311843407,0.5525866969869244,30.221153846153847,v1
EV_S_qb0of3__NETDEBT_EBITDA_qb2of3__C10_EPS_DYN_qmax4__v1,EV_S_qb0of3__NETDEBT_EBITDA_qb2of3,C10_EPS_DYN_qmax4,0.23839457470119862,-0.7331140447274143,0.5556962025316455,28.419871794871796,v1
EV_S_qb0of3__REV_G_qb2of3__None__v1,EV_S_qb0of3__REV_G_qb2of3,None,0.23834224519667457,-0.6906388404052826,0.5649807212519846,39.07371794871795,v1
EV_S_qb0of3__ROIC_qb0of3__C3_ROE_DYN_qmax4__v1,EV_S_qb0of3__ROIC_qb0of3,C3_ROE_DYN_qmax4,0.2382660818933795,-0.7186560621632646,0.5477888730385164,29.03525641025641,v1
EV_S_qb0of3__OCF_E_qb2of3__C10_EPS_DYN_qmax4__v0,EV_S_qb0of3__OCF_E_qb2of3,C10_EPS_DYN_qmax4,0.23823691557969218,-0.5716398231717377,0.5711404728789986,209.53846153846155,v0
P_IC_qb0of3__OCF_E_qb0of3__C4_ROE_DYN_qmax8__v0,P_IC_qb0of3__OCF_E_qb0of3,C4_ROE_DYN_qmax8,0.23821771110579548,-0.6233158135517927,0.5840587812475042,172.65705128205127,v0
P_IC_qb0of3__OCF_E_qb0of3__C10_EPS_DYN_qmax4__v0,P_IC_qb0of3__OCF_E_qb0of3,C10_EPS_DYN_qmax4,0.23813063015401714,-0.6221312461939303,0.5857364594395883,175.39102564102564,v0
EV_S_qb0of3__OCF_E_qb2of3__None__v0,EV_S_qb0of3__OCF_E_qb2of3,None,0.23807027029265226,-0.5652570804796863,0.5746187757461878,220.59615384615384,v0
P_IC_qb0of3__FCF_OI_qb0of3__None__v0,P_IC_qb0of3__FCF_OI_qb0of3,None,0.2378513417628798,-0.6586756748311485,0.5902654867256637,182.1698717948718,v0
P_IC_qb0of3__MOM_qb0of3__C4_ROE_DYN_qmax8__v0,P_IC_qb0of3__MOM_qb0of3,C4_ROE_DYN_qmax8,0.2378309999456818,-0.675299137659183,0.592470458917285,163.31089743589743,v0
PS_qb0of3__OCF_E_qb0of3__C7_ROE_DYN_ytdavg_gt_lyavg__v1,PS_qb0of3__OCF_E_qb0of3,C7_ROE_DYN_ytdavg_gt_lyavg,0.23782758576003515,-0.656198913108988,0.557652711050103,19.663333333333334,v1
P_IC_qb0of3__DEBTRATIO_qb2of3__None__v0,P_IC_qb0of3__DEBTRATIO_qb2of3,None,0.23782741237160687,-0.6980398693506839,0.6712166172106825,214.82051282051282,v0
REVENUE_qb0of3__P_IC_qb1of3__C20_FCF_P_DYN_ytdavg_gt_lyytdavg__v0,REVENUE_qb0of3__P_IC_qb1of3,C20_FCF_P_DYN_ytdavg_gt_lyytdavg,0.23778376939836,-0.48662084067434275,0.5526241134751773,60.24125874125874,v0
EV_S_qb0of3__OCF_E_qb2of3__C3_ROE_DYN_qmax4__v0,EV_S_qb0of3__OCF_E_qb2of3,C3_ROE_DYN_qmax4,0.23774156767536225,-0.5709288695795913,0.5703508893349021,209.07692307692307,v0
P_IC_qb0of3__ROE_qb0of3__None__v1,P_IC_qb0of3__ROE_qb0of3,None,0.2377171078620215,-0.6854368232377142,0.5688115411037326,38.6474358974359,v1
EV_S_qb0of3__OCF_E_qb2of3__C17_FCF_P_DYN_qmax4__v0,EV_S_qb0of3__OCF_E_qb2of3,C17_FCF_P_DYN_qmax4,0.23766483621958656,-0.5698086253839748,0.5748701973001038,211.85897435897436,v0
EV_S_qb0of3__OCF_E_qb2of3__C14_EPS_DYN_ytdavg_gt_lyavg__v0,EV_S_qb0of3__OCF_E_qb2of3,C14_EPS_DYN_ytdavg_gt_lyavg,0.2375962704903649,-0.5507529696011038,0.5735864056444401,130.69333333333333,v0
EV_S_qb0of3__DEBTRATIO_qb2of3__C11_EPS_DYN_qmax8__v1,EV_S_qb0of3__DEBTRATIO_qb2of3,C11_EPS_DYN_qmax8,0.23756808833139997,-0.6928181542843181,0.5692640692640693,36.49038461538461,v1
PS_qb0of3__DEBTRATIO_qb0of3__C11_EPS_DYN_qmax8__v1,PS_qb0of3__DEBTRATIO_qb0of3,C11_EPS_DYN_qmax8,0.23752187281586767,-0.5123838903280736,0.5675584151710126,28.51923076923077,v1
EV_S_qb0of3__MOM_qb0of3__C7_ROE_DYN_ytdavg_gt_lyavg__v0,EV_S_qb0of3__MOM_qb0of3,C7_ROE_DYN_ytdavg_gt_lyavg,0.23750153029427246,-0.6249627960835393,0.5824011071387383,82.92,v0
EV_S_qb0of3__FCF_OI_qb0of3__C13_EPS_DYN_ytdavg_gt_lyytdavg__v0,EV_S_qb0of3__FCF_OI_qb0of3,C13_EPS_DYN_ytdavg_gt_lyytdavg,0.23739648122544987,-0.5739427952999229,0.5603071344779781,102.34736842105264,v0
P_IC_qb0of3__MOM_qb0of3__C11_EPS_DYN_qmax8__v0,P_IC_qb0of3__MOM_qb0of3,C11_EPS_DYN_qmax8,0.23735387996044577,-0.67343461665389,0.5922290107777854,163.85256410256412,v0
PB_qb0of3__OCF_E_qb0of3__C13_EPS_DYN_ytdavg_gt_lyytdavg__v0,PB_qb0of3__OCF_E_qb0of3,C13_EPS_DYN_ytdavg_gt_lyytdavg,0.2373007563235885,-0.5738330598987591,0.5718315972222222,115.43859649122807,v0
EV_S_qb0of3__OCF_E_qb2of3__C4_ROE_DYN_qmax8__v0,EV_S_qb0of3__OCF_E_qb2of3,C4_ROE_DYN_qmax8,0.23729187116661943,-0.5770530692191707,0.5682119205298013,204.97115384615384,v0
EV_S_qb0of3__OCF_E_qb2of3__C18_FCF_P_DYN_qmax8__v0,EV_S_qb0of3__OCF_E_qb2of3,C18_FCF_P_DYN_qmax8,0.2372585681000039,-0.5695671667802724,0.5743903249385341,209.4903846153846,v0
P_IC_qb0of3__FCF_P_qb0of3__C13_EPS_DYN_ytdavg_gt_lyytdavg__v0,P_IC_qb0of3__FCF_P_qb0of3,C13_EPS_DYN_ytdavg_gt_lyytdavg,0.23713779162850002,-0.5920206211920609,0.5791032718459674,86.1719298245614,v0
PS_qb0of3__OCF_E_qb2of3__C20_FCF_P_DYN_ytdavg_gt_lyytdavg__v0,PS_qb0of3__OCF_E_qb2of3,C20_FCF_P_DYN_ytdavg_gt_lyytdavg,0.23706288434474976,-0.5821352157827946,0.5704911886014248,128.54545454545453,v0
ROIC_qb0of3__MOM_qb0of3__None__v0,ROIC_qb0of3__MOM_qb0of3,None,0.2370598601423286,-0.6533025392702234,0.546860585011125,237.94551282051282,v0
EV_S_qb0of3__NETDEBT_EBITDA_qb2of3__C13_EPS_DYN_ytdavg_gt_lyytdavg__v0,EV_S_qb0of3__NETDEBT_EBITDA_qb2of3,C13_EPS_DYN_ytdavg_gt_lyytdavg,0.23699272496475365,-0.6370845518622733,0.5730779323012333,60.69122807017544,v0
PS_qb0of3__PB_qb0of3__C6_ROE_DYN_ytdavg_gt_lyytdavg__v1,PS_qb0of3__PB_qb0of3,C6_ROE_DYN_ytdavg_gt_lyytdavg,0.23696330784960518,-0.6907630504740818,0.5752071383046526,29.846153846153847,v1
EV_S_qb0of3__NETDEBT_EBITDA_qb2of3__C17_FCF_P_DYN_qmax4__v1,EV_S_qb0of3__NETDEBT_EBITDA_qb2of3,C17_FCF_P_DYN_qmax4,0.23685366146658637,-0.7371254096856339,0.5569221065909807,28.631410256410255,v1
VOL_qb2of3__PS_qb0of3__C6_ROE_DYN_ytdavg_gt_lyytdavg__v1,VOL_qb2of3__PS_qb0of3,C6_ROE_DYN_ytdavg_gt_lyytdavg,0.2367992443832847,-0.7297366417227134,0.5302325581395348,24.594405594405593,v1
PS_qb0of3__ACCRUAL_qb0of3__C6_ROE_DYN_ytdavg_gt_lyytdavg__v0,PS_qb0of3__ACCRUAL_qb0of3,C6_ROE_DYN_ytdavg_gt_lyytdavg,0.2366865940480145,-0.603336959739546,0.5580210573983924,90.94405594405595,v0
EV_S_qb0of3__DEBTRATIO_qb2of3__C4_ROE_DYN_qmax8__v1,EV_S_qb0of3__DEBTRATIO_qb2of3,C4_ROE_DYN_qmax8,0.2366772657397005,-0.6922274299181677,0.566979865771812,36.32371794871795,v1
P_IC_qb0of3__DEBTRATIO_qb2of3__C10_EPS_DYN_qmax4__v0,P_IC_qb0of3__DEBTRATIO_qb2of3,C10_EPS_DYN_qmax4,0.23646900310159258,-0.7000196297867824,0.6284243048403707,209.05448717948718,v0
P_IC_qb0of3__ROE_qb0of3__C11_EPS_DYN_qmax8__v1,P_IC_qb0of3__ROE_qb0of3,C11_EPS_DYN_qmax8,0.2364340983642934,-0.6889050122094413,0.5595618439068918,36.592948717948715,v1
EV_S_qb0of3__ROIC_qb0of3__C11_EPS_DYN_qmax8__v1,EV_S_qb0of3__ROIC_qb0of3,C11_EPS_DYN_qmax8,0.23639116553647566,-0.7311498333043105,0.5449599083619702,28.419871794871796,v1
EV_S_qb0of3__ROIC_qb0of3__C10_EPS_DYN_qmax4__v1,EV_S_qb0of3__ROIC_qb0of3,C10_EPS_DYN_qmax4,0.23636405550924033,-0.7214225876733842,0.5461296772350757,29.022435897435898,v1
ROIC_qb0of3__MOM_qb0of3__C3_ROE_DYN_qmax4__v0,ROIC_qb0of3__MOM_qb0of3,C3_ROE_DYN_qmax4,0.23627634659479124,-0.6634311438143061,0.5483188599421064,221.04166666666666,v0
P_IC_qb0of3__MOM_qb0of3__C18_FCF_P_DYN_qmax8__v0,P_IC_qb0of3__MOM_qb0of3,C18_FCF_P_DYN_qmax8,0.2362650953455061,-0.6720124896224933,0.5912797125483693,163.94871794871796,v0
PS_qb0of3__FCF_P_qb2of3__C18_FCF_P_DYN_qmax8__v1,PS_qb0of3__FCF_P_qb2of3,C18_FCF_P_DYN_qmax8,0.23623077629805178,-0.5703564603396334,0.5677664372181344,65.11217948717949,v1
PB_qb0of3__NETDEBT_EBITDA_qb0of3__C20_FCF_P_DYN_ytdavg_gt_lyytdavg__v0,PB_qb0of3__NETDEBT_EBITDA_qb0of3,C20_FCF_P_DYN_ytdavg_gt_lyytdavg,0.2360647023789011,-0.5304899343844179,0.5832244577998432,65.76223776223776,v0
PB_qb0of3__ROE_qb0of3__None__v1,PB_qb0of3__ROE_qb0of3,None,0.23604927718098945,-0.6321456890180205,0.5662739322533137,49.81730769230769,v1
PS_qb0of3__REV_G_qb2of3__C18_FCF_P_DYN_qmax8__v1,PS_qb0of3__REV_G_qb2of3,C18_FCF_P_DYN_qmax8,0.23600586213900754,-0.6700921339054687,0.5612788632326821,37.37820512820513,v1
PB_qb0of3__OCF_E_qb0of3__C7_ROE_DYN_ytdavg_gt_lyavg__v0,PB_qb0of3__OCF_E_qb0of3,C7_ROE_DYN_ytdavg_gt_lyavg,0.235989264144296,-0.6283632114093217,0.5766552728193443,99.00666666666666,v0
EV_S_qb0of3__NETDEBT_EBITDA_qb2of3__C3_ROE_DYN_qmax4__v1,EV_S_qb0of3__NETDEBT_EBITDA_qb2of3,C3_ROE_DYN_qmax4,0.23598196502571978,-0.7303670288743473,0.5547468354430379,28.384615384615383,v1
EV_S_qb0of3__NETDEBT_EBITDA_qb2of3__None__v1,EV_S_qb0of3__NETDEBT_EBITDA_qb2of3,None,0.2359698517798141,-0.7364396599454066,0.5574935400516796,29.483974358974358,v1
P_IC_qb0of3__ROE_qb0of3__C10_EPS_DYN_qmax4__v1,P_IC_qb0of3__ROE_qb0of3,C10_EPS_DYN_qmax4,0.23595933396871205,-0.6774678215315852,0.5629714285714286,37.31730769230769,v1
P_IC_qb0of3__OCF_E_qb0of3__C3_ROE_DYN_qmax4__v0,P_IC_qb0of3__OCF_E_qb0of3,C3_ROE_DYN_qmax4,0.23585528918712506,-0.622927007064526,0.5865962632006498,174.92307692307693,v0
EV_EBITDA_qb0of3__EV_S_qb0of3__C12_EPS_DYN_yoy__v0,EV_EBITDA_qb0of3__EV_S_qb0of3,C12_EPS_DYN_yoy,0.23585058731220632,-0.6072580117493105,0.5561742548313134,10.25503355704698,v0
PS_qb0of3__NETDEBT_EBITDA_qb2of3__C7_ROE_DYN_ytdavg_gt_lyavg__v1,PS_qb0of3__NETDEBT_EBITDA_qb2of3,C7_ROE_DYN_ytdavg_gt_lyavg,0.2356784132544094,-0.662277170769939,0.5689075630252101,20.283333333333335,v1
P_IC_qb0of3__DEBTRATIO_qb2of3__C3_ROE_DYN_qmax4__v0,P_IC_qb0of3__DEBTRATIO_qb2of3,C3_ROE_DYN_qmax4,0.23565348536682906,-0.7009595131804862,0.6322463768115942,208.65384615384616,v0
EV_S_qb0of3__NETDEBT_EBITDA_qb0of3__C20_FCF_P_DYN_ytdavg_gt_lyytdavg__v1,EV_S_qb0of3__NETDEBT_EBITDA_qb0of3,C20_FCF_P_DYN_ytdavg_gt_lyytdavg,0.2356526544610842,-0.4998841621063912,0.5695557174071376,24.986013986013987,v1
PB_qb0of3__DEBTRATIO_qb2of3__C13_EPS_DYN_ytdavg_gt_lyytdavg__v0,PB_qb0of3__DEBTRATIO_qb2of3,C13_EPS_DYN_ytdavg_gt_lyytdavg,0.23556449387262313,-0.5481569586420438,0.5900493421052632,103.6561403508772,v0
PS_qb0of3__FCF_P_qb2of3__C17_FCF_P_DYN_qmax4__v1,PS_qb0of3__FCF_P_qb2of3,C17_FCF_P_DYN_qmax4,0.23554473941131926,-0.5681412149228597,0.5697940503432495,65.84294871794872,v1
ROIC_qb0of3__MOM_qb0of3__C10_EPS_DYN_qmax4__v0,ROIC_qb0of3__MOM_qb0of3,C10_EPS_DYN_qmax4,0.23552713709083584,-0.6643905120651951,0.5493499972102884,221.21794871794873,v0
P_IC_qb0of3__ROE_qb0of3__C17_FCF_P_DYN_qmax4__v1,P_IC_qb0of3__ROE_qb0of3,C17_FCF_P_DYN_qmax4,0.23551007581996042,-0.6830497139166343,0.565661147652529,37.68269230769231,v1
EV_S_qb0of3__ROE_qb0of3__C6_ROE_DYN_ytdavg_gt_lyytdavg__v1,EV_S_qb0of3__ROE_qb0of3,C6_ROE_DYN_ytdavg_gt_lyytdavg,0.235453559952711,-0.5897673055642225,0.5548817465130382,11.793706293706293,v1
PS_qb0of3__ROE_qb0of3__C6_ROE_DYN_ytdavg_gt_lyytdavg__v0,PS_qb0of3__ROE_qb0of3,C6_ROE_DYN_ytdavg_gt_lyytdavg,0.23539930611739956,-0.6674373063918045,0.5496137849079026,61.91608391608391,v0
P_IC_qb0of3__DEBTRATIO_qb2of3__C4_ROE_DYN_qmax8__v0,P_IC_qb0of3__DEBTRATIO_qb2of3,C4_ROE_DYN_qmax8,0.23519950323281158,-0.7058580350343125,0.6161839863713799,205.18589743589743,v0
EV_S_qb0of3__ROIC_qb0of3__C17_FCF_P_DYN_qmax4__v1,EV_S_qb0of3__ROIC_qb0of3,C17_FCF_P_DYN_qmax4,0.23511051784484605,-0.7412904771082847,0.547191011235955,29.381410256410255,v1
OCF_E_qb2of3__MOM_qb0of3__C17_FCF_P_DYN_qmax4__v0,OCF_E_qb2of3__MOM_qb0of3,C17_FCF_P_DYN_qmax4,0.23510880162169845,-0.5564479354436064,0.5805167839427846,167.27564102564102,v0
EV_EBITDA_qb0of3__PB_qb0of3__C14_EPS_DYN_ytdavg_gt_lyavg__v1,EV_EBITDA_qb0of3__PB_qb0of3,C14_EPS_DYN_ytdavg_gt_lyavg,0.23503027584200908,-0.660749100526909,0.5631093544137022,32.22666666666667,v1
P_IC_qb0of3__MOM_qb0of3__C10_EPS_DYN_qmax4__v0,P_IC_qb0of3__MOM_qb0of3,C10_EPS_DYN_qmax4,0.2350291458294329,-0.673037751332854,0.5953465893399613,166.2596153846154,v0
P_IC_qb1of3__NETDEBT_EBITDA_qb0of3__C14_EPS_DYN_ytdavg_gt_lyavg__v0,P_IC_qb1of3__NETDEBT_EBITDA_qb0of3,C14_EPS_DYN_ytdavg_gt_lyavg,0.23498631008217918,-0.5123293813439851,0.5621818181818182,82.59,v0
PS_qb0of3__DEBTRATIO_qb0of3__C10_EPS_DYN_qmax4__v1,PS_qb0of3__DEBTRATIO_qb0of3,C10_EPS_DYN_qmax4,0.23497785785141945,-0.5117047202282542,0.573208722741433,28.935897435897434,v1
EV_S_qb0of3__ACCRUAL_qb0of3__C11_EPS_DYN_qmax8__v1,EV_S_qb0of3__ACCRUAL_qb0of3,C11_EPS_DYN_qmax8,0.23494670505211657,-0.5883984518398155,0.553140815718964,47.21153846153846,v1
P_IC_qb0of3__EV_S_qb0of3__C13_EPS_DYN_ytdavg_gt_lyytdavg__v1,P_IC_qb0of3__EV_S_qb0of3,C13_EPS_DYN_ytdavg_gt_lyytdavg,0.2349426529096763,-0.6806130977749241,0.5723556132381571,30.010526315789473,v1
P_IC_qb0of3__ACCRUAL_qb0of3__C13_EPS_DYN_ytdavg_gt_lyytdavg__v1,P_IC_qb0of3__ACCRUAL_qb0of3,C13_EPS_DYN_ytdavg_gt_lyytdavg,0.23485715051139455,-0.6713616958490298,0.5556125064069708,13.147368421052631,v1
PS_qb0of3__REV_G_qb2of3__C17_FCF_P_DYN_qmax4__v1,PS_qb0of3__REV_G_qb2of3,C17_FCF_P_DYN_qmax4,0.234768416874249,-0.6689305312718052,0.5635955056179776,37.92307692307692,v1
VOL_qb2of3__MOM_qb0of3__C6_ROE_DYN_ytdavg_gt_lyytdavg__v0,VOL_qb2of3__MOM_qb0of3,C6_ROE_DYN_ytdavg_gt_lyytdavg,0.23472968765810132,-0.605342604044244,0.526924611088951,98.71678321678321,v0
P_IC_qb0of3__NETDEBT_EBITDA_qb0of3__C17_FCF_P_DYN_qmax4__v0,P_IC_qb0of3__NETDEBT_EBITDA_qb0of3,C17_FCF_P_DYN_qmax4,0.23469827007714672,-0.5980781960064552,0.619442601194426,101.34294871794872,v0
P_IC_qb0of3__NETDEBT_EBITDA_qb0of3__C18_FCF_P_DYN_qmax8__v0,P_IC_qb0of3__NETDEBT_EBITDA_qb0of3,C18_FCF_P_DYN_qmax8,0.23466947328542287,-0.5992311419874072,0.6162112373349709,100.26282051282051,v0
PS_qb0of3__FCF_P_qb2of3__None__v1,PS_qb0of3__FCF_P_qb2of3,None,0.23465319444837984,-0.5776322060278185,0.5697460434302539,66.81089743589743,v1
P_IC_qb0of3__OCF_E_qb0of3__C7_ROE_DYN_ytdavg_gt_lyavg__v0,P_IC_qb0of3__OCF_E_qb0of3,C7_ROE_DYN_ytdavg_gt_lyavg,0.2346411099119481,-0.5830406130934555,0.5845110231769362,79.67666666666666,v0
P_IC_qb0of3__MOM_qb0of3__C17_FCF_P_DYN_qmax4__v0,P_IC_qb0of3__MOM_qb0of3,C17_FCF_P_DYN_qmax4,0.2346314860972163,-0.6728891068469003,0.5950263962211726,166.34294871794873,v0
PB_qb0of3__ROE_qb0of3__C11_EPS_DYN_qmax8__v1,PB_qb0of3__ROE_qb0of3,C11_EPS_DYN_qmax8,0.23461382825551858,-0.6248376922243841,0.557601166605906,47.52564102564103,v1
P_IC_qb0of3__MOM_qb0of3__C3_ROE_DYN_qmax4__v0,P_IC_qb0of3__MOM_qb0of3,C3_ROE_DYN_qmax4,0.23457654896498248,-0.6747888968451697,0.5953729281767955,165.93589743589743,v0
P_IC_qb0of3__OCF_E_qb0of3__C14_EPS_DYN_ytdavg_gt_lyavg__v0,P_IC_qb0of3__OCF_E_qb0of3,C14_EPS_DYN_ytdavg_gt_lyavg,0.2345464125909522,-0.5823066285153553,0.5813039066463724,93.34,v0
P_IC_qb0of3__ROE_qb0of3__C4_ROE_DYN_qmax8__v1,P_IC_qb0of3__ROE_qb0of3,C4_ROE_DYN_qmax8,0.23452956391804114,-0.6890691856820712,0.558997722095672,36.43269230769231,v1
P_IC_qb0of3__DEBTRATIO_qb2of3__C11_EPS_DYN_qmax8__v0,P_IC_qb0of3__DEBTRATIO_qb2of3,C11_EPS_DYN_qmax8,0.23450418195157186,-0.7063981757968896,0.6152904128761372,205.77564102564102,v0
P_IC_qb0of3__ACCRUAL_qb0of3__C6_ROE_DYN_ytdavg_gt_lyytdavg__v1,P_IC_qb0of3__ACCRUAL_qb0of3,C6_ROE_DYN_ytdavg_gt_lyytdavg,0.234489067506658,-0.736644434232586,0.5578271028037384,11.653846153846153,v1
EV_S_qb0of3__ACCRUAL_qb0of3__C3_ROE_DYN_qmax4__v1,EV_S_qb0of3__ACCRUAL_qb0of3,C3_ROE_DYN_qmax4,0.23448666971501386,-0.5804560251343696,0.5529376677602147,48.18910256410256,v1
P_IC_qb0of3__ROE_qb0of3__C18_FCF_P_DYN_qmax8__v1,P_IC_qb0of3__ROE_qb0of3,C18_FCF_P_DYN_qmax8,0.23442078229019958,-0.6838661878018806,0.5621047877145439,37.15064102564103,v1
EV_S_qb0of3__ACCRUAL_qb0of3__C4_ROE_DYN_qmax8__v1,EV_S_qb0of3__ACCRUAL_qb0of3,C4_ROE_DYN_qmax8,0.23439375095745896,-0.589712412264181,0.5529411764705883,47.03846153846154,v1
EV_S_qb0of3__ACCRUAL_qb0of3__None__v1,EV_S_qb0of3__ACCRUAL_qb0of3,None,0.23436080703409767,-0.5864991606013199,0.5564300564300564,50.12820512820513,v1
PB_qb0of3__DEBTRATIO_qb2of3__C10_EPS_DYN_qmax4__v1,PB_qb0of3__DEBTRATIO_qb2of3,C10_EPS_DYN_qmax4,0.23427419933447458,-0.6374254587169291,0.5916376306620209,45.76282051282051,v1
ROIC_qb0of3__MOM_qb0of3__C4_ROE_DYN_qmax8__v0,ROIC_qb0of3__MOM_qb0of3,C4_ROE_DYN_qmax8,0.23421845727243729,-0.6687907036459401,0.5458471760797342,217.52884615384616,v0
EV_S_qb0of3__FCF_OI_qb2of3__C6_ROE_DYN_ytdavg_gt_lyytdavg__v0,EV_S_qb0of3__FCF_OI_qb2of3,C6_ROE_DYN_ytdavg_gt_lyytdavg,0.23421418713253694,-0.48353073269047153,0.5663430420711975,51.05244755244755,v0
EV_S_qb0of3__None__C10_EPS_DYN_qmax4__v0,EV_S_qb0of3__None,C10_EPS_DYN_qmax4,0.2342027717621924,-0.5894457856632671,0.6220207496027667,549.8717948717949,v0
PB_qb0of3__DEBTRATIO_qb2of3__C3_ROE_DYN_qmax4__v1,PB_qb0of3__DEBTRATIO_qb2of3,C3_ROE_DYN_qmax4,0.23415171756861053,-0.6350926470791755,0.5918650335105153,45.62179487179487,v1
OCF_E_qb2of3__MOM_qb0of3__C3_ROE_DYN_qmax4__v0,OCF_E_qb2of3__MOM_qb0of3,C3_ROE_DYN_qmax4,0.23411144429399577,-0.5584266265176799,0.5796875,165.17628205128204,v0
EV_S_qb0of3__REV_G_qb2of3__C7_ROE_DYN_ytdavg_gt_lyavg__v0,EV_S_qb0of3__REV_G_qb2of3,C7_ROE_DYN_ytdavg_gt_lyavg,0.2341023369944928,-0.5853069942751898,0.5596170583115753,93.62,v0
P_IC_qb0of3__REV_G_qb0of3__C11_EPS_DYN_qmax8__v0,P_IC_qb0of3__REV_G_qb0of3,C11_EPS_DYN_qmax8,0.23408654381232363,-0.6868548086252133,0.5854541796599939,210.0352564102564,v0
EV_S_qb0of3__None__C3_ROE_DYN_qmax4__v0,EV_S_qb0of3__None,C3_ROE_DYN_qmax4,0.2340767741431231,-0.589552262688241,0.6207053263043083,548.7628205128206,v0
P_IC_qb0of3__PS_qb0of3__C13_EPS_DYN_ytdavg_gt_lyytdavg__v1,P_IC_qb0of3__PS_qb0of3,C13_EPS_DYN_ytdavg_gt_lyytdavg,0.23403894974436668,-0.6864377825215372,0.5689503087327257,33.52982456140351,v1
REVENUE_qb0of3__MOM_qb0of3__C6_ROE_DYN_ytdavg_gt_lyytdavg__v0,REVENUE_qb0of3__MOM_qb0of3,C6_ROE_DYN_ytdavg_gt_lyytdavg,0.23402278542077282,-0.5360340934141417,0.5434128270432971,89.14335664335664,v0
EV_S_qb0of3__None__C11_EPS_DYN_qmax8__v0,EV_S_qb0of3__None,C11_EPS_DYN_qmax8,0.2339713983387124,-0.5920648616436661,0.6065486591202613,541.1057692307693,v0
PS_qb0of3__NETDEBT_EBITDA_qb0of3__C20_FCF_P_DYN_ytdavg_gt_lyytdavg__v0,PS_qb0of3__NETDEBT_EBITDA_qb0of3,C20_FCF_P_DYN_ytdavg_gt_lyytdavg,0.23396790383689337,-0.4795660790108125,0.5708176100628931,66.7062937062937,v0
ROIC_qb0of3__MOM_qb0of3__C11_EPS_DYN_qmax8__v0,ROIC_qb0of3__MOM_qb0of3,C11_EPS_DYN_qmax8,0.23396078760552186,-0.6680794765259221,0.5468029553913671,217.85897435897436,v0
PS_qb0of3__NETDEBT_EBITDA_qb0of3__C14_EPS_DYN_ytdavg_gt_lyavg__v1,PS_qb0of3__NETDEBT_EBITDA_qb0of3,C14_EPS_DYN_ytdavg_gt_lyavg,0.23392310513655823,-0.5856495416275866,0.5600366636113657,20.333333333333332,v1
EV_EBITDA_qb0of3__EV_S_qb0of3__C13_EPS_DYN_ytdavg_gt_lyytdavg__v1,EV_EBITDA_qb0of3__EV_S_qb0of3,C13_EPS_DYN_ytdavg_gt_lyytdavg,0.23391175125189556,-0.5763770247717059,0.5643231899265477,40.55789473684211,v1
EV_S_qb0of3__ROIC_qb0of3__C18_FCF_P_DYN_qmax8__v1,EV_S_qb0of3__ROIC_qb0of3,C18_FCF_P_DYN_qmax8,0.23389001647862528,-0.7416866023266276,0.5434354793365196,29.0,v1
PB_qb0of3__ROE_qb0of3__C7_ROE_DYN_ytdavg_gt_lyavg__v1,PB_qb0of3__ROE_qb0of3,C7_ROE_DYN_ytdavg_gt_lyavg,0.23386657972284852,-0.6964295254410982,0.5766146053186999,18.093333333333334,v1
EV_S_qb0of3__None__C17_FCF_P_DYN_qmax4__v0,EV_S_qb0of3__None,C17_FCF_P_DYN_qmax4,0.23381775285097595,-0.5894966994185269,0.6326455075414084,549.2051282051282,v0
P_IC_qb0of3__ROE_qb0of3__C3_ROE_DYN_qmax4__v1,P_IC_qb0of3__ROE_qb0of3,C3_ROE_DYN_qmax4,0.23378207248002036,-0.6775358778344085,0.5628851860305866,37.21153846153846,v1
EV_S_qb0of3__None__C4_ROE_DYN_qmax8__v0,EV_S_qb0of3__None,C4_ROE_DYN_qmax8,0.23374324442201777,-0.5919916976455109,0.6029992684711046,539.2596153846154,v0
EV_S_qb0of3__NETDEBT_EBITDA_qb0of3__C14_EPS_DYN_ytdavg_gt_lyavg__v0,EV_S_qb0of3__NETDEBT_EBITDA_qb0of3,C14_EPS_DYN_ytdavg_gt_lyavg,0.2337268575443916,-0.537561794754748,0.5857799081286199,120.89666666666666,v0
PS_qb0of3__CROIC_qb0of3__C13_EPS_DYN_ytdavg_gt_lyytdavg__v0,PS_qb0of3__CROIC_qb0of3,C13_EPS_DYN_ytdavg_gt_lyytdavg,0.23372129304552036,-0.5861410438203397,0.5558112773302647,98.61052631578947,v0
EV_S_qb0of3__ACCRUAL_qb0of3__C10_EPS_DYN_qmax4__v1,EV_S_qb0of3__ACCRUAL_qb0of3,C10_EPS_DYN_qmax4,0.23370482709810192,-0.5813881490582464,0.5527922561429636,48.28846153846154,v1
EV_S_qb0of3__DEBTRATIO_qb2of3__C20_FCF_P_DYN_ytdavg_gt_lyytdavg__v1,EV_S_qb0of3__DEBTRATIO_qb2of3,C20_FCF_P_DYN_ytdavg_gt_lyytdavg,0.23369737039089755,-0.7872415420012471,0.5760391198044009,19.178321678321677,v1
P_IC_qb0of3__FCF_P_qb0of3__C7_ROE_DYN_ytdavg_gt_lyavg__v1,P_IC_qb0of3__FCF_P_qb0of3,C7_ROE_DYN_ytdavg_gt_lyavg,0.2336475671055538,-0.6631572062188578,0.5853843241196517,18.266666666666666,v1
VOL_qb2of3__MOM_qb0of3__C20_FCF_P_DYN_ytdavg_gt_lyytdavg__v0,VOL_qb2of3__MOM_qb0of3,C20_FCF_P_DYN_ytdavg_gt_lyytdavg,0.2336250838994276,-0.6847503498815359,0.5342669016043773,103.49300699300699,v0
P_IC_qb0of3__REV_G_qb0of3__C10_EPS_DYN_qmax4__v0,P_IC_qb0of3__REV_G_qb0of3,C10_EPS_DYN_qmax4,0.2335491031422181,-0.6834860984961654,0.5928092756089778,213.13141025641025,v0
EV_S_qb0of3__None__C18_FCF_P_DYN_qmax8__v0,EV_S_qb0of3__None,C18_FCF_P_DYN_qmax8,0.23354365404501998,-0.5891860500224164,0.6162361623616236,540.4166666666666,v0
EV_S_qb0of3__NETDEBT_EBITDA_qb2of3__C11_EPS_DYN_qmax8__v1,EV_S_qb0of3__NETDEBT_EBITDA_qb2of3,C11_EPS_DYN_qmax8,0.23353468452224324,-0.7412989149605149,0.5551366635249765,27.798076923076923,v1
PS_qb0of3__FCF_P_qb2of3__C11_EPS_DYN_qmax8__v1,PS_qb0of3__FCF_P_qb2of3,C11_EPS_DYN_qmax8,0.23349654660643449,-0.5706860779093621,0.5672892720306514,63.58974358974359,v1
EV_EBITDA_qb0of3__EV_S_qb0of3__C6_ROE_DYN_ytdavg_gt_lyytdavg__v1,EV_EBITDA_qb0of3__EV_S_qb0of3,C6_ROE_DYN_ytdavg_gt_lyytdavg,0.2334922436597866,-0.6755540696551507,0.5669329460179133,34.68181818181818,v1
OCF_E_qb2of3__MOM_qb0of3__C10_EPS_DYN_qmax4__v0,OCF_E_qb2of3__MOM_qb0of3,C10_EPS_DYN_qmax4,0.23348751019487146,-0.5580901082092605,0.5800300473824107,165.62820512820514,v0
P_IC_qb0of3__REV_G_qb0of3__C4_ROE_DYN_qmax8__v0,P_IC_qb0of3__REV_G_qb0of3,C4_ROE_DYN_qmax8,0.23337299223872088,-0.6874825363705833,0.5865117203019468,209.46794871794873,v0
OCF_E_qb2of3__MOM_qb0of3__C7_ROE_DYN_ytdavg_gt_lyavg__v0,OCF_E_qb2of3__MOM_qb0of3,C7_ROE_DYN_ytdavg_gt_lyavg,0.2333552836297681,-0.5379002118290287,0.5747149036570979,87.25333333333333,v0
OCF_E_qb2of3__MOM_qb0of3__C4_ROE_DYN_qmax8__v0,OCF_E_qb2of3__MOM_qb0of3,C4_ROE_DYN_qmax8,0.23334410965258234,-0.5576704626878339,0.5763526821920982,161.40384615384616,v0
OCF_E_qb2of3__MOM_qb0of3__C18_FCF_P_DYN_qmax8__v0,OCF_E_qb2of3__MOM_qb0of3,C18_FCF_P_DYN_qmax8,0.23333198154111368,-0.5587353705640283,0.5773504519546319,164.80128205128204,v0
EV_S_qb0of3__None__None__v0,EV_S_qb0of3__None,None,0.233233900543095,-0.5866109051627698,0.6534923828686404,578.7596153846154,v0
P_IC_qb0of3__REV_G_qb0of3__C18_FCF_P_DYN_qmax8__v0,P_IC_qb0of3__REV_G_qb0of3,C18_FCF_P_DYN_qmax8,0.23323285278570682,-0.6821991074167423,0.586127514763287,210.1698717948718,v0
PS_qb0of3__DEBTRATIO_qb0of3__C18_FCF_P_DYN_qmax8__v1,PS_qb0of3__DEBTRATIO_qb0of3,C18_FCF_P_DYN_qmax8,0.2332186442491342,-0.5053479083981685,0.5674670273926277,28.612179487179485,v1
EV_S_qb0of3__ACCRUAL_qb0of3__C18_FCF_P_DYN_qmax8__v1,EV_S_qb0of3__ACCRUAL_qb0of3,C18_FCF_P_DYN_qmax8,0.23319094652585126,-0.5890098158279944,0.5543859649122806,48.88782051282051,v1
PB_qb0of3__ROE_qb0of3__C4_ROE_DYN_qmax8__v1,PB_qb0of3__ROE_qb0of3,C4_ROE_DYN_qmax8,0.2331417174943946,-0.6245896474999916,0.5577167787674968,47.17948717948718,v1
PB_qb0of3__ROE_qb0of3__C10_EPS_DYN_qmax4__v1,PB_qb0of3__ROE_qb0of3,C10_EPS_DYN_qmax4,0.23308476048834126,-0.617202162568388,0.560425453878599,48.35576923076923,v1
EV_S_qb0of3__REV_G_qb2of3__C14_EPS_DYN_ytdavg_gt_lyavg__v1,EV_S_qb0of3__REV_G_qb2of3,C14_EPS_DYN_ytdavg_gt_lyavg,0.23307872482330838,-0.5541368342835593,0.5603807257584771,28.846666666666668,v1
PS_qb0of3__ROE_qb0of3__C6_ROE_DYN_ytdavg_gt_lyytdavg__v1,PS_qb0of3__ROE_qb0of3,C6_ROE_DYN_ytdavg_gt_lyytdavg,0.23302636588050563,-0.8008349679937683,0.5494938132733408,12.828671328671328,v1
PB_qb0of3__FCF_OI_qb0of3__C20_FCF_P_DYN_ytdavg_gt_lyytdavg__v0,PB_qb0of3__FCF_OI_qb0of3,C20_FCF_P_DYN_ytdavg_gt_lyytdavg,0.23300963251000506,-0.589833033007755,0.5601064616294544,67.79020979020979,v0
PS_qb0of3__FCF_P_qb2of3__C10_EPS_DYN_qmax4__v1,PS_qb0of3__FCF_P_qb2of3,C10_EPS_DYN_qmax4,0.23299520759640813,-0.5636973360041566,0.5671027131782945,64.82371794871794,v1
EV_S_qb0of3__PB_qb0of3__C7_ROE_DYN_ytdavg_gt_lyavg__v1,EV_S_qb0of3__PB_qb0of3,C7_ROE_DYN_ytdavg_gt_lyavg,0.232978155669185,-0.6316881491852595,0.579382074028755,30.233333333333334,v1
P_IC_qb0of3__FCF_OI_qb0of3__C6_ROE_DYN_ytdavg_gt_lyytdavg__v0,P_IC_qb0of3__FCF_OI_qb0of3,C6_ROE_DYN_ytdavg_gt_lyytdavg,0.23294662985640846,-0.591594078453259,0.5799640610961365,75.6993006993007,v0
FCF_P_qb2of3__MOM_qb0of3__C14_EPS_DYN_ytdavg_gt_lyavg__v0,FCF_P_qb2of3__MOM_qb0of3,C14_EPS_DYN_ytdavg_gt_lyavg,0.23287476643536875,-0.5373279857547142,0.5748067721751933,90.3,v0
P_IC_qb0of3__OCF_E_qb0of3__None__v0,P_IC_qb0of3__OCF_E_qb0of3,None,0.23284078568524258,-0.6199179637892586,0.5889141742522757,187.49358974358975,v0
PS_qb0of3__OCF_E_qb0of3__C18_FCF_P_DYN_qmax8__v1,PS_qb0of3__OCF_E_qb0of3,C18_FCF_P_DYN_qmax8,0.2328269295560388,-0.6426588194410568,0.5545571245186136,38.625,v1
P_IC_qb0of3__CROIC_qb0of3__None__v0,P_IC_qb0of3__CROIC_qb0of3,None,0.23275669090326345,-0.6750973820062374,0.5921854873336195,178.16346153846155,v0
EV_S_qb0of3__ACCRUAL_qb0of3__C17_FCF_P_DYN_qmax4__v1,EV_S_qb0of3__ACCRUAL_qb0of3,C17_FCF_P_DYN_qmax4,0.23274579092369518,-0.5868429692944126,0.5552287101044271,49.39423076923077,v1
P_IC_qb0of3__REV_G_qb0of3__C17_FCF_P_DYN_qmax4__v0,P_IC_qb0of3__REV_G_qb0of3,C17_FCF_P_DYN_qmax4,0.23269144588722912,-0.6836280171420228,0.5942336230655078,213.24679487179486,v0
EV_S_qb0of3__FCF_P_qb2of3__None__v0,EV_S_qb0of3__FCF_P_qb2of3,None,0.23261399061368748,-0.5786332524457845,0.5819814042962488,262.27564102564105,v0
OCF_E_qb2of3__MOM_qb0of3__C11_EPS_DYN_qmax8__v0,OCF_E_qb2of3__MOM_qb0of3,C11_EPS_DYN_qmax8,0.2326062546639578,-0.5588431029401528,0.5771431874674837,162.19230769230768,v0
PS_qb0of3__CROIC_qb0of3__C6_ROE_DYN_ytdavg_gt_lyytdavg__v0,PS_qb0of3__CROIC_qb0of3,C6_ROE_DYN_ytdavg_gt_lyytdavg,0.23253971389312134,-0.5956278508294985,0.5562028333112671,85.5104895104895,v0
P_IC_qb0of3__REV_G_qb0of3__C3_ROE_DYN_qmax4__v0,P_IC_qb0of3__REV_G_qb0of3,C3_ROE_DYN_qmax4,0.23250660360338204,-0.6843222782949012,0.5943436048965809,212.80769230769232,v0
PS_qb0of3__REV_G_qb2of3__C3_ROE_DYN_qmax4__v1,PS_qb0of3__REV_G_qb2of3,C3_ROE_DYN_qmax4,0.2324879156482369,-0.6695821055961988,0.561966771441401,37.82371794871795,v1
EV_S_qb0of3__NETDEBT_EBITDA_qb0of3__C7_ROE_DYN_ytdavg_gt_lyavg__v0,EV_S_qb0of3__NETDEBT_EBITDA_qb0of3,C7_ROE_DYN_ytdavg_gt_lyavg,0.2324692233695036,-0.5490270113861929,0.5891672018839649,104.32,v0
EV_S_qb0of3__FCF_OI_qb0of3__C14_EPS_DYN_ytdavg_gt_lyavg__v1,EV_S_qb0of3__FCF_OI_qb0of3,C14_EPS_DYN_ytdavg_gt_lyavg,0.2323963331437804,-0.6117119781963409,0.5588876772082879,25.536666666666665,v1
PS_qb0of3__OCF_E_qb0of3__C17_FCF_P_DYN_qmax4__v1,PS_qb0of3__OCF_E_qb0of3,C17_FCF_P_DYN_qmax4,0.2323574953567633,-0.6445705766623653,0.5552309658572211,39.47435897435897,v1
PB_qb0of3__DEBTRATIO_qb2of3__C4_ROE_DYN_qmax8__v1,PB_qb0of3__DEBTRATIO_qb2of3,C4_ROE_DYN_qmax8,0.23230865678261847,-0.6424914551984149,0.5901713255184852,44.85897435897436,v1
PS_qb0of3__FCF_P_qb0of3__C6_ROE_DYN_ytdavg_gt_lyytdavg__v0,PS_qb0of3__FCF_P_qb0of3,C6_ROE_DYN_ytdavg_gt_lyytdavg,0.23226772631685288,-0.6037452155454031,0.5546296296296296,87.17132867132867,v0
P_IC_qb0of3__NETDEBT_EBITDA_qb0of3__None__v0,P_IC_qb0of3__NETDEBT_EBITDA_qb0of3,None,0.23218268661645203,-0.5787194142068903,0.619921875,108.78525641025641,v0
EV_S_qb0of3__DEBTRATIO_qb2of3__C6_ROE_DYN_ytdavg_gt_lyytdavg__v0,EV_S_qb0of3__DEBTRATIO_qb2of3,C6_ROE_DYN_ytdavg_gt_lyytdavg,0.23217565472686164,-0.6534929639606761,0.5719495091164095,72.84615384615384,v0
PB_qb0of3__DEBTRATIO_qb2of3__C11_EPS_DYN_qmax8__v1,PB_qb0of3__DEBTRATIO_qb2of3,C11_EPS_DYN_qmax8,0.23213881854713292,-0.644062481943249,0.5882086167800453,45.06410256410256,v1
P_IC_qb0of3__ROE_qb2of3__C18_FCF_P_DYN_qmax8__v0,P_IC_qb0of3__ROE_qb2of3,C18_FCF_P_DYN_qmax8,0.23212624441611407,-0.5775058314771288,0.5775886128942227,115.58333333333333,v0
EV_S_qb0of3__OCF_E_qb0of3__C14_EPS_DYN_ytdavg_gt_lyavg__v1,EV_S_qb0of3__OCF_E_qb0of3,C14_EPS_DYN_ytdavg_gt_lyavg,0.2320716007790331,-0.6033913800711624,0.5509544787077827,23.15,v1
P_IC_qb0of3__ROE_qb2of3__C17_FCF_P_DYN_qmax4__v0,P_IC_qb0of3__ROE_qb2of3,C17_FCF_P_DYN_qmax4,0.23204797164161417,-0.5777903905292896,0.5801571137620017,117.42307692307692,v0
P_IC_qb0of3__ROE_qb2of3__None__v0,P_IC_qb0of3__ROE_qb2of3,None,0.23202713596514424,-0.5822907618207039,0.5839575530586767,120.63461538461539,v0
EV_S_qb0of3__NETDEBT_EBITDA_qb0of3__C14_EPS_DYN_ytdavg_gt_lyavg__v1,EV_S_qb0of3__NETDEBT_EBITDA_qb0of3,C14_EPS_DYN_ytdavg_gt_lyavg,0.23201939780811665,-0.5249119242014275,0.5656877897990726,31.546666666666667,v1
FCF_P_qb0of3__MOM_qb2of3__C14_EPS_DYN_ytdavg_gt_lyavg__v0,FCF_P_qb0of3__MOM_qb2of3,C14_EPS_DYN_ytdavg_gt_lyavg,0.23199848912413223,-0.5248548031883229,0.5158602405075277,96.78333333333333,v0
PS_qb0of3__OCF_E_qb0of3__C10_EPS_DYN_qmax4__v1,PS_qb0of3__OCF_E_qb0of3,C10_EPS_DYN_qmax4,0.23192939969116466,-0.6415908561232229,0.5564237688533528,39.99679487179487,v1
EV_S_qb0of3__ROIC_qb0of3__C14_EPS_DYN_ytdavg_gt_lyavg__v1,EV_S_qb0of3__ROIC_qb0of3,C14_EPS_DYN_ytdavg_gt_lyavg,0.23192225653164922,-0.8507634700650465,0.5324129651860744,12.15,v1
EV_S_qb0of3__NETDEBT_EBITDA_qb2of3__C18_FCF_P_DYN_qmax8__v1,EV_S_qb0of3__NETDEBT_EBITDA_qb2of3,C18_FCF_P_DYN_qmax8,0.2318579256055342,-0.7374357879312545,0.5521223470661673,28.096153846153847,v1
EV_S_qb0of3__FCF_P_qb2of3__C17_FCF_P_DYN_qmax4__v0,EV_S_qb0of3__FCF_P_qb2of3,C17_FCF_P_DYN_qmax4,0.2318265956064849,-0.5807429596610958,0.5808390431542253,258.47435897435895,v0
PS_qb0of3__OCF_E_qb0of3__C11_EPS_DYN_qmax8__v1,PS_qb0of3__OCF_E_qb0of3,C11_EPS_DYN_qmax8,0.23163821311982646,-0.6426871768685088,0.5545437989437261,39.40064102564103,v1
PS_qb0of3__REV_G_qb2of3__None__v1,PS_qb0of3__REV_G_qb2of3,None,0.23155181612939058,-0.659370114057991,0.5638614996560422,38.95192307692308,v1
P_IC_qb0of3__CROIC_qb0of3__C13_EPS_DYN_ytdavg_gt_lyytdavg__v0,P_IC_qb0of3__CROIC_qb0of3,C13_EPS_DYN_ytdavg_gt_lyytdavg,0.23153421407683705,-0.5910553906958991,0.5808925204274041,86.32631578947368,v0
PB_qb0of3__ROE_qb0of3__C3_ROE_DYN_qmax4__v1,PB_qb0of3__ROE_qb0of3,C3_ROE_DYN_qmax4,0.23153197046643292,-0.6165297813380296,0.5602707152002927,48.166666666666664,v1
PS_qb0of3__REV_G_qb2of3__C7_ROE_DYN_ytdavg_gt_lyavg__v0,PS_qb0of3__REV_G_qb2of3,C7_ROE_DYN_ytdavg_gt_lyavg,0.2315311139853835,-0.597495209710869,0.5598995695839312,89.9,v0
PS_qb0of3__OCF_E_qb0of3__None__v1,PS_qb0of3__OCF_E_qb0of3,None,0.23147262937752955,-0.6474639424947961,0.5566054879156823,41.02564102564103,v1
PS_qb0of3__REV_G_qb2of3__C20_FCF_P_DYN_ytdavg_gt_lyytdavg__v1,PS_qb0of3__REV_G_qb2of3,C20_FCF_P_DYN_ytdavg_gt_lyytdavg,0.23145051934620153,-0.5592756400421646,0.5663469224620303,19.67132867132867,v1
ACCRUAL_qb0of3__MOM_qb0of3__C14_EPS_DYN_ytdavg_gt_lyavg__v0,ACCRUAL_qb0of3__MOM_qb0of3,C14_EPS_DYN_ytdavg_gt_lyavg,0.2313857136948132,-0.5685624091091754,0.5491395125360357,99.11333333333333,v0
PS_qb0of3__REV_G_qb2of3__C4_ROE_DYN_qmax8__v1,PS_qb0of3__REV_G_qb2of3,C4_ROE_DYN_qmax8,0.2313780036261157,-0.6708406676949341,0.5599022004889975,37.22435897435897,v1
EV_S_qb0of3__FCF_P_qb2of3__C18_FCF_P_DYN_qmax8__v0,EV_S_qb0of3__FCF_P_qb2of3,C18_FCF_P_DYN_qmax8,0.23137521103614267,-0.5811063573929213,0.5780473714615829,255.98717948717947,v0
PB_qb0of3__OCF_E_qb0of3__C6_ROE_DYN_ytdavg_gt_lyytdavg__v0,PB_qb0of3__OCF_E_qb0of3,C6_ROE_DYN_ytdavg_gt_lyytdavg,0.23136678584594694,-0.6120062370166547,0.5713924050632911,94.49300699300699,v0
EV_S_qb0of3__MOM_qb0of3__C20_FCF_P_DYN_ytdavg_gt_lyytdavg__v1,EV_S_qb0of3__MOM_qb0of3,C20_FCF_P_DYN_ytdavg_gt_lyytdavg,0.2313433187426428,-0.6447758426966336,0.5712045169385195,19.97902097902098,v1
P_IC_qb0of3__FCF_OI_qb0of3__C13_EPS_DYN_ytdavg_gt_lyytdavg__v0,P_IC_qb0of3__FCF_OI_qb0of3,C13_EPS_DYN_ytdavg_gt_lyytdavg,0.23122831891309237,-0.5869881986204261,0.580049421251138,87.47719298245615,v0
EV_S_qb0of3__FCF_P_qb2of3__C10_EPS_DYN_qmax4__v0,EV_S_qb0of3__FCF_P_qb2of3,C10_EPS_DYN_qmax4,0.23119896393924844,-0.5854319368584869,0.5764557266602502,255.38782051282053,v0
EV_S_qb0of3__FCF_P_qb2of3__C3_ROE_DYN_qmax4__v0,EV_S_qb0of3__FCF_P_qb2of3,C3_ROE_DYN_qmax4,0.23101864940796868,-0.5854563887077129,0.5757902298850575,254.75,v0
MOM_qb0of3__REV_G_qb0of3__C7_ROE_DYN_ytdavg_gt_lyavg__v0,MOM_qb0of3__REV_G_qb0of3,C7_ROE_DYN_ytdavg_gt_lyavg,0.2309826019819059,-0.609604859510785,0.5549685251798561,79.46666666666667,v0
EV_S_qb0of3__CROIC_qb0of3__C7_ROE_DYN_ytdavg_gt_lyavg__v1,EV_S_qb0of3__CROIC_qb0of3,C7_ROE_DYN_ytdavg_gt_lyavg,0.23097943569245416,-0.7354825670089202,0.5567951318458418,19.993333333333332,v1
EV_S_qb0of3__NETDEBT_EBITDA_qb2of3__C14_EPS_DYN_ytdavg_gt_lyavg__v1,EV_S_qb0of3__NETDEBT_EBITDA_qb2of3,C14_EPS_DYN_ytdavg_gt_lyavg,0.23096455675841265,-0.6926305335530314,0.5626423690205011,14.72,v1
P_IC_qb0of3__ROE_qb2of3__C4_ROE_DYN_qmax8__v0,P_IC_qb0of3__ROE_qb2of3,C4_ROE_DYN_qmax8,0.23095522243114996,-0.5834949261755187,0.5781056114711154,117.41666666666667,v0
EV_S_qb0of3__FCF_P_qb2of3__C11_EPS_DYN_qmax8__v0,EV_S_qb0of3__FCF_P_qb2of3,C11_EPS_DYN_qmax8,0.2307994999935481,-0.5921206492437323,0.5732801018341723,251.19871794871796,v0
ROIC_qb0of3__MOM_qb0of3__C17_FCF_P_DYN_qmax4__v0,ROIC_qb0of3__MOM_qb0of3,C17_FCF_P_DYN_qmax4,0.23078106559543987,-0.6655117708099703,0.5474229099409996,222.2852564102564,v0
PS_qb0of3__EV_EBITDA_qb0of3__C6_ROE_DYN_ytdavg_gt_lyytdavg__v1,PS_qb0of3__EV_EBITDA_qb0of3,C6_ROE_DYN_ytdavg_gt_lyytdavg,0.2307643720197663,-0.6575851039023375,0.5661307053941909,31.905594405594407,v1
P_IC_qb0of3__ROE_qb2of3__C11_EPS_DYN_qmax8__v0,P_IC_qb0of3__ROE_qb2of3,C11_EPS_DYN_qmax8,0.23070196939326904,-0.586407115903552,0.580180688876341,117.78846153846153,v0
P_IC_qb0of3__ROE_qb2of3__C6_ROE_DYN_ytdavg_gt_lyytdavg__v0,P_IC_qb0of3__ROE_qb2of3,C6_ROE_DYN_ytdavg_gt_lyytdavg,0.23066406930665884,-0.6227344742272407,0.5761968338737364,72.06293706293707,v0
EV_S_qb0of3__None__C14_EPS_DYN_ytdavg_gt_lyavg__v0,EV_S_qb0of3__None,C14_EPS_DYN_ytdavg_gt_lyavg,0.23064127422960268,-0.577100264313221,0.5949571836346337,322.39,v0
PS_qb0of3__DEBTRATIO_qb0of3__C17_FCF_P_DYN_qmax4__v1,PS_qb0of3__DEBTRATIO_qb0of3,C17_FCF_P_DYN_qmax4,0.23059443008160718,-0.5027527397309923,0.5725164416753202,29.05128205128205,v1
PS_qb0of3__FCF_P_qb0of3__C13_EPS_DYN_ytdavg_gt_lyytdavg__v0,PS_qb0of3__FCF_P_qb0of3,C13_EPS_DYN_ytdavg_gt_lyytdavg,0.23058098684308392,-0.5902024961838592,0.554052504872177,100.45614035087719,v0
EV_S_qb0of3__FCF_P_qb2of3__C4_ROE_DYN_qmax8__v0,EV_S_qb0of3__FCF_P_qb2of3,C4_ROE_DYN_qmax8,0.23045224171194234,-0.5921798875603541,0.571666188700889,250.07371794871796,v0
PS_qb0of3__DEBTRATIO_qb2of3__None__v1,PS_qb0of3__DEBTRATIO_qb2of3,None,0.2304389644930418,-0.6792248536312839,0.5761673357278682,54.12820512820513,v1
OCF_E_qb2of3__MOM_qb0of3__C14_EPS_DYN_ytdavg_gt_lyavg__v0,OCF_E_qb2of3__MOM_qb0of3,C14_EPS_DYN_ytdavg_gt_lyavg,0.23041277125872028,-0.5209318555877147,0.584441204219916,102.65666666666667,v0
EV_S_qb0of3__NETDEBT_EBITDA_qb2of3__C4_ROE_DYN_qmax8__v1,EV_S_qb0of3__NETDEBT_EBITDA_qb2of3,C4_ROE_DYN_qmax8,0.23039101527285233,-0.7410833818908475,0.5527386541471049,27.733974358974358,v1
PS_qb0of3__NETDEBT_EBITDA_qb2of3__None__v1,PS_qb0of3__NETDEBT_EBITDA_qb2of3,None,0.23037933286023482,-0.6944094110461685,0.5630121816168328,45.72435897435897,v1
PB_qb0of3__ROE_qb0of3__C17_FCF_P_DYN_qmax4__v1,PB_qb0of3__ROE_qb0of3,C17_FCF_P_DYN_qmax4,0.23036642377729866,-0.6295091041260462,0.5633418274481252,48.657051282051285,v1
EV_S_qb0of3__CROIC_qb0of3__C14_EPS_DYN_ytdavg_gt_lyavg__v1,EV_S_qb0of3__CROIC_qb0of3,C14_EPS_DYN_ytdavg_gt_lyavg,0.2303644799912623,-0.6261115607436583,0.5559200715776916,23.226666666666667,v1
PS_qb0of3__DEBTRATIO_qb2of3__C17_FCF_P_DYN_qmax4__v1,PS_qb0of3__DEBTRATIO_qb2of3,C17_FCF_P_DYN_qmax4,0.23025729863449773,-0.6747685261301519,0.5715729882733522,52.67948717948718,v1
PB_qb0of3__ROE_qb0of3__C18_FCF_P_DYN_qmax8__v1,PB_qb0of3__ROE_qb0of3,C18_FCF_P_DYN_qmax8,0.23024113574687632,-0.6283304097108595,0.5606936416184971,47.90064102564103,v1
PS_qb0of3__NETDEBT_EBITDA_qb2of3__C17_FCF_P_DYN_qmax4__v1,PS_qb0of3__NETDEBT_EBITDA_qb2of3,C17_FCF_P_DYN_qmax4,0.2302332937468119,-0.6908545265955573,0.5631737818025011,44.47115384615385,v1
EV_S_qb0of3__DEBTRATIO_qb0of3__C14_EPS_DYN_ytdavg_gt_lyavg__v0,EV_S_qb0of3__DEBTRATIO_qb0of3,C14_EPS_DYN_ytdavg_gt_lyavg,0.2301741442984062,-0.5404143325562967,0.5902861264727098,107.63,v0
PB_qb0of3__ROIC_qb0of3__C11_EPS_DYN_qmax8__v1,PB_qb0of3__ROIC_qb0of3,C11_EPS_DYN_qmax8,0.23000508209369475,-0.6417300973130267,0.5505143277002205,48.31410256410256,v1
OCF_E_qb2of3__MOM_qb0of3__None__v0,OCF_E_qb2of3__MOM_qb0of3,None,0.2299957920287996,-0.5526758307740514,0.5797223155301758,177.6602564102564,v0
PS_qb0of3__REV_G_qb2of3__C10_EPS_DYN_qmax4__v1,PS_qb0of3__REV_G_qb2of3,C10_EPS_DYN_qmax4,0.2299548708254484,-0.666490156576788,0.5627959413754228,37.955128205128204,v1
P_IC_qb0of3__None__C7_ROE_DYN_ytdavg_gt_lyavg__v0,P_IC_qb0of3__None,C7_ROE_DYN_ytdavg_gt_lyavg,0.2299472176541908,-0.5630291317035834,0.6022007335778593,270.19666666666666,v0
EV_S_qb0of3__FCF_P_qb2of3__C14_EPS_DYN_ytdavg_gt_lyavg__v0,EV_S_qb0of3__FCF_P_qb2of3,C14_EPS_DYN_ytdavg_gt_lyavg,0.22992239318431884,-0.5694541964467217,0.5717344753747323,154.09666666666666,v0
P_IC_qb0of3__ROE_qb2of3__C3_ROE_DYN_qmax4__v0,P_IC_qb0of3__ROE_qb2of3,C3_ROE_DYN_qmax4,0.22986944135344856,-0.5846665630826953,0.5810498990481684,118.62820512820512,v0
PB_qb0of3__ROIC_qb0of3__C14_EPS_DYN_ytdavg_gt_lyavg__v1,PB_qb0of3__ROIC_qb0of3,C14_EPS_DYN_ytdavg_gt_lyavg,0.22985129839209284,-0.6135326138322913,0.555045871559633,23.5,v1
PS_qb0of3__CROIC_qb0of3__C6_ROE_DYN_ytdavg_gt_lyytdavg__v1,PS_qb0of3__CROIC_qb0of3,C6_ROE_DYN_ytdavg_gt_lyytdavg,0.22983708131935154,-0.7427785262850743,0.5475543478260869,20.26923076923077,v1
PS_qb0of3__ROIC_qb0of3__C13_EPS_DYN_ytdavg_gt_lyytdavg__v1,PS_qb0of3__ROIC_qb0of3,C13_EPS_DYN_ytdavg_gt_lyytdavg,0.2298244754754588,-0.7521047622377619,0.5288966725043783,13.119298245614035,v1
P_IC_qb0of3__MOM_qb2of3__C14_EPS_DYN_ytdavg_gt_lyavg__v0,P_IC_qb0of3__MOM_qb2of3,C14_EPS_DYN_ytdavg_gt_lyavg,0.22982430881891158,-0.6129005805933966,0.549966593490503,106.67,v0
MOM_qb0of3__REV_G_qb0of3__C3_ROE_DYN_qmax4__v0,MOM_qb0of3__REV_G_qb0of3,C3_ROE_DYN_qmax4,0.22980623136276956,-0.6731753873884156,0.5662251655629139,196.59615384615384,v0
PS_qb0of3__FCF_OI_qb0of3__C17_FCF_P_DYN_qmax4__v1,PS_qb0of3__FCF_OI_qb0of3,C17_FCF_P_DYN_qmax4,0.2298055705929365,-0.6507540520423882,0.5565289256198347,44.01923076923077,v1
MOM_qb0of3__REV_G_qb0of3__None__v0,MOM_qb0of3__REV_G_qb0of3,None,0.22978574595667678,-0.655864618477046,0.5663290446208595,210.94871794871796,v0
MOM_qb2of3__FCF_OI_qb0of3__C14_EPS_DYN_ytdavg_gt_lyavg__v0,MOM_qb2of3__FCF_OI_qb0of3,C14_EPS_DYN_ytdavg_gt_lyavg,0.22976967355018751,-0.5236842713978209,0.5231819474732151,96.27666666666667,v0
P_IC_qb0of3__ROE_qb2of3__C10_EPS_DYN_qmax4__v0,P_IC_qb0of3__ROE_qb2of3,C10_EPS_DYN_qmax4,0.2297677079573932,-0.5845166105098583,0.5811226733108603,118.90705128205128,v0
P_IC_qb0of3__FCF_P_qb2of3__C14_EPS_DYN_ytdavg_gt_lyavg__v0,P_IC_qb0of3__FCF_P_qb2of3,C14_EPS_DYN_ytdavg_gt_lyavg,0.22976480485959394,-0.5541207494081841,0.5838703563305534,168.1,v0
MOM_qb0of3__REV_G_qb0of3__C10_EPS_DYN_qmax4__v0,MOM_qb0of3__REV_G_qb0of3,C10_EPS_DYN_qmax4,0.229759857810387,-0.6702101615427851,0.5664963790490092,196.86858974358975,v0
PS_qb0of3__DEBTRATIO_qb0of3__None__v1,PS_qb0of3__DEBTRATIO_qb0of3,None,0.22970468733434068,-0.5149683418609314,0.5766631092138029,29.625,v1
MOM_qb0of3__REV_G_qb0of3__C11_EPS_DYN_qmax8__v0,MOM_qb0of3__REV_G_qb0of3,C11_EPS_DYN_qmax8,0.2296103851206739,-0.6740866087319694,0.5654578979717271,193.32371794871796,v0
EV_S_qb0of3__MOM_qb2of3__C18_FCF_P_DYN_qmax8__v0,EV_S_qb0of3__MOM_qb2of3,C18_FCF_P_DYN_qmax8,0.22958627365316797,-0.596795442885,0.5312998859749145,200.35256410256412,v0
EV_S_qb0of3__FCF_P_qb0of3__C14_EPS_DYN_ytdavg_gt_lyavg__v1,EV_S_qb0of3__FCF_P_qb0of3,C14_EPS_DYN_ytdavg_gt_lyavg,0.2295805868558729,-0.6155853975094578,0.5600933488914819,23.75,v1
EV_S_qb0of3__MOM_qb2of3__C17_FCF_P_DYN_qmax4__v0,EV_S_qb0of3__MOM_qb2of3,C17_FCF_P_DYN_qmax4,0.2295698876218939,-0.5976201214922036,0.5317258883248731,203.4102564102564,v0
PS_qb0of3__MOM_qb0of3__None__v1,PS_qb0of3__MOM_qb0of3,None,0.22953329304641867,-0.6852454688473185,0.5701130856219709,42.583333333333336,v1
MOM_qb0of3__REV_G_qb0of3__C4_ROE_DYN_qmax8__v0,MOM_qb0of3__REV_G_qb0of3,C4_ROE_DYN_qmax8,0.22953099426897516,-0.6788749132945476,0.564896590273896,192.8653846153846,v0
EV_S_qb0of3__ACCRUAL_qb0of3__C6_ROE_DYN_ytdavg_gt_lyytdavg__v0,EV_S_qb0of3__ACCRUAL_qb0of3,C6_ROE_DYN_ytdavg_gt_lyytdavg,0.2295275435328743,-0.562654877080629,0.5564137004701142,91.63636363636364,v0
VOL_qb2of3__P_IC_qb1of3__C13_EPS_DYN_ytdavg_gt_lyytdavg__v0,VOL_qb2of3__P_IC_qb1of3,C13_EPS_DYN_ytdavg_gt_lyytdavg,0.2294529075535825,-0.5340414998719774,0.5351148113334229,92.03157894736842,v0
PS_qb0of3__DEBTRATIO_qb2of3__C18_FCF_P_DYN_qmax8__v1,PS_qb0of3__DEBTRATIO_qb2of3,C18_FCF_P_DYN_qmax8,0.22944371565185162,-0.6755438288619706,0.5700787401574803,51.7724358974359,v1
EV_S_qb0of3__OCF_E_qb0of3__C13_EPS_DYN_ytdavg_gt_lyytdavg__v0,EV_S_qb0of3__OCF_E_qb0of3,C13_EPS_DYN_ytdavg_gt_lyytdavg,0.22940720804393577,-0.578976376860986,0.5602553870710295,98.75087719298246,v0
MOM_qb0of3__REV_G_qb0of3__C17_FCF_P_DYN_qmax4__v0,MOM_qb0of3__REV_G_qb0of3,C17_FCF_P_DYN_qmax4,0.2293900247425873,-0.6680333739982182,0.5656878769092036,197.21794871794873,v0
P_IC_qb0of3__PB_qb0of3__C20_FCF_P_DYN_ytdavg_gt_lyytdavg__v0,P_IC_qb0of3__PB_qb0of3,C20_FCF_P_DYN_ytdavg_gt_lyytdavg,0.22928247922058742,-0.6641112644191303,0.5997786386275595,187.11888111888112,v0
P_IC_qb0of3__MOM_qb0of3__None__v0,P_IC_qb0of3__MOM_qb0of3,None,0.2291166681243213,-0.6680262703693056,0.5957318300785183,178.7147435897436,v0
PS_qb0of3__REV_G_qb2of3__C11_EPS_DYN_qmax8__v1,PS_qb0of3__REV_G_qb2of3,C11_EPS_DYN_qmax8,0.2291020855018795,-0.6728663186341697,0.5614781634938409,37.43269230769231,v1
ROIC_qb0of3__MOM_qb0of3__C18_FCF_P_DYN_qmax8__v0,ROIC_qb0of3__MOM_qb0of3,C18_FCF_P_DYN_qmax8,0.22904053069036379,-0.6669701972910882,0.5456858407079646,219.67948717948718,v0
PB_qb0of3__CROIC_qb2of3__C13_EPS_DYN_ytdavg_gt_lyytdavg__v1,PB_qb0of3__CROIC_qb2of3,C13_EPS_DYN_ytdavg_gt_lyytdavg,0.22889605501042687,-0.49857630279885434,0.575,17.23859649122807,v1
P_IC_qb0of3__REV_G_qb0of3__None__v0,P_IC_qb0of3__REV_G_qb0of3,None,0.22886611826555736,-0.6813866271853549,0.6048914915604547,228.59615384615384,v0
P_IC_qb0of3__OCF_E_qb2of3__C20_FCF_P_DYN_ytdavg_gt_lyytdavg__v0,P_IC_qb0of3__OCF_E_qb2of3,C20_FCF_P_DYN_ytdavg_gt_lyytdavg,0.22882432005261966,-0.6873604743895945,0.5645320197044335,94.14685314685315,v0
PS_qb0of3__FCF_OI_qb0of3__C18_FCF_P_DYN_qmax8__v1,PS_qb0of3__FCF_OI_qb0of3,C18_FCF_P_DYN_qmax8,0.2288056414211177,-0.6520036224614576,0.5584372402327514,42.993589743589745,v1
P_IC_qb0of3__FCF_OI_qb0of3__C7_ROE_DYN_ytdavg_gt_lyavg__v1,P_IC_qb0of3__FCF_OI_qb0of3,C7_ROE_DYN_ytdavg_gt_lyavg,0.22871833072932524,-0.6453594422955095,0.5845534407027818,18.933333333333334,v1
MOM_qb0of3__REV_G_qb0of3__C18_FCF_P_DYN_qmax8__v0,MOM_qb0of3__REV_G_qb0of3,C18_FCF_P_DYN_qmax8,0.22868639185166684,-0.6703932837235269,0.564873062233206,193.97115384615384,v0
PB_qb0of3__ROE_qb0of3__C6_ROE_DYN_ytdavg_gt_lyytdavg__v1,PB_qb0of3__ROE_qb0of3,C6_ROE_DYN_ytdavg_gt_lyytdavg,0.22861491575199633,-0.6030898482151537,0.5692650334075724,17.48951048951049,v1
PS_qb0of3__CROIC_qb0of3__C17_FCF_P_DYN_qmax4__v1,PS_qb0of3__CROIC_qb0of3,C17_FCF_P_DYN_qmax4,0.2285809165129098,-0.6657828141627367,0.5516197935208259,40.625,v1
REVENUE_qb0of3__P_IC_qb1of3__C4_ROE_DYN_qmax8__v1,REVENUE_qb0of3__P_IC_qb1of3,C4_ROE_DYN_qmax8,0.2285416497061734,-0.4762287555649132,0.5488926746166951,28.65705128205128,v1
PB_qb0of3__OCF_E_qb2of3__None__v1,PB_qb0of3__OCF_E_qb2of3,None,0.2283755840384074,-0.5940574647413406,0.5689948892674617,30.016025641025642,v1
PS_qb0of3__NETDEBT_EBITDA_qb2of3__C18_FCF_P_DYN_qmax8__v1,PS_qb0of3__NETDEBT_EBITDA_qb2of3,C18_FCF_P_DYN_qmax8,0.22831420466846764,-0.6929244654227704,0.5602460755197285,43.69551282051282,v1
P_IC_qb0of3__NETDEBT_EBITDA_qb0of3__C6_ROE_DYN_ytdavg_gt_lyytdavg__v0,P_IC_qb0of3__NETDEBT_EBITDA_qb0of3,C6_ROE_DYN_ytdavg_gt_lyytdavg,0.22830512221894805,-0.6070227420927577,0.5977859778597786,50.53146853146853,v0
EV_S_qb0of3__MOM_qb2of3__None__v0,EV_S_qb0of3__MOM_qb2of3,None,0.22830034113758768,-0.6003490837354839,0.5307621671258035,214.35576923076923,v0
EV_S_qb0of3__FCF_P_qb2of3__None__v1,EV_S_qb0of3__FCF_P_qb2of3,None,0.22827907340295783,-0.5787166784926869,0.568598498831057,66.17948717948718,v1
PS_qb0of3__FCF_OI_qb0of3__C3_ROE_DYN_qmax4__v1,PS_qb0of3__FCF_OI_qb0of3,C3_ROE_DYN_qmax4,0.22823029133397288,-0.6499091343101859,0.5573985876170143,44.6025641025641,v1
P_IC_qb0of3__PB_qb0of3__C14_EPS_DYN_ytdavg_gt_lyavg__v1,P_IC_qb0of3__PB_qb0of3,C14_EPS_DYN_ytdavg_gt_lyavg,0.22822368434870666,-0.5867097084035593,0.5749755620723362,52.163333333333334,v1
PS_qb0of3__CROIC_qb0of3__C18_FCF_P_DYN_qmax8__v1,PS_qb0of3__CROIC_qb0of3,C18_FCF_P_DYN_qmax8,0.22817471545286128,-0.6660685653619185,0.5518352730528201,39.67307692307692,v1
P_IC_qb0of3__PS_qb0of3__C19_FCF_P_DYN_yoy__v0,P_IC_qb0of3__PS_qb0of3,C19_FCF_P_DYN_yoy,0.2281717884557426,-0.6290119014004014,0.5623856567874131,10.189591078066915,v0
PB_qb0of3__OCF_E_qb2of3__C18_FCF_P_DYN_qmax8__v1,PB_qb0of3__OCF_E_qb2of3,C18_FCF_P_DYN_qmax8,0.22814759605152002,-0.5917997076076319,0.5672867842474028,29.381410256410255,v1
EV_S_qb0of3__MOM_qb2of3__C4_ROE_DYN_qmax8__v0,EV_S_qb0of3__MOM_qb2of3,C4_ROE_DYN_qmax8,0.22814014744199707,-0.6024737871965493,0.5300189231033889,200.20833333333334,v0
PS_qb0of3__FCF_OI_qb0of3__C6_ROE_DYN_ytdavg_gt_lyytdavg__v0,PS_qb0of3__FCF_OI_qb0of3,C6_ROE_DYN_ytdavg_gt_lyytdavg,0.22807221814576994,-0.5865288789062952,0.5551376925876501,90.33216783216783,v0
PS_qb0of3__FCF_OI_qb0of3__C20_FCF_P_DYN_ytdavg_gt_lyytdavg__v1,PS_qb0of3__FCF_OI_qb0of3,C20_FCF_P_DYN_ytdavg_gt_lyytdavg,0.22801878519981256,-0.6311492018532427,0.5566003616636528,17.622377622377623,v1
MOM_qb2of3__DEBTRATIO_qb2of3__C7_ROE_DYN_ytdavg_gt_lyavg__v1,MOM_qb2of3__DEBTRATIO_qb2of3,C7_ROE_DYN_ytdavg_gt_lyavg,0.2279944562507874,-0.6150628657595264,0.5594873223739203,23.156666666666666,v1
EV_S_qb0of3__MOM_qb2of3__C10_EPS_DYN_qmax4__v0,EV_S_qb0of3__MOM_qb2of3,C10_EPS_DYN_qmax4,0.2279710703825666,-0.599322475250605,0.5294732562866601,203.97435897435898,v0
P_IC_qb0of3__EV_S_qb0of3__C20_FCF_P_DYN_ytdavg_gt_lyytdavg__v1,P_IC_qb0of3__EV_S_qb0of3,C20_FCF_P_DYN_ytdavg_gt_lyytdavg,0.2279242625353255,-0.7826903607446627,0.5732203389830508,27.066433566433567,v1
P_IC_qb0of3__CROIC_qb0of3__C6_ROE_DYN_ytdavg_gt_lyytdavg__v0,P_IC_qb0of3__CROIC_qb0of3,C6_ROE_DYN_ytdavg_gt_lyytdavg,0.22785209109744908,-0.6003111352349977,0.5790473407364115,74.25524475524476,v0
PS_qb0of3__FCF_OI_qb0of3__None__v1,PS_qb0of3__FCF_OI_qb0of3,None,0.22783474415523042,-0.6593668132056141,0.5573635765943459,45.86217948717949,v1
PS_qb0of3__MOM_qb0of3__C18_FCF_P_DYN_qmax8__v1,PS_qb0of3__MOM_qb0of3,C18_FCF_P_DYN_qmax8,0.2278310583322447,-0.6776867543880815,0.5645768538222296,40.717948717948715,v1
PB_qb0of3__OCF_E_qb2of3__C17_FCF_P_DYN_qmax4__v1,PB_qb0of3__OCF_E_qb2of3,C17_FCF_P_DYN_qmax4,0.22781967177870333,-0.5994962983578336,0.5696999031945789,29.641025641025642,v1
EV_S_qb0of3__MOM_qb2of3__C3_ROE_DYN_qmax4__v0,EV_S_qb0of3__MOM_qb2of3,C3_ROE_DYN_qmax4,0.2277539977066816,-0.5998420616354806,0.5293571594337433,203.5,v0
PS_qb0of3__REV_G_qb0of3__C7_ROE_DYN_ytdavg_gt_lyavg__v1,PS_qb0of3__REV_G_qb0of3,C7_ROE_DYN_ytdavg_gt_lyavg,0.2277429078822082,-0.705064852406469,0.5521148036253777,21.01,v1
P_IC_qb0of3__NETDEBT_EBITDA_qb0of3__C20_FCF_P_DYN_ytdavg_gt_lyytdavg__v0,P_IC_qb0of3__NETDEBT_EBITDA_qb0of3,C20_FCF_P_DYN_ytdavg_gt_lyytdavg,0.22768912114317574,-0.5417541854496921,0.6027809094325441,48.31818181818182,v0
EV_S_qb0of3__MOM_qb2of3__C11_EPS_DYN_qmax8__v0,EV_S_qb0of3__MOM_qb2of3,C11_EPS_DYN_qmax8,0.22768059920656936,-0.6043028949461797,0.5299557700040209,201.0,v0
PB_qb0of3__FCF_OI_qb0of3__C20_FCF_P_DYN_ytdavg_gt_lyytdavg__v1,PB_qb0of3__FCF_OI_qb0of3,C20_FCF_P_DYN_ytdavg_gt_lyytdavg,0.2275895169540023,-0.6252975792100571,0.5616673828964331,15.44055944055944,v1
EV_S_qb0of3__FCF_P_qb2of3__C7_ROE_DYN_ytdavg_gt_lyavg__v0,EV_S_qb0of3__FCF_P_qb2of3,C7_ROE_DYN_ytdavg_gt_lyavg,0.22757830937384593,-0.6230992564071713,0.5714285714285714,134.85,v0
PS_qb0of3__DEBTRATIO_qb2of3__C14_EPS_DYN_ytdavg_gt_lyavg__v1,PS_qb0of3__DEBTRATIO_qb2of3,C14_EPS_DYN_ytdavg_gt_lyavg,0.22757647456307417,-0.6654442243890002,0.5820604484887878,31.0,v1
EV_S_qb0of3__ROIC_qb0of3__C6_ROE_DYN_ytdavg_gt_lyytdavg__v1,EV_S_qb0of3__ROIC_qb0of3,C6_ROE_DYN_ytdavg_gt_lyytdavg,0.22754916020488292,-0.8815430058539231,0.5488565488565489,10.76923076923077,v1
PS_qb0of3__NETDEBT_EBITDA_qb2of3__C10_EPS_DYN_qmax4__v1,PS_qb0of3__NETDEBT_EBITDA_qb2of3,C10_EPS_DYN_qmax4,0.22747479258269543,-0.6849344317521339,0.5627294320881019,44.205128205128204,v1
EV_S_qb0of3__FCF_P_qb2of3__C18_FCF_P_DYN_qmax8__v1,EV_S_qb0of3__FCF_P_qb2of3,C18_FCF_P_DYN_qmax8,0.227422784715825,-0.5766580777622072,0.5659478136542356,64.55128205128206,v1
PS_qb0of3__FCF_OI_qb0of3__C10_EPS_DYN_qmax4__v1,PS_qb0of3__FCF_OI_qb0of3,C10_EPS_DYN_qmax4,0.22740295521133214,-0.6523407930284038,0.5581662832730858,44.68269230769231,v1
VOL_qb2of3__EV_S_qb0of3__C6_ROE_DYN_ytdavg_gt_lyytdavg__v1,VOL_qb2of3__EV_S_qb0of3,C6_ROE_DYN_ytdavg_gt_lyytdavg,0.2273587665878145,-0.7931694056786303,0.5337321369225656,24.36013986013986,v1
EV_S_qb0of3__FCF_P_qb2of3__C17_FCF_P_DYN_qmax4__v1,EV_S_qb0of3__FCF_P_qb2of3,C17_FCF_P_DYN_qmax4,0.2273524550002417,-0.5730655576530671,0.5674435454655234,65.26282051282051,v1
EV_S_qb0of3__ACCRUAL_qb0of3__C13_EPS_DYN_ytdavg_gt_lyytdavg__v0,EV_S_qb0of3__ACCRUAL_qb0of3,C13_EPS_DYN_ytdavg_gt_lyytdavg,0.22734968681762102,-0.5563475742544154,0.5571456386292835,107.40350877192982,v0
PS_qb0of3__FCF_OI_qb0of3__C13_EPS_DYN_ytdavg_gt_lyytdavg__v0,PS_qb0of3__FCF_OI_qb0of3,C13_EPS_DYN_ytdavg_gt_lyytdavg,0.22734590069705396,-0.5833280630602884,0.5565079365079365,104.25964912280702,v0
PS_qb0of3__OCF_E_qb0of3__C20_FCF_P_DYN_ytdavg_gt_lyytdavg__v1,PS_qb0of3__OCF_E_qb0of3,C20_FCF_P_DYN_ytdavg_gt_lyytdavg,0.22727660990697607,-0.636011391652848,0.547410358565737,16.33916083916084,v1
REVENUE_qb0of3__PB_qb0of3__C20_FCF_P_DYN_ytdavg_gt_lyytdavg__v1,REVENUE_qb0of3__PB_qb0of3,C20_FCF_P_DYN_ytdavg_gt_lyytdavg,0.22719638508462325,-0.4534807964997589,0.5644666155026861,24.632867132867133,v1
CROIC_qb0of3__MOM_qb2of3__C14_EPS_DYN_ytdavg_gt_lyavg__v0,CROIC_qb0of3__MOM_qb2of3,C14_EPS_DYN_ytdavg_gt_lyavg,0.22719022702537117,-0.5177215251669753,0.5205231004200076,96.21,v0
PS_qb0of3__MOM_qb0of3__C20_FCF_P_DYN_ytdavg_gt_lyytdavg__v1,PS_qb0of3__MOM_qb0of3,C20_FCF_P_DYN_ytdavg_gt_lyytdavg,0.2271369294559813,-0.6542926873986612,0.574744661095636,20.44055944055944,v1
P_IC_qb0of3__FCF_P_qb2of3__C6_ROE_DYN_ytdavg_gt_lyytdavg__v0,P_IC_qb0of3__FCF_P_qb2of3,C6_ROE_DYN_ytdavg_gt_lyytdavg,0.22691249158987836,-0.5722800822302652,0.5781567194478279,140.07692307692307,v0
EV_S_qb0of3__FCF_OI_qb2of3__C13_EPS_DYN_ytdavg_gt_lyytdavg__v0,EV_S_qb0of3__FCF_OI_qb2of3,C13_EPS_DYN_ytdavg_gt_lyytdavg,0.22690207892683145,-0.506911815110941,0.5622925039315044,59.36491228070175,v0
EV_S_qb0of3__FCF_P_qb2of3__C10_EPS_DYN_qmax4__v1,EV_S_qb0of3__FCF_P_qb2of3,C10_EPS_DYN_qmax4,0.22689467993730306,-0.5751403099977646,0.5660009741841208,64.23717948717949,v1
PS_qb0of3__FCF_OI_qb0of3__C6_ROE_DYN_ytdavg_gt_lyytdavg__v1,PS_qb0of3__FCF_OI_qb0of3,C6_ROE_DYN_ytdavg_gt_lyytdavg,0.22686947454733875,-0.698860421261814,0.5514047545538746,22.115384615384617,v1
PS_qb0of3__FCF_P_qb2of3__C3_ROE_DYN_qmax4__v1,PS_qb0of3__FCF_P_qb2of3,C3_ROE_DYN_qmax4,0.2267911422824327,-0.5640183127444671,0.5652121358636528,64.59294871794872,v1
PS_qb0of3__MOM_qb0of3__C17_FCF_P_DYN_qmax4__v1,PS_qb0of3__MOM_qb0of3,C17_FCF_P_DYN_qmax4,0.22678183966853394,-0.6788393462175526,0.5681929281407854,41.40064102564103,v1
EV_S_qb0of3__NETDEBT_EBITDA_qb2of3__C20_FCF_P_DYN_ytdavg_gt_lyytdavg__v1,EV_S_qb0of3__NETDEBT_EBITDA_qb2of3,C20_FCF_P_DYN_ytdavg_gt_lyytdavg,0.22678114131099614,-0.8178772105066184,0.5496804183614178,14.293706293706293,v1
PB_qb0of3__ROIC_qb0of3__None__v1,PB_qb0of3__ROIC_qb0of3,None,0.22672162631601678,-0.6482326812771774,0.5586715867158671,50.48397435897436,v1
PS_qb0of3__FCF_P_qb2of3__C4_ROE_DYN_qmax8__v1,PS_qb0of3__FCF_P_qb2of3,C4_ROE_DYN_qmax8,0.22667066772397004,-0.5738319368910623,0.5647451963241437,63.21153846153846,v1
REVENUE_qb0of3__MOM_qb0of3__C20_FCF_P_DYN_ytdavg_gt_lyytdavg__v0,REVENUE_qb0of3__MOM_qb0of3,C20_FCF_P_DYN_ytdavg_gt_lyytdavg,0.22665864752809894,-0.5622929746032237,0.5438249202683383,93.03146853146853,v0
EV_S_qb0of3__FCF_P_qb0of3__C7_ROE_DYN_ytdavg_gt_lyavg__v1,EV_S_qb0of3__FCF_P_qb0of3,C7_ROE_DYN_ytdavg_gt_lyavg,0.22664006672901982,-0.7098403325642534,0.558891454965358,20.48,v1
PS_qb0of3__NETDEBT_EBITDA_qb2of3__C3_ROE_DYN_qmax4__v1,PS_qb0of3__NETDEBT_EBITDA_qb2of3,C3_ROE_DYN_qmax4,0.22658581764241115,-0.6852330435585852,0.5620957309184994,44.11217948717949,v1
P_IC_qb0of3__MOM_qb0of3__C13_EPS_DYN_ytdavg_gt_lyytdavg__v0,P_IC_qb0of3__MOM_qb0of3,C13_EPS_DYN_ytdavg_gt_lyytdavg,0.22654819701830964,-0.6230172911255689,0.5830016137708446,85.7298245614035,v0
PS_qb0of3__FCF_P_qb0of3__C17_FCF_P_DYN_qmax4__v1,PS_qb0of3__FCF_P_qb0of3,C17_FCF_P_DYN_qmax4,0.22652310366135753,-0.6654517902526176,0.5515204170286707,41.67948717948718,v1
PS_qb0of3__MOM_qb0of3__C11_EPS_DYN_qmax8__v1,PS_qb0of3__MOM_qb0of3,C11_EPS_DYN_qmax8,0.22651795854246926,-0.6828607561314064,0.5655670441490235,40.37179487179487,v1
PB_qb0of3__None__C2_ROE_DYN_riseq2__v0,PB_qb0of3__None,C2_ROE_DYN_riseq2,0.2264620080206421,-0.620993650912419,0.5688225538971807,11.652509652509652,v0
P_IC_qb0of3__DEBTRATIO_qb2of3__C7_ROE_DYN_ytdavg_gt_lyavg__v1,P_IC_qb0of3__DEBTRATIO_qb2of3,C7_ROE_DYN_ytdavg_gt_lyavg,0.22644716936156506,-0.6959938649508354,0.5879593432369038,24.866666666666667,v1
PS_qb0of3__FCF_OI_qb0of3__C4_ROE_DYN_qmax8__v1,PS_qb0of3__FCF_OI_qb0of3,C4_ROE_DYN_qmax8,0.22641869717380447,-0.6526034173852,0.5575439172549663,43.868589743589745,v1
EV_S_qb0of3__FCF_P_qb2of3__C3_ROE_DYN_qmax4__v1,EV_S_qb0of3__FCF_P_qb2of3,C3_ROE_DYN_qmax4,0.2263906309014494,-0.5776736282380932,0.5644298565523949,64.03205128205128,v1
EV_S_qb0of3__NETDEBT_EBITDA_qb2of3__C7_ROE_DYN_ytdavg_gt_lyavg__v1,EV_S_qb0of3__NETDEBT_EBITDA_qb2of3,C7_ROE_DYN_ytdavg_gt_lyavg,0.22631776332590237,-0.7504435230607716,0.5653553299492385,12.566666666666666,v1
P_IC_qb0of3__CROIC_qb2of3__None__v1,P_IC_qb0of3__CROIC_qb2of3,None,0.22631748981769984,-0.7057305681280952,0.5619672131147541,21.147435897435898,v1
PB_qb0of3__REV_G_qb0of3__C20_FCF_P_DYN_ytdavg_gt_lyytdavg__v0,PB_qb0of3__REV_G_qb0of3,C20_FCF_P_DYN_ytdavg_gt_lyytdavg,0.22630976172114226,-0.6983192530664434,0.5802615933412604,107.62237762237763,v0
EV_S_qb0of3__FCF_P_qb2of3__C11_EPS_DYN_qmax8__v1,EV_S_qb0of3__FCF_P_qb2of3,C11_EPS_DYN_qmax8,0.22614567058708013,-0.5811154923975523,0.5666104553119731,63.041666666666664,v1
PS_qb0of3__DEBTRATIO_qb0of3__C4_ROE_DYN_qmax8__v1,PS_qb0of3__DEBTRATIO_qb0of3,C4_ROE_DYN_qmax8,0.22613361656619246,-0.5141813539567293,0.5655544320862824,28.442307692307693,v1
PS_qb0of3__FCF_OI_qb0of3__C11_EPS_DYN_qmax8__v1,PS_qb0of3__FCF_OI_qb0of3,C11_EPS_DYN_qmax8,0.2261244992521365,-0.652995464303443,0.5577112791844788,43.98717948717949,v1
PS_qb0of3__FCF_P_qb0of3__C18_FCF_P_DYN_qmax8__v1,PS_qb0of3__FCF_P_qb0of3,C18_FCF_P_DYN_qmax8,0.2260992598024678,-0.665693330119354,0.551259622113366,40.70192307692308,v1
PS_qb0of3__CROIC_qb0of3__None__v1,PS_qb0of3__CROIC_qb0of3,None,0.22607883471722467,-0.6687151892997937,0.5538080933027036,42.32371794871795,v1
EV_S_qb0of3__OCF_E_qb2of3__C7_ROE_DYN_ytdavg_gt_lyavg__v0,EV_S_qb0of3__OCF_E_qb2of3,C7_ROE_DYN_ytdavg_gt_lyavg,0.2260356172751652,-0.5816101188287819,0.5692224034801523,113.50333333333333,v0
PB_qb0of3__ROIC_qb0of3__C10_EPS_DYN_qmax4__v1,PB_qb0of3__ROIC_qb0of3,C10_EPS_DYN_qmax4,0.22598384723595433,-0.6340889266732659,0.5533247375207221,49.11538461538461,v1
PB_qb0of3__ROIC_qb0of3__C18_FCF_P_DYN_qmax8__v1,PB_qb0of3__ROIC_qb0of3,C18_FCF_P_DYN_qmax8,0.22584318866963615,-0.6461144991076554,0.5507563331510844,48.80769230769231,v1
EV_S_qb0of3__NETDEBT_EBITDA_qb0of3__C6_ROE_DYN_ytdavg_gt_lyytdavg__v0,EV_S_qb0of3__NETDEBT_EBITDA_qb0of3,C6_ROE_DYN_ytdavg_gt_lyytdavg,0.22578156443670028,-0.5216627607967452,0.5826069329008717,101.07342657342657,v0
PS_qb0of3__REV_G_qb2of3__C14_EPS_DYN_ytdavg_gt_lyavg__v1,PS_qb0of3__REV_G_qb2of3,C14_EPS_DYN_ytdavg_gt_lyavg,0.22575511232774859,-0.5742656683595688,0.5691308382307454,27.67,v1
PS_qb0of3__DEBTRATIO_qb2of3__C10_EPS_DYN_qmax4__v1,PS_qb0of3__DEBTRATIO_qb2of3,C10_EPS_DYN_qmax4,0.22567173773362348,-0.6755419941556475,0.5737936604078336,52.58653846153846,v1
PS_qb0of3__NETDEBT_EBITDA_qb2of3__C11_EPS_DYN_qmax8__v1,PS_qb0of3__NETDEBT_EBITDA_qb2of3,C11_EPS_DYN_qmax8,0.22566236486954194,-0.6929560089928357,0.5615679590967192,43.31410256410256,v1
PS_qb0of3__MOM_qb0of3__C10_EPS_DYN_qmax4__v1,PS_qb0of3__MOM_qb0of3,C10_EPS_DYN_qmax4,0.225651917288624,-0.6797193236484753,0.5682783404116302,41.1474358974359,v1
P_IC_qb0of3__PB_qb0of3__C7_ROE_DYN_ytdavg_gt_lyavg__v1,P_IC_qb0of3__PB_qb0of3,C7_ROE_DYN_ytdavg_gt_lyavg,0.22560316512930512,-0.6160608811551191,0.5806728090850654,46.623333333333335,v1
EV_S_qb0of3__FCF_P_qb2of3__C4_ROE_DYN_qmax8__v1,EV_S_qb0of3__FCF_P_qb2of3,C4_ROE_DYN_qmax8,0.22559891382641228,-0.5863032872892552,0.5645490572835354,62.69871794871795,v1
ACCRUAL_qb0of3__MOM_qb0of3__C7_ROE_DYN_ytdavg_gt_lyavg__v0,ACCRUAL_qb0of3__MOM_qb0of3,C7_ROE_DYN_ytdavg_gt_lyavg,0.2255569005276561,-0.6145096988279644,0.5476907630522089,83.63,v0
PS_qb0of3__MOM_qb0of3__C4_ROE_DYN_qmax8__v1,PS_qb0of3__MOM_qb0of3,C4_ROE_DYN_qmax8,0.22554260190431918,-0.6795641395809847,0.5638961892247043,40.243589743589745,v1
EV_S_qb0of3__CROIC_qb0of3__C6_ROE_DYN_ytdavg_gt_lyytdavg__v0,EV_S_qb0of3__CROIC_qb0of3,C6_ROE_DYN_ytdavg_gt_lyytdavg,0.22539943080947067,-0.5834108256508204,0.5581363943281566,82.4895104895105,v0
PS_qb0of3__DEBTRATIO_qb0of3__C3_ROE_DYN_qmax4__v1,PS_qb0of3__DEBTRATIO_qb0of3,C3_ROE_DYN_qmax4,0.22537050212757004,-0.5134582390701415,0.5717736369910283,28.897435897435898,v1
PS_qb0of3__MOM_qb0of3__C3_ROE_DYN_qmax4__v1,PS_qb0of3__MOM_qb0of3,C3_ROE_DYN_qmax4,0.2252734247524073,-0.677842823500548,0.567624959163672,41.07692307692308,v1
FCF_P_qb2of3__MOM_qb0of3__None__v0,FCF_P_qb2of3__MOM_qb0of3,None,0.22524176986345257,-0.5882801302836603,0.5782111315274732,160.24679487179486,v0
EV_S_qb0of3__FCF_OI_qb0of3__C17_FCF_P_DYN_qmax4__v1,EV_S_qb0of3__FCF_OI_qb0of3,C17_FCF_P_DYN_qmax4,0.22518988977735233,-0.6417532868943259,0.5594033944796846,41.97115384615385,v1
PS_qb0of3__None__None__v1,PS_qb0of3__None,None,0.2251658905928291,-0.6170897722294697,0.5776424532405393,137.58653846153845,v1
PB_qb0of3__ROE_qb2of3__C18_FCF_P_DYN_qmax8__v1,PB_qb0of3__ROE_qb2of3,C18_FCF_P_DYN_qmax8,0.2251224609634752,-0.6875794407170488,0.558390226374416,20.974358974358974,v1
PS_qb0of3__CROIC_qb0of3__C3_ROE_DYN_qmax4__v1,PS_qb0of3__CROIC_qb0of3,C3_ROE_DYN_qmax4,0.22502285551339396,-0.662263960235411,0.5529807182027242,41.1474358974359,v1
PS_qb0of3__NETDEBT_EBITDA_qb2of3__C14_EPS_DYN_ytdavg_gt_lyavg__v1,PS_qb0of3__NETDEBT_EBITDA_qb2of3,C14_EPS_DYN_ytdavg_gt_lyavg,0.22499736476379395,-0.6252657156466783,0.5712098009188361,23.05666666666667,v1
EV_S_qb0of3__FCF_P_qb0of3__C6_ROE_DYN_ytdavg_gt_lyytdavg__v0,EV_S_qb0of3__FCF_P_qb0of3,C6_ROE_DYN_ytdavg_gt_lyytdavg,0.22499673948478094,-0.5840592472923687,0.5567523899286387,84.06293706293707,v0
REVENUE_qb0of3__P_IC_qb1of3__C3_ROE_DYN_qmax4__v1,REVENUE_qb0of3__P_IC_qb1of3,C3_ROE_DYN_qmax4,0.22494127178096268,-0.4651175099619441,0.5501029512697323,28.96794871794872,v1
PS_qb0of3__NETDEBT_EBITDA_qb0of3__C13_EPS_DYN_ytdavg_gt_lyytdavg__v0,PS_qb0of3__NETDEBT_EBITDA_qb0of3,C13_EPS_DYN_ytdavg_gt_lyytdavg,0.22488320950874008,-0.5261456445507938,0.5624394966118103,77.45263157894736,v0
PS_qb0of3__FCF_P_qb0of3__C3_ROE_DYN_qmax4__v1,PS_qb0of3__FCF_P_qb0of3,C3_ROE_DYN_qmax4,0.22486071410162478,-0.6619523221337693,0.5537318590186593,42.208333333333336,v1
P_IC_qb1of3__DEBTRATIO_qb0of3__C3_ROE_DYN_qmax4__v0,P_IC_qb1of3__DEBTRATIO_qb0of3,C3_ROE_DYN_qmax4,0.224860390793989,-0.5116601552866902,0.5655105973025049,118.9423076923077,v0
P_IC_qb0of3__CROIC_qb2of3__C18_FCF_P_DYN_qmax8__v1,P_IC_qb0of3__CROIC_qb2of3,C18_FCF_P_DYN_qmax8,0.22482370275823316,-0.7073828809350953,0.5573186528497409,20.775641025641026,v1
P_IC_qb1of3__DEBTRATIO_qb0of3__C17_FCF_P_DYN_qmax4__v0,P_IC_qb1of3__DEBTRATIO_qb0of3,C17_FCF_P_DYN_qmax4,0.2248137846005238,-0.5124959757299725,0.5695777351247601,119.0448717948718,v0
P_IC_qb0of3__ROIC_qb0of3__C13_EPS_DYN_ytdavg_gt_lyytdavg__v1,P_IC_qb0of3__ROIC_qb0of3,C13_EPS_DYN_ytdavg_gt_lyytdavg,0.22479554032213822,-0.5945557768971361,0.5579710144927537,24.757894736842104,v1
EV_S_qb0of3__FCF_OI_qb0of3__C7_ROE_DYN_ytdavg_gt_lyavg__v1,EV_S_qb0of3__FCF_OI_qb0of3,C7_ROE_DYN_ytdavg_gt_lyavg,0.22475249667843733,-0.6685970081744785,0.5584615384615385,21.996666666666666,v1
EV_S_qb0of3__CROIC_qb0of3__C17_FCF_P_DYN_qmax4__v1,EV_S_qb0of3__CROIC_qb0of3,C17_FCF_P_DYN_qmax4,0.22467617415044705,-0.6545634974272877,0.5527239150507849,38.7275641025641,v1
P_IC_qb0of3__CROIC_qb2of3__C3_ROE_DYN_qmax4__v1,P_IC_qb0of3__CROIC_qb2of3,C3_ROE_DYN_qmax4,0.22466487024641024,-0.7169047220922455,0.5622331691297209,20.46474358974359,v1
PS_qb0of3__FCF_P_qb2of3__C20_FCF_P_DYN_ytdavg_gt_lyytdavg__v1,PS_qb0of3__FCF_P_qb2of3,C20_FCF_P_DYN_ytdavg_gt_lyytdavg,0.22459044764009573,-0.5929805643555599,0.5649826455842654,40.0979020979021,v1
PS_qb0of3__None__C18_FCF_P_DYN_qmax8__v1,PS_qb0of3__None,C18_FCF_P_DYN_qmax8,0.22456249757894997,-0.6133721166404358,0.5703893196898233,131.625,v1
PS_qb0of3__None__C17_FCF_P_DYN_qmax4__v1,PS_qb0of3__None,C17_FCF_P_DYN_qmax4,0.22453954092129158,-0.6127520851065162,0.5735160571287047,133.9647435897436,v1
P_IC_qb0of3__CROIC_qb2of3__C17_FCF_P_DYN_qmax4__v1,P_IC_qb0of3__CROIC_qb2of3,C17_FCF_P_DYN_qmax4,0.22447864657733474,-0.7097783123371724,0.5595703125,20.91346153846154,v1
PB_qb0of3__DEBTRATIO_qb2of3__C14_EPS_DYN_ytdavg_gt_lyavg__v1,PB_qb0of3__DEBTRATIO_qb2of3,C14_EPS_DYN_ytdavg_gt_lyavg,0.22439313227598712,-0.6382502468571422,0.5905238828967643,25.123333333333335,v1
EV_S_qb0of3__DEBTRATIO_qb2of3__C13_EPS_DYN_ytdavg_gt_lyytdavg__v1,EV_S_qb0of3__DEBTRATIO_qb2of3,C13_EPS_DYN_ytdavg_gt_lyytdavg,0.2243913137790452,-0.6014646180118508,0.5721854304635762,22.55438596491228,v1
PS_qb0of3__FCF_P_qb0of3__None__v1,PS_qb0of3__FCF_P_qb0of3,None,0.22437589530594737,-0.6684401630940118,0.5545957152729786,43.41346153846154,v1
FCF_P_qb2of3__MOM_qb0of3__C4_ROE_DYN_qmax8__v0,FCF_P_qb2of3__MOM_qb0of3,C4_ROE_DYN_qmax8,0.2243744536285217,-0.5950763375538033,0.5739762219286658,151.94871794871796,v0
FCF_P_qb2of3__MOM_qb0of3__C17_FCF_P_DYN_qmax4__v0,FCF_P_qb2of3__MOM_qb0of3,C17_FCF_P_DYN_qmax4,0.22437204207971084,-0.5906369340213395,0.5757197981596913,157.55128205128204,v0
P_IC_qb1of3__DEBTRATIO_qb0of3__None__v0,P_IC_qb1of3__DEBTRATIO_qb0of3,None,0.22433968643521385,-0.508554731822914,0.5762521102982555,121.74038461538461,v0
PS_qb0of3__OCF_E_qb0of3__C20_FCF_P_DYN_ytdavg_gt_lyytdavg__v0,PS_qb0of3__OCF_E_qb0of3,C20_FCF_P_DYN_ytdavg_gt_lyytdavg,0.2242742869498504,-0.6502004611407738,0.5529411764705883,71.27972027972028,v0
EV_S_qb0of3__FCF_OI_qb0of3__C18_FCF_P_DYN_qmax8__v1,EV_S_qb0of3__FCF_OI_qb0of3,C18_FCF_P_DYN_qmax8,0.22425592982724996,-0.642675719573387,0.5613459879206212,41.00961538461539,v1
FCF_P_qb2of3__MOM_qb0of3__C18_FCF_P_DYN_qmax8__v0,FCF_P_qb2of3__MOM_qb0of3,C18_FCF_P_DYN_qmax8,0.2242314941158472,-0.5914112196389201,0.5740400023740281,156.02884615384616,v0
PS_qb0of3__DEBTRATIO_qb2of3__C11_EPS_DYN_qmax8__v1,PS_qb0of3__DEBTRATIO_qb2of3,C11_EPS_DYN_qmax8,0.22422754088786356,-0.6809854586273516,0.5729474305965742,51.68269230769231,v1
EV_S_qb0of3__DEBTRATIO_qb2of3__C13_EPS_DYN_ytdavg_gt_lyytdavg__v0,EV_S_qb0of3__DEBTRATIO_qb2of3,C13_EPS_DYN_ytdavg_gt_lyytdavg,0.224139863282538,-0.6214211322422978,0.5728962818003914,86.35087719298245,v0
PS_qb0of3__CROIC_qb0of3__C10_EPS_DYN_qmax4__v1,PS_qb0of3__CROIC_qb0of3,C10_EPS_DYN_qmax4,0.22413984574937218,-0.6647597526750981,0.5529807182027242,41.217948717948715,v1
P_IC_qb0of3__CROIC_qb2of3__C4_ROE_DYN_qmax8__v1,P_IC_qb0of3__CROIC_qb2of3,C4_ROE_DYN_qmax8,0.224104988745931,-0.728585927987879,0.5632786885245902,20.009615384615383,v1
P_IC_qb0of3__ROE_qb2of3__C14_EPS_DYN_ytdavg_gt_lyavg__v0,P_IC_qb0of3__ROE_qb2of3,C14_EPS_DYN_ytdavg_gt_lyavg,0.22409303179986328,-0.5775666512326509,0.5739969719909159,85.05,v0
FCF_P_qb2of3__MOM_qb0of3__C10_EPS_DYN_qmax4__v0,FCF_P_qb2of3__MOM_qb0of3,C10_EPS_DYN_qmax4,0.2240864136459939,-0.591139039192732,0.5751548356360171,155.4102564102564,v0
PS_qb0of3__ROE_qb2of3__C20_FCF_P_DYN_ytdavg_gt_lyytdavg__v0,PS_qb0of3__ROE_qb2of3,C20_FCF_P_DYN_ytdavg_gt_lyytdavg,0.22408094315227856,-0.5443380797586725,0.5715399610136452,100.43706293706293,v0
PB_qb0of3__ROE_qb2of3__C17_FCF_P_DYN_qmax4__v1,PB_qb0of3__ROE_qb2of3,C17_FCF_P_DYN_qmax4,0.22407881206886215,-0.6912926304989508,0.5616487455197132,21.326923076923077,v1
P_IC_qb1of3__DEBTRATIO_qb0of3__C10_EPS_DYN_qmax4__v0,P_IC_qb1of3__DEBTRATIO_qb0of3,C10_EPS_DYN_qmax4,0.22406611746201466,-0.5112087773337464,0.5664233576642336,119.18910256410257,v0
P_IC_qb0of3__PS_qb0of3__C20_FCF_P_DYN_ytdavg_gt_lyytdavg__v1,P_IC_qb0of3__PS_qb0of3,C20_FCF_P_DYN_ytdavg_gt_lyytdavg,0.22403680307408558,-0.7449961339418639,0.5729318912598655,31.874125874125873,v1
VOL_qb2of3__P_IC_qb1of3__C7_ROE_DYN_ytdavg_gt_lyavg__v0,VOL_qb2of3__P_IC_qb1of3,C7_ROE_DYN_ytdavg_gt_lyavg,0.22403169240310317,-0.5425260535215699,0.5359758038841134,80.10333333333334,v0
REVENUE_qb0of3__P_IC_qb1of3__C14_EPS_DYN_ytdavg_gt_lyavg__v1,REVENUE_qb0of3__P_IC_qb1of3,C14_EPS_DYN_ytdavg_gt_lyavg,0.2239226481434009,-0.46989805366662163,0.5590334980779791,16.873333333333335,v1
PS_qb0of3__ACCRUAL_qb0of3__C19_FCF_P_DYN_yoy__v0,PS_qb0of3__ACCRUAL_qb0of3,C19_FCF_P_DYN_yoy,0.22391281575680244,-0.5432526205005022,0.5630227862705509,11.707070707070708,v0
PS_qb0of3__None__C13_EPS_DYN_ytdavg_gt_lyytdavg__v0,PS_qb0of3__None,C13_EPS_DYN_ytdavg_gt_lyytdavg,0.2239099316593136,-0.5726407352333325,0.5854884475070936,312.10526315789474,v0
EV_EBITDA_qb0of3__PB_qb0of3__C13_EPS_DYN_ytdavg_gt_lyytdavg__v1,EV_EBITDA_qb0of3__PB_qb0of3,C13_EPS_DYN_ytdavg_gt_lyytdavg,0.22388440227952255,-0.6164435582235643,0.5614688664183076,31.140350877192983,v1
P_IC_qb0of3__ROIC_qb0of3__C11_EPS_DYN_qmax8__v1,P_IC_qb0of3__ROIC_qb0of3,C11_EPS_DYN_qmax8,0.2238518735838444,-0.6904386096309223,0.5589401586157173,50.51602564102564,v1
EV_S_qb0of3__CROIC_qb0of3__C18_FCF_P_DYN_qmax8__v1,EV_S_qb0of3__CROIC_qb0of3,C18_FCF_P_DYN_qmax8,0.22382186776971125,-0.6546734178774587,0.5530133928571429,37.830128205128204,v1
EV_S_qb0of3__OCF_E_qb0of3__C20_FCF_P_DYN_ytdavg_gt_lyytdavg__v0,EV_S_qb0of3__OCF_E_qb0of3,C20_FCF_P_DYN_ytdavg_gt_lyytdavg,0.22378916957549033,-0.641673798841323,0.5580748365558492,70.75174825174825,v0
PS_qb0of3__OCF_E_qb0of3__C3_ROE_DYN_qmax4__v1,PS_qb0of3__OCF_E_qb0of3,C3_ROE_DYN_qmax4,0.22378856695807947,-0.6442538424659365,0.5563214220932342,39.88461538461539,v1
PS_qb0of3__NETDEBT_EBITDA_qb2of3__C4_ROE_DYN_qmax8__v1,PS_qb0of3__NETDEBT_EBITDA_qb2of3,C4_ROE_DYN_qmax8,0.22378158828642536,-0.693920320206638,0.5604162242514334,43.18589743589744,v1
P_IC_qb0of3__CROIC_qb0of3__C7_ROE_DYN_ytdavg_gt_lyavg__v1,P_IC_qb0of3__CROIC_qb0of3,C7_ROE_DYN_ytdavg_gt_lyavg,0.22377259036384234,-0.6692003884386571,0.5886946820379323,18.313333333333333,v1
P_IC_qb1of3__DEBTRATIO_qb0of3__C4_ROE_DYN_qmax8__v0,P_IC_qb1of3__DEBTRATIO_qb0of3,C4_ROE_DYN_qmax8,0.22373781748473376,-0.5133789867138729,0.5587715422006186,117.27884615384616,v0
P_IC_qb0of3__MOM_qb2of3__C7_ROE_DYN_ytdavg_gt_lyavg__v0,P_IC_qb0of3__MOM_qb2of3,C7_ROE_DYN_ytdavg_gt_lyavg,0.22371008695546202,-0.6122292987586837,0.5531372757192908,92.60666666666667,v0
P_IC_qb0of3__CROIC_qb2of3__C10_EPS_DYN_qmax4__v1,P_IC_qb0of3__CROIC_qb2of3,C10_EPS_DYN_qmax4,0.2236851129457178,-0.7120347029878353,0.562931317778508,20.548076923076923,v1
EV_S_qb0of3__FCF_OI_qb0of3__C3_ROE_DYN_qmax4__v1,EV_S_qb0of3__FCF_OI_qb0of3,C3_ROE_DYN_qmax4,0.22368407959648473,-0.6375342899015202,0.5591544493692465,42.4775641025641,v1
FCF_P_qb2of3__MOM_qb0of3__C3_ROE_DYN_qmax4__v0,FCF_P_qb2of3__MOM_qb0of3,C3_ROE_DYN_qmax4,0.22365246765725444,-0.5935800304661814,0.5754716981132075,155.02243589743588,v0
PS_qb0of3__EV_S_qb1of3__C18_FCF_P_DYN_qmax8__v1,PS_qb0of3__EV_S_qb1of3,C18_FCF_P_DYN_qmax8,0.22363301381271072,-0.6121584462644035,0.5657463734206832,17.608974358974358,v1
P_IC_qb0of3__ROIC_qb0of3__C18_FCF_P_DYN_qmax8__v1,P_IC_qb0of3__ROIC_qb0of3,C18_FCF_P_DYN_qmax8,0.22360929007278751,-0.6859360360265261,0.5591071428571428,51.09935897435897,v1
PS_qb0of3__None__C20_FCF_P_DYN_ytdavg_gt_lyytdavg__v0,PS_qb0of3__None,C20_FCF_P_DYN_ytdavg_gt_lyytdavg,0.22360149214659253,-0.6009533159523606,0.5881055533674675,277.5839160839161,v0
PS_qb0of3__DEBTRATIO_qb2of3__C3_ROE_DYN_qmax4__v1,PS_qb0of3__DEBTRATIO_qb2of3,C3_ROE_DYN_qmax4,0.22359655159826652,-0.6756757662317701,0.5726633165829146,52.44871794871795,v1
EV_S_qb0of3__None__C7_ROE_DYN_ytdavg_gt_lyavg__v0,EV_S_qb0of3__None,C7_ROE_DYN_ytdavg_gt_lyavg,0.22346732442908568,-0.5900005737808391,0.5945047423486849,279.32,v0
EV_S_qb0of3__FCF_OI_qb0of3__C10_EPS_DYN_qmax4__v1,EV_S_qb0of3__FCF_OI_qb0of3,C10_EPS_DYN_qmax4,0.22346696977970115,-0.6403276801645054,0.5598159509202454,42.55448717948718,v1
PS_qb0of3__CROIC_qb0of3__C4_ROE_DYN_qmax8__v1,PS_qb0of3__CROIC_qb0of3,C4_ROE_DYN_qmax8,0.22338267113654897,-0.6653818419150115,0.5526641883519207,40.458333333333336,v1
EV_S_qb0of3__FCF_OI_qb0of3__C4_ROE_DYN_qmax8__v1,EV_S_qb0of3__FCF_OI_qb0of3,C4_ROE_DYN_qmax8,0.2233767675215601,-0.6400542213247955,0.5598159509202454,41.791666666666664,v1
PB_qb0of3__ROE_qb2of3__None__v1,PB_qb0of3__ROE_qb2of3,None,0.22334237674289636,-0.7019626146648381,0.564277997839395,21.846153846153847,v1
FCF_P_qb2of3__MOM_qb0of3__C11_EPS_DYN_qmax8__v0,FCF_P_qb2of3__MOM_qb0of3,C11_EPS_DYN_qmax8,0.22330150208399635,-0.5937054203438725,0.5736675240772866,152.60897435897436,v0
REVENUE_qb0of3__P_IC_qb1of3__C11_EPS_DYN_qmax8__v1,REVENUE_qb0of3__P_IC_qb1of3,C11_EPS_DYN_qmax8,0.22328131943121465,-0.5021014809229565,0.5473504273504274,28.727564102564102,v1
PS_qb0of3__FCF_P_qb0of3__C4_ROE_DYN_qmax8__v1,PS_qb0of3__FCF_P_qb0of3,C4_ROE_DYN_qmax8,0.22322744506259729,-0.6650201327342503,0.5531363400725765,41.5224358974359,v1
P_IC_qb1of3__DEBTRATIO_qb0of3__C11_EPS_DYN_qmax8__v0,P_IC_qb1of3__DEBTRATIO_qb0of3,C11_EPS_DYN_qmax8,0.2232209811761896,-0.5138567008675653,0.5609865470852018,117.64102564102564,v0
EV_S_qb0of3__MOM_qb0of3__C11_EPS_DYN_qmax8__v1,EV_S_qb0of3__MOM_qb0of3,C11_EPS_DYN_qmax8,0.22320786577972607,-0.6854368321438544,0.5675720437230871,39.666666666666664,v1
EV_S_qb0of3__FCF_OI_qb0of3__C11_EPS_DYN_qmax8__v1,EV_S_qb0of3__FCF_OI_qb0of3,C11_EPS_DYN_qmax8,0.2231970427504253,-0.6408751479366186,0.5600682593856655,41.92307692307692,v1
P_IC_qb1of3__DEBTRATIO_qb0of3__C18_FCF_P_DYN_qmax8__v0,P_IC_qb1of3__DEBTRATIO_qb0of3,C18_FCF_P_DYN_qmax8,0.22317489179571015,-0.5150867469895969,0.5635518157661648,117.4326923076923,v0
EV_S_qb0of3__FCF_P_qb0of3__C17_FCF_P_DYN_qmax4__v1,EV_S_qb0of3__FCF_P_qb0of3,C17_FCF_P_DYN_qmax4,0.22317014163361515,-0.65376079518491,0.5554552023121387,39.6025641025641,v1
P_IC_qb2of3__PB_qb0of3__C20_FCF_P_DYN_ytdavg_gt_lyytdavg__v0,P_IC_qb2of3__PB_qb0of3,C20_FCF_P_DYN_ytdavg_gt_lyytdavg,0.2231500829571691,-0.6363662747834402,0.5414235705950992,18.01048951048951,v0
PS_qb0of3__NETDEBT_EBITDA_qb2of3__C20_FCF_P_DYN_ytdavg_gt_lyytdavg__v0,PS_qb0of3__NETDEBT_EBITDA_qb2of3,C20_FCF_P_DYN_ytdavg_gt_lyytdavg,0.2231321392206207,-0.7359536459429679,0.5778816199376947,96.16083916083916,v0
PB_qb0of3__ROIC_qb0of3__C17_FCF_P_DYN_qmax4__v1,PB_qb0of3__ROIC_qb0of3,C17_FCF_P_DYN_qmax4,0.2229710637851019,-0.6476091073271693,0.5544608648056923,49.3974358974359,v1
PS_qb0of3__DEBTRATIO_qb2of3__C4_ROE_DYN_qmax8__v1,PS_qb0of3__DEBTRATIO_qb2of3,C4_ROE_DYN_qmax8,0.22293381726864747,-0.6798269594792411,0.5716520039100684,51.44551282051282,v1
EV_S_qb0of3__MOM_qb2of3__C14_EPS_DYN_ytdavg_gt_lyavg__v0,EV_S_qb0of3__MOM_qb2of3,C14_EPS_DYN_ytdavg_gt_lyavg,0.22287542340982003,-0.6238396182613886,0.5347789115646259,125.63333333333334,v0
PS_qb0of3__None__C10_EPS_DYN_qmax4__v1,PS_qb0of3__None,C10_EPS_DYN_qmax4,0.22283028991507003,-0.6106643781221579,0.5723477973931694,133.67948717948718,v1
PS_qb0of3__CROIC_qb0of3__C11_EPS_DYN_qmax8__v1,PS_qb0of3__CROIC_qb0of3,C11_EPS_DYN_qmax8,0.22282764166913083,-0.6659032073923465,0.5522493800921006,40.57371794871795,v1
PS_qb0of3__OCF_E_qb0of3__C4_ROE_DYN_qmax8__v1,PS_qb0of3__OCF_E_qb0of3,C4_ROE_DYN_qmax8,0.22277847498742354,-0.6451967370050391,0.5557978916757542,39.23397435897436,v1
PB_qb0of3__None__C20_FCF_P_DYN_ytdavg_gt_lyytdavg__v0,PB_qb0of3__None,C20_FCF_P_DYN_ytdavg_gt_lyytdavg,0.2227488641327957,-0.6225240997607902,0.5966273454199984,269.7832167832168,v0
PS_qb0of3__None__C11_EPS_DYN_qmax8__v1,PS_qb0of3__None,C11_EPS_DYN_qmax8,0.22264299757319517,-0.614260302679212,0.5688608403898386,131.27243589743588,v1
EV_S_qb0of3__MOM_qb0of3__C10_EPS_DYN_qmax4__v1,EV_S_qb0of3__MOM_qb0of3,C10_EPS_DYN_qmax4,0.22257398703237286,-0.6825910798430453,0.5702506596306068,40.41346153846154,v1
EV_S_qb0of3__REV_G_qb2of3__C13_EPS_DYN_ytdavg_gt_lyytdavg__v0,EV_S_qb0of3__REV_G_qb2of3,C13_EPS_DYN_ytdavg_gt_lyytdavg,0.2224926782920169,-0.5754820202334894,0.557057484348321,107.72631578947369,v0
PS_qb0of3__None__C6_ROE_DYN_ytdavg_gt_lyytdavg__v0,PS_qb0of3__None,C6_ROE_DYN_ytdavg_gt_lyytdavg,0.22246973215569033,-0.5887553889257191,0.5838219127885672,269.3181818181818,v0
EV_S_qb0of3__MOM_qb0of3__C4_ROE_DYN_qmax8__v1,EV_S_qb0of3__MOM_qb0of3,C4_ROE_DYN_qmax8,0.22245475922036073,-0.6829083380799712,0.5663129973474801,39.51282051282051,v1
REVENUE_qb0of3__PB_qb0of3__C13_EPS_DYN_ytdavg_gt_lyytdavg__v1,REVENUE_qb0of3__PB_qb0of3,C13_EPS_DYN_ytdavg_gt_lyytdavg,0.22242688936371602,-0.49513456401866207,0.5538838348495452,28.70175438596491,v1
EV_S_qb0of3__DEBTRATIO_qb0of3__C4_ROE_DYN_qmax8__v1,EV_S_qb0of3__DEBTRATIO_qb0of3,C4_ROE_DYN_qmax8,0.22241428010991493,-0.505172370261837,0.5702187720536345,42.14102564102564,v1
EV_S_qb0of3__PB_qb0of3__C6_ROE_DYN_ytdavg_gt_lyytdavg__v1,EV_S_qb0of3__PB_qb0of3,C6_ROE_DYN_ytdavg_gt_lyytdavg,0.2223938773078824,-0.7030181928726498,0.5833059480775551,28.437062937062937,v1
P_IC_qb0of3__None__C14_EPS_DYN_ytdavg_gt_lyavg__v0,P_IC_qb0of3__None,C14_EPS_DYN_ytdavg_gt_lyavg,0.2222834366302282,-0.5539103825624505,0.6100587127506369,314.93333333333334,v0
PS_qb0of3__FCF_P_qb0of3__C10_EPS_DYN_qmax4__v1,PS_qb0of3__FCF_P_qb0of3,C10_EPS_DYN_qmax4,0.22219712518120494,-0.6643906258454544,0.5531547104580813,42.27564102564103,v1
EV_S_qb0of3__FCF_P_qb0of3__C18_FCF_P_DYN_qmax8__v1,EV_S_qb0of3__FCF_P_qb0of3,C18_FCF_P_DYN_qmax8,0.2221884371355436,-0.6540722470338411,0.5552521390861096,38.68910256410256,v1
P_IC_qb0of3__PB_qb0of3__None__v1,P_IC_qb0of3__PB_qb0of3,None,0.22210281342626947,-0.6550468040811659,0.5868059926979731,91.80128205128206,v1
P_IC_qb0of3__ROIC_qb2of3__C7_ROE_DYN_ytdavg_gt_lyavg__v0,P_IC_qb0of3__ROIC_qb2of3,C7_ROE_DYN_ytdavg_gt_lyavg,0.2220816136168271,-0.6322472422052183,0.5422562141491396,27.966666666666665,v0
EV_S_qb0of3__MOM_qb0of3__C3_ROE_DYN_qmax4__v1,EV_S_qb0of3__MOM_qb0of3,C3_ROE_DYN_qmax4,0.2220787977635883,-0.6794348316293941,0.5701797789873,40.33653846153846,v1
PS_qb0of3__MOM_qb0of3__C7_ROE_DYN_ytdavg_gt_lyavg__v1,PS_qb0of3__MOM_qb0of3,C7_ROE_DYN_ytdavg_gt_lyavg,0.2220475909009887,-0.6586422618440402,0.5718140929535233,21.13,v1
EV_S_qb0of3__CROIC_qb0of3__C3_ROE_DYN_qmax4__v1,EV_S_qb0of3__CROIC_qb0of3,C3_ROE_DYN_qmax4,0.22201210394484971,-0.6496790147068611,0.5525591634562466,39.18269230769231,v1
P_IC_qb0of3__ROIC_qb0of3__None__v1,P_IC_qb0of3__ROIC_qb0of3,None,0.22182627162371293,-0.6873603663108507,0.5669821623589371,52.83974358974359,v1
PS_qb0of3__DEBTRATIO_qb2of3__C13_EPS_DYN_ytdavg_gt_lyytdavg__v0,PS_qb0of3__DEBTRATIO_qb2of3,C13_EPS_DYN_ytdavg_gt_lyytdavg,0.22180715739748913,-0.6294383796710374,0.5846467643241239,119.40701754385965,v0
P_IC_qb0of3__PB_qb0of3__C18_FCF_P_DYN_qmax8__v1,P_IC_qb0of3__PB_qb0of3,C18_FCF_P_DYN_qmax8,0.22175828423155353,-0.6534085117775912,0.5808788598574822,88.48397435897436,v1
REVENUE_qb0of3__P_IC_qb1of3__C10_EPS_DYN_qmax4__v1,REVENUE_qb0of3__P_IC_qb1of3,C10_EPS_DYN_qmax4,0.22172149792925144,-0.4718156006076315,0.5489522500858811,29.0,v1
EV_S_qb0of3__CROIC_qb0of3__C4_ROE_DYN_qmax8__v1,EV_S_qb0of3__CROIC_qb0of3,C4_ROE_DYN_qmax8,0.22164689473740595,-0.6524649893301901,0.5527185892725937,38.541666666666664,v1
EV_S_qb0of3__None__None__v1,EV_S_qb0of3__None,None,0.22156951937225888,-0.5929496193104722,0.578133102852204,137.5352564102564,v1
PS_qb0of3__MOM_qb0of3__C14_EPS_DYN_ytdavg_gt_lyavg__v1,PS_qb0of3__MOM_qb0of3,C14_EPS_DYN_ytdavg_gt_lyavg,0.2215523629919054,-0.6502439299610643,0.573661897191309,24.303333333333335,v1
EV_S_qb0of3__REV_G_qb2of3__C20_FCF_P_DYN_ytdavg_gt_lyytdavg__v1,EV_S_qb0of3__REV_G_qb2of3,C20_FCF_P_DYN_ytdavg_gt_lyytdavg,0.22155203282403346,-0.5340475377803174,0.5645989727380482,19.94055944055944,v1
PB_qb0of3__ROE_qb2of3__C3_ROE_DYN_qmax4__v1,PB_qb0of3__ROE_qb2of3,C3_ROE_DYN_qmax4,0.22150708482146797,-0.7097352611345885,0.563655761024182,21.51923076923077,v1
EV_S_qb0of3__DEBTRATIO_qb0of3__C3_ROE_DYN_qmax4__v1,EV_S_qb0of3__DEBTRATIO_qb0of3,C3_ROE_DYN_qmax4,0.22148227480051297,-0.5051289093709315,0.5746932884291557,42.75,v1
P_IC_qb0of3__ROIC_qb0of3__C17_FCF_P_DYN_qmax4__v1,P_IC_qb0of3__ROIC_qb0of3,C17_FCF_P_DYN_qmax4,0.2214396406283552,-0.6861526810858123,0.562567228397275,51.657051282051285,v1
EV_S_qb0of3__MOM_qb0of3__C17_FCF_P_DYN_qmax4__v1,EV_S_qb0of3__MOM_qb0of3,C17_FCF_P_DYN_qmax4,0.2214188571858009,-0.6819889551433179,0.5706066085812921,40.67307692307692,v1
EV_S_qb0of3__MOM_qb0of3__None__v1,EV_S_qb0of3__MOM_qb0of3,None,0.22139813017501786,-0.685508812112304,0.5724295258269513,41.86538461538461,v1
EV_S_qb0of3__OCF_E_qb2of3__None__v1,EV_S_qb0of3__OCF_E_qb2of3,None,0.22134601627610384,-0.5382208419118741,0.5673840820453561,55.42948717948718,v1
EV_S_qb0of3__FCF_P_qb0of3__C3_ROE_DYN_qmax4__v1,EV_S_qb0of3__FCF_P_qb0of3,C3_ROE_DYN_qmax4,0.22123731600052277,-0.6489197849181414,0.5559151384394103,40.06410256410256,v1
P_IC_qb0of3__ROIC_qb0of3__C20_FCF_P_DYN_ytdavg_gt_lyytdavg__v0,P_IC_qb0of3__ROIC_qb0of3,C20_FCF_P_DYN_ytdavg_gt_lyytdavg,0.22120769076443225,-0.6897898604698687,0.5765801729873586,110.47902097902097,v0
EV_S_qb0of3__MOM_qb0of3__C18_FCF_P_DYN_qmax8__v1,EV_S_qb0of3__MOM_qb0of3,C18_FCF_P_DYN_qmax8,0.2211837449822116,-0.6807196156347892,0.5662092907918664,39.99038461538461,v1
P_IC_qb0of3__ROIC_qb0of3__C6_ROE_DYN_ytdavg_gt_lyytdavg__v1,P_IC_qb0of3__ROIC_qb0of3,C6_ROE_DYN_ytdavg_gt_lyytdavg,0.22116141021479052,-0.6138920800330508,0.5689928628072958,21.335664335664337,v1
PB_qb0of3__ACCRUAL_qb0of3__C14_EPS_DYN_ytdavg_gt_lyavg__v1,PB_qb0of3__ACCRUAL_qb0of3,C14_EPS_DYN_ytdavg_gt_lyavg,0.22113987991714001,-0.6356552763541918,0.5667828106852497,18.016666666666666,v1
PS_qb0of3__REV_G_qb2of3__C13_EPS_DYN_ytdavg_gt_lyytdavg__v0,PS_qb0of3__REV_G_qb2of3,C13_EPS_DYN_ytdavg_gt_lyytdavg,0.22110130694348107,-0.5904666454218815,0.5602973977695167,103.80350877192983,v0
PS_qb0of3__FCF_P_qb0of3__C11_EPS_DYN_qmax8__v1,PS_qb0of3__FCF_P_qb0of3,C11_EPS_DYN_qmax8,0.22102426484166604,-0.6653782983277445,0.5521897178466332,41.62820512820513,v1
EV_S_qb0of3__FCF_P_qb0of3__C4_ROE_DYN_qmax8__v1,EV_S_qb0of3__FCF_P_qb0of3,C4_ROE_DYN_qmax8,0.22093097228178094,-0.6518245914147469,0.5559352517985612,39.42628205128205,v1
P_IC_qb0of3__FCF_P_qb0of3__C20_FCF_P_DYN_ytdavg_gt_lyytdavg__v1,P_IC_qb0of3__FCF_P_qb0of3,C20_FCF_P_DYN_ytdavg_gt_lyytdavg,0.22090720645712913,-0.7056812641823142,0.5757017947537966,14.223776223776223,v1
PB_qb0of3__ROIC_qb0of3__C6_ROE_DYN_ytdavg_gt_lyytdavg__v1,PB_qb0of3__ROIC_qb0of3,C6_ROE_DYN_ytdavg_gt_lyytdavg,0.22090513940080903,-0.7248411953722683,0.556497175141243,20.842657342657343,v1
P_IC_qb0of3__PB_qb0of3__C17_FCF_P_DYN_qmax4__v1,P_IC_qb0of3__PB_qb0of3,C17_FCF_P_DYN_qmax4,0.22090115274327804,-0.6544830731687112,0.5837169857039012,89.64423076923077,v1
EV_S_qb0of3__None__C3_ROE_DYN_qmax4__v1,EV_S_qb0of3__None,C3_ROE_DYN_qmax4,0.22085996371707495,-0.588607641300612,0.5718482252141983,133.34615384615384,v1
MOM_qb2of3__DEBTRATIO_qb2of3__C14_EPS_DYN_ytdavg_gt_lyavg__v0,MOM_qb2of3__DEBTRATIO_qb2of3,C14_EPS_DYN_ytdavg_gt_lyavg,0.22084284275371613,-0.5814334743746563,0.5483713672713088,107.34333333333333,v0
EV_S_qb0of3__FCF_OI_qb0of3__None__v1,EV_S_qb0of3__FCF_OI_qb0of3,None,0.22082061854462687,-0.6485134991421828,0.560061339240075,43.71153846153846,v1
EV_S_qb0of3__CROIC_qb0of3__C10_EPS_DYN_qmax4__v1,EV_S_qb0of3__CROIC_qb0of3,C10_EPS_DYN_qmax4,0.22080256001734133,-0.652570301478812,0.5530900421786172,39.256410256410255,v1
PB_qb0of3__ROE_qb0of3__C20_FCF_P_DYN_ytdavg_gt_lyytdavg__v0,PB_qb0of3__ROE_qb0of3,C20_FCF_P_DYN_ytdavg_gt_lyytdavg,0.2207978192164728,-0.6839491737572193,0.566541887182135,108.96503496503496,v0
P_IC_qb0of3__ROIC_qb0of3__C10_EPS_DYN_qmax4__v1,P_IC_qb0of3__ROIC_qb0of3,C10_EPS_DYN_qmax4,0.22075686553509688,-0.682509850075864,0.5614383809179617,51.330128205128204,v1
PS_qb0of3__DEBTRATIO_qb2of3__C20_FCF_P_DYN_ytdavg_gt_lyytdavg__v1,PS_qb0of3__DEBTRATIO_qb2of3,C20_FCF_P_DYN_ytdavg_gt_lyytdavg,0.22072965538587663,-0.7181741378612589,0.5773123909249563,27.555944055944057,v1
EV_S_qb0of3__None__C17_FCF_P_DYN_qmax4__v1,EV_S_qb0of3__None,C17_FCF_P_DYN_qmax4,0.22065644931073924,-0.5901366747396494,0.5734185512946575,133.97115384615384,v1
EV_S_qb0of3__OCF_E_qb2of3__C10_EPS_DYN_qmax4__v1,EV_S_qb0of3__OCF_E_qb2of3,C10_EPS_DYN_qmax4,0.22063185337850233,-0.5374932371406413,0.5644699140401146,53.67307692307692,v1
EV_S_qb0of3__None__C10_EPS_DYN_qmax4__v1,EV_S_qb0of3__None,C10_EPS_DYN_qmax4,0.22062055027244454,-0.5888630988476597,0.5724358448798885,133.64423076923077,v1
PB_qb0of3__OCF_E_qb2of3__C11_EPS_DYN_qmax8__v1,PB_qb0of3__OCF_E_qb2of3,C11_EPS_DYN_qmax8,0.22055117124662282,-0.5976113595435371,0.5663091175036568,28.753205128205128,v1
PS_qb0of3__None__C3_ROE_DYN_qmax4__v1,PS_qb0of3__None,C3_ROE_DYN_qmax4,0.22050841731081028,-0.6107271424840995,0.5715341049002709,133.3653846153846,v1
EV_S_qb0of3__CROIC_qb0of3__C11_EPS_DYN_qmax8__v1,EV_S_qb0of3__CROIC_qb0of3,C11_EPS_DYN_qmax8,0.22046640822844932,-0.6534197090975109,0.5528395515530233,38.67307692307692,v1
EV_S_qb0of3__FCF_P_qb2of3__C20_FCF_P_DYN_ytdavg_gt_lyytdavg__v1,EV_S_qb0of3__FCF_P_qb2of3,C20_FCF_P_DYN_ytdavg_gt_lyytdavg,0.22043711228982432,-0.6128081934454757,0.5659640905542545,39.46503496503497,v1
PB_qb0of3__DEBTRATIO_qb2of3__C20_FCF_P_DYN_ytdavg_gt_lyytdavg__v0,PB_qb0of3__DEBTRATIO_qb2of3,C20_FCF_P_DYN_ytdavg_gt_lyytdavg,0.22039761086569065,-0.6971487000191019,0.5912065439672801,99.72027972027972,v0
PS_qb0of3__ROE_qb2of3__C13_EPS_DYN_ytdavg_gt_lyytdavg__v0,PS_qb0of3__ROE_qb2of3,C13_EPS_DYN_ytdavg_gt_lyytdavg,0.22038096048247202,-0.5619175246709354,0.5705193772019548,138.62105263157895,v0
PB_qb0of3__DEBTRATIO_qb2of3__C7_ROE_DYN_ytdavg_gt_lyavg__v1,PB_qb0of3__DEBTRATIO_qb2of3,C7_ROE_DYN_ytdavg_gt_lyavg,0.22035336677442197,-0.706163532030716,0.5879025239338556,21.55,v1
EV_S_qb0of3__OCF_E_qb2of3__C17_FCF_P_DYN_qmax4__v1,EV_S_qb0of3__OCF_E_qb2of3,C17_FCF_P_DYN_qmax4,0.22033525999036518,-0.5359414686982521,0.5661608282513119,54.51282051282051,v1
PB_qb0of3__OCF_E_qb2of3__C10_EPS_DYN_qmax4__v1,PB_qb0of3__OCF_E_qb2of3,C10_EPS_DYN_qmax4,0.2203271084449243,-0.5933397075702924,0.5659273702169144,29.205128205128204,v1
PS_qb0of3__DEBTRATIO_qb2of3__C6_ROE_DYN_ytdavg_gt_lyytdavg__v0,PS_qb0of3__DEBTRATIO_qb2of3,C6_ROE_DYN_ytdavg_gt_lyytdavg,0.22026883070776915,-0.6711685648052421,0.5763069139966274,102.18181818181819,v0
EV_S_qb0of3__FCF_OI_qb0of3__C6_ROE_DYN_ytdavg_gt_lyytdavg__v0,EV_S_qb0of3__FCF_OI_qb0of3,C6_ROE_DYN_ytdavg_gt_lyytdavg,0.22024658806973707,-0.5705793279312512,0.5578399801833044,87.16433566433567,v0
PB_qb0of3__OCF_E_qb2of3__C3_ROE_DYN_qmax4__v1,PB_qb0of3__OCF_E_qb2of3,C3_ROE_DYN_qmax4,0.2202310363792619,-0.5904451699451897,0.5657254138266796,29.137820512820515,v1
EV_S_qb0of3__DEBTRATIO_qb0of3__C11_EPS_DYN_qmax8__v1,EV_S_qb0of3__DEBTRATIO_qb0of3,C11_EPS_DYN_qmax8,0.22014635913884462,-0.5049836414924327,0.5719023927979152,42.27884615384615,v1
EV_S_qb0of3__REV_G_qb2of3__C6_ROE_DYN_ytdavg_gt_lyytdavg__v0,EV_S_qb0of3__REV_G_qb2of3,C6_ROE_DYN_ytdavg_gt_lyytdavg,0.22013571405092347,-0.5919102401869477,0.5607599082869309,92.79020979020979,v0
EV_S_qb0of3__NETDEBT_EBITDA_qb0of3__C20_FCF_P_DYN_ytdavg_gt_lyytdavg__v0,EV_S_qb0of3__NETDEBT_EBITDA_qb0of3,C20_FCF_P_DYN_ytdavg_gt_lyytdavg,0.22011949870575864,-0.5060446121124227,0.5808796801163213,101.44755244755245,v0
EV_S_qb0of3__OCF_E_qb2of3__C11_EPS_DYN_qmax8__v1,EV_S_qb0of3__OCF_E_qb2of3,C11_EPS_DYN_qmax8,0.22005573556903335,-0.5415377759764357,0.5644337212602896,52.59935897435897,v1
EV_S_qb0of3__None__C18_FCF_P_DYN_qmax8__v1,EV_S_qb0of3__None,C18_FCF_P_DYN_qmax8,0.21994464579507644,-0.5899086835094196,0.5703497615262321,131.67307692307693,v1
EV_S_qb0of3__None__C11_EPS_DYN_qmax8__v1,EV_S_qb0of3__None,C11_EPS_DYN_qmax8,0.2199144751238935,-0.5918046683724865,0.5695890628725856,131.29807692307693,v1
EV_S_qb0of3__OCF_E_qb2of3__C3_ROE_DYN_qmax4__v1,EV_S_qb0of3__OCF_E_qb2of3,C3_ROE_DYN_qmax4,0.21991433447039532,-0.5368858326679116,0.5638054363376251,53.541666666666664,v1
P_IC_qb0of3__CROIC_qb2of3__C11_EPS_DYN_qmax8__v1,P_IC_qb0of3__CROIC_qb2of3,C11_EPS_DYN_qmax8,0.21986307888204282,-0.7242083954414099,0.5646594274432379,20.121794871794872,v1
EV_S_qb0of3__None__C4_ROE_DYN_qmax8__v1,EV_S_qb0of3__None,C4_ROE_DYN_qmax8,0.21982814874739764,-0.5923528156501223,0.5682749921160517,130.76602564102564,v1
P_IC_qb0of3__PB_qb0of3__C11_EPS_DYN_qmax8__v1,P_IC_qb0of3__PB_qb0of3,C11_EPS_DYN_qmax8,0.21977955008945438,-0.6587839094768685,0.5815391935292018,88.35576923076923,v1
EV_S_qb0of3__FCF_P_qb2of3__C20_FCF_P_DYN_ytdavg_gt_lyytdavg__v0,EV_S_qb0of3__FCF_P_qb2of3,C20_FCF_P_DYN_ytdavg_gt_lyytdavg,0.21976111292753497,-0.6012236385744694,0.5718543579829225,154.82517482517483,v0
OCF_E_qb2of3__MOM_qb0of3__C13_EPS_DYN_ytdavg_gt_lyytdavg__v0,OCF_E_qb2of3__MOM_qb0of3,C13_EPS_DYN_ytdavg_gt_lyytdavg,0.21975395616761362,-0.5399718272638576,0.5736523021464853,102.95087719298246,v0
PS_qb0of3__None__C4_ROE_DYN_qmax8__v1,PS_qb0of3__None,C4_ROE_DYN_qmax8,0.21974514359441732,-0.6136971440212146,0.5675997145349299,130.7403846153846,v1
P_IC_qb0of3__PB_qb0of3__C10_EPS_DYN_qmax4__v1,P_IC_qb0of3__PB_qb0of3,C10_EPS_DYN_qmax4,0.21968692678867607,-0.6519185227508275,0.5833130625152031,89.65705128205128,v1
PS_qb0of3__FCF_P_qb0of3__C6_ROE_DYN_ytdavg_gt_lyytdavg__v1,PS_qb0of3__FCF_P_qb0of3,C6_ROE_DYN_ytdavg_gt_lyytdavg,0.21965681066278164,-0.7247960827998963,0.5487077534791253,20.912587412587413,v1
P_IC_qb0of3__ROE_qb0of3__C20_FCF_P_DYN_ytdavg_gt_lyytdavg__v0,P_IC_qb0of3__ROE_qb0of3,C20_FCF_P_DYN_ytdavg_gt_lyytdavg,0.21949415829808205,-0.7166302057787011,0.5622483741096315,84.93356643356644,v0
EV_S_qb0of3__DEBTRATIO_qb0of3__C10_EPS_DYN_qmax4__v1,EV_S_qb0of3__DEBTRATIO_qb0of3,C10_EPS_DYN_qmax4,0.2194505920275145,-0.5029431544919043,0.5752961082910322,42.833333333333336,v1
EV_S_qb0of3__FCF_P_qb0of3__C10_EPS_DYN_qmax4__v1,EV_S_qb0of3__FCF_P_qb0of3,C10_EPS_DYN_qmax4,0.2194394855767039,-0.6517389973478243,0.5557153127246586,40.131410256410255,v1
EV_S_qb0of3__FCF_OI_qb2of3__C20_FCF_P_DYN_ytdavg_gt_lyytdavg__v0,EV_S_qb0of3__FCF_OI_qb2of3,C20_FCF_P_DYN_ytdavg_gt_lyytdavg,0.21941786562908883,-0.6054404351269421,0.5696408256135218,62.03496503496503,v0
PS_qb0of3__OCF_E_qb0of3__C13_EPS_DYN_ytdavg_gt_lyytdavg__v0,PS_qb0of3__OCF_E_qb0of3,C13_EPS_DYN_ytdavg_gt_lyytdavg,0.21941448318150125,-0.5909715943895885,0.5544084490328706,96.7719298245614,v0
OCF_E_qb2of3__MOM_qb0of3__C6_ROE_DYN_ytdavg_gt_lyytdavg__v0,OCF_E_qb2of3__MOM_qb0of3,C6_ROE_DYN_ytdavg_gt_lyytdavg,0.21940834566802558,-0.5510280325172772,0.5628002745367193,85.50699300699301,v0
PB_qb0of3__OCF_E_qb0of3__C20_FCF_P_DYN_ytdavg_gt_lyytdavg__v1,PB_qb0of3__OCF_E_qb0of3,C20_FCF_P_DYN_ytdavg_gt_lyytdavg,0.21933259797338822,-0.6540811444071726,0.5660948536831484,20.83916083916084,v1
EV_S_qb0of3__CROIC_qb0of3__None__v1,EV_S_qb0of3__CROIC_qb0of3,None,0.21919121506226436,-0.6573897470570171,0.5549651887138146,40.32692307692308,v1
P_IC_qb0of3__OCF_E_qb0of3__C6_ROE_DYN_ytdavg_gt_lyytdavg__v0,P_IC_qb0of3__OCF_E_qb0of3,C6_ROE_DYN_ytdavg_gt_lyytdavg,0.2191855603445807,-0.5836026066302349,0.578695223333803,77.04895104895105,v0
EV_S_qb0of3__OCF_E_qb0of3__C18_FCF_P_DYN_qmax8__v1,EV_S_qb0of3__OCF_E_qb0of3,C18_FCF_P_DYN_qmax8,0.21917413128216112,-0.6528170607357027,0.5521786891248627,38.17628205128205,v1
EV_S_qb0of3__FCF_P_qb0of3__C11_EPS_DYN_qmax8__v1,EV_S_qb0of3__FCF_P_qb0of3,C11_EPS_DYN_qmax8,0.2191511311610994,-0.6525911740286354,0.5552953890489913,39.54807692307692,v1
EV_S_qb0of3__OCF_E_qb0of3__C4_ROE_DYN_qmax8__v1,EV_S_qb0of3__OCF_E_qb0of3,C4_ROE_DYN_qmax8,0.21913349857529618,-0.6527567348248362,0.5520682148040639,38.75320512820513,v1
FCF_P_qb2of3__MOM_qb0of3__C20_FCF_P_DYN_ytdavg_gt_lyytdavg__v0,FCF_P_qb2of3__MOM_qb0of3,C20_FCF_P_DYN_ytdavg_gt_lyytdavg,0.21905328130649582,-0.6423457121151382,0.570630347476864,92.76923076923077,v0
P_IC_qb0of3__DEBTRATIO_qb2of3__C6_ROE_DYN_ytdavg_gt_lyytdavg__v0,P_IC_qb0of3__DEBTRATIO_qb2of3,C6_ROE_DYN_ytdavg_gt_lyytdavg,0.21901815366472444,-0.6464776243735055,0.5905511811023622,96.2867132867133,v0
EV_S_qb0of3__OCF_E_qb0of3__C3_ROE_DYN_qmax4__v1,EV_S_qb0of3__OCF_E_qb0of3,C3_ROE_DYN_qmax4,0.2189727482897792,-0.6523064018319622,0.5523361101050344,39.38782051282051,v1
EV_S_qb0of3__OCF_E_qb2of3__C18_FCF_P_DYN_qmax8__v1,EV_S_qb0of3__OCF_E_qb2of3,C18_FCF_P_DYN_qmax8,0.21886687027473606,-0.5393106165573147,0.5640380313199105,53.82692307692308,v1
PB_qb0of3__DEBTRATIO_qb2of3__C20_FCF_P_DYN_ytdavg_gt_lyytdavg__v1,PB_qb0of3__DEBTRATIO_qb2of3,C20_FCF_P_DYN_ytdavg_gt_lyytdavg,0.21886246546653254,-0.6694287851639475,0.5961615353858457,24.237762237762237,v1
PB_qb0of3__ROE_qb2of3__C4_ROE_DYN_qmax8__v1,PB_qb0of3__ROE_qb2of3,C4_ROE_DYN_qmax8,0.21885921605062197,-0.7106682405185056,0.5628087508821453,21.32051282051282,v1
EV_S_qb0of3__DEBTRATIO_qb0of3__C18_FCF_P_DYN_qmax8__v1,EV_S_qb0of3__DEBTRATIO_qb0of3,C18_FCF_P_DYN_qmax8,0.2188439413597758,-0.5038331295800274,0.5725768321513003,42.368589743589745,v1
EV_S_qb0of3__CROIC_qb0of3__C20_FCF_P_DYN_ytdavg_gt_lyytdavg__v0,EV_S_qb0of3__CROIC_qb0of3,C20_FCF_P_DYN_ytdavg_gt_lyytdavg,0.218770804539278,-0.5863824197973346,0.5590732479493452,66.12237762237763,v0
P_IC_qb1of3__DEBTRATIO_qb0of3__C13_EPS_DYN_ytdavg_gt_lyytdavg__v0,P_IC_qb1of3__DEBTRATIO_qb0of3,C13_EPS_DYN_ytdavg_gt_lyytdavg,0.21863276922154018,-0.4874411211821823,0.5552742616033756,64.21052631578948,v0
P_IC_qb1of3__NETDEBT_EBITDA_qb0of3__None__v0,P_IC_qb1of3__NETDEBT_EBITDA_qb0of3,None,0.21861922308140658,-0.5299426297102292,0.5770069808027923,150.4551282051282,v0
EV_S_qb0of3__FCF_P_qb0of3__C20_FCF_P_DYN_ytdavg_gt_lyytdavg__v0,EV_S_qb0of3__FCF_P_qb0of3,C20_FCF_P_DYN_ytdavg_gt_lyytdavg,0.21861000259137087,-0.579257178457802,0.55931717113757,67.2132867132867,v0
EV_S_qb0of3__OCF_E_qb0of3__C17_FCF_P_DYN_qmax4__v1,EV_S_qb0of3__OCF_E_qb0of3,C17_FCF_P_DYN_qmax4,0.21853712571728212,-0.6550741168739707,0.5520757465404225,39.01282051282051,v1
PS_qb0of3__REV_G_qb2of3__C7_ROE_DYN_ytdavg_gt_lyavg__v1,PS_qb0of3__REV_G_qb2of3,C7_ROE_DYN_ytdavg_gt_lyavg,0.21853338271426526,-0.7024744949610475,0.5686613628502248,24.013333333333332,v1
REVENUE_qb0of3__P_IC_qb1of3__C18_FCF_P_DYN_qmax8__v1,REVENUE_qb0of3__P_IC_qb1of3,C18_FCF_P_DYN_qmax8,0.21852466369327028,-0.5126730951995147,0.5509227614490773,28.721153846153847,v1
PS_qb0of3__EV_S_qb1of3__None__v1,PS_qb0of3__EV_S_qb1of3,None,0.21848651472834923,-0.6214969468064997,0.5607655502392345,18.352564102564102,v1
OCF_E_qb0of3__MOM_qb2of3__C14_EPS_DYN_ytdavg_gt_lyavg__v0,OCF_E_qb0of3__MOM_qb2of3,C14_EPS_DYN_ytdavg_gt_lyavg,0.2184755438938697,-0.5118964630544842,0.5198539052256977,98.38,v0
P_IC_qb0of3__FCF_OI_qb0of3__C20_FCF_P_DYN_ytdavg_gt_lyytdavg__v1,P_IC_qb0of3__FCF_OI_qb0of3,C20_FCF_P_DYN_ytdavg_gt_lyytdavg,0.2184301829662707,-0.7124485314972596,0.5807017543859649,14.996503496503497,v1
EV_S_qb0of3__ROE_qb0of3__C7_ROE_DYN_ytdavg_gt_lyavg__v1,EV_S_qb0of3__ROE_qb0of3,C7_ROE_DYN_ytdavg_gt_lyavg,0.21842511133063325,-0.7497918526685963,0.5520594965675057,12.006666666666666,v1
PS_qb0of3__OCF_E_qb2of3__None__v1,PS_qb0of3__OCF_E_qb2of3,None,0.21838694147314341,-0.5452783082869758,0.5679151943462898,57.5,v1
REVENUE_qb0of3__P_IC_qb1of3__None__v1,REVENUE_qb0of3__P_IC_qb1of3,None,0.21838238681245525,-0.47021119441831327,0.5491573033707865,29.580128205128204,v1
EV_S_qb0of3__FCF_P_qb0of3__None__v1,EV_S_qb0of3__FCF_P_qb0of3,None,0.21832478983643644,-0.6566029918196182,0.5579098581432932,41.243589743589745,v1
P_IC_qb0of3__FCF_P_qb2of3__None__v0,P_IC_qb0of3__FCF_P_qb2of3,None,0.21831878065563526,-0.6152808258837426,0.5906069680812213,289.2692307692308,v0
EV_S_qb0of3__OCF_E_qb2of3__C4_ROE_DYN_qmax8__v1,EV_S_qb0of3__OCF_E_qb2of3,C4_ROE_DYN_qmax8,0.2182001600534944,-0.5454893050978276,0.5634819532908705,52.34615384615385,v1
P_IC_qb0of3__OCF_E_qb0of3__C13_EPS_DYN_ytdavg_gt_lyytdavg__v0,P_IC_qb0of3__OCF_E_qb0of3,C13_EPS_DYN_ytdavg_gt_lyytdavg,0.21812868035082422,-0.5529806275212006,0.5787142344067999,91.33684210526316,v0
EV_S_qb0of3__OCF_E_qb0of3__C10_EPS_DYN_qmax4__v1,EV_S_qb0of3__OCF_E_qb0of3,C10_EPS_DYN_qmax4,0.2181091683072316,-0.6510457099859275,0.5525743292240755,39.48076923076923,v1
EV_S_qb0of3__FCF_OI_qb0of3__C20_FCF_P_DYN_ytdavg_gt_lyytdavg__v1,EV_S_qb0of3__FCF_OI_qb0of3,C20_FCF_P_DYN_ytdavg_gt_lyytdavg,0.21810709755907665,-0.5910367664524538,0.5585106382978723,16.587412587412587,v1
PS_qb0of3__OCF_E_qb2of3__C17_FCF_P_DYN_qmax4__v1,PS_qb0of3__OCF_E_qb2of3,C17_FCF_P_DYN_qmax4,0.21803262691639635,-0.5372885083099517,0.5664539400665927,56.56410256410256,v1
PS_qb0of3__OCF_E_qb2of3__C18_FCF_P_DYN_qmax8__v1,PS_qb0of3__OCF_E_qb2of3,C18_FCF_P_DYN_qmax8,0.2180165723875125,-0.5401570184387451,0.5649856498564986,55.81730769230769,v1
REVENUE_qb0of3__P_IC_qb1of3__C17_FCF_P_DYN_qmax4__v1,REVENUE_qb0of3__P_IC_qb1of3,C17_FCF_P_DYN_qmax4,0.21794510012060164,-0.48065623421642323,0.5504807692307693,29.01923076923077,v1
EV_S_qb0of3__OCF_E_qb0of3__C11_EPS_DYN_qmax8__v1,EV_S_qb0of3__OCF_E_qb0of3,C11_EPS_DYN_qmax8,0.21794161005242563,-0.651454187897031,0.5517366793962538,38.91346153846154,v1
EV_S_qb0of3__MOM_qb0of3__C6_ROE_DYN_ytdavg_gt_lyytdavg__v0,EV_S_qb0of3__MOM_qb0of3,C6_ROE_DYN_ytdavg_gt_lyytdavg,0.2179393180721223,-0.6095269122924725,0.5726068773234201,81.25524475524476,v0
EV_S_qb0of3__DEBTRATIO_qb0of3__None__v1,EV_S_qb0of3__DEBTRATIO_qb0of3,None,0.2179033434584745,-0.50982942544269,0.5793017456359102,43.81089743589744,v1
EV_S_qb0of3__DEBTRATIO_qb0of3__C17_FCF_P_DYN_qmax4__v1,EV_S_qb0of3__DEBTRATIO_qb0of3,C17_FCF_P_DYN_qmax4,0.21789047113091753,-0.5022419925689077,0.5757429330756221,42.9775641025641,v1
VOL_qb2of3__P_IC_qb1of3__C20_FCF_P_DYN_ytdavg_gt_lyytdavg__v0,VOL_qb2of3__P_IC_qb1of3,C20_FCF_P_DYN_ytdavg_gt_lyytdavg,0.21782386128562936,-0.5499928510425995,0.5450928381962865,76.03146853146853,v0
EV_S_qb0of3__MOM_qb2of3__None__v1,EV_S_qb0of3__MOM_qb2of3,None,0.2177331390506505,-0.6054834261996234,0.5434898612593383,52.22435897435897,v1
PS_qb0of3__FCF_OI_qb2of3__C11_EPS_DYN_qmax8__v1,PS_qb0of3__FCF_OI_qb2of3,C11_EPS_DYN_qmax8,0.21772632646199908,-0.5857580792502891,0.5655419528217378,22.006410256410255,v1
EV_S_qb0of3__OCF_E_qb0of3__None__v1,EV_S_qb0of3__OCF_E_qb0of3,None,0.21772193497887105,-0.6563528825782123,0.5534841628959276,40.532051282051285,v1
P_IC_qb0of3__PS_qb0of3__C6_ROE_DYN_ytdavg_gt_lyytdavg__v1,P_IC_qb0of3__PS_qb0of3,C6_ROE_DYN_ytdavg_gt_lyytdavg,0.2177059591300543,-0.7067636337777132,0.5677186061801447,29.72027972027972,v1
PS_qb0of3__FCF_OI_qb2of3__C10_EPS_DYN_qmax4__v1,PS_qb0of3__FCF_OI_qb2of3,C10_EPS_DYN_qmax4,0.2176933413170281,-0.5796454508999491,0.5672444710101614,22.358974358974358,v1
EV_S_qb0of3__MOM_qb2of3__C17_FCF_P_DYN_qmax4__v1,EV_S_qb0of3__MOM_qb2of3,C17_FCF_P_DYN_qmax4,0.21762699684744158,-0.5988043626488888,0.5437917222963952,50.90384615384615,v1
P_IC_qb0of3__FCF_P_qb2of3__C17_FCF_P_DYN_qmax4__v0,P_IC_qb0of3__FCF_P_qb2of3,C17_FCF_P_DYN_qmax4,0.21758715088420755,-0.6168282097231701,0.5879205404320781,284.7307692307692,v0
P_IC_qb0of3__FCF_P_qb2of3__C18_FCF_P_DYN_qmax8__v0,P_IC_qb0of3__FCF_P_qb2of3,C18_FCF_P_DYN_qmax8,0.21756328122838053,-0.6168727208798903,0.5862687331881644,282.32371794871796,v0
P_IC_qb0of3__ROIC_qb2of3__C13_EPS_DYN_ytdavg_gt_lyytdavg__v0,P_IC_qb0of3__ROIC_qb2of3,C13_EPS_DYN_ytdavg_gt_lyytdavg,0.2175475238151201,-0.6640016658593278,0.5456706281833617,31.350877192982455,v0
EV_S_qb0of3__OCF_E_qb0of3__C20_FCF_P_DYN_ytdavg_gt_lyytdavg__v1,EV_S_qb0of3__OCF_E_qb0of3,C20_FCF_P_DYN_ytdavg_gt_lyytdavg,0.21754492330116726,-0.6577799052270392,0.5484001620089105,15.888111888111888,v1
FCF_P_qb2of3__MOM_qb0of3__C13_EPS_DYN_ytdavg_gt_lyytdavg__v0,FCF_P_qb2of3__MOM_qb0of3,C13_EPS_DYN_ytdavg_gt_lyytdavg,0.21751923174160992,-0.5723928834040521,0.5731674572630449,89.68771929824561,v0
EV_S_qb0of3__MOM_qb2of3__C18_FCF_P_DYN_qmax8__v1,EV_S_qb0of3__MOM_qb2of3,C18_FCF_P_DYN_qmax8,0.21750818988927878,-0.6010578830478033,0.5450901803607214,50.041666666666664,v1
EV_S_qb0of3__OCF_E_qb0of3__C6_ROE_DYN_ytdavg_gt_lyytdavg__v0,EV_S_qb0of3__OCF_E_qb0of3,C6_ROE_DYN_ytdavg_gt_lyytdavg,0.21747728631099084,-0.5910926271792868,0.5582911897790791,83.32517482517483,v0
PS_qb0of3__FCF_OI_qb2of3__C18_FCF_P_DYN_qmax8__v1,PS_qb0of3__FCF_OI_qb2of3,C18_FCF_P_DYN_qmax8,0.21742506219011748,-0.6064441698768464,0.568650559811432,22.82051282051282,v1
PS_qb0of3__None__C20_FCF_P_DYN_ytdavg_gt_lyytdavg__v1,PS_qb0of3__None,C20_FCF_P_DYN_ytdavg_gt_lyytdavg,0.2174228327029526,-0.6044903322764564,0.5705815923207228,69.36363636363636,v1
EV_S_qb0of3__MOM_qb2of3__C20_FCF_P_DYN_ytdavg_gt_lyytdavg__v1,EV_S_qb0of3__MOM_qb2of3,C20_FCF_P_DYN_ytdavg_gt_lyytdavg,0.21740391414814741,-0.6646199540699997,0.547246934359221,27.314685314685313,v1
PS_qb0of3__FCF_OI_qb2of3__None__v1,PS_qb0of3__FCF_OI_qb2of3,None,0.2173263349092207,-0.6083444914931273,0.5708766716196136,23.17948717948718,v1
PS_qb0of3__OCF_E_qb0of3__C6_ROE_DYN_ytdavg_gt_lyytdavg__v0,PS_qb0of3__OCF_E_qb0of3,C6_ROE_DYN_ytdavg_gt_lyytdavg,0.21731484026059822,-0.6162842270513094,0.5519649459126387,82.48251748251748,v0
P_IC_qb0of3__NETDEBT_EBITDA_qb0of3__C14_EPS_DYN_ytdavg_gt_lyavg__v0,P_IC_qb0of3__NETDEBT_EBITDA_qb0of3,C14_EPS_DYN_ytdavg_gt_lyavg,0.21723445215371284,-0.5118078762459317,0.6034831915755366,62.43666666666667,v0
P_IC_qb0of3__ROE_qb2of3__C20_FCF_P_DYN_ytdavg_gt_lyytdavg__v0,P_IC_qb0of3__ROE_qb2of3,C20_FCF_P_DYN_ytdavg_gt_lyytdavg,0.21715510559846063,-0.6294234435689536,0.5680016263468185,59.05944055944056,v0
PB_qb0of3__OCF_E_qb2of3__C4_ROE_DYN_qmax8__v1,PB_qb0of3__OCF_E_qb2of3,C4_ROE_DYN_qmax8,0.2169807313453178,-0.599672607338448,0.5662445202143205,28.69871794871795,v1
PS_qb0of3__EV_S_qb1of3__C17_FCF_P_DYN_qmax4__v1,PS_qb0of3__EV_S_qb1of3,C17_FCF_P_DYN_qmax4,0.2169789523928316,-0.6078553735802732,0.5630885122410546,17.897435897435898,v1
P_IC_qb0of3__FCF_P_qb2of3__C10_EPS_DYN_qmax4__v0,P_IC_qb0of3__FCF_P_qb2of3,C10_EPS_DYN_qmax4,0.2166650253798048,-0.6152234082284551,0.5844505827662871,282.6474358974359,v0
P_IC_qb0of3__ROIC_qb0of3__C4_ROE_DYN_qmax8__v1,P_IC_qb0of3__ROIC_qb0of3,C4_ROE_DYN_qmax8,0.21651363924385914,-0.6907023510520409,0.5589660743134087,50.416666666666664,v1
PB_qb0of3__ROE_qb2of3__C11_EPS_DYN_qmax8__v1,PB_qb0of3__ROE_qb2of3,C11_EPS_DYN_qmax8,0.21650242948663778,-0.7124195163868204,0.5640113798008535,21.28525641025641,v1
PS_qb0of3__DEBTRATIO_qb0of3__C13_EPS_DYN_ytdavg_gt_lyytdavg__v0,PS_qb0of3__DEBTRATIO_qb0of3,C13_EPS_DYN_ytdavg_gt_lyytdavg,0.21639722136215012,-0.539980487428414,0.5769007544979686,69.6140350877193,v0
P_IC_qb0of3__NETDEBT_EBITDA_qb0of3__C7_ROE_DYN_ytdavg_gt_lyavg__v0,P_IC_qb0of3__NETDEBT_EBITDA_qb0of3,C7_ROE_DYN_ytdavg_gt_lyavg,0.21635980355236462,-0.5238161100520626,0.5984489444205084,52.43,v0
EV_EBITDA_qb0of3__PB_qb0of3__C7_ROE_DYN_ytdavg_gt_lyavg__v1,EV_EBITDA_qb0of3__PB_qb0of3,C7_ROE_DYN_ytdavg_gt_lyavg,0.21625301032448752,-0.6872645783189361,0.5656331498116488,28.903333333333332,v1
PS_qb0of3__DEBTRATIO_qb0of3__C7_ROE_DYN_ytdavg_gt_lyavg__v0,PS_qb0of3__DEBTRATIO_qb0of3,C7_ROE_DYN_ytdavg_gt_lyavg,0.21624003478118192,-0.5417708262848404,0.5794261721483555,63.36,v0
EV_S_qb0of3__None__C20_FCF_P_DYN_ytdavg_gt_lyytdavg__v1,EV_S_qb0of3__None,C20_FCF_P_DYN_ytdavg_gt_lyytdavg,0.21623429783331471,-0.5949118970212788,0.5707393216971761,68.8881118881119,v1
PB_qb0of3__ROE_qb2of3__C10_EPS_DYN_qmax4__v1,PB_qb0of3__ROE_qb2of3,C10_EPS_DYN_qmax4,0.2161900894365234,-0.7023328912675789,0.5636168691922802,21.53846153846154,v1
PS_qb0of3__NETDEBT_EBITDA_qb2of3__C20_FCF_P_DYN_ytdavg_gt_lyytdavg__v1,PS_qb0of3__NETDEBT_EBITDA_qb2of3,C20_FCF_P_DYN_ytdavg_gt_lyytdavg,0.2161535957775751,-0.7267972545341589,0.5622350674373796,22.82867132867133,v1
PS_qb0of3__FCF_OI_qb2of3__C17_FCF_P_DYN_qmax4__v1,PS_qb0of3__FCF_OI_qb2of3,C17_FCF_P_DYN_qmax4,0.21611840813094574,-0.6059578710592319,0.5705412599822538,22.932692307692307,v1
PB_qb0of3__OCF_E_qb0of3__C20_FCF_P_DYN_ytdavg_gt_lyytdavg__v0,PB_qb0of3__OCF_E_qb0of3,C20_FCF_P_DYN_ytdavg_gt_lyytdavg,0.21599077246904796,-0.6603651681115156,0.568038561364479,87.95454545454545,v0
PS_qb0of3__OCF_E_qb2of3__C19_FCF_P_DYN_yoy__v0,PS_qb0of3__OCF_E_qb2of3,C19_FCF_P_DYN_yoy,0.21598861070431874,-0.5711066652731378,0.5647397331938269,12.730897009966778,v0
PB_qb0of3__OCF_E_qb2of3__C14_EPS_DYN_ytdavg_gt_lyavg__v1,PB_qb0of3__OCF_E_qb2of3,C14_EPS_DYN_ytdavg_gt_lyavg,0.21578588173430435,-0.6209987943585908,0.5673228346456692,17.706666666666667,v1
P_IC_qb0of3__FCF_P_qb2of3__C11_EPS_DYN_qmax8__v0,P_IC_qb0of3__FCF_P_qb2of3,C11_EPS_DYN_qmax8,0.21562385677917728,-0.6200577112377792,0.5816735644076565,279.01602564102564,v0
PS_qb0of3__REV_G_qb0of3__None__v1,PS_qb0of3__REV_G_qb0of3,None,0.21560984268565653,-0.688068530710295,0.5638377769432971,48.967948717948715,v1
P_IC_qb1of3__OCF_E_qb0of3__C14_EPS_DYN_ytdavg_gt_lyavg__v0,P_IC_qb1of3__OCF_E_qb0of3,C14_EPS_DYN_ytdavg_gt_lyavg,0.21557099548668157,-0.5684886566505873,0.5532926829268293,94.75666666666666,v0
PS_qb0of3__REV_G_qb2of3__C6_ROE_DYN_ytdavg_gt_lyytdavg__v0,PS_qb0of3__REV_G_qb2of3,C6_ROE_DYN_ytdavg_gt_lyytdavg,0.21549522974098534,-0.6084288056327523,0.5611195413926825,89.3006993006993,v0
PS_qb0of3__EV_S_qb1of3__C11_EPS_DYN_qmax8__v1,PS_qb0of3__EV_S_qb1of3,C11_EPS_DYN_qmax8,0.21539743547085144,-0.6165338365313909,0.565095660289314,17.567307692307693,v1
P_IC_qb0of3__FCF_OI_qb0of3__None__v1,P_IC_qb0of3__FCF_OI_qb0of3,None,0.21522036481945395,-0.6994844456940894,0.5781069642170066,40.31730769230769,v1
EV_S_qb0of3__NETDEBT_EBITDA_qb0of3__C13_EPS_DYN_ytdavg_gt_lyytdavg__v0,EV_S_qb0of3__NETDEBT_EBITDA_qb0of3,C13_EPS_DYN_ytdavg_gt_lyytdavg,0.2151389340726939,-0.5200051556320278,0.5727414600312121,119.23859649122807,v0
PS_qb0of3__CROIC_qb0of3__C13_EPS_DYN_ytdavg_gt_lyytdavg__v1,PS_qb0of3__CROIC_qb0of3,C13_EPS_DYN_ytdavg_gt_lyytdavg,0.21511846698365855,-0.6269440837547451,0.5508323424494649,23.614035087719298,v1
CROIC_qb0of3__MOM_qb0of3__C3_ROE_DYN_qmax4__v0,CROIC_qb0of3__MOM_qb0of3,C3_ROE_DYN_qmax4,0.21492455086976014,-0.632527678834715,0.5420218607813398,215.4903846153846,v0
P_IC_qb0of3__None__C6_ROE_DYN_ytdavg_gt_lyytdavg__v0,P_IC_qb0of3__None,C6_ROE_DYN_ytdavg_gt_lyytdavg,0.21488073100297167,-0.5614535495609976,0.6016383495145631,262.4825174825175,v0
P_IC_qb0of3__FCF_P_qb2of3__C3_ROE_DYN_qmax4__v0,P_IC_qb0of3__FCF_P_qb2of3,C3_ROE_DYN_qmax4,0.21487347824081526,-0.6170752509577409,0.5843289060935727,281.84615384615387,v0
PS_qb0of3__OCF_E_qb2of3__C11_EPS_DYN_qmax8__v1,PS_qb0of3__OCF_E_qb2of3,C11_EPS_DYN_qmax8,0.2147515671129847,-0.5422713677178945,0.5650609080841639,54.56410256410256,v1
P_IC_qb0of3__FCF_P_qb2of3__C4_ROE_DYN_qmax8__v0,P_IC_qb0of3__FCF_P_qb2of3,C4_ROE_DYN_qmax8,0.21468208096900288,-0.6214281646197615,0.5805257784583971,277.81410256410254,v0
PS_qb0of3__OCF_E_qb2of3__C10_EPS_DYN_qmax4__v1,PS_qb0of3__OCF_E_qb2of3,C10_EPS_DYN_qmax4,0.21463678220723126,-0.5350756066394213,0.5648342425514058,55.71474358974359,v1
EV_S_qb0of3__FCF_P_qb0of3__C13_EPS_DYN_ytdavg_gt_lyytdavg__v1,EV_S_qb0of3__FCF_P_qb0of3,C13_EPS_DYN_ytdavg_gt_lyytdavg,0.21454948516260663,-0.5813337055440674,0.5555883220289001,23.736842105263158,v1
EV_S_qb0of3__DEBTRATIO_qb0of3__C13_EPS_DYN_ytdavg_gt_lyytdavg__v0,EV_S_qb0of3__DEBTRATIO_qb0of3,C13_EPS_DYN_ytdavg_gt_lyytdavg,0.2145421822975384,-0.5296185882089395,0.5812655086848635,105.51578947368421,v0
P_IC_qb1of3__DEBTRATIO_qb0of3__C7_ROE_DYN_ytdavg_gt_lyavg__v0,P_IC_qb1of3__DEBTRATIO_qb0of3,C7_ROE_DYN_ytdavg_gt_lyavg,0.21446625370981964,-0.5215779160847516,0.5545762711864407,57.71666666666667,v0
FCF_P_qb0of3__MOM_qb0of3__C3_ROE_DYN_qmax4__v0,FCF_P_qb0of3__MOM_qb0of3,C3_ROE_DYN_qmax4,0.21443913399738657,-0.6339487926513123,0.5441633837860252,215.17307692307693,v0
P_IC_qb0of3__PB_qb0of3__C3_ROE_DYN_qmax4__v1,P_IC_qb0of3__PB_qb0of3,C3_ROE_DYN_qmax4,0.214365624140765,-0.6519051141107471,0.5823842985219287,89.42948717948718,v1
P_IC_qb0of3__PB_qb0of3__C4_ROE_DYN_qmax8__v1,P_IC_qb0of3__PB_qb0of3,C4_ROE_DYN_qmax8,0.2143122647234854,-0.6589416839514781,0.5799005681818182,88.06089743589743,v1
P_IC_qb0of3__FCF_OI_qb0of3__C11_EPS_DYN_qmax8__v1,P_IC_qb0of3__FCF_OI_qb0of3,C11_EPS_DYN_qmax8,0.21430832256612642,-0.7029867066043851,0.5766871165644172,38.75320512820513,v1
P_IC_qb0of3__DEBTRATIO_qb2of3__C13_EPS_DYN_ytdavg_gt_lyytdavg__v0,P_IC_qb0of3__DEBTRATIO_qb2of3,C13_EPS_DYN_ytdavg_gt_lyytdavg,0.21425582578627522,-0.6474587091354018,0.6023901154547296,108.69824561403509,v0
P_IC_qb0of3__EV_EBITDA_qb0of3__C6_ROE_DYN_ytdavg_gt_lyytdavg__v1,P_IC_qb0of3__EV_EBITDA_qb0of3,C6_ROE_DYN_ytdavg_gt_lyytdavg,0.21420773294748807,-0.6988515753950411,0.5794655414908579,23.902097902097903,v1
PS_qb0of3__OCF_E_qb2of3__C3_ROE_DYN_qmax4__v1,PS_qb0of3__OCF_E_qb2of3,C3_ROE_DYN_qmax4,0.21420331071590026,-0.5331835359208039,0.5637302806086835,55.57692307692308,v1
P_IC_qb0of3__EV_S_qb0of3__C6_ROE_DYN_ytdavg_gt_lyytdavg__v1,P_IC_qb0of3__EV_S_qb0of3,C6_ROE_DYN_ytdavg_gt_lyytdavg,0.2141383970244397,-0.6901822960519186,0.5782512858192506,26.22027972027972,v1
MOM_qb0of3__ROE_qb2of3__C3_ROE_DYN_qmax4__v0,MOM_qb0of3__ROE_qb2of3,C3_ROE_DYN_qmax4,0.21411827018491492,-0.5572906584707404,0.5775481920120953,159.96794871794873,v0
EV_S_qb0of3__MOM_qb2of3__C3_ROE_DYN_qmax4__v1,EV_S_qb0of3__MOM_qb2of3,C3_ROE_DYN_qmax4,0.21401918605023806,-0.5990616727061191,0.5434899328859061,50.80769230769231,v1
CROIC_qb0of3__MOM_qb0of3__C11_EPS_DYN_qmax8__v0,CROIC_qb0of3__MOM_qb0of3,C11_EPS_DYN_qmax8,0.21401106983701657,-0.6371127244271323,0.5405956112852665,212.85897435897436,v0
PB_qb0of3__None__C14_EPS_DYN_ytdavg_gt_lyavg__v1,PB_qb0of3__None,C14_EPS_DYN_ytdavg_gt_lyavg,0.21398358927521866,-0.5340599942138234,0.5734409190371991,75.07666666666667,v1
PS_qb0of3__REV_G_qb0of3__C18_FCF_P_DYN_qmax8__v1,PS_qb0of3__REV_G_qb0of3,C18_FCF_P_DYN_qmax8,0.21397643996687798,-0.6763509086393802,0.5569643180583228,46.77884615384615,v1
P_IC_qb0of3__MOM_qb2of3__C13_EPS_DYN_ytdavg_gt_lyytdavg__v0,P_IC_qb0of3__MOM_qb2of3,C13_EPS_DYN_ytdavg_gt_lyytdavg,0.21395142003754253,-0.5851049862321146,0.5459648477040582,103.84912280701755,v0
P_IC_qb0of3__CROIC_qb0of3__C20_FCF_P_DYN_ytdavg_gt_lyytdavg__v1,P_IC_qb0of3__CROIC_qb0of3,C20_FCF_P_DYN_ytdavg_gt_lyytdavg,0.21391501382707823,-0.705244236631722,0.5801354401805869,14.276223776223777,v1
CROIC_qb0of3__MOM_qb0of3__C10_EPS_DYN_qmax4__v0,CROIC_qb0of3__MOM_qb0of3,C10_EPS_DYN_qmax4,0.21389250034972251,-0.6349599104094954,0.5428062454154878,215.81089743589743,v0
EV_S_qb0of3__DEBTRATIO_qb0of3__C7_ROE_DYN_ytdavg_gt_lyavg__v0,EV_S_qb0of3__DEBTRATIO_qb0of3,C7_ROE_DYN_ytdavg_gt_lyavg,0.21388777995995745,-0.5424991584594221,0.5980293077311774,94.47333333333333,v0
EV_S_qb0of3__DEBTRATIO_qb2of3__C20_FCF_P_DYN_ytdavg_gt_lyytdavg__v0,EV_S_qb0of3__DEBTRATIO_qb2of3,C20_FCF_P_DYN_ytdavg_gt_lyytdavg,0.213816223440906,-0.7311643007366335,0.5691333982473223,77.54895104895105,v0
MOM_qb0of3__ROE_qb2of3__C10_EPS_DYN_qmax4__v0,MOM_qb0of3__ROE_qb2of3,C10_EPS_DYN_qmax4,0.2138051636798508,-0.5600940196198596,0.5776882397381012,160.43269230769232,v0
P_IC_qb1of3__NETDEBT_EBITDA_qb0of3__C14_EPS_DYN_ytdavg_gt_lyavg__v1,P_IC_qb1of3__NETDEBT_EBITDA_qb0of3,C14_EPS_DYN_ytdavg_gt_lyavg,0.21375892464949175,-0.5472028006311932,0.5502829777971266,21.14666666666667,v1
CROIC_qb0of3__MOM_qb0of3__C4_ROE_DYN_qmax8__v0,CROIC_qb0of3__MOM_qb0of3,C4_ROE_DYN_qmax8,0.21375806175551793,-0.6380483225491114,0.5397810218978102,212.31730769230768,v0
PS_qb0of3__None__C14_EPS_DYN_ytdavg_gt_lyavg__v1,PS_qb0of3__None,C14_EPS_DYN_ytdavg_gt_lyavg,0.21373707617605042,-0.5948238035989128,0.5743063473964272,83.22666666666667,v1
PS_qb0of3__REV_G_qb0of3__C17_FCF_P_DYN_qmax4__v1,PS_qb0of3__REV_G_qb0of3,C17_FCF_P_DYN_qmax4,0.21371336306042132,-0.6774355829917162,0.5588235294117647,47.657051282051285,v1
PS_qb0of3__OCF_E_qb2of3__C4_ROE_DYN_qmax8__v1,PS_qb0of3__OCF_E_qb2of3,C4_ROE_DYN_qmax8,0.21368900998934826,-0.5412617367399827,0.5636037527593819,54.30769230769231,v1
P_IC_qb0of3__FCF_OI_qb0of3__C17_FCF_P_DYN_qmax4__v1,P_IC_qb0of3__FCF_OI_qb0of3,C17_FCF_P_DYN_qmax4,0.21361810842598117,-0.6963240448387533,0.5726396917148362,38.81410256410256,v1
PB_qb0of3__None__None__v1,PB_qb0of3__None,None,0.21353285008935563,-0.6032663908108379,0.5822095204072519,130.82051282051282,v1
MOM_qb0of3__ROE_qb2of3__C11_EPS_DYN_qmax8__v0,MOM_qb0of3__ROE_qb2of3,C11_EPS_DYN_qmax8,0.21352746334179606,-0.5625230586097194,0.5760461037334001,157.90064102564102,v0
MOM_qb0of3__ROE_qb2of3__C4_ROE_DYN_qmax8__v0,MOM_qb0of3__ROE_qb2of3,C4_ROE_DYN_qmax8,0.21351653541297466,-0.5588920599774758,0.5749310258339604,157.10256410256412,v0
EV_S_qb0of3__MOM_qb0of3__C13_EPS_DYN_ytdavg_gt_lyytdavg__v0,EV_S_qb0of3__MOM_qb0of3,C13_EPS_DYN_ytdavg_gt_lyytdavg,0.21341127353206235,-0.600170255239824,0.5748514851485148,95.21052631578948,v0
P_IC_qb0of3__MOM_qb0of3__C20_FCF_P_DYN_ytdavg_gt_lyytdavg__v0,P_IC_qb0of3__MOM_qb0of3,C20_FCF_P_DYN_ytdavg_gt_lyytdavg,0.21339436990603233,-0.713072134745995,0.5779446374537711,80.31818181818181,v0
P_IC_qb0of3__FCF_P_qb2of3__C20_FCF_P_DYN_ytdavg_gt_lyytdavg__v0,P_IC_qb0of3__FCF_P_qb2of3,C20_FCF_P_DYN_ytdavg_gt_lyytdavg,0.2132827642828874,-0.6702028284863822,0.5747643712320625,167.0909090909091,v0
FCF_P_qb0of3__MOM_qb0of3__C17_FCF_P_DYN_qmax4__v0,FCF_P_qb0of3__MOM_qb0of3,C17_FCF_P_DYN_qmax4,0.21324727788674513,-0.634136389014255,0.542936143572621,213.76923076923077,v0
EV_S_qb0of3__MOM_qb2of3__C10_EPS_DYN_qmax4__v1,EV_S_qb0of3__MOM_qb2of3,C10_EPS_DYN_qmax4,0.21317939731976088,-0.5984697969725971,0.5433324389589482,50.93589743589744,v1
P_IC_qb0of3__FCF_P_qb2of3__C13_EPS_DYN_ytdavg_gt_lyytdavg__v0,P_IC_qb0of3__FCF_P_qb2of3,C13_EPS_DYN_ytdavg_gt_lyytdavg,0.21309234436930802,-0.5713431809439755,0.5772755039706781,164.17894736842106,v0
EV_S_qb0of3__MOM_qb2of3__C4_ROE_DYN_qmax8__v1,EV_S_qb0of3__MOM_qb2of3,C4_ROE_DYN_qmax8,0.21307371871243141,-0.6048616771513675,0.5452345745395887,49.86217948717949,v1
P_IC_qb0of3__FCF_OI_qb0of3__C18_FCF_P_DYN_qmax8__v1,P_IC_qb0of3__FCF_OI_qb0of3,C18_FCF_P_DYN_qmax8,0.21302446039114797,-0.703263610702013,0.5723938223938224,38.0,v1
P_IC_qb0of3__ROIC_qb0of3__C3_ROE_DYN_qmax4__v1,P_IC_qb0of3__ROIC_qb0of3,C3_ROE_DYN_qmax4,0.21299235316678877,-0.6834058642993084,0.560900900900901,51.26923076923077,v1
CROIC_qb0of3__MOM_qb0of3__None__v0,CROIC_qb0of3__MOM_qb0of3,None,0.21298754934741781,-0.6177401446101833,0.5390712325983131,230.68269230769232,v0
MOM_qb0of3__ROE_qb2of3__C7_ROE_DYN_ytdavg_gt_lyavg__v0,MOM_qb0of3__ROE_qb2of3,C7_ROE_DYN_ytdavg_gt_lyavg,0.21296457770929544,-0.5723674844618678,0.5712796208530806,95.66,v0
FCF_P_qb0of3__MOM_qb0of3__C4_ROE_DYN_qmax8__v0,FCF_P_qb0of3__MOM_qb0of3,C4_ROE_DYN_qmax8,0.21289239785282965,-0.6398332761233596,0.542015503875969,212.00320512820514,v0
EV_S_qb0of3__CROIC_qb0of3__C13_EPS_DYN_ytdavg_gt_lyytdavg__v1,EV_S_qb0of3__CROIC_qb0of3,C13_EPS_DYN_ytdavg_gt_lyytdavg,0.21288197665716968,-0.5741462921639642,0.5521398432790838,23.140350877192983,v1
PS_qb0of3__None__C9_EPS_DYN_riseq2__v0,PS_qb0of3__None,C9_EPS_DYN_riseq2,0.21281745747701897,-0.6661479283118441,0.5568421052631579,13.250871080139373,v0
FCF_P_qb0of3__MOM_qb0of3__C10_EPS_DYN_qmax4__v0,FCF_P_qb0of3__MOM_qb0of3,C10_EPS_DYN_qmax4,0.21278703644911734,-0.6357903907693279,0.5446804091593541,215.5,v0
PB_qb0of3__ROIC_qb0of3__C3_ROE_DYN_qmax4__v1,PB_qb0of3__ROIC_qb0of3,C3_ROE_DYN_qmax4,0.21278611304091144,-0.6326862986889376,0.5532110091743119,49.06730769230769,v1
EV_S_qb0of3__MOM_qb2of3__C7_ROE_DYN_ytdavg_gt_lyavg__v0,EV_S_qb0of3__MOM_qb2of3,C7_ROE_DYN_ytdavg_gt_lyavg,0.2127854055010443,-0.6271969208347525,0.5359977324263039,109.29,v0
MOM_qb0of3__ROE_qb2of3__None__v0,MOM_qb0of3__ROE_qb2of3,None,0.21278163439196374,-0.5594747713788855,0.5823536847427633,164.32051282051282,v0
PB_qb0of3__ROIC_qb0of3__C4_ROE_DYN_qmax8__v1,PB_qb0of3__ROIC_qb0of3,C4_ROE_DYN_qmax8,0.2127491611701735,-0.6404258885726621,0.5503564247852312,48.291666666666664,v1
PS_qb0of3__ACCRUAL_qb0of3__C14_EPS_DYN_ytdavg_gt_lyavg__v1,PS_qb0of3__ACCRUAL_qb0of3,C14_EPS_DYN_ytdavg_gt_lyavg,0.21267543687890345,-0.5538766931086652,0.5579462102689486,27.94333333333333,v1
PS_qb0of3__REV_G_qb0of3__C14_EPS_DYN_ytdavg_gt_lyavg__v1,PS_qb0of3__REV_G_qb0of3,C14_EPS_DYN_ytdavg_gt_lyavg,0.2126116459278009,-0.6961728548650175,0.5537835086528673,23.486666666666668,v1
FCF_P_qb0of3__MOM_qb0of3__C11_EPS_DYN_qmax8__v0,FCF_P_qb0of3__MOM_qb0of3,C11_EPS_DYN_qmax8,0.21243039669802788,-0.6383695984816877,0.5427994407332608,212.56089743589743,v0
P_IC_qb0of3__FCF_OI_qb0of3__C4_ROE_DYN_qmax8__v1,P_IC_qb0of3__FCF_OI_qb0of3,C4_ROE_DYN_qmax8,0.21233687933969692,-0.7046398317006253,0.5753581661891117,38.62179487179487,v1
REVENUE_qb0of3__P_IC_qb1of3__C6_ROE_DYN_ytdavg_gt_lyytdavg__v0,REVENUE_qb0of3__P_IC_qb1of3,C6_ROE_DYN_ytdavg_gt_lyytdavg,0.21224998305687448,-0.4117589071514314,0.5429248075784487,62.29020979020979,v0
MOM_qb0of3__ROE_qb2of3__C17_FCF_P_DYN_qmax4__v0,MOM_qb0of3__ROE_qb2of3,C17_FCF_P_DYN_qmax4,0.21223407252854165,-0.555948845658445,0.5802320420972548,158.81410256410257,v0
PB_qb0of3__NETDEBT_EBITDA_qb0of3__None__v1,PB_qb0of3__NETDEBT_EBITDA_qb0of3,None,0.21218900416666342,-0.6251212658825216,0.56384,32.330128205128204,v1
PB_qb0of3__None__C18_FCF_P_DYN_qmax8__v1,PB_qb0of3__None,C18_FCF_P_DYN_qmax8,0.21205743114139408,-0.6027148933661353,0.5767676767676768,125.99038461538461,v1
MOM_qb0of3__DEBTRATIO_qb2of3__C4_ROE_DYN_qmax8__v0,MOM_qb0of3__DEBTRATIO_qb2of3,C4_ROE_DYN_qmax8,0.2120410338422254,-0.646487179495195,0.5849840878093135,176.3301282051282,v0
P_IC_qb0of3__FCF_OI_qb0of3__C10_EPS_DYN_qmax4__v1,P_IC_qb0of3__FCF_OI_qb0of3,C10_EPS_DYN_qmax4,0.21192888054322134,-0.69928849175488,0.576849367573783,39.3525641025641,v1
EV_S_qb0of3__OCF_E_qb2of3__C20_FCF_P_DYN_ytdavg_gt_lyytdavg__v0,EV_S_qb0of3__OCF_E_qb2of3,C20_FCF_P_DYN_ytdavg_gt_lyytdavg,0.21184848816878987,-0.568604997582091,0.5693729750333524,124.4965034965035,v0
PB_qb0of3__NETDEBT_EBITDA_qb0of3__C11_EPS_DYN_qmax8__v1,PB_qb0of3__NETDEBT_EBITDA_qb0of3,C11_EPS_DYN_qmax8,0.21184186255659365,-0.6439892787427779,0.5597014925373134,31.35576923076923,v1
FCF_P_qb0of3__MOM_qb0of3__None__v0,FCF_P_qb0of3__MOM_qb0of3,None,0.21181701243698448,-0.6323535637152592,0.5460512606793082,221.03205128205127,v0
P_IC_qb0of3__None__C18_FCF_P_DYN_qmax8__v0,P_IC_qb0of3__None,C18_FCF_P_DYN_qmax8,0.21176668300095525,-0.6206248178239545,0.6297233773277888,542.2371794871794,v0
PB_qb0of3__NETDEBT_EBITDA_qb0of3__C4_ROE_DYN_qmax8__v1,PB_qb0of3__NETDEBT_EBITDA_qb0of3,C4_ROE_DYN_qmax8,0.21176363586861968,-0.6434393974677663,0.5594059405940595,31.246794871794872,v1
EV_S_qb0of3__NETDEBT_EBITDA_qb0of3__C13_EPS_DYN_ytdavg_gt_lyytdavg__v1,EV_S_qb0of3__NETDEBT_EBITDA_qb0of3,C13_EPS_DYN_ytdavg_gt_lyytdavg,0.21175430633515102,-0.5897131596642438,0.5657894736842105,30.74035087719298,v1
P_IC_qb0of3__FCF_OI_qb0of3__C3_ROE_DYN_qmax4__v1,P_IC_qb0of3__FCF_OI_qb0of3,C3_ROE_DYN_qmax4,0.2117516707679421,-0.6978753091776966,0.575531303848363,39.25320512820513,v1
P_IC_qb0of3__CROIC_qb2of3__C20_FCF_P_DYN_ytdavg_gt_lyytdavg__v1,P_IC_qb0of3__CROIC_qb2of3,C20_FCF_P_DYN_ytdavg_gt_lyytdavg,0.21175029477036578,-0.7433268536742709,0.5642430278884463,13.426573426573427,v1
PS_qb0of3__ROIC_qb0of3__C6_ROE_DYN_ytdavg_gt_lyytdavg__v1,PS_qb0of3__ROIC_qb0of3,C6_ROE_DYN_ytdavg_gt_lyytdavg,0.2117277513229876,-0.8498522033263336,0.5342639593908629,11.947552447552448,v1
MOM_qb0of3__DEBTRATIO_qb2of3__C3_ROE_DYN_qmax4__v0,MOM_qb0of3__DEBTRATIO_qb2of3,C3_ROE_DYN_qmax4,0.2117214815243249,-0.6404584927941455,0.589381808636304,179.7852564102564,v0
P_IC_qb0of3__MOM_qb2of3__C10_EPS_DYN_qmax4__v0,P_IC_qb0of3__MOM_qb2of3,C10_EPS_DYN_qmax4,0.21168784199920299,-0.6343712980506708,0.5435068596128547,180.72115384615384,v0
P_IC_qb0of3__None__C17_FCF_P_DYN_qmax4__v0,P_IC_qb0of3__None,C17_FCF_P_DYN_qmax4,0.21162520758221004,-0.6202464015004745,0.6490620812862885,549.7948717948718,v0
EV_S_qb0of3__OCF_E_qb0of3__C13_EPS_DYN_ytdavg_gt_lyytdavg__v1,EV_S_qb0of3__OCF_E_qb0of3,C13_EPS_DYN_ytdavg_gt_lyytdavg,0.2116099153733937,-0.600275944782096,0.5520740077588779,23.021052631578947,v1
PS_qb0of3__REV_G_qb0of3__C10_EPS_DYN_qmax4__v1,PS_qb0of3__REV_G_qb0of3,C10_EPS_DYN_qmax4,0.2116015711191397,-0.6759616789216065,0.5602276900477414,47.45192307692308,v1
EV_S_qb0of3__ACCRUAL_qb0of3__C19_FCF_P_DYN_yoy__v0,EV_S_qb0of3__ACCRUAL_qb0of3,C19_FCF_P_DYN_yoy,0.21153331869123582,-0.5671606023422741,0.5659154929577465,11.866666666666667,v0
PS_qb0of3__FCF_OI_qb0of3__C13_EPS_DYN_ytdavg_gt_lyytdavg__v1,PS_qb0of3__FCF_OI_qb0of3,C13_EPS_DYN_ytdavg_gt_lyytdavg,0.21152432278780187,-0.6193321342843019,0.5542299349240781,25.70877192982456,v1
PS_qb0of3__CROIC_qb0of3__C20_FCF_P_DYN_ytdavg_gt_lyytdavg__v1,PS_qb0of3__CROIC_qb0of3,C20_FCF_P_DYN_ytdavg_gt_lyytdavg,0.21151834804015657,-0.6706171234408237,0.549512987012987,15.86013986013986,v1
MOM_qb0of3__ROE_qb2of3__C18_FCF_P_DYN_qmax8__v0,MOM_qb0of3__ROE_qb2of3,C18_FCF_P_DYN_qmax8,0.21149686308736437,-0.5580451070212611,0.5780526482714875,155.42307692307693,v0
MOM_qb0of3__DEBTRATIO_qb2of3__C10_EPS_DYN_qmax4__v0,MOM_qb0of3__DEBTRATIO_qb2of3,C10_EPS_DYN_qmax4,0.2113849978294533,-0.6380530909571991,0.5897435897435898,180.03846153846155,v0
PS_qb0of3__DEBTRATIO_qb0of3__C20_FCF_P_DYN_ytdavg_gt_lyytdavg__v0,PS_qb0of3__DEBTRATIO_qb0of3,C20_FCF_P_DYN_ytdavg_gt_lyytdavg,0.2113490704025447,-0.4908603653884732,0.585387323943662,60.55244755244755,v0
EV_S_qb0of3__NETDEBT_EBITDA_qb2of3__C13_EPS_DYN_ytdavg_gt_lyytdavg__v1,EV_S_qb0of3__NETDEBT_EBITDA_qb2of3,C13_EPS_DYN_ytdavg_gt_lyytdavg,0.2112833718329301,-0.6681870518206818,0.5508425334108077,14.726315789473684,v1
P_IC_qb0of3__MOM_qb2of3__C4_ROE_DYN_qmax8__v0,P_IC_qb0of3__MOM_qb2of3,C4_ROE_DYN_qmax8,0.2112634435748455,-0.6400148290681049,0.54425658876181,177.84294871794873,v0
PS_qb0of3__OCF_E_qb0of3__C13_EPS_DYN_ytdavg_gt_lyytdavg__v1,PS_qb0of3__OCF_E_qb0of3,C13_EPS_DYN_ytdavg_gt_lyytdavg,0.21121436528027693,-0.6274726479600321,0.5542315918117935,22.666666666666668,v1
EV_S_qb0of3__MOM_qb2of3__C11_EPS_DYN_qmax8__v1,EV_S_qb0of3__MOM_qb2of3,C11_EPS_DYN_qmax8,0.21114246497041855,-0.6050142841524402,0.5443429185702768,50.06089743589744,v1
PB_qb0of3__None__C17_FCF_P_DYN_qmax4__v1,PB_qb0of3__None,C17_FCF_P_DYN_qmax4,0.2111134541369959,-0.6031350747615223,0.5797986750408672,127.82371794871794,v1
PS_qb0of3__None__C7_ROE_DYN_ytdavg_gt_lyavg__v1,PS_qb0of3__None,C7_ROE_DYN_ytdavg_gt_lyavg,0.21109451815868852,-0.6235741786211451,0.5733841377363816,72.51333333333334,v1
PS_qb0of3__DEBTRATIO_qb2of3__C20_FCF_P_DYN_ytdavg_gt_lyytdavg__v0,PS_qb0of3__DEBTRATIO_qb2of3,C20_FCF_P_DYN_ytdavg_gt_lyytdavg,0.21107776531109934,-0.7145120020535566,0.5769090909090909,110.39160839160839,v0
PB_qb0of3__NETDEBT_EBITDA_qb0of3__C10_EPS_DYN_qmax4__v1,PB_qb0of3__NETDEBT_EBITDA_qb0of3,C10_EPS_DYN_qmax4,0.21107494087341783,-0.6452168152618998,0.5621264548600189,31.724358974358974,v1
PS_qb0of3__REV_G_qb0of3__C3_ROE_DYN_qmax4__v1,PS_qb0of3__REV_G_qb0of3,C3_ROE_DYN_qmax4,0.21105159781557203,-0.6757133662084291,0.5595892922625596,47.39423076923077,v1
EV_S_qb0of3__ACCRUAL_qb0of3__C14_EPS_DYN_ytdavg_gt_lyavg__v1,EV_S_qb0of3__ACCRUAL_qb0of3,C14_EPS_DYN_ytdavg_gt_lyavg,0.21101402474715436,-0.5220912880558709,0.5539602775783681,28.593333333333334,v1
P_IC_qb0of3__MOM_qb2of3__C3_ROE_DYN_qmax4__v0,P_IC_qb0of3__MOM_qb2of3,C3_ROE_DYN_qmax4,0.2110087709147912,-0.6359012451942105,0.543725760040035,180.24679487179486,v0
P_IC_qb0of3__MOM_qb2of3__C18_FCF_P_DYN_qmax8__v0,P_IC_qb0of3__MOM_qb2of3,C18_FCF_P_DYN_qmax8,0.21100838502786412,-0.6381033983104503,0.5442059023696096,177.81730769230768,v0
CROIC_qb0of3__MOM_qb0of3__C17_FCF_P_DYN_qmax4__v0,CROIC_qb0of3__MOM_qb0of3,C17_FCF_P_DYN_qmax4,0.21100031531334706,-0.6333531974547256,0.5414998946703181,213.7147435897436,v0
P_IC_qb0of3__None__C10_EPS_DYN_qmax4__v0,P_IC_qb0of3__None,C10_EPS_DYN_qmax4,0.21092535850088412,-0.6206406987161969,0.6350705374839688,550.9583333333334,v0
FCF_P_qb0of3__MOM_qb0of3__C18_FCF_P_DYN_qmax8__v0,FCF_P_qb0of3__MOM_qb0of3,C18_FCF_P_DYN_qmax8,0.21083664936481927,-0.6382274609371058,0.5402730019797853,209.8397435897436,v0
PB_qb0of3__FCF_OI_qb0of3__None__v1,PB_qb0of3__FCF_OI_qb0of3,None,0.21078082030020684,-0.6453973409201312,0.5581088717272557,41.67628205128205,v1
P_IC_qb0of3__None__C11_EPS_DYN_qmax8__v0,P_IC_qb0of3__None,C11_EPS_DYN_qmax8,0.21071185379732738,-0.6234330419719172,0.6190340909090909,543.7179487179487,v0
MOM_qb0of3__DEBTRATIO_qb2of3__None__v0,MOM_qb0of3__DEBTRATIO_qb2of3,None,0.21064729938079285,-0.635749977636821,0.5954599920117162,185.89423076923077,v0
EV_S_qb0of3__REV_G_qb2of3__C7_ROE_DYN_ytdavg_gt_lyavg__v1,EV_S_qb0of3__REV_G_qb2of3,C7_ROE_DYN_ytdavg_gt_lyavg,0.21058095677184707,-0.7396718053759829,0.5628306878306878,25.236666666666668,v1
EV_S_qb0of3__REV_G_qb2of3__C13_EPS_DYN_ytdavg_gt_lyytdavg__v1,EV_S_qb0of3__REV_G_qb2of3,C13_EPS_DYN_ytdavg_gt_lyytdavg,0.21057127429860634,-0.5904641626679844,0.5608964907107048,28.733333333333334,v1
PB_qb0of3__NETDEBT_EBITDA_qb0of3__C3_ROE_DYN_qmax4__v1,PB_qb0of3__NETDEBT_EBITDA_qb0of3,C3_ROE_DYN_qmax4,0.2105376128130505,-0.6456507447291001,0.5630489335006273,31.64423076923077,v1
EV_S_qb0of3__FCF_OI_qb0of3__C20_FCF_P_DYN_ytdavg_gt_lyytdavg__v0,EV_S_qb0of3__FCF_OI_qb0of3,C20_FCF_P_DYN_ytdavg_gt_lyytdavg,0.210494648965325,-0.5730872867063294,0.5597207859358841,71.42307692307692,v0
P_IC_qb0of3__MOM_qb2of3__C11_EPS_DYN_qmax8__v0,P_IC_qb0of3__MOM_qb2of3,C11_EPS_DYN_qmax8,0.21046795360765924,-0.6400991964792007,0.5432820959611675,178.5,v0
P_IC_qb0of3__MOM_qb2of3__C17_FCF_P_DYN_qmax4__v0,P_IC_qb0of3__MOM_qb2of3,C17_FCF_P_DYN_qmax4,0.2104211890797214,-0.6362340655987054,0.5443455529968257,180.12179487179486,v0
MOM_qb0of3__NETDEBT_EBITDA_qb2of3__C7_ROE_DYN_ytdavg_gt_lyavg__v0,MOM_qb0of3__NETDEBT_EBITDA_qb2of3,C7_ROE_DYN_ytdavg_gt_lyavg,0.21040986781375204,-0.5756842493101753,0.5713251267197683,75.28666666666666,v0
PB_qb0of3__None__C11_EPS_DYN_qmax8__v1,PB_qb0of3__None,C11_EPS_DYN_qmax8,0.21036989547820362,-0.6062195537953177,0.5751958884489005,125.92307692307692,v1
P_IC_qb0of3__NETDEBT_EBITDA_qb1of3__C7_ROE_DYN_ytdavg_gt_lyavg__v0,P_IC_qb0of3__NETDEBT_EBITDA_qb1of3,C7_ROE_DYN_ytdavg_gt_lyavg,0.21036947854670518,-0.6308179693766041,0.5799393414211439,74.75666666666666,v0
PS_qb0of3__FCF_P_qb0of3__C20_FCF_P_DYN_ytdavg_gt_lyytdavg__v1,PS_qb0of3__FCF_P_qb0of3,C20_FCF_P_DYN_ytdavg_gt_lyytdavg,0.21016684499636207,-0.6510901874012522,0.5505130228887135,16.265734265734267,v1
PB_qb0of3__FCF_OI_qb0of3__C11_EPS_DYN_qmax8__v1,PB_qb0of3__FCF_OI_qb0of3,C11_EPS_DYN_qmax8,0.21016193418628193,-0.6471994249845676,0.5555137372977041,40.2724358974359,v1
MOM_qb0of3__DEBTRATIO_qb2of3__C11_EPS_DYN_qmax8__v0,MOM_qb0of3__DEBTRATIO_qb2of3,C11_EPS_DYN_qmax8,0.21015909885826245,-0.6455326490656397,0.5852265351161885,176.80769230769232,v0
P_IC_qb0of3__None__C4_ROE_DYN_qmax8__v0,P_IC_qb0of3__None,C4_ROE_DYN_qmax8,0.21015448001526016,-0.6236495810435934,0.6177606177606177,541.7115384615385,v0
PS_qb0of3__NETDEBT_EBITDA_qb0of3__C13_EPS_DYN_ytdavg_gt_lyytdavg__v1,PS_qb0of3__NETDEBT_EBITDA_qb0of3,C13_EPS_DYN_ytdavg_gt_lyytdavg,0.21010577458893076,-0.6488925490037385,0.5544600938967136,19.74035087719298,v1
EV_S_qb0of3__OCF_E_qb2of3__C13_EPS_DYN_ytdavg_gt_lyytdavg__v0,EV_S_qb0of3__OCF_E_qb2of3,C13_EPS_DYN_ytdavg_gt_lyytdavg,0.21001034619746828,-0.542016254696435,0.5666069576694636,129.97543859649122,v0
P_IC_qb0of3__MOM_qb2of3__C7_ROE_DYN_ytdavg_gt_lyavg__v1,P_IC_qb0of3__MOM_qb2of3,C7_ROE_DYN_ytdavg_gt_lyavg,0.20998231978236226,-0.522202112431964,0.5581699346405229,24.476666666666667,v1
PB_qb0of3__None__C10_EPS_DYN_qmax4__v1,PB_qb0of3__None,C10_EPS_DYN_qmax4,0.2099788942375962,-0.6008644192352754,0.5780994227621263,127.80448717948718,v1
EV_S_qb0of3__CROIC_qb0of3__C20_FCF_P_DYN_ytdavg_gt_lyytdavg__v1,EV_S_qb0of3__CROIC_qb0of3,C20_FCF_P_DYN_ytdavg_gt_lyytdavg,0.2099739698784706,-0.6159637700047753,0.5517536355859709,14.916083916083917,v1
PS_qb0of3__REV_G_qb0of3__C11_EPS_DYN_qmax8__v1,PS_qb0of3__REV_G_qb0of3,C11_EPS_DYN_qmax8,0.2099608274495004,-0.6853011702330891,0.5568181818181818,46.46153846153846,v1
P_IC_qb0of3__None__C3_ROE_DYN_qmax4__v0,P_IC_qb0of3__None,C3_ROE_DYN_qmax4,0.20995309494650916,-0.6214887512383298,0.6379233511586453,549.6057692307693,v0
EV_S_qb0of3__FCF_OI_qb0of3__C13_EPS_DYN_ytdavg_gt_lyytdavg__v1,EV_S_qb0of3__FCF_OI_qb0of3,C13_EPS_DYN_ytdavg_gt_lyytdavg,0.20994037265728016,-0.5654048186920102,0.5569027280242491,25.101754385964913,v1
EV_S_qb0of3__None__C14_EPS_DYN_ytdavg_gt_lyavg__v1,EV_S_qb0of3__None,C14_EPS_DYN_ytdavg_gt_lyavg,0.20993199586701072,-0.5698930323985436,0.569423929098966,85.81333333333333,v1
PB_qb0of3__FCF_P_qb0of3__C20_FCF_P_DYN_ytdavg_gt_lyytdavg__v1,PB_qb0of3__FCF_P_qb0of3,C20_FCF_P_DYN_ytdavg_gt_lyytdavg,0.20992222583994646,-0.6589355004932512,0.5510022271714922,15.003496503496503,v1
P_IC_qb0of3__NETDEBT_EBITDA_qb1of3__C7_ROE_DYN_ytdavg_gt_lyavg__v1,P_IC_qb0of3__NETDEBT_EBITDA_qb1of3,C7_ROE_DYN_ytdavg_gt_lyavg,0.20976022212902468,-0.6582396395622074,0.5770533446232007,20.493333333333332,v1
EV_S_qb0of3__FCF_P_qb2of3__C6_ROE_DYN_ytdavg_gt_lyytdavg__v0,EV_S_qb0of3__FCF_P_qb2of3,C6_ROE_DYN_ytdavg_gt_lyytdavg,0.20961939577013622,-0.5681350396238691,0.5695129900363163,130.26923076923077,v0
PS_qb0of3__REV_G_qb0of3__C4_ROE_DYN_qmax8__v1,PS_qb0of3__REV_G_qb0of3,C4_ROE_DYN_qmax8,0.20947159175074215,-0.6860446569762415,0.5562758869079777,46.34935897435897,v1
PS_qb0of3__CROIC_qb0of3__C20_FCF_P_DYN_ytdavg_gt_lyytdavg__v0,PS_qb0of3__CROIC_qb0of3,C20_FCF_P_DYN_ytdavg_gt_lyytdavg,0.20944062086347537,-0.6060692048002393,0.5557897695334457,68.45104895104895,v0
PB_qb0of3__REV_G_qb0of3__None__v1,PB_qb0of3__REV_G_qb0of3,None,0.2093656010268421,-0.6644273164231985,0.5679646017699115,52.13782051282051,v1
P_IC_qb0of3__NETDEBT_EBITDA_qb1of3__C18_FCF_P_DYN_qmax8__v0,P_IC_qb0of3__NETDEBT_EBITDA_qb1of3,C18_FCF_P_DYN_qmax8,0.20931591376688852,-0.5977376289909959,0.5887615320100643,137.36217948717947,v0
PS_qb0of3__FCF_P_qb0of3__C20_FCF_P_DYN_ytdavg_gt_lyytdavg__v0,PS_qb0of3__FCF_P_qb0of3,C20_FCF_P_DYN_ytdavg_gt_lyytdavg,0.2093143752453719,-0.5969557947890715,0.5553691275167785,69.86013986013987,v0
PB_qb0of3__FCF_OI_qb0of3__C18_FCF_P_DYN_qmax8__v1,PB_qb0of3__FCF_OI_qb0of3,C18_FCF_P_DYN_qmax8,0.20923287769417587,-0.6445965657611057,0.5551547370419594,39.53846153846154,v1
P_IC_qb0of3__PB_qb0of3__C13_EPS_DYN_ytdavg_gt_lyytdavg__v1,P_IC_qb0of3__PB_qb0of3,C13_EPS_DYN_ytdavg_gt_lyytdavg,0.2091464186415226,-0.5641203082869615,0.5679553607014747,50.71228070175439,v1
PS_qb0of3__EV_S_qb1of3__C10_EPS_DYN_qmax4__v1,PS_qb0of3__EV_S_qb1of3,C10_EPS_DYN_qmax4,0.2090872469066698,-0.6096680327352328,0.5643796992481203,17.858974358974358,v1
ROIC_qb0of3__MOM_qb0of3__C13_EPS_DYN_ytdavg_gt_lyytdavg__v0,ROIC_qb0of3__MOM_qb0of3,C13_EPS_DYN_ytdavg_gt_lyytdavg,0.20905263147408926,-0.6247125141615899,0.5331851702192141,95.65964912280701,v0
PB_qb0of3__CROIC_qb0of3__C20_FCF_P_DYN_ytdavg_gt_lyytdavg__v1,PB_qb0of3__CROIC_qb0of3,C20_FCF_P_DYN_ytdavg_gt_lyytdavg,0.20903868717191387,-0.6663893687757811,0.5601404741000878,15.045454545454545,v1
PB_qb0of3__NETDEBT_EBITDA_qb0of3__C18_FCF_P_DYN_qmax8__v1,PB_qb0of3__NETDEBT_EBITDA_qb0of3,C18_FCF_P_DYN_qmax8,0.20902448660465467,-0.6441843117410551,0.5606864274570983,31.358974358974358,v1
P_IC_qb0of3__MOM_qb2of3__None__v0,P_IC_qb0of3__MOM_qb2of3,None,0.20900995301907943,-0.6343369558390018,0.5424253459577567,193.22435897435898,v0
P_IC_qb0of3__FCF_P_qb0of3__C14_EPS_DYN_ytdavg_gt_lyavg__v1,P_IC_qb0of3__FCF_P_qb0of3,C14_EPS_DYN_ytdavg_gt_lyavg,0.2088985690532712,-0.6383141515029926,0.5835588633288228,20.71,v1
P_IC_qb1of3__NETDEBT_EBITDA_qb0of3__C17_FCF_P_DYN_qmax4__v0,P_IC_qb1of3__NETDEBT_EBITDA_qb0of3,C17_FCF_P_DYN_qmax4,0.20884779591603286,-0.5341332863543743,0.5714013346043851,142.50641025641025,v0
P_IC_qb0of3__NETDEBT_EBITDA_qb1of3__C17_FCF_P_DYN_qmax4__v0,P_IC_qb0of3__NETDEBT_EBITDA_qb1of3,C17_FCF_P_DYN_qmax4,0.20884764506824238,-0.599915293368904,0.5920759756640451,139.44230769230768,v0
PB_qb0of3__FCF_OI_qb0of3__C4_ROE_DYN_qmax8__v1,PB_qb0of3__FCF_OI_qb0of3,C4_ROE_DYN_qmax8,0.20883263153104337,-0.6411673105242489,0.55545130418465,40.16346153846154,v1
PB_qb0of3__None__C7_ROE_DYN_ytdavg_gt_lyavg__v1,PB_qb0of3__None,C7_ROE_DYN_ytdavg_gt_lyavg,0.2087841218483264,-0.5589334303681864,0.575568095165472,65.75666666666666,v1
P_IC_qb0of3__DEBTRATIO_qb2of3__None__v1,P_IC_qb0of3__DEBTRATIO_qb2of3,None,0.2087824549504511,-0.7129711877720946,0.5878378378378378,51.84935897435897,v1
OCF_E_qb2of3__MOM_qb0of3__C20_FCF_P_DYN_ytdavg_gt_lyytdavg__v0,OCF_E_qb2of3__MOM_qb0of3,C20_FCF_P_DYN_ytdavg_gt_lyytdavg,0.20868539860904312,-0.5914823474276767,0.5722700498414137,90.6013986013986,v0
P_IC_qb0of3__None__None__v0,P_IC_qb0of3__None,None,0.208607013051608,-0.6180448251541777,0.6780094413847364,587.4839743589744,v0
CROIC_qb0of3__MOM_qb0of3__C18_FCF_P_DYN_qmax8__v0,CROIC_qb0of3__MOM_qb0of3,C18_FCF_P_DYN_qmax8,0.2085699471501572,-0.6368226491702138,0.5388903497239022,209.81730769230768,v0
P_IC_qb0of3__FCF_OI_qb0of3__C14_EPS_DYN_ytdavg_gt_lyavg__v1,P_IC_qb0of3__FCF_OI_qb0of3,C14_EPS_DYN_ytdavg_gt_lyavg,0.20852017154519586,-0.6175693541657175,0.5829787234042553,21.51,v1
P_IC_qb1of3__NETDEBT_EBITDA_qb0of3__C7_ROE_DYN_ytdavg_gt_lyavg__v0,P_IC_qb1of3__NETDEBT_EBITDA_qb0of3,C7_ROE_DYN_ytdavg_gt_lyavg,0.20847446676599835,-0.5329083784712779,0.5590572033898306,71.87666666666667,v0
P_IC_qb1of3__NETDEBT_EBITDA_qb0of3__C3_ROE_DYN_qmax4__v0,P_IC_qb1of3__NETDEBT_EBITDA_qb0of3,C3_ROE_DYN_qmax4,0.2084365051187731,-0.5333781370325295,0.5686797485235283,142.44871794871796,v0
P_IC_qb0of3__CROIC_qb2of3__C14_EPS_DYN_ytdavg_gt_lyavg__v1,P_IC_qb0of3__CROIC_qb2of3,C14_EPS_DYN_ytdavg_gt_lyavg,0.20827556611252263,-0.7460046178599579,0.5597214783074451,12.53,v1
PS_qb0of3__FCF_P_qb0of3__C13_EPS_DYN_ytdavg_gt_lyytdavg__v1,PS_qb0of3__FCF_P_qb0of3,C13_EPS_DYN_ytdavg_gt_lyytdavg,0.2082367456491343,-0.6360363922882688,0.5532038271962888,24.32280701754386,v1
EV_S_qb0of3__FCF_P_qb0of3__C20_FCF_P_DYN_ytdavg_gt_lyytdavg__v1,EV_S_qb0of3__FCF_P_qb0of3,C20_FCF_P_DYN_ytdavg_gt_lyytdavg,0.2082288603465594,-0.6109965930174565,0.5539748953974896,15.202797202797203,v1
P_IC_qb0of3__DEBTRATIO_qb2of3__C17_FCF_P_DYN_qmax4__v1,P_IC_qb0of3__DEBTRATIO_qb2of3,C17_FCF_P_DYN_qmax4,0.20820542016261445,-0.7121374060979034,0.5815602836879432,50.49038461538461,v1
EV_S_qb0of3__NETDEBT_EBITDA_qb2of3__C6_ROE_DYN_ytdavg_gt_lyytdavg__v0,EV_S_qb0of3__NETDEBT_EBITDA_qb2of3,C6_ROE_DYN_ytdavg_gt_lyytdavg,0.20817640435592422,-0.6940022820832545,0.5696052241021075,52.5979020979021,v0
P_IC_qb0of3__FCF_P_qb0of3__None__v1,P_IC_qb0of3__FCF_P_qb0of3,None,0.20815109518645802,-0.7110924307550917,0.5748124753257008,39.08974358974359,v1
P_IC_qb1of3__FCF_P_qb0of3__C14_EPS_DYN_ytdavg_gt_lyavg__v0,P_IC_qb1of3__FCF_P_qb0of3,C14_EPS_DYN_ytdavg_gt_lyavg,0.2081419046295243,-0.535402212250317,0.5556855404773047,101.63333333333334,v0
PS_qb0of3__REV_G_qb0of3__C20_FCF_P_DYN_ytdavg_gt_lyytdavg__v0,PS_qb0of3__REV_G_qb0of3,C20_FCF_P_DYN_ytdavg_gt_lyytdavg,0.20812813333277713,-0.685848943415328,0.5748718659094058,102.97902097902097,v0
P_IC_qb0of3__NETDEBT_EBITDA_qb1of3__C11_EPS_DYN_qmax8__v0,P_IC_qb0of3__NETDEBT_EBITDA_qb1of3,C11_EPS_DYN_qmax8,0.20805279351097927,-0.6065477129547718,0.583909668313338,138.17307692307693,v0
PB_qb0of3__FCF_OI_qb0of3__C3_ROE_DYN_qmax4__v1,PB_qb0of3__FCF_OI_qb0of3,C3_ROE_DYN_qmax4,0.20803870737200936,-0.6369142395130016,0.556056338028169,40.74038461538461,v1
PB_qb0of3__NETDEBT_EBITDA_qb0of3__C17_FCF_P_DYN_qmax4__v1,PB_qb0of3__NETDEBT_EBITDA_qb0of3,C17_FCF_P_DYN_qmax4,0.20802383647829736,-0.6521122545141667,0.5624605678233439,31.73076923076923,v1
EV_S_qb0of3__MOM_qb0of3__C20_FCF_P_DYN_ytdavg_gt_lyytdavg__v0,EV_S_qb0of3__MOM_qb0of3,C20_FCF_P_DYN_ytdavg_gt_lyytdavg,0.20799728456630207,-0.6543520195905488,0.5799741323561113,84.8986013986014,v0
PB_qb0of3__CROIC_qb2of3__C6_ROE_DYN_ytdavg_gt_lyytdavg__v1,PB_qb0of3__CROIC_qb2of3,C6_ROE_DYN_ytdavg_gt_lyytdavg,0.20799502877957465,-0.4989167627296144,0.5786004056795132,13.72027972027972,v1
PS_qb0of3__ROE_qb2of3__C17_FCF_P_DYN_qmax4__v1,PS_qb0of3__ROE_qb2of3,C17_FCF_P_DYN_qmax4,0.20796097717642836,-0.5400253463557185,0.5717635236978731,51.80448717948718,v1
P_IC_qb1of3__NETDEBT_EBITDA_qb0of3__C4_ROE_DYN_qmax8__v0,P_IC_qb1of3__NETDEBT_EBITDA_qb0of3,C4_ROE_DYN_qmax8,0.20793447709539636,-0.531700211486269,0.5612668743509865,140.1153846153846,v0
P_IC_qb0of3__FCF_OI_qb1of3__C20_FCF_P_DYN_ytdavg_gt_lyytdavg__v1,P_IC_qb0of3__FCF_OI_qb1of3,C20_FCF_P_DYN_ytdavg_gt_lyytdavg,0.20790301568490754,-0.729074084432648,0.5625427204374572,20.08041958041958,v1
P_IC_qb0of3__DEBTRATIO_qb2of3__C18_FCF_P_DYN_qmax8__v1,P_IC_qb0of3__DEBTRATIO_qb2of3,C18_FCF_P_DYN_qmax8,0.20790290776360587,-0.7116242442497103,0.5789914207993304,49.72435897435897,v1
EV_S_qb0of3__CROIC_qb0of3__C6_ROE_DYN_ytdavg_gt_lyytdavg__v1,EV_S_qb0of3__CROIC_qb0of3,C6_ROE_DYN_ytdavg_gt_lyytdavg,0.20778184388566445,-0.8113536978093184,0.5498595505617978,19.3986013986014,v1
CROIC_qb0of3__MOM_qb0of3__C14_EPS_DYN_ytdavg_gt_lyavg__v0,CROIC_qb0of3__MOM_qb0of3,C14_EPS_DYN_ytdavg_gt_lyavg,0.20776194404766768,-0.6300391722172097,0.5382741823242867,110.73333333333333,v0
P_IC_qb0of3__FCF_OI_qb1of3__C20_FCF_P_DYN_ytdavg_gt_lyytdavg__v0,P_IC_qb0of3__FCF_OI_qb1of3,C20_FCF_P_DYN_ytdavg_gt_lyytdavg,0.2076485298046833,-0.660952466200015,0.568175835746249,80.36363636363636,v0
P_IC_qb1of3__NETDEBT_EBITDA_qb0of3__C10_EPS_DYN_qmax4__v0,P_IC_qb1of3__NETDEBT_EBITDA_qb0of3,C10_EPS_DYN_qmax4,0.20759975893291083,-0.5333198972521068,0.5696642223079892,142.75641025641025,v0
P_IC_qb1of3__NETDEBT_EBITDA_qb0of3__C11_EPS_DYN_qmax8__v0,P_IC_qb1of3__NETDEBT_EBITDA_qb0of3,C11_EPS_DYN_qmax8,0.20758869359520027,-0.5322245540512995,0.5637488947833775,140.65384615384616,v0
PS_qb0of3__None__C19_FCF_P_DYN_yoy__v0,PS_qb0of3__None,C19_FCF_P_DYN_yoy,0.2075610140204054,-0.4943418447442396,0.5582752472037608,20.140065146579804,v0
P_IC_qb0of3__FCF_P_qb0of3__C17_FCF_P_DYN_qmax4__v1,P_IC_qb0of3__FCF_P_qb0of3,C17_FCF_P_DYN_qmax4,0.20747466760467437,-0.71327938454088,0.5679207920792079,37.618589743589745,v1
PS_qb0of3__REV_G_qb2of3__C13_EPS_DYN_ytdavg_gt_lyytdavg__v1,PS_qb0of3__REV_G_qb2of3,C13_EPS_DYN_ytdavg_gt_lyytdavg,0.2073112453636563,-0.6069096579037512,0.5643869377695625,27.656140350877195,v1
P_IC_qb0of3__NETDEBT_EBITDA_qb1of3__C10_EPS_DYN_qmax4__v0,P_IC_qb0of3__NETDEBT_EBITDA_qb1of3,C10_EPS_DYN_qmax4,0.20729792244999246,-0.6036176642109627,0.5861862759754821,140.0352564102564,v0
PS_qb0of3__ROE_qb2of3__C5_ROE_DYN_yoy__v0,PS_qb0of3__ROE_qb2of3,C5_ROE_DYN_yoy,0.20728969876803838,-0.5497261291063559,0.54757343550447,10.780068728522338,v0
PB_qb0of3__None__C3_ROE_DYN_qmax4__v1,PB_qb0of3__None,C3_ROE_DYN_qmax4,0.2072319489199248,-0.6002598019309423,0.5778463648834019,127.45192307692308,v1
EV_EBITDA_qb0of3__PB_qb0of3__C6_ROE_DYN_ytdavg_gt_lyytdavg__v1,EV_EBITDA_qb0of3__PB_qb0of3,C6_ROE_DYN_ytdavg_gt_lyytdavg,0.20721719532417993,-0.6894519817036016,0.5661295226512618,27.332167832167833,v1
MOM_qb0of3__DEBTRATIO_qb2of3__C17_FCF_P_DYN_qmax4__v0,MOM_qb0of3__DEBTRATIO_qb2of3,C17_FCF_P_DYN_qmax4,0.20717267878169698,-0.6350382111510542,0.589731729879741,179.84615384615384,v0
PB_qb0of3__FCF_OI_qb0of3__C10_EPS_DYN_qmax4__v1,PB_qb0of3__FCF_OI_qb0of3,C10_EPS_DYN_qmax4,0.20715735098309795,-0.6425067384924521,0.55668358714044,40.8525641025641,v1
PS_qb0of3__ROE_qb2of3__C18_FCF_P_DYN_qmax8__v1,PS_qb0of3__ROE_qb2of3,C18_FCF_P_DYN_qmax8,0.20715443621273488,-0.537421775038398,0.5707485226526592,50.7724358974359,v1
MOM_qb0of3__DEBTRATIO_qb2of3__C18_FCF_P_DYN_qmax8__v0,MOM_qb0of3__DEBTRATIO_qb2of3,C18_FCF_P_DYN_qmax8,0.20710291597350539,-0.635353323852779,0.5855431153015125,176.44871794871796,v0
P_IC_qb1of3__CROIC_qb0of3__C14_EPS_DYN_ytdavg_gt_lyavg__v0,P_IC_qb1of3__CROIC_qb0of3,C14_EPS_DYN_ytdavg_gt_lyavg,0.20707699578806582,-0.5348599977392665,0.5544436502263521,100.23666666666666,v0
P_IC_qb0of3__FCF_OI_qb1of3__C18_FCF_P_DYN_qmax8__v0,P_IC_qb0of3__FCF_OI_qb1of3,C18_FCF_P_DYN_qmax8,0.2070168410873796,-0.6243771488215892,0.5723483564893257,148.95192307692307,v0
PB_qb0of3__FCF_OI_qb0of3__C17_FCF_P_DYN_qmax4__v1,PB_qb0of3__FCF_OI_qb0of3,C17_FCF_P_DYN_qmax4,0.20700252748044234,-0.6426147027366812,0.5559539535761464,40.28525641025641,v1
P_IC_qb0of3__MOM_qb0of3__C7_ROE_DYN_ytdavg_gt_lyavg__v1,P_IC_qb0of3__MOM_qb0of3,C7_ROE_DYN_ytdavg_gt_lyavg,0.20699815937878996,-0.6343511721717108,0.5622199241640814,18.256666666666668,v1
PS_qb0of3__FCF_P_qb2of3__C14_EPS_DYN_ytdavg_gt_lyavg__v1,PS_qb0of3__FCF_P_qb2of3,C14_EPS_DYN_ytdavg_gt_lyavg,0.20698658315681095,-0.5250055464658828,0.5654606490115629,41.52333333333333,v1
P_IC_qb1of3__NETDEBT_EBITDA_qb0of3__C18_FCF_P_DYN_qmax8__v0,P_IC_qb1of3__NETDEBT_EBITDA_qb0of3,C18_FCF_P_DYN_qmax8,0.20690445978335448,-0.5335832976521997,0.5653082549634274,140.30769230769232,v0
PB_qb0of3__REV_G_qb0of3__C18_FCF_P_DYN_qmax8__v1,PB_qb0of3__REV_G_qb0of3,C18_FCF_P_DYN_qmax8,0.206885671730769,-0.66001602035736,0.5629001557362866,50.22115384615385,v1
P_IC_qb0of3__REV_G_qb0of3__C20_FCF_P_DYN_ytdavg_gt_lyytdavg__v0,P_IC_qb0of3__REV_G_qb0of3,C20_FCF_P_DYN_ytdavg_gt_lyytdavg,0.2068367839989278,-0.7094143132981219,0.5815504306751875,105.46153846153847,v0
PB_qb0of3__None__C4_ROE_DYN_qmax8__v1,PB_qb0of3__None,C4_ROE_DYN_qmax8,0.20683345010262677,-0.6058645768056875,0.5747405423501841,125.42307692307692,v1
P_IC_qb0of3__FCF_P_qb0of3__C11_EPS_DYN_qmax8__v1,P_IC_qb0of3__FCF_P_qb0of3,C11_EPS_DYN_qmax8,0.206796902112375,-0.7174834862451349,0.5721608832807571,37.57051282051282,v1
P_IC_qb0of3__FCF_OI_qb1of3__C17_FCF_P_DYN_qmax4__v0,P_IC_qb0of3__FCF_OI_qb1of3,C17_FCF_P_DYN_qmax4,0.2066431932563959,-0.6235270898081833,0.5756815231501514,151.20192307692307,v0
PS_qb0of3__ACCRUAL_qb0of3__C13_EPS_DYN_ytdavg_gt_lyytdavg__v1,PS_qb0of3__ACCRUAL_qb0of3,C13_EPS_DYN_ytdavg_gt_lyytdavg,0.20659398974088594,-0.5756750112675524,0.550188679245283,27.44561403508772,v1
P_IC_qb0of3__DEBTRATIO_qb2of3__C14_EPS_DYN_ytdavg_gt_lyavg__v1,P_IC_qb0of3__DEBTRATIO_qb2of3,C14_EPS_DYN_ytdavg_gt_lyavg,0.20655527113097105,-0.6630948846649047,0.5846541786743515,27.503333333333334,v1
P_IC_qb0of3__CROIC_qb2of3__C13_EPS_DYN_ytdavg_gt_lyytdavg__v1,P_IC_qb0of3__CROIC_qb2of3,C13_EPS_DYN_ytdavg_gt_lyytdavg,0.20653903718245825,-0.6564857642131365,0.5597345132743363,12.178947368421053,v1
EV_S_qb0of3__None__C13_EPS_DYN_ytdavg_gt_lyytdavg__v0,EV_S_qb0of3__None,C13_EPS_DYN_ytdavg_gt_lyytdavg,0.20650170920396715,-0.5524425623896503,0.5820362134688691,321.30526315789473,v0
P_IC_qb0of3__NETDEBT_EBITDA_qb0of3__C13_EPS_DYN_ytdavg_gt_lyytdavg__v0,P_IC_qb0of3__NETDEBT_EBITDA_qb0of3,C13_EPS_DYN_ytdavg_gt_lyytdavg,0.2064776299742037,-0.5295828712759807,0.5983949755757153,61.31578947368421,v0
P_IC_qb0of3__FCF_P_qb0of3__C18_FCF_P_DYN_qmax8__v1,P_IC_qb0of3__FCF_P_qb0of3,C18_FCF_P_DYN_qmax8,0.20640037353606844,-0.7202263334797055,0.5671701112877583,36.80769230769231,v1
FCF_P_qb0of3__MOM_qb2of3__C13_EPS_DYN_ytdavg_gt_lyytdavg__v0,FCF_P_qb0of3__MOM_qb2of3,C13_EPS_DYN_ytdavg_gt_lyytdavg,0.206356400431561,-0.4871905907859826,0.5115671977675759,96.2701754385965,v0
PS_qb0of3__ROE_qb2of3__C3_ROE_DYN_qmax4__v1,PS_qb0of3__ROE_qb2of3,C3_ROE_DYN_qmax4,0.20629746469278243,-0.5518338351111824,0.570811170212766,52.05448717948718,v1
EV_S_qb0of3__FCF_P_qb2of3__C14_EPS_DYN_ytdavg_gt_lyavg__v1,EV_S_qb0of3__FCF_P_qb2of3,C14_EPS_DYN_ytdavg_gt_lyavg,0.20621025541992455,-0.5508750775773892,0.5615216599927193,42.45,v1
EV_S_qb0of3__DEBTRATIO_qb2of3__C6_ROE_DYN_ytdavg_gt_lyytdavg__v1,EV_S_qb0of3__DEBTRATIO_qb2of3,C6_ROE_DYN_ytdavg_gt_lyytdavg,0.20616378331602392,-0.8003449044698034,0.5564142194744977,18.912587412587413,v1
P_IC_qb0of3__FCF_OI_qb1of3__C4_ROE_DYN_qmax8__v0,P_IC_qb0of3__FCF_OI_qb1of3,C4_ROE_DYN_qmax8,0.20613254217883825,-0.6269693372708578,0.5716096324461344,148.2948717948718,v0
MOM_qb2of3__DEBTRATIO_qb2of3__C18_FCF_P_DYN_qmax8__v1,MOM_qb2of3__DEBTRATIO_qb2of3,C18_FCF_P_DYN_qmax8,0.2061231338095153,-0.5822237949250955,0.5623839009287925,42.92628205128205,v1
P_IC_qb0of3__PB_qb0of3__C20_FCF_P_DYN_ytdavg_gt_lyytdavg__v1,P_IC_qb0of3__PB_qb0of3,C20_FCF_P_DYN_ytdavg_gt_lyytdavg,0.20605306252642697,-0.6484801894107777,0.577819392426134,46.34965034965035,v1
FCF_P_qb0of3__MOM_qb0of3__C14_EPS_DYN_ytdavg_gt_lyavg__v0,FCF_P_qb0of3__MOM_qb0of3,C14_EPS_DYN_ytdavg_gt_lyavg,0.20599005324350905,-0.6361989793717345,0.5407611029980243,111.03333333333333,v0
P_IC_qb0of3__NETDEBT_EBITDA_qb1of3__C4_ROE_DYN_qmax8__v0,P_IC_qb0of3__NETDEBT_EBITDA_qb1of3,C4_ROE_DYN_qmax8,0.20593058315390156,-0.6036091175282883,0.5824053452115813,137.60576923076923,v0
PS_qb0of3__ROE_qb2of3__None__v1,PS_qb0of3__ROE_qb2of3,None,0.20583782222859037,-0.5492035186253604,0.5727554179566563,53.17307692307692,v1
P_IC_qb0of3__ROIC_qb2of3__C6_ROE_DYN_ytdavg_gt_lyytdavg__v0,P_IC_qb0of3__ROIC_qb2of3,C6_ROE_DYN_ytdavg_gt_lyytdavg,0.20579824409728253,-0.6733785308299125,0.5399151561897416,26.59090909090909,v0
P_IC_qb0of3__FCF_OI_qb1of3__C3_ROE_DYN_qmax4__v0,P_IC_qb0of3__FCF_OI_qb1of3,C3_ROE_DYN_qmax4,0.2056904401717412,-0.6260332496230498,0.5759067357512954,150.88141025641025,v0
P_IC_qb0of3__FCF_P_qb0of3__C4_ROE_DYN_qmax8__v1,P_IC_qb0of3__FCF_P_qb0of3,C4_ROE_DYN_qmax8,0.20563926815245193,-0.7189805021859121,0.5719339622641509,37.43910256410256,v1
PB_qb0of3__REV_G_qb0of3__C11_EPS_DYN_qmax8__v1,PB_qb0of3__REV_G_qb0of3,C11_EPS_DYN_qmax8,0.20556036348069706,-0.6666213473577643,0.5610515392597717,49.98076923076923,v1
PS_qb0of3__ROE_qb2of3__C4_ROE_DYN_qmax8__v1,PS_qb0of3__ROE_qb2of3,C4_ROE_DYN_qmax8,0.20554955833710808,-0.549792323836136,0.570871894788115,51.21474358974359,v1
PS_qb0of3__FCF_OI_qb2of3__C3_ROE_DYN_qmax4__v1,PS_qb0of3__FCF_OI_qb2of3,C3_ROE_DYN_qmax4,0.20552394158142362,-0.5822553374604471,0.5657894736842105,22.291666666666668,v1
EV_S_qb0of3__MOM_qb0of3__C13_EPS_DYN_ytdavg_gt_lyytdavg__v1,EV_S_qb0of3__MOM_qb0of3,C13_EPS_DYN_ytdavg_gt_lyytdavg,0.20543097291386792,-0.6280722531054796,0.5744851564589463,23.943859649122807,v1
P_IC_qb0of3__FCF_P_qb0of3__C3_ROE_DYN_qmax4__v1,P_IC_qb0of3__FCF_P_qb0of3,C3_ROE_DYN_qmax4,0.20541061760178958,-0.7124736507091741,0.5718780727630285,38.06410256410256,v1
MOM_qb2of3__DEBTRATIO_qb2of3__C14_EPS_DYN_ytdavg_gt_lyavg__v1,MOM_qb2of3__DEBTRATIO_qb2of3,C14_EPS_DYN_ytdavg_gt_lyavg,0.20539772843942727,-0.570678594687422,0.5620210727969349,27.333333333333332,v1
EV_S_qb0of3__None__C20_FCF_P_DYN_ytdavg_gt_lyytdavg__v0,EV_S_qb0of3__None,C20_FCF_P_DYN_ytdavg_gt_lyytdavg,0.20539121451974385,-0.5922187878219853,0.5873594170758751,278.0804195804196,v0
PB_qb0of3__REV_G_qb0of3__C17_FCF_P_DYN_qmax4__v1,PB_qb0of3__REV_G_qb0of3,C17_FCF_P_DYN_qmax4,0.2053360505343822,-0.6625459462705261,0.5635445682451253,50.93269230769231,v1
P_IC_qb0of3__FCF_OI_qb1of3__C10_EPS_DYN_qmax4__v0,P_IC_qb0of3__FCF_OI_qb1of3,C10_EPS_DYN_qmax4,0.20529060417575695,-0.6260484277506357,0.5751990308065075,151.19230769230768,v0
P_IC_qb0of3__NETDEBT_EBITDA_qb1of3__None__v0,P_IC_qb0of3__NETDEBT_EBITDA_qb1of3,None,0.20528280555490386,-0.6004298864481654,0.5927784974093264,148.66666666666666,v0
EV_S_qb0of3__MOM_qb2of3__C20_FCF_P_DYN_ytdavg_gt_lyytdavg__v0,EV_S_qb0of3__MOM_qb2of3,C20_FCF_P_DYN_ytdavg_gt_lyytdavg,0.20527864638765814,-0.6022401624587752,0.5372034507548527,106.53146853146853,v0
EV_S_qb0of3__DEBTRATIO_qb0of3__C20_FCF_P_DYN_ytdavg_gt_lyytdavg__v0,EV_S_qb0of3__DEBTRATIO_qb0of3,C20_FCF_P_DYN_ytdavg_gt_lyytdavg,0.20524893518935983,-0.5206403926804417,0.591684434968017,90.20979020979021,v0
PS_qb0of3__ROE_qb2of3__C10_EPS_DYN_qmax4__v1,PS_qb0of3__ROE_qb2of3,C10_EPS_DYN_qmax4,0.20518765282347928,-0.5559083404144599,0.5721701272605493,52.17628205128205,v1
EV_S_qb0of3__None__C7_ROE_DYN_ytdavg_gt_lyavg__v1,EV_S_qb0of3__None,C7_ROE_DYN_ytdavg_gt_lyavg,0.20516980954161834,-0.587712988559304,0.570837927232635,74.01333333333334,v1
P_IC_qb0of3__FCF_OI_qb1of3__C11_EPS_DYN_qmax8__v0,P_IC_qb0of3__FCF_OI_qb1of3,C11_EPS_DYN_qmax8,0.2051606018564367,-0.6289901148335361,0.5713801000933073,148.80128205128204,v0
PB_qb0of3__REV_G_qb0of3__C4_ROE_DYN_qmax8__v1,PB_qb0of3__REV_G_qb0of3,C4_ROE_DYN_qmax8,0.20507402308457223,-0.6670323306109383,0.562198483804273,49.89102564102564,v1
EV_S_qb0of3__FCF_OI_qb0of3__C6_ROE_DYN_ytdavg_gt_lyytdavg__v1,EV_S_qb0of3__FCF_OI_qb0of3,C6_ROE_DYN_ytdavg_gt_lyytdavg,0.20503221554483986,-0.7563386706129551,0.5550239234449761,21.157342657342657,v1
PB_qb0of3__CROIC_qb2of3__C7_ROE_DYN_ytdavg_gt_lyavg__v1,PB_qb0of3__CROIC_qb2of3,C7_ROE_DYN_ytdavg_gt_lyavg,0.2049191656465701,-0.6005017298214055,0.5776930409914204,14.51,v1
P_IC_qb0of3__NETDEBT_EBITDA_qb1of3__C3_ROE_DYN_qmax4__v0,P_IC_qb0of3__NETDEBT_EBITDA_qb1of3,C3_ROE_DYN_qmax4,0.20490917038771017,-0.6047664435215072,0.5851457316171031,139.62820512820514,v0
PS_qb0of3__MOM_qb0of3__C13_EPS_DYN_ytdavg_gt_lyytdavg__v1,PS_qb0of3__MOM_qb0of3,C13_EPS_DYN_ytdavg_gt_lyytdavg,0.20490447945958934,-0.6191745290746347,0.5714673176023868,23.705263157894738,v1
P_IC_qb0of3__FCF_OI_qb1of3__None__v0,P_IC_qb0of3__FCF_OI_qb1of3,None,0.20490411666188146,-0.6182742547281935,0.5782507137295614,160.90384615384616,v0
ROIC_qb0of3__MOM_qb0of3__C7_ROE_DYN_ytdavg_gt_lyavg__v0,ROIC_qb0of3__MOM_qb0of3,C7_ROE_DYN_ytdavg_gt_lyavg,0.2048723829989363,-0.6386927682160886,0.5325987144168962,85.81333333333333,v0
P_IC_qb0of3__FCF_P_qb0of3__C10_EPS_DYN_qmax4__v1,P_IC_qb0of3__FCF_P_qb0of3,C10_EPS_DYN_qmax4,0.20487063567789154,-0.7138677318766804,0.5723282818342846,38.16025641025641,v1
PB_qb0of3__REV_G_qb0of3__C10_EPS_DYN_qmax4__v1,PB_qb0of3__REV_G_qb0of3,C10_EPS_DYN_qmax4,0.20457650832110752,-0.6581793698712635,0.5641338445451377,50.76923076923077,v1
MOM_qb2of3__DEBTRATIO_qb2of3__C17_FCF_P_DYN_qmax4__v1,MOM_qb2of3__DEBTRATIO_qb2of3,C17_FCF_P_DYN_qmax4,0.20416512972279754,-0.5827527690479282,0.5600184672206833,43.63461538461539,v1
PB_qb0of3__REV_G_qb0of3__C3_ROE_DYN_qmax4__v1,PB_qb0of3__REV_G_qb0of3,C3_ROE_DYN_qmax4,0.20416018196592778,-0.6590004632800941,0.5647488266991135,50.72115384615385,v1
P_IC_qb0of3__None__C13_EPS_DYN_ytdavg_gt_lyytdavg__v0,P_IC_qb0of3__None,C13_EPS_DYN_ytdavg_gt_lyytdavg,0.20413243197478081,-0.5501467970548286,0.6079098067287043,309.4561403508772,v0
P_IC_qb0of3__FCF_OI_qb1of3__C7_ROE_DYN_ytdavg_gt_lyavg__v0,P_IC_qb0of3__FCF_OI_qb1of3,C7_ROE_DYN_ytdavg_gt_lyavg,0.2040544419067274,-0.6202551381745544,0.5755598398339018,73.71,v0
MOM_qb0of3__NETDEBT_EBITDA_qb2of3__C14_EPS_DYN_ytdavg_gt_lyavg__v0,MOM_qb0of3__NETDEBT_EBITDA_qb2of3,C14_EPS_DYN_ytdavg_gt_lyavg,0.20403790492684837,-0.5931008713562378,0.5806451612903226,86.20333333333333,v0
MOM_qb2of3__DEBTRATIO_qb2of3__C20_FCF_P_DYN_ytdavg_gt_lyytdavg__v1,MOM_qb2of3__DEBTRATIO_qb2of3,C20_FCF_P_DYN_ytdavg_gt_lyytdavg,0.2039604464913718,-0.6027679190453,0.5634276113133576,23.646853146853147,v1
EV_S_qb1of3__None__C9_EPS_DYN_riseq2__v0,EV_S_qb1of3__None,C9_EPS_DYN_riseq2,0.2039487914321263,-0.49144999584543336,0.5728255275347401,13.506944444444445,v0
PS_qb0of3__REV_G_qb0of3__C13_EPS_DYN_ytdavg_gt_lyytdavg__v1,PS_qb0of3__REV_G_qb0of3,C13_EPS_DYN_ytdavg_gt_lyytdavg,0.2038438811789378,-0.6389357208909691,0.5383791503034631,22.25964912280702,v1
PB_qb0of3__FCF_P_qb0of3__None__v1,PB_qb0of3__FCF_P_qb0of3,None,0.2037938688130161,-0.6740714660247238,0.5510398778858996,41.08653846153846,v1
MOM_qb2of3__FCF_OI_qb0of3__C13_EPS_DYN_ytdavg_gt_lyytdavg__v0,MOM_qb2of3__FCF_OI_qb0of3,C13_EPS_DYN_ytdavg_gt_lyytdavg,0.20379117288238335,-0.48443235447826416,0.5203778677462888,95.89122807017544,v0
P_IC_qb0of3__CROIC_qb0of3__None__v1,P_IC_qb0of3__CROIC_qb0of3,None,0.20368731406773555,-0.7134465922700985,0.5768408781814649,39.07371794871795,v1
EV_S_qb0of3__FCF_P_qb2of3__C13_EPS_DYN_ytdavg_gt_lyytdavg__v0,EV_S_qb0of3__FCF_P_qb2of3,C13_EPS_DYN_ytdavg_gt_lyytdavg,0.20367210120396106,-0.5572891887648347,0.5658215504631887,151.16842105263157,v0
EV_S_qb0of3__MOM_qb0of3__C14_EPS_DYN_ytdavg_gt_lyavg__v1,EV_S_qb0of3__MOM_qb0of3,C14_EPS_DYN_ytdavg_gt_lyavg,0.20357069667128513,-0.6864478862102036,0.5749083289680461,24.563333333333333,v1
PS_qb0of3__ROE_qb2of3__C11_EPS_DYN_qmax8__v1,PS_qb0of3__ROE_qb2of3,C11_EPS_DYN_qmax8,0.2035367801026995,-0.5539518853463365,0.5725779967159278,51.44551282051282,v1
PS_qb0of3__ACCRUAL_qb0of3__C7_ROE_DYN_ytdavg_gt_lyavg__v1,PS_qb0of3__ACCRUAL_qb0of3,C7_ROE_DYN_ytdavg_gt_lyavg,0.20339535065776082,-0.6925261341292764,0.5599669148056244,24.656666666666666,v1
P_IC_qb0of3__OCF_E_qb0of3__C20_FCF_P_DYN_ytdavg_gt_lyytdavg__v0,P_IC_qb0of3__OCF_E_qb0of3,C20_FCF_P_DYN_ytdavg_gt_lyytdavg,0.20326720462549308,-0.6490343720015426,0.570358858434586,67.1923076923077,v0
MOM_qb2of3__DEBTRATIO_qb2of3__None__v1,MOM_qb2of3__DEBTRATIO_qb2of3,None,0.20324193132970247,-0.5771685973065199,0.5593246354566386,44.92628205128205,v1
MOM_qb2of3__None__C5_ROE_DYN_yoy__v0,MOM_qb2of3__None,C5_ROE_DYN_yoy,0.2031325558654622,-0.5206036945716299,0.5506751513270216,21.31023102310231,v0
PS_qb0of3__FCF_OI_qb2of3__C14_EPS_DYN_ytdavg_gt_lyavg__v1,PS_qb0of3__FCF_OI_qb2of3,C14_EPS_DYN_ytdavg_gt_lyavg,0.2031303363097361,-0.5577784835157272,0.5661904761904762,14.003333333333334,v1
PS_qb0of3__FCF_OI_qb2of3__C4_ROE_DYN_qmax8__v1,PS_qb0of3__FCF_OI_qb2of3,C4_ROE_DYN_qmax8,0.20310549096585762,-0.587031157699794,0.5636200716845878,21.884615384615383,v1
EV_S_qb0of3__MOM_qb2of3__C13_EPS_DYN_ytdavg_gt_lyytdavg__v0,EV_S_qb0of3__MOM_qb2of3,C13_EPS_DYN_ytdavg_gt_lyytdavg,0.20307901635304781,-0.5689166530078108,0.5325150382051699,125.47719298245615,v0
PS_qb0of3__REV_G_qb0of3__C6_ROE_DYN_ytdavg_gt_lyytdavg__v1,PS_qb0of3__REV_G_qb0of3,C6_ROE_DYN_ytdavg_gt_lyytdavg,0.20306105615757986,-0.7360255178520039,0.5382755842062853,19.77972027972028,v1
PS_qb0of3__OCF_E_qb2of3__C20_FCF_P_DYN_ytdavg_gt_lyytdavg__v1,PS_qb0of3__OCF_E_qb2of3,C20_FCF_P_DYN_ytdavg_gt_lyytdavg,0.20303735101030873,-0.5608989885561013,0.5680995475113122,33.35664335664335,v1
EV_S_qb0of3__FCF_OI_qb2of3__C3_ROE_DYN_qmax4__v1,EV_S_qb0of3__FCF_OI_qb2of3,C3_ROE_DYN_qmax4,0.20297089373560007,-0.543750610425591,0.5650811734548562,24.153846153846153,v1
P_IC_qb0of3__CROIC_qb0of3__C17_FCF_P_DYN_qmax4__v1,P_IC_qb0of3__CROIC_qb0of3,C17_FCF_P_DYN_qmax4,0.20293522836765687,-0.7152445605800098,0.570199452483379,37.55128205128205,v1
PB_qb0of3__FCF_P_qb0of3__C4_ROE_DYN_qmax8__v1,PB_qb0of3__FCF_P_qb0of3,C4_ROE_DYN_qmax8,0.20288592970989439,-0.6754073913775975,0.5480182926829268,39.60897435897436,v1
P_IC_qb0of3__PB_qb0of3__C19_FCF_P_DYN_yoy__v0,P_IC_qb0of3__PB_qb0of3,C19_FCF_P_DYN_yoy,0.20286199652079673,-0.7186043807745397,0.5627019089574156,13.166023166023166,v0
PB_qb0of3__FCF_P_qb0of3__C11_EPS_DYN_qmax8__v1,PB_qb0of3__FCF_P_qb0of3,C11_EPS_DYN_qmax8,0.2028074555060826,-0.6808868179279073,0.5467914438502673,39.705128205128204,v1
P_IC_qb0of3__OCF_E_qb0of3__C20_FCF_P_DYN_ytdavg_gt_lyytdavg__v1,P_IC_qb0of3__OCF_E_qb0of3,C20_FCF_P_DYN_ytdavg_gt_lyytdavg,0.2027319256383011,-0.6315594939152707,0.5649193548387097,16.034965034965033,v1
PB_qb0of3__CROIC_qb0of3__None__v1,PB_qb0of3__CROIC_qb0of3,None,0.20267053286186143,-0.669958278201653,0.5559526048523603,41.21474358974359,v1
PB_qb0of3__FCF_P_qb0of3__C18_FCF_P_DYN_qmax8__v1,PB_qb0of3__FCF_P_qb0of3,C18_FCF_P_DYN_qmax8,0.20263409733792037,-0.6791455383524259,0.5466640956421134,38.94551282051282,v1
EV_S_qb0of3__OCF_E_qb0of3__C7_ROE_DYN_ytdavg_gt_lyavg__v1,EV_S_qb0of3__OCF_E_qb0of3,C7_ROE_DYN_ytdavg_gt_lyavg,0.2026181392334685,-0.6088799026142115,0.5489802741558008,19.736666666666668,v1
EV_S_qb0of3__FCF_P_qb0of3__C6_ROE_DYN_ytdavg_gt_lyytdavg__v1,EV_S_qb0of3__FCF_P_qb0of3,C6_ROE_DYN_ytdavg_gt_lyytdavg,0.202610858078214,-0.7873424547589956,0.5526225574220089,19.96853146853147,v1
PB_qb0of3__ROIC_qb0of3__C13_EPS_DYN_ytdavg_gt_lyytdavg__v1,PB_qb0of3__ROIC_qb0of3,C13_EPS_DYN_ytdavg_gt_lyytdavg,0.20257151273316532,-0.5785158717884222,0.5504354136429608,23.094736842105263,v1
PB_qb0of3__OCF_E_qb2of3__C13_EPS_DYN_ytdavg_gt_lyytdavg__v1,PB_qb0of3__OCF_E_qb2of3,C13_EPS_DYN_ytdavg_gt_lyytdavg,0.2025438664711161,-0.67752121379316,0.5657841140529531,17.16140350877193,v1
EV_S_qb0of3__None__C19_FCF_P_DYN_yoy__v0,EV_S_qb0of3__None,C19_FCF_P_DYN_yoy,0.20242595854254608,-0.531266178053994,0.5600193610842207,20.165584415584416,v0
ACCRUAL_qb0of3__MOM_qb0of3__C13_EPS_DYN_ytdavg_gt_lyytdavg__v0,ACCRUAL_qb0of3__MOM_qb0of3,C13_EPS_DYN_ytdavg_gt_lyytdavg,0.2022452857954009,-0.5444113114056908,0.5464005458887752,97.48070175438596,v0
MOM_qb2of3__DEBTRATIO_qb2of3__C10_EPS_DYN_qmax4__v1,MOM_qb2of3__DEBTRATIO_qb2of3,C10_EPS_DYN_qmax4,0.2022445060499527,-0.5926976752062634,0.5610887720383545,43.61538461538461,v1
P_IC_qb0of3__CROIC_qb0of3__C11_EPS_DYN_qmax8__v1,P_IC_qb0of3__CROIC_qb0of3,C11_EPS_DYN_qmax8,0.20205486431169195,-0.7190941753443476,0.5729855975087583,37.53846153846154,v1
FCF_P_qb0of3__MOM_qb2of3__C14_EPS_DYN_ytdavg_gt_lyavg__v1,FCF_P_qb0of3__MOM_qb2of3,C14_EPS_DYN_ytdavg_gt_lyavg,0.2020441828643902,-0.5361130912359267,0.5403181568842568,21.87,v1
PB_qb0of3__FCF_P_qb0of3__C3_ROE_DYN_qmax4__v1,PB_qb0of3__FCF_P_qb0of3,C3_ROE_DYN_qmax4,0.20192232914730646,-0.6714601203348929,0.548675938273957,40.17948717948718,v1
CROIC_qb0of3__MOM_qb2of3__C13_EPS_DYN_ytdavg_gt_lyytdavg__v0,CROIC_qb0of3__MOM_qb2of3,C13_EPS_DYN_ytdavg_gt_lyytdavg,0.20191438559707486,-0.48027350075090813,0.5171786947827668,95.75087719298246,v0
PB_qb0of3__CROIC_qb0of3__C11_EPS_DYN_qmax8__v1,PB_qb0of3__CROIC_qb0of3,C11_EPS_DYN_qmax8,0.2016981167946288,-0.6761656870100933,0.5521148036253777,39.80769230769231,v1
P_IC_qb1of3__NETDEBT_EBITDA_qb0of3__C3_ROE_DYN_qmax4__v1,P_IC_qb1of3__NETDEBT_EBITDA_qb0of3,C3_ROE_DYN_qmax4,0.20161656703890452,-0.5248945738744034,0.5507286995515696,33.67628205128205,v1
P_IC_qb0of3__MOM_qb2of3__C6_ROE_DYN_ytdavg_gt_lyytdavg__v0,P_IC_qb0of3__MOM_qb2of3,C6_ROE_DYN_ytdavg_gt_lyytdavg,0.20159762111339452,-0.590999399257487,0.5464005096623487,89.49300699300699,v0
P_IC_qb0of3__DEBTRATIO_qb2of3__C10_EPS_DYN_qmax4__v1,P_IC_qb0of3__DEBTRATIO_qb2of3,C10_EPS_DYN_qmax4,0.20159408002371082,-0.7118770522347545,0.5856127503769115,50.493589743589745,v1
FCF_P_qb0of3__MOM_qb2of3__C7_ROE_DYN_ytdavg_gt_lyavg__v0,FCF_P_qb0of3__MOM_qb2of3,C7_ROE_DYN_ytdavg_gt_lyavg,0.20144107716060633,-0.5066618556022401,0.5185066324347454,82.16333333333333,v0
P_IC_qb0of3__NETDEBT_EBITDA_qb0of3__C20_FCF_P_DYN_ytdavg_gt_lyytdavg__v1,P_IC_qb0of3__NETDEBT_EBITDA_qb0of3,C20_FCF_P_DYN_ytdavg_gt_lyytdavg,0.20143377994598977,-0.6311040045172227,0.5779269202087994,12.109154929577464,v1
PS_qb0of3__FCF_P_qb2of3__C19_FCF_P_DYN_yoy__v0,PS_qb0of3__FCF_P_qb2of3,C19_FCF_P_DYN_yoy,0.20140427750381518,-0.5409120849327693,0.5669988925802879,14.993377483443709,v0
P_IC_qb0of3__OCF_E_qb0of3__C7_ROE_DYN_ytdavg_gt_lyavg__v1,P_IC_qb0of3__OCF_E_qb0of3,C7_ROE_DYN_ytdavg_gt_lyavg,0.2014031614378986,-0.6491283744338152,0.5734091717028084,19.336666666666666,v1
EV_S_qb0of3__OCF_E_qb2of3__C6_ROE_DYN_ytdavg_gt_lyytdavg__v0,EV_S_qb0of3__OCF_E_qb2of3,C6_ROE_DYN_ytdavg_gt_lyytdavg,0.2013964875466534,-0.5382523931498223,0.5619099294628324,111.08041958041959,v0
MOM_qb2of3__DEBTRATIO_qb2of3__C11_EPS_DYN_qmax8__v1,MOM_qb2of3__DEBTRATIO_qb2of3,C11_EPS_DYN_qmax8,0.20139576567795348,-0.6034379720292418,0.5630539573938734,42.87820512820513,v1
P_IC_qb1of3__NETDEBT_EBITDA_qb0of3__None__v1,P_IC_qb1of3__NETDEBT_EBITDA_qb0of3,None,0.20139485047070882,-0.5285247891713343,0.5538506079907354,34.6025641025641,v1
VOL_qb2of3__P_IC_qb1of3__C4_ROE_DYN_qmax8__v1,VOL_qb2of3__P_IC_qb1of3,C4_ROE_DYN_qmax8,0.20127166277303665,-0.5991775916974085,0.5244661921708185,33.919871794871796,v1
MOM_qb0of3__ROE_qb2of3__C14_EPS_DYN_ytdavg_gt_lyavg__v0,MOM_qb0of3__ROE_qb2of3,C14_EPS_DYN_ytdavg_gt_lyavg,0.20123602494243875,-0.5593281890769007,0.5785377163202782,114.49,v0
EV_S_qb0of3__FCF_OI_qb2of3__C10_EPS_DYN_qmax4__v1,EV_S_qb0of3__FCF_OI_qb2of3,C10_EPS_DYN_qmax4,0.20123530960201252,-0.5392663877367352,0.5656508117345486,24.224358974358974,v1
EV_S_qb0of3__None__C6_ROE_DYN_ytdavg_gt_lyytdavg__v0,EV_S_qb0of3__None,C6_ROE_DYN_ytdavg_gt_lyytdavg,0.2011036421906418,-0.5636000022083973,0.585401327152077,274.25524475524475,v0
P_IC_qb1of3__NETDEBT_EBITDA_qb0of3__C10_EPS_DYN_qmax4__v1,P_IC_qb1of3__NETDEBT_EBITDA_qb0of3,C10_EPS_DYN_qmax4,0.20110178408586044,-0.525469592409633,0.5495925821860073,33.756410256410255,v1
P_IC_qb0of3__CROIC_qb0of3__C18_FCF_P_DYN_qmax8__v1,P_IC_qb0of3__CROIC_qb0of3,C18_FCF_P_DYN_qmax8,0.20109830061263678,-0.7212318755292326,0.5691009030231645,36.74038461538461,v1
REVENUE_qb0of3__P_IC_qb1of3__C20_FCF_P_DYN_ytdavg_gt_lyytdavg__v1,REVENUE_qb0of3__P_IC_qb1of3,C20_FCF_P_DYN_ytdavg_gt_lyytdavg,0.20106556561050626,-0.555869402810465,0.5369170984455959,13.741258741258742,v1
EV_S_qb0of3__NETDEBT_EBITDA_qb0of3__C7_ROE_DYN_ytdavg_gt_lyavg__v1,EV_S_qb0of3__NETDEBT_EBITDA_qb0of3,C7_ROE_DYN_ytdavg_gt_lyavg,0.20102328376789913,-0.5739182916541347,0.5698401667824878,27.35,v1
PB_qb0of3__CROIC_qb0of3__C18_FCF_P_DYN_qmax8__v1,PB_qb0of3__CROIC_qb0of3,C18_FCF_P_DYN_qmax8,0.20093513175971678,-0.6740339783851375,0.5520198170731707,39.032051282051285,v1
PS_qb0of3__FCF_OI_qb0of3__C20_FCF_P_DYN_ytdavg_gt_lyytdavg__v0,PS_qb0of3__FCF_OI_qb0of3,C20_FCF_P_DYN_ytdavg_gt_lyytdavg,0.20090896640968237,-0.5936217997539357,0.5563540090771558,74.17482517482517,v0
P_IC_qb0of3__None__C7_ROE_DYN_ytdavg_gt_lyavg__v1,P_IC_qb0of3__None,C7_ROE_DYN_ytdavg_gt_lyavg,0.20089407471717524,-0.5707701533120484,0.5814628187509543,69.63,v1
ACCRUAL_qb0of3__MOM_qb0of3__C20_FCF_P_DYN_ytdavg_gt_lyytdavg__v0,ACCRUAL_qb0of3__MOM_qb0of3,C20_FCF_P_DYN_ytdavg_gt_lyytdavg,0.2008430056561481,-0.6201450078430681,0.5475608728620777,100.25174825174825,v0
P_IC_qb1of3__DEBTRATIO_qb0of3__C14_EPS_DYN_ytdavg_gt_lyavg__v1,P_IC_qb1of3__DEBTRATIO_qb0of3,C14_EPS_DYN_ytdavg_gt_lyavg,0.2008235663316087,-0.5376582636688945,0.5510086455331412,15.906666666666666,v1
PS_qb0of3__DEBTRATIO_qb2of3__C13_EPS_DYN_ytdavg_gt_lyytdavg__v1,PS_qb0of3__DEBTRATIO_qb2of3,C13_EPS_DYN_ytdavg_gt_lyytdavg,0.20081921280603132,-0.6122594822920497,0.5689655172413793,31.021052631578947,v1
P_IC_qb0of3__CROIC_qb0of3__C10_EPS_DYN_qmax4__v1,P_IC_qb0of3__CROIC_qb0of3,C10_EPS_DYN_qmax4,0.20077090522427232,-0.7164368088442388,0.5740920567100408,38.118589743589745,v1
P_IC_qb1of3__NETDEBT_EBITDA_qb0of3__C13_EPS_DYN_ytdavg_gt_lyytdavg__v0,P_IC_qb1of3__NETDEBT_EBITDA_qb0of3,C13_EPS_DYN_ytdavg_gt_lyytdavg,0.200712686081425,-0.5033511404101896,0.5535481062255115,81.36140350877193,v0
EV_S_qb0of3__FCF_OI_qb2of3__None__v1,EV_S_qb0of3__FCF_OI_qb2of3,None,0.20062021644343564,-0.5558343405662776,0.5694915254237288,25.05448717948718,v1
MOM_qb0of3__DEBTRATIO_qb2of3__C14_EPS_DYN_ytdavg_gt_lyavg__v0,MOM_qb0of3__DEBTRATIO_qb2of3,C14_EPS_DYN_ytdavg_gt_lyavg,0.2006197587278078,-0.5646159112435305,0.5886043922679891,98.37,v0
VOL_qb2of3__P_IC_qb1of3__C3_ROE_DYN_qmax4__v1,VOL_qb2of3__P_IC_qb1of3,C3_ROE_DYN_qmax4,0.20057992534966873,-0.5892000620660127,0.5261756876663709,34.42628205128205,v1
P_IC_qb1of3__NETDEBT_EBITDA_qb0of3__C4_ROE_DYN_qmax8__v1,P_IC_qb1of3__NETDEBT_EBITDA_qb0of3,C4_ROE_DYN_qmax8,0.20021448425048027,-0.5243780933093618,0.5462068965517242,33.11538461538461,v1
P_IC_qb0of3__DEBTRATIO_qb2of3__C3_ROE_DYN_qmax4__v1,P_IC_qb0of3__DEBTRATIO_qb2of3,C3_ROE_DYN_qmax4,0.20010324400743262,-0.7136948971913225,0.5844239433597941,50.35897435897436,v1
PB_qb0of3__FCF_P_qb0of3__C17_FCF_P_DYN_qmax4__v1,PB_qb0of3__FCF_P_qb0of3,C17_FCF_P_DYN_qmax4,0.20009467864874253,-0.6768330358570633,0.5478927203065134,39.69551282051282,v1
PB_qb0of3__CROIC_qb0of3__C4_ROE_DYN_qmax8__v1,PB_qb0of3__CROIC_qb0of3,C4_ROE_DYN_qmax8,0.19994891312169583,-0.6706479798267477,0.5523683713908285,39.69230769230769,v1
P_IC_qb0of3__DEBTRATIO_qb2of3__C11_EPS_DYN_qmax8__v1,P_IC_qb0of3__DEBTRATIO_qb2of3,C11_EPS_DYN_qmax8,0.1999044043558631,-0.7177398596393991,0.5844863731656185,49.63461538461539,v1
P_IC_qb0of3__CROIC_qb0of3__C3_ROE_DYN_qmax4__v1,P_IC_qb0of3__CROIC_qb0of3,C3_ROE_DYN_qmax4,0.19988492346841302,-0.7150300041734774,0.5729267818993979,38.01923076923077,v1
PB_qb0of3__OCF_E_qb2of3__C7_ROE_DYN_ytdavg_gt_lyavg__v1,PB_qb0of3__OCF_E_qb2of3,C7_ROE_DYN_ytdavg_gt_lyavg,0.1998556739288777,-0.5586276084262156,0.5707506471095772,16.013333333333332,v1
PB_qb0of3__NETDEBT_EBITDA_qb0of3__C20_FCF_P_DYN_ytdavg_gt_lyytdavg__v1,PB_qb0of3__NETDEBT_EBITDA_qb0of3,C20_FCF_P_DYN_ytdavg_gt_lyytdavg,0.19985234485514414,-0.516598428599272,0.5621500559910414,15.625874125874127,v1
EV_S_qb0of3__OCF_E_qb2of3__C20_FCF_P_DYN_ytdavg_gt_lyytdavg__v1,EV_S_qb0of3__OCF_E_qb2of3,C20_FCF_P_DYN_ytdavg_gt_lyytdavg,0.19983656847610787,-0.5618196228918773,0.5681132513344164,32.31118881118881,v1
MOM_qb2of3__DEBTRATIO_qb2of3__C7_ROE_DYN_ytdavg_gt_lyavg__v0,MOM_qb2of3__DEBTRATIO_qb2of3,C7_ROE_DYN_ytdavg_gt_lyavg,0.19977137136629763,-0.5677348198970193,0.5495634876781965,91.21333333333334,v0
P_IC_qb0of3__CROIC_qb0of3__C4_ROE_DYN_qmax8__v1,P_IC_qb0of3__CROIC_qb0of3,C4_ROE_DYN_qmax8,0.19966760589763588,-0.7205133875074778,0.5720396655648454,37.3974358974359,v1
PB_qb0of3__FCF_P_qb0of3__C10_EPS_DYN_qmax4__v1,PB_qb0of3__FCF_P_qb0of3,C10_EPS_DYN_qmax4,0.19959215567774558,-0.6765409808469027,0.5478642257818459,40.27564102564103,v1
MOM_qb2of3__DEBTRATIO_qb2of3__C3_ROE_DYN_qmax4__v1,MOM_qb2of3__DEBTRATIO_qb2of3,C3_ROE_DYN_qmax4,0.19951847511989906,-0.6002920090316228,0.5593010669553116,43.43269230769231,v1
P_IC_qb0of3__NETDEBT_EBITDA_qb1of3__C18_FCF_P_DYN_qmax8__v1,P_IC_qb0of3__NETDEBT_EBITDA_qb1of3,C18_FCF_P_DYN_qmax8,0.19947563369166543,-0.6847892266534621,0.5747836835599506,34.68269230769231,v1
PS_qb0of3__FCF_P_qb2of3__C13_EPS_DYN_ytdavg_gt_lyytdavg__v1,PS_qb0of3__FCF_P_qb2of3,C13_EPS_DYN_ytdavg_gt_lyytdavg,0.19944431802882012,-0.5658317855503938,0.5583045646336786,40.1719298245614,v1
MOM_qb2of3__FCF_OI_qb0of3__C14_EPS_DYN_ytdavg_gt_lyavg__v1,MOM_qb2of3__FCF_OI_qb0of3,C14_EPS_DYN_ytdavg_gt_lyavg,0.19939112119860858,-0.531562478220885,0.5476126247639601,22.143333333333334,v1
PS_qb0of3__ROE_qb2of3__C7_ROE_DYN_ytdavg_gt_lyavg__v1,PS_qb0of3__ROE_qb2of3,C7_ROE_DYN_ytdavg_gt_lyavg,0.19938003807497529,-0.6274314132855285,0.5761201629327902,34.443333333333335,v1
MOM_qb2of3__DEBTRATIO_qb2of3__C4_ROE_DYN_qmax8__v1,MOM_qb2of3__DEBTRATIO_qb2of3,C4_ROE_DYN_qmax8,0.1993778096619423,-0.597340466513978,0.5621209765199814,42.580128205128204,v1
PB_qb0of3__None__C20_FCF_P_DYN_ytdavg_gt_lyytdavg__v1,PB_qb0of3__None,C20_FCF_P_DYN_ytdavg_gt_lyytdavg,0.19929085454930018,-0.5999142473796253,0.5732720261050134,65.62937062937063,v1
P_IC_qb1of3__DEBTRATIO_qb0of3__C4_ROE_DYN_qmax8__v1,P_IC_qb1of3__DEBTRATIO_qb0of3,C4_ROE_DYN_qmax8,0.19925361281222775,-0.4923615775439685,0.5407166123778502,25.692307692307693,v1
EV_S_qb0of3__MOM_qb0of3__C7_ROE_DYN_ytdavg_gt_lyavg__v1,EV_S_qb0of3__MOM_qb0of3,C7_ROE_DYN_ytdavg_gt_lyavg,0.19922341217085382,-0.7010756997077346,0.5736040609137056,21.15,v1
EV_S_qb0of3__FCF_OI_qb2of3__C4_ROE_DYN_qmax8__v1,EV_S_qb0of3__FCF_OI_qb2of3,C4_ROE_DYN_qmax8,0.19908869828422016,-0.5501296573275765,0.5637450199203188,23.743589743589745,v1
PB_qb0of3__DEBTRATIO_qb2of3__C6_ROE_DYN_ytdavg_gt_lyytdavg__v1,PB_qb0of3__DEBTRATIO_qb2of3,C6_ROE_DYN_ytdavg_gt_lyytdavg,0.19894931814675032,-0.7374677116288226,0.5706422018348624,21.122377622377623,v1
PB_qb0of3__CROIC_qb0of3__C3_ROE_DYN_qmax4__v1,PB_qb0of3__CROIC_qb0of3,C3_ROE_DYN_qmax4,0.19891956418696521,-0.6680580440248631,0.5530431505558696,40.26923076923077,v1
VOL_qb2of3__P_IC_qb1of3__None__v1,VOL_qb2of3__P_IC_qb1of3,None,0.198879700645763,-0.58723084974373,0.5295681063122923,35.38782051282051,v1
P_IC_qb1of3__DEBTRATIO_qb0of3__C3_ROE_DYN_qmax4__v1,P_IC_qb1of3__DEBTRATIO_qb0of3,C3_ROE_DYN_qmax4,0.1988784649438604,-0.49212028112012396,0.5435897435897435,26.03525641025641,v1
EV_S_qb0of3__REV_G_qb2of3__C6_ROE_DYN_ytdavg_gt_lyytdavg__v1,EV_S_qb0of3__REV_G_qb2of3,C6_ROE_DYN_ytdavg_gt_lyytdavg,0.19881526521691284,-0.7754384484338983,0.5565395095367848,24.706293706293707,v1
P_IC_qb1of3__NETDEBT_EBITDA_qb0of3__C11_EPS_DYN_qmax8__v1,P_IC_qb1of3__NETDEBT_EBITDA_qb0of3,C11_EPS_DYN_qmax8,0.19880941277038144,-0.5248523176277683,0.5461858529819695,33.26602564102564,v1
MOM_qb0of3__FCF_OI_qb0of3__C3_ROE_DYN_qmax4__v0,MOM_qb0of3__FCF_OI_qb0of3,C3_ROE_DYN_qmax4,0.1986406518445274,-0.624902250471266,0.5438642710364087,209.34935897435898,v0
P_IC_qb1of3__NETDEBT_EBITDA_qb0of3__C17_FCF_P_DYN_qmax4__v1,P_IC_qb1of3__NETDEBT_EBITDA_qb0of3,C17_FCF_P_DYN_qmax4,0.19848784130240027,-0.5290654901881109,0.5509974711997753,33.81089743589744,v1
PB_qb0of3__OCF_E_qb0of3__C11_EPS_DYN_qmax8__v1,PB_qb0of3__OCF_E_qb0of3,C11_EPS_DYN_qmax8,0.19847696467286724,-0.6626719972957149,0.5573849878934625,47.84935897435897,v1
PB_qb0of3__CROIC_qb0of3__C10_EPS_DYN_qmax4__v1,PB_qb0of3__CROIC_qb0of3,C10_EPS_DYN_qmax4,0.19842723898260672,-0.6732115431598482,0.5531473803241613,40.37820512820513,v1
P_IC_qb0of3__DEBTRATIO_qb2of3__C4_ROE_DYN_qmax8__v1,P_IC_qb0of3__DEBTRATIO_qb2of3,C4_ROE_DYN_qmax8,0.19835565181571546,-0.7189492827859285,0.5823603002502085,49.458333333333336,v1
P_IC_qb0of3__DEBTRATIO_qb2of3__C20_FCF_P_DYN_ytdavg_gt_lyytdavg__v0,P_IC_qb0of3__DEBTRATIO_qb2of3,C20_FCF_P_DYN_ytdavg_gt_lyytdavg,0.19832011583726405,-0.7432774746483883,0.5937561746690377,107.31118881118881,v0
PB_qb0of3__OCF_E_qb0of3__None__v1,PB_qb0of3__OCF_E_qb0of3,None,0.19829737774263534,-0.6600119739910404,0.5610309612579024,49.57692307692308,v1
PB_qb0of3__CROIC_qb0of3__C17_FCF_P_DYN_qmax4__v1,PB_qb0of3__CROIC_qb0of3,C17_FCF_P_DYN_qmax4,0.19825819813870438,-0.6730605942969785,0.553219696969697,39.782051282051285,v1
FCF_P_qb2of3__MOM_qb0of3__C14_EPS_DYN_ytdavg_gt_lyavg__v1,FCF_P_qb2of3__MOM_qb0of3,C14_EPS_DYN_ytdavg_gt_lyavg,0.19804943130430397,-0.5639970277836,0.5677673730901922,24.1,v1
CROIC_qb0of3__MOM_qb2of3__C14_EPS_DYN_ytdavg_gt_lyavg__v1,CROIC_qb0of3__MOM_qb2of3,C14_EPS_DYN_ytdavg_gt_lyavg,0.19799434422208062,-0.5311129824462146,0.5445736434108527,21.596666666666668,v1
MOM_qb0of3__FCF_OI_qb0of3__None__v0,MOM_qb0of3__FCF_OI_qb0of3,None,0.19796414300723408,-0.6104215167021054,0.5418666394363321,224.51282051282053,v0
REVENUE_qb0of3__P_IC_qb1of3__C13_EPS_DYN_ytdavg_gt_lyytdavg__v1,REVENUE_qb0of3__P_IC_qb1of3,C13_EPS_DYN_ytdavg_gt_lyytdavg,0.19795706644063515,-0.4425831241181709,0.5415504740658115,16.649122807017545,v1
PS_qb0of3__OCF_E_qb0of3__C6_ROE_DYN_ytdavg_gt_lyytdavg__v1,PS_qb0of3__OCF_E_qb0of3,C6_ROE_DYN_ytdavg_gt_lyytdavg,0.19795128917206273,-0.6961267188068265,0.5501412429378532,19.27972027972028,v1
PS_qb0of3__DEBTRATIO_qb0of3__C6_ROE_DYN_ytdavg_gt_lyytdavg__v0,PS_qb0of3__DEBTRATIO_qb0of3,C6_ROE_DYN_ytdavg_gt_lyytdavg,0.197937111183492,-0.5341890440899422,0.5794854881266491,60.96153846153846,v0
MOM_qb2of3__FCF_OI_qb0of3__C7_ROE_DYN_ytdavg_gt_lyavg__v0,MOM_qb2of3__FCF_OI_qb0of3,C7_ROE_DYN_ytdavg_gt_lyavg,0.19792466148703736,-0.497254386338704,0.5255412178735203,82.17666666666666,v0
PS_qb0of3__FCF_P_qb2of3__C7_ROE_DYN_ytdavg_gt_lyavg__v1,PS_qb0of3__FCF_P_qb2of3,C7_ROE_DYN_ytdavg_gt_lyavg,0.19791203379151856,-0.6031869724376548,0.5664233576642336,36.44,v1
EV_S_qb0of3__MOM_qb2of3__C7_ROE_DYN_ytdavg_gt_lyavg__v1,EV_S_qb0of3__MOM_qb2of3,C7_ROE_DYN_ytdavg_gt_lyavg,0.19782709478097327,-0.6427440078197801,0.5409761634506243,29.173333333333332,v1
EV_S_qb0of3__ACCRUAL_qb0of3__C6_ROE_DYN_ytdavg_gt_lyytdavg__v1,EV_S_qb0of3__ACCRUAL_qb0of3,C6_ROE_DYN_ytdavg_gt_lyytdavg,0.19779785636494918,-0.7536971993504757,0.5504848830576156,23.954545454545453,v1
P_IC_qb0of3__FCF_P_qb2of3__C7_ROE_DYN_ytdavg_gt_lyavg__v1,P_IC_qb0of3__FCF_P_qb2of3,C7_ROE_DYN_ytdavg_gt_lyavg,0.1976987476487697,-0.496965519163473,0.5610273827212906,38.52,v1
MOM_qb2of3__DEBTRATIO_qb2of3__C18_FCF_P_DYN_qmax8__v0,MOM_qb2of3__DEBTRATIO_qb2of3,C18_FCF_P_DYN_qmax8,0.19764248109131777,-0.5668636445706159,0.5412124689233123,176.6346153846154,v0
MOM_qb0of3__FCF_OI_qb0of3__C17_FCF_P_DYN_qmax4__v0,MOM_qb0of3__FCF_OI_qb0of3,C17_FCF_P_DYN_qmax4,0.19751678531701944,-0.6253908971410356,0.5436882896273489,207.78846153846155,v0
MOM_qb0of3__FCF_OI_qb0of3__C10_EPS_DYN_qmax4__v0,MOM_qb0of3__FCF_OI_qb0of3,C10_EPS_DYN_qmax4,0.19747327359446754,-0.6277530987201914,0.5450131926121372,209.66666666666666,v0
VOL_qb2of3__P_IC_qb1of3__C10_EPS_DYN_qmax4__v1,VOL_qb2of3__P_IC_qb1of3,C10_EPS_DYN_qmax4,0.19744076880838812,-0.5964933863242903,0.5257434531735464,34.50961538461539,v1
EV_S_qb0of3__FCF_OI_qb2of3__C11_EPS_DYN_qmax8__v1,EV_S_qb0of3__FCF_OI_qb2of3,C11_EPS_DYN_qmax8,0.19739688067937355,-0.5478539850696876,0.5643507972665148,23.868589743589745,v1
VOL_qb2of3__P_IC_qb1of3__C11_EPS_DYN_qmax8__v1,VOL_qb2of3__P_IC_qb1of3,C11_EPS_DYN_qmax8,0.1973457930117677,-0.6018905676622539,0.5239474270438851,34.041666666666664,v1
PB_qb0of3__ACCRUAL_qb0of3__C13_EPS_DYN_ytdavg_gt_lyytdavg__v1,PB_qb0of3__ACCRUAL_qb0of3,C13_EPS_DYN_ytdavg_gt_lyytdavg,0.19733280798343134,-0.6296257700927006,0.5544986127625843,17.642105263157895,v1
P_IC_qb1of3__NETDEBT_EBITDA_qb0of3__C20_FCF_P_DYN_ytdavg_gt_lyytdavg__v1,P_IC_qb1of3__NETDEBT_EBITDA_qb0of3,C20_FCF_P_DYN_ytdavg_gt_lyytdavg,0.19730538624449445,-0.5513834006844316,0.5526709935097354,17.265734265734267,v1
P_IC_qb0of3__PB_qb0of3__C6_ROE_DYN_ytdavg_gt_lyytdavg__v1,P_IC_qb0of3__PB_qb0of3,C6_ROE_DYN_ytdavg_gt_lyytdavg,0.19727632132864037,-0.5915381820562711,0.5707196029776674,44.66433566433567,v1
P_IC_qb0of3__FCF_OI_qb1of3__C14_EPS_DYN_ytdavg_gt_lyavg__v0,P_IC_qb0of3__FCF_OI_qb1of3,C14_EPS_DYN_ytdavg_gt_lyavg,0.19724098198741835,-0.6080656658220026,0.5793204922418406,83.48666666666666,v0
PB_qb0of3__OCF_E_qb0of3__C18_FCF_P_DYN_qmax8__v1,PB_qb0of3__OCF_E_qb0of3,C18_FCF_P_DYN_qmax8,0.1972337993333413,-0.6637328292977764,0.5560414642047296,47.157051282051285,v1
VOL_qb2of3__P_IC_qb1of3__C17_FCF_P_DYN_qmax4__v1,VOL_qb2of3__P_IC_qb1of3,C17_FCF_P_DYN_qmax4,0.1971641906475452,-0.5922809563295255,0.5289145907473309,34.52884615384615,v1
EV_S_qb0of3__FCF_OI_qb2of3__C18_FCF_P_DYN_qmax8__v1,EV_S_qb0of3__FCF_OI_qb2of3,C18_FCF_P_DYN_qmax8,0.1971436972690388,-0.5554635974861029,0.5661908760145536,24.650641025641026,v1
P_IC_qb1of3__DEBTRATIO_qb0of3__C10_EPS_DYN_qmax4__v1,P_IC_qb1of3__DEBTRATIO_qb0of3,C10_EPS_DYN_qmax4,0.1971155511871645,-0.49158863690651233,0.5429515418502202,26.08974358974359,v1
EV_S_qb0of3__MOM_qb2of3__C14_EPS_DYN_ytdavg_gt_lyavg__v1,EV_S_qb0of3__MOM_qb2of3,C14_EPS_DYN_ytdavg_gt_lyavg,0.1970728509848021,-0.6639741706073641,0.5447252306458082,33.61333333333334,v1
MOM_qb0of3__FCF_OI_qb0of3__C11_EPS_DYN_qmax8__v0,MOM_qb0of3__FCF_OI_qb0of3,C11_EPS_DYN_qmax8,0.1969056187921443,-0.630886313927199,0.5425895722628505,206.66666666666666,v0
P_IC_qb0of3__OCF_E_qb2of3__None__v1,P_IC_qb0of3__OCF_E_qb2of3,None,0.1968718903717821,-0.6789668795947953,0.5706007340158393,40.46153846153846,v1
EV_S_qb0of3__FCF_OI_qb2of3__C17_FCF_P_DYN_qmax4__v1,EV_S_qb0of3__FCF_OI_qb2of3,C17_FCF_P_DYN_qmax4,0.19687036415194337,-0.5544231643724544,0.5675372086492558,24.78525641025641,v1
PB_qb0of3__MOM_qb0of3__C20_FCF_P_DYN_ytdavg_gt_lyytdavg__v1,PB_qb0of3__MOM_qb0of3,C20_FCF_P_DYN_ytdavg_gt_lyytdavg,0.19683467798973253,-0.6841036133640268,0.5655218406135378,18.727272727272727,v1
MOM_qb0of3__FCF_OI_qb0of3__C4_ROE_DYN_qmax8__v0,MOM_qb0of3__FCF_OI_qb0of3,C4_ROE_DYN_qmax8,0.19676809670873796,-0.6317544118094638,0.541524399852918,206.14743589743588,v0
P_IC_qb0of3__ROE_qb2of3__C13_EPS_DYN_ytdavg_gt_lyytdavg__v0,P_IC_qb0of3__ROE_qb2of3,C13_EPS_DYN_ytdavg_gt_lyytdavg,0.19675758502739016,-0.5982668150788394,0.5786163522012578,83.42807017543859,v0
EV_S_qb0of3__None__C13_EPS_DYN_ytdavg_gt_lyytdavg__v1,EV_S_qb0of3__None,C13_EPS_DYN_ytdavg_gt_lyytdavg,0.19670927315352005,-0.5632233929841375,0.5693112467306015,84.14736842105263,v1
P_IC_qb1of3__DEBTRATIO_qb0of3__C20_FCF_P_DYN_ytdavg_gt_lyytdavg__v0,P_IC_qb1of3__DEBTRATIO_qb0of3,C20_FCF_P_DYN_ytdavg_gt_lyytdavg,0.1966819751863509,-0.4820808075814389,0.56732223903177,54.47552447552447,v0
MOM_qb2of3__DEBTRATIO_qb2of3__C17_FCF_P_DYN_qmax4__v0,MOM_qb2of3__DEBTRATIO_qb2of3,C17_FCF_P_DYN_qmax4,0.19666871306699374,-0.5676072005714581,0.5396937725167267,179.73076923076923,v0
PB_qb0of3__FCF_OI_qb0of3__C14_EPS_DYN_ytdavg_gt_lyavg__v1,PB_qb0of3__FCF_OI_qb0of3,C14_EPS_DYN_ytdavg_gt_lyavg,0.19665913153100534,-0.6021672458718403,0.5619861887536994,21.91,v1
P_IC_qb0of3__MOM_qb2of3__C14_EPS_DYN_ytdavg_gt_lyavg__v1,P_IC_qb0of3__MOM_qb2of3,C14_EPS_DYN_ytdavg_gt_lyavg,0.19658762813991615,-0.5691161204222926,0.5572733661278988,27.573333333333334,v1
MOM_qb0of3__ROE_qb2of3__C6_ROE_DYN_ytdavg_gt_lyytdavg__v0,MOM_qb0of3__ROE_qb2of3,C6_ROE_DYN_ytdavg_gt_lyytdavg,0.19638881509970818,-0.5537838957166571,0.5622365833099185,94.4090909090909,v0
PB_qb0of3__FCF_P_qb0of3__C14_EPS_DYN_ytdavg_gt_lyavg__v1,PB_qb0of3__FCF_P_qb0of3,C14_EPS_DYN_ytdavg_gt_lyavg,0.19632278406451675,-0.6281357115055737,0.5563356736877298,21.486666666666668,v1
EV_S_qb0of3__ACCRUAL_qb0of3__C7_ROE_DYN_ytdavg_gt_lyavg__v1,EV_S_qb0of3__ACCRUAL_qb0of3,C7_ROE_DYN_ytdavg_gt_lyavg,0.19626187223381142,-0.6471662533692468,0.5558879521348926,24.936666666666667,v1
VOL_qb2of3__P_IC_qb1of3__C18_FCF_P_DYN_qmax8__v1,VOL_qb2of3__P_IC_qb1of3,C18_FCF_P_DYN_qmax8,0.19624331775426795,-0.6024236345543543,0.5268793218826678,34.080128205128204,v1
P_IC_qb1of3__DEBTRATIO_qb0of3__None__v1,P_IC_qb1of3__DEBTRATIO_qb0of3,None,0.19616957726185547,-0.49287702308043935,0.5481565086531226,26.689102564102566,v1
PB_qb0of3__OCF_E_qb0of3__C10_EPS_DYN_qmax4__v1,PB_qb0of3__OCF_E_qb0of3,C10_EPS_DYN_qmax4,0.19613143848025594,-0.6600091266317143,0.5592371100695006,48.53846153846154,v1
P_IC_qb0of3__OCF_E_qb2of3__C18_FCF_P_DYN_qmax8__v1,P_IC_qb0of3__OCF_E_qb2of3,C18_FCF_P_DYN_qmax8,0.19609052116969972,-0.6764386127992736,0.5661266013564431,39.48076923076923,v1
P_IC_qb0of3__NETDEBT_EBITDA_qb1of3__C14_EPS_DYN_ytdavg_gt_lyavg__v0,P_IC_qb0of3__NETDEBT_EBITDA_qb1of3,C14_EPS_DYN_ytdavg_gt_lyavg,0.1960847639539427,-0.6268759816874718,0.5796658516707417,86.43666666666667,v0
P_IC_qb0of3__NETDEBT_EBITDA_qb1of3__C17_FCF_P_DYN_qmax4__v1,P_IC_qb0of3__NETDEBT_EBITDA_qb1of3,C17_FCF_P_DYN_qmax4,0.1960478923397826,-0.6851625393589055,0.5774647887323944,35.208333333333336,v1
P_IC_qb0of3__OCF_E_qb2of3__C17_FCF_P_DYN_qmax4__v1,P_IC_qb0of3__OCF_E_qb2of3,C17_FCF_P_DYN_qmax4,0.19601399308258682,-0.6761161599381851,0.5686572841384557,39.881410256410255,v1
P_IC_qb2of3__PB_qb1of3__C6_ROE_DYN_ytdavg_gt_lyytdavg__v1,P_IC_qb2of3__PB_qb1of3,C6_ROE_DYN_ytdavg_gt_lyytdavg,0.19596715815010834,-0.507294213102143,0.5531508593252705,12.314685314685315,v1
EV_S_qb0of3__ACCRUAL_qb0of3__C13_EPS_DYN_ytdavg_gt_lyytdavg__v1,EV_S_qb0of3__ACCRUAL_qb0of3,C13_EPS_DYN_ytdavg_gt_lyytdavg,0.19591272220042888,-0.5618169288955944,0.5506172839506173,28.042105263157893,v1
OCF_E_qb0of3__MOM_qb2of3__C7_ROE_DYN_ytdavg_gt_lyavg__v0,OCF_E_qb0of3__MOM_qb2of3,C7_ROE_DYN_ytdavg_gt_lyavg,0.19575624830413818,-0.5127966830455672,0.5208693771626297,81.21333333333334,v0
PB_qb0of3__FCF_OI_qb0of3__C7_ROE_DYN_ytdavg_gt_lyavg__v1,PB_qb0of3__FCF_OI_qb0of3,C7_ROE_DYN_ytdavg_gt_lyavg,0.1956656179123668,-0.7039846309153253,0.5594982078853047,19.616666666666667,v1
EV_S_qb0of3__FCF_P_qb2of3__C13_EPS_DYN_ytdavg_gt_lyytdavg__v1,EV_S_qb0of3__FCF_P_qb2of3,C13_EPS_DYN_ytdavg_gt_lyytdavg,0.19565516741734945,-0.5783869440474171,0.5586968732447107,41.01754385964912,v1
P_IC_qb0of3__FCF_P_qb2of3__C18_FCF_P_DYN_qmax8__v1,P_IC_qb0of3__FCF_P_qb2of3,C18_FCF_P_DYN_qmax8,0.19563500259354183,-0.6442280773940294,0.5655115119867078,69.3076923076923,v1
MOM_qb2of3__DEBTRATIO_qb2of3__None__v0,MOM_qb2of3__DEBTRATIO_qb2of3,None,0.1955329320328787,-0.5702292793352006,0.5381942167726707,185.06089743589743,v0
P_IC_qb1of3__DEBTRATIO_qb0of3__C11_EPS_DYN_qmax8__v1,P_IC_qb1of3__DEBTRATIO_qb0of3,C11_EPS_DYN_qmax8,0.19549966790750073,-0.4952663566211335,0.5401380312386488,25.775641025641026,v1
P_IC_qb0of3__NETDEBT_EBITDA_qb1of3__C20_FCF_P_DYN_ytdavg_gt_lyytdavg__v0,P_IC_qb0of3__NETDEBT_EBITDA_qb1of3,C20_FCF_P_DYN_ytdavg_gt_lyytdavg,0.19536076585069662,-0.6061963568019135,0.5789986362750827,70.22377622377623,v0
EV_S_qb0of3__OCF_E_qb2of3__C19_FCF_P_DYN_yoy__v0,EV_S_qb0of3__OCF_E_qb2of3,C19_FCF_P_DYN_yoy,0.19532621446013088,-0.5341071854929471,0.5702674357629784,12.658940397350994,v0
MOM_qb2of3__DEBTRATIO_qb2of3__C6_ROE_DYN_ytdavg_gt_lyytdavg__v1,MOM_qb2of3__DEBTRATIO_qb2of3,C6_ROE_DYN_ytdavg_gt_lyytdavg,0.19530946101891367,-0.667926761895316,0.5454286528054685,22.877622377622377,v1
P_IC_qb0of3__MOM_qb2of3__C18_FCF_P_DYN_qmax8__v1,P_IC_qb0of3__MOM_qb2of3,C18_FCF_P_DYN_qmax8,0.19527076765473605,-0.6196764951562576,0.5563988095238095,43.919871794871796,v1
P_IC_qb0of3__FCF_OI_qb1of3__C4_ROE_DYN_qmax8__v1,P_IC_qb0of3__FCF_OI_qb1of3,C4_ROE_DYN_qmax8,0.19522489644837138,-0.7187226464467784,0.5526009316770186,36.006410256410255,v1
P_IC_qb0of3__FCF_P_qb2of3__C17_FCF_P_DYN_qmax4__v1,P_IC_qb0of3__FCF_P_qb2of3,C17_FCF_P_DYN_qmax4,0.19514909084748977,-0.6452719307986023,0.5668385085721137,69.91025641025641,v1
FCF_P_qb0of3__MOM_qb2of3__C18_FCF_P_DYN_qmax8__v0,FCF_P_qb0of3__MOM_qb2of3,C18_FCF_P_DYN_qmax8,0.1950183108811141,-0.5224501575214654,0.5077086030363658,168.67307692307693,v0
P_IC_qb0of3__NETDEBT_EBITDA_qb1of3__None__v1,P_IC_qb0of3__NETDEBT_EBITDA_qb1of3,None,0.19501248464286847,-0.685662727024043,0.5832903558535327,36.14102564102564,v1
P_IC_qb0of3__MOM_qb2of3__C17_FCF_P_DYN_qmax4__v1,P_IC_qb0of3__MOM_qb2of3,C17_FCF_P_DYN_qmax4,0.19496233186515766,-0.618884104428614,0.5566107731117377,44.5,v1
P_IC_qb1of3__NETDEBT_EBITDA_qb0of3__C18_FCF_P_DYN_qmax8__v1,P_IC_qb1of3__NETDEBT_EBITDA_qb0of3,C18_FCF_P_DYN_qmax8,0.19493731595283093,-0.5313996357259623,0.5481194690265486,33.26923076923077,v1
MOM_qb0of3__FCF_OI_qb0of3__C18_FCF_P_DYN_qmax8__v0,MOM_qb0of3__FCF_OI_qb0of3,C18_FCF_P_DYN_qmax8,0.19492896100436785,-0.6306529537686567,0.5410410144850639,203.85576923076923,v0
P_IC_qb0of3__FCF_P_qb2of3__None__v1,P_IC_qb0of3__FCF_P_qb2of3,None,0.1948997544554052,-0.6493051510062302,0.5672043010752689,71.01602564102564,v1
P_IC_qb0of3__FCF_OI_qb1of3__None__v1,P_IC_qb0of3__FCF_OI_qb1of3,None,0.19486819354660767,-0.7051485481387565,0.55738978442416,37.88782051282051,v1
PS_qb0of3__None__C13_EPS_DYN_ytdavg_gt_lyytdavg__v1,PS_qb0of3__None,C13_EPS_DYN_ytdavg_gt_lyytdavg,0.1948219285860724,-0.5870404258868531,0.5675154320987654,81.8,v1
FCF_P_qb0of3__MOM_qb2of3__C17_FCF_P_DYN_qmax4__v0,FCF_P_qb0of3__MOM_qb2of3,C17_FCF_P_DYN_qmax4,0.19481475315167085,-0.5274302722592477,0.5084388185654009,171.88141025641025,v0
FCF_P_qb2of3__MOM_qb0of3__C7_ROE_DYN_ytdavg_gt_lyavg__v1,FCF_P_qb2of3__MOM_qb0of3,C7_ROE_DYN_ytdavg_gt_lyavg,0.19478994543789785,-0.6007261043500555,0.5694010786261708,20.61,v1
PS_qb0of3__REV_G_qb0of3__C20_FCF_P_DYN_ytdavg_gt_lyytdavg__v1,PS_qb0of3__REV_G_qb0of3,C20_FCF_P_DYN_ytdavg_gt_lyytdavg,0.19476278699100003,-0.6819335756246394,0.5527272727272727,24.353146853146853,v1
PB_qb0of3__OCF_E_qb0of3__C17_FCF_P_DYN_qmax4__v1,PB_qb0of3__OCF_E_qb0of3,C17_FCF_P_DYN_qmax4,0.19474002540044277,-0.6627973576621479,0.5581697225377251,48.03846153846154,v1
EV_S_qb0of3__NETDEBT_EBITDA_qb2of3__C20_FCF_P_DYN_ytdavg_gt_lyytdavg__v0,EV_S_qb0of3__NETDEBT_EBITDA_qb2of3,C20_FCF_P_DYN_ytdavg_gt_lyytdavg,0.19468182393492728,-0.770507883387498,0.5685454097957174,62.37062937062937,v0
FCF_P_qb0of3__MOM_qb2of3__C4_ROE_DYN_qmax8__v0,FCF_P_qb0of3__MOM_qb2of3,C4_ROE_DYN_qmax8,0.19464935548837214,-0.5269274873607375,0.5106432476445272,171.64102564102564,v0
OCF_E_qb0of3__MOM_qb0of3__None__v0,OCF_E_qb0of3__MOM_qb0of3,None,0.19454160044450086,-0.642213987374344,0.5401945466458343,227.41666666666666,v0
MOM_qb2of3__DEBTRATIO_qb2of3__C10_EPS_DYN_qmax4__v0,MOM_qb2of3__DEBTRATIO_qb2of3,C10_EPS_DYN_qmax4,0.19449671392856227,-0.5689782701211319,0.5381084750145452,180.17628205128204,v0
P_IC_qb0of3__MOM_qb2of3__None__v1,P_IC_qb0of3__MOM_qb2of3,None,0.19444215472831194,-0.618452953644079,0.5575221238938053,45.57692307692308,v1
MOM_qb2of3__FCF_OI_qb0of3__C18_FCF_P_DYN_qmax8__v0,MOM_qb2of3__FCF_OI_qb0of3,C18_FCF_P_DYN_qmax8,0.19441113802822074,-0.5148158404521883,0.5131657333492196,165.3653846153846,v0
MOM_qb2of3__DEBTRATIO_qb2of3__C4_ROE_DYN_qmax8__v0,MOM_qb2of3__DEBTRATIO_qb2of3,C4_ROE_DYN_qmax8,0.19439186723432766,-0.5720751536823352,0.5412252712188896,176.35897435897436,v0
OCF_E_qb0of3__MOM_qb2of3__C13_EPS_DYN_ytdavg_gt_lyytdavg__v0,OCF_E_qb0of3__MOM_qb2of3,C13_EPS_DYN_ytdavg_gt_lyytdavg,0.19437738427733953,-0.49809803220629667,0.51974098390143,97.06315789473685,v0
EV_S_qb0of3__DEBTRATIO_qb0of3__C6_ROE_DYN_ytdavg_gt_lyytdavg__v0,EV_S_qb0of3__DEBTRATIO_qb0of3,C6_ROE_DYN_ytdavg_gt_lyytdavg,0.19435977567741558,-0.5310518065731762,0.5927246790299572,90.83916083916084,v0
MOM_qb0of3__NETDEBT_EBITDA_qb2of3__C10_EPS_DYN_qmax4__v0,MOM_qb0of3__NETDEBT_EBITDA_qb2of3,C10_EPS_DYN_qmax4,0.19434074687773406,-0.6740868846761943,0.5840783591901131,171.15705128205127,v0
PB_qb0of3__None__C13_EPS_DYN_ytdavg_gt_lyytdavg__v1,PB_qb0of3__None,C13_EPS_DYN_ytdavg_gt_lyytdavg,0.19428445790239257,-0.5002666524118354,0.5664355062413314,73.31228070175439,v1
FCF_P_qb0of3__MOM_qb2of3__C3_ROE_DYN_qmax4__v0,FCF_P_qb0of3__MOM_qb2of3,C3_ROE_DYN_qmax4,0.1941558165346844,-0.5294428333699319,0.5102147721320063,173.94230769230768,v0
CROIC_qb0of3__MOM_qb2of3__C7_ROE_DYN_ytdavg_gt_lyavg__v0,CROIC_qb0of3__MOM_qb2of3,C7_ROE_DYN_ytdavg_gt_lyavg,0.1941285935616257,-0.5041861591531451,0.521551724137931,81.59333333333333,v0
PS_qb0of3__REV_G_qb2of3__C6_ROE_DYN_ytdavg_gt_lyytdavg__v1,PS_qb0of3__REV_G_qb2of3,C6_ROE_DYN_ytdavg_gt_lyytdavg,0.19411311878788973,-0.7409881674004366,0.5574875798438609,23.643356643356643,v1
MOM_qb2of3__DEBTRATIO_qb2of3__C3_ROE_DYN_qmax4__v0,MOM_qb2of3__DEBTRATIO_qb2of3,C3_ROE_DYN_qmax4,0.1940162516970414,-0.5694115832424798,0.5386054312068632,179.63782051282053,v0
MOM_qb0of3__NETDEBT_EBITDA_qb2of3__C3_ROE_DYN_qmax4__v0,MOM_qb0of3__NETDEBT_EBITDA_qb2of3,C3_ROE_DYN_qmax4,0.1939834337665809,-0.6774639988513942,0.5837333157998553,170.93589743589743,v0
PB_qb0of3__CROIC_qb0of3__C7_ROE_DYN_ytdavg_gt_lyavg__v1,PB_qb0of3__CROIC_qb0of3,C7_ROE_DYN_ytdavg_gt_lyavg,0.19397845299679384,-0.732743134570169,0.5615994236311239,19.4,v1
PB_qb0of3__DEBTRATIO_qb2of3__C13_EPS_DYN_ytdavg_gt_lyytdavg__v1,PB_qb0of3__DEBTRATIO_qb2of3,C13_EPS_DYN_ytdavg_gt_lyytdavg,0.19390959622418524,-0.5656729688808615,0.5779320987654321,25.231578947368423,v1
PB_qb0of3__MOM_qb0of3__None__v1,PB_qb0of3__MOM_qb0of3,None,0.1939040314333802,-0.6986380923592055,0.5633164953840795,39.03525641025641,v1
P_IC_qb0of3__FCF_OI_qb0of3__C6_ROE_DYN_ytdavg_gt_lyytdavg__v1,P_IC_qb0of3__FCF_OI_qb0of3,C6_ROE_DYN_ytdavg_gt_lyytdavg,0.1938932882835085,-0.6547158747934685,0.5739961759082218,18.43006993006993,v1
OCF_E_qb0of3__MOM_qb0of3__C3_ROE_DYN_qmax4__v0,OCF_E_qb0of3__MOM_qb0of3,C3_ROE_DYN_qmax4,0.19377864224434838,-0.6541514143350156,0.5423120906539142,212.71153846153845,v0
MOM_qb2of3__DEBTRATIO_qb2of3__C11_EPS_DYN_qmax8__v0,MOM_qb2of3__DEBTRATIO_qb2of3,C11_EPS_DYN_qmax8,0.193734707528201,-0.5731063252145387,0.5395605099622013,177.28846153846155,v0
PB_qb0of3__None__C6_ROE_DYN_ytdavg_gt_lyytdavg__v1,PB_qb0of3__None,C6_ROE_DYN_ytdavg_gt_lyytdavg,0.1936222758309183,-0.5562324311404169,0.5690900337024555,62.93006993006993,v1
FCF_P_qb0of3__MOM_qb2of3__C11_EPS_DYN_qmax8__v0,FCF_P_qb0of3__MOM_qb2of3,C11_EPS_DYN_qmax8,0.19361110852712127,-0.5259070225602556,0.5104142424947637,172.15705128205127,v0
P_IC_qb1of3__DEBTRATIO_qb0of3__C17_FCF_P_DYN_qmax4__v1,P_IC_qb1of3__DEBTRATIO_qb0of3,C17_FCF_P_DYN_qmax4,0.1935934754435633,-0.4981541930096449,0.5440205429200293,26.137820512820515,v1
MOM_qb0of3__NETDEBT_EBITDA_qb2of3__C17_FCF_P_DYN_qmax4__v0,MOM_qb0of3__NETDEBT_EBITDA_qb2of3,C17_FCF_P_DYN_qmax4,0.1935687508473216,-0.6730596601288934,0.5833278156657618,171.58333333333334,v0
FCF_P_qb0of3__MOM_qb2of3__C10_EPS_DYN_qmax4__v0,FCF_P_qb0of3__MOM_qb2of3,C10_EPS_DYN_qmax4,0.19354748501857388,-0.5287474968879586,0.5098998369438621,174.28205128205127,v0
PS_qb0of3__OCF_E_qb2of3__C14_EPS_DYN_ytdavg_gt_lyavg__v1,PS_qb0of3__OCF_E_qb2of3,C14_EPS_DYN_ytdavg_gt_lyavg,0.1935387055344533,-0.5079160199334654,0.5666385491353859,37.016666666666666,v1
MOM_qb2of3__FCF_OI_qb0of3__C17_FCF_P_DYN_qmax4__v0,MOM_qb2of3__FCF_OI_qb0of3,C17_FCF_P_DYN_qmax4,0.19342598225164997,-0.5206579849065655,0.5143603133159269,168.58653846153845,v0
OCF_E_qb0of3__MOM_qb0of3__C10_EPS_DYN_qmax4__v0,OCF_E_qb0of3__MOM_qb0of3,C10_EPS_DYN_qmax4,0.1933924352201042,-0.6536513669979787,0.5428288925895087,213.11217948717947,v0
PS_qb0of3__FCF_OI_qb2of3__C7_ROE_DYN_ytdavg_gt_lyavg__v1,PS_qb0of3__FCF_OI_qb2of3,C7_ROE_DYN_ytdavg_gt_lyavg,0.1933754368630869,-0.5123196296629282,0.5655352480417755,12.506666666666666,v1
MOM_qb0of3__NETDEBT_EBITDA_qb2of3__C18_FCF_P_DYN_qmax8__v0,MOM_qb0of3__NETDEBT_EBITDA_qb2of3,C18_FCF_P_DYN_qmax8,0.19336754182684057,-0.6731035153377932,0.57909660402242,168.55769230769232,v0
MOM_qb0of3__None__C3_ROE_DYN_qmax4__v0,MOM_qb0of3__None,C3_ROE_DYN_qmax4,0.1933023454358478,-0.5976051244489358,0.5871040975761758,548.4294871794872,v0
P_IC_qb0of3__FCF_P_qb0of3__C20_FCF_P_DYN_ytdavg_gt_lyytdavg__v0,P_IC_qb0of3__FCF_P_qb0of3,C20_FCF_P_DYN_ytdavg_gt_lyytdavg,0.19328400032213366,-0.7118460661191648,0.5706371191135734,60.1993006993007,v0
P_IC_qb0of3__MOM_qb2of3__C10_EPS_DYN_qmax4__v1,P_IC_qb0of3__MOM_qb2of3,C10_EPS_DYN_qmax4,0.19315700014412207,-0.6145868379297426,0.5568452380952381,44.57692307692308,v1
P_IC_qb1of3__OCF_E_qb0of3__None__v0,P_IC_qb1of3__OCF_E_qb0of3,None,0.19308410340683912,-0.5430230743866553,0.5512183392112857,183.16666666666666,v0
MOM_qb0of3__NETDEBT_EBITDA_qb2of3__C11_EPS_DYN_qmax8__v0,MOM_qb0of3__NETDEBT_EBITDA_qb2of3,C11_EPS_DYN_qmax8,0.1930791099321454,-0.6775575991817242,0.5795566019226996,167.9903846153846,v0
OCF_E_qb0of3__MOM_qb0of3__C4_ROE_DYN_qmax8__v0,OCF_E_qb0of3__MOM_qb0of3,C4_ROE_DYN_qmax8,0.19303820576985342,-0.6614508125255938,0.5414376102064101,209.67628205128204,v0
MOM_qb0of3__None__None__v0,MOM_qb0of3__None,None,0.19300761625623375,-0.5916546531644109,0.589268464037938,589.5512820512821,v0
MOM_qb0of3__NETDEBT_EBITDA_qb2of3__C4_ROE_DYN_qmax8__v0,MOM_qb0of3__NETDEBT_EBITDA_qb2of3,C4_ROE_DYN_qmax8,0.1929514842296265,-0.680092972275066,0.5792124542124543,167.62820512820514,v0
ACCRUAL_qb0of3__MOM_qb0of3__C6_ROE_DYN_ytdavg_gt_lyytdavg__v0,ACCRUAL_qb0of3__MOM_qb0of3,C6_ROE_DYN_ytdavg_gt_lyytdavg,0.1929430067898117,-0.5793001324311733,0.5399736548789138,81.15384615384616,v0
OCF_E_qb0of3__MOM_qb0of3__C11_EPS_DYN_qmax8__v0,OCF_E_qb0of3__MOM_qb0of3,C11_EPS_DYN_qmax8,0.19285195994773274,-0.6592756597474481,0.5415974241794765,210.42307692307693,v0
MOM_qb0of3__None__C10_EPS_DYN_qmax4__v0,MOM_qb0of3__None,C10_EPS_DYN_qmax4,0.19284822728694162,-0.5969751549200699,0.5875592971203314,549.7275641025641,v0
P_IC_qb1of3__OCF_E_qb0of3__C4_ROE_DYN_qmax8__v0,P_IC_qb1of3__OCF_E_qb0of3,C4_ROE_DYN_qmax8,0.1927641653934975,-0.5507746721896241,0.5468232697461769,170.59294871794873,v0
MOM_qb0of3__None__C4_ROE_DYN_qmax8__v0,MOM_qb0of3__None,C4_ROE_DYN_qmax8,0.1927597511841066,-0.6012134548250718,0.5833278302405952,538.2852564102565,v0
P_IC_qb0of3__MOM_qb2of3__C3_ROE_DYN_qmax4__v1,P_IC_qb0of3__MOM_qb2of3,C3_ROE_DYN_qmax4,0.19267604010277695,-0.6142963099771734,0.5562667460553736,44.43269230769231,v1
P_IC_qb0of3__NETDEBT_EBITDA_qb1of3__C11_EPS_DYN_qmax8__v1,P_IC_qb0of3__NETDEBT_EBITDA_qb1of3,C11_EPS_DYN_qmax8,0.19263257523213984,-0.6950451889388255,0.5753458498023716,34.75,v1
PS_qb0of3__ACCRUAL_qb0of3__C6_ROE_DYN_ytdavg_gt_lyytdavg__v1,PS_qb0of3__ACCRUAL_qb0of3,C6_ROE_DYN_ytdavg_gt_lyytdavg,0.19259561485296883,-0.7306721430901132,0.5522041763341067,23.587412587412587,v1
P_IC_qb0of3__MOM_qb2of3__C4_ROE_DYN_qmax8__v1,P_IC_qb0of3__MOM_qb2of3,C4_ROE_DYN_qmax8,0.19257904433237782,-0.6256927729807946,0.5576291430277694,43.705128205128204,v1
P_IC_qb0of3__FCF_OI_qb1of3__C17_FCF_P_DYN_qmax4__v1,P_IC_qb0of3__FCF_OI_qb1of3,C17_FCF_P_DYN_qmax4,0.19256437350043099,-0.712648963083417,0.5560311284046693,36.916666666666664,v1
P_IC_qb0of3__FCF_P_qb2of3__C10_EPS_DYN_qmax4__v1,P_IC_qb0of3__FCF_P_qb2of3,C10_EPS_DYN_qmax4,0.19254140718279356,-0.6383674560159798,0.5644364074743822,69.3076923076923,v1
P_IC_qb0of3__FCF_OI_qb1of3__C3_ROE_DYN_qmax4__v1,P_IC_qb0of3__FCF_OI_qb1of3,C3_ROE_DYN_qmax4,0.1925062589251041,-0.7186420992840771,0.5529640427599611,36.78525641025641,v1
EV_S_qb0of3__FCF_P_qb2of3__C7_ROE_DYN_ytdavg_gt_lyavg__v1,EV_S_qb0of3__FCF_P_qb2of3,C7_ROE_DYN_ytdavg_gt_lyavg,0.19241326457143204,-0.612095814616149,0.5657248157248157,37.07333333333333,v1
MOM_qb2of3__FCF_OI_qb0of3__C4_ROE_DYN_qmax8__v0,MOM_qb2of3__FCF_OI_qb0of3,C4_ROE_DYN_qmax8,0.192403440124582,-0.5194924091197348,0.5155367231638418,168.45192307692307,v0
P_IC_qb0of3__FCF_OI_qb1of3__C18_FCF_P_DYN_qmax8__v1,P_IC_qb0of3__FCF_OI_qb1of3,C18_FCF_P_DYN_qmax8,0.1923739577726018,-0.711448659899366,0.5532739248353351,36.29807692307692,v1
MOM_qb0of3__NETDEBT_EBITDA_qb2of3__None__v0,MOM_qb0of3__NETDEBT_EBITDA_qb2of3,None,0.1923298476167259,-0.669018820054377,0.5858041329739443,183.90064102564102,v0
PB_qb0of3__CROIC_qb0of3__C14_EPS_DYN_ytdavg_gt_lyavg__v1,PB_qb0of3__CROIC_qb0of3,C14_EPS_DYN_ytdavg_gt_lyavg,0.1923250613079679,-0.6404909998059315,0.5588042049934296,21.72,v1
MOM_qb0of3__None__C11_EPS_DYN_qmax8__v0,MOM_qb0of3__None,C11_EPS_DYN_qmax8,0.1923076178927967,-0.6001402536300063,0.5840914597880917,540.4967948717949,v0
PB_qb0of3__FCF_P_qb0of3__C7_ROE_DYN_ytdavg_gt_lyavg__v1,PB_qb0of3__FCF_P_qb0of3,C7_ROE_DYN_ytdavg_gt_lyavg,0.192284794400589,-0.7306756643852332,0.5572630808635199,19.26,v1
P_IC_qb1of3__OCF_E_qb0of3__C3_ROE_DYN_qmax4__v0,P_IC_qb1of3__OCF_E_qb0of3,C3_ROE_DYN_qmax4,0.19218069810937766,-0.5490730037962646,0.5477543831558722,173.17628205128204,v0
MOM_qb0of3__None__C14_EPS_DYN_ytdavg_gt_lyavg__v0,MOM_qb0of3__None,C14_EPS_DYN_ytdavg_gt_lyavg,0.19215170094776202,-0.5600297356723487,0.5821376969859884,310.64666666666665,v0
MOM_qb2of3__FCF_OI_qb0of3__C11_EPS_DYN_qmax8__v0,MOM_qb2of3__FCF_OI_qb0of3,C11_EPS_DYN_qmax8,0.19203165249502852,-0.5185766503405171,0.5153316461656171,168.96153846153845,v0
PS_qb0of3__EV_S_qb1of3__C4_ROE_DYN_qmax8__v1,PS_qb0of3__EV_S_qb1of3,C4_ROE_DYN_qmax8,0.19202962045411986,-0.6087984134755534,0.565095660289314,17.496794871794872,v1
EV_S_qb0of3__None__C6_ROE_DYN_ytdavg_gt_lyytdavg__v1,EV_S_qb0of3__None,C6_ROE_DYN_ytdavg_gt_lyytdavg,0.19201238810223709,-0.5569986098285826,0.5682407140800461,71.37412587412588,v1
MOM_qb2of3__FCF_OI_qb0of3__C3_ROE_DYN_qmax4__v0,MOM_qb2of3__FCF_OI_qb0of3,C3_ROE_DYN_qmax4,0.19199784124581676,-0.5216385915734325,0.5153655951960437,170.74679487179486,v0
P_IC_qb0of3__NETDEBT_EBITDA_qb1of3__C14_EPS_DYN_ytdavg_gt_lyavg__v1,P_IC_qb0of3__NETDEBT_EBITDA_qb1of3,C14_EPS_DYN_ytdavg_gt_lyavg,0.19197134292894003,-0.7065300504507959,0.5788876276958003,23.543333333333333,v1
PS_qb0of3__NETDEBT_EBITDA_qb0of3__C7_ROE_DYN_ytdavg_gt_lyavg__v1,PS_qb0of3__NETDEBT_EBITDA_qb0of3,C7_ROE_DYN_ytdavg_gt_lyavg,0.19194065105711977,-0.5997298858147538,0.5565939771547248,17.74,v1
P_IC_qb0of3__FCF_OI_qb1of3__C11_EPS_DYN_qmax8__v1,P_IC_qb0of3__FCF_OI_qb1of3,C11_EPS_DYN_qmax8,0.19188199290646168,-0.7260180563369166,0.5537864077669903,36.15384615384615,v1
P_IC_qb0of3__REV_G_qb0of3__C7_ROE_DYN_ytdavg_gt_lyavg__v1,P_IC_qb0of3__REV_G_qb0of3,C7_ROE_DYN_ytdavg_gt_lyavg,0.1918396477654487,-0.7028908288170501,0.5502121640735502,23.156666666666666,v1
P_IC_qb1of3__DEBTRATIO_qb0of3__C18_FCF_P_DYN_qmax8__v1,P_IC_qb1of3__DEBTRATIO_qb0of3,C18_FCF_P_DYN_qmax8,0.19179048272366717,-0.5064394775821273,0.5419985517740767,25.759615384615383,v1
P_IC_qb1of3__OCF_E_qb0of3__C11_EPS_DYN_qmax8__v0,P_IC_qb1of3__OCF_E_qb0of3,C11_EPS_DYN_qmax8,0.1916680805375386,-0.551395115631127,0.5472999762112442,171.14423076923077,v0
OCF_E_qb0of3__MOM_qb2of3__C18_FCF_P_DYN_qmax8__v0,OCF_E_qb0of3__MOM_qb2of3,C18_FCF_P_DYN_qmax8,0.191580519910731,-0.5300274572140742,0.5126903553299492,168.83333333333334,v0
P_IC_qb0of3__FCF_P_qb2of3__C11_EPS_DYN_qmax8__v1,P_IC_qb0of3__FCF_P_qb2of3,C11_EPS_DYN_qmax8,0.19157923153698908,-0.6475338457122415,0.5653786338078718,68.2724358974359,v1
P_IC_qb0of3__CROIC_qb0of3__C20_FCF_P_DYN_ytdavg_gt_lyytdavg__v0,P_IC_qb0of3__CROIC_qb0of3,C20_FCF_P_DYN_ytdavg_gt_lyytdavg,0.1915580753270627,-0.6999150698932666,0.5761933904528764,60.22027972027972,v0
MOM_qb0of3__None__C17_FCF_P_DYN_qmax4__v0,MOM_qb0of3__None,C17_FCF_P_DYN_qmax4,0.19154840654110195,-0.5958024256179875,0.5876678603401969,549.2115384615385,v0
P_IC_qb1of3__OCF_E_qb0of3__C10_EPS_DYN_qmax4__v0,P_IC_qb1of3__OCF_E_qb0of3,C10_EPS_DYN_qmax4,0.19146431837863687,-0.5483493374694011,0.5482575879235587,173.49679487179486,v0
P_IC_qb0of3__FCF_OI_qb1of3__C10_EPS_DYN_qmax4__v1,P_IC_qb0of3__FCF_OI_qb1of3,C10_EPS_DYN_qmax4,0.19145000951465008,-0.7210588080001618,0.5539120280264694,36.86217948717949,v1
PB_qb0of3__OCF_E_qb0of3__C4_ROE_DYN_qmax8__v1,PB_qb0of3__OCF_E_qb0of3,C4_ROE_DYN_qmax8,0.19143515367383968,-0.6653060556423009,0.558218076551946,47.55128205128205,v1
P_IC_qb0of3__MOM_qb2of3__C11_EPS_DYN_qmax8__v1,P_IC_qb0of3__MOM_qb2of3,C11_EPS_DYN_qmax8,0.1913271958467715,-0.62464930042337,0.5577095138681778,43.87820512820513,v1
EV_S_qb0of3__DEBTRATIO_qb0of3__C14_EPS_DYN_ytdavg_gt_lyavg__v1,EV_S_qb0of3__DEBTRATIO_qb0of3,C14_EPS_DYN_ytdavg_gt_lyavg,0.19128941193054172,-0.5076112996551474,0.5632225433526011,27.833333333333332,v1
P_IC_qb0of3__OCF_E_qb2of3__C11_EPS_DYN_qmax8__v1,P_IC_qb0of3__OCF_E_qb2of3,C11_EPS_DYN_qmax8,0.19123679048782471,-0.6882410942915533,0.5686162079510704,38.65384615384615,v1
PB_qb0of3__NETDEBT_EBITDA_qb0of3__C14_EPS_DYN_ytdavg_gt_lyavg__v1,PB_qb0of3__NETDEBT_EBITDA_qb0of3,C14_EPS_DYN_ytdavg_gt_lyavg,0.191213244951977,-0.5053129769162814,0.5472344591287323,19.053333333333335,v1
P_IC_qb0of3__NETDEBT_EBITDA_qb1of3__C10_EPS_DYN_qmax4__v1,P_IC_qb0of3__NETDEBT_EBITDA_qb1of3,C10_EPS_DYN_qmax4,0.1912105447885235,-0.689528697233363,0.5755214878110078,35.29807692307692,v1
P_IC_qb0of3__OCF_E_qb2of3__C10_EPS_DYN_qmax4__v1,P_IC_qb0of3__OCF_E_qb2of3,C10_EPS_DYN_qmax4,0.1911594281528588,-0.6807356565469347,0.5677543186180423,39.35897435897436,v1
MOM_qb0of3__DEBTRATIO_qb2of3__C7_ROE_DYN_ytdavg_gt_lyavg__v0,MOM_qb0of3__DEBTRATIO_qb2of3,C7_ROE_DYN_ytdavg_gt_lyavg,0.1911491181449354,-0.5898325464024481,0.5778688524590164,84.22333333333333,v0
P_IC_qb0of3__MOM_qb2of3__C6_ROE_DYN_ytdavg_gt_lyytdavg__v1,P_IC_qb0of3__MOM_qb2of3,C6_ROE_DYN_ytdavg_gt_lyytdavg,0.19114377790057224,-0.5325060066664594,0.5496542185338866,23.41958041958042,v1
MOM_qb2of3__FCF_OI_qb0of3__C10_EPS_DYN_qmax4__v0,MOM_qb2of3__FCF_OI_qb0of3,C10_EPS_DYN_qmax4,0.19110973744626492,-0.5210125557115671,0.515137236423607,171.0897435897436,v0
P_IC_qb1of3__CROIC_qb0of3__C3_ROE_DYN_qmax4__v0,P_IC_qb1of3__CROIC_qb0of3,C3_ROE_DYN_qmax4,0.19104291569806753,-0.5238986377463805,0.5532694256098512,182.06730769230768,v0
OCF_E_qb0of3__MOM_qb2of3__C20_FCF_P_DYN_ytdavg_gt_lyytdavg__v1,OCF_E_qb0of3__MOM_qb2of3,C20_FCF_P_DYN_ytdavg_gt_lyytdavg,0.19102172189553568,-0.48678853117956467,0.5308464849354376,16.342657342657343,v1
OCF_E_qb0of3__MOM_qb2of3__C4_ROE_DYN_qmax8__v0,OCF_E_qb0of3__MOM_qb2of3,C4_ROE_DYN_qmax8,0.1909340122810974,-0.5313319280025548,0.5136509792458346,171.11858974358975,v0
P_IC_qb1of3__CROIC_qb0of3__None__v0,P_IC_qb1of3__CROIC_qb0of3,None,0.19090110845843267,-0.5191406253732606,0.5538111311719915,192.54807692307693,v0
P_IC_qb0of3__PB_qb0of3__C5_ROE_DYN_yoy__v0,P_IC_qb0of3__PB_qb0of3,C5_ROE_DYN_yoy,0.1908297895293105,-0.598667256852131,0.5721241631162508,13.099601593625499,v0
MOM_qb0of3__None__C18_FCF_P_DYN_qmax8__v0,MOM_qb0of3__None,C18_FCF_P_DYN_qmax8,0.19081479208874708,-0.5977506802347733,0.5841241685144124,539.75,v0
P_IC_qb1of3__CROIC_qb0of3__C4_ROE_DYN_qmax8__v0,P_IC_qb1of3__CROIC_qb0of3,C4_ROE_DYN_qmax8,0.19073059068326215,-0.5256052079460198,0.5520282186948854,179.26282051282053,v0
MOM_qb0of3__NETDEBT_EBITDA_qb2of3__C6_ROE_DYN_ytdavg_gt_lyytdavg__v0,MOM_qb0of3__NETDEBT_EBITDA_qb2of3,C6_ROE_DYN_ytdavg_gt_lyytdavg,0.190729936965069,-0.6317438064904912,0.563003003003003,74.5,v0
FCF_P_qb0of3__MOM_qb2of3__None__v0,FCF_P_qb0of3__MOM_qb2of3,None,0.19067923398335362,-0.5274653244983838,0.5113550560492537,178.00641025641025,v0
P_IC_qb0of3__FCF_OI_qb1of3__C7_ROE_DYN_ytdavg_gt_lyavg__v1,P_IC_qb0of3__FCF_OI_qb1of3,C7_ROE_DYN_ytdavg_gt_lyavg,0.19061217391818963,-0.6160922295815145,0.5609054976643909,19.326666666666668,v1
OCF_E_qb0of3__MOM_qb2of3__C17_FCF_P_DYN_qmax4__v0,OCF_E_qb0of3__MOM_qb2of3,C17_FCF_P_DYN_qmax4,0.19046574566807406,-0.5309659343770791,0.5130757450818707,171.71153846153845,v0
MOM_qb0of3__FCF_OI_qb0of3__C14_EPS_DYN_ytdavg_gt_lyavg__v0,MOM_qb0of3__FCF_OI_qb0of3,C14_EPS_DYN_ytdavg_gt_lyavg,0.1904463930177216,-0.6182261188801222,0.5412756343413277,108.83666666666667,v0
P_IC_qb0of3__None__C20_FCF_P_DYN_ytdavg_gt_lyytdavg__v0,P_IC_qb0of3__None,C20_FCF_P_DYN_ytdavg_gt_lyytdavg,0.19042169457982516,-0.6515892821119391,0.6011659807956105,274.2412587412587,v0
PS_qb0of3__FCF_P_qb2of3__C16_FCF_P_DYN_riseq2__v0,PS_qb0of3__FCF_P_qb2of3,C16_FCF_P_DYN_riseq2,0.19038217298557947,-0.6045319638073722,0.5753523671846765,10.335820895522389,v0
P_IC_qb0of3__NETDEBT_EBITDA_qb1of3__C6_ROE_DYN_ytdavg_gt_lyytdavg__v1,P_IC_qb0of3__NETDEBT_EBITDA_qb1of3,C6_ROE_DYN_ytdavg_gt_lyytdavg,0.19037894907982977,-0.5652334868671678,0.57479964381122,19.55944055944056,v1
EV_S_qb0of3__FCF_OI_qb2of3__C14_EPS_DYN_ytdavg_gt_lyavg__v1,EV_S_qb0of3__FCF_OI_qb2of3,C14_EPS_DYN_ytdavg_gt_lyavg,0.1903514142987215,-0.5490859435705309,0.5642673521850899,16.17,v1
MOM_qb0of3__ROE_qb2of3__C20_FCF_P_DYN_ytdavg_gt_lyytdavg__v0,MOM_qb0of3__ROE_qb2of3,C20_FCF_P_DYN_ytdavg_gt_lyytdavg,0.19031602990991048,-0.5419669551856087,0.5664794999470283,78.65384615384616,v0
P_IC_qb0of3__OCF_E_qb2of3__C4_ROE_DYN_qmax8__v1,P_IC_qb0of3__OCF_E_qb2of3,C4_ROE_DYN_qmax8,0.19026157674747157,-0.6901233778202805,0.5674232309746329,38.49038461538461,v1
P_IC_qb2of3__PB_qb1of3__C13_EPS_DYN_ytdavg_gt_lyytdavg__v1,P_IC_qb2of3__PB_qb1of3,C13_EPS_DYN_ytdavg_gt_lyytdavg,0.19021933852225947,-0.5044099251730858,0.5657476139978791,15.0,v1
FCF_P_qb2of3__MOM_qb0of3__C18_FCF_P_DYN_qmax8__v1,FCF_P_qb2of3__MOM_qb0of3,C18_FCF_P_DYN_qmax8,0.19016764782830453,-0.610690982577611,0.5663420086220661,37.717948717948715,v1
P_IC_qb1of3__CROIC_qb0of3__C11_EPS_DYN_qmax8__v0,P_IC_qb1of3__CROIC_qb0of3,C11_EPS_DYN_qmax8,0.19016616886668425,-0.5245714798460397,0.5531177829099307,179.72435897435898,v0
P_IC_qb1of3__CROIC_qb0of3__C10_EPS_DYN_qmax4__v0,P_IC_qb1of3__CROIC_qb0of3,C10_EPS_DYN_qmax4,0.19016494163385977,-0.523362196599927,0.5541416191740183,182.3653846153846,v0
FCF_P_qb2of3__MOM_qb2of3__C17_FCF_P_DYN_qmax4__v1,FCF_P_qb2of3__MOM_qb2of3,C17_FCF_P_DYN_qmax4,0.19016355441489252,-0.5297097080136626,0.556013179571664,52.59615384615385,v1
P_IC_qb0of3__OCF_E_qb2of3__C3_ROE_DYN_qmax4__v1,P_IC_qb0of3__OCF_E_qb2of3,C3_ROE_DYN_qmax4,0.1899970547400689,-0.6807356565469345,0.5666347075743049,39.243589743589745,v1
EV_S_qb0of3__OCF_E_qb2of3__C14_EPS_DYN_ytdavg_gt_lyavg__v1,EV_S_qb0of3__OCF_E_qb2of3,C14_EPS_DYN_ytdavg_gt_lyavg,0.18991327714081718,-0.5264979935874408,0.5635521885521886,36.64,v1
FCF_P_qb2of3__MOM_qb2of3__C7_ROE_DYN_ytdavg_gt_lyavg__v0,FCF_P_qb2of3__MOM_qb2of3,C7_ROE_DYN_ytdavg_gt_lyavg,0.18991141129923528,-0.5640921752756393,0.5566617406860076,113.32666666666667,v0
EV_S_qb0of3__DEBTRATIO_qb0of3__C20_FCF_P_DYN_ytdavg_gt_lyytdavg__v1,EV_S_qb0of3__DEBTRATIO_qb0of3,C20_FCF_P_DYN_ytdavg_gt_lyytdavg,0.18981518717533974,-0.5026059678028003,0.5648887022259554,22.003496503496503,v1
P_IC_qb0of3__None__C14_EPS_DYN_ytdavg_gt_lyavg__v1,P_IC_qb0of3__None,C14_EPS_DYN_ytdavg_gt_lyavg,0.18973234942502337,-0.5693818997703186,0.5716811751904244,80.25,v1
FCF_P_qb2of3__MOM_qb0of3__C17_FCF_P_DYN_qmax4__v1,FCF_P_qb2of3__MOM_qb0of3,C17_FCF_P_DYN_qmax4,0.18957506600574603,-0.6079199667710756,0.5686835000794029,38.131410256410255,v1
FCF_P_qb2of3__MOM_qb0of3__C10_EPS_DYN_qmax4__v1,FCF_P_qb2of3__MOM_qb0of3,C10_EPS_DYN_qmax4,0.18956385840552392,-0.6047779427045935,0.5661800096261832,37.49679487179487,v1
P_IC_qb0of3__NETDEBT_EBITDA_qb0of3__None__v1,P_IC_qb0of3__NETDEBT_EBITDA_qb0of3,None,0.1895361753445739,-0.7107498416736417,0.5798173118747282,24.416666666666668,v1
MOM_qb0of3__REV_G_qb0of3__C20_FCF_P_DYN_ytdavg_gt_lyytdavg__v0,MOM_qb0of3__REV_G_qb0of3,C20_FCF_P_DYN_ytdavg_gt_lyytdavg,0.18944579949890272,-0.697518090946256,0.5542296217880859,91.4020979020979,v0
FCF_P_qb2of3__MOM_qb2of3__C18_FCF_P_DYN_qmax8__v1,FCF_P_qb2of3__MOM_qb2of3,C18_FCF_P_DYN_qmax8,0.18934611311192118,-0.5329055573563215,0.5561969839773798,52.118589743589745,v1
PB_qb0of3__MOM_qb0of3__C11_EPS_DYN_qmax8__v1,PB_qb0of3__MOM_qb0of3,C11_EPS_DYN_qmax8,0.1892842821271632,-0.7006379030536003,0.5584323461606668,37.416666666666664,v1
FCF_P_qb2of3__MOM_qb2of3__None__v1,FCF_P_qb2of3__MOM_qb2of3,None,0.18927068434265815,-0.5329332120237091,0.5552943941708779,53.381410256410255,v1
PB_qb0of3__OCF_E_qb0of3__C14_EPS_DYN_ytdavg_gt_lyavg__v1,PB_qb0of3__OCF_E_qb0of3,C14_EPS_DYN_ytdavg_gt_lyavg,0.18926218787229643,-0.6198544267908762,0.5618191721132898,27.126666666666665,v1
EV_S_qb0of3__MOM_qb2of3__C13_EPS_DYN_ytdavg_gt_lyytdavg__v1,EV_S_qb0of3__MOM_qb2of3,C13_EPS_DYN_ytdavg_gt_lyytdavg,0.18922624585900727,-0.6088397889611165,0.5453423812461443,33.16140350877193,v1
EV_S_qb0of3__FCF_P_qb2of3__C6_ROE_DYN_ytdavg_gt_lyytdavg__v1,EV_S_qb0of3__FCF_P_qb2of3,C6_ROE_DYN_ytdavg_gt_lyytdavg,0.1892134384810149,-0.5703322599790581,0.562567074479502,35.37762237762238,v1
P_IC_qb0of3__NETDEBT_EBITDA_qb0of3__C4_ROE_DYN_qmax8__v1,P_IC_qb0of3__NETDEBT_EBITDA_qb0of3,C4_ROE_DYN_qmax8,0.18915842533472293,-0.7224700178059371,0.578508954602249,23.528846153846153,v1
OCF_E_qb0of3__MOM_qb2of3__C3_ROE_DYN_qmax4__v0,OCF_E_qb0of3__MOM_qb2of3,C3_ROE_DYN_qmax4,0.18912617824547429,-0.5312301715613976,0.5126734180179126,173.40064102564102,v0
FCF_P_qb2of3__MOM_qb0of3__C11_EPS_DYN_qmax8__v1,FCF_P_qb2of3__MOM_qb0of3,C11_EPS_DYN_qmax8,0.18911591959388008,-0.6110053105797686,0.565238558909445,36.70192307692308,v1
P_IC_qb0of3__ROE_qb2of3__C17_FCF_P_DYN_qmax4__v1,P_IC_qb0of3__ROE_qb2of3,C17_FCF_P_DYN_qmax4,0.18910883045005678,-0.6711733337478392,0.5713506139154161,30.33653846153846,v1
P_IC_qb0of3__ROE_qb2of3__C18_FCF_P_DYN_qmax8__v1,P_IC_qb0of3__ROE_qb2of3,C18_FCF_P_DYN_qmax8,0.18909674426547207,-0.6744671801630968,0.5705802968960864,29.814102564102566,v1
EV_S_qb0of3__FCF_P_qb2of3__C19_FCF_P_DYN_yoy__v0,EV_S_qb0of3__FCF_P_qb2of3,C19_FCF_P_DYN_yoy,0.1890861358612681,-0.49010367700583735,0.5708905626938414,14.937293729372938,v0
PB_qb0of3__REV_G_qb0of3__C20_FCF_P_DYN_ytdavg_gt_lyytdavg__v1,PB_qb0of3__REV_G_qb0of3,C20_FCF_P_DYN_ytdavg_gt_lyytdavg,0.18902355136522941,-0.6666852882357698,0.5552010210593491,25.27972027972028,v1
PB_qb0of3__OCF_E_qb0of3__C3_ROE_DYN_qmax4__v1,PB_qb0of3__OCF_E_qb0of3,C3_ROE_DYN_qmax4,0.18902127153598292,-0.6621487823990864,0.5591033704241252,48.34935897435897,v1
P_IC_qb0of3__FCF_P_qb2of3__C14_EPS_DYN_ytdavg_gt_lyavg__v1,P_IC_qb0of3__FCF_P_qb2of3,C14_EPS_DYN_ytdavg_gt_lyavg,0.18901651189848767,-0.5204528898985191,0.555057020003739,44.096666666666664,v1
P_IC_qb0of3__NETDEBT_EBITDA_qb0of3__C3_ROE_DYN_qmax4__v1,P_IC_qb0of3__NETDEBT_EBITDA_qb0of3,C3_ROE_DYN_qmax4,0.18893751809124848,-0.7163740240073901,0.5791701947502117,23.852564102564102,v1
PB_qb0of3__FCF_OI_qb0of3__C13_EPS_DYN_ytdavg_gt_lyytdavg__v1,PB_qb0of3__FCF_OI_qb0of3,C13_EPS_DYN_ytdavg_gt_lyytdavg,0.1889360109867677,-0.5684425704527964,0.5531344284277573,21.403508771929825,v1
MOM_qb2of3__None__C12_EPS_DYN_yoy__v0,MOM_qb2of3__None,C12_EPS_DYN_yoy,0.1888161435301159,-0.659717494287809,0.5520481573924534,22.45394736842105,v0
P_IC_qb0of3__ROE_qb2of3__C4_ROE_DYN_qmax8__v1,P_IC_qb0of3__ROE_qb2of3,C4_ROE_DYN_qmax8,0.1888018207468498,-0.6732241720286746,0.5713906581740976,30.128205128205128,v1
P_IC_qb1of3__OCF_E_qb0of3__C18_FCF_P_DYN_qmax8__v0,P_IC_qb1of3__OCF_E_qb0of3,C18_FCF_P_DYN_qmax8,0.18875771869454328,-0.557048129853128,0.5486437037626283,167.58653846153845,v0
FCF_P_qb2of3__MOM_qb2of3__C10_EPS_DYN_qmax4__v0,FCF_P_qb2of3__MOM_qb2of3,C10_EPS_DYN_qmax4,0.18872511092814026,-0.5817958665562939,0.5517374145731062,203.17948717948718,v0
EV_S_qb0of3__OCF_E_qb2of3__C7_ROE_DYN_ytdavg_gt_lyavg__v1,EV_S_qb0of3__OCF_E_qb2of3,C7_ROE_DYN_ytdavg_gt_lyavg,0.1886543163056409,-0.5970675780913994,0.5652380952380952,31.716666666666665,v1
PS_qb0of3__None__C6_ROE_DYN_ytdavg_gt_lyytdavg__v1,PS_qb0of3__None,C6_ROE_DYN_ytdavg_gt_lyytdavg,0.18864404434801973,-0.6094248497993893,0.5651149086623453,70.05244755244755,v1
FCF_P_qb2of3__MOM_qb0of3__None__v1,FCF_P_qb2of3__MOM_qb0of3,None,0.18862573835732666,-0.6178752491463695,0.5694073258921554,38.77564102564103,v1
FCF_P_qb2of3__MOM_qb2of3__None__v0,FCF_P_qb2of3__MOM_qb2of3,None,0.1884588700221288,-0.5797520949677883,0.5525809862539652,208.06730769230768,v0
PB_qb0of3__MOM_qb0of3__C18_FCF_P_DYN_qmax8__v1,PB_qb0of3__MOM_qb0of3,C18_FCF_P_DYN_qmax8,0.1884347611691748,-0.6899235106520731,0.5568141592920354,37.56730769230769,v1
EV_S_qb0of3__FCF_OI_qb2of3__C6_ROE_DYN_ytdavg_gt_lyytdavg__v1,EV_S_qb0of3__FCF_OI_qb2of3,C6_ROE_DYN_ytdavg_gt_lyytdavg,0.1883781059307157,-0.5177475565059635,0.5750125439036629,13.744755244755245,v1
P_IC_qb0of3__FCF_P_qb0of3__C6_ROE_DYN_ytdavg_gt_lyytdavg__v1,P_IC_qb0of3__FCF_P_qb0of3,C6_ROE_DYN_ytdavg_gt_lyytdavg,0.18835796462821008,-0.6731886880622804,0.5756735340729001,17.90909090909091,v1
FCF_P_qb2of3__MOM_qb2of3__C17_FCF_P_DYN_qmax4__v0,FCF_P_qb2of3__MOM_qb2of3,C17_FCF_P_DYN_qmax4,0.18834284099284093,-0.5796097687965782,0.5532451465550057,205.13782051282053,v0
P_IC_qb1of3__OCF_E_qb0of3__C17_FCF_P_DYN_qmax4__v0,P_IC_qb1of3__OCF_E_qb0of3,C17_FCF_P_DYN_qmax4,0.1882671855264908,-0.555446935976165,0.5487167109180143,171.10897435897436,v0
OCF_E_qb0of3__MOM_qb0of3__C17_FCF_P_DYN_qmax4__v0,OCF_E_qb0of3__MOM_qb0of3,C17_FCF_P_DYN_qmax4,0.18825905901274465,-0.6524013383875528,0.5416186786723903,211.01282051282053,v0
PS_qb0of3__DEBTRATIO_qb2of3__C6_ROE_DYN_ytdavg_gt_lyytdavg__v1,PS_qb0of3__DEBTRATIO_qb2of3,C6_ROE_DYN_ytdavg_gt_lyytdavg,0.18824558906403555,-0.7159937453275435,0.5559729526671675,26.46853146853147,v1
EV_S_qb0of3__MOM_qb2of3__C6_ROE_DYN_ytdavg_gt_lyytdavg__v0,EV_S_qb0of3__MOM_qb2of3,C6_ROE_DYN_ytdavg_gt_lyytdavg,0.1882153523232193,-0.5785566193324114,0.5344388956939602,107.22377622377623,v0
OCF_E_qb0of3__MOM_qb2of3__C10_EPS_DYN_qmax4__v0,OCF_E_qb0of3__MOM_qb2of3,C10_EPS_DYN_qmax4,0.188190690812283,-0.5303617516110457,0.5126163573561267,173.86217948717947,v0
FCF_P_qb2of3__MOM_qb2of3__C4_ROE_DYN_qmax8__v0,FCF_P_qb2of3__MOM_qb2of3,C4_ROE_DYN_qmax8,0.18812264664438993,-0.5874648610278714,0.5521348638393929,199.11217948717947,v0
PB_qb0of3__FCF_OI_qb0of3__C6_ROE_DYN_ytdavg_gt_lyytdavg__v1,PB_qb0of3__FCF_OI_qb0of3,C6_ROE_DYN_ytdavg_gt_lyytdavg,0.18811160231408097,-0.7627130045555317,0.5521936459909228,18.83916083916084,v1
FCF_P_qb2of3__MOM_qb2of3__C11_EPS_DYN_qmax8__v0,FCF_P_qb2of3__MOM_qb2of3,C11_EPS_DYN_qmax8,0.18809916046526287,-0.5873137166299371,0.5524660231474812,200.21794871794873,v0
P_IC_qb0of3__ROE_qb2of3__C11_EPS_DYN_qmax8__v1,P_IC_qb0of3__ROE_qb2of3,C11_EPS_DYN_qmax8,0.18809518576619522,-0.6707955394926512,0.5732330018812147,30.278846153846153,v1
PB_qb0of3__REV_G_qb0of3__C14_EPS_DYN_ytdavg_gt_lyavg__v1,PB_qb0of3__REV_G_qb0of3,C14_EPS_DYN_ytdavg_gt_lyavg,0.1880947050882078,-0.6135214899595904,0.5592568866111467,25.273333333333333,v1
OCF_E_qb0of3__MOM_qb2of3__C11_EPS_DYN_qmax8__v0,OCF_E_qb0of3__MOM_qb2of3,C11_EPS_DYN_qmax8,0.1880696107731723,-0.5315937973885656,0.5129000175510443,171.92307692307693,v0
FCF_P_qb2of3__MOM_qb2of3__C14_EPS_DYN_ytdavg_gt_lyavg__v0,FCF_P_qb2of3__MOM_qb2of3,C14_EPS_DYN_ytdavg_gt_lyavg,0.1880670423221782,-0.5506331931124525,0.5540904383845358,131.36,v0
FCF_P_qb2of3__MOM_qb2of3__C3_ROE_DYN_qmax4__v0,FCF_P_qb2of3__MOM_qb2of3,C3_ROE_DYN_qmax4,0.187993799749131,-0.5829643399741442,0.5519714987241827,202.50641025641025,v0
P_IC_qb1of3__FCF_P_qb0of3__C17_FCF_P_DYN_qmax4__v0,P_IC_qb1of3__FCF_P_qb0of3,C17_FCF_P_DYN_qmax4,0.18795217883559046,-0.5299778341806419,0.554177897574124,182.41346153846155,v0
CROIC_qb0of3__MOM_qb2of3__C18_FCF_P_DYN_qmax8__v0,CROIC_qb0of3__MOM_qb2of3,C18_FCF_P_DYN_qmax8,0.1878748926928746,-0.5173508029579883,0.5084191110846671,167.30128205128204,v0
FCF_P_qb2of3__MOM_qb0of3__C4_ROE_DYN_qmax8__v1,FCF_P_qb2of3__MOM_qb0of3,C4_ROE_DYN_qmax8,0.18781009362385537,-0.616994786776353,0.5647001303780965,36.51282051282051,v1
EV_S_qb0of3__NETDEBT_EBITDA_qb0of3__C6_ROE_DYN_ytdavg_gt_lyytdavg__v1,EV_S_qb0of3__NETDEBT_EBITDA_qb0of3,C6_ROE_DYN_ytdavg_gt_lyytdavg,0.18777505903188096,-0.6053766096682444,0.5762463343108505,26.066433566433567,v1
P_IC_qb1of3__FCF_P_qb0of3__C18_FCF_P_DYN_qmax8__v0,P_IC_qb1of3__FCF_P_qb0of3,C18_FCF_P_DYN_qmax8,0.18776229556798762,-0.5325235561098145,0.5533353593678773,178.4551282051282,v0
FCF_P_qb2of3__MOM_qb2of3__C18_FCF_P_DYN_qmax8__v0,FCF_P_qb2of3__MOM_qb2of3,C18_FCF_P_DYN_qmax8,0.1877286640703406,-0.579893845899272,0.5532649297839142,203.35576923076923,v0
CROIC_qb0of3__MOM_qb2of3__C17_FCF_P_DYN_qmax4__v0,CROIC_qb0of3__MOM_qb2of3,C17_FCF_P_DYN_qmax4,0.18772199275348034,-0.5218338799378124,0.5096541104003791,170.50641025641025,v0
EV_S_qb1of3__NETDEBT_EBITDA_qb2of3__C14_EPS_DYN_ytdavg_gt_lyavg__v0,EV_S_qb1of3__NETDEBT_EBITDA_qb2of3,C14_EPS_DYN_ytdavg_gt_lyavg,0.18771593284246424,-0.5769705998255585,0.5719402985074626,83.45,v0
FCF_P_qb2of3__MOM_qb0of3__C3_ROE_DYN_qmax4__v1,FCF_P_qb2of3__MOM_qb0of3,C3_ROE_DYN_qmax4,0.18769039718884595,-0.608375496341139,0.5661469217167658,37.37820512820513,v1
P_IC_qb0of3__OCF_E_qb0of3__C18_FCF_P_DYN_qmax8__v1,P_IC_qb0of3__OCF_E_qb0of3,C18_FCF_P_DYN_qmax8,0.18764163898390662,-0.6881660000989307,0.5594523630907727,38.3974358974359,v1
P_IC_qb0of3__None__None__v1,P_IC_qb0of3__None,None,0.18762100236724466,-0.6573990358941033,0.5848071107853019,134.98076923076923,v1
P_IC_qb1of3__FCF_P_qb0of3__C3_ROE_DYN_qmax4__v0,P_IC_qb1of3__FCF_P_qb0of3,C3_ROE_DYN_qmax4,0.1875264139985231,-0.5299532647750145,0.5525952088452089,184.5096153846154,v0
PB_qb0of3__MOM_qb0of3__C10_EPS_DYN_qmax4__v1,PB_qb0of3__MOM_qb0of3,C10_EPS_DYN_qmax4,0.18749467545060594,-0.6964712852091353,0.5611903504138053,38.006410256410255,v1
PB_qb0of3__MOM_qb0of3__C4_ROE_DYN_qmax8__v1,PB_qb0of3__MOM_qb0of3,C4_ROE_DYN_qmax8,0.18748438218246677,-0.6971180342263616,0.5578255462782021,37.291666666666664,v1
FCF_P_qb0of3__MOM_qb2of3__C7_ROE_DYN_ytdavg_gt_lyavg__v1,FCF_P_qb0of3__MOM_qb2of3,C7_ROE_DYN_ytdavg_gt_lyavg,0.18743058393971168,-0.72860938684068,0.5391140433553252,18.713333333333335,v1
P_IC_qb0of3__NETDEBT_EBITDA_qb0of3__C10_EPS_DYN_qmax4__v1,P_IC_qb0of3__NETDEBT_EBITDA_qb0of3,C10_EPS_DYN_qmax4,0.18728732309044482,-0.7206948965838202,0.5775127768313458,23.94551282051282,v1
P_IC_qb0of3__OCF_E_qb0of3__C11_EPS_DYN_qmax8__v1,P_IC_qb0of3__OCF_E_qb0of3,C11_EPS_DYN_qmax8,0.18727214471813913,-0.6891669806508034,0.5615341649599702,39.10576923076923,v1
P_IC_qb1of3__CROIC_qb0of3__C17_FCF_P_DYN_qmax4__v0,P_IC_qb1of3__CROIC_qb0of3,C17_FCF_P_DYN_qmax4,0.18726587066489264,-0.5311219806965537,0.5550946940053216,179.67307692307693,v0
P_IC_qb1of3__FCF_P_qb0of3__C4_ROE_DYN_qmax8__v0,P_IC_qb1of3__FCF_P_qb0of3,C4_ROE_DYN_qmax8,0.1872542829254351,-0.5315056467574792,0.5513962264150943,181.66666666666666,v0
PB_qb0of3__MOM_qb0of3__C3_ROE_DYN_qmax4__v1,PB_qb0of3__MOM_qb0of3,C3_ROE_DYN_qmax4,0.18712554191358133,-0.693206492144079,0.5609369496301515,37.94230769230769,v1
P_IC_qb0of3__ROE_qb2of3__None__v1,P_IC_qb0of3__ROE_qb2of3,None,0.1871073606535938,-0.6703004065882967,0.574750830564784,31.10576923076923,v1
P_IC_qb0of3__None__C18_FCF_P_DYN_qmax8__v1,P_IC_qb0of3__None,C18_FCF_P_DYN_qmax8,0.1869126634799705,-0.6571790466158327,0.5781768661162652,129.78205128205127,v1
CROIC_qb0of3__MOM_qb2of3__C4_ROE_DYN_qmax8__v0,CROIC_qb0of3__MOM_qb2of3,C4_ROE_DYN_qmax8,0.18688291063550322,-0.5207286894724086,0.511657955012627,170.34615384615384,v0
PB_qb0of3__REV_G_qb0of3__C7_ROE_DYN_ytdavg_gt_lyavg__v1,PB_qb0of3__REV_G_qb0of3,C7_ROE_DYN_ytdavg_gt_lyavg,0.18684209816850816,-0.6698190521444989,0.5580264072272412,23.313333333333333,v1
P_IC_qb1of3__CROIC_qb0of3__C18_FCF_P_DYN_qmax8__v0,P_IC_qb1of3__CROIC_qb0of3,C18_FCF_P_DYN_qmax8,0.1868390588968294,-0.5337485248574156,0.5541479993820485,175.74358974358975,v0
FCF_P_qb2of3__MOM_qb2of3__C4_ROE_DYN_qmax8__v1,FCF_P_qb2of3__MOM_qb2of3,C4_ROE_DYN_qmax8,0.18668363976033464,-0.5382110437098635,0.5547541771847578,50.76923076923077,v1
PB_qb0of3__OCF_E_qb2of3__C6_ROE_DYN_ytdavg_gt_lyytdavg__v1,PB_qb0of3__OCF_E_qb2of3,C6_ROE_DYN_ytdavg_gt_lyytdavg,0.18661265690959783,-0.6031179346697652,0.5712322491983509,15.213286713286713,v1
P_IC_qb0of3__ROE_qb2of3__C3_ROE_DYN_qmax4__v1,P_IC_qb0of3__ROE_qb2of3,C3_ROE_DYN_qmax4,0.18661212670352834,-0.6747207599538638,0.5712742980561555,30.525641025641026,v1
P_IC_qb0of3__MOM_qb2of3__C13_EPS_DYN_ytdavg_gt_lyytdavg__v1,P_IC_qb0of3__MOM_qb2of3,C13_EPS_DYN_ytdavg_gt_lyytdavg,0.18660877526217168,-0.5418649379805804,0.5538610505930768,26.75438596491228,v1
P_IC_qb0of3__OCF_E_qb0of3__None__v1,P_IC_qb0of3__OCF_E_qb0of3,None,0.18659362178066208,-0.684698709588819,0.5650398960846168,40.62179487179487,v1
P_IC_qb0of3__NETDEBT_EBITDA_qb1of3__C13_EPS_DYN_ytdavg_gt_lyytdavg__v1,P_IC_qb0of3__NETDEBT_EBITDA_qb1of3,C13_EPS_DYN_ytdavg_gt_lyytdavg,0.1865834702181719,-0.6654340935180498,0.5731895223420647,22.743859649122808,v1
MOM_qb2of3__FCF_OI_qb0of3__None__v0,MOM_qb2of3__FCF_OI_qb0of3,None,0.1865124115904433,-0.5235797360820897,0.5131944838544918,182.4647435897436,v0
CROIC_qb0of3__MOM_qb2of3__C3_ROE_DYN_qmax4__v0,CROIC_qb0of3__MOM_qb2of3,C3_ROE_DYN_qmax4,0.18649788740895623,-0.5229721717579268,0.5115212790971079,172.64423076923077,v0
P_IC_qb1of3__FCF_P_qb0of3__C10_EPS_DYN_qmax4__v0,P_IC_qb1of3__FCF_P_qb0of3,C10_EPS_DYN_qmax4,0.186477523883106,-0.5293140453881147,0.5534189677717098,184.79807692307693,v0
P_IC_qb0of3__None__C17_FCF_P_DYN_qmax4__v1,P_IC_qb0of3__None,C17_FCF_P_DYN_qmax4,0.1864742610667931,-0.6574079244882706,0.5803719549463022,131.60897435897436,v1
OCF_E_qb0of3__MOM_qb0of3__C18_FCF_P_DYN_qmax8__v0,OCF_E_qb0of3__MOM_qb0of3,C18_FCF_P_DYN_qmax8,0.18646567103778722,-0.6578598163642075,0.5398753730952506,207.39102564102564,v0
PS_qb0of3__EV_S_qb1of3__C3_ROE_DYN_qmax4__v1,PS_qb0of3__EV_S_qb1of3,C3_ROE_DYN_qmax4,0.186465380381708,-0.6154774514474859,0.563525550867323,17.80128205128205,v1
PB_qb0of3__MOM_qb0of3__C17_FCF_P_DYN_qmax4__v1,PB_qb0of3__MOM_qb0of3,C17_FCF_P_DYN_qmax4,0.1864415443883325,-0.6934651209714502,0.5602250747318446,38.1025641025641,v1
P_IC_qb0of3__DEBTRATIO_qb2of3__C20_FCF_P_DYN_ytdavg_gt_lyytdavg__v1,P_IC_qb0of3__DEBTRATIO_qb2of3,C20_FCF_P_DYN_ytdavg_gt_lyytdavg,0.18641570546630137,-0.7447276334734173,0.5879732739420935,26.54895104895105,v1
EV_S_qb0of3__OCF_E_qb0of3__C6_ROE_DYN_ytdavg_gt_lyytdavg__v1,EV_S_qb0of3__OCF_E_qb0of3,C6_ROE_DYN_ytdavg_gt_lyytdavg,0.18637521837205595,-0.6138521784590314,0.5470383275261324,19.283216783216783,v1
OCF_E_qb2of3__MOM_qb0of3__C17_FCF_P_DYN_qmax4__v1,OCF_E_qb2of3__MOM_qb0of3,C17_FCF_P_DYN_qmax4,0.18635172717117654,-0.5296632822392919,0.5687732342007435,39.65064102564103,v1
P_IC_qb0of3__OCF_E_qb0of3__C17_FCF_P_DYN_qmax4__v1,P_IC_qb0of3__OCF_E_qb0of3,C17_FCF_P_DYN_qmax4,0.18626877482609516,-0.6869084095821004,0.5614002246349682,39.15064102564103,v1
CROIC_qb0of3__MOM_qb2of3__C11_EPS_DYN_qmax8__v0,CROIC_qb0of3__MOM_qb2of3,C11_EPS_DYN_qmax8,0.18623380262605704,-0.5197322689944874,0.511459802538787,170.84294871794873,v0
P_IC_qb1of3__FCF_P_qb0of3__C11_EPS_DYN_qmax8__v0,P_IC_qb1of3__FCF_P_qb0of3,C11_EPS_DYN_qmax8,0.18621909871802966,-0.5303603302187736,0.5523982723346215,182.12179487179486,v0
P_IC_qb0of3__NETDEBT_EBITDA_qb0of3__C11_EPS_DYN_qmax8__v1,P_IC_qb0of3__NETDEBT_EBITDA_qb0of3,C11_EPS_DYN_qmax8,0.1861947217612856,-0.7257207473312561,0.5764705882352941,23.67628205128205,v1
PS_qb0of3__NETDEBT_EBITDA_qb2of3__C13_EPS_DYN_ytdavg_gt_lyytdavg__v1,PS_qb0of3__NETDEBT_EBITDA_qb2of3,C13_EPS_DYN_ytdavg_gt_lyytdavg,0.18612140877170402,-0.6203378669457131,0.5499609679937549,23.059649122807016,v1
MOM_qb2of3__ROE_qb2of3__C12_EPS_DYN_yoy__v0,MOM_qb2of3__ROE_qb2of3,C12_EPS_DYN_yoy,0.18603120095610848,-0.5134399758060784,0.5614580389940661,12.26643598615917,v0
CROIC_qb0of3__MOM_qb2of3__C10_EPS_DYN_qmax4__v0,CROIC_qb0of3__MOM_qb2of3,C10_EPS_DYN_qmax4,0.18593837621895526,-0.5223274785399841,0.5113502705245825,172.9903846153846,v0
MOM_qb0of3__ROE_qb2of3__C13_EPS_DYN_ytdavg_gt_lyytdavg__v0,MOM_qb0of3__ROE_qb2of3,C13_EPS_DYN_ytdavg_gt_lyytdavg,0.18589953813111215,-0.5542045479182647,0.5712630359212051,115.45964912280702,v0
MOM_qb0of3__NETDEBT_EBITDA_qb2of3__C13_EPS_DYN_ytdavg_gt_lyytdavg__v0,MOM_qb0of3__NETDEBT_EBITDA_qb2of3,C13_EPS_DYN_ytdavg_gt_lyytdavg,0.18583406377799605,-0.6392807134937787,0.5745718733783083,86.51578947368421,v0
FCF_P_qb2of3__MOM_qb2of3__C10_EPS_DYN_qmax4__v1,FCF_P_qb2of3__MOM_qb2of3,C10_EPS_DYN_qmax4,0.18574240804566222,-0.5329424606198979,0.5548010483678818,52.02564102564103,v1
FCF_P_qb2of3__MOM_qb2of3__C11_EPS_DYN_qmax8__v1,FCF_P_qb2of3__MOM_qb2of3,C11_EPS_DYN_qmax8,0.18569529388280048,-0.5377588362427226,0.5563414049388636,51.13461538461539,v1
P_IC_qb0of3__CROIC_qb0of3__C14_EPS_DYN_ytdavg_gt_lyavg__v1,P_IC_qb0of3__CROIC_qb0of3,C14_EPS_DYN_ytdavg_gt_lyavg,0.18568699487385465,-0.7326688859699853,0.5827266710787558,20.89,v1
P_IC_qb0of3__OCF_E_qb0of3__C10_EPS_DYN_qmax4__v1,P_IC_qb0of3__OCF_E_qb0of3,C10_EPS_DYN_qmax4,0.185651645954112,-0.6859445222551062,0.563487637107269,39.67628205128205,v1
FCF_P_qb2of3__MOM_qb2of3__C3_ROE_DYN_qmax4__v1,FCF_P_qb2of3__MOM_qb2of3,C3_ROE_DYN_qmax4,0.18561272430452957,-0.5333636885496014,0.5533134328358209,51.77564102564103,v1
MOM_qb2of3__DEBTRATIO_qb2of3__C13_EPS_DYN_ytdavg_gt_lyytdavg__v0,MOM_qb2of3__DEBTRATIO_qb2of3,C13_EPS_DYN_ytdavg_gt_lyytdavg,0.18558236245806348,-0.5515288144235251,0.5417665498801402,107.85263157894737,v0
P_IC_qb1of3__OCF_E_qb0of3__C13_EPS_DYN_ytdavg_gt_lyytdavg__v0,P_IC_qb1of3__OCF_E_qb0of3,C13_EPS_DYN_ytdavg_gt_lyytdavg,0.18538769251528509,-0.5615604702053194,0.5469670710571923,95.08771929824562,v0
P_IC_qb0of3__FCF_P_qb2of3__C3_ROE_DYN_qmax4__v1,P_IC_qb0of3__FCF_P_qb2of3,C3_ROE_DYN_qmax4,0.18537763996443313,-0.6412912821188004,0.5626503126503126,69.0576923076923,v1
PS_qb0of3__FCF_P_qb2of3__C6_ROE_DYN_ytdavg_gt_lyytdavg__v1,PS_qb0of3__FCF_P_qb2of3,C6_ROE_DYN_ytdavg_gt_lyytdavg,0.1853511621065509,-0.5501021681645316,0.5606492651897346,34.80419580419581,v1
OCF_E_qb2of3__MOM_qb0of3__None__v1,OCF_E_qb2of3__MOM_qb0of3,None,0.18526549744294196,-0.5358355949853044,0.5723905723905723,40.50961538461539,v1
P_IC_qb0of3__ROE_qb2of3__C10_EPS_DYN_qmax4__v1,P_IC_qb0of3__ROE_qb2of3,C10_EPS_DYN_qmax4,0.18524350863425942,-0.6725945865498153,0.5720119793084671,30.634615384615383,v1
REVENUE_qb0of3__P_IC_qb1of3__C7_ROE_DYN_ytdavg_gt_lyavg__v1,REVENUE_qb0of3__P_IC_qb1of3,C7_ROE_DYN_ytdavg_gt_lyavg,0.18515689718063855,-0.6302888371260162,0.5531000613873542,14.99,v1
OCF_E_qb2of3__MOM_qb0of3__C18_FCF_P_DYN_qmax8__v1,OCF_E_qb2of3__MOM_qb0of3,C18_FCF_P_DYN_qmax8,0.18515549148235055,-0.5305950992601378,0.5650952232282236,39.02884615384615,v1
P_IC_qb1of3__NETDEBT_EBITDA_qb0of3__C20_FCF_P_DYN_ytdavg_gt_lyytdavg__v0,P_IC_qb1of3__NETDEBT_EBITDA_qb0of3,C20_FCF_P_DYN_ytdavg_gt_lyytdavg,0.18511267835528056,-0.508647464618194,0.562947562947563,70.41608391608392,v0
OCF_E_qb0of3__MOM_qb2of3__C14_EPS_DYN_ytdavg_gt_lyavg__v1,OCF_E_qb0of3__MOM_qb2of3,C14_EPS_DYN_ytdavg_gt_lyavg,0.18507932539855365,-0.4919639399023875,0.5359387810877289,21.963333333333335,v1
P_IC_qb0of3__FCF_OI_qb0of3__C20_FCF_P_DYN_ytdavg_gt_lyytdavg__v0,P_IC_qb0of3__FCF_OI_qb0of3,C20_FCF_P_DYN_ytdavg_gt_lyytdavg,0.18500063214801266,-0.7053912843982657,0.5736874424316856,62.96503496503497,v0
PS_qb0of3__None__C5_ROE_DYN_yoy__v0,PS_qb0of3__None,C5_ROE_DYN_yoy,0.1849944490786033,-0.5871874806016014,0.5510905031770565,19.127868852459017,v0
VOL_qb2of3__P_IC_qb1of3__C6_ROE_DYN_ytdavg_gt_lyytdavg__v0,VOL_qb2of3__P_IC_qb1of3,C6_ROE_DYN_ytdavg_gt_lyytdavg,0.18499028105312187,-0.5231851602006713,0.535120727500784,78.07692307692308,v0
OCF_E_qb2of3__MOM_qb0of3__C10_EPS_DYN_qmax4__v1,OCF_E_qb2of3__MOM_qb0of3,C10_EPS_DYN_qmax4,0.1849130658429099,-0.5335386178950856,0.5683947532792005,39.08653846153846,v1
P_IC_qb0of3__None__C11_EPS_DYN_qmax8__v1,P_IC_qb0of3__None,C11_EPS_DYN_qmax8,0.1848883516976081,-0.6614338827593563,0.5782690337999317,129.72115384615384,v1
ACCRUAL_qb0of3__MOM_qb0of3__None__v1,ACCRUAL_qb0of3__MOM_qb0of3,None,0.18484742920758834,-0.64397943346965,0.5412735849056604,42.4775641025641,v1
OCF_E_qb0of3__MOM_qb2of3__None__v0,OCF_E_qb0of3__MOM_qb2of3,None,0.18481972035128758,-0.5249140264526972,0.5094339622641509,185.41346153846155,v0
P_IC_qb0of3__MOM_qb0of3__C14_EPS_DYN_ytdavg_gt_lyavg__v1,P_IC_qb0of3__MOM_qb0of3,C14_EPS_DYN_ytdavg_gt_lyavg,0.18481752015449304,-0.5972205796292298,0.5575194727381666,21.08,v1
MOM_qb2of3__None__C14_EPS_DYN_ytdavg_gt_lyavg__v0,MOM_qb2of3__None,C14_EPS_DYN_ytdavg_gt_lyavg,0.1847064922047903,-0.5404856123451893,0.5290692093559018,344.71,v0
P_IC_qb0of3__None__C10_EPS_DYN_qmax4__v1,P_IC_qb0of3__None,C10_EPS_DYN_qmax4,0.1846695725909684,-0.656538940614807,0.5800770983003329,131.69871794871796,v1
P_IC_qb0of3__FCF_P_qb2of3__C4_ROE_DYN_qmax8__v1,P_IC_qb0of3__FCF_P_qb2of3,C4_ROE_DYN_qmax8,0.1845735214101092,-0.6510796940490039,0.5629170638703527,67.9326923076923,v1
P_IC_qb0of3__FCF_OI_qb0of3__C13_EPS_DYN_ytdavg_gt_lyytdavg__v1,P_IC_qb0of3__FCF_OI_qb0of3,C13_EPS_DYN_ytdavg_gt_lyytdavg,0.18449440933982642,-0.6584099331545469,0.5726609157266092,21.25964912280702,v1
P_IC_qb0of3__OCF_E_qb2of3__C7_ROE_DYN_ytdavg_gt_lyavg__v1,P_IC_qb0of3__OCF_E_qb2of3,C7_ROE_DYN_ytdavg_gt_lyavg,0.18439698539648686,-0.5934993097838224,0.5722993565865222,21.856666666666666,v1
PB_qb0of3__FCF_P_qb0of3__C13_EPS_DYN_ytdavg_gt_lyytdavg__v1,PB_qb0of3__FCF_P_qb0of3,C13_EPS_DYN_ytdavg_gt_lyytdavg,0.18428786263826868,-0.5963994613363408,0.5482009504412763,21.228070175438596,v1
OCF_E_qb2of3__MOM_qb0of3__C3_ROE_DYN_qmax4__v1,OCF_E_qb2of3__MOM_qb0of3,C3_ROE_DYN_qmax4,0.18420916925892805,-0.534302955391857,0.5677873338545739,38.98717948717949,v1
PS_qb0of3__ROE_qb2of3__C14_EPS_DYN_ytdavg_gt_lyavg__v1,PS_qb0of3__ROE_qb2of3,C14_EPS_DYN_ytdavg_gt_lyavg,0.18417932224791067,-0.5642324971563185,0.5738339021615472,39.53666666666667,v1
P_IC_qb1of3__FCF_P_qb0of3__None__v0,P_IC_qb1of3__FCF_P_qb0of3,None,0.1841704188723745,-0.5282846517075219,0.556743486180407,189.49679487179486,v0
P_IC_qb0of3__NETDEBT_EBITDA_qb0of3__C18_FCF_P_DYN_qmax8__v1,P_IC_qb0of3__NETDEBT_EBITDA_qb0of3,C18_FCF_P_DYN_qmax8,0.1841243737639482,-0.7213216962239049,0.5781512605042017,23.618589743589745,v1
OCF_E_qb2of3__MOM_qb0of3__C11_EPS_DYN_qmax8__v1,OCF_E_qb2of3__MOM_qb0of3,C11_EPS_DYN_qmax8,0.18384998819867437,-0.5361793516738351,0.5671570953962981,38.1025641025641,v1
PB_qb0of3__REV_G_qb0of3__C6_ROE_DYN_ytdavg_gt_lyytdavg__v1,PB_qb0of3__REV_G_qb0of3,C6_ROE_DYN_ytdavg_gt_lyytdavg,0.18381735398946542,-0.5812399440363691,0.5546816479400749,22.087412587412587,v1
P_IC_qb1of3__NETDEBT_EBITDA_qb0of3__C7_ROE_DYN_ytdavg_gt_lyavg__v1,P_IC_qb1of3__NETDEBT_EBITDA_qb0of3,C7_ROE_DYN_ytdavg_gt_lyavg,0.18378486917958803,-0.5747957014625275,0.5489527520701413,18.463333333333335,v1
PS_qb0of3__OCF_E_qb2of3__C12_EPS_DYN_yoy__v0,PS_qb0of3__OCF_E_qb2of3,C12_EPS_DYN_yoy,0.18361222397159893,-0.5547912797079086,0.5675489859058096,10.153310104529616,v0
P_IC_qb0of3__FCF_OI_qb1of3__C6_ROE_DYN_ytdavg_gt_lyytdavg__v0,P_IC_qb0of3__FCF_OI_qb1of3,C6_ROE_DYN_ytdavg_gt_lyytdavg,0.18355237094713162,-0.5915599249912524,0.567845947156292,70.7132867132867,v0
P_IC_qb1of3__DEBTRATIO_qb0of3__C6_ROE_DYN_ytdavg_gt_lyytdavg__v0,P_IC_qb1of3__DEBTRATIO_qb0of3,C6_ROE_DYN_ytdavg_gt_lyytdavg,0.18345014266492088,-0.4729830018223764,0.5441128238766809,55.33566433566433,v0
PS_qb0of3__FCF_OI_qb2of3__C20_FCF_P_DYN_ytdavg_gt_lyytdavg__v1,PS_qb0of3__FCF_OI_qb2of3,C20_FCF_P_DYN_ytdavg_gt_lyytdavg,0.18340296031632786,-0.5950307939492225,0.5607895917451772,14.741258741258742,v1
OCF_E_qb2of3__MOM_qb0of3__C14_EPS_DYN_ytdavg_gt_lyavg__v1,OCF_E_qb2of3__MOM_qb0of3,C14_EPS_DYN_ytdavg_gt_lyavg,0.18339267331474862,-0.48612818940039715,0.5756541524459613,26.80666666666667,v1
P_IC_qb0of3__NETDEBT_EBITDA_qb1of3__C20_FCF_P_DYN_ytdavg_gt_lyytdavg__v1,P_IC_qb0of3__NETDEBT_EBITDA_qb1of3,C20_FCF_P_DYN_ytdavg_gt_lyytdavg,0.18333100112783418,-0.7025510468504537,0.5858761987794245,18.384615384615383,v1
MOM_qb2of3__DEBTRATIO_qb2of3__C13_EPS_DYN_ytdavg_gt_lyytdavg__v1,MOM_qb2of3__DEBTRATIO_qb2of3,C13_EPS_DYN_ytdavg_gt_lyytdavg,0.1832398790943086,-0.5002671249019256,0.5532323960586397,27.354385964912282,v1
PS_qb0of3__DEBTRATIO_qb0of3__C20_FCF_P_DYN_ytdavg_gt_lyytdavg__v1,PS_qb0of3__DEBTRATIO_qb0of3,C20_FCF_P_DYN_ytdavg_gt_lyytdavg,0.1828400949183231,-0.5237324346517214,0.5578190533253445,14.797202797202797,v1
FCF_P_qb2of3__MOM_qb2of3__C7_ROE_DYN_ytdavg_gt_lyavg__v1,FCF_P_qb2of3__MOM_qb2of3,C7_ROE_DYN_ytdavg_gt_lyavg,0.18283977354529646,-0.5318466160242739,0.5520915548539858,30.936666666666667,v1
OCF_E_qb0of3__MOM_qb0of3__C14_EPS_DYN_ytdavg_gt_lyavg__v0,OCF_E_qb0of3__MOM_qb0of3,C14_EPS_DYN_ytdavg_gt_lyavg,0.18275900082570717,-0.6661204725073115,0.5391477567988914,109.44333333333333,v0
ACCRUAL_qb0of3__MOM_qb0of3__C3_ROE_DYN_qmax4__v1,ACCRUAL_qb0of3__MOM_qb0of3,C3_ROE_DYN_qmax4,0.1826892526758781,-0.6481228956641667,0.5376474145751436,40.76282051282051,v1
P_IC_qb0of3__NETDEBT_EBITDA_qb0of3__C17_FCF_P_DYN_qmax4__v1,P_IC_qb0of3__NETDEBT_EBITDA_qb0of3,C17_FCF_P_DYN_qmax4,0.18262995800486204,-0.7243093828812065,0.5792163543441227,23.887820512820515,v1
ROIC_qb0of3__MOM_qb0of3__C20_FCF_P_DYN_ytdavg_gt_lyytdavg__v0,ROIC_qb0of3__MOM_qb0of3,C20_FCF_P_DYN_ytdavg_gt_lyytdavg,0.18262685502851705,-0.7233704488802433,0.5334232325178193,98.9090909090909,v0
PB_qb0of3__OCF_E_qb2of3__C20_FCF_P_DYN_ytdavg_gt_lyytdavg__v1,PB_qb0of3__OCF_E_qb2of3,C20_FCF_P_DYN_ytdavg_gt_lyytdavg,0.18243475831704647,-0.6408848302928081,0.5690196078431372,17.888111888111887,v1
MOM_qb2of3__ROE_qb2of3__C10_EPS_DYN_qmax4__v0,MOM_qb2of3__ROE_qb2of3,C10_EPS_DYN_qmax4,0.18229462601489033,-0.49940083791797385,0.5477315689981096,204.71794871794873,v0
P_IC_qb0of3__NETDEBT_EBITDA_qb1of3__C4_ROE_DYN_qmax8__v1,P_IC_qb0of3__NETDEBT_EBITDA_qb1of3,C4_ROE_DYN_qmax8,0.18227673636683983,-0.6957657316401811,0.5744106090373281,34.592948717948715,v1
PS_qb0of3__OCF_E_qb2of3__C7_ROE_DYN_ytdavg_gt_lyavg__v1,PS_qb0of3__OCF_E_qb2of3,C7_ROE_DYN_ytdavg_gt_lyavg,0.1822656698411027,-0.5937359117346204,0.565207100591716,32.233333333333334,v1
MOM_qb2of3__ROE_qb2of3__C7_ROE_DYN_ytdavg_gt_lyavg__v0,MOM_qb2of3__ROE_qb2of3,C7_ROE_DYN_ytdavg_gt_lyavg,0.1822566786013351,-0.5439025591199482,0.545677310666973,129.88666666666666,v0
P_IC_qb1of3__FCF_P_qb0of3__C13_EPS_DYN_ytdavg_gt_lyytdavg__v0,P_IC_qb1of3__FCF_P_qb0of3,C13_EPS_DYN_ytdavg_gt_lyytdavg,0.18222456072907,-0.5254094703147432,0.547521801523347,103.02456140350877,v0
P_IC_qb0of3__REV_G_qb0of3__None__v1,P_IC_qb0of3__REV_G_qb0of3,None,0.1822231772976095,-0.7191995427938983,0.5551289083927592,50.830128205128204,v1
P_IC_qb0of3__MOM_qb2of3__C20_FCF_P_DYN_ytdavg_gt_lyytdavg__v1,P_IC_qb0of3__MOM_qb2of3,C20_FCF_P_DYN_ytdavg_gt_lyytdavg,0.18220596258667277,-0.6196724210032764,0.5593716719914803,23.905594405594407,v1
ACCRUAL_qb0of3__MOM_qb0of3__C10_EPS_DYN_qmax4__v1,ACCRUAL_qb0of3__MOM_qb0of3,C10_EPS_DYN_qmax4,0.18215029692846096,-0.6459862382112365,0.5382410620003018,40.81730769230769,v1
MOM_qb2of3__ROE_qb2of3__C17_FCF_P_DYN_qmax4__v0,MOM_qb2of3__ROE_qb2of3,C17_FCF_P_DYN_qmax4,0.1821481603471613,-0.4981054157879866,0.5478433835845896,202.73717948717947,v0
MOM_qb2of3__ROE_qb2of3__None__v0,MOM_qb2of3__ROE_qb2of3,None,0.1820949464447268,-0.4969970672162243,0.5478703654590781,208.40384615384616,v0
CROIC_qb0of3__MOM_qb2of3__None__v0,CROIC_qb0of3__MOM_qb2of3,None,0.18207520162114577,-0.5236169865104322,0.5098950949815707,184.53205128205127,v0
P_IC_qb1of3__CROIC_qb0of3__C13_EPS_DYN_ytdavg_gt_lyytdavg__v0,P_IC_qb1of3__CROIC_qb0of3,C13_EPS_DYN_ytdavg_gt_lyytdavg,0.1820399035238638,-0.525561551710549,0.5476698483997754,101.62456140350878,v0
MOM_qb2of3__ROE_qb2of3__C11_EPS_DYN_qmax8__v0,MOM_qb2of3__ROE_qb2of3,C11_EPS_DYN_qmax8,0.18202595277192923,-0.5001838029526265,0.5484862696055443,202.09294871794873,v0
EV_S_qb0of3__OCF_E_qb2of3__C6_ROE_DYN_ytdavg_gt_lyytdavg__v1,EV_S_qb0of3__OCF_E_qb2of3,C6_ROE_DYN_ytdavg_gt_lyytdavg,0.18194863472874623,-0.5708819363740354,0.5627329192546584,30.60839160839161,v1
P_IC_qb2of3__PS_qb1of3__C7_ROE_DYN_ytdavg_gt_lyavg__v1,P_IC_qb2of3__PS_qb1of3,C7_ROE_DYN_ytdavg_gt_lyavg,0.18194185198121948,-0.5021868276841727,0.5888044229440221,25.873333333333335,v1
MOM_qb2of3__ROE_qb2of3__C3_ROE_DYN_qmax4__v0,MOM_qb2of3__ROE_qb2of3,C3_ROE_DYN_qmax4,0.1818482322792152,-0.5005596856634086,0.5478447598596344,204.07051282051282,v0
OCF_E_qb2of3__MOM_qb0of3__C4_ROE_DYN_qmax8__v1,OCF_E_qb2of3__MOM_qb0of3,C4_ROE_DYN_qmax8,0.18180648003427557,-0.5368441691259419,0.5657414750198255,37.92948717948718,v1
MOM_qb2of3__DEBTRATIO_qb2of3__C20_FCF_P_DYN_ytdavg_gt_lyytdavg__v0,MOM_qb2of3__DEBTRATIO_qb2of3,C20_FCF_P_DYN_ytdavg_gt_lyytdavg,0.18178166618674485,-0.5671905759234753,0.5432340513243327,93.83216783216783,v0
EV_S_qb0of3__OCF_E_qb2of3__C12_EPS_DYN_yoy__v0,EV_S_qb0of3__OCF_E_qb2of3,C12_EPS_DYN_yoy,0.18173221587733668,-0.5477381547785601,0.5695983379501385,10.01038062283737,v0
MOM_qb0of3__DEBTRATIO_qb2of3__C6_ROE_DYN_ytdavg_gt_lyytdavg__v0,MOM_qb0of3__DEBTRATIO_qb2of3,C6_ROE_DYN_ytdavg_gt_lyytdavg,0.1817183866989065,-0.6082445769599277,0.5709779179810726,83.34965034965035,v0
P_IC_qb1of3__PB_qb2of3__C20_FCF_P_DYN_ytdavg_gt_lyytdavg__v1,P_IC_qb1of3__PB_qb2of3,C20_FCF_P_DYN_ytdavg_gt_lyytdavg,0.1817035430780889,-0.5082682594365047,0.5978391356542617,13.531468531468532,v1
MOM_qb2of3__ROE_qb2of3__C18_FCF_P_DYN_qmax8__v0,MOM_qb2of3__ROE_qb2of3,C18_FCF_P_DYN_qmax8,0.18169783148122698,-0.49534080021702753,0.5471012612238543,198.97435897435898,v0
MOM_qb2of3__ROE_qb2of3__C4_ROE_DYN_qmax8__v0,MOM_qb2of3__ROE_qb2of3,C4_ROE_DYN_qmax8,0.18162952001969512,-0.5005625697166531,0.5483636740832945,201.05769230769232,v0
EV_S_qb1of3__None__C2_ROE_DYN_riseq2__v0,EV_S_qb1of3__None,C2_ROE_DYN_riseq2,0.1814141291329434,-0.5063149129963,0.5661605206073753,13.049469964664311,v0
PS_qb0of3__FCF_OI_qb2of3__C13_EPS_DYN_ytdavg_gt_lyytdavg__v1,PS_qb0of3__FCF_OI_qb2of3,C13_EPS_DYN_ytdavg_gt_lyytdavg,0.18140006656529506,-0.6257327123912108,0.5670460168233548,13.652631578947368,v1
P_IC_qb0of3__None__C12_EPS_DYN_yoy__v0,P_IC_qb0of3__None,C12_EPS_DYN_yoy,0.18135167782521933,-0.672674632692036,0.5689127105666156,18.81294964028777,v0
P_IC_qb0of3__None__C4_ROE_DYN_qmax8__v1,P_IC_qb0of3__None,C4_ROE_DYN_qmax8,0.18130260366382212,-0.6616881911946224,0.5768449559918755,129.14743589743588,v1
P_IC_qb0of3__REV_G_qb0of3__C17_FCF_P_DYN_qmax4__v1,P_IC_qb0of3__REV_G_qb0of3,C17_FCF_P_DYN_qmax4,0.18120233611479097,-0.7191650007020378,0.5521263233446977,49.580128205128204,v1
P_IC_qb0of3__NETDEBT_EBITDA_qb0of3__C14_EPS_DYN_ytdavg_gt_lyavg__v1,P_IC_qb0of3__NETDEBT_EBITDA_qb0of3,C14_EPS_DYN_ytdavg_gt_lyavg,0.18115211369576167,-0.4817976449740844,0.5518102372034956,15.949664429530202,v1
ACCRUAL_qb0of3__MOM_qb0of3__C7_ROE_DYN_ytdavg_gt_lyavg__v1,ACCRUAL_qb0of3__MOM_qb0of3,C7_ROE_DYN_ytdavg_gt_lyavg,0.18110819991428673,-0.6259818051019191,0.5475979958738579,19.89666666666667,v1
P_IC_qb0of3__None__C3_ROE_DYN_qmax4__v1,P_IC_qb0of3__None,C3_ROE_DYN_qmax4,0.1810838976279463,-0.6571919142461198,0.578906113917436,131.30448717948718,v1
P_IC_qb1of3__NETDEBT_EBITDA_qb0of3__C6_ROE_DYN_ytdavg_gt_lyytdavg__v0,P_IC_qb1of3__NETDEBT_EBITDA_qb0of3,C6_ROE_DYN_ytdavg_gt_lyytdavg,0.18105976290183023,-0.5000436684987852,0.5482388973966309,69.74125874125875,v0
MOM_qb0of3__None__C7_ROE_DYN_ytdavg_gt_lyavg__v0,MOM_qb0of3__None,C7_ROE_DYN_ytdavg_gt_lyavg,0.1810487783755319,-0.5850672585516565,0.5756505718891533,261.5366666666667,v0
EV_S_qb0of3__FCF_OI_qb2of3__C7_ROE_DYN_ytdavg_gt_lyavg__v1,EV_S_qb0of3__FCF_OI_qb2of3,C7_ROE_DYN_ytdavg_gt_lyavg,0.18102404794559424,-0.5638427537881969,0.566350710900474,14.326666666666666,v1
P_IC_qb0of3__NETDEBT_EBITDA_qb1of3__C3_ROE_DYN_qmax4__v1,P_IC_qb0of3__NETDEBT_EBITDA_qb1of3,C3_ROE_DYN_qmax4,0.1810060376460647,-0.6904089060243377,0.5737910298170884,35.18910256410256,v1
PS_qb0of3__ROE_qb2of3__C6_ROE_DYN_ytdavg_gt_lyytdavg__v1,PS_qb0of3__ROE_qb2of3,C6_ROE_DYN_ytdavg_gt_lyytdavg,0.18088551107846884,-0.7026461156953507,0.5681581685744017,33.50349650349651,v1
PB_qb0of3__NETDEBT_EBITDA_qb0of3__C13_EPS_DYN_ytdavg_gt_lyytdavg__v1,PB_qb0of3__NETDEBT_EBITDA_qb0of3,C13_EPS_DYN_ytdavg_gt_lyytdavg,0.18083468897250965,-0.5473233203474104,0.5460396039603961,18.519298245614035,v1
OCF_E_qb0of3__MOM_qb2of3__C7_ROE_DYN_ytdavg_gt_lyavg__v1,OCF_E_qb0of3__MOM_qb2of3,C7_ROE_DYN_ytdavg_gt_lyavg,0.18083313790640587,-0.5190574866303012,0.5340212834569493,18.323333333333334,v1
P_IC_qb0of3__REV_G_qb0of3__C20_FCF_P_DYN_ytdavg_gt_lyytdavg__v1,P_IC_qb0of3__REV_G_qb0of3,C20_FCF_P_DYN_ytdavg_gt_lyytdavg,0.18071226981619049,-0.6843793129966305,0.5499836119305146,24.818181818181817,v1
P_IC_qb0of3__OCF_E_qb2of3__C14_EPS_DYN_ytdavg_gt_lyavg__v1,P_IC_qb0of3__OCF_E_qb2of3,C14_EPS_DYN_ytdavg_gt_lyavg,0.1806476395784078,-0.6256217771411743,0.5654654654654655,24.93,v1
MOM_qb2of3__None__C7_ROE_DYN_ytdavg_gt_lyavg__v1,MOM_qb2of3__None,C7_ROE_DYN_ytdavg_gt_lyavg,0.18063114270889624,-0.4836590233576411,0.5406073446327684,75.42,v1
P_IC_qb1of3__None__C9_EPS_DYN_riseq2__v0,P_IC_qb1of3__None,C9_EPS_DYN_riseq2,0.18059084604447095,-0.44059085823784405,0.5589652548820695,13.70486111111111,v0
CROIC_qb0of3__MOM_qb2of3__C7_ROE_DYN_ytdavg_gt_lyavg__v1,CROIC_qb0of3__MOM_qb2of3,C7_ROE_DYN_ytdavg_gt_lyavg,0.18055989905816094,-0.7450567655771405,0.541958041958042,18.436666666666667,v1
P_IC_qb0of3__REV_G_qb0of3__C18_FCF_P_DYN_qmax8__v1,P_IC_qb0of3__REV_G_qb0of3,C18_FCF_P_DYN_qmax8,0.18043839603201106,-0.7193488760179274,0.5512342390339193,48.90384615384615,v1
MOM_qb2of3__FCF_OI_qb0of3__C7_ROE_DYN_ytdavg_gt_lyavg__v1,MOM_qb2of3__FCF_OI_qb0of3,C7_ROE_DYN_ytdavg_gt_lyavg,0.1803082601030952,-0.7148366037664424,0.543918918918919,19.076666666666668,v1
REVENUE_qb0of3__P_IC_qb1of3__C6_ROE_DYN_ytdavg_gt_lyytdavg__v1,REVENUE_qb0of3__P_IC_qb1of3,C6_ROE_DYN_ytdavg_gt_lyytdavg,0.18029578513446265,-0.6007027992348368,0.5441176470588235,14.517482517482517,v1
PS_qb0of3__OCF_E_qb2of3__C13_EPS_DYN_ytdavg_gt_lyytdavg__v1,PS_qb0of3__OCF_E_qb2of3,C13_EPS_DYN_ytdavg_gt_lyytdavg,0.1802629213168616,-0.5479802412603526,0.5598096474150984,36.09473684210526,v1
EV_S_qb0of3__OCF_E_qb2of3__C13_EPS_DYN_ytdavg_gt_lyytdavg__v1,EV_S_qb0of3__OCF_E_qb2of3,C13_EPS_DYN_ytdavg_gt_lyytdavg,0.18020188145754523,-0.5586219093027157,0.5611386672417511,35.83859649122807,v1
P_IC_qb0of3__REV_G_qb0of3__C10_EPS_DYN_qmax4__v1,P_IC_qb0of3__REV_G_qb0of3,C10_EPS_DYN_qmax4,0.180160335779336,-0.7173880282288241,0.5535939470365699,49.419871794871796,v1
ACCRUAL_qb0of3__MOM_qb0of3__C11_EPS_DYN_qmax8__v1,ACCRUAL_qb0of3__MOM_qb0of3,C11_EPS_DYN_qmax8,0.18007887523908295,-0.6500988698921193,0.5347732843137255,39.79807692307692,v1
VOL_qb2of3__P_IC_qb1of3__C14_EPS_DYN_ytdavg_gt_lyavg__v1,VOL_qb2of3__P_IC_qb1of3,C14_EPS_DYN_ytdavg_gt_lyavg,0.1799574537776567,-0.6294539797955092,0.5344827586206896,21.613333333333333,v1
PB_qb0of3__FCF_P_qb0of3__C6_ROE_DYN_ytdavg_gt_lyytdavg__v1,PB_qb0of3__FCF_P_qb0of3,C6_ROE_DYN_ytdavg_gt_lyytdavg,0.17979444249915755,-0.7707520479630059,0.5500384911470362,18.61888111888112,v1
PS_qb0of3__ROE_qb2of3__C20_FCF_P_DYN_ytdavg_gt_lyytdavg__v1,PS_qb0of3__ROE_qb2of3,C20_FCF_P_DYN_ytdavg_gt_lyytdavg,0.1797382829613834,-0.5162279096032798,0.5619495008807985,27.475524475524477,v1
PB_qb0of3__CROIC_qb0of3__C6_ROE_DYN_ytdavg_gt_lyytdavg__v1,PB_qb0of3__CROIC_qb0of3,C6_ROE_DYN_ytdavg_gt_lyytdavg,0.17953676854526868,-0.7678246151002561,0.5524316109422492,18.62937062937063,v1
ACCRUAL_qb0of3__MOM_qb0of3__C17_FCF_P_DYN_qmax4__v1,ACCRUAL_qb0of3__MOM_qb0of3,C17_FCF_P_DYN_qmax4,0.17945796248240242,-0.6431322958349522,0.538999702292349,41.67948717948718,v1
P_IC_qb0of3__REV_G_qb0of3__C11_EPS_DYN_qmax8__v1,P_IC_qb0of3__REV_G_qb0of3,C11_EPS_DYN_qmax8,0.17944207890382224,-0.7260238277557448,0.551779359430605,48.666666666666664,v1
P_IC_qb0of3__FCF_P_qb0of3__C13_EPS_DYN_ytdavg_gt_lyytdavg__v1,P_IC_qb0of3__FCF_P_qb0of3,C13_EPS_DYN_ytdavg_gt_lyytdavg,0.17937287673117774,-0.669447800752442,0.5752577319587628,20.649122807017545,v1
PS_qb0of3__None__C12_EPS_DYN_yoy__v0,PS_qb0of3__None,C12_EPS_DYN_yoy,0.17929443031409997,-0.6301420659301143,0.5524259198957994,20.104575163398692,v0
VOL_qb2of3__MOM_qb0of3__None__v1,VOL_qb2of3__MOM_qb0of3,None,0.17908840093656853,-0.6643327590917159,0.5227882037533512,46.63782051282051,v1
PS_qb0of3__NETDEBT_EBITDA_qb2of3__C6_ROE_DYN_ytdavg_gt_lyytdavg__v1,PS_qb0of3__NETDEBT_EBITDA_qb2of3,C6_ROE_DYN_ytdavg_gt_lyytdavg,0.17906218630502035,-0.732404673043902,0.5403973509933775,19.926573426573427,v1
ACCRUAL_qb0of3__MOM_qb0of3__C18_FCF_P_DYN_qmax8__v1,ACCRUAL_qb0of3__MOM_qb0of3,C18_FCF_P_DYN_qmax8,0.17906105146586837,-0.643500337390212,0.5365012741717884,41.17948717948718,v1
MOM_qb2of3__ROE_qb2of3__C5_ROE_DYN_yoy__v0,MOM_qb2of3__ROE_qb2of3,C5_ROE_DYN_yoy,0.17898274049448326,-0.512995933006858,0.555127445168939,11.69204152249135,v0
P_IC_qb0of3__FCF_P_qb2of3__C13_EPS_DYN_ytdavg_gt_lyytdavg__v1,P_IC_qb0of3__FCF_P_qb2of3,C13_EPS_DYN_ytdavg_gt_lyytdavg,0.17893346905977858,-0.5275512421312889,0.5533130236100533,42.73684210526316,v1
EV_S_qb0of3__MOM_qb2of3__C6_ROE_DYN_ytdavg_gt_lyytdavg__v1,EV_S_qb0of3__MOM_qb2of3,C6_ROE_DYN_ytdavg_gt_lyytdavg,0.17880599325439617,-0.7193463061474005,0.5369493131217432,28.36013986013986,v1
ACCRUAL_qb0of3__MOM_qb0of3__C4_ROE_DYN_qmax8__v1,ACCRUAL_qb0of3__MOM_qb0of3,C4_ROE_DYN_qmax8,0.17878948543825945,-0.6532417435444123,0.5341939449823268,39.69551282051282,v1
CROIC_qb0of3__MOM_qb0of3__C13_EPS_DYN_ytdavg_gt_lyytdavg__v0,CROIC_qb0of3__MOM_qb0of3,C13_EPS_DYN_ytdavg_gt_lyytdavg,0.17862182994566078,-0.6124234362738348,0.5301815111861545,109.1859649122807,v0
P_IC_qb0of3__REV_G_qb0of3__C3_ROE_DYN_qmax4__v1,P_IC_qb0of3__REV_G_qb0of3,C3_ROE_DYN_qmax4,0.1785741072379623,-0.7179564399402278,0.554017616394032,49.36538461538461,v1
P_IC_qb1of3__None__C2_ROE_DYN_riseq2__v0,P_IC_qb1of3__None,C2_ROE_DYN_riseq2,0.1785642061832977,-0.44766670387130036,0.5580721622333421,13.240418118466899,v0
PB_qb0of3__CROIC_qb0of3__C13_EPS_DYN_ytdavg_gt_lyytdavg__v1,PB_qb0of3__CROIC_qb0of3,C13_EPS_DYN_ytdavg_gt_lyytdavg,0.17849052150535538,-0.6016418977852247,0.553170077155317,21.28421052631579,v1
EV_S_qb1of3__DEBTRATIO_qb1of3__C7_ROE_DYN_ytdavg_gt_lyavg__v0,EV_S_qb1of3__DEBTRATIO_qb1of3,C7_ROE_DYN_ytdavg_gt_lyavg,0.17836606100434316,-0.5245245511800574,0.5875101050929669,94.43,v0
P_IC_qb0of3__FCF_OI_qb1of3__C14_EPS_DYN_ytdavg_gt_lyavg__v1,P_IC_qb0of3__FCF_OI_qb1of3,C14_EPS_DYN_ytdavg_gt_lyavg,0.17798208579951935,-0.650654046303375,0.5513959390862944,21.973333333333333,v1
P_IC_qb0of3__OCF_E_qb2of3__C20_FCF_P_DYN_ytdavg_gt_lyytdavg__v1,P_IC_qb0of3__OCF_E_qb2of3,C20_FCF_P_DYN_ytdavg_gt_lyytdavg,0.17797915595124647,-0.7217691516151197,0.5743159203980099,23.76923076923077,v1
EV_S_qb1of3__None__C12_EPS_DYN_yoy__v0,EV_S_qb1of3__None,C12_EPS_DYN_yoy,0.1779475286235539,-0.4806728512722791,0.5679398872886663,21.05592105263158,v0
FCF_P_qb0of3__MOM_qb2of3__C13_EPS_DYN_ytdavg_gt_lyytdavg__v1,FCF_P_qb0of3__MOM_qb2of3,C13_EPS_DYN_ytdavg_gt_lyytdavg,0.1778950721912167,-0.4580885756660821,0.5328048113723346,21.87017543859649,v1
FCF_P_qb2of3__MOM_qb2of3__C20_FCF_P_DYN_ytdavg_gt_lyytdavg__v1,FCF_P_qb2of3__MOM_qb2of3,C20_FCF_P_DYN_ytdavg_gt_lyytdavg,0.1778930718692957,-0.5380691437892288,0.5495428251539466,33.14685314685315,v1
FCF_P_qb2of3__MOM_qb2of3__C14_EPS_DYN_ytdavg_gt_lyavg__v1,FCF_P_qb2of3__MOM_qb2of3,C14_EPS_DYN_ytdavg_gt_lyavg,0.17783939485556233,-0.5269487466905061,0.5542857142857143,35.513333333333335,v1
MOM_qb2of3__FCF_OI_qb0of3__C20_FCF_P_DYN_ytdavg_gt_lyytdavg__v0,MOM_qb2of3__FCF_OI_qb0of3,C20_FCF_P_DYN_ytdavg_gt_lyytdavg,0.17780150095636493,-0.49780823124011875,0.518055058991777,66.99300699300699,v0
PB_qb0of3__OCF_E_qb0of3__C7_ROE_DYN_ytdavg_gt_lyavg__v1,PB_qb0of3__OCF_E_qb0of3,C7_ROE_DYN_ytdavg_gt_lyavg,0.1777649977199034,-0.7005831889772289,0.5655430711610487,22.91,v1
FCF_P_qb2of3__MOM_qb0of3__C13_EPS_DYN_ytdavg_gt_lyytdavg__v1,FCF_P_qb2of3__MOM_qb0of3,C13_EPS_DYN_ytdavg_gt_lyytdavg,0.1776665905473649,-0.5709275005165799,0.5654791771199197,23.477192982456142,v1
EV_S_qb0of3__FCF_OI_qb2of3__C20_FCF_P_DYN_ytdavg_gt_lyytdavg__v1,EV_S_qb0of3__FCF_OI_qb2of3,C20_FCF_P_DYN_ytdavg_gt_lyytdavg,0.17766221475522626,-0.6177355661698906,0.5649153278332609,15.62937062937063,v1
PB_qb0of3__REV_G_qb0of3__C13_EPS_DYN_ytdavg_gt_lyytdavg__v1,PB_qb0of3__REV_G_qb0of3,C13_EPS_DYN_ytdavg_gt_lyytdavg,0.17761863690259494,-0.5297107700979535,0.5473472128945601,24.20701754385965,v1
OCF_E_qb0of3__MOM_qb2of3__C20_FCF_P_DYN_ytdavg_gt_lyytdavg__v0,OCF_E_qb0of3__MOM_qb2of3,C20_FCF_P_DYN_ytdavg_gt_lyytdavg,0.1775878352419662,-0.5141228620685027,0.5200599492736915,70.8041958041958,v0
P_IC_qb0of3__REV_G_qb0of3__C4_ROE_DYN_qmax8__v1,P_IC_qb0of3__REV_G_qb0of3,C4_ROE_DYN_qmax8,0.177461853676403,-0.7281206708272691,0.5514549325762953,48.57371794871795,v1
P_IC_qb0of3__CROIC_qb0of3__C6_ROE_DYN_ytdavg_gt_lyytdavg__v1,P_IC_qb0of3__CROIC_qb0of3,C6_ROE_DYN_ytdavg_gt_lyytdavg,0.17743201991214264,-0.6688325768737323,0.5768930523028883,17.762237762237763,v1
PB_qb0of3__None__C9_EPS_DYN_riseq2__v0,PB_qb0of3__None,C9_EPS_DYN_riseq2,0.17740177822205028,-0.6024249140964664,0.5664224275246894,11.98473282442748,v0
P_IC_qb0of3__DEBTRATIO_qb2of3__C6_ROE_DYN_ytdavg_gt_lyytdavg__v1,P_IC_qb0of3__DEBTRATIO_qb2of3,C6_ROE_DYN_ytdavg_gt_lyytdavg,0.17728104074108897,-0.6842798177506098,0.5708469055374593,24.472027972027973,v1
MOM_qb2of3__None__C9_EPS_DYN_riseq2__v0,MOM_qb2of3__None,C9_EPS_DYN_riseq2,0.1770874105837379,-0.6458655153263543,0.5547187573546717,14.863636363636363,v0
P_IC_qb0of3__DEBTRATIO_qb2of3__C13_EPS_DYN_ytdavg_gt_lyytdavg__v1,P_IC_qb0of3__DEBTRATIO_qb2of3,C13_EPS_DYN_ytdavg_gt_lyytdavg,0.1769726658249937,-0.6323687539314653,0.5725218658892128,27.582456140350878,v1
MOM_qb2of3__ROE_qb2of3__C14_EPS_DYN_ytdavg_gt_lyavg__v0,MOM_qb2of3__ROE_qb2of3,C14_EPS_DYN_ytdavg_gt_lyavg,0.17683425184542623,-0.5334576172180083,0.5458429404584294,153.70666666666668,v0
VOL_qb2of3__MOM_qb0of3__C10_EPS_DYN_qmax4__v1,VOL_qb2of3__MOM_qb0of3,C10_EPS_DYN_qmax4,0.17677634871683345,-0.6559511727908729,0.5217914036669672,45.50961538461539,v1
P_IC_qb1of3__ROIC_qb2of3__C20_FCF_P_DYN_ytdavg_gt_lyytdavg__v1,P_IC_qb1of3__ROIC_qb2of3,C20_FCF_P_DYN_ytdavg_gt_lyytdavg,0.17668540289535084,-0.4472893915019083,0.5707871104067618,29.321678321678323,v1
FCF_P_qb2of3__MOM_qb2of3__C20_FCF_P_DYN_ytdavg_gt_lyytdavg__v0,FCF_P_qb2of3__MOM_qb2of3,C20_FCF_P_DYN_ytdavg_gt_lyytdavg,0.17660098759824971,-0.5575403853949285,0.5476644423260247,125.52447552447552,v0
VOL_qb2of3__MOM_qb0of3__C3_ROE_DYN_qmax4__v1,VOL_qb2of3__MOM_qb0of3,C3_ROE_DYN_qmax4,0.1765740985704627,-0.657294202565665,0.5211056031245306,45.458333333333336,v1
P_IC_qb0of3__NETDEBT_EBITDA_qb1of3__C6_ROE_DYN_ytdavg_gt_lyytdavg__v0,P_IC_qb0of3__NETDEBT_EBITDA_qb1of3,C6_ROE_DYN_ytdavg_gt_lyytdavg,0.1765395185740699,-0.6233772816794718,0.5780456852791879,72.24825174825175,v0
EV_S_qb0of3__MOM_qb0of3__C6_ROE_DYN_ytdavg_gt_lyytdavg__v1,EV_S_qb0of3__MOM_qb0of3,C6_ROE_DYN_ytdavg_gt_lyytdavg,0.17649769401777426,-0.6710269408017402,0.5677459918264697,20.104895104895103,v1
EV_S_qb1of3__NETDEBT_EBITDA_qb2of3__C7_ROE_DYN_ytdavg_gt_lyavg__v0,EV_S_qb1of3__NETDEBT_EBITDA_qb2of3,C7_ROE_DYN_ytdavg_gt_lyavg,0.17648321696083924,-0.5632386072196929,0.5705679862306369,75.09,v0
MOM_qb2of3__None__C7_ROE_DYN_ytdavg_gt_lyavg__v0,MOM_qb2of3__None,C7_ROE_DYN_ytdavg_gt_lyavg,0.17646433873377143,-0.5426774851769947,0.5288360459636785,292.4433333333333,v0
CROIC_qb0of3__MOM_qb2of3__C13_EPS_DYN_ytdavg_gt_lyytdavg__v1,CROIC_qb0of3__MOM_qb2of3,C13_EPS_DYN_ytdavg_gt_lyytdavg,0.17637889089316472,-0.4510735714519345,0.5366325684268731,21.575438596491228,v1
PS_qb0of3__FCF_OI_qb2of3__C6_ROE_DYN_ytdavg_gt_lyytdavg__v1,PS_qb0of3__FCF_OI_qb2of3,C6_ROE_DYN_ytdavg_gt_lyytdavg,0.1762870523406732,-0.5256662624495176,0.5696767001114827,11.944055944055943,v1
EV_S_qb1of3__NETDEBT_EBITDA_qb2of3__C13_EPS_DYN_ytdavg_gt_lyytdavg__v0,EV_S_qb1of3__NETDEBT_EBITDA_qb2of3,C13_EPS_DYN_ytdavg_gt_lyytdavg,0.17620792630349258,-0.5589333838379453,0.5721329437545654,84.09122807017543,v0
PS_qb0of3__DEBTRATIO_qb0of3__C14_EPS_DYN_ytdavg_gt_lyavg__v1,PS_qb0of3__DEBTRATIO_qb0of3,C14_EPS_DYN_ytdavg_gt_lyavg,0.17607748945454915,-0.5725678230544474,0.5545550847457628,18.36,v1
P_IC_qb1of3__ROIC_qb2of3__C19_FCF_P_DYN_yoy__v0,P_IC_qb1of3__ROIC_qb2of3,C19_FCF_P_DYN_yoy,0.17604855672551611,-0.5658334389724624,0.5737530951538734,10.103571428571428,v0
P_IC_qb0of3__FCF_OI_qb1of3__C13_EPS_DYN_ytdavg_gt_lyytdavg__v0,P_IC_qb0of3__FCF_OI_qb1of3,C13_EPS_DYN_ytdavg_gt_lyytdavg,0.176044613171489,-0.5755752155730605,0.5714839710444675,81.67017543859649,v0
MOM_qb2of3__None__C14_EPS_DYN_ytdavg_gt_lyavg__v1,MOM_qb2of3__None,C14_EPS_DYN_ytdavg_gt_lyavg,0.1760250403620245,-0.4754800751622308,0.5438274437815511,88.44666666666667,v1
EV_EBITDA_qb0of3__MOM_qb0of3__None__v1,EV_EBITDA_qb0of3__MOM_qb0of3,None,0.17601379464514277,-0.69450049323812,0.5443322109988776,42.82692307692308,v1
VOL_qb2of3__MOM_qb0of3__C11_EPS_DYN_qmax8__v1,VOL_qb2of3__MOM_qb0of3,C11_EPS_DYN_qmax8,0.1759320013613972,-0.6641059252625654,0.5197219283663291,44.919871794871796,v1
P_IC_qb1of3__ROIC_qb2of3__None__v1,P_IC_qb1of3__ROIC_qb2of3,None,0.17576758679513604,-0.4580163359895525,0.5729696409308059,56.92948717948718,v1
P_IC_qb1of3__ACCRUAL_qb2of3__C14_EPS_DYN_ytdavg_gt_lyavg__v0,P_IC_qb1of3__ACCRUAL_qb2of3,C14_EPS_DYN_ytdavg_gt_lyavg,0.17571424382026435,-0.5684082337416299,0.5616524755597603,108.06333333333333,v0
PS_qb0of3__None__C16_FCF_P_DYN_riseq2__v0,PS_qb0of3__None,C16_FCF_P_DYN_riseq2,0.1756386188476009,-0.5626809274822748,0.5638939910784571,13.246527777777779,v0
P_IC_qb1of3__DEBTRATIO_qb0of3__C7_ROE_DYN_ytdavg_gt_lyavg__v1,P_IC_qb1of3__DEBTRATIO_qb0of3,C7_ROE_DYN_ytdavg_gt_lyavg,0.1755794163257225,-0.5807030718154171,0.5514800514800515,14.127090301003344,v1
P_IC_qb0of3__OCF_E_qb0of3__C4_ROE_DYN_qmax8__v1,P_IC_qb0of3__OCF_E_qb0of3,C4_ROE_DYN_qmax8,0.17557444560583857,-0.6908322052489162,0.5613969905257291,38.916666666666664,v1
P_IC_qb1of3__ROIC_qb2of3__None__v0,P_IC_qb1of3__ROIC_qb2of3,None,0.17557372665014293,-0.49289526786152216,0.5732350800582242,212.89423076923077,v0
P_IC_qb1of3__DEBTRATIO_qb0of3__C20_FCF_P_DYN_ytdavg_gt_lyytdavg__v1,P_IC_qb1of3__DEBTRATIO_qb0of3,C20_FCF_P_DYN_ytdavg_gt_lyytdavg,0.17555041646679848,-0.477941321947678,0.5408163265306123,12.646853146853147,v1
P_IC_qb0of3__NETDEBT_EBITDA_qb1of3__C13_EPS_DYN_ytdavg_gt_lyytdavg__v0,P_IC_qb0of3__NETDEBT_EBITDA_qb1of3,C13_EPS_DYN_ytdavg_gt_lyytdavg,0.17552557062876484,-0.5972060752779899,0.5787917975244781,84.5859649122807,v0
EV_S_qb1of3__NETDEBT_EBITDA_qb2of3__None__v0,EV_S_qb1of3__NETDEBT_EBITDA_qb2of3,None,0.17540029440781457,-0.5865031118540361,0.5838393274170948,168.9903846153846,v0
P_IC_qb1of3__NETDEBT_EBITDA_qb0of3__C13_EPS_DYN_ytdavg_gt_lyytdavg__v1,P_IC_qb1of3__NETDEBT_EBITDA_qb0of3,C13_EPS_DYN_ytdavg_gt_lyytdavg,0.1753961466437004,-0.609291596592346,0.5413368513632366,20.712280701754388,v1
MOM_qb0of3__None__C13_EPS_DYN_ytdavg_gt_lyytdavg__v0,MOM_qb0of3__None,C13_EPS_DYN_ytdavg_gt_lyytdavg,0.1750981900532571,-0.5579619266418498,0.5754653724576136,310.1719298245614,v0
P_IC_qb0of3__CROIC_qb0of3__C13_EPS_DYN_ytdavg_gt_lyytdavg__v1,P_IC_qb0of3__CROIC_qb0of3,C13_EPS_DYN_ytdavg_gt_lyytdavg,0.17491990993920625,-0.6617943991174655,0.577079107505071,20.589473684210525,v1
P_IC_qb0of3__None__C20_FCF_P_DYN_ytdavg_gt_lyytdavg__v1,P_IC_qb0of3__None,C20_FCF_P_DYN_ytdavg_gt_lyytdavg,0.17491235404843852,-0.6473814786499335,0.5770433229120143,67.86013986013987,v1
EV_S_qb1of3__NETDEBT_EBITDA_qb2of3__C18_FCF_P_DYN_qmax8__v0,EV_S_qb1of3__NETDEBT_EBITDA_qb2of3,C18_FCF_P_DYN_qmax8,0.17485136711655946,-0.5921613934569847,0.5824247996847498,154.72435897435898,v0
FCF_P_qb0of3__MOM_qb2of3__C20_FCF_P_DYN_ytdavg_gt_lyytdavg__v0,FCF_P_qb0of3__MOM_qb2of3,C20_FCF_P_DYN_ytdavg_gt_lyytdavg,0.1748500947421976,-0.5307265250512625,0.512486427795874,67.05594405594405,v0
OCF_E_qb2of3__MOM_qb0of3__C7_ROE_DYN_ytdavg_gt_lyavg__v1,OCF_E_qb2of3__MOM_qb0of3,C7_ROE_DYN_ytdavg_gt_lyavg,0.1748022713153523,-0.5333250276488022,0.5693043016463091,22.63,v1
P_IC_qb1of3__ROIC_qb2of3__C3_ROE_DYN_qmax4__v1,P_IC_qb1of3__ROIC_qb2of3,C3_ROE_DYN_qmax4,0.17479931018839068,-0.4588276073333105,0.5676281572261247,55.57371794871795,v1
P_IC_qb0of3__PB_qb0of3__C12_EPS_DYN_yoy__v0,P_IC_qb0of3__PB_qb0of3,C12_EPS_DYN_yoy,0.17474985330318793,-0.7197006618461377,0.5728584044745364,13.430830039525691,v0
P_IC_qb1of3__ROIC_qb2of3__C10_EPS_DYN_qmax4__v1,P_IC_qb1of3__ROIC_qb2of3,C10_EPS_DYN_qmax4,0.17471427965113095,-0.4590428618367246,0.5676770708283313,55.75320512820513,v1
P_IC_qb0of3__FCF_P_qb2of3__C20_FCF_P_DYN_ytdavg_gt_lyytdavg__v1,P_IC_qb0of3__FCF_P_qb2of3,C20_FCF_P_DYN_ytdavg_gt_lyytdavg,0.17469528856728544,-0.6701699644249148,0.5664160401002506,42.00349650349651,v1
FCF_P_qb0of3__MOM_qb0of3__C13_EPS_DYN_ytdavg_gt_lyytdavg__v0,FCF_P_qb0of3__MOM_qb0of3,C13_EPS_DYN_ytdavg_gt_lyytdavg,0.1745399283694773,-0.6170126927424884,0.5310701476353323,109.49473684210527,v0
VOL_qb2of3__P_IC_qb1of3__C20_FCF_P_DYN_ytdavg_gt_lyytdavg__v1,VOL_qb2of3__P_IC_qb1of3,C20_FCF_P_DYN_ytdavg_gt_lyytdavg,0.17453806757227697,-0.6131693197982038,0.5401695599515542,17.545454545454547,v1
VOL_qb2of3__MOM_qb0of3__C4_ROE_DYN_qmax8__v1,VOL_qb2of3__MOM_qb0of3,C4_ROE_DYN_qmax8,0.1744532630306126,-0.6668284181786337,0.5195530726256983,44.84935897435897,v1
EV_S_qb1of3__NETDEBT_EBITDA_qb2of3__C17_FCF_P_DYN_qmax4__v0,EV_S_qb1of3__NETDEBT_EBITDA_qb2of3,C17_FCF_P_DYN_qmax4,0.17440886897476382,-0.588828041846335,0.5836619718309859,157.59294871794873,v0
P_IC_qb0of3__OCF_E_qb0of3__C3_ROE_DYN_qmax4__v1,P_IC_qb0of3__OCF_E_qb0of3,C3_ROE_DYN_qmax4,0.1744060415933224,-0.6882674584930022,0.5629409580393613,39.5224358974359,v1
FCF_P_qb2of3__MOM_qb2of3__C6_ROE_DYN_ytdavg_gt_lyytdavg__v0,FCF_P_qb2of3__MOM_qb2of3,C6_ROE_DYN_ytdavg_gt_lyytdavg,0.17438889980339178,-0.5172605180216855,0.5532844437509752,110.26923076923077,v0
P_IC_qb1of3__ROIC_qb2of3__C4_ROE_DYN_qmax8__v1,P_IC_qb1of3__ROIC_qb2of3,C4_ROE_DYN_qmax8,0.17416308320113405,-0.46240902305611853,0.5663092965193127,54.58653846153846,v1
EV_S_qb0of3__NETDEBT_EBITDA_qb2of3__C6_ROE_DYN_ytdavg_gt_lyytdavg__v1,EV_S_qb0of3__NETDEBT_EBITDA_qb2of3,C6_ROE_DYN_ytdavg_gt_lyytdavg,0.1741377383098146,-0.7748513922138707,0.5406125166444741,12.482394366197184,v1
EV_S_qb1of3__NETDEBT_EBITDA_qb2of3__C10_EPS_DYN_qmax4__v0,EV_S_qb1of3__NETDEBT_EBITDA_qb2of3,C10_EPS_DYN_qmax4,0.1740168730831011,-0.5877133977661182,0.577193475815523,157.5897435897436,v0
FCF_P_qb2of3__MOM_qb2of3__C6_ROE_DYN_ytdavg_gt_lyytdavg__v1,FCF_P_qb2of3__MOM_qb2of3,C6_ROE_DYN_ytdavg_gt_lyytdavg,0.17400138666725562,-0.5158729097558006,0.5468620974401321,29.786713286713287,v1
MOM_qb2of3__ROE_qb2of3__C7_ROE_DYN_ytdavg_gt_lyavg__v1,MOM_qb2of3__ROE_qb2of3,C7_ROE_DYN_ytdavg_gt_lyavg,0.17381612909545163,-0.5540776782214387,0.5510540788267644,35.56666666666667,v1
P_IC_qb0of3__MOM_qb2of3__C20_FCF_P_DYN_ytdavg_gt_lyytdavg__v0,P_IC_qb0of3__MOM_qb2of3,C20_FCF_P_DYN_ytdavg_gt_lyytdavg,0.17361601746083122,-0.6542892827526151,0.5464599585267108,93.0979020979021,v0
MOM_qb2of3__ROE_qb2of3__C17_FCF_P_DYN_qmax4__v1,MOM_qb2of3__ROE_qb2of3,C17_FCF_P_DYN_qmax4,0.1735375718542156,-0.5247200251581183,0.5540852252033507,53.05769230769231,v1
P_IC_qb0of3__None__C16_FCF_P_DYN_riseq2__v0,P_IC_qb0of3__None,C16_FCF_P_DYN_riseq2,0.17347386097726725,-0.5973801985687976,0.5620167027528611,13.15040650406504,v0
P_IC_qb0of3__REV_G_qb0of3__C14_EPS_DYN_ytdavg_gt_lyavg__v1,P_IC_qb0of3__REV_G_qb0of3,C14_EPS_DYN_ytdavg_gt_lyavg,0.17343985491450042,-0.6583889163292929,0.5426008968609866,25.735785953177256,v1
P_IC_qb1of3__ROIC_qb2of3__C17_FCF_P_DYN_qmax4__v1,P_IC_qb1of3__ROIC_qb2of3,C17_FCF_P_DYN_qmax4,0.17336926945452813,-0.46162405014686814,0.5722447752217712,55.51282051282051,v1
VOL_qb2of3__MOM_qb0of3__C17_FCF_P_DYN_qmax4__v1,VOL_qb2of3__MOM_qb0of3,C17_FCF_P_DYN_qmax4,0.17328973097301592,-0.6657179129354116,0.5219739013049347,45.66346153846154,v1
PB_qb0of3__OCF_E_qb0of3__C6_ROE_DYN_ytdavg_gt_lyytdavg__v1,PB_qb0of3__OCF_E_qb0of3,C6_ROE_DYN_ytdavg_gt_lyytdavg,0.17314700138663786,-0.6705447930745105,0.56,21.874125874125873,v1
MOM_qb2of3__ROE_qb2of3__None__v1,MOM_qb2of3__ROE_qb2of3,None,0.1731084575769939,-0.524859347189522,0.5537010159651669,54.56410256410256,v1
EV_S_qb1of3__NETDEBT_EBITDA_qb2of3__C4_ROE_DYN_qmax8__v0,EV_S_qb1of3__NETDEBT_EBITDA_qb2of3,C4_ROE_DYN_qmax8,0.17308430649581763,-0.5938616880790697,0.5781916957702755,154.1602564102564,v0
P_IC_qb1of3__ROIC_qb2of3__C11_EPS_DYN_qmax8__v1,P_IC_qb1of3__ROIC_qb2of3,C11_EPS_DYN_qmax8,0.17305861587807025,-0.4629089939841414,0.5662579406116117,54.93269230769231,v1
FCF_P_qb0of3__MOM_qb2of3__C6_ROE_DYN_ytdavg_gt_lyytdavg__v1,FCF_P_qb0of3__MOM_qb2of3,C6_ROE_DYN_ytdavg_gt_lyytdavg,0.17304939911674144,-0.7055795079579938,0.5247051322919988,18.40909090909091,v1
P_IC_qb1of3__ROIC_qb2of3__C17_FCF_P_DYN_qmax4__v0,P_IC_qb1of3__ROIC_qb2of3,C17_FCF_P_DYN_qmax4,0.17301738961713764,-0.4904057088387819,0.5779053822420295,201.15384615384616,v0
MOM_qb2of3__ROE_qb2of3__C3_ROE_DYN_qmax4__v1,MOM_qb2of3__ROE_qb2of3,C3_ROE_DYN_qmax4,0.17297920476710882,-0.5337854646431195,0.5528741207858355,53.26282051282051,v1
MOM_qb0of3__DEBTRATIO_qb2of3__C13_EPS_DYN_ytdavg_gt_lyytdavg__v0,MOM_qb0of3__DEBTRATIO_qb2of3,C13_EPS_DYN_ytdavg_gt_lyytdavg,0.17291575048177354,-0.5910182718595836,0.5808366038097061,99.0140350877193,v0
P_IC_qb1of3__ROIC_qb2of3__C18_FCF_P_DYN_qmax8__v0,P_IC_qb1of3__ROIC_qb2of3,C18_FCF_P_DYN_qmax8,0.17289421755509293,-0.4904368791077972,0.577684073953941,197.32051282051282,v0
P_IC_qb1of3__ROIC_qb2of3__C18_FCF_P_DYN_qmax8__v1,P_IC_qb1of3__ROIC_qb2of3,C18_FCF_P_DYN_qmax8,0.17288762698732696,-0.4611847660553927,0.5719803892437973,54.3974358974359,v1
PB_qb0of3__MOM_qb0of3__C7_ROE_DYN_ytdavg_gt_lyavg__v1,PB_qb0of3__MOM_qb0of3,C7_ROE_DYN_ytdavg_gt_lyavg,0.17280625693222773,-0.6705333073267725,0.5613305613305614,18.093333333333334,v1
EV_S_qb1of3__NETDEBT_EBITDA_qb2of3__C3_ROE_DYN_qmax4__v0,EV_S_qb1of3__NETDEBT_EBITDA_qb2of3,C3_ROE_DYN_qmax4,0.1727926707664884,-0.5920741915411086,0.5791457286432161,157.34294871794873,v0
P_IC_qb0of3__CROIC_qb2of3__C7_ROE_DYN_ytdavg_gt_lyavg__v1,P_IC_qb0of3__CROIC_qb2of3,C7_ROE_DYN_ytdavg_gt_lyavg,0.1727576822371808,-0.7756829627341753,0.5632183908045977,11.04,v1
FCF_P_qb2of3__MOM_qb2of3__C13_EPS_DYN_ytdavg_gt_lyytdavg__v1,FCF_P_qb2of3__MOM_qb2of3,C13_EPS_DYN_ytdavg_gt_lyytdavg,0.17262818678644654,-0.5162643278401265,0.5533049040511727,34.72631578947368,v1
P_IC_qb1of3__None__C14_EPS_DYN_ytdavg_gt_lyavg__v0,P_IC_qb1of3__None,C14_EPS_DYN_ytdavg_gt_lyavg,0.1726070979333698,-0.5325104510891807,0.5757767913760304,326.52666666666664,v0
EV_S_qb1of3__NETDEBT_EBITDA_qb2of3__C11_EPS_DYN_qmax8__v0,EV_S_qb1of3__NETDEBT_EBITDA_qb2of3,C11_EPS_DYN_qmax8,0.17254936508653596,-0.5910089104180973,0.5765659735844122,154.51923076923077,v0
VOL_qb2of3__MOM_qb0of3__C18_FCF_P_DYN_qmax8__v1,VOL_qb2of3__MOM_qb0of3,C18_FCF_P_DYN_qmax8,0.17249515914629554,-0.666218898107852,0.5198855076830371,45.157051282051285,v1
PS_qb0of3__None__C2_ROE_DYN_riseq2__v0,PS_qb0of3__None,C2_ROE_DYN_riseq2,0.17244743907125204,-0.5912026354706879,0.5564784053156147,12.773851590106007,v0
P_IC_qb0of3__MOM_qb0of3__None__v1,P_IC_qb0of3__MOM_qb0of3,None,0.1724443811990346,-0.7336400367712963,0.5677980852915578,38.76923076923077,v1
P_IC_qb1of3__None__None__v0,P_IC_qb1of3__None,None,0.17237326534596353,-0.5257768843965405,0.5761411938643504,587.7852564102565,v0
EV_EBITDA_qb0of3__MOM_qb0of3__C3_ROE_DYN_qmax4__v1,EV_EBITDA_qb0of3__MOM_qb0of3,C3_ROE_DYN_qmax4,0.1723450566872642,-0.6904712564558786,0.5407371483996121,41.67628205128205,v1
P_IC_qb0of3__None__C19_FCF_P_DYN_yoy__v0,P_IC_qb0of3__None,C19_FCF_P_DYN_yoy,0.17231073252296736,-0.6917526289694484,0.5600391772771792,17.760416666666668,v0
P_IC_qb0of3__None__C13_EPS_DYN_ytdavg_gt_lyytdavg__v1,P_IC_qb0of3__None,C13_EPS_DYN_ytdavg_gt_lyytdavg,0.1723060250863695,-0.5655764276664255,0.5672772345406969,78.35438596491228,v1
P_IC_qb0of3__FCF_P_qb2of3__C6_ROE_DYN_ytdavg_gt_lyytdavg__v1,P_IC_qb0of3__FCF_P_qb2of3,C6_ROE_DYN_ytdavg_gt_lyytdavg,0.17229120345958782,-0.5289383348585618,0.5585247349823321,36.94405594405595,v1
MOM_qb2of3__None__C18_FCF_P_DYN_qmax8__v0,MOM_qb2of3__None,C18_FCF_P_DYN_qmax8,0.17218825684838235,-0.5453539717478606,0.5235179097101356,543.0576923076923,v0
MOM_qb2of3__None__C4_ROE_DYN_qmax8__v0,MOM_qb2of3__None,C4_ROE_DYN_qmax8,0.17202194948646365,-0.5501522174444842,0.5225314706453912,542.8429487179487,v0
MOM_qb2of3__None__C17_FCF_P_DYN_qmax4__v0,MOM_qb2of3__None,C17_FCF_P_DYN_qmax4,0.1720031844937029,-0.5454874634007871,0.5226649248856956,551.6826923076923,v0
P_IC_qb1of3__ROIC_qb2of3__C3_ROE_DYN_qmax4__v0,P_IC_qb1of3__ROIC_qb2of3,C3_ROE_DYN_qmax4,0.1719230335301396,-0.4934801176905259,0.574209452567154,202.3846153846154,v0
MOM_qb2of3__ROE_qb2of3__C10_EPS_DYN_qmax4__v1,MOM_qb2of3__ROE_qb2of3,C10_EPS_DYN_qmax4,0.17187930520848793,-0.5320704981563047,0.5539917495753458,53.493589743589745,v1
EV_EBITDA_qb0of3__MOM_qb0of3__C10_EPS_DYN_qmax4__v1,EV_EBITDA_qb0of3__MOM_qb0of3,C10_EPS_DYN_qmax4,0.17186962975804265,-0.6932182846162727,0.5411346371423953,41.73717948717949,v1
MOM_qb2of3__ROE_qb2of3__C6_ROE_DYN_ytdavg_gt_lyytdavg__v0,MOM_qb2of3__ROE_qb2of3,C6_ROE_DYN_ytdavg_gt_lyytdavg,0.17183547813115907,-0.5111003460852852,0.5465168539325843,129.08041958041957,v0
P_IC_qb1of3__ROIC_qb2of3__C10_EPS_DYN_qmax4__v0,P_IC_qb1of3__ROIC_qb2of3,C10_EPS_DYN_qmax4,0.17183407261996164,-0.4936764369457609,0.5736480686695279,202.98076923076923,v0
P_IC_qb0of3__OCF_E_qb2of3__C13_EPS_DYN_ytdavg_gt_lyytdavg__v1,P_IC_qb0of3__OCF_E_qb2of3,C13_EPS_DYN_ytdavg_gt_lyytdavg,0.171810129716504,-0.600490888522645,0.5635856079404467,24.157894736842106,v1
MOM_qb2of3__None__C11_EPS_DYN_qmax8__v0,MOM_qb2of3__None,C11_EPS_DYN_qmax8,0.1716829398999471,-0.5493957981101035,0.5222696634083964,545.3814102564103,v0
P_IC_qb1of3__ROIC_qb2of3__C14_EPS_DYN_ytdavg_gt_lyavg__v1,P_IC_qb1of3__ROIC_qb2of3,C14_EPS_DYN_ytdavg_gt_lyavg,0.1716125097378023,-0.47644421994068986,0.5735650767987065,42.29666666666667,v1
MOM_qb2of3__None__C3_ROE_DYN_qmax4__v0,MOM_qb2of3__None,C3_ROE_DYN_qmax4,0.1715328456515921,-0.5477279927752348,0.521301012043979,551.8397435897435,v0
MOM_qb2of3__None__C10_EPS_DYN_qmax4__v0,MOM_qb2of3__None,C10_EPS_DYN_qmax4,0.1715093234033509,-0.5467714722239468,0.5212295153798966,553.4294871794872,v0
EV_S_qb0of3__FCF_OI_qb2of3__C13_EPS_DYN_ytdavg_gt_lyytdavg__v1,EV_S_qb0of3__FCF_OI_qb2of3,C13_EPS_DYN_ytdavg_gt_lyytdavg,0.1714626453029544,-0.6008753838161336,0.5671971706454465,15.75438596491228,v1
PB_qb0of3__ROE_qb2of3__C7_ROE_DYN_ytdavg_gt_lyavg__v1,PB_qb0of3__ROE_qb2of3,C7_ROE_DYN_ytdavg_gt_lyavg,0.17138901949015262,-0.7861938887592475,0.5538954108858057,14.393333333333333,v1
PB_qb0of3__OCF_E_qb0of3__C13_EPS_DYN_ytdavg_gt_lyytdavg__v1,PB_qb0of3__OCF_E_qb0of3,C13_EPS_DYN_ytdavg_gt_lyytdavg,0.1713067567269766,-0.6145123706509148,0.5574776785714286,26.596491228070175,v1
P_IC_qb2of3__PB_qb1of3__C7_ROE_DYN_ytdavg_gt_lyavg__v1,P_IC_qb2of3__PB_qb1of3,C7_ROE_DYN_ytdavg_gt_lyavg,0.17129102528742401,-0.5088722241567827,0.551829268292683,12.926666666666666,v1
P_IC_qb0of3__None__C6_ROE_DYN_ytdavg_gt_lyytdavg__v1,P_IC_qb0of3__None,C6_ROE_DYN_ytdavg_gt_lyytdavg,0.17115303465342713,-0.5688396106737181,0.570952909465673,66.97552447552448,v1
P_IC_qb1of3__ROIC_qb2of3__C4_ROE_DYN_qmax8__v0,P_IC_qb1of3__ROIC_qb2of3,C4_ROE_DYN_qmax8,0.17114600819118242,-0.4945551334128506,0.5722497205811912,199.22115384615384,v0
FCF_P_qb0of3__MOM_qb2of3__C6_ROE_DYN_ytdavg_gt_lyytdavg__v0,FCF_P_qb0of3__MOM_qb2of3,C6_ROE_DYN_ytdavg_gt_lyytdavg,0.1711025111541289,-0.5142995955050436,0.511913586783861,80.65384615384616,v0
MOM_qb2of3__ROE_qb2of3__C4_ROE_DYN_qmax8__v1,MOM_qb2of3__ROE_qb2of3,C4_ROE_DYN_qmax8,0.17104494279241522,-0.5366983076720424,0.5528010693887471,52.41025641025641,v1
P_IC_qb0of3__OCF_E_qb0of3__C14_EPS_DYN_ytdavg_gt_lyavg__v1,P_IC_qb0of3__OCF_E_qb0of3,C14_EPS_DYN_ytdavg_gt_lyavg,0.17097297046762416,-0.644516687078234,0.5606773283160865,22.03,v1
MOM_qb2of3__None__None__v0,MOM_qb2of3__None,None,0.1709149143504185,-0.5425048263508443,0.5179710394759525,590.2147435897435,v0
P_IC_qb1of3__ROIC_qb2of3__C11_EPS_DYN_qmax8__v0,P_IC_qb1of3__ROIC_qb2of3,C11_EPS_DYN_qmax8,0.17090410319904437,-0.49425833821996834,0.5729268292682926,200.33653846153845,v0
EV_S_qb0of3__FCF_P_qb2of3__C16_FCF_P_DYN_riseq2__v0,EV_S_qb0of3__FCF_P_qb2of3,C16_FCF_P_DYN_riseq2,0.17069873967570848,-0.5203556943682929,0.5750728862973761,10.099264705882353,v0
VOL_qb2of3__P_IC_qb1of3__C7_ROE_DYN_ytdavg_gt_lyavg__v1,VOL_qb2of3__P_IC_qb1of3,C7_ROE_DYN_ytdavg_gt_lyavg,0.1706741015038984,-0.6971035101479659,0.5325029194239004,18.583333333333332,v1
P_IC_qb0of3__ROE_qb2of3__C14_EPS_DYN_ytdavg_gt_lyavg__v1,P_IC_qb0of3__ROE_qb2of3,C14_EPS_DYN_ytdavg_gt_lyavg,0.17050280600526424,-0.6716998351249657,0.5635751682872102,22.826666666666668,v1
MOM_qb2of3__ROE_qb2of3__C20_FCF_P_DYN_ytdavg_gt_lyytdavg__v0,MOM_qb2of3__ROE_qb2of3,C20_FCF_P_DYN_ytdavg_gt_lyytdavg,0.1704972339009052,-0.49389384572461126,0.5496621621621621,106.5034965034965,v0
PS_qb0of3__NETDEBT_EBITDA_qb0of3__C6_ROE_DYN_ytdavg_gt_lyytdavg__v1,PS_qb0of3__NETDEBT_EBITDA_qb0of3,C6_ROE_DYN_ytdavg_gt_lyytdavg,0.17044937454327558,-0.6619906082813956,0.5614418350628072,16.863636363636363,v1
FCF_P_qb2of3__MOM_qb2of3__C13_EPS_DYN_ytdavg_gt_lyytdavg__v0,FCF_P_qb2of3__MOM_qb2of3,C13_EPS_DYN_ytdavg_gt_lyytdavg,0.17014029433185285,-0.5310757266693669,0.5507653231735846,129.44912280701755,v0
P_IC_qb0of3__OCF_E_qb0of3__C6_ROE_DYN_ytdavg_gt_lyytdavg__v1,P_IC_qb0of3__OCF_E_qb0of3,C6_ROE_DYN_ytdavg_gt_lyytdavg,0.17011452404094296,-0.6331565299327679,0.5680628272251309,18.458041958041957,v1
EV_EBITDA_qb0of3__MOM_qb0of3__C11_EPS_DYN_qmax8__v1,EV_EBITDA_qb0of3__MOM_qb0of3,C11_EPS_DYN_qmax8,0.1700355573217487,-0.6998013418207347,0.5406901041666666,41.17307692307692,v1
P_IC_qb1of3__OCF_E_qb0of3__C14_EPS_DYN_ytdavg_gt_lyavg__v1,P_IC_qb1of3__OCF_E_qb0of3,C14_EPS_DYN_ytdavg_gt_lyavg,0.17003006635995788,-0.5842542650090078,0.5484886649874056,21.63,v1
MOM_qb2of3__ROE_qb2of3__C18_FCF_P_DYN_qmax8__v1,MOM_qb2of3__ROE_qb2of3,C18_FCF_P_DYN_qmax8,0.17000319086119098,-0.5252323494250801,0.5543372319688109,52.131410256410255,v1
MOM_qb2of3__ROE_qb2of3__C11_EPS_DYN_qmax8__v1,MOM_qb2of3__ROE_qb2of3,C11_EPS_DYN_qmax8,0.16995485592667037,-0.5341860115541085,0.5537451361867705,52.77884615384615,v1
VOL_qb2of3__P_IC_qb1of3__C13_EPS_DYN_ytdavg_gt_lyytdavg__v1,VOL_qb2of3__P_IC_qb1of3,C13_EPS_DYN_ytdavg_gt_lyytdavg,0.16987534585919706,-0.5885323519708221,0.5273109243697479,21.424561403508772,v1
MOM_qb0of3__None__C19_FCF_P_DYN_yoy__v0,MOM_qb0of3__None,C19_FCF_P_DYN_yoy,0.1697650362534775,-0.7140528223461842,0.5372292008010194,18.414715719063544,v0
EV_S_qb0of3__None__C9_EPS_DYN_riseq2__v0,EV_S_qb0of3__None,C9_EPS_DYN_riseq2,0.16960797482771572,-0.6743597645080874,0.5554093182416425,12.931972789115646,v0
MOM_qb2of3__None__C20_FCF_P_DYN_ytdavg_gt_lyytdavg__v1,MOM_qb2of3__None,C20_FCF_P_DYN_ytdavg_gt_lyytdavg,0.16959703752135002,-0.4720487577889717,0.5412775494957042,70.5909090909091,v1
P_IC_qb1of3__None__C3_ROE_DYN_qmax4__v0,P_IC_qb1of3__None,C3_ROE_DYN_qmax4,0.1695672585769188,-0.5294119330495726,0.581060041968456,554.7179487179487,v0
EV_EBITDA_qb0of3__MOM_qb0of3__C4_ROE_DYN_qmax8__v1,EV_EBITDA_qb0of3__MOM_qb0of3,C4_ROE_DYN_qmax8,0.16950443288587191,-0.6969154440734842,0.5402542372881356,41.06410256410256,v1
P_IC_qb0of3__FCF_P_qb2of3__C19_FCF_P_DYN_yoy__v0,P_IC_qb0of3__FCF_P_qb2of3,C19_FCF_P_DYN_yoy,0.16948826647615278,-0.632465547955321,0.5707369553523399,13.702205882352942,v0
FCF_P_qb0of3__MOM_qb2of3__C20_FCF_P_DYN_ytdavg_gt_lyytdavg__v1,FCF_P_qb0of3__MOM_qb2of3,C20_FCF_P_DYN_ytdavg_gt_lyytdavg,0.16939232316511332,-0.48685033510324016,0.5282518012893439,15.318181818181818,v1
P_IC_qb1of3__CROIC_qb0of3__C20_FCF_P_DYN_ytdavg_gt_lyytdavg__v0,P_IC_qb1of3__CROIC_qb0of3,C20_FCF_P_DYN_ytdavg_gt_lyytdavg,0.16938589948868232,-0.5218851830781785,0.5488501538010839,66.93706293706293,v0
P_IC_qb2of3__PB_qb1of3__C14_EPS_DYN_ytdavg_gt_lyavg__v1,P_IC_qb2of3__PB_qb1of3,C14_EPS_DYN_ytdavg_gt_lyavg,0.1693668642848709,-0.5466837885900703,0.5515625,15.276666666666667,v1
P_IC_qb1of3__None__C10_EPS_DYN_qmax4__v0,P_IC_qb1of3__None,C10_EPS_DYN_qmax4,0.16936648592165082,-0.5294028632511121,0.58040754509156,555.8397435897435,v0
MOM_qb2of3__FCF_OI_qb0of3__C13_EPS_DYN_ytdavg_gt_lyytdavg__v1,MOM_qb2of3__FCF_OI_qb0of3,C13_EPS_DYN_ytdavg_gt_lyytdavg,0.1693064432113509,-0.46049918997100836,0.5388963660834455,22.014035087719297,v1
P_IC_qb1of3__ROIC_qb2of3__C14_EPS_DYN_ytdavg_gt_lyavg__v0,P_IC_qb1of3__ROIC_qb2of3,C14_EPS_DYN_ytdavg_gt_lyavg,0.16928408218558766,-0.5159723072194615,0.5693258426966292,145.23333333333332,v0
P_IC_qb1of3__ACCRUAL_qb2of3__None__v0,P_IC_qb1of3__ACCRUAL_qb2of3,None,0.1692381794312643,-0.5563457063190975,0.5599532642033007,179.74358974358975,v0
PB_qb1of3__ROIC_qb2of3__C17_FCF_P_DYN_qmax4__v1,PB_qb1of3__ROIC_qb2of3,C17_FCF_P_DYN_qmax4,0.16915999774625434,-0.48649225538631624,0.5622317596566524,50.85897435897436,v1
P_IC_qb0of3__MOM_qb0of3__C20_FCF_P_DYN_ytdavg_gt_lyytdavg__v1,P_IC_qb0of3__MOM_qb0of3,C20_FCF_P_DYN_ytdavg_gt_lyytdavg,0.16914630555338617,-0.7256770663086485,0.5638051044083526,18.667832167832167,v1
P_IC_qb1of3__None__C11_EPS_DYN_qmax8__v0,P_IC_qb1of3__None,C11_EPS_DYN_qmax8,0.16910686478997006,-0.5322451886469641,0.577989194268264,546.0961538461538,v0
P_IC_qb1of3__None__C4_ROE_DYN_qmax8__v0,P_IC_qb1of3__None,C4_ROE_DYN_qmax8,0.16908712994779718,-0.5315097177152558,0.576797666037412,544.2371794871794,v0
EV_S_qb1of3__DEBTRATIO_qb1of3__C6_ROE_DYN_ytdavg_gt_lyytdavg__v0,EV_S_qb1of3__DEBTRATIO_qb1of3,C6_ROE_DYN_ytdavg_gt_lyytdavg,0.16906817154518472,-0.5308107720002211,0.5795366795366795,94.06643356643356,v0
MOM_qb2of3__FCF_OI_qb0of3__C6_ROE_DYN_ytdavg_gt_lyytdavg__v0,MOM_qb2of3__FCF_OI_qb0of3,C6_ROE_DYN_ytdavg_gt_lyytdavg,0.16905447107037008,-0.5282348277693818,0.5186586775990749,80.56993006993007,v0
MOM_qb2of3__None__C17_FCF_P_DYN_qmax4__v1,MOM_qb2of3__None,C17_FCF_P_DYN_qmax4,0.1688842829972419,-0.49539896977209497,0.5399855907780979,131.84294871794873,v1
P_IC_qb1of3__OCF_E_qb0of3__C7_ROE_DYN_ytdavg_gt_lyavg__v0,P_IC_qb1of3__OCF_E_qb0of3,C7_ROE_DYN_ytdavg_gt_lyavg,0.1688587386638476,-0.5893546279085256,0.545727136431784,79.47666666666667,v0
MOM_qb0of3__None__C6_ROE_DYN_ytdavg_gt_lyytdavg__v0,MOM_qb0of3__None,C6_ROE_DYN_ytdavg_gt_lyytdavg,0.1688090276153693,-0.5713371563763039,0.5673202113808685,256.7132867132867,v0
P_IC_qb1of3__None__C17_FCF_P_DYN_qmax4__v0,P_IC_qb1of3__None,C17_FCF_P_DYN_qmax4,0.16877611093405243,-0.5297755393711137,0.5863956750838295,554.9647435897435,v0
PS_qb0of3__OCF_E_qb2of3__C6_ROE_DYN_ytdavg_gt_lyytdavg__v1,PS_qb0of3__OCF_E_qb2of3,C6_ROE_DYN_ytdavg_gt_lyytdavg,0.1687637534564026,-0.5615130183319847,0.5608124845182066,30.916083916083917,v1
P_IC_qb0of3__ROE_qb2of3__C7_ROE_DYN_ytdavg_gt_lyavg__v1,P_IC_qb0of3__ROE_qb2of3,C7_ROE_DYN_ytdavg_gt_lyavg,0.1687470969947864,-0.8099932224875268,0.5719602977667494,20.32,v1
CROIC_qb0of3__MOM_qb2of3__C20_FCF_P_DYN_ytdavg_gt_lyytdavg__v0,CROIC_qb0of3__MOM_qb2of3,C20_FCF_P_DYN_ytdavg_gt_lyytdavg,0.1687050901381144,-0.5287447580799518,0.515897186015349,66.44405594405595,v0
P_IC_qb1of3__FCF_P_qb0of3__C20_FCF_P_DYN_ytdavg_gt_lyytdavg__v0,P_IC_qb1of3__FCF_P_qb0of3,C20_FCF_P_DYN_ytdavg_gt_lyytdavg,0.1686688614769125,-0.5193890442511899,0.5496479379221152,67.99300699300699,v0
MOM_qb2of3__None__None__v1,MOM_qb2of3__None,None,0.16860536366632628,-0.49535461092727673,0.5391728743899307,135.34294871794873,v1
MOM_qb2of3__None__C6_ROE_DYN_ytdavg_gt_lyytdavg__v1,MOM_qb2of3__None,C6_ROE_DYN_ytdavg_gt_lyytdavg,0.16859196575337299,-0.4886717812117992,0.5311788802913063,73.45104895104895,v1
P_IC_qb1of3__ROIC_qb2of3__C7_ROE_DYN_ytdavg_gt_lyavg__v0,P_IC_qb1of3__ROIC_qb2of3,C7_ROE_DYN_ytdavg_gt_lyavg,0.16843437174817377,-0.5436142353469708,0.5655707873347082,122.80666666666667,v0
P_IC_qb1of3__PB_qb2of3__C3_ROE_DYN_qmax4__v0,P_IC_qb1of3__PB_qb2of3,C3_ROE_DYN_qmax4,0.16840342145031584,-0.5707736843711031,0.5919517102615695,108.41666666666667,v0
P_IC_qb1of3__None__C18_FCF_P_DYN_qmax8__v0,P_IC_qb1of3__None,C18_FCF_P_DYN_qmax8,0.16839611465188753,-0.5310681260518599,0.5840209180708891,544.8878205128206,v0
PS_qb0of3__FCF_P_qb2of3__C12_EPS_DYN_yoy__v0,PS_qb0of3__FCF_P_qb2of3,C12_EPS_DYN_yoy,0.16817641788124216,-0.5381535177332026,0.5707376058041113,11.38831615120275,v0
PB_qb1of3__ROIC_qb2of3__C3_ROE_DYN_qmax4__v1,PB_qb1of3__ROIC_qb2of3,C3_ROE_DYN_qmax4,0.16817074327043757,-0.48769265968393627,0.5591643544964909,50.93910256410256,v1
MOM_qb2of3__DEBTRATIO_qb2of3__C6_ROE_DYN_ytdavg_gt_lyytdavg__v0,MOM_qb2of3__DEBTRATIO_qb2of3,C6_ROE_DYN_ytdavg_gt_lyytdavg,0.16798502906628654,-0.5587787581310006,0.5424538545059717,90.32517482517483,v0
P_IC_qb1of3__PB_qb2of3__None__v0,P_IC_qb1of3__PB_qb2of3,None,0.16797698931296812,-0.5688237637506293,0.5892286627110909,115.63141025641026,v0
OCF_E_qb0of3__MOM_qb2of3__C13_EPS_DYN_ytdavg_gt_lyytdavg__v1,OCF_E_qb0of3__MOM_qb2of3,C13_EPS_DYN_ytdavg_gt_lyytdavg,0.16794234383362006,-0.49934101900681693,0.53125,21.771929824561404,v1
EV_S_qb0of3__None__C5_ROE_DYN_yoy__v0,EV_S_qb0of3__None,C5_ROE_DYN_yoy,0.16784043329376686,-0.5489744817603244,0.5520601812275603,19.143790849673202,v0
P_IC_qb0of3__MOM_qb0of3__C18_FCF_P_DYN_qmax8__v1,P_IC_qb0of3__MOM_qb0of3,C18_FCF_P_DYN_qmax8,0.16780481597503827,-0.7254750133148955,0.5633180049522462,37.256410256410255,v1
VOL_qb2of3__MOM_qb0of3__C14_EPS_DYN_ytdavg_gt_lyavg__v1,VOL_qb2of3__MOM_qb0of3,C14_EPS_DYN_ytdavg_gt_lyavg,0.16775930874459855,-0.646883290113307,0.5235707121364093,26.216666666666665,v1
P_IC_qb0of3__MOM_qb0of3__C11_EPS_DYN_qmax8__v1,P_IC_qb0of3__MOM_qb0of3,C11_EPS_DYN_qmax8,0.1677495619660574,-0.7371099602337121,0.5652713728272437,37.06410256410256,v1
P_IC_qb1of3__PB_qb2of3__C17_FCF_P_DYN_qmax4__v0,P_IC_qb1of3__PB_qb2of3,C17_FCF_P_DYN_qmax4,0.16769392671109506,-0.5674051851577513,0.595108146351324,108.46474358974359,v0
PB_qb0of3__ROE_qb2of3__C14_EPS_DYN_ytdavg_gt_lyavg__v1,PB_qb0of3__ROE_qb2of3,C14_EPS_DYN_ytdavg_gt_lyavg,0.167603891899762,-0.6618965057309878,0.547993905535805,15.086666666666666,v1
PB_qb1of3__ROIC_qb2of3__C10_EPS_DYN_qmax4__v1,PB_qb1of3__ROIC_qb2of3,C10_EPS_DYN_qmax4,0.16757662229645054,-0.48767064474809085,0.5583756345177665,51.06089743589744,v1
P_IC_qb1of3__PB_qb2of3__C10_EPS_DYN_qmax4__v0,P_IC_qb1of3__PB_qb2of3,C10_EPS_DYN_qmax4,0.16747655716329235,-0.5702148250600634,0.5903101560916278,108.64102564102564,v0
EV_S_qb0of3__FCF_P_qb2of3__C12_EPS_DYN_yoy__v0,EV_S_qb0of3__FCF_P_qb2of3,C12_EPS_DYN_yoy,0.16746587509081312,-0.5453608956905955,0.5709112854556427,11.250847457627119,v0
FCF_P_qb0of3__MOM_qb0of3__C7_ROE_DYN_ytdavg_gt_lyavg__v0,FCF_P_qb0of3__MOM_qb0of3,C7_ROE_DYN_ytdavg_gt_lyavg,0.1673626606363967,-0.6393826425258942,0.5352358765288293,94.75,v0
FCF_P_qb2of3__MOM_qb0of3__C20_FCF_P_DYN_ytdavg_gt_lyytdavg__v1,FCF_P_qb2of3__MOM_qb0of3,C20_FCF_P_DYN_ytdavg_gt_lyytdavg,0.16732950320004858,-0.643088813686302,0.5671564836298015,22.597902097902097,v1
PB_qb1of3__ROIC_qb2of3__None__v1,PB_qb1of3__ROIC_qb2of3,None,0.16730330374559288,-0.48750931197664304,0.5633423180592992,52.1474358974359,v1
PB_qb1of3__ROIC_qb2of3__C18_FCF_P_DYN_qmax8__v1,PB_qb1of3__ROIC_qb2of3,C18_FCF_P_DYN_qmax8,0.16729558527078225,-0.4817447625453576,0.5606504065040651,49.881410256410255,v1
MOM_qb2of3__None__C18_FCF_P_DYN_qmax8__v1,MOM_qb2of3__None,C18_FCF_P_DYN_qmax8,0.1672610274088342,-0.4977348354090527,0.5409557193669777,129.77564102564102,v1
EV_S_qb1of3__DEBTRATIO_qb1of3__C14_EPS_DYN_ytdavg_gt_lyavg__v0,EV_S_qb1of3__DEBTRATIO_qb1of3,C14_EPS_DYN_ytdavg_gt_lyavg,0.16711682152058027,-0.5269969947269175,0.5831598864711447,112.35666666666667,v0
P_IC_qb0of3__MOM_qb0of3__C10_EPS_DYN_qmax4__v1,P_IC_qb0of3__MOM_qb0of3,C10_EPS_DYN_qmax4,0.16707410754121454,-0.7319927563117916,0.5665492957746479,37.6474358974359,v1
EV_S_qb0of3__None__C12_EPS_DYN_yoy__v0,EV_S_qb0of3__None,C12_EPS_DYN_yoy,0.16704611885104015,-0.6156278809670366,0.5516348332793785,20.153094462540718,v0
PS_qb0of3__ROE_qb2of3__C13_EPS_DYN_ytdavg_gt_lyytdavg__v1,PS_qb0of3__ROE_qb2of3,C13_EPS_DYN_ytdavg_gt_lyytdavg,0.16704258660164206,-0.6315365655509583,0.5720464375142272,39.11929824561403,v1
P_IC_qb1of3__PB_qb2of3__C18_FCF_P_DYN_qmax8__v0,P_IC_qb1of3__PB_qb2of3,C18_FCF_P_DYN_qmax8,0.1669271472360867,-0.568870614489783,0.5916451969083548,106.10576923076923,v0
EV_S_qb1of3__NETDEBT_EBITDA_qb2of3__C20_FCF_P_DYN_ytdavg_gt_lyytdavg__v0,EV_S_qb1of3__NETDEBT_EBITDA_qb2of3,C20_FCF_P_DYN_ytdavg_gt_lyytdavg,0.16688438752138168,-0.6366288566138243,0.5719577699573996,79.86363636363636,v0
PB_qb0of3__NETDEBT_EBITDA_qb0of3__C7_ROE_DYN_ytdavg_gt_lyavg__v1,PB_qb0of3__NETDEBT_EBITDA_qb0of3,C7_ROE_DYN_ytdavg_gt_lyavg,0.16683105547174648,-0.6686692343029144,0.5519303969548668,16.926666666666666,v1
P_IC_qb0of3__MOM_qb0of3__C4_ROE_DYN_qmax8__v1,P_IC_qb0of3__MOM_qb0of3,C4_ROE_DYN_qmax8,0.16668501544880288,-0.7369448346097651,0.5646306818181818,36.91025641025641,v1
MOM_qb2of3__None__C3_ROE_DYN_qmax4__v1,MOM_qb2of3__None,C3_ROE_DYN_qmax4,0.166662426336867,-0.5006611335504687,0.539093162569717,131.48076923076923,v1
P_IC_qb1of3__PB_qb2of3__C11_EPS_DYN_qmax8__v0,P_IC_qb1of3__PB_qb2of3,C11_EPS_DYN_qmax8,0.16659025728593813,-0.5718967056597711,0.5872071402008181,106.4326923076923,v0
MOM_qb2of3__FCF_OI_qb0of3__C20_FCF_P_DYN_ytdavg_gt_lyytdavg__v1,MOM_qb2of3__FCF_OI_qb0of3,C20_FCF_P_DYN_ytdavg_gt_lyytdavg,0.16654801036395717,-0.500070170897414,0.5309144761199556,15.5,v1
EV_S_qb1of3__NETDEBT_EBITDA_qb2of3__C6_ROE_DYN_ytdavg_gt_lyytdavg__v0,EV_S_qb1of3__NETDEBT_EBITDA_qb2of3,C6_ROE_DYN_ytdavg_gt_lyytdavg,0.16650868919999606,-0.5810893863211191,0.5648342425514058,73.67132867132867,v0
P_IC_qb0of3__MOM_qb0of3__C17_FCF_P_DYN_qmax4__v1,P_IC_qb0of3__MOM_qb0of3,C17_FCF_P_DYN_qmax4,0.16637734874152388,-0.7282881766938987,0.5656458993312214,37.76282051282051,v1
ACCRUAL_qb0of3__MOM_qb0of3__C14_EPS_DYN_ytdavg_gt_lyavg__v1,ACCRUAL_qb0of3__MOM_qb0of3,C14_EPS_DYN_ytdavg_gt_lyavg,0.1663080798868013,-0.606774292245751,0.5425692695214106,23.563333333333333,v1
EV_S_qb0of3__DEBTRATIO_qb0of3__C7_ROE_DYN_ytdavg_gt_lyavg__v1,EV_S_qb0of3__DEBTRATIO_qb0of3,C7_ROE_DYN_ytdavg_gt_lyavg,0.16626494674778347,-0.5630187093257566,0.5679012345679012,24.54,v1
PS_qb0of3__MOM_qb0of3__C6_ROE_DYN_ytdavg_gt_lyytdavg__v1,PS_qb0of3__MOM_qb0of3,C6_ROE_DYN_ytdavg_gt_lyytdavg,0.16626378522009544,-0.6668523856185198,0.564375,20.33916083916084,v1
P_IC_qb1of3__None__C16_FCF_P_DYN_riseq2__v0,P_IC_qb1of3__None,C16_FCF_P_DYN_riseq2,0.16620379850287836,-0.5754684752272521,0.569060773480663,13.885017421602788,v0
P_IC_qb1of3__PB_qb2of3__C4_ROE_DYN_qmax8__v0,P_IC_qb1of3__PB_qb2of3,C4_ROE_DYN_qmax8,0.16610267333567763,-0.5729374433917088,0.5871475649945075,106.00961538461539,v0
MOM_qb2of3__None__C13_EPS_DYN_ytdavg_gt_lyytdavg__v0,MOM_qb2of3__None,C13_EPS_DYN_ytdavg_gt_lyytdavg,0.16609507270608526,-0.508739171735904,0.5264770372150301,343.5578947368421,v0
P_IC_qb0of3__NETDEBT_EBITDA_qb0of3__C13_EPS_DYN_ytdavg_gt_lyytdavg__v1,P_IC_qb0of3__NETDEBT_EBITDA_qb0of3,C13_EPS_DYN_ytdavg_gt_lyytdavg,0.16599149108912847,-0.494526993368412,0.5582554517133956,15.51063829787234,v1
MOM_qb2of3__None__C10_EPS_DYN_qmax4__v1,MOM_qb2of3__None,C10_EPS_DYN_qmax4,0.16598702811853627,-0.5004238265859742,0.5395505037458022,131.93589743589743,v1
EV_EBITDA_qb0of3__MOM_qb0of3__C17_FCF_P_DYN_qmax4__v1,EV_EBITDA_qb0of3__MOM_qb0of3,C17_FCF_P_DYN_qmax4,0.16578251176896242,-0.70238811184331,0.5419427832552125,41.86217948717949,v1
MOM_qb2of3__None__C4_ROE_DYN_qmax8__v1,MOM_qb2of3__None,C4_ROE_DYN_qmax8,0.16557549163170338,-0.5054241523353118,0.5400922614419738,129.09294871794873,v1
PS_qb0of3__ROE_qb2of3__C12_EPS_DYN_yoy__v0,PS_qb0of3__ROE_qb2of3,C12_EPS_DYN_yoy,0.16556188733520827,-0.6583462711858126,0.5490135635018496,11.051020408163266,v0
P_IC_qb0of3__MOM_qb0of3__C3_ROE_DYN_qmax4__v1,P_IC_qb0of3__MOM_qb0of3,C3_ROE_DYN_qmax4,0.16532402745413077,-0.7325572511387801,0.5665727368791829,37.57051282051282,v1
PB_qb1of3__ROIC_qb2of3__C4_ROE_DYN_qmax8__v1,PB_qb1of3__ROIC_qb2of3,C4_ROE_DYN_qmax8,0.16532008031220569,-0.4882050062653004,0.5577663671373556,50.11538461538461,v1
EV_S_qb0of3__DEBTRATIO_qb0of3__C13_EPS_DYN_ytdavg_gt_lyytdavg__v1,EV_S_qb0of3__DEBTRATIO_qb0of3,C13_EPS_DYN_ytdavg_gt_lyytdavg,0.16529761376427254,-0.5929780772766619,0.5675477239353891,27.003508771929823,v1
FCF_P_qb2of3__MOM_qb2of3__C12_EPS_DYN_yoy__v0,FCF_P_qb2of3__MOM_qb2of3,C12_EPS_DYN_yoy,0.1651963289832752,-0.5552730914698987,0.557920446615492,10.432727272727274,v0
P_IC_qb1of3__ROIC_qb2of3__C20_FCF_P_DYN_ytdavg_gt_lyytdavg__v0,P_IC_qb1of3__ROIC_qb2of3,C20_FCF_P_DYN_ytdavg_gt_lyytdavg,0.1650894100667677,-0.4590002206125201,0.5705273181764076,105.54195804195804,v0
PB_qb1of3__ROIC_qb2of3__C11_EPS_DYN_qmax8__v1,PB_qb1of3__ROIC_qb2of3,C11_EPS_DYN_qmax8,0.164858816686966,-0.4904082342011191,0.5576334031920038,50.31730769230769,v1
P_IC_qb1of3__ACCRUAL_qb2of3__C18_FCF_P_DYN_qmax8__v0,P_IC_qb1of3__ACCRUAL_qb2of3,C18_FCF_P_DYN_qmax8,0.16480923771818512,-0.5569156187091493,0.5602098054928244,163.85576923076923,v0
MOM_qb2of3__None__C11_EPS_DYN_qmax8__v1,MOM_qb2of3__None,C11_EPS_DYN_qmax8,0.16474972403177746,-0.5044061980736103,0.5403163080114078,129.80128205128204,v1
PB_qb0of3__MOM_qb0of3__C14_EPS_DYN_ytdavg_gt_lyavg__v1,PB_qb0of3__MOM_qb0of3,C14_EPS_DYN_ytdavg_gt_lyavg,0.16459481537913123,-0.6503986396206938,0.5606246172688304,20.53,v1
OCF_E_qb0of3__MOM_qb2of3__C6_ROE_DYN_ytdavg_gt_lyytdavg__v1,OCF_E_qb0of3__MOM_qb2of3,C6_ROE_DYN_ytdavg_gt_lyytdavg,0.16455850707382935,-0.5212147455449496,0.519116677653263,17.884615384615383,v1
P_IC_qb0of3__None__C5_ROE_DYN_yoy__v0,P_IC_qb0of3__None,C5_ROE_DYN_yoy,0.164535809412363,-0.6596607885974218,0.5693079237713139,18.156363636363636,v0
P_IC_qb2of3__PS_qb1of3__C14_EPS_DYN_ytdavg_gt_lyavg__v1,P_IC_qb2of3__PS_qb1of3,C14_EPS_DYN_ytdavg_gt_lyavg,0.16440166506917553,-0.4986654425403664,0.5840758838746767,32.416666666666664,v1
FCF_P_qb2of3__MOM_qb0of3__C6_ROE_DYN_ytdavg_gt_lyytdavg__v1,FCF_P_qb2of3__MOM_qb0of3,C6_ROE_DYN_ytdavg_gt_lyytdavg,0.1643153377625075,-0.6196452699002195,0.5630402384500746,19.68881118881119,v1
P_IC_qb1of3__ACCRUAL_qb2of3__C17_FCF_P_DYN_qmax4__v0,P_IC_qb1of3__ACCRUAL_qb2of3,C17_FCF_P_DYN_qmax4,0.164311169689751,-0.5546429489132678,0.5609163229228049,168.03846153846155,v0
REVENUE_qb0of3__MOM_qb0of3__C3_ROE_DYN_qmax4__v1,REVENUE_qb0of3__MOM_qb0of3,C3_ROE_DYN_qmax4,0.164301901167605,-0.542575681669318,0.5307811691670977,40.91025641025641,v1
P_IC_qb1of3__None__C19_FCF_P_DYN_yoy__v0,P_IC_qb1of3__None,C19_FCF_P_DYN_yoy,0.16424174781816459,-0.5698651188330592,0.5664856477889837,20.957792207792206,v0
CROIC_qb0of3__MOM_qb2of3__C6_ROE_DYN_ytdavg_gt_lyytdavg__v0,CROIC_qb0of3__MOM_qb2of3,C6_ROE_DYN_ytdavg_gt_lyytdavg,0.16414538686479352,-0.5260724973493598,0.5141454040781467,80.04195804195804,v0
P_IC_qb1of3__ROIC_qb2of3__C7_ROE_DYN_ytdavg_gt_lyavg__v1,P_IC_qb1of3__ROIC_qb2of3,C7_ROE_DYN_ytdavg_gt_lyavg,0.16410792998695944,-0.549186299539411,0.5695882217621349,35.71,v1
P_IC_qb1of3__PB_qb2of3__C20_FCF_P_DYN_ytdavg_gt_lyytdavg__v0,P_IC_qb1of3__PB_qb2of3,C20_FCF_P_DYN_ytdavg_gt_lyytdavg,0.16395587108465115,-0.5420869032148541,0.5886923901393355,54.51398601398601,v0
EV_S_qb1of3__None__C17_FCF_P_DYN_qmax4__v0,EV_S_qb1of3__None,C17_FCF_P_DYN_qmax4,0.16394333739610678,-0.5258352042811005,0.5901102362204724,543.4134615384615,v0
EV_S_qb1of3__None__C18_FCF_P_DYN_qmax8__v0,EV_S_qb1of3__None,C18_FCF_P_DYN_qmax8,0.16382253608689368,-0.5272689216458192,0.5893324607329843,533.4391025641025,v0
EV_S_qb1of3__None__C10_EPS_DYN_qmax4__v0,EV_S_qb1of3__None,C10_EPS_DYN_qmax4,0.16378529130653985,-0.5242100678591209,0.582952526021833,544.4647435897435,v0
P_IC_qb0of3__FCF_OI_qb1of3__C13_EPS_DYN_ytdavg_gt_lyytdavg__v1,P_IC_qb0of3__FCF_OI_qb1of3,C13_EPS_DYN_ytdavg_gt_lyytdavg,0.16369597342138076,-0.6424139395279156,0.550620509470934,21.36842105263158,v1
EV_S_qb0of3__None__C2_ROE_DYN_riseq2__v0,EV_S_qb0of3__None,C2_ROE_DYN_riseq2,0.16366610486204802,-0.5628016244607157,0.5563282336578581,12.321917808219178,v0
P_IC_qb2of3__PS_qb1of3__C6_ROE_DYN_ytdavg_gt_lyytdavg__v1,P_IC_qb2of3__PS_qb1of3,C6_ROE_DYN_ytdavg_gt_lyytdavg,0.1636044413160005,-0.4804023167272503,0.5669403784362728,24.86013986013986,v1
P_IC_qb1of3__OCF_E_qb0of3__C20_FCF_P_DYN_ytdavg_gt_lyytdavg__v1,P_IC_qb1of3__OCF_E_qb0of3,C20_FCF_P_DYN_ytdavg_gt_lyytdavg,0.16349113250802638,-0.71558774711052,0.5408379179009734,15.251748251748252,v1
EV_EBITDA_qb0of3__MOM_qb0of3__C18_FCF_P_DYN_qmax8__v1,EV_EBITDA_qb0of3__MOM_qb0of3,C18_FCF_P_DYN_qmax8,0.16344310847945853,-0.7008857269876566,0.5395121951219513,41.32051282051282,v1
CROIC_qb0of3__MOM_qb0of3__C7_ROE_DYN_ytdavg_gt_lyavg__v0,CROIC_qb0of3__MOM_qb0of3,C7_ROE_DYN_ytdavg_gt_lyavg,0.16340476230597734,-0.6379765714786065,0.5339224349533628,94.51333333333334,v0
MOM_qb0of3__NETDEBT_EBITDA_qb2of3__C20_FCF_P_DYN_ytdavg_gt_lyytdavg__v0,MOM_qb0of3__NETDEBT_EBITDA_qb2of3,C20_FCF_P_DYN_ytdavg_gt_lyytdavg,0.16339988069305433,-0.734382740608059,0.5727514635444385,83.61888111888112,v0
EV_S_qb1of3__None__C11_EPS_DYN_qmax8__v0,EV_S_qb1of3__None,C11_EPS_DYN_qmax8,0.1630785852837695,-0.527515087575658,0.5824036231083619,535.0576923076923,v0
REVENUE_qb0of3__MOM_qb0of3__C10_EPS_DYN_qmax4__v1,REVENUE_qb0of3__MOM_qb0of3,C10_EPS_DYN_qmax4,0.16299194899525404,-0.5474551678962855,0.5303448275862069,41.00320512820513,v1
REVENUE_qb0of3__MOM_qb0of3__C4_ROE_DYN_qmax8__v1,REVENUE_qb0of3__MOM_qb0of3,C4_ROE_DYN_qmax8,0.16289821821732198,-0.542914663949454,0.5303580695381422,40.458333333333336,v1
EV_S_qb1of3__None__C3_ROE_DYN_qmax4__v0,EV_S_qb1of3__None,C3_ROE_DYN_qmax4,0.16260492345937583,-0.5264688164207596,0.5848623853211009,542.9070512820513,v0
VOL_qb2of3__P_IC_qb1of3__C6_ROE_DYN_ytdavg_gt_lyytdavg__v1,VOL_qb2of3__P_IC_qb1of3,C6_ROE_DYN_ytdavg_gt_lyytdavg,0.1625528466016315,-0.7358436730554527,0.5255681818181818,18.076923076923077,v1
MOM_qb2of3__FCF_OI_qb0of3__C17_FCF_P_DYN_qmax4__v1,MOM_qb2of3__FCF_OI_qb0of3,C17_FCF_P_DYN_qmax4,0.1623042437463238,-0.6142032564513489,0.52997002997003,36.55769230769231,v1
P_IC_qb1of3__ACCRUAL_qb2of3__C3_ROE_DYN_qmax4__v0,P_IC_qb1of3__ACCRUAL_qb2of3,C3_ROE_DYN_qmax4,0.1622355609960111,-0.5565703082995879,0.5598444265062009,171.09935897435898,v0
EV_S_qb1of3__None__C4_ROE_DYN_qmax8__v0,EV_S_qb1of3__None,C4_ROE_DYN_qmax8,0.1621589198687181,-0.5286371730589344,0.5820656525220176,532.5064102564103,v0
VOL_qb2of3__MOM_qb0of3__C7_ROE_DYN_ytdavg_gt_lyavg__v1,VOL_qb2of3__MOM_qb0of3,C7_ROE_DYN_ytdavg_gt_lyavg,0.16215514648239204,-0.6855338740892586,0.5279648609077598,22.063333333333333,v1
MOM_qb0of3__ROE_qb2of3__C7_ROE_DYN_ytdavg_gt_lyavg__v1,MOM_qb0of3__ROE_qb2of3,C7_ROE_DYN_ytdavg_gt_lyavg,0.16208465987762888,-0.5462360927460119,0.5623786407766991,25.71,v1
P_IC_qb1of3__ACCRUAL_qb2of3__C10_EPS_DYN_qmax4__v0,P_IC_qb1of3__ACCRUAL_qb2of3,C10_EPS_DYN_qmax4,0.1620011589675201,-0.5570130379520053,0.5603612865325305,171.37820512820514,v0
OCF_E_qb0of3__MOM_qb2of3__C17_FCF_P_DYN_qmax4__v1,OCF_E_qb0of3__MOM_qb2of3,C17_FCF_P_DYN_qmax4,0.16195740761596955,-0.5045850725467547,0.5249281730606726,36.256410256410255,v1
PB_qb1of3__ROIC_qb2of3__C14_EPS_DYN_ytdavg_gt_lyavg__v1,PB_qb1of3__ROIC_qb2of3,C14_EPS_DYN_ytdavg_gt_lyavg,0.16194597325011517,-0.5003160643448752,0.5619089509566747,38.663333333333334,v1
EV_S_qb1of3__None__C14_EPS_DYN_ytdavg_gt_lyavg__v0,EV_S_qb1of3__None,C14_EPS_DYN_ytdavg_gt_lyavg,0.16185111495546223,-0.5104021748314335,0.5779753761969905,336.72333333333336,v0
P_IC_qb1of3__ACCRUAL_qb2of3__C11_EPS_DYN_qmax8__v0,P_IC_qb1of3__ACCRUAL_qb2of3,C11_EPS_DYN_qmax8,0.16185085543390265,-0.5570528919166517,0.5589728710285797,169.22435897435898,v0
EV_S_qb1of3__None__None__v0,EV_S_qb1of3__None,None,0.16184177890453855,-0.520305435422546,0.5814461339372371,579.1057692307693,v0
MOM_qb0of3__FCF_OI_qb0of3__C7_ROE_DYN_ytdavg_gt_lyavg__v0,MOM_qb0of3__FCF_OI_qb0of3,C7_ROE_DYN_ytdavg_gt_lyavg,0.1618088989219868,-0.624083883233461,0.5375343002744022,93.05666666666667,v0
P_IC_qb1of3__None__C20_FCF_P_DYN_ytdavg_gt_lyytdavg__v1,P_IC_qb1of3__None,C20_FCF_P_DYN_ytdavg_gt_lyytdavg,0.16180108177420238,-0.49109227535933997,0.5731825079321285,67.98601398601399,v1
P_IC_qb1of3__ACCRUAL_qb2of3__C4_ROE_DYN_qmax8__v0,P_IC_qb1of3__ACCRUAL_qb2of3,C4_ROE_DYN_qmax8,0.16178228997233668,-0.5575596534778877,0.5580738595220854,168.73397435897436,v0
ROIC_qb2of3__MOM_qb1of3__C7_ROE_DYN_ytdavg_gt_lyavg__v1,ROIC_qb2of3__MOM_qb1of3,C7_ROE_DYN_ytdavg_gt_lyavg,0.16165972568496212,-0.5310596089084495,0.5807277381605412,32.946666666666665,v1
P_IC_qb1of3__OCF_E_qb0of3__C20_FCF_P_DYN_ytdavg_gt_lyytdavg__v0,P_IC_qb1of3__OCF_E_qb0of3,C20_FCF_P_DYN_ytdavg_gt_lyytdavg,0.16154476384906236,-0.575184768702203,0.5494920174165457,67.0979020979021,v0
MOM_qb0of3__DEBTRATIO_qb2of3__C20_FCF_P_DYN_ytdavg_gt_lyytdavg__v0,MOM_qb0of3__DEBTRATIO_qb2of3,C20_FCF_P_DYN_ytdavg_gt_lyytdavg,0.16152717165584884,-0.7056047775120706,0.5818565400843881,88.3076923076923,v0
MOM_qb0of3__None__C20_FCF_P_DYN_ytdavg_gt_lyytdavg__v0,MOM_qb0of3__None,C20_FCF_P_DYN_ytdavg_gt_lyytdavg,0.16150466304984024,-0.6261940798448251,0.5729033202767507,261.16083916083915,v0
P_IC_qb2of3__PB_qb1of3__C14_EPS_DYN_ytdavg_gt_lyavg__v0,P_IC_qb2of3__PB_qb1of3,C14_EPS_DYN_ytdavg_gt_lyavg,0.16147060407820701,-0.4975328112382644,0.5355124109117719,59.446666666666665,v0
MOM_qb2of3__None__C13_EPS_DYN_ytdavg_gt_lyytdavg__v1,MOM_qb2of3__None,C13_EPS_DYN_ytdavg_gt_lyytdavg,0.1614405145397868,-0.4491146397707525,0.5401651361987808,87.61052631578947,v1
P_IC_qb1of3__NETDEBT_EBITDA_qb0of3__C6_ROE_DYN_ytdavg_gt_lyytdavg__v1,P_IC_qb1of3__NETDEBT_EBITDA_qb0of3,C6_ROE_DYN_ytdavg_gt_lyytdavg,0.16125365116363755,-0.5929099641757374,0.5404992358634743,17.66083916083916,v1
P_IC_qb0of3__MOM_qb0of3__C13_EPS_DYN_ytdavg_gt_lyytdavg__v1,P_IC_qb0of3__MOM_qb0of3,C13_EPS_DYN_ytdavg_gt_lyytdavg,0.16121067479240514,-0.6356217898838759,0.5605271222801104,20.628070175438598,v1
ROIC_qb0of3__MOM_qb0of3__C6_ROE_DYN_ytdavg_gt_lyytdavg__v0,ROIC_qb0of3__MOM_qb0of3,C6_ROE_DYN_ytdavg_gt_lyytdavg,0.16114146455159872,-0.6152406755087788,0.5267335979453655,83.02447552447552,v0
P_IC_qb2of3__PB_qb1of3__C13_EPS_DYN_ytdavg_gt_lyytdavg__v0,P_IC_qb2of3__PB_qb1of3,C13_EPS_DYN_ytdavg_gt_lyytdavg,0.1610857471733782,-0.4774094800394326,0.5451656831593282,59.8280701754386,v0
OCF_E_qb0of3__MOM_qb0of3__C13_EPS_DYN_ytdavg_gt_lyytdavg__v0,OCF_E_qb0of3__MOM_qb0of3,C13_EPS_DYN_ytdavg_gt_lyytdavg,0.160984672998725,-0.6274303967375618,0.5341148688538416,107.78947368421052,v0
PB_qb1of3__ROIC_qb2of3__C10_EPS_DYN_qmax4__v0,PB_qb1of3__ROIC_qb2of3,C10_EPS_DYN_qmax4,0.1609777194410953,-0.4813085973495278,0.5615673437951285,184.04166666666666,v0
REVENUE_qb0of3__MOM_qb0of3__C11_EPS_DYN_qmax8__v1,REVENUE_qb0of3__MOM_qb0of3,C11_EPS_DYN_qmax8,0.1609195071532552,-0.5466305555239834,0.5292286406087859,40.6025641025641,v1
OCF_E_qb0of3__MOM_qb2of3__C6_ROE_DYN_ytdavg_gt_lyytdavg__v0,OCF_E_qb0of3__MOM_qb2of3,C6_ROE_DYN_ytdavg_gt_lyytdavg,0.16079413972202294,-0.5170820440981356,0.5143134924921681,78.64685314685315,v0
P_IC_qb1of3__CROIC_qb0of3__C7_ROE_DYN_ytdavg_gt_lyavg__v0,P_IC_qb1of3__CROIC_qb0of3,C7_ROE_DYN_ytdavg_gt_lyavg,0.16077308893863695,-0.5244064477513013,0.5428495972534002,85.05333333333333,v0
PB_qb1of3__ROIC_qb2of3__C7_ROE_DYN_ytdavg_gt_lyavg__v1,PB_qb1of3__ROIC_qb2of3,C7_ROE_DYN_ytdavg_gt_lyavg,0.1607423992495054,-0.5622366852966245,0.5586241526487572,32.49333333333333,v1
MOM_qb0of3__FCF_OI_qb0of3__C13_EPS_DYN_ytdavg_gt_lyytdavg__v0,MOM_qb0of3__FCF_OI_qb0of3,C13_EPS_DYN_ytdavg_gt_lyytdavg,0.16054933115827552,-0.6020046337407521,0.5328393398450657,107.8280701754386,v0
PB_qb1of3__ROIC_qb2of3__C3_ROE_DYN_qmax4__v0,PB_qb1of3__ROIC_qb2of3,C3_ROE_DYN_qmax4,0.16054657922329452,-0.4804531819816621,0.5630003812428517,183.53846153846155,v0
P_IC_qb1of3__PB_qb2of3__C14_EPS_DYN_ytdavg_gt_lyavg__v0,P_IC_qb1of3__PB_qb2of3,C14_EPS_DYN_ytdavg_gt_lyavg,0.1604725703441634,-0.562889263265552,0.5849106203995794,67.45,v0
PB_qb1of3__ROIC_qb2of3__C17_FCF_P_DYN_qmax4__v0,PB_qb1of3__ROIC_qb2of3,C17_FCF_P_DYN_qmax4,0.1604704794452605,-0.4777887464069426,0.5673382820784729,182.57051282051282,v0
P_IC_qb0of3__CROIC_qb2of3__C6_ROE_DYN_ytdavg_gt_lyytdavg__v1,P_IC_qb0of3__CROIC_qb2of3,C6_ROE_DYN_ytdavg_gt_lyytdavg,0.160358097234921,-0.7373875432811652,0.5618686868686869,10.667832167832168,v1
P_IC_qb1of3__DEBTRATIO_qb0of3__C13_EPS_DYN_ytdavg_gt_lyytdavg__v1,P_IC_qb1of3__DEBTRATIO_qb0of3,C13_EPS_DYN_ytdavg_gt_lyytdavg,0.16026048717931518,-0.6452066090156104,0.5405720957384705,15.621052631578948,v1
MOM_qb2of3__None__C20_FCF_P_DYN_ytdavg_gt_lyytdavg__v0,MOM_qb2of3__None,C20_FCF_P_DYN_ytdavg_gt_lyytdavg,0.16025310156684736,-0.5320291190280184,0.5310246315716127,281.1748251748252,v0
MOM_qb2of3__FCF_OI_qb0of3__C10_EPS_DYN_qmax4__v1,MOM_qb2of3__FCF_OI_qb0of3,C10_EPS_DYN_qmax4,0.16012042520311853,-0.608621304999422,0.531244847485573,37.06089743589744,v1
MOM_qb2of3__FCF_OI_qb0of3__C18_FCF_P_DYN_qmax8__v1,MOM_qb2of3__FCF_OI_qb0of3,C18_FCF_P_DYN_qmax8,0.1601118823247114,-0.6256329414445447,0.5317139001349528,35.842948717948715,v1
EV_S_qb1of3__DEBTRATIO_qb1of3__C13_EPS_DYN_ytdavg_gt_lyytdavg__v0,EV_S_qb1of3__DEBTRATIO_qb1of3,C13_EPS_DYN_ytdavg_gt_lyytdavg,0.1600631525143521,-0.5349959670280863,0.5868175110673881,114.8,v0
MOM_qb2of3__FCF_OI_qb0of3__C3_ROE_DYN_qmax4__v1,MOM_qb2of3__FCF_OI_qb0of3,C3_ROE_DYN_qmax4,0.15991340578519875,-0.6118354581803112,0.531121017005118,36.99679487179487,v1
P_IC_qb0of3__FCF_P_qb2of3__C16_FCF_P_DYN_riseq2__v0,P_IC_qb0of3__FCF_P_qb2of3,C16_FCF_P_DYN_riseq2,0.1598437097325489,-0.6104091638499158,0.572840567253975,10.210526315789474,v0
MOM_qb2of3__FCF_OI_qb0of3__C6_ROE_DYN_ytdavg_gt_lyytdavg__v1,MOM_qb2of3__FCF_OI_qb0of3,C6_ROE_DYN_ytdavg_gt_lyytdavg,0.15977981608962888,-0.7259480398501388,0.5317683881064162,18.636363636363637,v1
EV_S_qb1of3__DEBTRATIO_qb1of3__None__v0,EV_S_qb1of3__DEBTRATIO_qb1of3,None,0.1595479840252807,-0.5359232459968049,0.5852363250132767,185.87179487179486,v0
P_IC_qb0of3__ROE_qb2of3__C20_FCF_P_DYN_ytdavg_gt_lyytdavg__v1,P_IC_qb0of3__ROE_qb2of3,C20_FCF_P_DYN_ytdavg_gt_lyytdavg,0.15951395275820524,-0.7769550075952859,0.573170731707317,15.660839160839162,v1
P_IC_qb1of3__FCF_P_qb0of3__C7_ROE_DYN_ytdavg_gt_lyavg__v0,P_IC_qb1of3__FCF_P_qb0of3,C7_ROE_DYN_ytdavg_gt_lyavg,0.1594493943513271,-0.5272365373320376,0.5442512328056061,86.23666666666666,v0
EV_S_qb1of3__None__C7_ROE_DYN_ytdavg_gt_lyavg__v0,EV_S_qb1of3__None,C7_ROE_DYN_ytdavg_gt_lyavg,0.15942350130862404,-0.5126841967804993,0.5732530120481928,282.3833333333333,v0
EPS_qb1of3__MOM_qb1of3__C7_ROE_DYN_ytdavg_gt_lyavg__v1,EPS_qb1of3__MOM_qb1of3,C7_ROE_DYN_ytdavg_gt_lyavg,0.15940007277131607,-0.4820180131949402,0.5672489082969432,28.1,v1
PB_qb1of3__ROIC_qb2of3__C18_FCF_P_DYN_qmax8__v0,PB_qb1of3__ROIC_qb2of3,C18_FCF_P_DYN_qmax8,0.15935509622972432,-0.47543527389675977,0.5680138673478697,179.35576923076923,v0
MOM_qb2of3__ROE_qb2of3__C20_FCF_P_DYN_ytdavg_gt_lyytdavg__v1,MOM_qb2of3__ROE_qb2of3,C20_FCF_P_DYN_ytdavg_gt_lyytdavg,0.15926094530206902,-0.5335901395328968,0.5560468715454344,28.583916083916083,v1
PB_qb1of3__ROIC_qb2of3__C11_EPS_DYN_qmax8__v0,PB_qb1of3__ROIC_qb2of3,C11_EPS_DYN_qmax8,0.1592127125276157,-0.4824285025405797,0.5608132749817651,181.65384615384616,v0
EV_S_qb1of3__DEBTRATIO_qb1of3__C10_EPS_DYN_qmax4__v0,EV_S_qb1of3__DEBTRATIO_qb1of3,C10_EPS_DYN_qmax4,0.1590584736319649,-0.5335882174857509,0.5868866822429907,180.43910256410257,v0
EV_S_qb1of3__DEBTRATIO_qb1of3__C11_EPS_DYN_qmax8__v0,EV_S_qb1of3__DEBTRATIO_qb1of3,C11_EPS_DYN_qmax8,0.1590575543076196,-0.5360067512049089,0.581319399085565,176.80769230769232,v0
PB_qb1of3__ROIC_qb2of3__C4_ROE_DYN_qmax8__v0,PB_qb1of3__ROIC_qb2of3,C4_ROE_DYN_qmax8,0.15896358329312266,-0.4808809681427495,0.5616979269496545,180.84294871794873,v0
ROIC_qb2of3__MOM_qb1of3__C6_ROE_DYN_ytdavg_gt_lyytdavg__v1,ROIC_qb2of3__MOM_qb1of3,C6_ROE_DYN_ytdavg_gt_lyytdavg,0.1589571894645614,-0.5032774008318022,0.5711281070745697,31.40909090909091,v1
OCF_E_qb0of3__MOM_qb2of3__C3_ROE_DYN_qmax4__v1,OCF_E_qb0of3__MOM_qb2of3,C3_ROE_DYN_qmax4,0.158949635153119,-0.5079737935537842,0.524928655363438,36.56089743589744,v1
OCF_E_qb0of3__MOM_qb2of3__C18_FCF_P_DYN_qmax8__v1,OCF_E_qb0of3__MOM_qb2of3,C18_FCF_P_DYN_qmax8,0.15876779698632593,-0.503111613564474,0.5254439890710383,35.6025641025641,v1
MOM_qb2of3__FCF_OI_qb0of3__None__v1,MOM_qb2of3__FCF_OI_qb0of3,None,0.1587631123708333,-0.6018788829544821,0.5302462090330996,37.916666666666664,v1
PB_qb1of3__ROIC_qb2of3__None__v0,PB_qb1of3__ROIC_qb2of3,None,0.15863436785703744,-0.4762140763268059,0.5636790047924951,192.20833333333334,v0
EV_S_qb1of3__DEBTRATIO_qb1of3__C17_FCF_P_DYN_qmax4__v0,EV_S_qb1of3__DEBTRATIO_qb1of3,C17_FCF_P_DYN_qmax4,0.15841938525655452,-0.5367190882097039,0.5874890638670166,180.31410256410257,v0
EV_S_qb1of3__DEBTRATIO_qb1of3__C3_ROE_DYN_qmax4__v0,EV_S_qb1of3__DEBTRATIO_qb1of3,C3_ROE_DYN_qmax4,0.1583813673968919,-0.535498621548387,0.5862564692351926,179.92307692307693,v0
OCF_E_qb0of3__MOM_qb2of3__C4_ROE_DYN_qmax8__v1,OCF_E_qb0of3__MOM_qb2of3,C4_ROE_DYN_qmax8,0.15837708719505428,-0.5100228345548856,0.5267072346179851,36.04807692307692,v1
OCF_E_qb0of3__MOM_qb2of3__C10_EPS_DYN_qmax4__v1,OCF_E_qb0of3__MOM_qb2of3,C10_EPS_DYN_qmax4,0.15833641407878218,-0.5079188770599525,0.5262539842308338,36.68269230769231,v1
CROIC_qb0of3__MOM_qb2of3__C6_ROE_DYN_ytdavg_gt_lyytdavg__v1,CROIC_qb0of3__MOM_qb2of3,C6_ROE_DYN_ytdavg_gt_lyytdavg,0.15832521201922556,-0.7274519315260235,0.525500322788896,18.115384615384617,v1
EV_S_qb1of3__NETDEBT_EBITDA_qb2of3__C14_EPS_DYN_ytdavg_gt_lyavg__v1,EV_S_qb1of3__NETDEBT_EBITDA_qb2of3,C14_EPS_DYN_ytdavg_gt_lyavg,0.1583142382023217,-0.5376021130180391,0.5653206650831354,21.186666666666667,v1
EPS_qb1of3__MOM_qb1of3__C6_ROE_DYN_ytdavg_gt_lyytdavg__v1,EPS_qb1of3__MOM_qb1of3,C6_ROE_DYN_ytdavg_gt_lyytdavg,0.15828456194631801,-0.5029205466097336,0.5672382671480144,27.213286713286713,v1
EV_S_qb1of3__DEBTRATIO_qb1of3__C18_FCF_P_DYN_qmax8__v0,EV_S_qb1of3__DEBTRATIO_qb1of3,C18_FCF_P_DYN_qmax8,0.15827892876781546,-0.5380061285784461,0.5825179386823223,176.56730769230768,v0
FCF_P_qb0of3__MOM_qb2of3__C3_ROE_DYN_qmax4__v1,FCF_P_qb0of3__MOM_qb2of3,C3_ROE_DYN_qmax4,0.15824891772594807,-0.5825969698305145,0.5259382819015846,36.75961538461539,v1
MOM_qb2of3__ROE_qb2of3__C13_EPS_DYN_ytdavg_gt_lyytdavg__v0,MOM_qb2of3__ROE_qb2of3,C13_EPS_DYN_ytdavg_gt_lyytdavg,0.158200567411948,-0.5068739184633697,0.5453004332265964,155.6421052631579,v0
FCF_P_qb0of3__MOM_qb2of3__C17_FCF_P_DYN_qmax4__v1,FCF_P_qb0of3__MOM_qb2of3,C17_FCF_P_DYN_qmax4,0.1581409220471237,-0.5821318361706693,0.523561090541905,36.31730769230769,v1
EV_S_qb0of3__FCF_P_qb2of3__C5_ROE_DYN_yoy__v0,EV_S_qb0of3__FCF_P_qb2of3,C5_ROE_DYN_yoy,0.15809425570984437,-0.521400855480276,0.5704611415672364,10.564625850340136,v0
MOM_qb2of3__None__C6_ROE_DYN_ytdavg_gt_lyytdavg__v0,MOM_qb2of3__None,C6_ROE_DYN_ytdavg_gt_lyytdavg,0.15805829940997596,-0.5145673327630768,0.5252309118790343,286.4020979020979,v0
EV_S_qb0of3__DEBTRATIO_qb0of3__C6_ROE_DYN_ytdavg_gt_lyytdavg__v1,EV_S_qb0of3__DEBTRATIO_qb0of3,C6_ROE_DYN_ytdavg_gt_lyytdavg,0.15803259381297097,-0.5680010185553503,0.5742616033755275,23.297202797202797,v1
EV_S_qb1of3__DEBTRATIO_qb1of3__C4_ROE_DYN_qmax8__v0,EV_S_qb1of3__DEBTRATIO_qb1of3,C4_ROE_DYN_qmax8,0.15794546377145124,-0.5392406053146073,0.5805916857944402,175.97115384615384,v0
MOM_qb2of3__FCF_OI_qb0of3__C4_ROE_DYN_qmax8__v1,MOM_qb2of3__FCF_OI_qb0of3,C4_ROE_DYN_qmax8,0.1578266083455293,-0.6091975754742409,0.5315780703216131,36.458333333333336,v1
P_IC_qb0of3__PB_qb0of3__C2_ROE_DYN_riseq2__v0,P_IC_qb0of3__PB_qb0of3,C2_ROE_DYN_riseq2,0.15733382945099939,-0.5621849794564622,0.5819633630812588,10.240384615384615,v0
OCF_E_qb2of3__MOM_qb0of3__C13_EPS_DYN_ytdavg_gt_lyytdavg__v1,OCF_E_qb2of3__MOM_qb0of3,C13_EPS_DYN_ytdavg_gt_lyytdavg,0.15725965555507115,-0.4831558921567869,0.5649380449747591,26.231578947368423,v1
P_IC_qb1of3__ACCRUAL_qb2of3__C7_ROE_DYN_ytdavg_gt_lyavg__v0,P_IC_qb1of3__ACCRUAL_qb2of3,C7_ROE_DYN_ytdavg_gt_lyavg,0.15724110601989838,-0.554826557500478,0.5572697522206639,93.35666666666667,v0
ROIC_qb2of3__MOM_qb1of3__C3_ROE_DYN_qmax4__v0,ROIC_qb2of3__MOM_qb1of3,C3_ROE_DYN_qmax4,0.15717220028189494,-0.4674014356949149,0.5755940594059406,194.64423076923077,v0
P_IC_qb2of3__PS_qb1of3__C11_EPS_DYN_qmax8__v1,P_IC_qb2of3__PS_qb1of3,C11_EPS_DYN_qmax8,0.1570794999527565,-0.4811690362718215,0.5739415013295153,42.532051282051285,v1
OCF_E_qb0of3__MOM_qb2of3__None__v1,OCF_E_qb0of3__MOM_qb2of3,None,0.15705686036771116,-0.5036593727854337,0.5267605633802817,37.47435897435897,v1
P_IC_qb2of3__PS_qb1of3__C10_EPS_DYN_qmax4__v1,P_IC_qb2of3__PS_qb1of3,C10_EPS_DYN_qmax4,0.15702758977878628,-0.4821787977129304,0.5753081261750574,43.458333333333336,v1
ROIC_qb2of3__MOM_qb1of3__C10_EPS_DYN_qmax4__v0,ROIC_qb2of3__MOM_qb1of3,C10_EPS_DYN_qmax4,0.157022382142326,-0.46824574546756303,0.5753356785413467,195.44871794871796,v0
P_IC_qb1of3__None__None__v1,P_IC_qb1of3__None,None,0.15681699861201914,-0.5066715636303056,0.5731747333880229,136.9647435897436,v1
REVENUE_qb0of3__MOM_qb0of3__None__v1,REVENUE_qb0of3__MOM_qb0of3,None,0.15671695533854368,-0.5717329344069737,0.5317651098901099,41.868589743589745,v1
MOM_qb2of3__FCF_OI_qb0of3__C11_EPS_DYN_qmax8__v1,MOM_qb2of3__FCF_OI_qb0of3,C11_EPS_DYN_qmax8,0.15670066135493288,-0.6182306388566263,0.5313591748461155,36.56410256410256,v1
ROIC_qb2of3__MOM_qb1of3__C4_ROE_DYN_qmax8__v1,ROIC_qb2of3__MOM_qb1of3,C4_ROE_DYN_qmax8,0.15659696472747098,-0.48397766465048575,0.573389651531151,51.15384615384615,v1
ROIC_qb2of3__MOM_qb1of3__None__v0,ROIC_qb2of3__MOM_qb1of3,None,0.15654799869093106,-0.4663373679204431,0.5733009708737864,204.95833333333334,v0
ROIC_qb2of3__MOM_qb1of3__C17_FCF_P_DYN_qmax4__v0,ROIC_qb2of3__MOM_qb1of3,C17_FCF_P_DYN_qmax4,0.15645601379771756,-0.46977955391072235,0.5751284994261191,193.81410256410257,v0
P_IC_qb2of3__PS_qb1of3__C3_ROE_DYN_qmax4__v1,P_IC_qb2of3__PS_qb1of3,C3_ROE_DYN_qmax4,0.15641823727916115,-0.48367393750871723,0.5757890365448505,43.2724358974359,v1
ROIC_qb2of3__MOM_qb1of3__C4_ROE_DYN_qmax8__v0,ROIC_qb2of3__MOM_qb1of3,C4_ROE_DYN_qmax8,0.15634398365770297,-0.4681183402700887,0.5742729635623559,190.80769230769232,v0
P_IC_qb2of3__PS_qb1of3__C17_FCF_P_DYN_qmax4__v1,P_IC_qb2of3__PS_qb1of3,C17_FCF_P_DYN_qmax4,0.15618926211894135,-0.4795227784211461,0.5750630782169891,43.61538461538461,v1
EV_EBITDA_qb0of3__MOM_qb0of3__C14_EPS_DYN_ytdavg_gt_lyavg__v1,EV_EBITDA_qb0of3__MOM_qb0of3,C14_EPS_DYN_ytdavg_gt_lyavg,0.15618737675584948,-0.661060280698603,0.5387565050671049,23.59,v1
ROIC_qb2of3__MOM_qb1of3__C11_EPS_DYN_qmax8__v0,ROIC_qb2of3__MOM_qb1of3,C11_EPS_DYN_qmax8,0.1561543288347964,-0.4682244107965494,0.5741640889674473,192.32692307692307,v0
FCF_P_qb0of3__MOM_qb2of3__C10_EPS_DYN_qmax4__v1,FCF_P_qb0of3__MOM_qb2of3,C10_EPS_DYN_qmax4,0.15594930061605594,-0.580942391388918,0.5255790701549742,36.82371794871795,v1
ROIC_qb2of3__MOM_qb1of3__C3_ROE_DYN_qmax4__v1,ROIC_qb2of3__MOM_qb1of3,C3_ROE_DYN_qmax4,0.15592948010440133,-0.4892151196810506,0.5742967199719855,52.2724358974359,v1
FCF_P_qb0of3__MOM_qb2of3__None__v1,FCF_P_qb0of3__MOM_qb2of3,None,0.15587770260845102,-0.574340440664981,0.5250164581961817,37.69230769230769,v1
P_IC_qb1of3__None__C7_ROE_DYN_ytdavg_gt_lyavg__v0,P_IC_qb1of3__None,C7_ROE_DYN_ytdavg_gt_lyavg,0.15584529314877527,-0.5509171659313025,0.5741020476670023,282.3466666666667,v0
CROIC_qb0of3__MOM_qb2of3__C20_FCF_P_DYN_ytdavg_gt_lyytdavg__v1,CROIC_qb0of3__MOM_qb2of3,C20_FCF_P_DYN_ytdavg_gt_lyytdavg,0.1558225466249754,-0.4653386721264995,0.5292543021032505,15.104895104895105,v1
EV_S_qb0of3__None__C16_FCF_P_DYN_riseq2__v0,EV_S_qb0of3__None,C16_FCF_P_DYN_riseq2,0.15573286471772185,-0.5524208015824412,0.5633210719915922,13.047945205479452,v0
ROIC_qb2of3__MOM_qb1of3__C18_FCF_P_DYN_qmax8__v0,ROIC_qb2of3__MOM_qb1of3,C18_FCF_P_DYN_qmax8,0.15572263496940963,-0.4703644328362806,0.5741052007118845,189.36858974358975,v0
P_IC_qb2of3__PS_qb1of3__None__v1,P_IC_qb2of3__PS_qb1of3,None,0.15551376253515703,-0.47879913972836896,0.5769064124783362,44.833333333333336,v1
MOM_qb2of3__ROE_qb2of3__C14_EPS_DYN_ytdavg_gt_lyavg__v1,MOM_qb2of3__ROE_qb2of3,C14_EPS_DYN_ytdavg_gt_lyavg,0.1554922539239212,-0.5207406367385197,0.5511996236474831,42.08,v1
P_IC_qb2of3__PS_qb1of3__C10_EPS_DYN_qmax4__v0,P_IC_qb2of3__PS_qb1of3,C10_EPS_DYN_qmax4,0.15546927740538297,-0.5168397869157382,0.5695086098278035,174.20192307692307,v0
CROIC_qb0of3__MOM_qb2of3__C17_FCF_P_DYN_qmax4__v1,CROIC_qb0of3__MOM_qb2of3,C17_FCF_P_DYN_qmax4,0.15541214339278286,-0.5913832870469578,0.5251102816423482,35.91025641025641,v1
P_IC_qb1of3__None__C3_ROE_DYN_qmax4__v1,P_IC_qb1of3__None,C3_ROE_DYN_qmax4,0.15541179747641287,-0.5070569676453973,0.5679213135068154,132.45833333333334,v1
EPS_qb1of3__MOM_qb1of3__C18_FCF_P_DYN_qmax8__v1,EPS_qb1of3__MOM_qb1of3,C18_FCF_P_DYN_qmax8,0.1554032286257323,-0.5062706400474685,0.5665993945509586,48.93269230769231,v1
P_IC_qb1of3__None__C4_ROE_DYN_qmax8__v1,P_IC_qb1of3__None,C4_ROE_DYN_qmax8,0.15530531091573496,-0.5105859311790026,0.5636897148446317,129.63141025641025,v1
ROIC_qb2of3__MOM_qb1of3__None__v1,ROIC_qb2of3__MOM_qb1of3,None,0.1552773112086605,-0.4907961670094044,0.5747273149222557,53.76282051282051,v1
P_IC_qb0of3__OCF_E_qb2of3__C6_ROE_DYN_ytdavg_gt_lyytdavg__v1,P_IC_qb0of3__OCF_E_qb2of3,C6_ROE_DYN_ytdavg_gt_lyytdavg,0.15526811704859567,-0.6344059722548762,0.5679318907413976,20.97902097902098,v1
ROIC_qb2of3__MOM_qb1of3__C11_EPS_DYN_qmax8__v1,ROIC_qb2of3__MOM_qb1of3,C11_EPS_DYN_qmax8,0.15525528581069326,-0.48487449657436743,0.572599531615925,51.61217948717949,v1
P_IC_qb1of3__None__C20_FCF_P_DYN_ytdavg_gt_lyytdavg__v0,P_IC_qb1of3__None,C20_FCF_P_DYN_ytdavg_gt_lyytdavg,0.1552022866832916,-0.5180037716427619,0.5832911758329118,273.5244755244755,v0
ROIC_qb2of3__MOM_qb1of3__C18_FCF_P_DYN_qmax8__v1,ROIC_qb2of3__MOM_qb1of3,C18_FCF_P_DYN_qmax8,0.15514030645491683,-0.4837223032460304,0.5717991039849092,51.23076923076923,v1
ROIC_qb2of3__MOM_qb1of3__C10_EPS_DYN_qmax4__v1,ROIC_qb2of3__MOM_qb1of3,C10_EPS_DYN_qmax4,0.15511261915055918,-0.48870397516485964,0.5742123687281213,52.51923076923077,v1
P_IC_qb1of3__None__C10_EPS_DYN_qmax4__v1,P_IC_qb1of3__None,C10_EPS_DYN_qmax4,0.15502839504896238,-0.5087375015276121,0.5676095741373951,132.75,v1
ROIC_qb2of3__MOM_qb1of3__C14_EPS_DYN_ytdavg_gt_lyavg__v1,ROIC_qb2of3__MOM_qb1of3,C14_EPS_DYN_ytdavg_gt_lyavg,0.1550086646763147,-0.4885884622270966,0.5754113345521024,40.68666666666667,v1
PS_qb1of3__None__C7_ROE_DYN_ytdavg_gt_lyavg__v1,PS_qb1of3__None,C7_ROE_DYN_ytdavg_gt_lyavg,0.15498902596493336,-0.47131790066981993,0.5807770961145194,76.36,v1
OCF_E_qb0of3__MOM_qb2of3__C11_EPS_DYN_qmax8__v1,OCF_E_qb0of3__MOM_qb2of3,C11_EPS_DYN_qmax8,0.15498307420667357,-0.5093275692816437,0.5266711681296421,36.23717948717949,v1
P_IC_qb2of3__PS_qb1of3__C11_EPS_DYN_qmax8__v0,P_IC_qb2of3__PS_qb1of3,C11_EPS_DYN_qmax8,0.15497960952455747,-0.51687252585005,0.5726799542973213,170.94551282051282,v0
P_IC_qb1of3__None__C18_FCF_P_DYN_qmax8__v1,P_IC_qb1of3__None,C18_FCF_P_DYN_qmax8,0.15484044395278795,-0.5106925009001595,0.5682527598020556,130.57371794871796,v1
EV_S_qb1of3__NETDEBT_EBITDA_qb2of3__None__v1,EV_S_qb1of3__NETDEBT_EBITDA_qb2of3,None,0.1548005411058706,-0.5535670550645169,0.5588091752074182,38.75,v1
P_IC_qb2of3__PS_qb1of3__C4_ROE_DYN_qmax8__v1,P_IC_qb2of3__PS_qb1of3,C4_ROE_DYN_qmax8,0.1547926543833129,-0.48534155648495625,0.5724725943970768,42.21474358974359,v1
P_IC_qb1of3__OCF_E_qb0of3__C4_ROE_DYN_qmax8__v1,P_IC_qb1of3__OCF_E_qb0of3,C4_ROE_DYN_qmax8,0.1547232606422586,-0.6027521722172098,0.5408401400233372,36.080128205128204,v1
P_IC_qb1of3__None__C17_FCF_P_DYN_qmax4__v1,P_IC_qb1of3__None,C17_FCF_P_DYN_qmax4,0.15471383967629837,-0.5091134992972566,0.5711943793911007,133.0897435897436,v1
ROIC_qb2of3__MOM_qb1of3__C17_FCF_P_DYN_qmax4__v1,ROIC_qb2of3__MOM_qb1of3,C17_FCF_P_DYN_qmax4,0.15469699700622708,-0.49034909213879063,0.5729704364148287,52.458333333333336,v1
P_IC_qb2of3__PB_qb1of3__None__v0,P_IC_qb2of3__PB_qb1of3,None,0.1546040530389725,-0.4971055112968086,0.5282881571766418,107.77884615384616,v0
P_IC_qb0of3__REV_G_qb0of3__C6_ROE_DYN_ytdavg_gt_lyytdavg__v1,P_IC_qb0of3__REV_G_qb0of3,C6_ROE_DYN_ytdavg_gt_lyytdavg,0.15455448385925896,-0.696389994211092,0.5387785687523416,22.25874125874126,v1
EPS_qb1of3__MOM_qb1of3__C10_EPS_DYN_qmax4__v0,EPS_qb1of3__MOM_qb1of3,C10_EPS_DYN_qmax4,0.15450123754849465,-0.4872175774400139,0.5777885783718104,203.49679487179486,v0
P_IC_qb1of3__None__C11_EPS_DYN_qmax8__v1,P_IC_qb1of3__None,C11_EPS_DYN_qmax8,0.15447790798762906,-0.5135757152052237,0.5637533106318577,130.1346153846154,v1
MOM_qb2of3__ROE_qb2of3__C6_ROE_DYN_ytdavg_gt_lyytdavg__v1,MOM_qb2of3__ROE_qb2of3,C6_ROE_DYN_ytdavg_gt_lyytdavg,0.15446431254789417,-0.6037516089012209,0.5417916041979011,34.87762237762238,v1
P_IC_qb2of3__PS_qb1of3__C17_FCF_P_DYN_qmax4__v0,P_IC_qb2of3__PS_qb1of3,C17_FCF_P_DYN_qmax4,0.15446161289587712,-0.5163883119761686,0.5778027220429354,173.93589743589743,v0
P_IC_qb2of3__PS_qb1of3__C18_FCF_P_DYN_qmax8__v1,P_IC_qb2of3__PS_qb1of3,C18_FCF_P_DYN_qmax8,0.15443974684715744,-0.48340774173951595,0.5739632762533526,42.68269230769231,v1
FCF_P_qb0of3__MOM_qb2of3__C4_ROE_DYN_qmax8__v1,FCF_P_qb0of3__MOM_qb2of3,C4_ROE_DYN_qmax8,0.15443960989186523,-0.5765299506613314,0.5264309764309765,36.22115384615385,v1
P_IC_qb1of3__None__C13_EPS_DYN_ytdavg_gt_lyytdavg__v0,P_IC_qb1of3__None,C13_EPS_DYN_ytdavg_gt_lyytdavg,0.15440699017416426,-0.5255294497009247,0.5768334475668266,327.8666666666667,v0
P_IC_qb2of3__PS_qb1of3__None__v0,P_IC_qb2of3__PS_qb1of3,None,0.15437936331081903,-0.5068625964330224,0.5652104079665917,183.3397435897436,v0
P_IC_qb1of3__ACCRUAL_qb2of3__C13_EPS_DYN_ytdavg_gt_lyytdavg__v0,P_IC_qb1of3__ACCRUAL_qb2of3,C13_EPS_DYN_ytdavg_gt_lyytdavg,0.15434807559957786,-0.5489697731971723,0.5547266123490724,110.9298245614035,v0
P_IC_qb2of3__PS_qb1of3__C3_ROE_DYN_qmax4__v0,P_IC_qb2of3__PS_qb1of3,C3_ROE_DYN_qmax4,0.1543236422211718,-0.5179408905468457,0.570957095709571,173.5352564102564,v0
EPS_qb1of3__MOM_qb1of3__C18_FCF_P_DYN_qmax8__v0,EPS_qb1of3__MOM_qb1of3,C18_FCF_P_DYN_qmax8,0.15431675217960272,-0.488787372579947,0.5764346645986816,199.6698717948718,v0
P_IC_qb1of3__PB_qb2of3__C18_FCF_P_DYN_qmax8__v1,P_IC_qb1of3__PB_qb2of3,C18_FCF_P_DYN_qmax8,0.1542863334262783,-0.5356592380521528,0.5859979804779536,25.94871794871795,v1
EPS_qb1of3__MOM_qb1of3__C17_FCF_P_DYN_qmax4__v0,EPS_qb1of3__MOM_qb1of3,C17_FCF_P_DYN_qmax4,0.15426565895500577,-0.4864688247736896,0.578377065111759,203.13782051282053,v0
CROIC_qb0of3__MOM_qb2of3__C3_ROE_DYN_qmax4__v1,CROIC_qb0of3__MOM_qb2of3,C3_ROE_DYN_qmax4,0.1541820342845488,-0.587940692138854,0.5276796230859835,36.31410256410256,v1
CROIC_qb0of3__MOM_qb2of3__None__v1,CROIC_qb0of3__MOM_qb2of3,None,0.15414885138473267,-0.5793563641598805,0.5272425249169436,37.22115384615385,v1
CROIC_qb0of3__MOM_qb2of3__C10_EPS_DYN_qmax4__v1,CROIC_qb0of3__MOM_qb2of3,C10_EPS_DYN_qmax4,0.15411473455772118,-0.5840626360762087,0.5277217741935484,36.38461538461539,v1
P_IC_qb2of3__PS_qb1of3__C18_FCF_P_DYN_qmax8__v0,P_IC_qb2of3__PS_qb1of3,C18_FCF_P_DYN_qmax8,0.15402760485458233,-0.5189335174732826,0.5809907979326863,170.32371794871796,v0
EV_EBITDA_qb0of3__MOM_qb0of3__C7_ROE_DYN_ytdavg_gt_lyavg__v1,EV_EBITDA_qb0of3__MOM_qb0of3,C7_ROE_DYN_ytdavg_gt_lyavg,0.15398998130895825,-0.6526747671040043,0.5387045813586098,20.126666666666665,v1
EPS_qb1of3__MOM_qb1of3__C17_FCF_P_DYN_qmax4__v1,EPS_qb1of3__MOM_qb1of3,C17_FCF_P_DYN_qmax4,0.1539743744758728,-0.5056715246379095,0.5686544725632674,49.81089743589744,v1
EPS_qb1of3__MOM_qb1of3__None__v0,EPS_qb1of3__MOM_qb1of3,None,0.1538842210977276,-0.48315370895628984,0.5788859158355631,208.69230769230768,v0
EPS_qb1of3__MOM_qb1of3__C11_EPS_DYN_qmax8__v0,EPS_qb1of3__MOM_qb1of3,C11_EPS_DYN_qmax8,0.15387103414681635,-0.4900797935940534,0.576012037666246,200.25641025641025,v0
P_IC_qb2of3__PS_qb1of3__C4_ROE_DYN_qmax8__v0,P_IC_qb2of3__PS_qb1of3,C4_ROE_DYN_qmax8,0.15385756542491147,-0.5183138101172273,0.5720098643649815,169.88141025641025,v0
P_IC_qb1of3__PB_qb2of3__C11_EPS_DYN_qmax8__v1,P_IC_qb1of3__PB_qb2of3,C11_EPS_DYN_qmax8,0.15381023553562345,-0.5444747530372849,0.5827529021558873,25.756410256410255,v1
MOM_qb0of3__REV_G_qb0of3__None__v1,MOM_qb0of3__REV_G_qb0of3,None,0.1536909844839689,-0.7401954519928483,0.5441176470588235,44.24038461538461,v1
CROIC_qb0of3__MOM_qb0of3__C20_FCF_P_DYN_ytdavg_gt_lyytdavg__v0,CROIC_qb0of3__MOM_qb0of3,C20_FCF_P_DYN_ytdavg_gt_lyytdavg,0.1536699391908778,-0.6492472595926839,0.5271020059752454,81.54545454545455,v0
PB_qb0of3__MOM_qb0of3__C13_EPS_DYN_ytdavg_gt_lyytdavg__v1,PB_qb0of3__MOM_qb0of3,C13_EPS_DYN_ytdavg_gt_lyytdavg,0.15363102274762652,-0.6192931305477533,0.564846954875355,20.112280701754386,v1
P_IC_qb0of3__FCF_OI_qb1of3__C6_ROE_DYN_ytdavg_gt_lyytdavg__v1,P_IC_qb0of3__FCF_OI_qb1of3,C6_ROE_DYN_ytdavg_gt_lyytdavg,0.15362540087052357,-0.6283732038305196,0.5508345978755691,18.433566433566433,v1
ACCRUAL_qb0of3__MOM_qb0of3__C20_FCF_P_DYN_ytdavg_gt_lyytdavg__v1,ACCRUAL_qb0of3__MOM_qb0of3,C20_FCF_P_DYN_ytdavg_gt_lyytdavg,0.15355768186031482,-0.6528272327120861,0.5531019978969506,23.03846153846154,v1
EPS_qb1of3__MOM_qb1of3__C7_ROE_DYN_ytdavg_gt_lyavg__v0,EPS_qb1of3__MOM_qb1of3,C7_ROE_DYN_ytdavg_gt_lyavg,0.1534839772596368,-0.44687494379068093,0.5745230359076897,105.56666666666666,v0
REVENUE_qb0of3__MOM_qb0of3__C17_FCF_P_DYN_qmax4__v1,REVENUE_qb0of3__MOM_qb0of3,C17_FCF_P_DYN_qmax4,0.15343804277822604,-0.5632946367163789,0.5299706339609604,41.05769230769231,v1
P_IC_qb1of3__PB_qb2of3__None__v1,P_IC_qb1of3__PB_qb2of3,None,0.1534370972488417,-0.5343579783158956,0.5908455625436757,27.243589743589745,v1
P_IC_qb1of3__PB_qb2of3__C17_FCF_P_DYN_qmax4__v1,P_IC_qb1of3__PB_qb2of3,C17_FCF_P_DYN_qmax4,0.15340502610973794,-0.535659238050783,0.5879139638101741,26.46794871794872,v1
FCF_P_qb0of3__MOM_qb2of3__C18_FCF_P_DYN_qmax8__v1,FCF_P_qb0of3__MOM_qb2of3,C18_FCF_P_DYN_qmax8,0.1532659306742472,-0.592288086048238,0.5244755244755245,35.61538461538461,v1
P_IC_qb2of3__PB_qb1of3__C17_FCF_P_DYN_qmax4__v0,P_IC_qb2of3__PB_qb1of3,C17_FCF_P_DYN_qmax4,0.15318139830433286,-0.5011304615109489,0.534156092473492,101.84615384615384,v0
EV_S_qb1of3__NETDEBT_EBITDA_qb2of3__C18_FCF_P_DYN_qmax8__v1,EV_S_qb1of3__NETDEBT_EBITDA_qb2of3,C18_FCF_P_DYN_qmax8,0.153117215942022,-0.5556478879816216,0.5595463137996219,36.94230769230769,v1
EPS_qb1of3__MOM_qb1of3__C3_ROE_DYN_qmax4__v0,EPS_qb1of3__MOM_qb1of3,C3_ROE_DYN_qmax4,0.15305026164028468,-0.48697980189473633,0.5783062363504003,202.84615384615384,v0
P_IC_qb0of3__OCF_E_qb0of3__C13_EPS_DYN_ytdavg_gt_lyytdavg__v1,P_IC_qb0of3__OCF_E_qb0of3,C13_EPS_DYN_ytdavg_gt_lyytdavg,0.15300729667793744,-0.6678283999231363,0.5568108457069076,21.44561403508772,v1
EV_S_qb1of3__None__C7_ROE_DYN_ytdavg_gt_lyavg__v1,EV_S_qb1of3__None,C7_ROE_DYN_ytdavg_gt_lyavg,0.15297842453885369,-0.5170879976632166,0.5728018456805947,75.52333333333333,v1
EPS_qb1of3__MOM_qb1of3__C11_EPS_DYN_qmax8__v1,EPS_qb1of3__MOM_qb1of3,C11_EPS_DYN_qmax8,0.15276291649834017,-0.5046263353549227,0.5662802419354839,48.955128205128204,v1
P_IC_qb1of3__OCF_E_qb0of3__C3_ROE_DYN_qmax4__v1,P_IC_qb1of3__OCF_E_qb0of3,C3_ROE_DYN_qmax4,0.15274805171996042,-0.6001764399167312,0.5421266705403835,36.61538461538461,v1
PB_qb0of3__ROE_qb2of3__C13_EPS_DYN_ytdavg_gt_lyytdavg__v1,PB_qb0of3__ROE_qb2of3,C13_EPS_DYN_ytdavg_gt_lyytdavg,0.15269635700855644,-0.6798960267027143,0.5449923741738688,14.866666666666667,v1
EPS_qb1of3__MOM_qb1of3__C10_EPS_DYN_qmax4__v1,EPS_qb1of3__MOM_qb1of3,C10_EPS_DYN_qmax4,0.15250522347001727,-0.5047147667957241,0.5685145789012639,49.782051282051285,v1
P_IC_qb1of3__PB_qb2of3__C10_EPS_DYN_qmax4__v1,P_IC_qb1of3__PB_qb2of3,C10_EPS_DYN_qmax4,0.15248037781602575,-0.5394849810981839,0.588255261371351,26.371794871794872,v1
EPS_qb1of3__MOM_qb1of3__C4_ROE_DYN_qmax8__v0,EPS_qb1of3__MOM_qb1of3,C4_ROE_DYN_qmax8,0.15241105490279905,-0.49009161532597434,0.5768038740920097,199.2852564102564,v0
CROIC_qb0of3__MOM_qb2of3__C18_FCF_P_DYN_qmax8__v1,CROIC_qb0of3__MOM_qb2of3,C18_FCF_P_DYN_qmax8,0.15230648095953203,-0.6022646480125835,0.5262162626783565,35.22115384615385,v1
P_IC_qb2of3__PB_qb1of3__C18_FCF_P_DYN_qmax8__v0,P_IC_qb2of3__PB_qb1of3,C18_FCF_P_DYN_qmax8,0.15227497880089458,-0.5005290142908687,0.5341916067547233,100.46153846153847,v0
ROIC_qb2of3__MOM_qb1of3__C7_ROE_DYN_ytdavg_gt_lyavg__v0,ROIC_qb2of3__MOM_qb1of3,C7_ROE_DYN_ytdavg_gt_lyavg,0.15210856931310968,-0.4986678849987809,0.5689051317192021,115.18666666666667,v0
EV_S_qb1of3__None__C13_EPS_DYN_ytdavg_gt_lyytdavg__v0,EV_S_qb1of3__None,C13_EPS_DYN_ytdavg_gt_lyytdavg,0.15207329150340576,-0.4948891347539014,0.5844072164948454,340.6070175438596,v0
P_IC_qb1of3__PB_qb2of3__C4_ROE_DYN_qmax8__v1,P_IC_qb1of3__PB_qb2of3,C4_ROE_DYN_qmax8,0.15198758708439697,-0.5461895799691497,0.5820402773192472,25.634615384615383,v1
EPS_qb1of3__MOM_qb1of3__None__v1,EPS_qb1of3__MOM_qb1of3,None,0.15195482937390437,-0.5023782029408662,0.5685668356621738,51.18269230769231,v1
P_IC_qb2of3__PB_qb1of3__C10_EPS_DYN_qmax4__v0,P_IC_qb2of3__PB_qb1of3,C10_EPS_DYN_qmax4,0.15194663757817173,-0.5052667307437262,0.5303558967201675,101.98076923076923,v0
P_IC_qb1of3__ROIC_qb2of3__C5_ROE_DYN_yoy__v0,P_IC_qb1of3__ROIC_qb2of3,C5_ROE_DYN_yoy,0.15186710065513687,-0.6101125022901643,0.5655534941249227,11.214532871972319,v0
P_IC_qb2of3__PS_qb1of3__C13_EPS_DYN_ytdavg_gt_lyytdavg__v1,P_IC_qb2of3__PS_qb1of3,C13_EPS_DYN_ytdavg_gt_lyytdavg,0.15180192878882393,-0.48593484701477985,0.5789027149321267,32.26315789473684,v1
P_IC_qb1of3__ROIC_qb2of3__C6_ROE_DYN_ytdavg_gt_lyytdavg__v0,P_IC_qb1of3__ROIC_qb2of3,C6_ROE_DYN_ytdavg_gt_lyytdavg,0.15176484657462597,-0.5241670462204701,0.5627130598330786,121.08041958041959,v0
P_IC_qb1of3__OCF_E_qb0of3__C10_EPS_DYN_qmax4__v1,P_IC_qb1of3__OCF_E_qb0of3,C10_EPS_DYN_qmax4,0.15176444854747695,-0.6007341919657208,0.542231693142193,36.68589743589744,v1
P_IC_qb1of3__OCF_E_qb0of3__None__v1,P_IC_qb1of3__OCF_E_qb0of3,None,0.15175056563284395,-0.5978934646388783,0.5424318577227915,37.657051282051285,v1
P_IC_qb2of3__PB_qb1of3__C3_ROE_DYN_qmax4__v0,P_IC_qb2of3__PB_qb1of3,C3_ROE_DYN_qmax4,0.15171470634298267,-0.5024792272031422,0.5316017316017316,101.70192307692308,v0
EV_S_qb1of3__None__C6_ROE_DYN_ytdavg_gt_lyytdavg__v0,EV_S_qb1of3__None,C6_ROE_DYN_ytdavg_gt_lyytdavg,0.15155707914447625,-0.5046165969116753,0.5746404239212718,278.1223776223776,v0
P_IC_qb1of3__PB_qb2of3__C3_ROE_DYN_qmax4__v1,P_IC_qb1of3__PB_qb2of3,C3_ROE_DYN_qmax4,0.15155597996991155,-0.5413875084269097,0.5885540128682696,26.314102564102566,v1
EPS_qb1of3__MOM_qb1of3__C14_EPS_DYN_ytdavg_gt_lyavg__v0,EPS_qb1of3__MOM_qb1of3,C14_EPS_DYN_ytdavg_gt_lyavg,0.15152884466589445,-0.4599794131038495,0.5764748725418791,125.10666666666667,v0
P_IC_qb1of3__OCF_E_qb0of3__C11_EPS_DYN_qmax8__v1,P_IC_qb1of3__OCF_E_qb0of3,C11_EPS_DYN_qmax8,0.1514885976490843,-0.6021815305341973,0.5415936099746737,36.208333333333336,v1
PS_qb1of3__PB_qb2of3__C20_FCF_P_DYN_ytdavg_gt_lyytdavg__v1,PS_qb1of3__PB_qb2of3,C20_FCF_P_DYN_ytdavg_gt_lyytdavg,0.15132876984008314,-0.6180286244432811,0.584920326467159,21.933566433566433,v1
PB_qb1of3__ROIC_qb2of3__C6_ROE_DYN_ytdavg_gt_lyytdavg__v1,PB_qb1of3__ROIC_qb2of3,C6_ROE_DYN_ytdavg_gt_lyytdavg,0.15130829486018937,-0.5654028102121267,0.5528391167192429,31.195804195804197,v1
EV_S_qb1of3__None__C14_EPS_DYN_ytdavg_gt_lyavg__v1,EV_S_qb1of3__None,C14_EPS_DYN_ytdavg_gt_lyavg,0.1512792830629348,-0.49148936687754463,0.5705242114615726,89.96,v1
CROIC_qb0of3__MOM_qb2of3__C4_ROE_DYN_qmax8__v1,CROIC_qb0of3__MOM_qb2of3,C4_ROE_DYN_qmax8,0.15125835804164178,-0.5828946989086297,0.5279429250891795,35.7724358974359,v1
PS_qb1of3__None__C14_EPS_DYN_ytdavg_gt_lyavg__v1,PS_qb1of3__None,C14_EPS_DYN_ytdavg_gt_lyavg,0.15123358743902382,-0.46971325424798227,0.5774991678686342,90.60666666666667,v1
MOM_qb0of3__None__None__v1,MOM_qb0of3__None,None,0.15122181600989526,-0.6352436910224304,0.562358776522458,125.5801282051282,v1
P_IC_qb2of3__PB_qb1of3__C4_ROE_DYN_qmax8__v0,P_IC_qb2of3__PB_qb1of3,C4_ROE_DYN_qmax8,0.1511197374048021,-0.5037773013945949,0.5317842323651453,100.19551282051282,v0
P_IC_qb1of3__None__C14_EPS_DYN_ytdavg_gt_lyavg__v1,P_IC_qb1of3__None,C14_EPS_DYN_ytdavg_gt_lyavg,0.15091163908459126,-0.5183723582284375,0.5745608864788401,85.68,v1
OCF_E_qb0of3__MOM_qb0of3__C7_ROE_DYN_ytdavg_gt_lyavg__v0,OCF_E_qb0of3__MOM_qb0of3,C7_ROE_DYN_ytdavg_gt_lyavg,0.15084669093042358,-0.6702197868383325,0.5371892542101042,91.23666666666666,v0
FCF_P_qb0of3__MOM_qb2of3__C11_EPS_DYN_qmax8__v1,FCF_P_qb0of3__MOM_qb2of3,C11_EPS_DYN_qmax8,0.1508393066498066,-0.5884982526317842,0.525802655908556,36.333333333333336,v1
P_IC_qb1of3__ROIC_qb2of3__C13_EPS_DYN_ytdavg_gt_lyytdavg__v0,P_IC_qb1of3__ROIC_qb2of3,C13_EPS_DYN_ytdavg_gt_lyytdavg,0.15076986216756505,-0.5186861828084686,0.5684189406099518,145.90877192982455,v0
MOM_qb0of3__None__C10_EPS_DYN_qmax4__v1,MOM_qb0of3__None,C10_EPS_DYN_qmax4,0.15067622115674295,-0.6339233653357115,0.5580630781232586,121.4326923076923,v1
P_IC_qb1of3__ROIC_qb2of3__C6_ROE_DYN_ytdavg_gt_lyytdavg__v1,P_IC_qb1of3__ROIC_qb2of3,C6_ROE_DYN_ytdavg_gt_lyytdavg,0.1506568549764462,-0.5382372032238194,0.5592338614329628,34.49650349650349,v1
P_IC_qb2of3__PB_qb1of3__C11_EPS_DYN_qmax8__v0,P_IC_qb2of3__PB_qb1of3,C11_EPS_DYN_qmax8,0.15061877829059078,-0.5071814000210331,0.5318326894003024,100.62820512820512,v0
P_IC_qb1of3__DEBTRATIO_qb0of3__C6_ROE_DYN_ytdavg_gt_lyytdavg__v1,P_IC_qb1of3__DEBTRATIO_qb0of3,C6_ROE_DYN_ytdavg_gt_lyytdavg,0.15055072918511025,-0.5613542459912495,0.5413028878441908,13.486013986013987,v1
EV_S_qb1of3__NETDEBT_EBITDA_qb2of3__C17_FCF_P_DYN_qmax4__v1,EV_S_qb1of3__NETDEBT_EBITDA_qb2of3,C17_FCF_P_DYN_qmax4,0.15050597279271982,-0.5519407674782235,0.5604579060338659,37.6474358974359,v1
MOM_qb0of3__None__C11_EPS_DYN_qmax8__v1,MOM_qb0of3__None,C11_EPS_DYN_qmax8,0.15047343231312849,-0.6395126065792367,0.555113254092846,119.0448717948718,v1
REVENUE_qb0of3__MOM_qb0of3__C18_FCF_P_DYN_qmax8__v1,REVENUE_qb0of3__MOM_qb0of3,C18_FCF_P_DYN_qmax8,0.1504437841933728,-0.5561233970493162,0.5283116883116883,40.67948717948718,v1
MOM_qb0of3__None__C3_ROE_DYN_qmax4__v1,MOM_qb0of3__None,C3_ROE_DYN_qmax4,0.15034997412213036,-0.6346474704084695,0.5579099983271064,121.11858974358974,v1
PS_qb1of3__None__C10_EPS_DYN_qmax4__v0,PS_qb1of3__None,C10_EPS_DYN_qmax4,0.15032879433743984,-0.5341710540307063,0.5848457926132758,545.0352564102565,v0
MOM_qb0of3__ROE_qb2of3__C11_EPS_DYN_qmax8__v1,MOM_qb0of3__ROE_qb2of3,C11_EPS_DYN_qmax8,0.15030766530320583,-0.5718325377377762,0.5613924050632911,39.2724358974359,v1
P_IC_qb2of3__None__C14_EPS_DYN_ytdavg_gt_lyavg__v0,P_IC_qb2of3__None,C14_EPS_DYN_ytdavg_gt_lyavg,0.15013420247043818,-0.5194387077254718,0.5372573575453976,356.49,v0
EV_S_qb1of3__None__None__v1,EV_S_qb1of3__None,None,0.1500957461325334,-0.5118853641483587,0.574592627748774,137.68589743589743,v1
MOM_qb0of3__DEBTRATIO_qb2of3__None__v1,MOM_qb0of3__DEBTRATIO_qb2of3,None,0.15007083202596738,-0.6533077305469761,0.5659819227608874,41.52564102564103,v1
MOM_qb0of3__None__C4_ROE_DYN_qmax8__v1,MOM_qb0of3__None,C4_ROE_DYN_qmax8,0.15003636529954711,-0.6400280414276405,0.5544699011680144,118.5,v1
PB_qb1of3__ROIC_qb2of3__C14_EPS_DYN_ytdavg_gt_lyavg__v0,PB_qb1of3__ROIC_qb2of3,C14_EPS_DYN_ytdavg_gt_lyavg,0.1500350119474403,-0.5041958157812816,0.5627329192546584,131.72,v0
PS_qb1of3__None__C17_FCF_P_DYN_qmax4__v0,PS_qb1of3__None,C17_FCF_P_DYN_qmax4,0.1499927433347752,-0.5339547013958589,0.5903078176916807,543.8525641025641,v0
P_IC_qb0of3__ROE_qb2of3__C13_EPS_DYN_ytdavg_gt_lyytdavg__v1,P_IC_qb0of3__ROE_qb2of3,C13_EPS_DYN_ytdavg_gt_lyytdavg,0.14995749875498143,-0.6688547627314784,0.5648113559955174,22.36140350877193,v1
MOM_qb1of3__None__C7_ROE_DYN_ytdavg_gt_lyavg__v1,MOM_qb1of3__None,C7_ROE_DYN_ytdavg_gt_lyavg,0.14993975909915847,-0.5195512116907336,0.5704652730950776,76.05333333333333,v1
CROIC_qb0of3__MOM_qb2of3__C11_EPS_DYN_qmax8__v1,CROIC_qb0of3__MOM_qb2of3,C11_EPS_DYN_qmax8,0.14990889422643083,-0.5924699365709416,0.5278060359443879,35.88782051282051,v1
ACCRUAL_qb0of3__MOM_qb0of3__C13_EPS_DYN_ytdavg_gt_lyytdavg__v1,ACCRUAL_qb0of3__MOM_qb0of3,C13_EPS_DYN_ytdavg_gt_lyytdavg,0.14989741430801695,-0.595121264202599,0.5326058716549753,23.003508771929823,v1
PS_qb1of3__None__C3_ROE_DYN_qmax4__v0,PS_qb1of3__None,C3_ROE_DYN_qmax4,0.14984893106434805,-0.5353804865950187,0.5858259898225145,543.5288461538462,v0
PS_qb1of3__None__C11_EPS_DYN_qmax8__v0,PS_qb1of3__None,C11_EPS_DYN_qmax8,0.14973040809640015,-0.5359657858212427,0.5852478166546142,535.9230769230769,v0
P_IC_qb1of3__ROIC_qb2of3__C13_EPS_DYN_ytdavg_gt_lyytdavg__v1,P_IC_qb1of3__ROIC_qb2of3,C13_EPS_DYN_ytdavg_gt_lyytdavg,0.14972274247683215,-0.5629038485250306,0.5666800966962128,41.49473684210526,v1
MOM_qb0of3__ROE_qb2of3__C17_FCF_P_DYN_qmax4__v1,MOM_qb0of3__ROE_qb2of3,C17_FCF_P_DYN_qmax4,0.14964361392081083,-0.5549523399552203,0.5641634980988594,39.79807692307692,v1
P_IC_qb1of3__OCF_E_qb0of3__C18_FCF_P_DYN_qmax8__v1,P_IC_qb1of3__OCF_E_qb0of3,C18_FCF_P_DYN_qmax8,0.14960924931994168,-0.6007040323441746,0.5415354330708662,35.56410256410256,v1
OCF_E_qb2of3__MOM_qb0of3__C20_FCF_P_DYN_ytdavg_gt_lyytdavg__v1,OCF_E_qb2of3__MOM_qb0of3,C20_FCF_P_DYN_ytdavg_gt_lyytdavg,0.14956357286633692,-0.5323021862901279,0.5728494623655914,21.905594405594407,v1
MOM_qb0of3__ROE_qb2of3__C10_EPS_DYN_qmax4__v1,MOM_qb0of3__ROE_qb2of3,C10_EPS_DYN_qmax4,0.14947796536020652,-0.5679195979255645,0.5617711944531989,40.0,v1
P_IC_qb1of3__PB_qb2of3__C13_EPS_DYN_ytdavg_gt_lyytdavg__v0,P_IC_qb1of3__PB_qb2of3,C13_EPS_DYN_ytdavg_gt_lyytdavg,0.14946999877318,-0.5510733078384464,0.5923566878980892,68.88771929824561,v0
MOM_qb0of3__None__C5_ROE_DYN_yoy__v0,MOM_qb0of3__None,C5_ROE_DYN_yoy,0.1493783172955092,-0.7200270208827044,0.54032419451671,17.57894736842105,v0
PS_qb1of3__None__C18_FCF_P_DYN_qmax8__v0,PS_qb1of3__None,C18_FCF_P_DYN_qmax8,0.14935426892914494,-0.5351771294041427,0.5911578025826221,534.2788461538462,v0
P_IC_qb1of3__ACCRUAL_qb2of3__C20_FCF_P_DYN_ytdavg_gt_lyytdavg__v0,P_IC_qb1of3__ACCRUAL_qb2of3,C20_FCF_P_DYN_ytdavg_gt_lyytdavg,0.14931774194081027,-0.5488059424513281,0.5577457335626406,70.34965034965035,v0
MOM_qb0of3__ROE_qb2of3__C18_FCF_P_DYN_qmax8__v1,MOM_qb0of3__ROE_qb2of3,C18_FCF_P_DYN_qmax8,0.1493150811309869,-0.5558709624849147,0.5604236880115552,38.91346153846154,v1
EPS_qb1of3__MOM_qb1of3__C4_ROE_DYN_qmax8__v1,EPS_qb1of3__MOM_qb1of3,C4_ROE_DYN_qmax8,0.1493071708343705,-0.5038464627466994,0.5672300706357215,48.68269230769231,v1
EV_S_qb1of3__None__C17_FCF_P_DYN_qmax4__v1,EV_S_qb1of3__None,C17_FCF_P_DYN_qmax4,0.14930570418716993,-0.511773147005792,0.5719489981785064,133.95833333333334,v1
P_IC_qb0of3__REV_G_qb0of3__C13_EPS_DYN_ytdavg_gt_lyytdavg__v1,P_IC_qb0of3__REV_G_qb0of3,C13_EPS_DYN_ytdavg_gt_lyytdavg,0.14929098694087894,-0.6521865538188928,0.5337792642140469,24.67719298245614,v1
PS_qb1of3__None__C4_ROE_DYN_qmax8__v0,PS_qb1of3__None,C4_ROE_DYN_qmax8,0.1491443592416375,-0.5371288229768616,0.5848537190974846,533.6923076923077,v0
EPS_qb1of3__MOM_qb1of3__C14_EPS_DYN_ytdavg_gt_lyavg__v1,EPS_qb1of3__MOM_qb1of3,C14_EPS_DYN_ytdavg_gt_lyavg,0.14909805111258767,-0.5009823619368821,0.5724381625441696,33.336666666666666,v1
MOM_qb0of3__REV_G_qb0of3__C3_ROE_DYN_qmax4__v1,MOM_qb0of3__REV_G_qb0of3,C3_ROE_DYN_qmax4,0.14908974839221556,-0.7441924844370257,0.5402872260015117,42.62179487179487,v1
PS_qb1of3__None__None__v0,PS_qb1of3__None,None,0.14900718788123002,-0.5305790966633326,0.5774008600095557,579.1057692307693,v0
P_IC_qb1of3__FCF_P_qb0of3__C20_FCF_P_DYN_ytdavg_gt_lyytdavg__v1,P_IC_qb1of3__FCF_P_qb0of3,C20_FCF_P_DYN_ytdavg_gt_lyytdavg,0.14899739041162685,-0.5189091452422009,0.5477654776547766,15.660839160839162,v1
MOM_qb0of3__REV_G_qb0of3__C10_EPS_DYN_qmax4__v1,MOM_qb0of3__REV_G_qb0of3,C10_EPS_DYN_qmax4,0.14896809445072212,-0.7420291033064956,0.5401360544217687,42.67628205128205,v1
EV_S_qb1of3__None__C18_FCF_P_DYN_qmax8__v1,EV_S_qb1of3__None,C18_FCF_P_DYN_qmax8,0.14887417227237476,-0.5124212843174725,0.5703374119391917,131.47756410256412,v1
P_IC_qb2of3__PB_qb1of3__C17_FCF_P_DYN_qmax4__v1,P_IC_qb2of3__PB_qb1of3,C17_FCF_P_DYN_qmax4,0.14875717922848142,-0.5078379872234111,0.5479548660084627,23.371794871794872,v1
EPS_qb1of3__MOM_qb1of3__C3_ROE_DYN_qmax4__v1,EPS_qb1of3__MOM_qb1of3,C3_ROE_DYN_qmax4,0.14875078253872376,-0.5040460714135777,0.569496619083396,49.57371794871795,v1
EV_S_qb1of3__None__C20_FCF_P_DYN_ytdavg_gt_lyytdavg__v0,EV_S_qb1of3__None,C20_FCF_P_DYN_ytdavg_gt_lyytdavg,0.14873748168007617,-0.5156544554644138,0.5818854232084293,273.1188811188811,v0
P_IC_qb1of3__OCF_E_qb0of3__C17_FCF_P_DYN_qmax4__v1,P_IC_qb1of3__OCF_E_qb0of3,C17_FCF_P_DYN_qmax4,0.14864252635354758,-0.6028685015737236,0.5413094310210445,36.282051282051285,v1
P_IC_qb1of3__OCF_E_qb0of3__C6_ROE_DYN_ytdavg_gt_lyytdavg__v0,P_IC_qb1of3__OCF_E_qb0of3,C6_ROE_DYN_ytdavg_gt_lyytdavg,0.14860261334614733,-0.579920152308603,0.5412099066179455,79.18531468531468,v0
EV_S_qb1of3__NETDEBT_EBITDA_qb2of3__C4_ROE_DYN_qmax8__v1,EV_S_qb1of3__NETDEBT_EBITDA_qb2of3,C4_ROE_DYN_qmax8,0.14854174586206215,-0.549508435114126,0.5581395348837209,36.51923076923077,v1
MOM_qb1of3__None__C17_FCF_P_DYN_qmax4__v0,MOM_qb1of3__None,C17_FCF_P_DYN_qmax4,0.1485404743465566,-0.5237993894816637,0.5668349933135067,556.9967948717949,v0
MOM_qb1of3__None__C18_FCF_P_DYN_qmax8__v0,MOM_qb1of3__None,C18_FCF_P_DYN_qmax8,0.14841702987922134,-0.5255920477166188,0.5656814288246067,546.8974358974359,v0
FCF_P_qb0of3__MOM_qb0of3__C20_FCF_P_DYN_ytdavg_gt_lyytdavg__v0,FCF_P_qb0of3__MOM_qb0of3,C20_FCF_P_DYN_ytdavg_gt_lyytdavg,0.1483861185044768,-0.6571179789646588,0.529015271195366,81.9055944055944,v0
FCF_P_qb0of3__MOM_qb0of3__C6_ROE_DYN_ytdavg_gt_lyytdavg__v0,FCF_P_qb0of3__MOM_qb0of3,C6_ROE_DYN_ytdavg_gt_lyytdavg,0.1482601032846942,-0.6017084026104909,0.5285252960172229,92.56643356643356,v0
P_IC_qb2of3__None__C7_ROE_DYN_ytdavg_gt_lyavg__v1,P_IC_qb2of3__None,C7_ROE_DYN_ytdavg_gt_lyavg,0.14820144885421827,-0.5094770282048431,0.5554592720970537,71.63,v1
VOL_qb2of3__MOM_qb0of3__C13_EPS_DYN_ytdavg_gt_lyytdavg__v1,VOL_qb2of3__MOM_qb0of3,C13_EPS_DYN_ytdavg_gt_lyytdavg,0.14818034902372634,-0.642481080309732,0.5171790235081374,25.645614035087718,v1
PS_qb1of3__None__C14_EPS_DYN_ytdavg_gt_lyavg__v0,PS_qb1of3__None,C14_EPS_DYN_ytdavg_gt_lyavg,0.14810593558504515,-0.5187961930169196,0.5825398034585206,336.92333333333335,v0
P_IC_qb1of3__OCF_E_qb0of3__C13_EPS_DYN_ytdavg_gt_lyytdavg__v1,P_IC_qb1of3__OCF_E_qb0of3,C13_EPS_DYN_ytdavg_gt_lyytdavg,0.14807032205637993,-0.5845820172706396,0.5456852791878173,21.74035087719298,v1
MOM_qb1of3__None__C10_EPS_DYN_qmax4__v0,MOM_qb1of3__None,C10_EPS_DYN_qmax4,0.14803641259002465,-0.5235108296563518,0.5667391260993558,558.4326923076923,v0
PS_qb0of3__DEBTRATIO_qb0of3__C13_EPS_DYN_ytdavg_gt_lyytdavg__v1,PS_qb0of3__DEBTRATIO_qb0of3,C13_EPS_DYN_ytdavg_gt_lyytdavg,0.14800352091624158,-0.671427694568772,0.5540540540540541,17.852631578947367,v1
P_IC_qb1of3__CROIC_qb0of3__C20_FCF_P_DYN_ytdavg_gt_lyytdavg__v1,P_IC_qb1of3__CROIC_qb0of3,C20_FCF_P_DYN_ytdavg_gt_lyytdavg,0.14798068631799088,-0.5039375690223147,0.5459890802183957,15.384615384615385,v1
MOM_qb1of3__None__C11_EPS_DYN_qmax8__v0,MOM_qb1of3__None,C11_EPS_DYN_qmax8,0.14794045113374232,-0.524888802560805,0.5652216748768473,549.3173076923077,v0
P_IC_qb1of3__OCF_E_qb0of3__C7_ROE_DYN_ytdavg_gt_lyavg__v1,P_IC_qb1of3__OCF_E_qb0of3,C7_ROE_DYN_ytdavg_gt_lyavg,0.14792774154726795,-0.6310970024492512,0.5411507647487254,18.08,v1
PS_qb1of3__PB_qb2of3__C10_EPS_DYN_qmax4__v0,PS_qb1of3__PB_qb2of3,C10_EPS_DYN_qmax4,0.14787638404754389,-0.5565118896927863,0.5741689852101333,169.88782051282053,v0
MOM_qb0of3__None__C17_FCF_P_DYN_qmax4__v1,MOM_qb0of3__None,C17_FCF_P_DYN_qmax4,0.14783881307557878,-0.6335021973498414,0.5589022757697456,121.81410256410257,v1
ROIC_qb2of3__MOM_qb1of3__C14_EPS_DYN_ytdavg_gt_lyavg__v0,ROIC_qb2of3__MOM_qb1of3,C14_EPS_DYN_ytdavg_gt_lyavg,0.14781008006729346,-0.48539831326885485,0.566946559916683,142.77666666666667,v0
PB_qb1of3__ROIC_qb2of3__C7_ROE_DYN_ytdavg_gt_lyavg__v0,PB_qb1of3__ROIC_qb2of3,C7_ROE_DYN_ytdavg_gt_lyavg,0.14777895050336265,-0.5320080535579879,0.5585911343243605,110.92333333333333,v0
MOM_qb0of3__ROE_qb2of3__C3_ROE_DYN_qmax4__v1,MOM_qb0of3__ROE_qb2of3,C3_ROE_DYN_qmax4,0.14776278893459605,-0.5665734509381093,0.5617995264404104,39.868589743589745,v1
MOM_qb1of3__None__C3_ROE_DYN_qmax4__v0,MOM_qb1of3__None,C3_ROE_DYN_qmax4,0.14767235395459744,-0.5232743231990453,0.5666673303203457,556.8589743589744,v0
EV_S_qb1of3__NETDEBT_EBITDA_qb2of3__C3_ROE_DYN_qmax4__v1,EV_S_qb1of3__NETDEBT_EBITDA_qb2of3,C3_ROE_DYN_qmax4,0.14762446671572094,-0.5483616985995318,0.5607321131447587,37.40064102564103,v1
P_IC_qb2of3__PS_qb1of3__C14_EPS_DYN_ytdavg_gt_lyavg__v0,P_IC_qb2of3__PS_qb1of3,C14_EPS_DYN_ytdavg_gt_lyavg,0.14752383755653575,-0.5339504448949428,0.578069552874379,118.35333333333334,v0
PS_qb1of3__PB_qb2of3__C17_FCF_P_DYN_qmax4__v0,PS_qb1of3__PB_qb2of3,C17_FCF_P_DYN_qmax4,0.1475194787250873,-0.5579047428500307,0.5808812765334505,169.5801282051282,v0
EV_S_qb1of3__None__C10_EPS_DYN_qmax4__v1,EV_S_qb1of3__None,C10_EPS_DYN_qmax4,0.14749191043139254,-0.5143808397938582,0.5711481844946026,133.7596153846154,v1
MOM_qb0of3__None__C18_FCF_P_DYN_qmax8__v1,MOM_qb0of3__None,C18_FCF_P_DYN_qmax8,0.1473384113295324,-0.6350411604568493,0.5552245517396437,119.59935897435898,v1
MOM_qb1of3__None__C18_FCF_P_DYN_qmax8__v1,MOM_qb1of3__None,C18_FCF_P_DYN_qmax8,0.14730363797011004,-0.535893232045977,0.5610967710514781,132.92628205128204,v1
MOM_qb0of3__ROE_qb2of3__None__v1,MOM_qb0of3__ROE_qb2of3,None,0.14728041756130095,-0.5550668637803795,0.565684899485741,41.08974358974359,v1
MOM_qb1of3__None__C4_ROE_DYN_qmax8__v0,MOM_qb1of3__None,C4_ROE_DYN_qmax8,0.14726894842891025,-0.5247740872940496,0.5650703782338602,546.7435897435897,v0
P_IC_qb2of3__PB_qb1of3__C3_ROE_DYN_qmax4__v1,P_IC_qb2of3__PB_qb1of3,C3_ROE_DYN_qmax4,0.14722464973431526,-0.5121558558005066,0.5461565461565462,23.21794871794872,v1
PS_qb1of3__PB_qb2of3__C11_EPS_DYN_qmax8__v0,PS_qb1of3__PB_qb2of3,C11_EPS_DYN_qmax8,0.14716307865108869,-0.5556847148233706,0.5772613889982933,166.39102564102564,v0
PB_qb0of3__ROE_qb2of3__C6_ROE_DYN_ytdavg_gt_lyytdavg__v1,PB_qb0of3__ROE_qb2of3,C6_ROE_DYN_ytdavg_gt_lyytdavg,0.14711630058885072,-0.8247072002436107,0.5467185761957731,13.828671328671328,v1
PB_qb1of3__None__C14_EPS_DYN_ytdavg_gt_lyavg__v0,PB_qb1of3__None,C14_EPS_DYN_ytdavg_gt_lyavg,0.1471075745448347,-0.5153830597480709,0.5688304219682265,336.1,v0
PB_qb0of3__None__C16_FCF_P_DYN_riseq2__v0,PB_qb0of3__None,C16_FCF_P_DYN_riseq2,0.1471041531876558,-0.5881548823396053,0.5657179405180685,12.124031007751938,v0
EV_S_qb1of3__None__C11_EPS_DYN_qmax8__v1,EV_S_qb1of3__None,C11_EPS_DYN_qmax8,0.14697646777633522,-0.5202757352150222,0.5689896239605563,131.09615384615384,v1
MOM_qb0of3__ROE_qb2of3__C14_EPS_DYN_ytdavg_gt_lyavg__v1,MOM_qb0of3__ROE_qb2of3,C14_EPS_DYN_ytdavg_gt_lyavg,0.14695107660157136,-0.5297406725891436,0.5693869096934548,30.74,v1
P_IC_qb1of3__None__C5_ROE_DYN_yoy__v0,P_IC_qb1of3__None,C5_ROE_DYN_yoy,0.1469370631903315,-0.49295055885303707,0.553813833225598,20.331147540983608,v0
MOM_qb1of3__None__None__v0,MOM_qb1of3__None,None,0.14692397093559828,-0.5189737077365472,0.5646468014987152,589.8846153846154,v0
P_IC_qb0of3__MOM_qb0of3__C6_ROE_DYN_ytdavg_gt_lyytdavg__v1,P_IC_qb0of3__MOM_qb0of3,C6_ROE_DYN_ytdavg_gt_lyytdavg,0.1469170043877941,-0.6662972760287228,0.5569712413542046,17.447552447552447,v1
PS_qb1of3__PB_qb2of3__C3_ROE_DYN_qmax4__v0,PS_qb1of3__PB_qb2of3,C3_ROE_DYN_qmax4,0.14691667611091352,-0.5586954315331665,0.5755260882098587,169.28205128205127,v0
P_IC_qb2of3__PB_qb1of3__C10_EPS_DYN_qmax4__v1,P_IC_qb2of3__PB_qb1of3,C10_EPS_DYN_qmax4,0.14690511727498978,-0.5148193118260642,0.5452949438202247,23.253205128205128,v1
OCF_E_qb2of3__MOM_qb0of3__C6_ROE_DYN_ytdavg_gt_lyytdavg__v1,OCF_E_qb2of3__MOM_qb0of3,C6_ROE_DYN_ytdavg_gt_lyytdavg,0.1468349648595184,-0.5723350647572685,0.5557702926559912,21.534965034965033,v1
MOM_qb1of3__None__C14_EPS_DYN_ytdavg_gt_lyavg__v0,MOM_qb1of3__None,C14_EPS_DYN_ytdavg_gt_lyavg,0.14681752872122478,-0.5024870398942978,0.5681023757331596,342.69666666666666,v0
MOM_qb0of3__ROE_qb2of3__C4_ROE_DYN_qmax8__v1,MOM_qb0of3__ROE_qb2of3,C4_ROE_DYN_qmax8,0.14675045205580228,-0.570984433664701,0.5601521635758441,39.041666666666664,v1
EV_S_qb1of3__NETDEBT_EBITDA_qb2of3__C11_EPS_DYN_qmax8__v1,EV_S_qb1of3__NETDEBT_EBITDA_qb2of3,C11_EPS_DYN_qmax8,0.14674389775108665,-0.5519428518564267,0.5598210080075365,36.61217948717949,v1
MOM_qb0of3__FCF_OI_qb0of3__C6_ROE_DYN_ytdavg_gt_lyytdavg__v0,MOM_qb0of3__FCF_OI_qb0of3,C6_ROE_DYN_ytdavg_gt_lyytdavg,0.14669062393922694,-0.5919132489148021,0.5307958477508651,91.08741258741259,v0
MOM_qb1of3__None__C7_ROE_DYN_ytdavg_gt_lyavg__v0,MOM_qb1of3__None,C7_ROE_DYN_ytdavg_gt_lyavg,0.1465953611805373,-0.5051993578227215,0.5677382319173364,287.68333333333334,v0
PS_qb1of3__PB_qb2of3__None__v0,PS_qb1of3__PB_qb2of3,None,0.14658858278045006,-0.5517041786316699,0.5656909462219196,179.88782051282053,v0
ROIC_qb0of3__MOM_qb0of3__None__v1,ROIC_qb0of3__MOM_qb0of3,None,0.1465589117169812,-0.7564641253787335,0.5255591054313099,43.35576923076923,v1
ROIC_qb2of3__MOM_qb1of3__C20_FCF_P_DYN_ytdavg_gt_lyytdavg__v1,ROIC_qb2of3__MOM_qb1of3,C20_FCF_P_DYN_ytdavg_gt_lyytdavg,0.14645852872841436,-0.46797827175715667,0.5687568756875687,26.685314685314687,v1
P_IC_qb2of3__None__C17_FCF_P_DYN_qmax4__v0,P_IC_qb2of3__None,C17_FCF_P_DYN_qmax4,0.1463584324351097,-0.5095733361806392,0.5298996913580247,552.5641025641025,v0
P_IC_qb2of3__PS_qb1of3__C7_ROE_DYN_ytdavg_gt_lyavg__v0,P_IC_qb2of3__PS_qb1of3,C7_ROE_DYN_ytdavg_gt_lyavg,0.14629023304392152,-0.5349984265927294,0.5764889061891787,95.06666666666666,v0
EV_EBITDA_qb0of3__MOM_qb0of3__C13_EPS_DYN_ytdavg_gt_lyytdavg__v1,EV_EBITDA_qb0of3__MOM_qb0of3,C13_EPS_DYN_ytdavg_gt_lyytdavg,0.14627046926745613,-0.6678407049728452,0.5339971550497866,22.645614035087718,v1
P_IC_qb2of3__None__C3_ROE_DYN_qmax4__v0,P_IC_qb2of3__None,C3_ROE_DYN_qmax4,0.14615783460815535,-0.5111463643890157,0.5274361400189215,552.1698717948718,v0
EV_S_qb1of3__NETDEBT_EBITDA_qb2of3__C10_EPS_DYN_qmax4__v1,EV_S_qb1of3__NETDEBT_EBITDA_qb2of3,C10_EPS_DYN_qmax4,0.1461571944000979,-0.5477080587728091,0.5618004286734937,37.47435897435897,v1
MOM_qb1of3__None__C17_FCF_P_DYN_qmax4__v1,MOM_qb1of3__None,C17_FCF_P_DYN_qmax4,0.14613370594435726,-0.5362049274097965,0.5627062706270627,135.55128205128204,v1
PS_qb1of3__None__C7_ROE_DYN_ytdavg_gt_lyavg__v0,PS_qb1of3__None,C7_ROE_DYN_ytdavg_gt_lyavg,0.1460765866239322,-0.520453093700002,0.5827338129496403,283.4533333333333,v0
P_IC_qb1of3__None__C7_ROE_DYN_ytdavg_gt_lyavg__v1,P_IC_qb1of3__None,C7_ROE_DYN_ytdavg_gt_lyavg,0.14604693841949623,-0.5623728482752582,0.5722627737226277,73.94333333333333,v1
EPS_qb1of3__MOM_qb1of3__C6_ROE_DYN_ytdavg_gt_lyytdavg__v0,EPS_qb1of3__MOM_qb1of3,C6_ROE_DYN_ytdavg_gt_lyytdavg,0.1459875227627132,-0.4554841640208096,0.5678768420186054,105.25174825174825,v0
MOM_qb1of3__None__C11_EPS_DYN_qmax8__v1,MOM_qb1of3__None,C11_EPS_DYN_qmax8,0.14593017048053114,-0.536144364043683,0.5614521067210964,132.96153846153845,v1
PS_qb1of3__PB_qb2of3__C18_FCF_P_DYN_qmax8__v0,PS_qb1of3__PB_qb2of3,C18_FCF_P_DYN_qmax8,0.1457980547977471,-0.5604652881545085,0.5832789878700926,165.875,v0
P_IC_qb2of3__None__C10_EPS_DYN_qmax4__v0,P_IC_qb2of3__None,C10_EPS_DYN_qmax4,0.14575566235192183,-0.5111088062012052,0.5228365384615384,554.1602564102565,v0
MOM_qb1of3__None__C10_EPS_DYN_qmax4__v1,MOM_qb1of3__None,C10_EPS_DYN_qmax4,0.14571353713783997,-0.5355241913242602,0.5640677966101695,135.41666666666666,v1
MOM_qb1of3__None__None__v1,MOM_qb1of3__None,None,0.14552630343190187,-0.5354593621142809,0.5642186371297857,139.23717948717947,v1
MOM_qb1of3__None__C14_EPS_DYN_ytdavg_gt_lyavg__v1,MOM_qb1of3__None,C14_EPS_DYN_ytdavg_gt_lyavg,0.14551311961605617,-0.4957331729494485,0.5664365832614323,90.75666666666666,v1
MOM_qb0of3__REV_G_qb0of3__C4_ROE_DYN_qmax8__v1,MOM_qb0of3__REV_G_qb0of3,C4_ROE_DYN_qmax8,0.14545413888277547,-0.7517769603845801,0.5364885496183206,41.69551282051282,v1
P_IC_qb2of3__None__None__v0,P_IC_qb2of3__None,None,0.14537831533409662,-0.5074545178168774,0.45368403855579154,588.1538461538462,v0
MOM_qb0of3__DEBTRATIO_qb2of3__C17_FCF_P_DYN_qmax4__v1,MOM_qb0of3__DEBTRATIO_qb2of3,C17_FCF_P_DYN_qmax4,0.14537414869694198,-0.6427569258449669,0.5613947280613947,40.2724358974359,v1
PS_qb1of3__PB_qb2of3__C4_ROE_DYN_qmax8__v0,PS_qb1of3__PB_qb2of3,C4_ROE_DYN_qmax8,0.14536110259881352,-0.5595131808097591,0.5762864108815604,165.47756410256412,v0
MOM_qb0of3__REV_G_qb0of3__C11_EPS_DYN_qmax8__v1,MOM_qb0of3__REV_G_qb0of3,C11_EPS_DYN_qmax8,0.14527121394566778,-0.7490511600784654,0.5365965233302836,41.77564102564103,v1
PB_qb1of3__None__None__v0,PB_qb1of3__None,None,0.14525075932480314,-0.525788933206252,0.5572047909471673,587.8365384615385,v0
P_IC_qb2of3__None__C11_EPS_DYN_qmax8__v0,P_IC_qb2of3__None,C11_EPS_DYN_qmax8,0.1451486713376282,-0.5121146160056521,0.5389620695127757,544.75,v0
MOM_qb0of3__REV_G_qb0of3__C17_FCF_P_DYN_qmax4__v1,MOM_qb0of3__REV_G_qb0of3,C17_FCF_P_DYN_qmax4,0.14510058123782943,-0.740658287782728,0.5410948574875585,42.94551282051282,v1
PB_qb1of3__None__C7_ROE_DYN_ytdavg_gt_lyavg__v1,PB_qb1of3__None,C7_ROE_DYN_ytdavg_gt_lyavg,0.1450970910042817,-0.5522517486944603,0.5686299452995802,74.64,v1
P_IC_qb2of3__None__C4_ROE_DYN_qmax8__v0,P_IC_qb2of3__None,C4_ROE_DYN_qmax8,0.14508841955029084,-0.5136783212183039,0.5411255411255411,541.2852564102565,v0
P_IC_qb2of3__None__C18_FCF_P_DYN_qmax8__v0,P_IC_qb2of3__None,C18_FCF_P_DYN_qmax8,0.1449326289890731,-0.510815843404723,0.5470438175270108,542.0096153846154,v0
EV_S_qb1of3__None__C3_ROE_DYN_qmax4__v1,EV_S_qb1of3__None,C3_ROE_DYN_qmax4,0.144887019301283,-0.5188114594300578,0.5704220073457762,133.27243589743588,v1
MOM_qb0of3__None__C7_ROE_DYN_ytdavg_gt_lyavg__v1,MOM_qb0of3__None,C7_ROE_DYN_ytdavg_gt_lyavg,0.1448152310381754,-0.6107494332480949,0.5573687921829354,63.73,v1
P_IC_qb1of3__ACCRUAL_qb2of3__C14_EPS_DYN_ytdavg_gt_lyavg__v1,P_IC_qb1of3__ACCRUAL_qb2of3,C14_EPS_DYN_ytdavg_gt_lyavg,0.14480180606427995,-0.5600778382879177,0.5609634963993047,27.276666666666667,v1
CROIC_qb0of3__MOM_qb0of3__C6_ROE_DYN_ytdavg_gt_lyytdavg__v0,CROIC_qb0of3__MOM_qb0of3,C6_ROE_DYN_ytdavg_gt_lyytdavg,0.14462451909583707,-0.6026380416961205,0.5263105639396346,92.18181818181819,v0
PS_qb1of3__PB_qb2of3__C7_ROE_DYN_ytdavg_gt_lyavg__v1,PS_qb1of3__PB_qb2of3,C7_ROE_DYN_ytdavg_gt_lyavg,0.14449950376869114,-0.5792772251093985,0.5816254416961131,25.99,v1
MOM_qb0of3__DEBTRATIO_qb2of3__C18_FCF_P_DYN_qmax8__v1,MOM_qb0of3__DEBTRATIO_qb2of3,C18_FCF_P_DYN_qmax8,0.14447939330697745,-0.6375791239338799,0.5579637096774194,39.51923076923077,v1
PB_qb1of3__None__C17_FCF_P_DYN_qmax4__v0,PB_qb1of3__None,C17_FCF_P_DYN_qmax4,0.14446716684766026,-0.5241615436176537,0.5675157013258897,556.5512820512821,v0
PB_qb1of3__ROIC_qb2of3__C13_EPS_DYN_ytdavg_gt_lyytdavg__v1,PB_qb1of3__ROIC_qb2of3,C13_EPS_DYN_ytdavg_gt_lyytdavg,0.14441176527292354,-0.5615821910904151,0.5615708897270912,37.98947368421052,v1
PB_qb1of3__None__C10_EPS_DYN_qmax4__v0,PB_qb1of3__None,C10_EPS_DYN_qmax4,0.14432757979470234,-0.5274074554824335,0.5610862393967955,557.5705128205128,v0
P_IC_qb1of3__FCF_P_qb0of3__C6_ROE_DYN_ytdavg_gt_lyytdavg__v0,P_IC_qb1of3__FCF_P_qb0of3,C6_ROE_DYN_ytdavg_gt_lyytdavg,0.144313631595405,-0.5382832294257269,0.5441818648856923,86.85664335664336,v0
P_IC_qb1of3__ACCRUAL_qb2of3__C7_ROE_DYN_ytdavg_gt_lyavg__v1,P_IC_qb1of3__ACCRUAL_qb2of3,C7_ROE_DYN_ytdavg_gt_lyavg,0.1442988739457991,-0.5550859072673561,0.5571428571428572,23.293333333333333,v1
P_IC_qb2of3__PB_qb1of3__None__v1,P_IC_qb2of3__PB_qb1of3,None,0.14428179247406248,-0.506606103226928,0.5483297796730633,23.903846153846153,v1
MOM_qb0of3__DEBTRATIO_qb2of3__C4_ROE_DYN_qmax8__v1,MOM_qb0of3__DEBTRATIO_qb2of3,C4_ROE_DYN_qmax8,0.1442379925241999,-0.6568467890121005,0.5579564489112228,39.22115384615385,v1
EV_S_qb1of3__None__C4_ROE_DYN_qmax8__v1,EV_S_qb1of3__None,C4_ROE_DYN_qmax8,0.14420117127501464,-0.5229829231104972,0.567553773240977,130.34294871794873,v1
PB_qb1of3__ROIC_qb2of3__C20_FCF_P_DYN_ytdavg_gt_lyytdavg__v1,PB_qb1of3__ROIC_qb2of3,C20_FCF_P_DYN_ytdavg_gt_lyytdavg,0.14419233911751395,-0.4727039136524659,0.5478632478632479,27.38111888111888,v1
PB_qb1of3__None__C3_ROE_DYN_qmax4__v0,PB_qb1of3__None,C3_ROE_DYN_qmax4,0.1441368926668709,-0.5282381032358181,0.5618777494790461,556.2564102564103,v0
MOM_qb0of3__FCF_OI_qb0of3__C20_FCF_P_DYN_ytdavg_gt_lyytdavg__v0,MOM_qb0of3__FCF_OI_qb0of3,C20_FCF_P_DYN_ytdavg_gt_lyytdavg,0.14393308489152457,-0.6338600346136998,0.5305045387375976,80.88111888111888,v0
P_IC_qb1of3__CROIC_qb0of3__C6_ROE_DYN_ytdavg_gt_lyytdavg__v0,P_IC_qb1of3__CROIC_qb0of3,C6_ROE_DYN_ytdavg_gt_lyytdavg,0.14381919497162898,-0.5378075470405164,0.5439259645464025,85.67482517482517,v0
MOM_qb0of3__DEBTRATIO_qb2of3__C11_EPS_DYN_qmax8__v1,MOM_qb0of3__DEBTRATIO_qb2of3,C11_EPS_DYN_qmax8,0.14376659744746934,-0.6585891102462413,0.5586068318821166,39.29807692307692,v1
PS_qb1of3__None__C12_EPS_DYN_yoy__v0,PS_qb1of3__None,C12_EPS_DYN_yoy,0.14369095805061338,-0.5035319916788755,0.5711310477411086,20.636963696369637,v0
PB_qb1of3__None__C14_EPS_DYN_ytdavg_gt_lyavg__v1,PB_qb1of3__None,C14_EPS_DYN_ytdavg_gt_lyavg,0.14361457598532046,-0.533533592063836,0.5670285840904055,88.36,v1
MOM_qb0of3__DEBTRATIO_qb2of3__C3_ROE_DYN_qmax4__v1,MOM_qb0of3__DEBTRATIO_qb2of3,C3_ROE_DYN_qmax4,0.14361358308771743,-0.6588306034551907,0.561,40.07051282051282,v1
MOM_qb1of3__None__C4_ROE_DYN_qmax8__v1,MOM_qb1of3__None,C4_ROE_DYN_qmax8,0.14359600712081666,-0.5350110603934222,0.5615785119945501,132.19230769230768,v1
MOM_qb1of3__None__C3_ROE_DYN_qmax4__v1,MOM_qb1of3__None,C3_ROE_DYN_qmax4,0.14353871811435148,-0.5354032991189286,0.5640081403236747,134.93589743589743,v1
P_IC_qb2of3__PB_qb1of3__C18_FCF_P_DYN_qmax8__v1,P_IC_qb2of3__PB_qb1of3,C18_FCF_P_DYN_qmax8,0.14350874101758504,-0.5099492803613275,0.5448851774530271,23.044871794871796,v1
EV_S_qb1of3__None__C5_ROE_DYN_yoy__v0,EV_S_qb1of3__None,C5_ROE_DYN_yoy,0.14348620254080835,-0.4812593712810136,0.5621478289691747,20.237458193979933,v0
MOM_qb0of3__DEBTRATIO_qb2of3__C10_EPS_DYN_qmax4__v1,MOM_qb0of3__DEBTRATIO_qb2of3,C10_EPS_DYN_qmax4,0.14347546510096687,-0.6578654772171779,0.5613742494996664,40.10897435897436,v1
PB_qb1of3__None__C4_ROE_DYN_qmax8__v0,PB_qb1of3__None,C4_ROE_DYN_qmax8,0.14346541347348007,-0.5306441100746722,0.560875512995896,546.4070512820513,v0
PB_qb1of3__None__C18_FCF_P_DYN_qmax8__v0,PB_qb1of3__None,C18_FCF_P_DYN_qmax8,0.14343435642023183,-0.524870037287716,0.568560335138449,547.0128205128206,v0
PB_qb1of3__None__C11_EPS_DYN_qmax8__v0,PB_qb1of3__None,C11_EPS_DYN_qmax8,0.14335810988301256,-0.5301061159704834,0.5611391155225277,548.4839743589744,v0
P_IC_qb1of3__PB_qb2of3__C7_ROE_DYN_ytdavg_gt_lyavg__v0,P_IC_qb1of3__PB_qb2of3,C7_ROE_DYN_ytdavg_gt_lyavg,0.14314759052453851,-0.562237073652595,0.5848670756646217,57.266666666666666,v0
ROIC_qb0of3__MOM_qb0of3__C3_ROE_DYN_qmax4__v1,ROIC_qb0of3__MOM_qb0of3,C3_ROE_DYN_qmax4,0.14311356305639,-0.749718463653735,0.5224655312246553,41.907051282051285,v1
MOM_qb1of3__None__C6_ROE_DYN_ytdavg_gt_lyytdavg__v1,MOM_qb1of3__None,C6_ROE_DYN_ytdavg_gt_lyytdavg,0.14307746011205613,-0.5184843912847855,0.5643962577599021,73.54545454545455,v1
EV_EBITDA_qb0of3__MOM_qb0of3__C20_FCF_P_DYN_ytdavg_gt_lyytdavg__v1,EV_EBITDA_qb0of3__MOM_qb0of3,C20_FCF_P_DYN_ytdavg_gt_lyytdavg,0.142964103522762,-0.737290622756979,0.552582451773491,20.797202797202797,v1
PB_qb1of3__None__C7_ROE_DYN_ytdavg_gt_lyavg__v0,PB_qb1of3__None,C7_ROE_DYN_ytdavg_gt_lyavg,0.14290897304030636,-0.5173323030443202,0.5635308491142333,283.97333333333336,v0
PB_qb0of3__ROE_qb2of3__C20_FCF_P_DYN_ytdavg_gt_lyytdavg__v1,PB_qb0of3__ROE_qb2of3,C20_FCF_P_DYN_ytdavg_gt_lyytdavg,0.14287623566344143,-0.7579094735613232,0.5577792123950936,11.314685314685315,v1
PB_qb0of3__NETDEBT_EBITDA_qb0of3__C6_ROE_DYN_ytdavg_gt_lyytdavg__v1,PB_qb0of3__NETDEBT_EBITDA_qb0of3,C6_ROE_DYN_ytdavg_gt_lyytdavg,0.14254999947627,-0.7159848518712169,0.5532036613272311,15.979020979020978,v1
MOM_qb0of3__REV_G_qb0of3__C18_FCF_P_DYN_qmax8__v1,MOM_qb0of3__REV_G_qb0of3,C18_FCF_P_DYN_qmax8,0.14254701924145685,-0.7414224915424663,0.5388246041412911,42.22435897435897,v1
PS_qb1of3__None__None__v1,PS_qb1of3__None,None,0.14211500145408773,-0.5072765705126623,0.5783255086071988,138.17948717948718,v1
P_IC_qb2of3__None__C14_EPS_DYN_ytdavg_gt_lyavg__v1,P_IC_qb2of3__None,C14_EPS_DYN_ytdavg_gt_lyavg,0.14208289573447153,-0.5178441722811717,0.5542635658914729,89.04,v1
ROIC_qb2of3__MOM_qb1of3__C6_ROE_DYN_ytdavg_gt_lyytdavg__v0,ROIC_qb2of3__MOM_qb1of3,C6_ROE_DYN_ytdavg_gt_lyytdavg,0.1420818338879961,-0.4954627548821534,0.5635663596557451,113.9055944055944,v0
MOM_qb0of3__DEBTRATIO_qb2of3__C7_ROE_DYN_ytdavg_gt_lyavg__v1,MOM_qb0of3__DEBTRATIO_qb2of3,C7_ROE_DYN_ytdavg_gt_lyavg,0.14193433215606333,-0.5941871113998847,0.5609152752009895,20.36,v1
P_IC_qb0of3__None__C9_EPS_DYN_riseq2__v0,P_IC_qb0of3__None,C9_EPS_DYN_riseq2,0.14190236259523314,-0.7434003266930993,0.575297619047619,13.950207468879668,v0
PS_qb1of3__None__C6_ROE_DYN_ytdavg_gt_lyytdavg__v1,PS_qb1of3__None,C6_ROE_DYN_ytdavg_gt_lyytdavg,0.1418962393477925,-0.4352945185037347,0.5733193552614336,73.9895104895105,v1
EV_S_qb1of3__NETDEBT_EBITDA_qb2of3__C7_ROE_DYN_ytdavg_gt_lyavg__v1,EV_S_qb1of3__NETDEBT_EBITDA_qb2of3,C7_ROE_DYN_ytdavg_gt_lyavg,0.14171998942285668,-0.5602919789060428,0.5674846625766872,18.94,v1
ROIC_qb0of3__MOM_qb0of3__C10_EPS_DYN_qmax4__v1,ROIC_qb0of3__MOM_qb0of3,C10_EPS_DYN_qmax4,0.14160273955623937,-0.7509803764497313,0.5228970444949659,41.93589743589744,v1
P_IC_qb2of3__PB_qb1of3__C4_ROE_DYN_qmax8__v1,P_IC_qb2of3__PB_qb1of3,C4_ROE_DYN_qmax8,0.14156516013104725,-0.5191865194148056,0.5450762829403606,22.878205128205128,v1
P_IC_qb2of3__PB_qb1of3__C7_ROE_DYN_ytdavg_gt_lyavg__v0,P_IC_qb2of3__PB_qb1of3,C7_ROE_DYN_ytdavg_gt_lyavg,0.14138657498436635,-0.4808842475927,0.5409015025041736,50.28333333333333,v0
P_IC_qb1of3__FCF_P_qb0of3__C4_ROE_DYN_qmax8__v1,P_IC_qb1of3__FCF_P_qb0of3,C4_ROE_DYN_qmax8,0.14136941056588492,-0.5575969004205519,0.5428519659358579,38.919871794871796,v1
MOM_qb0of3__REV_G_qb0of3__C20_FCF_P_DYN_ytdavg_gt_lyytdavg__v1,MOM_qb0of3__REV_G_qb0of3,C20_FCF_P_DYN_ytdavg_gt_lyytdavg,0.14127842384348122,-0.675625899955447,0.5492321589882565,20.017482517482517,v1
P_IC_qb2of3__PB_qb1of3__C11_EPS_DYN_qmax8__v1,P_IC_qb2of3__PB_qb1of3,C11_EPS_DYN_qmax8,0.14121317415287593,-0.5218102359420091,0.5442247658688866,22.92948717948718,v1
PS_qb1of3__PB_qb2of3__C14_EPS_DYN_ytdavg_gt_lyavg__v0,PS_qb1of3__PB_qb2of3,C14_EPS_DYN_ytdavg_gt_lyavg,0.1410537678735222,-0.573460625958353,0.5756786909631834,116.09333333333333,v0
PS_qb1of3__None__C10_EPS_DYN_qmax4__v1,PS_qb1of3__None,C10_EPS_DYN_qmax4,0.14102879714889194,-0.5134964931745127,0.575371231438428,134.26602564102564,v1
PS_qb1of3__None__C3_ROE_DYN_qmax4__v1,PS_qb1of3__None,C3_ROE_DYN_qmax4,0.14096488233053428,-0.5153594586553547,0.5751809566450264,133.82692307692307,v1
VOL_qb2of3__MOM_qb0of3__C20_FCF_P_DYN_ytdavg_gt_lyytdavg__v1,VOL_qb2of3__MOM_qb0of3,C20_FCF_P_DYN_ytdavg_gt_lyytdavg,0.1409266551484445,-0.707115562550742,0.5243212669683258,23.1013986013986,v1
MOM_qb0of3__None__C14_EPS_DYN_ytdavg_gt_lyavg__v1,MOM_qb0of3__None,C14_EPS_DYN_ytdavg_gt_lyavg,0.14089904154091593,-0.6078268700925858,0.5591583304587789,75.76666666666667,v1
PS_qb1of3__None__C17_FCF_P_DYN_qmax4__v1,PS_qb1of3__None,C17_FCF_P_DYN_qmax4,0.1407936513848258,-0.5096598688659256,0.576627486437613,134.51923076923077,v1
P_IC_qb0of3__PB_qb0of3__C9_EPS_DYN_riseq2__v0,P_IC_qb0of3__PB_qb0of3,C9_EPS_DYN_riseq2,0.1405794356863903,-0.7235886972498375,0.5796839729119638,10.350467289719626,v0
P_IC_qb1of3__ACCRUAL_qb2of3__C6_ROE_DYN_ytdavg_gt_lyytdavg__v0,P_IC_qb1of3__ACCRUAL_qb2of3,C6_ROE_DYN_ytdavg_gt_lyytdavg,0.1403894942755064,-0.5517062111105953,0.5523169759763179,94.46503496503496,v0
ROIC_qb0of3__MOM_qb0of3__C4_ROE_DYN_qmax8__v1,ROIC_qb0of3__MOM_qb0of3,C4_ROE_DYN_qmax8,0.14029833893957,-0.7575430871248601,0.5210414278696578,41.26282051282051,v1
PS_qb1of3__None__C18_FCF_P_DYN_qmax8__v1,PS_qb1of3__None,C18_FCF_P_DYN_qmax8,0.14021360787528514,-0.5090435098681318,0.5751402421021553,132.17307692307693,v1
P_IC_qb2of3__PB_qb1of3__C6_ROE_DYN_ytdavg_gt_lyytdavg__v0,P_IC_qb2of3__PB_qb1of3,C6_ROE_DYN_ytdavg_gt_lyytdavg,0.14017304206461834,-0.4670731893010487,0.5340043525571273,49.54545454545455,v0
EPS_qb1of3__MOM_qb1of3__C13_EPS_DYN_ytdavg_gt_lyytdavg__v0,EPS_qb1of3__MOM_qb1of3,C13_EPS_DYN_ytdavg_gt_lyytdavg,0.140168660063825,-0.4393757299629685,0.5721973720995247,125.52280701754385,v0
P_IC_qb1of3__FCF_P_qb0of3__C3_ROE_DYN_qmax4__v1,P_IC_qb1of3__FCF_P_qb0of3,C3_ROE_DYN_qmax4,0.14016822440292587,-0.5487555962062205,0.5432544699295647,39.541666666666664,v1
EV_S_qb1of3__DEBTRATIO_qb1of3__C20_FCF_P_DYN_ytdavg_gt_lyytdavg__v0,EV_S_qb1of3__DEBTRATIO_qb1of3,C20_FCF_P_DYN_ytdavg_gt_lyytdavg,0.14006634835219423,-0.5342801303728424,0.5864511442063204,90.47202797202797,v0
P_IC_qb1of3__None__C6_ROE_DYN_ytdavg_gt_lyytdavg__v0,P_IC_qb1of3__None,C6_ROE_DYN_ytdavg_gt_lyytdavg,0.14006079302607843,-0.5412016728622955,0.5741736517475882,279.7902097902098,v0
PS_qb1of3__None__C11_EPS_DYN_qmax8__v1,PS_qb1of3__None,C11_EPS_DYN_qmax8,0.14003012223887223,-0.5166550339141835,0.5727052963152882,131.73717948717947,v1
PS_qb1of3__None__C4_ROE_DYN_qmax8__v1,PS_qb1of3__None,C4_ROE_DYN_qmax8,0.13989066165985586,-0.5184623737312383,0.5714389640622727,131.0448717948718,v1
P_IC_qb2of3__None__C6_ROE_DYN_ytdavg_gt_lyytdavg__v1,P_IC_qb2of3__None,C6_ROE_DYN_ytdavg_gt_lyytdavg,0.13986392806868841,-0.45448465524061465,0.547288211564321,69.15034965034965,v1
P_IC_qb2of3__None__C7_ROE_DYN_ytdavg_gt_lyavg__v0,P_IC_qb2of3__None,C7_ROE_DYN_ytdavg_gt_lyavg,0.1398580816732906,-0.5193534354493989,0.5406246645916067,289.02666666666664,v0
OCF_E_qb0of3__MOM_qb0of3__C20_FCF_P_DYN_ytdavg_gt_lyytdavg__v0,OCF_E_qb0of3__MOM_qb0of3,C20_FCF_P_DYN_ytdavg_gt_lyytdavg,0.13984610380283735,-0.701791363690697,0.5257826887661142,84.64685314685315,v0
PS_qb1of3__PB_qb2of3__C20_FCF_P_DYN_ytdavg_gt_lyytdavg__v0,PS_qb1of3__PB_qb2of3,C20_FCF_P_DYN_ytdavg_gt_lyytdavg,0.13971543239764816,-0.5662403071187635,0.5838065579776516,86.36013986013987,v0
ROIC_qb0of3__MOM_qb0of3__C11_EPS_DYN_qmax8__v1,ROIC_qb0of3__MOM_qb0of3,C11_EPS_DYN_qmax8,0.13957179044382895,-0.7581192726871706,0.5209836065573771,41.29807692307692,v1
P_IC_qb1of3__OCF_E_qb0of3__C6_ROE_DYN_ytdavg_gt_lyytdavg__v1,P_IC_qb1of3__OCF_E_qb0of3,C6_ROE_DYN_ytdavg_gt_lyytdavg,0.13955066605121158,-0.5680925407450577,0.5334579439252336,17.84965034965035,v1
PS_qb1of3__PB_qb2of3__C17_FCF_P_DYN_qmax4__v1,PS_qb1of3__PB_qb2of3,C17_FCF_P_DYN_qmax4,0.13938910466407584,-0.5544297671327989,0.5813141235538092,42.95192307692308,v1
P_IC_qb1of3__CROIC_qb0of3__C4_ROE_DYN_qmax8__v1,P_IC_qb1of3__CROIC_qb0of3,C4_ROE_DYN_qmax8,0.13936629340518158,-0.5726412245698913,0.5427777777777778,38.17628205128205,v1
PB_qb1of3__ROIC_qb2of3__C20_FCF_P_DYN_ytdavg_gt_lyytdavg__v0,PB_qb1of3__ROIC_qb2of3,C20_FCF_P_DYN_ytdavg_gt_lyytdavg,0.1391361405154219,-0.4692982566390569,0.5640515067038364,96.83216783216783,v0
EPS_qb1of3__MOM_qb1of3__C13_EPS_DYN_ytdavg_gt_lyytdavg__v1,EPS_qb1of3__MOM_qb1of3,C13_EPS_DYN_ytdavg_gt_lyytdavg,0.1391026964409534,-0.4643729495104213,0.56875,32.70175438596491,v1
PB_qb0of3__MOM_qb0of3__C6_ROE_DYN_ytdavg_gt_lyytdavg__v1,PB_qb0of3__MOM_qb0of3,C6_ROE_DYN_ytdavg_gt_lyytdavg,0.13893926861388906,-0.6160699245155015,0.559748427672956,17.265734265734267,v1
PS_qb1of3__None__C13_EPS_DYN_ytdavg_gt_lyytdavg__v0,PS_qb1of3__None,C13_EPS_DYN_ytdavg_gt_lyytdavg,0.1388190246021772,-0.5013337847490866,0.5909706546275395,341.19649122807016,v0
EV_S_qb1of3__None__C20_FCF_P_DYN_ytdavg_gt_lyytdavg__v1,EV_S_qb1of3__None,C20_FCF_P_DYN_ytdavg_gt_lyytdavg,0.13873569434628719,-0.5052017216953375,0.5714094498728417,69.11888111888112,v1
P_IC_qb1of3__FCF_P_qb0of3__None__v1,P_IC_qb1of3__FCF_P_qb0of3,None,0.13870903140594315,-0.5576258007021343,0.5422509888529305,40.72115384615385,v1
P_IC_qb1of3__ACCRUAL_qb2of3__C3_ROE_DYN_qmax4__v1,P_IC_qb1of3__ACCRUAL_qb2of3,C3_ROE_DYN_qmax4,0.13869401776086399,-0.5946782402163986,0.5544085293619901,40.24038461538461,v1
MOM_qb2of3__ROE_qb2of3__C13_EPS_DYN_ytdavg_gt_lyytdavg__v1,MOM_qb2of3__ROE_qb2of3,C13_EPS_DYN_ytdavg_gt_lyytdavg,0.1385265620586269,-0.5340399719089557,0.5492603084671074,42.04210526315789,v1
P_IC_qb1of3__ACCRUAL_qb2of3__None__v1,P_IC_qb1of3__ACCRUAL_qb2of3,None,0.13852147081304733,-0.5905834928986087,0.5553296051516692,41.31089743589744,v1
P_IC_qb1of3__FCF_P_qb0of3__C10_EPS_DYN_qmax4__v1,P_IC_qb1of3__FCF_P_qb0of3,C10_EPS_DYN_qmax4,0.13851508856216888,-0.5529334048403722,0.5427643450018044,39.6025641025641,v1
OCF_E_qb0of3__MOM_qb0of3__C6_ROE_DYN_ytdavg_gt_lyytdavg__v0,OCF_E_qb0of3__MOM_qb0of3,C6_ROE_DYN_ytdavg_gt_lyytdavg,0.13851195924878668,-0.6293742686929902,0.5280407124681934,88.72727272727273,v0
PS_qb1of3__PB_qb2of3__None__v1,PS_qb1of3__PB_qb2of3,None,0.13838447437904589,-0.5541837151725422,0.5835400225479144,44.23076923076923,v1
P_IC_qb1of3__CROIC_qb0of3__C3_ROE_DYN_qmax4__v1,P_IC_qb1of3__CROIC_qb0of3,C3_ROE_DYN_qmax4,0.1381444972336272,-0.5644204704256331,0.5427042980999816,38.791666666666664,v1
PS_qb1of3__PB_qb2of3__C10_EPS_DYN_qmax4__v1,PS_qb1of3__PB_qb2of3,C10_EPS_DYN_qmax4,0.13810113226810428,-0.5604914360296123,0.5824842835464991,42.830128205128204,v1
P_IC_qb1of3__ACCRUAL_qb2of3__C4_ROE_DYN_qmax8__v1,P_IC_qb1of3__ACCRUAL_qb2of3,C4_ROE_DYN_qmax8,0.13794964294493717,-0.5961579612192249,0.5545577770247374,39.6474358974359,v1
P_IC_qb1of3__ACCRUAL_qb2of3__C10_EPS_DYN_qmax4__v1,P_IC_qb1of3__ACCRUAL_qb2of3,C10_EPS_DYN_qmax4,0.13787314101710946,-0.5950045278200018,0.5534325329726074,40.30128205128205,v1
PS_qb1of3__PB_qb2of3__C11_EPS_DYN_qmax8__v1,PS_qb1of3__PB_qb2of3,C11_EPS_DYN_qmax8,0.1376368589230712,-0.5617725815646626,0.578557834637344,41.791666666666664,v1
PS_qb1of3__None__C13_EPS_DYN_ytdavg_gt_lyytdavg__v1,PS_qb1of3__None,C13_EPS_DYN_ytdavg_gt_lyytdavg,0.13763283641302015,-0.4610558388875736,0.5773705004389815,89.6561403508772,v1
PS_qb1of3__PB_qb2of3__C18_FCF_P_DYN_qmax8__v1,PS_qb1of3__PB_qb2of3,C18_FCF_P_DYN_qmax8,0.1376090791831075,-0.5587556543499027,0.581086863500214,42.03525641025641,v1
PS_qb1of3__PB_qb2of3__C3_ROE_DYN_qmax4__v1,PS_qb1of3__PB_qb2of3,C3_ROE_DYN_qmax4,0.13748983557754424,-0.5674720606491799,0.5815006468305304,42.64102564102564,v1
P_IC_qb1of3__FCF_P_qb0of3__C11_EPS_DYN_qmax8__v1,P_IC_qb1of3__FCF_P_qb0of3,C11_EPS_DYN_qmax8,0.13727067926347347,-0.5756414992692795,0.5415986949429038,39.01602564102564,v1
PS_qb1of3__PB_qb2of3__C7_ROE_DYN_ytdavg_gt_lyavg__v0,PS_qb1of3__PB_qb2of3,C7_ROE_DYN_ytdavg_gt_lyavg,0.13715456652361913,-0.5722695114891757,0.5783181357649443,94.39666666666666,v0
P_IC_qb1of3__FCF_P_qb0of3__C18_FCF_P_DYN_qmax8__v1,P_IC_qb1of3__FCF_P_qb0of3,C18_FCF_P_DYN_qmax8,0.13706648793751475,-0.599729938696077,0.5439985272459499,38.29807692307692,v1
P_IC_qb1of3__FCF_P_qb0of3__C17_FCF_P_DYN_qmax4__v1,P_IC_qb1of3__FCF_P_qb0of3,C17_FCF_P_DYN_qmax4,0.13697488255324597,-0.5658842820439028,0.5423111919927207,39.11538461538461,v1
P_IC_qb0of3__ROE_qb2of3__C6_ROE_DYN_ytdavg_gt_lyytdavg__v1,P_IC_qb0of3__ROE_qb2of3,C6_ROE_DYN_ytdavg_gt_lyytdavg,0.13676204647270263,-0.8032391785984128,0.5691195236069757,19.5,v1
MOM_qb0of3__NETDEBT_EBITDA_qb2of3__None__v1,MOM_qb0of3__NETDEBT_EBITDA_qb2of3,None,0.13673417439006919,-0.7256922282144094,0.562415196743555,38.791666666666664,v1
P_IC_qb1of3__CROIC_qb0of3__None__v1,P_IC_qb1of3__CROIC_qb0of3,None,0.1366440638731008,-0.5727904583573887,0.5413602941176471,39.93589743589744,v1
ROIC_qb2of3__MOM_qb1of3__C13_EPS_DYN_ytdavg_gt_lyytdavg__v1,ROIC_qb2of3__MOM_qb1of3,C13_EPS_DYN_ytdavg_gt_lyytdavg,0.13664163080072744,-0.5273346030324254,0.5660377358490566,39.93333333333333,v1
ACCRUAL_qb0of3__MOM_qb0of3__C6_ROE_DYN_ytdavg_gt_lyytdavg__v1,ACCRUAL_qb0of3__MOM_qb0of3,C6_ROE_DYN_ytdavg_gt_lyytdavg,0.13655019843531413,-0.6581336355950389,0.5337879727216367,18.94055944055944,v1
P_IC_qb1of3__CROIC_qb0of3__C10_EPS_DYN_qmax4__v1,P_IC_qb1of3__CROIC_qb0of3,C10_EPS_DYN_qmax4,0.13648082654985472,-0.5684954132317697,0.5421198156682028,38.8525641025641,v1
MOM_qb1of3__None__C6_ROE_DYN_ytdavg_gt_lyytdavg__v0,MOM_qb1of3__None,C6_ROE_DYN_ytdavg_gt_lyytdavg,0.13646169953567444,-0.4985128922388047,0.5612776183165342,284.34615384615387,v0
PS_qb1of3__None__C20_FCF_P_DYN_ytdavg_gt_lyytdavg__v1,PS_qb1of3__None,C20_FCF_P_DYN_ytdavg_gt_lyytdavg,0.1364542135972575,-0.5034207868620079,0.5743386243386244,69.0104895104895,v1
P_IC_qb1of3__ACCRUAL_qb2of3__C18_FCF_P_DYN_qmax8__v1,P_IC_qb1of3__ACCRUAL_qb2of3,C18_FCF_P_DYN_qmax8,0.13620865218417344,-0.5942753094047869,0.5582398619499569,38.631410256410255,v1
P_IC_qb1of3__ACCRUAL_qb2of3__C11_EPS_DYN_qmax8__v1,P_IC_qb1of3__ACCRUAL_qb2of3,C11_EPS_DYN_qmax8,0.1361400594041715,-0.5960379842003423,0.553072625698324,39.77564102564103,v1
EV_S_qb1of3__NETDEBT_EBITDA_qb2of3__C20_FCF_P_DYN_ytdavg_gt_lyytdavg__v1,EV_S_qb1of3__NETDEBT_EBITDA_qb2of3,C20_FCF_P_DYN_ytdavg_gt_lyytdavg,0.13606999363203665,-0.5467098775168238,0.5631646108039132,19.70979020979021,v1
PB_qb1of3__None__None__v1,PB_qb1of3__None,None,0.13598922258109591,-0.5552691830848497,0.5649805447470817,138.10897435897436,v1
P_IC_qb1of3__ROIC_qb2of3__C12_EPS_DYN_yoy__v0,P_IC_qb1of3__ROIC_qb2of3,C12_EPS_DYN_yoy,0.13589698210965007,-0.6329341688995155,0.5625916153620639,11.745704467353951,v0
P_IC_qb1of3__ACCRUAL_qb2of3__C17_FCF_P_DYN_qmax4__v1,P_IC_qb1of3__ACCRUAL_qb2of3,C17_FCF_P_DYN_qmax4,0.13589337246486188,-0.593358712466908,0.5562970568104039,39.618589743589745,v1
PS_qb1of3__PB_qb2of3__C4_ROE_DYN_qmax8__v1,PS_qb1of3__PB_qb2of3,C4_ROE_DYN_qmax8,0.13587839779695376,-0.5729022827948158,0.5759546789760805,41.47435897435897,v1
PB_qb1of3__None__C17_FCF_P_DYN_qmax4__v1,PB_qb1of3__None,C17_FCF_P_DYN_qmax4,0.13587603583409358,-0.555805553061689,0.5622714722781882,134.07692307692307,v1
EV_S_qb1of3__None__C13_EPS_DYN_ytdavg_gt_lyytdavg__v1,EV_S_qb1of3__None,C13_EPS_DYN_ytdavg_gt_lyytdavg,0.13585633686845533,-0.4858816534048619,0.5691629955947136,88.93333333333334,v1
ROIC_qb2of3__MOM_qb1of3__C20_FCF_P_DYN_ytdavg_gt_lyytdavg__v0,ROIC_qb2of3__MOM_qb1of3,C20_FCF_P_DYN_ytdavg_gt_lyytdavg,0.1357098278134652,-0.45030964997468226,0.564123779579679,99.06643356643356,v0
P_IC_qb1of3__CROIC_qb0of3__C11_EPS_DYN_qmax8__v1,P_IC_qb1of3__CROIC_qb0of3,C11_EPS_DYN_qmax8,0.13534455018417368,-0.5898674844681469,0.5414968506854391,38.27564102564103,v1
P_IC_qb1of3__CROIC_qb0of3__C14_EPS_DYN_ytdavg_gt_lyavg__v1,P_IC_qb1of3__CROIC_qb0of3,C14_EPS_DYN_ytdavg_gt_lyavg,0.13530783296861792,-0.5490295573873349,0.5459411239964318,23.34,v1
P_IC_qb1of3__CROIC_qb0of3__C18_FCF_P_DYN_qmax8__v1,P_IC_qb1of3__CROIC_qb0of3,C18_FCF_P_DYN_qmax8,0.13528265276928897,-0.6128494294557539,0.5439322671683914,37.580128205128204,v1
ROIC_qb0of3__MOM_qb0of3__C17_FCF_P_DYN_qmax4__v1,ROIC_qb0of3__MOM_qb0of3,C17_FCF_P_DYN_qmax4,0.13524338128701174,-0.7617367779096246,0.5227346017413738,42.294871794871796,v1
PB_qb1of3__None__C3_ROE_DYN_qmax4__v1,PB_qb1of3__None,C3_ROE_DYN_qmax4,0.1351650096190462,-0.5608072821351155,0.559365972890897,133.56410256410257,v1
P_IC_qb1of3__CROIC_qb0of3__C17_FCF_P_DYN_qmax4__v1,P_IC_qb1of3__CROIC_qb0of3,C17_FCF_P_DYN_qmax4,0.13514972961259164,-0.5810335302393722,0.541837114168836,38.37820512820513,v1
PS_qb0of3__DEBTRATIO_qb0of3__C7_ROE_DYN_ytdavg_gt_lyavg__v1,PS_qb0of3__DEBTRATIO_qb0of3,C7_ROE_DYN_ytdavg_gt_lyavg,0.13513495222863603,-0.5987834057076198,0.5527696793002915,16.323333333333334,v1
ROIC_qb0of3__MOM_qb0of3__C7_ROE_DYN_ytdavg_gt_lyavg__v1,ROIC_qb0of3__MOM_qb0of3,C7_ROE_DYN_ytdavg_gt_lyavg,0.13508906896152206,-0.6533633091365325,0.5170018281535649,17.106666666666666,v1
PB_qb1of3__ROIC_qb2of3__C6_ROE_DYN_ytdavg_gt_lyytdavg__v0,PB_qb1of3__ROIC_qb2of3,C6_ROE_DYN_ytdavg_gt_lyytdavg,0.1350108408776507,-0.5286802849399277,0.5541964866623292,109.22377622377623,v0
PB_qb1of3__ROIC_qb2of3__C13_EPS_DYN_ytdavg_gt_lyytdavg__v0,PB_qb1of3__ROIC_qb2of3,C13_EPS_DYN_ytdavg_gt_lyytdavg,0.13488883898193027,-0.5148350528659631,0.5600891861761427,132.71929824561403,v0
P_IC_qb2of3__None__C13_EPS_DYN_ytdavg_gt_lyytdavg__v0,P_IC_qb2of3__None,C13_EPS_DYN_ytdavg_gt_lyytdavg,0.13481902596989448,-0.4986087454664482,0.551586655817738,360.4947368421053,v0
PB_qb1of3__None__C10_EPS_DYN_qmax4__v1,PB_qb1of3__None,C10_EPS_DYN_qmax4,0.13479560373488053,-0.560080739438627,0.55941770647653,133.87820512820514,v1
PS_qb1of3__PB_qb2of3__C14_EPS_DYN_ytdavg_gt_lyavg__v1,PS_qb1of3__PB_qb2of3,C14_EPS_DYN_ytdavg_gt_lyavg,0.13469489189184802,-0.5744514587824534,0.5792938360263316,32.123333333333335,v1
MOM_qb2of3__None__C2_ROE_DYN_riseq2__v0,MOM_qb2of3__None,C2_ROE_DYN_riseq2,0.13466141259671827,-0.4740207665591365,0.5530321936610931,14.212765957446809,v0
PB_qb1of3__None__C18_FCF_P_DYN_qmax8__v1,PB_qb1of3__None,C18_FCF_P_DYN_qmax8,0.13448207744497132,-0.5567808648719121,0.5600291226792865,131.69230769230768,v1
EV_S_qb1of3__None__C6_ROE_DYN_ytdavg_gt_lyytdavg__v1,EV_S_qb1of3__None,C6_ROE_DYN_ytdavg_gt_lyytdavg,0.13437972122369168,-0.48164612920722805,0.5598250960646615,72.62237762237763,v1
FCF_P_qb0of3__MOM_qb0of3__None__v1,FCF_P_qb0of3__MOM_qb0of3,None,0.13425998483062407,-0.7176128594417297,0.5254436134330547,44.25961538461539,v1
MOM_qb2of3__ROE_qb2of3__C19_FCF_P_DYN_yoy__v0,MOM_qb2of3__ROE_qb2of3,C19_FCF_P_DYN_yoy,0.13417000523178246,-0.6984767279261233,0.5655456417295813,10.568840579710145,v0
P_IC_qb1of3__FCF_P_qb0of3__C14_EPS_DYN_ytdavg_gt_lyavg__v1,P_IC_qb1of3__FCF_P_qb0of3,C14_EPS_DYN_ytdavg_gt_lyavg,0.13402568855298158,-0.5630108405291139,0.5446610416060518,23.77,v1
P_IC_qb1of3__None__C13_EPS_DYN_ytdavg_gt_lyytdavg__v1,P_IC_qb1of3__None,C13_EPS_DYN_ytdavg_gt_lyytdavg,0.1338664996413097,-0.5195267247614707,0.5679143126177024,84.78245614035087,v1
ROIC_qb0of3__MOM_qb0of3__C18_FCF_P_DYN_qmax8__v1,ROIC_qb0of3__MOM_qb0of3,C18_FCF_P_DYN_qmax8,0.133840946684755,-0.761410322738473,0.5200064798315244,41.8525641025641,v1
PB_qb1of3__None__C4_ROE_DYN_qmax8__v1,PB_qb1of3__None,C4_ROE_DYN_qmax8,0.13376559948873257,-0.5638962294072274,0.5568058861718242,130.92307692307693,v1
PS_qb1of3__None__C6_ROE_DYN_ytdavg_gt_lyytdavg__v0,PS_qb1of3__None,C6_ROE_DYN_ytdavg_gt_lyytdavg,0.13376429803181478,-0.5120460344277125,0.581177723676202,279.8636363636364,v0
MOM_qb0of3__ROE_qb2of3__C13_EPS_DYN_ytdavg_gt_lyytdavg__v1,MOM_qb0of3__ROE_qb2of3,C13_EPS_DYN_ytdavg_gt_lyytdavg,0.13349715073705926,-0.5452567627367837,0.5627438899157938,30.280701754385966,v1
PS_qb0of3__FCF_P_qb2of3__C5_ROE_DYN_yoy__v0,PS_qb0of3__FCF_P_qb2of3,C5_ROE_DYN_yoy,0.13346398934391357,-0.5415594335085943,0.5689766839378239,10.63573883161512,v0
PB_qb1of3__None__C13_EPS_DYN_ytdavg_gt_lyytdavg__v0,PB_qb1of3__None,C13_EPS_DYN_ytdavg_gt_lyytdavg,0.1334149922089869,-0.5163244763802703,0.5725866799700674,338.0701754385965,v0
P_IC_qb0of3__NETDEBT_EBITDA_qb0of3__C7_ROE_DYN_ytdavg_gt_lyavg__v1,P_IC_qb0of3__NETDEBT_EBITDA_qb0of3,C7_ROE_DYN_ytdavg_gt_lyavg,0.13326460774544868,-0.5689390770248286,0.5625889046941679,13.945392491467576,v1
EV_EBITDA_qb0of3__MOM_qb0of3__C6_ROE_DYN_ytdavg_gt_lyytdavg__v1,EV_EBITDA_qb0of3__MOM_qb0of3,C6_ROE_DYN_ytdavg_gt_lyytdavg,0.13299254702976726,-0.6422623305489101,0.5330674642738451,19.153846153846153,v1
P_IC_qb2of3__PS_qb1of3__C13_EPS_DYN_ytdavg_gt_lyytdavg__v0,P_IC_qb2of3__PS_qb1of3,C13_EPS_DYN_ytdavg_gt_lyytdavg,0.13260356154897135,-0.5136307780754985,0.5776069921639542,122.89824561403509,v0
ROIC_qb2of3__MOM_qb1of3__C13_EPS_DYN_ytdavg_gt_lyytdavg__v0,ROIC_qb2of3__MOM_qb1of3,C13_EPS_DYN_ytdavg_gt_lyytdavg,0.13258486039016604,-0.48474547286487346,0.5643847276264592,144.93684210526317,v0
MOM_qb1of3__None__C13_EPS_DYN_ytdavg_gt_lyytdavg__v0,MOM_qb1of3__None,C13_EPS_DYN_ytdavg_gt_lyytdavg,0.1325479438927053,-0.4954231171811164,0.5628222371665546,344.10877192982457,v0
PB_qb1of3__None__C11_EPS_DYN_qmax8__v1,PB_qb1of3__None,C11_EPS_DYN_qmax8,0.13229587853814317,-0.564766486928022,0.5566830965497246,131.43589743589743,v1
P_IC_qb1of3__PB_qb2of3__C6_ROE_DYN_ytdavg_gt_lyytdavg__v0,P_IC_qb1of3__PB_qb2of3,C6_ROE_DYN_ytdavg_gt_lyytdavg,0.1321825422784837,-0.5732635818115808,0.5914616906983319,57.78321678321678,v0
P_IC_qb2of3__None__C5_ROE_DYN_yoy__v0,P_IC_qb2of3__None,C5_ROE_DYN_yoy,0.13216784145701,-0.6686129848103248,0.5491480996068152,19.684887459807072,v0
REVENUE_qb0of3__MOM_qb0of3__C14_EPS_DYN_ytdavg_gt_lyavg__v1,REVENUE_qb0of3__MOM_qb0of3,C14_EPS_DYN_ytdavg_gt_lyavg,0.13183347046301108,-0.5546715072025203,0.5281730221969266,23.723333333333333,v1
P_IC_qb1of3__None__C6_ROE_DYN_ytdavg_gt_lyytdavg__v1,P_IC_qb1of3__None,C6_ROE_DYN_ytdavg_gt_lyytdavg,0.1318251027955626,-0.5263770514249779,0.565359477124183,72.1958041958042,v1
VOL_qb2of3__MOM_qb0of3__C6_ROE_DYN_ytdavg_gt_lyytdavg__v1,VOL_qb2of3__MOM_qb0of3,C6_ROE_DYN_ytdavg_gt_lyytdavg,0.1316164171207741,-0.6430391969330018,0.5172308630680086,21.356643356643357,v1
MOM_qb0of3__None__C20_FCF_P_DYN_ytdavg_gt_lyytdavg__v1,MOM_qb0of3__None,C20_FCF_P_DYN_ytdavg_gt_lyytdavg,0.1315180727405827,-0.6356240360324161,0.559958180867747,61.02097902097902,v1
MOM_qb0of3__NETDEBT_EBITDA_qb2of3__C3_ROE_DYN_qmax4__v1,MOM_qb0of3__NETDEBT_EBITDA_qb2of3,C3_ROE_DYN_qmax4,0.1314906038899204,-0.7301944647234686,0.5564766839378238,37.31730769230769,v1
EPS_qb1of3__MOM_qb1of3__C20_FCF_P_DYN_ytdavg_gt_lyytdavg__v0,EPS_qb1of3__MOM_qb1of3,C20_FCF_P_DYN_ytdavg_gt_lyytdavg,0.13143071773740456,-0.49500338307653935,0.5734339500162285,101.73776223776224,v0
FCF_P_qb0of3__MOM_qb0of3__C4_ROE_DYN_qmax8__v1,FCF_P_qb0of3__MOM_qb0of3,C4_ROE_DYN_qmax8,0.1312858497913849,-0.7209566668673768,0.5249399038461539,42.294871794871796,v1
MOM_qb0of3__NETDEBT_EBITDA_qb2of3__C10_EPS_DYN_qmax4__v1,MOM_qb0of3__NETDEBT_EBITDA_qb2of3,C10_EPS_DYN_qmax4,0.13125662378066982,-0.731660949721538,0.5578583765112263,37.38461538461539,v1
MOM_qb0of3__ROE_qb2of3__C6_ROE_DYN_ytdavg_gt_lyytdavg__v1,MOM_qb0of3__ROE_qb2of3,C6_ROE_DYN_ytdavg_gt_lyytdavg,0.13112673871454605,-0.5453499466730156,0.5504286434694907,24.486013986013987,v1
PS_qb1of3__None__C20_FCF_P_DYN_ytdavg_gt_lyytdavg__v0,PS_qb1of3__None,C20_FCF_P_DYN_ytdavg_gt_lyytdavg,0.13096364372383973,-0.5512322040376056,0.5859833492561758,274.86713286713285,v0
MOM_qb0of3__NETDEBT_EBITDA_qb2of3__C11_EPS_DYN_qmax8__v1,MOM_qb0of3__NETDEBT_EBITDA_qb2of3,C11_EPS_DYN_qmax8,0.1308946185057609,-0.7364655149477697,0.5541012216404887,36.580128205128204,v1
MOM_qb0of3__DEBTRATIO_qb2of3__C14_EPS_DYN_ytdavg_gt_lyavg__v1,MOM_qb0of3__DEBTRATIO_qb2of3,C14_EPS_DYN_ytdavg_gt_lyavg,0.1305758900478604,-0.5669277041013974,0.5614224137931034,23.906666666666666,v1
P_IC_qb2of3__PB_qb1of3__C20_FCF_P_DYN_ytdavg_gt_lyytdavg__v0,P_IC_qb2of3__PB_qb1of3,C20_FCF_P_DYN_ytdavg_gt_lyytdavg,0.130520066573377,-0.4891985112077063,0.5391350490846378,48.63986013986014,v0
P_IC_qb2of3__PS_qb1of3__C20_FCF_P_DYN_ytdavg_gt_lyytdavg__v1,P_IC_qb2of3__PS_qb1of3,C20_FCF_P_DYN_ytdavg_gt_lyytdavg,0.13015549079314082,-0.504315953719755,0.5655614167294649,22.202797202797203,v1
MOM_qb1of3__None__C13_EPS_DYN_ytdavg_gt_lyytdavg__v1,MOM_qb1of3__None,C13_EPS_DYN_ytdavg_gt_lyytdavg,0.1299970958221901,-0.5068934901556683,0.5605430260564922,89.28421052631579,v1
FCF_P_qb0of3__MOM_qb0of3__C3_ROE_DYN_qmax4__v1,FCF_P_qb0of3__MOM_qb0of3,C3_ROE_DYN_qmax4,0.12989678422940276,-0.7153678726289797,0.5256581883087907,42.958333333333336,v1
MOM_qb1of3__None__C20_FCF_P_DYN_ytdavg_gt_lyytdavg__v0,MOM_qb1of3__None,C20_FCF_P_DYN_ytdavg_gt_lyytdavg,0.12981374873996665,-0.5277364151236763,0.5635697221585889,277.4160839160839,v0
FCF_P_qb0of3__MOM_qb0of3__C11_EPS_DYN_qmax8__v1,FCF_P_qb0of3__MOM_qb0of3,C11_EPS_DYN_qmax8,0.12978952424562196,-0.7260389145571013,0.5253829978972665,42.38461538461539,v1
MOM_qb0of3__NETDEBT_EBITDA_qb2of3__C4_ROE_DYN_qmax8__v1,MOM_qb0of3__NETDEBT_EBITDA_qb2of3,C4_ROE_DYN_qmax8,0.1297334025293273,-0.7333830657301792,0.5524524349799267,36.467948717948715,v1
PS_qb1of3__PB_qb2of3__C6_ROE_DYN_ytdavg_gt_lyytdavg__v1,PS_qb1of3__PB_qb2of3,C6_ROE_DYN_ytdavg_gt_lyytdavg,0.12969403651960865,-0.517488106368285,0.5652173913043478,25.412587412587413,v1
PB_qb1of3__None__C13_EPS_DYN_ytdavg_gt_lyytdavg__v1,PB_qb1of3__None,C13_EPS_DYN_ytdavg_gt_lyytdavg,0.12936244048535106,-0.5439331247495136,0.5658940768111074,87.23157894736842,v1
MOM_qb0of3__NETDEBT_EBITDA_qb2of3__C17_FCF_P_DYN_qmax4__v1,MOM_qb0of3__NETDEBT_EBITDA_qb2of3,C17_FCF_P_DYN_qmax4,0.12926878744538595,-0.726279514561827,0.5578512396694215,37.64423076923077,v1
P_IC_qb1of3__ACCRUAL_qb2of3__C13_EPS_DYN_ytdavg_gt_lyytdavg__v1,P_IC_qb1of3__ACCRUAL_qb2of3,C13_EPS_DYN_ytdavg_gt_lyytdavg,0.12898416217065645,-0.5533006862412371,0.5551171393341554,27.680701754385964,v1
EPS_qb1of3__MOM_qb1of3__C20_FCF_P_DYN_ytdavg_gt_lyytdavg__v1,EPS_qb1of3__MOM_qb1of3,C20_FCF_P_DYN_ytdavg_gt_lyytdavg,0.12887079014797354,-0.48817007427693593,0.573002109210218,25.67132867132867,v1
P_IC_qb2of3__None__C6_ROE_DYN_ytdavg_gt_lyytdavg__v0,P_IC_qb2of3__None,C6_ROE_DYN_ytdavg_gt_lyytdavg,0.12882797447873506,-0.4918579551556822,0.5417350188169449,285.1118881118881,v0
MOM_qb1of3__None__C20_FCF_P_DYN_ytdavg_gt_lyytdavg__v1,MOM_qb1of3__None,C20_FCF_P_DYN_ytdavg_gt_lyytdavg,0.1288136297429321,-0.5433981414656797,0.5646888042097623,69.24125874125875,v1
MOM_qb0of3__NETDEBT_EBITDA_qb2of3__C18_FCF_P_DYN_qmax8__v1,MOM_qb0of3__NETDEBT_EBITDA_qb2of3,C18_FCF_P_DYN_qmax8,0.12877805173627,-0.7267317249743456,0.5549374130737135,36.98397435897436,v1
P_IC_qb1of3__PB_qb2of3__C7_ROE_DYN_ytdavg_gt_lyavg__v1,P_IC_qb1of3__PB_qb2of3,C7_ROE_DYN_ytdavg_gt_lyavg,0.12873593251149962,-0.49367355780486877,0.592469545957918,15.77,v1
EV_S_qb1of3__DEBTRATIO_qb1of3__C14_EPS_DYN_ytdavg_gt_lyavg__v1,EV_S_qb1of3__DEBTRATIO_qb1of3,C14_EPS_DYN_ytdavg_gt_lyavg,0.12823224545107736,-0.5196819220204703,0.5735562310030395,30.75,v1
P_IC_qb1of3__PB_qb2of3__C14_EPS_DYN_ytdavg_gt_lyavg__v1,P_IC_qb1of3__PB_qb2of3,C14_EPS_DYN_ytdavg_gt_lyavg,0.12819462964772343,-0.5181728870540538,0.5923597678916828,18.333333333333332,v1
CROIC_qb0of3__MOM_qb0of3__None__v1,CROIC_qb0of3__MOM_qb0of3,None,0.12818225130323824,-0.7134198014228277,0.5237180434461357,44.2724358974359,v1
PB_qb1of3__None__C6_ROE_DYN_ytdavg_gt_lyytdavg__v1,PB_qb1of3__None,C6_ROE_DYN_ytdavg_gt_lyytdavg,0.12787342031153615,-0.527311376241725,0.5600105166294203,72.56643356643356,v1
MOM_qb0of3__REV_G_qb0of3__C7_ROE_DYN_ytdavg_gt_lyavg__v1,MOM_qb0of3__REV_G_qb0of3,C7_ROE_DYN_ytdavg_gt_lyavg,0.12781975330746498,-0.6879530433833356,0.5341313490779683,18.496666666666666,v1
P_IC_qb2of3__None__C3_ROE_DYN_qmax4__v1,P_IC_qb2of3__None,C3_ROE_DYN_qmax4,0.1276146542787744,-0.5329626303325226,0.5511008309774694,123.7724358974359,v1
MOM_qb0of3__REV_G_qb0of3__C14_EPS_DYN_ytdavg_gt_lyavg__v1,MOM_qb0of3__REV_G_qb0of3,C14_EPS_DYN_ytdavg_gt_lyavg,0.12759709076464243,-0.6926547454398397,0.5392550143266476,21.016666666666666,v1
FCF_P_qb0of3__MOM_qb0of3__C10_EPS_DYN_qmax4__v1,FCF_P_qb0of3__MOM_qb0of3,C10_EPS_DYN_qmax4,0.12758966275681782,-0.720510493744426,0.5261044176706827,43.02564102564103,v1
P_IC_qb2of3__PS_qb1of3__C20_FCF_P_DYN_ytdavg_gt_lyytdavg__v0,P_IC_qb2of3__PS_qb1of3,C20_FCF_P_DYN_ytdavg_gt_lyytdavg,0.12739796933245628,-0.5207377221710625,0.5701349431818182,87.92307692307692,v0
P_IC_qb1of3__CROIC_qb0of3__C7_ROE_DYN_ytdavg_gt_lyavg__v1,P_IC_qb1of3__CROIC_qb0of3,C7_ROE_DYN_ytdavg_gt_lyavg,0.12715352831260018,-0.7228615517021365,0.5423613473970739,19.916666666666668,v1
P_IC_qb2of3__None__C10_EPS_DYN_qmax4__v1,P_IC_qb2of3__None,C10_EPS_DYN_qmax4,0.1271445595178271,-0.5314971749015336,0.5510133379525377,124.33653846153847,v1
FCF_P_qb0of3__MOM_qb0of3__C18_FCF_P_DYN_qmax8__v1,FCF_P_qb0of3__MOM_qb0of3,C18_FCF_P_DYN_qmax8,0.12689937448003308,-0.7165785587035428,0.5242277407631738,41.92628205128205,v1
FCF_P_qb0of3__MOM_qb0of3__C17_FCF_P_DYN_qmax4__v1,FCF_P_qb0of3__MOM_qb0of3,C17_FCF_P_DYN_qmax4,0.12686110393932393,-0.7180158058672067,0.5257023311416616,42.72435897435897,v1
EV_S_qb1of3__NETDEBT_EBITDA_qb2of3__C13_EPS_DYN_ytdavg_gt_lyytdavg__v1,EV_S_qb1of3__NETDEBT_EBITDA_qb2of3,C13_EPS_DYN_ytdavg_gt_lyytdavg,0.12675548356074962,-0.5098589595379783,0.5593762495001999,21.364912280701756,v1
OCF_E_qb0of3__MOM_qb0of3__C20_FCF_P_DYN_ytdavg_gt_lyytdavg__v1,OCF_E_qb0of3__MOM_qb0of3,C20_FCF_P_DYN_ytdavg_gt_lyytdavg,0.12675021056115066,-0.8005454176612583,0.522860875244938,18.46853146853147,v1
MOM_qb0of3__FCF_OI_qb0of3__C20_FCF_P_DYN_ytdavg_gt_lyytdavg__v1,MOM_qb0of3__FCF_OI_qb0of3,C20_FCF_P_DYN_ytdavg_gt_lyytdavg,0.12645574365097056,-0.691392531335553,0.5235035508961785,17.821678321678323,v1
P_IC_qb2of3__None__None__v1,P_IC_qb2of3__None,None,0.12637327077376015,-0.5311088000213288,0.5531292827775239,128.2147435897436,v1
P_IC_qb2of3__PS_qb1of3__C6_ROE_DYN_ytdavg_gt_lyytdavg__v0,P_IC_qb2of3__PS_qb1of3,C6_ROE_DYN_ytdavg_gt_lyytdavg,0.12634576667806008,-0.525865039130083,0.5593535203418168,94.95454545454545,v0
EV_S_qb1of3__None__C16_FCF_P_DYN_riseq2__v0,EV_S_qb1of3__None,C16_FCF_P_DYN_riseq2,0.1261432255071686,-0.6039572607404516,0.5559030492572322,13.480701754385965,v0
P_IC_qb2of3__None__C17_FCF_P_DYN_qmax4__v1,P_IC_qb2of3__None,C17_FCF_P_DYN_qmax4,0.1257809451583507,-0.5256629076333437,0.5508680555555555,124.50961538461539,v1
EV_S_qb1of3__DEBTRATIO_qb1of3__C7_ROE_DYN_ytdavg_gt_lyavg__v1,EV_S_qb1of3__DEBTRATIO_qb1of3,C7_ROE_DYN_ytdavg_gt_lyavg,0.1257229604019885,-0.5404280639352854,0.5792426367461431,25.793333333333333,v1
P_IC_qb1of3__PB_qb2of3__C13_EPS_DYN_ytdavg_gt_lyytdavg__v1,P_IC_qb1of3__PB_qb2of3,C13_EPS_DYN_ytdavg_gt_lyytdavg,0.1256329933775835,-0.5194711125633459,0.5913669064748202,18.270175438596493,v1
PB_qb1of3__None__C6_ROE_DYN_ytdavg_gt_lyytdavg__v0,PB_qb1of3__None,C6_ROE_DYN_ytdavg_gt_lyytdavg,0.12558883640038743,-0.5126827498848647,0.5646533083465475,281.013986013986,v0
P_IC_qb2of3__None__C11_EPS_DYN_qmax8__v1,P_IC_qb2of3__None,C11_EPS_DYN_qmax8,0.12536869236324755,-0.5327493027448029,0.5482570348593028,121.95192307692308,v1
PB_qb1of3__None__C20_FCF_P_DYN_ytdavg_gt_lyytdavg__v0,PB_qb1of3__None,C20_FCF_P_DYN_ytdavg_gt_lyytdavg,0.1248394487741602,-0.5320834351845787,0.5694130174364435,275.993006993007,v0
REVENUE_qb0of3__MOM_qb0of3__C7_ROE_DYN_ytdavg_gt_lyavg__v1,REVENUE_qb0of3__MOM_qb0of3,C7_ROE_DYN_ytdavg_gt_lyavg,0.1247833409576029,-0.6150445769327593,0.535427807486631,19.883333333333333,v1
P_IC_qb2of3__None__C13_EPS_DYN_ytdavg_gt_lyytdavg__v1,P_IC_qb2of3__None,C13_EPS_DYN_ytdavg_gt_lyytdavg,0.124606737253941,-0.4899794204674981,0.5530357571394289,88.31929824561404,v1
P_IC_qb2of3__None__C4_ROE_DYN_qmax8__v1,P_IC_qb2of3__None,C4_ROE_DYN_qmax8,0.12428543028902728,-0.5348036492616175,0.5486191499917314,121.00641025641026,v1
CROIC_qb0of3__MOM_qb0of3__C4_ROE_DYN_qmax8__v1,CROIC_qb0of3__MOM_qb0of3,C4_ROE_DYN_qmax8,0.12421830131921086,-0.7125559686021805,0.5237157145021973,42.28846153846154,v1
MOM_qb0of3__None__C2_ROE_DYN_riseq2__v0,MOM_qb0of3__None,C2_ROE_DYN_riseq2,0.12413694927085106,-0.8241128394313038,0.5384122919334187,12.034615384615385,v0
CROIC_qb0of3__MOM_qb0of3__C11_EPS_DYN_qmax8__v1,CROIC_qb0of3__MOM_qb0of3,C11_EPS_DYN_qmax8,0.1240912941606378,-0.71722976158642,0.5239031770045386,42.39423076923077,v1
P_IC_qb1of3__ACCRUAL_qb2of3__C6_ROE_DYN_ytdavg_gt_lyytdavg__v1,P_IC_qb1of3__ACCRUAL_qb2of3,C6_ROE_DYN_ytdavg_gt_lyytdavg,0.12401282778036316,-0.552658604966201,0.5454807969968236,23.234265734265733,v1
ROIC_qb0of3__MOM_qb0of3__C14_EPS_DYN_ytdavg_gt_lyavg__v1,ROIC_qb0of3__MOM_qb0of3,C14_EPS_DYN_ytdavg_gt_lyavg,0.12382482706529863,-0.6919998947763182,0.5145661811272958,19.973333333333333,v1
