tree_key,scheme,mode,window_no,n_windows,min_is_months,oos_len_months,is_start,is_end,oos_start,oos_end,n_is_months,n_oos_months,n_universe,k_mode,n_clusters,ratio,allocation,group,target_total,n_capped_clusters,n_backfilled,n_members,is_cagr,is_mdd,is_sharpe,oos_cagr,oos_mdd,oos_sharpe,oos_enb,n_clusters_covered,max_cluster_share
TW,A,anchored,1,6,72,24,2007-01,2012-12,2013-01,2014-12,72,24,26424,fixed,6,all,unallocated,B_all,26424,0,0,26424,0.10628853899047086,-0.5484999555627641,0.5037102289859081,0.21795020853073654,-0.08714229594780587,1.9262132422395724,,6,0.582689978807145
TW,A,anchored,1,6,72,24,2007-01,2012-12,2013-01,2014-12,72,24,26424,fixed,6,legacy,equal,A_hrp,30,0,1,30,0.3853853302091015,-0.29157090303695055,1.2868828022717447,0.22621938023938215,-0.08073385239187059,2.191733526664638,5.380534367731966,6,0.16666666666666666
TW,A,anchored,1,6,72,24,2007-01,2012-12,2013-01,2014-12,72,24,26424,fixed,6,legacy,equal,D_top_cagr,30,0,0,30,0.62996512383903,-0.3946597808225226,0.6348073285782985,0.2187648123561532,-0.0914868660915934,2.1803141387868674,3.632253167474739,3,0.7666666666666667
TW,A,anchored,1,6,72,24,2007-01,2012-12,2013-01,2014-12,72,24,26424,fixed,6,legacy,equal,E_top_calmar,30,0,0,30,0.5760778823592625,-0.27864236987309987,0.842171807972199,0.21369329892384292,-0.08790770593167108,2.131523048633915,3.871943601786895,5,0.4
TW,A,anchored,1,6,72,24,2007-01,2012-12,2013-01,2014-12,72,24,26424,fixed,6,legacy,proportional,A_hrp,30,0,0,30,0.36768195822561767,-0.24026515721332953,1.3377862839938495,0.22953411527938306,-0.08228920975956999,2.1563168956197454,4.947275351335911,6,0.5666666666666667
TW,A,anchored,1,6,72,24,2007-01,2012-12,2013-01,2014-12,72,24,26424,fixed,6,legacy,proportional,D_top_cagr,30,0,0,30,0.62996512383903,-0.3946597808225226,0.6348073285782985,0.2187648123561532,-0.0914868660915934,2.1803141387868674,3.632253167474739,3,0.7666666666666667
TW,A,anchored,1,6,72,24,2007-01,2012-12,2013-01,2014-12,72,24,26424,fixed,6,legacy,proportional,E_top_calmar,30,0,0,30,0.5760778823592625,-0.27864236987309987,0.842171807972199,0.21369329892384292,-0.08790770593167108,2.131523048633915,3.871943601786895,5,0.4
TW,A,anchored,1,6,72,24,2007-01,2012-12,2013-01,2014-12,72,24,26424,fixed,6,0.01,equal,A_hrp,264,0,69,264,0.32300417421556693,-0.3837947735140259,1.043122617922056,0.2131020871361391,-0.0866158569738078,2.0301782335127943,6.2750367188786695,6,0.16666666666666666
TW,A,anchored,1,6,72,24,2007-01,2012-12,2013-01,2014-12,72,24,26424,fixed,6,0.01,equal,D_top_cagr,264,0,0,264,0.443738803802461,-0.4067684789947652,1.0422951748360036,0.22653027058234065,-0.08871639012062604,2.104678779050927,5.339705247721902,6,0.3143939393939394
TW,A,anchored,1,6,72,24,2007-01,2012-12,2013-01,2014-12,72,24,26424,fixed,6,0.01,equal,E_top_calmar,264,0,0,264,0.40373870159883873,-0.3154102057081194,1.111051743246373,0.22717139567986488,-0.0841014190491145,2.155780130217387,4.9394346198723085,6,0.2689393939393939
TW,A,anchored,1,6,72,24,2007-01,2012-12,2013-01,2014-12,72,24,26424,fixed,6,0.01,proportional,A_hrp,264,0,4,264,0.2648719651686129,-0.377640372858594,1.0240110673267349,0.22698841054737517,-0.08518130766294507,2.0310257497796034,6.122784021675303,6,0.5833333333333334
TW,A,anchored,1,6,72,24,2007-01,2012-12,2013-01,2014-12,72,24,26424,fixed,6,0.01,proportional,D_top_cagr,264,0,0,264,0.443738803802461,-0.4067684789947652,1.0422951748360036,0.22653027058234065,-0.08871639012062604,2.104678779050927,5.339705247721902,6,0.3143939393939394
TW,A,anchored,1,6,72,24,2007-01,2012-12,2013-01,2014-12,72,24,26424,fixed,6,0.01,proportional,E_top_calmar,264,0,0,264,0.40373870159883873,-0.3154102057081194,1.111051743246373,0.22717139567986488,-0.0841014190491145,2.155780130217387,4.9394346198723085,6,0.2689393939393939
TW,A,anchored,1,6,72,24,2007-01,2012-12,2013-01,2014-12,72,24,26424,fixed,6,0.03,equal,A_hrp,793,0,437,793,0.28609131959447276,-0.41884507527872117,1.0065951780985838,0.2137586757728429,-0.08946944193399697,1.9794846243230984,,6,0.1677175283732661
TW,A,anchored,1,6,72,24,2007-01,2012-12,2013-01,2014-12,72,24,26424,fixed,6,0.03,equal,D_top_cagr,793,0,0,793,0.33716192928574396,-0.43425618572538105,1.0461046814124693,0.23034243195542348,-0.09066551537914092,2.064732815746364,,6,0.2471626733921816
TW,A,anchored,1,6,72,24,2007-01,2012-12,2013-01,2014-12,72,24,26424,fixed,6,0.03,equal,E_top_calmar,793,0,0,793,0.31798849200845236,-0.37131972518790934,1.0763176036827953,0.22311347099253043,-0.08483744521952308,2.0853334993392263,,6,0.296343001261034
TW,A,anchored,1,6,72,24,2007-01,2012-12,2013-01,2014-12,72,24,26424,fixed,6,0.03,proportional,A_hrp,793,0,109,793,0.2120857254004893,-0.434322865872676,0.860044208505538,0.21736992320270265,-0.0882010298732423,1.9329915833725406,,6,0.5825977301387137
TW,A,anchored,1,6,72,24,2007-01,2012-12,2013-01,2014-12,72,24,26424,fixed,6,0.03,proportional,D_top_cagr,793,0,0,793,0.33716192928574396,-0.43425618572538105,1.0461046814124693,0.23034243195542348,-0.09066551537914092,2.064732815746364,,6,0.2471626733921816
TW,A,anchored,1,6,72,24,2007-01,2012-12,2013-01,2014-12,72,24,26424,fixed,6,0.03,proportional,E_top_calmar,793,0,0,793,0.31798849200845236,-0.37131972518790934,1.0763176036827953,0.22311347099253043,-0.08483744521952308,2.0853334993392263,,6,0.296343001261034
TW,A,anchored,1,6,72,24,2007-01,2012-12,2013-01,2014-12,72,24,26424,fixed,6,0.05,equal,A_hrp,1321,0,877,1321,0.2642452735917684,-0.4318304177508674,0.9644839899035863,0.21312275855748442,-0.0903305633458068,1.9621942367186949,,6,0.16729750189250567
TW,A,anchored,1,6,72,24,2007-01,2012-12,2013-01,2014-12,72,24,26424,fixed,6,0.05,equal,D_top_cagr,1321,0,0,1321,0.29599942780228394,-0.449887468925651,0.9964847423456711,0.23113665583883347,-0.0900207186255827,2.055015723466334,,6,0.24829674489023468
TW,A,anchored,1,6,72,24,2007-01,2012-12,2013-01,2014-12,72,24,26424,fixed,6,0.05,equal,E_top_calmar,1321,0,0,1321,0.2838487124118936,-0.4038035421232268,1.0122415306844863,0.22421755201000448,-0.08585088532507679,2.0732824805971353,,6,0.279333838001514
TW,A,anchored,1,6,72,24,2007-01,2012-12,2013-01,2014-12,72,24,26424,fixed,6,0.05,proportional,A_hrp,1321,0,328,1321,0.1931183560874541,-0.4694921280393213,0.7833711123893596,0.21704931510567782,-0.08774182791702645,1.9151014376524673,,6,0.5828917486752461
TW,A,anchored,1,6,72,24,2007-01,2012-12,2013-01,2014-12,72,24,26424,fixed,6,0.05,proportional,D_top_cagr,1321,0,0,1321,0.29599942780228394,-0.449887468925651,0.9964847423456711,0.23113665583883347,-0.0900207186255827,2.055015723466334,,6,0.24829674489023468
TW,A,anchored,1,6,72,24,2007-01,2012-12,2013-01,2014-12,72,24,26424,fixed,6,0.05,proportional,E_top_calmar,1321,0,0,1321,0.2838487124118936,-0.4038035421232268,1.0122415306844863,0.22421755201000448,-0.08585088532507679,2.0732824805971353,,6,0.279333838001514
TW,A,anchored,1,6,72,24,2007-01,2012-12,2013-01,2014-12,72,24,26424,fixed,6,0.1,equal,A_hrp,2642,0,1978,2642,0.22563781102821667,-0.4640744435077646,0.8648416608174708,0.21164693384958344,-0.09048357722572686,1.9409518608015817,,6,0.16691900075700228
TW,A,anchored,1,6,72,24,2007-01,2012-12,2013-01,2014-12,72,24,26424,fixed,6,0.1,equal,D_top_cagr,2642,0,0,2642,0.2483136326293971,-0.46810265527945716,0.9071647169252997,0.2293548453257559,-0.08952452321053772,2.039924490936287,,6,0.2838758516275549
TW,A,anchored,1,6,72,24,2007-01,2012-12,2013-01,2014-12,72,24,26424,fixed,6,0.1,equal,E_top_calmar,2642,0,0,2642,0.24166315181273323,-0.4357676248711714,0.9138368083361729,0.2256634873030401,-0.08622097631372616,2.0566580323322023,,6,0.3213474640423921
TW,A,anchored,1,6,72,24,2007-01,2012-12,2013-01,2014-12,72,24,26424,fixed,6,0.1,proportional,A_hrp,2642,0,1609,2642,0.2026971098730601,-0.46059655460374993,0.8131063849696347,0.22682146402660375,-0.0856386970554256,2.020943005801454,,6,0.5825132475397427
TW,A,anchored,1,6,72,24,2007-01,2012-12,2013-01,2014-12,72,24,26424,fixed,6,0.1,proportional,D_top_cagr,2642,0,0,2642,0.2483136326293971,-0.46810265527945716,0.9071647169252997,0.2293548453257559,-0.08952452321053772,2.039924490936287,,6,0.2838758516275549
TW,A,anchored,1,6,72,24,2007-01,2012-12,2013-01,2014-12,72,24,26424,fixed,6,0.1,proportional,E_top_calmar,2642,0,0,2642,0.24166315181273323,-0.4357676248711714,0.9138368083361729,0.2256634873030401,-0.08622097631372616,2.0566580323322023,,6,0.3213474640423921
TW,A,anchored,1,6,72,24,2007-01,2012-12,2013-01,2014-12,72,24,26424,silhouette_is,11,all,unallocated,B_all,26424,0,0,26424,0.10628853899047086,-0.5484999555627641,0.5037102289859081,0.21795020853073654,-0.08714229594780587,1.9262132422395724,,11,0.46783227369058433
TW,A,anchored,1,6,72,24,2007-01,2012-12,2013-01,2014-12,72,24,26424,silhouette_is,11,legacy,equal,A_hrp,55,0,0,55,0.348021126454497,-0.31348709003002784,1.2340104811953867,0.23726484753996946,-0.08198269477767217,2.1565138709548184,5.453299710938023,11,0.09090909090909091
TW,A,anchored,1,6,72,24,2007-01,2012-12,2013-01,2014-12,72,24,26424,silhouette_is,11,legacy,equal,D_top_cagr,55,0,0,55,0.5964118618433434,-0.400502965478148,0.751004631245712,0.2317685459355714,-0.09186200654322774,2.1556371451465495,4.527757671034533,6,0.6
TW,A,anchored,1,6,72,24,2007-01,2012-12,2013-01,2014-12,72,24,26424,silhouette_is,11,legacy,equal,E_top_calmar,55,0,0,55,0.5122773109071468,-0.2778077499334348,0.9540381794421218,0.22721710537821527,-0.0830948709489634,2.264435894199612,4.166548374775418,9,0.34545454545454546
TW,A,anchored,1,6,72,24,2007-01,2012-12,2013-01,2014-12,72,24,26424,silhouette_is,11,legacy,proportional,A_hrp,55,0,0,55,0.3258161518973577,-0.2691094348516926,1.2177079153443116,0.2327853786848315,-0.08449464578489485,2.0935228531648127,5.093183460023139,11,0.4727272727272727
TW,A,anchored,1,6,72,24,2007-01,2012-12,2013-01,2014-12,72,24,26424,silhouette_is,11,legacy,proportional,D_top_cagr,55,0,0,55,0.5964118618433434,-0.400502965478148,0.751004631245712,0.2317685459355714,-0.09186200654322774,2.1556371451465495,4.527757671034533,6,0.6
TW,A,anchored,1,6,72,24,2007-01,2012-12,2013-01,2014-12,72,24,26424,silhouette_is,11,legacy,proportional,E_top_calmar,55,0,0,55,0.5122773109071468,-0.2778077499334348,0.9540381794421218,0.22721710537821527,-0.0830948709489634,2.264435894199612,4.166548374775418,9,0.34545454545454546
TW,A,anchored,1,6,72,24,2007-01,2012-12,2013-01,2014-12,72,24,26424,silhouette_is,11,0.01,equal,A_hrp,264,0,46,264,0.3080348592311033,-0.3867466323083838,1.058288886724321,0.2222643628242431,-0.08649444017579233,2.0259922086018936,5.872499668267431,11,0.09090909090909091
TW,A,anchored,1,6,72,24,2007-01,2012-12,2013-01,2014-12,72,24,26424,silhouette_is,11,0.01,equal,D_top_cagr,264,0,0,264,0.443738803802461,-0.4067684789947652,1.0422951748360036,0.22653027058234065,-0.08871639012062604,2.104678779050927,5.339705247721902,11,0.29545454545454547
TW,A,anchored,1,6,72,24,2007-01,2012-12,2013-01,2014-12,72,24,26424,silhouette_is,11,0.01,equal,E_top_calmar,264,0,0,264,0.40373870159883873,-0.3154102057081194,1.111051743246373,0.22717139567986488,-0.0841014190491145,2.155780130217387,4.9394346198723085,11,0.24242424242424243
TW,A,anchored,1,6,72,24,2007-01,2012-12,2013-01,2014-12,72,24,26424,silhouette_is,11,0.01,proportional,A_hrp,264,0,0,264,0.2560883783102583,-0.3789301733057132,0.9964224913757911,0.2263439906283844,-0.08499827321518905,2.0232947092440545,5.88415077642019,11,0.4659090909090909
TW,A,anchored,1,6,72,24,2007-01,2012-12,2013-01,2014-12,72,24,26424,silhouette_is,11,0.01,proportional,D_top_cagr,264,0,0,264,0.443738803802461,-0.4067684789947652,1.0422951748360036,0.22653027058234065,-0.08871639012062604,2.104678779050927,5.339705247721902,11,0.29545454545454547
TW,A,anchored,1,6,72,24,2007-01,2012-12,2013-01,2014-12,72,24,26424,silhouette_is,11,0.01,proportional,E_top_calmar,264,0,0,264,0.40373870159883873,-0.3154102057081194,1.111051743246373,0.22717139567986488,-0.0841014190491145,2.155780130217387,4.9394346198723085,11,0.24242424242424243
TW,A,anchored,1,6,72,24,2007-01,2012-12,2013-01,2014-12,72,24,26424,silhouette_is,11,0.03,equal,A_hrp,793,0,346,793,0.27641799198512973,-0.4168164624445978,0.9909764058519086,0.22085993036532914,-0.08886783602891757,2.0033196006323792,,11,0.09205548549810845
TW,A,anchored,1,6,72,24,2007-01,2012-12,2013-01,2014-12,72,24,26424,silhouette_is,11,0.03,equal,D_top_cagr,793,0,0,793,0.33716192928574396,-0.43425618572538105,1.0461046814124693,0.23034243195542348,-0.09066551537914092,2.064732815746364,,11,0.1677175283732661
TW,A,anchored,1,6,72,24,2007-01,2012-12,2013-01,2014-12,72,24,26424,silhouette_is,11,0.03,equal,E_top_calmar,793,0,0,793,0.31798849200845236,-0.37131972518790934,1.0763176036827953,0.22311347099253043,-0.08483744521952308,2.0853334993392263,,11,0.19293820933165196
TW,A,anchored,1,6,72,24,2007-01,2012-12,2013-01,2014-12,72,24,26424,silhouette_is,11,0.03,proportional,A_hrp,793,0,72,793,0.1997903222580184,-0.44672417184049673,0.817985896151286,0.21909957416217396,-0.08770988311586525,1.927025674940617,,11,0.467843631778058
TW,A,anchored,1,6,72,24,2007-01,2012-12,2013-01,2014-12,72,24,26424,silhouette_is,11,0.03,proportional,D_top_cagr,793,0,0,793,0.33716192928574396,-0.43425618572538105,1.0461046814124693,0.23034243195542348,-0.09066551537914092,2.064732815746364,,11,0.1677175283732661
TW,A,anchored,1,6,72,24,2007-01,2012-12,2013-01,2014-12,72,24,26424,silhouette_is,11,0.03,proportional,E_top_calmar,793,0,0,793,0.31798849200845236,-0.37131972518790934,1.0763176036827953,0.22311347099253043,-0.08483744521952308,2.0853334993392263,,11,0.19293820933165196
TW,A,anchored,1,6,72,24,2007-01,2012-12,2013-01,2014-12,72,24,26424,silhouette_is,11,0.05,equal,A_hrp,1321,0,765,1321,0.25805452891848724,-0.43074853527108414,0.9507859776058702,0.2206754884544937,-0.08903619649307981,1.996987984238312,,11,0.09159727479182438
TW,A,anchored,1,6,72,24,2007-01,2012-12,2013-01,2014-12,72,24,26424,silhouette_is,11,0.05,equal,D_top_cagr,1321,0,0,1321,0.29599942780228394,-0.449887468925651,0.9964847423456711,0.23113665583883347,-0.0900207186255827,2.055015723466334,,11,0.17865253595760788
TW,A,anchored,1,6,72,24,2007-01,2012-12,2013-01,2014-12,72,24,26424,silhouette_is,11,0.05,equal,E_top_calmar,1321,0,0,1321,0.2838487124118936,-0.4038035421232268,1.0122415306844863,0.22421755201000448,-0.08585088532507679,2.0732824805971353,,11,0.19530658591975775
TW,A,anchored,1,6,72,24,2007-01,2012-12,2013-01,2014-12,72,24,26424,silhouette_is,11,0.05,proportional,A_hrp,1321,0,239,1321,0.1774829273953933,-0.4789560293609906,0.7380988519264425,0.2178182821470127,-0.087039558561956,1.9093057188557077,,11,0.46782740348221047
TW,A,anchored,1,6,72,24,2007-01,2012-12,2013-01,2014-12,72,24,26424,silhouette_is,11,0.05,proportional,D_top_cagr,1321,0,0,1321,0.29599942780228394,-0.449887468925651,0.9964847423456711,0.23113665583883347,-0.0900207186255827,2.055015723466334,,11,0.17865253595760788
TW,A,anchored,1,6,72,24,2007-01,2012-12,2013-01,2014-12,72,24,26424,silhouette_is,11,0.05,proportional,E_top_calmar,1321,0,0,1321,0.2838487124118936,-0.4038035421232268,1.0122415306844863,0.22421755201000448,-0.08585088532507679,2.0732824805971353,,11,0.19530658591975775
TW,A,anchored,1,6,72,24,2007-01,2012-12,2013-01,2014-12,72,24,26424,silhouette_is,11,0.1,equal,A_hrp,2642,1,1893,2642,0.22525106390194427,-0.458566928681861,0.8655158363867158,0.22126533651216107,-0.0892129959960355,1.98792109019748,,11,0.09424678274034821
TW,A,anchored,1,6,72,24,2007-01,2012-12,2013-01,2014-12,72,24,26424,silhouette_is,11,0.1,equal,D_top_cagr,2642,1,0,2642,0.2483136326293971,-0.46810265527945716,0.9071647169252997,0.2293548453257559,-0.08952452321053772,2.039924490936287,,11,0.17297501892505676
TW,A,anchored,1,6,72,24,2007-01,2012-12,2013-01,2014-12,72,24,26424,silhouette_is,11,0.1,equal,E_top_calmar,2642,1,0,2642,0.24166315181273323,-0.4357676248711714,0.9138368083361729,0.2256634873030401,-0.08622097631372616,2.0566580323322023,,11,0.19719909159727478
TW,A,anchored,1,6,72,24,2007-01,2012-12,2013-01,2014-12,72,24,26424,silhouette_is,11,0.1,proportional,A_hrp,2642,0,1441,2642,0.1894993921175021,-0.46704801892000536,0.7765765145133774,0.22283627565204456,-0.0845655104785803,2.0124399657355387,,11,0.46782740348221047
TW,A,anchored,1,6,72,24,2007-01,2012-12,2013-01,2014-12,72,24,26424,silhouette_is,11,0.1,proportional,D_top_cagr,2642,0,0,2642,0.2483136326293971,-0.46810265527945716,0.9071647169252997,0.2293548453257559,-0.08952452321053772,2.039924490936287,,11,0.17297501892505676
TW,A,anchored,1,6,72,24,2007-01,2012-12,2013-01,2014-12,72,24,26424,silhouette_is,11,0.1,proportional,E_top_calmar,2642,0,0,2642,0.24166315181273323,-0.4357676248711714,0.9138368083361729,0.2256634873030401,-0.08622097631372616,2.0566580323322023,,11,0.19719909159727478
TW,A,anchored,2,6,72,24,2007-01,2014-12,2015-01,2016-12,96,24,26424,fixed,6,all,unallocated,B_all,26424,0,0,26424,0.13320555144019197,-0.5484999555627641,0.6331022388862824,0.04405537074103494,-0.1822593583971538,0.4232659472351442,,6,0.6510747805025734
TW,A,anchored,2,6,72,24,2007-01,2014-12,2015-01,2016-12,96,24,26424,fixed,6,legacy,equal,A_hrp,30,0,0,30,0.3419798336193567,-0.30629379844575133,1.2874893828506837,0.0792304255790317,-0.1649342082461096,0.7365643882523235,4.484338780808791,6,0.16666666666666666
TW,A,anchored,2,6,72,24,2007-01,2014-12,2015-01,2016-12,96,24,26424,fixed,6,legacy,equal,D_top_cagr,30,0,0,30,0.5067183645077538,-0.4064495053806666,0.5698963108244566,0.09576147392760803,-0.19178490368929635,0.8242521916920016,3.218173626485553,2,0.8666666666666667
TW,A,anchored,2,6,72,24,2007-01,2014-12,2015-01,2016-12,96,24,26424,fixed,6,legacy,equal,E_top_calmar,30,0,0,30,0.47661578535396276,-0.26379001515701195,0.8411699864925692,0.06911632950772462,-0.18453328780610856,0.6453679308200962,3.7203696092360055,4,0.3333333333333333
TW,A,anchored,2,6,72,24,2007-01,2014-12,2015-01,2016-12,96,24,26424,fixed,6,legacy,proportional,A_hrp,30,0,0,30,0.3393221337353145,-0.2513957243373275,1.3634468591412556,0.06404698469466363,-0.17968525756227316,0.6057984403102212,4.24387209765739,6,0.6666666666666666
TW,A,anchored,2,6,72,24,2007-01,2014-12,2015-01,2016-12,96,24,26424,fixed,6,legacy,proportional,D_top_cagr,30,0,0,30,0.5067183645077538,-0.4064495053806666,0.5698963108244566,0.09576147392760803,-0.19178490368929635,0.8242521916920016,3.218173626485553,2,0.8666666666666667
TW,A,anchored,2,6,72,24,2007-01,2014-12,2015-01,2016-12,96,24,26424,fixed,6,legacy,proportional,E_top_calmar,30,0,0,30,0.47661578535396276,-0.26379001515701195,0.8411699864925692,0.06911632950772462,-0.18453328780610856,0.6453679308200962,3.7203696092360055,4,0.3333333333333333
TW,A,anchored,2,6,72,24,2007-01,2014-12,2015-01,2016-12,96,24,26424,fixed,6,0.01,equal,A_hrp,264,0,91,264,0.30443024735600854,-0.39359784644658347,1.0705959581773707,0.07697471052389804,-0.16225240464167334,0.7051289968568908,5.092641778019885,6,0.16666666666666666
TW,A,anchored,2,6,72,24,2007-01,2014-12,2015-01,2016-12,96,24,26424,fixed,6,0.01,equal,D_top_cagr,264,0,0,264,0.3880819582904689,-0.41303264466521905,1.0469836019132077,0.08522029211997206,-0.17190395325011598,0.7594904793789623,4.335039641170144,6,0.32575757575757575
TW,A,anchored,2,6,72,24,2007-01,2014-12,2015-01,2016-12,96,24,26424,fixed,6,0.01,equal,E_top_calmar,264,0,0,264,0.34890837694144405,-0.3038134738193121,1.1347577552556751,0.06815327361347867,-0.17219482338006253,0.6505738606315955,4.233305519347205,6,0.3181818181818182
TW,A,anchored,2,6,72,24,2007-01,2014-12,2015-01,2016-12,96,24,26424,fixed,6,0.01,proportional,A_hrp,264,0,2,264,0.2562311430893929,-0.3849365115472788,1.0665406042621866,0.05270801397919378,-0.17403578446786905,0.5051669502680981,4.917882778434818,6,0.6515151515151515
TW,A,anchored,2,6,72,24,2007-01,2014-12,2015-01,2016-12,96,24,26424,fixed,6,0.01,proportional,D_top_cagr,264,0,0,264,0.3880819582904689,-0.41303264466521905,1.0469836019132077,0.08522029211997206,-0.17190395325011598,0.7594904793789623,4.335039641170144,6,0.32575757575757575
TW,A,anchored,2,6,72,24,2007-01,2014-12,2015-01,2016-12,96,24,26424,fixed,6,0.01,proportional,E_top_calmar,264,0,0,264,0.34890837694144405,-0.3038134738193121,1.1347577552556751,0.06815327361347867,-0.17219482338006253,0.6505738606315955,4.233305519347205,6,0.3181818181818182
TW,A,anchored,2,6,72,24,2007-01,2014-12,2015-01,2016-12,96,24,26424,fixed,6,0.03,equal,A_hrp,793,0,467,793,0.2704352216845207,-0.42883890375094014,1.0354722889676555,0.06839654246536697,-0.1672546469399837,0.6269653735349411,,6,0.1677175283732661
TW,A,anchored,2,6,72,24,2007-01,2014-12,2015-01,2016-12,96,24,26424,fixed,6,0.03,equal,D_top_cagr,793,0,0,793,0.3127315765339862,-0.4465378204479574,1.0891343364488904,0.07798254300727914,-0.1745363860719974,0.6909530824818991,,6,0.3619167717528373
TW,A,anchored,2,6,72,24,2007-01,2014-12,2015-01,2016-12,96,24,26424,fixed,6,0.03,equal,E_top_calmar,793,0,0,793,0.29272765799271827,-0.36805748192778875,1.1255560438375312,0.06559649166643622,-0.17028553306745975,0.6185373270786839,,6,0.3656998738965952
TW,A,anchored,2,6,72,24,2007-01,2014-12,2015-01,2016-12,96,24,26424,fixed,6,0.03,proportional,A_hrp,793,0,84,793,0.21440241026610796,-0.4348264351442026,0.9324935737218747,0.044683880389536634,-0.17437530864837236,0.4422960974740459,,6,0.6506935687263556
TW,A,anchored,2,6,72,24,2007-01,2014-12,2015-01,2016-12,96,24,26424,fixed,6,0.03,proportional,D_top_cagr,793,0,0,793,0.3127315765339862,-0.4465378204479574,1.0891343364488904,0.07798254300727914,-0.1745363860719974,0.6909530824818991,,6,0.3619167717528373
TW,A,anchored,2,6,72,24,2007-01,2014-12,2015-01,2016-12,96,24,26424,fixed,6,0.03,proportional,E_top_calmar,793,0,0,793,0.29272765799271827,-0.36805748192778875,1.1255560438375312,0.06559649166643622,-0.17028553306745975,0.6185373270786839,,6,0.3656998738965952
TW,A,anchored,2,6,72,24,2007-01,2014-12,2015-01,2016-12,96,24,26424,fixed,6,0.05,equal,A_hrp,1321,0,907,1321,0.2523618276491202,-0.4382551497678725,1.0052482801901939,0.06900470811590265,-0.16609945651369284,0.6309416582995248,,6,0.16729750189250567
TW,A,anchored,2,6,72,24,2007-01,2014-12,2015-01,2016-12,96,24,26424,fixed,6,0.05,equal,D_top_cagr,1321,0,0,1321,0.2826719187385467,-0.4592768408516006,1.054299335791993,0.07465056985483987,-0.17537312533622484,0.6642407652790586,,6,0.39212717638152916
TW,A,anchored,2,6,72,24,2007-01,2014-12,2015-01,2016-12,96,24,26424,fixed,6,0.05,equal,E_top_calmar,1321,0,0,1321,0.268310958160177,-0.4002849849358051,1.0775711856222838,0.06423649967093059,-0.1733619936170886,0.5987393515308489,,6,0.42694928084784256
TW,A,anchored,2,6,72,24,2007-01,2014-12,2015-01,2016-12,96,24,26424,fixed,6,0.05,proportional,A_hrp,1321,0,268,1321,0.19578500118704545,-0.45955170030323145,0.8658624256706178,0.04297693685199855,-0.17488324064826544,0.4240028175216678,,6,0.6510219530658592
TW,A,anchored,2,6,72,24,2007-01,2014-12,2015-01,2016-12,96,24,26424,fixed,6,0.05,proportional,D_top_cagr,1321,0,0,1321,0.2826719187385467,-0.4592768408516006,1.054299335791993,0.07465056985483987,-0.17537312533622484,0.6642407652790586,,6,0.39212717638152916
TW,A,anchored,2,6,72,24,2007-01,2014-12,2015-01,2016-12,96,24,26424,fixed,6,0.05,proportional,E_top_calmar,1321,0,0,1321,0.268310958160177,-0.4002849849358051,1.0775711856222838,0.06423649967093059,-0.1733619936170886,0.5987393515308489,,6,0.42694928084784256
TW,A,anchored,2,6,72,24,2007-01,2014-12,2015-01,2016-12,96,24,26424,fixed,6,0.1,equal,A_hrp,2642,0,2008,2642,0.22122039563472407,-0.4688789463552724,0.9225652830297225,0.0668782954729441,-0.16637651624348948,0.6123742715330812,,6,0.16691900075700228
TW,A,anchored,2,6,72,24,2007-01,2014-12,2015-01,2016-12,96,24,26424,fixed,6,0.1,equal,D_top_cagr,2642,0,0,2642,0.24655407567149257,-0.47789097502374167,0.9828142649015814,0.07408405824565367,-0.17526493173321556,0.6592523110416688,,6,0.443224829674489
TW,A,anchored,2,6,72,24,2007-01,2014-12,2015-01,2016-12,96,24,26424,fixed,6,0.1,equal,E_top_calmar,2642,0,0,2642,0.23769780264695894,-0.4346923372911303,0.9935526518094399,0.06517486885536994,-0.1743354384195157,0.6013342961883024,,6,0.47918243754731266
TW,A,anchored,2,6,72,24,2007-01,2014-12,2015-01,2016-12,96,24,26424,fixed,6,0.1,proportional,A_hrp,2642,0,1491,2642,0.20680440563803493,-0.4546615886421871,0.9013633509146164,0.053886665263555455,-0.1750070849955604,0.511119110549565,,6,0.6510219530658592
TW,A,anchored,2,6,72,24,2007-01,2014-12,2015-01,2016-12,96,24,26424,fixed,6,0.1,proportional,D_top_cagr,2642,0,0,2642,0.24655407567149257,-0.47789097502374167,0.9828142649015814,0.07408405824565367,-0.17526493173321556,0.6592523110416688,,6,0.443224829674489
TW,A,anchored,2,6,72,24,2007-01,2014-12,2015-01,2016-12,96,24,26424,fixed,6,0.1,proportional,E_top_calmar,2642,0,0,2642,0.23769780264695894,-0.4346923372911303,0.9935526518094399,0.06517486885536994,-0.1743354384195157,0.6013342961883024,,6,0.47918243754731266
TW,A,anchored,2,6,72,24,2007-01,2014-12,2015-01,2016-12,96,24,26424,silhouette_is,12,all,unallocated,B_all,26424,0,0,26424,0.13320555144019197,-0.5484999555627641,0.6331022388862824,0.04405537074103494,-0.1822593583971538,0.4232659472351442,,12,0.30582046624280956
TW,A,anchored,2,6,72,24,2007-01,2014-12,2015-01,2016-12,96,24,26424,silhouette_is,12,legacy,equal,A_hrp,60,0,0,60,0.310024539564111,-0.3059589945085125,1.2430019084260302,0.06981227270217838,-0.16359439361890127,0.6673267496585649,4.785063055474568,12,0.08333333333333333
TW,A,anchored,2,6,72,24,2007-01,2014-12,2015-01,2016-12,96,24,26424,silhouette_is,12,legacy,equal,D_top_cagr,60,0,0,60,0.48948530656144107,-0.4030552899043848,0.7425948343823082,0.09609492433024158,-0.18252703131678272,0.8387017993321747,3.88900174772723,7,0.6166666666666667
TW,A,anchored,2,6,72,24,2007-01,2014-12,2015-01,2016-12,96,24,26424,silhouette_is,12,legacy,equal,E_top_calmar,60,0,0,60,0.4260089140417431,-0.2717155862959083,0.9709701667427506,0.06431155378725695,-0.177314744436057,0.623818897719618,3.8162768641701628,8,0.31666666666666665
TW,A,anchored,2,6,72,24,2007-01,2014-12,2015-01,2016-12,96,24,26424,silhouette_is,12,legacy,proportional,A_hrp,60,0,0,60,0.2984166109957571,-0.3144219028827673,1.2350239622207233,0.07504937645129539,-0.16501718587347425,0.7224753147664498,4.397785350506942,12,0.3
TW,A,anchored,2,6,72,24,2007-01,2014-12,2015-01,2016-12,96,24,26424,silhouette_is,12,legacy,proportional,D_top_cagr,60,0,0,60,0.48948530656144107,-0.4030552899043848,0.7425948343823082,0.09609492433024158,-0.18252703131678272,0.8387017993321747,3.88900174772723,7,0.6166666666666667
TW,A,anchored,2,6,72,24,2007-01,2014-12,2015-01,2016-12,96,24,26424,silhouette_is,12,legacy,proportional,E_top_calmar,60,0,0,60,0.4260089140417431,-0.2717155862959083,0.9709701667427506,0.06431155378725695,-0.177314744436057,0.623818897719618,3.8162768641701628,8,0.31666666666666665
TW,A,anchored,2,6,72,24,2007-01,2014-12,2015-01,2016-12,96,24,26424,silhouette_is,12,0.01,equal,A_hrp,264,0,17,264,0.26862031729681335,-0.39910795342027594,1.0852544415296157,0.06526800812111011,-0.16799810393570835,0.6132541981439199,5.169694044530101,12,0.08333333333333333
TW,A,anchored,2,6,72,24,2007-01,2014-12,2015-01,2016-12,96,24,26424,silhouette_is,12,0.01,equal,D_top_cagr,264,0,0,264,0.3880819582904689,-0.41303264466521905,1.0469836019132077,0.08522029211997206,-0.17190395325011598,0.7594904793789623,4.335039641170144,12,0.32575757575757575
TW,A,anchored,2,6,72,24,2007-01,2014-12,2015-01,2016-12,96,24,26424,silhouette_is,12,0.01,equal,E_top_calmar,264,0,0,264,0.34890837694144405,-0.3038134738193121,1.1347577552556751,0.06815327361347867,-0.17219482338006253,0.6505738606315955,4.233305519347205,11,0.25
TW,A,anchored,2,6,72,24,2007-01,2014-12,2015-01,2016-12,96,24,26424,silhouette_is,12,0.01,proportional,A_hrp,264,0,2,264,0.2502176864610641,-0.3866458841951732,1.0692245244742147,0.06201766111060758,-0.1698163262466318,0.5919324896745558,4.667538500920342,12,0.3068181818181818
TW,A,anchored,2,6,72,24,2007-01,2014-12,2015-01,2016-12,96,24,26424,silhouette_is,12,0.01,proportional,D_top_cagr,264,0,0,264,0.3880819582904689,-0.41303264466521905,1.0469836019132077,0.08522029211997206,-0.17190395325011598,0.7594904793789623,4.335039641170144,12,0.32575757575757575
TW,A,anchored,2,6,72,24,2007-01,2014-12,2015-01,2016-12,96,24,26424,silhouette_is,12,0.01,proportional,E_top_calmar,264,0,0,264,0.34890837694144405,-0.3038134738193121,1.1347577552556751,0.06815327361347867,-0.17219482338006253,0.6505738606315955,4.233305519347205,11,0.25
TW,A,anchored,2,6,72,24,2007-01,2014-12,2015-01,2016-12,96,24,26424,silhouette_is,12,0.03,equal,A_hrp,793,0,285,793,0.2524855371222203,-0.41662121330178903,1.0337345741811892,0.06363896620015153,-0.1679665111391686,0.5960763001357611,,12,0.08448928121059268
TW,A,anchored,2,6,72,24,2007-01,2014-12,2015-01,2016-12,96,24,26424,silhouette_is,12,0.03,equal,D_top_cagr,793,0,0,793,0.3127315765339862,-0.4465378204479574,1.0891343364488904,0.07798254300727914,-0.1745363860719974,0.6909530824818991,,12,0.223203026481715
TW,A,anchored,2,6,72,24,2007-01,2014-12,2015-01,2016-12,96,24,26424,silhouette_is,12,0.03,equal,E_top_calmar,793,0,0,793,0.29272765799271827,-0.36805748192778875,1.1255560438375312,0.06559649166643622,-0.17028553306745975,0.6185373270786839,,12,0.18158890290037832
TW,A,anchored,2,6,72,24,2007-01,2014-12,2015-01,2016-12,96,24,26424,silhouette_is,12,0.03,proportional,A_hrp,793,0,35,793,0.20495313393000192,-0.45552016039933496,0.9117148133954686,0.04826392638682209,-0.17544302690576485,0.46998344078721016,,12,0.3064312736443884
TW,A,anchored,2,6,72,24,2007-01,2014-12,2015-01,2016-12,96,24,26424,silhouette_is,12,0.03,proportional,D_top_cagr,793,0,0,793,0.3127315765339862,-0.4465378204479574,1.0891343364488904,0.07798254300727914,-0.1745363860719974,0.6909530824818991,,12,0.223203026481715
TW,A,anchored,2,6,72,24,2007-01,2014-12,2015-01,2016-12,96,24,26424,silhouette_is,12,0.03,proportional,E_top_calmar,793,0,0,793,0.29272765799271827,-0.36805748192778875,1.1255560438375312,0.06559649166643622,-0.17028553306745975,0.6185373270786839,,12,0.18158890290037832
TW,A,anchored,2,6,72,24,2007-01,2014-12,2015-01,2016-12,96,24,26424,silhouette_is,12,0.05,equal,A_hrp,1321,0,661,1321,0.24142856867833418,-0.43402654089257353,0.9960178418559996,0.06348462925298848,-0.1685027773450749,0.593445431324143,,12,0.08402725208175625
TW,A,anchored,2,6,72,24,2007-01,2014-12,2015-01,2016-12,96,24,26424,silhouette_is,12,0.05,equal,D_top_cagr,1321,0,0,1321,0.2826719187385467,-0.4592768408516006,1.054299335791993,0.07465056985483987,-0.17537312533622484,0.6642407652790586,,12,0.18395155185465556
TW,A,anchored,2,6,72,24,2007-01,2014-12,2015-01,2016-12,96,24,26424,silhouette_is,12,0.05,equal,E_top_calmar,1321,0,0,1321,0.268310958160177,-0.4002849849358051,1.0775711856222838,0.06423649967093059,-0.1733619936170886,0.5987393515308489,,12,0.15518546555639667
TW,A,anchored,2,6,72,24,2007-01,2014-12,2015-01,2016-12,96,24,26424,silhouette_is,12,0.05,proportional,A_hrp,1321,0,229,1321,0.19549386414005032,-0.47381248996241376,0.8669940572693722,0.04480950382283799,-0.17838000375354546,0.43629140357931806,,12,0.30582891748675245
TW,A,anchored,2,6,72,24,2007-01,2014-12,2015-01,2016-12,96,24,26424,silhouette_is,12,0.05,proportional,D_top_cagr,1321,0,0,1321,0.2826719187385467,-0.4592768408516006,1.054299335791993,0.07465056985483987,-0.17537312533622484,0.6642407652790586,,12,0.18395155185465556
TW,A,anchored,2,6,72,24,2007-01,2014-12,2015-01,2016-12,96,24,26424,silhouette_is,12,0.05,proportional,E_top_calmar,1321,0,0,1321,0.268310958160177,-0.4002849849358051,1.0775711856222838,0.06423649967093059,-0.1733619936170886,0.5987393515308489,,12,0.15518546555639667
TW,A,anchored,2,6,72,24,2007-01,2014-12,2015-01,2016-12,96,24,26424,silhouette_is,12,0.1,equal,A_hrp,2642,0,1693,2642,0.21979497324307373,-0.46280960871738963,0.9274389455481999,0.0629716325403431,-0.16953812183381933,0.5837461596702778,,12,0.08364875094625283
TW,A,anchored,2,6,72,24,2007-01,2014-12,2015-01,2016-12,96,24,26424,silhouette_is,12,0.1,equal,D_top_cagr,2642,0,0,2642,0.24655407567149257,-0.47789097502374167,0.9828142649015814,0.07408405824565367,-0.17526493173321556,0.6592523110416688,,12,0.17146101438304315
TW,A,anchored,2,6,72,24,2007-01,2014-12,2015-01,2016-12,96,24,26424,silhouette_is,12,0.1,equal,E_top_calmar,2642,0,0,2642,0.23769780264695894,-0.4346923372911303,0.9935526518094399,0.06517486885536994,-0.1743354384195157,0.6013342961883024,,12,0.1737320211960636
TW,A,anchored,2,6,72,24,2007-01,2014-12,2015-01,2016-12,96,24,26424,silhouette_is,12,0.1,proportional,A_hrp,2642,0,1399,2642,0.20230542525849127,-0.46451249474167267,0.8900602368172235,0.055121291606960554,-0.1735409737109732,0.5236789283256871,,12,0.30582891748675245
TW,A,anchored,2,6,72,24,2007-01,2014-12,2015-01,2016-12,96,24,26424,silhouette_is,12,0.1,proportional,D_top_cagr,2642,0,0,2642,0.24655407567149257,-0.47789097502374167,0.9828142649015814,0.07408405824565367,-0.17526493173321556,0.6592523110416688,,12,0.17146101438304315
TW,A,anchored,2,6,72,24,2007-01,2014-12,2015-01,2016-12,96,24,26424,silhouette_is,12,0.1,proportional,E_top_calmar,2642,0,0,2642,0.23769780264695894,-0.4346923372911303,0.9935526518094399,0.06517486885536994,-0.1743354384195157,0.6013342961883024,,12,0.1737320211960636
TW,A,anchored,3,6,72,24,2007-01,2016-12,2017-01,2018-12,120,24,26424,fixed,6,all,unallocated,B_all,26424,0,0,26424,0.11478639807521485,-0.5484999555627641,0.5939924036100451,0.09639850235107761,-0.15514517106851222,0.8192604464085614,,6,0.49178776869512564
TW,A,anchored,3,6,72,24,2007-01,2016-12,2017-01,2018-12,120,24,26424,fixed,6,legacy,equal,A_hrp,30,0,1,30,0.29386424408696077,-0.27626966092563954,1.2151599854873991,0.12156055605631666,-0.14169184264420698,1.0237345142812386,3.103751504949628,6,0.16666666666666666
TW,A,anchored,3,6,72,24,2007-01,2016-12,2017-01,2018-12,120,24,26424,fixed,6,legacy,equal,D_top_cagr,30,0,0,30,0.44553281029786573,-0.39602130945411085,0.6053605246238546,0.16679254337637173,-0.13151198278885468,1.3412257046514011,2.6684060414305657,5,0.6333333333333333
TW,A,anchored,3,6,72,24,2007-01,2016-12,2017-01,2018-12,120,24,26424,fixed,6,legacy,equal,E_top_calmar,30,0,0,30,0.40144664003811137,-0.28570882024483846,0.7300676711270828,0.15596469731321383,-0.1368800599122051,1.2324963126125523,2.5238289422912885,4,0.36666666666666664
TW,A,anchored,3,6,72,24,2007-01,2016-12,2017-01,2018-12,120,24,26424,fixed,6,legacy,proportional,A_hrp,30,0,0,30,0.288419380380315,-0.24918261415577858,1.2777494143181851,0.13141176362079232,-0.1403614449258319,1.0946549789542086,3.000129069521118,6,0.4666666666666667
TW,A,anchored,3,6,72,24,2007-01,2016-12,2017-01,2018-12,120,24,26424,fixed,6,legacy,proportional,D_top_cagr,30,0,0,30,0.44553281029786573,-0.39602130945411085,0.6053605246238546,0.16679254337637173,-0.13151198278885468,1.3412257046514011,2.6684060414305657,5,0.6333333333333333
TW,A,anchored,3,6,72,24,2007-01,2016-12,2017-01,2018-12,120,24,26424,fixed,6,legacy,proportional,E_top_calmar,30,0,0,30,0.40144664003811137,-0.28570882024483846,0.7300676711270828,0.15596469731321383,-0.1368800599122051,1.2324963126125523,2.5238289422912885,4,0.36666666666666664
TW,A,anchored,3,6,72,24,2007-01,2016-12,2017-01,2018-12,120,24,26424,fixed,6,0.01,equal,A_hrp,264,0,86,264,0.2732510557260761,-0.3946184861422535,1.029550814486308,0.11275777539521536,-0.14362475205890413,0.984423358586204,4.023370392801491,6,0.16666666666666666
TW,A,anchored,3,6,72,24,2007-01,2016-12,2017-01,2018-12,120,24,26424,fixed,6,0.01,equal,D_top_cagr,264,0,0,264,0.327616481393995,-0.42531460677642263,1.0036499763135438,0.13609192233044776,-0.14321282313837402,1.134212344328087,3.5555989128786014,6,0.2840909090909091
TW,A,anchored,3,6,72,24,2007-01,2016-12,2017-01,2018-12,120,24,26424,fixed,6,0.01,equal,E_top_calmar,264,0,0,264,0.2944319860958289,-0.3125468693268584,1.0622440321943345,0.13735567709211982,-0.13668890901155784,1.1583165948179583,3.0658773439143427,6,0.2689393939393939
TW,A,anchored,3,6,72,24,2007-01,2016-12,2017-01,2018-12,120,24,26424,fixed,6,0.01,proportional,A_hrp,264,0,4,264,0.22037929405717116,-0.3897907148681241,1.0274120529530406,0.11152644261458455,-0.14423811816583987,0.9672054631339178,3.9022150635492316,6,0.49242424242424243
TW,A,anchored,3,6,72,24,2007-01,2016-12,2017-01,2018-12,120,24,26424,fixed,6,0.01,proportional,D_top_cagr,264,0,0,264,0.327616481393995,-0.42531460677642263,1.0036499763135438,0.13609192233044776,-0.14321282313837402,1.134212344328087,3.5555989128786014,6,0.2840909090909091
TW,A,anchored,3,6,72,24,2007-01,2016-12,2017-01,2018-12,120,24,26424,fixed,6,0.01,proportional,E_top_calmar,264,0,0,264,0.2944319860958289,-0.3125468693268584,1.0622440321943345,0.13735567709211982,-0.13668890901155784,1.1583165948179583,3.0658773439143427,6,0.2689393939393939
TW,A,anchored,3,6,72,24,2007-01,2016-12,2017-01,2018-12,120,24,26424,fixed,6,0.03,equal,A_hrp,793,0,366,793,0.22968678269839327,-0.44494117696630875,0.9622169255288806,0.10827053522688823,-0.1458513400643937,0.9371036990710437,,6,0.1677175283732661
TW,A,anchored,3,6,72,24,2007-01,2016-12,2017-01,2018-12,120,24,26424,fixed,6,0.03,equal,D_top_cagr,793,0,0,793,0.26729216905305275,-0.46507694286827694,1.025085950677945,0.1301639402364665,-0.14518127450084684,1.087205528736103,,6,0.2459016393442623
TW,A,anchored,3,6,72,24,2007-01,2016-12,2017-01,2018-12,120,24,26424,fixed,6,0.03,equal,E_top_calmar,793,0,0,793,0.2492954818665245,-0.3781250741735188,1.057276500858851,0.12395883567143695,-0.14274888450268408,1.0502990263267653,,6,0.266078184110971
TW,A,anchored,3,6,72,24,2007-01,2016-12,2017-01,2018-12,120,24,26424,fixed,6,0.03,proportional,A_hrp,793,0,88,793,0.1821461527669861,-0.4435377564006253,0.8796670587845439,0.10622159664382358,-0.1471364624676208,0.9164889113582516,,6,0.4918032786885246
TW,A,anchored,3,6,72,24,2007-01,2016-12,2017-01,2018-12,120,24,26424,fixed,6,0.03,proportional,D_top_cagr,793,0,0,793,0.26729216905305275,-0.46507694286827694,1.025085950677945,0.1301639402364665,-0.14518127450084684,1.087205528736103,,6,0.2459016393442623
TW,A,anchored,3,6,72,24,2007-01,2016-12,2017-01,2018-12,120,24,26424,fixed,6,0.03,proportional,E_top_calmar,793,0,0,793,0.2492954818665245,-0.3781250741735188,1.057276500858851,0.12395883567143695,-0.14274888450268408,1.0502990263267653,,6,0.266078184110971
TW,A,anchored,3,6,72,24,2007-01,2016-12,2017-01,2018-12,120,24,26424,fixed,6,0.05,equal,A_hrp,1321,0,722,1321,0.2098144986836099,-0.45914530558035493,0.9182713487592361,0.10686782937557937,-0.1468584678640391,0.92533673566478,,6,0.16729750189250567
TW,A,anchored,3,6,72,24,2007-01,2016-12,2017-01,2018-12,120,24,26424,fixed,6,0.05,equal,D_top_cagr,1321,0,0,1321,0.2434010692071864,-0.47563712165225447,0.9931746026062074,0.1263072406842931,-0.1472672141876471,1.0510065233597803,,6,0.24299772899318697
TW,A,anchored,3,6,72,24,2007-01,2016-12,2017-01,2018-12,120,24,26424,fixed,6,0.05,equal,E_top_calmar,1321,0,0,1321,0.230361396993771,-0.40948146428148635,1.0121064974014755,0.12342722253658689,-0.14434481487292294,1.0426530561050031,,6,0.2732778198334595
TW,A,anchored,3,6,72,24,2007-01,2016-12,2017-01,2018-12,120,24,26424,fixed,6,0.05,proportional,A_hrp,1321,0,293,1321,0.16701640890387393,-0.4738705469883906,0.8148300377880923,0.10357536306701776,-0.14935819470929812,0.8869956938418116,,6,0.49205147615442846
TW,A,anchored,3,6,72,24,2007-01,2016-12,2017-01,2018-12,120,24,26424,fixed,6,0.05,proportional,D_top_cagr,1321,0,0,1321,0.2434010692071864,-0.47563712165225447,0.9931746026062074,0.1263072406842931,-0.1472672141876471,1.0510065233597803,,6,0.24299772899318697
TW,A,anchored,3,6,72,24,2007-01,2016-12,2017-01,2018-12,120,24,26424,fixed,6,0.05,proportional,E_top_calmar,1321,0,0,1321,0.230361396993771,-0.40948146428148635,1.0121064974014755,0.12342722253658689,-0.14434481487292294,1.0426530561050031,,6,0.2732778198334595
TW,A,anchored,3,6,72,24,2007-01,2016-12,2017-01,2018-12,120,24,26424,fixed,6,0.1,equal,A_hrp,2642,0,1823,2642,0.18929738310948796,-0.483233836638694,0.8574746706925793,0.10340239447961852,-0.15003936320688893,0.8879850735135831,,6,0.16691900075700228
TW,A,anchored,3,6,72,24,2007-01,2016-12,2017-01,2018-12,120,24,26424,fixed,6,0.1,equal,D_top_cagr,2642,0,0,2642,0.2138283861397543,-0.488144372529694,0.9313339158669227,0.12400133272994274,-0.1481714095666652,1.0318286141143578,,6,0.2804693414080242
TW,A,anchored,3,6,72,24,2007-01,2016-12,2017-01,2018-12,120,24,26424,fixed,6,0.1,equal,E_top_calmar,2642,0,0,2642,0.20591659486909109,-0.44327903306434735,0.9387033111573723,0.12114548021290927,-0.1460442116974725,1.0212966635883525,,6,0.3376230128690386
TW,A,anchored,3,6,72,24,2007-01,2016-12,2017-01,2018-12,120,24,26424,fixed,6,0.1,proportional,A_hrp,2642,0,1588,2642,0.17993605724961892,-0.4651156576047214,0.8584570043767116,0.11547106485451786,-0.1472957577679651,0.9761094234146921,,6,0.49167297501892504
TW,A,anchored,3,6,72,24,2007-01,2016-12,2017-01,2018-12,120,24,26424,fixed,6,0.1,proportional,D_top_cagr,2642,0,0,2642,0.2138283861397543,-0.488144372529694,0.9313339158669227,0.12400133272994274,-0.1481714095666652,1.0318286141143578,,6,0.2804693414080242
TW,A,anchored,3,6,72,24,2007-01,2016-12,2017-01,2018-12,120,24,26424,fixed,6,0.1,proportional,E_top_calmar,2642,0,0,2642,0.20591659486909109,-0.44327903306434735,0.9387033111573723,0.12114548021290927,-0.1460442116974725,1.0212966635883525,,6,0.3376230128690386
TW,A,anchored,3,6,72,24,2007-01,2016-12,2017-01,2018-12,120,24,26424,silhouette_is,4,all,unallocated,B_all,26424,0,0,26424,0.11478639807521485,-0.5484999555627641,0.5939924036100451,0.09639850235107761,-0.15514517106851222,0.8192604464085614,,4,0.49178776869512564
TW,A,anchored,3,6,72,24,2007-01,2016-12,2017-01,2018-12,120,24,26424,silhouette_is,4,legacy,equal,A_hrp,20,0,1,20,0.30318636154491263,-0.25129124176440465,1.235521454374994,0.1269819003910322,-0.14049367825175574,1.0633024265366258,2.75611327058063,4,0.25
TW,A,anchored,3,6,72,24,2007-01,2016-12,2017-01,2018-12,120,24,26424,silhouette_is,4,legacy,equal,D_top_cagr,20,0,0,20,0.4575299255198182,-0.38584527098251975,0.5226666987417314,0.169565587437287,-0.1342239929262522,1.3174977500504383,2.176907054051855,3,0.75
TW,A,anchored,3,6,72,24,2007-01,2016-12,2017-01,2018-12,120,24,26424,silhouette_is,4,legacy,equal,E_top_calmar,20,0,0,20,0.3930691380088802,-0.2656667082919587,0.8522625519413899,0.15586456280517602,-0.14179508471242375,1.225435855637179,2.1850978213975862,3,0.45
TW,A,anchored,3,6,72,24,2007-01,2016-12,2017-01,2018-12,120,24,26424,silhouette_is,4,legacy,proportional,A_hrp,20,0,0,20,0.3143104188981256,-0.25568438854012177,1.330645758236012,0.13438615226066686,-0.14445732118291765,1.0935772338287715,2.9403272434842833,4,0.45
TW,A,anchored,3,6,72,24,2007-01,2016-12,2017-01,2018-12,120,24,26424,silhouette_is,4,legacy,proportional,D_top_cagr,20,0,0,20,0.4575299255198182,-0.38584527098251975,0.5226666987417314,0.169565587437287,-0.1342239929262522,1.3174977500504383,2.176907054051855,3,0.75
TW,A,anchored,3,6,72,24,2007-01,2016-12,2017-01,2018-12,120,24,26424,silhouette_is,4,legacy,proportional,E_top_calmar,20,0,0,20,0.3930691380088802,-0.2656667082919587,0.8522625519413899,0.15586456280517602,-0.14179508471242375,1.225435855637179,2.1850978213975862,3,0.45
TW,A,anchored,3,6,72,24,2007-01,2016-12,2017-01,2018-12,120,24,26424,silhouette_is,4,0.01,equal,A_hrp,264,0,102,264,0.26947687606949633,-0.38567915104316564,1.002449999619048,0.1276072052945596,-0.13857450823908102,1.0889056840170726,3.517504432605781,4,0.25
TW,A,anchored,3,6,72,24,2007-01,2016-12,2017-01,2018-12,120,24,26424,silhouette_is,4,0.01,equal,D_top_cagr,264,0,0,264,0.327616481393995,-0.42531460677642263,1.0036499763135438,0.13609192233044776,-0.14321282313837402,1.134212344328087,3.5555989128786014,4,0.5492424242424242
TW,A,anchored,3,6,72,24,2007-01,2016-12,2017-01,2018-12,120,24,26424,silhouette_is,4,0.01,equal,E_top_calmar,264,0,0,264,0.2944319860958289,-0.3125468693268584,1.0622440321943345,0.13735567709211982,-0.13668890901155784,1.1583165948179583,3.0658773439143427,4,0.5378787878787878
TW,A,anchored,3,6,72,24,2007-01,2016-12,2017-01,2018-12,120,24,26424,silhouette_is,4,0.01,proportional,A_hrp,264,0,4,264,0.21481904730763812,-0.3895586278512574,1.0275704616364405,0.11026684399288045,-0.14403384427760058,0.9569192306751186,3.969378925665357,4,0.49242424242424243
TW,A,anchored,3,6,72,24,2007-01,2016-12,2017-01,2018-12,120,24,26424,silhouette_is,4,0.01,proportional,D_top_cagr,264,0,0,264,0.327616481393995,-0.42531460677642263,1.0036499763135438,0.13609192233044776,-0.14321282313837402,1.134212344328087,3.5555989128786014,4,0.5492424242424242
TW,A,anchored,3,6,72,24,2007-01,2016-12,2017-01,2018-12,120,24,26424,silhouette_is,4,0.01,proportional,E_top_calmar,264,0,0,264,0.2944319860958289,-0.3125468693268584,1.0622440321943345,0.13735567709211982,-0.13668890901155784,1.1583165948179583,3.0658773439143427,4,0.5378787878787878
TW,A,anchored,3,6,72,24,2007-01,2016-12,2017-01,2018-12,120,24,26424,silhouette_is,4,0.03,equal,A_hrp,793,0,366,793,0.21688288780343568,-0.45348366506823135,0.946896136077295,0.11218214209573008,-0.14227996968519907,0.9704042908251459,,4,0.2509457755359395
TW,A,anchored,3,6,72,24,2007-01,2016-12,2017-01,2018-12,120,24,26424,silhouette_is,4,0.03,equal,D_top_cagr,793,0,0,793,0.26729216905305275,-0.46507694286827694,1.025085950677945,0.1301639402364665,-0.14518127450084684,1.087205528736103,,4,0.5712484237074401
TW,A,anchored,3,6,72,24,2007-01,2016-12,2017-01,2018-12,120,24,26424,silhouette_is,4,0.03,equal,E_top_calmar,793,0,0,793,0.2492954818665245,-0.3781250741735188,1.057276500858851,0.12395883567143695,-0.14274888450268408,1.0502990263267653,,4,0.5460277427490542
TW,A,anchored,3,6,72,24,2007-01,2016-12,2017-01,2018-12,120,24,26424,silhouette_is,4,0.03,proportional,A_hrp,793,0,126,793,0.18372066259254405,-0.43943889707398487,0.889675826954042,0.10318680568998273,-0.14703476935168702,0.8955004614026519,,4,0.4918032786885246
TW,A,anchored,3,6,72,24,2007-01,2016-12,2017-01,2018-12,120,24,26424,silhouette_is,4,0.03,proportional,D_top_cagr,793,0,0,793,0.26729216905305275,-0.46507694286827694,1.025085950677945,0.1301639402364665,-0.14518127450084684,1.087205528736103,,4,0.5712484237074401
TW,A,anchored,3,6,72,24,2007-01,2016-12,2017-01,2018-12,120,24,26424,silhouette_is,4,0.03,proportional,E_top_calmar,793,0,0,793,0.2492954818665245,-0.3781250741735188,1.057276500858851,0.12395883567143695,-0.14274888450268408,1.0502990263267653,,4,0.5460277427490542
TW,A,anchored,3,6,72,24,2007-01,2016-12,2017-01,2018-12,120,24,26424,silhouette_is,4,0.05,equal,A_hrp,1321,0,706,1321,0.197248365622678,-0.46781535888252657,0.8989328307296497,0.10927405319385386,-0.14629197953835305,0.9382050058762562,,4,0.2505677517032551
TW,A,anchored,3,6,72,24,2007-01,2016-12,2017-01,2018-12,120,24,26424,silhouette_is,4,0.05,equal,D_top_cagr,1321,0,0,1321,0.2434010692071864,-0.47563712165225447,0.9931746026062074,0.1263072406842931,-0.1472672141876471,1.0510065233597803,,4,0.5692657077971234
TW,A,anchored,3,6,72,24,2007-01,2016-12,2017-01,2018-12,120,24,26424,silhouette_is,4,0.05,equal,E_top_calmar,1321,0,0,1321,0.230361396993771,-0.40948146428148635,1.0121064974014755,0.12342722253658689,-0.14434481487292294,1.0426530561050031,,4,0.5268735806207419
TW,A,anchored,3,6,72,24,2007-01,2016-12,2017-01,2018-12,120,24,26424,silhouette_is,4,0.05,proportional,A_hrp,1321,0,387,1321,0.1748381982898164,-0.46601002415161985,0.8397404729726957,0.10205037023322272,-0.14911163028941155,0.8782925866679541,,4,0.49205147615442846
TW,A,anchored,3,6,72,24,2007-01,2016-12,2017-01,2018-12,120,24,26424,silhouette_is,4,0.05,proportional,D_top_cagr,1321,0,0,1321,0.2434010692071864,-0.47563712165225447,0.9931746026062074,0.1263072406842931,-0.1472672141876471,1.0510065233597803,,4,0.5692657077971234
TW,A,anchored,3,6,72,24,2007-01,2016-12,2017-01,2018-12,120,24,26424,silhouette_is,4,0.05,proportional,E_top_calmar,1321,0,0,1321,0.230361396993771,-0.40948146428148635,1.0121064974014755,0.12342722253658689,-0.14434481487292294,1.0426530561050031,,4,0.5268735806207419
TW,A,anchored,3,6,72,24,2007-01,2016-12,2017-01,2018-12,120,24,26424,silhouette_is,4,0.1,equal,A_hrp,2642,1,1687,2642,0.17131283177947698,-0.49887806180473593,0.8089453003684052,0.104677314302424,-0.15165202231041408,0.8877941427954935,,4,0.25397426192278577
TW,A,anchored,3,6,72,24,2007-01,2016-12,2017-01,2018-12,120,24,26424,silhouette_is,4,0.1,equal,D_top_cagr,2642,1,0,2642,0.2138283861397543,-0.488144372529694,0.9313339158669227,0.12400133272994274,-0.1481714095666652,1.0318286141143578,,4,0.5299015897047691
TW,A,anchored,3,6,72,24,2007-01,2016-12,2017-01,2018-12,120,24,26424,silhouette_is,4,0.1,equal,E_top_calmar,2642,1,0,2642,0.20591659486909109,-0.44327903306434735,0.9387033111573723,0.12114548021290927,-0.1460442116974725,1.0212966635883525,,4,0.4954579863739591
TW,A,anchored,3,6,72,24,2007-01,2016-12,2017-01,2018-12,120,24,26424,silhouette_is,4,0.1,proportional,A_hrp,2642,0,1682,2642,0.18358770106576894,-0.46304301831627404,0.8674423598115166,0.11322867965048156,-0.14750216116251713,0.960877443703641,,4,0.49167297501892504
TW,A,anchored,3,6,72,24,2007-01,2016-12,2017-01,2018-12,120,24,26424,silhouette_is,4,0.1,proportional,D_top_cagr,2642,0,0,2642,0.2138283861397543,-0.488144372529694,0.9313339158669227,0.12400133272994274,-0.1481714095666652,1.0318286141143578,,4,0.5299015897047691
TW,A,anchored,3,6,72,24,2007-01,2016-12,2017-01,2018-12,120,24,26424,silhouette_is,4,0.1,proportional,E_top_calmar,2642,0,0,2642,0.20591659486909109,-0.44327903306434735,0.9387033111573723,0.12114548021290927,-0.1460442116974725,1.0212966635883525,,4,0.4954579863739591
TW,A,anchored,4,6,72,24,2007-01,2018-12,2019-01,2020-12,144,24,26424,fixed,6,all,unallocated,B_all,26424,0,0,26424,0.11170047146584317,-0.5484999555627641,0.6053400740738659,0.28657204827716054,-0.1939917099299059,1.4577182187458733,,6,0.510823493793521
TW,A,anchored,4,6,72,24,2007-01,2018-12,2019-01,2020-12,144,24,26424,fixed,6,legacy,equal,A_hrp,30,0,1,30,0.25693804085525107,-0.24633433005418504,1.1960468172818828,0.33053226334898533,-0.1826931659794766,1.6540744381265102,2.6226660048707524,6,0.16666666666666666
TW,A,anchored,4,6,72,24,2007-01,2018-12,2019-01,2020-12,144,24,26424,fixed,6,legacy,equal,D_top_cagr,30,0,0,30,0.3903828804324665,-0.389787822306389,0.5762521498231643,0.37076035953828534,-0.216611676460429,1.5801204878472204,2.4760378485023193,5,0.6666666666666666
TW,A,anchored,4,6,72,24,2007-01,2018-12,2019-01,2020-12,144,24,26424,fixed,6,legacy,equal,E_top_calmar,30,0,0,30,0.35361805121136247,-0.28411303906858876,0.7684889181667488,0.3488293028293832,-0.19724389890685423,1.6168716937645213,2.3679193986512646,4,0.3333333333333333
TW,A,anchored,4,6,72,24,2007-01,2018-12,2019-01,2020-12,144,24,26424,fixed,6,legacy,proportional,A_hrp,30,0,0,30,0.2520741218791702,-0.2417797360538908,1.2296954804912175,0.3186216076787145,-0.19349764037381112,1.6031912914657702,2.5354101111040586,6,0.5
TW,A,anchored,4,6,72,24,2007-01,2018-12,2019-01,2020-12,144,24,26424,fixed,6,legacy,proportional,D_top_cagr,30,0,0,30,0.3903828804324665,-0.389787822306389,0.5762521498231643,0.37076035953828534,-0.216611676460429,1.5801204878472204,2.4760378485023193,5,0.6666666666666666
TW,A,anchored,4,6,72,24,2007-01,2018-12,2019-01,2020-12,144,24,26424,fixed,6,legacy,proportional,E_top_calmar,30,0,0,30,0.35361805121136247,-0.28411303906858876,0.7684889181667488,0.3488293028293832,-0.19724389890685423,1.6168716937645213,2.3679193986512646,4,0.3333333333333333
TW,A,anchored,4,6,72,24,2007-01,2018-12,2019-01,2020-12,144,24,26424,fixed,6,0.01,equal,A_hrp,264,0,61,264,0.22627282574309637,-0.39720127005819705,0.9992515013633086,0.31918960394293827,-0.1842006781512635,1.6412093982590688,3.182458192174314,6,0.16666666666666666
TW,A,anchored,4,6,72,24,2007-01,2018-12,2019-01,2020-12,144,24,26424,fixed,6,0.01,equal,D_top_cagr,264,0,0,264,0.29406010802200044,-0.4235845208435357,0.9885162399462915,0.3384787989065192,-0.1929478707003962,1.6806721733562597,2.832563638867105,6,0.29924242424242425
TW,A,anchored,4,6,72,24,2007-01,2018-12,2019-01,2020-12,144,24,26424,fixed,6,0.01,equal,E_top_calmar,264,0,0,264,0.2653061924122724,-0.3087243070327903,1.0507826238441076,0.3324218174914073,-0.1961882698472075,1.6328443499523444,2.6273226235329195,6,0.2803030303030303
TW,A,anchored,4,6,72,24,2007-01,2018-12,2019-01,2020-12,144,24,26424,fixed,6,0.01,proportional,A_hrp,264,0,4,264,0.20163088194763668,-0.3903653213756779,1.0153368744254285,0.32158818167451253,-0.18760213191396446,1.6359349995485069,3.067643533622311,6,0.5113636363636364
TW,A,anchored,4,6,72,24,2007-01,2018-12,2019-01,2020-12,144,24,26424,fixed,6,0.01,proportional,D_top_cagr,264,0,0,264,0.29406010802200044,-0.4235845208435357,0.9885162399462915,0.3384787989065192,-0.1929478707003962,1.6806721733562597,2.832563638867105,6,0.29924242424242425
TW,A,anchored,4,6,72,24,2007-01,2018-12,2019-01,2020-12,144,24,26424,fixed,6,0.01,proportional,E_top_calmar,264,0,0,264,0.2653061924122724,-0.3087243070327903,1.0507826238441076,0.3324218174914073,-0.1961882698472075,1.6328443499523444,2.6273226235329195,6,0.2803030303030303
TW,A,anchored,4,6,72,24,2007-01,2018-12,2019-01,2020-12,144,24,26424,fixed,6,0.03,equal,A_hrp,793,0,344,793,0.20102841750155798,-0.42787959468017744,0.9605443526562668,0.31415274448252295,-0.18547319069801127,1.6158389097944448,,6,0.1677175283732661
TW,A,anchored,4,6,72,24,2007-01,2018-12,2019-01,2020-12,144,24,26424,fixed,6,0.03,equal,D_top_cagr,793,0,0,793,0.24363181095126585,-0.46702941573602885,1.020527672229493,0.339803160726051,-0.19669012115995876,1.6701070389694472,,6,0.22950819672131148
TW,A,anchored,4,6,72,24,2007-01,2018-12,2019-01,2020-12,144,24,26424,fixed,6,0.03,equal,E_top_calmar,793,0,0,793,0.2259885589714976,-0.3770850583956755,1.0471095281104497,0.3340299616727045,-0.19382441804411432,1.6535329112288608,,6,0.30138713745271123
TW,A,anchored,4,6,72,24,2007-01,2018-12,2019-01,2020-12,144,24,26424,fixed,6,0.03,proportional,A_hrp,793,0,82,793,0.16816002375200156,-0.4695955444014701,0.8555432070317522,0.30179386132998354,-0.19385456670872203,1.5262359468893703,,6,0.510718789407314
TW,A,anchored,4,6,72,24,2007-01,2018-12,2019-01,2020-12,144,24,26424,fixed,6,0.03,proportional,D_top_cagr,793,0,0,793,0.24363181095126585,-0.46702941573602885,1.020527672229493,0.339803160726051,-0.19669012115995876,1.6701070389694472,,6,0.22950819672131148
TW,A,anchored,4,6,72,24,2007-01,2018-12,2019-01,2020-12,144,24,26424,fixed,6,0.03,proportional,E_top_calmar,793,0,0,793,0.2259885589714976,-0.3770850583956755,1.0471095281104497,0.3340299616727045,-0.19382441804411432,1.6535329112288608,,6,0.30138713745271123
TW,A,anchored,4,6,72,24,2007-01,2018-12,2019-01,2020-12,144,24,26424,fixed,6,0.05,equal,A_hrp,1321,0,784,1321,0.1970734578453892,-0.4391429660298005,0.9450334092826932,0.3147365332553105,-0.18808757947632415,1.60387767716573,,6,0.16729750189250567
TW,A,anchored,4,6,72,24,2007-01,2018-12,2019-01,2020-12,144,24,26424,fixed,6,0.05,equal,D_top_cagr,1321,0,0,1321,0.2233701413157494,-0.4784231469459538,0.9905592268426565,0.3399492256621268,-0.19675401886987154,1.6672204804498443,,6,0.31188493565480696
TW,A,anchored,4,6,72,24,2007-01,2018-12,2019-01,2020-12,144,24,26424,fixed,6,0.05,equal,E_top_calmar,1321,0,0,1321,0.21132845516544974,-0.410101843553782,1.0062164671615714,0.333444375136434,-0.19622285381777482,1.6407014373337854,,6,0.35730507191521577
TW,A,anchored,4,6,72,24,2007-01,2018-12,2019-01,2020-12,144,24,26424,fixed,6,0.05,proportional,A_hrp,1321,0,330,1321,0.16024462043843757,-0.4844505418483386,0.8098649786438582,0.30498208318106124,-0.1985911201272188,1.514579642504566,,6,0.5109765329295988
TW,A,anchored,4,6,72,24,2007-01,2018-12,2019-01,2020-12,144,24,26424,fixed,6,0.05,proportional,D_top_cagr,1321,0,0,1321,0.2233701413157494,-0.4784231469459538,0.9905592268426565,0.3399492256621268,-0.19675401886987154,1.6672204804498443,,6,0.31188493565480696
TW,A,anchored,4,6,72,24,2007-01,2018-12,2019-01,2020-12,144,24,26424,fixed,6,0.05,proportional,E_top_calmar,1321,0,0,1321,0.21132845516544974,-0.410101843553782,1.0062164671615714,0.333444375136434,-0.19622285381777482,1.6407014373337854,,6,0.35730507191521577
TW,A,anchored,4,6,72,24,2007-01,2018-12,2019-01,2020-12,144,24,26424,fixed,6,0.1,equal,A_hrp,2642,0,1885,2642,0.179174923533572,-0.47155683686964267,0.8755871707580093,0.31197791995654156,-0.18600101325902807,1.5961837018558342,,6,0.16691900075700228
TW,A,anchored,4,6,72,24,2007-01,2018-12,2019-01,2020-12,144,24,26424,fixed,6,0.1,equal,D_top_cagr,2642,0,0,2642,0.1991400394224523,-0.49204599526141624,0.927382202799946,0.3354950582575724,-0.1956861373081369,1.6484294048975252,,6,0.3853141559424678
TW,A,anchored,4,6,72,24,2007-01,2018-12,2019-01,2020-12,144,24,26424,fixed,6,0.1,equal,E_top_calmar,2642,0,0,2642,0.19172126862752092,-0.445239560225691,0.9346777323961029,0.3288709364502225,-0.19471525998565298,1.6298909963214077,,6,0.40196820590461774
TW,A,anchored,4,6,72,24,2007-01,2018-12,2019-01,2020-12,144,24,26424,fixed,6,0.1,proportional,A_hrp,2642,0,1646,2642,0.17199586097947894,-0.46831519139978284,0.8586375481279601,0.31913285808316316,-0.19739462065731983,1.5777277572431339,,6,0.5109765329295988
TW,A,anchored,4,6,72,24,2007-01,2018-12,2019-01,2020-12,144,24,26424,fixed,6,0.1,proportional,D_top_cagr,2642,0,0,2642,0.1991400394224523,-0.49204599526141624,0.927382202799946,0.3354950582575724,-0.1956861373081369,1.6484294048975252,,6,0.3853141559424678
TW,A,anchored,4,6,72,24,2007-01,2018-12,2019-01,2020-12,144,24,26424,fixed,6,0.1,proportional,E_top_calmar,2642,0,0,2642,0.19172126862752092,-0.445239560225691,0.9346777323961029,0.3288709364502225,-0.19471525998565298,1.6298909963214077,,6,0.40196820590461774
TW,A,anchored,4,6,72,24,2007-01,2018-12,2019-01,2020-12,144,24,26424,silhouette_is,10,all,unallocated,B_all,26424,0,0,26424,0.11170047146584317,-0.5484999555627641,0.6053400740738659,0.28657204827716054,-0.1939917099299059,1.4577182187458733,,10,0.35955949137148047
TW,A,anchored,4,6,72,24,2007-01,2018-12,2019-01,2020-12,144,24,26424,silhouette_is,10,legacy,equal,A_hrp,50,0,1,50,0.2488382729967542,-0.282089384937001,1.170312339538822,0.31675372556131864,-0.18037860884713675,1.6402965352711083,2.83861738100956,10,0.1
TW,A,anchored,4,6,72,24,2007-01,2018-12,2019-01,2020-12,144,24,26424,silhouette_is,10,legacy,equal,D_top_cagr,50,0,0,50,0.3711475069071155,-0.4124065667865656,0.6654624665604443,0.34758789325133876,-0.21555282265517905,1.5657983429384912,2.6294623075652974,7,0.6
TW,A,anchored,4,6,72,24,2007-01,2018-12,2019-01,2020-12,144,24,26424,silhouette_is,10,legacy,equal,E_top_calmar,50,0,0,50,0.3222178553932433,-0.26754476179700093,0.8692683457781115,0.34638389412398785,-0.1945278215097781,1.6415551986735626,2.4809683965911393,7,0.34
TW,A,anchored,4,6,72,24,2007-01,2018-12,2019-01,2020-12,144,24,26424,silhouette_is,10,legacy,proportional,A_hrp,50,0,0,50,0.24041102244241497,-0.2906792186753012,1.173118246683301,0.2984660726995143,-0.18429225198196242,1.562160102354634,2.5946763045064802,10,0.36
TW,A,anchored,4,6,72,24,2007-01,2018-12,2019-01,2020-12,144,24,26424,silhouette_is,10,legacy,proportional,D_top_cagr,50,0,0,50,0.3711475069071155,-0.4124065667865656,0.6654624665604443,0.34758789325133876,-0.21555282265517905,1.5657983429384912,2.6294623075652974,7,0.6
TW,A,anchored,4,6,72,24,2007-01,2018-12,2019-01,2020-12,144,24,26424,silhouette_is,10,legacy,proportional,E_top_calmar,50,0,0,50,0.3222178553932433,-0.26754476179700093,0.8692683457781115,0.34638389412398785,-0.1945278215097781,1.6415551986735626,2.4809683965911393,7,0.34
TW,A,anchored,4,6,72,24,2007-01,2018-12,2019-01,2020-12,144,24,26424,silhouette_is,10,0.01,equal,A_hrp,264,0,37,264,0.22404010812373953,-0.39585644930802355,1.0204858688256035,0.3129550946592241,-0.18281372372228,1.6206015572230528,3.081920893615546,10,0.10227272727272728
TW,A,anchored,4,6,72,24,2007-01,2018-12,2019-01,2020-12,144,24,26424,silhouette_is,10,0.01,equal,D_top_cagr,264,0,0,264,0.29406010802200044,-0.4235845208435357,0.9885162399462915,0.3384787989065192,-0.1929478707003962,1.6806721733562597,2.832563638867105,10,0.29924242424242425
TW,A,anchored,4,6,72,24,2007-01,2018-12,2019-01,2020-12,144,24,26424,silhouette_is,10,0.01,equal,E_top_calmar,264,0,0,264,0.2653061924122724,-0.3087243070327903,1.0507826238441076,0.3324218174914073,-0.1961882698472075,1.6328443499523444,2.6273226235329195,10,0.23106060606060605
TW,A,anchored,4,6,72,24,2007-01,2018-12,2019-01,2020-12,144,24,26424,silhouette_is,10,0.01,proportional,A_hrp,264,0,4,264,0.20200314548938691,-0.40284448786583504,1.0056575963242322,0.3114075662964362,-0.18272002848420443,1.6120739429887665,2.912728329886564,10,0.35984848484848486
TW,A,anchored,4,6,72,24,2007-01,2018-12,2019-01,2020-12,144,24,26424,silhouette_is,10,0.01,proportional,D_top_cagr,264,0,0,264,0.29406010802200044,-0.4235845208435357,0.9885162399462915,0.3384787989065192,-0.1929478707003962,1.6806721733562597,2.832563638867105,10,0.29924242424242425
TW,A,anchored,4,6,72,24,2007-01,2018-12,2019-01,2020-12,144,24,26424,silhouette_is,10,0.01,proportional,E_top_calmar,264,0,0,264,0.2653061924122724,-0.3087243070327903,1.0507826238441076,0.3324218174914073,-0.1961882698472075,1.6328443499523444,2.6273226235329195,10,0.23106060606060605
TW,A,anchored,4,6,72,24,2007-01,2018-12,2019-01,2020-12,144,24,26424,silhouette_is,10,0.03,equal,A_hrp,793,0,274,793,0.19983756077844506,-0.43314842287137956,0.9471071240263816,0.3175426835701076,-0.18565314626412655,1.621525405973379,,10,0.1008827238335435
TW,A,anchored,4,6,72,24,2007-01,2018-12,2019-01,2020-12,144,24,26424,silhouette_is,10,0.03,equal,D_top_cagr,793,0,0,793,0.24363181095126585,-0.46702941573602885,1.020527672229493,0.339803160726051,-0.19669012115995876,1.6701070389694472,,10,0.19293820933165196
TW,A,anchored,4,6,72,24,2007-01,2018-12,2019-01,2020-12,144,24,26424,silhouette_is,10,0.03,equal,E_top_calmar,793,0,0,793,0.2259885589714976,-0.3770850583956755,1.0471095281104497,0.3340299616727045,-0.19382441804411432,1.6535329112288608,,10,0.17654476670870115
TW,A,anchored,4,6,72,24,2007-01,2018-12,2019-01,2020-12,144,24,26424,silhouette_is,10,0.03,proportional,A_hrp,793,0,46,793,0.16489548705141854,-0.4783428126430962,0.8433711467311453,0.29369270326698915,-0.19178322113160773,1.5067289987256887,,10,0.3593947036569987
TW,A,anchored,4,6,72,24,2007-01,2018-12,2019-01,2020-12,144,24,26424,silhouette_is,10,0.03,proportional,D_top_cagr,793,0,0,793,0.24363181095126585,-0.46702941573602885,1.020527672229493,0.339803160726051,-0.19669012115995876,1.6701070389694472,,10,0.19293820933165196
TW,A,anchored,4,6,72,24,2007-01,2018-12,2019-01,2020-12,144,24,26424,silhouette_is,10,0.03,proportional,E_top_calmar,793,0,0,793,0.2259885589714976,-0.3770850583956755,1.0471095281104497,0.3340299616727045,-0.19382441804411432,1.6535329112288608,,10,0.17654476670870115
TW,A,anchored,4,6,72,24,2007-01,2018-12,2019-01,2020-12,144,24,26424,silhouette_is,10,0.05,equal,A_hrp,1321,0,650,1321,0.1921354181106012,-0.4430918029627795,0.9175218387243763,0.32066224180719116,-0.18815095331694276,1.6215245197907968,,10,0.10068130204390613
TW,A,anchored,4,6,72,24,2007-01,2018-12,2019-01,2020-12,144,24,26424,silhouette_is,10,0.05,equal,D_top_cagr,1321,0,0,1321,0.2233701413157494,-0.4784231469459538,0.9905592268426565,0.3399492256621268,-0.19675401886987154,1.6672204804498443,,10,0.21044663133989402
TW,A,anchored,4,6,72,24,2007-01,2018-12,2019-01,2020-12,144,24,26424,silhouette_is,10,0.05,equal,E_top_calmar,1321,0,0,1321,0.21132845516544974,-0.410101843553782,1.0062164671615714,0.333444375136434,-0.19622285381777482,1.6407014373337854,,10,0.23088569265707798
TW,A,anchored,4,6,72,24,2007-01,2018-12,2019-01,2020-12,144,24,26424,silhouette_is,10,0.05,proportional,A_hrp,1321,0,275,1321,0.15742046075224048,-0.48914687272003887,0.802891475673947,0.2953195285887136,-0.19542689606109442,1.49778203859189,,10,0.35957607872823616
TW,A,anchored,4,6,72,24,2007-01,2018-12,2019-01,2020-12,144,24,26424,silhouette_is,10,0.05,proportional,D_top_cagr,1321,0,0,1321,0.2233701413157494,-0.4784231469459538,0.9905592268426565,0.3399492256621268,-0.19675401886987154,1.6672204804498443,,10,0.21044663133989402
TW,A,anchored,4,6,72,24,2007-01,2018-12,2019-01,2020-12,144,24,26424,silhouette_is,10,0.05,proportional,E_top_calmar,1321,0,0,1321,0.21132845516544974,-0.410101843553782,1.0062164671615714,0.333444375136434,-0.19622285381777482,1.6407014373337854,,10,0.23088569265707798
TW,A,anchored,4,6,72,24,2007-01,2018-12,2019-01,2020-12,144,24,26424,silhouette_is,10,0.1,equal,A_hrp,2642,1,1688,2642,0.17668597139869657,-0.47044567218970446,0.8617835017679923,0.3164026807310345,-0.1909882472891613,1.5930355883433,,10,0.10370931112793338
TW,A,anchored,4,6,72,24,2007-01,2018-12,2019-01,2020-12,144,24,26424,silhouette_is,10,0.1,equal,D_top_cagr,2642,1,0,2642,0.1991400394224523,-0.49204599526141624,0.927382202799946,0.3354950582575724,-0.1956861373081369,1.6484294048975252,,10,0.2274791824375473
TW,A,anchored,4,6,72,24,2007-01,2018-12,2019-01,2020-12,144,24,26424,silhouette_is,10,0.1,equal,E_top_calmar,2642,1,0,2642,0.19172126862752092,-0.445239560225691,0.9346777323961029,0.3288709364502225,-0.19471525998565298,1.6298909963214077,,10,0.2380772142316427
TW,A,anchored,4,6,72,24,2007-01,2018-12,2019-01,2020-12,144,24,26424,silhouette_is,10,0.1,proportional,A_hrp,2642,0,1492,2642,0.1656916150049077,-0.47995896127087134,0.8369150180558825,0.3031957616001073,-0.19468715400683345,1.5369240249361567,,10,0.35957607872823616
TW,A,anchored,4,6,72,24,2007-01,2018-12,2019-01,2020-12,144,24,26424,silhouette_is,10,0.1,proportional,D_top_cagr,2642,0,0,2642,0.1991400394224523,-0.49204599526141624,0.927382202799946,0.3354950582575724,-0.1956861373081369,1.6484294048975252,,10,0.2274791824375473
TW,A,anchored,4,6,72,24,2007-01,2018-12,2019-01,2020-12,144,24,26424,silhouette_is,10,0.1,proportional,E_top_calmar,2642,0,0,2642,0.19172126862752092,-0.445239560225691,0.9346777323961029,0.3288709364502225,-0.19471525998565298,1.6298909963214077,,10,0.2380772142316427
TW,A,anchored,5,6,72,24,2007-01,2020-12,2021-01,2022-12,168,24,26424,fixed,6,all,unallocated,B_all,26424,0,0,26424,0.13514554779908128,-0.5484999555627641,0.7115181847229014,0.12236218641782481,-0.1331874672692538,0.6878447817428295,,6,0.47612019376324555
TW,A,anchored,5,6,72,24,2007-01,2020-12,2021-01,2022-12,168,24,26424,fixed,6,legacy,equal,A_hrp,30,0,2,30,0.282251324565,-0.2785686182727829,1.2011430019639298,0.14938609604819697,-0.13156748230899762,0.7657245750373604,2.072540211078177,6,0.16666666666666666
TW,A,anchored,5,6,72,24,2007-01,2020-12,2021-01,2022-12,168,24,26424,fixed,6,legacy,equal,D_top_cagr,30,0,0,30,0.39522390627517257,-0.3674080665553119,0.6213538148451284,0.20750326438002453,-0.12690971340412682,0.95194132921513,1.711713065362659,3,0.6666666666666666
TW,A,anchored,5,6,72,24,2007-01,2020-12,2021-01,2022-12,168,24,26424,fixed,6,legacy,equal,E_top_calmar,30,0,0,30,0.3439462925900758,-0.245855514804875,0.9624747193520452,0.18496313043121626,-0.1283348473971354,0.8696679996757593,1.8064932143718262,4,0.36666666666666664
TW,A,anchored,5,6,72,24,2007-01,2020-12,2021-01,2022-12,168,24,26424,fixed,6,legacy,proportional,A_hrp,30,0,0,30,0.2528034023681649,-0.2613192509579457,1.2407653122148414,0.17316232217919336,-0.13044841392928586,0.8651836073652034,2.161074738719938,6,0.4666666666666667
TW,A,anchored,5,6,72,24,2007-01,2020-12,2021-01,2022-12,168,24,26424,fixed,6,legacy,proportional,D_top_cagr,30,0,0,30,0.39522390627517257,-0.3674080665553119,0.6213538148451284,0.20750326438002453,-0.12690971340412682,0.95194132921513,1.711713065362659,3,0.6666666666666666
TW,A,anchored,5,6,72,24,2007-01,2020-12,2021-01,2022-12,168,24,26424,fixed,6,legacy,proportional,E_top_calmar,30,0,0,30,0.3439462925900758,-0.245855514804875,0.9624747193520452,0.18496313043121626,-0.1283348473971354,0.8696679996757593,1.8064932143718262,4,0.36666666666666664
TW,A,anchored,5,6,72,24,2007-01,2020-12,2021-01,2022-12,168,24,26424,fixed,6,0.01,equal,A_hrp,264,0,87,264,0.2590911826253579,-0.3999838001267745,1.0772900589094998,0.14874454863852615,-0.13314231275398425,0.7703073688678237,2.344486126889301,6,0.16666666666666666
TW,A,anchored,5,6,72,24,2007-01,2020-12,2021-01,2022-12,168,24,26424,fixed,6,0.01,equal,D_top_cagr,264,0,0,264,0.30882083651807957,-0.42578709987736185,1.0703785735398985,0.16970846633157244,-0.1352818682755923,0.8270240349866826,2.0554124783674776,6,0.2765151515151515
TW,A,anchored,5,6,72,24,2007-01,2020-12,2021-01,2022-12,168,24,26424,fixed,6,0.01,equal,E_top_calmar,264,0,0,264,0.2758822000571888,-0.29580355973898587,1.1533711262184045,0.17326251019945316,-0.1277899966286976,0.8609076274465112,1.9723255448150894,6,0.4583333333333333
TW,A,anchored,5,6,72,24,2007-01,2020-12,2021-01,2022-12,168,24,26424,fixed,6,0.01,proportional,A_hrp,264,0,5,264,0.21407788086991486,-0.39486427991939343,1.075674842238685,0.14165738792618732,-0.13320422601904025,0.751314537204729,2.419514706961032,6,0.4772727272727273
TW,A,anchored,5,6,72,24,2007-01,2020-12,2021-01,2022-12,168,24,26424,fixed,6,0.01,proportional,D_top_cagr,264,0,0,264,0.30882083651807957,-0.42578709987736185,1.0703785735398985,0.16970846633157244,-0.1352818682755923,0.8270240349866826,2.0554124783674776,6,0.2765151515151515
TW,A,anchored,5,6,72,24,2007-01,2020-12,2021-01,2022-12,168,24,26424,fixed,6,0.01,proportional,E_top_calmar,264,0,0,264,0.2758822000571888,-0.29580355973898587,1.1533711262184045,0.17326251019945316,-0.1277899966286976,0.8609076274465112,1.9723255448150894,6,0.4583333333333333
TW,A,anchored,5,6,72,24,2007-01,2020-12,2021-01,2022-12,168,24,26424,fixed,6,0.03,equal,A_hrp,793,0,351,793,0.22487503171969725,-0.4616438803567856,1.0126695545281894,0.1377281310977745,-0.1328681337198756,0.7300865671675518,,6,0.1677175283732661
TW,A,anchored,5,6,72,24,2007-01,2020-12,2021-01,2022-12,168,24,26424,fixed,6,0.03,equal,D_top_cagr,793,0,0,793,0.263218330988515,-0.4711847634911206,1.1071886798113852,0.1603810799983254,-0.13529694209914844,0.7899513921828346,,6,0.3833543505674653
TW,A,anchored,5,6,72,24,2007-01,2020-12,2021-01,2022-12,168,24,26424,fixed,6,0.03,equal,E_top_calmar,793,0,0,793,0.2434123899929852,-0.37468282033220357,1.1343455951150216,0.16091901839242717,-0.1309133107757955,0.8115034095231944,,6,0.4274905422446406
TW,A,anchored,5,6,72,24,2007-01,2020-12,2021-01,2022-12,168,24,26424,fixed,6,0.03,proportional,A_hrp,793,0,102,793,0.1834722740318071,-0.45925308146836963,0.9380264333490248,0.13791392767714927,-0.12830302643009273,0.7473488000434027,,6,0.4766708701134931
TW,A,anchored,5,6,72,24,2007-01,2020-12,2021-01,2022-12,168,24,26424,fixed,6,0.03,proportional,D_top_cagr,793,0,0,793,0.263218330988515,-0.4711847634911206,1.1071886798113852,0.1603810799983254,-0.13529694209914844,0.7899513921828346,,6,0.3833543505674653
TW,A,anchored,5,6,72,24,2007-01,2020-12,2021-01,2022-12,168,24,26424,fixed,6,0.03,proportional,E_top_calmar,793,0,0,793,0.2434123899929852,-0.37468282033220357,1.1343455951150216,0.16091901839242717,-0.1309133107757955,0.8115034095231944,,6,0.4274905422446406
TW,A,anchored,5,6,72,24,2007-01,2020-12,2021-01,2022-12,168,24,26424,fixed,6,0.05,equal,A_hrp,1321,0,651,1321,0.20517461832427464,-0.4880242138851014,0.9556964150658912,0.13032802638161622,-0.13085892278456346,0.7033883043469374,,6,0.16729750189250567
TW,A,anchored,5,6,72,24,2007-01,2020-12,2021-01,2022-12,168,24,26424,fixed,6,0.05,equal,D_top_cagr,1321,0,0,1321,0.24483133360943632,-0.48151779511554416,1.0779811488605873,0.15886413171558011,-0.13491690918286225,0.7877669097937805,,6,0.39439818319454956
TW,A,anchored,5,6,72,24,2007-01,2020-12,2021-01,2022-12,168,24,26424,fixed,6,0.05,equal,E_top_calmar,1321,0,0,1321,0.2295288266686928,-0.40648884617026093,1.0907715454268916,0.15736894996030637,-0.1309217611321728,0.7961671938425094,,6,0.41786525359576077
TW,A,anchored,5,6,72,24,2007-01,2020-12,2021-01,2022-12,168,24,26424,fixed,6,0.05,proportional,A_hrp,1321,0,396,1321,0.17796046429598844,-0.46922274235110295,0.9071009683899828,0.13649515551785818,-0.128536388090304,0.7390573314321075,,6,0.4761544284632854
TW,A,anchored,5,6,72,24,2007-01,2020-12,2021-01,2022-12,168,24,26424,fixed,6,0.05,proportional,D_top_cagr,1321,0,0,1321,0.24483133360943632,-0.48151779511554416,1.0779811488605873,0.15886413171558011,-0.13491690918286225,0.7877669097937805,,6,0.39439818319454956
TW,A,anchored,5,6,72,24,2007-01,2020-12,2021-01,2022-12,168,24,26424,fixed,6,0.05,proportional,E_top_calmar,1321,0,0,1321,0.2295288266686928,-0.40648884617026093,1.0907715454268916,0.15736894996030637,-0.1309217611321728,0.7961671938425094,,6,0.41786525359576077
TW,A,anchored,5,6,72,24,2007-01,2020-12,2021-01,2022-12,168,24,26424,fixed,6,0.1,equal,A_hrp,2642,1,1687,2642,0.18832502904428017,-0.4953082905215901,0.9227333951595079,0.13493160317732134,-0.12819574074095408,0.7272820432488944,,6,0.18243754731264195
TW,A,anchored,5,6,72,24,2007-01,2020-12,2021-01,2022-12,168,24,26424,fixed,6,0.1,equal,D_top_cagr,2642,1,0,2642,0.2212729371795743,-0.4932600303411082,1.018995047840983,0.15072017005415095,-0.13413628123280863,0.7609020947317368,,6,0.4375473126419379
TW,A,anchored,5,6,72,24,2007-01,2020-12,2021-01,2022-12,168,24,26424,fixed,6,0.1,equal,E_top_calmar,2642,1,0,2642,0.2123883661474728,-0.4432061440826971,1.0248733385805742,0.14774141614073732,-0.13166727469261608,0.7591040425561671,,6,0.42127176381529147
TW,A,anchored,5,6,72,24,2007-01,2020-12,2021-01,2022-12,168,24,26424,fixed,6,0.1,proportional,A_hrp,2642,0,1687,2642,0.18723572574726344,-0.46315415009727423,0.9414863297695365,0.13247494016407235,-0.13053636999193097,0.7110822409636696,,6,0.4761544284632854
TW,A,anchored,5,6,72,24,2007-01,2020-12,2021-01,2022-12,168,24,26424,fixed,6,0.1,proportional,D_top_cagr,2642,0,0,2642,0.2212729371795743,-0.4932600303411082,1.018995047840983,0.15072017005415095,-0.13413628123280863,0.7609020947317368,,6,0.4375473126419379
TW,A,anchored,5,6,72,24,2007-01,2020-12,2021-01,2022-12,168,24,26424,fixed,6,0.1,proportional,E_top_calmar,2642,0,0,2642,0.2123883661474728,-0.4432061440826971,1.0248733385805742,0.14774141614073732,-0.13166727469261608,0.7591040425561671,,6,0.42127176381529147
TW,A,anchored,5,6,72,24,2007-01,2020-12,2021-01,2022-12,168,24,26424,silhouette_is,4,all,unallocated,B_all,26424,0,0,26424,0.13514554779908128,-0.5484999555627641,0.7115181847229014,0.12236218641782481,-0.1331874672692538,0.6878447817428295,,4,0.48501362397820164
TW,A,anchored,5,6,72,24,2007-01,2020-12,2021-01,2022-12,168,24,26424,silhouette_is,4,legacy,equal,A_hrp,20,0,2,20,0.3069342045923056,-0.2423984978579351,1.1795682818391304,0.15809692179998525,-0.1293269470456372,0.8009290764166151,2.016876841537121,4,0.25
TW,A,anchored,5,6,72,24,2007-01,2020-12,2021-01,2022-12,168,24,26424,silhouette_is,4,legacy,equal,D_top_cagr,20,0,0,20,0.40987786005778926,-0.3622193254251991,0.53197146906175,0.20407315643634139,-0.12223690086652583,0.9399882829902003,1.7219711001397942,3,0.75
TW,A,anchored,5,6,72,24,2007-01,2020-12,2021-01,2022-12,168,24,26424,silhouette_is,4,legacy,equal,E_top_calmar,20,0,0,20,0.3635194409094724,-0.25296223215622327,0.8162093369748006,0.1956244261951261,-0.1260530270345186,0.923010201571057,1.779740286399991,3,0.4
TW,A,anchored,5,6,72,24,2007-01,2020-12,2021-01,2022-12,168,24,26424,silhouette_is,4,legacy,proportional,A_hrp,20,0,0,20,0.2972503101055435,-0.25659629370141923,1.3385688300801613,0.18040285622964536,-0.1302981493797093,0.8677209141019816,2.007804556782031,4,0.45
TW,A,anchored,5,6,72,24,2007-01,2020-12,2021-01,2022-12,168,24,26424,silhouette_is,4,legacy,proportional,D_top_cagr,20,0,0,20,0.40987786005778926,-0.3622193254251991,0.53197146906175,0.20407315643634139,-0.12223690086652583,0.9399882829902003,1.7219711001397942,3,0.75
TW,A,anchored,5,6,72,24,2007-01,2020-12,2021-01,2022-12,168,24,26424,silhouette_is,4,legacy,proportional,E_top_calmar,20,0,0,20,0.3635194409094724,-0.25296223215622327,0.8162093369748006,0.1956244261951261,-0.1260530270345186,0.923010201571057,1.779740286399991,3,0.4
TW,A,anchored,5,6,72,24,2007-01,2020-12,2021-01,2022-12,168,24,26424,silhouette_is,4,0.01,equal,A_hrp,264,0,106,264,0.26099526082921787,-0.38657247657584903,1.0735822522510505,0.15193318129636824,-0.1311608601251243,0.7889507432789472,2.321586031927932,4,0.25
TW,A,anchored,5,6,72,24,2007-01,2020-12,2021-01,2022-12,168,24,26424,silhouette_is,4,0.01,equal,D_top_cagr,264,0,0,264,0.30882083651807957,-0.42578709987736185,1.0703785735398985,0.16970846633157244,-0.1352818682755923,0.8270240349866826,2.0554124783674776,4,0.38636363636363635
TW,A,anchored,5,6,72,24,2007-01,2020-12,2021-01,2022-12,168,24,26424,silhouette_is,4,0.01,equal,E_top_calmar,264,0,0,264,0.2758822000571888,-0.29580355973898587,1.1533711262184045,0.17326251019945316,-0.1277899966286976,0.8609076274465112,1.9723255448150894,4,0.5075757575757576
TW,A,anchored,5,6,72,24,2007-01,2020-12,2021-01,2022-12,168,24,26424,silhouette_is,4,0.01,proportional,A_hrp,264,0,5,264,0.21993377253850532,-0.3952103507799234,1.0969564153246092,0.15565992496030145,-0.13117236643069163,0.8114635206053346,2.5158389941896755,4,0.48484848484848486
TW,A,anchored,5,6,72,24,2007-01,2020-12,2021-01,2022-12,168,24,26424,silhouette_is,4,0.01,proportional,D_top_cagr,264,0,0,264,0.30882083651807957,-0.42578709987736185,1.0703785735398985,0.16970846633157244,-0.1352818682755923,0.8270240349866826,2.0554124783674776,4,0.38636363636363635
TW,A,anchored,5,6,72,24,2007-01,2020-12,2021-01,2022-12,168,24,26424,silhouette_is,4,0.01,proportional,E_top_calmar,264,0,0,264,0.2758822000571888,-0.29580355973898587,1.1533711262184045,0.17326251019945316,-0.1277899966286976,0.8609076274465112,1.9723255448150894,4,0.5075757575757576
TW,A,anchored,5,6,72,24,2007-01,2020-12,2021-01,2022-12,168,24,26424,silhouette_is,4,0.03,equal,A_hrp,793,0,370,793,0.2166492899888195,-0.4623761597316014,1.0107880028671195,0.14212378951122262,-0.12761405884672905,0.7561746537301629,,4,0.2509457755359395
TW,A,anchored,5,6,72,24,2007-01,2020-12,2021-01,2022-12,168,24,26424,silhouette_is,4,0.03,equal,D_top_cagr,793,0,0,793,0.263218330988515,-0.4711847634911206,1.1071886798113852,0.1603810799983254,-0.13529694209914844,0.7899513921828346,,4,0.46027742749054223
TW,A,anchored,5,6,72,24,2007-01,2020-12,2021-01,2022-12,168,24,26424,silhouette_is,4,0.03,equal,E_top_calmar,793,0,0,793,0.2434123899929852,-0.37468282033220357,1.1343455951150216,0.16091901839242717,-0.1309133107757955,0.8115034095231944,,4,0.47540983606557374
TW,A,anchored,5,6,72,24,2007-01,2020-12,2021-01,2022-12,168,24,26424,silhouette_is,4,0.03,proportional,A_hrp,793,0,139,793,0.18914615310379723,-0.4555381291407934,0.9554657146227782,0.1426191840614388,-0.12791835115588734,0.767100645031116,,4,0.4854981084489281
TW,A,anchored,5,6,72,24,2007-01,2020-12,2021-01,2022-12,168,24,26424,silhouette_is,4,0.03,proportional,D_top_cagr,793,0,0,793,0.263218330988515,-0.4711847634911206,1.1071886798113852,0.1603810799983254,-0.13529694209914844,0.7899513921828346,,4,0.46027742749054223
TW,A,anchored,5,6,72,24,2007-01,2020-12,2021-01,2022-12,168,24,26424,silhouette_is,4,0.03,proportional,E_top_calmar,793,0,0,793,0.2434123899929852,-0.37468282033220357,1.1343455951150216,0.16091901839242717,-0.1309133107757955,0.8115034095231944,,4,0.47540983606557374
TW,A,anchored,5,6,72,24,2007-01,2020-12,2021-01,2022-12,168,24,26424,silhouette_is,4,0.05,equal,A_hrp,1321,0,698,1321,0.1981258639767094,-0.4806350796576512,0.958739751723875,0.135960189133427,-0.12651115831225934,0.73648628299902,,4,0.2505677517032551
TW,A,anchored,5,6,72,24,2007-01,2020-12,2021-01,2022-12,168,24,26424,silhouette_is,4,0.05,equal,D_top_cagr,1321,0,0,1321,0.24483133360943632,-0.48151779511554416,1.0779811488605873,0.15886413171558011,-0.13491690918286225,0.7877669097937805,,4,0.4640423921271764
TW,A,anchored,5,6,72,24,2007-01,2020-12,2021-01,2022-12,168,24,26424,silhouette_is,4,0.05,equal,E_top_calmar,1321,0,0,1321,0.2295288266686928,-0.40648884617026093,1.0907715454268916,0.15736894996030637,-0.1309217611321728,0.7961671938425094,,4,0.4640423921271764
TW,A,anchored,5,6,72,24,2007-01,2020-12,2021-01,2022-12,168,24,26424,silhouette_is,4,0.05,proportional,A_hrp,1321,0,508,1321,0.18939745313781864,-0.45882334583900297,0.9471688371265373,0.14052736849690284,-0.12900101709168188,0.7523441068526309,,4,0.48523845571536717
TW,A,anchored,5,6,72,24,2007-01,2020-12,2021-01,2022-12,168,24,26424,silhouette_is,4,0.05,proportional,D_top_cagr,1321,0,0,1321,0.24483133360943632,-0.48151779511554416,1.0779811488605873,0.15886413171558011,-0.13491690918286225,0.7877669097937805,,4,0.4640423921271764
TW,A,anchored,5,6,72,24,2007-01,2020-12,2021-01,2022-12,168,24,26424,silhouette_is,4,0.05,proportional,E_top_calmar,1321,0,0,1321,0.2295288266686928,-0.40648884617026093,1.0907715454268916,0.15736894996030637,-0.1309217611321728,0.7961671938425094,,4,0.4640423921271764
TW,A,anchored,5,6,72,24,2007-01,2020-12,2021-01,2022-12,168,24,26424,silhouette_is,4,0.1,equal,A_hrp,2642,1,1829,2642,0.1827300003111343,-0.4961444653163074,0.9072321901915724,0.12973517769207654,-0.12682068105748812,0.7094582259921788,,4,0.25094625283875854
TW,A,anchored,5,6,72,24,2007-01,2020-12,2021-01,2022-12,168,24,26424,silhouette_is,4,0.1,equal,D_top_cagr,2642,1,0,2642,0.2212729371795743,-0.4932600303411082,1.018995047840983,0.15072017005415095,-0.13413628123280863,0.7609020947317368,,4,0.49053747161241484
TW,A,anchored,5,6,72,24,2007-01,2020-12,2021-01,2022-12,168,24,26424,silhouette_is,4,0.1,equal,E_top_calmar,2642,1,0,2642,0.2123883661474728,-0.4432061440826971,1.0248733385805742,0.14774141614073732,-0.13166727469261608,0.7591040425561671,,4,0.463663890991673
TW,A,anchored,5,6,72,24,2007-01,2020-12,2021-01,2022-12,168,24,26424,silhouette_is,4,0.1,proportional,A_hrp,2642,0,1829,2642,0.19758373774753446,-0.461522301273967,0.9696431798126535,0.14237661164398663,-0.13122579463679573,0.746085673916606,,4,0.48523845571536717
TW,A,anchored,5,6,72,24,2007-01,2020-12,2021-01,2022-12,168,24,26424,silhouette_is,4,0.1,proportional,D_top_cagr,2642,0,0,2642,0.2212729371795743,-0.4932600303411082,1.018995047840983,0.15072017005415095,-0.13413628123280863,0.7609020947317368,,4,0.49053747161241484
TW,A,anchored,5,6,72,24,2007-01,2020-12,2021-01,2022-12,168,24,26424,silhouette_is,4,0.1,proportional,E_top_calmar,2642,0,0,2642,0.2123883661474728,-0.4432061440826971,1.0248733385805742,0.14774141614073732,-0.13166727469261608,0.7591040425561671,,4,0.463663890991673
TW,A,anchored,6,6,72,24,2007-01,2022-12,2023-01,2025-12,192,36,26424,fixed,6,all,unallocated,B_all,26424,0,0,26424,0.13353969900893792,-0.5484999555627641,0.7085465997616146,0.12541750663599283,-0.13830658386936634,1.0126432533508438,,6,0.42003481683318195
TW,A,anchored,6,6,72,24,2007-01,2022-12,2023-01,2025-12,192,36,26424,fixed,6,legacy,equal,A_hrp,30,0,0,30,0.2557480841464961,-0.3263595329053328,1.1498333453063172,0.15212892308272385,-0.15177816673517353,1.1626892396554525,4.381618131096556,6,0.16666666666666666
TW,A,anchored,6,6,72,24,2007-01,2022-12,2023-01,2025-12,192,36,26424,fixed,6,legacy,equal,D_top_cagr,30,0,0,30,0.3735724726495193,-0.3616349986700038,0.6339637043554901,0.1546643322640988,-0.1567772952380332,1.2078755824598228,2.7365388768724905,4,0.6
TW,A,anchored,6,6,72,24,2007-01,2022-12,2023-01,2025-12,192,36,26424,fixed,6,legacy,equal,E_top_calmar,30,0,0,30,0.3226228892205818,-0.24607417678134014,0.9458115259673533,0.16097461413438752,-0.14685477854452156,1.2814069756361992,2.948231567306657,3,0.5
TW,A,anchored,6,6,72,24,2007-01,2022-12,2023-01,2025-12,192,36,26424,fixed,6,legacy,proportional,A_hrp,30,0,0,30,0.26170256949698256,-0.24511516399824673,1.2478301323108003,0.16023845311938412,-0.13781549759080436,1.2955029715648039,4.555903957182252,6,0.4
TW,A,anchored,6,6,72,24,2007-01,2022-12,2023-01,2025-12,192,36,26424,fixed,6,legacy,proportional,D_top_cagr,30,0,0,30,0.3735724726495193,-0.3616349986700038,0.6339637043554901,0.1546643322640988,-0.1567772952380332,1.2078755824598228,2.7365388768724905,4,0.6
TW,A,anchored,6,6,72,24,2007-01,2022-12,2023-01,2025-12,192,36,26424,fixed,6,legacy,proportional,E_top_calmar,30,0,0,30,0.3226228892205818,-0.24607417678134014,0.9458115259673533,0.16097461413438752,-0.14685477854452156,1.2814069756361992,2.948231567306657,3,0.5
TW,A,anchored,6,6,72,24,2007-01,2022-12,2023-01,2025-12,192,36,26424,fixed,6,0.01,equal,A_hrp,264,0,92,264,0.24342102115977937,-0.39740378041721747,1.0445814105434847,0.14736217659365902,-0.1394786836919688,1.1375446236932312,5.102451582252475,6,0.16666666666666666
TW,A,anchored,6,6,72,24,2007-01,2022-12,2023-01,2025-12,192,36,26424,fixed,6,0.01,equal,D_top_cagr,264,0,0,264,0.2908685487835758,-0.43119019792434166,1.0575836142786352,0.16306018259106958,-0.14090583553468838,1.3011899854655784,3.916390499244925,6,0.3181818181818182
TW,A,anchored,6,6,72,24,2007-01,2022-12,2023-01,2025-12,192,36,26424,fixed,6,0.01,equal,E_top_calmar,264,0,0,264,0.26368051454150154,-0.30000735896089925,1.1332125484596238,0.15577381224268172,-0.13209980667396093,1.2746975738642115,3.7997780576743025,6,0.5227272727272727
TW,A,anchored,6,6,72,24,2007-01,2022-12,2023-01,2025-12,192,36,26424,fixed,6,0.01,proportional,A_hrp,264,0,3,264,0.21010619837539424,-0.3834656014226905,1.052460411947333,0.1406805738080812,-0.13562739809335844,1.1240226273133276,5.60252328492991,6,0.42045454545454547
TW,A,anchored,6,6,72,24,2007-01,2022-12,2023-01,2025-12,192,36,26424,fixed,6,0.01,proportional,D_top_cagr,264,0,0,264,0.2908685487835758,-0.43119019792434166,1.0575836142786352,0.16306018259106958,-0.14090583553468838,1.3011899854655784,3.916390499244925,6,0.3181818181818182
TW,A,anchored,6,6,72,24,2007-01,2022-12,2023-01,2025-12,192,36,26424,fixed,6,0.01,proportional,E_top_calmar,264,0,0,264,0.26368051454150154,-0.30000735896089925,1.1332125484596238,0.15577381224268172,-0.13209980667396093,1.2746975738642115,3.7997780576743025,6,0.5227272727272727
TW,A,anchored,6,6,72,24,2007-01,2022-12,2023-01,2025-12,192,36,26424,fixed,6,0.03,equal,A_hrp,793,0,356,793,0.21333909164869547,-0.46292145029207077,0.9713011770604788,0.1409776474163471,-0.14266052945588215,1.090903844487164,,6,0.1677175283732661
TW,A,anchored,6,6,72,24,2007-01,2022-12,2023-01,2025-12,192,36,26424,fixed,6,0.03,equal,D_top_cagr,793,0,0,793,0.2506683217546233,-0.47185743763667265,1.0842121697773717,0.1554446588846321,-0.1432485050618677,1.229553084375916,,6,0.3619167717528373
TW,A,anchored,6,6,72,24,2007-01,2022-12,2023-01,2025-12,192,36,26424,fixed,6,0.03,equal,E_top_calmar,793,0,0,793,0.2336868928040705,-0.37982974015102056,1.1007825570127576,0.14997490898465626,-0.1354304246135637,1.2034206442204367,,6,0.4451450189155107
TW,A,anchored,6,6,72,24,2007-01,2022-12,2023-01,2025-12,192,36,26424,fixed,6,0.03,proportional,A_hrp,793,0,54,793,0.18030178724813828,-0.46417316500260164,0.9211934502365825,0.1311273574847529,-0.13602525482447136,1.0746887134574912,,6,0.41992433795712486
TW,A,anchored,6,6,72,24,2007-01,2022-12,2023-01,2025-12,192,36,26424,fixed,6,0.03,proportional,D_top_cagr,793,0,0,793,0.2506683217546233,-0.47185743763667265,1.0842121697773717,0.1554446588846321,-0.1432485050618677,1.229553084375916,,6,0.3619167717528373
TW,A,anchored,6,6,72,24,2007-01,2022-12,2023-01,2025-12,192,36,26424,fixed,6,0.03,proportional,E_top_calmar,793,0,0,793,0.2336868928040705,-0.37982974015102056,1.1007825570127576,0.14997490898465626,-0.1354304246135637,1.2034206442204367,,6,0.4451450189155107
TW,A,anchored,6,6,72,24,2007-01,2022-12,2023-01,2025-12,192,36,26424,fixed,6,0.05,equal,A_hrp,1321,0,690,1321,0.19864908196878206,-0.48255434769720584,0.9321603597714273,0.13985918319922352,-0.14201825055137196,1.0853653285162486,,6,0.16729750189250567
TW,A,anchored,6,6,72,24,2007-01,2022-12,2023-01,2025-12,192,36,26424,fixed,6,0.05,equal,D_top_cagr,1321,0,0,1321,0.23468921146289246,-0.4818976093771875,1.0503819806751957,0.15478715181737157,-0.14137949072915257,1.2186533303766973,,6,0.37017411052233157
TW,A,anchored,6,6,72,24,2007-01,2022-12,2023-01,2025-12,192,36,26424,fixed,6,0.05,equal,E_top_calmar,1321,0,0,1321,0.22087840647378698,-0.4098779278994191,1.0600964205666563,0.14739109194559763,-0.1360094986323208,1.1772249370962689,,6,0.39666919000757
TW,A,anchored,6,6,72,24,2007-01,2022-12,2023-01,2025-12,192,36,26424,fixed,6,0.05,proportional,A_hrp,1321,0,299,1321,0.17481375535897237,-0.4780330176026224,0.8916379985708559,0.1324035762129958,-0.13616130929795878,1.0869538737015385,,6,0.4201362604087812
TW,A,anchored,6,6,72,24,2007-01,2022-12,2023-01,2025-12,192,36,26424,fixed,6,0.05,proportional,D_top_cagr,1321,0,0,1321,0.23468921146289246,-0.4818976093771875,1.0503819806751957,0.15478715181737157,-0.14137949072915257,1.2186533303766973,,6,0.37017411052233157
TW,A,anchored,6,6,72,24,2007-01,2022-12,2023-01,2025-12,192,36,26424,fixed,6,0.05,proportional,E_top_calmar,1321,0,0,1321,0.22087840647378698,-0.4098779278994191,1.0600964205666563,0.14739109194559763,-0.1360094986323208,1.1772249370962689,,6,0.39666919000757
TW,A,anchored,6,6,72,24,2007-01,2022-12,2023-01,2025-12,192,36,26424,fixed,6,0.1,equal,A_hrp,2642,0,1723,2642,0.18096047573470853,-0.509658038498136,0.8776594879163621,0.13628356299285138,-0.14133992929413008,1.0683742816725261,,6,0.16691900075700228
TW,A,anchored,6,6,72,24,2007-01,2022-12,2023-01,2025-12,192,36,26424,fixed,6,0.1,equal,D_top_cagr,2642,0,0,2642,0.21289519669405288,-0.4975255282396035,0.9914494861958753,0.15231062617390068,-0.13979152366883385,1.1947858181600324,,6,0.36828160484481454
TW,A,anchored,6,6,72,24,2007-01,2022-12,2023-01,2025-12,192,36,26424,fixed,6,0.1,equal,E_top_calmar,2642,0,0,2642,0.20401768979426493,-0.4433226281366396,0.9962674620873069,0.1446818356327162,-0.13636130142403002,1.1468242506317103,,6,0.39288417865253594
TW,A,anchored,6,6,72,24,2007-01,2022-12,2023-01,2025-12,192,36,26424,fixed,6,0.1,proportional,A_hrp,2642,0,1584,2642,0.18659011057432395,-0.4678921976743854,0.9339698805186251,0.13913500557670888,-0.13615408040904708,1.119288661026599,,6,0.4201362604087812
TW,A,anchored,6,6,72,24,2007-01,2022-12,2023-01,2025-12,192,36,26424,fixed,6,0.1,proportional,D_top_cagr,2642,0,0,2642,0.21289519669405288,-0.4975255282396035,0.9914494861958753,0.15231062617390068,-0.13979152366883385,1.1947858181600324,,6,0.36828160484481454
TW,A,anchored,6,6,72,24,2007-01,2022-12,2023-01,2025-12,192,36,26424,fixed,6,0.1,proportional,E_top_calmar,2642,0,0,2642,0.20401768979426493,-0.4433226281366396,0.9962674620873069,0.1446818356327162,-0.13636130142403002,1.1468242506317103,,6,0.39288417865253594
TW,A,anchored,6,6,72,24,2007-01,2022-12,2023-01,2025-12,192,36,26424,silhouette_is,5,all,unallocated,B_all,26424,0,0,26424,0.13353969900893792,-0.5484999555627641,0.7085465997616146,0.12541750663599283,-0.13830658386936634,1.0126432533508438,,5,0.42003481683318195
TW,A,anchored,6,6,72,24,2007-01,2022-12,2023-01,2025-12,192,36,26424,silhouette_is,5,legacy,equal,A_hrp,25,0,0,25,0.2598890414665904,-0.28786804306374625,1.185089751089631,0.15382629856231889,-0.14685997719914212,1.1905407639667345,4.227758349097941,5,0.2
TW,A,anchored,6,6,72,24,2007-01,2022-12,2023-01,2025-12,192,36,26424,silhouette_is,5,legacy,equal,D_top_cagr,25,0,0,25,0.37974722083749035,-0.3499268128001054,0.5897933642301987,0.15908290797349323,-0.15763745740207402,1.2488732822427344,2.866114579389835,4,0.64
TW,A,anchored,6,6,72,24,2007-01,2022-12,2023-01,2025-12,192,36,26424,silhouette_is,5,legacy,equal,E_top_calmar,25,0,0,25,0.3303984543756795,-0.24414640990556347,0.8975699560214672,0.1652281179249322,-0.15327815102997433,1.2985776823422706,3.000888241170659,3,0.44
TW,A,anchored,6,6,72,24,2007-01,2022-12,2023-01,2025-12,192,36,26424,silhouette_is,5,legacy,proportional,A_hrp,25,0,0,25,0.2711651777080313,-0.2381789096025987,1.2875447222827454,0.1671182431337379,-0.13546562578522658,1.3602681338326321,4.630289032722424,5,0.4
TW,A,anchored,6,6,72,24,2007-01,2022-12,2023-01,2025-12,192,36,26424,silhouette_is,5,legacy,proportional,D_top_cagr,25,0,0,25,0.37974722083749035,-0.3499268128001054,0.5897933642301987,0.15908290797349323,-0.15763745740207402,1.2488732822427344,2.866114579389835,4,0.64
TW,A,anchored,6,6,72,24,2007-01,2022-12,2023-01,2025-12,192,36,26424,silhouette_is,5,legacy,proportional,E_top_calmar,25,0,0,25,0.3303984543756795,-0.24414640990556347,0.8975699560214672,0.1652281179249322,-0.15327815102997433,1.2985776823422706,3.000888241170659,3,0.44
TW,A,anchored,6,6,72,24,2007-01,2022-12,2023-01,2025-12,192,36,26424,silhouette_is,5,0.01,equal,A_hrp,264,0,85,264,0.2439479361778616,-0.39622898924590955,1.040320859314101,0.14215168166361414,-0.14086896629752244,1.1162598726165107,5.061704020154374,5,0.20075757575757575
TW,A,anchored,6,6,72,24,2007-01,2022-12,2023-01,2025-12,192,36,26424,silhouette_is,5,0.01,equal,D_top_cagr,264,0,0,264,0.2908685487835758,-0.43119019792434166,1.0575836142786352,0.16306018259106958,-0.14090583553468838,1.3011899854655784,3.916390499244925,5,0.3181818181818182
TW,A,anchored,6,6,72,24,2007-01,2022-12,2023-01,2025-12,192,36,26424,silhouette_is,5,0.01,equal,E_top_calmar,264,0,0,264,0.26368051454150154,-0.30000735896089925,1.1332125484596238,0.15577381224268172,-0.13209980667396093,1.2746975738642115,3.7997780576743025,5,0.5227272727272727
TW,A,anchored,6,6,72,24,2007-01,2022-12,2023-01,2025-12,192,36,26424,silhouette_is,5,0.01,proportional,A_hrp,264,0,3,264,0.20902755146716778,-0.3813866009641902,1.0550187775864373,0.14088151054434506,-0.13535843662073266,1.1252327863801284,5.5790427181309665,5,0.42045454545454547
TW,A,anchored,6,6,72,24,2007-01,2022-12,2023-01,2025-12,192,36,26424,silhouette_is,5,0.01,proportional,D_top_cagr,264,0,0,264,0.2908685487835758,-0.43119019792434166,1.0575836142786352,0.16306018259106958,-0.14090583553468838,1.3011899854655784,3.916390499244925,5,0.3181818181818182
TW,A,anchored,6,6,72,24,2007-01,2022-12,2023-01,2025-12,192,36,26424,silhouette_is,5,0.01,proportional,E_top_calmar,264,0,0,264,0.26368051454150154,-0.30000735896089925,1.1332125484596238,0.15577381224268172,-0.13209980667396093,1.2746975738642115,3.7997780576743025,5,0.5227272727272727
TW,A,anchored,6,6,72,24,2007-01,2022-12,2023-01,2025-12,192,36,26424,silhouette_is,5,0.03,equal,A_hrp,793,0,352,793,0.21124305500427765,-0.4589694616825861,0.986373474273963,0.14201217123367882,-0.1411474100614435,1.109441896445832,,5,0.2005044136191677
TW,A,anchored,6,6,72,24,2007-01,2022-12,2023-01,2025-12,192,36,26424,silhouette_is,5,0.03,equal,D_top_cagr,793,0,0,793,0.2506683217546233,-0.47185743763667265,1.0842121697773717,0.1554446588846321,-0.1432485050618677,1.229553084375916,,5,0.3619167717528373
TW,A,anchored,6,6,72,24,2007-01,2022-12,2023-01,2025-12,192,36,26424,silhouette_is,5,0.03,equal,E_top_calmar,793,0,0,793,0.2336868928040705,-0.37982974015102056,1.1007825570127576,0.14997490898465626,-0.1354304246135637,1.2034206442204367,,5,0.4451450189155107
TW,A,anchored,6,6,72,24,2007-01,2022-12,2023-01,2025-12,192,36,26424,silhouette_is,5,0.03,proportional,A_hrp,793,0,55,793,0.1781145140664684,-0.4685180947886567,0.9139730851158018,0.12933836315750247,-0.13725435261509134,1.0612289883920252,,5,0.41992433795712486
TW,A,anchored,6,6,72,24,2007-01,2022-12,2023-01,2025-12,192,36,26424,silhouette_is,5,0.03,proportional,D_top_cagr,793,0,0,793,0.2506683217546233,-0.47185743763667265,1.0842121697773717,0.1554446588846321,-0.1432485050618677,1.229553084375916,,5,0.3619167717528373
TW,A,anchored,6,6,72,24,2007-01,2022-12,2023-01,2025-12,192,36,26424,silhouette_is,5,0.03,proportional,E_top_calmar,793,0,0,793,0.2336868928040705,-0.37982974015102056,1.1007825570127576,0.14997490898465626,-0.1354304246135637,1.2034206442204367,,5,0.4451450189155107
TW,A,anchored,6,6,72,24,2007-01,2022-12,2023-01,2025-12,192,36,26424,silhouette_is,5,0.05,equal,A_hrp,1321,0,669,1321,0.19592165825285934,-0.4830718247335173,0.9388452744809906,0.13976639051137996,-0.14091509923817003,1.0942168329417075,,5,0.20060560181680545
TW,A,anchored,6,6,72,24,2007-01,2022-12,2023-01,2025-12,192,36,26424,silhouette_is,5,0.05,equal,D_top_cagr,1321,0,0,1321,0.23468921146289246,-0.4818976093771875,1.0503819806751957,0.15478715181737157,-0.14137949072915257,1.2186533303766973,,5,0.37017411052233157
TW,A,anchored,6,6,72,24,2007-01,2022-12,2023-01,2025-12,192,36,26424,silhouette_is,5,0.05,equal,E_top_calmar,1321,0,0,1321,0.22087840647378698,-0.4098779278994191,1.0600964205666563,0.14739109194559763,-0.1360094986323208,1.1772249370962689,,5,0.39666919000757
TW,A,anchored,6,6,72,24,2007-01,2022-12,2023-01,2025-12,192,36,26424,silhouette_is,5,0.05,proportional,A_hrp,1321,0,355,1321,0.1778381214041811,-0.47271649649381375,0.9008126092577567,0.13326036403705377,-0.13712679862158383,1.0876909823512528,,5,0.4201362604087812
TW,A,anchored,6,6,72,24,2007-01,2022-12,2023-01,2025-12,192,36,26424,silhouette_is,5,0.05,proportional,D_top_cagr,1321,0,0,1321,0.23468921146289246,-0.4818976093771875,1.0503819806751957,0.15478715181737157,-0.14137949072915257,1.2186533303766973,,5,0.37017411052233157
TW,A,anchored,6,6,72,24,2007-01,2022-12,2023-01,2025-12,192,36,26424,silhouette_is,5,0.05,proportional,E_top_calmar,1321,0,0,1321,0.22087840647378698,-0.4098779278994191,1.0600964205666563,0.14739109194559763,-0.1360094986323208,1.1772249370962689,,5,0.39666919000757
TW,A,anchored,6,6,72,24,2007-01,2022-12,2023-01,2025-12,192,36,26424,silhouette_is,5,0.1,equal,A_hrp,2642,1,1695,2642,0.1806936077890029,-0.5038794678107453,0.8881811020058946,0.13777107841456782,-0.14073244538482765,1.0867692082342035,,5,0.2028766086298259
TW,A,anchored,6,6,72,24,2007-01,2022-12,2023-01,2025-12,192,36,26424,silhouette_is,5,0.1,equal,D_top_cagr,2642,1,0,2642,0.21289519669405288,-0.4975255282396035,0.9914494861958753,0.15231062617390068,-0.13979152366883385,1.1947858181600324,,5,0.36828160484481454
TW,A,anchored,6,6,72,24,2007-01,2022-12,2023-01,2025-12,192,36,26424,silhouette_is,5,0.1,equal,E_top_calmar,2642,1,0,2642,0.20401768979426493,-0.4433226281366396,0.9962674620873069,0.1446818356327162,-0.13636130142403002,1.1468242506317103,,5,0.39288417865253594
TW,A,anchored,6,6,72,24,2007-01,2022-12,2023-01,2025-12,192,36,26424,silhouette_is,5,0.1,proportional,A_hrp,2642,0,1651,2642,0.1883719130180852,-0.4655257834504335,0.9381654197735101,0.13890659485317158,-0.13652983673849128,1.114638788900369,,5,0.4201362604087812
TW,A,anchored,6,6,72,24,2007-01,2022-12,2023-01,2025-12,192,36,26424,silhouette_is,5,0.1,proportional,D_top_cagr,2642,0,0,2642,0.21289519669405288,-0.4975255282396035,0.9914494861958753,0.15231062617390068,-0.13979152366883385,1.1947858181600324,,5,0.36828160484481454
TW,A,anchored,6,6,72,24,2007-01,2022-12,2023-01,2025-12,192,36,26424,silhouette_is,5,0.1,proportional,E_top_calmar,2642,0,0,2642,0.20401768979426493,-0.4433226281366396,0.9962674620873069,0.1446818356327162,-0.13636130142403002,1.1468242506317103,,5,0.39288417865253594
TW,B,anchored,1,4,72,36,2007-01,2012-12,2013-01,2015-12,72,36,26424,fixed,6,all,unallocated,B_all,26424,0,0,26424,0.10628853899047086,-0.5484999555627641,0.5037102289859081,0.12802282143361032,-0.1822593583971538,1.0396541461959237,,6,0.582689978807145
TW,B,anchored,1,4,72,36,2007-01,2012-12,2013-01,2015-12,72,36,26424,fixed,6,legacy,equal,A_hrp,30,0,1,30,0.3853853302091015,-0.29157090303695055,1.2868828022717447,0.13429461598429326,-0.16184782946429066,1.2102252158607485,5.365661451171747,6,0.16666666666666666
TW,B,anchored,1,4,72,36,2007-01,2012-12,2013-01,2015-12,72,36,26424,fixed,6,legacy,equal,D_top_cagr,30,0,0,30,0.62996512383903,-0.3946597808225226,0.6348073285782985,0.12913685822638454,-0.18540115674785973,1.1245339780827088,3.19578042233576,3,0.7666666666666667
TW,B,anchored,1,4,72,36,2007-01,2012-12,2013-01,2015-12,72,36,26424,fixed,6,legacy,equal,E_top_calmar,30,0,0,30,0.5760778823592625,-0.27864236987309987,0.842171807972199,0.10970581050709072,-0.1811585741606927,1.0058734795970508,3.496783612018009,5,0.4
TW,B,anchored,1,4,72,36,2007-01,2012-12,2013-01,2015-12,72,36,26424,fixed,6,legacy,proportional,A_hrp,30,0,0,30,0.36768195822561767,-0.24026515721332953,1.3377862839938495,0.12972324278356417,-0.1749732561575853,1.123394070539224,4.785157950483216,6,0.5666666666666667
TW,B,anchored,1,4,72,36,2007-01,2012-12,2013-01,2015-12,72,36,26424,fixed,6,legacy,proportional,D_top_cagr,30,0,0,30,0.62996512383903,-0.3946597808225226,0.6348073285782985,0.12913685822638454,-0.18540115674785973,1.1245339780827088,3.19578042233576,3,0.7666666666666667
TW,B,anchored,1,4,72,36,2007-01,2012-12,2013-01,2015-12,72,36,26424,fixed,6,legacy,proportional,E_top_calmar,30,0,0,30,0.5760778823592625,-0.27864236987309987,0.842171807972199,0.10970581050709072,-0.1811585741606927,1.0058734795970508,3.496783612018009,5,0.4
TW,B,anchored,1,4,72,36,2007-01,2012-12,2013-01,2015-12,72,36,26424,fixed,6,0.01,equal,A_hrp,264,0,69,264,0.32300417421556693,-0.3837947735140259,1.043122617922056,0.12900800115169453,-0.17157726717541844,1.1063551308631303,5.977102998406463,6,0.16666666666666666
TW,B,anchored,1,4,72,36,2007-01,2012-12,2013-01,2015-12,72,36,26424,fixed,6,0.01,equal,D_top_cagr,264,0,0,264,0.443738803802461,-0.4067684789947652,1.0422951748360036,0.14428816264424138,-0.1709456555143103,1.205403568336706,4.934585787114135,6,0.3143939393939394
TW,B,anchored,1,4,72,36,2007-01,2012-12,2013-01,2015-12,72,36,26424,fixed,6,0.01,equal,E_top_calmar,264,0,0,264,0.40373870159883873,-0.3154102057081194,1.111051743246373,0.1350569219023634,-0.1712584381563509,1.1675862888779447,4.790470055509618,6,0.2689393939393939
TW,B,anchored,1,4,72,36,2007-01,2012-12,2013-01,2015-12,72,36,26424,fixed,6,0.01,proportional,A_hrp,264,0,4,264,0.2648719651686129,-0.377640372858594,1.0240110673267349,0.13843286492167906,-0.1723595206554175,1.1397808875831072,5.885811425041672,6,0.5833333333333334
TW,B,anchored,1,4,72,36,2007-01,2012-12,2013-01,2015-12,72,36,26424,fixed,6,0.01,proportional,D_top_cagr,264,0,0,264,0.443738803802461,-0.4067684789947652,1.0422951748360036,0.14428816264424138,-0.1709456555143103,1.205403568336706,4.934585787114135,6,0.3143939393939394
TW,B,anchored,1,4,72,36,2007-01,2012-12,2013-01,2015-12,72,36,26424,fixed,6,0.01,proportional,E_top_calmar,264,0,0,264,0.40373870159883873,-0.3154102057081194,1.111051743246373,0.1350569219023634,-0.1712584381563509,1.1675862888779447,4.790470055509618,6,0.2689393939393939
TW,B,anchored,1,4,72,36,2007-01,2012-12,2013-01,2015-12,72,36,26424,fixed,6,0.03,equal,A_hrp,793,0,437,793,0.28609131959447276,-0.41884507527872117,1.0065951780985838,0.13563661145211592,-0.16977127748364307,1.1334638514084316,,6,0.1677175283732661
TW,B,anchored,1,4,72,36,2007-01,2012-12,2013-01,2015-12,72,36,26424,fixed,6,0.03,equal,D_top_cagr,793,0,0,793,0.33716192928574396,-0.43425618572538105,1.0461046814124693,0.14869705438824177,-0.17022901452318706,1.2069756893574115,,6,0.2471626733921816
TW,B,anchored,1,4,72,36,2007-01,2012-12,2013-01,2015-12,72,36,26424,fixed,6,0.03,equal,E_top_calmar,793,0,0,793,0.31798849200845236,-0.37131972518790934,1.0763176036827953,0.13597009062868426,-0.16987631921582702,1.154879518544354,,6,0.296343001261034
TW,B,anchored,1,4,72,36,2007-01,2012-12,2013-01,2015-12,72,36,26424,fixed,6,0.03,proportional,A_hrp,793,0,109,793,0.2120857254004893,-0.434322865872676,0.860044208505538,0.13089060393022223,-0.1748222910835342,1.0760229134198027,,6,0.5825977301387137
TW,B,anchored,1,4,72,36,2007-01,2012-12,2013-01,2015-12,72,36,26424,fixed,6,0.03,proportional,D_top_cagr,793,0,0,793,0.33716192928574396,-0.43425618572538105,1.0461046814124693,0.14869705438824177,-0.17022901452318706,1.2069756893574115,,6,0.2471626733921816
TW,B,anchored,1,4,72,36,2007-01,2012-12,2013-01,2015-12,72,36,26424,fixed,6,0.03,proportional,E_top_calmar,793,0,0,793,0.31798849200845236,-0.37131972518790934,1.0763176036827953,0.13597009062868426,-0.16987631921582702,1.154879518544354,,6,0.296343001261034
TW,B,anchored,1,4,72,36,2007-01,2012-12,2013-01,2015-12,72,36,26424,fixed,6,0.05,equal,A_hrp,1321,0,877,1321,0.2642452735917684,-0.4318304177508674,0.9644839899035863,0.13592556489637353,-0.1696267718368526,1.1287350821411755,,6,0.16729750189250567
TW,B,anchored,1,4,72,36,2007-01,2012-12,2013-01,2015-12,72,36,26424,fixed,6,0.05,equal,D_top_cagr,1321,0,0,1321,0.29599942780228394,-0.449887468925651,0.9964847423456711,0.14857279571412985,-0.17119157748259373,1.2012119942747752,,6,0.24829674489023468
TW,B,anchored,1,4,72,36,2007-01,2012-12,2013-01,2015-12,72,36,26424,fixed,6,0.05,equal,E_top_calmar,1321,0,0,1321,0.2838487124118936,-0.4038035421232268,1.0122415306844863,0.1389763546445657,-0.16989382123087649,1.1670687897119871,,6,0.279333838001514
TW,B,anchored,1,4,72,36,2007-01,2012-12,2013-01,2015-12,72,36,26424,fixed,6,0.05,proportional,A_hrp,1321,0,328,1321,0.1931183560874541,-0.4694921280393213,0.7833711123893596,0.131610309458708,-0.1754425392781105,1.0711133760076574,,6,0.5828917486752461
TW,B,anchored,1,4,72,36,2007-01,2012-12,2013-01,2015-12,72,36,26424,fixed,6,0.05,proportional,D_top_cagr,1321,0,0,1321,0.29599942780228394,-0.449887468925651,0.9964847423456711,0.14857279571412985,-0.17119157748259373,1.2012119942747752,,6,0.24829674489023468
TW,B,anchored,1,4,72,36,2007-01,2012-12,2013-01,2015-12,72,36,26424,fixed,6,0.05,proportional,E_top_calmar,1321,0,0,1321,0.2838487124118936,-0.4038035421232268,1.0122415306844863,0.1389763546445657,-0.16989382123087649,1.1670687897119871,,6,0.279333838001514
TW,B,anchored,1,4,72,36,2007-01,2012-12,2013-01,2015-12,72,36,26424,fixed,6,0.1,equal,A_hrp,2642,0,1978,2642,0.22563781102821667,-0.4640744435077646,0.8648416608174708,0.13475756422159724,-0.1703047749478992,1.1161104183873287,,6,0.16691900075700228
TW,B,anchored,1,4,72,36,2007-01,2012-12,2013-01,2015-12,72,36,26424,fixed,6,0.1,equal,D_top_cagr,2642,0,0,2642,0.2483136326293971,-0.46810265527945716,0.9071647169252997,0.14692194259263136,-0.17213999064173868,1.1888084947560815,,6,0.2838758516275549
TW,B,anchored,1,4,72,36,2007-01,2012-12,2013-01,2015-12,72,36,26424,fixed,6,0.1,equal,E_top_calmar,2642,0,0,2642,0.24166315181273323,-0.4357676248711714,0.9138368083361729,0.14023402894963022,-0.17269899852868775,1.1606037127712958,,6,0.3213474640423921
TW,B,anchored,1,4,72,36,2007-01,2012-12,2013-01,2015-12,72,36,26424,fixed,6,0.1,proportional,A_hrp,2642,0,1609,2642,0.2026971098730601,-0.46059655460374993,0.8131063849696347,0.13770088738447628,-0.17584767761072384,1.1245715426958618,,6,0.5825132475397427
TW,B,anchored,1,4,72,36,2007-01,2012-12,2013-01,2015-12,72,36,26424,fixed,6,0.1,proportional,D_top_cagr,2642,0,0,2642,0.2483136326293971,-0.46810265527945716,0.9071647169252997,0.14692194259263136,-0.17213999064173868,1.1888084947560815,,6,0.2838758516275549
TW,B,anchored,1,4,72,36,2007-01,2012-12,2013-01,2015-12,72,36,26424,fixed,6,0.1,proportional,E_top_calmar,2642,0,0,2642,0.24166315181273323,-0.4357676248711714,0.9138368083361729,0.14023402894963022,-0.17269899852868775,1.1606037127712958,,6,0.3213474640423921
TW,B,anchored,1,4,72,36,2007-01,2012-12,2013-01,2015-12,72,36,26424,silhouette_is,11,all,unallocated,B_all,26424,0,0,26424,0.10628853899047086,-0.5484999555627641,0.5037102289859081,0.12802282143361032,-0.1822593583971538,1.0396541461959237,,11,0.46783227369058433
TW,B,anchored,1,4,72,36,2007-01,2012-12,2013-01,2015-12,72,36,26424,silhouette_is,11,legacy,equal,A_hrp,55,0,0,55,0.348021126454497,-0.31348709003002784,1.2340104811953867,0.1424893110910579,-0.16760365967481583,1.2081380862834161,5.503528389471887,11,0.09090909090909091
TW,B,anchored,1,4,72,36,2007-01,2012-12,2013-01,2015-12,72,36,26424,silhouette_is,11,legacy,equal,D_top_cagr,55,0,0,55,0.5964118618433434,-0.400502965478148,0.751004631245712,0.14291370737382336,-0.17974936313307976,1.1977066476667706,4.159491207087082,6,0.6
TW,B,anchored,1,4,72,36,2007-01,2012-12,2013-01,2015-12,72,36,26424,silhouette_is,11,legacy,equal,E_top_calmar,55,0,0,55,0.5122773109071468,-0.2778077499334348,0.9540381794421218,0.12017900392622538,-0.176224243202718,1.0942308156889735,3.826535060057023,9,0.34545454545454546
TW,B,anchored,1,4,72,36,2007-01,2012-12,2013-01,2015-12,72,36,26424,silhouette_is,11,legacy,proportional,A_hrp,55,0,0,55,0.3258161518973577,-0.2691094348516926,1.2177079153443116,0.1383420318491264,-0.1719595050059617,1.161122401193189,4.922938333687638,11,0.4727272727272727
TW,B,anchored,1,4,72,36,2007-01,2012-12,2013-01,2015-12,72,36,26424,silhouette_is,11,legacy,proportional,D_top_cagr,55,0,0,55,0.5964118618433434,-0.400502965478148,0.751004631245712,0.14291370737382336,-0.17974936313307976,1.1977066476667706,4.159491207087082,6,0.6
TW,B,anchored,1,4,72,36,2007-01,2012-12,2013-01,2015-12,72,36,26424,silhouette_is,11,legacy,proportional,E_top_calmar,55,0,0,55,0.5122773109071468,-0.2778077499334348,0.9540381794421218,0.12017900392622538,-0.176224243202718,1.0942308156889735,3.826535060057023,9,0.34545454545454546
TW,B,anchored,1,4,72,36,2007-01,2012-12,2013-01,2015-12,72,36,26424,silhouette_is,11,0.01,equal,A_hrp,264,0,46,264,0.3080348592311033,-0.3867466323083838,1.058288886724321,0.13707689576876647,-0.1706866184449125,1.1413453722730673,5.804714136767253,11,0.09090909090909091
TW,B,anchored,1,4,72,36,2007-01,2012-12,2013-01,2015-12,72,36,26424,silhouette_is,11,0.01,equal,D_top_cagr,264,0,0,264,0.443738803802461,-0.4067684789947652,1.0422951748360036,0.14428816264424138,-0.1709456555143103,1.205403568336706,4.934585787114135,11,0.29545454545454547
TW,B,anchored,1,4,72,36,2007-01,2012-12,2013-01,2015-12,72,36,26424,silhouette_is,11,0.01,equal,E_top_calmar,264,0,0,264,0.40373870159883873,-0.3154102057081194,1.111051743246373,0.1350569219023634,-0.1712584381563509,1.1675862888779447,4.790470055509618,11,0.24242424242424243
TW,B,anchored,1,4,72,36,2007-01,2012-12,2013-01,2015-12,72,36,26424,silhouette_is,11,0.01,proportional,A_hrp,264,0,0,264,0.2560883783102583,-0.3789301733057132,0.9964224913757911,0.13849658777789053,-0.16915964466452138,1.1515817613806154,5.7786170376626895,11,0.4659090909090909
TW,B,anchored,1,4,72,36,2007-01,2012-12,2013-01,2015-12,72,36,26424,silhouette_is,11,0.01,proportional,D_top_cagr,264,0,0,264,0.443738803802461,-0.4067684789947652,1.0422951748360036,0.14428816264424138,-0.1709456555143103,1.205403568336706,4.934585787114135,11,0.29545454545454547
TW,B,anchored,1,4,72,36,2007-01,2012-12,2013-01,2015-12,72,36,26424,silhouette_is,11,0.01,proportional,E_top_calmar,264,0,0,264,0.40373870159883873,-0.3154102057081194,1.111051743246373,0.1350569219023634,-0.1712584381563509,1.1675862888779447,4.790470055509618,11,0.24242424242424243
TW,B,anchored,1,4,72,36,2007-01,2012-12,2013-01,2015-12,72,36,26424,silhouette_is,11,0.03,equal,A_hrp,793,0,346,793,0.27641799198512973,-0.4168164624445978,0.9909764058519086,0.1354803068134529,-0.17092850420087669,1.1235823689994513,,11,0.09205548549810845
TW,B,anchored,1,4,72,36,2007-01,2012-12,2013-01,2015-12,72,36,26424,silhouette_is,11,0.03,equal,D_top_cagr,793,0,0,793,0.33716192928574396,-0.43425618572538105,1.0461046814124693,0.14869705438824177,-0.17022901452318706,1.2069756893574115,,11,0.1677175283732661
TW,B,anchored,1,4,72,36,2007-01,2012-12,2013-01,2015-12,72,36,26424,silhouette_is,11,0.03,equal,E_top_calmar,793,0,0,793,0.31798849200845236,-0.37131972518790934,1.0763176036827953,0.13597009062868426,-0.16987631921582702,1.154879518544354,,11,0.19293820933165196
TW,B,anchored,1,4,72,36,2007-01,2012-12,2013-01,2015-12,72,36,26424,silhouette_is,11,0.03,proportional,A_hrp,793,0,72,793,0.1997903222580184,-0.44672417184049673,0.817985896151286,0.13176454869693388,-0.17476743205825507,1.0745751691286662,,11,0.467843631778058
TW,B,anchored,1,4,72,36,2007-01,2012-12,2013-01,2015-12,72,36,26424,silhouette_is,11,0.03,proportional,D_top_cagr,793,0,0,793,0.33716192928574396,-0.43425618572538105,1.0461046814124693,0.14869705438824177,-0.17022901452318706,1.2069756893574115,,11,0.1677175283732661
TW,B,anchored,1,4,72,36,2007-01,2012-12,2013-01,2015-12,72,36,26424,silhouette_is,11,0.03,proportional,E_top_calmar,793,0,0,793,0.31798849200845236,-0.37131972518790934,1.0763176036827953,0.13597009062868426,-0.16987631921582702,1.154879518544354,,11,0.19293820933165196
TW,B,anchored,1,4,72,36,2007-01,2012-12,2013-01,2015-12,72,36,26424,silhouette_is,11,0.05,equal,A_hrp,1321,0,765,1321,0.25805452891848724,-0.43074853527108414,0.9507859776058702,0.13579356687262933,-0.17175946370359707,1.1240238456180571,,11,0.09159727479182438
TW,B,anchored,1,4,72,36,2007-01,2012-12,2013-01,2015-12,72,36,26424,silhouette_is,11,0.05,equal,D_top_cagr,1321,0,0,1321,0.29599942780228394,-0.449887468925651,0.9964847423456711,0.14857279571412985,-0.17119157748259373,1.2012119942747752,,11,0.17865253595760788
TW,B,anchored,1,4,72,36,2007-01,2012-12,2013-01,2015-12,72,36,26424,silhouette_is,11,0.05,equal,E_top_calmar,1321,0,0,1321,0.2838487124118936,-0.4038035421232268,1.0122415306844863,0.1389763546445657,-0.16989382123087649,1.1670687897119871,,11,0.19530658591975775
TW,B,anchored,1,4,72,36,2007-01,2012-12,2013-01,2015-12,72,36,26424,silhouette_is,11,0.05,proportional,A_hrp,1321,0,239,1321,0.1774829273953933,-0.4789560293609906,0.7380988519264425,0.13021716361206193,-0.17743484805094834,1.0556632808524768,,11,0.46782740348221047
TW,B,anchored,1,4,72,36,2007-01,2012-12,2013-01,2015-12,72,36,26424,silhouette_is,11,0.05,proportional,D_top_cagr,1321,0,0,1321,0.29599942780228394,-0.449887468925651,0.9964847423456711,0.14857279571412985,-0.17119157748259373,1.2012119942747752,,11,0.17865253595760788
TW,B,anchored,1,4,72,36,2007-01,2012-12,2013-01,2015-12,72,36,26424,silhouette_is,11,0.05,proportional,E_top_calmar,1321,0,0,1321,0.2838487124118936,-0.4038035421232268,1.0122415306844863,0.1389763546445657,-0.16989382123087649,1.1670687897119871,,11,0.19530658591975775
TW,B,anchored,1,4,72,36,2007-01,2012-12,2013-01,2015-12,72,36,26424,silhouette_is,11,0.1,equal,A_hrp,2642,1,1893,2642,0.22525106390194427,-0.458566928681861,0.8655158363867158,0.13986133195040185,-0.1717925314341726,1.1428351070895622,,11,0.09424678274034821
TW,B,anchored,1,4,72,36,2007-01,2012-12,2013-01,2015-12,72,36,26424,silhouette_is,11,0.1,equal,D_top_cagr,2642,1,0,2642,0.2483136326293971,-0.46810265527945716,0.9071647169252997,0.14692194259263136,-0.17213999064173868,1.1888084947560815,,11,0.17297501892505676
TW,B,anchored,1,4,72,36,2007-01,2012-12,2013-01,2015-12,72,36,26424,silhouette_is,11,0.1,equal,E_top_calmar,2642,1,0,2642,0.24166315181273323,-0.4357676248711714,0.9138368083361729,0.14023402894963022,-0.17269899852868775,1.1606037127712958,,11,0.19719909159727478
TW,B,anchored,1,4,72,36,2007-01,2012-12,2013-01,2015-12,72,36,26424,silhouette_is,11,0.1,proportional,A_hrp,2642,0,1441,2642,0.1894993921175021,-0.46704801892000536,0.7765765145133774,0.13549461026101173,-0.17444690233952687,1.1184691486416296,,11,0.46782740348221047
TW,B,anchored,1,4,72,36,2007-01,2012-12,2013-01,2015-12,72,36,26424,silhouette_is,11,0.1,proportional,D_top_cagr,2642,0,0,2642,0.2483136326293971,-0.46810265527945716,0.9071647169252997,0.14692194259263136,-0.17213999064173868,1.1888084947560815,,11,0.17297501892505676
TW,B,anchored,1,4,72,36,2007-01,2012-12,2013-01,2015-12,72,36,26424,silhouette_is,11,0.1,proportional,E_top_calmar,2642,0,0,2642,0.24166315181273323,-0.4357676248711714,0.9138368083361729,0.14023402894963022,-0.17269899852868775,1.1606037127712958,,11,0.19719909159727478
TW,B,anchored,2,4,72,36,2007-01,2015-12,2016-01,2018-12,108,36,26424,fixed,6,all,unallocated,B_all,26424,0,0,26424,0.11348636712070581,-0.5484999555627641,0.5727391935116142,0.10635995227872685,-0.15514517106851222,0.9757166990155409,,6,0.5378822282773237
TW,B,anchored,2,4,72,36,2007-01,2015-12,2016-01,2018-12,108,36,26424,fixed,6,legacy,equal,A_hrp,30,0,1,30,0.31041775914948233,-0.2614371725989023,1.2460911913191006,0.13984962762985842,-0.1326112738931422,1.3051197355128747,4.254449029800332,6,0.16666666666666666
TW,B,anchored,2,4,72,36,2007-01,2015-12,2016-01,2018-12,108,36,26424,fixed,6,legacy,equal,D_top_cagr,30,0,0,30,0.47464706282310254,-0.40072511251388643,0.6099832882001762,0.17893484134362492,-0.13563121097179343,1.5780623104920344,3.8836395856180936,5,0.6333333333333333
TW,B,anchored,2,4,72,36,2007-01,2015-12,2016-01,2018-12,108,36,26424,fixed,6,legacy,equal,E_top_calmar,30,0,0,30,0.4112572016683056,-0.25580186101262403,0.7860166036606938,0.1765665339808682,-0.1433252593979888,1.4909795495056553,3.654058687678737,4,0.36666666666666664
TW,B,anchored,2,4,72,36,2007-01,2015-12,2016-01,2018-12,108,36,26424,fixed,6,legacy,proportional,A_hrp,30,0,0,30,0.2890719699182738,-0.23510886531053898,1.2561017950096376,0.13577116331222872,-0.13922324343011672,1.2386080015891925,4.153398148118667,6,0.5333333333333333
TW,B,anchored,2,4,72,36,2007-01,2015-12,2016-01,2018-12,108,36,26424,fixed,6,legacy,proportional,D_top_cagr,30,0,0,30,0.47464706282310254,-0.40072511251388643,0.6099832882001762,0.17893484134362492,-0.13563121097179343,1.5780623104920344,3.8836395856180936,5,0.6333333333333333
TW,B,anchored,2,4,72,36,2007-01,2015-12,2016-01,2018-12,108,36,26424,fixed,6,legacy,proportional,E_top_calmar,30,0,0,30,0.4112572016683056,-0.25580186101262403,0.7860166036606938,0.1765665339808682,-0.1433252593979888,1.4909795495056553,3.654058687678737,4,0.36666666666666664
TW,B,anchored,2,4,72,36,2007-01,2015-12,2016-01,2018-12,108,36,26424,fixed,6,0.01,equal,A_hrp,264,0,62,264,0.2659443378537514,-0.3790496014840459,1.0162933302272137,0.12699424499560275,-0.14370133202246493,1.1850068179612199,5.416204361225617,6,0.16666666666666666
TW,B,anchored,2,4,72,36,2007-01,2015-12,2016-01,2018-12,108,36,26424,fixed,6,0.01,equal,D_top_cagr,264,0,0,264,0.3435576232171569,-0.4235630401740994,0.9959529899878145,0.14894400003476238,-0.14301451671832932,1.344013663356744,4.924492217437599,6,0.2916666666666667
TW,B,anchored,2,4,72,36,2007-01,2015-12,2016-01,2018-12,108,36,26424,fixed,6,0.01,equal,E_top_calmar,264,0,0,264,0.3072646842530673,-0.3143646159915169,1.0641929104800323,0.14905155574805806,-0.13936062431208807,1.3594065267147482,4.185628516282496,6,0.2765151515151515
TW,B,anchored,2,4,72,36,2007-01,2015-12,2016-01,2018-12,108,36,26424,fixed,6,0.01,proportional,A_hrp,264,0,4,264,0.22872936070331384,-0.36030021459469574,1.033869840864421,0.11671439088240376,-0.14762529816933334,1.0898685742222214,5.290739803304022,6,0.5378787878787878
TW,B,anchored,2,4,72,36,2007-01,2015-12,2016-01,2018-12,108,36,26424,fixed,6,0.01,proportional,D_top_cagr,264,0,0,264,0.3435576232171569,-0.4235630401740994,0.9959529899878145,0.14894400003476238,-0.14301451671832932,1.344013663356744,4.924492217437599,6,0.2916666666666667
TW,B,anchored,2,4,72,36,2007-01,2015-12,2016-01,2018-12,108,36,26424,fixed,6,0.01,proportional,E_top_calmar,264,0,0,264,0.3072646842530673,-0.3143646159915169,1.0641929104800323,0.14905155574805806,-0.13936062431208807,1.3594065267147482,4.185628516282496,6,0.2765151515151515
TW,B,anchored,2,4,72,36,2007-01,2015-12,2016-01,2018-12,108,36,26424,fixed,6,0.03,equal,A_hrp,793,0,354,793,0.22631805495511492,-0.42200238879637453,0.9586775607939706,0.12182422906381163,-0.14706384294472774,1.12959620005174,,6,0.1677175283732661
TW,B,anchored,2,4,72,36,2007-01,2015-12,2016-01,2018-12,108,36,26424,fixed,6,0.03,equal,D_top_cagr,793,0,0,793,0.2773647667879138,-0.46222985016253637,1.0126010742301084,0.13778123161606715,-0.1476959043774989,1.2377328762624134,,6,0.27490542244640603
TW,B,anchored,2,4,72,36,2007-01,2015-12,2016-01,2018-12,108,36,26424,fixed,6,0.03,equal,E_top_calmar,793,0,0,793,0.2582926461740809,-0.37361185259411134,1.044493060896234,0.13176241415935208,-0.1441329160545034,1.2126325696770301,,6,0.29129886506935687
TW,B,anchored,2,4,72,36,2007-01,2015-12,2016-01,2018-12,108,36,26424,fixed,6,0.03,proportional,A_hrp,793,0,70,793,0.1868914091534446,-0.44089968068785035,0.8636412567141281,0.10976064949802611,-0.15125989151054386,1.0249808040001565,,6,0.5384615384615384
TW,B,anchored,2,4,72,36,2007-01,2015-12,2016-01,2018-12,108,36,26424,fixed,6,0.03,proportional,D_top_cagr,793,0,0,793,0.2773647667879138,-0.46222985016253637,1.0126010742301084,0.13778123161606715,-0.1476959043774989,1.2377328762624134,,6,0.27490542244640603
TW,B,anchored,2,4,72,36,2007-01,2015-12,2016-01,2018-12,108,36,26424,fixed,6,0.03,proportional,E_top_calmar,793,0,0,793,0.2582926461740809,-0.37361185259411134,1.044493060896234,0.13176241415935208,-0.1441329160545034,1.2126325696770301,,6,0.29129886506935687
TW,B,anchored,2,4,72,36,2007-01,2015-12,2016-01,2018-12,108,36,26424,fixed,6,0.05,equal,A_hrp,1321,0,794,1321,0.22090111692031789,-0.43341768035808137,0.944658940116482,0.12013857238597114,-0.14883924599547937,1.1093442081148017,,6,0.16729750189250567
TW,B,anchored,2,4,72,36,2007-01,2015-12,2016-01,2018-12,108,36,26424,fixed,6,0.05,equal,D_top_cagr,1321,0,0,1321,0.25148073885858535,-0.47119133062469964,0.9824508062832402,0.13360659004307962,-0.15029672999895882,1.1948316677203954,,6,0.24678274034822104
TW,B,anchored,2,4,72,36,2007-01,2015-12,2016-01,2018-12,108,36,26424,fixed,6,0.05,equal,E_top_calmar,1321,0,0,1321,0.2387728284712729,-0.4084133277749128,1.0003682179330569,0.12967559611686874,-0.14675526169199193,1.1863287886590996,,6,0.3028009084027252
TW,B,anchored,2,4,72,36,2007-01,2015-12,2016-01,2018-12,108,36,26424,fixed,6,0.05,proportional,A_hrp,1321,0,305,1321,0.1791420224122784,-0.464061748749506,0.8223608072583305,0.10959118437519577,-0.15256534634929864,1.0167005903160085,,6,0.5374716124148372
TW,B,anchored,2,4,72,36,2007-01,2015-12,2016-01,2018-12,108,36,26424,fixed,6,0.05,proportional,D_top_cagr,1321,0,0,1321,0.25148073885858535,-0.47119133062469964,0.9824508062832402,0.13360659004307962,-0.15029672999895882,1.1948316677203954,,6,0.24678274034822104
TW,B,anchored,2,4,72,36,2007-01,2015-12,2016-01,2018-12,108,36,26424,fixed,6,0.05,proportional,E_top_calmar,1321,0,0,1321,0.2387728284712729,-0.4084133277749128,1.0003682179330569,0.12967559611686874,-0.14675526169199193,1.1863287886590996,,6,0.3028009084027252
TW,B,anchored,2,4,72,36,2007-01,2015-12,2016-01,2018-12,108,36,26424,fixed,6,0.1,equal,A_hrp,2642,0,1895,2642,0.19973603277487229,-0.4649074826734638,0.8748512602259926,0.11565424152525794,-0.15091421173401542,1.0691830455621447,,6,0.16691900075700228
TW,B,anchored,2,4,72,36,2007-01,2015-12,2016-01,2018-12,108,36,26424,fixed,6,0.1,equal,D_top_cagr,2642,0,0,2642,0.2194339124971436,-0.4859196999626807,0.9160522109267853,0.1313827187404617,-0.1507737865791895,1.1765749198632296,,6,0.28993186979560936
TW,B,anchored,2,4,72,36,2007-01,2015-12,2016-01,2018-12,108,36,26424,fixed,6,0.1,equal,E_top_calmar,2642,0,0,2642,0.2114685084731336,-0.4422071995445982,0.9237295558689921,0.12813410549794146,-0.14835675271796944,1.1657680990590393,,6,0.3618470855412566
TW,B,anchored,2,4,72,36,2007-01,2015-12,2016-01,2018-12,108,36,26424,fixed,6,0.1,proportional,A_hrp,2642,0,1552,2642,0.18603928774261513,-0.4621681167354569,0.8442270020225834,0.12004508685608739,-0.15086202106778845,1.0984401149692293,,6,0.5378501135503406
TW,B,anchored,2,4,72,36,2007-01,2015-12,2016-01,2018-12,108,36,26424,fixed,6,0.1,proportional,D_top_cagr,2642,0,0,2642,0.2194339124971436,-0.4859196999626807,0.9160522109267853,0.1313827187404617,-0.1507737865791895,1.1765749198632296,,6,0.28993186979560936
TW,B,anchored,2,4,72,36,2007-01,2015-12,2016-01,2018-12,108,36,26424,fixed,6,0.1,proportional,E_top_calmar,2642,0,0,2642,0.2114685084731336,-0.4422071995445982,0.9237295558689921,0.12813410549794146,-0.14835675271796944,1.1657680990590393,,6,0.3618470855412566
TW,B,anchored,2,4,72,36,2007-01,2015-12,2016-01,2018-12,108,36,26424,silhouette_is,11,all,unallocated,B_all,26424,0,0,26424,0.11348636712070581,-0.5484999555627641,0.5727391935116142,0.10635995227872685,-0.15514517106851222,0.9757166990155409,,11,0.3787465940054496
TW,B,anchored,2,4,72,36,2007-01,2015-12,2016-01,2018-12,108,36,26424,silhouette_is,11,legacy,equal,A_hrp,55,0,0,55,0.29105306464593483,-0.34135828102106414,1.1848188947877596,0.12496104791246454,-0.14414136115394127,1.1594747861273411,4.897816511248825,11,0.09090909090909091
TW,B,anchored,2,4,72,36,2007-01,2015-12,2016-01,2018-12,108,36,26424,silhouette_is,11,legacy,equal,D_top_cagr,55,0,0,55,0.4368628820346965,-0.41205547256587516,0.7130927053147829,0.17186369476927132,-0.13427459946908626,1.544674856561859,4.133314701431216,8,0.5272727272727272
TW,B,anchored,2,4,72,36,2007-01,2015-12,2016-01,2018-12,108,36,26424,silhouette_is,11,legacy,equal,E_top_calmar,55,0,0,55,0.3740643179573693,-0.2746811079779321,0.8996258141257051,0.16446424239587487,-0.1380879093925389,1.4455713716292962,3.7210925143033764,6,0.3090909090909091
TW,B,anchored,2,4,72,36,2007-01,2015-12,2016-01,2018-12,108,36,26424,silhouette_is,11,legacy,proportional,A_hrp,55,0,0,55,0.2750771196829991,-0.271798682358696,1.2034875737316324,0.13680502509040715,-0.13864842361308283,1.266001273787173,4.605124016355967,11,0.38181818181818183
TW,B,anchored,2,4,72,36,2007-01,2015-12,2016-01,2018-12,108,36,26424,silhouette_is,11,legacy,proportional,D_top_cagr,55,0,0,55,0.4368628820346965,-0.41205547256587516,0.7130927053147829,0.17186369476927132,-0.13427459946908626,1.544674856561859,4.133314701431216,8,0.5272727272727272
TW,B,anchored,2,4,72,36,2007-01,2015-12,2016-01,2018-12,108,36,26424,silhouette_is,11,legacy,proportional,E_top_calmar,55,0,0,55,0.3740643179573693,-0.2746811079779321,0.8996258141257051,0.16446424239587487,-0.1380879093925389,1.4455713716292962,3.7210925143033764,6,0.3090909090909091
TW,B,anchored,2,4,72,36,2007-01,2015-12,2016-01,2018-12,108,36,26424,silhouette_is,11,0.01,equal,A_hrp,264,0,42,264,0.256913885692154,-0.3971071989297862,1.0259579434376704,0.12429791276092272,-0.14130054146698579,1.1758562940891255,5.4592010928971675,11,0.09090909090909091
TW,B,anchored,2,4,72,36,2007-01,2015-12,2016-01,2018-12,108,36,26424,silhouette_is,11,0.01,equal,D_top_cagr,264,0,0,264,0.3435576232171569,-0.4235630401740994,0.9959529899878145,0.14894400003476238,-0.14301451671832932,1.344013663356744,4.924492217437599,11,0.24242424242424243
TW,B,anchored,2,4,72,36,2007-01,2015-12,2016-01,2018-12,108,36,26424,silhouette_is,11,0.01,equal,E_top_calmar,264,0,0,264,0.3072646842530673,-0.3143646159915169,1.0641929104800323,0.14905155574805806,-0.13936062431208807,1.3594065267147482,4.185628516282496,11,0.1893939393939394
TW,B,anchored,2,4,72,36,2007-01,2015-12,2016-01,2018-12,108,36,26424,silhouette_is,11,0.01,proportional,A_hrp,264,0,0,264,0.2279837873067201,-0.36868759119603034,1.0240281645645561,0.11860177734510868,-0.14850163453179888,1.1042158285303747,5.179326502649592,11,0.3787878787878788
TW,B,anchored,2,4,72,36,2007-01,2015-12,2016-01,2018-12,108,36,26424,silhouette_is,11,0.01,proportional,D_top_cagr,264,0,0,264,0.3435576232171569,-0.4235630401740994,0.9959529899878145,0.14894400003476238,-0.14301451671832932,1.344013663356744,4.924492217437599,11,0.24242424242424243
TW,B,anchored,2,4,72,36,2007-01,2015-12,2016-01,2018-12,108,36,26424,silhouette_is,11,0.01,proportional,E_top_calmar,264,0,0,264,0.3072646842530673,-0.3143646159915169,1.0641929104800323,0.14905155574805806,-0.13936062431208807,1.3594065267147482,4.185628516282496,11,0.1893939393939394
TW,B,anchored,2,4,72,36,2007-01,2015-12,2016-01,2018-12,108,36,26424,silhouette_is,11,0.03,equal,A_hrp,793,0,328,793,0.2369692074775127,-0.4245470295699074,0.9729101752868801,0.12000884250331367,-0.14796662587319576,1.1076324476677684,,11,0.09205548549810845
TW,B,anchored,2,4,72,36,2007-01,2015-12,2016-01,2018-12,108,36,26424,silhouette_is,11,0.03,equal,D_top_cagr,793,0,0,793,0.2773647667879138,-0.46222985016253637,1.0126010742301084,0.13778123161606715,-0.1476959043774989,1.2377328762624134,,11,0.1664564943253468
TW,B,anchored,2,4,72,36,2007-01,2015-12,2016-01,2018-12,108,36,26424,silhouette_is,11,0.03,equal,E_top_calmar,793,0,0,793,0.2582926461740809,-0.37361185259411134,1.044493060896234,0.13176241415935208,-0.1441329160545034,1.2126325696770301,,11,0.18158890290037832
TW,B,anchored,2,4,72,36,2007-01,2015-12,2016-01,2018-12,108,36,26424,silhouette_is,11,0.03,proportional,A_hrp,793,0,18,793,0.17967792765889024,-0.44859288307713685,0.8394069173115254,0.10957652747559776,-0.1479979445517966,1.0343437738136134,,11,0.37831021437578816
TW,B,anchored,2,4,72,36,2007-01,2015-12,2016-01,2018-12,108,36,26424,silhouette_is,11,0.03,proportional,D_top_cagr,793,0,0,793,0.2773647667879138,-0.46222985016253637,1.0126010742301084,0.13778123161606715,-0.1476959043774989,1.2377328762624134,,11,0.1664564943253468
TW,B,anchored,2,4,72,36,2007-01,2015-12,2016-01,2018-12,108,36,26424,silhouette_is,11,0.03,proportional,E_top_calmar,793,0,0,793,0.2582926461740809,-0.37361185259411134,1.044493060896234,0.13176241415935208,-0.1441329160545034,1.2126325696770301,,11,0.18158890290037832
TW,B,anchored,2,4,72,36,2007-01,2015-12,2016-01,2018-12,108,36,26424,silhouette_is,11,0.05,equal,A_hrp,1321,0,698,1321,0.222031925735253,-0.4418299101335078,0.9350114002600348,0.11512367562968473,-0.15093560853154087,1.0620432214761235,,11,0.09159727479182438
TW,B,anchored,2,4,72,36,2007-01,2015-12,2016-01,2018-12,108,36,26424,silhouette_is,11,0.05,equal,D_top_cagr,1321,0,0,1321,0.25148073885858535,-0.47119133062469964,0.9824508062832402,0.13360659004307962,-0.15029672999895882,1.1948316677203954,,11,0.1642694928084784
TW,B,anchored,2,4,72,36,2007-01,2015-12,2016-01,2018-12,108,36,26424,silhouette_is,11,0.05,equal,E_top_calmar,1321,0,0,1321,0.2387728284712729,-0.4084133277749128,1.0003682179330569,0.12967559611686874,-0.14675526169199193,1.1863287886590996,,11,0.17789553368660105
TW,B,anchored,2,4,72,36,2007-01,2015-12,2016-01,2018-12,108,36,26424,silhouette_is,11,0.05,proportional,A_hrp,1321,0,185,1321,0.16907794892328032,-0.47479362975058703,0.787847029804538,0.10807090163249367,-0.15131904791489859,1.007161828465919,,11,0.3785011355034065
TW,B,anchored,2,4,72,36,2007-01,2015-12,2016-01,2018-12,108,36,26424,silhouette_is,11,0.05,proportional,D_top_cagr,1321,0,0,1321,0.25148073885858535,-0.47119133062469964,0.9824508062832402,0.13360659004307962,-0.15029672999895882,1.1948316677203954,,11,0.1642694928084784
TW,B,anchored,2,4,72,36,2007-01,2015-12,2016-01,2018-12,108,36,26424,silhouette_is,11,0.05,proportional,E_top_calmar,1321,0,0,1321,0.2387728284712729,-0.4084133277749128,1.0003682179330569,0.12967559611686874,-0.14675526169199193,1.1863287886590996,,11,0.17789553368660105
TW,B,anchored,2,4,72,36,2007-01,2015-12,2016-01,2018-12,108,36,26424,silhouette_is,11,0.1,equal,A_hrp,2642,1,1701,2642,0.19735118768917093,-0.4683380509072066,0.8631109430908386,0.11139805047229667,-0.15298173767312984,1.0243135091510285,,11,0.09500378501135504
TW,B,anchored,2,4,72,36,2007-01,2015-12,2016-01,2018-12,108,36,26424,silhouette_is,11,0.1,equal,D_top_cagr,2642,1,0,2642,0.2194339124971436,-0.4859196999626807,0.9160522109267853,0.1313827187404617,-0.1507737865791895,1.1765749198632296,,11,0.15821347464042393
TW,B,anchored,2,4,72,36,2007-01,2015-12,2016-01,2018-12,108,36,26424,silhouette_is,11,0.1,equal,E_top_calmar,2642,1,0,2642,0.2114685084731336,-0.4422071995445982,0.9237295558689921,0.12813410549794146,-0.14835675271796944,1.1657680990590393,,11,0.186222558667676
TW,B,anchored,2,4,72,36,2007-01,2015-12,2016-01,2018-12,108,36,26424,silhouette_is,11,0.1,proportional,A_hrp,2642,0,1311,2642,0.1745474906864768,-0.4705281543777209,0.8099270143951248,0.11603531334978845,-0.15219485379780306,1.064315328241754,,11,0.3788796366389099
TW,B,anchored,2,4,72,36,2007-01,2015-12,2016-01,2018-12,108,36,26424,silhouette_is,11,0.1,proportional,D_top_cagr,2642,0,0,2642,0.2194339124971436,-0.4859196999626807,0.9160522109267853,0.1313827187404617,-0.1507737865791895,1.1765749198632296,,11,0.15821347464042393
TW,B,anchored,2,4,72,36,2007-01,2015-12,2016-01,2018-12,108,36,26424,silhouette_is,11,0.1,proportional,E_top_calmar,2642,0,0,2642,0.2114685084731336,-0.4422071995445982,0.9237295558689921,0.12813410549794146,-0.14835675271796944,1.1657680990590393,,11,0.186222558667676
TW,B,anchored,3,4,72,36,2007-01,2018-12,2019-01,2021-12,144,36,26424,fixed,6,all,unallocated,B_all,26424,0,0,26424,0.11170047146584317,-0.5484999555627641,0.6053400740738659,0.30426106781862106,-0.1939917099299059,1.5315046129274823,,6,0.510823493793521
TW,B,anchored,3,4,72,36,2007-01,2018-12,2019-01,2021-12,144,36,26424,fixed,6,legacy,equal,A_hrp,30,0,1,30,0.25693804085525107,-0.24633433005418504,1.1960468172818828,0.3517681826993089,-0.1826931659794766,1.6773494663093331,2.779099575664298,6,0.16666666666666666
TW,B,anchored,3,4,72,36,2007-01,2018-12,2019-01,2021-12,144,36,26424,fixed,6,legacy,equal,D_top_cagr,30,0,0,30,0.3903828804324665,-0.389787822306389,0.5762521498231643,0.39192305265039074,-0.216611676460429,1.6042648772890764,2.4601079682853846,5,0.6666666666666666
TW,B,anchored,3,4,72,36,2007-01,2018-12,2019-01,2021-12,144,36,26424,fixed,6,legacy,equal,E_top_calmar,30,0,0,30,0.35361805121136247,-0.28411303906858876,0.7684889181667488,0.3748955772218765,-0.19724389890685423,1.6070032664896121,2.3489818306358017,4,0.3333333333333333
TW,B,anchored,3,4,72,36,2007-01,2018-12,2019-01,2021-12,144,36,26424,fixed,6,legacy,proportional,A_hrp,30,0,0,30,0.2520741218791702,-0.2417797360538908,1.2296954804912175,0.34962391185228103,-0.19349764037381112,1.6527260007537918,2.641018378539304,6,0.5
TW,B,anchored,3,4,72,36,2007-01,2018-12,2019-01,2021-12,144,36,26424,fixed,6,legacy,proportional,D_top_cagr,30,0,0,30,0.3903828804324665,-0.389787822306389,0.5762521498231643,0.39192305265039074,-0.216611676460429,1.6042648772890764,2.4601079682853846,5,0.6666666666666666
TW,B,anchored,3,4,72,36,2007-01,2018-12,2019-01,2021-12,144,36,26424,fixed,6,legacy,proportional,E_top_calmar,30,0,0,30,0.35361805121136247,-0.28411303906858876,0.7684889181667488,0.3748955772218765,-0.19724389890685423,1.6070032664896121,2.3489818306358017,4,0.3333333333333333
TW,B,anchored,3,4,72,36,2007-01,2018-12,2019-01,2021-12,144,36,26424,fixed,6,0.01,equal,A_hrp,264,0,61,264,0.22627282574309637,-0.39720127005819705,0.9992515013633086,0.3303808081552868,-0.1842006781512635,1.6331516173794136,3.5032831395926336,6,0.16666666666666666
TW,B,anchored,3,4,72,36,2007-01,2018-12,2019-01,2021-12,144,36,26424,fixed,6,0.01,equal,D_top_cagr,264,0,0,264,0.29406010802200044,-0.4235845208435357,0.9885162399462915,0.352779672408974,-0.1929478707003962,1.6405182953975377,2.825556626756227,6,0.29924242424242425
TW,B,anchored,3,4,72,36,2007-01,2018-12,2019-01,2021-12,144,36,26424,fixed,6,0.01,equal,E_top_calmar,264,0,0,264,0.2653061924122724,-0.3087243070327903,1.0507826238441076,0.35331130510200803,-0.1961882698472075,1.6350604077155597,2.6645895927228533,6,0.2803030303030303
TW,B,anchored,3,4,72,36,2007-01,2018-12,2019-01,2021-12,144,36,26424,fixed,6,0.01,proportional,A_hrp,264,0,4,264,0.20163088194763668,-0.3903653213756779,1.0153368744254285,0.33936238875239244,-0.18760213191396446,1.654413998719565,3.415484167877818,6,0.5113636363636364
TW,B,anchored,3,4,72,36,2007-01,2018-12,2019-01,2021-12,144,36,26424,fixed,6,0.01,proportional,D_top_cagr,264,0,0,264,0.29406010802200044,-0.4235845208435357,0.9885162399462915,0.352779672408974,-0.1929478707003962,1.6405182953975377,2.825556626756227,6,0.29924242424242425
TW,B,anchored,3,4,72,36,2007-01,2018-12,2019-01,2021-12,144,36,26424,fixed,6,0.01,proportional,E_top_calmar,264,0,0,264,0.2653061924122724,-0.3087243070327903,1.0507826238441076,0.35331130510200803,-0.1961882698472075,1.6350604077155597,2.6645895927228533,6,0.2803030303030303
TW,B,anchored,3,4,72,36,2007-01,2018-12,2019-01,2021-12,144,36,26424,fixed,6,0.03,equal,A_hrp,793,0,344,793,0.20102841750155798,-0.42787959468017744,0.9605443526562668,0.32682320570386536,-0.18547319069801127,1.616162860520769,,6,0.1677175283732661
TW,B,anchored,3,4,72,36,2007-01,2018-12,2019-01,2021-12,144,36,26424,fixed,6,0.03,equal,D_top_cagr,793,0,0,793,0.24363181095126585,-0.46702941573602885,1.020527672229493,0.3532886321953721,-0.19669012115995876,1.6447035310279157,,6,0.22950819672131148
TW,B,anchored,3,4,72,36,2007-01,2018-12,2019-01,2021-12,144,36,26424,fixed,6,0.03,equal,E_top_calmar,793,0,0,793,0.2259885589714976,-0.3770850583956755,1.0471095281104497,0.34957844833195884,-0.19382441804411432,1.6476444828208356,,6,0.30138713745271123
TW,B,anchored,3,4,72,36,2007-01,2018-12,2019-01,2021-12,144,36,26424,fixed,6,0.03,proportional,A_hrp,793,0,82,793,0.16816002375200156,-0.4695955444014701,0.8555432070317522,0.321704937577997,-0.19385456670872203,1.5772330334020057,,6,0.510718789407314
TW,B,anchored,3,4,72,36,2007-01,2018-12,2019-01,2021-12,144,36,26424,fixed,6,0.03,proportional,D_top_cagr,793,0,0,793,0.24363181095126585,-0.46702941573602885,1.020527672229493,0.3532886321953721,-0.19669012115995876,1.6447035310279157,,6,0.22950819672131148
TW,B,anchored,3,4,72,36,2007-01,2018-12,2019-01,2021-12,144,36,26424,fixed,6,0.03,proportional,E_top_calmar,793,0,0,793,0.2259885589714976,-0.3770850583956755,1.0471095281104497,0.34957844833195884,-0.19382441804411432,1.6476444828208356,,6,0.30138713745271123
TW,B,anchored,3,4,72,36,2007-01,2018-12,2019-01,2021-12,144,36,26424,fixed,6,0.05,equal,A_hrp,1321,0,784,1321,0.1970734578453892,-0.4391429660298005,0.9450334092826932,0.3268057289503825,-0.18808757947632415,1.6073828285382998,,6,0.16729750189250567
TW,B,anchored,3,4,72,36,2007-01,2018-12,2019-01,2021-12,144,36,26424,fixed,6,0.05,equal,D_top_cagr,1321,0,0,1321,0.2233701413157494,-0.4784231469459538,0.9905592268426565,0.35318196060753615,-0.19675401886987154,1.6481807751082804,,6,0.31188493565480696
TW,B,anchored,3,4,72,36,2007-01,2018-12,2019-01,2021-12,144,36,26424,fixed,6,0.05,equal,E_top_calmar,1321,0,0,1321,0.21132845516544974,-0.410101843553782,1.0062164671615714,0.3485569250725291,-0.19622285381777482,1.6395321478080864,,6,0.35730507191521577
TW,B,anchored,3,4,72,36,2007-01,2018-12,2019-01,2021-12,144,36,26424,fixed,6,0.05,proportional,A_hrp,1321,0,330,1321,0.16024462043843757,-0.4844505418483386,0.8098649786438582,0.32176293899108654,-0.1985911201272188,1.5610083409839766,,6,0.5109765329295988
TW,B,anchored,3,4,72,36,2007-01,2018-12,2019-01,2021-12,144,36,26424,fixed,6,0.05,proportional,D_top_cagr,1321,0,0,1321,0.2233701413157494,-0.4784231469459538,0.9905592268426565,0.35318196060753615,-0.19675401886987154,1.6481807751082804,,6,0.31188493565480696
TW,B,anchored,3,4,72,36,2007-01,2018-12,2019-01,2021-12,144,36,26424,fixed,6,0.05,proportional,E_top_calmar,1321,0,0,1321,0.21132845516544974,-0.410101843553782,1.0062164671615714,0.3485569250725291,-0.19622285381777482,1.6395321478080864,,6,0.35730507191521577
TW,B,anchored,3,4,72,36,2007-01,2018-12,2019-01,2021-12,144,36,26424,fixed,6,0.1,equal,A_hrp,2642,0,1885,2642,0.179174923533572,-0.47155683686964267,0.8755871707580093,0.3215416849513737,-0.18600101325902807,1.599107030119033,,6,0.16691900075700228
TW,B,anchored,3,4,72,36,2007-01,2018-12,2019-01,2021-12,144,36,26424,fixed,6,0.1,equal,D_top_cagr,2642,0,0,2642,0.1991400394224523,-0.49204599526141624,0.927382202799946,0.3485699546752452,-0.1956861373081369,1.6417055125464544,,6,0.3853141559424678
TW,B,anchored,3,4,72,36,2007-01,2018-12,2019-01,2021-12,144,36,26424,fixed,6,0.1,equal,E_top_calmar,2642,0,0,2642,0.19172126862752092,-0.445239560225691,0.9346777323961029,0.3421471498837494,-0.19471525998565298,1.6310233786720105,,6,0.40196820590461774
TW,B,anchored,3,4,72,36,2007-01,2018-12,2019-01,2021-12,144,36,26424,fixed,6,0.1,proportional,A_hrp,2642,0,1646,2642,0.17199586097947894,-0.46831519139978284,0.8586375481279601,0.33424668211321307,-0.19739462065731983,1.599839725205394,,6,0.5109765329295988
TW,B,anchored,3,4,72,36,2007-01,2018-12,2019-01,2021-12,144,36,26424,fixed,6,0.1,proportional,D_top_cagr,2642,0,0,2642,0.1991400394224523,-0.49204599526141624,0.927382202799946,0.3485699546752452,-0.1956861373081369,1.6417055125464544,,6,0.3853141559424678
TW,B,anchored,3,4,72,36,2007-01,2018-12,2019-01,2021-12,144,36,26424,fixed,6,0.1,proportional,E_top_calmar,2642,0,0,2642,0.19172126862752092,-0.445239560225691,0.9346777323961029,0.3421471498837494,-0.19471525998565298,1.6310233786720105,,6,0.40196820590461774
TW,B,anchored,3,4,72,36,2007-01,2018-12,2019-01,2021-12,144,36,26424,silhouette_is,10,all,unallocated,B_all,26424,0,0,26424,0.11170047146584317,-0.5484999555627641,0.6053400740738659,0.30426106781862106,-0.1939917099299059,1.5315046129274823,,10,0.35955949137148047
TW,B,anchored,3,4,72,36,2007-01,2018-12,2019-01,2021-12,144,36,26424,silhouette_is,10,legacy,equal,A_hrp,50,0,1,50,0.2488382729967542,-0.282089384937001,1.170312339538822,0.32988904239182015,-0.18037860884713675,1.6440521149270868,3.1284328672322426,10,0.1
TW,B,anchored,3,4,72,36,2007-01,2018-12,2019-01,2021-12,144,36,26424,silhouette_is,10,legacy,equal,D_top_cagr,50,0,0,50,0.3711475069071155,-0.4124065667865656,0.6654624665604443,0.3738009482563782,-0.21555282265517905,1.5857915252477808,2.5472015093651663,7,0.6
TW,B,anchored,3,4,72,36,2007-01,2018-12,2019-01,2021-12,144,36,26424,silhouette_is,10,legacy,equal,E_top_calmar,50,0,0,50,0.3222178553932433,-0.26754476179700093,0.8692683457781115,0.3681705265372821,-0.1945278215097781,1.6129022920983325,2.4971976441282564,7,0.34
TW,B,anchored,3,4,72,36,2007-01,2018-12,2019-01,2021-12,144,36,26424,silhouette_is,10,legacy,proportional,A_hrp,50,0,0,50,0.24041102244241497,-0.2906792186753012,1.173118246683301,0.3225350626381307,-0.18429225198196242,1.5899485636252204,2.7902936315801923,10,0.36
TW,B,anchored,3,4,72,36,2007-01,2018-12,2019-01,2021-12,144,36,26424,silhouette_is,10,legacy,proportional,D_top_cagr,50,0,0,50,0.3711475069071155,-0.4124065667865656,0.6654624665604443,0.3738009482563782,-0.21555282265517905,1.5857915252477808,2.5472015093651663,7,0.6
TW,B,anchored,3,4,72,36,2007-01,2018-12,2019-01,2021-12,144,36,26424,silhouette_is,10,legacy,proportional,E_top_calmar,50,0,0,50,0.3222178553932433,-0.26754476179700093,0.8692683457781115,0.3681705265372821,-0.1945278215097781,1.6129022920983325,2.4971976441282564,7,0.34
TW,B,anchored,3,4,72,36,2007-01,2018-12,2019-01,2021-12,144,36,26424,silhouette_is,10,0.01,equal,A_hrp,264,0,37,264,0.22404010812373953,-0.39585644930802355,1.0204858688256035,0.3235905077533041,-0.18281372372228,1.619503237318999,3.4815098451699305,10,0.10227272727272728
TW,B,anchored,3,4,72,36,2007-01,2018-12,2019-01,2021-12,144,36,26424,silhouette_is,10,0.01,equal,D_top_cagr,264,0,0,264,0.29406010802200044,-0.4235845208435357,0.9885162399462915,0.352779672408974,-0.1929478707003962,1.6405182953975377,2.825556626756227,10,0.29924242424242425
TW,B,anchored,3,4,72,36,2007-01,2018-12,2019-01,2021-12,144,36,26424,silhouette_is,10,0.01,equal,E_top_calmar,264,0,0,264,0.2653061924122724,-0.3087243070327903,1.0507826238441076,0.35331130510200803,-0.1961882698472075,1.6350604077155597,2.6645895927228533,10,0.23106060606060605
TW,B,anchored,3,4,72,36,2007-01,2018-12,2019-01,2021-12,144,36,26424,silhouette_is,10,0.01,proportional,A_hrp,264,0,4,264,0.20200314548938691,-0.40284448786583504,1.0056575963242322,0.33175599917940635,-0.18272002848420443,1.6362703861883057,3.2733840623195753,10,0.35984848484848486
TW,B,anchored,3,4,72,36,2007-01,2018-12,2019-01,2021-12,144,36,26424,silhouette_is,10,0.01,proportional,D_top_cagr,264,0,0,264,0.29406010802200044,-0.4235845208435357,0.9885162399462915,0.352779672408974,-0.1929478707003962,1.6405182953975377,2.825556626756227,10,0.29924242424242425
TW,B,anchored,3,4,72,36,2007-01,2018-12,2019-01,2021-12,144,36,26424,silhouette_is,10,0.01,proportional,E_top_calmar,264,0,0,264,0.2653061924122724,-0.3087243070327903,1.0507826238441076,0.35331130510200803,-0.1961882698472075,1.6350604077155597,2.6645895927228533,10,0.23106060606060605
TW,B,anchored,3,4,72,36,2007-01,2018-12,2019-01,2021-12,144,36,26424,silhouette_is,10,0.03,equal,A_hrp,793,0,274,793,0.19983756077844506,-0.43314842287137956,0.9471071240263816,0.32801622054607305,-0.18565314626412655,1.622171409059374,,10,0.1008827238335435
TW,B,anchored,3,4,72,36,2007-01,2018-12,2019-01,2021-12,144,36,26424,silhouette_is,10,0.03,equal,D_top_cagr,793,0,0,793,0.24363181095126585,-0.46702941573602885,1.020527672229493,0.3532886321953721,-0.19669012115995876,1.6447035310279157,,10,0.19293820933165196
TW,B,anchored,3,4,72,36,2007-01,2018-12,2019-01,2021-12,144,36,26424,silhouette_is,10,0.03,equal,E_top_calmar,793,0,0,793,0.2259885589714976,-0.3770850583956755,1.0471095281104497,0.34957844833195884,-0.19382441804411432,1.6476444828208356,,10,0.17654476670870115
TW,B,anchored,3,4,72,36,2007-01,2018-12,2019-01,2021-12,144,36,26424,silhouette_is,10,0.03,proportional,A_hrp,793,0,46,793,0.16489548705141854,-0.4783428126430962,0.8433711467311453,0.3146210252411885,-0.19178322113160773,1.5635221054840505,,10,0.3593947036569987
TW,B,anchored,3,4,72,36,2007-01,2018-12,2019-01,2021-12,144,36,26424,silhouette_is,10,0.03,proportional,D_top_cagr,793,0,0,793,0.24363181095126585,-0.46702941573602885,1.020527672229493,0.3532886321953721,-0.19669012115995876,1.6447035310279157,,10,0.19293820933165196
TW,B,anchored,3,4,72,36,2007-01,2018-12,2019-01,2021-12,144,36,26424,silhouette_is,10,0.03,proportional,E_top_calmar,793,0,0,793,0.2259885589714976,-0.3770850583956755,1.0471095281104497,0.34957844833195884,-0.19382441804411432,1.6476444828208356,,10,0.17654476670870115
TW,B,anchored,3,4,72,36,2007-01,2018-12,2019-01,2021-12,144,36,26424,silhouette_is,10,0.05,equal,A_hrp,1321,0,650,1321,0.1921354181106012,-0.4430918029627795,0.9175218387243763,0.33068382717919875,-0.18815095331694276,1.6219128192184316,,10,0.10068130204390613
TW,B,anchored,3,4,72,36,2007-01,2018-12,2019-01,2021-12,144,36,26424,silhouette_is,10,0.05,equal,D_top_cagr,1321,0,0,1321,0.2233701413157494,-0.4784231469459538,0.9905592268426565,0.35318196060753615,-0.19675401886987154,1.6481807751082804,,10,0.21044663133989402
TW,B,anchored,3,4,72,36,2007-01,2018-12,2019-01,2021-12,144,36,26424,silhouette_is,10,0.05,equal,E_top_calmar,1321,0,0,1321,0.21132845516544974,-0.410101843553782,1.0062164671615714,0.3485569250725291,-0.19622285381777482,1.6395321478080864,,10,0.23088569265707798
TW,B,anchored,3,4,72,36,2007-01,2018-12,2019-01,2021-12,144,36,26424,silhouette_is,10,0.05,proportional,A_hrp,1321,0,275,1321,0.15742046075224048,-0.48914687272003887,0.802891475673947,0.31492311599131995,-0.19542689606109442,1.5530402841685012,,10,0.35957607872823616
TW,B,anchored,3,4,72,36,2007-01,2018-12,2019-01,2021-12,144,36,26424,silhouette_is,10,0.05,proportional,D_top_cagr,1321,0,0,1321,0.2233701413157494,-0.4784231469459538,0.9905592268426565,0.35318196060753615,-0.19675401886987154,1.6481807751082804,,10,0.21044663133989402
TW,B,anchored,3,4,72,36,2007-01,2018-12,2019-01,2021-12,144,36,26424,silhouette_is,10,0.05,proportional,E_top_calmar,1321,0,0,1321,0.21132845516544974,-0.410101843553782,1.0062164671615714,0.3485569250725291,-0.19622285381777482,1.6395321478080864,,10,0.23088569265707798
TW,B,anchored,3,4,72,36,2007-01,2018-12,2019-01,2021-12,144,36,26424,silhouette_is,10,0.1,equal,A_hrp,2642,1,1688,2642,0.17668597139869657,-0.47044567218970446,0.8617835017679923,0.3240527766456889,-0.1909882472891613,1.5937267011834364,,10,0.10370931112793338
TW,B,anchored,3,4,72,36,2007-01,2018-12,2019-01,2021-12,144,36,26424,silhouette_is,10,0.1,equal,D_top_cagr,2642,1,0,2642,0.1991400394224523,-0.49204599526141624,0.927382202799946,0.3485699546752452,-0.1956861373081369,1.6417055125464544,,10,0.2274791824375473
TW,B,anchored,3,4,72,36,2007-01,2018-12,2019-01,2021-12,144,36,26424,silhouette_is,10,0.1,equal,E_top_calmar,2642,1,0,2642,0.19172126862752092,-0.445239560225691,0.9346777323961029,0.3421471498837494,-0.19471525998565298,1.6310233786720105,,10,0.2380772142316427
TW,B,anchored,3,4,72,36,2007-01,2018-12,2019-01,2021-12,144,36,26424,silhouette_is,10,0.1,proportional,A_hrp,2642,0,1492,2642,0.1656916150049077,-0.47995896127087134,0.8369150180558825,0.3194461280148564,-0.19468715400683345,1.5701196605885364,,10,0.35957607872823616
TW,B,anchored,3,4,72,36,2007-01,2018-12,2019-01,2021-12,144,36,26424,silhouette_is,10,0.1,proportional,D_top_cagr,2642,0,0,2642,0.1991400394224523,-0.49204599526141624,0.927382202799946,0.3485699546752452,-0.1956861373081369,1.6417055125464544,,10,0.2274791824375473
TW,B,anchored,3,4,72,36,2007-01,2018-12,2019-01,2021-12,144,36,26424,silhouette_is,10,0.1,proportional,E_top_calmar,2642,0,0,2642,0.19172126862752092,-0.445239560225691,0.9346777323961029,0.3421471498837494,-0.19471525998565298,1.6310233786720105,,10,0.2380772142316427
TW,B,anchored,4,4,72,36,2007-01,2021-12,2022-01,2025-12,180,48,26424,fixed,6,all,unallocated,B_all,26424,0,0,26424,0.14779185358615599,-0.5484999555627641,0.767828357575829,0.07583438556110189,-0.13830658386936678,0.5741454930725166,,6,0.39097033000302756
TW,B,anchored,4,4,72,36,2007-01,2021-12,2022-01,2025-12,180,48,26424,fixed,6,legacy,equal,A_hrp,30,0,2,30,0.30283463577657566,-0.246048270538909,1.2740564994676982,0.09853719498084357,-0.1522707415432074,0.697257803783744,3.414853294983896,6,0.16666666666666666
TW,B,anchored,4,4,72,36,2007-01,2021-12,2022-01,2025-12,180,48,26424,fixed,6,legacy,equal,D_top_cagr,30,0,0,30,0.39950931252155364,-0.36305536653810055,0.6411019898113312,0.11669778501478634,-0.15701681526478062,0.8276349381528537,2.391653479273053,4,0.6333333333333333
TW,B,anchored,4,4,72,36,2007-01,2021-12,2022-01,2025-12,180,48,26424,fixed,6,legacy,equal,E_top_calmar,30,0,0,30,0.34580388387969796,-0.24509981578756235,0.9850983178433643,0.1157706860327048,-0.14621045261119658,0.8299210249446548,2.550718951491393,4,0.43333333333333335
TW,B,anchored,4,4,72,36,2007-01,2021-12,2022-01,2025-12,180,48,26424,fixed,6,legacy,proportional,A_hrp,30,0,0,30,0.2764438558245541,-0.25902534547761924,1.3011790582844718,0.09606780405691873,-0.1334915551153003,0.6881444024916483,3.3364559438404164,6,0.4
TW,B,anchored,4,4,72,36,2007-01,2021-12,2022-01,2025-12,180,48,26424,fixed,6,legacy,proportional,D_top_cagr,30,0,0,30,0.39950931252155364,-0.36305536653810055,0.6411019898113312,0.11669778501478634,-0.15701681526478062,0.8276349381528537,2.391653479273053,4,0.6333333333333333
TW,B,anchored,4,4,72,36,2007-01,2021-12,2022-01,2025-12,180,48,26424,fixed,6,legacy,proportional,E_top_calmar,30,0,0,30,0.34580388387969796,-0.24509981578756235,0.9850983178433643,0.1157706860327048,-0.14621045261119658,0.8299210249446548,2.550718951491393,4,0.43333333333333335
TW,B,anchored,4,4,72,36,2007-01,2021-12,2022-01,2025-12,180,48,26424,fixed,6,0.01,equal,A_hrp,264,0,61,264,0.2583317188250953,-0.3841664885166185,1.1273379849168779,0.09264064667813732,-0.1382647631445757,0.6758493827394784,4.262959261609016,6,0.16666666666666666
TW,B,anchored,4,4,72,36,2007-01,2021-12,2022-01,2025-12,180,48,26424,fixed,6,0.01,equal,D_top_cagr,264,0,0,264,0.3137456054464396,-0.43263415527813187,1.09949464415236,0.11647942779694143,-0.14447270369724696,0.8230506869577283,3.219855997922596,6,0.38257575757575757
TW,B,anchored,4,4,72,36,2007-01,2021-12,2022-01,2025-12,180,48,26424,fixed,6,0.01,equal,E_top_calmar,264,0,0,264,0.2817257485886471,-0.2947753180596898,1.1906306948660985,0.11074455659571791,-0.13204044884343258,0.8117892235048434,3.160397997681794,6,0.32575757575757575
TW,B,anchored,4,4,72,36,2007-01,2021-12,2022-01,2025-12,180,48,26424,fixed,6,0.01,proportional,A_hrp,264,0,5,264,0.2304437068432552,-0.3870417085720709,1.1382689202707308,0.09033688512008542,-0.13432003377683854,0.6668074797711573,4.517098750348905,6,0.39015151515151514
TW,B,anchored,4,4,72,36,2007-01,2021-12,2022-01,2025-12,180,48,26424,fixed,6,0.01,proportional,D_top_cagr,264,0,0,264,0.3137456054464396,-0.43263415527813187,1.09949464415236,0.11647942779694143,-0.14447270369724696,0.8230506869577283,3.219855997922596,6,0.38257575757575757
TW,B,anchored,4,4,72,36,2007-01,2021-12,2022-01,2025-12,180,48,26424,fixed,6,0.01,proportional,E_top_calmar,264,0,0,264,0.2817257485886471,-0.2947753180596898,1.1906306948660985,0.11074455659571791,-0.13204044884343258,0.8117892235048434,3.160397997681794,6,0.32575757575757575
TW,B,anchored,4,4,72,36,2007-01,2021-12,2022-01,2025-12,180,48,26424,fixed,6,0.03,equal,A_hrp,793,0,259,793,0.2216246834297586,-0.4543853611449252,1.0486701879284204,0.08669229700401737,-0.1375822727378898,0.6423842041444038,,6,0.1677175283732661
TW,B,anchored,4,4,72,36,2007-01,2021-12,2022-01,2025-12,180,48,26424,fixed,6,0.03,equal,D_top_cagr,793,0,0,793,0.27168690942347573,-0.47464890838983986,1.1406985103962008,0.10887530354805941,-0.14321964701909984,0.7635479712519105,,6,0.39974779319041615
TW,B,anchored,4,4,72,36,2007-01,2021-12,2022-01,2025-12,180,48,26424,fixed,6,0.03,equal,E_top_calmar,793,0,0,793,0.2512389634120855,-0.3724293386033053,1.1681330078125216,0.10278174885926927,-0.13461241994474282,0.7433445334778908,,6,0.3417402269861286
TW,B,anchored,4,4,72,36,2007-01,2021-12,2022-01,2025-12,180,48,26424,fixed,6,0.03,proportional,A_hrp,793,0,80,793,0.1995577635707766,-0.4442659501895103,1.0145854261059088,0.08346134540320982,-0.13613334523393394,0.6323596415502064,,6,0.39092055485498106
TW,B,anchored,4,4,72,36,2007-01,2021-12,2022-01,2025-12,180,48,26424,fixed,6,0.03,proportional,D_top_cagr,793,0,0,793,0.27168690942347573,-0.47464890838983986,1.1406985103962008,0.10887530354805941,-0.14321964701909984,0.7635479712519105,,6,0.39974779319041615
TW,B,anchored,4,4,72,36,2007-01,2021-12,2022-01,2025-12,180,48,26424,fixed,6,0.03,proportional,E_top_calmar,793,0,0,793,0.2512389634120855,-0.3724293386033053,1.1681330078125216,0.10278174885926927,-0.13461241994474282,0.7433445334778908,,6,0.3417402269861286
TW,B,anchored,4,4,72,36,2007-01,2021-12,2022-01,2025-12,180,48,26424,fixed,6,0.05,equal,A_hrp,1321,0,611,1321,0.21387573976091923,-0.455195355341403,1.0280445709751183,0.08680809111573806,-0.13745161152529295,0.6397410974394836,,6,0.16729750189250567
TW,B,anchored,4,4,72,36,2007-01,2021-12,2022-01,2025-12,180,48,26424,fixed,6,0.05,equal,D_top_cagr,1321,0,0,1321,0.25428503668048075,-0.48308403077237994,1.113495694682807,0.1064532671087175,-0.14182653396653422,0.746366326488482,,6,0.4125662376987131
TW,B,anchored,4,4,72,36,2007-01,2021-12,2022-01,2025-12,180,48,26424,fixed,6,0.05,equal,E_top_calmar,1321,0,0,1321,0.23797137905356114,-0.40482503135876324,1.1280812892975889,0.10143898534113172,-0.1358994306840381,0.7320537922688812,,6,0.3996971990915973
TW,B,anchored,4,4,72,36,2007-01,2021-12,2022-01,2025-12,180,48,26424,fixed,6,0.05,proportional,A_hrp,1321,0,280,1321,0.18763947561553485,-0.46640535937175653,0.955609489385521,0.0820050664103551,-0.13755681440815282,0.6219441336450063,,6,0.3906131718395155
TW,B,anchored,4,4,72,36,2007-01,2021-12,2022-01,2025-12,180,48,26424,fixed,6,0.05,proportional,D_top_cagr,1321,0,0,1321,0.25428503668048075,-0.48308403077237994,1.113495694682807,0.1064532671087175,-0.14182653396653422,0.746366326488482,,6,0.4125662376987131
TW,B,anchored,4,4,72,36,2007-01,2021-12,2022-01,2025-12,180,48,26424,fixed,6,0.05,proportional,E_top_calmar,1321,0,0,1321,0.23797137905356114,-0.40482503135876324,1.1280812892975889,0.10143898534113172,-0.1358994306840381,0.7320537922688812,,6,0.3996971990915973
TW,B,anchored,4,4,72,36,2007-01,2021-12,2022-01,2025-12,180,48,26424,fixed,6,0.1,equal,A_hrp,2642,0,1659,2642,0.202345108976006,-0.4784827957526283,0.9899855277483902,0.08652974136835523,-0.13801429413356592,0.6352502330127494,,6,0.16691900075700228
TW,B,anchored,4,4,72,36,2007-01,2021-12,2022-01,2025-12,180,48,26424,fixed,6,0.1,equal,D_top_cagr,2642,0,0,2642,0.23159542053410886,-0.49811103626034603,1.0566254729191287,0.10202090954910581,-0.14048494599791406,0.7178854431431216,,6,0.3663890991672975
TW,B,anchored,4,4,72,36,2007-01,2021-12,2022-01,2025-12,180,48,26424,fixed,6,0.1,equal,E_top_calmar,2642,0,0,2642,0.22140696821311812,-0.4413402802970743,1.062656984245495,0.09666699100514586,-0.1366325016501333,0.6955872934813773,,6,0.3822861468584406
TW,B,anchored,4,4,72,36,2007-01,2021-12,2022-01,2025-12,180,48,26424,fixed,6,0.1,proportional,A_hrp,2642,0,1501,2642,0.19732637001804676,-0.46349477528456007,0.9856583376484662,0.08779749013134541,-0.13611418651991547,0.6432111790799566,,6,0.3909916729750189
TW,B,anchored,4,4,72,36,2007-01,2021-12,2022-01,2025-12,180,48,26424,fixed,6,0.1,proportional,D_top_cagr,2642,0,0,2642,0.23159542053410886,-0.49811103626034603,1.0566254729191287,0.10202090954910581,-0.14048494599791406,0.7178854431431216,,6,0.3663890991672975
TW,B,anchored,4,4,72,36,2007-01,2021-12,2022-01,2025-12,180,48,26424,fixed,6,0.1,proportional,E_top_calmar,2642,0,0,2642,0.22140696821311812,-0.4413402802970743,1.062656984245495,0.09666699100514586,-0.1366325016501333,0.6955872934813773,,6,0.3822861468584406
TW,B,anchored,4,4,72,36,2007-01,2021-12,2022-01,2025-12,180,48,26424,silhouette_is,7,all,unallocated,B_all,26424,0,0,26424,0.14779185358615599,-0.5484999555627641,0.767828357575829,0.07583438556110189,-0.13830658386936678,0.5741454930725166,,7,0.39097033000302756
TW,B,anchored,4,4,72,36,2007-01,2021-12,2022-01,2025-12,180,48,26424,silhouette_is,7,legacy,equal,A_hrp,35,0,2,35,0.29246843084973406,-0.261257687287091,1.2636273785832417,0.10092394395312798,-0.15245080758262397,0.7131121440919956,3.5601769249701825,7,0.14285714285714285
TW,B,anchored,4,4,72,36,2007-01,2021-12,2022-01,2025-12,180,48,26424,silhouette_is,7,legacy,equal,D_top_cagr,35,0,0,35,0.39651657131587426,-0.36738134701797087,0.6981496912148955,0.11605657081736909,-0.15351357547458933,0.8287585207001343,2.4131403898266144,4,0.5714285714285714
TW,B,anchored,4,4,72,36,2007-01,2021-12,2022-01,2025-12,180,48,26424,silhouette_is,7,legacy,equal,E_top_calmar,35,0,0,35,0.34047014358744554,-0.24338206227069692,1.0494827553083035,0.11599756644053971,-0.13965447108131357,0.8340634134699981,2.602116219170447,4,0.45714285714285713
TW,B,anchored,4,4,72,36,2007-01,2021-12,2022-01,2025-12,180,48,26424,silhouette_is,7,legacy,proportional,A_hrp,35,0,0,35,0.27183460591974073,-0.25946279309469356,1.3048468574135457,0.10275335384909567,-0.13284483303001204,0.7338084025571929,3.644965537970102,7,0.4
TW,B,anchored,4,4,72,36,2007-01,2021-12,2022-01,2025-12,180,48,26424,silhouette_is,7,legacy,proportional,D_top_cagr,35,0,0,35,0.39651657131587426,-0.36738134701797087,0.6981496912148955,0.11605657081736909,-0.15351357547458933,0.8287585207001343,2.4131403898266144,4,0.5714285714285714
TW,B,anchored,4,4,72,36,2007-01,2021-12,2022-01,2025-12,180,48,26424,silhouette_is,7,legacy,proportional,E_top_calmar,35,0,0,35,0.34047014358744554,-0.24338206227069692,1.0494827553083035,0.11599756644053971,-0.13965447108131357,0.8340634134699981,2.602116219170447,4,0.45714285714285713
TW,B,anchored,4,4,72,36,2007-01,2021-12,2022-01,2025-12,180,48,26424,silhouette_is,7,0.01,equal,A_hrp,264,0,63,264,0.25921443033850666,-0.39733174863681997,1.1255088288317225,0.0906200789763636,-0.1378617296780399,0.6538822890652248,4.372669253147201,7,0.14393939393939395
TW,B,anchored,4,4,72,36,2007-01,2021-12,2022-01,2025-12,180,48,26424,silhouette_is,7,0.01,equal,D_top_cagr,264,0,0,264,0.3137456054464396,-0.43263415527813187,1.09949464415236,0.11647942779694143,-0.14447270369724696,0.8230506869577283,3.219855997922596,7,0.38257575757575757
TW,B,anchored,4,4,72,36,2007-01,2021-12,2022-01,2025-12,180,48,26424,silhouette_is,7,0.01,equal,E_top_calmar,264,0,0,264,0.2817257485886471,-0.2947753180596898,1.1906306948660985,0.11074455659571791,-0.13204044884343258,0.8117892235048434,3.160397997681794,7,0.32575757575757575
TW,B,anchored,4,4,72,36,2007-01,2021-12,2022-01,2025-12,180,48,26424,silhouette_is,7,0.01,proportional,A_hrp,264,0,5,264,0.23148772304868936,-0.3886007138999503,1.138025465639804,0.09086311554307502,-0.13525699082868803,0.6669618357316958,4.525769617572051,7,0.39015151515151514
TW,B,anchored,4,4,72,36,2007-01,2021-12,2022-01,2025-12,180,48,26424,silhouette_is,7,0.01,proportional,D_top_cagr,264,0,0,264,0.3137456054464396,-0.43263415527813187,1.09949464415236,0.11647942779694143,-0.14447270369724696,0.8230506869577283,3.219855997922596,7,0.38257575757575757
TW,B,anchored,4,4,72,36,2007-01,2021-12,2022-01,2025-12,180,48,26424,silhouette_is,7,0.01,proportional,E_top_calmar,264,0,0,264,0.2817257485886471,-0.2947753180596898,1.1906306948660985,0.11074455659571791,-0.13204044884343258,0.8117892235048434,3.160397997681794,7,0.32575757575757575
TW,B,anchored,4,4,72,36,2007-01,2021-12,2022-01,2025-12,180,48,26424,silhouette_is,7,0.03,equal,A_hrp,793,0,290,793,0.23004998106892272,-0.4510517072287549,1.0549727231230652,0.08500616238628655,-0.13947980616924716,0.620635557850569,,7,0.1437578814627995
TW,B,anchored,4,4,72,36,2007-01,2021-12,2022-01,2025-12,180,48,26424,silhouette_is,7,0.03,equal,D_top_cagr,793,0,0,793,0.27168690942347573,-0.47464890838983986,1.1406985103962008,0.10887530354805941,-0.14321964701909984,0.7635479712519105,,7,0.39974779319041615
TW,B,anchored,4,4,72,36,2007-01,2021-12,2022-01,2025-12,180,48,26424,silhouette_is,7,0.03,equal,E_top_calmar,793,0,0,793,0.2512389634120855,-0.3724293386033053,1.1681330078125216,0.10278174885926927,-0.13461241994474282,0.7433445334778908,,7,0.3417402269861286
TW,B,anchored,4,4,72,36,2007-01,2021-12,2022-01,2025-12,180,48,26424,silhouette_is,7,0.03,proportional,A_hrp,793,0,80,793,0.20207678331955337,-0.44134324107801826,1.0228989629275271,0.08426885105122484,-0.13567336589942047,0.6354443050119083,,7,0.39092055485498106
TW,B,anchored,4,4,72,36,2007-01,2021-12,2022-01,2025-12,180,48,26424,silhouette_is,7,0.03,proportional,D_top_cagr,793,0,0,793,0.27168690942347573,-0.47464890838983986,1.1406985103962008,0.10887530354805941,-0.14321964701909984,0.7635479712519105,,7,0.39974779319041615
TW,B,anchored,4,4,72,36,2007-01,2021-12,2022-01,2025-12,180,48,26424,silhouette_is,7,0.03,proportional,E_top_calmar,793,0,0,793,0.2512389634120855,-0.3724293386033053,1.1681330078125216,0.10278174885926927,-0.13461241994474282,0.7433445334778908,,7,0.3417402269861286
TW,B,anchored,4,4,72,36,2007-01,2021-12,2022-01,2025-12,180,48,26424,silhouette_is,7,0.05,equal,A_hrp,1321,0,588,1321,0.21474983772591805,-0.4636342929019256,1.0135727529614529,0.08396663032425722,-0.1381825644586716,0.6171220508085936,,7,0.14307342922028765
TW,B,anchored,4,4,72,36,2007-01,2021-12,2022-01,2025-12,180,48,26424,silhouette_is,7,0.05,equal,D_top_cagr,1321,0,0,1321,0.25428503668048075,-0.48308403077237994,1.113495694682807,0.1064532671087175,-0.14182653396653422,0.746366326488482,,7,0.4125662376987131
TW,B,anchored,4,4,72,36,2007-01,2021-12,2022-01,2025-12,180,48,26424,silhouette_is,7,0.05,equal,E_top_calmar,1321,0,0,1321,0.23797137905356114,-0.40482503135876324,1.1280812892975889,0.10143898534113172,-0.1358994306840381,0.7320537922688812,,7,0.3996971990915973
TW,B,anchored,4,4,72,36,2007-01,2021-12,2022-01,2025-12,180,48,26424,silhouette_is,7,0.05,proportional,A_hrp,1321,0,238,1321,0.18612292601387637,-0.4674147003352843,0.952155228140566,0.0815519086230827,-0.13832206821340232,0.6190585689885639,,7,0.3906131718395155
TW,B,anchored,4,4,72,36,2007-01,2021-12,2022-01,2025-12,180,48,26424,silhouette_is,7,0.05,proportional,D_top_cagr,1321,0,0,1321,0.25428503668048075,-0.48308403077237994,1.113495694682807,0.1064532671087175,-0.14182653396653422,0.746366326488482,,7,0.4125662376987131
TW,B,anchored,4,4,72,36,2007-01,2021-12,2022-01,2025-12,180,48,26424,silhouette_is,7,0.05,proportional,E_top_calmar,1321,0,0,1321,0.23797137905356114,-0.40482503135876324,1.1280812892975889,0.10143898534113172,-0.1358994306840381,0.7320537922688812,,7,0.3996971990915973
TW,B,anchored,4,4,72,36,2007-01,2021-12,2022-01,2025-12,180,48,26424,silhouette_is,7,0.1,equal,A_hrp,2642,0,1636,2642,0.20248048501569782,-0.4842556438729535,0.9778083779481039,0.08529596926785588,-0.13908119401159524,0.6240620134849711,,7,0.14307342922028765
TW,B,anchored,4,4,72,36,2007-01,2021-12,2022-01,2025-12,180,48,26424,silhouette_is,7,0.1,equal,D_top_cagr,2642,0,0,2642,0.23159542053410886,-0.49811103626034603,1.0566254729191287,0.10202090954910581,-0.14048494599791406,0.7178854431431216,,7,0.3663890991672975
TW,B,anchored,4,4,72,36,2007-01,2021-12,2022-01,2025-12,180,48,26424,silhouette_is,7,0.1,equal,E_top_calmar,2642,0,0,2642,0.22140696821311812,-0.4413402802970743,1.062656984245495,0.09666699100514586,-0.1366325016501333,0.6955872934813773,,7,0.3822861468584406
TW,B,anchored,4,4,72,36,2007-01,2021-12,2022-01,2025-12,180,48,26424,silhouette_is,7,0.1,proportional,A_hrp,2642,0,1415,2642,0.19492495685230682,-0.46560943946375744,0.9800752994944459,0.08782347154216774,-0.13584613420040792,0.6446347128641962,,7,0.3909916729750189
TW,B,anchored,4,4,72,36,2007-01,2021-12,2022-01,2025-12,180,48,26424,silhouette_is,7,0.1,proportional,D_top_cagr,2642,0,0,2642,0.23159542053410886,-0.49811103626034603,1.0566254729191287,0.10202090954910581,-0.14048494599791406,0.7178854431431216,,7,0.3663890991672975
TW,B,anchored,4,4,72,36,2007-01,2021-12,2022-01,2025-12,180,48,26424,silhouette_is,7,0.1,proportional,E_top_calmar,2642,0,0,2642,0.22140696821311812,-0.4413402802970743,1.062656984245495,0.09666699100514586,-0.1366325016501333,0.6955872934813773,,7,0.3822861468584406
TW,C,anchored,1,3,72,48,2007-01,2012-12,2013-01,2016-12,72,48,26424,fixed,6,all,unallocated,B_all,26424,0,0,26424,0.10628853899047086,-0.5484999555627641,0.5037102289859081,0.12765573492608073,-0.1822593583971538,1.1091346437478091,,6,0.582689978807145
TW,C,anchored,1,3,72,48,2007-01,2012-12,2013-01,2016-12,72,48,26424,fixed,6,legacy,equal,A_hrp,30,0,1,30,0.3853853302091015,-0.29157090303695055,1.2868828022717447,0.14352963935845753,-0.16184782946429066,1.3651418314686732,6.053463429830896,6,0.16666666666666666
TW,C,anchored,1,3,72,48,2007-01,2012-12,2013-01,2016-12,72,48,26424,fixed,6,legacy,equal,D_top_cagr,30,0,0,30,0.62996512383903,-0.3946597808225226,0.6348073285782985,0.15762342752487846,-0.18540115674785973,1.4059801475391758,4.009744925519023,3,0.7666666666666667
TW,C,anchored,1,3,72,48,2007-01,2012-12,2013-01,2016-12,72,48,26424,fixed,6,legacy,equal,E_top_calmar,30,0,0,30,0.5760778823592625,-0.27864236987309987,0.842171807972199,0.13710777080295133,-0.1811585741606927,1.2784422433498674,4.0252673486008215,5,0.4
TW,C,anchored,1,3,72,48,2007-01,2012-12,2013-01,2016-12,72,48,26424,fixed,6,legacy,proportional,A_hrp,30,0,0,30,0.36768195822561767,-0.24026515721332953,1.3377862839938495,0.14024150044702277,-0.1749732561575853,1.2748494554633312,5.394768954786263,6,0.5666666666666667
TW,C,anchored,1,3,72,48,2007-01,2012-12,2013-01,2016-12,72,48,26424,fixed,6,legacy,proportional,D_top_cagr,30,0,0,30,0.62996512383903,-0.3946597808225226,0.6348073285782985,0.15762342752487846,-0.18540115674785973,1.4059801475391758,4.009744925519023,3,0.7666666666666667
TW,C,anchored,1,3,72,48,2007-01,2012-12,2013-01,2016-12,72,48,26424,fixed,6,legacy,proportional,E_top_calmar,30,0,0,30,0.5760778823592625,-0.27864236987309987,0.842171807972199,0.13710777080295133,-0.1811585741606927,1.2784422433498674,4.0252673486008215,5,0.4
TW,C,anchored,1,3,72,48,2007-01,2012-12,2013-01,2016-12,72,48,26424,fixed,6,0.01,equal,A_hrp,264,0,69,264,0.32300417421556693,-0.3837947735140259,1.043122617922056,0.13680076212794812,-0.17157726717541844,1.2395737971242407,7.252120480249588,6,0.16666666666666666
TW,C,anchored,1,3,72,48,2007-01,2012-12,2013-01,2016-12,72,48,26424,fixed,6,0.01,equal,D_top_cagr,264,0,0,264,0.443738803802461,-0.4067684789947652,1.0422951748360036,0.15281043071015832,-0.1709456555143103,1.3482704802029386,5.834159832051373,6,0.3143939393939394
TW,C,anchored,1,3,72,48,2007-01,2012-12,2013-01,2016-12,72,48,26424,fixed,6,0.01,equal,E_top_calmar,264,0,0,264,0.40373870159883873,-0.3154102057081194,1.111051743246373,0.14666022605033846,-0.1712584381563509,1.3351504586061904,5.636715863564336,6,0.2689393939393939
TW,C,anchored,1,3,72,48,2007-01,2012-12,2013-01,2016-12,72,48,26424,fixed,6,0.01,proportional,A_hrp,264,0,4,264,0.2648719651686129,-0.377640372858594,1.0240110673267349,0.1366972348108937,-0.1723595206554175,1.2071967264190882,7.043274170353594,6,0.5833333333333334
TW,C,anchored,1,3,72,48,2007-01,2012-12,2013-01,2016-12,72,48,26424,fixed,6,0.01,proportional,D_top_cagr,264,0,0,264,0.443738803802461,-0.4067684789947652,1.0422951748360036,0.15281043071015832,-0.1709456555143103,1.3482704802029386,5.834159832051373,6,0.3143939393939394
TW,C,anchored,1,3,72,48,2007-01,2012-12,2013-01,2016-12,72,48,26424,fixed,6,0.01,proportional,E_top_calmar,264,0,0,264,0.40373870159883873,-0.3154102057081194,1.111051743246373,0.14666022605033846,-0.1712584381563509,1.3351504586061904,5.636715863564336,6,0.2689393939393939
TW,C,anchored,1,3,72,48,2007-01,2012-12,2013-01,2016-12,72,48,26424,fixed,6,0.03,equal,A_hrp,793,0,437,793,0.28609131959447276,-0.41884507527872117,1.0065951780985838,0.13929044857989492,-0.16977127748364307,1.2387360004250956,,6,0.1677175283732661
TW,C,anchored,1,3,72,48,2007-01,2012-12,2013-01,2016-12,72,48,26424,fixed,6,0.03,equal,D_top_cagr,793,0,0,793,0.33716192928574396,-0.43425618572538105,1.0461046814124693,0.15243177018437137,-0.17022901452318706,1.3165636212125773,,6,0.2471626733921816
TW,C,anchored,1,3,72,48,2007-01,2012-12,2013-01,2016-12,72,48,26424,fixed,6,0.03,equal,E_top_calmar,793,0,0,793,0.31798849200845236,-0.37131972518790934,1.0763176036827953,0.14182169523574695,-0.16987631921582702,1.2773224116022865,,6,0.296343001261034
TW,C,anchored,1,3,72,48,2007-01,2012-12,2013-01,2016-12,72,48,26424,fixed,6,0.03,proportional,A_hrp,793,0,109,793,0.2120857254004893,-0.434322865872676,0.860044208505538,0.13139548677601276,-0.1748222910835342,1.1566629894530729,,6,0.5825977301387137
TW,C,anchored,1,3,72,48,2007-01,2012-12,2013-01,2016-12,72,48,26424,fixed,6,0.03,proportional,D_top_cagr,793,0,0,793,0.33716192928574396,-0.43425618572538105,1.0461046814124693,0.15243177018437137,-0.17022901452318706,1.3165636212125773,,6,0.2471626733921816
TW,C,anchored,1,3,72,48,2007-01,2012-12,2013-01,2016-12,72,48,26424,fixed,6,0.03,proportional,E_top_calmar,793,0,0,793,0.31798849200845236,-0.37131972518790934,1.0763176036827953,0.14182169523574695,-0.16987631921582702,1.2773224116022865,,6,0.296343001261034
TW,C,anchored,1,3,72,48,2007-01,2012-12,2013-01,2016-12,72,48,26424,fixed,6,0.05,equal,A_hrp,1321,0,877,1321,0.2642452735917684,-0.4318304177508674,0.9644839899035863,0.13820047205989305,-0.1696267718368526,1.2218296589175368,,6,0.16729750189250567
TW,C,anchored,1,3,72,48,2007-01,2012-12,2013-01,2016-12,72,48,26424,fixed,6,0.05,equal,D_top_cagr,1321,0,0,1321,0.29599942780228394,-0.449887468925651,0.9964847423456711,0.1505592558393003,-0.17119157748259373,1.2989742183917967,,6,0.24829674489023468
TW,C,anchored,1,3,72,48,2007-01,2012-12,2013-01,2016-12,72,48,26424,fixed,6,0.05,equal,E_top_calmar,1321,0,0,1321,0.2838487124118936,-0.4038035421232268,1.0122415306844863,0.14249009551495329,-0.16989382123087649,1.2727366144822305,,6,0.279333838001514
TW,C,anchored,1,3,72,48,2007-01,2012-12,2013-01,2016-12,72,48,26424,fixed,6,0.05,proportional,A_hrp,1321,0,328,1321,0.1931183560874541,-0.4694921280393213,0.7833711123893596,0.13073042664155143,-0.1754425392781105,1.1415375238545606,,6,0.5828917486752461
TW,C,anchored,1,3,72,48,2007-01,2012-12,2013-01,2016-12,72,48,26424,fixed,6,0.05,proportional,D_top_cagr,1321,0,0,1321,0.29599942780228394,-0.449887468925651,0.9964847423456711,0.1505592558393003,-0.17119157748259373,1.2989742183917967,,6,0.24829674489023468
TW,C,anchored,1,3,72,48,2007-01,2012-12,2013-01,2016-12,72,48,26424,fixed,6,0.05,proportional,E_top_calmar,1321,0,0,1321,0.2838487124118936,-0.4038035421232268,1.0122415306844863,0.14249009551495329,-0.16989382123087649,1.2727366144822305,,6,0.279333838001514
TW,C,anchored,1,3,72,48,2007-01,2012-12,2013-01,2016-12,72,48,26424,fixed,6,0.1,equal,A_hrp,2642,0,1978,2642,0.22563781102821667,-0.4640744435077646,0.8648416608174708,0.13453711377337751,-0.1703047749478992,1.1908863720898881,,6,0.16691900075700228
TW,C,anchored,1,3,72,48,2007-01,2012-12,2013-01,2016-12,72,48,26424,fixed,6,0.1,equal,D_top_cagr,2642,0,0,2642,0.2483136326293971,-0.46810265527945716,0.9071647169252997,0.14800149484060143,-0.17213999064173868,1.2785354756610838,,6,0.2838758516275549
TW,C,anchored,1,3,72,48,2007-01,2012-12,2013-01,2016-12,72,48,26424,fixed,6,0.1,equal,E_top_calmar,2642,0,0,2642,0.24166315181273323,-0.4357676248711714,0.9138368083361729,0.14201829745114525,-0.17269899852868775,1.2538170962286115,,6,0.3213474640423921
TW,C,anchored,1,3,72,48,2007-01,2012-12,2013-01,2016-12,72,48,26424,fixed,6,0.1,proportional,A_hrp,2642,0,1609,2642,0.2026971098730601,-0.46059655460374993,0.8131063849696347,0.13876419854035316,-0.17584767761072384,1.2114610543744322,,6,0.5825132475397427
TW,C,anchored,1,3,72,48,2007-01,2012-12,2013-01,2016-12,72,48,26424,fixed,6,0.1,proportional,D_top_cagr,2642,0,0,2642,0.2483136326293971,-0.46810265527945716,0.9071647169252997,0.14800149484060143,-0.17213999064173868,1.2785354756610838,,6,0.2838758516275549
TW,C,anchored,1,3,72,48,2007-01,2012-12,2013-01,2016-12,72,48,26424,fixed,6,0.1,proportional,E_top_calmar,2642,0,0,2642,0.24166315181273323,-0.4357676248711714,0.9138368083361729,0.14201829745114525,-0.17269899852868775,1.2538170962286115,,6,0.3213474640423921
TW,C,anchored,1,3,72,48,2007-01,2012-12,2013-01,2016-12,72,48,26424,silhouette_is,11,all,unallocated,B_all,26424,0,0,26424,0.10628853899047086,-0.5484999555627641,0.5037102289859081,0.12765573492608073,-0.1822593583971538,1.1091346437478091,,11,0.46783227369058433
TW,C,anchored,1,3,72,48,2007-01,2012-12,2013-01,2016-12,72,48,26424,silhouette_is,11,legacy,equal,A_hrp,55,0,0,55,0.348021126454497,-0.31348709003002784,1.2340104811953867,0.1445594681263025,-0.16760365967481583,1.3092955256731273,6.317889103115314,11,0.09090909090909091
TW,C,anchored,1,3,72,48,2007-01,2012-12,2013-01,2016-12,72,48,26424,silhouette_is,11,legacy,equal,D_top_cagr,55,0,0,55,0.5964118618433434,-0.400502965478148,0.751004631245712,0.16381284577858568,-0.17974936313307976,1.4313478363732233,5.019631651372891,6,0.6
TW,C,anchored,1,3,72,48,2007-01,2012-12,2013-01,2016-12,72,48,26424,silhouette_is,11,legacy,equal,E_top_calmar,55,0,0,55,0.5122773109071468,-0.2778077499334348,0.9540381794421218,0.139876888387928,-0.176224243202718,1.322867278407239,4.509098673852853,9,0.34545454545454546
TW,C,anchored,1,3,72,48,2007-01,2012-12,2013-01,2016-12,72,48,26424,silhouette_is,11,legacy,proportional,A_hrp,55,0,0,55,0.3258161518973577,-0.2691094348516926,1.2177079153443116,0.14129224796761908,-0.1719595050059617,1.262419415152714,5.605228014578302,11,0.4727272727272727
TW,C,anchored,1,3,72,48,2007-01,2012-12,2013-01,2016-12,72,48,26424,silhouette_is,11,legacy,proportional,D_top_cagr,55,0,0,55,0.5964118618433434,-0.400502965478148,0.751004631245712,0.16381284577858568,-0.17974936313307976,1.4313478363732233,5.019631651372891,6,0.6
TW,C,anchored,1,3,72,48,2007-01,2012-12,2013-01,2016-12,72,48,26424,silhouette_is,11,legacy,proportional,E_top_calmar,55,0,0,55,0.5122773109071468,-0.2778077499334348,0.9540381794421218,0.139876888387928,-0.176224243202718,1.322867278407239,4.509098673852853,9,0.34545454545454546
TW,C,anchored,1,3,72,48,2007-01,2012-12,2013-01,2016-12,72,48,26424,silhouette_is,11,0.01,equal,A_hrp,264,0,46,264,0.3080348592311033,-0.3867466323083838,1.058288886724321,0.13905338218124585,-0.1706866184449125,1.2332183285291225,6.921760080254791,11,0.09090909090909091
TW,C,anchored,1,3,72,48,2007-01,2012-12,2013-01,2016-12,72,48,26424,silhouette_is,11,0.01,equal,D_top_cagr,264,0,0,264,0.443738803802461,-0.4067684789947652,1.0422951748360036,0.15281043071015832,-0.1709456555143103,1.3482704802029386,5.834159832051373,11,0.29545454545454547
TW,C,anchored,1,3,72,48,2007-01,2012-12,2013-01,2016-12,72,48,26424,silhouette_is,11,0.01,equal,E_top_calmar,264,0,0,264,0.40373870159883873,-0.3154102057081194,1.111051743246373,0.14666022605033846,-0.1712584381563509,1.3351504586061904,5.636715863564336,11,0.24242424242424243
TW,C,anchored,1,3,72,48,2007-01,2012-12,2013-01,2016-12,72,48,26424,silhouette_is,11,0.01,proportional,A_hrp,264,0,0,264,0.2560883783102583,-0.3789301733057132,0.9964224913757911,0.13720346425385332,-0.16915964466452138,1.2232634771874253,6.833465969733045,11,0.4659090909090909
TW,C,anchored,1,3,72,48,2007-01,2012-12,2013-01,2016-12,72,48,26424,silhouette_is,11,0.01,proportional,D_top_cagr,264,0,0,264,0.443738803802461,-0.4067684789947652,1.0422951748360036,0.15281043071015832,-0.1709456555143103,1.3482704802029386,5.834159832051373,11,0.29545454545454547
TW,C,anchored,1,3,72,48,2007-01,2012-12,2013-01,2016-12,72,48,26424,silhouette_is,11,0.01,proportional,E_top_calmar,264,0,0,264,0.40373870159883873,-0.3154102057081194,1.111051743246373,0.14666022605033846,-0.1712584381563509,1.3351504586061904,5.636715863564336,11,0.24242424242424243
TW,C,anchored,1,3,72,48,2007-01,2012-12,2013-01,2016-12,72,48,26424,silhouette_is,11,0.03,equal,A_hrp,793,0,346,793,0.27641799198512973,-0.4168164624445978,0.9909764058519086,0.1397049160559689,-0.17092850420087669,1.2330472003484139,,11,0.09205548549810845
TW,C,anchored,1,3,72,48,2007-01,2012-12,2013-01,2016-12,72,48,26424,silhouette_is,11,0.03,equal,D_top_cagr,793,0,0,793,0.33716192928574396,-0.43425618572538105,1.0461046814124693,0.15243177018437137,-0.17022901452318706,1.3165636212125773,,11,0.1677175283732661
TW,C,anchored,1,3,72,48,2007-01,2012-12,2013-01,2016-12,72,48,26424,silhouette_is,11,0.03,equal,E_top_calmar,793,0,0,793,0.31798849200845236,-0.37131972518790934,1.0763176036827953,0.14182169523574695,-0.16987631921582702,1.2773224116022865,,11,0.19293820933165196
TW,C,anchored,1,3,72,48,2007-01,2012-12,2013-01,2016-12,72,48,26424,silhouette_is,11,0.03,proportional,A_hrp,793,0,72,793,0.1997903222580184,-0.44672417184049673,0.817985896151286,0.13058896893146343,-0.17476743205825507,1.1444290270415893,,11,0.467843631778058
TW,C,anchored,1,3,72,48,2007-01,2012-12,2013-01,2016-12,72,48,26424,silhouette_is,11,0.03,proportional,D_top_cagr,793,0,0,793,0.33716192928574396,-0.43425618572538105,1.0461046814124693,0.15243177018437137,-0.17022901452318706,1.3165636212125773,,11,0.1677175283732661
TW,C,anchored,1,3,72,48,2007-01,2012-12,2013-01,2016-12,72,48,26424,silhouette_is,11,0.03,proportional,E_top_calmar,793,0,0,793,0.31798849200845236,-0.37131972518790934,1.0763176036827953,0.14182169523574695,-0.16987631921582702,1.2773224116022865,,11,0.19293820933165196
TW,C,anchored,1,3,72,48,2007-01,2012-12,2013-01,2016-12,72,48,26424,silhouette_is,11,0.05,equal,A_hrp,1321,0,765,1321,0.25805452891848724,-0.43074853527108414,0.9507859776058702,0.13868156837490142,-0.17175946370359707,1.2234919305799157,,11,0.09159727479182438
TW,C,anchored,1,3,72,48,2007-01,2012-12,2013-01,2016-12,72,48,26424,silhouette_is,11,0.05,equal,D_top_cagr,1321,0,0,1321,0.29599942780228394,-0.449887468925651,0.9964847423456711,0.1505592558393003,-0.17119157748259373,1.2989742183917967,,11,0.17865253595760788
TW,C,anchored,1,3,72,48,2007-01,2012-12,2013-01,2016-12,72,48,26424,silhouette_is,11,0.05,equal,E_top_calmar,1321,0,0,1321,0.2838487124118936,-0.4038035421232268,1.0122415306844863,0.14249009551495329,-0.16989382123087649,1.2727366144822305,,11,0.19530658591975775
TW,C,anchored,1,3,72,48,2007-01,2012-12,2013-01,2016-12,72,48,26424,silhouette_is,11,0.05,proportional,A_hrp,1321,0,239,1321,0.1774829273953933,-0.4789560293609906,0.7380988519264425,0.12850137819158425,-0.17743484805094834,1.1196312462712734,,11,0.46782740348221047
TW,C,anchored,1,3,72,48,2007-01,2012-12,2013-01,2016-12,72,48,26424,silhouette_is,11,0.05,proportional,D_top_cagr,1321,0,0,1321,0.29599942780228394,-0.449887468925651,0.9964847423456711,0.1505592558393003,-0.17119157748259373,1.2989742183917967,,11,0.17865253595760788
TW,C,anchored,1,3,72,48,2007-01,2012-12,2013-01,2016-12,72,48,26424,silhouette_is,11,0.05,proportional,E_top_calmar,1321,0,0,1321,0.2838487124118936,-0.4038035421232268,1.0122415306844863,0.14249009551495329,-0.16989382123087649,1.2727366144822305,,11,0.19530658591975775
TW,C,anchored,1,3,72,48,2007-01,2012-12,2013-01,2016-12,72,48,26424,silhouette_is,11,0.1,equal,A_hrp,2642,1,1893,2642,0.22525106390194427,-0.458566928681861,0.8655158363867158,0.140524797280553,-0.1717925314341726,1.2266575573743421,,11,0.09424678274034821
TW,C,anchored,1,3,72,48,2007-01,2012-12,2013-01,2016-12,72,48,26424,silhouette_is,11,0.1,equal,D_top_cagr,2642,1,0,2642,0.2483136326293971,-0.46810265527945716,0.9071647169252997,0.14800149484060143,-0.17213999064173868,1.2785354756610838,,11,0.17297501892505676
TW,C,anchored,1,3,72,48,2007-01,2012-12,2013-01,2016-12,72,48,26424,silhouette_is,11,0.1,equal,E_top_calmar,2642,1,0,2642,0.24166315181273323,-0.4357676248711714,0.9138368083361729,0.14201829745114525,-0.17269899852868775,1.2538170962286115,,11,0.19719909159727478
TW,C,anchored,1,3,72,48,2007-01,2012-12,2013-01,2016-12,72,48,26424,silhouette_is,11,0.1,proportional,A_hrp,2642,0,1441,2642,0.1894993921175021,-0.46704801892000536,0.7765765145133774,0.13562842445282342,-0.17444690233952687,1.1976166070764678,,11,0.46782740348221047
TW,C,anchored,1,3,72,48,2007-01,2012-12,2013-01,2016-12,72,48,26424,silhouette_is,11,0.1,proportional,D_top_cagr,2642,0,0,2642,0.2483136326293971,-0.46810265527945716,0.9071647169252997,0.14800149484060143,-0.17213999064173868,1.2785354756610838,,11,0.17297501892505676
TW,C,anchored,1,3,72,48,2007-01,2012-12,2013-01,2016-12,72,48,26424,silhouette_is,11,0.1,proportional,E_top_calmar,2642,0,0,2642,0.24166315181273323,-0.4357676248711714,0.9138368083361729,0.14201829745114525,-0.17269899852868775,1.2538170962286115,,11,0.19719909159727478
TW,C,anchored,2,3,72,48,2007-01,2016-12,2017-01,2020-12,120,48,26424,fixed,6,all,unallocated,B_all,26424,0,0,26424,0.11478639807521485,-0.5484999555627641,0.5939924036100451,0.1876850032301649,-0.19399170992990578,1.1653642724147688,,6,0.49178776869512564
TW,C,anchored,2,3,72,48,2007-01,2016-12,2017-01,2020-12,120,48,26424,fixed,6,legacy,equal,A_hrp,30,0,1,30,0.29386424408696077,-0.27626966092563954,1.2151599854873991,0.23176722297923202,-0.17050804769664207,1.4335455678615185,3.326045667826978,6,0.16666666666666666
TW,C,anchored,2,3,72,48,2007-01,2016-12,2017-01,2020-12,120,48,26424,fixed,6,legacy,equal,D_top_cagr,30,0,0,30,0.44553281029786573,-0.39602130945411085,0.6053605246238546,0.26168091534421345,-0.2133295422148176,1.4299294936411806,2.8821919948409436,5,0.6333333333333333
TW,C,anchored,2,3,72,48,2007-01,2016-12,2017-01,2020-12,120,48,26424,fixed,6,legacy,equal,E_top_calmar,30,0,0,30,0.40144664003811137,-0.28570882024483846,0.7300676711270828,0.24277717736891047,-0.2010397441393228,1.392853594412919,2.6425660498795605,4,0.36666666666666664
TW,C,anchored,2,3,72,48,2007-01,2016-12,2017-01,2020-12,120,48,26424,fixed,6,legacy,proportional,A_hrp,30,0,0,30,0.288419380380315,-0.24918261415577858,1.2777494143181851,0.22417383135660796,-0.18189160822447759,1.390311800719725,2.8519977192608335,6,0.4666666666666667
TW,C,anchored,2,3,72,48,2007-01,2016-12,2017-01,2020-12,120,48,26424,fixed,6,legacy,proportional,D_top_cagr,30,0,0,30,0.44553281029786573,-0.39602130945411085,0.6053605246238546,0.26168091534421345,-0.2133295422148176,1.4299294936411806,2.8821919948409436,5,0.6333333333333333
TW,C,anchored,2,3,72,48,2007-01,2016-12,2017-01,2020-12,120,48,26424,fixed,6,legacy,proportional,E_top_calmar,30,0,0,30,0.40144664003811137,-0.28570882024483846,0.7300676711270828,0.24277717736891047,-0.2010397441393228,1.392853594412919,2.6425660498795605,4,0.36666666666666664
TW,C,anchored,2,3,72,48,2007-01,2016-12,2017-01,2020-12,120,48,26424,fixed,6,0.01,equal,A_hrp,264,0,86,264,0.2732510557260761,-0.3946184861422535,1.029550814486308,0.21598033729297117,-0.1801623850750974,1.3584650855232565,3.9909484348614535,6,0.16666666666666666
TW,C,anchored,2,3,72,48,2007-01,2016-12,2017-01,2020-12,120,48,26424,fixed,6,0.01,equal,D_top_cagr,264,0,0,264,0.327616481393995,-0.42531460677642263,1.0036499763135438,0.23441971127175298,-0.19035942019691376,1.4210615896514023,3.5717180710240712,6,0.2840909090909091
TW,C,anchored,2,3,72,48,2007-01,2016-12,2017-01,2020-12,120,48,26424,fixed,6,0.01,equal,E_top_calmar,264,0,0,264,0.2944319860958289,-0.3125468693268584,1.0622440321943345,0.22997810107327177,-0.1942018932487457,1.3995925250108372,3.1781946865775152,6,0.2689393939393939
TW,C,anchored,2,3,72,48,2007-01,2016-12,2017-01,2020-12,120,48,26424,fixed,6,0.01,proportional,A_hrp,264,0,4,264,0.22037929405717116,-0.3897907148681241,1.0274120529530406,0.20753669551949838,-0.19074891193164745,1.3032881017369617,3.8892131869508586,6,0.49242424242424243
TW,C,anchored,2,3,72,48,2007-01,2016-12,2017-01,2020-12,120,48,26424,fixed,6,0.01,proportional,D_top_cagr,264,0,0,264,0.327616481393995,-0.42531460677642263,1.0036499763135438,0.23441971127175298,-0.19035942019691376,1.4210615896514023,3.5717180710240712,6,0.2840909090909091
TW,C,anchored,2,3,72,48,2007-01,2016-12,2017-01,2020-12,120,48,26424,fixed,6,0.01,proportional,E_top_calmar,264,0,0,264,0.2944319860958289,-0.3125468693268584,1.0622440321943345,0.22997810107327177,-0.1942018932487457,1.3995925250108372,3.1781946865775152,6,0.2689393939393939
TW,C,anchored,2,3,72,48,2007-01,2016-12,2017-01,2020-12,120,48,26424,fixed,6,0.03,equal,A_hrp,793,0,366,793,0.22968678269839327,-0.44494117696630875,0.9622169255288806,0.20801229493172402,-0.18178000230149471,1.3117445422335203,,6,0.1677175283732661
TW,C,anchored,2,3,72,48,2007-01,2016-12,2017-01,2020-12,120,48,26424,fixed,6,0.03,equal,D_top_cagr,793,0,0,793,0.26729216905305275,-0.46507694286827694,1.025085950677945,0.22968785182222873,-0.19323025175468256,1.3979246747471012,,6,0.2459016393442623
TW,C,anchored,2,3,72,48,2007-01,2016-12,2017-01,2020-12,120,48,26424,fixed,6,0.03,equal,E_top_calmar,793,0,0,793,0.2492954818665245,-0.3781250741735188,1.057276500858851,0.22215192354176128,-0.19129036008552414,1.364631268482724,,6,0.266078184110971
TW,C,anchored,2,3,72,48,2007-01,2016-12,2017-01,2020-12,120,48,26424,fixed,6,0.03,proportional,A_hrp,793,0,88,793,0.1821461527669861,-0.4435377564006253,0.8796670587845439,0.1976785693613723,-0.192357277465241,1.237590322435981,,6,0.4918032786885246
TW,C,anchored,2,3,72,48,2007-01,2016-12,2017-01,2020-12,120,48,26424,fixed,6,0.03,proportional,D_top_cagr,793,0,0,793,0.26729216905305275,-0.46507694286827694,1.025085950677945,0.22968785182222873,-0.19323025175468256,1.3979246747471012,,6,0.2459016393442623
TW,C,anchored,2,3,72,48,2007-01,2016-12,2017-01,2020-12,120,48,26424,fixed,6,0.03,proportional,E_top_calmar,793,0,0,793,0.2492954818665245,-0.3781250741735188,1.057276500858851,0.22215192354176128,-0.19129036008552414,1.364631268482724,,6,0.266078184110971
TW,C,anchored,2,3,72,48,2007-01,2016-12,2017-01,2020-12,120,48,26424,fixed,6,0.05,equal,A_hrp,1321,0,722,1321,0.2098144986836099,-0.45914530558035493,0.9182713487592361,0.20470257811469827,-0.18356938345743234,1.2900191380915322,,6,0.16729750189250567
TW,C,anchored,2,3,72,48,2007-01,2016-12,2017-01,2020-12,120,48,26424,fixed,6,0.05,equal,D_top_cagr,1321,0,0,1321,0.2434010692071864,-0.47563712165225447,0.9931746026062074,0.2269819756626077,-0.1924451394861194,1.3788379184013413,,6,0.24299772899318697
TW,C,anchored,2,3,72,48,2007-01,2016-12,2017-01,2020-12,120,48,26424,fixed,6,0.05,equal,E_top_calmar,1321,0,0,1321,0.230361396993771,-0.40948146428148635,1.0121064974014755,0.22146449525861445,-0.1929460947568653,1.3568334172727725,,6,0.2732778198334595
TW,C,anchored,2,3,72,48,2007-01,2016-12,2017-01,2020-12,120,48,26424,fixed,6,0.05,proportional,A_hrp,1321,0,293,1321,0.16701640890387393,-0.4738705469883906,0.8148300377880923,0.199252116539959,-0.19487562953417858,1.2302988293100023,,6,0.49205147615442846
TW,C,anchored,2,3,72,48,2007-01,2016-12,2017-01,2020-12,120,48,26424,fixed,6,0.05,proportional,D_top_cagr,1321,0,0,1321,0.2434010692071864,-0.47563712165225447,0.9931746026062074,0.2269819756626077,-0.1924451394861194,1.3788379184013413,,6,0.24299772899318697
TW,C,anchored,2,3,72,48,2007-01,2016-12,2017-01,2020-12,120,48,26424,fixed,6,0.05,proportional,E_top_calmar,1321,0,0,1321,0.230361396993771,-0.40948146428148635,1.0121064974014755,0.22146449525861445,-0.1929460947568653,1.3568334172727725,,6,0.2732778198334595
TW,C,anchored,2,3,72,48,2007-01,2016-12,2017-01,2020-12,120,48,26424,fixed,6,0.1,equal,A_hrp,2642,0,1823,2642,0.18929738310948796,-0.483233836638694,0.8574746706925793,0.20103676345324262,-0.18387153744629725,1.264418353501327,,6,0.16691900075700228
TW,C,anchored,2,3,72,48,2007-01,2016-12,2017-01,2020-12,120,48,26424,fixed,6,0.1,equal,D_top_cagr,2642,0,0,2642,0.2138283861397543,-0.488144372529694,0.9313339158669227,0.2226320467321823,-0.1927699678654139,1.354900783331647,,6,0.2804693414080242
TW,C,anchored,2,3,72,48,2007-01,2016-12,2017-01,2020-12,120,48,26424,fixed,6,0.1,equal,E_top_calmar,2642,0,0,2642,0.20591659486909109,-0.44327903306434735,0.9387033111573723,0.21916570467005436,-0.1923084201613554,1.3437022864904713,,6,0.3376230128690386
TW,C,anchored,2,3,72,48,2007-01,2016-12,2017-01,2020-12,120,48,26424,fixed,6,0.1,proportional,A_hrp,2642,0,1588,2642,0.17993605724961892,-0.4651156576047214,0.8584570043767116,0.21272343889157308,-0.1952218978862985,1.3005126278155117,,6,0.49167297501892504
TW,C,anchored,2,3,72,48,2007-01,2016-12,2017-01,2020-12,120,48,26424,fixed,6,0.1,proportional,D_top_cagr,2642,0,0,2642,0.2138283861397543,-0.488144372529694,0.9313339158669227,0.2226320467321823,-0.1927699678654139,1.354900783331647,,6,0.2804693414080242
TW,C,anchored,2,3,72,48,2007-01,2016-12,2017-01,2020-12,120,48,26424,fixed,6,0.1,proportional,E_top_calmar,2642,0,0,2642,0.20591659486909109,-0.44327903306434735,0.9387033111573723,0.21916570467005436,-0.1923084201613554,1.3437022864904713,,6,0.3376230128690386
TW,C,anchored,2,3,72,48,2007-01,2016-12,2017-01,2020-12,120,48,26424,silhouette_is,4,all,unallocated,B_all,26424,0,0,26424,0.11478639807521485,-0.5484999555627641,0.5939924036100451,0.1876850032301649,-0.19399170992990578,1.1653642724147688,,4,0.49178776869512564
TW,C,anchored,2,3,72,48,2007-01,2016-12,2017-01,2020-12,120,48,26424,silhouette_is,4,legacy,equal,A_hrp,20,0,1,20,0.30318636154491263,-0.25129124176440465,1.235521454374994,0.23279194490208877,-0.17823918554472262,1.4188962225841786,3.0000148910461513,4,0.25
TW,C,anchored,2,3,72,48,2007-01,2016-12,2017-01,2020-12,120,48,26424,silhouette_is,4,legacy,equal,D_top_cagr,20,0,0,20,0.4575299255198182,-0.38584527098251975,0.5226666987417314,0.2483547449951824,-0.21847950424088103,1.345165243971698,2.4045148832049805,3,0.75
TW,C,anchored,2,3,72,48,2007-01,2016-12,2017-01,2020-12,120,48,26424,silhouette_is,4,legacy,equal,E_top_calmar,20,0,0,20,0.3930691380088802,-0.2656667082919587,0.8522625519413899,0.24273632596782457,-0.20387491623884946,1.3762921249653355,2.3910788114769375,3,0.45
TW,C,anchored,2,3,72,48,2007-01,2016-12,2017-01,2020-12,120,48,26424,silhouette_is,4,legacy,proportional,A_hrp,20,0,0,20,0.3143104188981256,-0.25568438854012177,1.330645758236012,0.2362710222342197,-0.1750866367881656,1.4360833591477977,2.8091585291335592,4,0.45
TW,C,anchored,2,3,72,48,2007-01,2016-12,2017-01,2020-12,120,48,26424,silhouette_is,4,legacy,proportional,D_top_cagr,20,0,0,20,0.4575299255198182,-0.38584527098251975,0.5226666987417314,0.2483547449951824,-0.21847950424088103,1.345165243971698,2.4045148832049805,3,0.75
TW,C,anchored,2,3,72,48,2007-01,2016-12,2017-01,2020-12,120,48,26424,silhouette_is,4,legacy,proportional,E_top_calmar,20,0,0,20,0.3930691380088802,-0.2656667082919587,0.8522625519413899,0.24273632596782457,-0.20387491623884946,1.3762921249653355,2.3910788114769375,3,0.45
TW,C,anchored,2,3,72,48,2007-01,2016-12,2017-01,2020-12,120,48,26424,silhouette_is,4,0.01,equal,A_hrp,264,0,102,264,0.26947687606949633,-0.38567915104316564,1.002449999619048,0.22271378392315833,-0.18564984056778155,1.3846063768476864,3.698335350698472,4,0.25
TW,C,anchored,2,3,72,48,2007-01,2016-12,2017-01,2020-12,120,48,26424,silhouette_is,4,0.01,equal,D_top_cagr,264,0,0,264,0.327616481393995,-0.42531460677642263,1.0036499763135438,0.23441971127175298,-0.19035942019691376,1.4210615896514023,3.5717180710240712,4,0.5492424242424242
TW,C,anchored,2,3,72,48,2007-01,2016-12,2017-01,2020-12,120,48,26424,silhouette_is,4,0.01,equal,E_top_calmar,264,0,0,264,0.2944319860958289,-0.3125468693268584,1.0622440321943345,0.22997810107327177,-0.1942018932487457,1.3995925250108372,3.1781946865775152,4,0.5378787878787878
TW,C,anchored,2,3,72,48,2007-01,2016-12,2017-01,2020-12,120,48,26424,silhouette_is,4,0.01,proportional,A_hrp,264,0,4,264,0.21481904730763812,-0.3895586278512574,1.0275704616364405,0.20804582683852724,-0.1901087329387977,1.3032325879867204,3.882311479304401,4,0.49242424242424243
TW,C,anchored,2,3,72,48,2007-01,2016-12,2017-01,2020-12,120,48,26424,silhouette_is,4,0.01,proportional,D_top_cagr,264,0,0,264,0.327616481393995,-0.42531460677642263,1.0036499763135438,0.23441971127175298,-0.19035942019691376,1.4210615896514023,3.5717180710240712,4,0.5492424242424242
TW,C,anchored,2,3,72,48,2007-01,2016-12,2017-01,2020-12,120,48,26424,silhouette_is,4,0.01,proportional,E_top_calmar,264,0,0,264,0.2944319860958289,-0.3125468693268584,1.0622440321943345,0.22997810107327177,-0.1942018932487457,1.3995925250108372,3.1781946865775152,4,0.5378787878787878
TW,C,anchored,2,3,72,48,2007-01,2016-12,2017-01,2020-12,120,48,26424,silhouette_is,4,0.03,equal,A_hrp,793,0,366,793,0.21688288780343568,-0.45348366506823135,0.946896136077295,0.20512753209638257,-0.18423645387618015,1.3000653112085785,,4,0.2509457755359395
TW,C,anchored,2,3,72,48,2007-01,2016-12,2017-01,2020-12,120,48,26424,silhouette_is,4,0.03,equal,D_top_cagr,793,0,0,793,0.26729216905305275,-0.46507694286827694,1.025085950677945,0.22968785182222873,-0.19323025175468256,1.3979246747471012,,4,0.5712484237074401
TW,C,anchored,2,3,72,48,2007-01,2016-12,2017-01,2020-12,120,48,26424,silhouette_is,4,0.03,equal,E_top_calmar,793,0,0,793,0.2492954818665245,-0.3781250741735188,1.057276500858851,0.22215192354176128,-0.19129036008552414,1.364631268482724,,4,0.5460277427490542
TW,C,anchored,2,3,72,48,2007-01,2016-12,2017-01,2020-12,120,48,26424,silhouette_is,4,0.03,proportional,A_hrp,793,0,126,793,0.18372066259254405,-0.43943889707398487,0.889675826954042,0.1970080231543041,-0.18863267711933351,1.2415911196178187,,4,0.4918032786885246
TW,C,anchored,2,3,72,48,2007-01,2016-12,2017-01,2020-12,120,48,26424,silhouette_is,4,0.03,proportional,D_top_cagr,793,0,0,793,0.26729216905305275,-0.46507694286827694,1.025085950677945,0.22968785182222873,-0.19323025175468256,1.3979246747471012,,4,0.5712484237074401
TW,C,anchored,2,3,72,48,2007-01,2016-12,2017-01,2020-12,120,48,26424,silhouette_is,4,0.03,proportional,E_top_calmar,793,0,0,793,0.2492954818665245,-0.3781250741735188,1.057276500858851,0.22215192354176128,-0.19129036008552414,1.364631268482724,,4,0.5460277427490542
TW,C,anchored,2,3,72,48,2007-01,2016-12,2017-01,2020-12,120,48,26424,silhouette_is,4,0.05,equal,A_hrp,1321,0,706,1321,0.197248365622678,-0.46781535888252657,0.8989328307296497,0.2004377535931765,-0.1843076583333858,1.2695087364838302,,4,0.2505677517032551
TW,C,anchored,2,3,72,48,2007-01,2016-12,2017-01,2020-12,120,48,26424,silhouette_is,4,0.05,equal,D_top_cagr,1321,0,0,1321,0.2434010692071864,-0.47563712165225447,0.9931746026062074,0.2269819756626077,-0.1924451394861194,1.3788379184013413,,4,0.5692657077971234
TW,C,anchored,2,3,72,48,2007-01,2016-12,2017-01,2020-12,120,48,26424,silhouette_is,4,0.05,equal,E_top_calmar,1321,0,0,1321,0.230361396993771,-0.40948146428148635,1.0121064974014755,0.22146449525861445,-0.1929460947568653,1.3568334172727725,,4,0.5268735806207419
TW,C,anchored,2,3,72,48,2007-01,2016-12,2017-01,2020-12,120,48,26424,silhouette_is,4,0.05,proportional,A_hrp,1321,0,387,1321,0.1748381982898164,-0.46601002415161985,0.8397404729726957,0.19980674401174237,-0.19122530227550683,1.2392717271197968,,4,0.49205147615442846
TW,C,anchored,2,3,72,48,2007-01,2016-12,2017-01,2020-12,120,48,26424,silhouette_is,4,0.05,proportional,D_top_cagr,1321,0,0,1321,0.2434010692071864,-0.47563712165225447,0.9931746026062074,0.2269819756626077,-0.1924451394861194,1.3788379184013413,,4,0.5692657077971234
TW,C,anchored,2,3,72,48,2007-01,2016-12,2017-01,2020-12,120,48,26424,silhouette_is,4,0.05,proportional,E_top_calmar,1321,0,0,1321,0.230361396993771,-0.40948146428148635,1.0121064974014755,0.22146449525861445,-0.1929460947568653,1.3568334172727725,,4,0.5268735806207419
TW,C,anchored,2,3,72,48,2007-01,2016-12,2017-01,2020-12,120,48,26424,silhouette_is,4,0.1,equal,A_hrp,2642,1,1687,2642,0.17131283177947698,-0.49887806180473593,0.8089453003684052,0.19694383085088307,-0.18427854244912956,1.237199533289039,,4,0.25397426192278577
TW,C,anchored,2,3,72,48,2007-01,2016-12,2017-01,2020-12,120,48,26424,silhouette_is,4,0.1,equal,D_top_cagr,2642,1,0,2642,0.2138283861397543,-0.488144372529694,0.9313339158669227,0.2226320467321823,-0.1927699678654139,1.354900783331647,,4,0.5299015897047691
TW,C,anchored,2,3,72,48,2007-01,2016-12,2017-01,2020-12,120,48,26424,silhouette_is,4,0.1,equal,E_top_calmar,2642,1,0,2642,0.20591659486909109,-0.44327903306434735,0.9387033111573723,0.21916570467005436,-0.1923084201613554,1.3437022864904713,,4,0.4954579863739591
TW,C,anchored,2,3,72,48,2007-01,2016-12,2017-01,2020-12,120,48,26424,silhouette_is,4,0.1,proportional,A_hrp,2642,0,1682,2642,0.18358770106576894,-0.46304301831627404,0.8674423598115166,0.21218920548758757,-0.19340671486168193,1.3003191361654853,,4,0.49167297501892504
TW,C,anchored,2,3,72,48,2007-01,2016-12,2017-01,2020-12,120,48,26424,silhouette_is,4,0.1,proportional,D_top_cagr,2642,0,0,2642,0.2138283861397543,-0.488144372529694,0.9313339158669227,0.2226320467321823,-0.1927699678654139,1.354900783331647,,4,0.5299015897047691
TW,C,anchored,2,3,72,48,2007-01,2016-12,2017-01,2020-12,120,48,26424,silhouette_is,4,0.1,proportional,E_top_calmar,2642,0,0,2642,0.20591659486909109,-0.44327903306434735,0.9387033111573723,0.21916570467005436,-0.1923084201613554,1.3437022864904713,,4,0.4954579863739591
TW,C,anchored,3,3,72,48,2007-01,2020-12,2021-01,2025-12,168,60,26424,fixed,6,all,unallocated,B_all,26424,0,0,26424,0.13514554779908128,-0.5484999555627641,0.7115181847229014,0.12419438174300335,-0.13830658386936678,0.8252389863626047,,6,0.47612019376324555
TW,C,anchored,3,3,72,48,2007-01,2020-12,2021-01,2025-12,168,60,26424,fixed,6,legacy,equal,A_hrp,30,0,2,30,0.282251324565,-0.2785686182727829,1.2011430019639298,0.15450820084040506,-0.1433754886643832,0.9444578509440792,3.002467270352841,6,0.16666666666666666
TW,C,anchored,3,3,72,48,2007-01,2020-12,2021-01,2025-12,168,60,26424,fixed,6,legacy,equal,D_top_cagr,30,0,0,30,0.39522390627517257,-0.3674080665553119,0.6213538148451284,0.17010986741807144,-0.1584966165321483,0.9959119717450082,2.09878981455677,3,0.6666666666666666
TW,C,anchored,3,3,72,48,2007-01,2020-12,2021-01,2025-12,168,60,26424,fixed,6,legacy,equal,E_top_calmar,30,0,0,30,0.3439462925900758,-0.245855514804875,0.9624747193520452,0.17397725457552404,-0.14392058107844097,1.0270487325136155,2.4043556693351915,4,0.36666666666666664
TW,C,anchored,3,3,72,48,2007-01,2020-12,2021-01,2025-12,168,60,26424,fixed,6,legacy,proportional,A_hrp,30,0,0,30,0.2528034023681649,-0.2613192509579457,1.2407653122148414,0.1621739616431861,-0.1306047529104304,1.0000080786021417,3.147194665850501,6,0.4666666666666667
TW,C,anchored,3,3,72,48,2007-01,2020-12,2021-01,2025-12,168,60,26424,fixed,6,legacy,proportional,D_top_cagr,30,0,0,30,0.39522390627517257,-0.3674080665553119,0.6213538148451284,0.17010986741807144,-0.1584966165321483,0.9959119717450082,2.09878981455677,3,0.6666666666666666
TW,C,anchored,3,3,72,48,2007-01,2020-12,2021-01,2025-12,168,60,26424,fixed,6,legacy,proportional,E_top_calmar,30,0,0,30,0.3439462925900758,-0.245855514804875,0.9624747193520452,0.17397725457552404,-0.14392058107844097,1.0270487325136155,2.4043556693351915,4,0.36666666666666664
TW,C,anchored,3,3,72,48,2007-01,2020-12,2021-01,2025-12,168,60,26424,fixed,6,0.01,equal,A_hrp,264,0,87,264,0.2590911826253579,-0.3999838001267745,1.0772900589094998,0.15084408013235207,-0.14070982910910357,0.9381320498061417,3.835181744548959,6,0.16666666666666666
TW,C,anchored,3,3,72,48,2007-01,2020-12,2021-01,2025-12,168,60,26424,fixed,6,0.01,equal,D_top_cagr,264,0,0,264,0.30882083651807957,-0.42578709987736185,1.0703785735398985,0.1639625721580582,-0.14510450521218188,0.9839979476405016,3.200365725891825,6,0.2765151515151515
TW,C,anchored,3,3,72,48,2007-01,2020-12,2021-01,2025-12,168,60,26424,fixed,6,0.01,equal,E_top_calmar,264,0,0,264,0.2758822000571888,-0.29580355973898587,1.1533711262184045,0.1615685323967042,-0.13353447906615923,0.9987788303825667,2.9051979570982405,6,0.4583333333333333
TW,C,anchored,3,3,72,48,2007-01,2020-12,2021-01,2025-12,168,60,26424,fixed,6,0.01,proportional,A_hrp,264,0,5,264,0.21407788086991486,-0.39486427991939343,1.075674842238685,0.14359190271934308,-0.13857826045168675,0.9107450030068768,3.9740764218368354,6,0.4772727272727273
TW,C,anchored,3,3,72,48,2007-01,2020-12,2021-01,2025-12,168,60,26424,fixed,6,0.01,proportional,D_top_cagr,264,0,0,264,0.30882083651807957,-0.42578709987736185,1.0703785735398985,0.1639625721580582,-0.14510450521218188,0.9839979476405016,3.200365725891825,6,0.2765151515151515
TW,C,anchored,3,3,72,48,2007-01,2020-12,2021-01,2025-12,168,60,26424,fixed,6,0.01,proportional,E_top_calmar,264,0,0,264,0.2758822000571888,-0.29580355973898587,1.1533711262184045,0.1615685323967042,-0.13353447906615923,0.9987788303825667,2.9051979570982405,6,0.4583333333333333
TW,C,anchored,3,3,72,48,2007-01,2020-12,2021-01,2025-12,168,60,26424,fixed,6,0.03,equal,A_hrp,793,0,351,793,0.22487503171969725,-0.4616438803567856,1.0126695545281894,0.1426197573142598,-0.13855423935318978,0.9011358989801056,,6,0.1677175283732661
TW,C,anchored,3,3,72,48,2007-01,2020-12,2021-01,2025-12,168,60,26424,fixed,6,0.03,equal,D_top_cagr,793,0,0,793,0.263218330988515,-0.4711847634911206,1.1071886798113852,0.15799509646906396,-0.14263818688924346,0.9491601551147754,,6,0.3833543505674653
TW,C,anchored,3,3,72,48,2007-01,2020-12,2021-01,2025-12,168,60,26424,fixed,6,0.03,equal,E_top_calmar,793,0,0,793,0.2434123899929852,-0.37468282033220357,1.1343455951150216,0.15457066780080053,-0.1350752163395771,0.9548637592688375,,6,0.4274905422446406
TW,C,anchored,3,3,72,48,2007-01,2020-12,2021-01,2025-12,168,60,26424,fixed,6,0.03,proportional,A_hrp,793,0,102,793,0.1834722740318071,-0.45925308146836963,0.9380264333490248,0.13984572306912768,-0.13393425385704416,0.9089842469033494,,6,0.4766708701134931
TW,C,anchored,3,3,72,48,2007-01,2020-12,2021-01,2025-12,168,60,26424,fixed,6,0.03,proportional,D_top_cagr,793,0,0,793,0.263218330988515,-0.4711847634911206,1.1071886798113852,0.15799509646906396,-0.14263818688924346,0.9491601551147754,,6,0.3833543505674653
TW,C,anchored,3,3,72,48,2007-01,2020-12,2021-01,2025-12,168,60,26424,fixed,6,0.03,proportional,E_top_calmar,793,0,0,793,0.2434123899929852,-0.37468282033220357,1.1343455951150216,0.15457066780080053,-0.1350752163395771,0.9548637592688375,,6,0.4274905422446406
TW,C,anchored,3,3,72,48,2007-01,2020-12,2021-01,2025-12,168,60,26424,fixed,6,0.05,equal,A_hrp,1321,0,651,1321,0.20517461832427464,-0.4880242138851014,0.9556964150658912,0.13683050840388122,-0.1382706039804148,0.875437871089534,,6,0.16729750189250567
TW,C,anchored,3,3,72,48,2007-01,2020-12,2021-01,2025-12,168,60,26424,fixed,6,0.05,equal,D_top_cagr,1321,0,0,1321,0.24483133360943632,-0.48151779511554416,1.0779811488605873,0.15587650097770123,-0.14166362200670168,0.9422033778289224,,6,0.39439818319454956
TW,C,anchored,3,3,72,48,2007-01,2020-12,2021-01,2025-12,168,60,26424,fixed,6,0.05,equal,E_top_calmar,1321,0,0,1321,0.2295288266686928,-0.40648884617026093,1.0907715454268916,0.15174325282929524,-0.13680823639683493,0.9366618139647851,,6,0.41786525359576077
TW,C,anchored,3,3,72,48,2007-01,2020-12,2021-01,2025-12,168,60,26424,fixed,6,0.05,proportional,A_hrp,1321,0,396,1321,0.17796046429598844,-0.46922274235110295,0.9071009683899828,0.13871809704430538,-0.1357095672244667,0.8991158295603342,,6,0.4761544284632854
TW,C,anchored,3,3,72,48,2007-01,2020-12,2021-01,2025-12,168,60,26424,fixed,6,0.05,proportional,D_top_cagr,1321,0,0,1321,0.24483133360943632,-0.48151779511554416,1.0779811488605873,0.15587650097770123,-0.14166362200670168,0.9422033778289224,,6,0.39439818319454956
TW,C,anchored,3,3,72,48,2007-01,2020-12,2021-01,2025-12,168,60,26424,fixed,6,0.05,proportional,E_top_calmar,1321,0,0,1321,0.2295288266686928,-0.40648884617026093,1.0907715454268916,0.15174325282929524,-0.13680823639683493,0.9366618139647851,,6,0.41786525359576077
TW,C,anchored,3,3,72,48,2007-01,2020-12,2021-01,2025-12,168,60,26424,fixed,6,0.1,equal,A_hrp,2642,1,1687,2642,0.18832502904428017,-0.4953082905215901,0.9227333951595079,0.13891481905179592,-0.1359975250543607,0.8920552372860808,,6,0.18243754731264195
TW,C,anchored,3,3,72,48,2007-01,2020-12,2021-01,2025-12,168,60,26424,fixed,6,0.1,equal,D_top_cagr,2642,1,0,2642,0.2212729371795743,-0.4932600303411082,1.018995047840983,0.1509872170366926,-0.13982861478089126,0.9211967360759573,,6,0.4375473126419379
TW,C,anchored,3,3,72,48,2007-01,2020-12,2021-01,2025-12,168,60,26424,fixed,6,0.1,equal,E_top_calmar,2642,1,0,2642,0.2123883661474728,-0.4432061440826971,1.0248733385805742,0.14657277364635712,-0.13674944934503064,0.9094993673656452,,6,0.42127176381529147
TW,C,anchored,3,3,72,48,2007-01,2020-12,2021-01,2025-12,168,60,26424,fixed,6,0.1,proportional,A_hrp,2642,0,1687,2642,0.18723572574726344,-0.46315415009727423,0.9414863297695365,0.1386721559774724,-0.13567653635863453,0.8827538059965511,,6,0.4761544284632854
TW,C,anchored,3,3,72,48,2007-01,2020-12,2021-01,2025-12,168,60,26424,fixed,6,0.1,proportional,D_top_cagr,2642,0,0,2642,0.2212729371795743,-0.4932600303411082,1.018995047840983,0.1509872170366926,-0.13982861478089126,0.9211967360759573,,6,0.4375473126419379
TW,C,anchored,3,3,72,48,2007-01,2020-12,2021-01,2025-12,168,60,26424,fixed,6,0.1,proportional,E_top_calmar,2642,0,0,2642,0.2123883661474728,-0.4432061440826971,1.0248733385805742,0.14657277364635712,-0.13674944934503064,0.9094993673656452,,6,0.42127176381529147
TW,C,anchored,3,3,72,48,2007-01,2020-12,2021-01,2025-12,168,60,26424,silhouette_is,4,all,unallocated,B_all,26424,0,0,26424,0.13514554779908128,-0.5484999555627641,0.7115181847229014,0.12419438174300335,-0.13830658386936678,0.8252389863626047,,4,0.48501362397820164
TW,C,anchored,3,3,72,48,2007-01,2020-12,2021-01,2025-12,168,60,26424,silhouette_is,4,legacy,equal,A_hrp,20,0,2,20,0.3069342045923056,-0.2423984978579351,1.1795682818391304,0.1599400131372264,-0.1404642621202794,0.9794793113428129,2.854375825955389,4,0.25
TW,C,anchored,3,3,72,48,2007-01,2020-12,2021-01,2025-12,168,60,26424,silhouette_is,4,legacy,equal,D_top_cagr,20,0,0,20,0.40987786005778926,-0.3622193254251991,0.53197146906175,0.17333936921908366,-0.15959142953591376,1.010103340171393,2.0894090022782157,3,0.75
TW,C,anchored,3,3,72,48,2007-01,2020-12,2021-01,2025-12,168,60,26424,silhouette_is,4,legacy,equal,E_top_calmar,20,0,0,20,0.3635194409094724,-0.25296223215622327,0.8162093369748006,0.18043670872390605,-0.14457453601825387,1.06890850455074,2.177545040830063,3,0.4
TW,C,anchored,3,3,72,48,2007-01,2020-12,2021-01,2025-12,168,60,26424,silhouette_is,4,legacy,proportional,A_hrp,20,0,0,20,0.2972503101055435,-0.25659629370141923,1.3385688300801613,0.17588258591988382,-0.13565977152343855,1.0484965546039178,2.9034014842317135,4,0.45
TW,C,anchored,3,3,72,48,2007-01,2020-12,2021-01,2025-12,168,60,26424,silhouette_is,4,legacy,proportional,D_top_cagr,20,0,0,20,0.40987786005778926,-0.3622193254251991,0.53197146906175,0.17333936921908366,-0.15959142953591376,1.010103340171393,2.0894090022782157,3,0.75
TW,C,anchored,3,3,72,48,2007-01,2020-12,2021-01,2025-12,168,60,26424,silhouette_is,4,legacy,proportional,E_top_calmar,20,0,0,20,0.3635194409094724,-0.25296223215622327,0.8162093369748006,0.18043670872390605,-0.14457453601825387,1.06890850455074,2.177545040830063,3,0.4
TW,C,anchored,3,3,72,48,2007-01,2020-12,2021-01,2025-12,168,60,26424,silhouette_is,4,0.01,equal,A_hrp,264,0,106,264,0.26099526082921787,-0.38657247657584903,1.0735822522510505,0.14959400075939233,-0.13931793497279188,0.9399394709038797,3.6595477461560044,4,0.25
TW,C,anchored,3,3,72,48,2007-01,2020-12,2021-01,2025-12,168,60,26424,silhouette_is,4,0.01,equal,D_top_cagr,264,0,0,264,0.30882083651807957,-0.42578709987736185,1.0703785735398985,0.1639625721580582,-0.14510450521218188,0.9839979476405016,3.200365725891825,4,0.38636363636363635
TW,C,anchored,3,3,72,48,2007-01,2020-12,2021-01,2025-12,168,60,26424,silhouette_is,4,0.01,equal,E_top_calmar,264,0,0,264,0.2758822000571888,-0.29580355973898587,1.1533711262184045,0.1615685323967042,-0.13353447906615923,0.9987788303825667,2.9051979570982405,4,0.5075757575757576
TW,C,anchored,3,3,72,48,2007-01,2020-12,2021-01,2025-12,168,60,26424,silhouette_is,4,0.01,proportional,A_hrp,264,0,5,264,0.21993377253850532,-0.3952103507799234,1.0969564153246092,0.14981478749589594,-0.1393582677253934,0.9522760278142991,4.249668567973474,4,0.48484848484848486
TW,C,anchored,3,3,72,48,2007-01,2020-12,2021-01,2025-12,168,60,26424,silhouette_is,4,0.01,proportional,D_top_cagr,264,0,0,264,0.30882083651807957,-0.42578709987736185,1.0703785735398985,0.1639625721580582,-0.14510450521218188,0.9839979476405016,3.200365725891825,4,0.38636363636363635
TW,C,anchored,3,3,72,48,2007-01,2020-12,2021-01,2025-12,168,60,26424,silhouette_is,4,0.01,proportional,E_top_calmar,264,0,0,264,0.2758822000571888,-0.29580355973898587,1.1533711262184045,0.1615685323967042,-0.13353447906615923,0.9987788303825667,2.9051979570982405,4,0.5075757575757576
TW,C,anchored,3,3,72,48,2007-01,2020-12,2021-01,2025-12,168,60,26424,silhouette_is,4,0.03,equal,A_hrp,793,0,370,793,0.2166492899888195,-0.4623761597316014,1.0107880028671195,0.14393820426528792,-0.13545674687045783,0.9182262945075588,,4,0.2509457755359395
TW,C,anchored,3,3,72,48,2007-01,2020-12,2021-01,2025-12,168,60,26424,silhouette_is,4,0.03,equal,D_top_cagr,793,0,0,793,0.263218330988515,-0.4711847634911206,1.1071886798113852,0.15799509646906396,-0.14263818688924346,0.9491601551147754,,4,0.46027742749054223
TW,C,anchored,3,3,72,48,2007-01,2020-12,2021-01,2025-12,168,60,26424,silhouette_is,4,0.03,equal,E_top_calmar,793,0,0,793,0.2434123899929852,-0.37468282033220357,1.1343455951150216,0.15457066780080053,-0.1350752163395771,0.9548637592688375,,4,0.47540983606557374
TW,C,anchored,3,3,72,48,2007-01,2020-12,2021-01,2025-12,168,60,26424,silhouette_is,4,0.03,proportional,A_hrp,793,0,139,793,0.18914615310379723,-0.4555381291407934,0.9554657146227782,0.14231655482885186,-0.1339420193140647,0.9250861819008777,,4,0.4854981084489281
TW,C,anchored,3,3,72,48,2007-01,2020-12,2021-01,2025-12,168,60,26424,silhouette_is,4,0.03,proportional,D_top_cagr,793,0,0,793,0.263218330988515,-0.4711847634911206,1.1071886798113852,0.15799509646906396,-0.14263818688924346,0.9491601551147754,,4,0.46027742749054223
TW,C,anchored,3,3,72,48,2007-01,2020-12,2021-01,2025-12,168,60,26424,silhouette_is,4,0.03,proportional,E_top_calmar,793,0,0,793,0.2434123899929852,-0.37468282033220357,1.1343455951150216,0.15457066780080053,-0.1350752163395771,0.9548637592688375,,4,0.47540983606557374
TW,C,anchored,3,3,72,48,2007-01,2020-12,2021-01,2025-12,168,60,26424,silhouette_is,4,0.05,equal,A_hrp,1321,0,698,1321,0.1981258639767094,-0.4806350796576512,0.958739751723875,0.14086124514576848,-0.13437625755032911,0.9078643066300378,,4,0.2505677517032551
TW,C,anchored,3,3,72,48,2007-01,2020-12,2021-01,2025-12,168,60,26424,silhouette_is,4,0.05,equal,D_top_cagr,1321,0,0,1321,0.24483133360943632,-0.48151779511554416,1.0779811488605873,0.15587650097770123,-0.14166362200670168,0.9422033778289224,,4,0.4640423921271764
TW,C,anchored,3,3,72,48,2007-01,2020-12,2021-01,2025-12,168,60,26424,silhouette_is,4,0.05,equal,E_top_calmar,1321,0,0,1321,0.2295288266686928,-0.40648884617026093,1.0907715454268916,0.15174325282929524,-0.13680823639683493,0.9366618139647851,,4,0.4640423921271764
TW,C,anchored,3,3,72,48,2007-01,2020-12,2021-01,2025-12,168,60,26424,silhouette_is,4,0.05,proportional,A_hrp,1321,0,508,1321,0.18939745313781864,-0.45882334583900297,0.9471688371265373,0.1419362021056294,-0.13559102655823285,0.9150313946828434,,4,0.48523845571536717
TW,C,anchored,3,3,72,48,2007-01,2020-12,2021-01,2025-12,168,60,26424,silhouette_is,4,0.05,proportional,D_top_cagr,1321,0,0,1321,0.24483133360943632,-0.48151779511554416,1.0779811488605873,0.15587650097770123,-0.14166362200670168,0.9422033778289224,,4,0.4640423921271764
TW,C,anchored,3,3,72,48,2007-01,2020-12,2021-01,2025-12,168,60,26424,silhouette_is,4,0.05,proportional,E_top_calmar,1321,0,0,1321,0.2295288266686928,-0.40648884617026093,1.0907715454268916,0.15174325282929524,-0.13680823639683493,0.9366618139647851,,4,0.4640423921271764
TW,C,anchored,3,3,72,48,2007-01,2020-12,2021-01,2025-12,168,60,26424,silhouette_is,4,0.1,equal,A_hrp,2642,1,1829,2642,0.1827300003111343,-0.4961444653163074,0.9072321901915724,0.1360388469695295,-0.13585482132640447,0.8799941860556351,,4,0.25094625283875854
TW,C,anchored,3,3,72,48,2007-01,2020-12,2021-01,2025-12,168,60,26424,silhouette_is,4,0.1,equal,D_top_cagr,2642,1,0,2642,0.2212729371795743,-0.4932600303411082,1.018995047840983,0.1509872170366926,-0.13982861478089126,0.9211967360759573,,4,0.49053747161241484
TW,C,anchored,3,3,72,48,2007-01,2020-12,2021-01,2025-12,168,60,26424,silhouette_is,4,0.1,equal,E_top_calmar,2642,1,0,2642,0.2123883661474728,-0.4432061440826971,1.0248733385805742,0.14657277364635712,-0.13674944934503064,0.9094993673656452,,4,0.463663890991673
TW,C,anchored,3,3,72,48,2007-01,2020-12,2021-01,2025-12,168,60,26424,silhouette_is,4,0.1,proportional,A_hrp,2642,0,1829,2642,0.19758373774753446,-0.461522301273967,0.9696431798126535,0.14292479210343068,-0.1362951870982666,0.9018517237439689,,4,0.48523845571536717
TW,C,anchored,3,3,72,48,2007-01,2020-12,2021-01,2025-12,168,60,26424,silhouette_is,4,0.1,proportional,D_top_cagr,2642,0,0,2642,0.2212729371795743,-0.4932600303411082,1.018995047840983,0.1509872170366926,-0.13982861478089126,0.9211967360759573,,4,0.49053747161241484
TW,C,anchored,3,3,72,48,2007-01,2020-12,2021-01,2025-12,168,60,26424,silhouette_is,4,0.1,proportional,E_top_calmar,2642,0,0,2642,0.2123883661474728,-0.4432061440826971,1.0248733385805742,0.14657277364635712,-0.13674944934503064,0.9094993673656452,,4,0.463663890991673
TW,D,anchored,1,5,96,24,2007-01,2014-12,2015-01,2016-12,96,24,26424,fixed,6,all,unallocated,B_all,26424,0,0,26424,0.13320555144019197,-0.5484999555627641,0.6331022388862824,0.04405537074103494,-0.1822593583971538,0.4232659472351442,,6,0.6510747805025734
TW,D,anchored,1,5,96,24,2007-01,2014-12,2015-01,2016-12,96,24,26424,fixed,6,legacy,equal,A_hrp,30,0,0,30,0.3419798336193567,-0.30629379844575133,1.2874893828506837,0.0792304255790317,-0.1649342082461096,0.7365643882523235,4.484338780808791,6,0.16666666666666666
TW,D,anchored,1,5,96,24,2007-01,2014-12,2015-01,2016-12,96,24,26424,fixed,6,legacy,equal,D_top_cagr,30,0,0,30,0.5067183645077538,-0.4064495053806666,0.5698963108244566,0.09576147392760803,-0.19178490368929635,0.8242521916920016,3.218173626485553,2,0.8666666666666667
TW,D,anchored,1,5,96,24,2007-01,2014-12,2015-01,2016-12,96,24,26424,fixed,6,legacy,equal,E_top_calmar,30,0,0,30,0.47661578535396276,-0.26379001515701195,0.8411699864925692,0.06911632950772462,-0.18453328780610856,0.6453679308200962,3.7203696092360055,4,0.3333333333333333
TW,D,anchored,1,5,96,24,2007-01,2014-12,2015-01,2016-12,96,24,26424,fixed,6,legacy,proportional,A_hrp,30,0,0,30,0.3393221337353145,-0.2513957243373275,1.3634468591412556,0.06404698469466363,-0.17968525756227316,0.6057984403102212,4.24387209765739,6,0.6666666666666666
TW,D,anchored,1,5,96,24,2007-01,2014-12,2015-01,2016-12,96,24,26424,fixed,6,legacy,proportional,D_top_cagr,30,0,0,30,0.5067183645077538,-0.4064495053806666,0.5698963108244566,0.09576147392760803,-0.19178490368929635,0.8242521916920016,3.218173626485553,2,0.8666666666666667
TW,D,anchored,1,5,96,24,2007-01,2014-12,2015-01,2016-12,96,24,26424,fixed,6,legacy,proportional,E_top_calmar,30,0,0,30,0.47661578535396276,-0.26379001515701195,0.8411699864925692,0.06911632950772462,-0.18453328780610856,0.6453679308200962,3.7203696092360055,4,0.3333333333333333
TW,D,anchored,1,5,96,24,2007-01,2014-12,2015-01,2016-12,96,24,26424,fixed,6,0.01,equal,A_hrp,264,0,91,264,0.30443024735600854,-0.39359784644658347,1.0705959581773707,0.07697471052389804,-0.16225240464167334,0.7051289968568908,5.092641778019885,6,0.16666666666666666
TW,D,anchored,1,5,96,24,2007-01,2014-12,2015-01,2016-12,96,24,26424,fixed,6,0.01,equal,D_top_cagr,264,0,0,264,0.3880819582904689,-0.41303264466521905,1.0469836019132077,0.08522029211997206,-0.17190395325011598,0.7594904793789623,4.335039641170144,6,0.32575757575757575
TW,D,anchored,1,5,96,24,2007-01,2014-12,2015-01,2016-12,96,24,26424,fixed,6,0.01,equal,E_top_calmar,264,0,0,264,0.34890837694144405,-0.3038134738193121,1.1347577552556751,0.06815327361347867,-0.17219482338006253,0.6505738606315955,4.233305519347205,6,0.3181818181818182
TW,D,anchored,1,5,96,24,2007-01,2014-12,2015-01,2016-12,96,24,26424,fixed,6,0.01,proportional,A_hrp,264,0,2,264,0.2562311430893929,-0.3849365115472788,1.0665406042621866,0.05270801397919378,-0.17403578446786905,0.5051669502680981,4.917882778434818,6,0.6515151515151515
TW,D,anchored,1,5,96,24,2007-01,2014-12,2015-01,2016-12,96,24,26424,fixed,6,0.01,proportional,D_top_cagr,264,0,0,264,0.3880819582904689,-0.41303264466521905,1.0469836019132077,0.08522029211997206,-0.17190395325011598,0.7594904793789623,4.335039641170144,6,0.32575757575757575
TW,D,anchored,1,5,96,24,2007-01,2014-12,2015-01,2016-12,96,24,26424,fixed,6,0.01,proportional,E_top_calmar,264,0,0,264,0.34890837694144405,-0.3038134738193121,1.1347577552556751,0.06815327361347867,-0.17219482338006253,0.6505738606315955,4.233305519347205,6,0.3181818181818182
TW,D,anchored,1,5,96,24,2007-01,2014-12,2015-01,2016-12,96,24,26424,fixed,6,0.03,equal,A_hrp,793,0,467,793,0.2704352216845207,-0.42883890375094014,1.0354722889676555,0.06839654246536697,-0.1672546469399837,0.6269653735349411,,6,0.1677175283732661
TW,D,anchored,1,5,96,24,2007-01,2014-12,2015-01,2016-12,96,24,26424,fixed,6,0.03,equal,D_top_cagr,793,0,0,793,0.3127315765339862,-0.4465378204479574,1.0891343364488904,0.07798254300727914,-0.1745363860719974,0.6909530824818991,,6,0.3619167717528373
TW,D,anchored,1,5,96,24,2007-01,2014-12,2015-01,2016-12,96,24,26424,fixed,6,0.03,equal,E_top_calmar,793,0,0,793,0.29272765799271827,-0.36805748192778875,1.1255560438375312,0.06559649166643622,-0.17028553306745975,0.6185373270786839,,6,0.3656998738965952
TW,D,anchored,1,5,96,24,2007-01,2014-12,2015-01,2016-12,96,24,26424,fixed,6,0.03,proportional,A_hrp,793,0,84,793,0.21440241026610796,-0.4348264351442026,0.9324935737218747,0.044683880389536634,-0.17437530864837236,0.4422960974740459,,6,0.6506935687263556
TW,D,anchored,1,5,96,24,2007-01,2014-12,2015-01,2016-12,96,24,26424,fixed,6,0.03,proportional,D_top_cagr,793,0,0,793,0.3127315765339862,-0.4465378204479574,1.0891343364488904,0.07798254300727914,-0.1745363860719974,0.6909530824818991,,6,0.3619167717528373
TW,D,anchored,1,5,96,24,2007-01,2014-12,2015-01,2016-12,96,24,26424,fixed,6,0.03,proportional,E_top_calmar,793,0,0,793,0.29272765799271827,-0.36805748192778875,1.1255560438375312,0.06559649166643622,-0.17028553306745975,0.6185373270786839,,6,0.3656998738965952
TW,D,anchored,1,5,96,24,2007-01,2014-12,2015-01,2016-12,96,24,26424,fixed,6,0.05,equal,A_hrp,1321,0,907,1321,0.2523618276491202,-0.4382551497678725,1.0052482801901939,0.06900470811590265,-0.16609945651369284,0.6309416582995248,,6,0.16729750189250567
TW,D,anchored,1,5,96,24,2007-01,2014-12,2015-01,2016-12,96,24,26424,fixed,6,0.05,equal,D_top_cagr,1321,0,0,1321,0.2826719187385467,-0.4592768408516006,1.054299335791993,0.07465056985483987,-0.17537312533622484,0.6642407652790586,,6,0.39212717638152916
TW,D,anchored,1,5,96,24,2007-01,2014-12,2015-01,2016-12,96,24,26424,fixed,6,0.05,equal,E_top_calmar,1321,0,0,1321,0.268310958160177,-0.4002849849358051,1.0775711856222838,0.06423649967093059,-0.1733619936170886,0.5987393515308489,,6,0.42694928084784256
TW,D,anchored,1,5,96,24,2007-01,2014-12,2015-01,2016-12,96,24,26424,fixed,6,0.05,proportional,A_hrp,1321,0,268,1321,0.19578500118704545,-0.45955170030323145,0.8658624256706178,0.04297693685199855,-0.17488324064826544,0.4240028175216678,,6,0.6510219530658592
TW,D,anchored,1,5,96,24,2007-01,2014-12,2015-01,2016-12,96,24,26424,fixed,6,0.05,proportional,D_top_cagr,1321,0,0,1321,0.2826719187385467,-0.4592768408516006,1.054299335791993,0.07465056985483987,-0.17537312533622484,0.6642407652790586,,6,0.39212717638152916
TW,D,anchored,1,5,96,24,2007-01,2014-12,2015-01,2016-12,96,24,26424,fixed,6,0.05,proportional,E_top_calmar,1321,0,0,1321,0.268310958160177,-0.4002849849358051,1.0775711856222838,0.06423649967093059,-0.1733619936170886,0.5987393515308489,,6,0.42694928084784256
TW,D,anchored,1,5,96,24,2007-01,2014-12,2015-01,2016-12,96,24,26424,fixed,6,0.1,equal,A_hrp,2642,0,2008,2642,0.22122039563472407,-0.4688789463552724,0.9225652830297225,0.0668782954729441,-0.16637651624348948,0.6123742715330812,,6,0.16691900075700228
TW,D,anchored,1,5,96,24,2007-01,2014-12,2015-01,2016-12,96,24,26424,fixed,6,0.1,equal,D_top_cagr,2642,0,0,2642,0.24655407567149257,-0.47789097502374167,0.9828142649015814,0.07408405824565367,-0.17526493173321556,0.6592523110416688,,6,0.443224829674489
TW,D,anchored,1,5,96,24,2007-01,2014-12,2015-01,2016-12,96,24,26424,fixed,6,0.1,equal,E_top_calmar,2642,0,0,2642,0.23769780264695894,-0.4346923372911303,0.9935526518094399,0.06517486885536994,-0.1743354384195157,0.6013342961883024,,6,0.47918243754731266
TW,D,anchored,1,5,96,24,2007-01,2014-12,2015-01,2016-12,96,24,26424,fixed,6,0.1,proportional,A_hrp,2642,0,1491,2642,0.20680440563803493,-0.4546615886421871,0.9013633509146164,0.053886665263555455,-0.1750070849955604,0.511119110549565,,6,0.6510219530658592
TW,D,anchored,1,5,96,24,2007-01,2014-12,2015-01,2016-12,96,24,26424,fixed,6,0.1,proportional,D_top_cagr,2642,0,0,2642,0.24655407567149257,-0.47789097502374167,0.9828142649015814,0.07408405824565367,-0.17526493173321556,0.6592523110416688,,6,0.443224829674489
TW,D,anchored,1,5,96,24,2007-01,2014-12,2015-01,2016-12,96,24,26424,fixed,6,0.1,proportional,E_top_calmar,2642,0,0,2642,0.23769780264695894,-0.4346923372911303,0.9935526518094399,0.06517486885536994,-0.1743354384195157,0.6013342961883024,,6,0.47918243754731266
TW,D,anchored,1,5,96,24,2007-01,2014-12,2015-01,2016-12,96,24,26424,silhouette_is,12,all,unallocated,B_all,26424,0,0,26424,0.13320555144019197,-0.5484999555627641,0.6331022388862824,0.04405537074103494,-0.1822593583971538,0.4232659472351442,,12,0.30582046624280956
TW,D,anchored,1,5,96,24,2007-01,2014-12,2015-01,2016-12,96,24,26424,silhouette_is,12,legacy,equal,A_hrp,60,0,0,60,0.310024539564111,-0.3059589945085125,1.2430019084260302,0.06981227270217838,-0.16359439361890127,0.6673267496585649,4.785063055474568,12,0.08333333333333333
TW,D,anchored,1,5,96,24,2007-01,2014-12,2015-01,2016-12,96,24,26424,silhouette_is,12,legacy,equal,D_top_cagr,60,0,0,60,0.48948530656144107,-0.4030552899043848,0.7425948343823082,0.09609492433024158,-0.18252703131678272,0.8387017993321747,3.88900174772723,7,0.6166666666666667
TW,D,anchored,1,5,96,24,2007-01,2014-12,2015-01,2016-12,96,24,26424,silhouette_is,12,legacy,equal,E_top_calmar,60,0,0,60,0.4260089140417431,-0.2717155862959083,0.9709701667427506,0.06431155378725695,-0.177314744436057,0.623818897719618,3.8162768641701628,8,0.31666666666666665
TW,D,anchored,1,5,96,24,2007-01,2014-12,2015-01,2016-12,96,24,26424,silhouette_is,12,legacy,proportional,A_hrp,60,0,0,60,0.2984166109957571,-0.3144219028827673,1.2350239622207233,0.07504937645129539,-0.16501718587347425,0.7224753147664498,4.397785350506942,12,0.3
TW,D,anchored,1,5,96,24,2007-01,2014-12,2015-01,2016-12,96,24,26424,silhouette_is,12,legacy,proportional,D_top_cagr,60,0,0,60,0.48948530656144107,-0.4030552899043848,0.7425948343823082,0.09609492433024158,-0.18252703131678272,0.8387017993321747,3.88900174772723,7,0.6166666666666667
TW,D,anchored,1,5,96,24,2007-01,2014-12,2015-01,2016-12,96,24,26424,silhouette_is,12,legacy,proportional,E_top_calmar,60,0,0,60,0.4260089140417431,-0.2717155862959083,0.9709701667427506,0.06431155378725695,-0.177314744436057,0.623818897719618,3.8162768641701628,8,0.31666666666666665
TW,D,anchored,1,5,96,24,2007-01,2014-12,2015-01,2016-12,96,24,26424,silhouette_is,12,0.01,equal,A_hrp,264,0,17,264,0.26862031729681335,-0.39910795342027594,1.0852544415296157,0.06526800812111011,-0.16799810393570835,0.6132541981439199,5.169694044530101,12,0.08333333333333333
TW,D,anchored,1,5,96,24,2007-01,2014-12,2015-01,2016-12,96,24,26424,silhouette_is,12,0.01,equal,D_top_cagr,264,0,0,264,0.3880819582904689,-0.41303264466521905,1.0469836019132077,0.08522029211997206,-0.17190395325011598,0.7594904793789623,4.335039641170144,12,0.32575757575757575
TW,D,anchored,1,5,96,24,2007-01,2014-12,2015-01,2016-12,96,24,26424,silhouette_is,12,0.01,equal,E_top_calmar,264,0,0,264,0.34890837694144405,-0.3038134738193121,1.1347577552556751,0.06815327361347867,-0.17219482338006253,0.6505738606315955,4.233305519347205,11,0.25
TW,D,anchored,1,5,96,24,2007-01,2014-12,2015-01,2016-12,96,24,26424,silhouette_is,12,0.01,proportional,A_hrp,264,0,2,264,0.2502176864610641,-0.3866458841951732,1.0692245244742147,0.06201766111060758,-0.1698163262466318,0.5919324896745558,4.667538500920342,12,0.3068181818181818
TW,D,anchored,1,5,96,24,2007-01,2014-12,2015-01,2016-12,96,24,26424,silhouette_is,12,0.01,proportional,D_top_cagr,264,0,0,264,0.3880819582904689,-0.41303264466521905,1.0469836019132077,0.08522029211997206,-0.17190395325011598,0.7594904793789623,4.335039641170144,12,0.32575757575757575
TW,D,anchored,1,5,96,24,2007-01,2014-12,2015-01,2016-12,96,24,26424,silhouette_is,12,0.01,proportional,E_top_calmar,264,0,0,264,0.34890837694144405,-0.3038134738193121,1.1347577552556751,0.06815327361347867,-0.17219482338006253,0.6505738606315955,4.233305519347205,11,0.25
TW,D,anchored,1,5,96,24,2007-01,2014-12,2015-01,2016-12,96,24,26424,silhouette_is,12,0.03,equal,A_hrp,793,0,285,793,0.2524855371222203,-0.41662121330178903,1.0337345741811892,0.06363896620015153,-0.1679665111391686,0.5960763001357611,,12,0.08448928121059268
TW,D,anchored,1,5,96,24,2007-01,2014-12,2015-01,2016-12,96,24,26424,silhouette_is,12,0.03,equal,D_top_cagr,793,0,0,793,0.3127315765339862,-0.4465378204479574,1.0891343364488904,0.07798254300727914,-0.1745363860719974,0.6909530824818991,,12,0.223203026481715
TW,D,anchored,1,5,96,24,2007-01,2014-12,2015-01,2016-12,96,24,26424,silhouette_is,12,0.03,equal,E_top_calmar,793,0,0,793,0.29272765799271827,-0.36805748192778875,1.1255560438375312,0.06559649166643622,-0.17028553306745975,0.6185373270786839,,12,0.18158890290037832
TW,D,anchored,1,5,96,24,2007-01,2014-12,2015-01,2016-12,96,24,26424,silhouette_is,12,0.03,proportional,A_hrp,793,0,35,793,0.20495313393000192,-0.45552016039933496,0.9117148133954686,0.04826392638682209,-0.17544302690576485,0.46998344078721016,,12,0.3064312736443884
TW,D,anchored,1,5,96,24,2007-01,2014-12,2015-01,2016-12,96,24,26424,silhouette_is,12,0.03,proportional,D_top_cagr,793,0,0,793,0.3127315765339862,-0.4465378204479574,1.0891343364488904,0.07798254300727914,-0.1745363860719974,0.6909530824818991,,12,0.223203026481715
TW,D,anchored,1,5,96,24,2007-01,2014-12,2015-01,2016-12,96,24,26424,silhouette_is,12,0.03,proportional,E_top_calmar,793,0,0,793,0.29272765799271827,-0.36805748192778875,1.1255560438375312,0.06559649166643622,-0.17028553306745975,0.6185373270786839,,12,0.18158890290037832
TW,D,anchored,1,5,96,24,2007-01,2014-12,2015-01,2016-12,96,24,26424,silhouette_is,12,0.05,equal,A_hrp,1321,0,661,1321,0.24142856867833418,-0.43402654089257353,0.9960178418559996,0.06348462925298848,-0.1685027773450749,0.593445431324143,,12,0.08402725208175625
TW,D,anchored,1,5,96,24,2007-01,2014-12,2015-01,2016-12,96,24,26424,silhouette_is,12,0.05,equal,D_top_cagr,1321,0,0,1321,0.2826719187385467,-0.4592768408516006,1.054299335791993,0.07465056985483987,-0.17537312533622484,0.6642407652790586,,12,0.18395155185465556
TW,D,anchored,1,5,96,24,2007-01,2014-12,2015-01,2016-12,96,24,26424,silhouette_is,12,0.05,equal,E_top_calmar,1321,0,0,1321,0.268310958160177,-0.4002849849358051,1.0775711856222838,0.06423649967093059,-0.1733619936170886,0.5987393515308489,,12,0.15518546555639667
TW,D,anchored,1,5,96,24,2007-01,2014-12,2015-01,2016-12,96,24,26424,silhouette_is,12,0.05,proportional,A_hrp,1321,0,229,1321,0.19549386414005032,-0.47381248996241376,0.8669940572693722,0.04480950382283799,-0.17838000375354546,0.43629140357931806,,12,0.30582891748675245
TW,D,anchored,1,5,96,24,2007-01,2014-12,2015-01,2016-12,96,24,26424,silhouette_is,12,0.05,proportional,D_top_cagr,1321,0,0,1321,0.2826719187385467,-0.4592768408516006,1.054299335791993,0.07465056985483987,-0.17537312533622484,0.6642407652790586,,12,0.18395155185465556
TW,D,anchored,1,5,96,24,2007-01,2014-12,2015-01,2016-12,96,24,26424,silhouette_is,12,0.05,proportional,E_top_calmar,1321,0,0,1321,0.268310958160177,-0.4002849849358051,1.0775711856222838,0.06423649967093059,-0.1733619936170886,0.5987393515308489,,12,0.15518546555639667
TW,D,anchored,1,5,96,24,2007-01,2014-12,2015-01,2016-12,96,24,26424,silhouette_is,12,0.1,equal,A_hrp,2642,0,1693,2642,0.21979497324307373,-0.46280960871738963,0.9274389455481999,0.0629716325403431,-0.16953812183381933,0.5837461596702778,,12,0.08364875094625283
TW,D,anchored,1,5,96,24,2007-01,2014-12,2015-01,2016-12,96,24,26424,silhouette_is,12,0.1,equal,D_top_cagr,2642,0,0,2642,0.24655407567149257,-0.47789097502374167,0.9828142649015814,0.07408405824565367,-0.17526493173321556,0.6592523110416688,,12,0.17146101438304315
TW,D,anchored,1,5,96,24,2007-01,2014-12,2015-01,2016-12,96,24,26424,silhouette_is,12,0.1,equal,E_top_calmar,2642,0,0,2642,0.23769780264695894,-0.4346923372911303,0.9935526518094399,0.06517486885536994,-0.1743354384195157,0.6013342961883024,,12,0.1737320211960636
TW,D,anchored,1,5,96,24,2007-01,2014-12,2015-01,2016-12,96,24,26424,silhouette_is,12,0.1,proportional,A_hrp,2642,0,1399,2642,0.20230542525849127,-0.46451249474167267,0.8900602368172235,0.055121291606960554,-0.1735409737109732,0.5236789283256871,,12,0.30582891748675245
TW,D,anchored,1,5,96,24,2007-01,2014-12,2015-01,2016-12,96,24,26424,silhouette_is,12,0.1,proportional,D_top_cagr,2642,0,0,2642,0.24655407567149257,-0.47789097502374167,0.9828142649015814,0.07408405824565367,-0.17526493173321556,0.6592523110416688,,12,0.17146101438304315
TW,D,anchored,1,5,96,24,2007-01,2014-12,2015-01,2016-12,96,24,26424,silhouette_is,12,0.1,proportional,E_top_calmar,2642,0,0,2642,0.23769780264695894,-0.4346923372911303,0.9935526518094399,0.06517486885536994,-0.1743354384195157,0.6013342961883024,,12,0.1737320211960636
TW,D,anchored,2,5,96,24,2007-01,2016-12,2017-01,2018-12,120,24,26424,fixed,6,all,unallocated,B_all,26424,0,0,26424,0.11478639807521485,-0.5484999555627641,0.5939924036100451,0.09639850235107761,-0.15514517106851222,0.8192604464085614,,6,0.49178776869512564
TW,D,anchored,2,5,96,24,2007-01,2016-12,2017-01,2018-12,120,24,26424,fixed,6,legacy,equal,A_hrp,30,0,1,30,0.29386424408696077,-0.27626966092563954,1.2151599854873991,0.12156055605631666,-0.14169184264420698,1.0237345142812386,3.103751504949628,6,0.16666666666666666
TW,D,anchored,2,5,96,24,2007-01,2016-12,2017-01,2018-12,120,24,26424,fixed,6,legacy,equal,D_top_cagr,30,0,0,30,0.44553281029786573,-0.39602130945411085,0.6053605246238546,0.16679254337637173,-0.13151198278885468,1.3412257046514011,2.6684060414305657,5,0.6333333333333333
TW,D,anchored,2,5,96,24,2007-01,2016-12,2017-01,2018-12,120,24,26424,fixed,6,legacy,equal,E_top_calmar,30,0,0,30,0.40144664003811137,-0.28570882024483846,0.7300676711270828,0.15596469731321383,-0.1368800599122051,1.2324963126125523,2.5238289422912885,4,0.36666666666666664
TW,D,anchored,2,5,96,24,2007-01,2016-12,2017-01,2018-12,120,24,26424,fixed,6,legacy,proportional,A_hrp,30,0,0,30,0.288419380380315,-0.24918261415577858,1.2777494143181851,0.13141176362079232,-0.1403614449258319,1.0946549789542086,3.000129069521118,6,0.4666666666666667
TW,D,anchored,2,5,96,24,2007-01,2016-12,2017-01,2018-12,120,24,26424,fixed,6,legacy,proportional,D_top_cagr,30,0,0,30,0.44553281029786573,-0.39602130945411085,0.6053605246238546,0.16679254337637173,-0.13151198278885468,1.3412257046514011,2.6684060414305657,5,0.6333333333333333
TW,D,anchored,2,5,96,24,2007-01,2016-12,2017-01,2018-12,120,24,26424,fixed,6,legacy,proportional,E_top_calmar,30,0,0,30,0.40144664003811137,-0.28570882024483846,0.7300676711270828,0.15596469731321383,-0.1368800599122051,1.2324963126125523,2.5238289422912885,4,0.36666666666666664
TW,D,anchored,2,5,96,24,2007-01,2016-12,2017-01,2018-12,120,24,26424,fixed,6,0.01,equal,A_hrp,264,0,86,264,0.2732510557260761,-0.3946184861422535,1.029550814486308,0.11275777539521536,-0.14362475205890413,0.984423358586204,4.023370392801491,6,0.16666666666666666
TW,D,anchored,2,5,96,24,2007-01,2016-12,2017-01,2018-12,120,24,26424,fixed,6,0.01,equal,D_top_cagr,264,0,0,264,0.327616481393995,-0.42531460677642263,1.0036499763135438,0.13609192233044776,-0.14321282313837402,1.134212344328087,3.5555989128786014,6,0.2840909090909091
TW,D,anchored,2,5,96,24,2007-01,2016-12,2017-01,2018-12,120,24,26424,fixed,6,0.01,equal,E_top_calmar,264,0,0,264,0.2944319860958289,-0.3125468693268584,1.0622440321943345,0.13735567709211982,-0.13668890901155784,1.1583165948179583,3.0658773439143427,6,0.2689393939393939
TW,D,anchored,2,5,96,24,2007-01,2016-12,2017-01,2018-12,120,24,26424,fixed,6,0.01,proportional,A_hrp,264,0,4,264,0.22037929405717116,-0.3897907148681241,1.0274120529530406,0.11152644261458455,-0.14423811816583987,0.9672054631339178,3.9022150635492316,6,0.49242424242424243
TW,D,anchored,2,5,96,24,2007-01,2016-12,2017-01,2018-12,120,24,26424,fixed,6,0.01,proportional,D_top_cagr,264,0,0,264,0.327616481393995,-0.42531460677642263,1.0036499763135438,0.13609192233044776,-0.14321282313837402,1.134212344328087,3.5555989128786014,6,0.2840909090909091
TW,D,anchored,2,5,96,24,2007-01,2016-12,2017-01,2018-12,120,24,26424,fixed,6,0.01,proportional,E_top_calmar,264,0,0,264,0.2944319860958289,-0.3125468693268584,1.0622440321943345,0.13735567709211982,-0.13668890901155784,1.1583165948179583,3.0658773439143427,6,0.2689393939393939
TW,D,anchored,2,5,96,24,2007-01,2016-12,2017-01,2018-12,120,24,26424,fixed,6,0.03,equal,A_hrp,793,0,366,793,0.22968678269839327,-0.44494117696630875,0.9622169255288806,0.10827053522688823,-0.1458513400643937,0.9371036990710437,,6,0.1677175283732661
TW,D,anchored,2,5,96,24,2007-01,2016-12,2017-01,2018-12,120,24,26424,fixed,6,0.03,equal,D_top_cagr,793,0,0,793,0.26729216905305275,-0.46507694286827694,1.025085950677945,0.1301639402364665,-0.14518127450084684,1.087205528736103,,6,0.2459016393442623
TW,D,anchored,2,5,96,24,2007-01,2016-12,2017-01,2018-12,120,24,26424,fixed,6,0.03,equal,E_top_calmar,793,0,0,793,0.2492954818665245,-0.3781250741735188,1.057276500858851,0.12395883567143695,-0.14274888450268408,1.0502990263267653,,6,0.266078184110971
TW,D,anchored,2,5,96,24,2007-01,2016-12,2017-01,2018-12,120,24,26424,fixed,6,0.03,proportional,A_hrp,793,0,88,793,0.1821461527669861,-0.4435377564006253,0.8796670587845439,0.10622159664382358,-0.1471364624676208,0.9164889113582516,,6,0.4918032786885246
TW,D,anchored,2,5,96,24,2007-01,2016-12,2017-01,2018-12,120,24,26424,fixed,6,0.03,proportional,D_top_cagr,793,0,0,793,0.26729216905305275,-0.46507694286827694,1.025085950677945,0.1301639402364665,-0.14518127450084684,1.087205528736103,,6,0.2459016393442623
TW,D,anchored,2,5,96,24,2007-01,2016-12,2017-01,2018-12,120,24,26424,fixed,6,0.03,proportional,E_top_calmar,793,0,0,793,0.2492954818665245,-0.3781250741735188,1.057276500858851,0.12395883567143695,-0.14274888450268408,1.0502990263267653,,6,0.266078184110971
TW,D,anchored,2,5,96,24,2007-01,2016-12,2017-01,2018-12,120,24,26424,fixed,6,0.05,equal,A_hrp,1321,0,722,1321,0.2098144986836099,-0.45914530558035493,0.9182713487592361,0.10686782937557937,-0.1468584678640391,0.92533673566478,,6,0.16729750189250567
TW,D,anchored,2,5,96,24,2007-01,2016-12,2017-01,2018-12,120,24,26424,fixed,6,0.05,equal,D_top_cagr,1321,0,0,1321,0.2434010692071864,-0.47563712165225447,0.9931746026062074,0.1263072406842931,-0.1472672141876471,1.0510065233597803,,6,0.24299772899318697
TW,D,anchored,2,5,96,24,2007-01,2016-12,2017-01,2018-12,120,24,26424,fixed,6,0.05,equal,E_top_calmar,1321,0,0,1321,0.230361396993771,-0.40948146428148635,1.0121064974014755,0.12342722253658689,-0.14434481487292294,1.0426530561050031,,6,0.2732778198334595
TW,D,anchored,2,5,96,24,2007-01,2016-12,2017-01,2018-12,120,24,26424,fixed,6,0.05,proportional,A_hrp,1321,0,293,1321,0.16701640890387393,-0.4738705469883906,0.8148300377880923,0.10357536306701776,-0.14935819470929812,0.8869956938418116,,6,0.49205147615442846
TW,D,anchored,2,5,96,24,2007-01,2016-12,2017-01,2018-12,120,24,26424,fixed,6,0.05,proportional,D_top_cagr,1321,0,0,1321,0.2434010692071864,-0.47563712165225447,0.9931746026062074,0.1263072406842931,-0.1472672141876471,1.0510065233597803,,6,0.24299772899318697
TW,D,anchored,2,5,96,24,2007-01,2016-12,2017-01,2018-12,120,24,26424,fixed,6,0.05,proportional,E_top_calmar,1321,0,0,1321,0.230361396993771,-0.40948146428148635,1.0121064974014755,0.12342722253658689,-0.14434481487292294,1.0426530561050031,,6,0.2732778198334595
TW,D,anchored,2,5,96,24,2007-01,2016-12,2017-01,2018-12,120,24,26424,fixed,6,0.1,equal,A_hrp,2642,0,1823,2642,0.18929738310948796,-0.483233836638694,0.8574746706925793,0.10340239447961852,-0.15003936320688893,0.8879850735135831,,6,0.16691900075700228
TW,D,anchored,2,5,96,24,2007-01,2016-12,2017-01,2018-12,120,24,26424,fixed,6,0.1,equal,D_top_cagr,2642,0,0,2642,0.2138283861397543,-0.488144372529694,0.9313339158669227,0.12400133272994274,-0.1481714095666652,1.0318286141143578,,6,0.2804693414080242
TW,D,anchored,2,5,96,24,2007-01,2016-12,2017-01,2018-12,120,24,26424,fixed,6,0.1,equal,E_top_calmar,2642,0,0,2642,0.20591659486909109,-0.44327903306434735,0.9387033111573723,0.12114548021290927,-0.1460442116974725,1.0212966635883525,,6,0.3376230128690386
TW,D,anchored,2,5,96,24,2007-01,2016-12,2017-01,2018-12,120,24,26424,fixed,6,0.1,proportional,A_hrp,2642,0,1588,2642,0.17993605724961892,-0.4651156576047214,0.8584570043767116,0.11547106485451786,-0.1472957577679651,0.9761094234146921,,6,0.49167297501892504
TW,D,anchored,2,5,96,24,2007-01,2016-12,2017-01,2018-12,120,24,26424,fixed,6,0.1,proportional,D_top_cagr,2642,0,0,2642,0.2138283861397543,-0.488144372529694,0.9313339158669227,0.12400133272994274,-0.1481714095666652,1.0318286141143578,,6,0.2804693414080242
TW,D,anchored,2,5,96,24,2007-01,2016-12,2017-01,2018-12,120,24,26424,fixed,6,0.1,proportional,E_top_calmar,2642,0,0,2642,0.20591659486909109,-0.44327903306434735,0.9387033111573723,0.12114548021290927,-0.1460442116974725,1.0212966635883525,,6,0.3376230128690386
TW,D,anchored,2,5,96,24,2007-01,2016-12,2017-01,2018-12,120,24,26424,silhouette_is,4,all,unallocated,B_all,26424,0,0,26424,0.11478639807521485,-0.5484999555627641,0.5939924036100451,0.09639850235107761,-0.15514517106851222,0.8192604464085614,,4,0.49178776869512564
TW,D,anchored,2,5,96,24,2007-01,2016-12,2017-01,2018-12,120,24,26424,silhouette_is,4,legacy,equal,A_hrp,20,0,1,20,0.30318636154491263,-0.25129124176440465,1.235521454374994,0.1269819003910322,-0.14049367825175574,1.0633024265366258,2.75611327058063,4,0.25
TW,D,anchored,2,5,96,24,2007-01,2016-12,2017-01,2018-12,120,24,26424,silhouette_is,4,legacy,equal,D_top_cagr,20,0,0,20,0.4575299255198182,-0.38584527098251975,0.5226666987417314,0.169565587437287,-0.1342239929262522,1.3174977500504383,2.176907054051855,3,0.75
TW,D,anchored,2,5,96,24,2007-01,2016-12,2017-01,2018-12,120,24,26424,silhouette_is,4,legacy,equal,E_top_calmar,20,0,0,20,0.3930691380088802,-0.2656667082919587,0.8522625519413899,0.15586456280517602,-0.14179508471242375,1.225435855637179,2.1850978213975862,3,0.45
TW,D,anchored,2,5,96,24,2007-01,2016-12,2017-01,2018-12,120,24,26424,silhouette_is,4,legacy,proportional,A_hrp,20,0,0,20,0.3143104188981256,-0.25568438854012177,1.330645758236012,0.13438615226066686,-0.14445732118291765,1.0935772338287715,2.9403272434842833,4,0.45
TW,D,anchored,2,5,96,24,2007-01,2016-12,2017-01,2018-12,120,24,26424,silhouette_is,4,legacy,proportional,D_top_cagr,20,0,0,20,0.4575299255198182,-0.38584527098251975,0.5226666987417314,0.169565587437287,-0.1342239929262522,1.3174977500504383,2.176907054051855,3,0.75
TW,D,anchored,2,5,96,24,2007-01,2016-12,2017-01,2018-12,120,24,26424,silhouette_is,4,legacy,proportional,E_top_calmar,20,0,0,20,0.3930691380088802,-0.2656667082919587,0.8522625519413899,0.15586456280517602,-0.14179508471242375,1.225435855637179,2.1850978213975862,3,0.45
TW,D,anchored,2,5,96,24,2007-01,2016-12,2017-01,2018-12,120,24,26424,silhouette_is,4,0.01,equal,A_hrp,264,0,102,264,0.26947687606949633,-0.38567915104316564,1.002449999619048,0.1276072052945596,-0.13857450823908102,1.0889056840170726,3.517504432605781,4,0.25
TW,D,anchored,2,5,96,24,2007-01,2016-12,2017-01,2018-12,120,24,26424,silhouette_is,4,0.01,equal,D_top_cagr,264,0,0,264,0.327616481393995,-0.42531460677642263,1.0036499763135438,0.13609192233044776,-0.14321282313837402,1.134212344328087,3.5555989128786014,4,0.5492424242424242
TW,D,anchored,2,5,96,24,2007-01,2016-12,2017-01,2018-12,120,24,26424,silhouette_is,4,0.01,equal,E_top_calmar,264,0,0,264,0.2944319860958289,-0.3125468693268584,1.0622440321943345,0.13735567709211982,-0.13668890901155784,1.1583165948179583,3.0658773439143427,4,0.5378787878787878
TW,D,anchored,2,5,96,24,2007-01,2016-12,2017-01,2018-12,120,24,26424,silhouette_is,4,0.01,proportional,A_hrp,264,0,4,264,0.21481904730763812,-0.3895586278512574,1.0275704616364405,0.11026684399288045,-0.14403384427760058,0.9569192306751186,3.969378925665357,4,0.49242424242424243
TW,D,anchored,2,5,96,24,2007-01,2016-12,2017-01,2018-12,120,24,26424,silhouette_is,4,0.01,proportional,D_top_cagr,264,0,0,264,0.327616481393995,-0.42531460677642263,1.0036499763135438,0.13609192233044776,-0.14321282313837402,1.134212344328087,3.5555989128786014,4,0.5492424242424242
TW,D,anchored,2,5,96,24,2007-01,2016-12,2017-01,2018-12,120,24,26424,silhouette_is,4,0.01,proportional,E_top_calmar,264,0,0,264,0.2944319860958289,-0.3125468693268584,1.0622440321943345,0.13735567709211982,-0.13668890901155784,1.1583165948179583,3.0658773439143427,4,0.5378787878787878
TW,D,anchored,2,5,96,24,2007-01,2016-12,2017-01,2018-12,120,24,26424,silhouette_is,4,0.03,equal,A_hrp,793,0,366,793,0.21688288780343568,-0.45348366506823135,0.946896136077295,0.11218214209573008,-0.14227996968519907,0.9704042908251459,,4,0.2509457755359395
TW,D,anchored,2,5,96,24,2007-01,2016-12,2017-01,2018-12,120,24,26424,silhouette_is,4,0.03,equal,D_top_cagr,793,0,0,793,0.26729216905305275,-0.46507694286827694,1.025085950677945,0.1301639402364665,-0.14518127450084684,1.087205528736103,,4,0.5712484237074401
TW,D,anchored,2,5,96,24,2007-01,2016-12,2017-01,2018-12,120,24,26424,silhouette_is,4,0.03,equal,E_top_calmar,793,0,0,793,0.2492954818665245,-0.3781250741735188,1.057276500858851,0.12395883567143695,-0.14274888450268408,1.0502990263267653,,4,0.5460277427490542
TW,D,anchored,2,5,96,24,2007-01,2016-12,2017-01,2018-12,120,24,26424,silhouette_is,4,0.03,proportional,A_hrp,793,0,126,793,0.18372066259254405,-0.43943889707398487,0.889675826954042,0.10318680568998273,-0.14703476935168702,0.8955004614026519,,4,0.4918032786885246
TW,D,anchored,2,5,96,24,2007-01,2016-12,2017-01,2018-12,120,24,26424,silhouette_is,4,0.03,proportional,D_top_cagr,793,0,0,793,0.26729216905305275,-0.46507694286827694,1.025085950677945,0.1301639402364665,-0.14518127450084684,1.087205528736103,,4,0.5712484237074401
TW,D,anchored,2,5,96,24,2007-01,2016-12,2017-01,2018-12,120,24,26424,silhouette_is,4,0.03,proportional,E_top_calmar,793,0,0,793,0.2492954818665245,-0.3781250741735188,1.057276500858851,0.12395883567143695,-0.14274888450268408,1.0502990263267653,,4,0.5460277427490542
TW,D,anchored,2,5,96,24,2007-01,2016-12,2017-01,2018-12,120,24,26424,silhouette_is,4,0.05,equal,A_hrp,1321,0,706,1321,0.197248365622678,-0.46781535888252657,0.8989328307296497,0.10927405319385386,-0.14629197953835305,0.9382050058762562,,4,0.2505677517032551
TW,D,anchored,2,5,96,24,2007-01,2016-12,2017-01,2018-12,120,24,26424,silhouette_is,4,0.05,equal,D_top_cagr,1321,0,0,1321,0.2434010692071864,-0.47563712165225447,0.9931746026062074,0.1263072406842931,-0.1472672141876471,1.0510065233597803,,4,0.5692657077971234
TW,D,anchored,2,5,96,24,2007-01,2016-12,2017-01,2018-12,120,24,26424,silhouette_is,4,0.05,equal,E_top_calmar,1321,0,0,1321,0.230361396993771,-0.40948146428148635,1.0121064974014755,0.12342722253658689,-0.14434481487292294,1.0426530561050031,,4,0.5268735806207419
TW,D,anchored,2,5,96,24,2007-01,2016-12,2017-01,2018-12,120,24,26424,silhouette_is,4,0.05,proportional,A_hrp,1321,0,387,1321,0.1748381982898164,-0.46601002415161985,0.8397404729726957,0.10205037023322272,-0.14911163028941155,0.8782925866679541,,4,0.49205147615442846
TW,D,anchored,2,5,96,24,2007-01,2016-12,2017-01,2018-12,120,24,26424,silhouette_is,4,0.05,proportional,D_top_cagr,1321,0,0,1321,0.2434010692071864,-0.47563712165225447,0.9931746026062074,0.1263072406842931,-0.1472672141876471,1.0510065233597803,,4,0.5692657077971234
TW,D,anchored,2,5,96,24,2007-01,2016-12,2017-01,2018-12,120,24,26424,silhouette_is,4,0.05,proportional,E_top_calmar,1321,0,0,1321,0.230361396993771,-0.40948146428148635,1.0121064974014755,0.12342722253658689,-0.14434481487292294,1.0426530561050031,,4,0.5268735806207419
TW,D,anchored,2,5,96,24,2007-01,2016-12,2017-01,2018-12,120,24,26424,silhouette_is,4,0.1,equal,A_hrp,2642,1,1687,2642,0.17131283177947698,-0.49887806180473593,0.8089453003684052,0.104677314302424,-0.15165202231041408,0.8877941427954935,,4,0.25397426192278577
TW,D,anchored,2,5,96,24,2007-01,2016-12,2017-01,2018-12,120,24,26424,silhouette_is,4,0.1,equal,D_top_cagr,2642,1,0,2642,0.2138283861397543,-0.488144372529694,0.9313339158669227,0.12400133272994274,-0.1481714095666652,1.0318286141143578,,4,0.5299015897047691
TW,D,anchored,2,5,96,24,2007-01,2016-12,2017-01,2018-12,120,24,26424,silhouette_is,4,0.1,equal,E_top_calmar,2642,1,0,2642,0.20591659486909109,-0.44327903306434735,0.9387033111573723,0.12114548021290927,-0.1460442116974725,1.0212966635883525,,4,0.4954579863739591
TW,D,anchored,2,5,96,24,2007-01,2016-12,2017-01,2018-12,120,24,26424,silhouette_is,4,0.1,proportional,A_hrp,2642,0,1682,2642,0.18358770106576894,-0.46304301831627404,0.8674423598115166,0.11322867965048156,-0.14750216116251713,0.960877443703641,,4,0.49167297501892504
TW,D,anchored,2,5,96,24,2007-01,2016-12,2017-01,2018-12,120,24,26424,silhouette_is,4,0.1,proportional,D_top_cagr,2642,0,0,2642,0.2138283861397543,-0.488144372529694,0.9313339158669227,0.12400133272994274,-0.1481714095666652,1.0318286141143578,,4,0.5299015897047691
TW,D,anchored,2,5,96,24,2007-01,2016-12,2017-01,2018-12,120,24,26424,silhouette_is,4,0.1,proportional,E_top_calmar,2642,0,0,2642,0.20591659486909109,-0.44327903306434735,0.9387033111573723,0.12114548021290927,-0.1460442116974725,1.0212966635883525,,4,0.4954579863739591
TW,D,anchored,3,5,96,24,2007-01,2018-12,2019-01,2020-12,144,24,26424,fixed,6,all,unallocated,B_all,26424,0,0,26424,0.11170047146584317,-0.5484999555627641,0.6053400740738659,0.28657204827716054,-0.1939917099299059,1.4577182187458733,,6,0.510823493793521
TW,D,anchored,3,5,96,24,2007-01,2018-12,2019-01,2020-12,144,24,26424,fixed,6,legacy,equal,A_hrp,30,0,1,30,0.25693804085525107,-0.24633433005418504,1.1960468172818828,0.33053226334898533,-0.1826931659794766,1.6540744381265102,2.6226660048707524,6,0.16666666666666666
TW,D,anchored,3,5,96,24,2007-01,2018-12,2019-01,2020-12,144,24,26424,fixed,6,legacy,equal,D_top_cagr,30,0,0,30,0.3903828804324665,-0.389787822306389,0.5762521498231643,0.37076035953828534,-0.216611676460429,1.5801204878472204,2.4760378485023193,5,0.6666666666666666
TW,D,anchored,3,5,96,24,2007-01,2018-12,2019-01,2020-12,144,24,26424,fixed,6,legacy,equal,E_top_calmar,30,0,0,30,0.35361805121136247,-0.28411303906858876,0.7684889181667488,0.3488293028293832,-0.19724389890685423,1.6168716937645213,2.3679193986512646,4,0.3333333333333333
TW,D,anchored,3,5,96,24,2007-01,2018-12,2019-01,2020-12,144,24,26424,fixed,6,legacy,proportional,A_hrp,30,0,0,30,0.2520741218791702,-0.2417797360538908,1.2296954804912175,0.3186216076787145,-0.19349764037381112,1.6031912914657702,2.5354101111040586,6,0.5
TW,D,anchored,3,5,96,24,2007-01,2018-12,2019-01,2020-12,144,24,26424,fixed,6,legacy,proportional,D_top_cagr,30,0,0,30,0.3903828804324665,-0.389787822306389,0.5762521498231643,0.37076035953828534,-0.216611676460429,1.5801204878472204,2.4760378485023193,5,0.6666666666666666
TW,D,anchored,3,5,96,24,2007-01,2018-12,2019-01,2020-12,144,24,26424,fixed,6,legacy,proportional,E_top_calmar,30,0,0,30,0.35361805121136247,-0.28411303906858876,0.7684889181667488,0.3488293028293832,-0.19724389890685423,1.6168716937645213,2.3679193986512646,4,0.3333333333333333
TW,D,anchored,3,5,96,24,2007-01,2018-12,2019-01,2020-12,144,24,26424,fixed,6,0.01,equal,A_hrp,264,0,61,264,0.22627282574309637,-0.39720127005819705,0.9992515013633086,0.31918960394293827,-0.1842006781512635,1.6412093982590688,3.182458192174314,6,0.16666666666666666
TW,D,anchored,3,5,96,24,2007-01,2018-12,2019-01,2020-12,144,24,26424,fixed,6,0.01,equal,D_top_cagr,264,0,0,264,0.29406010802200044,-0.4235845208435357,0.9885162399462915,0.3384787989065192,-0.1929478707003962,1.6806721733562597,2.832563638867105,6,0.29924242424242425
TW,D,anchored,3,5,96,24,2007-01,2018-12,2019-01,2020-12,144,24,26424,fixed,6,0.01,equal,E_top_calmar,264,0,0,264,0.2653061924122724,-0.3087243070327903,1.0507826238441076,0.3324218174914073,-0.1961882698472075,1.6328443499523444,2.6273226235329195,6,0.2803030303030303
TW,D,anchored,3,5,96,24,2007-01,2018-12,2019-01,2020-12,144,24,26424,fixed,6,0.01,proportional,A_hrp,264,0,4,264,0.20163088194763668,-0.3903653213756779,1.0153368744254285,0.32158818167451253,-0.18760213191396446,1.6359349995485069,3.067643533622311,6,0.5113636363636364
TW,D,anchored,3,5,96,24,2007-01,2018-12,2019-01,2020-12,144,24,26424,fixed,6,0.01,proportional,D_top_cagr,264,0,0,264,0.29406010802200044,-0.4235845208435357,0.9885162399462915,0.3384787989065192,-0.1929478707003962,1.6806721733562597,2.832563638867105,6,0.29924242424242425
TW,D,anchored,3,5,96,24,2007-01,2018-12,2019-01,2020-12,144,24,26424,fixed,6,0.01,proportional,E_top_calmar,264,0,0,264,0.2653061924122724,-0.3087243070327903,1.0507826238441076,0.3324218174914073,-0.1961882698472075,1.6328443499523444,2.6273226235329195,6,0.2803030303030303
TW,D,anchored,3,5,96,24,2007-01,2018-12,2019-01,2020-12,144,24,26424,fixed,6,0.03,equal,A_hrp,793,0,344,793,0.20102841750155798,-0.42787959468017744,0.9605443526562668,0.31415274448252295,-0.18547319069801127,1.6158389097944448,,6,0.1677175283732661
TW,D,anchored,3,5,96,24,2007-01,2018-12,2019-01,2020-12,144,24,26424,fixed,6,0.03,equal,D_top_cagr,793,0,0,793,0.24363181095126585,-0.46702941573602885,1.020527672229493,0.339803160726051,-0.19669012115995876,1.6701070389694472,,6,0.22950819672131148
TW,D,anchored,3,5,96,24,2007-01,2018-12,2019-01,2020-12,144,24,26424,fixed,6,0.03,equal,E_top_calmar,793,0,0,793,0.2259885589714976,-0.3770850583956755,1.0471095281104497,0.3340299616727045,-0.19382441804411432,1.6535329112288608,,6,0.30138713745271123
TW,D,anchored,3,5,96,24,2007-01,2018-12,2019-01,2020-12,144,24,26424,fixed,6,0.03,proportional,A_hrp,793,0,82,793,0.16816002375200156,-0.4695955444014701,0.8555432070317522,0.30179386132998354,-0.19385456670872203,1.5262359468893703,,6,0.510718789407314
TW,D,anchored,3,5,96,24,2007-01,2018-12,2019-01,2020-12,144,24,26424,fixed,6,0.03,proportional,D_top_cagr,793,0,0,793,0.24363181095126585,-0.46702941573602885,1.020527672229493,0.339803160726051,-0.19669012115995876,1.6701070389694472,,6,0.22950819672131148
TW,D,anchored,3,5,96,24,2007-01,2018-12,2019-01,2020-12,144,24,26424,fixed,6,0.03,proportional,E_top_calmar,793,0,0,793,0.2259885589714976,-0.3770850583956755,1.0471095281104497,0.3340299616727045,-0.19382441804411432,1.6535329112288608,,6,0.30138713745271123
TW,D,anchored,3,5,96,24,2007-01,2018-12,2019-01,2020-12,144,24,26424,fixed,6,0.05,equal,A_hrp,1321,0,784,1321,0.1970734578453892,-0.4391429660298005,0.9450334092826932,0.3147365332553105,-0.18808757947632415,1.60387767716573,,6,0.16729750189250567
TW,D,anchored,3,5,96,24,2007-01,2018-12,2019-01,2020-12,144,24,26424,fixed,6,0.05,equal,D_top_cagr,1321,0,0,1321,0.2233701413157494,-0.4784231469459538,0.9905592268426565,0.3399492256621268,-0.19675401886987154,1.6672204804498443,,6,0.31188493565480696
TW,D,anchored,3,5,96,24,2007-01,2018-12,2019-01,2020-12,144,24,26424,fixed,6,0.05,equal,E_top_calmar,1321,0,0,1321,0.21132845516544974,-0.410101843553782,1.0062164671615714,0.333444375136434,-0.19622285381777482,1.6407014373337854,,6,0.35730507191521577
TW,D,anchored,3,5,96,24,2007-01,2018-12,2019-01,2020-12,144,24,26424,fixed,6,0.05,proportional,A_hrp,1321,0,330,1321,0.16024462043843757,-0.4844505418483386,0.8098649786438582,0.30498208318106124,-0.1985911201272188,1.514579642504566,,6,0.5109765329295988
TW,D,anchored,3,5,96,24,2007-01,2018-12,2019-01,2020-12,144,24,26424,fixed,6,0.05,proportional,D_top_cagr,1321,0,0,1321,0.2233701413157494,-0.4784231469459538,0.9905592268426565,0.3399492256621268,-0.19675401886987154,1.6672204804498443,,6,0.31188493565480696
TW,D,anchored,3,5,96,24,2007-01,2018-12,2019-01,2020-12,144,24,26424,fixed,6,0.05,proportional,E_top_calmar,1321,0,0,1321,0.21132845516544974,-0.410101843553782,1.0062164671615714,0.333444375136434,-0.19622285381777482,1.6407014373337854,,6,0.35730507191521577
TW,D,anchored,3,5,96,24,2007-01,2018-12,2019-01,2020-12,144,24,26424,fixed,6,0.1,equal,A_hrp,2642,0,1885,2642,0.179174923533572,-0.47155683686964267,0.8755871707580093,0.31197791995654156,-0.18600101325902807,1.5961837018558342,,6,0.16691900075700228
TW,D,anchored,3,5,96,24,2007-01,2018-12,2019-01,2020-12,144,24,26424,fixed,6,0.1,equal,D_top_cagr,2642,0,0,2642,0.1991400394224523,-0.49204599526141624,0.927382202799946,0.3354950582575724,-0.1956861373081369,1.6484294048975252,,6,0.3853141559424678
TW,D,anchored,3,5,96,24,2007-01,2018-12,2019-01,2020-12,144,24,26424,fixed,6,0.1,equal,E_top_calmar,2642,0,0,2642,0.19172126862752092,-0.445239560225691,0.9346777323961029,0.3288709364502225,-0.19471525998565298,1.6298909963214077,,6,0.40196820590461774
TW,D,anchored,3,5,96,24,2007-01,2018-12,2019-01,2020-12,144,24,26424,fixed,6,0.1,proportional,A_hrp,2642,0,1646,2642,0.17199586097947894,-0.46831519139978284,0.8586375481279601,0.31913285808316316,-0.19739462065731983,1.5777277572431339,,6,0.5109765329295988
TW,D,anchored,3,5,96,24,2007-01,2018-12,2019-01,2020-12,144,24,26424,fixed,6,0.1,proportional,D_top_cagr,2642,0,0,2642,0.1991400394224523,-0.49204599526141624,0.927382202799946,0.3354950582575724,-0.1956861373081369,1.6484294048975252,,6,0.3853141559424678
TW,D,anchored,3,5,96,24,2007-01,2018-12,2019-01,2020-12,144,24,26424,fixed,6,0.1,proportional,E_top_calmar,2642,0,0,2642,0.19172126862752092,-0.445239560225691,0.9346777323961029,0.3288709364502225,-0.19471525998565298,1.6298909963214077,,6,0.40196820590461774
TW,D,anchored,3,5,96,24,2007-01,2018-12,2019-01,2020-12,144,24,26424,silhouette_is,10,all,unallocated,B_all,26424,0,0,26424,0.11170047146584317,-0.5484999555627641,0.6053400740738659,0.28657204827716054,-0.1939917099299059,1.4577182187458733,,10,0.35955949137148047
TW,D,anchored,3,5,96,24,2007-01,2018-12,2019-01,2020-12,144,24,26424,silhouette_is,10,legacy,equal,A_hrp,50,0,1,50,0.2488382729967542,-0.282089384937001,1.170312339538822,0.31675372556131864,-0.18037860884713675,1.6402965352711083,2.83861738100956,10,0.1
TW,D,anchored,3,5,96,24,2007-01,2018-12,2019-01,2020-12,144,24,26424,silhouette_is,10,legacy,equal,D_top_cagr,50,0,0,50,0.3711475069071155,-0.4124065667865656,0.6654624665604443,0.34758789325133876,-0.21555282265517905,1.5657983429384912,2.6294623075652974,7,0.6
TW,D,anchored,3,5,96,24,2007-01,2018-12,2019-01,2020-12,144,24,26424,silhouette_is,10,legacy,equal,E_top_calmar,50,0,0,50,0.3222178553932433,-0.26754476179700093,0.8692683457781115,0.34638389412398785,-0.1945278215097781,1.6415551986735626,2.4809683965911393,7,0.34
TW,D,anchored,3,5,96,24,2007-01,2018-12,2019-01,2020-12,144,24,26424,silhouette_is,10,legacy,proportional,A_hrp,50,0,0,50,0.24041102244241497,-0.2906792186753012,1.173118246683301,0.2984660726995143,-0.18429225198196242,1.562160102354634,2.5946763045064802,10,0.36
TW,D,anchored,3,5,96,24,2007-01,2018-12,2019-01,2020-12,144,24,26424,silhouette_is,10,legacy,proportional,D_top_cagr,50,0,0,50,0.3711475069071155,-0.4124065667865656,0.6654624665604443,0.34758789325133876,-0.21555282265517905,1.5657983429384912,2.6294623075652974,7,0.6
TW,D,anchored,3,5,96,24,2007-01,2018-12,2019-01,2020-12,144,24,26424,silhouette_is,10,legacy,proportional,E_top_calmar,50,0,0,50,0.3222178553932433,-0.26754476179700093,0.8692683457781115,0.34638389412398785,-0.1945278215097781,1.6415551986735626,2.4809683965911393,7,0.34
TW,D,anchored,3,5,96,24,2007-01,2018-12,2019-01,2020-12,144,24,26424,silhouette_is,10,0.01,equal,A_hrp,264,0,37,264,0.22404010812373953,-0.39585644930802355,1.0204858688256035,0.3129550946592241,-0.18281372372228,1.6206015572230528,3.081920893615546,10,0.10227272727272728
TW,D,anchored,3,5,96,24,2007-01,2018-12,2019-01,2020-12,144,24,26424,silhouette_is,10,0.01,equal,D_top_cagr,264,0,0,264,0.29406010802200044,-0.4235845208435357,0.9885162399462915,0.3384787989065192,-0.1929478707003962,1.6806721733562597,2.832563638867105,10,0.29924242424242425
TW,D,anchored,3,5,96,24,2007-01,2018-12,2019-01,2020-12,144,24,26424,silhouette_is,10,0.01,equal,E_top_calmar,264,0,0,264,0.2653061924122724,-0.3087243070327903,1.0507826238441076,0.3324218174914073,-0.1961882698472075,1.6328443499523444,2.6273226235329195,10,0.23106060606060605
TW,D,anchored,3,5,96,24,2007-01,2018-12,2019-01,2020-12,144,24,26424,silhouette_is,10,0.01,proportional,A_hrp,264,0,4,264,0.20200314548938691,-0.40284448786583504,1.0056575963242322,0.3114075662964362,-0.18272002848420443,1.6120739429887665,2.912728329886564,10,0.35984848484848486
TW,D,anchored,3,5,96,24,2007-01,2018-12,2019-01,2020-12,144,24,26424,silhouette_is,10,0.01,proportional,D_top_cagr,264,0,0,264,0.29406010802200044,-0.4235845208435357,0.9885162399462915,0.3384787989065192,-0.1929478707003962,1.6806721733562597,2.832563638867105,10,0.29924242424242425
TW,D,anchored,3,5,96,24,2007-01,2018-12,2019-01,2020-12,144,24,26424,silhouette_is,10,0.01,proportional,E_top_calmar,264,0,0,264,0.2653061924122724,-0.3087243070327903,1.0507826238441076,0.3324218174914073,-0.1961882698472075,1.6328443499523444,2.6273226235329195,10,0.23106060606060605
TW,D,anchored,3,5,96,24,2007-01,2018-12,2019-01,2020-12,144,24,26424,silhouette_is,10,0.03,equal,A_hrp,793,0,274,793,0.19983756077844506,-0.43314842287137956,0.9471071240263816,0.3175426835701076,-0.18565314626412655,1.621525405973379,,10,0.1008827238335435
TW,D,anchored,3,5,96,24,2007-01,2018-12,2019-01,2020-12,144,24,26424,silhouette_is,10,0.03,equal,D_top_cagr,793,0,0,793,0.24363181095126585,-0.46702941573602885,1.020527672229493,0.339803160726051,-0.19669012115995876,1.6701070389694472,,10,0.19293820933165196
TW,D,anchored,3,5,96,24,2007-01,2018-12,2019-01,2020-12,144,24,26424,silhouette_is,10,0.03,equal,E_top_calmar,793,0,0,793,0.2259885589714976,-0.3770850583956755,1.0471095281104497,0.3340299616727045,-0.19382441804411432,1.6535329112288608,,10,0.17654476670870115
TW,D,anchored,3,5,96,24,2007-01,2018-12,2019-01,2020-12,144,24,26424,silhouette_is,10,0.03,proportional,A_hrp,793,0,46,793,0.16489548705141854,-0.4783428126430962,0.8433711467311453,0.29369270326698915,-0.19178322113160773,1.5067289987256887,,10,0.3593947036569987
TW,D,anchored,3,5,96,24,2007-01,2018-12,2019-01,2020-12,144,24,26424,silhouette_is,10,0.03,proportional,D_top_cagr,793,0,0,793,0.24363181095126585,-0.46702941573602885,1.020527672229493,0.339803160726051,-0.19669012115995876,1.6701070389694472,,10,0.19293820933165196
TW,D,anchored,3,5,96,24,2007-01,2018-12,2019-01,2020-12,144,24,26424,silhouette_is,10,0.03,proportional,E_top_calmar,793,0,0,793,0.2259885589714976,-0.3770850583956755,1.0471095281104497,0.3340299616727045,-0.19382441804411432,1.6535329112288608,,10,0.17654476670870115
TW,D,anchored,3,5,96,24,2007-01,2018-12,2019-01,2020-12,144,24,26424,silhouette_is,10,0.05,equal,A_hrp,1321,0,650,1321,0.1921354181106012,-0.4430918029627795,0.9175218387243763,0.32066224180719116,-0.18815095331694276,1.6215245197907968,,10,0.10068130204390613
TW,D,anchored,3,5,96,24,2007-01,2018-12,2019-01,2020-12,144,24,26424,silhouette_is,10,0.05,equal,D_top_cagr,1321,0,0,1321,0.2233701413157494,-0.4784231469459538,0.9905592268426565,0.3399492256621268,-0.19675401886987154,1.6672204804498443,,10,0.21044663133989402
TW,D,anchored,3,5,96,24,2007-01,2018-12,2019-01,2020-12,144,24,26424,silhouette_is,10,0.05,equal,E_top_calmar,1321,0,0,1321,0.21132845516544974,-0.410101843553782,1.0062164671615714,0.333444375136434,-0.19622285381777482,1.6407014373337854,,10,0.23088569265707798
TW,D,anchored,3,5,96,24,2007-01,2018-12,2019-01,2020-12,144,24,26424,silhouette_is,10,0.05,proportional,A_hrp,1321,0,275,1321,0.15742046075224048,-0.48914687272003887,0.802891475673947,0.2953195285887136,-0.19542689606109442,1.49778203859189,,10,0.35957607872823616
TW,D,anchored,3,5,96,24,2007-01,2018-12,2019-01,2020-12,144,24,26424,silhouette_is,10,0.05,proportional,D_top_cagr,1321,0,0,1321,0.2233701413157494,-0.4784231469459538,0.9905592268426565,0.3399492256621268,-0.19675401886987154,1.6672204804498443,,10,0.21044663133989402
TW,D,anchored,3,5,96,24,2007-01,2018-12,2019-01,2020-12,144,24,26424,silhouette_is,10,0.05,proportional,E_top_calmar,1321,0,0,1321,0.21132845516544974,-0.410101843553782,1.0062164671615714,0.333444375136434,-0.19622285381777482,1.6407014373337854,,10,0.23088569265707798
TW,D,anchored,3,5,96,24,2007-01,2018-12,2019-01,2020-12,144,24,26424,silhouette_is,10,0.1,equal,A_hrp,2642,1,1688,2642,0.17668597139869657,-0.47044567218970446,0.8617835017679923,0.3164026807310345,-0.1909882472891613,1.5930355883433,,10,0.10370931112793338
TW,D,anchored,3,5,96,24,2007-01,2018-12,2019-01,2020-12,144,24,26424,silhouette_is,10,0.1,equal,D_top_cagr,2642,1,0,2642,0.1991400394224523,-0.49204599526141624,0.927382202799946,0.3354950582575724,-0.1956861373081369,1.6484294048975252,,10,0.2274791824375473
TW,D,anchored,3,5,96,24,2007-01,2018-12,2019-01,2020-12,144,24,26424,silhouette_is,10,0.1,equal,E_top_calmar,2642,1,0,2642,0.19172126862752092,-0.445239560225691,0.9346777323961029,0.3288709364502225,-0.19471525998565298,1.6298909963214077,,10,0.2380772142316427
TW,D,anchored,3,5,96,24,2007-01,2018-12,2019-01,2020-12,144,24,26424,silhouette_is,10,0.1,proportional,A_hrp,2642,0,1492,2642,0.1656916150049077,-0.47995896127087134,0.8369150180558825,0.3031957616001073,-0.19468715400683345,1.5369240249361567,,10,0.35957607872823616
TW,D,anchored,3,5,96,24,2007-01,2018-12,2019-01,2020-12,144,24,26424,silhouette_is,10,0.1,proportional,D_top_cagr,2642,0,0,2642,0.1991400394224523,-0.49204599526141624,0.927382202799946,0.3354950582575724,-0.1956861373081369,1.6484294048975252,,10,0.2274791824375473
TW,D,anchored,3,5,96,24,2007-01,2018-12,2019-01,2020-12,144,24,26424,silhouette_is,10,0.1,proportional,E_top_calmar,2642,0,0,2642,0.19172126862752092,-0.445239560225691,0.9346777323961029,0.3288709364502225,-0.19471525998565298,1.6298909963214077,,10,0.2380772142316427
TW,D,anchored,4,5,96,24,2007-01,2020-12,2021-01,2022-12,168,24,26424,fixed,6,all,unallocated,B_all,26424,0,0,26424,0.13514554779908128,-0.5484999555627641,0.7115181847229014,0.12236218641782481,-0.1331874672692538,0.6878447817428295,,6,0.47612019376324555
TW,D,anchored,4,5,96,24,2007-01,2020-12,2021-01,2022-12,168,24,26424,fixed,6,legacy,equal,A_hrp,30,0,2,30,0.282251324565,-0.2785686182727829,1.2011430019639298,0.14938609604819697,-0.13156748230899762,0.7657245750373604,2.072540211078177,6,0.16666666666666666
TW,D,anchored,4,5,96,24,2007-01,2020-12,2021-01,2022-12,168,24,26424,fixed,6,legacy,equal,D_top_cagr,30,0,0,30,0.39522390627517257,-0.3674080665553119,0.6213538148451284,0.20750326438002453,-0.12690971340412682,0.95194132921513,1.711713065362659,3,0.6666666666666666
TW,D,anchored,4,5,96,24,2007-01,2020-12,2021-01,2022-12,168,24,26424,fixed,6,legacy,equal,E_top_calmar,30,0,0,30,0.3439462925900758,-0.245855514804875,0.9624747193520452,0.18496313043121626,-0.1283348473971354,0.8696679996757593,1.8064932143718262,4,0.36666666666666664
TW,D,anchored,4,5,96,24,2007-01,2020-12,2021-01,2022-12,168,24,26424,fixed,6,legacy,proportional,A_hrp,30,0,0,30,0.2528034023681649,-0.2613192509579457,1.2407653122148414,0.17316232217919336,-0.13044841392928586,0.8651836073652034,2.161074738719938,6,0.4666666666666667
TW,D,anchored,4,5,96,24,2007-01,2020-12,2021-01,2022-12,168,24,26424,fixed,6,legacy,proportional,D_top_cagr,30,0,0,30,0.39522390627517257,-0.3674080665553119,0.6213538148451284,0.20750326438002453,-0.12690971340412682,0.95194132921513,1.711713065362659,3,0.6666666666666666
TW,D,anchored,4,5,96,24,2007-01,2020-12,2021-01,2022-12,168,24,26424,fixed,6,legacy,proportional,E_top_calmar,30,0,0,30,0.3439462925900758,-0.245855514804875,0.9624747193520452,0.18496313043121626,-0.1283348473971354,0.8696679996757593,1.8064932143718262,4,0.36666666666666664
TW,D,anchored,4,5,96,24,2007-01,2020-12,2021-01,2022-12,168,24,26424,fixed,6,0.01,equal,A_hrp,264,0,87,264,0.2590911826253579,-0.3999838001267745,1.0772900589094998,0.14874454863852615,-0.13314231275398425,0.7703073688678237,2.344486126889301,6,0.16666666666666666
TW,D,anchored,4,5,96,24,2007-01,2020-12,2021-01,2022-12,168,24,26424,fixed,6,0.01,equal,D_top_cagr,264,0,0,264,0.30882083651807957,-0.42578709987736185,1.0703785735398985,0.16970846633157244,-0.1352818682755923,0.8270240349866826,2.0554124783674776,6,0.2765151515151515
TW,D,anchored,4,5,96,24,2007-01,2020-12,2021-01,2022-12,168,24,26424,fixed,6,0.01,equal,E_top_calmar,264,0,0,264,0.2758822000571888,-0.29580355973898587,1.1533711262184045,0.17326251019945316,-0.1277899966286976,0.8609076274465112,1.9723255448150894,6,0.4583333333333333
TW,D,anchored,4,5,96,24,2007-01,2020-12,2021-01,2022-12,168,24,26424,fixed,6,0.01,proportional,A_hrp,264,0,5,264,0.21407788086991486,-0.39486427991939343,1.075674842238685,0.14165738792618732,-0.13320422601904025,0.751314537204729,2.419514706961032,6,0.4772727272727273
TW,D,anchored,4,5,96,24,2007-01,2020-12,2021-01,2022-12,168,24,26424,fixed,6,0.01,proportional,D_top_cagr,264,0,0,264,0.30882083651807957,-0.42578709987736185,1.0703785735398985,0.16970846633157244,-0.1352818682755923,0.8270240349866826,2.0554124783674776,6,0.2765151515151515
TW,D,anchored,4,5,96,24,2007-01,2020-12,2021-01,2022-12,168,24,26424,fixed,6,0.01,proportional,E_top_calmar,264,0,0,264,0.2758822000571888,-0.29580355973898587,1.1533711262184045,0.17326251019945316,-0.1277899966286976,0.8609076274465112,1.9723255448150894,6,0.4583333333333333
TW,D,anchored,4,5,96,24,2007-01,2020-12,2021-01,2022-12,168,24,26424,fixed,6,0.03,equal,A_hrp,793,0,351,793,0.22487503171969725,-0.4616438803567856,1.0126695545281894,0.1377281310977745,-0.1328681337198756,0.7300865671675518,,6,0.1677175283732661
TW,D,anchored,4,5,96,24,2007-01,2020-12,2021-01,2022-12,168,24,26424,fixed,6,0.03,equal,D_top_cagr,793,0,0,793,0.263218330988515,-0.4711847634911206,1.1071886798113852,0.1603810799983254,-0.13529694209914844,0.7899513921828346,,6,0.3833543505674653
TW,D,anchored,4,5,96,24,2007-01,2020-12,2021-01,2022-12,168,24,26424,fixed,6,0.03,equal,E_top_calmar,793,0,0,793,0.2434123899929852,-0.37468282033220357,1.1343455951150216,0.16091901839242717,-0.1309133107757955,0.8115034095231944,,6,0.4274905422446406
TW,D,anchored,4,5,96,24,2007-01,2020-12,2021-01,2022-12,168,24,26424,fixed,6,0.03,proportional,A_hrp,793,0,102,793,0.1834722740318071,-0.45925308146836963,0.9380264333490248,0.13791392767714927,-0.12830302643009273,0.7473488000434027,,6,0.4766708701134931
TW,D,anchored,4,5,96,24,2007-01,2020-12,2021-01,2022-12,168,24,26424,fixed,6,0.03,proportional,D_top_cagr,793,0,0,793,0.263218330988515,-0.4711847634911206,1.1071886798113852,0.1603810799983254,-0.13529694209914844,0.7899513921828346,,6,0.3833543505674653
TW,D,anchored,4,5,96,24,2007-01,2020-12,2021-01,2022-12,168,24,26424,fixed,6,0.03,proportional,E_top_calmar,793,0,0,793,0.2434123899929852,-0.37468282033220357,1.1343455951150216,0.16091901839242717,-0.1309133107757955,0.8115034095231944,,6,0.4274905422446406
TW,D,anchored,4,5,96,24,2007-01,2020-12,2021-01,2022-12,168,24,26424,fixed,6,0.05,equal,A_hrp,1321,0,651,1321,0.20517461832427464,-0.4880242138851014,0.9556964150658912,0.13032802638161622,-0.13085892278456346,0.7033883043469374,,6,0.16729750189250567
TW,D,anchored,4,5,96,24,2007-01,2020-12,2021-01,2022-12,168,24,26424,fixed,6,0.05,equal,D_top_cagr,1321,0,0,1321,0.24483133360943632,-0.48151779511554416,1.0779811488605873,0.15886413171558011,-0.13491690918286225,0.7877669097937805,,6,0.39439818319454956
TW,D,anchored,4,5,96,24,2007-01,2020-12,2021-01,2022-12,168,24,26424,fixed,6,0.05,equal,E_top_calmar,1321,0,0,1321,0.2295288266686928,-0.40648884617026093,1.0907715454268916,0.15736894996030637,-0.1309217611321728,0.7961671938425094,,6,0.41786525359576077
TW,D,anchored,4,5,96,24,2007-01,2020-12,2021-01,2022-12,168,24,26424,fixed,6,0.05,proportional,A_hrp,1321,0,396,1321,0.17796046429598844,-0.46922274235110295,0.9071009683899828,0.13649515551785818,-0.128536388090304,0.7390573314321075,,6,0.4761544284632854
TW,D,anchored,4,5,96,24,2007-01,2020-12,2021-01,2022-12,168,24,26424,fixed,6,0.05,proportional,D_top_cagr,1321,0,0,1321,0.24483133360943632,-0.48151779511554416,1.0779811488605873,0.15886413171558011,-0.13491690918286225,0.7877669097937805,,6,0.39439818319454956
TW,D,anchored,4,5,96,24,2007-01,2020-12,2021-01,2022-12,168,24,26424,fixed,6,0.05,proportional,E_top_calmar,1321,0,0,1321,0.2295288266686928,-0.40648884617026093,1.0907715454268916,0.15736894996030637,-0.1309217611321728,0.7961671938425094,,6,0.41786525359576077
TW,D,anchored,4,5,96,24,2007-01,2020-12,2021-01,2022-12,168,24,26424,fixed,6,0.1,equal,A_hrp,2642,1,1687,2642,0.18832502904428017,-0.4953082905215901,0.9227333951595079,0.13493160317732134,-0.12819574074095408,0.7272820432488944,,6,0.18243754731264195
TW,D,anchored,4,5,96,24,2007-01,2020-12,2021-01,2022-12,168,24,26424,fixed,6,0.1,equal,D_top_cagr,2642,1,0,2642,0.2212729371795743,-0.4932600303411082,1.018995047840983,0.15072017005415095,-0.13413628123280863,0.7609020947317368,,6,0.4375473126419379
TW,D,anchored,4,5,96,24,2007-01,2020-12,2021-01,2022-12,168,24,26424,fixed,6,0.1,equal,E_top_calmar,2642,1,0,2642,0.2123883661474728,-0.4432061440826971,1.0248733385805742,0.14774141614073732,-0.13166727469261608,0.7591040425561671,,6,0.42127176381529147
TW,D,anchored,4,5,96,24,2007-01,2020-12,2021-01,2022-12,168,24,26424,fixed,6,0.1,proportional,A_hrp,2642,0,1687,2642,0.18723572574726344,-0.46315415009727423,0.9414863297695365,0.13247494016407235,-0.13053636999193097,0.7110822409636696,,6,0.4761544284632854
TW,D,anchored,4,5,96,24,2007-01,2020-12,2021-01,2022-12,168,24,26424,fixed,6,0.1,proportional,D_top_cagr,2642,0,0,2642,0.2212729371795743,-0.4932600303411082,1.018995047840983,0.15072017005415095,-0.13413628123280863,0.7609020947317368,,6,0.4375473126419379
TW,D,anchored,4,5,96,24,2007-01,2020-12,2021-01,2022-12,168,24,26424,fixed,6,0.1,proportional,E_top_calmar,2642,0,0,2642,0.2123883661474728,-0.4432061440826971,1.0248733385805742,0.14774141614073732,-0.13166727469261608,0.7591040425561671,,6,0.42127176381529147
TW,D,anchored,4,5,96,24,2007-01,2020-12,2021-01,2022-12,168,24,26424,silhouette_is,4,all,unallocated,B_all,26424,0,0,26424,0.13514554779908128,-0.5484999555627641,0.7115181847229014,0.12236218641782481,-0.1331874672692538,0.6878447817428295,,4,0.48501362397820164
TW,D,anchored,4,5,96,24,2007-01,2020-12,2021-01,2022-12,168,24,26424,silhouette_is,4,legacy,equal,A_hrp,20,0,2,20,0.3069342045923056,-0.2423984978579351,1.1795682818391304,0.15809692179998525,-0.1293269470456372,0.8009290764166151,2.016876841537121,4,0.25
TW,D,anchored,4,5,96,24,2007-01,2020-12,2021-01,2022-12,168,24,26424,silhouette_is,4,legacy,equal,D_top_cagr,20,0,0,20,0.40987786005778926,-0.3622193254251991,0.53197146906175,0.20407315643634139,-0.12223690086652583,0.9399882829902003,1.7219711001397942,3,0.75
TW,D,anchored,4,5,96,24,2007-01,2020-12,2021-01,2022-12,168,24,26424,silhouette_is,4,legacy,equal,E_top_calmar,20,0,0,20,0.3635194409094724,-0.25296223215622327,0.8162093369748006,0.1956244261951261,-0.1260530270345186,0.923010201571057,1.779740286399991,3,0.4
TW,D,anchored,4,5,96,24,2007-01,2020-12,2021-01,2022-12,168,24,26424,silhouette_is,4,legacy,proportional,A_hrp,20,0,0,20,0.2972503101055435,-0.25659629370141923,1.3385688300801613,0.18040285622964536,-0.1302981493797093,0.8677209141019816,2.007804556782031,4,0.45
TW,D,anchored,4,5,96,24,2007-01,2020-12,2021-01,2022-12,168,24,26424,silhouette_is,4,legacy,proportional,D_top_cagr,20,0,0,20,0.40987786005778926,-0.3622193254251991,0.53197146906175,0.20407315643634139,-0.12223690086652583,0.9399882829902003,1.7219711001397942,3,0.75
TW,D,anchored,4,5,96,24,2007-01,2020-12,2021-01,2022-12,168,24,26424,silhouette_is,4,legacy,proportional,E_top_calmar,20,0,0,20,0.3635194409094724,-0.25296223215622327,0.8162093369748006,0.1956244261951261,-0.1260530270345186,0.923010201571057,1.779740286399991,3,0.4
TW,D,anchored,4,5,96,24,2007-01,2020-12,2021-01,2022-12,168,24,26424,silhouette_is,4,0.01,equal,A_hrp,264,0,106,264,0.26099526082921787,-0.38657247657584903,1.0735822522510505,0.15193318129636824,-0.1311608601251243,0.7889507432789472,2.321586031927932,4,0.25
TW,D,anchored,4,5,96,24,2007-01,2020-12,2021-01,2022-12,168,24,26424,silhouette_is,4,0.01,equal,D_top_cagr,264,0,0,264,0.30882083651807957,-0.42578709987736185,1.0703785735398985,0.16970846633157244,-0.1352818682755923,0.8270240349866826,2.0554124783674776,4,0.38636363636363635
TW,D,anchored,4,5,96,24,2007-01,2020-12,2021-01,2022-12,168,24,26424,silhouette_is,4,0.01,equal,E_top_calmar,264,0,0,264,0.2758822000571888,-0.29580355973898587,1.1533711262184045,0.17326251019945316,-0.1277899966286976,0.8609076274465112,1.9723255448150894,4,0.5075757575757576
TW,D,anchored,4,5,96,24,2007-01,2020-12,2021-01,2022-12,168,24,26424,silhouette_is,4,0.01,proportional,A_hrp,264,0,5,264,0.21993377253850532,-0.3952103507799234,1.0969564153246092,0.15565992496030145,-0.13117236643069163,0.8114635206053346,2.5158389941896755,4,0.48484848484848486
TW,D,anchored,4,5,96,24,2007-01,2020-12,2021-01,2022-12,168,24,26424,silhouette_is,4,0.01,proportional,D_top_cagr,264,0,0,264,0.30882083651807957,-0.42578709987736185,1.0703785735398985,0.16970846633157244,-0.1352818682755923,0.8270240349866826,2.0554124783674776,4,0.38636363636363635
TW,D,anchored,4,5,96,24,2007-01,2020-12,2021-01,2022-12,168,24,26424,silhouette_is,4,0.01,proportional,E_top_calmar,264,0,0,264,0.2758822000571888,-0.29580355973898587,1.1533711262184045,0.17326251019945316,-0.1277899966286976,0.8609076274465112,1.9723255448150894,4,0.5075757575757576
TW,D,anchored,4,5,96,24,2007-01,2020-12,2021-01,2022-12,168,24,26424,silhouette_is,4,0.03,equal,A_hrp,793,0,370,793,0.2166492899888195,-0.4623761597316014,1.0107880028671195,0.14212378951122262,-0.12761405884672905,0.7561746537301629,,4,0.2509457755359395
TW,D,anchored,4,5,96,24,2007-01,2020-12,2021-01,2022-12,168,24,26424,silhouette_is,4,0.03,equal,D_top_cagr,793,0,0,793,0.263218330988515,-0.4711847634911206,1.1071886798113852,0.1603810799983254,-0.13529694209914844,0.7899513921828346,,4,0.46027742749054223
TW,D,anchored,4,5,96,24,2007-01,2020-12,2021-01,2022-12,168,24,26424,silhouette_is,4,0.03,equal,E_top_calmar,793,0,0,793,0.2434123899929852,-0.37468282033220357,1.1343455951150216,0.16091901839242717,-0.1309133107757955,0.8115034095231944,,4,0.47540983606557374
TW,D,anchored,4,5,96,24,2007-01,2020-12,2021-01,2022-12,168,24,26424,silhouette_is,4,0.03,proportional,A_hrp,793,0,139,793,0.18914615310379723,-0.4555381291407934,0.9554657146227782,0.1426191840614388,-0.12791835115588734,0.767100645031116,,4,0.4854981084489281
TW,D,anchored,4,5,96,24,2007-01,2020-12,2021-01,2022-12,168,24,26424,silhouette_is,4,0.03,proportional,D_top_cagr,793,0,0,793,0.263218330988515,-0.4711847634911206,1.1071886798113852,0.1603810799983254,-0.13529694209914844,0.7899513921828346,,4,0.46027742749054223
TW,D,anchored,4,5,96,24,2007-01,2020-12,2021-01,2022-12,168,24,26424,silhouette_is,4,0.03,proportional,E_top_calmar,793,0,0,793,0.2434123899929852,-0.37468282033220357,1.1343455951150216,0.16091901839242717,-0.1309133107757955,0.8115034095231944,,4,0.47540983606557374
TW,D,anchored,4,5,96,24,2007-01,2020-12,2021-01,2022-12,168,24,26424,silhouette_is,4,0.05,equal,A_hrp,1321,0,698,1321,0.1981258639767094,-0.4806350796576512,0.958739751723875,0.135960189133427,-0.12651115831225934,0.73648628299902,,4,0.2505677517032551
TW,D,anchored,4,5,96,24,2007-01,2020-12,2021-01,2022-12,168,24,26424,silhouette_is,4,0.05,equal,D_top_cagr,1321,0,0,1321,0.24483133360943632,-0.48151779511554416,1.0779811488605873,0.15886413171558011,-0.13491690918286225,0.7877669097937805,,4,0.4640423921271764
TW,D,anchored,4,5,96,24,2007-01,2020-12,2021-01,2022-12,168,24,26424,silhouette_is,4,0.05,equal,E_top_calmar,1321,0,0,1321,0.2295288266686928,-0.40648884617026093,1.0907715454268916,0.15736894996030637,-0.1309217611321728,0.7961671938425094,,4,0.4640423921271764
TW,D,anchored,4,5,96,24,2007-01,2020-12,2021-01,2022-12,168,24,26424,silhouette_is,4,0.05,proportional,A_hrp,1321,0,508,1321,0.18939745313781864,-0.45882334583900297,0.9471688371265373,0.14052736849690284,-0.12900101709168188,0.7523441068526309,,4,0.48523845571536717
TW,D,anchored,4,5,96,24,2007-01,2020-12,2021-01,2022-12,168,24,26424,silhouette_is,4,0.05,proportional,D_top_cagr,1321,0,0,1321,0.24483133360943632,-0.48151779511554416,1.0779811488605873,0.15886413171558011,-0.13491690918286225,0.7877669097937805,,4,0.4640423921271764
TW,D,anchored,4,5,96,24,2007-01,2020-12,2021-01,2022-12,168,24,26424,silhouette_is,4,0.05,proportional,E_top_calmar,1321,0,0,1321,0.2295288266686928,-0.40648884617026093,1.0907715454268916,0.15736894996030637,-0.1309217611321728,0.7961671938425094,,4,0.4640423921271764
TW,D,anchored,4,5,96,24,2007-01,2020-12,2021-01,2022-12,168,24,26424,silhouette_is,4,0.1,equal,A_hrp,2642,1,1829,2642,0.1827300003111343,-0.4961444653163074,0.9072321901915724,0.12973517769207654,-0.12682068105748812,0.7094582259921788,,4,0.25094625283875854
TW,D,anchored,4,5,96,24,2007-01,2020-12,2021-01,2022-12,168,24,26424,silhouette_is,4,0.1,equal,D_top_cagr,2642,1,0,2642,0.2212729371795743,-0.4932600303411082,1.018995047840983,0.15072017005415095,-0.13413628123280863,0.7609020947317368,,4,0.49053747161241484
TW,D,anchored,4,5,96,24,2007-01,2020-12,2021-01,2022-12,168,24,26424,silhouette_is,4,0.1,equal,E_top_calmar,2642,1,0,2642,0.2123883661474728,-0.4432061440826971,1.0248733385805742,0.14774141614073732,-0.13166727469261608,0.7591040425561671,,4,0.463663890991673
TW,D,anchored,4,5,96,24,2007-01,2020-12,2021-01,2022-12,168,24,26424,silhouette_is,4,0.1,proportional,A_hrp,2642,0,1829,2642,0.19758373774753446,-0.461522301273967,0.9696431798126535,0.14237661164398663,-0.13122579463679573,0.746085673916606,,4,0.48523845571536717
TW,D,anchored,4,5,96,24,2007-01,2020-12,2021-01,2022-12,168,24,26424,silhouette_is,4,0.1,proportional,D_top_cagr,2642,0,0,2642,0.2212729371795743,-0.4932600303411082,1.018995047840983,0.15072017005415095,-0.13413628123280863,0.7609020947317368,,4,0.49053747161241484
TW,D,anchored,4,5,96,24,2007-01,2020-12,2021-01,2022-12,168,24,26424,silhouette_is,4,0.1,proportional,E_top_calmar,2642,0,0,2642,0.2123883661474728,-0.4432061440826971,1.0248733385805742,0.14774141614073732,-0.13166727469261608,0.7591040425561671,,4,0.463663890991673
TW,D,anchored,5,5,96,24,2007-01,2022-12,2023-01,2025-12,192,36,26424,fixed,6,all,unallocated,B_all,26424,0,0,26424,0.13353969900893792,-0.5484999555627641,0.7085465997616146,0.12541750663599283,-0.13830658386936634,1.0126432533508438,,6,0.42003481683318195
TW,D,anchored,5,5,96,24,2007-01,2022-12,2023-01,2025-12,192,36,26424,fixed,6,legacy,equal,A_hrp,30,0,0,30,0.2557480841464961,-0.3263595329053328,1.1498333453063172,0.15212892308272385,-0.15177816673517353,1.1626892396554525,4.381618131096556,6,0.16666666666666666
TW,D,anchored,5,5,96,24,2007-01,2022-12,2023-01,2025-12,192,36,26424,fixed,6,legacy,equal,D_top_cagr,30,0,0,30,0.3735724726495193,-0.3616349986700038,0.6339637043554901,0.1546643322640988,-0.1567772952380332,1.2078755824598228,2.7365388768724905,4,0.6
TW,D,anchored,5,5,96,24,2007-01,2022-12,2023-01,2025-12,192,36,26424,fixed,6,legacy,equal,E_top_calmar,30,0,0,30,0.3226228892205818,-0.24607417678134014,0.9458115259673533,0.16097461413438752,-0.14685477854452156,1.2814069756361992,2.948231567306657,3,0.5
TW,D,anchored,5,5,96,24,2007-01,2022-12,2023-01,2025-12,192,36,26424,fixed,6,legacy,proportional,A_hrp,30,0,0,30,0.26170256949698256,-0.24511516399824673,1.2478301323108003,0.16023845311938412,-0.13781549759080436,1.2955029715648039,4.555903957182252,6,0.4
TW,D,anchored,5,5,96,24,2007-01,2022-12,2023-01,2025-12,192,36,26424,fixed,6,legacy,proportional,D_top_cagr,30,0,0,30,0.3735724726495193,-0.3616349986700038,0.6339637043554901,0.1546643322640988,-0.1567772952380332,1.2078755824598228,2.7365388768724905,4,0.6
TW,D,anchored,5,5,96,24,2007-01,2022-12,2023-01,2025-12,192,36,26424,fixed,6,legacy,proportional,E_top_calmar,30,0,0,30,0.3226228892205818,-0.24607417678134014,0.9458115259673533,0.16097461413438752,-0.14685477854452156,1.2814069756361992,2.948231567306657,3,0.5
TW,D,anchored,5,5,96,24,2007-01,2022-12,2023-01,2025-12,192,36,26424,fixed,6,0.01,equal,A_hrp,264,0,92,264,0.24342102115977937,-0.39740378041721747,1.0445814105434847,0.14736217659365902,-0.1394786836919688,1.1375446236932312,5.102451582252475,6,0.16666666666666666
TW,D,anchored,5,5,96,24,2007-01,2022-12,2023-01,2025-12,192,36,26424,fixed,6,0.01,equal,D_top_cagr,264,0,0,264,0.2908685487835758,-0.43119019792434166,1.0575836142786352,0.16306018259106958,-0.14090583553468838,1.3011899854655784,3.916390499244925,6,0.3181818181818182
TW,D,anchored,5,5,96,24,2007-01,2022-12,2023-01,2025-12,192,36,26424,fixed,6,0.01,equal,E_top_calmar,264,0,0,264,0.26368051454150154,-0.30000735896089925,1.1332125484596238,0.15577381224268172,-0.13209980667396093,1.2746975738642115,3.7997780576743025,6,0.5227272727272727
TW,D,anchored,5,5,96,24,2007-01,2022-12,2023-01,2025-12,192,36,26424,fixed,6,0.01,proportional,A_hrp,264,0,3,264,0.21010619837539424,-0.3834656014226905,1.052460411947333,0.1406805738080812,-0.13562739809335844,1.1240226273133276,5.60252328492991,6,0.42045454545454547
TW,D,anchored,5,5,96,24,2007-01,2022-12,2023-01,2025-12,192,36,26424,fixed,6,0.01,proportional,D_top_cagr,264,0,0,264,0.2908685487835758,-0.43119019792434166,1.0575836142786352,0.16306018259106958,-0.14090583553468838,1.3011899854655784,3.916390499244925,6,0.3181818181818182
TW,D,anchored,5,5,96,24,2007-01,2022-12,2023-01,2025-12,192,36,26424,fixed,6,0.01,proportional,E_top_calmar,264,0,0,264,0.26368051454150154,-0.30000735896089925,1.1332125484596238,0.15577381224268172,-0.13209980667396093,1.2746975738642115,3.7997780576743025,6,0.5227272727272727
TW,D,anchored,5,5,96,24,2007-01,2022-12,2023-01,2025-12,192,36,26424,fixed,6,0.03,equal,A_hrp,793,0,356,793,0.21333909164869547,-0.46292145029207077,0.9713011770604788,0.1409776474163471,-0.14266052945588215,1.090903844487164,,6,0.1677175283732661
TW,D,anchored,5,5,96,24,2007-01,2022-12,2023-01,2025-12,192,36,26424,fixed,6,0.03,equal,D_top_cagr,793,0,0,793,0.2506683217546233,-0.47185743763667265,1.0842121697773717,0.1554446588846321,-0.1432485050618677,1.229553084375916,,6,0.3619167717528373
TW,D,anchored,5,5,96,24,2007-01,2022-12,2023-01,2025-12,192,36,26424,fixed,6,0.03,equal,E_top_calmar,793,0,0,793,0.2336868928040705,-0.37982974015102056,1.1007825570127576,0.14997490898465626,-0.1354304246135637,1.2034206442204367,,6,0.4451450189155107
TW,D,anchored,5,5,96,24,2007-01,2022-12,2023-01,2025-12,192,36,26424,fixed,6,0.03,proportional,A_hrp,793,0,54,793,0.18030178724813828,-0.46417316500260164,0.9211934502365825,0.1311273574847529,-0.13602525482447136,1.0746887134574912,,6,0.41992433795712486
TW,D,anchored,5,5,96,24,2007-01,2022-12,2023-01,2025-12,192,36,26424,fixed,6,0.03,proportional,D_top_cagr,793,0,0,793,0.2506683217546233,-0.47185743763667265,1.0842121697773717,0.1554446588846321,-0.1432485050618677,1.229553084375916,,6,0.3619167717528373
TW,D,anchored,5,5,96,24,2007-01,2022-12,2023-01,2025-12,192,36,26424,fixed,6,0.03,proportional,E_top_calmar,793,0,0,793,0.2336868928040705,-0.37982974015102056,1.1007825570127576,0.14997490898465626,-0.1354304246135637,1.2034206442204367,,6,0.4451450189155107
TW,D,anchored,5,5,96,24,2007-01,2022-12,2023-01,2025-12,192,36,26424,fixed,6,0.05,equal,A_hrp,1321,0,690,1321,0.19864908196878206,-0.48255434769720584,0.9321603597714273,0.13985918319922352,-0.14201825055137196,1.0853653285162486,,6,0.16729750189250567
TW,D,anchored,5,5,96,24,2007-01,2022-12,2023-01,2025-12,192,36,26424,fixed,6,0.05,equal,D_top_cagr,1321,0,0,1321,0.23468921146289246,-0.4818976093771875,1.0503819806751957,0.15478715181737157,-0.14137949072915257,1.2186533303766973,,6,0.37017411052233157
TW,D,anchored,5,5,96,24,2007-01,2022-12,2023-01,2025-12,192,36,26424,fixed,6,0.05,equal,E_top_calmar,1321,0,0,1321,0.22087840647378698,-0.4098779278994191,1.0600964205666563,0.14739109194559763,-0.1360094986323208,1.1772249370962689,,6,0.39666919000757
TW,D,anchored,5,5,96,24,2007-01,2022-12,2023-01,2025-12,192,36,26424,fixed,6,0.05,proportional,A_hrp,1321,0,299,1321,0.17481375535897237,-0.4780330176026224,0.8916379985708559,0.1324035762129958,-0.13616130929795878,1.0869538737015385,,6,0.4201362604087812
TW,D,anchored,5,5,96,24,2007-01,2022-12,2023-01,2025-12,192,36,26424,fixed,6,0.05,proportional,D_top_cagr,1321,0,0,1321,0.23468921146289246,-0.4818976093771875,1.0503819806751957,0.15478715181737157,-0.14137949072915257,1.2186533303766973,,6,0.37017411052233157
TW,D,anchored,5,5,96,24,2007-01,2022-12,2023-01,2025-12,192,36,26424,fixed,6,0.05,proportional,E_top_calmar,1321,0,0,1321,0.22087840647378698,-0.4098779278994191,1.0600964205666563,0.14739109194559763,-0.1360094986323208,1.1772249370962689,,6,0.39666919000757
TW,D,anchored,5,5,96,24,2007-01,2022-12,2023-01,2025-12,192,36,26424,fixed,6,0.1,equal,A_hrp,2642,0,1723,2642,0.18096047573470853,-0.509658038498136,0.8776594879163621,0.13628356299285138,-0.14133992929413008,1.0683742816725261,,6,0.16691900075700228
TW,D,anchored,5,5,96,24,2007-01,2022-12,2023-01,2025-12,192,36,26424,fixed,6,0.1,equal,D_top_cagr,2642,0,0,2642,0.21289519669405288,-0.4975255282396035,0.9914494861958753,0.15231062617390068,-0.13979152366883385,1.1947858181600324,,6,0.36828160484481454
TW,D,anchored,5,5,96,24,2007-01,2022-12,2023-01,2025-12,192,36,26424,fixed,6,0.1,equal,E_top_calmar,2642,0,0,2642,0.20401768979426493,-0.4433226281366396,0.9962674620873069,0.1446818356327162,-0.13636130142403002,1.1468242506317103,,6,0.39288417865253594
TW,D,anchored,5,5,96,24,2007-01,2022-12,2023-01,2025-12,192,36,26424,fixed,6,0.1,proportional,A_hrp,2642,0,1584,2642,0.18659011057432395,-0.4678921976743854,0.9339698805186251,0.13913500557670888,-0.13615408040904708,1.119288661026599,,6,0.4201362604087812
TW,D,anchored,5,5,96,24,2007-01,2022-12,2023-01,2025-12,192,36,26424,fixed,6,0.1,proportional,D_top_cagr,2642,0,0,2642,0.21289519669405288,-0.4975255282396035,0.9914494861958753,0.15231062617390068,-0.13979152366883385,1.1947858181600324,,6,0.36828160484481454
TW,D,anchored,5,5,96,24,2007-01,2022-12,2023-01,2025-12,192,36,26424,fixed,6,0.1,proportional,E_top_calmar,2642,0,0,2642,0.20401768979426493,-0.4433226281366396,0.9962674620873069,0.1446818356327162,-0.13636130142403002,1.1468242506317103,,6,0.39288417865253594
TW,D,anchored,5,5,96,24,2007-01,2022-12,2023-01,2025-12,192,36,26424,silhouette_is,5,all,unallocated,B_all,26424,0,0,26424,0.13353969900893792,-0.5484999555627641,0.7085465997616146,0.12541750663599283,-0.13830658386936634,1.0126432533508438,,5,0.42003481683318195
TW,D,anchored,5,5,96,24,2007-01,2022-12,2023-01,2025-12,192,36,26424,silhouette_is,5,legacy,equal,A_hrp,25,0,0,25,0.2598890414665904,-0.28786804306374625,1.185089751089631,0.15382629856231889,-0.14685997719914212,1.1905407639667345,4.227758349097941,5,0.2
TW,D,anchored,5,5,96,24,2007-01,2022-12,2023-01,2025-12,192,36,26424,silhouette_is,5,legacy,equal,D_top_cagr,25,0,0,25,0.37974722083749035,-0.3499268128001054,0.5897933642301987,0.15908290797349323,-0.15763745740207402,1.2488732822427344,2.866114579389835,4,0.64
TW,D,anchored,5,5,96,24,2007-01,2022-12,2023-01,2025-12,192,36,26424,silhouette_is,5,legacy,equal,E_top_calmar,25,0,0,25,0.3303984543756795,-0.24414640990556347,0.8975699560214672,0.1652281179249322,-0.15327815102997433,1.2985776823422706,3.000888241170659,3,0.44
TW,D,anchored,5,5,96,24,2007-01,2022-12,2023-01,2025-12,192,36,26424,silhouette_is,5,legacy,proportional,A_hrp,25,0,0,25,0.2711651777080313,-0.2381789096025987,1.2875447222827454,0.1671182431337379,-0.13546562578522658,1.3602681338326321,4.630289032722424,5,0.4
TW,D,anchored,5,5,96,24,2007-01,2022-12,2023-01,2025-12,192,36,26424,silhouette_is,5,legacy,proportional,D_top_cagr,25,0,0,25,0.37974722083749035,-0.3499268128001054,0.5897933642301987,0.15908290797349323,-0.15763745740207402,1.2488732822427344,2.866114579389835,4,0.64
TW,D,anchored,5,5,96,24,2007-01,2022-12,2023-01,2025-12,192,36,26424,silhouette_is,5,legacy,proportional,E_top_calmar,25,0,0,25,0.3303984543756795,-0.24414640990556347,0.8975699560214672,0.1652281179249322,-0.15327815102997433,1.2985776823422706,3.000888241170659,3,0.44
TW,D,anchored,5,5,96,24,2007-01,2022-12,2023-01,2025-12,192,36,26424,silhouette_is,5,0.01,equal,A_hrp,264,0,85,264,0.2439479361778616,-0.39622898924590955,1.040320859314101,0.14215168166361414,-0.14086896629752244,1.1162598726165107,5.061704020154374,5,0.20075757575757575
TW,D,anchored,5,5,96,24,2007-01,2022-12,2023-01,2025-12,192,36,26424,silhouette_is,5,0.01,equal,D_top_cagr,264,0,0,264,0.2908685487835758,-0.43119019792434166,1.0575836142786352,0.16306018259106958,-0.14090583553468838,1.3011899854655784,3.916390499244925,5,0.3181818181818182
TW,D,anchored,5,5,96,24,2007-01,2022-12,2023-01,2025-12,192,36,26424,silhouette_is,5,0.01,equal,E_top_calmar,264,0,0,264,0.26368051454150154,-0.30000735896089925,1.1332125484596238,0.15577381224268172,-0.13209980667396093,1.2746975738642115,3.7997780576743025,5,0.5227272727272727
TW,D,anchored,5,5,96,24,2007-01,2022-12,2023-01,2025-12,192,36,26424,silhouette_is,5,0.01,proportional,A_hrp,264,0,3,264,0.20902755146716778,-0.3813866009641902,1.0550187775864373,0.14088151054434506,-0.13535843662073266,1.1252327863801284,5.5790427181309665,5,0.42045454545454547
TW,D,anchored,5,5,96,24,2007-01,2022-12,2023-01,2025-12,192,36,26424,silhouette_is,5,0.01,proportional,D_top_cagr,264,0,0,264,0.2908685487835758,-0.43119019792434166,1.0575836142786352,0.16306018259106958,-0.14090583553468838,1.3011899854655784,3.916390499244925,5,0.3181818181818182
TW,D,anchored,5,5,96,24,2007-01,2022-12,2023-01,2025-12,192,36,26424,silhouette_is,5,0.01,proportional,E_top_calmar,264,0,0,264,0.26368051454150154,-0.30000735896089925,1.1332125484596238,0.15577381224268172,-0.13209980667396093,1.2746975738642115,3.7997780576743025,5,0.5227272727272727
TW,D,anchored,5,5,96,24,2007-01,2022-12,2023-01,2025-12,192,36,26424,silhouette_is,5,0.03,equal,A_hrp,793,0,352,793,0.21124305500427765,-0.4589694616825861,0.986373474273963,0.14201217123367882,-0.1411474100614435,1.109441896445832,,5,0.2005044136191677
TW,D,anchored,5,5,96,24,2007-01,2022-12,2023-01,2025-12,192,36,26424,silhouette_is,5,0.03,equal,D_top_cagr,793,0,0,793,0.2506683217546233,-0.47185743763667265,1.0842121697773717,0.1554446588846321,-0.1432485050618677,1.229553084375916,,5,0.3619167717528373
TW,D,anchored,5,5,96,24,2007-01,2022-12,2023-01,2025-12,192,36,26424,silhouette_is,5,0.03,equal,E_top_calmar,793,0,0,793,0.2336868928040705,-0.37982974015102056,1.1007825570127576,0.14997490898465626,-0.1354304246135637,1.2034206442204367,,5,0.4451450189155107
TW,D,anchored,5,5,96,24,2007-01,2022-12,2023-01,2025-12,192,36,26424,silhouette_is,5,0.03,proportional,A_hrp,793,0,55,793,0.1781145140664684,-0.4685180947886567,0.9139730851158018,0.12933836315750247,-0.13725435261509134,1.0612289883920252,,5,0.41992433795712486
TW,D,anchored,5,5,96,24,2007-01,2022-12,2023-01,2025-12,192,36,26424,silhouette_is,5,0.03,proportional,D_top_cagr,793,0,0,793,0.2506683217546233,-0.47185743763667265,1.0842121697773717,0.1554446588846321,-0.1432485050618677,1.229553084375916,,5,0.3619167717528373
TW,D,anchored,5,5,96,24,2007-01,2022-12,2023-01,2025-12,192,36,26424,silhouette_is,5,0.03,proportional,E_top_calmar,793,0,0,793,0.2336868928040705,-0.37982974015102056,1.1007825570127576,0.14997490898465626,-0.1354304246135637,1.2034206442204367,,5,0.4451450189155107
TW,D,anchored,5,5,96,24,2007-01,2022-12,2023-01,2025-12,192,36,26424,silhouette_is,5,0.05,equal,A_hrp,1321,0,669,1321,0.19592165825285934,-0.4830718247335173,0.9388452744809906,0.13976639051137996,-0.14091509923817003,1.0942168329417075,,5,0.20060560181680545
TW,D,anchored,5,5,96,24,2007-01,2022-12,2023-01,2025-12,192,36,26424,silhouette_is,5,0.05,equal,D_top_cagr,1321,0,0,1321,0.23468921146289246,-0.4818976093771875,1.0503819806751957,0.15478715181737157,-0.14137949072915257,1.2186533303766973,,5,0.37017411052233157
TW,D,anchored,5,5,96,24,2007-01,2022-12,2023-01,2025-12,192,36,26424,silhouette_is,5,0.05,equal,E_top_calmar,1321,0,0,1321,0.22087840647378698,-0.4098779278994191,1.0600964205666563,0.14739109194559763,-0.1360094986323208,1.1772249370962689,,5,0.39666919000757
TW,D,anchored,5,5,96,24,2007-01,2022-12,2023-01,2025-12,192,36,26424,silhouette_is,5,0.05,proportional,A_hrp,1321,0,355,1321,0.1778381214041811,-0.47271649649381375,0.9008126092577567,0.13326036403705377,-0.13712679862158383,1.0876909823512528,,5,0.4201362604087812
TW,D,anchored,5,5,96,24,2007-01,2022-12,2023-01,2025-12,192,36,26424,silhouette_is,5,0.05,proportional,D_top_cagr,1321,0,0,1321,0.23468921146289246,-0.4818976093771875,1.0503819806751957,0.15478715181737157,-0.14137949072915257,1.2186533303766973,,5,0.37017411052233157
TW,D,anchored,5,5,96,24,2007-01,2022-12,2023-01,2025-12,192,36,26424,silhouette_is,5,0.05,proportional,E_top_calmar,1321,0,0,1321,0.22087840647378698,-0.4098779278994191,1.0600964205666563,0.14739109194559763,-0.1360094986323208,1.1772249370962689,,5,0.39666919000757
TW,D,anchored,5,5,96,24,2007-01,2022-12,2023-01,2025-12,192,36,26424,silhouette_is,5,0.1,equal,A_hrp,2642,1,1695,2642,0.1806936077890029,-0.5038794678107453,0.8881811020058946,0.13777107841456782,-0.14073244538482765,1.0867692082342035,,5,0.2028766086298259
TW,D,anchored,5,5,96,24,2007-01,2022-12,2023-01,2025-12,192,36,26424,silhouette_is,5,0.1,equal,D_top_cagr,2642,1,0,2642,0.21289519669405288,-0.4975255282396035,0.9914494861958753,0.15231062617390068,-0.13979152366883385,1.1947858181600324,,5,0.36828160484481454
TW,D,anchored,5,5,96,24,2007-01,2022-12,2023-01,2025-12,192,36,26424,silhouette_is,5,0.1,equal,E_top_calmar,2642,1,0,2642,0.20401768979426493,-0.4433226281366396,0.9962674620873069,0.1446818356327162,-0.13636130142403002,1.1468242506317103,,5,0.39288417865253594
TW,D,anchored,5,5,96,24,2007-01,2022-12,2023-01,2025-12,192,36,26424,silhouette_is,5,0.1,proportional,A_hrp,2642,0,1651,2642,0.1883719130180852,-0.4655257834504335,0.9381654197735101,0.13890659485317158,-0.13652983673849128,1.114638788900369,,5,0.4201362604087812
TW,D,anchored,5,5,96,24,2007-01,2022-12,2023-01,2025-12,192,36,26424,silhouette_is,5,0.1,proportional,D_top_cagr,2642,0,0,2642,0.21289519669405288,-0.4975255282396035,0.9914494861958753,0.15231062617390068,-0.13979152366883385,1.1947858181600324,,5,0.36828160484481454
TW,D,anchored,5,5,96,24,2007-01,2022-12,2023-01,2025-12,192,36,26424,silhouette_is,5,0.1,proportional,E_top_calmar,2642,0,0,2642,0.20401768979426493,-0.4433226281366396,0.9962674620873069,0.1446818356327162,-0.13636130142403002,1.1468242506317103,,5,0.39288417865253594
TW,E,anchored,1,4,96,36,2007-01,2014-12,2015-01,2017-12,96,36,26424,fixed,6,all,unallocated,B_all,26424,0,0,26424,0.13320555144019197,-0.5484999555627641,0.6331022388862824,0.10917287592304592,-0.1822593583971538,1.0250949183865092,,6,0.6510747805025734
TW,E,anchored,1,4,96,36,2007-01,2014-12,2015-01,2017-12,96,36,26424,fixed,6,legacy,equal,A_hrp,30,0,0,30,0.3419798336193567,-0.30629379844575133,1.2874893828506837,0.14225291058093492,-0.1649342082461096,1.3491847148447347,5.569720757358296,6,0.16666666666666666
TW,E,anchored,1,4,96,36,2007-01,2014-12,2015-01,2017-12,96,36,26424,fixed,6,legacy,equal,D_top_cagr,30,0,0,30,0.5067183645077538,-0.4064495053806666,0.5698963108244566,0.1698992249622686,-0.19178490368929635,1.4851976827128608,3.3858799314706944,2,0.8666666666666667
TW,E,anchored,1,4,96,36,2007-01,2014-12,2015-01,2017-12,96,36,26424,fixed,6,legacy,equal,E_top_calmar,30,0,0,30,0.47661578535396276,-0.26379001515701195,0.8411699864925692,0.14183499054875792,-0.18453328780610856,1.3147266486604912,4.09449504911119,4,0.3333333333333333
TW,E,anchored,1,4,96,36,2007-01,2014-12,2015-01,2017-12,96,36,26424,fixed,6,legacy,proportional,A_hrp,30,0,0,30,0.3393221337353145,-0.2513957243373275,1.3634468591412556,0.13211844258730676,-0.17968525756227316,1.2550964459052287,4.943190893939268,6,0.6666666666666666
TW,E,anchored,1,4,96,36,2007-01,2014-12,2015-01,2017-12,96,36,26424,fixed,6,legacy,proportional,D_top_cagr,30,0,0,30,0.5067183645077538,-0.4064495053806666,0.5698963108244566,0.1698992249622686,-0.19178490368929635,1.4851976827128608,3.3858799314706944,2,0.8666666666666667
TW,E,anchored,1,4,96,36,2007-01,2014-12,2015-01,2017-12,96,36,26424,fixed,6,legacy,proportional,E_top_calmar,30,0,0,30,0.47661578535396276,-0.26379001515701195,0.8411699864925692,0.14183499054875792,-0.18453328780610856,1.3147266486604912,4.09449504911119,4,0.3333333333333333
TW,E,anchored,1,4,96,36,2007-01,2014-12,2015-01,2017-12,96,36,26424,fixed,6,0.01,equal,A_hrp,264,0,91,264,0.30443024735600854,-0.39359784644658347,1.0705959581773707,0.1352583079840335,-0.16225240464167334,1.274326949060054,6.458363019400324,6,0.16666666666666666
TW,E,anchored,1,4,96,36,2007-01,2014-12,2015-01,2017-12,96,36,26424,fixed,6,0.01,equal,D_top_cagr,264,0,0,264,0.3880819582904689,-0.41303264466521905,1.0469836019132077,0.15062858091063247,-0.17190395325011598,1.3762041934967575,5.305641100940955,6,0.32575757575757575
TW,E,anchored,1,4,96,36,2007-01,2014-12,2015-01,2017-12,96,36,26424,fixed,6,0.01,equal,E_top_calmar,264,0,0,264,0.34890837694144405,-0.3038134738193121,1.1347577552556751,0.13777734007185494,-0.17219482338006253,1.319174523282779,4.982609133502246,6,0.3181818181818182
TW,E,anchored,1,4,96,36,2007-01,2014-12,2015-01,2017-12,96,36,26424,fixed,6,0.01,proportional,A_hrp,264,0,2,264,0.2562311430893929,-0.3849365115472788,1.0665406042621866,0.11737801936926573,-0.17403578446786905,1.118490221602011,6.360476880544411,6,0.6515151515151515
TW,E,anchored,1,4,96,36,2007-01,2014-12,2015-01,2017-12,96,36,26424,fixed,6,0.01,proportional,D_top_cagr,264,0,0,264,0.3880819582904689,-0.41303264466521905,1.0469836019132077,0.15062858091063247,-0.17190395325011598,1.3762041934967575,5.305641100940955,6,0.32575757575757575
TW,E,anchored,1,4,96,36,2007-01,2014-12,2015-01,2017-12,96,36,26424,fixed,6,0.01,proportional,E_top_calmar,264,0,0,264,0.34890837694144405,-0.3038134738193121,1.1347577552556751,0.13777734007185494,-0.17219482338006253,1.319174523282779,4.982609133502246,6,0.3181818181818182
TW,E,anchored,1,4,96,36,2007-01,2014-12,2015-01,2017-12,96,36,26424,fixed,6,0.03,equal,A_hrp,793,0,467,793,0.2704352216845207,-0.42883890375094014,1.0354722889676555,0.1270986053885228,-0.1672546469399837,1.18918609149016,,6,0.1677175283732661
TW,E,anchored,1,4,96,36,2007-01,2014-12,2015-01,2017-12,96,36,26424,fixed,6,0.03,equal,D_top_cagr,793,0,0,793,0.3127315765339862,-0.4465378204479574,1.0891343364488904,0.1451507737018376,-0.1745363860719974,1.3099994485018167,,6,0.3619167717528373
TW,E,anchored,1,4,96,36,2007-01,2014-12,2015-01,2017-12,96,36,26424,fixed,6,0.03,equal,E_top_calmar,793,0,0,793,0.29272765799271827,-0.36805748192778875,1.1255560438375312,0.13293814773106694,-0.17028553306745975,1.2600387140378806,,6,0.3656998738965952
TW,E,anchored,1,4,96,36,2007-01,2014-12,2015-01,2017-12,96,36,26424,fixed,6,0.03,proportional,A_hrp,793,0,84,793,0.21440241026610796,-0.4348264351442026,0.9324935737218747,0.1059490747036056,-0.17437530864837236,1.0317664049451043,,6,0.6506935687263556
TW,E,anchored,1,4,96,36,2007-01,2014-12,2015-01,2017-12,96,36,26424,fixed,6,0.03,proportional,D_top_cagr,793,0,0,793,0.3127315765339862,-0.4465378204479574,1.0891343364488904,0.1451507737018376,-0.1745363860719974,1.3099994485018167,,6,0.3619167717528373
TW,E,anchored,1,4,96,36,2007-01,2014-12,2015-01,2017-12,96,36,26424,fixed,6,0.03,proportional,E_top_calmar,793,0,0,793,0.29272765799271827,-0.36805748192778875,1.1255560438375312,0.13293814773106694,-0.17028553306745975,1.2600387140378806,,6,0.3656998738965952
TW,E,anchored,1,4,96,36,2007-01,2014-12,2015-01,2017-12,96,36,26424,fixed,6,0.05,equal,A_hrp,1321,0,907,1321,0.2523618276491202,-0.4382551497678725,1.0052482801901939,0.1272692364507031,-0.16609945651369284,1.1884120459268015,,6,0.16729750189250567
TW,E,anchored,1,4,96,36,2007-01,2014-12,2015-01,2017-12,96,36,26424,fixed,6,0.05,equal,D_top_cagr,1321,0,0,1321,0.2826719187385467,-0.4592768408516006,1.054299335791993,0.1418765661032464,-0.17537312533622484,1.2834130143981828,,6,0.39212717638152916
TW,E,anchored,1,4,96,36,2007-01,2014-12,2015-01,2017-12,96,36,26424,fixed,6,0.05,equal,E_top_calmar,1321,0,0,1321,0.268310958160177,-0.4002849849358051,1.0775711856222838,0.13233372371633068,-0.1733619936170886,1.2381390603757283,,6,0.42694928084784256
TW,E,anchored,1,4,96,36,2007-01,2014-12,2015-01,2017-12,96,36,26424,fixed,6,0.05,proportional,A_hrp,1321,0,268,1321,0.19578500118704545,-0.45955170030323145,0.8658624256706178,0.10340946118373284,-0.17488324064826544,1.0007833194766775,,6,0.6510219530658592
TW,E,anchored,1,4,96,36,2007-01,2014-12,2015-01,2017-12,96,36,26424,fixed,6,0.05,proportional,D_top_cagr,1321,0,0,1321,0.2826719187385467,-0.4592768408516006,1.054299335791993,0.1418765661032464,-0.17537312533622484,1.2834130143981828,,6,0.39212717638152916
TW,E,anchored,1,4,96,36,2007-01,2014-12,2015-01,2017-12,96,36,26424,fixed,6,0.05,proportional,E_top_calmar,1321,0,0,1321,0.268310958160177,-0.4002849849358051,1.0775711856222838,0.13233372371633068,-0.1733619936170886,1.2381390603757283,,6,0.42694928084784256
TW,E,anchored,1,4,96,36,2007-01,2014-12,2015-01,2017-12,96,36,26424,fixed,6,0.1,equal,A_hrp,2642,0,2008,2642,0.22122039563472407,-0.4688789463552724,0.9225652830297225,0.12334035065637017,-0.16637651624348948,1.1556274315463644,,6,0.16691900075700228
TW,E,anchored,1,4,96,36,2007-01,2014-12,2015-01,2017-12,96,36,26424,fixed,6,0.1,equal,D_top_cagr,2642,0,0,2642,0.24655407567149257,-0.47789097502374167,0.9828142649015814,0.14057260587734288,-0.17526493173321556,1.2727884988618527,,6,0.443224829674489
TW,E,anchored,1,4,96,36,2007-01,2014-12,2015-01,2017-12,96,36,26424,fixed,6,0.1,equal,E_top_calmar,2642,0,0,2642,0.23769780264695894,-0.4346923372911303,0.9935526518094399,0.13185166331108045,-0.1743354384195157,1.2269249917760194,,6,0.47918243754731266
TW,E,anchored,1,4,96,36,2007-01,2014-12,2015-01,2017-12,96,36,26424,fixed,6,0.1,proportional,A_hrp,2642,0,1491,2642,0.20680440563803493,-0.4546615886421871,0.9013633509146164,0.11807235153038409,-0.1750070849955604,1.1169098012712295,,6,0.6510219530658592
TW,E,anchored,1,4,96,36,2007-01,2014-12,2015-01,2017-12,96,36,26424,fixed,6,0.1,proportional,D_top_cagr,2642,0,0,2642,0.24655407567149257,-0.47789097502374167,0.9828142649015814,0.14057260587734288,-0.17526493173321556,1.2727884988618527,,6,0.443224829674489
TW,E,anchored,1,4,96,36,2007-01,2014-12,2015-01,2017-12,96,36,26424,fixed,6,0.1,proportional,E_top_calmar,2642,0,0,2642,0.23769780264695894,-0.4346923372911303,0.9935526518094399,0.13185166331108045,-0.1743354384195157,1.2269249917760194,,6,0.47918243754731266
TW,E,anchored,1,4,96,36,2007-01,2014-12,2015-01,2017-12,96,36,26424,silhouette_is,12,all,unallocated,B_all,26424,0,0,26424,0.13320555144019197,-0.5484999555627641,0.6331022388862824,0.10917287592304592,-0.1822593583971538,1.0250949183865092,,12,0.30582046624280956
TW,E,anchored,1,4,96,36,2007-01,2014-12,2015-01,2017-12,96,36,26424,silhouette_is,12,legacy,equal,A_hrp,60,0,0,60,0.310024539564111,-0.3059589945085125,1.2430019084260302,0.13188482427290582,-0.16359439361890127,1.2786835833180537,5.883353119786941,12,0.08333333333333333
TW,E,anchored,1,4,96,36,2007-01,2014-12,2015-01,2017-12,96,36,26424,silhouette_is,12,legacy,equal,D_top_cagr,60,0,0,60,0.48948530656144107,-0.4030552899043848,0.7425948343823082,0.164596540679544,-0.18252703131678272,1.4774178398110411,4.370437246957431,7,0.6166666666666667
TW,E,anchored,1,4,96,36,2007-01,2014-12,2015-01,2017-12,96,36,26424,silhouette_is,12,legacy,equal,E_top_calmar,60,0,0,60,0.4260089140417431,-0.2717155862959083,0.9709701667427506,0.1375149399146307,-0.177314744436057,1.3146432945779598,4.313135588630962,8,0.31666666666666665
TW,E,anchored,1,4,96,36,2007-01,2014-12,2015-01,2017-12,96,36,26424,silhouette_is,12,legacy,proportional,A_hrp,60,0,0,60,0.2984166109957571,-0.3144219028827673,1.2350239622207233,0.1374767874481424,-0.16501718587347425,1.3494589950219182,5.33775108326093,12,0.3
TW,E,anchored,1,4,96,36,2007-01,2014-12,2015-01,2017-12,96,36,26424,silhouette_is,12,legacy,proportional,D_top_cagr,60,0,0,60,0.48948530656144107,-0.4030552899043848,0.7425948343823082,0.164596540679544,-0.18252703131678272,1.4774178398110411,4.370437246957431,7,0.6166666666666667
TW,E,anchored,1,4,96,36,2007-01,2014-12,2015-01,2017-12,96,36,26424,silhouette_is,12,legacy,proportional,E_top_calmar,60,0,0,60,0.4260089140417431,-0.2717155862959083,0.9709701667427506,0.1375149399146307,-0.177314744436057,1.3146432945779598,4.313135588630962,8,0.31666666666666665
TW,E,anchored,1,4,96,36,2007-01,2014-12,2015-01,2017-12,96,36,26424,silhouette_is,12,0.01,equal,A_hrp,264,0,17,264,0.26862031729681335,-0.39910795342027594,1.0852544415296157,0.1283822563335122,-0.16799810393570835,1.2189046245709643,6.6164293641684555,12,0.08333333333333333
TW,E,anchored,1,4,96,36,2007-01,2014-12,2015-01,2017-12,96,36,26424,silhouette_is,12,0.01,equal,D_top_cagr,264,0,0,264,0.3880819582904689,-0.41303264466521905,1.0469836019132077,0.15062858091063247,-0.17190395325011598,1.3762041934967575,5.305641100940955,12,0.32575757575757575
TW,E,anchored,1,4,96,36,2007-01,2014-12,2015-01,2017-12,96,36,26424,silhouette_is,12,0.01,equal,E_top_calmar,264,0,0,264,0.34890837694144405,-0.3038134738193121,1.1347577552556751,0.13777734007185494,-0.17219482338006253,1.319174523282779,4.982609133502246,11,0.25
TW,E,anchored,1,4,96,36,2007-01,2014-12,2015-01,2017-12,96,36,26424,silhouette_is,12,0.01,proportional,A_hrp,264,0,2,264,0.2502176864610641,-0.3866458841951732,1.0692245244742147,0.12751566787414315,-0.1698163262466318,1.2248033624416876,5.974085253107047,12,0.3068181818181818
TW,E,anchored,1,4,96,36,2007-01,2014-12,2015-01,2017-12,96,36,26424,silhouette_is,12,0.01,proportional,D_top_cagr,264,0,0,264,0.3880819582904689,-0.41303264466521905,1.0469836019132077,0.15062858091063247,-0.17190395325011598,1.3762041934967575,5.305641100940955,12,0.32575757575757575
TW,E,anchored,1,4,96,36,2007-01,2014-12,2015-01,2017-12,96,36,26424,silhouette_is,12,0.01,proportional,E_top_calmar,264,0,0,264,0.34890837694144405,-0.3038134738193121,1.1347577552556751,0.13777734007185494,-0.17219482338006253,1.319174523282779,4.982609133502246,11,0.25
TW,E,anchored,1,4,96,36,2007-01,2014-12,2015-01,2017-12,96,36,26424,silhouette_is,12,0.03,equal,A_hrp,793,0,285,793,0.2524855371222203,-0.41662121330178903,1.0337345741811892,0.12601161231600044,-0.1679665111391686,1.1954331492574892,,12,0.08448928121059268
TW,E,anchored,1,4,96,36,2007-01,2014-12,2015-01,2017-12,96,36,26424,silhouette_is,12,0.03,equal,D_top_cagr,793,0,0,793,0.3127315765339862,-0.4465378204479574,1.0891343364488904,0.1451507737018376,-0.1745363860719974,1.3099994485018167,,12,0.223203026481715
TW,E,anchored,1,4,96,36,2007-01,2014-12,2015-01,2017-12,96,36,26424,silhouette_is,12,0.03,equal,E_top_calmar,793,0,0,793,0.29272765799271827,-0.36805748192778875,1.1255560438375312,0.13293814773106694,-0.17028553306745975,1.2600387140378806,,12,0.18158890290037832
TW,E,anchored,1,4,96,36,2007-01,2014-12,2015-01,2017-12,96,36,26424,silhouette_is,12,0.03,proportional,A_hrp,793,0,35,793,0.20495313393000192,-0.45552016039933496,0.9117148133954686,0.11348345246419433,-0.17544302690576485,1.0915731455928308,,12,0.3064312736443884
TW,E,anchored,1,4,96,36,2007-01,2014-12,2015-01,2017-12,96,36,26424,silhouette_is,12,0.03,proportional,D_top_cagr,793,0,0,793,0.3127315765339862,-0.4465378204479574,1.0891343364488904,0.1451507737018376,-0.1745363860719974,1.3099994485018167,,12,0.223203026481715
TW,E,anchored,1,4,96,36,2007-01,2014-12,2015-01,2017-12,96,36,26424,silhouette_is,12,0.03,proportional,E_top_calmar,793,0,0,793,0.29272765799271827,-0.36805748192778875,1.1255560438375312,0.13293814773106694,-0.17028553306745975,1.2600387140378806,,12,0.18158890290037832
TW,E,anchored,1,4,96,36,2007-01,2014-12,2015-01,2017-12,96,36,26424,silhouette_is,12,0.05,equal,A_hrp,1321,0,661,1321,0.24142856867833418,-0.43402654089257353,0.9960178418559996,0.1248629017380054,-0.1685027773450749,1.1826353911598027,,12,0.08402725208175625
TW,E,anchored,1,4,96,36,2007-01,2014-12,2015-01,2017-12,96,36,26424,silhouette_is,12,0.05,equal,D_top_cagr,1321,0,0,1321,0.2826719187385467,-0.4592768408516006,1.054299335791993,0.1418765661032464,-0.17537312533622484,1.2834130143981828,,12,0.18395155185465556
TW,E,anchored,1,4,96,36,2007-01,2014-12,2015-01,2017-12,96,36,26424,silhouette_is,12,0.05,equal,E_top_calmar,1321,0,0,1321,0.268310958160177,-0.4002849849358051,1.0775711856222838,0.13233372371633068,-0.1733619936170886,1.2381390603757283,,12,0.15518546555639667
TW,E,anchored,1,4,96,36,2007-01,2014-12,2015-01,2017-12,96,36,26424,silhouette_is,12,0.05,proportional,A_hrp,1321,0,229,1321,0.19549386414005032,-0.47381248996241376,0.8669940572693722,0.1100086447849975,-0.17838000375354546,1.0478333599357035,,12,0.30582891748675245
TW,E,anchored,1,4,96,36,2007-01,2014-12,2015-01,2017-12,96,36,26424,silhouette_is,12,0.05,proportional,D_top_cagr,1321,0,0,1321,0.2826719187385467,-0.4592768408516006,1.054299335791993,0.1418765661032464,-0.17537312533622484,1.2834130143981828,,12,0.18395155185465556
TW,E,anchored,1,4,96,36,2007-01,2014-12,2015-01,2017-12,96,36,26424,silhouette_is,12,0.05,proportional,E_top_calmar,1321,0,0,1321,0.268310958160177,-0.4002849849358051,1.0775711856222838,0.13233372371633068,-0.1733619936170886,1.2381390603757283,,12,0.15518546555639667
TW,E,anchored,1,4,96,36,2007-01,2014-12,2015-01,2017-12,96,36,26424,silhouette_is,12,0.1,equal,A_hrp,2642,0,1693,2642,0.21979497324307373,-0.46280960871738963,0.9274389455481999,0.12360272491151814,-0.16953812183381933,1.1623544792219984,,12,0.08364875094625283
TW,E,anchored,1,4,96,36,2007-01,2014-12,2015-01,2017-12,96,36,26424,silhouette_is,12,0.1,equal,D_top_cagr,2642,0,0,2642,0.24655407567149257,-0.47789097502374167,0.9828142649015814,0.14057260587734288,-0.17526493173321556,1.2727884988618527,,12,0.17146101438304315
TW,E,anchored,1,4,96,36,2007-01,2014-12,2015-01,2017-12,96,36,26424,silhouette_is,12,0.1,equal,E_top_calmar,2642,0,0,2642,0.23769780264695894,-0.4346923372911303,0.9935526518094399,0.13185166331108045,-0.1743354384195157,1.2269249917760194,,12,0.1737320211960636
TW,E,anchored,1,4,96,36,2007-01,2014-12,2015-01,2017-12,96,36,26424,silhouette_is,12,0.1,proportional,A_hrp,2642,0,1399,2642,0.20230542525849127,-0.46451249474167267,0.8900602368172235,0.12013992435433662,-0.1735409737109732,1.1405260148376437,,12,0.30582891748675245
TW,E,anchored,1,4,96,36,2007-01,2014-12,2015-01,2017-12,96,36,26424,silhouette_is,12,0.1,proportional,D_top_cagr,2642,0,0,2642,0.24655407567149257,-0.47789097502374167,0.9828142649015814,0.14057260587734288,-0.17526493173321556,1.2727884988618527,,12,0.17146101438304315
TW,E,anchored,1,4,96,36,2007-01,2014-12,2015-01,2017-12,96,36,26424,silhouette_is,12,0.1,proportional,E_top_calmar,2642,0,0,2642,0.23769780264695894,-0.4346923372911303,0.9935526518094399,0.13185166331108045,-0.1743354384195157,1.2269249917760194,,12,0.1737320211960636
TW,E,anchored,2,4,96,36,2007-01,2017-12,2018-01,2020-12,132,36,26424,fixed,6,all,unallocated,B_all,26424,0,0,26424,0.1266000125845712,-0.5484999555627641,0.659200516673086,0.1670374987100356,-0.1939917099299059,0.9539273067365578,,6,0.5790569179533758
TW,E,anchored,2,4,96,36,2007-01,2017-12,2018-01,2020-12,132,36,26424,fixed,6,legacy,equal,A_hrp,30,0,1,30,0.29765116934426183,-0.26089071534799135,1.2850846643924803,0.20639643887511916,-0.17313425297071872,1.1688233378463986,2.878632396252277,6,0.16666666666666666
TW,E,anchored,2,4,96,36,2007-01,2017-12,2018-01,2020-12,132,36,26424,fixed,6,legacy,equal,D_top_cagr,30,0,0,30,0.4286073048211825,-0.3943536437933248,0.5988423035707676,0.2419736485271191,-0.21878483764187162,1.1863987379071201,2.466268342911019,4,0.6666666666666666
TW,E,anchored,2,4,96,36,2007-01,2017-12,2018-01,2020-12,132,36,26424,fixed,6,legacy,equal,E_top_calmar,30,0,0,30,0.3859754017313981,-0.27095606768131986,0.7972555348246807,0.2292541499471823,-0.1895168435836434,1.2001010092140707,2.5336540999741426,5,0.43333333333333335
TW,E,anchored,2,4,96,36,2007-01,2017-12,2018-01,2020-12,132,36,26424,fixed,6,legacy,proportional,A_hrp,30,0,0,30,0.28919486912475767,-0.24964732564150915,1.3073097501677613,0.19262162813361083,-0.1904453231202401,1.0948209448763546,2.545006046914196,6,0.5666666666666667
TW,E,anchored,2,4,96,36,2007-01,2017-12,2018-01,2020-12,132,36,26424,fixed,6,legacy,proportional,D_top_cagr,30,0,0,30,0.4286073048211825,-0.3943536437933248,0.5988423035707676,0.2419736485271191,-0.21878483764187162,1.1863987379071201,2.466268342911019,4,0.6666666666666666
TW,E,anchored,2,4,96,36,2007-01,2017-12,2018-01,2020-12,132,36,26424,fixed,6,legacy,proportional,E_top_calmar,30,0,0,30,0.3859754017313981,-0.27095606768131986,0.7972555348246807,0.2292541499471823,-0.1895168435836434,1.2001010092140707,2.5336540999741426,5,0.43333333333333335
TW,E,anchored,2,4,96,36,2007-01,2017-12,2018-01,2020-12,132,36,26424,fixed,6,0.01,equal,A_hrp,264,0,87,264,0.270922325683437,-0.4025140852043131,1.0787781576658078,0.19850797921240737,-0.17863245805726713,1.133544886342713,3.294588005904476,6,0.16666666666666666
TW,E,anchored,2,4,96,36,2007-01,2017-12,2018-01,2020-12,132,36,26424,fixed,6,0.01,equal,D_top_cagr,264,0,0,264,0.3254942581371849,-0.4253629189628402,1.034806715059829,0.21546289621949133,-0.19257863367365702,1.187505215300277,3.0032459305518455,6,0.2916666666666667
TW,E,anchored,2,4,96,36,2007-01,2017-12,2018-01,2020-12,132,36,26424,fixed,6,0.01,equal,E_top_calmar,264,0,0,264,0.2935565010020975,-0.306317168017033,1.1156753319001218,0.21134399857225028,-0.1952330542656211,1.1650703952324022,2.7857662912631405,6,0.2878787878787879
TW,E,anchored,2,4,96,36,2007-01,2017-12,2018-01,2020-12,132,36,26424,fixed,6,0.01,proportional,A_hrp,264,0,4,264,0.22808766655103252,-0.38380170169583094,1.0721797220176335,0.19174361619659352,-0.19533414447170794,1.0813848312105716,3.189724312306403,6,0.5795454545454546
TW,E,anchored,2,4,96,36,2007-01,2017-12,2018-01,2020-12,132,36,26424,fixed,6,0.01,proportional,D_top_cagr,264,0,0,264,0.3254942581371849,-0.4253629189628402,1.034806715059829,0.21546289621949133,-0.19257863367365702,1.187505215300277,3.0032459305518455,6,0.2916666666666667
TW,E,anchored,2,4,96,36,2007-01,2017-12,2018-01,2020-12,132,36,26424,fixed,6,0.01,proportional,E_top_calmar,264,0,0,264,0.2935565010020975,-0.306317168017033,1.1156753319001218,0.21134399857225028,-0.1952330542656211,1.1650703952324022,2.7857662912631405,6,0.2878787878787879
TW,E,anchored,2,4,96,36,2007-01,2017-12,2018-01,2020-12,132,36,26424,fixed,6,0.03,equal,A_hrp,793,0,416,793,0.23403863840756212,-0.4354333261140465,1.0145184408352312,0.1928676328851624,-0.18257616209318162,1.1003041523583212,,6,0.1677175283732661
TW,E,anchored,2,4,96,36,2007-01,2017-12,2018-01,2020-12,132,36,26424,fixed,6,0.03,equal,D_top_cagr,793,0,0,793,0.2697268743379675,-0.4646602623790631,1.077968665003006,0.2114204655195413,-0.19616170116377307,1.1650716060653858,,6,0.3203026481715006
TW,E,anchored,2,4,96,36,2007-01,2017-12,2018-01,2020-12,132,36,26424,fixed,6,0.03,equal,E_top_calmar,793,0,0,793,0.2500201652306575,-0.37370585514613464,1.1147702199990634,0.20490137681337162,-0.19402818436660862,1.1395994082282561,,6,0.35687263556116017
TW,E,anchored,2,4,96,36,2007-01,2017-12,2018-01,2020-12,132,36,26424,fixed,6,0.03,proportional,A_hrp,793,0,86,793,0.18766995096099026,-0.4507748282140387,0.9208511642237782,0.17713708881651247,-0.1905935654738944,1.0240522087334372,,6,0.5788146279949559
TW,E,anchored,2,4,96,36,2007-01,2017-12,2018-01,2020-12,132,36,26424,fixed,6,0.03,proportional,D_top_cagr,793,0,0,793,0.2697268743379675,-0.4646602623790631,1.077968665003006,0.2114204655195413,-0.19616170116377307,1.1650716060653858,,6,0.3203026481715006
TW,E,anchored,2,4,96,36,2007-01,2017-12,2018-01,2020-12,132,36,26424,fixed,6,0.03,proportional,E_top_calmar,793,0,0,793,0.2500201652306575,-0.37370585514613464,1.1147702199990634,0.20490137681337162,-0.19402818436660862,1.1395994082282561,,6,0.35687263556116017
TW,E,anchored,2,4,96,36,2007-01,2017-12,2018-01,2020-12,132,36,26424,fixed,6,0.05,equal,A_hrp,1321,0,840,1321,0.2194220848679549,-0.4492050163964437,0.983593215317801,0.18915573643529204,-0.1843109179037119,1.0830226979267554,,6,0.16729750189250567
TW,E,anchored,2,4,96,36,2007-01,2017-12,2018-01,2020-12,132,36,26424,fixed,6,0.05,equal,D_top_cagr,1321,0,0,1321,0.2477185181650443,-0.47757290062959257,1.0483189349354558,0.20927574463268517,-0.19646900073083173,1.1513863139907903,,6,0.38152914458743376
TW,E,anchored,2,4,96,36,2007-01,2017-12,2018-01,2020-12,132,36,26424,fixed,6,0.05,equal,E_top_calmar,1321,0,0,1321,0.23348671480166328,-0.4073616785228661,1.0709027797614337,0.20392559562808654,-0.19638427833337135,1.1303525725686274,,6,0.4118092354277063
TW,E,anchored,2,4,96,36,2007-01,2017-12,2018-01,2020-12,132,36,26424,fixed,6,0.05,proportional,A_hrp,1321,0,297,1321,0.17328629893920433,-0.4736842363903979,0.8612264689321663,0.1762975242075624,-0.19250100492615962,1.0106202028268507,,6,0.579106737320212
TW,E,anchored,2,4,96,36,2007-01,2017-12,2018-01,2020-12,132,36,26424,fixed,6,0.05,proportional,D_top_cagr,1321,0,0,1321,0.2477185181650443,-0.47757290062959257,1.0483189349354558,0.20927574463268517,-0.19646900073083173,1.1513863139907903,,6,0.38152914458743376
TW,E,anchored,2,4,96,36,2007-01,2017-12,2018-01,2020-12,132,36,26424,fixed,6,0.05,proportional,E_top_calmar,1321,0,0,1321,0.23348671480166328,-0.4073616785228661,1.0709027797614337,0.20392559562808654,-0.19638427833337135,1.1303525725686274,,6,0.4118092354277063
TW,E,anchored,2,4,96,36,2007-01,2017-12,2018-01,2020-12,132,36,26424,fixed,6,0.1,equal,A_hrp,2642,1,1924,2642,0.19446800558217503,-0.4789824548244833,0.9130096582634869,0.18466585636366428,-0.1819760936885093,1.0607375615833847,,6,0.17335352006056018
TW,E,anchored,2,4,96,36,2007-01,2017-12,2018-01,2020-12,132,36,26424,fixed,6,0.1,equal,D_top_cagr,2642,1,0,2642,0.22088711997307664,-0.49195532106175344,0.9862561483900852,0.20498945692493264,-0.19648285849526415,1.1269834132151548,,6,0.4519303557910674
TW,E,anchored,2,4,96,36,2007-01,2017-12,2018-01,2020-12,132,36,26424,fixed,6,0.1,equal,E_top_calmar,2642,1,0,2642,0.2121809485470263,-0.4427014050776049,0.9969129592702068,0.20053687966416311,-0.19435820236195311,1.115811470399812,,6,0.46139288417865254
TW,E,anchored,2,4,96,36,2007-01,2017-12,2018-01,2020-12,132,36,26424,fixed,6,0.1,proportional,A_hrp,2642,0,1582,2642,0.18693599138242423,-0.4609096569885607,0.9133757741499642,0.19021928545228994,-0.195033253679202,1.068718098958831,,6,0.579106737320212
TW,E,anchored,2,4,96,36,2007-01,2017-12,2018-01,2020-12,132,36,26424,fixed,6,0.1,proportional,D_top_cagr,2642,0,0,2642,0.22088711997307664,-0.49195532106175344,0.9862561483900852,0.20498945692493264,-0.19648285849526415,1.1269834132151548,,6,0.4519303557910674
TW,E,anchored,2,4,96,36,2007-01,2017-12,2018-01,2020-12,132,36,26424,fixed,6,0.1,proportional,E_top_calmar,2642,0,0,2642,0.2121809485470263,-0.4427014050776049,0.9969129592702068,0.20053687966416311,-0.19435820236195311,1.115811470399812,,6,0.46139288417865254
TW,E,anchored,2,4,96,36,2007-01,2017-12,2018-01,2020-12,132,36,26424,silhouette_is,8,all,unallocated,B_all,26424,0,0,26424,0.1266000125845712,-0.5484999555627641,0.659200516673086,0.1670374987100356,-0.1939917099299059,0.9539273067365578,,8,0.35656978504389947
TW,E,anchored,2,4,96,36,2007-01,2017-12,2018-01,2020-12,132,36,26424,silhouette_is,8,legacy,equal,A_hrp,40,0,1,40,0.2827313914222176,-0.269737308631523,1.2710820962414318,0.19495188748687386,-0.17655336730563176,1.1149882186474338,2.871569343527866,8,0.125
TW,E,anchored,2,4,96,36,2007-01,2017-12,2018-01,2020-12,132,36,26424,silhouette_is,8,legacy,equal,D_top_cagr,40,0,0,40,0.4238238978547686,-0.41071625981975757,0.6664026889590106,0.2340996889046798,-0.2124060849213495,1.200248897797662,2.772135074527206,5,0.6
TW,E,anchored,2,4,96,36,2007-01,2017-12,2018-01,2020-12,132,36,26424,silhouette_is,8,legacy,equal,E_top_calmar,40,0,0,40,0.37443311690452297,-0.26950264953588676,0.855219896655104,0.21876686554577573,-0.1942628687395419,1.1741230759295576,2.4824189194966784,7,0.3
TW,E,anchored,2,4,96,36,2007-01,2017-12,2018-01,2020-12,132,36,26424,silhouette_is,8,legacy,proportional,A_hrp,40,0,0,40,0.2719525125150506,-0.26267231316796913,1.2804424893724753,0.17757422426719782,-0.18500957890254155,1.0306079902818706,2.5603497897551497,8,0.35
TW,E,anchored,2,4,96,36,2007-01,2017-12,2018-01,2020-12,132,36,26424,silhouette_is,8,legacy,proportional,D_top_cagr,40,0,0,40,0.4238238978547686,-0.41071625981975757,0.6664026889590106,0.2340996889046798,-0.2124060849213495,1.200248897797662,2.772135074527206,5,0.6
TW,E,anchored,2,4,96,36,2007-01,2017-12,2018-01,2020-12,132,36,26424,silhouette_is,8,legacy,proportional,E_top_calmar,40,0,0,40,0.37443311690452297,-0.26950264953588676,0.855219896655104,0.21876686554577573,-0.1942628687395419,1.1741230759295576,2.4824189194966784,7,0.3
TW,E,anchored,2,4,96,36,2007-01,2017-12,2018-01,2020-12,132,36,26424,silhouette_is,8,0.01,equal,A_hrp,264,0,54,264,0.2595526271461037,-0.3932454003423963,1.0865039229975624,0.19099522854251605,-0.18737539416661642,1.0858200859963514,3.243178353085054,8,0.125
TW,E,anchored,2,4,96,36,2007-01,2017-12,2018-01,2020-12,132,36,26424,silhouette_is,8,0.01,equal,D_top_cagr,264,0,0,264,0.3254942581371849,-0.4253629189628402,1.034806715059829,0.21546289621949133,-0.19257863367365702,1.187505215300277,3.0032459305518455,8,0.2916666666666667
TW,E,anchored,2,4,96,36,2007-01,2017-12,2018-01,2020-12,132,36,26424,silhouette_is,8,0.01,equal,E_top_calmar,264,0,0,264,0.2935565010020975,-0.306317168017033,1.1156753319001218,0.21134399857225028,-0.1952330542656211,1.1650703952324022,2.7857662912631405,8,0.23863636363636365
TW,E,anchored,2,4,96,36,2007-01,2017-12,2018-01,2020-12,132,36,26424,silhouette_is,8,0.01,proportional,A_hrp,264,0,4,264,0.22309716296754467,-0.3938091404541536,1.0707406755500806,0.18457961704495762,-0.1913210203021979,1.0546781633993838,3.0334650784738417,8,0.3560606060606061
TW,E,anchored,2,4,96,36,2007-01,2017-12,2018-01,2020-12,132,36,26424,silhouette_is,8,0.01,proportional,D_top_cagr,264,0,0,264,0.3254942581371849,-0.4253629189628402,1.034806715059829,0.21546289621949133,-0.19257863367365702,1.187505215300277,3.0032459305518455,8,0.2916666666666667
TW,E,anchored,2,4,96,36,2007-01,2017-12,2018-01,2020-12,132,36,26424,silhouette_is,8,0.01,proportional,E_top_calmar,264,0,0,264,0.2935565010020975,-0.306317168017033,1.1156753319001218,0.21134399857225028,-0.1952330542656211,1.1650703952324022,2.7857662912631405,8,0.23863636363636365
TW,E,anchored,2,4,96,36,2007-01,2017-12,2018-01,2020-12,132,36,26424,silhouette_is,8,0.03,equal,A_hrp,793,0,292,793,0.22321384725140758,-0.44429563475992684,1.0016575430889791,0.1875847082470088,-0.1849988477838238,1.07356012169823,,8,0.12610340479192939
TW,E,anchored,2,4,96,36,2007-01,2017-12,2018-01,2020-12,132,36,26424,silhouette_is,8,0.03,equal,D_top_cagr,793,0,0,793,0.2697268743379675,-0.4646602623790631,1.077968665003006,0.2114204655195413,-0.19616170116377307,1.1650716060653858,,8,0.2698612862547289
TW,E,anchored,2,4,96,36,2007-01,2017-12,2018-01,2020-12,132,36,26424,silhouette_is,8,0.03,equal,E_top_calmar,793,0,0,793,0.2500201652306575,-0.37370585514613464,1.1147702199990634,0.20490137681337162,-0.19402818436660862,1.1395994082282561,,8,0.2509457755359395
TW,E,anchored,2,4,96,36,2007-01,2017-12,2018-01,2020-12,132,36,26424,silhouette_is,8,0.03,proportional,A_hrp,793,0,40,793,0.1807585277521926,-0.472973883150121,0.8940051839006569,0.1753945708481941,-0.190608743922404,1.0055147870057755,,8,0.35687263556116017
TW,E,anchored,2,4,96,36,2007-01,2017-12,2018-01,2020-12,132,36,26424,silhouette_is,8,0.03,proportional,D_top_cagr,793,0,0,793,0.2697268743379675,-0.4646602623790631,1.077968665003006,0.2114204655195413,-0.19616170116377307,1.1650716060653858,,8,0.2698612862547289
TW,E,anchored,2,4,96,36,2007-01,2017-12,2018-01,2020-12,132,36,26424,silhouette_is,8,0.03,proportional,E_top_calmar,793,0,0,793,0.2500201652306575,-0.37370585514613464,1.1147702199990634,0.20490137681337162,-0.19402818436660862,1.1395994082282561,,8,0.2509457755359395
TW,E,anchored,2,4,96,36,2007-01,2017-12,2018-01,2020-12,132,36,26424,silhouette_is,8,0.05,equal,A_hrp,1321,0,671,1321,0.21435128683625893,-0.4522182840966632,0.9777845315585457,0.18730697619514713,-0.18383099702388217,1.0724754456717474,,8,0.12566237698713095
TW,E,anchored,2,4,96,36,2007-01,2017-12,2018-01,2020-12,132,36,26424,silhouette_is,8,0.05,equal,D_top_cagr,1321,0,0,1321,0.2477185181650443,-0.47757290062959257,1.0483189349354558,0.20927574463268517,-0.19646900073083173,1.1513863139907903,,8,0.2922028766086298
TW,E,anchored,2,4,96,36,2007-01,2017-12,2018-01,2020-12,132,36,26424,silhouette_is,8,0.05,equal,E_top_calmar,1321,0,0,1321,0.23348671480166328,-0.4073616785228661,1.0709027797614337,0.20392559562808654,-0.19638427833337135,1.1303525725686274,,8,0.2952308856926571
TW,E,anchored,2,4,96,36,2007-01,2017-12,2018-01,2020-12,132,36,26424,silhouette_is,8,0.05,proportional,A_hrp,1321,0,249,1321,0.16880628267189168,-0.48824278918754793,0.8417532608580982,0.17329365223752502,-0.19277146953814295,0.9869399307457124,,8,0.35654806964420893
TW,E,anchored,2,4,96,36,2007-01,2017-12,2018-01,2020-12,132,36,26424,silhouette_is,8,0.05,proportional,D_top_cagr,1321,0,0,1321,0.2477185181650443,-0.47757290062959257,1.0483189349354558,0.20927574463268517,-0.19646900073083173,1.1513863139907903,,8,0.2922028766086298
TW,E,anchored,2,4,96,36,2007-01,2017-12,2018-01,2020-12,132,36,26424,silhouette_is,8,0.05,proportional,E_top_calmar,1321,0,0,1321,0.23348671480166328,-0.4073616785228661,1.0709027797614337,0.20392559562808654,-0.19638427833337135,1.1303525725686274,,8,0.2952308856926571
TW,E,anchored,2,4,96,36,2007-01,2017-12,2018-01,2020-12,132,36,26424,silhouette_is,8,0.1,equal,A_hrp,2642,0,1685,2642,0.19276642906156782,-0.4800739451177801,0.9072714742689205,0.1833166755450253,-0.18502576091444733,1.0504203985677227,,8,0.12528387585162756
TW,E,anchored,2,4,96,36,2007-01,2017-12,2018-01,2020-12,132,36,26424,silhouette_is,8,0.1,equal,D_top_cagr,2642,0,0,2642,0.22088711997307664,-0.49195532106175344,0.9862561483900852,0.20498945692493264,-0.19648285849526415,1.1269834132151548,,8,0.3069644208932627
TW,E,anchored,2,4,96,36,2007-01,2017-12,2018-01,2020-12,132,36,26424,silhouette_is,8,0.1,equal,E_top_calmar,2642,0,0,2642,0.2121809485470263,-0.4427014050776049,0.9969129592702068,0.20053687966416311,-0.19435820236195311,1.115811470399812,,8,0.3084784254352763
TW,E,anchored,2,4,96,36,2007-01,2017-12,2018-01,2020-12,132,36,26424,silhouette_is,8,0.1,proportional,A_hrp,2642,0,1556,2642,0.1844694235544002,-0.46740800268929994,0.9067985164157726,0.18332075095793554,-0.19383943927935754,1.0365446535735343,,8,0.35654806964420893
TW,E,anchored,2,4,96,36,2007-01,2017-12,2018-01,2020-12,132,36,26424,silhouette_is,8,0.1,proportional,D_top_cagr,2642,0,0,2642,0.22088711997307664,-0.49195532106175344,0.9862561483900852,0.20498945692493264,-0.19648285849526415,1.1269834132151548,,8,0.3069644208932627
TW,E,anchored,2,4,96,36,2007-01,2017-12,2018-01,2020-12,132,36,26424,silhouette_is,8,0.1,proportional,E_top_calmar,2642,0,0,2642,0.2121809485470263,-0.4427014050776049,0.9969129592702068,0.20053687966416311,-0.19435820236195311,1.115811470399812,,8,0.3084784254352763
TW,E,anchored,3,4,96,36,2007-01,2020-12,2021-01,2023-12,168,36,26424,fixed,6,all,unallocated,B_all,26424,0,0,26424,0.13514554779908128,-0.5484999555627641,0.7115181847229014,0.1944519710807595,-0.1331874672692538,1.1199845248548919,,6,0.47612019376324555
TW,E,anchored,3,4,96,36,2007-01,2020-12,2021-01,2023-12,168,36,26424,fixed,6,legacy,equal,A_hrp,30,0,2,30,0.282251324565,-0.2785686182727829,1.2011430019639298,0.24260741065038482,-0.13156748230899762,1.2844133842173562,2.5594021001463236,6,0.16666666666666666
TW,E,anchored,3,4,96,36,2007-01,2020-12,2021-01,2023-12,168,36,26424,fixed,6,legacy,equal,D_top_cagr,30,0,0,30,0.39522390627517257,-0.3674080665553119,0.6213538148451284,0.27084816162368797,-0.12690971340412682,1.3457242259632394,1.8385723746551483,3,0.6666666666666666
TW,E,anchored,3,4,96,36,2007-01,2020-12,2021-01,2023-12,168,36,26424,fixed,6,legacy,equal,E_top_calmar,30,0,0,30,0.3439462925900758,-0.245855514804875,0.9624747193520452,0.2667132477672802,-0.1283348473971354,1.3382161762681228,2.084071489940017,4,0.36666666666666664
TW,E,anchored,3,4,96,36,2007-01,2020-12,2021-01,2023-12,168,36,26424,fixed,6,legacy,proportional,A_hrp,30,0,0,30,0.2528034023681649,-0.2613192509579457,1.2407653122148414,0.24911890505162315,-0.13044841392928586,1.3184736087698532,2.67895893401255,6,0.4666666666666667
TW,E,anchored,3,4,96,36,2007-01,2020-12,2021-01,2023-12,168,36,26424,fixed,6,legacy,proportional,D_top_cagr,30,0,0,30,0.39522390627517257,-0.3674080665553119,0.6213538148451284,0.27084816162368797,-0.12690971340412682,1.3457242259632394,1.8385723746551483,3,0.6666666666666666
TW,E,anchored,3,4,96,36,2007-01,2020-12,2021-01,2023-12,168,36,26424,fixed,6,legacy,proportional,E_top_calmar,30,0,0,30,0.3439462925900758,-0.245855514804875,0.9624747193520452,0.2667132477672802,-0.1283348473971354,1.3382161762681228,2.084071489940017,4,0.36666666666666664
TW,E,anchored,3,4,96,36,2007-01,2020-12,2021-01,2023-12,168,36,26424,fixed,6,0.01,equal,A_hrp,264,0,87,264,0.2590911826253579,-0.3999838001267745,1.0772900589094998,0.23882518956402188,-0.13314231275398425,1.2760487362925053,3.0477385775325594,6,0.16666666666666666
TW,E,anchored,3,4,96,36,2007-01,2020-12,2021-01,2023-12,168,36,26424,fixed,6,0.01,equal,D_top_cagr,264,0,0,264,0.30882083651807957,-0.42578709987736185,1.0703785735398985,0.25693322101268046,-0.1352818682755923,1.3108347490869392,2.6034141367593717,6,0.2765151515151515
TW,E,anchored,3,4,96,36,2007-01,2020-12,2021-01,2023-12,168,36,26424,fixed,6,0.01,equal,E_top_calmar,264,0,0,264,0.2758822000571888,-0.29580355973898587,1.1533711262184045,0.24961547506123472,-0.1277899966286976,1.318491336910651,2.3909503336726674,6,0.4583333333333333
TW,E,anchored,3,4,96,36,2007-01,2020-12,2021-01,2023-12,168,36,26424,fixed,6,0.01,proportional,A_hrp,264,0,5,264,0.21407788086991486,-0.39486427991939343,1.075674842238685,0.22741352213294408,-0.13320422601904025,1.2382635415523904,3.097476746040769,6,0.4772727272727273
TW,E,anchored,3,4,96,36,2007-01,2020-12,2021-01,2023-12,168,36,26424,fixed,6,0.01,proportional,D_top_cagr,264,0,0,264,0.30882083651807957,-0.42578709987736185,1.0703785735398985,0.25693322101268046,-0.1352818682755923,1.3108347490869392,2.6034141367593717,6,0.2765151515151515
TW,E,anchored,3,4,96,36,2007-01,2020-12,2021-01,2023-12,168,36,26424,fixed,6,0.01,proportional,E_top_calmar,264,0,0,264,0.2758822000571888,-0.29580355973898587,1.1533711262184045,0.24961547506123472,-0.1277899966286976,1.318491336910651,2.3909503336726674,6,0.4583333333333333
TW,E,anchored,3,4,96,36,2007-01,2020-12,2021-01,2023-12,168,36,26424,fixed,6,0.03,equal,A_hrp,793,0,351,793,0.22487503171969725,-0.4616438803567856,1.0126695545281894,0.22451838319480766,-0.1328681337198756,1.2198957211723216,,6,0.1677175283732661
TW,E,anchored,3,4,96,36,2007-01,2020-12,2021-01,2023-12,168,36,26424,fixed,6,0.03,equal,D_top_cagr,793,0,0,793,0.263218330988515,-0.4711847634911206,1.1071886798113852,0.2503250736439937,-0.13529694209914844,1.2790475934559173,,6,0.3833543505674653
TW,E,anchored,3,4,96,36,2007-01,2020-12,2021-01,2023-12,168,36,26424,fixed,6,0.03,equal,E_top_calmar,793,0,0,793,0.2434123899929852,-0.37468282033220357,1.1343455951150216,0.24360898354925875,-0.1309133107757955,1.2858914458735669,,6,0.4274905422446406
TW,E,anchored,3,4,96,36,2007-01,2020-12,2021-01,2023-12,168,36,26424,fixed,6,0.03,proportional,A_hrp,793,0,102,793,0.1834722740318071,-0.45925308146836963,0.9380264333490248,0.2162988213423065,-0.12830302643009273,1.2119254944973699,,6,0.4766708701134931
TW,E,anchored,3,4,96,36,2007-01,2020-12,2021-01,2023-12,168,36,26424,fixed,6,0.03,proportional,D_top_cagr,793,0,0,793,0.263218330988515,-0.4711847634911206,1.1071886798113852,0.2503250736439937,-0.13529694209914844,1.2790475934559173,,6,0.3833543505674653
TW,E,anchored,3,4,96,36,2007-01,2020-12,2021-01,2023-12,168,36,26424,fixed,6,0.03,proportional,E_top_calmar,793,0,0,793,0.2434123899929852,-0.37468282033220357,1.1343455951150216,0.24360898354925875,-0.1309133107757955,1.2858914458735669,,6,0.4274905422446406
TW,E,anchored,3,4,96,36,2007-01,2020-12,2021-01,2023-12,168,36,26424,fixed,6,0.05,equal,A_hrp,1321,0,651,1321,0.20517461832427464,-0.4880242138851014,0.9556964150658912,0.21561866910172944,-0.13085892278456346,1.186707073087193,,6,0.16729750189250567
TW,E,anchored,3,4,96,36,2007-01,2020-12,2021-01,2023-12,168,36,26424,fixed,6,0.05,equal,D_top_cagr,1321,0,0,1321,0.24483133360943632,-0.48151779511554416,1.0779811488605873,0.24543877724623187,-0.13491690918286225,1.2640753986712523,,6,0.39439818319454956
TW,E,anchored,3,4,96,36,2007-01,2020-12,2021-01,2023-12,168,36,26424,fixed,6,0.05,equal,E_top_calmar,1321,0,0,1321,0.2295288266686928,-0.40648884617026093,1.0907715454268916,0.24017395830535548,-0.1309217611321728,1.266506209724176,,6,0.41786525359576077
TW,E,anchored,3,4,96,36,2007-01,2020-12,2021-01,2023-12,168,36,26424,fixed,6,0.05,proportional,A_hrp,1321,0,396,1321,0.17796046429598844,-0.46922274235110295,0.9071009683899828,0.21459990107813054,-0.128536388090304,1.2001658463682698,,6,0.4761544284632854
TW,E,anchored,3,4,96,36,2007-01,2020-12,2021-01,2023-12,168,36,26424,fixed,6,0.05,proportional,D_top_cagr,1321,0,0,1321,0.24483133360943632,-0.48151779511554416,1.0779811488605873,0.24543877724623187,-0.13491690918286225,1.2640753986712523,,6,0.39439818319454956
TW,E,anchored,3,4,96,36,2007-01,2020-12,2021-01,2023-12,168,36,26424,fixed,6,0.05,proportional,E_top_calmar,1321,0,0,1321,0.2295288266686928,-0.40648884617026093,1.0907715454268916,0.24017395830535548,-0.1309217611321728,1.266506209724176,,6,0.41786525359576077
TW,E,anchored,3,4,96,36,2007-01,2020-12,2021-01,2023-12,168,36,26424,fixed,6,0.1,equal,A_hrp,2642,1,1687,2642,0.18832502904428017,-0.4953082905215901,0.9227333951595079,0.2169133821460194,-0.12819574074095408,1.1999931761851446,,6,0.18243754731264195
TW,E,anchored,3,4,96,36,2007-01,2020-12,2021-01,2023-12,168,36,26424,fixed,6,0.1,equal,D_top_cagr,2642,1,0,2642,0.2212729371795743,-0.4932600303411082,1.018995047840983,0.2366601685157146,-0.13413628123280863,1.2336712757087036,,6,0.4375473126419379
TW,E,anchored,3,4,96,36,2007-01,2020-12,2021-01,2023-12,168,36,26424,fixed,6,0.1,equal,E_top_calmar,2642,1,0,2642,0.2123883661474728,-0.4432061440826971,1.0248733385805742,0.23141913854211138,-0.13166727469261608,1.229089743565004,,6,0.42127176381529147
TW,E,anchored,3,4,96,36,2007-01,2020-12,2021-01,2023-12,168,36,26424,fixed,6,0.1,proportional,A_hrp,2642,0,1687,2642,0.18723572574726344,-0.46315415009727423,0.9414863297695365,0.21723924256559202,-0.13053636999193097,1.190018245556581,,6,0.4761544284632854
TW,E,anchored,3,4,96,36,2007-01,2020-12,2021-01,2023-12,168,36,26424,fixed,6,0.1,proportional,D_top_cagr,2642,0,0,2642,0.2212729371795743,-0.4932600303411082,1.018995047840983,0.2366601685157146,-0.13413628123280863,1.2336712757087036,,6,0.4375473126419379
TW,E,anchored,3,4,96,36,2007-01,2020-12,2021-01,2023-12,168,36,26424,fixed,6,0.1,proportional,E_top_calmar,2642,0,0,2642,0.2123883661474728,-0.4432061440826971,1.0248733385805742,0.23141913854211138,-0.13166727469261608,1.229089743565004,,6,0.42127176381529147
TW,E,anchored,3,4,96,36,2007-01,2020-12,2021-01,2023-12,168,36,26424,silhouette_is,4,all,unallocated,B_all,26424,0,0,26424,0.13514554779908128,-0.5484999555627641,0.7115181847229014,0.1944519710807595,-0.1331874672692538,1.1199845248548919,,4,0.48501362397820164
TW,E,anchored,3,4,96,36,2007-01,2020-12,2021-01,2023-12,168,36,26424,silhouette_is,4,legacy,equal,A_hrp,20,0,2,20,0.3069342045923056,-0.2423984978579351,1.1795682818391304,0.24857034407141798,-0.1293269470456372,1.3143442406821393,2.446219110573481,4,0.25
TW,E,anchored,3,4,96,36,2007-01,2020-12,2021-01,2023-12,168,36,26424,silhouette_is,4,legacy,equal,D_top_cagr,20,0,0,20,0.40987786005778926,-0.3622193254251991,0.53197146906175,0.2727886593946294,-0.12223690086652583,1.3509874815300111,1.839105313163757,3,0.75
TW,E,anchored,3,4,96,36,2007-01,2020-12,2021-01,2023-12,168,36,26424,silhouette_is,4,legacy,equal,E_top_calmar,20,0,0,20,0.3635194409094724,-0.25296223215622327,0.8162093369748006,0.2729582811104099,-0.1260530270345186,1.3830567763281043,1.904679565982391,3,0.4
TW,E,anchored,3,4,96,36,2007-01,2020-12,2021-01,2023-12,168,36,26424,silhouette_is,4,legacy,proportional,A_hrp,20,0,0,20,0.2972503101055435,-0.25659629370141923,1.3385688300801613,0.2611630422447435,-0.1302981493797093,1.3374907518537629,2.420677476494659,4,0.45
TW,E,anchored,3,4,96,36,2007-01,2020-12,2021-01,2023-12,168,36,26424,silhouette_is,4,legacy,proportional,D_top_cagr,20,0,0,20,0.40987786005778926,-0.3622193254251991,0.53197146906175,0.2727886593946294,-0.12223690086652583,1.3509874815300111,1.839105313163757,3,0.75
TW,E,anchored,3,4,96,36,2007-01,2020-12,2021-01,2023-12,168,36,26424,silhouette_is,4,legacy,proportional,E_top_calmar,20,0,0,20,0.3635194409094724,-0.25296223215622327,0.8162093369748006,0.2729582811104099,-0.1260530270345186,1.3830567763281043,1.904679565982391,3,0.4
TW,E,anchored,3,4,96,36,2007-01,2020-12,2021-01,2023-12,168,36,26424,silhouette_is,4,0.01,equal,A_hrp,264,0,106,264,0.26099526082921787,-0.38657247657584903,1.0735822522510505,0.23907221510964227,-0.1311608601251243,1.2894173365057682,2.94119698745638,4,0.25
TW,E,anchored,3,4,96,36,2007-01,2020-12,2021-01,2023-12,168,36,26424,silhouette_is,4,0.01,equal,D_top_cagr,264,0,0,264,0.30882083651807957,-0.42578709987736185,1.0703785735398985,0.25693322101268046,-0.1352818682755923,1.3108347490869392,2.6034141367593717,4,0.38636363636363635
TW,E,anchored,3,4,96,36,2007-01,2020-12,2021-01,2023-12,168,36,26424,silhouette_is,4,0.01,equal,E_top_calmar,264,0,0,264,0.2758822000571888,-0.29580355973898587,1.1533711262184045,0.24961547506123472,-0.1277899966286976,1.318491336910651,2.3909503336726674,4,0.5075757575757576
TW,E,anchored,3,4,96,36,2007-01,2020-12,2021-01,2023-12,168,36,26424,silhouette_is,4,0.01,proportional,A_hrp,264,0,5,264,0.21993377253850532,-0.3952103507799234,1.0969564153246092,0.23285642240717186,-0.13117236643069163,1.2727066912655898,3.2580462709057416,4,0.48484848484848486
TW,E,anchored,3,4,96,36,2007-01,2020-12,2021-01,2023-12,168,36,26424,silhouette_is,4,0.01,proportional,D_top_cagr,264,0,0,264,0.30882083651807957,-0.42578709987736185,1.0703785735398985,0.25693322101268046,-0.1352818682755923,1.3108347490869392,2.6034141367593717,4,0.38636363636363635
TW,E,anchored,3,4,96,36,2007-01,2020-12,2021-01,2023-12,168,36,26424,silhouette_is,4,0.01,proportional,E_top_calmar,264,0,0,264,0.2758822000571888,-0.29580355973898587,1.1533711262184045,0.24961547506123472,-0.1277899966286976,1.318491336910651,2.3909503336726674,4,0.5075757575757576
TW,E,anchored,3,4,96,36,2007-01,2020-12,2021-01,2023-12,168,36,26424,silhouette_is,4,0.03,equal,A_hrp,793,0,370,793,0.2166492899888195,-0.4623761597316014,1.0107880028671195,0.2268377281644347,-0.12761405884672905,1.2440503888831882,,4,0.2509457755359395
TW,E,anchored,3,4,96,36,2007-01,2020-12,2021-01,2023-12,168,36,26424,silhouette_is,4,0.03,equal,D_top_cagr,793,0,0,793,0.263218330988515,-0.4711847634911206,1.1071886798113852,0.2503250736439937,-0.13529694209914844,1.2790475934559173,,4,0.46027742749054223
TW,E,anchored,3,4,96,36,2007-01,2020-12,2021-01,2023-12,168,36,26424,silhouette_is,4,0.03,equal,E_top_calmar,793,0,0,793,0.2434123899929852,-0.37468282033220357,1.1343455951150216,0.24360898354925875,-0.1309133107757955,1.2858914458735669,,4,0.47540983606557374
TW,E,anchored,3,4,96,36,2007-01,2020-12,2021-01,2023-12,168,36,26424,silhouette_is,4,0.03,proportional,A_hrp,793,0,139,793,0.18914615310379723,-0.4555381291407934,0.9554657146227782,0.21716734154407336,-0.12791835115588734,1.2185598265975908,,4,0.4854981084489281
TW,E,anchored,3,4,96,36,2007-01,2020-12,2021-01,2023-12,168,36,26424,silhouette_is,4,0.03,proportional,D_top_cagr,793,0,0,793,0.263218330988515,-0.4711847634911206,1.1071886798113852,0.2503250736439937,-0.13529694209914844,1.2790475934559173,,4,0.46027742749054223
TW,E,anchored,3,4,96,36,2007-01,2020-12,2021-01,2023-12,168,36,26424,silhouette_is,4,0.03,proportional,E_top_calmar,793,0,0,793,0.2434123899929852,-0.37468282033220357,1.1343455951150216,0.24360898354925875,-0.1309133107757955,1.2858914458735669,,4,0.47540983606557374
TW,E,anchored,3,4,96,36,2007-01,2020-12,2021-01,2023-12,168,36,26424,silhouette_is,4,0.05,equal,A_hrp,1321,0,698,1321,0.1981258639767094,-0.4806350796576512,0.958739751723875,0.21947755967707105,-0.12651115831225934,1.2209906170572236,,4,0.2505677517032551
TW,E,anchored,3,4,96,36,2007-01,2020-12,2021-01,2023-12,168,36,26424,silhouette_is,4,0.05,equal,D_top_cagr,1321,0,0,1321,0.24483133360943632,-0.48151779511554416,1.0779811488605873,0.24543877724623187,-0.13491690918286225,1.2640753986712523,,4,0.4640423921271764
TW,E,anchored,3,4,96,36,2007-01,2020-12,2021-01,2023-12,168,36,26424,silhouette_is,4,0.05,equal,E_top_calmar,1321,0,0,1321,0.2295288266686928,-0.40648884617026093,1.0907715454268916,0.24017395830535548,-0.1309217611321728,1.266506209724176,,4,0.4640423921271764
TW,E,anchored,3,4,96,36,2007-01,2020-12,2021-01,2023-12,168,36,26424,silhouette_is,4,0.05,proportional,A_hrp,1321,0,508,1321,0.18939745313781864,-0.45882334583900297,0.9471688371265373,0.21795620143712702,-0.12900101709168188,1.2115936219866135,,4,0.48523845571536717
TW,E,anchored,3,4,96,36,2007-01,2020-12,2021-01,2023-12,168,36,26424,silhouette_is,4,0.05,proportional,D_top_cagr,1321,0,0,1321,0.24483133360943632,-0.48151779511554416,1.0779811488605873,0.24543877724623187,-0.13491690918286225,1.2640753986712523,,4,0.4640423921271764
TW,E,anchored,3,4,96,36,2007-01,2020-12,2021-01,2023-12,168,36,26424,silhouette_is,4,0.05,proportional,E_top_calmar,1321,0,0,1321,0.2295288266686928,-0.40648884617026093,1.0907715454268916,0.24017395830535548,-0.1309217611321728,1.266506209724176,,4,0.4640423921271764
TW,E,anchored,3,4,96,36,2007-01,2020-12,2021-01,2023-12,168,36,26424,silhouette_is,4,0.1,equal,A_hrp,2642,1,1829,2642,0.1827300003111343,-0.4961444653163074,0.9072321901915724,0.21350279140952955,-0.12682068105748812,1.1916592325349962,,4,0.25094625283875854
TW,E,anchored,3,4,96,36,2007-01,2020-12,2021-01,2023-12,168,36,26424,silhouette_is,4,0.1,equal,D_top_cagr,2642,1,0,2642,0.2212729371795743,-0.4932600303411082,1.018995047840983,0.2366601685157146,-0.13413628123280863,1.2336712757087036,,4,0.49053747161241484
TW,E,anchored,3,4,96,36,2007-01,2020-12,2021-01,2023-12,168,36,26424,silhouette_is,4,0.1,equal,E_top_calmar,2642,1,0,2642,0.2123883661474728,-0.4432061440826971,1.0248733385805742,0.23141913854211138,-0.13166727469261608,1.229089743565004,,4,0.463663890991673
TW,E,anchored,3,4,96,36,2007-01,2020-12,2021-01,2023-12,168,36,26424,silhouette_is,4,0.1,proportional,A_hrp,2642,0,1829,2642,0.19758373774753446,-0.461522301273967,0.9696431798126535,0.22364285337262912,-0.13122579463679573,1.2113733675279206,,4,0.48523845571536717
TW,E,anchored,3,4,96,36,2007-01,2020-12,2021-01,2023-12,168,36,26424,silhouette_is,4,0.1,proportional,D_top_cagr,2642,0,0,2642,0.2212729371795743,-0.4932600303411082,1.018995047840983,0.2366601685157146,-0.13413628123280863,1.2336712757087036,,4,0.49053747161241484
TW,E,anchored,3,4,96,36,2007-01,2020-12,2021-01,2023-12,168,36,26424,silhouette_is,4,0.1,proportional,E_top_calmar,2642,0,0,2642,0.2123883661474728,-0.4432061440826971,1.0248733385805742,0.23141913854211138,-0.13166727469261608,1.229089743565004,,4,0.463663890991673
TW,E,anchored,4,4,96,36,2007-01,2023-12,2024-01,2025-12,204,24,26424,fixed,6,all,unallocated,B_all,26424,0,0,26424,0.1453931330347833,-0.5484999555627641,0.7707276636680285,0.026479993376477218,-0.13830658386936667,0.2717784028379333,,6,0.3693611867998789
TW,E,anchored,4,4,96,36,2007-01,2023-12,2024-01,2025-12,204,24,26424,fixed,6,legacy,equal,A_hrp,30,0,1,30,0.27635459648461547,-0.2562071143949848,1.2693685683958817,0.04044596003797074,-0.13428531835266733,0.372172901001548,3.749913010452018,6,0.16666666666666666
TW,E,anchored,4,4,96,36,2007-01,2023-12,2024-01,2025-12,204,24,26424,fixed,6,legacy,equal,D_top_cagr,30,0,0,30,0.3770298671269592,-0.36729142830686123,0.6456429966304645,0.044390335078883014,-0.15663815724342567,0.4032258173401601,3.0765698351193786,4,0.6
TW,E,anchored,4,4,96,36,2007-01,2023-12,2024-01,2025-12,204,24,26424,fixed,6,legacy,equal,E_top_calmar,30,0,0,30,0.3277691514281422,-0.2484691323500785,0.9815969649449933,0.045697122495528264,-0.14582018366117744,0.41868143470709535,2.9426238951376296,4,0.4
TW,E,anchored,4,4,96,36,2007-01,2023-12,2024-01,2025-12,204,24,26424,fixed,6,legacy,proportional,A_hrp,30,0,0,30,0.26245926584615,-0.24436010565211708,1.2949459555673688,0.038322433197918615,-0.1415635730335203,0.35908527428369597,3.9728258994637726,6,0.36666666666666664
TW,E,anchored,4,4,96,36,2007-01,2023-12,2024-01,2025-12,204,24,26424,fixed,6,legacy,proportional,D_top_cagr,30,0,0,30,0.3770298671269592,-0.36729142830686123,0.6456429966304645,0.044390335078883014,-0.15663815724342567,0.4032258173401601,3.0765698351193786,4,0.6
TW,E,anchored,4,4,96,36,2007-01,2023-12,2024-01,2025-12,204,24,26424,fixed,6,legacy,proportional,E_top_calmar,30,0,0,30,0.3277691514281422,-0.2484691323500785,0.9815969649449933,0.045697122495528264,-0.14582018366117744,0.41868143470709535,2.9426238951376296,4,0.4
TW,E,anchored,4,4,96,36,2007-01,2023-12,2024-01,2025-12,204,24,26424,fixed,6,0.01,equal,A_hrp,264,0,65,264,0.25104819077081797,-0.3849664384102489,1.1338683093962998,0.019170927013127503,-0.1429118426381737,0.2136835847992622,4.40302144753632,6,0.16666666666666666
TW,E,anchored,4,4,96,36,2007-01,2023-12,2024-01,2025-12,204,24,26424,fixed,6,0.01,equal,D_top_cagr,264,0,0,264,0.2999176814481399,-0.4261209103997259,1.127827655486654,0.0384713113871038,-0.14119046946981773,0.36757161298729385,3.698062800248592,6,0.36363636363636365
TW,E,anchored,4,4,96,36,2007-01,2023-12,2024-01,2025-12,204,24,26424,fixed,6,0.01,equal,E_top_calmar,264,0,0,264,0.2671981461973858,-0.29081531424527296,1.2069509609170033,0.03987479140919126,-0.13210203869253523,0.3812447219258259,3.499578915723806,6,0.3787878787878788
TW,E,anchored,4,4,96,36,2007-01,2023-12,2024-01,2025-12,204,24,26424,fixed,6,0.01,proportional,A_hrp,264,0,4,264,0.2217296825245465,-0.3535380873316848,1.1357422562601387,0.015356752560075071,-0.1396548799318662,0.18512976152424193,4.783401871485327,6,0.36742424242424243
TW,E,anchored,4,4,96,36,2007-01,2023-12,2024-01,2025-12,204,24,26424,fixed,6,0.01,proportional,D_top_cagr,264,0,0,264,0.2999176814481399,-0.4261209103997259,1.127827655486654,0.0384713113871038,-0.14119046946981773,0.36757161298729385,3.698062800248592,6,0.36363636363636365
TW,E,anchored,4,4,96,36,2007-01,2023-12,2024-01,2025-12,204,24,26424,fixed,6,0.01,proportional,E_top_calmar,264,0,0,264,0.2671981461973858,-0.29081531424527296,1.2069509609170033,0.03987479140919126,-0.13210203869253523,0.3812447219258259,3.499578915723806,6,0.3787878787878788
TW,E,anchored,4,4,96,36,2007-01,2023-12,2024-01,2025-12,204,24,26424,fixed,6,0.03,equal,A_hrp,793,0,261,793,0.21859504821684306,-0.45375571754825983,1.0518007427022154,0.01867631717812901,-0.13997149070613035,0.21069208372494294,,6,0.1677175283732661
TW,E,anchored,4,4,96,36,2007-01,2023-12,2024-01,2025-12,204,24,26424,fixed,6,0.03,equal,D_top_cagr,793,0,0,793,0.2618422290895175,-0.47129270863447525,1.1452565399586543,0.035225292912348216,-0.14255881373585488,0.3384657701515974,,6,0.3921815889029004
TW,E,anchored,4,4,96,36,2007-01,2023-12,2024-01,2025-12,204,24,26424,fixed,6,0.03,equal,E_top_calmar,793,0,0,793,0.24265499772824906,-0.3739704922476562,1.163491506246674,0.033125483066086536,-0.13505146541796742,0.32460507467105104,,6,0.3871374527112232
TW,E,anchored,4,4,96,36,2007-01,2023-12,2024-01,2025-12,204,24,26424,fixed,6,0.03,proportional,A_hrp,793,0,46,793,0.1944341892329251,-0.4352486118912704,1.0146279139041257,0.013620494342936107,-0.13710263204926498,0.17228939834232612,,6,0.3694829760403531
TW,E,anchored,4,4,96,36,2007-01,2023-12,2024-01,2025-12,204,24,26424,fixed,6,0.03,proportional,D_top_cagr,793,0,0,793,0.2618422290895175,-0.47129270863447525,1.1452565399586543,0.035225292912348216,-0.14255881373585488,0.3384657701515974,,6,0.3921815889029004
TW,E,anchored,4,4,96,36,2007-01,2023-12,2024-01,2025-12,204,24,26424,fixed,6,0.03,proportional,E_top_calmar,793,0,0,793,0.24265499772824906,-0.3739704922476562,1.163491506246674,0.033125483066086536,-0.13505146541796742,0.32460507467105104,,6,0.3871374527112232
TW,E,anchored,4,4,96,36,2007-01,2023-12,2024-01,2025-12,204,24,26424,fixed,6,0.05,equal,A_hrp,1321,0,549,1321,0.2060032598553283,-0.47304183260839583,1.0110177520494783,0.020198658666021663,-0.13793311817208864,0.2224569612902219,,6,0.16729750189250567
TW,E,anchored,4,4,96,36,2007-01,2023-12,2024-01,2025-12,204,24,26424,fixed,6,0.05,equal,D_top_cagr,1321,0,0,1321,0.24615552198318347,-0.4846796433525443,1.1136791421304175,0.03524215687053256,-0.14111053126526285,0.3382602928321077,,6,0.39137017411052233
TW,E,anchored,4,4,96,36,2007-01,2023-12,2024-01,2025-12,204,24,26424,fixed,6,0.05,equal,E_top_calmar,1321,0,0,1321,0.23116462384633785,-0.40703452780288496,1.1261907244728495,0.033536028852073185,-0.13424201623024112,0.3272812132966903,,6,0.4072672218016654
TW,E,anchored,4,4,96,36,2007-01,2023-12,2024-01,2025-12,204,24,26424,fixed,6,0.05,proportional,A_hrp,1321,0,265,1321,0.18819292223779538,-0.4566157411710784,0.9760956933182164,0.01539424119756383,-0.1378287203992944,0.18593449468853987,,6,0.36941710825132473
TW,E,anchored,4,4,96,36,2007-01,2023-12,2024-01,2025-12,204,24,26424,fixed,6,0.05,proportional,D_top_cagr,1321,0,0,1321,0.24615552198318347,-0.4846796433525443,1.1136791421304175,0.03524215687053256,-0.14111053126526285,0.3382602928321077,,6,0.39137017411052233
TW,E,anchored,4,4,96,36,2007-01,2023-12,2024-01,2025-12,204,24,26424,fixed,6,0.05,proportional,E_top_calmar,1321,0,0,1321,0.23116462384633785,-0.40703452780288496,1.1261907244728495,0.033536028852073185,-0.13424201623024112,0.3272812132966903,,6,0.4072672218016654
TW,E,anchored,4,4,96,36,2007-01,2023-12,2024-01,2025-12,204,24,26424,fixed,6,0.1,equal,A_hrp,2642,0,1632,2642,0.1991262996879848,-0.4816050892083763,0.9932364627256905,0.021335957047221354,-0.13789058697797185,0.23144969484954311,,6,0.16691900075700228
TW,E,anchored,4,4,96,36,2007-01,2023-12,2024-01,2025-12,204,24,26424,fixed,6,0.1,equal,D_top_cagr,2642,0,0,2642,0.22521315898753613,-0.4985481018869907,1.0574032923815437,0.03622317933408259,-0.13939004529699406,0.3452215468069714,,6,0.34670704012112036
TW,E,anchored,4,4,96,36,2007-01,2023-12,2024-01,2025-12,204,24,26424,fixed,6,0.1,equal,E_top_calmar,2642,0,0,2642,0.2154288891611349,-0.44147421795567465,1.061730255692533,0.03158949447782344,-0.13582347089875124,0.31071531884688197,,6,0.3720666161998486
TW,E,anchored,4,4,96,36,2007-01,2023-12,2024-01,2025-12,204,24,26424,fixed,6,0.1,proportional,A_hrp,2642,0,1382,2642,0.1929377725149819,-0.46046738395452547,0.9852634957862012,0.019806190197968476,-0.13577835299258156,0.2196830186312185,,6,0.36941710825132473
TW,E,anchored,4,4,96,36,2007-01,2023-12,2024-01,2025-12,204,24,26424,fixed,6,0.1,proportional,D_top_cagr,2642,0,0,2642,0.22521315898753613,-0.4985481018869907,1.0574032923815437,0.03622317933408259,-0.13939004529699406,0.3452215468069714,,6,0.34670704012112036
TW,E,anchored,4,4,96,36,2007-01,2023-12,2024-01,2025-12,204,24,26424,fixed,6,0.1,proportional,E_top_calmar,2642,0,0,2642,0.2154288891611349,-0.44147421795567465,1.061730255692533,0.03158949447782344,-0.13582347089875124,0.31071531884688197,,6,0.3720666161998486
TW,E,anchored,4,4,96,36,2007-01,2023-12,2024-01,2025-12,204,24,26424,silhouette_is,8,all,unallocated,B_all,26424,0,0,26424,0.1453931330347833,-0.5484999555627641,0.7707276636680285,0.026479993376477218,-0.13830658386936667,0.2717784028379333,,8,0.3693611867998789
TW,E,anchored,4,4,96,36,2007-01,2023-12,2024-01,2025-12,204,24,26424,silhouette_is,8,legacy,equal,A_hrp,40,0,1,40,0.2647319670181145,-0.27994156978390705,1.2134541100420206,0.021526133033180628,-0.14302525819817147,0.22947937971569488,3.9932717125422474,8,0.125
TW,E,anchored,4,4,96,36,2007-01,2023-12,2024-01,2025-12,204,24,26424,silhouette_is,8,legacy,equal,D_top_cagr,40,0,0,40,0.3704019964184344,-0.37284409348403125,0.7584862975453075,0.051348180388957054,-0.15102600063020843,0.46150886851639816,3.194177405874282,4,0.475
TW,E,anchored,4,4,96,36,2007-01,2023-12,2024-01,2025-12,204,24,26424,silhouette_is,8,legacy,equal,E_top_calmar,40,0,0,40,0.32146104205602666,-0.24902679273422323,1.0812096419171104,0.0548565113232069,-0.13275095198655062,0.49715541493951615,3.541896192100835,5,0.425
TW,E,anchored,4,4,96,36,2007-01,2023-12,2024-01,2025-12,204,24,26424,silhouette_is,8,legacy,proportional,A_hrp,40,0,0,40,0.2572624371451515,-0.2524355147862235,1.2619418866954373,0.027865933858525427,-0.1411924575634539,0.28044328491960796,4.002602087110639,8,0.375
TW,E,anchored,4,4,96,36,2007-01,2023-12,2024-01,2025-12,204,24,26424,silhouette_is,8,legacy,proportional,D_top_cagr,40,0,0,40,0.3704019964184344,-0.37284409348403125,0.7584862975453075,0.051348180388957054,-0.15102600063020843,0.46150886851639816,3.194177405874282,4,0.475
TW,E,anchored,4,4,96,36,2007-01,2023-12,2024-01,2025-12,204,24,26424,silhouette_is,8,legacy,proportional,E_top_calmar,40,0,0,40,0.32146104205602666,-0.24902679273422323,1.0812096419171104,0.0548565113232069,-0.13275095198655062,0.49715541493951615,3.541896192100835,5,0.425
TW,E,anchored,4,4,96,36,2007-01,2023-12,2024-01,2025-12,204,24,26424,silhouette_is,8,0.01,equal,A_hrp,264,0,62,264,0.2492659264344259,-0.38282826106496526,1.1136248019035553,0.015472611751660592,-0.13909876443894587,0.18454873144193673,4.367601737239492,8,0.125
TW,E,anchored,4,4,96,36,2007-01,2023-12,2024-01,2025-12,204,24,26424,silhouette_is,8,0.01,equal,D_top_cagr,264,0,0,264,0.2999176814481399,-0.4261209103997259,1.127827655486654,0.0384713113871038,-0.14119046946981773,0.36757161298729385,3.698062800248592,7,0.36363636363636365
TW,E,anchored,4,4,96,36,2007-01,2023-12,2024-01,2025-12,204,24,26424,silhouette_is,8,0.01,equal,E_top_calmar,264,0,0,264,0.2671981461973858,-0.29081531424527296,1.2069509609170033,0.03987479140919126,-0.13210203869253523,0.3812447219258259,3.499578915723806,8,0.3787878787878788
TW,E,anchored,4,4,96,36,2007-01,2023-12,2024-01,2025-12,204,24,26424,silhouette_is,8,0.01,proportional,A_hrp,264,0,4,264,0.22321716572245598,-0.35372994030458293,1.138199960466379,0.014928455305889488,-0.1367342233640727,0.18199595855929554,4.620076660962923,8,0.3712121212121212
TW,E,anchored,4,4,96,36,2007-01,2023-12,2024-01,2025-12,204,24,26424,silhouette_is,8,0.01,proportional,D_top_cagr,264,0,0,264,0.2999176814481399,-0.4261209103997259,1.127827655486654,0.0384713113871038,-0.14119046946981773,0.36757161298729385,3.698062800248592,7,0.36363636363636365
TW,E,anchored,4,4,96,36,2007-01,2023-12,2024-01,2025-12,204,24,26424,silhouette_is,8,0.01,proportional,E_top_calmar,264,0,0,264,0.2671981461973858,-0.29081531424527296,1.2069509609170033,0.03987479140919126,-0.13210203869253523,0.3812447219258259,3.499578915723806,8,0.3787878787878788
TW,E,anchored,4,4,96,36,2007-01,2023-12,2024-01,2025-12,204,24,26424,silhouette_is,8,0.03,equal,A_hrp,793,0,260,793,0.2220399086032061,-0.44567466370473074,1.0396941342835677,0.01406979689519261,-0.13784291590241549,0.17418162938101425,,8,0.12610340479192939
TW,E,anchored,4,4,96,36,2007-01,2023-12,2024-01,2025-12,204,24,26424,silhouette_is,8,0.03,equal,D_top_cagr,793,0,0,793,0.2618422290895175,-0.47129270863447525,1.1452565399586543,0.035225292912348216,-0.14255881373585488,0.3384657701515974,,8,0.3921815889029004
TW,E,anchored,4,4,96,36,2007-01,2023-12,2024-01,2025-12,204,24,26424,silhouette_is,8,0.03,equal,E_top_calmar,793,0,0,793,0.24265499772824906,-0.3739704922476562,1.163491506246674,0.033125483066086536,-0.13505146541796742,0.32460507467105104,,8,0.3871374527112232
TW,E,anchored,4,4,96,36,2007-01,2023-12,2024-01,2025-12,204,24,26424,silhouette_is,8,0.03,proportional,A_hrp,793,0,77,793,0.20247700429891302,-0.41748796455006554,1.0395333498782022,0.011858622443821742,-0.13795777973608914,0.15804439605147233,,8,0.3694829760403531
TW,E,anchored,4,4,96,36,2007-01,2023-12,2024-01,2025-12,204,24,26424,silhouette_is,8,0.03,proportional,D_top_cagr,793,0,0,793,0.2618422290895175,-0.47129270863447525,1.1452565399586543,0.035225292912348216,-0.14255881373585488,0.3384657701515974,,8,0.3921815889029004
TW,E,anchored,4,4,96,36,2007-01,2023-12,2024-01,2025-12,204,24,26424,silhouette_is,8,0.03,proportional,E_top_calmar,793,0,0,793,0.24265499772824906,-0.3739704922476562,1.163491506246674,0.033125483066086536,-0.13505146541796742,0.32460507467105104,,8,0.3871374527112232
TW,E,anchored,4,4,96,36,2007-01,2023-12,2024-01,2025-12,204,24,26424,silhouette_is,8,0.05,equal,A_hrp,1321,0,501,1321,0.20622046995765575,-0.4754053469396654,0.9853205181051157,0.012257637812184141,-0.13794339375502995,0.16049044956280745,,8,0.12566237698713095
TW,E,anchored,4,4,96,36,2007-01,2023-12,2024-01,2025-12,204,24,26424,silhouette_is,8,0.05,equal,D_top_cagr,1321,0,0,1321,0.24615552198318347,-0.4846796433525443,1.1136791421304175,0.03524215687053256,-0.14111053126526285,0.3382602928321077,,8,0.39137017411052233
TW,E,anchored,4,4,96,36,2007-01,2023-12,2024-01,2025-12,204,24,26424,silhouette_is,8,0.05,equal,E_top_calmar,1321,0,0,1321,0.23116462384633785,-0.40703452780288496,1.1261907244728495,0.033536028852073185,-0.13424201623024112,0.3272812132966903,,8,0.4072672218016654
TW,E,anchored,4,4,96,36,2007-01,2023-12,2024-01,2025-12,204,24,26424,silhouette_is,8,0.05,proportional,A_hrp,1321,0,221,1321,0.1899710548672624,-0.4580667085332012,0.977142804505329,0.011103786640247693,-0.14104610799174466,0.15191266412226087,,8,0.36941710825132473
TW,E,anchored,4,4,96,36,2007-01,2023-12,2024-01,2025-12,204,24,26424,silhouette_is,8,0.05,proportional,D_top_cagr,1321,0,0,1321,0.24615552198318347,-0.4846796433525443,1.1136791421304175,0.03524215687053256,-0.14111053126526285,0.3382602928321077,,8,0.39137017411052233
TW,E,anchored,4,4,96,36,2007-01,2023-12,2024-01,2025-12,204,24,26424,silhouette_is,8,0.05,proportional,E_top_calmar,1321,0,0,1321,0.23116462384633785,-0.40703452780288496,1.1261907244728495,0.033536028852073185,-0.13424201623024112,0.3272812132966903,,8,0.4072672218016654
TW,E,anchored,4,4,96,36,2007-01,2023-12,2024-01,2025-12,204,24,26424,silhouette_is,8,0.1,equal,A_hrp,2642,1,1545,2642,0.19926890189402613,-0.4800424335100685,0.9842139143331011,0.017022057234388877,-0.13773180592817813,0.19759836057166608,,8,0.1339894019682059
TW,E,anchored,4,4,96,36,2007-01,2023-12,2024-01,2025-12,204,24,26424,silhouette_is,8,0.1,equal,D_top_cagr,2642,1,0,2642,0.22521315898753613,-0.4985481018869907,1.0574032923815437,0.03622317933408259,-0.13939004529699406,0.3452215468069714,,8,0.34670704012112036
TW,E,anchored,4,4,96,36,2007-01,2023-12,2024-01,2025-12,204,24,26424,silhouette_is,8,0.1,equal,E_top_calmar,2642,1,0,2642,0.2154288891611349,-0.44147421795567465,1.061730255692533,0.03158949447782344,-0.13582347089875124,0.31071531884688197,,8,0.3720666161998486
TW,E,anchored,4,4,96,36,2007-01,2023-12,2024-01,2025-12,204,24,26424,silhouette_is,8,0.1,proportional,A_hrp,2642,0,1208,2642,0.189154792160944,-0.4668815442954585,0.9698072791440164,0.01612653279339149,-0.1367655911796919,0.1915405402454145,,8,0.36941710825132473
TW,E,anchored,4,4,96,36,2007-01,2023-12,2024-01,2025-12,204,24,26424,silhouette_is,8,0.1,proportional,D_top_cagr,2642,0,0,2642,0.22521315898753613,-0.4985481018869907,1.0574032923815437,0.03622317933408259,-0.13939004529699406,0.3452215468069714,,8,0.34670704012112036
TW,E,anchored,4,4,96,36,2007-01,2023-12,2024-01,2025-12,204,24,26424,silhouette_is,8,0.1,proportional,E_top_calmar,2642,0,0,2642,0.2154288891611349,-0.44147421795567465,1.061730255692533,0.03158949447782344,-0.13582347089875124,0.31071531884688197,,8,0.3720666161998486
TW,F,anchored,1,3,96,48,2007-01,2014-12,2015-01,2018-12,96,48,26424,fixed,6,all,unallocated,B_all,26424,0,0,26424,0.13320555144019197,-0.5484999555627641,0.6331022388862824,0.06990688606629192,-0.1822593583971538,0.6228602701043696,,6,0.6510747805025734
TW,F,anchored,1,3,96,48,2007-01,2014-12,2015-01,2018-12,96,48,26424,fixed,6,legacy,equal,A_hrp,30,0,0,30,0.3419798336193567,-0.30629379844575133,1.2874893828506837,0.09438238716133296,-0.1649342082461096,0.8350281669970222,4.811269642938175,6,0.16666666666666666
TW,F,anchored,1,3,96,48,2007-01,2014-12,2015-01,2018-12,96,48,26424,fixed,6,legacy,equal,D_top_cagr,30,0,0,30,0.5067183645077538,-0.4064495053806666,0.5698963108244566,0.1330852440622281,-0.19178490368929635,1.095993248766493,2.9179821710741827,2,0.8666666666666667
TW,F,anchored,1,3,96,48,2007-01,2014-12,2015-01,2018-12,96,48,26424,fixed,6,legacy,equal,E_top_calmar,30,0,0,30,0.47661578535396276,-0.26379001515701195,0.8411699864925692,0.10585318978005276,-0.18453328780610856,0.9115949778776129,3.4228291080449624,4,0.3333333333333333
TW,F,anchored,1,3,96,48,2007-01,2014-12,2015-01,2018-12,96,48,26424,fixed,6,legacy,proportional,A_hrp,30,0,0,30,0.3393221337353145,-0.2513957243373275,1.3634468591412556,0.0947790504022561,-0.17968525756227316,0.8528575800895246,4.282151180770242,6,0.6666666666666666
TW,F,anchored,1,3,96,48,2007-01,2014-12,2015-01,2018-12,96,48,26424,fixed,6,legacy,proportional,D_top_cagr,30,0,0,30,0.5067183645077538,-0.4064495053806666,0.5698963108244566,0.1330852440622281,-0.19178490368929635,1.095993248766493,2.9179821710741827,2,0.8666666666666667
TW,F,anchored,1,3,96,48,2007-01,2014-12,2015-01,2018-12,96,48,26424,fixed,6,legacy,proportional,E_top_calmar,30,0,0,30,0.47661578535396276,-0.26379001515701195,0.8411699864925692,0.10585318978005276,-0.18453328780610856,0.9115949778776129,3.4228291080449624,4,0.3333333333333333
TW,F,anchored,1,3,96,48,2007-01,2014-12,2015-01,2018-12,96,48,26424,fixed,6,0.01,equal,A_hrp,264,0,91,264,0.30443024735600854,-0.39359784644658347,1.0705959581773707,0.09233713719334435,-0.16225240464167334,0.8209846089736026,5.7155768971181855,6,0.16666666666666666
TW,F,anchored,1,3,96,48,2007-01,2014-12,2015-01,2018-12,96,48,26424,fixed,6,0.01,equal,D_top_cagr,264,0,0,264,0.3880819582904689,-0.41303264466521905,1.0469836019132077,0.10939696460910686,-0.17190395325011598,0.9439723878438054,4.722867799351402,6,0.32575757575757575
TW,F,anchored,1,3,96,48,2007-01,2014-12,2015-01,2018-12,96,48,26424,fixed,6,0.01,equal,E_top_calmar,264,0,0,264,0.34890837694144405,-0.3038134738193121,1.1347577552556751,0.09979188148355411,-0.17219482338006253,0.8895292777575202,4.287908005225385,6,0.3181818181818182
TW,F,anchored,1,3,96,48,2007-01,2014-12,2015-01,2018-12,96,48,26424,fixed,6,0.01,proportional,A_hrp,264,0,2,264,0.2562311430893929,-0.3849365115472788,1.0665406042621866,0.07993637593359004,-0.17403578446786905,0.7210808182174838,5.7404382031934285,6,0.6515151515151515
TW,F,anchored,1,3,96,48,2007-01,2014-12,2015-01,2018-12,96,48,26424,fixed,6,0.01,proportional,D_top_cagr,264,0,0,264,0.3880819582904689,-0.41303264466521905,1.0469836019132077,0.10939696460910686,-0.17190395325011598,0.9439723878438054,4.722867799351402,6,0.32575757575757575
TW,F,anchored,1,3,96,48,2007-01,2014-12,2015-01,2018-12,96,48,26424,fixed,6,0.01,proportional,E_top_calmar,264,0,0,264,0.34890837694144405,-0.3038134738193121,1.1347577552556751,0.09979188148355411,-0.17219482338006253,0.8895292777575202,4.287908005225385,6,0.3181818181818182
TW,F,anchored,1,3,96,48,2007-01,2014-12,2015-01,2018-12,96,48,26424,fixed,6,0.03,equal,A_hrp,793,0,467,793,0.2704352216845207,-0.42883890375094014,1.0354722889676555,0.08565448139291187,-0.1672546469399837,0.7617676669805351,,6,0.1677175283732661
TW,F,anchored,1,3,96,48,2007-01,2014-12,2015-01,2018-12,96,48,26424,fixed,6,0.03,equal,D_top_cagr,793,0,0,793,0.3127315765339862,-0.4465378204479574,1.0891343364488904,0.10267749126592518,-0.1745363860719974,0.87820691434937,,6,0.3619167717528373
TW,F,anchored,1,3,96,48,2007-01,2014-12,2015-01,2018-12,96,48,26424,fixed,6,0.03,equal,E_top_calmar,793,0,0,793,0.29272765799271827,-0.36805748192778875,1.1255560438375312,0.09234716358385553,-0.17028553306745975,0.821818352636582,,6,0.3656998738965952
TW,F,anchored,1,3,96,48,2007-01,2014-12,2015-01,2018-12,96,48,26424,fixed,6,0.03,proportional,A_hrp,793,0,84,793,0.21440241026610796,-0.4348264351442026,0.9324935737218747,0.06999112480434966,-0.17437530864837236,0.6437940014021939,,6,0.6506935687263556
TW,F,anchored,1,3,96,48,2007-01,2014-12,2015-01,2018-12,96,48,26424,fixed,6,0.03,proportional,D_top_cagr,793,0,0,793,0.3127315765339862,-0.4465378204479574,1.0891343364488904,0.10267749126592518,-0.1745363860719974,0.87820691434937,,6,0.3619167717528373
TW,F,anchored,1,3,96,48,2007-01,2014-12,2015-01,2018-12,96,48,26424,fixed,6,0.03,proportional,E_top_calmar,793,0,0,793,0.29272765799271827,-0.36805748192778875,1.1255560438375312,0.09234716358385553,-0.17028553306745975,0.821818352636582,,6,0.3656998738965952
TW,F,anchored,1,3,96,48,2007-01,2014-12,2015-01,2018-12,96,48,26424,fixed,6,0.05,equal,A_hrp,1321,0,907,1321,0.2523618276491202,-0.4382551497678725,1.0052482801901939,0.08492429660930645,-0.16609945651369284,0.7521922149491429,,6,0.16729750189250567
TW,F,anchored,1,3,96,48,2007-01,2014-12,2015-01,2018-12,96,48,26424,fixed,6,0.05,equal,D_top_cagr,1321,0,0,1321,0.2826719187385467,-0.4592768408516006,1.054299335791993,0.09934008764303326,-0.17537312533622484,0.8522522519377594,,6,0.39212717638152916
TW,F,anchored,1,3,96,48,2007-01,2014-12,2015-01,2018-12,96,48,26424,fixed,6,0.05,equal,E_top_calmar,1321,0,0,1321,0.268310958160177,-0.4002849849358051,1.0775711856222838,0.09234870874388368,-0.1733619936170886,0.8153147739309355,,6,0.42694928084784256
TW,F,anchored,1,3,96,48,2007-01,2014-12,2015-01,2018-12,96,48,26424,fixed,6,0.05,proportional,A_hrp,1321,0,268,1321,0.19578500118704545,-0.45955170030323145,0.8658624256706178,0.06702824163619914,-0.17488324064826544,0.6145511935402428,,6,0.6510219530658592
TW,F,anchored,1,3,96,48,2007-01,2014-12,2015-01,2018-12,96,48,26424,fixed,6,0.05,proportional,D_top_cagr,1321,0,0,1321,0.2826719187385467,-0.4592768408516006,1.054299335791993,0.09934008764303326,-0.17537312533622484,0.8522522519377594,,6,0.39212717638152916
TW,F,anchored,1,3,96,48,2007-01,2014-12,2015-01,2018-12,96,48,26424,fixed,6,0.05,proportional,E_top_calmar,1321,0,0,1321,0.268310958160177,-0.4002849849358051,1.0775711856222838,0.09234870874388368,-0.1733619936170886,0.8153147739309355,,6,0.42694928084784256
TW,F,anchored,1,3,96,48,2007-01,2014-12,2015-01,2018-12,96,48,26424,fixed,6,0.1,equal,A_hrp,2642,0,2008,2642,0.22122039563472407,-0.4688789463552724,0.9225652830297225,0.08140567697769696,-0.16637651624348948,0.722354703414748,,6,0.16691900075700228
TW,F,anchored,1,3,96,48,2007-01,2014-12,2015-01,2018-12,96,48,26424,fixed,6,0.1,equal,D_top_cagr,2642,0,0,2642,0.24655407567149257,-0.47789097502374167,0.9828142649015814,0.09813113660581552,-0.17526493173321556,0.8414365397809214,,6,0.443224829674489
TW,F,anchored,1,3,96,48,2007-01,2014-12,2015-01,2018-12,96,48,26424,fixed,6,0.1,equal,E_top_calmar,2642,0,0,2642,0.23769780264695894,-0.4346923372911303,0.9935526518094399,0.09154214078193479,-0.1743354384195157,0.8044973865471927,,6,0.47918243754731266
TW,F,anchored,1,3,96,48,2007-01,2014-12,2015-01,2018-12,96,48,26424,fixed,6,0.1,proportional,A_hrp,2642,0,1491,2642,0.20680440563803493,-0.4546615886421871,0.9013633509146164,0.07978242286497017,-0.1750070849955604,0.7133690576601677,,6,0.6510219530658592
TW,F,anchored,1,3,96,48,2007-01,2014-12,2015-01,2018-12,96,48,26424,fixed,6,0.1,proportional,D_top_cagr,2642,0,0,2642,0.24655407567149257,-0.47789097502374167,0.9828142649015814,0.09813113660581552,-0.17526493173321556,0.8414365397809214,,6,0.443224829674489
TW,F,anchored,1,3,96,48,2007-01,2014-12,2015-01,2018-12,96,48,26424,fixed,6,0.1,proportional,E_top_calmar,2642,0,0,2642,0.23769780264695894,-0.4346923372911303,0.9935526518094399,0.09154214078193479,-0.1743354384195157,0.8044973865471927,,6,0.47918243754731266
TW,F,anchored,1,3,96,48,2007-01,2014-12,2015-01,2018-12,96,48,26424,silhouette_is,12,all,unallocated,B_all,26424,0,0,26424,0.13320555144019197,-0.5484999555627641,0.6331022388862824,0.06990688606629192,-0.1822593583971538,0.6228602701043696,,12,0.30582046624280956
TW,F,anchored,1,3,96,48,2007-01,2014-12,2015-01,2018-12,96,48,26424,silhouette_is,12,legacy,equal,A_hrp,60,0,0,60,0.310024539564111,-0.3059589945085125,1.2430019084260302,0.09034152979028875,-0.16359439361890127,0.829968560976549,5.256055758525552,12,0.08333333333333333
TW,F,anchored,1,3,96,48,2007-01,2014-12,2015-01,2018-12,96,48,26424,silhouette_is,12,legacy,equal,D_top_cagr,60,0,0,60,0.48948530656144107,-0.4030552899043848,0.7425948343823082,0.1252948104325884,-0.18252703131678272,1.056036165521442,3.746371901536895,7,0.6166666666666667
TW,F,anchored,1,3,96,48,2007-01,2014-12,2015-01,2018-12,96,48,26424,silhouette_is,12,legacy,equal,E_top_calmar,60,0,0,60,0.4260089140417431,-0.2717155862959083,0.9709701667427506,0.10428879306379879,-0.177314744436057,0.9184953761408272,3.651197712802585,8,0.31666666666666665
TW,F,anchored,1,3,96,48,2007-01,2014-12,2015-01,2018-12,96,48,26424,silhouette_is,12,legacy,proportional,A_hrp,60,0,0,60,0.2984166109957571,-0.3144219028827673,1.2350239622207233,0.09792692920358825,-0.16501718587347425,0.8973785501090273,4.575509583244502,12,0.3
TW,F,anchored,1,3,96,48,2007-01,2014-12,2015-01,2018-12,96,48,26424,silhouette_is,12,legacy,proportional,D_top_cagr,60,0,0,60,0.48948530656144107,-0.4030552899043848,0.7425948343823082,0.1252948104325884,-0.18252703131678272,1.056036165521442,3.746371901536895,7,0.6166666666666667
TW,F,anchored,1,3,96,48,2007-01,2014-12,2015-01,2018-12,96,48,26424,silhouette_is,12,legacy,proportional,E_top_calmar,60,0,0,60,0.4260089140417431,-0.2717155862959083,0.9709701667427506,0.10428879306379879,-0.177314744436057,0.9184953761408272,3.651197712802585,8,0.31666666666666665
TW,F,anchored,1,3,96,48,2007-01,2014-12,2015-01,2018-12,96,48,26424,silhouette_is,12,0.01,equal,A_hrp,264,0,17,264,0.26862031729681335,-0.39910795342027594,1.0852544415296157,0.08810443889089625,-0.16799810393570835,0.7874681442770947,5.818083875137859,12,0.08333333333333333
TW,F,anchored,1,3,96,48,2007-01,2014-12,2015-01,2018-12,96,48,26424,silhouette_is,12,0.01,equal,D_top_cagr,264,0,0,264,0.3880819582904689,-0.41303264466521905,1.0469836019132077,0.10939696460910686,-0.17190395325011598,0.9439723878438054,4.722867799351402,12,0.32575757575757575
TW,F,anchored,1,3,96,48,2007-01,2014-12,2015-01,2018-12,96,48,26424,silhouette_is,12,0.01,equal,E_top_calmar,264,0,0,264,0.34890837694144405,-0.3038134738193121,1.1347577552556751,0.09979188148355411,-0.17219482338006253,0.8895292777575202,4.287908005225385,11,0.25
TW,F,anchored,1,3,96,48,2007-01,2014-12,2015-01,2018-12,96,48,26424,silhouette_is,12,0.01,proportional,A_hrp,264,0,2,264,0.2502176864610641,-0.3866458841951732,1.0692245244742147,0.08871608719260093,-0.1698163262466318,0.8018827852056774,5.292195367068814,12,0.3068181818181818
TW,F,anchored,1,3,96,48,2007-01,2014-12,2015-01,2018-12,96,48,26424,silhouette_is,12,0.01,proportional,D_top_cagr,264,0,0,264,0.3880819582904689,-0.41303264466521905,1.0469836019132077,0.10939696460910686,-0.17190395325011598,0.9439723878438054,4.722867799351402,12,0.32575757575757575
TW,F,anchored,1,3,96,48,2007-01,2014-12,2015-01,2018-12,96,48,26424,silhouette_is,12,0.01,proportional,E_top_calmar,264,0,0,264,0.34890837694144405,-0.3038134738193121,1.1347577552556751,0.09979188148355411,-0.17219482338006253,0.8895292777575202,4.287908005225385,11,0.25
TW,F,anchored,1,3,96,48,2007-01,2014-12,2015-01,2018-12,96,48,26424,silhouette_is,12,0.03,equal,A_hrp,793,0,285,793,0.2524855371222203,-0.41662121330178903,1.0337345741811892,0.08679522222638125,-0.1679665111391686,0.7785953648447621,,12,0.08448928121059268
TW,F,anchored,1,3,96,48,2007-01,2014-12,2015-01,2018-12,96,48,26424,silhouette_is,12,0.03,equal,D_top_cagr,793,0,0,793,0.3127315765339862,-0.4465378204479574,1.0891343364488904,0.10267749126592518,-0.1745363860719974,0.87820691434937,,12,0.223203026481715
TW,F,anchored,1,3,96,48,2007-01,2014-12,2015-01,2018-12,96,48,26424,silhouette_is,12,0.03,equal,E_top_calmar,793,0,0,793,0.29272765799271827,-0.36805748192778875,1.1255560438375312,0.09234716358385553,-0.17028553306745975,0.821818352636582,,12,0.18158890290037832
TW,F,anchored,1,3,96,48,2007-01,2014-12,2015-01,2018-12,96,48,26424,silhouette_is,12,0.03,proportional,A_hrp,793,0,35,793,0.20495313393000192,-0.45552016039933496,0.9117148133954686,0.07740020089452049,-0.17544302690576485,0.7007099128142725,,12,0.3064312736443884
TW,F,anchored,1,3,96,48,2007-01,2014-12,2015-01,2018-12,96,48,26424,silhouette_is,12,0.03,proportional,D_top_cagr,793,0,0,793,0.3127315765339862,-0.4465378204479574,1.0891343364488904,0.10267749126592518,-0.1745363860719974,0.87820691434937,,12,0.223203026481715
TW,F,anchored,1,3,96,48,2007-01,2014-12,2015-01,2018-12,96,48,26424,silhouette_is,12,0.03,proportional,E_top_calmar,793,0,0,793,0.29272765799271827,-0.36805748192778875,1.1255560438375312,0.09234716358385553,-0.17028553306745975,0.821818352636582,,12,0.18158890290037832
TW,F,anchored,1,3,96,48,2007-01,2014-12,2015-01,2018-12,96,48,26424,silhouette_is,12,0.05,equal,A_hrp,1321,0,661,1321,0.24142856867833418,-0.43402654089257353,0.9960178418559996,0.08558547600170852,-0.1685027773450749,0.767452245959594,,12,0.08402725208175625
TW,F,anchored,1,3,96,48,2007-01,2014-12,2015-01,2018-12,96,48,26424,silhouette_is,12,0.05,equal,D_top_cagr,1321,0,0,1321,0.2826719187385467,-0.4592768408516006,1.054299335791993,0.09934008764303326,-0.17537312533622484,0.8522522519377594,,12,0.18395155185465556
TW,F,anchored,1,3,96,48,2007-01,2014-12,2015-01,2018-12,96,48,26424,silhouette_is,12,0.05,equal,E_top_calmar,1321,0,0,1321,0.268310958160177,-0.4002849849358051,1.0775711856222838,0.09234870874388368,-0.1733619936170886,0.8153147739309355,,12,0.15518546555639667
TW,F,anchored,1,3,96,48,2007-01,2014-12,2015-01,2018-12,96,48,26424,silhouette_is,12,0.05,proportional,A_hrp,1321,0,229,1321,0.19549386414005032,-0.47381248996241376,0.8669940572693722,0.07330882448508236,-0.17838000375354546,0.6611227319239831,,12,0.30582891748675245
TW,F,anchored,1,3,96,48,2007-01,2014-12,2015-01,2018-12,96,48,26424,silhouette_is,12,0.05,proportional,D_top_cagr,1321,0,0,1321,0.2826719187385467,-0.4592768408516006,1.054299335791993,0.09934008764303326,-0.17537312533622484,0.8522522519377594,,12,0.18395155185465556
TW,F,anchored,1,3,96,48,2007-01,2014-12,2015-01,2018-12,96,48,26424,silhouette_is,12,0.05,proportional,E_top_calmar,1321,0,0,1321,0.268310958160177,-0.4002849849358051,1.0775711856222838,0.09234870874388368,-0.1733619936170886,0.8153147739309355,,12,0.15518546555639667
TW,F,anchored,1,3,96,48,2007-01,2014-12,2015-01,2018-12,96,48,26424,silhouette_is,12,0.1,equal,A_hrp,2642,0,1693,2642,0.21979497324307373,-0.46280960871738963,0.9274389455481999,0.08327015378319502,-0.16953812183381933,0.7418211405246742,,12,0.08364875094625283
TW,F,anchored,1,3,96,48,2007-01,2014-12,2015-01,2018-12,96,48,26424,silhouette_is,12,0.1,equal,D_top_cagr,2642,0,0,2642,0.24655407567149257,-0.47789097502374167,0.9828142649015814,0.09813113660581552,-0.17526493173321556,0.8414365397809214,,12,0.17146101438304315
TW,F,anchored,1,3,96,48,2007-01,2014-12,2015-01,2018-12,96,48,26424,silhouette_is,12,0.1,equal,E_top_calmar,2642,0,0,2642,0.23769780264695894,-0.4346923372911303,0.9935526518094399,0.09154214078193479,-0.1743354384195157,0.8044973865471927,,12,0.1737320211960636
TW,F,anchored,1,3,96,48,2007-01,2014-12,2015-01,2018-12,96,48,26424,silhouette_is,12,0.1,proportional,A_hrp,2642,0,1399,2642,0.20230542525849127,-0.46451249474167267,0.8900602368172235,0.08199388863165691,-0.1735409737109732,0.7311831435232231,,12,0.30582891748675245
TW,F,anchored,1,3,96,48,2007-01,2014-12,2015-01,2018-12,96,48,26424,silhouette_is,12,0.1,proportional,D_top_cagr,2642,0,0,2642,0.24655407567149257,-0.47789097502374167,0.9828142649015814,0.09813113660581552,-0.17526493173321556,0.8414365397809214,,12,0.17146101438304315
TW,F,anchored,1,3,96,48,2007-01,2014-12,2015-01,2018-12,96,48,26424,silhouette_is,12,0.1,proportional,E_top_calmar,2642,0,0,2642,0.23769780264695894,-0.4346923372911303,0.9935526518094399,0.09154214078193479,-0.1743354384195157,0.8044973865471927,,12,0.1737320211960636
TW,F,anchored,2,3,96,48,2007-01,2018-12,2019-01,2022-12,144,48,26424,fixed,6,all,unallocated,B_all,26424,0,0,26424,0.11170047146584317,-0.5484999555627641,0.6053400740738659,0.20166543475645193,-0.1939917099299059,1.0570536853243462,,6,0.510823493793521
TW,F,anchored,2,3,96,48,2007-01,2018-12,2019-01,2022-12,144,48,26424,fixed,6,legacy,equal,A_hrp,30,0,1,30,0.25693804085525107,-0.24633433005418504,1.1960468172818828,0.2437730196333585,-0.1826931659794766,1.223039029066935,2.741447121285835,6,0.16666666666666666
TW,F,anchored,2,3,96,48,2007-01,2018-12,2019-01,2022-12,144,48,26424,fixed,6,legacy,equal,D_top_cagr,30,0,0,30,0.3903828804324665,-0.389787822306389,0.5762521498231643,0.2797124672766278,-0.216611676460429,1.2375056884513917,2.402173927391014,5,0.6666666666666666
TW,F,anchored,2,3,96,48,2007-01,2018-12,2019-01,2022-12,144,48,26424,fixed,6,legacy,equal,E_top_calmar,30,0,0,30,0.35361805121136247,-0.28411303906858876,0.7684889181667488,0.26443171295683454,-0.19724389890685423,1.2074553372195638,2.3057161410572227,4,0.3333333333333333
TW,F,anchored,2,3,96,48,2007-01,2018-12,2019-01,2022-12,144,48,26424,fixed,6,legacy,proportional,A_hrp,30,0,0,30,0.2520741218791702,-0.2417797360538908,1.2296954804912175,0.24146218144638,-0.19349764037381112,1.1849927989164963,2.563093392135104,6,0.5
TW,F,anchored,2,3,96,48,2007-01,2018-12,2019-01,2022-12,144,48,26424,fixed,6,legacy,proportional,D_top_cagr,30,0,0,30,0.3903828804324665,-0.389787822306389,0.5762521498231643,0.2797124672766278,-0.216611676460429,1.2375056884513917,2.402173927391014,5,0.6666666666666666
TW,F,anchored,2,3,96,48,2007-01,2018-12,2019-01,2022-12,144,48,26424,fixed,6,legacy,proportional,E_top_calmar,30,0,0,30,0.35361805121136247,-0.28411303906858876,0.7684889181667488,0.26443171295683454,-0.19724389890685423,1.2074553372195638,2.3057161410572227,4,0.3333333333333333
TW,F,anchored,2,3,96,48,2007-01,2018-12,2019-01,2022-12,144,48,26424,fixed,6,0.01,equal,A_hrp,264,0,61,264,0.22627282574309637,-0.39720127005819705,0.9992515013633086,0.22364110311189966,-0.1842006781512635,1.1478551251338482,3.383385040444498,6,0.16666666666666666
TW,F,anchored,2,3,96,48,2007-01,2018-12,2019-01,2022-12,144,48,26424,fixed,6,0.01,equal,D_top_cagr,264,0,0,264,0.29406010802200044,-0.4235845208435357,0.9885162399462915,0.24239176797301698,-0.1929478707003962,1.173811887805874,2.722374340331809,6,0.29924242424242425
TW,F,anchored,2,3,96,48,2007-01,2018-12,2019-01,2022-12,144,48,26424,fixed,6,0.01,equal,E_top_calmar,264,0,0,264,0.2653061924122724,-0.3087243070327903,1.0507826238441076,0.24615829719582627,-0.1961882698472075,1.1966003554280973,2.6153467789944407,6,0.2803030303030303
TW,F,anchored,2,3,96,48,2007-01,2018-12,2019-01,2022-12,144,48,26424,fixed,6,0.01,proportional,A_hrp,264,0,4,264,0.20163088194763668,-0.3903653213756779,1.0153368744254285,0.2330161016403567,-0.18760213191396446,1.17291728278834,3.2839457981874953,6,0.5113636363636364
TW,F,anchored,2,3,96,48,2007-01,2018-12,2019-01,2022-12,144,48,26424,fixed,6,0.01,proportional,D_top_cagr,264,0,0,264,0.29406010802200044,-0.4235845208435357,0.9885162399462915,0.24239176797301698,-0.1929478707003962,1.173811887805874,2.722374340331809,6,0.29924242424242425
TW,F,anchored,2,3,96,48,2007-01,2018-12,2019-01,2022-12,144,48,26424,fixed,6,0.01,proportional,E_top_calmar,264,0,0,264,0.2653061924122724,-0.3087243070327903,1.0507826238441076,0.24615829719582627,-0.1961882698472075,1.1966003554280973,2.6153467789944407,6,0.2803030303030303
TW,F,anchored,2,3,96,48,2007-01,2018-12,2019-01,2022-12,144,48,26424,fixed,6,0.03,equal,A_hrp,793,0,344,793,0.20102841750155798,-0.42787959468017744,0.9605443526562668,0.22091094661347532,-0.18547319069801127,1.133498790151769,,6,0.1677175283732661
TW,F,anchored,2,3,96,48,2007-01,2018-12,2019-01,2022-12,144,48,26424,fixed,6,0.03,equal,D_top_cagr,793,0,0,793,0.24363181095126585,-0.46702941573602885,1.020527672229493,0.24166499449046652,-0.19669012115995876,1.1676286221211076,,6,0.22950819672131148
TW,F,anchored,2,3,96,48,2007-01,2018-12,2019-01,2022-12,144,48,26424,fixed,6,0.03,equal,E_top_calmar,793,0,0,793,0.2259885589714976,-0.3770850583956755,1.0471095281104497,0.24021982344235293,-0.19382441804411432,1.1804670239478887,,6,0.30138713745271123
TW,F,anchored,2,3,96,48,2007-01,2018-12,2019-01,2022-12,144,48,26424,fixed,6,0.03,proportional,A_hrp,793,0,82,793,0.16816002375200156,-0.4695955444014701,0.8555432070317522,0.21786503550816128,-0.19385456670872203,1.111609631304682,,6,0.510718789407314
TW,F,anchored,2,3,96,48,2007-01,2018-12,2019-01,2022-12,144,48,26424,fixed,6,0.03,proportional,D_top_cagr,793,0,0,793,0.24363181095126585,-0.46702941573602885,1.020527672229493,0.24166499449046652,-0.19669012115995876,1.1676286221211076,,6,0.22950819672131148
TW,F,anchored,2,3,96,48,2007-01,2018-12,2019-01,2022-12,144,48,26424,fixed,6,0.03,proportional,E_top_calmar,793,0,0,793,0.2259885589714976,-0.3770850583956755,1.0471095281104497,0.24021982344235293,-0.19382441804411432,1.1804670239478887,,6,0.30138713745271123
TW,F,anchored,2,3,96,48,2007-01,2018-12,2019-01,2022-12,144,48,26424,fixed,6,0.05,equal,A_hrp,1321,0,784,1321,0.1970734578453892,-0.4391429660298005,0.9450334092826932,0.220931463381556,-0.18808757947632415,1.1283695830068101,,6,0.16729750189250567
TW,F,anchored,2,3,96,48,2007-01,2018-12,2019-01,2022-12,144,48,26424,fixed,6,0.05,equal,D_top_cagr,1321,0,0,1321,0.2233701413157494,-0.4784231469459538,0.9905592268426565,0.2416619673226026,-0.19675401886987154,1.170050550566389,,6,0.31188493565480696
TW,F,anchored,2,3,96,48,2007-01,2018-12,2019-01,2022-12,144,48,26424,fixed,6,0.05,equal,E_top_calmar,1321,0,0,1321,0.21132845516544974,-0.410101843553782,1.0062164671615714,0.2392771068607984,-0.19622285381777482,1.1744047399275561,,6,0.35730507191521577
TW,F,anchored,2,3,96,48,2007-01,2018-12,2019-01,2022-12,144,48,26424,fixed,6,0.05,proportional,A_hrp,1321,0,330,1321,0.16024462043843757,-0.4844505418483386,0.8098649786438582,0.21782564928340653,-0.1985911201272188,1.1045972502102128,,6,0.5109765329295988
TW,F,anchored,2,3,96,48,2007-01,2018-12,2019-01,2022-12,144,48,26424,fixed,6,0.05,proportional,D_top_cagr,1321,0,0,1321,0.2233701413157494,-0.4784231469459538,0.9905592268426565,0.2416619673226026,-0.19675401886987154,1.170050550566389,,6,0.31188493565480696
TW,F,anchored,2,3,96,48,2007-01,2018-12,2019-01,2022-12,144,48,26424,fixed,6,0.05,proportional,E_top_calmar,1321,0,0,1321,0.21132845516544974,-0.410101843553782,1.0062164671615714,0.2392771068607984,-0.19622285381777482,1.1744047399275561,,6,0.35730507191521577
TW,F,anchored,2,3,96,48,2007-01,2018-12,2019-01,2022-12,144,48,26424,fixed,6,0.1,equal,A_hrp,2642,0,1885,2642,0.179174923533572,-0.47155683686964267,0.8755871707580093,0.21475878072686472,-0.18600101325902807,1.1068785317649983,,6,0.16691900075700228
TW,F,anchored,2,3,96,48,2007-01,2018-12,2019-01,2022-12,144,48,26424,fixed,6,0.1,equal,D_top_cagr,2642,0,0,2642,0.1991400394224523,-0.49204599526141624,0.927382202799946,0.23722035474676018,-0.1956861373081369,1.1587236880319938,,6,0.3853141559424678
TW,F,anchored,2,3,96,48,2007-01,2018-12,2019-01,2022-12,144,48,26424,fixed,6,0.1,equal,E_top_calmar,2642,0,0,2642,0.19172126862752092,-0.445239560225691,0.9346777323961029,0.23287815916886712,-0.19471525998565298,1.1540273690290366,,6,0.40196820590461774
TW,F,anchored,2,3,96,48,2007-01,2018-12,2019-01,2022-12,144,48,26424,fixed,6,0.1,proportional,A_hrp,2642,0,1646,2642,0.17199586097947894,-0.46831519139978284,0.8586375481279601,0.2269460514752324,-0.19739462065731983,1.1329264376412207,,6,0.5109765329295988
TW,F,anchored,2,3,96,48,2007-01,2018-12,2019-01,2022-12,144,48,26424,fixed,6,0.1,proportional,D_top_cagr,2642,0,0,2642,0.1991400394224523,-0.49204599526141624,0.927382202799946,0.23722035474676018,-0.1956861373081369,1.1587236880319938,,6,0.3853141559424678
TW,F,anchored,2,3,96,48,2007-01,2018-12,2019-01,2022-12,144,48,26424,fixed,6,0.1,proportional,E_top_calmar,2642,0,0,2642,0.19172126862752092,-0.445239560225691,0.9346777323961029,0.23287815916886712,-0.19471525998565298,1.1540273690290366,,6,0.40196820590461774
TW,F,anchored,2,3,96,48,2007-01,2018-12,2019-01,2022-12,144,48,26424,silhouette_is,10,all,unallocated,B_all,26424,0,0,26424,0.11170047146584317,-0.5484999555627641,0.6053400740738659,0.20166543475645193,-0.1939917099299059,1.0570536853243462,,10,0.35955949137148047
TW,F,anchored,2,3,96,48,2007-01,2018-12,2019-01,2022-12,144,48,26424,silhouette_is,10,legacy,equal,A_hrp,50,0,1,50,0.2488382729967542,-0.282089384937001,1.170312339538822,0.22209582587925603,-0.18037860884713675,1.1489504537961912,3.0388350196444667,10,0.1
TW,F,anchored,2,3,96,48,2007-01,2018-12,2019-01,2022-12,144,48,26424,silhouette_is,10,legacy,equal,D_top_cagr,50,0,0,50,0.3711475069071155,-0.4124065667865656,0.6654624665604443,0.26672236136837935,-0.21555282265517905,1.2137671804174217,2.483078463410805,7,0.6
TW,F,anchored,2,3,96,48,2007-01,2018-12,2019-01,2022-12,144,48,26424,silhouette_is,10,legacy,equal,E_top_calmar,50,0,0,50,0.3222178553932433,-0.26754476179700093,0.8692683457781115,0.25526465937352794,-0.1945278215097781,1.182726492704796,2.4276362900592625,7,0.34
TW,F,anchored,2,3,96,48,2007-01,2018-12,2019-01,2022-12,144,48,26424,silhouette_is,10,legacy,proportional,A_hrp,50,0,0,50,0.24041102244241497,-0.2906792186753012,1.173118246683301,0.21919557389844324,-0.18429225198196242,1.109158308769728,2.689803332519259,10,0.36
TW,F,anchored,2,3,96,48,2007-01,2018-12,2019-01,2022-12,144,48,26424,silhouette_is,10,legacy,proportional,D_top_cagr,50,0,0,50,0.3711475069071155,-0.4124065667865656,0.6654624665604443,0.26672236136837935,-0.21555282265517905,1.2137671804174217,2.483078463410805,7,0.6
TW,F,anchored,2,3,96,48,2007-01,2018-12,2019-01,2022-12,144,48,26424,silhouette_is,10,legacy,proportional,E_top_calmar,50,0,0,50,0.3222178553932433,-0.26754476179700093,0.8692683457781115,0.25526465937352794,-0.1945278215097781,1.182726492704796,2.4276362900592625,7,0.34
TW,F,anchored,2,3,96,48,2007-01,2018-12,2019-01,2022-12,144,48,26424,silhouette_is,10,0.01,equal,A_hrp,264,0,37,264,0.22404010812373953,-0.39585644930802355,1.0204858688256035,0.2155903127956489,-0.18281372372228,1.1138275488357654,3.362655944545136,10,0.10227272727272728
TW,F,anchored,2,3,96,48,2007-01,2018-12,2019-01,2022-12,144,48,26424,silhouette_is,10,0.01,equal,D_top_cagr,264,0,0,264,0.29406010802200044,-0.4235845208435357,0.9885162399462915,0.24239176797301698,-0.1929478707003962,1.173811887805874,2.722374340331809,10,0.29924242424242425
TW,F,anchored,2,3,96,48,2007-01,2018-12,2019-01,2022-12,144,48,26424,silhouette_is,10,0.01,equal,E_top_calmar,264,0,0,264,0.2653061924122724,-0.3087243070327903,1.0507826238441076,0.24615829719582627,-0.1961882698472075,1.1966003554280973,2.6153467789944407,10,0.23106060606060605
TW,F,anchored,2,3,96,48,2007-01,2018-12,2019-01,2022-12,144,48,26424,silhouette_is,10,0.01,proportional,A_hrp,264,0,4,264,0.20200314548938691,-0.40284448786583504,1.0056575963242322,0.22414773747055294,-0.18272002848420443,1.1368267505853626,3.145031650622437,10,0.35984848484848486
TW,F,anchored,2,3,96,48,2007-01,2018-12,2019-01,2022-12,144,48,26424,silhouette_is,10,0.01,proportional,D_top_cagr,264,0,0,264,0.29406010802200044,-0.4235845208435357,0.9885162399462915,0.24239176797301698,-0.1929478707003962,1.173811887805874,2.722374340331809,10,0.29924242424242425
TW,F,anchored,2,3,96,48,2007-01,2018-12,2019-01,2022-12,144,48,26424,silhouette_is,10,0.01,proportional,E_top_calmar,264,0,0,264,0.2653061924122724,-0.3087243070327903,1.0507826238441076,0.24615829719582627,-0.1961882698472075,1.1966003554280973,2.6153467789944407,10,0.23106060606060605
TW,F,anchored,2,3,96,48,2007-01,2018-12,2019-01,2022-12,144,48,26424,silhouette_is,10,0.03,equal,A_hrp,793,0,274,793,0.19983756077844506,-0.43314842287137956,0.9471071240263816,0.22030048066706853,-0.18565314626412655,1.128682318104169,,10,0.1008827238335435
TW,F,anchored,2,3,96,48,2007-01,2018-12,2019-01,2022-12,144,48,26424,silhouette_is,10,0.03,equal,D_top_cagr,793,0,0,793,0.24363181095126585,-0.46702941573602885,1.020527672229493,0.24166499449046652,-0.19669012115995876,1.1676286221211076,,10,0.19293820933165196
TW,F,anchored,2,3,96,48,2007-01,2018-12,2019-01,2022-12,144,48,26424,silhouette_is,10,0.03,equal,E_top_calmar,793,0,0,793,0.2259885589714976,-0.3770850583956755,1.0471095281104497,0.24021982344235293,-0.19382441804411432,1.1804670239478887,,10,0.17654476670870115
TW,F,anchored,2,3,96,48,2007-01,2018-12,2019-01,2022-12,144,48,26424,silhouette_is,10,0.03,proportional,A_hrp,793,0,46,793,0.16489548705141854,-0.4783428126430962,0.8433711467311453,0.21098149618697848,-0.19178322113160773,1.0876610449905417,,10,0.3593947036569987
TW,F,anchored,2,3,96,48,2007-01,2018-12,2019-01,2022-12,144,48,26424,silhouette_is,10,0.03,proportional,D_top_cagr,793,0,0,793,0.24363181095126585,-0.46702941573602885,1.020527672229493,0.24166499449046652,-0.19669012115995876,1.1676286221211076,,10,0.19293820933165196
TW,F,anchored,2,3,96,48,2007-01,2018-12,2019-01,2022-12,144,48,26424,silhouette_is,10,0.03,proportional,E_top_calmar,793,0,0,793,0.2259885589714976,-0.3770850583956755,1.0471095281104497,0.24021982344235293,-0.19382441804411432,1.1804670239478887,,10,0.17654476670870115
TW,F,anchored,2,3,96,48,2007-01,2018-12,2019-01,2022-12,144,48,26424,silhouette_is,10,0.05,equal,A_hrp,1321,0,650,1321,0.1921354181106012,-0.4430918029627795,0.9175218387243763,0.22318886094771218,-0.18815095331694276,1.13498432948441,,10,0.10068130204390613
TW,F,anchored,2,3,96,48,2007-01,2018-12,2019-01,2022-12,144,48,26424,silhouette_is,10,0.05,equal,D_top_cagr,1321,0,0,1321,0.2233701413157494,-0.4784231469459538,0.9905592268426565,0.2416619673226026,-0.19675401886987154,1.170050550566389,,10,0.21044663133989402
TW,F,anchored,2,3,96,48,2007-01,2018-12,2019-01,2022-12,144,48,26424,silhouette_is,10,0.05,equal,E_top_calmar,1321,0,0,1321,0.21132845516544974,-0.410101843553782,1.0062164671615714,0.2392771068607984,-0.19622285381777482,1.1744047399275561,,10,0.23088569265707798
TW,F,anchored,2,3,96,48,2007-01,2018-12,2019-01,2022-12,144,48,26424,silhouette_is,10,0.05,proportional,A_hrp,1321,0,275,1321,0.15742046075224048,-0.48914687272003887,0.802891475673947,0.21157590866235632,-0.19542689606109442,1.0852356182707146,,10,0.35957607872823616
TW,F,anchored,2,3,96,48,2007-01,2018-12,2019-01,2022-12,144,48,26424,silhouette_is,10,0.05,proportional,D_top_cagr,1321,0,0,1321,0.2233701413157494,-0.4784231469459538,0.9905592268426565,0.2416619673226026,-0.19675401886987154,1.170050550566389,,10,0.21044663133989402
TW,F,anchored,2,3,96,48,2007-01,2018-12,2019-01,2022-12,144,48,26424,silhouette_is,10,0.05,proportional,E_top_calmar,1321,0,0,1321,0.21132845516544974,-0.410101843553782,1.0062164671615714,0.2392771068607984,-0.19622285381777482,1.1744047399275561,,10,0.23088569265707798
TW,F,anchored,2,3,96,48,2007-01,2018-12,2019-01,2022-12,144,48,26424,silhouette_is,10,0.1,equal,A_hrp,2642,1,1688,2642,0.17668597139869657,-0.47044567218970446,0.8617835017679923,0.21682280246718144,-0.1909882472891613,1.1077557202031465,,10,0.10370931112793338
TW,F,anchored,2,3,96,48,2007-01,2018-12,2019-01,2022-12,144,48,26424,silhouette_is,10,0.1,equal,D_top_cagr,2642,1,0,2642,0.1991400394224523,-0.49204599526141624,0.927382202799946,0.23722035474676018,-0.1956861373081369,1.1587236880319938,,10,0.2274791824375473
TW,F,anchored,2,3,96,48,2007-01,2018-12,2019-01,2022-12,144,48,26424,silhouette_is,10,0.1,equal,E_top_calmar,2642,1,0,2642,0.19172126862752092,-0.445239560225691,0.9346777323961029,0.23287815916886712,-0.19471525998565298,1.1540273690290366,,10,0.2380772142316427
TW,F,anchored,2,3,96,48,2007-01,2018-12,2019-01,2022-12,144,48,26424,silhouette_is,10,0.1,proportional,A_hrp,2642,0,1492,2642,0.1656916150049077,-0.47995896127087134,0.8369150180558825,0.2140483593301168,-0.19468715400683345,1.0899889554750923,,10,0.35957607872823616
TW,F,anchored,2,3,96,48,2007-01,2018-12,2019-01,2022-12,144,48,26424,silhouette_is,10,0.1,proportional,D_top_cagr,2642,0,0,2642,0.1991400394224523,-0.49204599526141624,0.927382202799946,0.23722035474676018,-0.1956861373081369,1.1587236880319938,,10,0.2274791824375473
TW,F,anchored,2,3,96,48,2007-01,2018-12,2019-01,2022-12,144,48,26424,silhouette_is,10,0.1,proportional,E_top_calmar,2642,0,0,2642,0.19172126862752092,-0.445239560225691,0.9346777323961029,0.23287815916886712,-0.19471525998565298,1.1540273690290366,,10,0.2380772142316427
TW,F,anchored,3,3,96,48,2007-01,2022-12,2023-01,2025-12,192,36,26424,fixed,6,all,unallocated,B_all,26424,0,0,26424,0.13353969900893792,-0.5484999555627641,0.7085465997616146,0.12541750663599283,-0.13830658386936634,1.0126432533508438,,6,0.42003481683318195
TW,F,anchored,3,3,96,48,2007-01,2022-12,2023-01,2025-12,192,36,26424,fixed,6,legacy,equal,A_hrp,30,0,0,30,0.2557480841464961,-0.3263595329053328,1.1498333453063172,0.15212892308272385,-0.15177816673517353,1.1626892396554525,4.381618131096556,6,0.16666666666666666
TW,F,anchored,3,3,96,48,2007-01,2022-12,2023-01,2025-12,192,36,26424,fixed,6,legacy,equal,D_top_cagr,30,0,0,30,0.3735724726495193,-0.3616349986700038,0.6339637043554901,0.1546643322640988,-0.1567772952380332,1.2078755824598228,2.7365388768724905,4,0.6
TW,F,anchored,3,3,96,48,2007-01,2022-12,2023-01,2025-12,192,36,26424,fixed,6,legacy,equal,E_top_calmar,30,0,0,30,0.3226228892205818,-0.24607417678134014,0.9458115259673533,0.16097461413438752,-0.14685477854452156,1.2814069756361992,2.948231567306657,3,0.5
TW,F,anchored,3,3,96,48,2007-01,2022-12,2023-01,2025-12,192,36,26424,fixed,6,legacy,proportional,A_hrp,30,0,0,30,0.26170256949698256,-0.24511516399824673,1.2478301323108003,0.16023845311938412,-0.13781549759080436,1.2955029715648039,4.555903957182252,6,0.4
TW,F,anchored,3,3,96,48,2007-01,2022-12,2023-01,2025-12,192,36,26424,fixed,6,legacy,proportional,D_top_cagr,30,0,0,30,0.3735724726495193,-0.3616349986700038,0.6339637043554901,0.1546643322640988,-0.1567772952380332,1.2078755824598228,2.7365388768724905,4,0.6
TW,F,anchored,3,3,96,48,2007-01,2022-12,2023-01,2025-12,192,36,26424,fixed,6,legacy,proportional,E_top_calmar,30,0,0,30,0.3226228892205818,-0.24607417678134014,0.9458115259673533,0.16097461413438752,-0.14685477854452156,1.2814069756361992,2.948231567306657,3,0.5
TW,F,anchored,3,3,96,48,2007-01,2022-12,2023-01,2025-12,192,36,26424,fixed,6,0.01,equal,A_hrp,264,0,92,264,0.24342102115977937,-0.39740378041721747,1.0445814105434847,0.14736217659365902,-0.1394786836919688,1.1375446236932312,5.102451582252475,6,0.16666666666666666
TW,F,anchored,3,3,96,48,2007-01,2022-12,2023-01,2025-12,192,36,26424,fixed,6,0.01,equal,D_top_cagr,264,0,0,264,0.2908685487835758,-0.43119019792434166,1.0575836142786352,0.16306018259106958,-0.14090583553468838,1.3011899854655784,3.916390499244925,6,0.3181818181818182
TW,F,anchored,3,3,96,48,2007-01,2022-12,2023-01,2025-12,192,36,26424,fixed,6,0.01,equal,E_top_calmar,264,0,0,264,0.26368051454150154,-0.30000735896089925,1.1332125484596238,0.15577381224268172,-0.13209980667396093,1.2746975738642115,3.7997780576743025,6,0.5227272727272727
TW,F,anchored,3,3,96,48,2007-01,2022-12,2023-01,2025-12,192,36,26424,fixed,6,0.01,proportional,A_hrp,264,0,3,264,0.21010619837539424,-0.3834656014226905,1.052460411947333,0.1406805738080812,-0.13562739809335844,1.1240226273133276,5.60252328492991,6,0.42045454545454547
TW,F,anchored,3,3,96,48,2007-01,2022-12,2023-01,2025-12,192,36,26424,fixed,6,0.01,proportional,D_top_cagr,264,0,0,264,0.2908685487835758,-0.43119019792434166,1.0575836142786352,0.16306018259106958,-0.14090583553468838,1.3011899854655784,3.916390499244925,6,0.3181818181818182
TW,F,anchored,3,3,96,48,2007-01,2022-12,2023-01,2025-12,192,36,26424,fixed,6,0.01,proportional,E_top_calmar,264,0,0,264,0.26368051454150154,-0.30000735896089925,1.1332125484596238,0.15577381224268172,-0.13209980667396093,1.2746975738642115,3.7997780576743025,6,0.5227272727272727
TW,F,anchored,3,3,96,48,2007-01,2022-12,2023-01,2025-12,192,36,26424,fixed,6,0.03,equal,A_hrp,793,0,356,793,0.21333909164869547,-0.46292145029207077,0.9713011770604788,0.1409776474163471,-0.14266052945588215,1.090903844487164,,6,0.1677175283732661
TW,F,anchored,3,3,96,48,2007-01,2022-12,2023-01,2025-12,192,36,26424,fixed,6,0.03,equal,D_top_cagr,793,0,0,793,0.2506683217546233,-0.47185743763667265,1.0842121697773717,0.1554446588846321,-0.1432485050618677,1.229553084375916,,6,0.3619167717528373
TW,F,anchored,3,3,96,48,2007-01,2022-12,2023-01,2025-12,192,36,26424,fixed,6,0.03,equal,E_top_calmar,793,0,0,793,0.2336868928040705,-0.37982974015102056,1.1007825570127576,0.14997490898465626,-0.1354304246135637,1.2034206442204367,,6,0.4451450189155107
TW,F,anchored,3,3,96,48,2007-01,2022-12,2023-01,2025-12,192,36,26424,fixed,6,0.03,proportional,A_hrp,793,0,54,793,0.18030178724813828,-0.46417316500260164,0.9211934502365825,0.1311273574847529,-0.13602525482447136,1.0746887134574912,,6,0.41992433795712486
TW,F,anchored,3,3,96,48,2007-01,2022-12,2023-01,2025-12,192,36,26424,fixed,6,0.03,proportional,D_top_cagr,793,0,0,793,0.2506683217546233,-0.47185743763667265,1.0842121697773717,0.1554446588846321,-0.1432485050618677,1.229553084375916,,6,0.3619167717528373
TW,F,anchored,3,3,96,48,2007-01,2022-12,2023-01,2025-12,192,36,26424,fixed,6,0.03,proportional,E_top_calmar,793,0,0,793,0.2336868928040705,-0.37982974015102056,1.1007825570127576,0.14997490898465626,-0.1354304246135637,1.2034206442204367,,6,0.4451450189155107
TW,F,anchored,3,3,96,48,2007-01,2022-12,2023-01,2025-12,192,36,26424,fixed,6,0.05,equal,A_hrp,1321,0,690,1321,0.19864908196878206,-0.48255434769720584,0.9321603597714273,0.13985918319922352,-0.14201825055137196,1.0853653285162486,,6,0.16729750189250567
TW,F,anchored,3,3,96,48,2007-01,2022-12,2023-01,2025-12,192,36,26424,fixed,6,0.05,equal,D_top_cagr,1321,0,0,1321,0.23468921146289246,-0.4818976093771875,1.0503819806751957,0.15478715181737157,-0.14137949072915257,1.2186533303766973,,6,0.37017411052233157
TW,F,anchored,3,3,96,48,2007-01,2022-12,2023-01,2025-12,192,36,26424,fixed,6,0.05,equal,E_top_calmar,1321,0,0,1321,0.22087840647378698,-0.4098779278994191,1.0600964205666563,0.14739109194559763,-0.1360094986323208,1.1772249370962689,,6,0.39666919000757
TW,F,anchored,3,3,96,48,2007-01,2022-12,2023-01,2025-12,192,36,26424,fixed,6,0.05,proportional,A_hrp,1321,0,299,1321,0.17481375535897237,-0.4780330176026224,0.8916379985708559,0.1324035762129958,-0.13616130929795878,1.0869538737015385,,6,0.4201362604087812
TW,F,anchored,3,3,96,48,2007-01,2022-12,2023-01,2025-12,192,36,26424,fixed,6,0.05,proportional,D_top_cagr,1321,0,0,1321,0.23468921146289246,-0.4818976093771875,1.0503819806751957,0.15478715181737157,-0.14137949072915257,1.2186533303766973,,6,0.37017411052233157
TW,F,anchored,3,3,96,48,2007-01,2022-12,2023-01,2025-12,192,36,26424,fixed,6,0.05,proportional,E_top_calmar,1321,0,0,1321,0.22087840647378698,-0.4098779278994191,1.0600964205666563,0.14739109194559763,-0.1360094986323208,1.1772249370962689,,6,0.39666919000757
TW,F,anchored,3,3,96,48,2007-01,2022-12,2023-01,2025-12,192,36,26424,fixed,6,0.1,equal,A_hrp,2642,0,1723,2642,0.18096047573470853,-0.509658038498136,0.8776594879163621,0.13628356299285138,-0.14133992929413008,1.0683742816725261,,6,0.16691900075700228
TW,F,anchored,3,3,96,48,2007-01,2022-12,2023-01,2025-12,192,36,26424,fixed,6,0.1,equal,D_top_cagr,2642,0,0,2642,0.21289519669405288,-0.4975255282396035,0.9914494861958753,0.15231062617390068,-0.13979152366883385,1.1947858181600324,,6,0.36828160484481454
TW,F,anchored,3,3,96,48,2007-01,2022-12,2023-01,2025-12,192,36,26424,fixed,6,0.1,equal,E_top_calmar,2642,0,0,2642,0.20401768979426493,-0.4433226281366396,0.9962674620873069,0.1446818356327162,-0.13636130142403002,1.1468242506317103,,6,0.39288417865253594
TW,F,anchored,3,3,96,48,2007-01,2022-12,2023-01,2025-12,192,36,26424,fixed,6,0.1,proportional,A_hrp,2642,0,1584,2642,0.18659011057432395,-0.4678921976743854,0.9339698805186251,0.13913500557670888,-0.13615408040904708,1.119288661026599,,6,0.4201362604087812
TW,F,anchored,3,3,96,48,2007-01,2022-12,2023-01,2025-12,192,36,26424,fixed,6,0.1,proportional,D_top_cagr,2642,0,0,2642,0.21289519669405288,-0.4975255282396035,0.9914494861958753,0.15231062617390068,-0.13979152366883385,1.1947858181600324,,6,0.36828160484481454
TW,F,anchored,3,3,96,48,2007-01,2022-12,2023-01,2025-12,192,36,26424,fixed,6,0.1,proportional,E_top_calmar,2642,0,0,2642,0.20401768979426493,-0.4433226281366396,0.9962674620873069,0.1446818356327162,-0.13636130142403002,1.1468242506317103,,6,0.39288417865253594
TW,F,anchored,3,3,96,48,2007-01,2022-12,2023-01,2025-12,192,36,26424,silhouette_is,5,all,unallocated,B_all,26424,0,0,26424,0.13353969900893792,-0.5484999555627641,0.7085465997616146,0.12541750663599283,-0.13830658386936634,1.0126432533508438,,5,0.42003481683318195
TW,F,anchored,3,3,96,48,2007-01,2022-12,2023-01,2025-12,192,36,26424,silhouette_is,5,legacy,equal,A_hrp,25,0,0,25,0.2598890414665904,-0.28786804306374625,1.185089751089631,0.15382629856231889,-0.14685997719914212,1.1905407639667345,4.227758349097941,5,0.2
TW,F,anchored,3,3,96,48,2007-01,2022-12,2023-01,2025-12,192,36,26424,silhouette_is,5,legacy,equal,D_top_cagr,25,0,0,25,0.37974722083749035,-0.3499268128001054,0.5897933642301987,0.15908290797349323,-0.15763745740207402,1.2488732822427344,2.866114579389835,4,0.64
TW,F,anchored,3,3,96,48,2007-01,2022-12,2023-01,2025-12,192,36,26424,silhouette_is,5,legacy,equal,E_top_calmar,25,0,0,25,0.3303984543756795,-0.24414640990556347,0.8975699560214672,0.1652281179249322,-0.15327815102997433,1.2985776823422706,3.000888241170659,3,0.44
TW,F,anchored,3,3,96,48,2007-01,2022-12,2023-01,2025-12,192,36,26424,silhouette_is,5,legacy,proportional,A_hrp,25,0,0,25,0.2711651777080313,-0.2381789096025987,1.2875447222827454,0.1671182431337379,-0.13546562578522658,1.3602681338326321,4.630289032722424,5,0.4
TW,F,anchored,3,3,96,48,2007-01,2022-12,2023-01,2025-12,192,36,26424,silhouette_is,5,legacy,proportional,D_top_cagr,25,0,0,25,0.37974722083749035,-0.3499268128001054,0.5897933642301987,0.15908290797349323,-0.15763745740207402,1.2488732822427344,2.866114579389835,4,0.64
TW,F,anchored,3,3,96,48,2007-01,2022-12,2023-01,2025-12,192,36,26424,silhouette_is,5,legacy,proportional,E_top_calmar,25,0,0,25,0.3303984543756795,-0.24414640990556347,0.8975699560214672,0.1652281179249322,-0.15327815102997433,1.2985776823422706,3.000888241170659,3,0.44
TW,F,anchored,3,3,96,48,2007-01,2022-12,2023-01,2025-12,192,36,26424,silhouette_is,5,0.01,equal,A_hrp,264,0,85,264,0.2439479361778616,-0.39622898924590955,1.040320859314101,0.14215168166361414,-0.14086896629752244,1.1162598726165107,5.061704020154374,5,0.20075757575757575
TW,F,anchored,3,3,96,48,2007-01,2022-12,2023-01,2025-12,192,36,26424,silhouette_is,5,0.01,equal,D_top_cagr,264,0,0,264,0.2908685487835758,-0.43119019792434166,1.0575836142786352,0.16306018259106958,-0.14090583553468838,1.3011899854655784,3.916390499244925,5,0.3181818181818182
TW,F,anchored,3,3,96,48,2007-01,2022-12,2023-01,2025-12,192,36,26424,silhouette_is,5,0.01,equal,E_top_calmar,264,0,0,264,0.26368051454150154,-0.30000735896089925,1.1332125484596238,0.15577381224268172,-0.13209980667396093,1.2746975738642115,3.7997780576743025,5,0.5227272727272727
TW,F,anchored,3,3,96,48,2007-01,2022-12,2023-01,2025-12,192,36,26424,silhouette_is,5,0.01,proportional,A_hrp,264,0,3,264,0.20902755146716778,-0.3813866009641902,1.0550187775864373,0.14088151054434506,-0.13535843662073266,1.1252327863801284,5.5790427181309665,5,0.42045454545454547
TW,F,anchored,3,3,96,48,2007-01,2022-12,2023-01,2025-12,192,36,26424,silhouette_is,5,0.01,proportional,D_top_cagr,264,0,0,264,0.2908685487835758,-0.43119019792434166,1.0575836142786352,0.16306018259106958,-0.14090583553468838,1.3011899854655784,3.916390499244925,5,0.3181818181818182
TW,F,anchored,3,3,96,48,2007-01,2022-12,2023-01,2025-12,192,36,26424,silhouette_is,5,0.01,proportional,E_top_calmar,264,0,0,264,0.26368051454150154,-0.30000735896089925,1.1332125484596238,0.15577381224268172,-0.13209980667396093,1.2746975738642115,3.7997780576743025,5,0.5227272727272727
TW,F,anchored,3,3,96,48,2007-01,2022-12,2023-01,2025-12,192,36,26424,silhouette_is,5,0.03,equal,A_hrp,793,0,352,793,0.21124305500427765,-0.4589694616825861,0.986373474273963,0.14201217123367882,-0.1411474100614435,1.109441896445832,,5,0.2005044136191677
TW,F,anchored,3,3,96,48,2007-01,2022-12,2023-01,2025-12,192,36,26424,silhouette_is,5,0.03,equal,D_top_cagr,793,0,0,793,0.2506683217546233,-0.47185743763667265,1.0842121697773717,0.1554446588846321,-0.1432485050618677,1.229553084375916,,5,0.3619167717528373
TW,F,anchored,3,3,96,48,2007-01,2022-12,2023-01,2025-12,192,36,26424,silhouette_is,5,0.03,equal,E_top_calmar,793,0,0,793,0.2336868928040705,-0.37982974015102056,1.1007825570127576,0.14997490898465626,-0.1354304246135637,1.2034206442204367,,5,0.4451450189155107
TW,F,anchored,3,3,96,48,2007-01,2022-12,2023-01,2025-12,192,36,26424,silhouette_is,5,0.03,proportional,A_hrp,793,0,55,793,0.1781145140664684,-0.4685180947886567,0.9139730851158018,0.12933836315750247,-0.13725435261509134,1.0612289883920252,,5,0.41992433795712486
TW,F,anchored,3,3,96,48,2007-01,2022-12,2023-01,2025-12,192,36,26424,silhouette_is,5,0.03,proportional,D_top_cagr,793,0,0,793,0.2506683217546233,-0.47185743763667265,1.0842121697773717,0.1554446588846321,-0.1432485050618677,1.229553084375916,,5,0.3619167717528373
TW,F,anchored,3,3,96,48,2007-01,2022-12,2023-01,2025-12,192,36,26424,silhouette_is,5,0.03,proportional,E_top_calmar,793,0,0,793,0.2336868928040705,-0.37982974015102056,1.1007825570127576,0.14997490898465626,-0.1354304246135637,1.2034206442204367,,5,0.4451450189155107
TW,F,anchored,3,3,96,48,2007-01,2022-12,2023-01,2025-12,192,36,26424,silhouette_is,5,0.05,equal,A_hrp,1321,0,669,1321,0.19592165825285934,-0.4830718247335173,0.9388452744809906,0.13976639051137996,-0.14091509923817003,1.0942168329417075,,5,0.20060560181680545
TW,F,anchored,3,3,96,48,2007-01,2022-12,2023-01,2025-12,192,36,26424,silhouette_is,5,0.05,equal,D_top_cagr,1321,0,0,1321,0.23468921146289246,-0.4818976093771875,1.0503819806751957,0.15478715181737157,-0.14137949072915257,1.2186533303766973,,5,0.37017411052233157
TW,F,anchored,3,3,96,48,2007-01,2022-12,2023-01,2025-12,192,36,26424,silhouette_is,5,0.05,equal,E_top_calmar,1321,0,0,1321,0.22087840647378698,-0.4098779278994191,1.0600964205666563,0.14739109194559763,-0.1360094986323208,1.1772249370962689,,5,0.39666919000757
TW,F,anchored,3,3,96,48,2007-01,2022-12,2023-01,2025-12,192,36,26424,silhouette_is,5,0.05,proportional,A_hrp,1321,0,355,1321,0.1778381214041811,-0.47271649649381375,0.9008126092577567,0.13326036403705377,-0.13712679862158383,1.0876909823512528,,5,0.4201362604087812
TW,F,anchored,3,3,96,48,2007-01,2022-12,2023-01,2025-12,192,36,26424,silhouette_is,5,0.05,proportional,D_top_cagr,1321,0,0,1321,0.23468921146289246,-0.4818976093771875,1.0503819806751957,0.15478715181737157,-0.14137949072915257,1.2186533303766973,,5,0.37017411052233157
TW,F,anchored,3,3,96,48,2007-01,2022-12,2023-01,2025-12,192,36,26424,silhouette_is,5,0.05,proportional,E_top_calmar,1321,0,0,1321,0.22087840647378698,-0.4098779278994191,1.0600964205666563,0.14739109194559763,-0.1360094986323208,1.1772249370962689,,5,0.39666919000757
TW,F,anchored,3,3,96,48,2007-01,2022-12,2023-01,2025-12,192,36,26424,silhouette_is,5,0.1,equal,A_hrp,2642,1,1695,2642,0.1806936077890029,-0.5038794678107453,0.8881811020058946,0.13777107841456782,-0.14073244538482765,1.0867692082342035,,5,0.2028766086298259
TW,F,anchored,3,3,96,48,2007-01,2022-12,2023-01,2025-12,192,36,26424,silhouette_is,5,0.1,equal,D_top_cagr,2642,1,0,2642,0.21289519669405288,-0.4975255282396035,0.9914494861958753,0.15231062617390068,-0.13979152366883385,1.1947858181600324,,5,0.36828160484481454
TW,F,anchored,3,3,96,48,2007-01,2022-12,2023-01,2025-12,192,36,26424,silhouette_is,5,0.1,equal,E_top_calmar,2642,1,0,2642,0.20401768979426493,-0.4433226281366396,0.9962674620873069,0.1446818356327162,-0.13636130142403002,1.1468242506317103,,5,0.39288417865253594
TW,F,anchored,3,3,96,48,2007-01,2022-12,2023-01,2025-12,192,36,26424,silhouette_is,5,0.1,proportional,A_hrp,2642,0,1651,2642,0.1883719130180852,-0.4655257834504335,0.9381654197735101,0.13890659485317158,-0.13652983673849128,1.114638788900369,,5,0.4201362604087812
TW,F,anchored,3,3,96,48,2007-01,2022-12,2023-01,2025-12,192,36,26424,silhouette_is,5,0.1,proportional,D_top_cagr,2642,0,0,2642,0.21289519669405288,-0.4975255282396035,0.9914494861958753,0.15231062617390068,-0.13979152366883385,1.1947858181600324,,5,0.36828160484481454
TW,F,anchored,3,3,96,48,2007-01,2022-12,2023-01,2025-12,192,36,26424,silhouette_is,5,0.1,proportional,E_top_calmar,2642,0,0,2642,0.20401768979426493,-0.4433226281366396,0.9962674620873069,0.1446818356327162,-0.13636130142403002,1.1468242506317103,,5,0.39288417865253594
TW,G,anchored,1,4,120,24,2007-01,2016-12,2017-01,2018-12,120,24,26424,fixed,6,all,unallocated,B_all,26424,0,0,26424,0.11478639807521485,-0.5484999555627641,0.5939924036100451,0.09639850235107761,-0.15514517106851222,0.8192604464085614,,6,0.49178776869512564
TW,G,anchored,1,4,120,24,2007-01,2016-12,2017-01,2018-12,120,24,26424,fixed,6,legacy,equal,A_hrp,30,0,1,30,0.29386424408696077,-0.27626966092563954,1.2151599854873991,0.12156055605631666,-0.14169184264420698,1.0237345142812386,3.103751504949628,6,0.16666666666666666
TW,G,anchored,1,4,120,24,2007-01,2016-12,2017-01,2018-12,120,24,26424,fixed,6,legacy,equal,D_top_cagr,30,0,0,30,0.44553281029786573,-0.39602130945411085,0.6053605246238546,0.16679254337637173,-0.13151198278885468,1.3412257046514011,2.6684060414305657,5,0.6333333333333333
TW,G,anchored,1,4,120,24,2007-01,2016-12,2017-01,2018-12,120,24,26424,fixed,6,legacy,equal,E_top_calmar,30,0,0,30,0.40144664003811137,-0.28570882024483846,0.7300676711270828,0.15596469731321383,-0.1368800599122051,1.2324963126125523,2.5238289422912885,4,0.36666666666666664
TW,G,anchored,1,4,120,24,2007-01,2016-12,2017-01,2018-12,120,24,26424,fixed,6,legacy,proportional,A_hrp,30,0,0,30,0.288419380380315,-0.24918261415577858,1.2777494143181851,0.13141176362079232,-0.1403614449258319,1.0946549789542086,3.000129069521118,6,0.4666666666666667
TW,G,anchored,1,4,120,24,2007-01,2016-12,2017-01,2018-12,120,24,26424,fixed,6,legacy,proportional,D_top_cagr,30,0,0,30,0.44553281029786573,-0.39602130945411085,0.6053605246238546,0.16679254337637173,-0.13151198278885468,1.3412257046514011,2.6684060414305657,5,0.6333333333333333
TW,G,anchored,1,4,120,24,2007-01,2016-12,2017-01,2018-12,120,24,26424,fixed,6,legacy,proportional,E_top_calmar,30,0,0,30,0.40144664003811137,-0.28570882024483846,0.7300676711270828,0.15596469731321383,-0.1368800599122051,1.2324963126125523,2.5238289422912885,4,0.36666666666666664
TW,G,anchored,1,4,120,24,2007-01,2016-12,2017-01,2018-12,120,24,26424,fixed,6,0.01,equal,A_hrp,264,0,86,264,0.2732510557260761,-0.3946184861422535,1.029550814486308,0.11275777539521536,-0.14362475205890413,0.984423358586204,4.023370392801491,6,0.16666666666666666
TW,G,anchored,1,4,120,24,2007-01,2016-12,2017-01,2018-12,120,24,26424,fixed,6,0.01,equal,D_top_cagr,264,0,0,264,0.327616481393995,-0.42531460677642263,1.0036499763135438,0.13609192233044776,-0.14321282313837402,1.134212344328087,3.5555989128786014,6,0.2840909090909091
TW,G,anchored,1,4,120,24,2007-01,2016-12,2017-01,2018-12,120,24,26424,fixed,6,0.01,equal,E_top_calmar,264,0,0,264,0.2944319860958289,-0.3125468693268584,1.0622440321943345,0.13735567709211982,-0.13668890901155784,1.1583165948179583,3.0658773439143427,6,0.2689393939393939
TW,G,anchored,1,4,120,24,2007-01,2016-12,2017-01,2018-12,120,24,26424,fixed,6,0.01,proportional,A_hrp,264,0,4,264,0.22037929405717116,-0.3897907148681241,1.0274120529530406,0.11152644261458455,-0.14423811816583987,0.9672054631339178,3.9022150635492316,6,0.49242424242424243
TW,G,anchored,1,4,120,24,2007-01,2016-12,2017-01,2018-12,120,24,26424,fixed,6,0.01,proportional,D_top_cagr,264,0,0,264,0.327616481393995,-0.42531460677642263,1.0036499763135438,0.13609192233044776,-0.14321282313837402,1.134212344328087,3.5555989128786014,6,0.2840909090909091
TW,G,anchored,1,4,120,24,2007-01,2016-12,2017-01,2018-12,120,24,26424,fixed,6,0.01,proportional,E_top_calmar,264,0,0,264,0.2944319860958289,-0.3125468693268584,1.0622440321943345,0.13735567709211982,-0.13668890901155784,1.1583165948179583,3.0658773439143427,6,0.2689393939393939
TW,G,anchored,1,4,120,24,2007-01,2016-12,2017-01,2018-12,120,24,26424,fixed,6,0.03,equal,A_hrp,793,0,366,793,0.22968678269839327,-0.44494117696630875,0.9622169255288806,0.10827053522688823,-0.1458513400643937,0.9371036990710437,,6,0.1677175283732661
TW,G,anchored,1,4,120,24,2007-01,2016-12,2017-01,2018-12,120,24,26424,fixed,6,0.03,equal,D_top_cagr,793,0,0,793,0.26729216905305275,-0.46507694286827694,1.025085950677945,0.1301639402364665,-0.14518127450084684,1.087205528736103,,6,0.2459016393442623
TW,G,anchored,1,4,120,24,2007-01,2016-12,2017-01,2018-12,120,24,26424,fixed,6,0.03,equal,E_top_calmar,793,0,0,793,0.2492954818665245,-0.3781250741735188,1.057276500858851,0.12395883567143695,-0.14274888450268408,1.0502990263267653,,6,0.266078184110971
TW,G,anchored,1,4,120,24,2007-01,2016-12,2017-01,2018-12,120,24,26424,fixed,6,0.03,proportional,A_hrp,793,0,88,793,0.1821461527669861,-0.4435377564006253,0.8796670587845439,0.10622159664382358,-0.1471364624676208,0.9164889113582516,,6,0.4918032786885246
TW,G,anchored,1,4,120,24,2007-01,2016-12,2017-01,2018-12,120,24,26424,fixed,6,0.03,proportional,D_top_cagr,793,0,0,793,0.26729216905305275,-0.46507694286827694,1.025085950677945,0.1301639402364665,-0.14518127450084684,1.087205528736103,,6,0.2459016393442623
TW,G,anchored,1,4,120,24,2007-01,2016-12,2017-01,2018-12,120,24,26424,fixed,6,0.03,proportional,E_top_calmar,793,0,0,793,0.2492954818665245,-0.3781250741735188,1.057276500858851,0.12395883567143695,-0.14274888450268408,1.0502990263267653,,6,0.266078184110971
TW,G,anchored,1,4,120,24,2007-01,2016-12,2017-01,2018-12,120,24,26424,fixed,6,0.05,equal,A_hrp,1321,0,722,1321,0.2098144986836099,-0.45914530558035493,0.9182713487592361,0.10686782937557937,-0.1468584678640391,0.92533673566478,,6,0.16729750189250567
TW,G,anchored,1,4,120,24,2007-01,2016-12,2017-01,2018-12,120,24,26424,fixed,6,0.05,equal,D_top_cagr,1321,0,0,1321,0.2434010692071864,-0.47563712165225447,0.9931746026062074,0.1263072406842931,-0.1472672141876471,1.0510065233597803,,6,0.24299772899318697
TW,G,anchored,1,4,120,24,2007-01,2016-12,2017-01,2018-12,120,24,26424,fixed,6,0.05,equal,E_top_calmar,1321,0,0,1321,0.230361396993771,-0.40948146428148635,1.0121064974014755,0.12342722253658689,-0.14434481487292294,1.0426530561050031,,6,0.2732778198334595
TW,G,anchored,1,4,120,24,2007-01,2016-12,2017-01,2018-12,120,24,26424,fixed,6,0.05,proportional,A_hrp,1321,0,293,1321,0.16701640890387393,-0.4738705469883906,0.8148300377880923,0.10357536306701776,-0.14935819470929812,0.8869956938418116,,6,0.49205147615442846
TW,G,anchored,1,4,120,24,2007-01,2016-12,2017-01,2018-12,120,24,26424,fixed,6,0.05,proportional,D_top_cagr,1321,0,0,1321,0.2434010692071864,-0.47563712165225447,0.9931746026062074,0.1263072406842931,-0.1472672141876471,1.0510065233597803,,6,0.24299772899318697
TW,G,anchored,1,4,120,24,2007-01,2016-12,2017-01,2018-12,120,24,26424,fixed,6,0.05,proportional,E_top_calmar,1321,0,0,1321,0.230361396993771,-0.40948146428148635,1.0121064974014755,0.12342722253658689,-0.14434481487292294,1.0426530561050031,,6,0.2732778198334595
TW,G,anchored,1,4,120,24,2007-01,2016-12,2017-01,2018-12,120,24,26424,fixed,6,0.1,equal,A_hrp,2642,0,1823,2642,0.18929738310948796,-0.483233836638694,0.8574746706925793,0.10340239447961852,-0.15003936320688893,0.8879850735135831,,6,0.16691900075700228
TW,G,anchored,1,4,120,24,2007-01,2016-12,2017-01,2018-12,120,24,26424,fixed,6,0.1,equal,D_top_cagr,2642,0,0,2642,0.2138283861397543,-0.488144372529694,0.9313339158669227,0.12400133272994274,-0.1481714095666652,1.0318286141143578,,6,0.2804693414080242
TW,G,anchored,1,4,120,24,2007-01,2016-12,2017-01,2018-12,120,24,26424,fixed,6,0.1,equal,E_top_calmar,2642,0,0,2642,0.20591659486909109,-0.44327903306434735,0.9387033111573723,0.12114548021290927,-0.1460442116974725,1.0212966635883525,,6,0.3376230128690386
TW,G,anchored,1,4,120,24,2007-01,2016-12,2017-01,2018-12,120,24,26424,fixed,6,0.1,proportional,A_hrp,2642,0,1588,2642,0.17993605724961892,-0.4651156576047214,0.8584570043767116,0.11547106485451786,-0.1472957577679651,0.9761094234146921,,6,0.49167297501892504
TW,G,anchored,1,4,120,24,2007-01,2016-12,2017-01,2018-12,120,24,26424,fixed,6,0.1,proportional,D_top_cagr,2642,0,0,2642,0.2138283861397543,-0.488144372529694,0.9313339158669227,0.12400133272994274,-0.1481714095666652,1.0318286141143578,,6,0.2804693414080242
TW,G,anchored,1,4,120,24,2007-01,2016-12,2017-01,2018-12,120,24,26424,fixed,6,0.1,proportional,E_top_calmar,2642,0,0,2642,0.20591659486909109,-0.44327903306434735,0.9387033111573723,0.12114548021290927,-0.1460442116974725,1.0212966635883525,,6,0.3376230128690386
TW,G,anchored,1,4,120,24,2007-01,2016-12,2017-01,2018-12,120,24,26424,silhouette_is,4,all,unallocated,B_all,26424,0,0,26424,0.11478639807521485,-0.5484999555627641,0.5939924036100451,0.09639850235107761,-0.15514517106851222,0.8192604464085614,,4,0.49178776869512564
TW,G,anchored,1,4,120,24,2007-01,2016-12,2017-01,2018-12,120,24,26424,silhouette_is,4,legacy,equal,A_hrp,20,0,1,20,0.30318636154491263,-0.25129124176440465,1.235521454374994,0.1269819003910322,-0.14049367825175574,1.0633024265366258,2.75611327058063,4,0.25
TW,G,anchored,1,4,120,24,2007-01,2016-12,2017-01,2018-12,120,24,26424,silhouette_is,4,legacy,equal,D_top_cagr,20,0,0,20,0.4575299255198182,-0.38584527098251975,0.5226666987417314,0.169565587437287,-0.1342239929262522,1.3174977500504383,2.176907054051855,3,0.75
TW,G,anchored,1,4,120,24,2007-01,2016-12,2017-01,2018-12,120,24,26424,silhouette_is,4,legacy,equal,E_top_calmar,20,0,0,20,0.3930691380088802,-0.2656667082919587,0.8522625519413899,0.15586456280517602,-0.14179508471242375,1.225435855637179,2.1850978213975862,3,0.45
TW,G,anchored,1,4,120,24,2007-01,2016-12,2017-01,2018-12,120,24,26424,silhouette_is,4,legacy,proportional,A_hrp,20,0,0,20,0.3143104188981256,-0.25568438854012177,1.330645758236012,0.13438615226066686,-0.14445732118291765,1.0935772338287715,2.9403272434842833,4,0.45
TW,G,anchored,1,4,120,24,2007-01,2016-12,2017-01,2018-12,120,24,26424,silhouette_is,4,legacy,proportional,D_top_cagr,20,0,0,20,0.4575299255198182,-0.38584527098251975,0.5226666987417314,0.169565587437287,-0.1342239929262522,1.3174977500504383,2.176907054051855,3,0.75
TW,G,anchored,1,4,120,24,2007-01,2016-12,2017-01,2018-12,120,24,26424,silhouette_is,4,legacy,proportional,E_top_calmar,20,0,0,20,0.3930691380088802,-0.2656667082919587,0.8522625519413899,0.15586456280517602,-0.14179508471242375,1.225435855637179,2.1850978213975862,3,0.45
TW,G,anchored,1,4,120,24,2007-01,2016-12,2017-01,2018-12,120,24,26424,silhouette_is,4,0.01,equal,A_hrp,264,0,102,264,0.26947687606949633,-0.38567915104316564,1.002449999619048,0.1276072052945596,-0.13857450823908102,1.0889056840170726,3.517504432605781,4,0.25
TW,G,anchored,1,4,120,24,2007-01,2016-12,2017-01,2018-12,120,24,26424,silhouette_is,4,0.01,equal,D_top_cagr,264,0,0,264,0.327616481393995,-0.42531460677642263,1.0036499763135438,0.13609192233044776,-0.14321282313837402,1.134212344328087,3.5555989128786014,4,0.5492424242424242
TW,G,anchored,1,4,120,24,2007-01,2016-12,2017-01,2018-12,120,24,26424,silhouette_is,4,0.01,equal,E_top_calmar,264,0,0,264,0.2944319860958289,-0.3125468693268584,1.0622440321943345,0.13735567709211982,-0.13668890901155784,1.1583165948179583,3.0658773439143427,4,0.5378787878787878
TW,G,anchored,1,4,120,24,2007-01,2016-12,2017-01,2018-12,120,24,26424,silhouette_is,4,0.01,proportional,A_hrp,264,0,4,264,0.21481904730763812,-0.3895586278512574,1.0275704616364405,0.11026684399288045,-0.14403384427760058,0.9569192306751186,3.969378925665357,4,0.49242424242424243
TW,G,anchored,1,4,120,24,2007-01,2016-12,2017-01,2018-12,120,24,26424,silhouette_is,4,0.01,proportional,D_top_cagr,264,0,0,264,0.327616481393995,-0.42531460677642263,1.0036499763135438,0.13609192233044776,-0.14321282313837402,1.134212344328087,3.5555989128786014,4,0.5492424242424242
TW,G,anchored,1,4,120,24,2007-01,2016-12,2017-01,2018-12,120,24,26424,silhouette_is,4,0.01,proportional,E_top_calmar,264,0,0,264,0.2944319860958289,-0.3125468693268584,1.0622440321943345,0.13735567709211982,-0.13668890901155784,1.1583165948179583,3.0658773439143427,4,0.5378787878787878
TW,G,anchored,1,4,120,24,2007-01,2016-12,2017-01,2018-12,120,24,26424,silhouette_is,4,0.03,equal,A_hrp,793,0,366,793,0.21688288780343568,-0.45348366506823135,0.946896136077295,0.11218214209573008,-0.14227996968519907,0.9704042908251459,,4,0.2509457755359395
TW,G,anchored,1,4,120,24,2007-01,2016-12,2017-01,2018-12,120,24,26424,silhouette_is,4,0.03,equal,D_top_cagr,793,0,0,793,0.26729216905305275,-0.46507694286827694,1.025085950677945,0.1301639402364665,-0.14518127450084684,1.087205528736103,,4,0.5712484237074401
TW,G,anchored,1,4,120,24,2007-01,2016-12,2017-01,2018-12,120,24,26424,silhouette_is,4,0.03,equal,E_top_calmar,793,0,0,793,0.2492954818665245,-0.3781250741735188,1.057276500858851,0.12395883567143695,-0.14274888450268408,1.0502990263267653,,4,0.5460277427490542
TW,G,anchored,1,4,120,24,2007-01,2016-12,2017-01,2018-12,120,24,26424,silhouette_is,4,0.03,proportional,A_hrp,793,0,126,793,0.18372066259254405,-0.43943889707398487,0.889675826954042,0.10318680568998273,-0.14703476935168702,0.8955004614026519,,4,0.4918032786885246
TW,G,anchored,1,4,120,24,2007-01,2016-12,2017-01,2018-12,120,24,26424,silhouette_is,4,0.03,proportional,D_top_cagr,793,0,0,793,0.26729216905305275,-0.46507694286827694,1.025085950677945,0.1301639402364665,-0.14518127450084684,1.087205528736103,,4,0.5712484237074401
TW,G,anchored,1,4,120,24,2007-01,2016-12,2017-01,2018-12,120,24,26424,silhouette_is,4,0.03,proportional,E_top_calmar,793,0,0,793,0.2492954818665245,-0.3781250741735188,1.057276500858851,0.12395883567143695,-0.14274888450268408,1.0502990263267653,,4,0.5460277427490542
TW,G,anchored,1,4,120,24,2007-01,2016-12,2017-01,2018-12,120,24,26424,silhouette_is,4,0.05,equal,A_hrp,1321,0,706,1321,0.197248365622678,-0.46781535888252657,0.8989328307296497,0.10927405319385386,-0.14629197953835305,0.9382050058762562,,4,0.2505677517032551
TW,G,anchored,1,4,120,24,2007-01,2016-12,2017-01,2018-12,120,24,26424,silhouette_is,4,0.05,equal,D_top_cagr,1321,0,0,1321,0.2434010692071864,-0.47563712165225447,0.9931746026062074,0.1263072406842931,-0.1472672141876471,1.0510065233597803,,4,0.5692657077971234
TW,G,anchored,1,4,120,24,2007-01,2016-12,2017-01,2018-12,120,24,26424,silhouette_is,4,0.05,equal,E_top_calmar,1321,0,0,1321,0.230361396993771,-0.40948146428148635,1.0121064974014755,0.12342722253658689,-0.14434481487292294,1.0426530561050031,,4,0.5268735806207419
TW,G,anchored,1,4,120,24,2007-01,2016-12,2017-01,2018-12,120,24,26424,silhouette_is,4,0.05,proportional,A_hrp,1321,0,387,1321,0.1748381982898164,-0.46601002415161985,0.8397404729726957,0.10205037023322272,-0.14911163028941155,0.8782925866679541,,4,0.49205147615442846
TW,G,anchored,1,4,120,24,2007-01,2016-12,2017-01,2018-12,120,24,26424,silhouette_is,4,0.05,proportional,D_top_cagr,1321,0,0,1321,0.2434010692071864,-0.47563712165225447,0.9931746026062074,0.1263072406842931,-0.1472672141876471,1.0510065233597803,,4,0.5692657077971234
TW,G,anchored,1,4,120,24,2007-01,2016-12,2017-01,2018-12,120,24,26424,silhouette_is,4,0.05,proportional,E_top_calmar,1321,0,0,1321,0.230361396993771,-0.40948146428148635,1.0121064974014755,0.12342722253658689,-0.14434481487292294,1.0426530561050031,,4,0.5268735806207419
TW,G,anchored,1,4,120,24,2007-01,2016-12,2017-01,2018-12,120,24,26424,silhouette_is,4,0.1,equal,A_hrp,2642,1,1687,2642,0.17131283177947698,-0.49887806180473593,0.8089453003684052,0.104677314302424,-0.15165202231041408,0.8877941427954935,,4,0.25397426192278577
TW,G,anchored,1,4,120,24,2007-01,2016-12,2017-01,2018-12,120,24,26424,silhouette_is,4,0.1,equal,D_top_cagr,2642,1,0,2642,0.2138283861397543,-0.488144372529694,0.9313339158669227,0.12400133272994274,-0.1481714095666652,1.0318286141143578,,4,0.5299015897047691
TW,G,anchored,1,4,120,24,2007-01,2016-12,2017-01,2018-12,120,24,26424,silhouette_is,4,0.1,equal,E_top_calmar,2642,1,0,2642,0.20591659486909109,-0.44327903306434735,0.9387033111573723,0.12114548021290927,-0.1460442116974725,1.0212966635883525,,4,0.4954579863739591
TW,G,anchored,1,4,120,24,2007-01,2016-12,2017-01,2018-12,120,24,26424,silhouette_is,4,0.1,proportional,A_hrp,2642,0,1682,2642,0.18358770106576894,-0.46304301831627404,0.8674423598115166,0.11322867965048156,-0.14750216116251713,0.960877443703641,,4,0.49167297501892504
TW,G,anchored,1,4,120,24,2007-01,2016-12,2017-01,2018-12,120,24,26424,silhouette_is,4,0.1,proportional,D_top_cagr,2642,0,0,2642,0.2138283861397543,-0.488144372529694,0.9313339158669227,0.12400133272994274,-0.1481714095666652,1.0318286141143578,,4,0.5299015897047691
TW,G,anchored,1,4,120,24,2007-01,2016-12,2017-01,2018-12,120,24,26424,silhouette_is,4,0.1,proportional,E_top_calmar,2642,0,0,2642,0.20591659486909109,-0.44327903306434735,0.9387033111573723,0.12114548021290927,-0.1460442116974725,1.0212966635883525,,4,0.4954579863739591
TW,G,anchored,2,4,120,24,2007-01,2018-12,2019-01,2020-12,144,24,26424,fixed,6,all,unallocated,B_all,26424,0,0,26424,0.11170047146584317,-0.5484999555627641,0.6053400740738659,0.28657204827716054,-0.1939917099299059,1.4577182187458733,,6,0.510823493793521
TW,G,anchored,2,4,120,24,2007-01,2018-12,2019-01,2020-12,144,24,26424,fixed,6,legacy,equal,A_hrp,30,0,1,30,0.25693804085525107,-0.24633433005418504,1.1960468172818828,0.33053226334898533,-0.1826931659794766,1.6540744381265102,2.6226660048707524,6,0.16666666666666666
TW,G,anchored,2,4,120,24,2007-01,2018-12,2019-01,2020-12,144,24,26424,fixed,6,legacy,equal,D_top_cagr,30,0,0,30,0.3903828804324665,-0.389787822306389,0.5762521498231643,0.37076035953828534,-0.216611676460429,1.5801204878472204,2.4760378485023193,5,0.6666666666666666
TW,G,anchored,2,4,120,24,2007-01,2018-12,2019-01,2020-12,144,24,26424,fixed,6,legacy,equal,E_top_calmar,30,0,0,30,0.35361805121136247,-0.28411303906858876,0.7684889181667488,0.3488293028293832,-0.19724389890685423,1.6168716937645213,2.3679193986512646,4,0.3333333333333333
TW,G,anchored,2,4,120,24,2007-01,2018-12,2019-01,2020-12,144,24,26424,fixed,6,legacy,proportional,A_hrp,30,0,0,30,0.2520741218791702,-0.2417797360538908,1.2296954804912175,0.3186216076787145,-0.19349764037381112,1.6031912914657702,2.5354101111040586,6,0.5
TW,G,anchored,2,4,120,24,2007-01,2018-12,2019-01,2020-12,144,24,26424,fixed,6,legacy,proportional,D_top_cagr,30,0,0,30,0.3903828804324665,-0.389787822306389,0.5762521498231643,0.37076035953828534,-0.216611676460429,1.5801204878472204,2.4760378485023193,5,0.6666666666666666
TW,G,anchored,2,4,120,24,2007-01,2018-12,2019-01,2020-12,144,24,26424,fixed,6,legacy,proportional,E_top_calmar,30,0,0,30,0.35361805121136247,-0.28411303906858876,0.7684889181667488,0.3488293028293832,-0.19724389890685423,1.6168716937645213,2.3679193986512646,4,0.3333333333333333
TW,G,anchored,2,4,120,24,2007-01,2018-12,2019-01,2020-12,144,24,26424,fixed,6,0.01,equal,A_hrp,264,0,61,264,0.22627282574309637,-0.39720127005819705,0.9992515013633086,0.31918960394293827,-0.1842006781512635,1.6412093982590688,3.182458192174314,6,0.16666666666666666
TW,G,anchored,2,4,120,24,2007-01,2018-12,2019-01,2020-12,144,24,26424,fixed,6,0.01,equal,D_top_cagr,264,0,0,264,0.29406010802200044,-0.4235845208435357,0.9885162399462915,0.3384787989065192,-0.1929478707003962,1.6806721733562597,2.832563638867105,6,0.29924242424242425
TW,G,anchored,2,4,120,24,2007-01,2018-12,2019-01,2020-12,144,24,26424,fixed,6,0.01,equal,E_top_calmar,264,0,0,264,0.2653061924122724,-0.3087243070327903,1.0507826238441076,0.3324218174914073,-0.1961882698472075,1.6328443499523444,2.6273226235329195,6,0.2803030303030303
TW,G,anchored,2,4,120,24,2007-01,2018-12,2019-01,2020-12,144,24,26424,fixed,6,0.01,proportional,A_hrp,264,0,4,264,0.20163088194763668,-0.3903653213756779,1.0153368744254285,0.32158818167451253,-0.18760213191396446,1.6359349995485069,3.067643533622311,6,0.5113636363636364
TW,G,anchored,2,4,120,24,2007-01,2018-12,2019-01,2020-12,144,24,26424,fixed,6,0.01,proportional,D_top_cagr,264,0,0,264,0.29406010802200044,-0.4235845208435357,0.9885162399462915,0.3384787989065192,-0.1929478707003962,1.6806721733562597,2.832563638867105,6,0.29924242424242425
TW,G,anchored,2,4,120,24,2007-01,2018-12,2019-01,2020-12,144,24,26424,fixed,6,0.01,proportional,E_top_calmar,264,0,0,264,0.2653061924122724,-0.3087243070327903,1.0507826238441076,0.3324218174914073,-0.1961882698472075,1.6328443499523444,2.6273226235329195,6,0.2803030303030303
TW,G,anchored,2,4,120,24,2007-01,2018-12,2019-01,2020-12,144,24,26424,fixed,6,0.03,equal,A_hrp,793,0,344,793,0.20102841750155798,-0.42787959468017744,0.9605443526562668,0.31415274448252295,-0.18547319069801127,1.6158389097944448,,6,0.1677175283732661
TW,G,anchored,2,4,120,24,2007-01,2018-12,2019-01,2020-12,144,24,26424,fixed,6,0.03,equal,D_top_cagr,793,0,0,793,0.24363181095126585,-0.46702941573602885,1.020527672229493,0.339803160726051,-0.19669012115995876,1.6701070389694472,,6,0.22950819672131148
TW,G,anchored,2,4,120,24,2007-01,2018-12,2019-01,2020-12,144,24,26424,fixed,6,0.03,equal,E_top_calmar,793,0,0,793,0.2259885589714976,-0.3770850583956755,1.0471095281104497,0.3340299616727045,-0.19382441804411432,1.6535329112288608,,6,0.30138713745271123
TW,G,anchored,2,4,120,24,2007-01,2018-12,2019-01,2020-12,144,24,26424,fixed,6,0.03,proportional,A_hrp,793,0,82,793,0.16816002375200156,-0.4695955444014701,0.8555432070317522,0.30179386132998354,-0.19385456670872203,1.5262359468893703,,6,0.510718789407314
TW,G,anchored,2,4,120,24,2007-01,2018-12,2019-01,2020-12,144,24,26424,fixed,6,0.03,proportional,D_top_cagr,793,0,0,793,0.24363181095126585,-0.46702941573602885,1.020527672229493,0.339803160726051,-0.19669012115995876,1.6701070389694472,,6,0.22950819672131148
TW,G,anchored,2,4,120,24,2007-01,2018-12,2019-01,2020-12,144,24,26424,fixed,6,0.03,proportional,E_top_calmar,793,0,0,793,0.2259885589714976,-0.3770850583956755,1.0471095281104497,0.3340299616727045,-0.19382441804411432,1.6535329112288608,,6,0.30138713745271123
TW,G,anchored,2,4,120,24,2007-01,2018-12,2019-01,2020-12,144,24,26424,fixed,6,0.05,equal,A_hrp,1321,0,784,1321,0.1970734578453892,-0.4391429660298005,0.9450334092826932,0.3147365332553105,-0.18808757947632415,1.60387767716573,,6,0.16729750189250567
TW,G,anchored,2,4,120,24,2007-01,2018-12,2019-01,2020-12,144,24,26424,fixed,6,0.05,equal,D_top_cagr,1321,0,0,1321,0.2233701413157494,-0.4784231469459538,0.9905592268426565,0.3399492256621268,-0.19675401886987154,1.6672204804498443,,6,0.31188493565480696
TW,G,anchored,2,4,120,24,2007-01,2018-12,2019-01,2020-12,144,24,26424,fixed,6,0.05,equal,E_top_calmar,1321,0,0,1321,0.21132845516544974,-0.410101843553782,1.0062164671615714,0.333444375136434,-0.19622285381777482,1.6407014373337854,,6,0.35730507191521577
TW,G,anchored,2,4,120,24,2007-01,2018-12,2019-01,2020-12,144,24,26424,fixed,6,0.05,proportional,A_hrp,1321,0,330,1321,0.16024462043843757,-0.4844505418483386,0.8098649786438582,0.30498208318106124,-0.1985911201272188,1.514579642504566,,6,0.5109765329295988
TW,G,anchored,2,4,120,24,2007-01,2018-12,2019-01,2020-12,144,24,26424,fixed,6,0.05,proportional,D_top_cagr,1321,0,0,1321,0.2233701413157494,-0.4784231469459538,0.9905592268426565,0.3399492256621268,-0.19675401886987154,1.6672204804498443,,6,0.31188493565480696
TW,G,anchored,2,4,120,24,2007-01,2018-12,2019-01,2020-12,144,24,26424,fixed,6,0.05,proportional,E_top_calmar,1321,0,0,1321,0.21132845516544974,-0.410101843553782,1.0062164671615714,0.333444375136434,-0.19622285381777482,1.6407014373337854,,6,0.35730507191521577
TW,G,anchored,2,4,120,24,2007-01,2018-12,2019-01,2020-12,144,24,26424,fixed,6,0.1,equal,A_hrp,2642,0,1885,2642,0.179174923533572,-0.47155683686964267,0.8755871707580093,0.31197791995654156,-0.18600101325902807,1.5961837018558342,,6,0.16691900075700228
TW,G,anchored,2,4,120,24,2007-01,2018-12,2019-01,2020-12,144,24,26424,fixed,6,0.1,equal,D_top_cagr,2642,0,0,2642,0.1991400394224523,-0.49204599526141624,0.927382202799946,0.3354950582575724,-0.1956861373081369,1.6484294048975252,,6,0.3853141559424678
TW,G,anchored,2,4,120,24,2007-01,2018-12,2019-01,2020-12,144,24,26424,fixed,6,0.1,equal,E_top_calmar,2642,0,0,2642,0.19172126862752092,-0.445239560225691,0.9346777323961029,0.3288709364502225,-0.19471525998565298,1.6298909963214077,,6,0.40196820590461774
TW,G,anchored,2,4,120,24,2007-01,2018-12,2019-01,2020-12,144,24,26424,fixed,6,0.1,proportional,A_hrp,2642,0,1646,2642,0.17199586097947894,-0.46831519139978284,0.8586375481279601,0.31913285808316316,-0.19739462065731983,1.5777277572431339,,6,0.5109765329295988
TW,G,anchored,2,4,120,24,2007-01,2018-12,2019-01,2020-12,144,24,26424,fixed,6,0.1,proportional,D_top_cagr,2642,0,0,2642,0.1991400394224523,-0.49204599526141624,0.927382202799946,0.3354950582575724,-0.1956861373081369,1.6484294048975252,,6,0.3853141559424678
TW,G,anchored,2,4,120,24,2007-01,2018-12,2019-01,2020-12,144,24,26424,fixed,6,0.1,proportional,E_top_calmar,2642,0,0,2642,0.19172126862752092,-0.445239560225691,0.9346777323961029,0.3288709364502225,-0.19471525998565298,1.6298909963214077,,6,0.40196820590461774
TW,G,anchored,2,4,120,24,2007-01,2018-12,2019-01,2020-12,144,24,26424,silhouette_is,10,all,unallocated,B_all,26424,0,0,26424,0.11170047146584317,-0.5484999555627641,0.6053400740738659,0.28657204827716054,-0.1939917099299059,1.4577182187458733,,10,0.35955949137148047
TW,G,anchored,2,4,120,24,2007-01,2018-12,2019-01,2020-12,144,24,26424,silhouette_is,10,legacy,equal,A_hrp,50,0,1,50,0.2488382729967542,-0.282089384937001,1.170312339538822,0.31675372556131864,-0.18037860884713675,1.6402965352711083,2.83861738100956,10,0.1
TW,G,anchored,2,4,120,24,2007-01,2018-12,2019-01,2020-12,144,24,26424,silhouette_is,10,legacy,equal,D_top_cagr,50,0,0,50,0.3711475069071155,-0.4124065667865656,0.6654624665604443,0.34758789325133876,-0.21555282265517905,1.5657983429384912,2.6294623075652974,7,0.6
TW,G,anchored,2,4,120,24,2007-01,2018-12,2019-01,2020-12,144,24,26424,silhouette_is,10,legacy,equal,E_top_calmar,50,0,0,50,0.3222178553932433,-0.26754476179700093,0.8692683457781115,0.34638389412398785,-0.1945278215097781,1.6415551986735626,2.4809683965911393,7,0.34
TW,G,anchored,2,4,120,24,2007-01,2018-12,2019-01,2020-12,144,24,26424,silhouette_is,10,legacy,proportional,A_hrp,50,0,0,50,0.24041102244241497,-0.2906792186753012,1.173118246683301,0.2984660726995143,-0.18429225198196242,1.562160102354634,2.5946763045064802,10,0.36
TW,G,anchored,2,4,120,24,2007-01,2018-12,2019-01,2020-12,144,24,26424,silhouette_is,10,legacy,proportional,D_top_cagr,50,0,0,50,0.3711475069071155,-0.4124065667865656,0.6654624665604443,0.34758789325133876,-0.21555282265517905,1.5657983429384912,2.6294623075652974,7,0.6
TW,G,anchored,2,4,120,24,2007-01,2018-12,2019-01,2020-12,144,24,26424,silhouette_is,10,legacy,proportional,E_top_calmar,50,0,0,50,0.3222178553932433,-0.26754476179700093,0.8692683457781115,0.34638389412398785,-0.1945278215097781,1.6415551986735626,2.4809683965911393,7,0.34
TW,G,anchored,2,4,120,24,2007-01,2018-12,2019-01,2020-12,144,24,26424,silhouette_is,10,0.01,equal,A_hrp,264,0,37,264,0.22404010812373953,-0.39585644930802355,1.0204858688256035,0.3129550946592241,-0.18281372372228,1.6206015572230528,3.081920893615546,10,0.10227272727272728
TW,G,anchored,2,4,120,24,2007-01,2018-12,2019-01,2020-12,144,24,26424,silhouette_is,10,0.01,equal,D_top_cagr,264,0,0,264,0.29406010802200044,-0.4235845208435357,0.9885162399462915,0.3384787989065192,-0.1929478707003962,1.6806721733562597,2.832563638867105,10,0.29924242424242425
TW,G,anchored,2,4,120,24,2007-01,2018-12,2019-01,2020-12,144,24,26424,silhouette_is,10,0.01,equal,E_top_calmar,264,0,0,264,0.2653061924122724,-0.3087243070327903,1.0507826238441076,0.3324218174914073,-0.1961882698472075,1.6328443499523444,2.6273226235329195,10,0.23106060606060605
TW,G,anchored,2,4,120,24,2007-01,2018-12,2019-01,2020-12,144,24,26424,silhouette_is,10,0.01,proportional,A_hrp,264,0,4,264,0.20200314548938691,-0.40284448786583504,1.0056575963242322,0.3114075662964362,-0.18272002848420443,1.6120739429887665,2.912728329886564,10,0.35984848484848486
TW,G,anchored,2,4,120,24,2007-01,2018-12,2019-01,2020-12,144,24,26424,silhouette_is,10,0.01,proportional,D_top_cagr,264,0,0,264,0.29406010802200044,-0.4235845208435357,0.9885162399462915,0.3384787989065192,-0.1929478707003962,1.6806721733562597,2.832563638867105,10,0.29924242424242425
TW,G,anchored,2,4,120,24,2007-01,2018-12,2019-01,2020-12,144,24,26424,silhouette_is,10,0.01,proportional,E_top_calmar,264,0,0,264,0.2653061924122724,-0.3087243070327903,1.0507826238441076,0.3324218174914073,-0.1961882698472075,1.6328443499523444,2.6273226235329195,10,0.23106060606060605
TW,G,anchored,2,4,120,24,2007-01,2018-12,2019-01,2020-12,144,24,26424,silhouette_is,10,0.03,equal,A_hrp,793,0,274,793,0.19983756077844506,-0.43314842287137956,0.9471071240263816,0.3175426835701076,-0.18565314626412655,1.621525405973379,,10,0.1008827238335435
TW,G,anchored,2,4,120,24,2007-01,2018-12,2019-01,2020-12,144,24,26424,silhouette_is,10,0.03,equal,D_top_cagr,793,0,0,793,0.24363181095126585,-0.46702941573602885,1.020527672229493,0.339803160726051,-0.19669012115995876,1.6701070389694472,,10,0.19293820933165196
TW,G,anchored,2,4,120,24,2007-01,2018-12,2019-01,2020-12,144,24,26424,silhouette_is,10,0.03,equal,E_top_calmar,793,0,0,793,0.2259885589714976,-0.3770850583956755,1.0471095281104497,0.3340299616727045,-0.19382441804411432,1.6535329112288608,,10,0.17654476670870115
TW,G,anchored,2,4,120,24,2007-01,2018-12,2019-01,2020-12,144,24,26424,silhouette_is,10,0.03,proportional,A_hrp,793,0,46,793,0.16489548705141854,-0.4783428126430962,0.8433711467311453,0.29369270326698915,-0.19178322113160773,1.5067289987256887,,10,0.3593947036569987
TW,G,anchored,2,4,120,24,2007-01,2018-12,2019-01,2020-12,144,24,26424,silhouette_is,10,0.03,proportional,D_top_cagr,793,0,0,793,0.24363181095126585,-0.46702941573602885,1.020527672229493,0.339803160726051,-0.19669012115995876,1.6701070389694472,,10,0.19293820933165196
TW,G,anchored,2,4,120,24,2007-01,2018-12,2019-01,2020-12,144,24,26424,silhouette_is,10,0.03,proportional,E_top_calmar,793,0,0,793,0.2259885589714976,-0.3770850583956755,1.0471095281104497,0.3340299616727045,-0.19382441804411432,1.6535329112288608,,10,0.17654476670870115
TW,G,anchored,2,4,120,24,2007-01,2018-12,2019-01,2020-12,144,24,26424,silhouette_is,10,0.05,equal,A_hrp,1321,0,650,1321,0.1921354181106012,-0.4430918029627795,0.9175218387243763,0.32066224180719116,-0.18815095331694276,1.6215245197907968,,10,0.10068130204390613
TW,G,anchored,2,4,120,24,2007-01,2018-12,2019-01,2020-12,144,24,26424,silhouette_is,10,0.05,equal,D_top_cagr,1321,0,0,1321,0.2233701413157494,-0.4784231469459538,0.9905592268426565,0.3399492256621268,-0.19675401886987154,1.6672204804498443,,10,0.21044663133989402
TW,G,anchored,2,4,120,24,2007-01,2018-12,2019-01,2020-12,144,24,26424,silhouette_is,10,0.05,equal,E_top_calmar,1321,0,0,1321,0.21132845516544974,-0.410101843553782,1.0062164671615714,0.333444375136434,-0.19622285381777482,1.6407014373337854,,10,0.23088569265707798
TW,G,anchored,2,4,120,24,2007-01,2018-12,2019-01,2020-12,144,24,26424,silhouette_is,10,0.05,proportional,A_hrp,1321,0,275,1321,0.15742046075224048,-0.48914687272003887,0.802891475673947,0.2953195285887136,-0.19542689606109442,1.49778203859189,,10,0.35957607872823616
TW,G,anchored,2,4,120,24,2007-01,2018-12,2019-01,2020-12,144,24,26424,silhouette_is,10,0.05,proportional,D_top_cagr,1321,0,0,1321,0.2233701413157494,-0.4784231469459538,0.9905592268426565,0.3399492256621268,-0.19675401886987154,1.6672204804498443,,10,0.21044663133989402
TW,G,anchored,2,4,120,24,2007-01,2018-12,2019-01,2020-12,144,24,26424,silhouette_is,10,0.05,proportional,E_top_calmar,1321,0,0,1321,0.21132845516544974,-0.410101843553782,1.0062164671615714,0.333444375136434,-0.19622285381777482,1.6407014373337854,,10,0.23088569265707798
TW,G,anchored,2,4,120,24,2007-01,2018-12,2019-01,2020-12,144,24,26424,silhouette_is,10,0.1,equal,A_hrp,2642,1,1688,2642,0.17668597139869657,-0.47044567218970446,0.8617835017679923,0.3164026807310345,-0.1909882472891613,1.5930355883433,,10,0.10370931112793338
TW,G,anchored,2,4,120,24,2007-01,2018-12,2019-01,2020-12,144,24,26424,silhouette_is,10,0.1,equal,D_top_cagr,2642,1,0,2642,0.1991400394224523,-0.49204599526141624,0.927382202799946,0.3354950582575724,-0.1956861373081369,1.6484294048975252,,10,0.2274791824375473
TW,G,anchored,2,4,120,24,2007-01,2018-12,2019-01,2020-12,144,24,26424,silhouette_is,10,0.1,equal,E_top_calmar,2642,1,0,2642,0.19172126862752092,-0.445239560225691,0.9346777323961029,0.3288709364502225,-0.19471525998565298,1.6298909963214077,,10,0.2380772142316427
TW,G,anchored,2,4,120,24,2007-01,2018-12,2019-01,2020-12,144,24,26424,silhouette_is,10,0.1,proportional,A_hrp,2642,0,1492,2642,0.1656916150049077,-0.47995896127087134,0.8369150180558825,0.3031957616001073,-0.19468715400683345,1.5369240249361567,,10,0.35957607872823616
TW,G,anchored,2,4,120,24,2007-01,2018-12,2019-01,2020-12,144,24,26424,silhouette_is,10,0.1,proportional,D_top_cagr,2642,0,0,2642,0.1991400394224523,-0.49204599526141624,0.927382202799946,0.3354950582575724,-0.1956861373081369,1.6484294048975252,,10,0.2274791824375473
TW,G,anchored,2,4,120,24,2007-01,2018-12,2019-01,2020-12,144,24,26424,silhouette_is,10,0.1,proportional,E_top_calmar,2642,0,0,2642,0.19172126862752092,-0.445239560225691,0.9346777323961029,0.3288709364502225,-0.19471525998565298,1.6298909963214077,,10,0.2380772142316427
TW,G,anchored,3,4,120,24,2007-01,2020-12,2021-01,2022-12,168,24,26424,fixed,6,all,unallocated,B_all,26424,0,0,26424,0.13514554779908128,-0.5484999555627641,0.7115181847229014,0.12236218641782481,-0.1331874672692538,0.6878447817428295,,6,0.47612019376324555
TW,G,anchored,3,4,120,24,2007-01,2020-12,2021-01,2022-12,168,24,26424,fixed,6,legacy,equal,A_hrp,30,0,2,30,0.282251324565,-0.2785686182727829,1.2011430019639298,0.14938609604819697,-0.13156748230899762,0.7657245750373604,2.072540211078177,6,0.16666666666666666
TW,G,anchored,3,4,120,24,2007-01,2020-12,2021-01,2022-12,168,24,26424,fixed,6,legacy,equal,D_top_cagr,30,0,0,30,0.39522390627517257,-0.3674080665553119,0.6213538148451284,0.20750326438002453,-0.12690971340412682,0.95194132921513,1.711713065362659,3,0.6666666666666666
TW,G,anchored,3,4,120,24,2007-01,2020-12,2021-01,2022-12,168,24,26424,fixed,6,legacy,equal,E_top_calmar,30,0,0,30,0.3439462925900758,-0.245855514804875,0.9624747193520452,0.18496313043121626,-0.1283348473971354,0.8696679996757593,1.8064932143718262,4,0.36666666666666664
TW,G,anchored,3,4,120,24,2007-01,2020-12,2021-01,2022-12,168,24,26424,fixed,6,legacy,proportional,A_hrp,30,0,0,30,0.2528034023681649,-0.2613192509579457,1.2407653122148414,0.17316232217919336,-0.13044841392928586,0.8651836073652034,2.161074738719938,6,0.4666666666666667
TW,G,anchored,3,4,120,24,2007-01,2020-12,2021-01,2022-12,168,24,26424,fixed,6,legacy,proportional,D_top_cagr,30,0,0,30,0.39522390627517257,-0.3674080665553119,0.6213538148451284,0.20750326438002453,-0.12690971340412682,0.95194132921513,1.711713065362659,3,0.6666666666666666
TW,G,anchored,3,4,120,24,2007-01,2020-12,2021-01,2022-12,168,24,26424,fixed,6,legacy,proportional,E_top_calmar,30,0,0,30,0.3439462925900758,-0.245855514804875,0.9624747193520452,0.18496313043121626,-0.1283348473971354,0.8696679996757593,1.8064932143718262,4,0.36666666666666664
TW,G,anchored,3,4,120,24,2007-01,2020-12,2021-01,2022-12,168,24,26424,fixed,6,0.01,equal,A_hrp,264,0,87,264,0.2590911826253579,-0.3999838001267745,1.0772900589094998,0.14874454863852615,-0.13314231275398425,0.7703073688678237,2.344486126889301,6,0.16666666666666666
TW,G,anchored,3,4,120,24,2007-01,2020-12,2021-01,2022-12,168,24,26424,fixed,6,0.01,equal,D_top_cagr,264,0,0,264,0.30882083651807957,-0.42578709987736185,1.0703785735398985,0.16970846633157244,-0.1352818682755923,0.8270240349866826,2.0554124783674776,6,0.2765151515151515
TW,G,anchored,3,4,120,24,2007-01,2020-12,2021-01,2022-12,168,24,26424,fixed,6,0.01,equal,E_top_calmar,264,0,0,264,0.2758822000571888,-0.29580355973898587,1.1533711262184045,0.17326251019945316,-0.1277899966286976,0.8609076274465112,1.9723255448150894,6,0.4583333333333333
TW,G,anchored,3,4,120,24,2007-01,2020-12,2021-01,2022-12,168,24,26424,fixed,6,0.01,proportional,A_hrp,264,0,5,264,0.21407788086991486,-0.39486427991939343,1.075674842238685,0.14165738792618732,-0.13320422601904025,0.751314537204729,2.419514706961032,6,0.4772727272727273
TW,G,anchored,3,4,120,24,2007-01,2020-12,2021-01,2022-12,168,24,26424,fixed,6,0.01,proportional,D_top_cagr,264,0,0,264,0.30882083651807957,-0.42578709987736185,1.0703785735398985,0.16970846633157244,-0.1352818682755923,0.8270240349866826,2.0554124783674776,6,0.2765151515151515
TW,G,anchored,3,4,120,24,2007-01,2020-12,2021-01,2022-12,168,24,26424,fixed,6,0.01,proportional,E_top_calmar,264,0,0,264,0.2758822000571888,-0.29580355973898587,1.1533711262184045,0.17326251019945316,-0.1277899966286976,0.8609076274465112,1.9723255448150894,6,0.4583333333333333
TW,G,anchored,3,4,120,24,2007-01,2020-12,2021-01,2022-12,168,24,26424,fixed,6,0.03,equal,A_hrp,793,0,351,793,0.22487503171969725,-0.4616438803567856,1.0126695545281894,0.1377281310977745,-0.1328681337198756,0.7300865671675518,,6,0.1677175283732661
TW,G,anchored,3,4,120,24,2007-01,2020-12,2021-01,2022-12,168,24,26424,fixed,6,0.03,equal,D_top_cagr,793,0,0,793,0.263218330988515,-0.4711847634911206,1.1071886798113852,0.1603810799983254,-0.13529694209914844,0.7899513921828346,,6,0.3833543505674653
TW,G,anchored,3,4,120,24,2007-01,2020-12,2021-01,2022-12,168,24,26424,fixed,6,0.03,equal,E_top_calmar,793,0,0,793,0.2434123899929852,-0.37468282033220357,1.1343455951150216,0.16091901839242717,-0.1309133107757955,0.8115034095231944,,6,0.4274905422446406
TW,G,anchored,3,4,120,24,2007-01,2020-12,2021-01,2022-12,168,24,26424,fixed,6,0.03,proportional,A_hrp,793,0,102,793,0.1834722740318071,-0.45925308146836963,0.9380264333490248,0.13791392767714927,-0.12830302643009273,0.7473488000434027,,6,0.4766708701134931
TW,G,anchored,3,4,120,24,2007-01,2020-12,2021-01,2022-12,168,24,26424,fixed,6,0.03,proportional,D_top_cagr,793,0,0,793,0.263218330988515,-0.4711847634911206,1.1071886798113852,0.1603810799983254,-0.13529694209914844,0.7899513921828346,,6,0.3833543505674653
TW,G,anchored,3,4,120,24,2007-01,2020-12,2021-01,2022-12,168,24,26424,fixed,6,0.03,proportional,E_top_calmar,793,0,0,793,0.2434123899929852,-0.37468282033220357,1.1343455951150216,0.16091901839242717,-0.1309133107757955,0.8115034095231944,,6,0.4274905422446406
TW,G,anchored,3,4,120,24,2007-01,2020-12,2021-01,2022-12,168,24,26424,fixed,6,0.05,equal,A_hrp,1321,0,651,1321,0.20517461832427464,-0.4880242138851014,0.9556964150658912,0.13032802638161622,-0.13085892278456346,0.7033883043469374,,6,0.16729750189250567
TW,G,anchored,3,4,120,24,2007-01,2020-12,2021-01,2022-12,168,24,26424,fixed,6,0.05,equal,D_top_cagr,1321,0,0,1321,0.24483133360943632,-0.48151779511554416,1.0779811488605873,0.15886413171558011,-0.13491690918286225,0.7877669097937805,,6,0.39439818319454956
TW,G,anchored,3,4,120,24,2007-01,2020-12,2021-01,2022-12,168,24,26424,fixed,6,0.05,equal,E_top_calmar,1321,0,0,1321,0.2295288266686928,-0.40648884617026093,1.0907715454268916,0.15736894996030637,-0.1309217611321728,0.7961671938425094,,6,0.41786525359576077
TW,G,anchored,3,4,120,24,2007-01,2020-12,2021-01,2022-12,168,24,26424,fixed,6,0.05,proportional,A_hrp,1321,0,396,1321,0.17796046429598844,-0.46922274235110295,0.9071009683899828,0.13649515551785818,-0.128536388090304,0.7390573314321075,,6,0.4761544284632854
TW,G,anchored,3,4,120,24,2007-01,2020-12,2021-01,2022-12,168,24,26424,fixed,6,0.05,proportional,D_top_cagr,1321,0,0,1321,0.24483133360943632,-0.48151779511554416,1.0779811488605873,0.15886413171558011,-0.13491690918286225,0.7877669097937805,,6,0.39439818319454956
TW,G,anchored,3,4,120,24,2007-01,2020-12,2021-01,2022-12,168,24,26424,fixed,6,0.05,proportional,E_top_calmar,1321,0,0,1321,0.2295288266686928,-0.40648884617026093,1.0907715454268916,0.15736894996030637,-0.1309217611321728,0.7961671938425094,,6,0.41786525359576077
TW,G,anchored,3,4,120,24,2007-01,2020-12,2021-01,2022-12,168,24,26424,fixed,6,0.1,equal,A_hrp,2642,1,1687,2642,0.18832502904428017,-0.4953082905215901,0.9227333951595079,0.13493160317732134,-0.12819574074095408,0.7272820432488944,,6,0.18243754731264195
TW,G,anchored,3,4,120,24,2007-01,2020-12,2021-01,2022-12,168,24,26424,fixed,6,0.1,equal,D_top_cagr,2642,1,0,2642,0.2212729371795743,-0.4932600303411082,1.018995047840983,0.15072017005415095,-0.13413628123280863,0.7609020947317368,,6,0.4375473126419379
TW,G,anchored,3,4,120,24,2007-01,2020-12,2021-01,2022-12,168,24,26424,fixed,6,0.1,equal,E_top_calmar,2642,1,0,2642,0.2123883661474728,-0.4432061440826971,1.0248733385805742,0.14774141614073732,-0.13166727469261608,0.7591040425561671,,6,0.42127176381529147
TW,G,anchored,3,4,120,24,2007-01,2020-12,2021-01,2022-12,168,24,26424,fixed,6,0.1,proportional,A_hrp,2642,0,1687,2642,0.18723572574726344,-0.46315415009727423,0.9414863297695365,0.13247494016407235,-0.13053636999193097,0.7110822409636696,,6,0.4761544284632854
TW,G,anchored,3,4,120,24,2007-01,2020-12,2021-01,2022-12,168,24,26424,fixed,6,0.1,proportional,D_top_cagr,2642,0,0,2642,0.2212729371795743,-0.4932600303411082,1.018995047840983,0.15072017005415095,-0.13413628123280863,0.7609020947317368,,6,0.4375473126419379
TW,G,anchored,3,4,120,24,2007-01,2020-12,2021-01,2022-12,168,24,26424,fixed,6,0.1,proportional,E_top_calmar,2642,0,0,2642,0.2123883661474728,-0.4432061440826971,1.0248733385805742,0.14774141614073732,-0.13166727469261608,0.7591040425561671,,6,0.42127176381529147
TW,G,anchored,3,4,120,24,2007-01,2020-12,2021-01,2022-12,168,24,26424,silhouette_is,4,all,unallocated,B_all,26424,0,0,26424,0.13514554779908128,-0.5484999555627641,0.7115181847229014,0.12236218641782481,-0.1331874672692538,0.6878447817428295,,4,0.48501362397820164
TW,G,anchored,3,4,120,24,2007-01,2020-12,2021-01,2022-12,168,24,26424,silhouette_is,4,legacy,equal,A_hrp,20,0,2,20,0.3069342045923056,-0.2423984978579351,1.1795682818391304,0.15809692179998525,-0.1293269470456372,0.8009290764166151,2.016876841537121,4,0.25
TW,G,anchored,3,4,120,24,2007-01,2020-12,2021-01,2022-12,168,24,26424,silhouette_is,4,legacy,equal,D_top_cagr,20,0,0,20,0.40987786005778926,-0.3622193254251991,0.53197146906175,0.20407315643634139,-0.12223690086652583,0.9399882829902003,1.7219711001397942,3,0.75
TW,G,anchored,3,4,120,24,2007-01,2020-12,2021-01,2022-12,168,24,26424,silhouette_is,4,legacy,equal,E_top_calmar,20,0,0,20,0.3635194409094724,-0.25296223215622327,0.8162093369748006,0.1956244261951261,-0.1260530270345186,0.923010201571057,1.779740286399991,3,0.4
TW,G,anchored,3,4,120,24,2007-01,2020-12,2021-01,2022-12,168,24,26424,silhouette_is,4,legacy,proportional,A_hrp,20,0,0,20,0.2972503101055435,-0.25659629370141923,1.3385688300801613,0.18040285622964536,-0.1302981493797093,0.8677209141019816,2.007804556782031,4,0.45
TW,G,anchored,3,4,120,24,2007-01,2020-12,2021-01,2022-12,168,24,26424,silhouette_is,4,legacy,proportional,D_top_cagr,20,0,0,20,0.40987786005778926,-0.3622193254251991,0.53197146906175,0.20407315643634139,-0.12223690086652583,0.9399882829902003,1.7219711001397942,3,0.75
TW,G,anchored,3,4,120,24,2007-01,2020-12,2021-01,2022-12,168,24,26424,silhouette_is,4,legacy,proportional,E_top_calmar,20,0,0,20,0.3635194409094724,-0.25296223215622327,0.8162093369748006,0.1956244261951261,-0.1260530270345186,0.923010201571057,1.779740286399991,3,0.4
TW,G,anchored,3,4,120,24,2007-01,2020-12,2021-01,2022-12,168,24,26424,silhouette_is,4,0.01,equal,A_hrp,264,0,106,264,0.26099526082921787,-0.38657247657584903,1.0735822522510505,0.15193318129636824,-0.1311608601251243,0.7889507432789472,2.321586031927932,4,0.25
TW,G,anchored,3,4,120,24,2007-01,2020-12,2021-01,2022-12,168,24,26424,silhouette_is,4,0.01,equal,D_top_cagr,264,0,0,264,0.30882083651807957,-0.42578709987736185,1.0703785735398985,0.16970846633157244,-0.1352818682755923,0.8270240349866826,2.0554124783674776,4,0.38636363636363635
TW,G,anchored,3,4,120,24,2007-01,2020-12,2021-01,2022-12,168,24,26424,silhouette_is,4,0.01,equal,E_top_calmar,264,0,0,264,0.2758822000571888,-0.29580355973898587,1.1533711262184045,0.17326251019945316,-0.1277899966286976,0.8609076274465112,1.9723255448150894,4,0.5075757575757576
TW,G,anchored,3,4,120,24,2007-01,2020-12,2021-01,2022-12,168,24,26424,silhouette_is,4,0.01,proportional,A_hrp,264,0,5,264,0.21993377253850532,-0.3952103507799234,1.0969564153246092,0.15565992496030145,-0.13117236643069163,0.8114635206053346,2.5158389941896755,4,0.48484848484848486
TW,G,anchored,3,4,120,24,2007-01,2020-12,2021-01,2022-12,168,24,26424,silhouette_is,4,0.01,proportional,D_top_cagr,264,0,0,264,0.30882083651807957,-0.42578709987736185,1.0703785735398985,0.16970846633157244,-0.1352818682755923,0.8270240349866826,2.0554124783674776,4,0.38636363636363635
TW,G,anchored,3,4,120,24,2007-01,2020-12,2021-01,2022-12,168,24,26424,silhouette_is,4,0.01,proportional,E_top_calmar,264,0,0,264,0.2758822000571888,-0.29580355973898587,1.1533711262184045,0.17326251019945316,-0.1277899966286976,0.8609076274465112,1.9723255448150894,4,0.5075757575757576
TW,G,anchored,3,4,120,24,2007-01,2020-12,2021-01,2022-12,168,24,26424,silhouette_is,4,0.03,equal,A_hrp,793,0,370,793,0.2166492899888195,-0.4623761597316014,1.0107880028671195,0.14212378951122262,-0.12761405884672905,0.7561746537301629,,4,0.2509457755359395
TW,G,anchored,3,4,120,24,2007-01,2020-12,2021-01,2022-12,168,24,26424,silhouette_is,4,0.03,equal,D_top_cagr,793,0,0,793,0.263218330988515,-0.4711847634911206,1.1071886798113852,0.1603810799983254,-0.13529694209914844,0.7899513921828346,,4,0.46027742749054223
TW,G,anchored,3,4,120,24,2007-01,2020-12,2021-01,2022-12,168,24,26424,silhouette_is,4,0.03,equal,E_top_calmar,793,0,0,793,0.2434123899929852,-0.37468282033220357,1.1343455951150216,0.16091901839242717,-0.1309133107757955,0.8115034095231944,,4,0.47540983606557374
TW,G,anchored,3,4,120,24,2007-01,2020-12,2021-01,2022-12,168,24,26424,silhouette_is,4,0.03,proportional,A_hrp,793,0,139,793,0.18914615310379723,-0.4555381291407934,0.9554657146227782,0.1426191840614388,-0.12791835115588734,0.767100645031116,,4,0.4854981084489281
TW,G,anchored,3,4,120,24,2007-01,2020-12,2021-01,2022-12,168,24,26424,silhouette_is,4,0.03,proportional,D_top_cagr,793,0,0,793,0.263218330988515,-0.4711847634911206,1.1071886798113852,0.1603810799983254,-0.13529694209914844,0.7899513921828346,,4,0.46027742749054223
TW,G,anchored,3,4,120,24,2007-01,2020-12,2021-01,2022-12,168,24,26424,silhouette_is,4,0.03,proportional,E_top_calmar,793,0,0,793,0.2434123899929852,-0.37468282033220357,1.1343455951150216,0.16091901839242717,-0.1309133107757955,0.8115034095231944,,4,0.47540983606557374
TW,G,anchored,3,4,120,24,2007-01,2020-12,2021-01,2022-12,168,24,26424,silhouette_is,4,0.05,equal,A_hrp,1321,0,698,1321,0.1981258639767094,-0.4806350796576512,0.958739751723875,0.135960189133427,-0.12651115831225934,0.73648628299902,,4,0.2505677517032551
TW,G,anchored,3,4,120,24,2007-01,2020-12,2021-01,2022-12,168,24,26424,silhouette_is,4,0.05,equal,D_top_cagr,1321,0,0,1321,0.24483133360943632,-0.48151779511554416,1.0779811488605873,0.15886413171558011,-0.13491690918286225,0.7877669097937805,,4,0.4640423921271764
TW,G,anchored,3,4,120,24,2007-01,2020-12,2021-01,2022-12,168,24,26424,silhouette_is,4,0.05,equal,E_top_calmar,1321,0,0,1321,0.2295288266686928,-0.40648884617026093,1.0907715454268916,0.15736894996030637,-0.1309217611321728,0.7961671938425094,,4,0.4640423921271764
TW,G,anchored,3,4,120,24,2007-01,2020-12,2021-01,2022-12,168,24,26424,silhouette_is,4,0.05,proportional,A_hrp,1321,0,508,1321,0.18939745313781864,-0.45882334583900297,0.9471688371265373,0.14052736849690284,-0.12900101709168188,0.7523441068526309,,4,0.48523845571536717
TW,G,anchored,3,4,120,24,2007-01,2020-12,2021-01,2022-12,168,24,26424,silhouette_is,4,0.05,proportional,D_top_cagr,1321,0,0,1321,0.24483133360943632,-0.48151779511554416,1.0779811488605873,0.15886413171558011,-0.13491690918286225,0.7877669097937805,,4,0.4640423921271764
TW,G,anchored,3,4,120,24,2007-01,2020-12,2021-01,2022-12,168,24,26424,silhouette_is,4,0.05,proportional,E_top_calmar,1321,0,0,1321,0.2295288266686928,-0.40648884617026093,1.0907715454268916,0.15736894996030637,-0.1309217611321728,0.7961671938425094,,4,0.4640423921271764
TW,G,anchored,3,4,120,24,2007-01,2020-12,2021-01,2022-12,168,24,26424,silhouette_is,4,0.1,equal,A_hrp,2642,1,1829,2642,0.1827300003111343,-0.4961444653163074,0.9072321901915724,0.12973517769207654,-0.12682068105748812,0.7094582259921788,,4,0.25094625283875854
TW,G,anchored,3,4,120,24,2007-01,2020-12,2021-01,2022-12,168,24,26424,silhouette_is,4,0.1,equal,D_top_cagr,2642,1,0,2642,0.2212729371795743,-0.4932600303411082,1.018995047840983,0.15072017005415095,-0.13413628123280863,0.7609020947317368,,4,0.49053747161241484
TW,G,anchored,3,4,120,24,2007-01,2020-12,2021-01,2022-12,168,24,26424,silhouette_is,4,0.1,equal,E_top_calmar,2642,1,0,2642,0.2123883661474728,-0.4432061440826971,1.0248733385805742,0.14774141614073732,-0.13166727469261608,0.7591040425561671,,4,0.463663890991673
TW,G,anchored,3,4,120,24,2007-01,2020-12,2021-01,2022-12,168,24,26424,silhouette_is,4,0.1,proportional,A_hrp,2642,0,1829,2642,0.19758373774753446,-0.461522301273967,0.9696431798126535,0.14237661164398663,-0.13122579463679573,0.746085673916606,,4,0.48523845571536717
TW,G,anchored,3,4,120,24,2007-01,2020-12,2021-01,2022-12,168,24,26424,silhouette_is,4,0.1,proportional,D_top_cagr,2642,0,0,2642,0.2212729371795743,-0.4932600303411082,1.018995047840983,0.15072017005415095,-0.13413628123280863,0.7609020947317368,,4,0.49053747161241484
TW,G,anchored,3,4,120,24,2007-01,2020-12,2021-01,2022-12,168,24,26424,silhouette_is,4,0.1,proportional,E_top_calmar,2642,0,0,2642,0.2123883661474728,-0.4432061440826971,1.0248733385805742,0.14774141614073732,-0.13166727469261608,0.7591040425561671,,4,0.463663890991673
TW,G,anchored,4,4,120,24,2007-01,2022-12,2023-01,2025-12,192,36,26424,fixed,6,all,unallocated,B_all,26424,0,0,26424,0.13353969900893792,-0.5484999555627641,0.7085465997616146,0.12541750663599283,-0.13830658386936634,1.0126432533508438,,6,0.42003481683318195
TW,G,anchored,4,4,120,24,2007-01,2022-12,2023-01,2025-12,192,36,26424,fixed,6,legacy,equal,A_hrp,30,0,0,30,0.2557480841464961,-0.3263595329053328,1.1498333453063172,0.15212892308272385,-0.15177816673517353,1.1626892396554525,4.381618131096556,6,0.16666666666666666
TW,G,anchored,4,4,120,24,2007-01,2022-12,2023-01,2025-12,192,36,26424,fixed,6,legacy,equal,D_top_cagr,30,0,0,30,0.3735724726495193,-0.3616349986700038,0.6339637043554901,0.1546643322640988,-0.1567772952380332,1.2078755824598228,2.7365388768724905,4,0.6
TW,G,anchored,4,4,120,24,2007-01,2022-12,2023-01,2025-12,192,36,26424,fixed,6,legacy,equal,E_top_calmar,30,0,0,30,0.3226228892205818,-0.24607417678134014,0.9458115259673533,0.16097461413438752,-0.14685477854452156,1.2814069756361992,2.948231567306657,3,0.5
TW,G,anchored,4,4,120,24,2007-01,2022-12,2023-01,2025-12,192,36,26424,fixed,6,legacy,proportional,A_hrp,30,0,0,30,0.26170256949698256,-0.24511516399824673,1.2478301323108003,0.16023845311938412,-0.13781549759080436,1.2955029715648039,4.555903957182252,6,0.4
TW,G,anchored,4,4,120,24,2007-01,2022-12,2023-01,2025-12,192,36,26424,fixed,6,legacy,proportional,D_top_cagr,30,0,0,30,0.3735724726495193,-0.3616349986700038,0.6339637043554901,0.1546643322640988,-0.1567772952380332,1.2078755824598228,2.7365388768724905,4,0.6
TW,G,anchored,4,4,120,24,2007-01,2022-12,2023-01,2025-12,192,36,26424,fixed,6,legacy,proportional,E_top_calmar,30,0,0,30,0.3226228892205818,-0.24607417678134014,0.9458115259673533,0.16097461413438752,-0.14685477854452156,1.2814069756361992,2.948231567306657,3,0.5
TW,G,anchored,4,4,120,24,2007-01,2022-12,2023-01,2025-12,192,36,26424,fixed,6,0.01,equal,A_hrp,264,0,92,264,0.24342102115977937,-0.39740378041721747,1.0445814105434847,0.14736217659365902,-0.1394786836919688,1.1375446236932312,5.102451582252475,6,0.16666666666666666
TW,G,anchored,4,4,120,24,2007-01,2022-12,2023-01,2025-12,192,36,26424,fixed,6,0.01,equal,D_top_cagr,264,0,0,264,0.2908685487835758,-0.43119019792434166,1.0575836142786352,0.16306018259106958,-0.14090583553468838,1.3011899854655784,3.916390499244925,6,0.3181818181818182
TW,G,anchored,4,4,120,24,2007-01,2022-12,2023-01,2025-12,192,36,26424,fixed,6,0.01,equal,E_top_calmar,264,0,0,264,0.26368051454150154,-0.30000735896089925,1.1332125484596238,0.15577381224268172,-0.13209980667396093,1.2746975738642115,3.7997780576743025,6,0.5227272727272727
TW,G,anchored,4,4,120,24,2007-01,2022-12,2023-01,2025-12,192,36,26424,fixed,6,0.01,proportional,A_hrp,264,0,3,264,0.21010619837539424,-0.3834656014226905,1.052460411947333,0.1406805738080812,-0.13562739809335844,1.1240226273133276,5.60252328492991,6,0.42045454545454547
TW,G,anchored,4,4,120,24,2007-01,2022-12,2023-01,2025-12,192,36,26424,fixed,6,0.01,proportional,D_top_cagr,264,0,0,264,0.2908685487835758,-0.43119019792434166,1.0575836142786352,0.16306018259106958,-0.14090583553468838,1.3011899854655784,3.916390499244925,6,0.3181818181818182
TW,G,anchored,4,4,120,24,2007-01,2022-12,2023-01,2025-12,192,36,26424,fixed,6,0.01,proportional,E_top_calmar,264,0,0,264,0.26368051454150154,-0.30000735896089925,1.1332125484596238,0.15577381224268172,-0.13209980667396093,1.2746975738642115,3.7997780576743025,6,0.5227272727272727
TW,G,anchored,4,4,120,24,2007-01,2022-12,2023-01,2025-12,192,36,26424,fixed,6,0.03,equal,A_hrp,793,0,356,793,0.21333909164869547,-0.46292145029207077,0.9713011770604788,0.1409776474163471,-0.14266052945588215,1.090903844487164,,6,0.1677175283732661
TW,G,anchored,4,4,120,24,2007-01,2022-12,2023-01,2025-12,192,36,26424,fixed,6,0.03,equal,D_top_cagr,793,0,0,793,0.2506683217546233,-0.47185743763667265,1.0842121697773717,0.1554446588846321,-0.1432485050618677,1.229553084375916,,6,0.3619167717528373
TW,G,anchored,4,4,120,24,2007-01,2022-12,2023-01,2025-12,192,36,26424,fixed,6,0.03,equal,E_top_calmar,793,0,0,793,0.2336868928040705,-0.37982974015102056,1.1007825570127576,0.14997490898465626,-0.1354304246135637,1.2034206442204367,,6,0.4451450189155107
TW,G,anchored,4,4,120,24,2007-01,2022-12,2023-01,2025-12,192,36,26424,fixed,6,0.03,proportional,A_hrp,793,0,54,793,0.18030178724813828,-0.46417316500260164,0.9211934502365825,0.1311273574847529,-0.13602525482447136,1.0746887134574912,,6,0.41992433795712486
TW,G,anchored,4,4,120,24,2007-01,2022-12,2023-01,2025-12,192,36,26424,fixed,6,0.03,proportional,D_top_cagr,793,0,0,793,0.2506683217546233,-0.47185743763667265,1.0842121697773717,0.1554446588846321,-0.1432485050618677,1.229553084375916,,6,0.3619167717528373
TW,G,anchored,4,4,120,24,2007-01,2022-12,2023-01,2025-12,192,36,26424,fixed,6,0.03,proportional,E_top_calmar,793,0,0,793,0.2336868928040705,-0.37982974015102056,1.1007825570127576,0.14997490898465626,-0.1354304246135637,1.2034206442204367,,6,0.4451450189155107
TW,G,anchored,4,4,120,24,2007-01,2022-12,2023-01,2025-12,192,36,26424,fixed,6,0.05,equal,A_hrp,1321,0,690,1321,0.19864908196878206,-0.48255434769720584,0.9321603597714273,0.13985918319922352,-0.14201825055137196,1.0853653285162486,,6,0.16729750189250567
TW,G,anchored,4,4,120,24,2007-01,2022-12,2023-01,2025-12,192,36,26424,fixed,6,0.05,equal,D_top_cagr,1321,0,0,1321,0.23468921146289246,-0.4818976093771875,1.0503819806751957,0.15478715181737157,-0.14137949072915257,1.2186533303766973,,6,0.37017411052233157
TW,G,anchored,4,4,120,24,2007-01,2022-12,2023-01,2025-12,192,36,26424,fixed,6,0.05,equal,E_top_calmar,1321,0,0,1321,0.22087840647378698,-0.4098779278994191,1.0600964205666563,0.14739109194559763,-0.1360094986323208,1.1772249370962689,,6,0.39666919000757
TW,G,anchored,4,4,120,24,2007-01,2022-12,2023-01,2025-12,192,36,26424,fixed,6,0.05,proportional,A_hrp,1321,0,299,1321,0.17481375535897237,-0.4780330176026224,0.8916379985708559,0.1324035762129958,-0.13616130929795878,1.0869538737015385,,6,0.4201362604087812
TW,G,anchored,4,4,120,24,2007-01,2022-12,2023-01,2025-12,192,36,26424,fixed,6,0.05,proportional,D_top_cagr,1321,0,0,1321,0.23468921146289246,-0.4818976093771875,1.0503819806751957,0.15478715181737157,-0.14137949072915257,1.2186533303766973,,6,0.37017411052233157
TW,G,anchored,4,4,120,24,2007-01,2022-12,2023-01,2025-12,192,36,26424,fixed,6,0.05,proportional,E_top_calmar,1321,0,0,1321,0.22087840647378698,-0.4098779278994191,1.0600964205666563,0.14739109194559763,-0.1360094986323208,1.1772249370962689,,6,0.39666919000757
TW,G,anchored,4,4,120,24,2007-01,2022-12,2023-01,2025-12,192,36,26424,fixed,6,0.1,equal,A_hrp,2642,0,1723,2642,0.18096047573470853,-0.509658038498136,0.8776594879163621,0.13628356299285138,-0.14133992929413008,1.0683742816725261,,6,0.16691900075700228
TW,G,anchored,4,4,120,24,2007-01,2022-12,2023-01,2025-12,192,36,26424,fixed,6,0.1,equal,D_top_cagr,2642,0,0,2642,0.21289519669405288,-0.4975255282396035,0.9914494861958753,0.15231062617390068,-0.13979152366883385,1.1947858181600324,,6,0.36828160484481454
TW,G,anchored,4,4,120,24,2007-01,2022-12,2023-01,2025-12,192,36,26424,fixed,6,0.1,equal,E_top_calmar,2642,0,0,2642,0.20401768979426493,-0.4433226281366396,0.9962674620873069,0.1446818356327162,-0.13636130142403002,1.1468242506317103,,6,0.39288417865253594
TW,G,anchored,4,4,120,24,2007-01,2022-12,2023-01,2025-12,192,36,26424,fixed,6,0.1,proportional,A_hrp,2642,0,1584,2642,0.18659011057432395,-0.4678921976743854,0.9339698805186251,0.13913500557670888,-0.13615408040904708,1.119288661026599,,6,0.4201362604087812
TW,G,anchored,4,4,120,24,2007-01,2022-12,2023-01,2025-12,192,36,26424,fixed,6,0.1,proportional,D_top_cagr,2642,0,0,2642,0.21289519669405288,-0.4975255282396035,0.9914494861958753,0.15231062617390068,-0.13979152366883385,1.1947858181600324,,6,0.36828160484481454
TW,G,anchored,4,4,120,24,2007-01,2022-12,2023-01,2025-12,192,36,26424,fixed,6,0.1,proportional,E_top_calmar,2642,0,0,2642,0.20401768979426493,-0.4433226281366396,0.9962674620873069,0.1446818356327162,-0.13636130142403002,1.1468242506317103,,6,0.39288417865253594
TW,G,anchored,4,4,120,24,2007-01,2022-12,2023-01,2025-12,192,36,26424,silhouette_is,5,all,unallocated,B_all,26424,0,0,26424,0.13353969900893792,-0.5484999555627641,0.7085465997616146,0.12541750663599283,-0.13830658386936634,1.0126432533508438,,5,0.42003481683318195
TW,G,anchored,4,4,120,24,2007-01,2022-12,2023-01,2025-12,192,36,26424,silhouette_is,5,legacy,equal,A_hrp,25,0,0,25,0.2598890414665904,-0.28786804306374625,1.185089751089631,0.15382629856231889,-0.14685997719914212,1.1905407639667345,4.227758349097941,5,0.2
TW,G,anchored,4,4,120,24,2007-01,2022-12,2023-01,2025-12,192,36,26424,silhouette_is,5,legacy,equal,D_top_cagr,25,0,0,25,0.37974722083749035,-0.3499268128001054,0.5897933642301987,0.15908290797349323,-0.15763745740207402,1.2488732822427344,2.866114579389835,4,0.64
TW,G,anchored,4,4,120,24,2007-01,2022-12,2023-01,2025-12,192,36,26424,silhouette_is,5,legacy,equal,E_top_calmar,25,0,0,25,0.3303984543756795,-0.24414640990556347,0.8975699560214672,0.1652281179249322,-0.15327815102997433,1.2985776823422706,3.000888241170659,3,0.44
TW,G,anchored,4,4,120,24,2007-01,2022-12,2023-01,2025-12,192,36,26424,silhouette_is,5,legacy,proportional,A_hrp,25,0,0,25,0.2711651777080313,-0.2381789096025987,1.2875447222827454,0.1671182431337379,-0.13546562578522658,1.3602681338326321,4.630289032722424,5,0.4
TW,G,anchored,4,4,120,24,2007-01,2022-12,2023-01,2025-12,192,36,26424,silhouette_is,5,legacy,proportional,D_top_cagr,25,0,0,25,0.37974722083749035,-0.3499268128001054,0.5897933642301987,0.15908290797349323,-0.15763745740207402,1.2488732822427344,2.866114579389835,4,0.64
TW,G,anchored,4,4,120,24,2007-01,2022-12,2023-01,2025-12,192,36,26424,silhouette_is,5,legacy,proportional,E_top_calmar,25,0,0,25,0.3303984543756795,-0.24414640990556347,0.8975699560214672,0.1652281179249322,-0.15327815102997433,1.2985776823422706,3.000888241170659,3,0.44
TW,G,anchored,4,4,120,24,2007-01,2022-12,2023-01,2025-12,192,36,26424,silhouette_is,5,0.01,equal,A_hrp,264,0,85,264,0.2439479361778616,-0.39622898924590955,1.040320859314101,0.14215168166361414,-0.14086896629752244,1.1162598726165107,5.061704020154374,5,0.20075757575757575
TW,G,anchored,4,4,120,24,2007-01,2022-12,2023-01,2025-12,192,36,26424,silhouette_is,5,0.01,equal,D_top_cagr,264,0,0,264,0.2908685487835758,-0.43119019792434166,1.0575836142786352,0.16306018259106958,-0.14090583553468838,1.3011899854655784,3.916390499244925,5,0.3181818181818182
TW,G,anchored,4,4,120,24,2007-01,2022-12,2023-01,2025-12,192,36,26424,silhouette_is,5,0.01,equal,E_top_calmar,264,0,0,264,0.26368051454150154,-0.30000735896089925,1.1332125484596238,0.15577381224268172,-0.13209980667396093,1.2746975738642115,3.7997780576743025,5,0.5227272727272727
TW,G,anchored,4,4,120,24,2007-01,2022-12,2023-01,2025-12,192,36,26424,silhouette_is,5,0.01,proportional,A_hrp,264,0,3,264,0.20902755146716778,-0.3813866009641902,1.0550187775864373,0.14088151054434506,-0.13535843662073266,1.1252327863801284,5.5790427181309665,5,0.42045454545454547
TW,G,anchored,4,4,120,24,2007-01,2022-12,2023-01,2025-12,192,36,26424,silhouette_is,5,0.01,proportional,D_top_cagr,264,0,0,264,0.2908685487835758,-0.43119019792434166,1.0575836142786352,0.16306018259106958,-0.14090583553468838,1.3011899854655784,3.916390499244925,5,0.3181818181818182
TW,G,anchored,4,4,120,24,2007-01,2022-12,2023-01,2025-12,192,36,26424,silhouette_is,5,0.01,proportional,E_top_calmar,264,0,0,264,0.26368051454150154,-0.30000735896089925,1.1332125484596238,0.15577381224268172,-0.13209980667396093,1.2746975738642115,3.7997780576743025,5,0.5227272727272727
TW,G,anchored,4,4,120,24,2007-01,2022-12,2023-01,2025-12,192,36,26424,silhouette_is,5,0.03,equal,A_hrp,793,0,352,793,0.21124305500427765,-0.4589694616825861,0.986373474273963,0.14201217123367882,-0.1411474100614435,1.109441896445832,,5,0.2005044136191677
TW,G,anchored,4,4,120,24,2007-01,2022-12,2023-01,2025-12,192,36,26424,silhouette_is,5,0.03,equal,D_top_cagr,793,0,0,793,0.2506683217546233,-0.47185743763667265,1.0842121697773717,0.1554446588846321,-0.1432485050618677,1.229553084375916,,5,0.3619167717528373
TW,G,anchored,4,4,120,24,2007-01,2022-12,2023-01,2025-12,192,36,26424,silhouette_is,5,0.03,equal,E_top_calmar,793,0,0,793,0.2336868928040705,-0.37982974015102056,1.1007825570127576,0.14997490898465626,-0.1354304246135637,1.2034206442204367,,5,0.4451450189155107
TW,G,anchored,4,4,120,24,2007-01,2022-12,2023-01,2025-12,192,36,26424,silhouette_is,5,0.03,proportional,A_hrp,793,0,55,793,0.1781145140664684,-0.4685180947886567,0.9139730851158018,0.12933836315750247,-0.13725435261509134,1.0612289883920252,,5,0.41992433795712486
TW,G,anchored,4,4,120,24,2007-01,2022-12,2023-01,2025-12,192,36,26424,silhouette_is,5,0.03,proportional,D_top_cagr,793,0,0,793,0.2506683217546233,-0.47185743763667265,1.0842121697773717,0.1554446588846321,-0.1432485050618677,1.229553084375916,,5,0.3619167717528373
TW,G,anchored,4,4,120,24,2007-01,2022-12,2023-01,2025-12,192,36,26424,silhouette_is,5,0.03,proportional,E_top_calmar,793,0,0,793,0.2336868928040705,-0.37982974015102056,1.1007825570127576,0.14997490898465626,-0.1354304246135637,1.2034206442204367,,5,0.4451450189155107
TW,G,anchored,4,4,120,24,2007-01,2022-12,2023-01,2025-12,192,36,26424,silhouette_is,5,0.05,equal,A_hrp,1321,0,669,1321,0.19592165825285934,-0.4830718247335173,0.9388452744809906,0.13976639051137996,-0.14091509923817003,1.0942168329417075,,5,0.20060560181680545
TW,G,anchored,4,4,120,24,2007-01,2022-12,2023-01,2025-12,192,36,26424,silhouette_is,5,0.05,equal,D_top_cagr,1321,0,0,1321,0.23468921146289246,-0.4818976093771875,1.0503819806751957,0.15478715181737157,-0.14137949072915257,1.2186533303766973,,5,0.37017411052233157
TW,G,anchored,4,4,120,24,2007-01,2022-12,2023-01,2025-12,192,36,26424,silhouette_is,5,0.05,equal,E_top_calmar,1321,0,0,1321,0.22087840647378698,-0.4098779278994191,1.0600964205666563,0.14739109194559763,-0.1360094986323208,1.1772249370962689,,5,0.39666919000757
TW,G,anchored,4,4,120,24,2007-01,2022-12,2023-01,2025-12,192,36,26424,silhouette_is,5,0.05,proportional,A_hrp,1321,0,355,1321,0.1778381214041811,-0.47271649649381375,0.9008126092577567,0.13326036403705377,-0.13712679862158383,1.0876909823512528,,5,0.4201362604087812
TW,G,anchored,4,4,120,24,2007-01,2022-12,2023-01,2025-12,192,36,26424,silhouette_is,5,0.05,proportional,D_top_cagr,1321,0,0,1321,0.23468921146289246,-0.4818976093771875,1.0503819806751957,0.15478715181737157,-0.14137949072915257,1.2186533303766973,,5,0.37017411052233157
TW,G,anchored,4,4,120,24,2007-01,2022-12,2023-01,2025-12,192,36,26424,silhouette_is,5,0.05,proportional,E_top_calmar,1321,0,0,1321,0.22087840647378698,-0.4098779278994191,1.0600964205666563,0.14739109194559763,-0.1360094986323208,1.1772249370962689,,5,0.39666919000757
TW,G,anchored,4,4,120,24,2007-01,2022-12,2023-01,2025-12,192,36,26424,silhouette_is,5,0.1,equal,A_hrp,2642,1,1695,2642,0.1806936077890029,-0.5038794678107453,0.8881811020058946,0.13777107841456782,-0.14073244538482765,1.0867692082342035,,5,0.2028766086298259
TW,G,anchored,4,4,120,24,2007-01,2022-12,2023-01,2025-12,192,36,26424,silhouette_is,5,0.1,equal,D_top_cagr,2642,1,0,2642,0.21289519669405288,-0.4975255282396035,0.9914494861958753,0.15231062617390068,-0.13979152366883385,1.1947858181600324,,5,0.36828160484481454
TW,G,anchored,4,4,120,24,2007-01,2022-12,2023-01,2025-12,192,36,26424,silhouette_is,5,0.1,equal,E_top_calmar,2642,1,0,2642,0.20401768979426493,-0.4433226281366396,0.9962674620873069,0.1446818356327162,-0.13636130142403002,1.1468242506317103,,5,0.39288417865253594
TW,G,anchored,4,4,120,24,2007-01,2022-12,2023-01,2025-12,192,36,26424,silhouette_is,5,0.1,proportional,A_hrp,2642,0,1651,2642,0.1883719130180852,-0.4655257834504335,0.9381654197735101,0.13890659485317158,-0.13652983673849128,1.114638788900369,,5,0.4201362604087812
TW,G,anchored,4,4,120,24,2007-01,2022-12,2023-01,2025-12,192,36,26424,silhouette_is,5,0.1,proportional,D_top_cagr,2642,0,0,2642,0.21289519669405288,-0.4975255282396035,0.9914494861958753,0.15231062617390068,-0.13979152366883385,1.1947858181600324,,5,0.36828160484481454
TW,G,anchored,4,4,120,24,2007-01,2022-12,2023-01,2025-12,192,36,26424,silhouette_is,5,0.1,proportional,E_top_calmar,2642,0,0,2642,0.20401768979426493,-0.4433226281366396,0.9962674620873069,0.1446818356327162,-0.13636130142403002,1.1468242506317103,,5,0.39288417865253594
TW,H,anchored,1,3,120,36,2007-01,2016-12,2017-01,2019-12,120,36,26424,fixed,6,all,unallocated,B_all,26424,0,0,26424,0.11478639807521485,-0.5484999555627641,0.5939924036100451,0.15008115468491545,-0.15514517106851222,1.3442319735505164,,6,0.49178776869512564
TW,H,anchored,1,3,120,36,2007-01,2016-12,2017-01,2019-12,120,36,26424,fixed,6,legacy,equal,A_hrp,30,0,1,30,0.29386424408696077,-0.27626966092563954,1.2151599854873991,0.1801709733746366,-0.14169184264420698,1.5922167438163866,3.6860291785675408,6,0.16666666666666666
TW,H,anchored,1,3,120,36,2007-01,2016-12,2017-01,2019-12,120,36,26424,fixed,6,legacy,equal,D_top_cagr,30,0,0,30,0.44553281029786573,-0.39602130945411085,0.6053605246238546,0.2125849851453323,-0.13151198278885468,1.826488777472953,3.07587139767344,5,0.6333333333333333
TW,H,anchored,1,3,120,36,2007-01,2016-12,2017-01,2019-12,120,36,26424,fixed,6,legacy,equal,E_top_calmar,30,0,0,30,0.40144664003811137,-0.28570882024483846,0.7300676711270828,0.19928919048373084,-0.1368800599122051,1.6804323112811523,3.0460501685459778,4,0.36666666666666664
TW,H,anchored,1,3,120,36,2007-01,2016-12,2017-01,2019-12,120,36,26424,fixed,6,legacy,proportional,A_hrp,30,0,0,30,0.288419380380315,-0.24918261415577858,1.2777494143181851,0.18484601942708023,-0.1403614449258319,1.6181803529583532,3.5998783450251683,6,0.4666666666666667
TW,H,anchored,1,3,120,36,2007-01,2016-12,2017-01,2019-12,120,36,26424,fixed,6,legacy,proportional,D_top_cagr,30,0,0,30,0.44553281029786573,-0.39602130945411085,0.6053605246238546,0.2125849851453323,-0.13151198278885468,1.826488777472953,3.07587139767344,5,0.6333333333333333
TW,H,anchored,1,3,120,36,2007-01,2016-12,2017-01,2019-12,120,36,26424,fixed,6,legacy,proportional,E_top_calmar,30,0,0,30,0.40144664003811137,-0.28570882024483846,0.7300676711270828,0.19928919048373084,-0.1368800599122051,1.6804323112811523,3.0460501685459778,4,0.36666666666666664
TW,H,anchored,1,3,120,36,2007-01,2016-12,2017-01,2019-12,120,36,26424,fixed,6,0.01,equal,A_hrp,264,0,86,264,0.2732510557260761,-0.3946184861422535,1.029550814486308,0.1751353565840812,-0.14362475205890413,1.5969289694905597,5.1849692670643925,6,0.16666666666666666
TW,H,anchored,1,3,120,36,2007-01,2016-12,2017-01,2019-12,120,36,26424,fixed,6,0.01,equal,D_top_cagr,264,0,0,264,0.327616481393995,-0.42531460677642263,1.0036499763135438,0.19525444371343403,-0.14321282313837402,1.715169318724296,4.384695649821433,6,0.2840909090909091
TW,H,anchored,1,3,120,36,2007-01,2016-12,2017-01,2019-12,120,36,26424,fixed,6,0.01,equal,E_top_calmar,264,0,0,264,0.2944319860958289,-0.3125468693268584,1.0622440321943345,0.19011679428537165,-0.13668890901155784,1.7053257943785567,3.896516701948086,6,0.2689393939393939
TW,H,anchored,1,3,120,36,2007-01,2016-12,2017-01,2019-12,120,36,26424,fixed,6,0.01,proportional,A_hrp,264,0,4,264,0.22037929405717116,-0.3897907148681241,1.0274120529530406,0.16950548269240362,-0.14423811816583987,1.5486694862070862,5.166459350559099,6,0.49242424242424243
TW,H,anchored,1,3,120,36,2007-01,2016-12,2017-01,2019-12,120,36,26424,fixed,6,0.01,proportional,D_top_cagr,264,0,0,264,0.327616481393995,-0.42531460677642263,1.0036499763135438,0.19525444371343403,-0.14321282313837402,1.715169318724296,4.384695649821433,6,0.2840909090909091
TW,H,anchored,1,3,120,36,2007-01,2016-12,2017-01,2019-12,120,36,26424,fixed,6,0.01,proportional,E_top_calmar,264,0,0,264,0.2944319860958289,-0.3125468693268584,1.0622440321943345,0.19011679428537165,-0.13668890901155784,1.7053257943785567,3.896516701948086,6,0.2689393939393939
TW,H,anchored,1,3,120,36,2007-01,2016-12,2017-01,2019-12,120,36,26424,fixed,6,0.03,equal,A_hrp,793,0,366,793,0.22968678269839327,-0.44494117696630875,0.9622169255288806,0.16849813922504664,-0.1458513400643937,1.525318154005851,,6,0.1677175283732661
TW,H,anchored,1,3,120,36,2007-01,2016-12,2017-01,2019-12,120,36,26424,fixed,6,0.03,equal,D_top_cagr,793,0,0,793,0.26729216905305275,-0.46507694286827694,1.025085950677945,0.19464382676593028,-0.14518127450084684,1.688960411601401,,6,0.2459016393442623
TW,H,anchored,1,3,120,36,2007-01,2016-12,2017-01,2019-12,120,36,26424,fixed,6,0.03,equal,E_top_calmar,793,0,0,793,0.2492954818665245,-0.3781250741735188,1.057276500858851,0.18317447188579816,-0.14274888450268408,1.628010775238912,,6,0.266078184110971
TW,H,anchored,1,3,120,36,2007-01,2016-12,2017-01,2019-12,120,36,26424,fixed,6,0.03,proportional,A_hrp,793,0,88,793,0.1821461527669861,-0.4435377564006253,0.8796670587845439,0.1599767761953197,-0.1471364624676208,1.4619056096313707,,6,0.4918032786885246
TW,H,anchored,1,3,120,36,2007-01,2016-12,2017-01,2019-12,120,36,26424,fixed,6,0.03,proportional,D_top_cagr,793,0,0,793,0.26729216905305275,-0.46507694286827694,1.025085950677945,0.19464382676593028,-0.14518127450084684,1.688960411601401,,6,0.2459016393442623
TW,H,anchored,1,3,120,36,2007-01,2016-12,2017-01,2019-12,120,36,26424,fixed,6,0.03,proportional,E_top_calmar,793,0,0,793,0.2492954818665245,-0.3781250741735188,1.057276500858851,0.18317447188579816,-0.14274888450268408,1.628010775238912,,6,0.266078184110971
TW,H,anchored,1,3,120,36,2007-01,2016-12,2017-01,2019-12,120,36,26424,fixed,6,0.05,equal,A_hrp,1321,0,722,1321,0.2098144986836099,-0.45914530558035493,0.9182713487592361,0.16571507073696123,-0.1468584678640391,1.501281787757298,,6,0.16729750189250567
TW,H,anchored,1,3,120,36,2007-01,2016-12,2017-01,2019-12,120,36,26424,fixed,6,0.05,equal,D_top_cagr,1321,0,0,1321,0.2434010692071864,-0.47563712165225447,0.9931746026062074,0.19040157013336612,-0.1472672141876471,1.64658312626908,,6,0.24299772899318697
TW,H,anchored,1,3,120,36,2007-01,2016-12,2017-01,2019-12,120,36,26424,fixed,6,0.05,equal,E_top_calmar,1321,0,0,1321,0.230361396993771,-0.40948146428148635,1.0121064974014755,0.18403409860861752,-0.14434481487292294,1.6244180179878465,,6,0.2732778198334595
TW,H,anchored,1,3,120,36,2007-01,2016-12,2017-01,2019-12,120,36,26424,fixed,6,0.05,proportional,A_hrp,1321,0,293,1321,0.16701640890387393,-0.4738705469883906,0.8148300377880923,0.1587649741428967,-0.14935819470929812,1.4355378965121726,,6,0.49205147615442846
TW,H,anchored,1,3,120,36,2007-01,2016-12,2017-01,2019-12,120,36,26424,fixed,6,0.05,proportional,D_top_cagr,1321,0,0,1321,0.2434010692071864,-0.47563712165225447,0.9931746026062074,0.19040157013336612,-0.1472672141876471,1.64658312626908,,6,0.24299772899318697
TW,H,anchored,1,3,120,36,2007-01,2016-12,2017-01,2019-12,120,36,26424,fixed,6,0.05,proportional,E_top_calmar,1321,0,0,1321,0.230361396993771,-0.40948146428148635,1.0121064974014755,0.18403409860861752,-0.14434481487292294,1.6244180179878465,,6,0.2732778198334595
TW,H,anchored,1,3,120,36,2007-01,2016-12,2017-01,2019-12,120,36,26424,fixed,6,0.1,equal,A_hrp,2642,0,1823,2642,0.18929738310948796,-0.483233836638694,0.8574746706925793,0.16346850945385127,-0.15003936320688893,1.466078181538937,,6,0.16691900075700228
TW,H,anchored,1,3,120,36,2007-01,2016-12,2017-01,2019-12,120,36,26424,fixed,6,0.1,equal,D_top_cagr,2642,0,0,2642,0.2138283861397543,-0.488144372529694,0.9313339158669227,0.18642370673182906,-0.1481714095666652,1.615209197840653,,6,0.2804693414080242
TW,H,anchored,1,3,120,36,2007-01,2016-12,2017-01,2019-12,120,36,26424,fixed,6,0.1,equal,E_top_calmar,2642,0,0,2642,0.20591659486909109,-0.44327903306434735,0.9387033111573723,0.18249602252515906,-0.1460442116974725,1.6070556329975907,,6,0.3376230128690386
TW,H,anchored,1,3,120,36,2007-01,2016-12,2017-01,2019-12,120,36,26424,fixed,6,0.1,proportional,A_hrp,2642,0,1588,2642,0.17993605724961892,-0.4651156576047214,0.8584570043767116,0.17419387717049428,-0.1472957577679651,1.5467715760771963,,6,0.49167297501892504
TW,H,anchored,1,3,120,36,2007-01,2016-12,2017-01,2019-12,120,36,26424,fixed,6,0.1,proportional,D_top_cagr,2642,0,0,2642,0.2138283861397543,-0.488144372529694,0.9313339158669227,0.18642370673182906,-0.1481714095666652,1.615209197840653,,6,0.2804693414080242
TW,H,anchored,1,3,120,36,2007-01,2016-12,2017-01,2019-12,120,36,26424,fixed,6,0.1,proportional,E_top_calmar,2642,0,0,2642,0.20591659486909109,-0.44327903306434735,0.9387033111573723,0.18249602252515906,-0.1460442116974725,1.6070556329975907,,6,0.3376230128690386
TW,H,anchored,1,3,120,36,2007-01,2016-12,2017-01,2019-12,120,36,26424,silhouette_is,4,all,unallocated,B_all,26424,0,0,26424,0.11478639807521485,-0.5484999555627641,0.5939924036100451,0.15008115468491545,-0.15514517106851222,1.3442319735505164,,4,0.49178776869512564
TW,H,anchored,1,3,120,36,2007-01,2016-12,2017-01,2019-12,120,36,26424,silhouette_is,4,legacy,equal,A_hrp,20,0,1,20,0.30318636154491263,-0.25129124176440465,1.235521454374994,0.17994956191862754,-0.14049367825175574,1.59486762445398,3.3159759992244013,4,0.25
TW,H,anchored,1,3,120,36,2007-01,2016-12,2017-01,2019-12,120,36,26424,silhouette_is,4,legacy,equal,D_top_cagr,20,0,0,20,0.4575299255198182,-0.38584527098251975,0.5226666987417314,0.2075664211887973,-0.1342239929262522,1.7277574894974261,2.4805005211299314,3,0.75
TW,H,anchored,1,3,120,36,2007-01,2016-12,2017-01,2019-12,120,36,26424,silhouette_is,4,legacy,equal,E_top_calmar,20,0,0,20,0.3930691380088802,-0.2656667082919587,0.8522625519413899,0.1999203797827538,-0.14179508471242375,1.6792903873249763,2.58300365384464,3,0.45
TW,H,anchored,1,3,120,36,2007-01,2016-12,2017-01,2019-12,120,36,26424,silhouette_is,4,legacy,proportional,A_hrp,20,0,0,20,0.3143104188981256,-0.25568438854012177,1.330645758236012,0.1905387766815827,-0.14445732118291765,1.6279777890028129,3.4764181063074555,4,0.45
TW,H,anchored,1,3,120,36,2007-01,2016-12,2017-01,2019-12,120,36,26424,silhouette_is,4,legacy,proportional,D_top_cagr,20,0,0,20,0.4575299255198182,-0.38584527098251975,0.5226666987417314,0.2075664211887973,-0.1342239929262522,1.7277574894974261,2.4805005211299314,3,0.75
TW,H,anchored,1,3,120,36,2007-01,2016-12,2017-01,2019-12,120,36,26424,silhouette_is,4,legacy,proportional,E_top_calmar,20,0,0,20,0.3930691380088802,-0.2656667082919587,0.8522625519413899,0.1999203797827538,-0.14179508471242375,1.6792903873249763,2.58300365384464,3,0.45
TW,H,anchored,1,3,120,36,2007-01,2016-12,2017-01,2019-12,120,36,26424,silhouette_is,4,0.01,equal,A_hrp,264,0,102,264,0.26947687606949633,-0.38567915104316564,1.002449999619048,0.1820350602176184,-0.13857450823908102,1.6506497875470838,4.614304935444711,4,0.25
TW,H,anchored,1,3,120,36,2007-01,2016-12,2017-01,2019-12,120,36,26424,silhouette_is,4,0.01,equal,D_top_cagr,264,0,0,264,0.327616481393995,-0.42531460677642263,1.0036499763135438,0.19525444371343403,-0.14321282313837402,1.715169318724296,4.384695649821433,4,0.5492424242424242
TW,H,anchored,1,3,120,36,2007-01,2016-12,2017-01,2019-12,120,36,26424,silhouette_is,4,0.01,equal,E_top_calmar,264,0,0,264,0.2944319860958289,-0.3125468693268584,1.0622440321943345,0.19011679428537165,-0.13668890901155784,1.7053257943785567,3.896516701948086,4,0.5378787878787878
TW,H,anchored,1,3,120,36,2007-01,2016-12,2017-01,2019-12,120,36,26424,silhouette_is,4,0.01,proportional,A_hrp,264,0,4,264,0.21481904730763812,-0.3895586278512574,1.0275704616364405,0.1691868314449798,-0.14403384427760058,1.5461878555991186,5.3301368370084,4,0.49242424242424243
TW,H,anchored,1,3,120,36,2007-01,2016-12,2017-01,2019-12,120,36,26424,silhouette_is,4,0.01,proportional,D_top_cagr,264,0,0,264,0.327616481393995,-0.42531460677642263,1.0036499763135438,0.19525444371343403,-0.14321282313837402,1.715169318724296,4.384695649821433,4,0.5492424242424242
TW,H,anchored,1,3,120,36,2007-01,2016-12,2017-01,2019-12,120,36,26424,silhouette_is,4,0.01,proportional,E_top_calmar,264,0,0,264,0.2944319860958289,-0.3125468693268584,1.0622440321943345,0.19011679428537165,-0.13668890901155784,1.7053257943785567,3.896516701948086,4,0.5378787878787878
TW,H,anchored,1,3,120,36,2007-01,2016-12,2017-01,2019-12,120,36,26424,silhouette_is,4,0.03,equal,A_hrp,793,0,366,793,0.21688288780343568,-0.45348366506823135,0.946896136077295,0.1696060919032658,-0.14227996968519907,1.547407410622591,,4,0.2509457755359395
TW,H,anchored,1,3,120,36,2007-01,2016-12,2017-01,2019-12,120,36,26424,silhouette_is,4,0.03,equal,D_top_cagr,793,0,0,793,0.26729216905305275,-0.46507694286827694,1.025085950677945,0.19464382676593028,-0.14518127450084684,1.688960411601401,,4,0.5712484237074401
TW,H,anchored,1,3,120,36,2007-01,2016-12,2017-01,2019-12,120,36,26424,silhouette_is,4,0.03,equal,E_top_calmar,793,0,0,793,0.2492954818665245,-0.3781250741735188,1.057276500858851,0.18317447188579816,-0.14274888450268408,1.628010775238912,,4,0.5460277427490542
TW,H,anchored,1,3,120,36,2007-01,2016-12,2017-01,2019-12,120,36,26424,silhouette_is,4,0.03,proportional,A_hrp,793,0,126,793,0.18372066259254405,-0.43943889707398487,0.889675826954042,0.1593281268368223,-0.14703476935168702,1.459361803838663,,4,0.4918032786885246
TW,H,anchored,1,3,120,36,2007-01,2016-12,2017-01,2019-12,120,36,26424,silhouette_is,4,0.03,proportional,D_top_cagr,793,0,0,793,0.26729216905305275,-0.46507694286827694,1.025085950677945,0.19464382676593028,-0.14518127450084684,1.688960411601401,,4,0.5712484237074401
TW,H,anchored,1,3,120,36,2007-01,2016-12,2017-01,2019-12,120,36,26424,silhouette_is,4,0.03,proportional,E_top_calmar,793,0,0,793,0.2492954818665245,-0.3781250741735188,1.057276500858851,0.18317447188579816,-0.14274888450268408,1.628010775238912,,4,0.5460277427490542
TW,H,anchored,1,3,120,36,2007-01,2016-12,2017-01,2019-12,120,36,26424,silhouette_is,4,0.05,equal,A_hrp,1321,0,706,1321,0.197248365622678,-0.46781535888252657,0.8989328307296497,0.16569266440145425,-0.14629197953835305,1.5030105170172816,,4,0.2505677517032551
TW,H,anchored,1,3,120,36,2007-01,2016-12,2017-01,2019-12,120,36,26424,silhouette_is,4,0.05,equal,D_top_cagr,1321,0,0,1321,0.2434010692071864,-0.47563712165225447,0.9931746026062074,0.19040157013336612,-0.1472672141876471,1.64658312626908,,4,0.5692657077971234
TW,H,anchored,1,3,120,36,2007-01,2016-12,2017-01,2019-12,120,36,26424,silhouette_is,4,0.05,equal,E_top_calmar,1321,0,0,1321,0.230361396993771,-0.40948146428148635,1.0121064974014755,0.18403409860861752,-0.14434481487292294,1.6244180179878465,,4,0.5268735806207419
TW,H,anchored,1,3,120,36,2007-01,2016-12,2017-01,2019-12,120,36,26424,silhouette_is,4,0.05,proportional,A_hrp,1321,0,387,1321,0.1748381982898164,-0.46601002415161985,0.8397404729726957,0.15902340024038342,-0.14911163028941155,1.4393064353362175,,4,0.49205147615442846
TW,H,anchored,1,3,120,36,2007-01,2016-12,2017-01,2019-12,120,36,26424,silhouette_is,4,0.05,proportional,D_top_cagr,1321,0,0,1321,0.2434010692071864,-0.47563712165225447,0.9931746026062074,0.19040157013336612,-0.1472672141876471,1.64658312626908,,4,0.5692657077971234
TW,H,anchored,1,3,120,36,2007-01,2016-12,2017-01,2019-12,120,36,26424,silhouette_is,4,0.05,proportional,E_top_calmar,1321,0,0,1321,0.230361396993771,-0.40948146428148635,1.0121064974014755,0.18403409860861752,-0.14434481487292294,1.6244180179878465,,4,0.5268735806207419
TW,H,anchored,1,3,120,36,2007-01,2016-12,2017-01,2019-12,120,36,26424,silhouette_is,4,0.1,equal,A_hrp,2642,1,1687,2642,0.17131283177947698,-0.49887806180473593,0.8089453003684052,0.16139040595456766,-0.15165202231041408,1.4447762501782089,,4,0.25397426192278577
TW,H,anchored,1,3,120,36,2007-01,2016-12,2017-01,2019-12,120,36,26424,silhouette_is,4,0.1,equal,D_top_cagr,2642,1,0,2642,0.2138283861397543,-0.488144372529694,0.9313339158669227,0.18642370673182906,-0.1481714095666652,1.615209197840653,,4,0.5299015897047691
TW,H,anchored,1,3,120,36,2007-01,2016-12,2017-01,2019-12,120,36,26424,silhouette_is,4,0.1,equal,E_top_calmar,2642,1,0,2642,0.20591659486909109,-0.44327903306434735,0.9387033111573723,0.18249602252515906,-0.1460442116974725,1.6070556329975907,,4,0.4954579863739591
TW,H,anchored,1,3,120,36,2007-01,2016-12,2017-01,2019-12,120,36,26424,silhouette_is,4,0.1,proportional,A_hrp,2642,0,1682,2642,0.18358770106576894,-0.46304301831627404,0.8674423598115166,0.17282861117831172,-0.14750216116251713,1.535236255196009,,4,0.49167297501892504
TW,H,anchored,1,3,120,36,2007-01,2016-12,2017-01,2019-12,120,36,26424,silhouette_is,4,0.1,proportional,D_top_cagr,2642,0,0,2642,0.2138283861397543,-0.488144372529694,0.9313339158669227,0.18642370673182906,-0.1481714095666652,1.615209197840653,,4,0.5299015897047691
TW,H,anchored,1,3,120,36,2007-01,2016-12,2017-01,2019-12,120,36,26424,silhouette_is,4,0.1,proportional,E_top_calmar,2642,0,0,2642,0.20591659486909109,-0.44327903306434735,0.9387033111573723,0.18249602252515906,-0.1460442116974725,1.6070556329975907,,4,0.4954579863739591
TW,H,anchored,2,3,120,36,2007-01,2019-12,2020-01,2022-12,156,36,26424,fixed,6,all,unallocated,B_all,26424,0,0,26424,0.12283397205666802,-0.5484999555627641,0.6682284140013254,0.18112327424450414,-0.15507089623711678,0.8756067573880477,,6,0.5146836209506509
TW,H,anchored,2,3,120,36,2007-01,2019-12,2020-01,2022-12,156,36,26424,fixed,6,legacy,equal,A_hrp,30,0,2,30,0.277491985510657,-0.26995239597701337,1.2286203116718293,0.23162030651888865,-0.1419912355594476,1.023276335481531,2.3542324987740084,6,0.16666666666666666
TW,H,anchored,2,3,120,36,2007-01,2019-12,2020-01,2022-12,156,36,26424,fixed,6,legacy,equal,D_top_cagr,30,0,0,30,0.3856871385858083,-0.3893117920502318,0.5850272423059479,0.2683648528627236,-0.17317958454005,1.0800999210667583,2.2591226745481223,5,0.6333333333333333
TW,H,anchored,2,3,120,36,2007-01,2019-12,2020-01,2022-12,156,36,26424,fixed,6,legacy,equal,E_top_calmar,30,0,0,30,0.32277413790791765,-0.2702444506710907,1.0105229454920555,0.23753994643837872,-0.15354364102774543,1.0085446329943992,2.0439015891982275,4,0.3
TW,H,anchored,2,3,120,36,2007-01,2019-12,2020-01,2022-12,156,36,26424,fixed,6,legacy,proportional,A_hrp,30,0,0,30,0.25917474206651736,-0.25097967477115024,1.2809862250763187,0.22343790643170336,-0.14267784038976405,0.9936207314485259,2.265592884664737,6,0.5
TW,H,anchored,2,3,120,36,2007-01,2019-12,2020-01,2022-12,156,36,26424,fixed,6,legacy,proportional,D_top_cagr,30,0,0,30,0.3856871385858083,-0.3893117920502318,0.5850272423059479,0.2683648528627236,-0.17317958454005,1.0800999210667583,2.2591226745481223,5,0.6333333333333333
TW,H,anchored,2,3,120,36,2007-01,2019-12,2020-01,2022-12,156,36,26424,fixed,6,legacy,proportional,E_top_calmar,30,0,0,30,0.32277413790791765,-0.2702444506710907,1.0105229454920555,0.23753994643837872,-0.15354364102774543,1.0085446329943992,2.0439015891982275,4,0.3
TW,H,anchored,2,3,120,36,2007-01,2019-12,2020-01,2022-12,156,36,26424,fixed,6,0.01,equal,A_hrp,264,0,66,264,0.237577049794629,-0.3803739404725841,1.0677124929150525,0.1947683228957271,-0.14421051964238607,0.9193478410433481,2.800238111602678,6,0.16666666666666666
TW,H,anchored,2,3,120,36,2007-01,2019-12,2020-01,2022-12,156,36,26424,fixed,6,0.01,equal,D_top_cagr,264,0,0,264,0.2968120249417088,-0.428253859539523,1.0341075353529707,0.20989635442402554,-0.1497675875451383,0.9411708745662948,2.437425334076339,6,0.2765151515151515
TW,H,anchored,2,3,120,36,2007-01,2019-12,2020-01,2022-12,156,36,26424,fixed,6,0.01,equal,E_top_calmar,264,0,0,264,0.26530335160819996,-0.30393529004424547,1.1118775723642242,0.22368244063397946,-0.15535445654560376,0.9991758920137881,2.3243887446073153,6,0.2537878787878788
TW,H,anchored,2,3,120,36,2007-01,2019-12,2020-01,2022-12,156,36,26424,fixed,6,0.01,proportional,A_hrp,264,0,5,264,0.21211409805415626,-0.38186982123504154,1.0892328952761703,0.20814385419225423,-0.15223214711185373,0.9592927687541635,2.713095435964278,6,0.5151515151515151
TW,H,anchored,2,3,120,36,2007-01,2019-12,2020-01,2022-12,156,36,26424,fixed,6,0.01,proportional,D_top_cagr,264,0,0,264,0.2968120249417088,-0.428253859539523,1.0341075353529707,0.20989635442402554,-0.1497675875451383,0.9411708745662948,2.437425334076339,6,0.2765151515151515
TW,H,anchored,2,3,120,36,2007-01,2019-12,2020-01,2022-12,156,36,26424,fixed,6,0.01,proportional,E_top_calmar,264,0,0,264,0.26530335160819996,-0.30393529004424547,1.1118775723642242,0.22368244063397946,-0.15535445654560376,0.9991758920137881,2.3243887446073153,6,0.2537878787878788
TW,H,anchored,2,3,120,36,2007-01,2019-12,2020-01,2022-12,156,36,26424,fixed,6,0.03,equal,A_hrp,793,0,339,793,0.20776348921771914,-0.4356923206953732,1.0081682475571896,0.19397031032956535,-0.14204805126820852,0.922553694184635,,6,0.1677175283732661
TW,H,anchored,2,3,120,36,2007-01,2019-12,2020-01,2022-12,156,36,26424,fixed,6,0.03,equal,D_top_cagr,793,0,0,793,0.25093934694135145,-0.46819423678626226,1.0759312647296728,0.2070360658252275,-0.15400393212086416,0.9302081736226309,,6,0.2849936948297604
TW,H,anchored,2,3,120,36,2007-01,2019-12,2020-01,2022-12,156,36,26424,fixed,6,0.03,equal,E_top_calmar,793,0,0,793,0.23162776295709486,-0.3728574691790173,1.107918141747862,0.2112816080553117,-0.15210474789729522,0.9598230510098524,,6,0.287515762925599
TW,H,anchored,2,3,120,36,2007-01,2019-12,2020-01,2022-12,156,36,26424,fixed,6,0.03,proportional,A_hrp,793,0,84,793,0.17770102659883524,-0.46338094447366396,0.9224085356051966,0.19378279586491898,-0.15371390893203007,0.916391788974583,,6,0.5145018915510718
TW,H,anchored,2,3,120,36,2007-01,2019-12,2020-01,2022-12,156,36,26424,fixed,6,0.03,proportional,D_top_cagr,793,0,0,793,0.25093934694135145,-0.46819423678626226,1.0759312647296728,0.2070360658252275,-0.15400393212086416,0.9302081736226309,,6,0.2849936948297604
TW,H,anchored,2,3,120,36,2007-01,2019-12,2020-01,2022-12,156,36,26424,fixed,6,0.03,proportional,E_top_calmar,793,0,0,793,0.23162776295709486,-0.3728574691790173,1.107918141747862,0.2112816080553117,-0.15210474789729522,0.9598230510098524,,6,0.287515762925599
TW,H,anchored,2,3,120,36,2007-01,2019-12,2020-01,2022-12,156,36,26424,fixed,6,0.05,equal,A_hrp,1321,0,779,1321,0.20357161283441605,-0.4381419752019251,1.0021234962927856,0.1915945559695429,-0.14525085919173975,0.9091968997489598,,6,0.16729750189250567
TW,H,anchored,2,3,120,36,2007-01,2019-12,2020-01,2022-12,156,36,26424,fixed,6,0.05,equal,D_top_cagr,1321,0,0,1321,0.23215737430111227,-0.47901447275886666,1.04994960217203,0.20657740346630926,-0.1530470500409974,0.9320533120223803,,6,0.28236184708554124
TW,H,anchored,2,3,120,36,2007-01,2019-12,2020-01,2022-12,156,36,26424,fixed,6,0.05,equal,E_top_calmar,1321,0,0,1321,0.21855634317185824,-0.4078414967411772,1.066160818648404,0.2083177524524895,-0.15378584385776162,0.9480056018694702,,6,0.3429220287660863
TW,H,anchored,2,3,120,36,2007-01,2019-12,2020-01,2022-12,156,36,26424,fixed,6,0.05,proportional,A_hrp,1321,0,320,1321,0.1690258970413352,-0.48365199832252814,0.8688132700786828,0.19015776690499453,-0.15585026759392773,0.8990320532299874,,6,0.5147615442846328
TW,H,anchored,2,3,120,36,2007-01,2019-12,2020-01,2022-12,156,36,26424,fixed,6,0.05,proportional,D_top_cagr,1321,0,0,1321,0.23215737430111227,-0.47901447275886666,1.04994960217203,0.20657740346630926,-0.1530470500409974,0.9320533120223803,,6,0.28236184708554124
TW,H,anchored,2,3,120,36,2007-01,2019-12,2020-01,2022-12,156,36,26424,fixed,6,0.05,proportional,E_top_calmar,1321,0,0,1321,0.21855634317185824,-0.4078414967411772,1.066160818648404,0.2083177524524895,-0.15378584385776162,0.9480056018694702,,6,0.3429220287660863
TW,H,anchored,2,3,120,36,2007-01,2019-12,2020-01,2022-12,156,36,26424,fixed,6,0.1,equal,A_hrp,2642,0,1880,2642,0.18727562927005348,-0.4693351785882188,0.9395830016303537,0.1858915803959751,-0.1440450264931724,0.8923903182688468,,6,0.16691900075700228
TW,H,anchored,2,3,120,36,2007-01,2019-12,2020-01,2022-12,156,36,26424,fixed,6,0.1,equal,D_top_cagr,2642,0,0,2642,0.20889138102635196,-0.49189269910257527,0.9906403646040924,0.20458050444338083,-0.15290829966304875,0.9286359859997826,,6,0.36222558667676
TW,H,anchored,2,3,120,36,2007-01,2019-12,2020-01,2022-12,156,36,26424,fixed,6,0.1,equal,E_top_calmar,2642,0,0,2642,0.20077574822836275,-0.44331627572371923,0.9988734191745737,0.2029812723749802,-0.15272803229700427,0.9319184503504342,,6,0.3906131718395155
TW,H,anchored,2,3,120,36,2007-01,2019-12,2020-01,2022-12,156,36,26424,fixed,6,0.1,proportional,A_hrp,2642,0,1639,2642,0.1815929541887824,-0.4661348644612042,0.9248102758596688,0.19929696399232477,-0.15593678381091025,0.9222221079012187,,6,0.5147615442846328
TW,H,anchored,2,3,120,36,2007-01,2019-12,2020-01,2022-12,156,36,26424,fixed,6,0.1,proportional,D_top_cagr,2642,0,0,2642,0.20889138102635196,-0.49189269910257527,0.9906403646040924,0.20458050444338083,-0.15290829966304875,0.9286359859997826,,6,0.36222558667676
TW,H,anchored,2,3,120,36,2007-01,2019-12,2020-01,2022-12,156,36,26424,fixed,6,0.1,proportional,E_top_calmar,2642,0,0,2642,0.20077574822836275,-0.44331627572371923,0.9988734191745737,0.2029812723749802,-0.15272803229700427,0.9319184503504342,,6,0.3906131718395155
TW,H,anchored,2,3,120,36,2007-01,2019-12,2020-01,2022-12,156,36,26424,silhouette_is,12,all,unallocated,B_all,26424,0,0,26424,0.12283397205666802,-0.5484999555627641,0.6682284140013254,0.18112327424450414,-0.15507089623711678,0.8756067573880477,,12,0.3908567968513473
TW,H,anchored,2,3,120,36,2007-01,2019-12,2020-01,2022-12,156,36,26424,silhouette_is,12,legacy,equal,A_hrp,60,0,2,60,0.2562645466221347,-0.30583200538042565,1.2163599015859339,0.19098663937578153,-0.14128680803646343,0.9063213691679061,2.4493245215061226,12,0.08333333333333333
TW,H,anchored,2,3,120,36,2007-01,2019-12,2020-01,2022-12,156,36,26424,silhouette_is,12,legacy,equal,D_top_cagr,60,0,0,60,0.3615806246281972,-0.4122715097403715,0.73072161789758,0.24310157117215714,-0.1696396382070452,1.0247916575318665,2.345079193086169,9,0.48333333333333334
TW,H,anchored,2,3,120,36,2007-01,2019-12,2020-01,2022-12,156,36,26424,silhouette_is,12,legacy,equal,E_top_calmar,60,0,0,60,0.3101336248868414,-0.2732093836573032,0.9508669550450338,0.24534349258874366,-0.15524295685092782,1.031587672236887,2.2675140337365876,8,0.23333333333333334
TW,H,anchored,2,3,120,36,2007-01,2019-12,2020-01,2022-12,156,36,26424,silhouette_is,12,legacy,proportional,A_hrp,60,0,0,60,0.24013512535985782,-0.3042231732549563,1.2030160860135959,0.19381279062508128,-0.1401826876905783,0.9064383860852587,2.3033230464349392,12,0.38333333333333336
TW,H,anchored,2,3,120,36,2007-01,2019-12,2020-01,2022-12,156,36,26424,silhouette_is,12,legacy,proportional,D_top_cagr,60,0,0,60,0.3615806246281972,-0.4122715097403715,0.73072161789758,0.24310157117215714,-0.1696396382070452,1.0247916575318665,2.345079193086169,9,0.48333333333333334
TW,H,anchored,2,3,120,36,2007-01,2019-12,2020-01,2022-12,156,36,26424,silhouette_is,12,legacy,proportional,E_top_calmar,60,0,0,60,0.3101336248868414,-0.2732093836573032,0.9508669550450338,0.24534349258874366,-0.15524295685092782,1.031587672236887,2.2675140337365876,8,0.23333333333333334
TW,H,anchored,2,3,120,36,2007-01,2019-12,2020-01,2022-12,156,36,26424,silhouette_is,12,0.01,equal,A_hrp,264,0,35,264,0.2246531685931934,-0.39210205121879793,1.0744765736917277,0.187501094678729,-0.14663707381035285,0.8968796761954568,2.7393046965316326,12,0.08333333333333333
TW,H,anchored,2,3,120,36,2007-01,2019-12,2020-01,2022-12,156,36,26424,silhouette_is,12,0.01,equal,D_top_cagr,264,0,0,264,0.2968120249417088,-0.428253859539523,1.0341075353529707,0.20989635442402554,-0.1497675875451383,0.9411708745662948,2.437425334076339,12,0.22727272727272727
TW,H,anchored,2,3,120,36,2007-01,2019-12,2020-01,2022-12,156,36,26424,silhouette_is,12,0.01,equal,E_top_calmar,264,0,0,264,0.26530335160819996,-0.30393529004424547,1.1118775723642242,0.22368244063397946,-0.15535445654560376,0.9991758920137881,2.3243887446073153,11,0.19318181818181818
TW,H,anchored,2,3,120,36,2007-01,2019-12,2020-01,2022-12,156,36,26424,silhouette_is,12,0.01,proportional,A_hrp,264,0,0,264,0.20925455848183572,-0.39437940680833594,1.0678531088009688,0.20097356168234004,-0.14747720452967883,0.9351925518992569,2.615371594964525,12,0.39015151515151514
TW,H,anchored,2,3,120,36,2007-01,2019-12,2020-01,2022-12,156,36,26424,silhouette_is,12,0.01,proportional,D_top_cagr,264,0,0,264,0.2968120249417088,-0.428253859539523,1.0341075353529707,0.20989635442402554,-0.1497675875451383,0.9411708745662948,2.437425334076339,12,0.22727272727272727
TW,H,anchored,2,3,120,36,2007-01,2019-12,2020-01,2022-12,156,36,26424,silhouette_is,12,0.01,proportional,E_top_calmar,264,0,0,264,0.26530335160819996,-0.30393529004424547,1.1118775723642242,0.22368244063397946,-0.15535445654560376,0.9991758920137881,2.3243887446073153,11,0.19318181818181818
TW,H,anchored,2,3,120,36,2007-01,2019-12,2020-01,2022-12,156,36,26424,silhouette_is,12,0.03,equal,A_hrp,793,0,290,793,0.20610632975053123,-0.4316471897718164,1.0092177552528068,0.19387552784329398,-0.14757137477276316,0.9131432978372008,,12,0.08448928121059268
TW,H,anchored,2,3,120,36,2007-01,2019-12,2020-01,2022-12,156,36,26424,silhouette_is,12,0.03,equal,D_top_cagr,793,0,0,793,0.25093934694135145,-0.46819423678626226,1.0759312647296728,0.2070360658252275,-0.15400393212086416,0.9302081736226309,,12,0.14123581336696092
TW,H,anchored,2,3,120,36,2007-01,2019-12,2020-01,2022-12,156,36,26424,silhouette_is,12,0.03,equal,E_top_calmar,793,0,0,793,0.23162776295709486,-0.3728574691790173,1.107918141747862,0.2112816080553117,-0.15210474789729522,0.9598230510098524,,12,0.14880201765447668
TW,H,anchored,2,3,120,36,2007-01,2019-12,2020-01,2022-12,156,36,26424,silhouette_is,12,0.03,proportional,A_hrp,793,0,16,793,0.168480148822854,-0.47546538121673887,0.8871263288674202,0.1908648639552608,-0.15191290860406093,0.9060104922163833,,12,0.39092055485498106
TW,H,anchored,2,3,120,36,2007-01,2019-12,2020-01,2022-12,156,36,26424,silhouette_is,12,0.03,proportional,D_top_cagr,793,0,0,793,0.25093934694135145,-0.46819423678626226,1.0759312647296728,0.2070360658252275,-0.15400393212086416,0.9302081736226309,,12,0.14123581336696092
TW,H,anchored,2,3,120,36,2007-01,2019-12,2020-01,2022-12,156,36,26424,silhouette_is,12,0.03,proportional,E_top_calmar,793,0,0,793,0.23162776295709486,-0.3728574691790173,1.107918141747862,0.2112816080553117,-0.15210474789729522,0.9598230510098524,,12,0.14880201765447668
TW,H,anchored,2,3,120,36,2007-01,2019-12,2020-01,2022-12,156,36,26424,silhouette_is,12,0.05,equal,A_hrp,1321,0,657,1321,0.1988243572743007,-0.44572801877813895,0.9835191908979554,0.1918780327526146,-0.14738936711895,0.9049043168822415,,12,0.08402725208175625
TW,H,anchored,2,3,120,36,2007-01,2019-12,2020-01,2022-12,156,36,26424,silhouette_is,12,0.05,equal,D_top_cagr,1321,0,0,1321,0.23215737430111227,-0.47901447275886666,1.04994960217203,0.20657740346630926,-0.1530470500409974,0.9320533120223803,,12,0.17486752460257382
TW,H,anchored,2,3,120,36,2007-01,2019-12,2020-01,2022-12,156,36,26424,silhouette_is,12,0.05,equal,E_top_calmar,1321,0,0,1321,0.21855634317185824,-0.4078414967411772,1.066160818648404,0.2083177524524895,-0.15378584385776162,0.9480056018694702,,12,0.18925056775170326
TW,H,anchored,2,3,120,36,2007-01,2019-12,2020-01,2022-12,156,36,26424,silhouette_is,12,0.05,proportional,A_hrp,1321,0,198,1321,0.16054511268741534,-0.49679833029304254,0.8378682009594424,0.1868100226150713,-0.15462292082527185,0.8871673017928511,,12,0.3906131718395155
TW,H,anchored,2,3,120,36,2007-01,2019-12,2020-01,2022-12,156,36,26424,silhouette_is,12,0.05,proportional,D_top_cagr,1321,0,0,1321,0.23215737430111227,-0.47901447275886666,1.04994960217203,0.20657740346630926,-0.1530470500409974,0.9320533120223803,,12,0.17486752460257382
TW,H,anchored,2,3,120,36,2007-01,2019-12,2020-01,2022-12,156,36,26424,silhouette_is,12,0.05,proportional,E_top_calmar,1321,0,0,1321,0.21855634317185824,-0.4078414967411772,1.066160818648404,0.2083177524524895,-0.15378584385776162,0.9480056018694702,,12,0.18925056775170326
TW,H,anchored,2,3,120,36,2007-01,2019-12,2020-01,2022-12,156,36,26424,silhouette_is,12,0.1,equal,A_hrp,2642,1,1773,2642,0.1886376152512641,-0.4665068733026626,0.9446961303465607,0.18723762677347433,-0.14723716993145142,0.8887545718912515,,12,0.08591975775927328
TW,H,anchored,2,3,120,36,2007-01,2019-12,2020-01,2022-12,156,36,26424,silhouette_is,12,0.1,equal,D_top_cagr,2642,1,0,2642,0.20889138102635196,-0.49189269910257527,0.9906403646040924,0.20458050444338083,-0.15290829966304875,0.9286359859997826,,12,0.19341408024224072
TW,H,anchored,2,3,120,36,2007-01,2019-12,2020-01,2022-12,156,36,26424,silhouette_is,12,0.1,equal,E_top_calmar,2642,1,0,2642,0.20077574822836275,-0.44331627572371923,0.9988734191745737,0.2029812723749802,-0.15272803229700427,0.9319184503504342,,12,0.21196063588190764
TW,H,anchored,2,3,120,36,2007-01,2019-12,2020-01,2022-12,156,36,26424,silhouette_is,12,0.1,proportional,A_hrp,2642,0,1432,2642,0.1731642218392535,-0.47853315467010804,0.8932052078443461,0.18741368639743428,-0.15240986717411464,0.8844652832562605,,12,0.3909916729750189
TW,H,anchored,2,3,120,36,2007-01,2019-12,2020-01,2022-12,156,36,26424,silhouette_is,12,0.1,proportional,D_top_cagr,2642,0,0,2642,0.20889138102635196,-0.49189269910257527,0.9906403646040924,0.20458050444338083,-0.15290829966304875,0.9286359859997826,,12,0.19341408024224072
TW,H,anchored,2,3,120,36,2007-01,2019-12,2020-01,2022-12,156,36,26424,silhouette_is,12,0.1,proportional,E_top_calmar,2642,0,0,2642,0.20077574822836275,-0.44331627572371923,0.9988734191745737,0.2029812723749802,-0.15272803229700427,0.9319184503504342,,12,0.21196063588190764
TW,H,anchored,3,3,120,36,2007-01,2022-12,2023-01,2025-12,192,36,26424,fixed,6,all,unallocated,B_all,26424,0,0,26424,0.13353969900893792,-0.5484999555627641,0.7085465997616146,0.12541750663599283,-0.13830658386936634,1.0126432533508438,,6,0.42003481683318195
TW,H,anchored,3,3,120,36,2007-01,2022-12,2023-01,2025-12,192,36,26424,fixed,6,legacy,equal,A_hrp,30,0,0,30,0.2557480841464961,-0.3263595329053328,1.1498333453063172,0.15212892308272385,-0.15177816673517353,1.1626892396554525,4.381618131096556,6,0.16666666666666666
TW,H,anchored,3,3,120,36,2007-01,2022-12,2023-01,2025-12,192,36,26424,fixed,6,legacy,equal,D_top_cagr,30,0,0,30,0.3735724726495193,-0.3616349986700038,0.6339637043554901,0.1546643322640988,-0.1567772952380332,1.2078755824598228,2.7365388768724905,4,0.6
TW,H,anchored,3,3,120,36,2007-01,2022-12,2023-01,2025-12,192,36,26424,fixed,6,legacy,equal,E_top_calmar,30,0,0,30,0.3226228892205818,-0.24607417678134014,0.9458115259673533,0.16097461413438752,-0.14685477854452156,1.2814069756361992,2.948231567306657,3,0.5
TW,H,anchored,3,3,120,36,2007-01,2022-12,2023-01,2025-12,192,36,26424,fixed,6,legacy,proportional,A_hrp,30,0,0,30,0.26170256949698256,-0.24511516399824673,1.2478301323108003,0.16023845311938412,-0.13781549759080436,1.2955029715648039,4.555903957182252,6,0.4
TW,H,anchored,3,3,120,36,2007-01,2022-12,2023-01,2025-12,192,36,26424,fixed,6,legacy,proportional,D_top_cagr,30,0,0,30,0.3735724726495193,-0.3616349986700038,0.6339637043554901,0.1546643322640988,-0.1567772952380332,1.2078755824598228,2.7365388768724905,4,0.6
TW,H,anchored,3,3,120,36,2007-01,2022-12,2023-01,2025-12,192,36,26424,fixed,6,legacy,proportional,E_top_calmar,30,0,0,30,0.3226228892205818,-0.24607417678134014,0.9458115259673533,0.16097461413438752,-0.14685477854452156,1.2814069756361992,2.948231567306657,3,0.5
TW,H,anchored,3,3,120,36,2007-01,2022-12,2023-01,2025-12,192,36,26424,fixed,6,0.01,equal,A_hrp,264,0,92,264,0.24342102115977937,-0.39740378041721747,1.0445814105434847,0.14736217659365902,-0.1394786836919688,1.1375446236932312,5.102451582252475,6,0.16666666666666666
TW,H,anchored,3,3,120,36,2007-01,2022-12,2023-01,2025-12,192,36,26424,fixed,6,0.01,equal,D_top_cagr,264,0,0,264,0.2908685487835758,-0.43119019792434166,1.0575836142786352,0.16306018259106958,-0.14090583553468838,1.3011899854655784,3.916390499244925,6,0.3181818181818182
TW,H,anchored,3,3,120,36,2007-01,2022-12,2023-01,2025-12,192,36,26424,fixed,6,0.01,equal,E_top_calmar,264,0,0,264,0.26368051454150154,-0.30000735896089925,1.1332125484596238,0.15577381224268172,-0.13209980667396093,1.2746975738642115,3.7997780576743025,6,0.5227272727272727
TW,H,anchored,3,3,120,36,2007-01,2022-12,2023-01,2025-12,192,36,26424,fixed,6,0.01,proportional,A_hrp,264,0,3,264,0.21010619837539424,-0.3834656014226905,1.052460411947333,0.1406805738080812,-0.13562739809335844,1.1240226273133276,5.60252328492991,6,0.42045454545454547
TW,H,anchored,3,3,120,36,2007-01,2022-12,2023-01,2025-12,192,36,26424,fixed,6,0.01,proportional,D_top_cagr,264,0,0,264,0.2908685487835758,-0.43119019792434166,1.0575836142786352,0.16306018259106958,-0.14090583553468838,1.3011899854655784,3.916390499244925,6,0.3181818181818182
TW,H,anchored,3,3,120,36,2007-01,2022-12,2023-01,2025-12,192,36,26424,fixed,6,0.01,proportional,E_top_calmar,264,0,0,264,0.26368051454150154,-0.30000735896089925,1.1332125484596238,0.15577381224268172,-0.13209980667396093,1.2746975738642115,3.7997780576743025,6,0.5227272727272727
TW,H,anchored,3,3,120,36,2007-01,2022-12,2023-01,2025-12,192,36,26424,fixed,6,0.03,equal,A_hrp,793,0,356,793,0.21333909164869547,-0.46292145029207077,0.9713011770604788,0.1409776474163471,-0.14266052945588215,1.090903844487164,,6,0.1677175283732661
TW,H,anchored,3,3,120,36,2007-01,2022-12,2023-01,2025-12,192,36,26424,fixed,6,0.03,equal,D_top_cagr,793,0,0,793,0.2506683217546233,-0.47185743763667265,1.0842121697773717,0.1554446588846321,-0.1432485050618677,1.229553084375916,,6,0.3619167717528373
TW,H,anchored,3,3,120,36,2007-01,2022-12,2023-01,2025-12,192,36,26424,fixed,6,0.03,equal,E_top_calmar,793,0,0,793,0.2336868928040705,-0.37982974015102056,1.1007825570127576,0.14997490898465626,-0.1354304246135637,1.2034206442204367,,6,0.4451450189155107
TW,H,anchored,3,3,120,36,2007-01,2022-12,2023-01,2025-12,192,36,26424,fixed,6,0.03,proportional,A_hrp,793,0,54,793,0.18030178724813828,-0.46417316500260164,0.9211934502365825,0.1311273574847529,-0.13602525482447136,1.0746887134574912,,6,0.41992433795712486
TW,H,anchored,3,3,120,36,2007-01,2022-12,2023-01,2025-12,192,36,26424,fixed,6,0.03,proportional,D_top_cagr,793,0,0,793,0.2506683217546233,-0.47185743763667265,1.0842121697773717,0.1554446588846321,-0.1432485050618677,1.229553084375916,,6,0.3619167717528373
TW,H,anchored,3,3,120,36,2007-01,2022-12,2023-01,2025-12,192,36,26424,fixed,6,0.03,proportional,E_top_calmar,793,0,0,793,0.2336868928040705,-0.37982974015102056,1.1007825570127576,0.14997490898465626,-0.1354304246135637,1.2034206442204367,,6,0.4451450189155107
TW,H,anchored,3,3,120,36,2007-01,2022-12,2023-01,2025-12,192,36,26424,fixed,6,0.05,equal,A_hrp,1321,0,690,1321,0.19864908196878206,-0.48255434769720584,0.9321603597714273,0.13985918319922352,-0.14201825055137196,1.0853653285162486,,6,0.16729750189250567
TW,H,anchored,3,3,120,36,2007-01,2022-12,2023-01,2025-12,192,36,26424,fixed,6,0.05,equal,D_top_cagr,1321,0,0,1321,0.23468921146289246,-0.4818976093771875,1.0503819806751957,0.15478715181737157,-0.14137949072915257,1.2186533303766973,,6,0.37017411052233157
TW,H,anchored,3,3,120,36,2007-01,2022-12,2023-01,2025-12,192,36,26424,fixed,6,0.05,equal,E_top_calmar,1321,0,0,1321,0.22087840647378698,-0.4098779278994191,1.0600964205666563,0.14739109194559763,-0.1360094986323208,1.1772249370962689,,6,0.39666919000757
TW,H,anchored,3,3,120,36,2007-01,2022-12,2023-01,2025-12,192,36,26424,fixed,6,0.05,proportional,A_hrp,1321,0,299,1321,0.17481375535897237,-0.4780330176026224,0.8916379985708559,0.1324035762129958,-0.13616130929795878,1.0869538737015385,,6,0.4201362604087812
TW,H,anchored,3,3,120,36,2007-01,2022-12,2023-01,2025-12,192,36,26424,fixed,6,0.05,proportional,D_top_cagr,1321,0,0,1321,0.23468921146289246,-0.4818976093771875,1.0503819806751957,0.15478715181737157,-0.14137949072915257,1.2186533303766973,,6,0.37017411052233157
TW,H,anchored,3,3,120,36,2007-01,2022-12,2023-01,2025-12,192,36,26424,fixed,6,0.05,proportional,E_top_calmar,1321,0,0,1321,0.22087840647378698,-0.4098779278994191,1.0600964205666563,0.14739109194559763,-0.1360094986323208,1.1772249370962689,,6,0.39666919000757
TW,H,anchored,3,3,120,36,2007-01,2022-12,2023-01,2025-12,192,36,26424,fixed,6,0.1,equal,A_hrp,2642,0,1723,2642,0.18096047573470853,-0.509658038498136,0.8776594879163621,0.13628356299285138,-0.14133992929413008,1.0683742816725261,,6,0.16691900075700228
TW,H,anchored,3,3,120,36,2007-01,2022-12,2023-01,2025-12,192,36,26424,fixed,6,0.1,equal,D_top_cagr,2642,0,0,2642,0.21289519669405288,-0.4975255282396035,0.9914494861958753,0.15231062617390068,-0.13979152366883385,1.1947858181600324,,6,0.36828160484481454
TW,H,anchored,3,3,120,36,2007-01,2022-12,2023-01,2025-12,192,36,26424,fixed,6,0.1,equal,E_top_calmar,2642,0,0,2642,0.20401768979426493,-0.4433226281366396,0.9962674620873069,0.1446818356327162,-0.13636130142403002,1.1468242506317103,,6,0.39288417865253594
TW,H,anchored,3,3,120,36,2007-01,2022-12,2023-01,2025-12,192,36,26424,fixed,6,0.1,proportional,A_hrp,2642,0,1584,2642,0.18659011057432395,-0.4678921976743854,0.9339698805186251,0.13913500557670888,-0.13615408040904708,1.119288661026599,,6,0.4201362604087812
TW,H,anchored,3,3,120,36,2007-01,2022-12,2023-01,2025-12,192,36,26424,fixed,6,0.1,proportional,D_top_cagr,2642,0,0,2642,0.21289519669405288,-0.4975255282396035,0.9914494861958753,0.15231062617390068,-0.13979152366883385,1.1947858181600324,,6,0.36828160484481454
TW,H,anchored,3,3,120,36,2007-01,2022-12,2023-01,2025-12,192,36,26424,fixed,6,0.1,proportional,E_top_calmar,2642,0,0,2642,0.20401768979426493,-0.4433226281366396,0.9962674620873069,0.1446818356327162,-0.13636130142403002,1.1468242506317103,,6,0.39288417865253594
TW,H,anchored,3,3,120,36,2007-01,2022-12,2023-01,2025-12,192,36,26424,silhouette_is,5,all,unallocated,B_all,26424,0,0,26424,0.13353969900893792,-0.5484999555627641,0.7085465997616146,0.12541750663599283,-0.13830658386936634,1.0126432533508438,,5,0.42003481683318195
TW,H,anchored,3,3,120,36,2007-01,2022-12,2023-01,2025-12,192,36,26424,silhouette_is,5,legacy,equal,A_hrp,25,0,0,25,0.2598890414665904,-0.28786804306374625,1.185089751089631,0.15382629856231889,-0.14685997719914212,1.1905407639667345,4.227758349097941,5,0.2
TW,H,anchored,3,3,120,36,2007-01,2022-12,2023-01,2025-12,192,36,26424,silhouette_is,5,legacy,equal,D_top_cagr,25,0,0,25,0.37974722083749035,-0.3499268128001054,0.5897933642301987,0.15908290797349323,-0.15763745740207402,1.2488732822427344,2.866114579389835,4,0.64
TW,H,anchored,3,3,120,36,2007-01,2022-12,2023-01,2025-12,192,36,26424,silhouette_is,5,legacy,equal,E_top_calmar,25,0,0,25,0.3303984543756795,-0.24414640990556347,0.8975699560214672,0.1652281179249322,-0.15327815102997433,1.2985776823422706,3.000888241170659,3,0.44
TW,H,anchored,3,3,120,36,2007-01,2022-12,2023-01,2025-12,192,36,26424,silhouette_is,5,legacy,proportional,A_hrp,25,0,0,25,0.2711651777080313,-0.2381789096025987,1.2875447222827454,0.1671182431337379,-0.13546562578522658,1.3602681338326321,4.630289032722424,5,0.4
TW,H,anchored,3,3,120,36,2007-01,2022-12,2023-01,2025-12,192,36,26424,silhouette_is,5,legacy,proportional,D_top_cagr,25,0,0,25,0.37974722083749035,-0.3499268128001054,0.5897933642301987,0.15908290797349323,-0.15763745740207402,1.2488732822427344,2.866114579389835,4,0.64
TW,H,anchored,3,3,120,36,2007-01,2022-12,2023-01,2025-12,192,36,26424,silhouette_is,5,legacy,proportional,E_top_calmar,25,0,0,25,0.3303984543756795,-0.24414640990556347,0.8975699560214672,0.1652281179249322,-0.15327815102997433,1.2985776823422706,3.000888241170659,3,0.44
TW,H,anchored,3,3,120,36,2007-01,2022-12,2023-01,2025-12,192,36,26424,silhouette_is,5,0.01,equal,A_hrp,264,0,85,264,0.2439479361778616,-0.39622898924590955,1.040320859314101,0.14215168166361414,-0.14086896629752244,1.1162598726165107,5.061704020154374,5,0.20075757575757575
TW,H,anchored,3,3,120,36,2007-01,2022-12,2023-01,2025-12,192,36,26424,silhouette_is,5,0.01,equal,D_top_cagr,264,0,0,264,0.2908685487835758,-0.43119019792434166,1.0575836142786352,0.16306018259106958,-0.14090583553468838,1.3011899854655784,3.916390499244925,5,0.3181818181818182
TW,H,anchored,3,3,120,36,2007-01,2022-12,2023-01,2025-12,192,36,26424,silhouette_is,5,0.01,equal,E_top_calmar,264,0,0,264,0.26368051454150154,-0.30000735896089925,1.1332125484596238,0.15577381224268172,-0.13209980667396093,1.2746975738642115,3.7997780576743025,5,0.5227272727272727
TW,H,anchored,3,3,120,36,2007-01,2022-12,2023-01,2025-12,192,36,26424,silhouette_is,5,0.01,proportional,A_hrp,264,0,3,264,0.20902755146716778,-0.3813866009641902,1.0550187775864373,0.14088151054434506,-0.13535843662073266,1.1252327863801284,5.5790427181309665,5,0.42045454545454547
TW,H,anchored,3,3,120,36,2007-01,2022-12,2023-01,2025-12,192,36,26424,silhouette_is,5,0.01,proportional,D_top_cagr,264,0,0,264,0.2908685487835758,-0.43119019792434166,1.0575836142786352,0.16306018259106958,-0.14090583553468838,1.3011899854655784,3.916390499244925,5,0.3181818181818182
TW,H,anchored,3,3,120,36,2007-01,2022-12,2023-01,2025-12,192,36,26424,silhouette_is,5,0.01,proportional,E_top_calmar,264,0,0,264,0.26368051454150154,-0.30000735896089925,1.1332125484596238,0.15577381224268172,-0.13209980667396093,1.2746975738642115,3.7997780576743025,5,0.5227272727272727
TW,H,anchored,3,3,120,36,2007-01,2022-12,2023-01,2025-12,192,36,26424,silhouette_is,5,0.03,equal,A_hrp,793,0,352,793,0.21124305500427765,-0.4589694616825861,0.986373474273963,0.14201217123367882,-0.1411474100614435,1.109441896445832,,5,0.2005044136191677
TW,H,anchored,3,3,120,36,2007-01,2022-12,2023-01,2025-12,192,36,26424,silhouette_is,5,0.03,equal,D_top_cagr,793,0,0,793,0.2506683217546233,-0.47185743763667265,1.0842121697773717,0.1554446588846321,-0.1432485050618677,1.229553084375916,,5,0.3619167717528373
TW,H,anchored,3,3,120,36,2007-01,2022-12,2023-01,2025-12,192,36,26424,silhouette_is,5,0.03,equal,E_top_calmar,793,0,0,793,0.2336868928040705,-0.37982974015102056,1.1007825570127576,0.14997490898465626,-0.1354304246135637,1.2034206442204367,,5,0.4451450189155107
TW,H,anchored,3,3,120,36,2007-01,2022-12,2023-01,2025-12,192,36,26424,silhouette_is,5,0.03,proportional,A_hrp,793,0,55,793,0.1781145140664684,-0.4685180947886567,0.9139730851158018,0.12933836315750247,-0.13725435261509134,1.0612289883920252,,5,0.41992433795712486
TW,H,anchored,3,3,120,36,2007-01,2022-12,2023-01,2025-12,192,36,26424,silhouette_is,5,0.03,proportional,D_top_cagr,793,0,0,793,0.2506683217546233,-0.47185743763667265,1.0842121697773717,0.1554446588846321,-0.1432485050618677,1.229553084375916,,5,0.3619167717528373
TW,H,anchored,3,3,120,36,2007-01,2022-12,2023-01,2025-12,192,36,26424,silhouette_is,5,0.03,proportional,E_top_calmar,793,0,0,793,0.2336868928040705,-0.37982974015102056,1.1007825570127576,0.14997490898465626,-0.1354304246135637,1.2034206442204367,,5,0.4451450189155107
TW,H,anchored,3,3,120,36,2007-01,2022-12,2023-01,2025-12,192,36,26424,silhouette_is,5,0.05,equal,A_hrp,1321,0,669,1321,0.19592165825285934,-0.4830718247335173,0.9388452744809906,0.13976639051137996,-0.14091509923817003,1.0942168329417075,,5,0.20060560181680545
TW,H,anchored,3,3,120,36,2007-01,2022-12,2023-01,2025-12,192,36,26424,silhouette_is,5,0.05,equal,D_top_cagr,1321,0,0,1321,0.23468921146289246,-0.4818976093771875,1.0503819806751957,0.15478715181737157,-0.14137949072915257,1.2186533303766973,,5,0.37017411052233157
TW,H,anchored,3,3,120,36,2007-01,2022-12,2023-01,2025-12,192,36,26424,silhouette_is,5,0.05,equal,E_top_calmar,1321,0,0,1321,0.22087840647378698,-0.4098779278994191,1.0600964205666563,0.14739109194559763,-0.1360094986323208,1.1772249370962689,,5,0.39666919000757
TW,H,anchored,3,3,120,36,2007-01,2022-12,2023-01,2025-12,192,36,26424,silhouette_is,5,0.05,proportional,A_hrp,1321,0,355,1321,0.1778381214041811,-0.47271649649381375,0.9008126092577567,0.13326036403705377,-0.13712679862158383,1.0876909823512528,,5,0.4201362604087812
TW,H,anchored,3,3,120,36,2007-01,2022-12,2023-01,2025-12,192,36,26424,silhouette_is,5,0.05,proportional,D_top_cagr,1321,0,0,1321,0.23468921146289246,-0.4818976093771875,1.0503819806751957,0.15478715181737157,-0.14137949072915257,1.2186533303766973,,5,0.37017411052233157
TW,H,anchored,3,3,120,36,2007-01,2022-12,2023-01,2025-12,192,36,26424,silhouette_is,5,0.05,proportional,E_top_calmar,1321,0,0,1321,0.22087840647378698,-0.4098779278994191,1.0600964205666563,0.14739109194559763,-0.1360094986323208,1.1772249370962689,,5,0.39666919000757
TW,H,anchored,3,3,120,36,2007-01,2022-12,2023-01,2025-12,192,36,26424,silhouette_is,5,0.1,equal,A_hrp,2642,1,1695,2642,0.1806936077890029,-0.5038794678107453,0.8881811020058946,0.13777107841456782,-0.14073244538482765,1.0867692082342035,,5,0.2028766086298259
TW,H,anchored,3,3,120,36,2007-01,2022-12,2023-01,2025-12,192,36,26424,silhouette_is,5,0.1,equal,D_top_cagr,2642,1,0,2642,0.21289519669405288,-0.4975255282396035,0.9914494861958753,0.15231062617390068,-0.13979152366883385,1.1947858181600324,,5,0.36828160484481454
TW,H,anchored,3,3,120,36,2007-01,2022-12,2023-01,2025-12,192,36,26424,silhouette_is,5,0.1,equal,E_top_calmar,2642,1,0,2642,0.20401768979426493,-0.4433226281366396,0.9962674620873069,0.1446818356327162,-0.13636130142403002,1.1468242506317103,,5,0.39288417865253594
TW,H,anchored,3,3,120,36,2007-01,2022-12,2023-01,2025-12,192,36,26424,silhouette_is,5,0.1,proportional,A_hrp,2642,0,1651,2642,0.1883719130180852,-0.4655257834504335,0.9381654197735101,0.13890659485317158,-0.13652983673849128,1.114638788900369,,5,0.4201362604087812
TW,H,anchored,3,3,120,36,2007-01,2022-12,2023-01,2025-12,192,36,26424,silhouette_is,5,0.1,proportional,D_top_cagr,2642,0,0,2642,0.21289519669405288,-0.4975255282396035,0.9914494861958753,0.15231062617390068,-0.13979152366883385,1.1947858181600324,,5,0.36828160484481454
TW,H,anchored,3,3,120,36,2007-01,2022-12,2023-01,2025-12,192,36,26424,silhouette_is,5,0.1,proportional,E_top_calmar,2642,0,0,2642,0.20401768979426493,-0.4433226281366396,0.9962674620873069,0.1446818356327162,-0.13636130142403002,1.1468242506317103,,5,0.39288417865253594
TW,I,anchored,1,2,120,48,2007-01,2016-12,2017-01,2020-12,120,48,26424,fixed,6,all,unallocated,B_all,26424,0,0,26424,0.11478639807521485,-0.5484999555627641,0.5939924036100451,0.1876850032301649,-0.19399170992990578,1.1653642724147688,,6,0.49178776869512564
TW,I,anchored,1,2,120,48,2007-01,2016-12,2017-01,2020-12,120,48,26424,fixed,6,legacy,equal,A_hrp,30,0,1,30,0.29386424408696077,-0.27626966092563954,1.2151599854873991,0.23176722297923202,-0.17050804769664207,1.4335455678615185,3.326045667826978,6,0.16666666666666666
TW,I,anchored,1,2,120,48,2007-01,2016-12,2017-01,2020-12,120,48,26424,fixed,6,legacy,equal,D_top_cagr,30,0,0,30,0.44553281029786573,-0.39602130945411085,0.6053605246238546,0.26168091534421345,-0.2133295422148176,1.4299294936411806,2.8821919948409436,5,0.6333333333333333
TW,I,anchored,1,2,120,48,2007-01,2016-12,2017-01,2020-12,120,48,26424,fixed,6,legacy,equal,E_top_calmar,30,0,0,30,0.40144664003811137,-0.28570882024483846,0.7300676711270828,0.24277717736891047,-0.2010397441393228,1.392853594412919,2.6425660498795605,4,0.36666666666666664
TW,I,anchored,1,2,120,48,2007-01,2016-12,2017-01,2020-12,120,48,26424,fixed,6,legacy,proportional,A_hrp,30,0,0,30,0.288419380380315,-0.24918261415577858,1.2777494143181851,0.22417383135660796,-0.18189160822447759,1.390311800719725,2.8519977192608335,6,0.4666666666666667
TW,I,anchored,1,2,120,48,2007-01,2016-12,2017-01,2020-12,120,48,26424,fixed,6,legacy,proportional,D_top_cagr,30,0,0,30,0.44553281029786573,-0.39602130945411085,0.6053605246238546,0.26168091534421345,-0.2133295422148176,1.4299294936411806,2.8821919948409436,5,0.6333333333333333
TW,I,anchored,1,2,120,48,2007-01,2016-12,2017-01,2020-12,120,48,26424,fixed,6,legacy,proportional,E_top_calmar,30,0,0,30,0.40144664003811137,-0.28570882024483846,0.7300676711270828,0.24277717736891047,-0.2010397441393228,1.392853594412919,2.6425660498795605,4,0.36666666666666664
TW,I,anchored,1,2,120,48,2007-01,2016-12,2017-01,2020-12,120,48,26424,fixed,6,0.01,equal,A_hrp,264,0,86,264,0.2732510557260761,-0.3946184861422535,1.029550814486308,0.21598033729297117,-0.1801623850750974,1.3584650855232565,3.9909484348614535,6,0.16666666666666666
TW,I,anchored,1,2,120,48,2007-01,2016-12,2017-01,2020-12,120,48,26424,fixed,6,0.01,equal,D_top_cagr,264,0,0,264,0.327616481393995,-0.42531460677642263,1.0036499763135438,0.23441971127175298,-0.19035942019691376,1.4210615896514023,3.5717180710240712,6,0.2840909090909091
TW,I,anchored,1,2,120,48,2007-01,2016-12,2017-01,2020-12,120,48,26424,fixed,6,0.01,equal,E_top_calmar,264,0,0,264,0.2944319860958289,-0.3125468693268584,1.0622440321943345,0.22997810107327177,-0.1942018932487457,1.3995925250108372,3.1781946865775152,6,0.2689393939393939
TW,I,anchored,1,2,120,48,2007-01,2016-12,2017-01,2020-12,120,48,26424,fixed,6,0.01,proportional,A_hrp,264,0,4,264,0.22037929405717116,-0.3897907148681241,1.0274120529530406,0.20753669551949838,-0.19074891193164745,1.3032881017369617,3.8892131869508586,6,0.49242424242424243
TW,I,anchored,1,2,120,48,2007-01,2016-12,2017-01,2020-12,120,48,26424,fixed,6,0.01,proportional,D_top_cagr,264,0,0,264,0.327616481393995,-0.42531460677642263,1.0036499763135438,0.23441971127175298,-0.19035942019691376,1.4210615896514023,3.5717180710240712,6,0.2840909090909091
TW,I,anchored,1,2,120,48,2007-01,2016-12,2017-01,2020-12,120,48,26424,fixed,6,0.01,proportional,E_top_calmar,264,0,0,264,0.2944319860958289,-0.3125468693268584,1.0622440321943345,0.22997810107327177,-0.1942018932487457,1.3995925250108372,3.1781946865775152,6,0.2689393939393939
TW,I,anchored,1,2,120,48,2007-01,2016-12,2017-01,2020-12,120,48,26424,fixed,6,0.03,equal,A_hrp,793,0,366,793,0.22968678269839327,-0.44494117696630875,0.9622169255288806,0.20801229493172402,-0.18178000230149471,1.3117445422335203,,6,0.1677175283732661
TW,I,anchored,1,2,120,48,2007-01,2016-12,2017-01,2020-12,120,48,26424,fixed,6,0.03,equal,D_top_cagr,793,0,0,793,0.26729216905305275,-0.46507694286827694,1.025085950677945,0.22968785182222873,-0.19323025175468256,1.3979246747471012,,6,0.2459016393442623
TW,I,anchored,1,2,120,48,2007-01,2016-12,2017-01,2020-12,120,48,26424,fixed,6,0.03,equal,E_top_calmar,793,0,0,793,0.2492954818665245,-0.3781250741735188,1.057276500858851,0.22215192354176128,-0.19129036008552414,1.364631268482724,,6,0.266078184110971
TW,I,anchored,1,2,120,48,2007-01,2016-12,2017-01,2020-12,120,48,26424,fixed,6,0.03,proportional,A_hrp,793,0,88,793,0.1821461527669861,-0.4435377564006253,0.8796670587845439,0.1976785693613723,-0.192357277465241,1.237590322435981,,6,0.4918032786885246
TW,I,anchored,1,2,120,48,2007-01,2016-12,2017-01,2020-12,120,48,26424,fixed,6,0.03,proportional,D_top_cagr,793,0,0,793,0.26729216905305275,-0.46507694286827694,1.025085950677945,0.22968785182222873,-0.19323025175468256,1.3979246747471012,,6,0.2459016393442623
TW,I,anchored,1,2,120,48,2007-01,2016-12,2017-01,2020-12,120,48,26424,fixed,6,0.03,proportional,E_top_calmar,793,0,0,793,0.2492954818665245,-0.3781250741735188,1.057276500858851,0.22215192354176128,-0.19129036008552414,1.364631268482724,,6,0.266078184110971
TW,I,anchored,1,2,120,48,2007-01,2016-12,2017-01,2020-12,120,48,26424,fixed,6,0.05,equal,A_hrp,1321,0,722,1321,0.2098144986836099,-0.45914530558035493,0.9182713487592361,0.20470257811469827,-0.18356938345743234,1.2900191380915322,,6,0.16729750189250567
TW,I,anchored,1,2,120,48,2007-01,2016-12,2017-01,2020-12,120,48,26424,fixed,6,0.05,equal,D_top_cagr,1321,0,0,1321,0.2434010692071864,-0.47563712165225447,0.9931746026062074,0.2269819756626077,-0.1924451394861194,1.3788379184013413,,6,0.24299772899318697
TW,I,anchored,1,2,120,48,2007-01,2016-12,2017-01,2020-12,120,48,26424,fixed,6,0.05,equal,E_top_calmar,1321,0,0,1321,0.230361396993771,-0.40948146428148635,1.0121064974014755,0.22146449525861445,-0.1929460947568653,1.3568334172727725,,6,0.2732778198334595
TW,I,anchored,1,2,120,48,2007-01,2016-12,2017-01,2020-12,120,48,26424,fixed,6,0.05,proportional,A_hrp,1321,0,293,1321,0.16701640890387393,-0.4738705469883906,0.8148300377880923,0.199252116539959,-0.19487562953417858,1.2302988293100023,,6,0.49205147615442846
TW,I,anchored,1,2,120,48,2007-01,2016-12,2017-01,2020-12,120,48,26424,fixed,6,0.05,proportional,D_top_cagr,1321,0,0,1321,0.2434010692071864,-0.47563712165225447,0.9931746026062074,0.2269819756626077,-0.1924451394861194,1.3788379184013413,,6,0.24299772899318697
TW,I,anchored,1,2,120,48,2007-01,2016-12,2017-01,2020-12,120,48,26424,fixed,6,0.05,proportional,E_top_calmar,1321,0,0,1321,0.230361396993771,-0.40948146428148635,1.0121064974014755,0.22146449525861445,-0.1929460947568653,1.3568334172727725,,6,0.2732778198334595
TW,I,anchored,1,2,120,48,2007-01,2016-12,2017-01,2020-12,120,48,26424,fixed,6,0.1,equal,A_hrp,2642,0,1823,2642,0.18929738310948796,-0.483233836638694,0.8574746706925793,0.20103676345324262,-0.18387153744629725,1.264418353501327,,6,0.16691900075700228
TW,I,anchored,1,2,120,48,2007-01,2016-12,2017-01,2020-12,120,48,26424,fixed,6,0.1,equal,D_top_cagr,2642,0,0,2642,0.2138283861397543,-0.488144372529694,0.9313339158669227,0.2226320467321823,-0.1927699678654139,1.354900783331647,,6,0.2804693414080242
TW,I,anchored,1,2,120,48,2007-01,2016-12,2017-01,2020-12,120,48,26424,fixed,6,0.1,equal,E_top_calmar,2642,0,0,2642,0.20591659486909109,-0.44327903306434735,0.9387033111573723,0.21916570467005436,-0.1923084201613554,1.3437022864904713,,6,0.3376230128690386
TW,I,anchored,1,2,120,48,2007-01,2016-12,2017-01,2020-12,120,48,26424,fixed,6,0.1,proportional,A_hrp,2642,0,1588,2642,0.17993605724961892,-0.4651156576047214,0.8584570043767116,0.21272343889157308,-0.1952218978862985,1.3005126278155117,,6,0.49167297501892504
TW,I,anchored,1,2,120,48,2007-01,2016-12,2017-01,2020-12,120,48,26424,fixed,6,0.1,proportional,D_top_cagr,2642,0,0,2642,0.2138283861397543,-0.488144372529694,0.9313339158669227,0.2226320467321823,-0.1927699678654139,1.354900783331647,,6,0.2804693414080242
TW,I,anchored,1,2,120,48,2007-01,2016-12,2017-01,2020-12,120,48,26424,fixed,6,0.1,proportional,E_top_calmar,2642,0,0,2642,0.20591659486909109,-0.44327903306434735,0.9387033111573723,0.21916570467005436,-0.1923084201613554,1.3437022864904713,,6,0.3376230128690386
TW,I,anchored,1,2,120,48,2007-01,2016-12,2017-01,2020-12,120,48,26424,silhouette_is,4,all,unallocated,B_all,26424,0,0,26424,0.11478639807521485,-0.5484999555627641,0.5939924036100451,0.1876850032301649,-0.19399170992990578,1.1653642724147688,,4,0.49178776869512564
TW,I,anchored,1,2,120,48,2007-01,2016-12,2017-01,2020-12,120,48,26424,silhouette_is,4,legacy,equal,A_hrp,20,0,1,20,0.30318636154491263,-0.25129124176440465,1.235521454374994,0.23279194490208877,-0.17823918554472262,1.4188962225841786,3.0000148910461513,4,0.25
TW,I,anchored,1,2,120,48,2007-01,2016-12,2017-01,2020-12,120,48,26424,silhouette_is,4,legacy,equal,D_top_cagr,20,0,0,20,0.4575299255198182,-0.38584527098251975,0.5226666987417314,0.2483547449951824,-0.21847950424088103,1.345165243971698,2.4045148832049805,3,0.75
TW,I,anchored,1,2,120,48,2007-01,2016-12,2017-01,2020-12,120,48,26424,silhouette_is,4,legacy,equal,E_top_calmar,20,0,0,20,0.3930691380088802,-0.2656667082919587,0.8522625519413899,0.24273632596782457,-0.20387491623884946,1.3762921249653355,2.3910788114769375,3,0.45
TW,I,anchored,1,2,120,48,2007-01,2016-12,2017-01,2020-12,120,48,26424,silhouette_is,4,legacy,proportional,A_hrp,20,0,0,20,0.3143104188981256,-0.25568438854012177,1.330645758236012,0.2362710222342197,-0.1750866367881656,1.4360833591477977,2.8091585291335592,4,0.45
TW,I,anchored,1,2,120,48,2007-01,2016-12,2017-01,2020-12,120,48,26424,silhouette_is,4,legacy,proportional,D_top_cagr,20,0,0,20,0.4575299255198182,-0.38584527098251975,0.5226666987417314,0.2483547449951824,-0.21847950424088103,1.345165243971698,2.4045148832049805,3,0.75
TW,I,anchored,1,2,120,48,2007-01,2016-12,2017-01,2020-12,120,48,26424,silhouette_is,4,legacy,proportional,E_top_calmar,20,0,0,20,0.3930691380088802,-0.2656667082919587,0.8522625519413899,0.24273632596782457,-0.20387491623884946,1.3762921249653355,2.3910788114769375,3,0.45
TW,I,anchored,1,2,120,48,2007-01,2016-12,2017-01,2020-12,120,48,26424,silhouette_is,4,0.01,equal,A_hrp,264,0,102,264,0.26947687606949633,-0.38567915104316564,1.002449999619048,0.22271378392315833,-0.18564984056778155,1.3846063768476864,3.698335350698472,4,0.25
TW,I,anchored,1,2,120,48,2007-01,2016-12,2017-01,2020-12,120,48,26424,silhouette_is,4,0.01,equal,D_top_cagr,264,0,0,264,0.327616481393995,-0.42531460677642263,1.0036499763135438,0.23441971127175298,-0.19035942019691376,1.4210615896514023,3.5717180710240712,4,0.5492424242424242
TW,I,anchored,1,2,120,48,2007-01,2016-12,2017-01,2020-12,120,48,26424,silhouette_is,4,0.01,equal,E_top_calmar,264,0,0,264,0.2944319860958289,-0.3125468693268584,1.0622440321943345,0.22997810107327177,-0.1942018932487457,1.3995925250108372,3.1781946865775152,4,0.5378787878787878
TW,I,anchored,1,2,120,48,2007-01,2016-12,2017-01,2020-12,120,48,26424,silhouette_is,4,0.01,proportional,A_hrp,264,0,4,264,0.21481904730763812,-0.3895586278512574,1.0275704616364405,0.20804582683852724,-0.1901087329387977,1.3032325879867204,3.882311479304401,4,0.49242424242424243
TW,I,anchored,1,2,120,48,2007-01,2016-12,2017-01,2020-12,120,48,26424,silhouette_is,4,0.01,proportional,D_top_cagr,264,0,0,264,0.327616481393995,-0.42531460677642263,1.0036499763135438,0.23441971127175298,-0.19035942019691376,1.4210615896514023,3.5717180710240712,4,0.5492424242424242
TW,I,anchored,1,2,120,48,2007-01,2016-12,2017-01,2020-12,120,48,26424,silhouette_is,4,0.01,proportional,E_top_calmar,264,0,0,264,0.2944319860958289,-0.3125468693268584,1.0622440321943345,0.22997810107327177,-0.1942018932487457,1.3995925250108372,3.1781946865775152,4,0.5378787878787878
TW,I,anchored,1,2,120,48,2007-01,2016-12,2017-01,2020-12,120,48,26424,silhouette_is,4,0.03,equal,A_hrp,793,0,366,793,0.21688288780343568,-0.45348366506823135,0.946896136077295,0.20512753209638257,-0.18423645387618015,1.3000653112085785,,4,0.2509457755359395
TW,I,anchored,1,2,120,48,2007-01,2016-12,2017-01,2020-12,120,48,26424,silhouette_is,4,0.03,equal,D_top_cagr,793,0,0,793,0.26729216905305275,-0.46507694286827694,1.025085950677945,0.22968785182222873,-0.19323025175468256,1.3979246747471012,,4,0.5712484237074401
TW,I,anchored,1,2,120,48,2007-01,2016-12,2017-01,2020-12,120,48,26424,silhouette_is,4,0.03,equal,E_top_calmar,793,0,0,793,0.2492954818665245,-0.3781250741735188,1.057276500858851,0.22215192354176128,-0.19129036008552414,1.364631268482724,,4,0.5460277427490542
TW,I,anchored,1,2,120,48,2007-01,2016-12,2017-01,2020-12,120,48,26424,silhouette_is,4,0.03,proportional,A_hrp,793,0,126,793,0.18372066259254405,-0.43943889707398487,0.889675826954042,0.1970080231543041,-0.18863267711933351,1.2415911196178187,,4,0.4918032786885246
TW,I,anchored,1,2,120,48,2007-01,2016-12,2017-01,2020-12,120,48,26424,silhouette_is,4,0.03,proportional,D_top_cagr,793,0,0,793,0.26729216905305275,-0.46507694286827694,1.025085950677945,0.22968785182222873,-0.19323025175468256,1.3979246747471012,,4,0.5712484237074401
TW,I,anchored,1,2,120,48,2007-01,2016-12,2017-01,2020-12,120,48,26424,silhouette_is,4,0.03,proportional,E_top_calmar,793,0,0,793,0.2492954818665245,-0.3781250741735188,1.057276500858851,0.22215192354176128,-0.19129036008552414,1.364631268482724,,4,0.5460277427490542
TW,I,anchored,1,2,120,48,2007-01,2016-12,2017-01,2020-12,120,48,26424,silhouette_is,4,0.05,equal,A_hrp,1321,0,706,1321,0.197248365622678,-0.46781535888252657,0.8989328307296497,0.2004377535931765,-0.1843076583333858,1.2695087364838302,,4,0.2505677517032551
TW,I,anchored,1,2,120,48,2007-01,2016-12,2017-01,2020-12,120,48,26424,silhouette_is,4,0.05,equal,D_top_cagr,1321,0,0,1321,0.2434010692071864,-0.47563712165225447,0.9931746026062074,0.2269819756626077,-0.1924451394861194,1.3788379184013413,,4,0.5692657077971234
TW,I,anchored,1,2,120,48,2007-01,2016-12,2017-01,2020-12,120,48,26424,silhouette_is,4,0.05,equal,E_top_calmar,1321,0,0,1321,0.230361396993771,-0.40948146428148635,1.0121064974014755,0.22146449525861445,-0.1929460947568653,1.3568334172727725,,4,0.5268735806207419
TW,I,anchored,1,2,120,48,2007-01,2016-12,2017-01,2020-12,120,48,26424,silhouette_is,4,0.05,proportional,A_hrp,1321,0,387,1321,0.1748381982898164,-0.46601002415161985,0.8397404729726957,0.19980674401174237,-0.19122530227550683,1.2392717271197968,,4,0.49205147615442846
TW,I,anchored,1,2,120,48,2007-01,2016-12,2017-01,2020-12,120,48,26424,silhouette_is,4,0.05,proportional,D_top_cagr,1321,0,0,1321,0.2434010692071864,-0.47563712165225447,0.9931746026062074,0.2269819756626077,-0.1924451394861194,1.3788379184013413,,4,0.5692657077971234
TW,I,anchored,1,2,120,48,2007-01,2016-12,2017-01,2020-12,120,48,26424,silhouette_is,4,0.05,proportional,E_top_calmar,1321,0,0,1321,0.230361396993771,-0.40948146428148635,1.0121064974014755,0.22146449525861445,-0.1929460947568653,1.3568334172727725,,4,0.5268735806207419
TW,I,anchored,1,2,120,48,2007-01,2016-12,2017-01,2020-12,120,48,26424,silhouette_is,4,0.1,equal,A_hrp,2642,1,1687,2642,0.17131283177947698,-0.49887806180473593,0.8089453003684052,0.19694383085088307,-0.18427854244912956,1.237199533289039,,4,0.25397426192278577
TW,I,anchored,1,2,120,48,2007-01,2016-12,2017-01,2020-12,120,48,26424,silhouette_is,4,0.1,equal,D_top_cagr,2642,1,0,2642,0.2138283861397543,-0.488144372529694,0.9313339158669227,0.2226320467321823,-0.1927699678654139,1.354900783331647,,4,0.5299015897047691
TW,I,anchored,1,2,120,48,2007-01,2016-12,2017-01,2020-12,120,48,26424,silhouette_is,4,0.1,equal,E_top_calmar,2642,1,0,2642,0.20591659486909109,-0.44327903306434735,0.9387033111573723,0.21916570467005436,-0.1923084201613554,1.3437022864904713,,4,0.4954579863739591
TW,I,anchored,1,2,120,48,2007-01,2016-12,2017-01,2020-12,120,48,26424,silhouette_is,4,0.1,proportional,A_hrp,2642,0,1682,2642,0.18358770106576894,-0.46304301831627404,0.8674423598115166,0.21218920548758757,-0.19340671486168193,1.3003191361654853,,4,0.49167297501892504
TW,I,anchored,1,2,120,48,2007-01,2016-12,2017-01,2020-12,120,48,26424,silhouette_is,4,0.1,proportional,D_top_cagr,2642,0,0,2642,0.2138283861397543,-0.488144372529694,0.9313339158669227,0.2226320467321823,-0.1927699678654139,1.354900783331647,,4,0.5299015897047691
TW,I,anchored,1,2,120,48,2007-01,2016-12,2017-01,2020-12,120,48,26424,silhouette_is,4,0.1,proportional,E_top_calmar,2642,0,0,2642,0.20591659486909109,-0.44327903306434735,0.9387033111573723,0.21916570467005436,-0.1923084201613554,1.3437022864904713,,4,0.4954579863739591
TW,I,anchored,2,2,120,48,2007-01,2020-12,2021-01,2025-12,168,60,26424,fixed,6,all,unallocated,B_all,26424,0,0,26424,0.13514554779908128,-0.5484999555627641,0.7115181847229014,0.12419438174300335,-0.13830658386936678,0.8252389863626047,,6,0.47612019376324555
TW,I,anchored,2,2,120,48,2007-01,2020-12,2021-01,2025-12,168,60,26424,fixed,6,legacy,equal,A_hrp,30,0,2,30,0.282251324565,-0.2785686182727829,1.2011430019639298,0.15450820084040506,-0.1433754886643832,0.9444578509440792,3.002467270352841,6,0.16666666666666666
TW,I,anchored,2,2,120,48,2007-01,2020-12,2021-01,2025-12,168,60,26424,fixed,6,legacy,equal,D_top_cagr,30,0,0,30,0.39522390627517257,-0.3674080665553119,0.6213538148451284,0.17010986741807144,-0.1584966165321483,0.9959119717450082,2.09878981455677,3,0.6666666666666666
TW,I,anchored,2,2,120,48,2007-01,2020-12,2021-01,2025-12,168,60,26424,fixed,6,legacy,equal,E_top_calmar,30,0,0,30,0.3439462925900758,-0.245855514804875,0.9624747193520452,0.17397725457552404,-0.14392058107844097,1.0270487325136155,2.4043556693351915,4,0.36666666666666664
TW,I,anchored,2,2,120,48,2007-01,2020-12,2021-01,2025-12,168,60,26424,fixed,6,legacy,proportional,A_hrp,30,0,0,30,0.2528034023681649,-0.2613192509579457,1.2407653122148414,0.1621739616431861,-0.1306047529104304,1.0000080786021417,3.147194665850501,6,0.4666666666666667
TW,I,anchored,2,2,120,48,2007-01,2020-12,2021-01,2025-12,168,60,26424,fixed,6,legacy,proportional,D_top_cagr,30,0,0,30,0.39522390627517257,-0.3674080665553119,0.6213538148451284,0.17010986741807144,-0.1584966165321483,0.9959119717450082,2.09878981455677,3,0.6666666666666666
TW,I,anchored,2,2,120,48,2007-01,2020-12,2021-01,2025-12,168,60,26424,fixed,6,legacy,proportional,E_top_calmar,30,0,0,30,0.3439462925900758,-0.245855514804875,0.9624747193520452,0.17397725457552404,-0.14392058107844097,1.0270487325136155,2.4043556693351915,4,0.36666666666666664
TW,I,anchored,2,2,120,48,2007-01,2020-12,2021-01,2025-12,168,60,26424,fixed,6,0.01,equal,A_hrp,264,0,87,264,0.2590911826253579,-0.3999838001267745,1.0772900589094998,0.15084408013235207,-0.14070982910910357,0.9381320498061417,3.835181744548959,6,0.16666666666666666
TW,I,anchored,2,2,120,48,2007-01,2020-12,2021-01,2025-12,168,60,26424,fixed,6,0.01,equal,D_top_cagr,264,0,0,264,0.30882083651807957,-0.42578709987736185,1.0703785735398985,0.1639625721580582,-0.14510450521218188,0.9839979476405016,3.200365725891825,6,0.2765151515151515
TW,I,anchored,2,2,120,48,2007-01,2020-12,2021-01,2025-12,168,60,26424,fixed,6,0.01,equal,E_top_calmar,264,0,0,264,0.2758822000571888,-0.29580355973898587,1.1533711262184045,0.1615685323967042,-0.13353447906615923,0.9987788303825667,2.9051979570982405,6,0.4583333333333333
TW,I,anchored,2,2,120,48,2007-01,2020-12,2021-01,2025-12,168,60,26424,fixed,6,0.01,proportional,A_hrp,264,0,5,264,0.21407788086991486,-0.39486427991939343,1.075674842238685,0.14359190271934308,-0.13857826045168675,0.9107450030068768,3.9740764218368354,6,0.4772727272727273
TW,I,anchored,2,2,120,48,2007-01,2020-12,2021-01,2025-12,168,60,26424,fixed,6,0.01,proportional,D_top_cagr,264,0,0,264,0.30882083651807957,-0.42578709987736185,1.0703785735398985,0.1639625721580582,-0.14510450521218188,0.9839979476405016,3.200365725891825,6,0.2765151515151515
TW,I,anchored,2,2,120,48,2007-01,2020-12,2021-01,2025-12,168,60,26424,fixed,6,0.01,proportional,E_top_calmar,264,0,0,264,0.2758822000571888,-0.29580355973898587,1.1533711262184045,0.1615685323967042,-0.13353447906615923,0.9987788303825667,2.9051979570982405,6,0.4583333333333333
TW,I,anchored,2,2,120,48,2007-01,2020-12,2021-01,2025-12,168,60,26424,fixed,6,0.03,equal,A_hrp,793,0,351,793,0.22487503171969725,-0.4616438803567856,1.0126695545281894,0.1426197573142598,-0.13855423935318978,0.9011358989801056,,6,0.1677175283732661
TW,I,anchored,2,2,120,48,2007-01,2020-12,2021-01,2025-12,168,60,26424,fixed,6,0.03,equal,D_top_cagr,793,0,0,793,0.263218330988515,-0.4711847634911206,1.1071886798113852,0.15799509646906396,-0.14263818688924346,0.9491601551147754,,6,0.3833543505674653
TW,I,anchored,2,2,120,48,2007-01,2020-12,2021-01,2025-12,168,60,26424,fixed,6,0.03,equal,E_top_calmar,793,0,0,793,0.2434123899929852,-0.37468282033220357,1.1343455951150216,0.15457066780080053,-0.1350752163395771,0.9548637592688375,,6,0.4274905422446406
TW,I,anchored,2,2,120,48,2007-01,2020-12,2021-01,2025-12,168,60,26424,fixed,6,0.03,proportional,A_hrp,793,0,102,793,0.1834722740318071,-0.45925308146836963,0.9380264333490248,0.13984572306912768,-0.13393425385704416,0.9089842469033494,,6,0.4766708701134931
TW,I,anchored,2,2,120,48,2007-01,2020-12,2021-01,2025-12,168,60,26424,fixed,6,0.03,proportional,D_top_cagr,793,0,0,793,0.263218330988515,-0.4711847634911206,1.1071886798113852,0.15799509646906396,-0.14263818688924346,0.9491601551147754,,6,0.3833543505674653
TW,I,anchored,2,2,120,48,2007-01,2020-12,2021-01,2025-12,168,60,26424,fixed,6,0.03,proportional,E_top_calmar,793,0,0,793,0.2434123899929852,-0.37468282033220357,1.1343455951150216,0.15457066780080053,-0.1350752163395771,0.9548637592688375,,6,0.4274905422446406
TW,I,anchored,2,2,120,48,2007-01,2020-12,2021-01,2025-12,168,60,26424,fixed,6,0.05,equal,A_hrp,1321,0,651,1321,0.20517461832427464,-0.4880242138851014,0.9556964150658912,0.13683050840388122,-0.1382706039804148,0.875437871089534,,6,0.16729750189250567
TW,I,anchored,2,2,120,48,2007-01,2020-12,2021-01,2025-12,168,60,26424,fixed,6,0.05,equal,D_top_cagr,1321,0,0,1321,0.24483133360943632,-0.48151779511554416,1.0779811488605873,0.15587650097770123,-0.14166362200670168,0.9422033778289224,,6,0.39439818319454956
TW,I,anchored,2,2,120,48,2007-01,2020-12,2021-01,2025-12,168,60,26424,fixed,6,0.05,equal,E_top_calmar,1321,0,0,1321,0.2295288266686928,-0.40648884617026093,1.0907715454268916,0.15174325282929524,-0.13680823639683493,0.9366618139647851,,6,0.41786525359576077
TW,I,anchored,2,2,120,48,2007-01,2020-12,2021-01,2025-12,168,60,26424,fixed,6,0.05,proportional,A_hrp,1321,0,396,1321,0.17796046429598844,-0.46922274235110295,0.9071009683899828,0.13871809704430538,-0.1357095672244667,0.8991158295603342,,6,0.4761544284632854
TW,I,anchored,2,2,120,48,2007-01,2020-12,2021-01,2025-12,168,60,26424,fixed,6,0.05,proportional,D_top_cagr,1321,0,0,1321,0.24483133360943632,-0.48151779511554416,1.0779811488605873,0.15587650097770123,-0.14166362200670168,0.9422033778289224,,6,0.39439818319454956
TW,I,anchored,2,2,120,48,2007-01,2020-12,2021-01,2025-12,168,60,26424,fixed,6,0.05,proportional,E_top_calmar,1321,0,0,1321,0.2295288266686928,-0.40648884617026093,1.0907715454268916,0.15174325282929524,-0.13680823639683493,0.9366618139647851,,6,0.41786525359576077
TW,I,anchored,2,2,120,48,2007-01,2020-12,2021-01,2025-12,168,60,26424,fixed,6,0.1,equal,A_hrp,2642,1,1687,2642,0.18832502904428017,-0.4953082905215901,0.9227333951595079,0.13891481905179592,-0.1359975250543607,0.8920552372860808,,6,0.18243754731264195
TW,I,anchored,2,2,120,48,2007-01,2020-12,2021-01,2025-12,168,60,26424,fixed,6,0.1,equal,D_top_cagr,2642,1,0,2642,0.2212729371795743,-0.4932600303411082,1.018995047840983,0.1509872170366926,-0.13982861478089126,0.9211967360759573,,6,0.4375473126419379
TW,I,anchored,2,2,120,48,2007-01,2020-12,2021-01,2025-12,168,60,26424,fixed,6,0.1,equal,E_top_calmar,2642,1,0,2642,0.2123883661474728,-0.4432061440826971,1.0248733385805742,0.14657277364635712,-0.13674944934503064,0.9094993673656452,,6,0.42127176381529147
TW,I,anchored,2,2,120,48,2007-01,2020-12,2021-01,2025-12,168,60,26424,fixed,6,0.1,proportional,A_hrp,2642,0,1687,2642,0.18723572574726344,-0.46315415009727423,0.9414863297695365,0.1386721559774724,-0.13567653635863453,0.8827538059965511,,6,0.4761544284632854
TW,I,anchored,2,2,120,48,2007-01,2020-12,2021-01,2025-12,168,60,26424,fixed,6,0.1,proportional,D_top_cagr,2642,0,0,2642,0.2212729371795743,-0.4932600303411082,1.018995047840983,0.1509872170366926,-0.13982861478089126,0.9211967360759573,,6,0.4375473126419379
TW,I,anchored,2,2,120,48,2007-01,2020-12,2021-01,2025-12,168,60,26424,fixed,6,0.1,proportional,E_top_calmar,2642,0,0,2642,0.2123883661474728,-0.4432061440826971,1.0248733385805742,0.14657277364635712,-0.13674944934503064,0.9094993673656452,,6,0.42127176381529147
TW,I,anchored,2,2,120,48,2007-01,2020-12,2021-01,2025-12,168,60,26424,silhouette_is,4,all,unallocated,B_all,26424,0,0,26424,0.13514554779908128,-0.5484999555627641,0.7115181847229014,0.12419438174300335,-0.13830658386936678,0.8252389863626047,,4,0.48501362397820164
TW,I,anchored,2,2,120,48,2007-01,2020-12,2021-01,2025-12,168,60,26424,silhouette_is,4,legacy,equal,A_hrp,20,0,2,20,0.3069342045923056,-0.2423984978579351,1.1795682818391304,0.1599400131372264,-0.1404642621202794,0.9794793113428129,2.854375825955389,4,0.25
TW,I,anchored,2,2,120,48,2007-01,2020-12,2021-01,2025-12,168,60,26424,silhouette_is,4,legacy,equal,D_top_cagr,20,0,0,20,0.40987786005778926,-0.3622193254251991,0.53197146906175,0.17333936921908366,-0.15959142953591376,1.010103340171393,2.0894090022782157,3,0.75
TW,I,anchored,2,2,120,48,2007-01,2020-12,2021-01,2025-12,168,60,26424,silhouette_is,4,legacy,equal,E_top_calmar,20,0,0,20,0.3635194409094724,-0.25296223215622327,0.8162093369748006,0.18043670872390605,-0.14457453601825387,1.06890850455074,2.177545040830063,3,0.4
TW,I,anchored,2,2,120,48,2007-01,2020-12,2021-01,2025-12,168,60,26424,silhouette_is,4,legacy,proportional,A_hrp,20,0,0,20,0.2972503101055435,-0.25659629370141923,1.3385688300801613,0.17588258591988382,-0.13565977152343855,1.0484965546039178,2.9034014842317135,4,0.45
TW,I,anchored,2,2,120,48,2007-01,2020-12,2021-01,2025-12,168,60,26424,silhouette_is,4,legacy,proportional,D_top_cagr,20,0,0,20,0.40987786005778926,-0.3622193254251991,0.53197146906175,0.17333936921908366,-0.15959142953591376,1.010103340171393,2.0894090022782157,3,0.75
TW,I,anchored,2,2,120,48,2007-01,2020-12,2021-01,2025-12,168,60,26424,silhouette_is,4,legacy,proportional,E_top_calmar,20,0,0,20,0.3635194409094724,-0.25296223215622327,0.8162093369748006,0.18043670872390605,-0.14457453601825387,1.06890850455074,2.177545040830063,3,0.4
TW,I,anchored,2,2,120,48,2007-01,2020-12,2021-01,2025-12,168,60,26424,silhouette_is,4,0.01,equal,A_hrp,264,0,106,264,0.26099526082921787,-0.38657247657584903,1.0735822522510505,0.14959400075939233,-0.13931793497279188,0.9399394709038797,3.6595477461560044,4,0.25
TW,I,anchored,2,2,120,48,2007-01,2020-12,2021-01,2025-12,168,60,26424,silhouette_is,4,0.01,equal,D_top_cagr,264,0,0,264,0.30882083651807957,-0.42578709987736185,1.0703785735398985,0.1639625721580582,-0.14510450521218188,0.9839979476405016,3.200365725891825,4,0.38636363636363635
TW,I,anchored,2,2,120,48,2007-01,2020-12,2021-01,2025-12,168,60,26424,silhouette_is,4,0.01,equal,E_top_calmar,264,0,0,264,0.2758822000571888,-0.29580355973898587,1.1533711262184045,0.1615685323967042,-0.13353447906615923,0.9987788303825667,2.9051979570982405,4,0.5075757575757576
TW,I,anchored,2,2,120,48,2007-01,2020-12,2021-01,2025-12,168,60,26424,silhouette_is,4,0.01,proportional,A_hrp,264,0,5,264,0.21993377253850532,-0.3952103507799234,1.0969564153246092,0.14981478749589594,-0.1393582677253934,0.9522760278142991,4.249668567973474,4,0.48484848484848486
TW,I,anchored,2,2,120,48,2007-01,2020-12,2021-01,2025-12,168,60,26424,silhouette_is,4,0.01,proportional,D_top_cagr,264,0,0,264,0.30882083651807957,-0.42578709987736185,1.0703785735398985,0.1639625721580582,-0.14510450521218188,0.9839979476405016,3.200365725891825,4,0.38636363636363635
TW,I,anchored,2,2,120,48,2007-01,2020-12,2021-01,2025-12,168,60,26424,silhouette_is,4,0.01,proportional,E_top_calmar,264,0,0,264,0.2758822000571888,-0.29580355973898587,1.1533711262184045,0.1615685323967042,-0.13353447906615923,0.9987788303825667,2.9051979570982405,4,0.5075757575757576
TW,I,anchored,2,2,120,48,2007-01,2020-12,2021-01,2025-12,168,60,26424,silhouette_is,4,0.03,equal,A_hrp,793,0,370,793,0.2166492899888195,-0.4623761597316014,1.0107880028671195,0.14393820426528792,-0.13545674687045783,0.9182262945075588,,4,0.2509457755359395
TW,I,anchored,2,2,120,48,2007-01,2020-12,2021-01,2025-12,168,60,26424,silhouette_is,4,0.03,equal,D_top_cagr,793,0,0,793,0.263218330988515,-0.4711847634911206,1.1071886798113852,0.15799509646906396,-0.14263818688924346,0.9491601551147754,,4,0.46027742749054223
TW,I,anchored,2,2,120,48,2007-01,2020-12,2021-01,2025-12,168,60,26424,silhouette_is,4,0.03,equal,E_top_calmar,793,0,0,793,0.2434123899929852,-0.37468282033220357,1.1343455951150216,0.15457066780080053,-0.1350752163395771,0.9548637592688375,,4,0.47540983606557374
TW,I,anchored,2,2,120,48,2007-01,2020-12,2021-01,2025-12,168,60,26424,silhouette_is,4,0.03,proportional,A_hrp,793,0,139,793,0.18914615310379723,-0.4555381291407934,0.9554657146227782,0.14231655482885186,-0.1339420193140647,0.9250861819008777,,4,0.4854981084489281
TW,I,anchored,2,2,120,48,2007-01,2020-12,2021-01,2025-12,168,60,26424,silhouette_is,4,0.03,proportional,D_top_cagr,793,0,0,793,0.263218330988515,-0.4711847634911206,1.1071886798113852,0.15799509646906396,-0.14263818688924346,0.9491601551147754,,4,0.46027742749054223
TW,I,anchored,2,2,120,48,2007-01,2020-12,2021-01,2025-12,168,60,26424,silhouette_is,4,0.03,proportional,E_top_calmar,793,0,0,793,0.2434123899929852,-0.37468282033220357,1.1343455951150216,0.15457066780080053,-0.1350752163395771,0.9548637592688375,,4,0.47540983606557374
TW,I,anchored,2,2,120,48,2007-01,2020-12,2021-01,2025-12,168,60,26424,silhouette_is,4,0.05,equal,A_hrp,1321,0,698,1321,0.1981258639767094,-0.4806350796576512,0.958739751723875,0.14086124514576848,-0.13437625755032911,0.9078643066300378,,4,0.2505677517032551
TW,I,anchored,2,2,120,48,2007-01,2020-12,2021-01,2025-12,168,60,26424,silhouette_is,4,0.05,equal,D_top_cagr,1321,0,0,1321,0.24483133360943632,-0.48151779511554416,1.0779811488605873,0.15587650097770123,-0.14166362200670168,0.9422033778289224,,4,0.4640423921271764
TW,I,anchored,2,2,120,48,2007-01,2020-12,2021-01,2025-12,168,60,26424,silhouette_is,4,0.05,equal,E_top_calmar,1321,0,0,1321,0.2295288266686928,-0.40648884617026093,1.0907715454268916,0.15174325282929524,-0.13680823639683493,0.9366618139647851,,4,0.4640423921271764
TW,I,anchored,2,2,120,48,2007-01,2020-12,2021-01,2025-12,168,60,26424,silhouette_is,4,0.05,proportional,A_hrp,1321,0,508,1321,0.18939745313781864,-0.45882334583900297,0.9471688371265373,0.1419362021056294,-0.13559102655823285,0.9150313946828434,,4,0.48523845571536717
TW,I,anchored,2,2,120,48,2007-01,2020-12,2021-01,2025-12,168,60,26424,silhouette_is,4,0.05,proportional,D_top_cagr,1321,0,0,1321,0.24483133360943632,-0.48151779511554416,1.0779811488605873,0.15587650097770123,-0.14166362200670168,0.9422033778289224,,4,0.4640423921271764
TW,I,anchored,2,2,120,48,2007-01,2020-12,2021-01,2025-12,168,60,26424,silhouette_is,4,0.05,proportional,E_top_calmar,1321,0,0,1321,0.2295288266686928,-0.40648884617026093,1.0907715454268916,0.15174325282929524,-0.13680823639683493,0.9366618139647851,,4,0.4640423921271764
TW,I,anchored,2,2,120,48,2007-01,2020-12,2021-01,2025-12,168,60,26424,silhouette_is,4,0.1,equal,A_hrp,2642,1,1829,2642,0.1827300003111343,-0.4961444653163074,0.9072321901915724,0.1360388469695295,-0.13585482132640447,0.8799941860556351,,4,0.25094625283875854
TW,I,anchored,2,2,120,48,2007-01,2020-12,2021-01,2025-12,168,60,26424,silhouette_is,4,0.1,equal,D_top_cagr,2642,1,0,2642,0.2212729371795743,-0.4932600303411082,1.018995047840983,0.1509872170366926,-0.13982861478089126,0.9211967360759573,,4,0.49053747161241484
TW,I,anchored,2,2,120,48,2007-01,2020-12,2021-01,2025-12,168,60,26424,silhouette_is,4,0.1,equal,E_top_calmar,2642,1,0,2642,0.2123883661474728,-0.4432061440826971,1.0248733385805742,0.14657277364635712,-0.13674944934503064,0.9094993673656452,,4,0.463663890991673
TW,I,anchored,2,2,120,48,2007-01,2020-12,2021-01,2025-12,168,60,26424,silhouette_is,4,0.1,proportional,A_hrp,2642,0,1829,2642,0.19758373774753446,-0.461522301273967,0.9696431798126535,0.14292479210343068,-0.1362951870982666,0.9018517237439689,,4,0.48523845571536717
TW,I,anchored,2,2,120,48,2007-01,2020-12,2021-01,2025-12,168,60,26424,silhouette_is,4,0.1,proportional,D_top_cagr,2642,0,0,2642,0.2212729371795743,-0.4932600303411082,1.018995047840983,0.1509872170366926,-0.13982861478089126,0.9211967360759573,,4,0.49053747161241484
TW,I,anchored,2,2,120,48,2007-01,2020-12,2021-01,2025-12,168,60,26424,silhouette_is,4,0.1,proportional,E_top_calmar,2642,0,0,2642,0.2123883661474728,-0.4432061440826971,1.0248733385805742,0.14657277364635712,-0.13674944934503064,0.9094993673656452,,4,0.463663890991673
TW,J,anchored,1,3,144,24,2007-01,2018-12,2019-01,2020-12,144,24,26424,fixed,6,all,unallocated,B_all,26424,0,0,26424,0.11170047146584317,-0.5484999555627641,0.6053400740738659,0.28657204827716054,-0.1939917099299059,1.4577182187458733,,6,0.510823493793521
TW,J,anchored,1,3,144,24,2007-01,2018-12,2019-01,2020-12,144,24,26424,fixed,6,legacy,equal,A_hrp,30,0,1,30,0.25693804085525107,-0.24633433005418504,1.1960468172818828,0.33053226334898533,-0.1826931659794766,1.6540744381265102,2.6226660048707524,6,0.16666666666666666
TW,J,anchored,1,3,144,24,2007-01,2018-12,2019-01,2020-12,144,24,26424,fixed,6,legacy,equal,D_top_cagr,30,0,0,30,0.3903828804324665,-0.389787822306389,0.5762521498231643,0.37076035953828534,-0.216611676460429,1.5801204878472204,2.4760378485023193,5,0.6666666666666666
TW,J,anchored,1,3,144,24,2007-01,2018-12,2019-01,2020-12,144,24,26424,fixed,6,legacy,equal,E_top_calmar,30,0,0,30,0.35361805121136247,-0.28411303906858876,0.7684889181667488,0.3488293028293832,-0.19724389890685423,1.6168716937645213,2.3679193986512646,4,0.3333333333333333
TW,J,anchored,1,3,144,24,2007-01,2018-12,2019-01,2020-12,144,24,26424,fixed,6,legacy,proportional,A_hrp,30,0,0,30,0.2520741218791702,-0.2417797360538908,1.2296954804912175,0.3186216076787145,-0.19349764037381112,1.6031912914657702,2.5354101111040586,6,0.5
TW,J,anchored,1,3,144,24,2007-01,2018-12,2019-01,2020-12,144,24,26424,fixed,6,legacy,proportional,D_top_cagr,30,0,0,30,0.3903828804324665,-0.389787822306389,0.5762521498231643,0.37076035953828534,-0.216611676460429,1.5801204878472204,2.4760378485023193,5,0.6666666666666666
TW,J,anchored,1,3,144,24,2007-01,2018-12,2019-01,2020-12,144,24,26424,fixed,6,legacy,proportional,E_top_calmar,30,0,0,30,0.35361805121136247,-0.28411303906858876,0.7684889181667488,0.3488293028293832,-0.19724389890685423,1.6168716937645213,2.3679193986512646,4,0.3333333333333333
TW,J,anchored,1,3,144,24,2007-01,2018-12,2019-01,2020-12,144,24,26424,fixed,6,0.01,equal,A_hrp,264,0,61,264,0.22627282574309637,-0.39720127005819705,0.9992515013633086,0.31918960394293827,-0.1842006781512635,1.6412093982590688,3.182458192174314,6,0.16666666666666666
TW,J,anchored,1,3,144,24,2007-01,2018-12,2019-01,2020-12,144,24,26424,fixed,6,0.01,equal,D_top_cagr,264,0,0,264,0.29406010802200044,-0.4235845208435357,0.9885162399462915,0.3384787989065192,-0.1929478707003962,1.6806721733562597,2.832563638867105,6,0.29924242424242425
TW,J,anchored,1,3,144,24,2007-01,2018-12,2019-01,2020-12,144,24,26424,fixed,6,0.01,equal,E_top_calmar,264,0,0,264,0.2653061924122724,-0.3087243070327903,1.0507826238441076,0.3324218174914073,-0.1961882698472075,1.6328443499523444,2.6273226235329195,6,0.2803030303030303
TW,J,anchored,1,3,144,24,2007-01,2018-12,2019-01,2020-12,144,24,26424,fixed,6,0.01,proportional,A_hrp,264,0,4,264,0.20163088194763668,-0.3903653213756779,1.0153368744254285,0.32158818167451253,-0.18760213191396446,1.6359349995485069,3.067643533622311,6,0.5113636363636364
TW,J,anchored,1,3,144,24,2007-01,2018-12,2019-01,2020-12,144,24,26424,fixed,6,0.01,proportional,D_top_cagr,264,0,0,264,0.29406010802200044,-0.4235845208435357,0.9885162399462915,0.3384787989065192,-0.1929478707003962,1.6806721733562597,2.832563638867105,6,0.29924242424242425
TW,J,anchored,1,3,144,24,2007-01,2018-12,2019-01,2020-12,144,24,26424,fixed,6,0.01,proportional,E_top_calmar,264,0,0,264,0.2653061924122724,-0.3087243070327903,1.0507826238441076,0.3324218174914073,-0.1961882698472075,1.6328443499523444,2.6273226235329195,6,0.2803030303030303
TW,J,anchored,1,3,144,24,2007-01,2018-12,2019-01,2020-12,144,24,26424,fixed,6,0.03,equal,A_hrp,793,0,344,793,0.20102841750155798,-0.42787959468017744,0.9605443526562668,0.31415274448252295,-0.18547319069801127,1.6158389097944448,,6,0.1677175283732661
TW,J,anchored,1,3,144,24,2007-01,2018-12,2019-01,2020-12,144,24,26424,fixed,6,0.03,equal,D_top_cagr,793,0,0,793,0.24363181095126585,-0.46702941573602885,1.020527672229493,0.339803160726051,-0.19669012115995876,1.6701070389694472,,6,0.22950819672131148
TW,J,anchored,1,3,144,24,2007-01,2018-12,2019-01,2020-12,144,24,26424,fixed,6,0.03,equal,E_top_calmar,793,0,0,793,0.2259885589714976,-0.3770850583956755,1.0471095281104497,0.3340299616727045,-0.19382441804411432,1.6535329112288608,,6,0.30138713745271123
TW,J,anchored,1,3,144,24,2007-01,2018-12,2019-01,2020-12,144,24,26424,fixed,6,0.03,proportional,A_hrp,793,0,82,793,0.16816002375200156,-0.4695955444014701,0.8555432070317522,0.30179386132998354,-0.19385456670872203,1.5262359468893703,,6,0.510718789407314
TW,J,anchored,1,3,144,24,2007-01,2018-12,2019-01,2020-12,144,24,26424,fixed,6,0.03,proportional,D_top_cagr,793,0,0,793,0.24363181095126585,-0.46702941573602885,1.020527672229493,0.339803160726051,-0.19669012115995876,1.6701070389694472,,6,0.22950819672131148
TW,J,anchored,1,3,144,24,2007-01,2018-12,2019-01,2020-12,144,24,26424,fixed,6,0.03,proportional,E_top_calmar,793,0,0,793,0.2259885589714976,-0.3770850583956755,1.0471095281104497,0.3340299616727045,-0.19382441804411432,1.6535329112288608,,6,0.30138713745271123
TW,J,anchored,1,3,144,24,2007-01,2018-12,2019-01,2020-12,144,24,26424,fixed,6,0.05,equal,A_hrp,1321,0,784,1321,0.1970734578453892,-0.4391429660298005,0.9450334092826932,0.3147365332553105,-0.18808757947632415,1.60387767716573,,6,0.16729750189250567
TW,J,anchored,1,3,144,24,2007-01,2018-12,2019-01,2020-12,144,24,26424,fixed,6,0.05,equal,D_top_cagr,1321,0,0,1321,0.2233701413157494,-0.4784231469459538,0.9905592268426565,0.3399492256621268,-0.19675401886987154,1.6672204804498443,,6,0.31188493565480696
TW,J,anchored,1,3,144,24,2007-01,2018-12,2019-01,2020-12,144,24,26424,fixed,6,0.05,equal,E_top_calmar,1321,0,0,1321,0.21132845516544974,-0.410101843553782,1.0062164671615714,0.333444375136434,-0.19622285381777482,1.6407014373337854,,6,0.35730507191521577
TW,J,anchored,1,3,144,24,2007-01,2018-12,2019-01,2020-12,144,24,26424,fixed,6,0.05,proportional,A_hrp,1321,0,330,1321,0.16024462043843757,-0.4844505418483386,0.8098649786438582,0.30498208318106124,-0.1985911201272188,1.514579642504566,,6,0.5109765329295988
TW,J,anchored,1,3,144,24,2007-01,2018-12,2019-01,2020-12,144,24,26424,fixed,6,0.05,proportional,D_top_cagr,1321,0,0,1321,0.2233701413157494,-0.4784231469459538,0.9905592268426565,0.3399492256621268,-0.19675401886987154,1.6672204804498443,,6,0.31188493565480696
TW,J,anchored,1,3,144,24,2007-01,2018-12,2019-01,2020-12,144,24,26424,fixed,6,0.05,proportional,E_top_calmar,1321,0,0,1321,0.21132845516544974,-0.410101843553782,1.0062164671615714,0.333444375136434,-0.19622285381777482,1.6407014373337854,,6,0.35730507191521577
TW,J,anchored,1,3,144,24,2007-01,2018-12,2019-01,2020-12,144,24,26424,fixed,6,0.1,equal,A_hrp,2642,0,1885,2642,0.179174923533572,-0.47155683686964267,0.8755871707580093,0.31197791995654156,-0.18600101325902807,1.5961837018558342,,6,0.16691900075700228
TW,J,anchored,1,3,144,24,2007-01,2018-12,2019-01,2020-12,144,24,26424,fixed,6,0.1,equal,D_top_cagr,2642,0,0,2642,0.1991400394224523,-0.49204599526141624,0.927382202799946,0.3354950582575724,-0.1956861373081369,1.6484294048975252,,6,0.3853141559424678
TW,J,anchored,1,3,144,24,2007-01,2018-12,2019-01,2020-12,144,24,26424,fixed,6,0.1,equal,E_top_calmar,2642,0,0,2642,0.19172126862752092,-0.445239560225691,0.9346777323961029,0.3288709364502225,-0.19471525998565298,1.6298909963214077,,6,0.40196820590461774
TW,J,anchored,1,3,144,24,2007-01,2018-12,2019-01,2020-12,144,24,26424,fixed,6,0.1,proportional,A_hrp,2642,0,1646,2642,0.17199586097947894,-0.46831519139978284,0.8586375481279601,0.31913285808316316,-0.19739462065731983,1.5777277572431339,,6,0.5109765329295988
TW,J,anchored,1,3,144,24,2007-01,2018-12,2019-01,2020-12,144,24,26424,fixed,6,0.1,proportional,D_top_cagr,2642,0,0,2642,0.1991400394224523,-0.49204599526141624,0.927382202799946,0.3354950582575724,-0.1956861373081369,1.6484294048975252,,6,0.3853141559424678
TW,J,anchored,1,3,144,24,2007-01,2018-12,2019-01,2020-12,144,24,26424,fixed,6,0.1,proportional,E_top_calmar,2642,0,0,2642,0.19172126862752092,-0.445239560225691,0.9346777323961029,0.3288709364502225,-0.19471525998565298,1.6298909963214077,,6,0.40196820590461774
TW,J,anchored,1,3,144,24,2007-01,2018-12,2019-01,2020-12,144,24,26424,silhouette_is,10,all,unallocated,B_all,26424,0,0,26424,0.11170047146584317,-0.5484999555627641,0.6053400740738659,0.28657204827716054,-0.1939917099299059,1.4577182187458733,,10,0.35955949137148047
TW,J,anchored,1,3,144,24,2007-01,2018-12,2019-01,2020-12,144,24,26424,silhouette_is,10,legacy,equal,A_hrp,50,0,1,50,0.2488382729967542,-0.282089384937001,1.170312339538822,0.31675372556131864,-0.18037860884713675,1.6402965352711083,2.83861738100956,10,0.1
TW,J,anchored,1,3,144,24,2007-01,2018-12,2019-01,2020-12,144,24,26424,silhouette_is,10,legacy,equal,D_top_cagr,50,0,0,50,0.3711475069071155,-0.4124065667865656,0.6654624665604443,0.34758789325133876,-0.21555282265517905,1.5657983429384912,2.6294623075652974,7,0.6
TW,J,anchored,1,3,144,24,2007-01,2018-12,2019-01,2020-12,144,24,26424,silhouette_is,10,legacy,equal,E_top_calmar,50,0,0,50,0.3222178553932433,-0.26754476179700093,0.8692683457781115,0.34638389412398785,-0.1945278215097781,1.6415551986735626,2.4809683965911393,7,0.34
TW,J,anchored,1,3,144,24,2007-01,2018-12,2019-01,2020-12,144,24,26424,silhouette_is,10,legacy,proportional,A_hrp,50,0,0,50,0.24041102244241497,-0.2906792186753012,1.173118246683301,0.2984660726995143,-0.18429225198196242,1.562160102354634,2.5946763045064802,10,0.36
TW,J,anchored,1,3,144,24,2007-01,2018-12,2019-01,2020-12,144,24,26424,silhouette_is,10,legacy,proportional,D_top_cagr,50,0,0,50,0.3711475069071155,-0.4124065667865656,0.6654624665604443,0.34758789325133876,-0.21555282265517905,1.5657983429384912,2.6294623075652974,7,0.6
TW,J,anchored,1,3,144,24,2007-01,2018-12,2019-01,2020-12,144,24,26424,silhouette_is,10,legacy,proportional,E_top_calmar,50,0,0,50,0.3222178553932433,-0.26754476179700093,0.8692683457781115,0.34638389412398785,-0.1945278215097781,1.6415551986735626,2.4809683965911393,7,0.34
TW,J,anchored,1,3,144,24,2007-01,2018-12,2019-01,2020-12,144,24,26424,silhouette_is,10,0.01,equal,A_hrp,264,0,37,264,0.22404010812373953,-0.39585644930802355,1.0204858688256035,0.3129550946592241,-0.18281372372228,1.6206015572230528,3.081920893615546,10,0.10227272727272728
TW,J,anchored,1,3,144,24,2007-01,2018-12,2019-01,2020-12,144,24,26424,silhouette_is,10,0.01,equal,D_top_cagr,264,0,0,264,0.29406010802200044,-0.4235845208435357,0.9885162399462915,0.3384787989065192,-0.1929478707003962,1.6806721733562597,2.832563638867105,10,0.29924242424242425
TW,J,anchored,1,3,144,24,2007-01,2018-12,2019-01,2020-12,144,24,26424,silhouette_is,10,0.01,equal,E_top_calmar,264,0,0,264,0.2653061924122724,-0.3087243070327903,1.0507826238441076,0.3324218174914073,-0.1961882698472075,1.6328443499523444,2.6273226235329195,10,0.23106060606060605
TW,J,anchored,1,3,144,24,2007-01,2018-12,2019-01,2020-12,144,24,26424,silhouette_is,10,0.01,proportional,A_hrp,264,0,4,264,0.20200314548938691,-0.40284448786583504,1.0056575963242322,0.3114075662964362,-0.18272002848420443,1.6120739429887665,2.912728329886564,10,0.35984848484848486
TW,J,anchored,1,3,144,24,2007-01,2018-12,2019-01,2020-12,144,24,26424,silhouette_is,10,0.01,proportional,D_top_cagr,264,0,0,264,0.29406010802200044,-0.4235845208435357,0.9885162399462915,0.3384787989065192,-0.1929478707003962,1.6806721733562597,2.832563638867105,10,0.29924242424242425
TW,J,anchored,1,3,144,24,2007-01,2018-12,2019-01,2020-12,144,24,26424,silhouette_is,10,0.01,proportional,E_top_calmar,264,0,0,264,0.2653061924122724,-0.3087243070327903,1.0507826238441076,0.3324218174914073,-0.1961882698472075,1.6328443499523444,2.6273226235329195,10,0.23106060606060605
TW,J,anchored,1,3,144,24,2007-01,2018-12,2019-01,2020-12,144,24,26424,silhouette_is,10,0.03,equal,A_hrp,793,0,274,793,0.19983756077844506,-0.43314842287137956,0.9471071240263816,0.3175426835701076,-0.18565314626412655,1.621525405973379,,10,0.1008827238335435
TW,J,anchored,1,3,144,24,2007-01,2018-12,2019-01,2020-12,144,24,26424,silhouette_is,10,0.03,equal,D_top_cagr,793,0,0,793,0.24363181095126585,-0.46702941573602885,1.020527672229493,0.339803160726051,-0.19669012115995876,1.6701070389694472,,10,0.19293820933165196
TW,J,anchored,1,3,144,24,2007-01,2018-12,2019-01,2020-12,144,24,26424,silhouette_is,10,0.03,equal,E_top_calmar,793,0,0,793,0.2259885589714976,-0.3770850583956755,1.0471095281104497,0.3340299616727045,-0.19382441804411432,1.6535329112288608,,10,0.17654476670870115
TW,J,anchored,1,3,144,24,2007-01,2018-12,2019-01,2020-12,144,24,26424,silhouette_is,10,0.03,proportional,A_hrp,793,0,46,793,0.16489548705141854,-0.4783428126430962,0.8433711467311453,0.29369270326698915,-0.19178322113160773,1.5067289987256887,,10,0.3593947036569987
TW,J,anchored,1,3,144,24,2007-01,2018-12,2019-01,2020-12,144,24,26424,silhouette_is,10,0.03,proportional,D_top_cagr,793,0,0,793,0.24363181095126585,-0.46702941573602885,1.020527672229493,0.339803160726051,-0.19669012115995876,1.6701070389694472,,10,0.19293820933165196
TW,J,anchored,1,3,144,24,2007-01,2018-12,2019-01,2020-12,144,24,26424,silhouette_is,10,0.03,proportional,E_top_calmar,793,0,0,793,0.2259885589714976,-0.3770850583956755,1.0471095281104497,0.3340299616727045,-0.19382441804411432,1.6535329112288608,,10,0.17654476670870115
TW,J,anchored,1,3,144,24,2007-01,2018-12,2019-01,2020-12,144,24,26424,silhouette_is,10,0.05,equal,A_hrp,1321,0,650,1321,0.1921354181106012,-0.4430918029627795,0.9175218387243763,0.32066224180719116,-0.18815095331694276,1.6215245197907968,,10,0.10068130204390613
TW,J,anchored,1,3,144,24,2007-01,2018-12,2019-01,2020-12,144,24,26424,silhouette_is,10,0.05,equal,D_top_cagr,1321,0,0,1321,0.2233701413157494,-0.4784231469459538,0.9905592268426565,0.3399492256621268,-0.19675401886987154,1.6672204804498443,,10,0.21044663133989402
TW,J,anchored,1,3,144,24,2007-01,2018-12,2019-01,2020-12,144,24,26424,silhouette_is,10,0.05,equal,E_top_calmar,1321,0,0,1321,0.21132845516544974,-0.410101843553782,1.0062164671615714,0.333444375136434,-0.19622285381777482,1.6407014373337854,,10,0.23088569265707798
TW,J,anchored,1,3,144,24,2007-01,2018-12,2019-01,2020-12,144,24,26424,silhouette_is,10,0.05,proportional,A_hrp,1321,0,275,1321,0.15742046075224048,-0.48914687272003887,0.802891475673947,0.2953195285887136,-0.19542689606109442,1.49778203859189,,10,0.35957607872823616
TW,J,anchored,1,3,144,24,2007-01,2018-12,2019-01,2020-12,144,24,26424,silhouette_is,10,0.05,proportional,D_top_cagr,1321,0,0,1321,0.2233701413157494,-0.4784231469459538,0.9905592268426565,0.3399492256621268,-0.19675401886987154,1.6672204804498443,,10,0.21044663133989402
TW,J,anchored,1,3,144,24,2007-01,2018-12,2019-01,2020-12,144,24,26424,silhouette_is,10,0.05,proportional,E_top_calmar,1321,0,0,1321,0.21132845516544974,-0.410101843553782,1.0062164671615714,0.333444375136434,-0.19622285381777482,1.6407014373337854,,10,0.23088569265707798
TW,J,anchored,1,3,144,24,2007-01,2018-12,2019-01,2020-12,144,24,26424,silhouette_is,10,0.1,equal,A_hrp,2642,1,1688,2642,0.17668597139869657,-0.47044567218970446,0.8617835017679923,0.3164026807310345,-0.1909882472891613,1.5930355883433,,10,0.10370931112793338
TW,J,anchored,1,3,144,24,2007-01,2018-12,2019-01,2020-12,144,24,26424,silhouette_is,10,0.1,equal,D_top_cagr,2642,1,0,2642,0.1991400394224523,-0.49204599526141624,0.927382202799946,0.3354950582575724,-0.1956861373081369,1.6484294048975252,,10,0.2274791824375473
TW,J,anchored,1,3,144,24,2007-01,2018-12,2019-01,2020-12,144,24,26424,silhouette_is,10,0.1,equal,E_top_calmar,2642,1,0,2642,0.19172126862752092,-0.445239560225691,0.9346777323961029,0.3288709364502225,-0.19471525998565298,1.6298909963214077,,10,0.2380772142316427
TW,J,anchored,1,3,144,24,2007-01,2018-12,2019-01,2020-12,144,24,26424,silhouette_is,10,0.1,proportional,A_hrp,2642,0,1492,2642,0.1656916150049077,-0.47995896127087134,0.8369150180558825,0.3031957616001073,-0.19468715400683345,1.5369240249361567,,10,0.35957607872823616
TW,J,anchored,1,3,144,24,2007-01,2018-12,2019-01,2020-12,144,24,26424,silhouette_is,10,0.1,proportional,D_top_cagr,2642,0,0,2642,0.1991400394224523,-0.49204599526141624,0.927382202799946,0.3354950582575724,-0.1956861373081369,1.6484294048975252,,10,0.2274791824375473
TW,J,anchored,1,3,144,24,2007-01,2018-12,2019-01,2020-12,144,24,26424,silhouette_is,10,0.1,proportional,E_top_calmar,2642,0,0,2642,0.19172126862752092,-0.445239560225691,0.9346777323961029,0.3288709364502225,-0.19471525998565298,1.6298909963214077,,10,0.2380772142316427
TW,J,anchored,2,3,144,24,2007-01,2020-12,2021-01,2022-12,168,24,26424,fixed,6,all,unallocated,B_all,26424,0,0,26424,0.13514554779908128,-0.5484999555627641,0.7115181847229014,0.12236218641782481,-0.1331874672692538,0.6878447817428295,,6,0.47612019376324555
TW,J,anchored,2,3,144,24,2007-01,2020-12,2021-01,2022-12,168,24,26424,fixed,6,legacy,equal,A_hrp,30,0,2,30,0.282251324565,-0.2785686182727829,1.2011430019639298,0.14938609604819697,-0.13156748230899762,0.7657245750373604,2.072540211078177,6,0.16666666666666666
TW,J,anchored,2,3,144,24,2007-01,2020-12,2021-01,2022-12,168,24,26424,fixed,6,legacy,equal,D_top_cagr,30,0,0,30,0.39522390627517257,-0.3674080665553119,0.6213538148451284,0.20750326438002453,-0.12690971340412682,0.95194132921513,1.711713065362659,3,0.6666666666666666
TW,J,anchored,2,3,144,24,2007-01,2020-12,2021-01,2022-12,168,24,26424,fixed,6,legacy,equal,E_top_calmar,30,0,0,30,0.3439462925900758,-0.245855514804875,0.9624747193520452,0.18496313043121626,-0.1283348473971354,0.8696679996757593,1.8064932143718262,4,0.36666666666666664
TW,J,anchored,2,3,144,24,2007-01,2020-12,2021-01,2022-12,168,24,26424,fixed,6,legacy,proportional,A_hrp,30,0,0,30,0.2528034023681649,-0.2613192509579457,1.2407653122148414,0.17316232217919336,-0.13044841392928586,0.8651836073652034,2.161074738719938,6,0.4666666666666667
TW,J,anchored,2,3,144,24,2007-01,2020-12,2021-01,2022-12,168,24,26424,fixed,6,legacy,proportional,D_top_cagr,30,0,0,30,0.39522390627517257,-0.3674080665553119,0.6213538148451284,0.20750326438002453,-0.12690971340412682,0.95194132921513,1.711713065362659,3,0.6666666666666666
TW,J,anchored,2,3,144,24,2007-01,2020-12,2021-01,2022-12,168,24,26424,fixed,6,legacy,proportional,E_top_calmar,30,0,0,30,0.3439462925900758,-0.245855514804875,0.9624747193520452,0.18496313043121626,-0.1283348473971354,0.8696679996757593,1.8064932143718262,4,0.36666666666666664
TW,J,anchored,2,3,144,24,2007-01,2020-12,2021-01,2022-12,168,24,26424,fixed,6,0.01,equal,A_hrp,264,0,87,264,0.2590911826253579,-0.3999838001267745,1.0772900589094998,0.14874454863852615,-0.13314231275398425,0.7703073688678237,2.344486126889301,6,0.16666666666666666
TW,J,anchored,2,3,144,24,2007-01,2020-12,2021-01,2022-12,168,24,26424,fixed,6,0.01,equal,D_top_cagr,264,0,0,264,0.30882083651807957,-0.42578709987736185,1.0703785735398985,0.16970846633157244,-0.1352818682755923,0.8270240349866826,2.0554124783674776,6,0.2765151515151515
TW,J,anchored,2,3,144,24,2007-01,2020-12,2021-01,2022-12,168,24,26424,fixed,6,0.01,equal,E_top_calmar,264,0,0,264,0.2758822000571888,-0.29580355973898587,1.1533711262184045,0.17326251019945316,-0.1277899966286976,0.8609076274465112,1.9723255448150894,6,0.4583333333333333
TW,J,anchored,2,3,144,24,2007-01,2020-12,2021-01,2022-12,168,24,26424,fixed,6,0.01,proportional,A_hrp,264,0,5,264,0.21407788086991486,-0.39486427991939343,1.075674842238685,0.14165738792618732,-0.13320422601904025,0.751314537204729,2.419514706961032,6,0.4772727272727273
TW,J,anchored,2,3,144,24,2007-01,2020-12,2021-01,2022-12,168,24,26424,fixed,6,0.01,proportional,D_top_cagr,264,0,0,264,0.30882083651807957,-0.42578709987736185,1.0703785735398985,0.16970846633157244,-0.1352818682755923,0.8270240349866826,2.0554124783674776,6,0.2765151515151515
TW,J,anchored,2,3,144,24,2007-01,2020-12,2021-01,2022-12,168,24,26424,fixed,6,0.01,proportional,E_top_calmar,264,0,0,264,0.2758822000571888,-0.29580355973898587,1.1533711262184045,0.17326251019945316,-0.1277899966286976,0.8609076274465112,1.9723255448150894,6,0.4583333333333333
TW,J,anchored,2,3,144,24,2007-01,2020-12,2021-01,2022-12,168,24,26424,fixed,6,0.03,equal,A_hrp,793,0,351,793,0.22487503171969725,-0.4616438803567856,1.0126695545281894,0.1377281310977745,-0.1328681337198756,0.7300865671675518,,6,0.1677175283732661
TW,J,anchored,2,3,144,24,2007-01,2020-12,2021-01,2022-12,168,24,26424,fixed,6,0.03,equal,D_top_cagr,793,0,0,793,0.263218330988515,-0.4711847634911206,1.1071886798113852,0.1603810799983254,-0.13529694209914844,0.7899513921828346,,6,0.3833543505674653
TW,J,anchored,2,3,144,24,2007-01,2020-12,2021-01,2022-12,168,24,26424,fixed,6,0.03,equal,E_top_calmar,793,0,0,793,0.2434123899929852,-0.37468282033220357,1.1343455951150216,0.16091901839242717,-0.1309133107757955,0.8115034095231944,,6,0.4274905422446406
TW,J,anchored,2,3,144,24,2007-01,2020-12,2021-01,2022-12,168,24,26424,fixed,6,0.03,proportional,A_hrp,793,0,102,793,0.1834722740318071,-0.45925308146836963,0.9380264333490248,0.13791392767714927,-0.12830302643009273,0.7473488000434027,,6,0.4766708701134931
TW,J,anchored,2,3,144,24,2007-01,2020-12,2021-01,2022-12,168,24,26424,fixed,6,0.03,proportional,D_top_cagr,793,0,0,793,0.263218330988515,-0.4711847634911206,1.1071886798113852,0.1603810799983254,-0.13529694209914844,0.7899513921828346,,6,0.3833543505674653
TW,J,anchored,2,3,144,24,2007-01,2020-12,2021-01,2022-12,168,24,26424,fixed,6,0.03,proportional,E_top_calmar,793,0,0,793,0.2434123899929852,-0.37468282033220357,1.1343455951150216,0.16091901839242717,-0.1309133107757955,0.8115034095231944,,6,0.4274905422446406
TW,J,anchored,2,3,144,24,2007-01,2020-12,2021-01,2022-12,168,24,26424,fixed,6,0.05,equal,A_hrp,1321,0,651,1321,0.20517461832427464,-0.4880242138851014,0.9556964150658912,0.13032802638161622,-0.13085892278456346,0.7033883043469374,,6,0.16729750189250567
TW,J,anchored,2,3,144,24,2007-01,2020-12,2021-01,2022-12,168,24,26424,fixed,6,0.05,equal,D_top_cagr,1321,0,0,1321,0.24483133360943632,-0.48151779511554416,1.0779811488605873,0.15886413171558011,-0.13491690918286225,0.7877669097937805,,6,0.39439818319454956
TW,J,anchored,2,3,144,24,2007-01,2020-12,2021-01,2022-12,168,24,26424,fixed,6,0.05,equal,E_top_calmar,1321,0,0,1321,0.2295288266686928,-0.40648884617026093,1.0907715454268916,0.15736894996030637,-0.1309217611321728,0.7961671938425094,,6,0.41786525359576077
TW,J,anchored,2,3,144,24,2007-01,2020-12,2021-01,2022-12,168,24,26424,fixed,6,0.05,proportional,A_hrp,1321,0,396,1321,0.17796046429598844,-0.46922274235110295,0.9071009683899828,0.13649515551785818,-0.128536388090304,0.7390573314321075,,6,0.4761544284632854
TW,J,anchored,2,3,144,24,2007-01,2020-12,2021-01,2022-12,168,24,26424,fixed,6,0.05,proportional,D_top_cagr,1321,0,0,1321,0.24483133360943632,-0.48151779511554416,1.0779811488605873,0.15886413171558011,-0.13491690918286225,0.7877669097937805,,6,0.39439818319454956
TW,J,anchored,2,3,144,24,2007-01,2020-12,2021-01,2022-12,168,24,26424,fixed,6,0.05,proportional,E_top_calmar,1321,0,0,1321,0.2295288266686928,-0.40648884617026093,1.0907715454268916,0.15736894996030637,-0.1309217611321728,0.7961671938425094,,6,0.41786525359576077
TW,J,anchored,2,3,144,24,2007-01,2020-12,2021-01,2022-12,168,24,26424,fixed,6,0.1,equal,A_hrp,2642,1,1687,2642,0.18832502904428017,-0.4953082905215901,0.9227333951595079,0.13493160317732134,-0.12819574074095408,0.7272820432488944,,6,0.18243754731264195
TW,J,anchored,2,3,144,24,2007-01,2020-12,2021-01,2022-12,168,24,26424,fixed,6,0.1,equal,D_top_cagr,2642,1,0,2642,0.2212729371795743,-0.4932600303411082,1.018995047840983,0.15072017005415095,-0.13413628123280863,0.7609020947317368,,6,0.4375473126419379
TW,J,anchored,2,3,144,24,2007-01,2020-12,2021-01,2022-12,168,24,26424,fixed,6,0.1,equal,E_top_calmar,2642,1,0,2642,0.2123883661474728,-0.4432061440826971,1.0248733385805742,0.14774141614073732,-0.13166727469261608,0.7591040425561671,,6,0.42127176381529147
TW,J,anchored,2,3,144,24,2007-01,2020-12,2021-01,2022-12,168,24,26424,fixed,6,0.1,proportional,A_hrp,2642,0,1687,2642,0.18723572574726344,-0.46315415009727423,0.9414863297695365,0.13247494016407235,-0.13053636999193097,0.7110822409636696,,6,0.4761544284632854
TW,J,anchored,2,3,144,24,2007-01,2020-12,2021-01,2022-12,168,24,26424,fixed,6,0.1,proportional,D_top_cagr,2642,0,0,2642,0.2212729371795743,-0.4932600303411082,1.018995047840983,0.15072017005415095,-0.13413628123280863,0.7609020947317368,,6,0.4375473126419379
TW,J,anchored,2,3,144,24,2007-01,2020-12,2021-01,2022-12,168,24,26424,fixed,6,0.1,proportional,E_top_calmar,2642,0,0,2642,0.2123883661474728,-0.4432061440826971,1.0248733385805742,0.14774141614073732,-0.13166727469261608,0.7591040425561671,,6,0.42127176381529147
TW,J,anchored,2,3,144,24,2007-01,2020-12,2021-01,2022-12,168,24,26424,silhouette_is,4,all,unallocated,B_all,26424,0,0,26424,0.13514554779908128,-0.5484999555627641,0.7115181847229014,0.12236218641782481,-0.1331874672692538,0.6878447817428295,,4,0.48501362397820164
TW,J,anchored,2,3,144,24,2007-01,2020-12,2021-01,2022-12,168,24,26424,silhouette_is,4,legacy,equal,A_hrp,20,0,2,20,0.3069342045923056,-0.2423984978579351,1.1795682818391304,0.15809692179998525,-0.1293269470456372,0.8009290764166151,2.016876841537121,4,0.25
TW,J,anchored,2,3,144,24,2007-01,2020-12,2021-01,2022-12,168,24,26424,silhouette_is,4,legacy,equal,D_top_cagr,20,0,0,20,0.40987786005778926,-0.3622193254251991,0.53197146906175,0.20407315643634139,-0.12223690086652583,0.9399882829902003,1.7219711001397942,3,0.75
TW,J,anchored,2,3,144,24,2007-01,2020-12,2021-01,2022-12,168,24,26424,silhouette_is,4,legacy,equal,E_top_calmar,20,0,0,20,0.3635194409094724,-0.25296223215622327,0.8162093369748006,0.1956244261951261,-0.1260530270345186,0.923010201571057,1.779740286399991,3,0.4
TW,J,anchored,2,3,144,24,2007-01,2020-12,2021-01,2022-12,168,24,26424,silhouette_is,4,legacy,proportional,A_hrp,20,0,0,20,0.2972503101055435,-0.25659629370141923,1.3385688300801613,0.18040285622964536,-0.1302981493797093,0.8677209141019816,2.007804556782031,4,0.45
TW,J,anchored,2,3,144,24,2007-01,2020-12,2021-01,2022-12,168,24,26424,silhouette_is,4,legacy,proportional,D_top_cagr,20,0,0,20,0.40987786005778926,-0.3622193254251991,0.53197146906175,0.20407315643634139,-0.12223690086652583,0.9399882829902003,1.7219711001397942,3,0.75
TW,J,anchored,2,3,144,24,2007-01,2020-12,2021-01,2022-12,168,24,26424,silhouette_is,4,legacy,proportional,E_top_calmar,20,0,0,20,0.3635194409094724,-0.25296223215622327,0.8162093369748006,0.1956244261951261,-0.1260530270345186,0.923010201571057,1.779740286399991,3,0.4
TW,J,anchored,2,3,144,24,2007-01,2020-12,2021-01,2022-12,168,24,26424,silhouette_is,4,0.01,equal,A_hrp,264,0,106,264,0.26099526082921787,-0.38657247657584903,1.0735822522510505,0.15193318129636824,-0.1311608601251243,0.7889507432789472,2.321586031927932,4,0.25
TW,J,anchored,2,3,144,24,2007-01,2020-12,2021-01,2022-12,168,24,26424,silhouette_is,4,0.01,equal,D_top_cagr,264,0,0,264,0.30882083651807957,-0.42578709987736185,1.0703785735398985,0.16970846633157244,-0.1352818682755923,0.8270240349866826,2.0554124783674776,4,0.38636363636363635
TW,J,anchored,2,3,144,24,2007-01,2020-12,2021-01,2022-12,168,24,26424,silhouette_is,4,0.01,equal,E_top_calmar,264,0,0,264,0.2758822000571888,-0.29580355973898587,1.1533711262184045,0.17326251019945316,-0.1277899966286976,0.8609076274465112,1.9723255448150894,4,0.5075757575757576
TW,J,anchored,2,3,144,24,2007-01,2020-12,2021-01,2022-12,168,24,26424,silhouette_is,4,0.01,proportional,A_hrp,264,0,5,264,0.21993377253850532,-0.3952103507799234,1.0969564153246092,0.15565992496030145,-0.13117236643069163,0.8114635206053346,2.5158389941896755,4,0.48484848484848486
TW,J,anchored,2,3,144,24,2007-01,2020-12,2021-01,2022-12,168,24,26424,silhouette_is,4,0.01,proportional,D_top_cagr,264,0,0,264,0.30882083651807957,-0.42578709987736185,1.0703785735398985,0.16970846633157244,-0.1352818682755923,0.8270240349866826,2.0554124783674776,4,0.38636363636363635
TW,J,anchored,2,3,144,24,2007-01,2020-12,2021-01,2022-12,168,24,26424,silhouette_is,4,0.01,proportional,E_top_calmar,264,0,0,264,0.2758822000571888,-0.29580355973898587,1.1533711262184045,0.17326251019945316,-0.1277899966286976,0.8609076274465112,1.9723255448150894,4,0.5075757575757576
TW,J,anchored,2,3,144,24,2007-01,2020-12,2021-01,2022-12,168,24,26424,silhouette_is,4,0.03,equal,A_hrp,793,0,370,793,0.2166492899888195,-0.4623761597316014,1.0107880028671195,0.14212378951122262,-0.12761405884672905,0.7561746537301629,,4,0.2509457755359395
TW,J,anchored,2,3,144,24,2007-01,2020-12,2021-01,2022-12,168,24,26424,silhouette_is,4,0.03,equal,D_top_cagr,793,0,0,793,0.263218330988515,-0.4711847634911206,1.1071886798113852,0.1603810799983254,-0.13529694209914844,0.7899513921828346,,4,0.46027742749054223
TW,J,anchored,2,3,144,24,2007-01,2020-12,2021-01,2022-12,168,24,26424,silhouette_is,4,0.03,equal,E_top_calmar,793,0,0,793,0.2434123899929852,-0.37468282033220357,1.1343455951150216,0.16091901839242717,-0.1309133107757955,0.8115034095231944,,4,0.47540983606557374
TW,J,anchored,2,3,144,24,2007-01,2020-12,2021-01,2022-12,168,24,26424,silhouette_is,4,0.03,proportional,A_hrp,793,0,139,793,0.18914615310379723,-0.4555381291407934,0.9554657146227782,0.1426191840614388,-0.12791835115588734,0.767100645031116,,4,0.4854981084489281
TW,J,anchored,2,3,144,24,2007-01,2020-12,2021-01,2022-12,168,24,26424,silhouette_is,4,0.03,proportional,D_top_cagr,793,0,0,793,0.263218330988515,-0.4711847634911206,1.1071886798113852,0.1603810799983254,-0.13529694209914844,0.7899513921828346,,4,0.46027742749054223
TW,J,anchored,2,3,144,24,2007-01,2020-12,2021-01,2022-12,168,24,26424,silhouette_is,4,0.03,proportional,E_top_calmar,793,0,0,793,0.2434123899929852,-0.37468282033220357,1.1343455951150216,0.16091901839242717,-0.1309133107757955,0.8115034095231944,,4,0.47540983606557374
TW,J,anchored,2,3,144,24,2007-01,2020-12,2021-01,2022-12,168,24,26424,silhouette_is,4,0.05,equal,A_hrp,1321,0,698,1321,0.1981258639767094,-0.4806350796576512,0.958739751723875,0.135960189133427,-0.12651115831225934,0.73648628299902,,4,0.2505677517032551
TW,J,anchored,2,3,144,24,2007-01,2020-12,2021-01,2022-12,168,24,26424,silhouette_is,4,0.05,equal,D_top_cagr,1321,0,0,1321,0.24483133360943632,-0.48151779511554416,1.0779811488605873,0.15886413171558011,-0.13491690918286225,0.7877669097937805,,4,0.4640423921271764
TW,J,anchored,2,3,144,24,2007-01,2020-12,2021-01,2022-12,168,24,26424,silhouette_is,4,0.05,equal,E_top_calmar,1321,0,0,1321,0.2295288266686928,-0.40648884617026093,1.0907715454268916,0.15736894996030637,-0.1309217611321728,0.7961671938425094,,4,0.4640423921271764
TW,J,anchored,2,3,144,24,2007-01,2020-12,2021-01,2022-12,168,24,26424,silhouette_is,4,0.05,proportional,A_hrp,1321,0,508,1321,0.18939745313781864,-0.45882334583900297,0.9471688371265373,0.14052736849690284,-0.12900101709168188,0.7523441068526309,,4,0.48523845571536717
TW,J,anchored,2,3,144,24,2007-01,2020-12,2021-01,2022-12,168,24,26424,silhouette_is,4,0.05,proportional,D_top_cagr,1321,0,0,1321,0.24483133360943632,-0.48151779511554416,1.0779811488605873,0.15886413171558011,-0.13491690918286225,0.7877669097937805,,4,0.4640423921271764
TW,J,anchored,2,3,144,24,2007-01,2020-12,2021-01,2022-12,168,24,26424,silhouette_is,4,0.05,proportional,E_top_calmar,1321,0,0,1321,0.2295288266686928,-0.40648884617026093,1.0907715454268916,0.15736894996030637,-0.1309217611321728,0.7961671938425094,,4,0.4640423921271764
TW,J,anchored,2,3,144,24,2007-01,2020-12,2021-01,2022-12,168,24,26424,silhouette_is,4,0.1,equal,A_hrp,2642,1,1829,2642,0.1827300003111343,-0.4961444653163074,0.9072321901915724,0.12973517769207654,-0.12682068105748812,0.7094582259921788,,4,0.25094625283875854
TW,J,anchored,2,3,144,24,2007-01,2020-12,2021-01,2022-12,168,24,26424,silhouette_is,4,0.1,equal,D_top_cagr,2642,1,0,2642,0.2212729371795743,-0.4932600303411082,1.018995047840983,0.15072017005415095,-0.13413628123280863,0.7609020947317368,,4,0.49053747161241484
TW,J,anchored,2,3,144,24,2007-01,2020-12,2021-01,2022-12,168,24,26424,silhouette_is,4,0.1,equal,E_top_calmar,2642,1,0,2642,0.2123883661474728,-0.4432061440826971,1.0248733385805742,0.14774141614073732,-0.13166727469261608,0.7591040425561671,,4,0.463663890991673
TW,J,anchored,2,3,144,24,2007-01,2020-12,2021-01,2022-12,168,24,26424,silhouette_is,4,0.1,proportional,A_hrp,2642,0,1829,2642,0.19758373774753446,-0.461522301273967,0.9696431798126535,0.14237661164398663,-0.13122579463679573,0.746085673916606,,4,0.48523845571536717
TW,J,anchored,2,3,144,24,2007-01,2020-12,2021-01,2022-12,168,24,26424,silhouette_is,4,0.1,proportional,D_top_cagr,2642,0,0,2642,0.2212729371795743,-0.4932600303411082,1.018995047840983,0.15072017005415095,-0.13413628123280863,0.7609020947317368,,4,0.49053747161241484
TW,J,anchored,2,3,144,24,2007-01,2020-12,2021-01,2022-12,168,24,26424,silhouette_is,4,0.1,proportional,E_top_calmar,2642,0,0,2642,0.2123883661474728,-0.4432061440826971,1.0248733385805742,0.14774141614073732,-0.13166727469261608,0.7591040425561671,,4,0.463663890991673
TW,J,anchored,3,3,144,24,2007-01,2022-12,2023-01,2025-12,192,36,26424,fixed,6,all,unallocated,B_all,26424,0,0,26424,0.13353969900893792,-0.5484999555627641,0.7085465997616146,0.12541750663599283,-0.13830658386936634,1.0126432533508438,,6,0.42003481683318195
TW,J,anchored,3,3,144,24,2007-01,2022-12,2023-01,2025-12,192,36,26424,fixed,6,legacy,equal,A_hrp,30,0,0,30,0.2557480841464961,-0.3263595329053328,1.1498333453063172,0.15212892308272385,-0.15177816673517353,1.1626892396554525,4.381618131096556,6,0.16666666666666666
TW,J,anchored,3,3,144,24,2007-01,2022-12,2023-01,2025-12,192,36,26424,fixed,6,legacy,equal,D_top_cagr,30,0,0,30,0.3735724726495193,-0.3616349986700038,0.6339637043554901,0.1546643322640988,-0.1567772952380332,1.2078755824598228,2.7365388768724905,4,0.6
TW,J,anchored,3,3,144,24,2007-01,2022-12,2023-01,2025-12,192,36,26424,fixed,6,legacy,equal,E_top_calmar,30,0,0,30,0.3226228892205818,-0.24607417678134014,0.9458115259673533,0.16097461413438752,-0.14685477854452156,1.2814069756361992,2.948231567306657,3,0.5
TW,J,anchored,3,3,144,24,2007-01,2022-12,2023-01,2025-12,192,36,26424,fixed,6,legacy,proportional,A_hrp,30,0,0,30,0.26170256949698256,-0.24511516399824673,1.2478301323108003,0.16023845311938412,-0.13781549759080436,1.2955029715648039,4.555903957182252,6,0.4
TW,J,anchored,3,3,144,24,2007-01,2022-12,2023-01,2025-12,192,36,26424,fixed,6,legacy,proportional,D_top_cagr,30,0,0,30,0.3735724726495193,-0.3616349986700038,0.6339637043554901,0.1546643322640988,-0.1567772952380332,1.2078755824598228,2.7365388768724905,4,0.6
TW,J,anchored,3,3,144,24,2007-01,2022-12,2023-01,2025-12,192,36,26424,fixed,6,legacy,proportional,E_top_calmar,30,0,0,30,0.3226228892205818,-0.24607417678134014,0.9458115259673533,0.16097461413438752,-0.14685477854452156,1.2814069756361992,2.948231567306657,3,0.5
TW,J,anchored,3,3,144,24,2007-01,2022-12,2023-01,2025-12,192,36,26424,fixed,6,0.01,equal,A_hrp,264,0,92,264,0.24342102115977937,-0.39740378041721747,1.0445814105434847,0.14736217659365902,-0.1394786836919688,1.1375446236932312,5.102451582252475,6,0.16666666666666666
TW,J,anchored,3,3,144,24,2007-01,2022-12,2023-01,2025-12,192,36,26424,fixed,6,0.01,equal,D_top_cagr,264,0,0,264,0.2908685487835758,-0.43119019792434166,1.0575836142786352,0.16306018259106958,-0.14090583553468838,1.3011899854655784,3.916390499244925,6,0.3181818181818182
TW,J,anchored,3,3,144,24,2007-01,2022-12,2023-01,2025-12,192,36,26424,fixed,6,0.01,equal,E_top_calmar,264,0,0,264,0.26368051454150154,-0.30000735896089925,1.1332125484596238,0.15577381224268172,-0.13209980667396093,1.2746975738642115,3.7997780576743025,6,0.5227272727272727
TW,J,anchored,3,3,144,24,2007-01,2022-12,2023-01,2025-12,192,36,26424,fixed,6,0.01,proportional,A_hrp,264,0,3,264,0.21010619837539424,-0.3834656014226905,1.052460411947333,0.1406805738080812,-0.13562739809335844,1.1240226273133276,5.60252328492991,6,0.42045454545454547
TW,J,anchored,3,3,144,24,2007-01,2022-12,2023-01,2025-12,192,36,26424,fixed,6,0.01,proportional,D_top_cagr,264,0,0,264,0.2908685487835758,-0.43119019792434166,1.0575836142786352,0.16306018259106958,-0.14090583553468838,1.3011899854655784,3.916390499244925,6,0.3181818181818182
TW,J,anchored,3,3,144,24,2007-01,2022-12,2023-01,2025-12,192,36,26424,fixed,6,0.01,proportional,E_top_calmar,264,0,0,264,0.26368051454150154,-0.30000735896089925,1.1332125484596238,0.15577381224268172,-0.13209980667396093,1.2746975738642115,3.7997780576743025,6,0.5227272727272727
TW,J,anchored,3,3,144,24,2007-01,2022-12,2023-01,2025-12,192,36,26424,fixed,6,0.03,equal,A_hrp,793,0,356,793,0.21333909164869547,-0.46292145029207077,0.9713011770604788,0.1409776474163471,-0.14266052945588215,1.090903844487164,,6,0.1677175283732661
TW,J,anchored,3,3,144,24,2007-01,2022-12,2023-01,2025-12,192,36,26424,fixed,6,0.03,equal,D_top_cagr,793,0,0,793,0.2506683217546233,-0.47185743763667265,1.0842121697773717,0.1554446588846321,-0.1432485050618677,1.229553084375916,,6,0.3619167717528373
TW,J,anchored,3,3,144,24,2007-01,2022-12,2023-01,2025-12,192,36,26424,fixed,6,0.03,equal,E_top_calmar,793,0,0,793,0.2336868928040705,-0.37982974015102056,1.1007825570127576,0.14997490898465626,-0.1354304246135637,1.2034206442204367,,6,0.4451450189155107
TW,J,anchored,3,3,144,24,2007-01,2022-12,2023-01,2025-12,192,36,26424,fixed,6,0.03,proportional,A_hrp,793,0,54,793,0.18030178724813828,-0.46417316500260164,0.9211934502365825,0.1311273574847529,-0.13602525482447136,1.0746887134574912,,6,0.41992433795712486
TW,J,anchored,3,3,144,24,2007-01,2022-12,2023-01,2025-12,192,36,26424,fixed,6,0.03,proportional,D_top_cagr,793,0,0,793,0.2506683217546233,-0.47185743763667265,1.0842121697773717,0.1554446588846321,-0.1432485050618677,1.229553084375916,,6,0.3619167717528373
TW,J,anchored,3,3,144,24,2007-01,2022-12,2023-01,2025-12,192,36,26424,fixed,6,0.03,proportional,E_top_calmar,793,0,0,793,0.2336868928040705,-0.37982974015102056,1.1007825570127576,0.14997490898465626,-0.1354304246135637,1.2034206442204367,,6,0.4451450189155107
TW,J,anchored,3,3,144,24,2007-01,2022-12,2023-01,2025-12,192,36,26424,fixed,6,0.05,equal,A_hrp,1321,0,690,1321,0.19864908196878206,-0.48255434769720584,0.9321603597714273,0.13985918319922352,-0.14201825055137196,1.0853653285162486,,6,0.16729750189250567
TW,J,anchored,3,3,144,24,2007-01,2022-12,2023-01,2025-12,192,36,26424,fixed,6,0.05,equal,D_top_cagr,1321,0,0,1321,0.23468921146289246,-0.4818976093771875,1.0503819806751957,0.15478715181737157,-0.14137949072915257,1.2186533303766973,,6,0.37017411052233157
TW,J,anchored,3,3,144,24,2007-01,2022-12,2023-01,2025-12,192,36,26424,fixed,6,0.05,equal,E_top_calmar,1321,0,0,1321,0.22087840647378698,-0.4098779278994191,1.0600964205666563,0.14739109194559763,-0.1360094986323208,1.1772249370962689,,6,0.39666919000757
TW,J,anchored,3,3,144,24,2007-01,2022-12,2023-01,2025-12,192,36,26424,fixed,6,0.05,proportional,A_hrp,1321,0,299,1321,0.17481375535897237,-0.4780330176026224,0.8916379985708559,0.1324035762129958,-0.13616130929795878,1.0869538737015385,,6,0.4201362604087812
TW,J,anchored,3,3,144,24,2007-01,2022-12,2023-01,2025-12,192,36,26424,fixed,6,0.05,proportional,D_top_cagr,1321,0,0,1321,0.23468921146289246,-0.4818976093771875,1.0503819806751957,0.15478715181737157,-0.14137949072915257,1.2186533303766973,,6,0.37017411052233157
TW,J,anchored,3,3,144,24,2007-01,2022-12,2023-01,2025-12,192,36,26424,fixed,6,0.05,proportional,E_top_calmar,1321,0,0,1321,0.22087840647378698,-0.4098779278994191,1.0600964205666563,0.14739109194559763,-0.1360094986323208,1.1772249370962689,,6,0.39666919000757
TW,J,anchored,3,3,144,24,2007-01,2022-12,2023-01,2025-12,192,36,26424,fixed,6,0.1,equal,A_hrp,2642,0,1723,2642,0.18096047573470853,-0.509658038498136,0.8776594879163621,0.13628356299285138,-0.14133992929413008,1.0683742816725261,,6,0.16691900075700228
TW,J,anchored,3,3,144,24,2007-01,2022-12,2023-01,2025-12,192,36,26424,fixed,6,0.1,equal,D_top_cagr,2642,0,0,2642,0.21289519669405288,-0.4975255282396035,0.9914494861958753,0.15231062617390068,-0.13979152366883385,1.1947858181600324,,6,0.36828160484481454
TW,J,anchored,3,3,144,24,2007-01,2022-12,2023-01,2025-12,192,36,26424,fixed,6,0.1,equal,E_top_calmar,2642,0,0,2642,0.20401768979426493,-0.4433226281366396,0.9962674620873069,0.1446818356327162,-0.13636130142403002,1.1468242506317103,,6,0.39288417865253594
TW,J,anchored,3,3,144,24,2007-01,2022-12,2023-01,2025-12,192,36,26424,fixed,6,0.1,proportional,A_hrp,2642,0,1584,2642,0.18659011057432395,-0.4678921976743854,0.9339698805186251,0.13913500557670888,-0.13615408040904708,1.119288661026599,,6,0.4201362604087812
TW,J,anchored,3,3,144,24,2007-01,2022-12,2023-01,2025-12,192,36,26424,fixed,6,0.1,proportional,D_top_cagr,2642,0,0,2642,0.21289519669405288,-0.4975255282396035,0.9914494861958753,0.15231062617390068,-0.13979152366883385,1.1947858181600324,,6,0.36828160484481454
TW,J,anchored,3,3,144,24,2007-01,2022-12,2023-01,2025-12,192,36,26424,fixed,6,0.1,proportional,E_top_calmar,2642,0,0,2642,0.20401768979426493,-0.4433226281366396,0.9962674620873069,0.1446818356327162,-0.13636130142403002,1.1468242506317103,,6,0.39288417865253594
TW,J,anchored,3,3,144,24,2007-01,2022-12,2023-01,2025-12,192,36,26424,silhouette_is,5,all,unallocated,B_all,26424,0,0,26424,0.13353969900893792,-0.5484999555627641,0.7085465997616146,0.12541750663599283,-0.13830658386936634,1.0126432533508438,,5,0.42003481683318195
TW,J,anchored,3,3,144,24,2007-01,2022-12,2023-01,2025-12,192,36,26424,silhouette_is,5,legacy,equal,A_hrp,25,0,0,25,0.2598890414665904,-0.28786804306374625,1.185089751089631,0.15382629856231889,-0.14685997719914212,1.1905407639667345,4.227758349097941,5,0.2
TW,J,anchored,3,3,144,24,2007-01,2022-12,2023-01,2025-12,192,36,26424,silhouette_is,5,legacy,equal,D_top_cagr,25,0,0,25,0.37974722083749035,-0.3499268128001054,0.5897933642301987,0.15908290797349323,-0.15763745740207402,1.2488732822427344,2.866114579389835,4,0.64
TW,J,anchored,3,3,144,24,2007-01,2022-12,2023-01,2025-12,192,36,26424,silhouette_is,5,legacy,equal,E_top_calmar,25,0,0,25,0.3303984543756795,-0.24414640990556347,0.8975699560214672,0.1652281179249322,-0.15327815102997433,1.2985776823422706,3.000888241170659,3,0.44
TW,J,anchored,3,3,144,24,2007-01,2022-12,2023-01,2025-12,192,36,26424,silhouette_is,5,legacy,proportional,A_hrp,25,0,0,25,0.2711651777080313,-0.2381789096025987,1.2875447222827454,0.1671182431337379,-0.13546562578522658,1.3602681338326321,4.630289032722424,5,0.4
TW,J,anchored,3,3,144,24,2007-01,2022-12,2023-01,2025-12,192,36,26424,silhouette_is,5,legacy,proportional,D_top_cagr,25,0,0,25,0.37974722083749035,-0.3499268128001054,0.5897933642301987,0.15908290797349323,-0.15763745740207402,1.2488732822427344,2.866114579389835,4,0.64
TW,J,anchored,3,3,144,24,2007-01,2022-12,2023-01,2025-12,192,36,26424,silhouette_is,5,legacy,proportional,E_top_calmar,25,0,0,25,0.3303984543756795,-0.24414640990556347,0.8975699560214672,0.1652281179249322,-0.15327815102997433,1.2985776823422706,3.000888241170659,3,0.44
TW,J,anchored,3,3,144,24,2007-01,2022-12,2023-01,2025-12,192,36,26424,silhouette_is,5,0.01,equal,A_hrp,264,0,85,264,0.2439479361778616,-0.39622898924590955,1.040320859314101,0.14215168166361414,-0.14086896629752244,1.1162598726165107,5.061704020154374,5,0.20075757575757575
TW,J,anchored,3,3,144,24,2007-01,2022-12,2023-01,2025-12,192,36,26424,silhouette_is,5,0.01,equal,D_top_cagr,264,0,0,264,0.2908685487835758,-0.43119019792434166,1.0575836142786352,0.16306018259106958,-0.14090583553468838,1.3011899854655784,3.916390499244925,5,0.3181818181818182
TW,J,anchored,3,3,144,24,2007-01,2022-12,2023-01,2025-12,192,36,26424,silhouette_is,5,0.01,equal,E_top_calmar,264,0,0,264,0.26368051454150154,-0.30000735896089925,1.1332125484596238,0.15577381224268172,-0.13209980667396093,1.2746975738642115,3.7997780576743025,5,0.5227272727272727
TW,J,anchored,3,3,144,24,2007-01,2022-12,2023-01,2025-12,192,36,26424,silhouette_is,5,0.01,proportional,A_hrp,264,0,3,264,0.20902755146716778,-0.3813866009641902,1.0550187775864373,0.14088151054434506,-0.13535843662073266,1.1252327863801284,5.5790427181309665,5,0.42045454545454547
TW,J,anchored,3,3,144,24,2007-01,2022-12,2023-01,2025-12,192,36,26424,silhouette_is,5,0.01,proportional,D_top_cagr,264,0,0,264,0.2908685487835758,-0.43119019792434166,1.0575836142786352,0.16306018259106958,-0.14090583553468838,1.3011899854655784,3.916390499244925,5,0.3181818181818182
TW,J,anchored,3,3,144,24,2007-01,2022-12,2023-01,2025-12,192,36,26424,silhouette_is,5,0.01,proportional,E_top_calmar,264,0,0,264,0.26368051454150154,-0.30000735896089925,1.1332125484596238,0.15577381224268172,-0.13209980667396093,1.2746975738642115,3.7997780576743025,5,0.5227272727272727
TW,J,anchored,3,3,144,24,2007-01,2022-12,2023-01,2025-12,192,36,26424,silhouette_is,5,0.03,equal,A_hrp,793,0,352,793,0.21124305500427765,-0.4589694616825861,0.986373474273963,0.14201217123367882,-0.1411474100614435,1.109441896445832,,5,0.2005044136191677
TW,J,anchored,3,3,144,24,2007-01,2022-12,2023-01,2025-12,192,36,26424,silhouette_is,5,0.03,equal,D_top_cagr,793,0,0,793,0.2506683217546233,-0.47185743763667265,1.0842121697773717,0.1554446588846321,-0.1432485050618677,1.229553084375916,,5,0.3619167717528373
TW,J,anchored,3,3,144,24,2007-01,2022-12,2023-01,2025-12,192,36,26424,silhouette_is,5,0.03,equal,E_top_calmar,793,0,0,793,0.2336868928040705,-0.37982974015102056,1.1007825570127576,0.14997490898465626,-0.1354304246135637,1.2034206442204367,,5,0.4451450189155107
TW,J,anchored,3,3,144,24,2007-01,2022-12,2023-01,2025-12,192,36,26424,silhouette_is,5,0.03,proportional,A_hrp,793,0,55,793,0.1781145140664684,-0.4685180947886567,0.9139730851158018,0.12933836315750247,-0.13725435261509134,1.0612289883920252,,5,0.41992433795712486
TW,J,anchored,3,3,144,24,2007-01,2022-12,2023-01,2025-12,192,36,26424,silhouette_is,5,0.03,proportional,D_top_cagr,793,0,0,793,0.2506683217546233,-0.47185743763667265,1.0842121697773717,0.1554446588846321,-0.1432485050618677,1.229553084375916,,5,0.3619167717528373
TW,J,anchored,3,3,144,24,2007-01,2022-12,2023-01,2025-12,192,36,26424,silhouette_is,5,0.03,proportional,E_top_calmar,793,0,0,793,0.2336868928040705,-0.37982974015102056,1.1007825570127576,0.14997490898465626,-0.1354304246135637,1.2034206442204367,,5,0.4451450189155107
TW,J,anchored,3,3,144,24,2007-01,2022-12,2023-01,2025-12,192,36,26424,silhouette_is,5,0.05,equal,A_hrp,1321,0,669,1321,0.19592165825285934,-0.4830718247335173,0.9388452744809906,0.13976639051137996,-0.14091509923817003,1.0942168329417075,,5,0.20060560181680545
TW,J,anchored,3,3,144,24,2007-01,2022-12,2023-01,2025-12,192,36,26424,silhouette_is,5,0.05,equal,D_top_cagr,1321,0,0,1321,0.23468921146289246,-0.4818976093771875,1.0503819806751957,0.15478715181737157,-0.14137949072915257,1.2186533303766973,,5,0.37017411052233157
TW,J,anchored,3,3,144,24,2007-01,2022-12,2023-01,2025-12,192,36,26424,silhouette_is,5,0.05,equal,E_top_calmar,1321,0,0,1321,0.22087840647378698,-0.4098779278994191,1.0600964205666563,0.14739109194559763,-0.1360094986323208,1.1772249370962689,,5,0.39666919000757
TW,J,anchored,3,3,144,24,2007-01,2022-12,2023-01,2025-12,192,36,26424,silhouette_is,5,0.05,proportional,A_hrp,1321,0,355,1321,0.1778381214041811,-0.47271649649381375,0.9008126092577567,0.13326036403705377,-0.13712679862158383,1.0876909823512528,,5,0.4201362604087812
TW,J,anchored,3,3,144,24,2007-01,2022-12,2023-01,2025-12,192,36,26424,silhouette_is,5,0.05,proportional,D_top_cagr,1321,0,0,1321,0.23468921146289246,-0.4818976093771875,1.0503819806751957,0.15478715181737157,-0.14137949072915257,1.2186533303766973,,5,0.37017411052233157
TW,J,anchored,3,3,144,24,2007-01,2022-12,2023-01,2025-12,192,36,26424,silhouette_is,5,0.05,proportional,E_top_calmar,1321,0,0,1321,0.22087840647378698,-0.4098779278994191,1.0600964205666563,0.14739109194559763,-0.1360094986323208,1.1772249370962689,,5,0.39666919000757
TW,J,anchored,3,3,144,24,2007-01,2022-12,2023-01,2025-12,192,36,26424,silhouette_is,5,0.1,equal,A_hrp,2642,1,1695,2642,0.1806936077890029,-0.5038794678107453,0.8881811020058946,0.13777107841456782,-0.14073244538482765,1.0867692082342035,,5,0.2028766086298259
TW,J,anchored,3,3,144,24,2007-01,2022-12,2023-01,2025-12,192,36,26424,silhouette_is,5,0.1,equal,D_top_cagr,2642,1,0,2642,0.21289519669405288,-0.4975255282396035,0.9914494861958753,0.15231062617390068,-0.13979152366883385,1.1947858181600324,,5,0.36828160484481454
TW,J,anchored,3,3,144,24,2007-01,2022-12,2023-01,2025-12,192,36,26424,silhouette_is,5,0.1,equal,E_top_calmar,2642,1,0,2642,0.20401768979426493,-0.4433226281366396,0.9962674620873069,0.1446818356327162,-0.13636130142403002,1.1468242506317103,,5,0.39288417865253594
TW,J,anchored,3,3,144,24,2007-01,2022-12,2023-01,2025-12,192,36,26424,silhouette_is,5,0.1,proportional,A_hrp,2642,0,1651,2642,0.1883719130180852,-0.4655257834504335,0.9381654197735101,0.13890659485317158,-0.13652983673849128,1.114638788900369,,5,0.4201362604087812
TW,J,anchored,3,3,144,24,2007-01,2022-12,2023-01,2025-12,192,36,26424,silhouette_is,5,0.1,proportional,D_top_cagr,2642,0,0,2642,0.21289519669405288,-0.4975255282396035,0.9914494861958753,0.15231062617390068,-0.13979152366883385,1.1947858181600324,,5,0.36828160484481454
TW,J,anchored,3,3,144,24,2007-01,2022-12,2023-01,2025-12,192,36,26424,silhouette_is,5,0.1,proportional,E_top_calmar,2642,0,0,2642,0.20401768979426493,-0.4433226281366396,0.9962674620873069,0.1446818356327162,-0.13636130142403002,1.1468242506317103,,5,0.39288417865253594
TW,K,anchored,1,2,144,36,2007-01,2018-12,2019-01,2021-12,144,36,26424,fixed,6,all,unallocated,B_all,26424,0,0,26424,0.11170047146584317,-0.5484999555627641,0.6053400740738659,0.30426106781862106,-0.1939917099299059,1.5315046129274823,,6,0.510823493793521
TW,K,anchored,1,2,144,36,2007-01,2018-12,2019-01,2021-12,144,36,26424,fixed,6,legacy,equal,A_hrp,30,0,1,30,0.25693804085525107,-0.24633433005418504,1.1960468172818828,0.3517681826993089,-0.1826931659794766,1.6773494663093331,2.779099575664298,6,0.16666666666666666
TW,K,anchored,1,2,144,36,2007-01,2018-12,2019-01,2021-12,144,36,26424,fixed,6,legacy,equal,D_top_cagr,30,0,0,30,0.3903828804324665,-0.389787822306389,0.5762521498231643,0.39192305265039074,-0.216611676460429,1.6042648772890764,2.4601079682853846,5,0.6666666666666666
TW,K,anchored,1,2,144,36,2007-01,2018-12,2019-01,2021-12,144,36,26424,fixed,6,legacy,equal,E_top_calmar,30,0,0,30,0.35361805121136247,-0.28411303906858876,0.7684889181667488,0.3748955772218765,-0.19724389890685423,1.6070032664896121,2.3489818306358017,4,0.3333333333333333
TW,K,anchored,1,2,144,36,2007-01,2018-12,2019-01,2021-12,144,36,26424,fixed,6,legacy,proportional,A_hrp,30,0,0,30,0.2520741218791702,-0.2417797360538908,1.2296954804912175,0.34962391185228103,-0.19349764037381112,1.6527260007537918,2.641018378539304,6,0.5
TW,K,anchored,1,2,144,36,2007-01,2018-12,2019-01,2021-12,144,36,26424,fixed,6,legacy,proportional,D_top_cagr,30,0,0,30,0.3903828804324665,-0.389787822306389,0.5762521498231643,0.39192305265039074,-0.216611676460429,1.6042648772890764,2.4601079682853846,5,0.6666666666666666
TW,K,anchored,1,2,144,36,2007-01,2018-12,2019-01,2021-12,144,36,26424,fixed,6,legacy,proportional,E_top_calmar,30,0,0,30,0.35361805121136247,-0.28411303906858876,0.7684889181667488,0.3748955772218765,-0.19724389890685423,1.6070032664896121,2.3489818306358017,4,0.3333333333333333
TW,K,anchored,1,2,144,36,2007-01,2018-12,2019-01,2021-12,144,36,26424,fixed,6,0.01,equal,A_hrp,264,0,61,264,0.22627282574309637,-0.39720127005819705,0.9992515013633086,0.3303808081552868,-0.1842006781512635,1.6331516173794136,3.5032831395926336,6,0.16666666666666666
TW,K,anchored,1,2,144,36,2007-01,2018-12,2019-01,2021-12,144,36,26424,fixed,6,0.01,equal,D_top_cagr,264,0,0,264,0.29406010802200044,-0.4235845208435357,0.9885162399462915,0.352779672408974,-0.1929478707003962,1.6405182953975377,2.825556626756227,6,0.29924242424242425
TW,K,anchored,1,2,144,36,2007-01,2018-12,2019-01,2021-12,144,36,26424,fixed,6,0.01,equal,E_top_calmar,264,0,0,264,0.2653061924122724,-0.3087243070327903,1.0507826238441076,0.35331130510200803,-0.1961882698472075,1.6350604077155597,2.6645895927228533,6,0.2803030303030303
TW,K,anchored,1,2,144,36,2007-01,2018-12,2019-01,2021-12,144,36,26424,fixed,6,0.01,proportional,A_hrp,264,0,4,264,0.20163088194763668,-0.3903653213756779,1.0153368744254285,0.33936238875239244,-0.18760213191396446,1.654413998719565,3.415484167877818,6,0.5113636363636364
TW,K,anchored,1,2,144,36,2007-01,2018-12,2019-01,2021-12,144,36,26424,fixed,6,0.01,proportional,D_top_cagr,264,0,0,264,0.29406010802200044,-0.4235845208435357,0.9885162399462915,0.352779672408974,-0.1929478707003962,1.6405182953975377,2.825556626756227,6,0.29924242424242425
TW,K,anchored,1,2,144,36,2007-01,2018-12,2019-01,2021-12,144,36,26424,fixed,6,0.01,proportional,E_top_calmar,264,0,0,264,0.2653061924122724,-0.3087243070327903,1.0507826238441076,0.35331130510200803,-0.1961882698472075,1.6350604077155597,2.6645895927228533,6,0.2803030303030303
TW,K,anchored,1,2,144,36,2007-01,2018-12,2019-01,2021-12,144,36,26424,fixed,6,0.03,equal,A_hrp,793,0,344,793,0.20102841750155798,-0.42787959468017744,0.9605443526562668,0.32682320570386536,-0.18547319069801127,1.616162860520769,,6,0.1677175283732661
TW,K,anchored,1,2,144,36,2007-01,2018-12,2019-01,2021-12,144,36,26424,fixed,6,0.03,equal,D_top_cagr,793,0,0,793,0.24363181095126585,-0.46702941573602885,1.020527672229493,0.3532886321953721,-0.19669012115995876,1.6447035310279157,,6,0.22950819672131148
TW,K,anchored,1,2,144,36,2007-01,2018-12,2019-01,2021-12,144,36,26424,fixed,6,0.03,equal,E_top_calmar,793,0,0,793,0.2259885589714976,-0.3770850583956755,1.0471095281104497,0.34957844833195884,-0.19382441804411432,1.6476444828208356,,6,0.30138713745271123
TW,K,anchored,1,2,144,36,2007-01,2018-12,2019-01,2021-12,144,36,26424,fixed,6,0.03,proportional,A_hrp,793,0,82,793,0.16816002375200156,-0.4695955444014701,0.8555432070317522,0.321704937577997,-0.19385456670872203,1.5772330334020057,,6,0.510718789407314
TW,K,anchored,1,2,144,36,2007-01,2018-12,2019-01,2021-12,144,36,26424,fixed,6,0.03,proportional,D_top_cagr,793,0,0,793,0.24363181095126585,-0.46702941573602885,1.020527672229493,0.3532886321953721,-0.19669012115995876,1.6447035310279157,,6,0.22950819672131148
TW,K,anchored,1,2,144,36,2007-01,2018-12,2019-01,2021-12,144,36,26424,fixed,6,0.03,proportional,E_top_calmar,793,0,0,793,0.2259885589714976,-0.3770850583956755,1.0471095281104497,0.34957844833195884,-0.19382441804411432,1.6476444828208356,,6,0.30138713745271123
TW,K,anchored,1,2,144,36,2007-01,2018-12,2019-01,2021-12,144,36,26424,fixed,6,0.05,equal,A_hrp,1321,0,784,1321,0.1970734578453892,-0.4391429660298005,0.9450334092826932,0.3268057289503825,-0.18808757947632415,1.6073828285382998,,6,0.16729750189250567
TW,K,anchored,1,2,144,36,2007-01,2018-12,2019-01,2021-12,144,36,26424,fixed,6,0.05,equal,D_top_cagr,1321,0,0,1321,0.2233701413157494,-0.4784231469459538,0.9905592268426565,0.35318196060753615,-0.19675401886987154,1.6481807751082804,,6,0.31188493565480696
TW,K,anchored,1,2,144,36,2007-01,2018-12,2019-01,2021-12,144,36,26424,fixed,6,0.05,equal,E_top_calmar,1321,0,0,1321,0.21132845516544974,-0.410101843553782,1.0062164671615714,0.3485569250725291,-0.19622285381777482,1.6395321478080864,,6,0.35730507191521577
TW,K,anchored,1,2,144,36,2007-01,2018-12,2019-01,2021-12,144,36,26424,fixed,6,0.05,proportional,A_hrp,1321,0,330,1321,0.16024462043843757,-0.4844505418483386,0.8098649786438582,0.32176293899108654,-0.1985911201272188,1.5610083409839766,,6,0.5109765329295988
TW,K,anchored,1,2,144,36,2007-01,2018-12,2019-01,2021-12,144,36,26424,fixed,6,0.05,proportional,D_top_cagr,1321,0,0,1321,0.2233701413157494,-0.4784231469459538,0.9905592268426565,0.35318196060753615,-0.19675401886987154,1.6481807751082804,,6,0.31188493565480696
TW,K,anchored,1,2,144,36,2007-01,2018-12,2019-01,2021-12,144,36,26424,fixed,6,0.05,proportional,E_top_calmar,1321,0,0,1321,0.21132845516544974,-0.410101843553782,1.0062164671615714,0.3485569250725291,-0.19622285381777482,1.6395321478080864,,6,0.35730507191521577
TW,K,anchored,1,2,144,36,2007-01,2018-12,2019-01,2021-12,144,36,26424,fixed,6,0.1,equal,A_hrp,2642,0,1885,2642,0.179174923533572,-0.47155683686964267,0.8755871707580093,0.3215416849513737,-0.18600101325902807,1.599107030119033,,6,0.16691900075700228
TW,K,anchored,1,2,144,36,2007-01,2018-12,2019-01,2021-12,144,36,26424,fixed,6,0.1,equal,D_top_cagr,2642,0,0,2642,0.1991400394224523,-0.49204599526141624,0.927382202799946,0.3485699546752452,-0.1956861373081369,1.6417055125464544,,6,0.3853141559424678
TW,K,anchored,1,2,144,36,2007-01,2018-12,2019-01,2021-12,144,36,26424,fixed,6,0.1,equal,E_top_calmar,2642,0,0,2642,0.19172126862752092,-0.445239560225691,0.9346777323961029,0.3421471498837494,-0.19471525998565298,1.6310233786720105,,6,0.40196820590461774
TW,K,anchored,1,2,144,36,2007-01,2018-12,2019-01,2021-12,144,36,26424,fixed,6,0.1,proportional,A_hrp,2642,0,1646,2642,0.17199586097947894,-0.46831519139978284,0.8586375481279601,0.33424668211321307,-0.19739462065731983,1.599839725205394,,6,0.5109765329295988
TW,K,anchored,1,2,144,36,2007-01,2018-12,2019-01,2021-12,144,36,26424,fixed,6,0.1,proportional,D_top_cagr,2642,0,0,2642,0.1991400394224523,-0.49204599526141624,0.927382202799946,0.3485699546752452,-0.1956861373081369,1.6417055125464544,,6,0.3853141559424678
TW,K,anchored,1,2,144,36,2007-01,2018-12,2019-01,2021-12,144,36,26424,fixed,6,0.1,proportional,E_top_calmar,2642,0,0,2642,0.19172126862752092,-0.445239560225691,0.9346777323961029,0.3421471498837494,-0.19471525998565298,1.6310233786720105,,6,0.40196820590461774
TW,K,anchored,1,2,144,36,2007-01,2018-12,2019-01,2021-12,144,36,26424,silhouette_is,10,all,unallocated,B_all,26424,0,0,26424,0.11170047146584317,-0.5484999555627641,0.6053400740738659,0.30426106781862106,-0.1939917099299059,1.5315046129274823,,10,0.35955949137148047
TW,K,anchored,1,2,144,36,2007-01,2018-12,2019-01,2021-12,144,36,26424,silhouette_is,10,legacy,equal,A_hrp,50,0,1,50,0.2488382729967542,-0.282089384937001,1.170312339538822,0.32988904239182015,-0.18037860884713675,1.6440521149270868,3.1284328672322426,10,0.1
TW,K,anchored,1,2,144,36,2007-01,2018-12,2019-01,2021-12,144,36,26424,silhouette_is,10,legacy,equal,D_top_cagr,50,0,0,50,0.3711475069071155,-0.4124065667865656,0.6654624665604443,0.3738009482563782,-0.21555282265517905,1.5857915252477808,2.5472015093651663,7,0.6
TW,K,anchored,1,2,144,36,2007-01,2018-12,2019-01,2021-12,144,36,26424,silhouette_is,10,legacy,equal,E_top_calmar,50,0,0,50,0.3222178553932433,-0.26754476179700093,0.8692683457781115,0.3681705265372821,-0.1945278215097781,1.6129022920983325,2.4971976441282564,7,0.34
TW,K,anchored,1,2,144,36,2007-01,2018-12,2019-01,2021-12,144,36,26424,silhouette_is,10,legacy,proportional,A_hrp,50,0,0,50,0.24041102244241497,-0.2906792186753012,1.173118246683301,0.3225350626381307,-0.18429225198196242,1.5899485636252204,2.7902936315801923,10,0.36
TW,K,anchored,1,2,144,36,2007-01,2018-12,2019-01,2021-12,144,36,26424,silhouette_is,10,legacy,proportional,D_top_cagr,50,0,0,50,0.3711475069071155,-0.4124065667865656,0.6654624665604443,0.3738009482563782,-0.21555282265517905,1.5857915252477808,2.5472015093651663,7,0.6
TW,K,anchored,1,2,144,36,2007-01,2018-12,2019-01,2021-12,144,36,26424,silhouette_is,10,legacy,proportional,E_top_calmar,50,0,0,50,0.3222178553932433,-0.26754476179700093,0.8692683457781115,0.3681705265372821,-0.1945278215097781,1.6129022920983325,2.4971976441282564,7,0.34
TW,K,anchored,1,2,144,36,2007-01,2018-12,2019-01,2021-12,144,36,26424,silhouette_is,10,0.01,equal,A_hrp,264,0,37,264,0.22404010812373953,-0.39585644930802355,1.0204858688256035,0.3235905077533041,-0.18281372372228,1.619503237318999,3.4815098451699305,10,0.10227272727272728
TW,K,anchored,1,2,144,36,2007-01,2018-12,2019-01,2021-12,144,36,26424,silhouette_is,10,0.01,equal,D_top_cagr,264,0,0,264,0.29406010802200044,-0.4235845208435357,0.9885162399462915,0.352779672408974,-0.1929478707003962,1.6405182953975377,2.825556626756227,10,0.29924242424242425
TW,K,anchored,1,2,144,36,2007-01,2018-12,2019-01,2021-12,144,36,26424,silhouette_is,10,0.01,equal,E_top_calmar,264,0,0,264,0.2653061924122724,-0.3087243070327903,1.0507826238441076,0.35331130510200803,-0.1961882698472075,1.6350604077155597,2.6645895927228533,10,0.23106060606060605
TW,K,anchored,1,2,144,36,2007-01,2018-12,2019-01,2021-12,144,36,26424,silhouette_is,10,0.01,proportional,A_hrp,264,0,4,264,0.20200314548938691,-0.40284448786583504,1.0056575963242322,0.33175599917940635,-0.18272002848420443,1.6362703861883057,3.2733840623195753,10,0.35984848484848486
TW,K,anchored,1,2,144,36,2007-01,2018-12,2019-01,2021-12,144,36,26424,silhouette_is,10,0.01,proportional,D_top_cagr,264,0,0,264,0.29406010802200044,-0.4235845208435357,0.9885162399462915,0.352779672408974,-0.1929478707003962,1.6405182953975377,2.825556626756227,10,0.29924242424242425
TW,K,anchored,1,2,144,36,2007-01,2018-12,2019-01,2021-12,144,36,26424,silhouette_is,10,0.01,proportional,E_top_calmar,264,0,0,264,0.2653061924122724,-0.3087243070327903,1.0507826238441076,0.35331130510200803,-0.1961882698472075,1.6350604077155597,2.6645895927228533,10,0.23106060606060605
TW,K,anchored,1,2,144,36,2007-01,2018-12,2019-01,2021-12,144,36,26424,silhouette_is,10,0.03,equal,A_hrp,793,0,274,793,0.19983756077844506,-0.43314842287137956,0.9471071240263816,0.32801622054607305,-0.18565314626412655,1.622171409059374,,10,0.1008827238335435
TW,K,anchored,1,2,144,36,2007-01,2018-12,2019-01,2021-12,144,36,26424,silhouette_is,10,0.03,equal,D_top_cagr,793,0,0,793,0.24363181095126585,-0.46702941573602885,1.020527672229493,0.3532886321953721,-0.19669012115995876,1.6447035310279157,,10,0.19293820933165196
TW,K,anchored,1,2,144,36,2007-01,2018-12,2019-01,2021-12,144,36,26424,silhouette_is,10,0.03,equal,E_top_calmar,793,0,0,793,0.2259885589714976,-0.3770850583956755,1.0471095281104497,0.34957844833195884,-0.19382441804411432,1.6476444828208356,,10,0.17654476670870115
TW,K,anchored,1,2,144,36,2007-01,2018-12,2019-01,2021-12,144,36,26424,silhouette_is,10,0.03,proportional,A_hrp,793,0,46,793,0.16489548705141854,-0.4783428126430962,0.8433711467311453,0.3146210252411885,-0.19178322113160773,1.5635221054840505,,10,0.3593947036569987
TW,K,anchored,1,2,144,36,2007-01,2018-12,2019-01,2021-12,144,36,26424,silhouette_is,10,0.03,proportional,D_top_cagr,793,0,0,793,0.24363181095126585,-0.46702941573602885,1.020527672229493,0.3532886321953721,-0.19669012115995876,1.6447035310279157,,10,0.19293820933165196
TW,K,anchored,1,2,144,36,2007-01,2018-12,2019-01,2021-12,144,36,26424,silhouette_is,10,0.03,proportional,E_top_calmar,793,0,0,793,0.2259885589714976,-0.3770850583956755,1.0471095281104497,0.34957844833195884,-0.19382441804411432,1.6476444828208356,,10,0.17654476670870115
TW,K,anchored,1,2,144,36,2007-01,2018-12,2019-01,2021-12,144,36,26424,silhouette_is,10,0.05,equal,A_hrp,1321,0,650,1321,0.1921354181106012,-0.4430918029627795,0.9175218387243763,0.33068382717919875,-0.18815095331694276,1.6219128192184316,,10,0.10068130204390613
TW,K,anchored,1,2,144,36,2007-01,2018-12,2019-01,2021-12,144,36,26424,silhouette_is,10,0.05,equal,D_top_cagr,1321,0,0,1321,0.2233701413157494,-0.4784231469459538,0.9905592268426565,0.35318196060753615,-0.19675401886987154,1.6481807751082804,,10,0.21044663133989402
TW,K,anchored,1,2,144,36,2007-01,2018-12,2019-01,2021-12,144,36,26424,silhouette_is,10,0.05,equal,E_top_calmar,1321,0,0,1321,0.21132845516544974,-0.410101843553782,1.0062164671615714,0.3485569250725291,-0.19622285381777482,1.6395321478080864,,10,0.23088569265707798
TW,K,anchored,1,2,144,36,2007-01,2018-12,2019-01,2021-12,144,36,26424,silhouette_is,10,0.05,proportional,A_hrp,1321,0,275,1321,0.15742046075224048,-0.48914687272003887,0.802891475673947,0.31492311599131995,-0.19542689606109442,1.5530402841685012,,10,0.35957607872823616
TW,K,anchored,1,2,144,36,2007-01,2018-12,2019-01,2021-12,144,36,26424,silhouette_is,10,0.05,proportional,D_top_cagr,1321,0,0,1321,0.2233701413157494,-0.4784231469459538,0.9905592268426565,0.35318196060753615,-0.19675401886987154,1.6481807751082804,,10,0.21044663133989402
TW,K,anchored,1,2,144,36,2007-01,2018-12,2019-01,2021-12,144,36,26424,silhouette_is,10,0.05,proportional,E_top_calmar,1321,0,0,1321,0.21132845516544974,-0.410101843553782,1.0062164671615714,0.3485569250725291,-0.19622285381777482,1.6395321478080864,,10,0.23088569265707798
TW,K,anchored,1,2,144,36,2007-01,2018-12,2019-01,2021-12,144,36,26424,silhouette_is,10,0.1,equal,A_hrp,2642,1,1688,2642,0.17668597139869657,-0.47044567218970446,0.8617835017679923,0.3240527766456889,-0.1909882472891613,1.5937267011834364,,10,0.10370931112793338
TW,K,anchored,1,2,144,36,2007-01,2018-12,2019-01,2021-12,144,36,26424,silhouette_is,10,0.1,equal,D_top_cagr,2642,1,0,2642,0.1991400394224523,-0.49204599526141624,0.927382202799946,0.3485699546752452,-0.1956861373081369,1.6417055125464544,,10,0.2274791824375473
TW,K,anchored,1,2,144,36,2007-01,2018-12,2019-01,2021-12,144,36,26424,silhouette_is,10,0.1,equal,E_top_calmar,2642,1,0,2642,0.19172126862752092,-0.445239560225691,0.9346777323961029,0.3421471498837494,-0.19471525998565298,1.6310233786720105,,10,0.2380772142316427
TW,K,anchored,1,2,144,36,2007-01,2018-12,2019-01,2021-12,144,36,26424,silhouette_is,10,0.1,proportional,A_hrp,2642,0,1492,2642,0.1656916150049077,-0.47995896127087134,0.8369150180558825,0.3194461280148564,-0.19468715400683345,1.5701196605885364,,10,0.35957607872823616
TW,K,anchored,1,2,144,36,2007-01,2018-12,2019-01,2021-12,144,36,26424,silhouette_is,10,0.1,proportional,D_top_cagr,2642,0,0,2642,0.1991400394224523,-0.49204599526141624,0.927382202799946,0.3485699546752452,-0.1956861373081369,1.6417055125464544,,10,0.2274791824375473
TW,K,anchored,1,2,144,36,2007-01,2018-12,2019-01,2021-12,144,36,26424,silhouette_is,10,0.1,proportional,E_top_calmar,2642,0,0,2642,0.19172126862752092,-0.445239560225691,0.9346777323961029,0.3421471498837494,-0.19471525998565298,1.6310233786720105,,10,0.2380772142316427
TW,K,anchored,2,2,144,36,2007-01,2021-12,2022-01,2025-12,180,48,26424,fixed,6,all,unallocated,B_all,26424,0,0,26424,0.14779185358615599,-0.5484999555627641,0.767828357575829,0.07583438556110189,-0.13830658386936678,0.5741454930725166,,6,0.39097033000302756
TW,K,anchored,2,2,144,36,2007-01,2021-12,2022-01,2025-12,180,48,26424,fixed,6,legacy,equal,A_hrp,30,0,2,30,0.30283463577657566,-0.246048270538909,1.2740564994676982,0.09853719498084357,-0.1522707415432074,0.697257803783744,3.414853294983896,6,0.16666666666666666
TW,K,anchored,2,2,144,36,2007-01,2021-12,2022-01,2025-12,180,48,26424,fixed,6,legacy,equal,D_top_cagr,30,0,0,30,0.39950931252155364,-0.36305536653810055,0.6411019898113312,0.11669778501478634,-0.15701681526478062,0.8276349381528537,2.391653479273053,4,0.6333333333333333
TW,K,anchored,2,2,144,36,2007-01,2021-12,2022-01,2025-12,180,48,26424,fixed,6,legacy,equal,E_top_calmar,30,0,0,30,0.34580388387969796,-0.24509981578756235,0.9850983178433643,0.1157706860327048,-0.14621045261119658,0.8299210249446548,2.550718951491393,4,0.43333333333333335
TW,K,anchored,2,2,144,36,2007-01,2021-12,2022-01,2025-12,180,48,26424,fixed,6,legacy,proportional,A_hrp,30,0,0,30,0.2764438558245541,-0.25902534547761924,1.3011790582844718,0.09606780405691873,-0.1334915551153003,0.6881444024916483,3.3364559438404164,6,0.4
TW,K,anchored,2,2,144,36,2007-01,2021-12,2022-01,2025-12,180,48,26424,fixed,6,legacy,proportional,D_top_cagr,30,0,0,30,0.39950931252155364,-0.36305536653810055,0.6411019898113312,0.11669778501478634,-0.15701681526478062,0.8276349381528537,2.391653479273053,4,0.6333333333333333
TW,K,anchored,2,2,144,36,2007-01,2021-12,2022-01,2025-12,180,48,26424,fixed,6,legacy,proportional,E_top_calmar,30,0,0,30,0.34580388387969796,-0.24509981578756235,0.9850983178433643,0.1157706860327048,-0.14621045261119658,0.8299210249446548,2.550718951491393,4,0.43333333333333335
TW,K,anchored,2,2,144,36,2007-01,2021-12,2022-01,2025-12,180,48,26424,fixed,6,0.01,equal,A_hrp,264,0,61,264,0.2583317188250953,-0.3841664885166185,1.1273379849168779,0.09264064667813732,-0.1382647631445757,0.6758493827394784,4.262959261609016,6,0.16666666666666666
TW,K,anchored,2,2,144,36,2007-01,2021-12,2022-01,2025-12,180,48,26424,fixed,6,0.01,equal,D_top_cagr,264,0,0,264,0.3137456054464396,-0.43263415527813187,1.09949464415236,0.11647942779694143,-0.14447270369724696,0.8230506869577283,3.219855997922596,6,0.38257575757575757
TW,K,anchored,2,2,144,36,2007-01,2021-12,2022-01,2025-12,180,48,26424,fixed,6,0.01,equal,E_top_calmar,264,0,0,264,0.2817257485886471,-0.2947753180596898,1.1906306948660985,0.11074455659571791,-0.13204044884343258,0.8117892235048434,3.160397997681794,6,0.32575757575757575
TW,K,anchored,2,2,144,36,2007-01,2021-12,2022-01,2025-12,180,48,26424,fixed,6,0.01,proportional,A_hrp,264,0,5,264,0.2304437068432552,-0.3870417085720709,1.1382689202707308,0.09033688512008542,-0.13432003377683854,0.6668074797711573,4.517098750348905,6,0.39015151515151514
TW,K,anchored,2,2,144,36,2007-01,2021-12,2022-01,2025-12,180,48,26424,fixed,6,0.01,proportional,D_top_cagr,264,0,0,264,0.3137456054464396,-0.43263415527813187,1.09949464415236,0.11647942779694143,-0.14447270369724696,0.8230506869577283,3.219855997922596,6,0.38257575757575757
TW,K,anchored,2,2,144,36,2007-01,2021-12,2022-01,2025-12,180,48,26424,fixed,6,0.01,proportional,E_top_calmar,264,0,0,264,0.2817257485886471,-0.2947753180596898,1.1906306948660985,0.11074455659571791,-0.13204044884343258,0.8117892235048434,3.160397997681794,6,0.32575757575757575
TW,K,anchored,2,2,144,36,2007-01,2021-12,2022-01,2025-12,180,48,26424,fixed,6,0.03,equal,A_hrp,793,0,259,793,0.2216246834297586,-0.4543853611449252,1.0486701879284204,0.08669229700401737,-0.1375822727378898,0.6423842041444038,,6,0.1677175283732661
TW,K,anchored,2,2,144,36,2007-01,2021-12,2022-01,2025-12,180,48,26424,fixed,6,0.03,equal,D_top_cagr,793,0,0,793,0.27168690942347573,-0.47464890838983986,1.1406985103962008,0.10887530354805941,-0.14321964701909984,0.7635479712519105,,6,0.39974779319041615
TW,K,anchored,2,2,144,36,2007-01,2021-12,2022-01,2025-12,180,48,26424,fixed,6,0.03,equal,E_top_calmar,793,0,0,793,0.2512389634120855,-0.3724293386033053,1.1681330078125216,0.10278174885926927,-0.13461241994474282,0.7433445334778908,,6,0.3417402269861286
TW,K,anchored,2,2,144,36,2007-01,2021-12,2022-01,2025-12,180,48,26424,fixed,6,0.03,proportional,A_hrp,793,0,80,793,0.1995577635707766,-0.4442659501895103,1.0145854261059088,0.08346134540320982,-0.13613334523393394,0.6323596415502064,,6,0.39092055485498106
TW,K,anchored,2,2,144,36,2007-01,2021-12,2022-01,2025-12,180,48,26424,fixed,6,0.03,proportional,D_top_cagr,793,0,0,793,0.27168690942347573,-0.47464890838983986,1.1406985103962008,0.10887530354805941,-0.14321964701909984,0.7635479712519105,,6,0.39974779319041615
TW,K,anchored,2,2,144,36,2007-01,2021-12,2022-01,2025-12,180,48,26424,fixed,6,0.03,proportional,E_top_calmar,793,0,0,793,0.2512389634120855,-0.3724293386033053,1.1681330078125216,0.10278174885926927,-0.13461241994474282,0.7433445334778908,,6,0.3417402269861286
TW,K,anchored,2,2,144,36,2007-01,2021-12,2022-01,2025-12,180,48,26424,fixed,6,0.05,equal,A_hrp,1321,0,611,1321,0.21387573976091923,-0.455195355341403,1.0280445709751183,0.08680809111573806,-0.13745161152529295,0.6397410974394836,,6,0.16729750189250567
TW,K,anchored,2,2,144,36,2007-01,2021-12,2022-01,2025-12,180,48,26424,fixed,6,0.05,equal,D_top_cagr,1321,0,0,1321,0.25428503668048075,-0.48308403077237994,1.113495694682807,0.1064532671087175,-0.14182653396653422,0.746366326488482,,6,0.4125662376987131
TW,K,anchored,2,2,144,36,2007-01,2021-12,2022-01,2025-12,180,48,26424,fixed,6,0.05,equal,E_top_calmar,1321,0,0,1321,0.23797137905356114,-0.40482503135876324,1.1280812892975889,0.10143898534113172,-0.1358994306840381,0.7320537922688812,,6,0.3996971990915973
TW,K,anchored,2,2,144,36,2007-01,2021-12,2022-01,2025-12,180,48,26424,fixed,6,0.05,proportional,A_hrp,1321,0,280,1321,0.18763947561553485,-0.46640535937175653,0.955609489385521,0.0820050664103551,-0.13755681440815282,0.6219441336450063,,6,0.3906131718395155
TW,K,anchored,2,2,144,36,2007-01,2021-12,2022-01,2025-12,180,48,26424,fixed,6,0.05,proportional,D_top_cagr,1321,0,0,1321,0.25428503668048075,-0.48308403077237994,1.113495694682807,0.1064532671087175,-0.14182653396653422,0.746366326488482,,6,0.4125662376987131
TW,K,anchored,2,2,144,36,2007-01,2021-12,2022-01,2025-12,180,48,26424,fixed,6,0.05,proportional,E_top_calmar,1321,0,0,1321,0.23797137905356114,-0.40482503135876324,1.1280812892975889,0.10143898534113172,-0.1358994306840381,0.7320537922688812,,6,0.3996971990915973
TW,K,anchored,2,2,144,36,2007-01,2021-12,2022-01,2025-12,180,48,26424,fixed,6,0.1,equal,A_hrp,2642,0,1659,2642,0.202345108976006,-0.4784827957526283,0.9899855277483902,0.08652974136835523,-0.13801429413356592,0.6352502330127494,,6,0.16691900075700228
TW,K,anchored,2,2,144,36,2007-01,2021-12,2022-01,2025-12,180,48,26424,fixed,6,0.1,equal,D_top_cagr,2642,0,0,2642,0.23159542053410886,-0.49811103626034603,1.0566254729191287,0.10202090954910581,-0.14048494599791406,0.7178854431431216,,6,0.3663890991672975
TW,K,anchored,2,2,144,36,2007-01,2021-12,2022-01,2025-12,180,48,26424,fixed,6,0.1,equal,E_top_calmar,2642,0,0,2642,0.22140696821311812,-0.4413402802970743,1.062656984245495,0.09666699100514586,-0.1366325016501333,0.6955872934813773,,6,0.3822861468584406
TW,K,anchored,2,2,144,36,2007-01,2021-12,2022-01,2025-12,180,48,26424,fixed,6,0.1,proportional,A_hrp,2642,0,1501,2642,0.19732637001804676,-0.46349477528456007,0.9856583376484662,0.08779749013134541,-0.13611418651991547,0.6432111790799566,,6,0.3909916729750189
TW,K,anchored,2,2,144,36,2007-01,2021-12,2022-01,2025-12,180,48,26424,fixed,6,0.1,proportional,D_top_cagr,2642,0,0,2642,0.23159542053410886,-0.49811103626034603,1.0566254729191287,0.10202090954910581,-0.14048494599791406,0.7178854431431216,,6,0.3663890991672975
TW,K,anchored,2,2,144,36,2007-01,2021-12,2022-01,2025-12,180,48,26424,fixed,6,0.1,proportional,E_top_calmar,2642,0,0,2642,0.22140696821311812,-0.4413402802970743,1.062656984245495,0.09666699100514586,-0.1366325016501333,0.6955872934813773,,6,0.3822861468584406
TW,K,anchored,2,2,144,36,2007-01,2021-12,2022-01,2025-12,180,48,26424,silhouette_is,7,all,unallocated,B_all,26424,0,0,26424,0.14779185358615599,-0.5484999555627641,0.767828357575829,0.07583438556110189,-0.13830658386936678,0.5741454930725166,,7,0.39097033000302756
TW,K,anchored,2,2,144,36,2007-01,2021-12,2022-01,2025-12,180,48,26424,silhouette_is,7,legacy,equal,A_hrp,35,0,2,35,0.29246843084973406,-0.261257687287091,1.2636273785832417,0.10092394395312798,-0.15245080758262397,0.7131121440919956,3.5601769249701825,7,0.14285714285714285
TW,K,anchored,2,2,144,36,2007-01,2021-12,2022-01,2025-12,180,48,26424,silhouette_is,7,legacy,equal,D_top_cagr,35,0,0,35,0.39651657131587426,-0.36738134701797087,0.6981496912148955,0.11605657081736909,-0.15351357547458933,0.8287585207001343,2.4131403898266144,4,0.5714285714285714
TW,K,anchored,2,2,144,36,2007-01,2021-12,2022-01,2025-12,180,48,26424,silhouette_is,7,legacy,equal,E_top_calmar,35,0,0,35,0.34047014358744554,-0.24338206227069692,1.0494827553083035,0.11599756644053971,-0.13965447108131357,0.8340634134699981,2.602116219170447,4,0.45714285714285713
TW,K,anchored,2,2,144,36,2007-01,2021-12,2022-01,2025-12,180,48,26424,silhouette_is,7,legacy,proportional,A_hrp,35,0,0,35,0.27183460591974073,-0.25946279309469356,1.3048468574135457,0.10275335384909567,-0.13284483303001204,0.7338084025571929,3.644965537970102,7,0.4
TW,K,anchored,2,2,144,36,2007-01,2021-12,2022-01,2025-12,180,48,26424,silhouette_is,7,legacy,proportional,D_top_cagr,35,0,0,35,0.39651657131587426,-0.36738134701797087,0.6981496912148955,0.11605657081736909,-0.15351357547458933,0.8287585207001343,2.4131403898266144,4,0.5714285714285714
TW,K,anchored,2,2,144,36,2007-01,2021-12,2022-01,2025-12,180,48,26424,silhouette_is,7,legacy,proportional,E_top_calmar,35,0,0,35,0.34047014358744554,-0.24338206227069692,1.0494827553083035,0.11599756644053971,-0.13965447108131357,0.8340634134699981,2.602116219170447,4,0.45714285714285713
TW,K,anchored,2,2,144,36,2007-01,2021-12,2022-01,2025-12,180,48,26424,silhouette_is,7,0.01,equal,A_hrp,264,0,63,264,0.25921443033850666,-0.39733174863681997,1.1255088288317225,0.0906200789763636,-0.1378617296780399,0.6538822890652248,4.372669253147201,7,0.14393939393939395
TW,K,anchored,2,2,144,36,2007-01,2021-12,2022-01,2025-12,180,48,26424,silhouette_is,7,0.01,equal,D_top_cagr,264,0,0,264,0.3137456054464396,-0.43263415527813187,1.09949464415236,0.11647942779694143,-0.14447270369724696,0.8230506869577283,3.219855997922596,7,0.38257575757575757
TW,K,anchored,2,2,144,36,2007-01,2021-12,2022-01,2025-12,180,48,26424,silhouette_is,7,0.01,equal,E_top_calmar,264,0,0,264,0.2817257485886471,-0.2947753180596898,1.1906306948660985,0.11074455659571791,-0.13204044884343258,0.8117892235048434,3.160397997681794,7,0.32575757575757575
TW,K,anchored,2,2,144,36,2007-01,2021-12,2022-01,2025-12,180,48,26424,silhouette_is,7,0.01,proportional,A_hrp,264,0,5,264,0.23148772304868936,-0.3886007138999503,1.138025465639804,0.09086311554307502,-0.13525699082868803,0.6669618357316958,4.525769617572051,7,0.39015151515151514
TW,K,anchored,2,2,144,36,2007-01,2021-12,2022-01,2025-12,180,48,26424,silhouette_is,7,0.01,proportional,D_top_cagr,264,0,0,264,0.3137456054464396,-0.43263415527813187,1.09949464415236,0.11647942779694143,-0.14447270369724696,0.8230506869577283,3.219855997922596,7,0.38257575757575757
TW,K,anchored,2,2,144,36,2007-01,2021-12,2022-01,2025-12,180,48,26424,silhouette_is,7,0.01,proportional,E_top_calmar,264,0,0,264,0.2817257485886471,-0.2947753180596898,1.1906306948660985,0.11074455659571791,-0.13204044884343258,0.8117892235048434,3.160397997681794,7,0.32575757575757575
TW,K,anchored,2,2,144,36,2007-01,2021-12,2022-01,2025-12,180,48,26424,silhouette_is,7,0.03,equal,A_hrp,793,0,290,793,0.23004998106892272,-0.4510517072287549,1.0549727231230652,0.08500616238628655,-0.13947980616924716,0.620635557850569,,7,0.1437578814627995
TW,K,anchored,2,2,144,36,2007-01,2021-12,2022-01,2025-12,180,48,26424,silhouette_is,7,0.03,equal,D_top_cagr,793,0,0,793,0.27168690942347573,-0.47464890838983986,1.1406985103962008,0.10887530354805941,-0.14321964701909984,0.7635479712519105,,7,0.39974779319041615
TW,K,anchored,2,2,144,36,2007-01,2021-12,2022-01,2025-12,180,48,26424,silhouette_is,7,0.03,equal,E_top_calmar,793,0,0,793,0.2512389634120855,-0.3724293386033053,1.1681330078125216,0.10278174885926927,-0.13461241994474282,0.7433445334778908,,7,0.3417402269861286
TW,K,anchored,2,2,144,36,2007-01,2021-12,2022-01,2025-12,180,48,26424,silhouette_is,7,0.03,proportional,A_hrp,793,0,80,793,0.20207678331955337,-0.44134324107801826,1.0228989629275271,0.08426885105122484,-0.13567336589942047,0.6354443050119083,,7,0.39092055485498106
TW,K,anchored,2,2,144,36,2007-01,2021-12,2022-01,2025-12,180,48,26424,silhouette_is,7,0.03,proportional,D_top_cagr,793,0,0,793,0.27168690942347573,-0.47464890838983986,1.1406985103962008,0.10887530354805941,-0.14321964701909984,0.7635479712519105,,7,0.39974779319041615
TW,K,anchored,2,2,144,36,2007-01,2021-12,2022-01,2025-12,180,48,26424,silhouette_is,7,0.03,proportional,E_top_calmar,793,0,0,793,0.2512389634120855,-0.3724293386033053,1.1681330078125216,0.10278174885926927,-0.13461241994474282,0.7433445334778908,,7,0.3417402269861286
TW,K,anchored,2,2,144,36,2007-01,2021-12,2022-01,2025-12,180,48,26424,silhouette_is,7,0.05,equal,A_hrp,1321,0,588,1321,0.21474983772591805,-0.4636342929019256,1.0135727529614529,0.08396663032425722,-0.1381825644586716,0.6171220508085936,,7,0.14307342922028765
TW,K,anchored,2,2,144,36,2007-01,2021-12,2022-01,2025-12,180,48,26424,silhouette_is,7,0.05,equal,D_top_cagr,1321,0,0,1321,0.25428503668048075,-0.48308403077237994,1.113495694682807,0.1064532671087175,-0.14182653396653422,0.746366326488482,,7,0.4125662376987131
TW,K,anchored,2,2,144,36,2007-01,2021-12,2022-01,2025-12,180,48,26424,silhouette_is,7,0.05,equal,E_top_calmar,1321,0,0,1321,0.23797137905356114,-0.40482503135876324,1.1280812892975889,0.10143898534113172,-0.1358994306840381,0.7320537922688812,,7,0.3996971990915973
TW,K,anchored,2,2,144,36,2007-01,2021-12,2022-01,2025-12,180,48,26424,silhouette_is,7,0.05,proportional,A_hrp,1321,0,238,1321,0.18612292601387637,-0.4674147003352843,0.952155228140566,0.0815519086230827,-0.13832206821340232,0.6190585689885639,,7,0.3906131718395155
TW,K,anchored,2,2,144,36,2007-01,2021-12,2022-01,2025-12,180,48,26424,silhouette_is,7,0.05,proportional,D_top_cagr,1321,0,0,1321,0.25428503668048075,-0.48308403077237994,1.113495694682807,0.1064532671087175,-0.14182653396653422,0.746366326488482,,7,0.4125662376987131
TW,K,anchored,2,2,144,36,2007-01,2021-12,2022-01,2025-12,180,48,26424,silhouette_is,7,0.05,proportional,E_top_calmar,1321,0,0,1321,0.23797137905356114,-0.40482503135876324,1.1280812892975889,0.10143898534113172,-0.1358994306840381,0.7320537922688812,,7,0.3996971990915973
TW,K,anchored,2,2,144,36,2007-01,2021-12,2022-01,2025-12,180,48,26424,silhouette_is,7,0.1,equal,A_hrp,2642,0,1636,2642,0.20248048501569782,-0.4842556438729535,0.9778083779481039,0.08529596926785588,-0.13908119401159524,0.6240620134849711,,7,0.14307342922028765
TW,K,anchored,2,2,144,36,2007-01,2021-12,2022-01,2025-12,180,48,26424,silhouette_is,7,0.1,equal,D_top_cagr,2642,0,0,2642,0.23159542053410886,-0.49811103626034603,1.0566254729191287,0.10202090954910581,-0.14048494599791406,0.7178854431431216,,7,0.3663890991672975
TW,K,anchored,2,2,144,36,2007-01,2021-12,2022-01,2025-12,180,48,26424,silhouette_is,7,0.1,equal,E_top_calmar,2642,0,0,2642,0.22140696821311812,-0.4413402802970743,1.062656984245495,0.09666699100514586,-0.1366325016501333,0.6955872934813773,,7,0.3822861468584406
TW,K,anchored,2,2,144,36,2007-01,2021-12,2022-01,2025-12,180,48,26424,silhouette_is,7,0.1,proportional,A_hrp,2642,0,1415,2642,0.19492495685230682,-0.46560943946375744,0.9800752994944459,0.08782347154216774,-0.13584613420040792,0.6446347128641962,,7,0.3909916729750189
TW,K,anchored,2,2,144,36,2007-01,2021-12,2022-01,2025-12,180,48,26424,silhouette_is,7,0.1,proportional,D_top_cagr,2642,0,0,2642,0.23159542053410886,-0.49811103626034603,1.0566254729191287,0.10202090954910581,-0.14048494599791406,0.7178854431431216,,7,0.3663890991672975
TW,K,anchored,2,2,144,36,2007-01,2021-12,2022-01,2025-12,180,48,26424,silhouette_is,7,0.1,proportional,E_top_calmar,2642,0,0,2642,0.22140696821311812,-0.4413402802970743,1.062656984245495,0.09666699100514586,-0.1366325016501333,0.6955872934813773,,7,0.3822861468584406
TW,L,anchored,1,2,144,48,2007-01,2018-12,2019-01,2022-12,144,48,26424,fixed,6,all,unallocated,B_all,26424,0,0,26424,0.11170047146584317,-0.5484999555627641,0.6053400740738659,0.20166543475645193,-0.1939917099299059,1.0570536853243462,,6,0.510823493793521
TW,L,anchored,1,2,144,48,2007-01,2018-12,2019-01,2022-12,144,48,26424,fixed,6,legacy,equal,A_hrp,30,0,1,30,0.25693804085525107,-0.24633433005418504,1.1960468172818828,0.2437730196333585,-0.1826931659794766,1.223039029066935,2.741447121285835,6,0.16666666666666666
TW,L,anchored,1,2,144,48,2007-01,2018-12,2019-01,2022-12,144,48,26424,fixed,6,legacy,equal,D_top_cagr,30,0,0,30,0.3903828804324665,-0.389787822306389,0.5762521498231643,0.2797124672766278,-0.216611676460429,1.2375056884513917,2.402173927391014,5,0.6666666666666666
TW,L,anchored,1,2,144,48,2007-01,2018-12,2019-01,2022-12,144,48,26424,fixed,6,legacy,equal,E_top_calmar,30,0,0,30,0.35361805121136247,-0.28411303906858876,0.7684889181667488,0.26443171295683454,-0.19724389890685423,1.2074553372195638,2.3057161410572227,4,0.3333333333333333
TW,L,anchored,1,2,144,48,2007-01,2018-12,2019-01,2022-12,144,48,26424,fixed,6,legacy,proportional,A_hrp,30,0,0,30,0.2520741218791702,-0.2417797360538908,1.2296954804912175,0.24146218144638,-0.19349764037381112,1.1849927989164963,2.563093392135104,6,0.5
TW,L,anchored,1,2,144,48,2007-01,2018-12,2019-01,2022-12,144,48,26424,fixed,6,legacy,proportional,D_top_cagr,30,0,0,30,0.3903828804324665,-0.389787822306389,0.5762521498231643,0.2797124672766278,-0.216611676460429,1.2375056884513917,2.402173927391014,5,0.6666666666666666
TW,L,anchored,1,2,144,48,2007-01,2018-12,2019-01,2022-12,144,48,26424,fixed,6,legacy,proportional,E_top_calmar,30,0,0,30,0.35361805121136247,-0.28411303906858876,0.7684889181667488,0.26443171295683454,-0.19724389890685423,1.2074553372195638,2.3057161410572227,4,0.3333333333333333
TW,L,anchored,1,2,144,48,2007-01,2018-12,2019-01,2022-12,144,48,26424,fixed,6,0.01,equal,A_hrp,264,0,61,264,0.22627282574309637,-0.39720127005819705,0.9992515013633086,0.22364110311189966,-0.1842006781512635,1.1478551251338482,3.383385040444498,6,0.16666666666666666
TW,L,anchored,1,2,144,48,2007-01,2018-12,2019-01,2022-12,144,48,26424,fixed,6,0.01,equal,D_top_cagr,264,0,0,264,0.29406010802200044,-0.4235845208435357,0.9885162399462915,0.24239176797301698,-0.1929478707003962,1.173811887805874,2.722374340331809,6,0.29924242424242425
TW,L,anchored,1,2,144,48,2007-01,2018-12,2019-01,2022-12,144,48,26424,fixed,6,0.01,equal,E_top_calmar,264,0,0,264,0.2653061924122724,-0.3087243070327903,1.0507826238441076,0.24615829719582627,-0.1961882698472075,1.1966003554280973,2.6153467789944407,6,0.2803030303030303
TW,L,anchored,1,2,144,48,2007-01,2018-12,2019-01,2022-12,144,48,26424,fixed,6,0.01,proportional,A_hrp,264,0,4,264,0.20163088194763668,-0.3903653213756779,1.0153368744254285,0.2330161016403567,-0.18760213191396446,1.17291728278834,3.2839457981874953,6,0.5113636363636364
TW,L,anchored,1,2,144,48,2007-01,2018-12,2019-01,2022-12,144,48,26424,fixed,6,0.01,proportional,D_top_cagr,264,0,0,264,0.29406010802200044,-0.4235845208435357,0.9885162399462915,0.24239176797301698,-0.1929478707003962,1.173811887805874,2.722374340331809,6,0.29924242424242425
TW,L,anchored,1,2,144,48,2007-01,2018-12,2019-01,2022-12,144,48,26424,fixed,6,0.01,proportional,E_top_calmar,264,0,0,264,0.2653061924122724,-0.3087243070327903,1.0507826238441076,0.24615829719582627,-0.1961882698472075,1.1966003554280973,2.6153467789944407,6,0.2803030303030303
TW,L,anchored,1,2,144,48,2007-01,2018-12,2019-01,2022-12,144,48,26424,fixed,6,0.03,equal,A_hrp,793,0,344,793,0.20102841750155798,-0.42787959468017744,0.9605443526562668,0.22091094661347532,-0.18547319069801127,1.133498790151769,,6,0.1677175283732661
TW,L,anchored,1,2,144,48,2007-01,2018-12,2019-01,2022-12,144,48,26424,fixed,6,0.03,equal,D_top_cagr,793,0,0,793,0.24363181095126585,-0.46702941573602885,1.020527672229493,0.24166499449046652,-0.19669012115995876,1.1676286221211076,,6,0.22950819672131148
TW,L,anchored,1,2,144,48,2007-01,2018-12,2019-01,2022-12,144,48,26424,fixed,6,0.03,equal,E_top_calmar,793,0,0,793,0.2259885589714976,-0.3770850583956755,1.0471095281104497,0.24021982344235293,-0.19382441804411432,1.1804670239478887,,6,0.30138713745271123
TW,L,anchored,1,2,144,48,2007-01,2018-12,2019-01,2022-12,144,48,26424,fixed,6,0.03,proportional,A_hrp,793,0,82,793,0.16816002375200156,-0.4695955444014701,0.8555432070317522,0.21786503550816128,-0.19385456670872203,1.111609631304682,,6,0.510718789407314
TW,L,anchored,1,2,144,48,2007-01,2018-12,2019-01,2022-12,144,48,26424,fixed,6,0.03,proportional,D_top_cagr,793,0,0,793,0.24363181095126585,-0.46702941573602885,1.020527672229493,0.24166499449046652,-0.19669012115995876,1.1676286221211076,,6,0.22950819672131148
TW,L,anchored,1,2,144,48,2007-01,2018-12,2019-01,2022-12,144,48,26424,fixed,6,0.03,proportional,E_top_calmar,793,0,0,793,0.2259885589714976,-0.3770850583956755,1.0471095281104497,0.24021982344235293,-0.19382441804411432,1.1804670239478887,,6,0.30138713745271123
TW,L,anchored,1,2,144,48,2007-01,2018-12,2019-01,2022-12,144,48,26424,fixed,6,0.05,equal,A_hrp,1321,0,784,1321,0.1970734578453892,-0.4391429660298005,0.9450334092826932,0.220931463381556,-0.18808757947632415,1.1283695830068101,,6,0.16729750189250567
TW,L,anchored,1,2,144,48,2007-01,2018-12,2019-01,2022-12,144,48,26424,fixed,6,0.05,equal,D_top_cagr,1321,0,0,1321,0.2233701413157494,-0.4784231469459538,0.9905592268426565,0.2416619673226026,-0.19675401886987154,1.170050550566389,,6,0.31188493565480696
TW,L,anchored,1,2,144,48,2007-01,2018-12,2019-01,2022-12,144,48,26424,fixed,6,0.05,equal,E_top_calmar,1321,0,0,1321,0.21132845516544974,-0.410101843553782,1.0062164671615714,0.2392771068607984,-0.19622285381777482,1.1744047399275561,,6,0.35730507191521577
TW,L,anchored,1,2,144,48,2007-01,2018-12,2019-01,2022-12,144,48,26424,fixed,6,0.05,proportional,A_hrp,1321,0,330,1321,0.16024462043843757,-0.4844505418483386,0.8098649786438582,0.21782564928340653,-0.1985911201272188,1.1045972502102128,,6,0.5109765329295988
TW,L,anchored,1,2,144,48,2007-01,2018-12,2019-01,2022-12,144,48,26424,fixed,6,0.05,proportional,D_top_cagr,1321,0,0,1321,0.2233701413157494,-0.4784231469459538,0.9905592268426565,0.2416619673226026,-0.19675401886987154,1.170050550566389,,6,0.31188493565480696
TW,L,anchored,1,2,144,48,2007-01,2018-12,2019-01,2022-12,144,48,26424,fixed,6,0.05,proportional,E_top_calmar,1321,0,0,1321,0.21132845516544974,-0.410101843553782,1.0062164671615714,0.2392771068607984,-0.19622285381777482,1.1744047399275561,,6,0.35730507191521577
TW,L,anchored,1,2,144,48,2007-01,2018-12,2019-01,2022-12,144,48,26424,fixed,6,0.1,equal,A_hrp,2642,0,1885,2642,0.179174923533572,-0.47155683686964267,0.8755871707580093,0.21475878072686472,-0.18600101325902807,1.1068785317649983,,6,0.16691900075700228
TW,L,anchored,1,2,144,48,2007-01,2018-12,2019-01,2022-12,144,48,26424,fixed,6,0.1,equal,D_top_cagr,2642,0,0,2642,0.1991400394224523,-0.49204599526141624,0.927382202799946,0.23722035474676018,-0.1956861373081369,1.1587236880319938,,6,0.3853141559424678
TW,L,anchored,1,2,144,48,2007-01,2018-12,2019-01,2022-12,144,48,26424,fixed,6,0.1,equal,E_top_calmar,2642,0,0,2642,0.19172126862752092,-0.445239560225691,0.9346777323961029,0.23287815916886712,-0.19471525998565298,1.1540273690290366,,6,0.40196820590461774
TW,L,anchored,1,2,144,48,2007-01,2018-12,2019-01,2022-12,144,48,26424,fixed,6,0.1,proportional,A_hrp,2642,0,1646,2642,0.17199586097947894,-0.46831519139978284,0.8586375481279601,0.2269460514752324,-0.19739462065731983,1.1329264376412207,,6,0.5109765329295988
TW,L,anchored,1,2,144,48,2007-01,2018-12,2019-01,2022-12,144,48,26424,fixed,6,0.1,proportional,D_top_cagr,2642,0,0,2642,0.1991400394224523,-0.49204599526141624,0.927382202799946,0.23722035474676018,-0.1956861373081369,1.1587236880319938,,6,0.3853141559424678
TW,L,anchored,1,2,144,48,2007-01,2018-12,2019-01,2022-12,144,48,26424,fixed,6,0.1,proportional,E_top_calmar,2642,0,0,2642,0.19172126862752092,-0.445239560225691,0.9346777323961029,0.23287815916886712,-0.19471525998565298,1.1540273690290366,,6,0.40196820590461774
TW,L,anchored,1,2,144,48,2007-01,2018-12,2019-01,2022-12,144,48,26424,silhouette_is,10,all,unallocated,B_all,26424,0,0,26424,0.11170047146584317,-0.5484999555627641,0.6053400740738659,0.20166543475645193,-0.1939917099299059,1.0570536853243462,,10,0.35955949137148047
TW,L,anchored,1,2,144,48,2007-01,2018-12,2019-01,2022-12,144,48,26424,silhouette_is,10,legacy,equal,A_hrp,50,0,1,50,0.2488382729967542,-0.282089384937001,1.170312339538822,0.22209582587925603,-0.18037860884713675,1.1489504537961912,3.0388350196444667,10,0.1
TW,L,anchored,1,2,144,48,2007-01,2018-12,2019-01,2022-12,144,48,26424,silhouette_is,10,legacy,equal,D_top_cagr,50,0,0,50,0.3711475069071155,-0.4124065667865656,0.6654624665604443,0.26672236136837935,-0.21555282265517905,1.2137671804174217,2.483078463410805,7,0.6
TW,L,anchored,1,2,144,48,2007-01,2018-12,2019-01,2022-12,144,48,26424,silhouette_is,10,legacy,equal,E_top_calmar,50,0,0,50,0.3222178553932433,-0.26754476179700093,0.8692683457781115,0.25526465937352794,-0.1945278215097781,1.182726492704796,2.4276362900592625,7,0.34
TW,L,anchored,1,2,144,48,2007-01,2018-12,2019-01,2022-12,144,48,26424,silhouette_is,10,legacy,proportional,A_hrp,50,0,0,50,0.24041102244241497,-0.2906792186753012,1.173118246683301,0.21919557389844324,-0.18429225198196242,1.109158308769728,2.689803332519259,10,0.36
TW,L,anchored,1,2,144,48,2007-01,2018-12,2019-01,2022-12,144,48,26424,silhouette_is,10,legacy,proportional,D_top_cagr,50,0,0,50,0.3711475069071155,-0.4124065667865656,0.6654624665604443,0.26672236136837935,-0.21555282265517905,1.2137671804174217,2.483078463410805,7,0.6
TW,L,anchored,1,2,144,48,2007-01,2018-12,2019-01,2022-12,144,48,26424,silhouette_is,10,legacy,proportional,E_top_calmar,50,0,0,50,0.3222178553932433,-0.26754476179700093,0.8692683457781115,0.25526465937352794,-0.1945278215097781,1.182726492704796,2.4276362900592625,7,0.34
TW,L,anchored,1,2,144,48,2007-01,2018-12,2019-01,2022-12,144,48,26424,silhouette_is,10,0.01,equal,A_hrp,264,0,37,264,0.22404010812373953,-0.39585644930802355,1.0204858688256035,0.2155903127956489,-0.18281372372228,1.1138275488357654,3.362655944545136,10,0.10227272727272728
TW,L,anchored,1,2,144,48,2007-01,2018-12,2019-01,2022-12,144,48,26424,silhouette_is,10,0.01,equal,D_top_cagr,264,0,0,264,0.29406010802200044,-0.4235845208435357,0.9885162399462915,0.24239176797301698,-0.1929478707003962,1.173811887805874,2.722374340331809,10,0.29924242424242425
TW,L,anchored,1,2,144,48,2007-01,2018-12,2019-01,2022-12,144,48,26424,silhouette_is,10,0.01,equal,E_top_calmar,264,0,0,264,0.2653061924122724,-0.3087243070327903,1.0507826238441076,0.24615829719582627,-0.1961882698472075,1.1966003554280973,2.6153467789944407,10,0.23106060606060605
TW,L,anchored,1,2,144,48,2007-01,2018-12,2019-01,2022-12,144,48,26424,silhouette_is,10,0.01,proportional,A_hrp,264,0,4,264,0.20200314548938691,-0.40284448786583504,1.0056575963242322,0.22414773747055294,-0.18272002848420443,1.1368267505853626,3.145031650622437,10,0.35984848484848486
TW,L,anchored,1,2,144,48,2007-01,2018-12,2019-01,2022-12,144,48,26424,silhouette_is,10,0.01,proportional,D_top_cagr,264,0,0,264,0.29406010802200044,-0.4235845208435357,0.9885162399462915,0.24239176797301698,-0.1929478707003962,1.173811887805874,2.722374340331809,10,0.29924242424242425
TW,L,anchored,1,2,144,48,2007-01,2018-12,2019-01,2022-12,144,48,26424,silhouette_is,10,0.01,proportional,E_top_calmar,264,0,0,264,0.2653061924122724,-0.3087243070327903,1.0507826238441076,0.24615829719582627,-0.1961882698472075,1.1966003554280973,2.6153467789944407,10,0.23106060606060605
TW,L,anchored,1,2,144,48,2007-01,2018-12,2019-01,2022-12,144,48,26424,silhouette_is,10,0.03,equal,A_hrp,793,0,274,793,0.19983756077844506,-0.43314842287137956,0.9471071240263816,0.22030048066706853,-0.18565314626412655,1.128682318104169,,10,0.1008827238335435
TW,L,anchored,1,2,144,48,2007-01,2018-12,2019-01,2022-12,144,48,26424,silhouette_is,10,0.03,equal,D_top_cagr,793,0,0,793,0.24363181095126585,-0.46702941573602885,1.020527672229493,0.24166499449046652,-0.19669012115995876,1.1676286221211076,,10,0.19293820933165196
TW,L,anchored,1,2,144,48,2007-01,2018-12,2019-01,2022-12,144,48,26424,silhouette_is,10,0.03,equal,E_top_calmar,793,0,0,793,0.2259885589714976,-0.3770850583956755,1.0471095281104497,0.24021982344235293,-0.19382441804411432,1.1804670239478887,,10,0.17654476670870115
TW,L,anchored,1,2,144,48,2007-01,2018-12,2019-01,2022-12,144,48,26424,silhouette_is,10,0.03,proportional,A_hrp,793,0,46,793,0.16489548705141854,-0.4783428126430962,0.8433711467311453,0.21098149618697848,-0.19178322113160773,1.0876610449905417,,10,0.3593947036569987
TW,L,anchored,1,2,144,48,2007-01,2018-12,2019-01,2022-12,144,48,26424,silhouette_is,10,0.03,proportional,D_top_cagr,793,0,0,793,0.24363181095126585,-0.46702941573602885,1.020527672229493,0.24166499449046652,-0.19669012115995876,1.1676286221211076,,10,0.19293820933165196
TW,L,anchored,1,2,144,48,2007-01,2018-12,2019-01,2022-12,144,48,26424,silhouette_is,10,0.03,proportional,E_top_calmar,793,0,0,793,0.2259885589714976,-0.3770850583956755,1.0471095281104497,0.24021982344235293,-0.19382441804411432,1.1804670239478887,,10,0.17654476670870115
TW,L,anchored,1,2,144,48,2007-01,2018-12,2019-01,2022-12,144,48,26424,silhouette_is,10,0.05,equal,A_hrp,1321,0,650,1321,0.1921354181106012,-0.4430918029627795,0.9175218387243763,0.22318886094771218,-0.18815095331694276,1.13498432948441,,10,0.10068130204390613
TW,L,anchored,1,2,144,48,2007-01,2018-12,2019-01,2022-12,144,48,26424,silhouette_is,10,0.05,equal,D_top_cagr,1321,0,0,1321,0.2233701413157494,-0.4784231469459538,0.9905592268426565,0.2416619673226026,-0.19675401886987154,1.170050550566389,,10,0.21044663133989402
TW,L,anchored,1,2,144,48,2007-01,2018-12,2019-01,2022-12,144,48,26424,silhouette_is,10,0.05,equal,E_top_calmar,1321,0,0,1321,0.21132845516544974,-0.410101843553782,1.0062164671615714,0.2392771068607984,-0.19622285381777482,1.1744047399275561,,10,0.23088569265707798
TW,L,anchored,1,2,144,48,2007-01,2018-12,2019-01,2022-12,144,48,26424,silhouette_is,10,0.05,proportional,A_hrp,1321,0,275,1321,0.15742046075224048,-0.48914687272003887,0.802891475673947,0.21157590866235632,-0.19542689606109442,1.0852356182707146,,10,0.35957607872823616
TW,L,anchored,1,2,144,48,2007-01,2018-12,2019-01,2022-12,144,48,26424,silhouette_is,10,0.05,proportional,D_top_cagr,1321,0,0,1321,0.2233701413157494,-0.4784231469459538,0.9905592268426565,0.2416619673226026,-0.19675401886987154,1.170050550566389,,10,0.21044663133989402
TW,L,anchored,1,2,144,48,2007-01,2018-12,2019-01,2022-12,144,48,26424,silhouette_is,10,0.05,proportional,E_top_calmar,1321,0,0,1321,0.21132845516544974,-0.410101843553782,1.0062164671615714,0.2392771068607984,-0.19622285381777482,1.1744047399275561,,10,0.23088569265707798
TW,L,anchored,1,2,144,48,2007-01,2018-12,2019-01,2022-12,144,48,26424,silhouette_is,10,0.1,equal,A_hrp,2642,1,1688,2642,0.17668597139869657,-0.47044567218970446,0.8617835017679923,0.21682280246718144,-0.1909882472891613,1.1077557202031465,,10,0.10370931112793338
TW,L,anchored,1,2,144,48,2007-01,2018-12,2019-01,2022-12,144,48,26424,silhouette_is,10,0.1,equal,D_top_cagr,2642,1,0,2642,0.1991400394224523,-0.49204599526141624,0.927382202799946,0.23722035474676018,-0.1956861373081369,1.1587236880319938,,10,0.2274791824375473
TW,L,anchored,1,2,144,48,2007-01,2018-12,2019-01,2022-12,144,48,26424,silhouette_is,10,0.1,equal,E_top_calmar,2642,1,0,2642,0.19172126862752092,-0.445239560225691,0.9346777323961029,0.23287815916886712,-0.19471525998565298,1.1540273690290366,,10,0.2380772142316427
TW,L,anchored,1,2,144,48,2007-01,2018-12,2019-01,2022-12,144,48,26424,silhouette_is,10,0.1,proportional,A_hrp,2642,0,1492,2642,0.1656916150049077,-0.47995896127087134,0.8369150180558825,0.2140483593301168,-0.19468715400683345,1.0899889554750923,,10,0.35957607872823616
TW,L,anchored,1,2,144,48,2007-01,2018-12,2019-01,2022-12,144,48,26424,silhouette_is,10,0.1,proportional,D_top_cagr,2642,0,0,2642,0.1991400394224523,-0.49204599526141624,0.927382202799946,0.23722035474676018,-0.1956861373081369,1.1587236880319938,,10,0.2274791824375473
TW,L,anchored,1,2,144,48,2007-01,2018-12,2019-01,2022-12,144,48,26424,silhouette_is,10,0.1,proportional,E_top_calmar,2642,0,0,2642,0.19172126862752092,-0.445239560225691,0.9346777323961029,0.23287815916886712,-0.19471525998565298,1.1540273690290366,,10,0.2380772142316427
TW,L,anchored,2,2,144,48,2007-01,2022-12,2023-01,2025-12,192,36,26424,fixed,6,all,unallocated,B_all,26424,0,0,26424,0.13353969900893792,-0.5484999555627641,0.7085465997616146,0.12541750663599283,-0.13830658386936634,1.0126432533508438,,6,0.42003481683318195
TW,L,anchored,2,2,144,48,2007-01,2022-12,2023-01,2025-12,192,36,26424,fixed,6,legacy,equal,A_hrp,30,0,0,30,0.2557480841464961,-0.3263595329053328,1.1498333453063172,0.15212892308272385,-0.15177816673517353,1.1626892396554525,4.381618131096556,6,0.16666666666666666
TW,L,anchored,2,2,144,48,2007-01,2022-12,2023-01,2025-12,192,36,26424,fixed,6,legacy,equal,D_top_cagr,30,0,0,30,0.3735724726495193,-0.3616349986700038,0.6339637043554901,0.1546643322640988,-0.1567772952380332,1.2078755824598228,2.7365388768724905,4,0.6
TW,L,anchored,2,2,144,48,2007-01,2022-12,2023-01,2025-12,192,36,26424,fixed,6,legacy,equal,E_top_calmar,30,0,0,30,0.3226228892205818,-0.24607417678134014,0.9458115259673533,0.16097461413438752,-0.14685477854452156,1.2814069756361992,2.948231567306657,3,0.5
TW,L,anchored,2,2,144,48,2007-01,2022-12,2023-01,2025-12,192,36,26424,fixed,6,legacy,proportional,A_hrp,30,0,0,30,0.26170256949698256,-0.24511516399824673,1.2478301323108003,0.16023845311938412,-0.13781549759080436,1.2955029715648039,4.555903957182252,6,0.4
TW,L,anchored,2,2,144,48,2007-01,2022-12,2023-01,2025-12,192,36,26424,fixed,6,legacy,proportional,D_top_cagr,30,0,0,30,0.3735724726495193,-0.3616349986700038,0.6339637043554901,0.1546643322640988,-0.1567772952380332,1.2078755824598228,2.7365388768724905,4,0.6
TW,L,anchored,2,2,144,48,2007-01,2022-12,2023-01,2025-12,192,36,26424,fixed,6,legacy,proportional,E_top_calmar,30,0,0,30,0.3226228892205818,-0.24607417678134014,0.9458115259673533,0.16097461413438752,-0.14685477854452156,1.2814069756361992,2.948231567306657,3,0.5
TW,L,anchored,2,2,144,48,2007-01,2022-12,2023-01,2025-12,192,36,26424,fixed,6,0.01,equal,A_hrp,264,0,92,264,0.24342102115977937,-0.39740378041721747,1.0445814105434847,0.14736217659365902,-0.1394786836919688,1.1375446236932312,5.102451582252475,6,0.16666666666666666
TW,L,anchored,2,2,144,48,2007-01,2022-12,2023-01,2025-12,192,36,26424,fixed,6,0.01,equal,D_top_cagr,264,0,0,264,0.2908685487835758,-0.43119019792434166,1.0575836142786352,0.16306018259106958,-0.14090583553468838,1.3011899854655784,3.916390499244925,6,0.3181818181818182
TW,L,anchored,2,2,144,48,2007-01,2022-12,2023-01,2025-12,192,36,26424,fixed,6,0.01,equal,E_top_calmar,264,0,0,264,0.26368051454150154,-0.30000735896089925,1.1332125484596238,0.15577381224268172,-0.13209980667396093,1.2746975738642115,3.7997780576743025,6,0.5227272727272727
TW,L,anchored,2,2,144,48,2007-01,2022-12,2023-01,2025-12,192,36,26424,fixed,6,0.01,proportional,A_hrp,264,0,3,264,0.21010619837539424,-0.3834656014226905,1.052460411947333,0.1406805738080812,-0.13562739809335844,1.1240226273133276,5.60252328492991,6,0.42045454545454547
TW,L,anchored,2,2,144,48,2007-01,2022-12,2023-01,2025-12,192,36,26424,fixed,6,0.01,proportional,D_top_cagr,264,0,0,264,0.2908685487835758,-0.43119019792434166,1.0575836142786352,0.16306018259106958,-0.14090583553468838,1.3011899854655784,3.916390499244925,6,0.3181818181818182
TW,L,anchored,2,2,144,48,2007-01,2022-12,2023-01,2025-12,192,36,26424,fixed,6,0.01,proportional,E_top_calmar,264,0,0,264,0.26368051454150154,-0.30000735896089925,1.1332125484596238,0.15577381224268172,-0.13209980667396093,1.2746975738642115,3.7997780576743025,6,0.5227272727272727
TW,L,anchored,2,2,144,48,2007-01,2022-12,2023-01,2025-12,192,36,26424,fixed,6,0.03,equal,A_hrp,793,0,356,793,0.21333909164869547,-0.46292145029207077,0.9713011770604788,0.1409776474163471,-0.14266052945588215,1.090903844487164,,6,0.1677175283732661
TW,L,anchored,2,2,144,48,2007-01,2022-12,2023-01,2025-12,192,36,26424,fixed,6,0.03,equal,D_top_cagr,793,0,0,793,0.2506683217546233,-0.47185743763667265,1.0842121697773717,0.1554446588846321,-0.1432485050618677,1.229553084375916,,6,0.3619167717528373
TW,L,anchored,2,2,144,48,2007-01,2022-12,2023-01,2025-12,192,36,26424,fixed,6,0.03,equal,E_top_calmar,793,0,0,793,0.2336868928040705,-0.37982974015102056,1.1007825570127576,0.14997490898465626,-0.1354304246135637,1.2034206442204367,,6,0.4451450189155107
TW,L,anchored,2,2,144,48,2007-01,2022-12,2023-01,2025-12,192,36,26424,fixed,6,0.03,proportional,A_hrp,793,0,54,793,0.18030178724813828,-0.46417316500260164,0.9211934502365825,0.1311273574847529,-0.13602525482447136,1.0746887134574912,,6,0.41992433795712486
TW,L,anchored,2,2,144,48,2007-01,2022-12,2023-01,2025-12,192,36,26424,fixed,6,0.03,proportional,D_top_cagr,793,0,0,793,0.2506683217546233,-0.47185743763667265,1.0842121697773717,0.1554446588846321,-0.1432485050618677,1.229553084375916,,6,0.3619167717528373
TW,L,anchored,2,2,144,48,2007-01,2022-12,2023-01,2025-12,192,36,26424,fixed,6,0.03,proportional,E_top_calmar,793,0,0,793,0.2336868928040705,-0.37982974015102056,1.1007825570127576,0.14997490898465626,-0.1354304246135637,1.2034206442204367,,6,0.4451450189155107
TW,L,anchored,2,2,144,48,2007-01,2022-12,2023-01,2025-12,192,36,26424,fixed,6,0.05,equal,A_hrp,1321,0,690,1321,0.19864908196878206,-0.48255434769720584,0.9321603597714273,0.13985918319922352,-0.14201825055137196,1.0853653285162486,,6,0.16729750189250567
TW,L,anchored,2,2,144,48,2007-01,2022-12,2023-01,2025-12,192,36,26424,fixed,6,0.05,equal,D_top_cagr,1321,0,0,1321,0.23468921146289246,-0.4818976093771875,1.0503819806751957,0.15478715181737157,-0.14137949072915257,1.2186533303766973,,6,0.37017411052233157
TW,L,anchored,2,2,144,48,2007-01,2022-12,2023-01,2025-12,192,36,26424,fixed,6,0.05,equal,E_top_calmar,1321,0,0,1321,0.22087840647378698,-0.4098779278994191,1.0600964205666563,0.14739109194559763,-0.1360094986323208,1.1772249370962689,,6,0.39666919000757
TW,L,anchored,2,2,144,48,2007-01,2022-12,2023-01,2025-12,192,36,26424,fixed,6,0.05,proportional,A_hrp,1321,0,299,1321,0.17481375535897237,-0.4780330176026224,0.8916379985708559,0.1324035762129958,-0.13616130929795878,1.0869538737015385,,6,0.4201362604087812
TW,L,anchored,2,2,144,48,2007-01,2022-12,2023-01,2025-12,192,36,26424,fixed,6,0.05,proportional,D_top_cagr,1321,0,0,1321,0.23468921146289246,-0.4818976093771875,1.0503819806751957,0.15478715181737157,-0.14137949072915257,1.2186533303766973,,6,0.37017411052233157
TW,L,anchored,2,2,144,48,2007-01,2022-12,2023-01,2025-12,192,36,26424,fixed,6,0.05,proportional,E_top_calmar,1321,0,0,1321,0.22087840647378698,-0.4098779278994191,1.0600964205666563,0.14739109194559763,-0.1360094986323208,1.1772249370962689,,6,0.39666919000757
TW,L,anchored,2,2,144,48,2007-01,2022-12,2023-01,2025-12,192,36,26424,fixed,6,0.1,equal,A_hrp,2642,0,1723,2642,0.18096047573470853,-0.509658038498136,0.8776594879163621,0.13628356299285138,-0.14133992929413008,1.0683742816725261,,6,0.16691900075700228
TW,L,anchored,2,2,144,48,2007-01,2022-12,2023-01,2025-12,192,36,26424,fixed,6,0.1,equal,D_top_cagr,2642,0,0,2642,0.21289519669405288,-0.4975255282396035,0.9914494861958753,0.15231062617390068,-0.13979152366883385,1.1947858181600324,,6,0.36828160484481454
TW,L,anchored,2,2,144,48,2007-01,2022-12,2023-01,2025-12,192,36,26424,fixed,6,0.1,equal,E_top_calmar,2642,0,0,2642,0.20401768979426493,-0.4433226281366396,0.9962674620873069,0.1446818356327162,-0.13636130142403002,1.1468242506317103,,6,0.39288417865253594
TW,L,anchored,2,2,144,48,2007-01,2022-12,2023-01,2025-12,192,36,26424,fixed,6,0.1,proportional,A_hrp,2642,0,1584,2642,0.18659011057432395,-0.4678921976743854,0.9339698805186251,0.13913500557670888,-0.13615408040904708,1.119288661026599,,6,0.4201362604087812
TW,L,anchored,2,2,144,48,2007-01,2022-12,2023-01,2025-12,192,36,26424,fixed,6,0.1,proportional,D_top_cagr,2642,0,0,2642,0.21289519669405288,-0.4975255282396035,0.9914494861958753,0.15231062617390068,-0.13979152366883385,1.1947858181600324,,6,0.36828160484481454
TW,L,anchored,2,2,144,48,2007-01,2022-12,2023-01,2025-12,192,36,26424,fixed,6,0.1,proportional,E_top_calmar,2642,0,0,2642,0.20401768979426493,-0.4433226281366396,0.9962674620873069,0.1446818356327162,-0.13636130142403002,1.1468242506317103,,6,0.39288417865253594
TW,L,anchored,2,2,144,48,2007-01,2022-12,2023-01,2025-12,192,36,26424,silhouette_is,5,all,unallocated,B_all,26424,0,0,26424,0.13353969900893792,-0.5484999555627641,0.7085465997616146,0.12541750663599283,-0.13830658386936634,1.0126432533508438,,5,0.42003481683318195
TW,L,anchored,2,2,144,48,2007-01,2022-12,2023-01,2025-12,192,36,26424,silhouette_is,5,legacy,equal,A_hrp,25,0,0,25,0.2598890414665904,-0.28786804306374625,1.185089751089631,0.15382629856231889,-0.14685997719914212,1.1905407639667345,4.227758349097941,5,0.2
TW,L,anchored,2,2,144,48,2007-01,2022-12,2023-01,2025-12,192,36,26424,silhouette_is,5,legacy,equal,D_top_cagr,25,0,0,25,0.37974722083749035,-0.3499268128001054,0.5897933642301987,0.15908290797349323,-0.15763745740207402,1.2488732822427344,2.866114579389835,4,0.64
TW,L,anchored,2,2,144,48,2007-01,2022-12,2023-01,2025-12,192,36,26424,silhouette_is,5,legacy,equal,E_top_calmar,25,0,0,25,0.3303984543756795,-0.24414640990556347,0.8975699560214672,0.1652281179249322,-0.15327815102997433,1.2985776823422706,3.000888241170659,3,0.44
TW,L,anchored,2,2,144,48,2007-01,2022-12,2023-01,2025-12,192,36,26424,silhouette_is,5,legacy,proportional,A_hrp,25,0,0,25,0.2711651777080313,-0.2381789096025987,1.2875447222827454,0.1671182431337379,-0.13546562578522658,1.3602681338326321,4.630289032722424,5,0.4
TW,L,anchored,2,2,144,48,2007-01,2022-12,2023-01,2025-12,192,36,26424,silhouette_is,5,legacy,proportional,D_top_cagr,25,0,0,25,0.37974722083749035,-0.3499268128001054,0.5897933642301987,0.15908290797349323,-0.15763745740207402,1.2488732822427344,2.866114579389835,4,0.64
TW,L,anchored,2,2,144,48,2007-01,2022-12,2023-01,2025-12,192,36,26424,silhouette_is,5,legacy,proportional,E_top_calmar,25,0,0,25,0.3303984543756795,-0.24414640990556347,0.8975699560214672,0.1652281179249322,-0.15327815102997433,1.2985776823422706,3.000888241170659,3,0.44
TW,L,anchored,2,2,144,48,2007-01,2022-12,2023-01,2025-12,192,36,26424,silhouette_is,5,0.01,equal,A_hrp,264,0,85,264,0.2439479361778616,-0.39622898924590955,1.040320859314101,0.14215168166361414,-0.14086896629752244,1.1162598726165107,5.061704020154374,5,0.20075757575757575
TW,L,anchored,2,2,144,48,2007-01,2022-12,2023-01,2025-12,192,36,26424,silhouette_is,5,0.01,equal,D_top_cagr,264,0,0,264,0.2908685487835758,-0.43119019792434166,1.0575836142786352,0.16306018259106958,-0.14090583553468838,1.3011899854655784,3.916390499244925,5,0.3181818181818182
TW,L,anchored,2,2,144,48,2007-01,2022-12,2023-01,2025-12,192,36,26424,silhouette_is,5,0.01,equal,E_top_calmar,264,0,0,264,0.26368051454150154,-0.30000735896089925,1.1332125484596238,0.15577381224268172,-0.13209980667396093,1.2746975738642115,3.7997780576743025,5,0.5227272727272727
TW,L,anchored,2,2,144,48,2007-01,2022-12,2023-01,2025-12,192,36,26424,silhouette_is,5,0.01,proportional,A_hrp,264,0,3,264,0.20902755146716778,-0.3813866009641902,1.0550187775864373,0.14088151054434506,-0.13535843662073266,1.1252327863801284,5.5790427181309665,5,0.42045454545454547
TW,L,anchored,2,2,144,48,2007-01,2022-12,2023-01,2025-12,192,36,26424,silhouette_is,5,0.01,proportional,D_top_cagr,264,0,0,264,0.2908685487835758,-0.43119019792434166,1.0575836142786352,0.16306018259106958,-0.14090583553468838,1.3011899854655784,3.916390499244925,5,0.3181818181818182
TW,L,anchored,2,2,144,48,2007-01,2022-12,2023-01,2025-12,192,36,26424,silhouette_is,5,0.01,proportional,E_top_calmar,264,0,0,264,0.26368051454150154,-0.30000735896089925,1.1332125484596238,0.15577381224268172,-0.13209980667396093,1.2746975738642115,3.7997780576743025,5,0.5227272727272727
TW,L,anchored,2,2,144,48,2007-01,2022-12,2023-01,2025-12,192,36,26424,silhouette_is,5,0.03,equal,A_hrp,793,0,352,793,0.21124305500427765,-0.4589694616825861,0.986373474273963,0.14201217123367882,-0.1411474100614435,1.109441896445832,,5,0.2005044136191677
TW,L,anchored,2,2,144,48,2007-01,2022-12,2023-01,2025-12,192,36,26424,silhouette_is,5,0.03,equal,D_top_cagr,793,0,0,793,0.2506683217546233,-0.47185743763667265,1.0842121697773717,0.1554446588846321,-0.1432485050618677,1.229553084375916,,5,0.3619167717528373
TW,L,anchored,2,2,144,48,2007-01,2022-12,2023-01,2025-12,192,36,26424,silhouette_is,5,0.03,equal,E_top_calmar,793,0,0,793,0.2336868928040705,-0.37982974015102056,1.1007825570127576,0.14997490898465626,-0.1354304246135637,1.2034206442204367,,5,0.4451450189155107
TW,L,anchored,2,2,144,48,2007-01,2022-12,2023-01,2025-12,192,36,26424,silhouette_is,5,0.03,proportional,A_hrp,793,0,55,793,0.1781145140664684,-0.4685180947886567,0.9139730851158018,0.12933836315750247,-0.13725435261509134,1.0612289883920252,,5,0.41992433795712486
TW,L,anchored,2,2,144,48,2007-01,2022-12,2023-01,2025-12,192,36,26424,silhouette_is,5,0.03,proportional,D_top_cagr,793,0,0,793,0.2506683217546233,-0.47185743763667265,1.0842121697773717,0.1554446588846321,-0.1432485050618677,1.229553084375916,,5,0.3619167717528373
TW,L,anchored,2,2,144,48,2007-01,2022-12,2023-01,2025-12,192,36,26424,silhouette_is,5,0.03,proportional,E_top_calmar,793,0,0,793,0.2336868928040705,-0.37982974015102056,1.1007825570127576,0.14997490898465626,-0.1354304246135637,1.2034206442204367,,5,0.4451450189155107
TW,L,anchored,2,2,144,48,2007-01,2022-12,2023-01,2025-12,192,36,26424,silhouette_is,5,0.05,equal,A_hrp,1321,0,669,1321,0.19592165825285934,-0.4830718247335173,0.9388452744809906,0.13976639051137996,-0.14091509923817003,1.0942168329417075,,5,0.20060560181680545
TW,L,anchored,2,2,144,48,2007-01,2022-12,2023-01,2025-12,192,36,26424,silhouette_is,5,0.05,equal,D_top_cagr,1321,0,0,1321,0.23468921146289246,-0.4818976093771875,1.0503819806751957,0.15478715181737157,-0.14137949072915257,1.2186533303766973,,5,0.37017411052233157
TW,L,anchored,2,2,144,48,2007-01,2022-12,2023-01,2025-12,192,36,26424,silhouette_is,5,0.05,equal,E_top_calmar,1321,0,0,1321,0.22087840647378698,-0.4098779278994191,1.0600964205666563,0.14739109194559763,-0.1360094986323208,1.1772249370962689,,5,0.39666919000757
TW,L,anchored,2,2,144,48,2007-01,2022-12,2023-01,2025-12,192,36,26424,silhouette_is,5,0.05,proportional,A_hrp,1321,0,355,1321,0.1778381214041811,-0.47271649649381375,0.9008126092577567,0.13326036403705377,-0.13712679862158383,1.0876909823512528,,5,0.4201362604087812
TW,L,anchored,2,2,144,48,2007-01,2022-12,2023-01,2025-12,192,36,26424,silhouette_is,5,0.05,proportional,D_top_cagr,1321,0,0,1321,0.23468921146289246,-0.4818976093771875,1.0503819806751957,0.15478715181737157,-0.14137949072915257,1.2186533303766973,,5,0.37017411052233157
TW,L,anchored,2,2,144,48,2007-01,2022-12,2023-01,2025-12,192,36,26424,silhouette_is,5,0.05,proportional,E_top_calmar,1321,0,0,1321,0.22087840647378698,-0.4098779278994191,1.0600964205666563,0.14739109194559763,-0.1360094986323208,1.1772249370962689,,5,0.39666919000757
TW,L,anchored,2,2,144,48,2007-01,2022-12,2023-01,2025-12,192,36,26424,silhouette_is,5,0.1,equal,A_hrp,2642,1,1695,2642,0.1806936077890029,-0.5038794678107453,0.8881811020058946,0.13777107841456782,-0.14073244538482765,1.0867692082342035,,5,0.2028766086298259
TW,L,anchored,2,2,144,48,2007-01,2022-12,2023-01,2025-12,192,36,26424,silhouette_is,5,0.1,equal,D_top_cagr,2642,1,0,2642,0.21289519669405288,-0.4975255282396035,0.9914494861958753,0.15231062617390068,-0.13979152366883385,1.1947858181600324,,5,0.36828160484481454
TW,L,anchored,2,2,144,48,2007-01,2022-12,2023-01,2025-12,192,36,26424,silhouette_is,5,0.1,equal,E_top_calmar,2642,1,0,2642,0.20401768979426493,-0.4433226281366396,0.9962674620873069,0.1446818356327162,-0.13636130142403002,1.1468242506317103,,5,0.39288417865253594
TW,L,anchored,2,2,144,48,2007-01,2022-12,2023-01,2025-12,192,36,26424,silhouette_is,5,0.1,proportional,A_hrp,2642,0,1651,2642,0.1883719130180852,-0.4655257834504335,0.9381654197735101,0.13890659485317158,-0.13652983673849128,1.114638788900369,,5,0.4201362604087812
TW,L,anchored,2,2,144,48,2007-01,2022-12,2023-01,2025-12,192,36,26424,silhouette_is,5,0.1,proportional,D_top_cagr,2642,0,0,2642,0.21289519669405288,-0.4975255282396035,0.9914494861958753,0.15231062617390068,-0.13979152366883385,1.1947858181600324,,5,0.36828160484481454
TW,L,anchored,2,2,144,48,2007-01,2022-12,2023-01,2025-12,192,36,26424,silhouette_is,5,0.1,proportional,E_top_calmar,2642,0,0,2642,0.20401768979426493,-0.4433226281366396,0.9962674620873069,0.1446818356327162,-0.13636130142403002,1.1468242506317103,,5,0.39288417865253594
TW,R,rolling,1,4,96,36,2007-01,2014-12,2015-01,2017-12,96,36,26424,fixed,6,all,unallocated,B_all,26424,0,0,26424,0.13320555144019197,-0.5484999555627641,0.6331022388862824,0.10917287592304592,-0.1822593583971538,1.0250949183865092,,6,0.6510747805025734
TW,R,rolling,1,4,96,36,2007-01,2014-12,2015-01,2017-12,96,36,26424,fixed,6,legacy,equal,A_hrp,30,0,0,30,0.3419798336193567,-0.30629379844575133,1.2874893828506837,0.14225291058093492,-0.1649342082461096,1.3491847148447347,5.569720757358296,6,0.16666666666666666
TW,R,rolling,1,4,96,36,2007-01,2014-12,2015-01,2017-12,96,36,26424,fixed,6,legacy,equal,D_top_cagr,30,0,0,30,0.5067183645077538,-0.4064495053806666,0.5698963108244566,0.1698992249622686,-0.19178490368929635,1.4851976827128608,3.3858799314706944,2,0.8666666666666667
TW,R,rolling,1,4,96,36,2007-01,2014-12,2015-01,2017-12,96,36,26424,fixed,6,legacy,equal,E_top_calmar,30,0,0,30,0.47661578535396276,-0.26379001515701195,0.8411699864925692,0.14183499054875792,-0.18453328780610856,1.3147266486604912,4.09449504911119,4,0.3333333333333333
TW,R,rolling,1,4,96,36,2007-01,2014-12,2015-01,2017-12,96,36,26424,fixed,6,legacy,proportional,A_hrp,30,0,0,30,0.3393221337353145,-0.2513957243373275,1.3634468591412556,0.13211844258730676,-0.17968525756227316,1.2550964459052287,4.943190893939268,6,0.6666666666666666
TW,R,rolling,1,4,96,36,2007-01,2014-12,2015-01,2017-12,96,36,26424,fixed,6,legacy,proportional,D_top_cagr,30,0,0,30,0.5067183645077538,-0.4064495053806666,0.5698963108244566,0.1698992249622686,-0.19178490368929635,1.4851976827128608,3.3858799314706944,2,0.8666666666666667
TW,R,rolling,1,4,96,36,2007-01,2014-12,2015-01,2017-12,96,36,26424,fixed,6,legacy,proportional,E_top_calmar,30,0,0,30,0.47661578535396276,-0.26379001515701195,0.8411699864925692,0.14183499054875792,-0.18453328780610856,1.3147266486604912,4.09449504911119,4,0.3333333333333333
TW,R,rolling,1,4,96,36,2007-01,2014-12,2015-01,2017-12,96,36,26424,fixed,6,0.01,equal,A_hrp,264,0,91,264,0.30443024735600854,-0.39359784644658347,1.0705959581773707,0.1352583079840335,-0.16225240464167334,1.274326949060054,6.458363019400324,6,0.16666666666666666
TW,R,rolling,1,4,96,36,2007-01,2014-12,2015-01,2017-12,96,36,26424,fixed,6,0.01,equal,D_top_cagr,264,0,0,264,0.3880819582904689,-0.41303264466521905,1.0469836019132077,0.15062858091063247,-0.17190395325011598,1.3762041934967575,5.305641100940955,6,0.32575757575757575
TW,R,rolling,1,4,96,36,2007-01,2014-12,2015-01,2017-12,96,36,26424,fixed,6,0.01,equal,E_top_calmar,264,0,0,264,0.34890837694144405,-0.3038134738193121,1.1347577552556751,0.13777734007185494,-0.17219482338006253,1.319174523282779,4.982609133502246,6,0.3181818181818182
TW,R,rolling,1,4,96,36,2007-01,2014-12,2015-01,2017-12,96,36,26424,fixed,6,0.01,proportional,A_hrp,264,0,2,264,0.2562311430893929,-0.3849365115472788,1.0665406042621866,0.11737801936926573,-0.17403578446786905,1.118490221602011,6.360476880544411,6,0.6515151515151515
TW,R,rolling,1,4,96,36,2007-01,2014-12,2015-01,2017-12,96,36,26424,fixed,6,0.01,proportional,D_top_cagr,264,0,0,264,0.3880819582904689,-0.41303264466521905,1.0469836019132077,0.15062858091063247,-0.17190395325011598,1.3762041934967575,5.305641100940955,6,0.32575757575757575
TW,R,rolling,1,4,96,36,2007-01,2014-12,2015-01,2017-12,96,36,26424,fixed,6,0.01,proportional,E_top_calmar,264,0,0,264,0.34890837694144405,-0.3038134738193121,1.1347577552556751,0.13777734007185494,-0.17219482338006253,1.319174523282779,4.982609133502246,6,0.3181818181818182
TW,R,rolling,1,4,96,36,2007-01,2014-12,2015-01,2017-12,96,36,26424,fixed,6,0.03,equal,A_hrp,793,0,467,793,0.2704352216845207,-0.42883890375094014,1.0354722889676555,0.1270986053885228,-0.1672546469399837,1.18918609149016,,6,0.1677175283732661
TW,R,rolling,1,4,96,36,2007-01,2014-12,2015-01,2017-12,96,36,26424,fixed,6,0.03,equal,D_top_cagr,793,0,0,793,0.3127315765339862,-0.4465378204479574,1.0891343364488904,0.1451507737018376,-0.1745363860719974,1.3099994485018167,,6,0.3619167717528373
TW,R,rolling,1,4,96,36,2007-01,2014-12,2015-01,2017-12,96,36,26424,fixed,6,0.03,equal,E_top_calmar,793,0,0,793,0.29272765799271827,-0.36805748192778875,1.1255560438375312,0.13293814773106694,-0.17028553306745975,1.2600387140378806,,6,0.3656998738965952
TW,R,rolling,1,4,96,36,2007-01,2014-12,2015-01,2017-12,96,36,26424,fixed,6,0.03,proportional,A_hrp,793,0,84,793,0.21440241026610796,-0.4348264351442026,0.9324935737218747,0.1059490747036056,-0.17437530864837236,1.0317664049451043,,6,0.6506935687263556
TW,R,rolling,1,4,96,36,2007-01,2014-12,2015-01,2017-12,96,36,26424,fixed,6,0.03,proportional,D_top_cagr,793,0,0,793,0.3127315765339862,-0.4465378204479574,1.0891343364488904,0.1451507737018376,-0.1745363860719974,1.3099994485018167,,6,0.3619167717528373
TW,R,rolling,1,4,96,36,2007-01,2014-12,2015-01,2017-12,96,36,26424,fixed,6,0.03,proportional,E_top_calmar,793,0,0,793,0.29272765799271827,-0.36805748192778875,1.1255560438375312,0.13293814773106694,-0.17028553306745975,1.2600387140378806,,6,0.3656998738965952
TW,R,rolling,1,4,96,36,2007-01,2014-12,2015-01,2017-12,96,36,26424,fixed,6,0.05,equal,A_hrp,1321,0,907,1321,0.2523618276491202,-0.4382551497678725,1.0052482801901939,0.1272692364507031,-0.16609945651369284,1.1884120459268015,,6,0.16729750189250567
TW,R,rolling,1,4,96,36,2007-01,2014-12,2015-01,2017-12,96,36,26424,fixed,6,0.05,equal,D_top_cagr,1321,0,0,1321,0.2826719187385467,-0.4592768408516006,1.054299335791993,0.1418765661032464,-0.17537312533622484,1.2834130143981828,,6,0.39212717638152916
TW,R,rolling,1,4,96,36,2007-01,2014-12,2015-01,2017-12,96,36,26424,fixed,6,0.05,equal,E_top_calmar,1321,0,0,1321,0.268310958160177,-0.4002849849358051,1.0775711856222838,0.13233372371633068,-0.1733619936170886,1.2381390603757283,,6,0.42694928084784256
TW,R,rolling,1,4,96,36,2007-01,2014-12,2015-01,2017-12,96,36,26424,fixed,6,0.05,proportional,A_hrp,1321,0,268,1321,0.19578500118704545,-0.45955170030323145,0.8658624256706178,0.10340946118373284,-0.17488324064826544,1.0007833194766775,,6,0.6510219530658592
TW,R,rolling,1,4,96,36,2007-01,2014-12,2015-01,2017-12,96,36,26424,fixed,6,0.05,proportional,D_top_cagr,1321,0,0,1321,0.2826719187385467,-0.4592768408516006,1.054299335791993,0.1418765661032464,-0.17537312533622484,1.2834130143981828,,6,0.39212717638152916
TW,R,rolling,1,4,96,36,2007-01,2014-12,2015-01,2017-12,96,36,26424,fixed,6,0.05,proportional,E_top_calmar,1321,0,0,1321,0.268310958160177,-0.4002849849358051,1.0775711856222838,0.13233372371633068,-0.1733619936170886,1.2381390603757283,,6,0.42694928084784256
TW,R,rolling,1,4,96,36,2007-01,2014-12,2015-01,2017-12,96,36,26424,fixed,6,0.1,equal,A_hrp,2642,0,2008,2642,0.22122039563472407,-0.4688789463552724,0.9225652830297225,0.12334035065637017,-0.16637651624348948,1.1556274315463644,,6,0.16691900075700228
TW,R,rolling,1,4,96,36,2007-01,2014-12,2015-01,2017-12,96,36,26424,fixed,6,0.1,equal,D_top_cagr,2642,0,0,2642,0.24655407567149257,-0.47789097502374167,0.9828142649015814,0.14057260587734288,-0.17526493173321556,1.2727884988618527,,6,0.443224829674489
TW,R,rolling,1,4,96,36,2007-01,2014-12,2015-01,2017-12,96,36,26424,fixed,6,0.1,equal,E_top_calmar,2642,0,0,2642,0.23769780264695894,-0.4346923372911303,0.9935526518094399,0.13185166331108045,-0.1743354384195157,1.2269249917760194,,6,0.47918243754731266
TW,R,rolling,1,4,96,36,2007-01,2014-12,2015-01,2017-12,96,36,26424,fixed,6,0.1,proportional,A_hrp,2642,0,1491,2642,0.20680440563803493,-0.4546615886421871,0.9013633509146164,0.11807235153038409,-0.1750070849955604,1.1169098012712295,,6,0.6510219530658592
TW,R,rolling,1,4,96,36,2007-01,2014-12,2015-01,2017-12,96,36,26424,fixed,6,0.1,proportional,D_top_cagr,2642,0,0,2642,0.24655407567149257,-0.47789097502374167,0.9828142649015814,0.14057260587734288,-0.17526493173321556,1.2727884988618527,,6,0.443224829674489
TW,R,rolling,1,4,96,36,2007-01,2014-12,2015-01,2017-12,96,36,26424,fixed,6,0.1,proportional,E_top_calmar,2642,0,0,2642,0.23769780264695894,-0.4346923372911303,0.9935526518094399,0.13185166331108045,-0.1743354384195157,1.2269249917760194,,6,0.47918243754731266
TW,R,rolling,1,4,96,36,2007-01,2014-12,2015-01,2017-12,96,36,26424,silhouette_is,12,all,unallocated,B_all,26424,0,0,26424,0.13320555144019197,-0.5484999555627641,0.6331022388862824,0.10917287592304592,-0.1822593583971538,1.0250949183865092,,12,0.30582046624280956
TW,R,rolling,1,4,96,36,2007-01,2014-12,2015-01,2017-12,96,36,26424,silhouette_is,12,legacy,equal,A_hrp,60,0,0,60,0.310024539564111,-0.3059589945085125,1.2430019084260302,0.13188482427290582,-0.16359439361890127,1.2786835833180537,5.883353119786941,12,0.08333333333333333
TW,R,rolling,1,4,96,36,2007-01,2014-12,2015-01,2017-12,96,36,26424,silhouette_is,12,legacy,equal,D_top_cagr,60,0,0,60,0.48948530656144107,-0.4030552899043848,0.7425948343823082,0.164596540679544,-0.18252703131678272,1.4774178398110411,4.370437246957431,7,0.6166666666666667
TW,R,rolling,1,4,96,36,2007-01,2014-12,2015-01,2017-12,96,36,26424,silhouette_is,12,legacy,equal,E_top_calmar,60,0,0,60,0.4260089140417431,-0.2717155862959083,0.9709701667427506,0.1375149399146307,-0.177314744436057,1.3146432945779598,4.313135588630962,8,0.31666666666666665
TW,R,rolling,1,4,96,36,2007-01,2014-12,2015-01,2017-12,96,36,26424,silhouette_is,12,legacy,proportional,A_hrp,60,0,0,60,0.2984166109957571,-0.3144219028827673,1.2350239622207233,0.1374767874481424,-0.16501718587347425,1.3494589950219182,5.33775108326093,12,0.3
TW,R,rolling,1,4,96,36,2007-01,2014-12,2015-01,2017-12,96,36,26424,silhouette_is,12,legacy,proportional,D_top_cagr,60,0,0,60,0.48948530656144107,-0.4030552899043848,0.7425948343823082,0.164596540679544,-0.18252703131678272,1.4774178398110411,4.370437246957431,7,0.6166666666666667
TW,R,rolling,1,4,96,36,2007-01,2014-12,2015-01,2017-12,96,36,26424,silhouette_is,12,legacy,proportional,E_top_calmar,60,0,0,60,0.4260089140417431,-0.2717155862959083,0.9709701667427506,0.1375149399146307,-0.177314744436057,1.3146432945779598,4.313135588630962,8,0.31666666666666665
TW,R,rolling,1,4,96,36,2007-01,2014-12,2015-01,2017-12,96,36,26424,silhouette_is,12,0.01,equal,A_hrp,264,0,17,264,0.26862031729681335,-0.39910795342027594,1.0852544415296157,0.1283822563335122,-0.16799810393570835,1.2189046245709643,6.6164293641684555,12,0.08333333333333333
TW,R,rolling,1,4,96,36,2007-01,2014-12,2015-01,2017-12,96,36,26424,silhouette_is,12,0.01,equal,D_top_cagr,264,0,0,264,0.3880819582904689,-0.41303264466521905,1.0469836019132077,0.15062858091063247,-0.17190395325011598,1.3762041934967575,5.305641100940955,12,0.32575757575757575
TW,R,rolling,1,4,96,36,2007-01,2014-12,2015-01,2017-12,96,36,26424,silhouette_is,12,0.01,equal,E_top_calmar,264,0,0,264,0.34890837694144405,-0.3038134738193121,1.1347577552556751,0.13777734007185494,-0.17219482338006253,1.319174523282779,4.982609133502246,11,0.25
TW,R,rolling,1,4,96,36,2007-01,2014-12,2015-01,2017-12,96,36,26424,silhouette_is,12,0.01,proportional,A_hrp,264,0,2,264,0.2502176864610641,-0.3866458841951732,1.0692245244742147,0.12751566787414315,-0.1698163262466318,1.2248033624416876,5.974085253107047,12,0.3068181818181818
TW,R,rolling,1,4,96,36,2007-01,2014-12,2015-01,2017-12,96,36,26424,silhouette_is,12,0.01,proportional,D_top_cagr,264,0,0,264,0.3880819582904689,-0.41303264466521905,1.0469836019132077,0.15062858091063247,-0.17190395325011598,1.3762041934967575,5.305641100940955,12,0.32575757575757575
TW,R,rolling,1,4,96,36,2007-01,2014-12,2015-01,2017-12,96,36,26424,silhouette_is,12,0.01,proportional,E_top_calmar,264,0,0,264,0.34890837694144405,-0.3038134738193121,1.1347577552556751,0.13777734007185494,-0.17219482338006253,1.319174523282779,4.982609133502246,11,0.25
TW,R,rolling,1,4,96,36,2007-01,2014-12,2015-01,2017-12,96,36,26424,silhouette_is,12,0.03,equal,A_hrp,793,0,285,793,0.2524855371222203,-0.41662121330178903,1.0337345741811892,0.12601161231600044,-0.1679665111391686,1.1954331492574892,,12,0.08448928121059268
TW,R,rolling,1,4,96,36,2007-01,2014-12,2015-01,2017-12,96,36,26424,silhouette_is,12,0.03,equal,D_top_cagr,793,0,0,793,0.3127315765339862,-0.4465378204479574,1.0891343364488904,0.1451507737018376,-0.1745363860719974,1.3099994485018167,,12,0.223203026481715
TW,R,rolling,1,4,96,36,2007-01,2014-12,2015-01,2017-12,96,36,26424,silhouette_is,12,0.03,equal,E_top_calmar,793,0,0,793,0.29272765799271827,-0.36805748192778875,1.1255560438375312,0.13293814773106694,-0.17028553306745975,1.2600387140378806,,12,0.18158890290037832
TW,R,rolling,1,4,96,36,2007-01,2014-12,2015-01,2017-12,96,36,26424,silhouette_is,12,0.03,proportional,A_hrp,793,0,35,793,0.20495313393000192,-0.45552016039933496,0.9117148133954686,0.11348345246419433,-0.17544302690576485,1.0915731455928308,,12,0.3064312736443884
TW,R,rolling,1,4,96,36,2007-01,2014-12,2015-01,2017-12,96,36,26424,silhouette_is,12,0.03,proportional,D_top_cagr,793,0,0,793,0.3127315765339862,-0.4465378204479574,1.0891343364488904,0.1451507737018376,-0.1745363860719974,1.3099994485018167,,12,0.223203026481715
TW,R,rolling,1,4,96,36,2007-01,2014-12,2015-01,2017-12,96,36,26424,silhouette_is,12,0.03,proportional,E_top_calmar,793,0,0,793,0.29272765799271827,-0.36805748192778875,1.1255560438375312,0.13293814773106694,-0.17028553306745975,1.2600387140378806,,12,0.18158890290037832
TW,R,rolling,1,4,96,36,2007-01,2014-12,2015-01,2017-12,96,36,26424,silhouette_is,12,0.05,equal,A_hrp,1321,0,661,1321,0.24142856867833418,-0.43402654089257353,0.9960178418559996,0.1248629017380054,-0.1685027773450749,1.1826353911598027,,12,0.08402725208175625
TW,R,rolling,1,4,96,36,2007-01,2014-12,2015-01,2017-12,96,36,26424,silhouette_is,12,0.05,equal,D_top_cagr,1321,0,0,1321,0.2826719187385467,-0.4592768408516006,1.054299335791993,0.1418765661032464,-0.17537312533622484,1.2834130143981828,,12,0.18395155185465556
TW,R,rolling,1,4,96,36,2007-01,2014-12,2015-01,2017-12,96,36,26424,silhouette_is,12,0.05,equal,E_top_calmar,1321,0,0,1321,0.268310958160177,-0.4002849849358051,1.0775711856222838,0.13233372371633068,-0.1733619936170886,1.2381390603757283,,12,0.15518546555639667
TW,R,rolling,1,4,96,36,2007-01,2014-12,2015-01,2017-12,96,36,26424,silhouette_is,12,0.05,proportional,A_hrp,1321,0,229,1321,0.19549386414005032,-0.47381248996241376,0.8669940572693722,0.1100086447849975,-0.17838000375354546,1.0478333599357035,,12,0.30582891748675245
TW,R,rolling,1,4,96,36,2007-01,2014-12,2015-01,2017-12,96,36,26424,silhouette_is,12,0.05,proportional,D_top_cagr,1321,0,0,1321,0.2826719187385467,-0.4592768408516006,1.054299335791993,0.1418765661032464,-0.17537312533622484,1.2834130143981828,,12,0.18395155185465556
TW,R,rolling,1,4,96,36,2007-01,2014-12,2015-01,2017-12,96,36,26424,silhouette_is,12,0.05,proportional,E_top_calmar,1321,0,0,1321,0.268310958160177,-0.4002849849358051,1.0775711856222838,0.13233372371633068,-0.1733619936170886,1.2381390603757283,,12,0.15518546555639667
TW,R,rolling,1,4,96,36,2007-01,2014-12,2015-01,2017-12,96,36,26424,silhouette_is,12,0.1,equal,A_hrp,2642,0,1693,2642,0.21979497324307373,-0.46280960871738963,0.9274389455481999,0.12360272491151814,-0.16953812183381933,1.1623544792219984,,12,0.08364875094625283
TW,R,rolling,1,4,96,36,2007-01,2014-12,2015-01,2017-12,96,36,26424,silhouette_is,12,0.1,equal,D_top_cagr,2642,0,0,2642,0.24655407567149257,-0.47789097502374167,0.9828142649015814,0.14057260587734288,-0.17526493173321556,1.2727884988618527,,12,0.17146101438304315
TW,R,rolling,1,4,96,36,2007-01,2014-12,2015-01,2017-12,96,36,26424,silhouette_is,12,0.1,equal,E_top_calmar,2642,0,0,2642,0.23769780264695894,-0.4346923372911303,0.9935526518094399,0.13185166331108045,-0.1743354384195157,1.2269249917760194,,12,0.1737320211960636
TW,R,rolling,1,4,96,36,2007-01,2014-12,2015-01,2017-12,96,36,26424,silhouette_is,12,0.1,proportional,A_hrp,2642,0,1399,2642,0.20230542525849127,-0.46451249474167267,0.8900602368172235,0.12013992435433662,-0.1735409737109732,1.1405260148376437,,12,0.30582891748675245
TW,R,rolling,1,4,96,36,2007-01,2014-12,2015-01,2017-12,96,36,26424,silhouette_is,12,0.1,proportional,D_top_cagr,2642,0,0,2642,0.24655407567149257,-0.47789097502374167,0.9828142649015814,0.14057260587734288,-0.17526493173321556,1.2727884988618527,,12,0.17146101438304315
TW,R,rolling,1,4,96,36,2007-01,2014-12,2015-01,2017-12,96,36,26424,silhouette_is,12,0.1,proportional,E_top_calmar,2642,0,0,2642,0.23769780264695894,-0.4346923372911303,0.9935526518094399,0.13185166331108045,-0.1743354384195157,1.2269249917760194,,12,0.1737320211960636
TW,R,rolling,2,4,96,36,2010-01,2017-12,2018-01,2020-12,96,36,27389,fixed,6,all,unallocated,B_all,27389,0,0,27389,0.10658057616814842,-0.2275084725933505,0.7643782816486497,0.16806681927916767,-0.19391558168306278,0.9578815171866696,,6,0.39165358355544194
TW,R,rolling,2,4,96,36,2010-01,2017-12,2018-01,2020-12,96,36,27389,fixed,6,legacy,equal,A_hrp,30,0,0,30,0.2815137571171813,-0.13443233288344703,1.2261964605598754,0.19739782863227795,-0.18625043170420064,1.1140161177509813,2.611688695128864,6,0.16666666666666666
TW,R,rolling,2,4,96,36,2010-01,2017-12,2018-01,2020-12,96,36,27389,fixed,6,legacy,equal,D_top_cagr,30,0,0,30,0.5890488714322999,-0.22113792778554364,0.40900112403810307,0.33043485525174154,-0.21150012089803982,1.2377456482112643,2.527075693614015,1,1.0
TW,R,rolling,2,4,96,36,2010-01,2017-12,2018-01,2020-12,96,36,27389,fixed,6,legacy,equal,E_top_calmar,30,0,0,30,0.5610488685262129,-0.19409822225159312,0.4182643696505284,0.20757287336118524,-0.21372188108838663,1.041306560628276,2.304119263114392,1,1.0
TW,R,rolling,2,4,96,36,2010-01,2017-12,2018-01,2020-12,96,36,27389,fixed,6,legacy,proportional,A_hrp,30,0,0,30,0.28372551802739343,-0.13173078602472788,1.2766068014957481,0.214677366973131,-0.18961512728597363,1.1683686476769932,2.6681517327487003,6,0.4
TW,R,rolling,2,4,96,36,2010-01,2017-12,2018-01,2020-12,96,36,27389,fixed,6,legacy,proportional,D_top_cagr,30,0,0,30,0.5890488714322999,-0.22113792778554364,0.40900112403810307,0.33043485525174154,-0.21150012089803982,1.2377456482112643,2.527075693614015,1,1.0
TW,R,rolling,2,4,96,36,2010-01,2017-12,2018-01,2020-12,96,36,27389,fixed,6,legacy,proportional,E_top_calmar,30,0,0,30,0.5610488685262129,-0.19409822225159312,0.4182643696505284,0.20757287336118524,-0.21372188108838663,1.041306560628276,2.304119263114392,1,1.0
TW,R,rolling,2,4,96,36,2010-01,2017-12,2018-01,2020-12,96,36,27389,fixed,6,0.01,equal,A_hrp,274,0,46,274,0.2982974906823599,-0.1674539537791988,0.7979784569296579,0.19814679120334455,-0.1938754009402851,1.0963677496146715,3.190758041266231,6,0.1678832116788321
TW,R,rolling,2,4,96,36,2010-01,2017-12,2018-01,2020-12,96,36,27389,fixed,6,0.01,equal,D_top_cagr,274,0,0,274,0.3687235695710456,-0.1961498073309983,0.6093203190623723,0.23410371235334648,-0.21008357943134093,1.1717903675751753,2.767062488735583,6,0.5802919708029197
TW,R,rolling,2,4,96,36,2010-01,2017-12,2018-01,2020-12,96,36,27389,fixed,6,0.01,equal,E_top_calmar,274,0,0,274,0.349740377523317,-0.161225725796315,0.6266183014797754,0.2171013150692933,-0.19422933739451476,1.1513567792675046,2.4799173715361893,6,0.4927007299270073
TW,R,rolling,2,4,96,36,2010-01,2017-12,2018-01,2020-12,96,36,27389,fixed,6,0.01,proportional,A_hrp,274,0,4,274,0.21211559335814,-0.16587116622234577,1.3325931742488344,0.1850617824465981,-0.1932254594060947,1.0446575404349228,3.1201005908460564,6,0.3905109489051095
TW,R,rolling,2,4,96,36,2010-01,2017-12,2018-01,2020-12,96,36,27389,fixed,6,0.01,proportional,D_top_cagr,274,0,0,274,0.3687235695710456,-0.1961498073309983,0.6093203190623723,0.23410371235334648,-0.21008357943134093,1.1717903675751753,2.767062488735583,6,0.5802919708029197
TW,R,rolling,2,4,96,36,2010-01,2017-12,2018-01,2020-12,96,36,27389,fixed,6,0.01,proportional,E_top_calmar,274,0,0,274,0.349740377523317,-0.161225725796315,0.6266183014797754,0.2171013150692933,-0.19422933739451476,1.1513567792675046,2.4799173715361893,6,0.4927007299270073
TW,R,rolling,2,4,96,36,2010-01,2017-12,2018-01,2020-12,96,36,27389,fixed,6,0.03,equal,A_hrp,822,0,237,822,0.22958615973969643,-0.18690793444812426,0.922720972694592,0.18560818415146785,-0.19374629472560467,1.0412581839472501,,6,0.16666666666666666
TW,R,rolling,2,4,96,36,2010-01,2017-12,2018-01,2020-12,96,36,27389,fixed,6,0.03,equal,D_top_cagr,822,0,0,822,0.2811100237397106,-0.19162232648970257,0.9436545360767595,0.2171021933234636,-0.20058118766055477,1.1500019763981102,,6,0.3260340632603406
TW,R,rolling,2,4,96,36,2010-01,2017-12,2018-01,2020-12,96,36,27389,fixed,6,0.03,equal,E_top_calmar,822,0,0,822,0.26341628388632765,-0.16636980762571596,0.9390531180538598,0.19123723918251168,-0.19235614428745917,1.0748119177523434,,6,0.30413625304136255
TW,R,rolling,2,4,96,36,2010-01,2017-12,2018-01,2020-12,96,36,27389,fixed,6,0.03,proportional,A_hrp,822,0,93,822,0.1904434237182404,-0.18911748701251696,1.1460450378080806,0.18198512534922462,-0.19560532472749215,1.0194514612025,,6,0.39172749391727496
TW,R,rolling,2,4,96,36,2010-01,2017-12,2018-01,2020-12,96,36,27389,fixed,6,0.03,proportional,D_top_cagr,822,0,0,822,0.2811100237397106,-0.19162232648970257,0.9436545360767595,0.2171021933234636,-0.20058118766055477,1.1500019763981102,,6,0.3260340632603406
TW,R,rolling,2,4,96,36,2010-01,2017-12,2018-01,2020-12,96,36,27389,fixed,6,0.03,proportional,E_top_calmar,822,0,0,822,0.26341628388632765,-0.16636980762571596,0.9390531180538598,0.19123723918251168,-0.19235614428745917,1.0748119177523434,,6,0.30413625304136255
TW,R,rolling,2,4,96,36,2010-01,2017-12,2018-01,2020-12,96,36,27389,fixed,6,0.05,equal,A_hrp,1369,0,597,1369,0.2110450732056559,-0.1858725114577583,1.0425036504150411,0.1838792801242397,-0.19186361974485078,1.0396428440750998,,6,0.1672753834915997
TW,R,rolling,2,4,96,36,2010-01,2017-12,2018-01,2020-12,96,36,27389,fixed,6,0.05,equal,D_top_cagr,1369,0,0,1369,0.24813167223753574,-0.19325686336278802,1.1022052607271813,0.21001652789304437,-0.1995169499068712,1.1253231280958917,,6,0.24324324324324326
TW,R,rolling,2,4,96,36,2010-01,2017-12,2018-01,2020-12,96,36,27389,fixed,6,0.05,equal,E_top_calmar,1369,0,0,1369,0.2338760142868348,-0.17087999694830358,1.089438725060862,0.1877894444455921,-0.19136244724484552,1.0628002809085912,,6,0.28122717311906503
TW,R,rolling,2,4,96,36,2010-01,2017-12,2018-01,2020-12,96,36,27389,fixed,6,0.05,proportional,A_hrp,1369,0,270,1369,0.17437577730883813,-0.20070279526947832,1.0763040034034934,0.18388816507135508,-0.1943733055117116,1.0218393040880476,,6,0.3915266617969321
TW,R,rolling,2,4,96,36,2010-01,2017-12,2018-01,2020-12,96,36,27389,fixed,6,0.05,proportional,D_top_cagr,1369,0,0,1369,0.24813167223753574,-0.19325686336278802,1.1022052607271813,0.21001652789304437,-0.1995169499068712,1.1253231280958917,,6,0.24324324324324326
TW,R,rolling,2,4,96,36,2010-01,2017-12,2018-01,2020-12,96,36,27389,fixed,6,0.05,proportional,E_top_calmar,1369,0,0,1369,0.2338760142868348,-0.17087999694830358,1.089438725060862,0.1877894444455921,-0.19136244724484552,1.0628002809085912,,6,0.28122717311906503
TW,R,rolling,2,4,96,36,2010-01,2017-12,2018-01,2020-12,96,36,27389,fixed,6,0.1,equal,A_hrp,2739,0,1698,2739,0.18667370353220525,-0.18952390217965054,1.1173120352276589,0.17995884697279463,-0.19022311121529445,1.0241619840405731,,6,0.16684921504198613
TW,R,rolling,2,4,96,36,2010-01,2017-12,2018-01,2020-12,96,36,27389,fixed,6,0.1,equal,D_top_cagr,2739,0,0,2739,0.2115958973002976,-0.19750974891760875,1.1954202858589755,0.2015661688273851,-0.19742277716059453,1.098979079242824,,6,0.2617743702081051
TW,R,rolling,2,4,96,36,2010-01,2017-12,2018-01,2020-12,96,36,27389,fixed,6,0.1,equal,E_top_calmar,2739,0,0,2739,0.20180743124325962,-0.1796870511570664,1.1902394135687306,0.18716172334143955,-0.19111422958840363,1.059178743125113,,6,0.31252281854691494
TW,R,rolling,2,4,96,36,2010-01,2017-12,2018-01,2020-12,96,36,27389,fixed,6,0.1,proportional,A_hrp,2739,0,1537,2739,0.17433602391208924,-0.19242019017576473,1.1309838408313513,0.1897044975238158,-0.1928535680111848,1.0543699847660737,,6,0.39174881343556045
TW,R,rolling,2,4,96,36,2010-01,2017-12,2018-01,2020-12,96,36,27389,fixed,6,0.1,proportional,D_top_cagr,2739,0,0,2739,0.2115958973002976,-0.19750974891760875,1.1954202858589755,0.2015661688273851,-0.19742277716059453,1.098979079242824,,6,0.2617743702081051
TW,R,rolling,2,4,96,36,2010-01,2017-12,2018-01,2020-12,96,36,27389,fixed,6,0.1,proportional,E_top_calmar,2739,0,0,2739,0.20180743124325962,-0.1796870511570664,1.1902394135687306,0.18716172334143955,-0.19111422958840363,1.059178743125113,,6,0.31252281854691494
TW,R,rolling,2,4,96,36,2010-01,2017-12,2018-01,2020-12,96,36,27389,silhouette_is,4,all,unallocated,B_all,27389,0,0,27389,0.10658057616814842,-0.2275084725933505,0.7643782816486497,0.16806681927916767,-0.19391558168306278,0.9578815171866696,,4,0.49731644090693344
TW,R,rolling,2,4,96,36,2010-01,2017-12,2018-01,2020-12,96,36,27389,silhouette_is,4,legacy,equal,A_hrp,20,0,0,20,0.3087814273225984,-0.14742705609341233,1.036125218808992,0.20511075975806303,-0.1910471085945772,1.1326543518632677,2.688034456898497,4,0.25
TW,R,rolling,2,4,96,36,2010-01,2017-12,2018-01,2020-12,96,36,27389,silhouette_is,4,legacy,equal,D_top_cagr,20,0,0,20,0.6306184076423367,-0.22510888349349278,0.40082891799694204,0.3233560736126855,-0.21300792358138587,1.22382819356102,2.6005086014689915,1,1.0
TW,R,rolling,2,4,96,36,2010-01,2017-12,2018-01,2020-12,96,36,27389,silhouette_is,4,legacy,equal,E_top_calmar,20,0,0,20,0.5781458073039754,-0.1943985667966599,0.4166516309242312,0.20506541567817793,-0.2107798151955238,1.0268345518027218,2.1825609553862892,1,1.0
TW,R,rolling,2,4,96,36,2010-01,2017-12,2018-01,2020-12,96,36,27389,silhouette_is,4,legacy,proportional,A_hrp,20,0,0,20,0.32254518990323433,-0.1282305900913976,1.1282993824274232,0.2192433784950656,-0.19357488809567358,1.1553937014529545,2.691263983030545,4,0.5
TW,R,rolling,2,4,96,36,2010-01,2017-12,2018-01,2020-12,96,36,27389,silhouette_is,4,legacy,proportional,D_top_cagr,20,0,0,20,0.6306184076423367,-0.22510888349349278,0.40082891799694204,0.3233560736126855,-0.21300792358138587,1.22382819356102,2.6005086014689915,1,1.0
TW,R,rolling,2,4,96,36,2010-01,2017-12,2018-01,2020-12,96,36,27389,silhouette_is,4,legacy,proportional,E_top_calmar,20,0,0,20,0.5781458073039754,-0.1943985667966599,0.4166516309242312,0.20506541567817793,-0.2107798151955238,1.0268345518027218,2.1825609553862892,1,1.0
TW,R,rolling,2,4,96,36,2010-01,2017-12,2018-01,2020-12,96,36,27389,silhouette_is,4,0.01,equal,A_hrp,274,0,92,274,0.3169884745124625,-0.17347408633705852,0.7304130963245854,0.20376506038326836,-0.19618466698617643,1.1055726727750528,3.2484492723729743,4,0.2518248175182482
TW,R,rolling,2,4,96,36,2010-01,2017-12,2018-01,2020-12,96,36,27389,silhouette_is,4,0.01,equal,D_top_cagr,274,0,0,274,0.3687235695710456,-0.1961498073309983,0.6093203190623723,0.23410371235334648,-0.21008357943134093,1.1717903675751753,2.767062488735583,4,0.5802919708029197
TW,R,rolling,2,4,96,36,2010-01,2017-12,2018-01,2020-12,96,36,27389,silhouette_is,4,0.01,equal,E_top_calmar,274,0,0,274,0.349740377523317,-0.161225725796315,0.6266183014797754,0.2171013150692933,-0.19422933739451476,1.1513567792675046,2.4799173715361893,4,0.4927007299270073
TW,R,rolling,2,4,96,36,2010-01,2017-12,2018-01,2020-12,96,36,27389,silhouette_is,4,0.01,proportional,A_hrp,274,0,4,274,0.21031480622707033,-0.17282507077870723,1.321586180555987,0.19032310978995937,-0.1912203106849779,1.0672299260439173,3.3293411480058808,4,0.49635036496350365
TW,R,rolling,2,4,96,36,2010-01,2017-12,2018-01,2020-12,96,36,27389,silhouette_is,4,0.01,proportional,D_top_cagr,274,0,0,274,0.3687235695710456,-0.1961498073309983,0.6093203190623723,0.23410371235334648,-0.21008357943134093,1.1717903675751753,2.767062488735583,4,0.5802919708029197
TW,R,rolling,2,4,96,36,2010-01,2017-12,2018-01,2020-12,96,36,27389,silhouette_is,4,0.01,proportional,E_top_calmar,274,0,0,274,0.349740377523317,-0.161225725796315,0.6266183014797754,0.2171013150692933,-0.19422933739451476,1.1513567792675046,2.4799173715361893,4,0.4927007299270073
TW,R,rolling,2,4,96,36,2010-01,2017-12,2018-01,2020-12,96,36,27389,silhouette_is,4,0.03,equal,A_hrp,822,0,366,822,0.2433047501474901,-0.18494292819194846,0.909784575094968,0.186612417211949,-0.1923624782969724,1.0417576605897,,4,0.25060827250608275
TW,R,rolling,2,4,96,36,2010-01,2017-12,2018-01,2020-12,96,36,27389,silhouette_is,4,0.03,equal,D_top_cagr,822,0,0,822,0.2811100237397106,-0.19162232648970257,0.9436545360767595,0.2171021933234636,-0.20058118766055477,1.1500019763981102,,4,0.4744525547445255
TW,R,rolling,2,4,96,36,2010-01,2017-12,2018-01,2020-12,96,36,27389,silhouette_is,4,0.03,equal,E_top_calmar,822,0,0,822,0.26341628388632765,-0.16636980762571596,0.9390531180538598,0.19123723918251168,-0.19235614428745917,1.0748119177523434,,4,0.5888077858880778
TW,R,rolling,2,4,96,36,2010-01,2017-12,2018-01,2020-12,96,36,27389,silhouette_is,4,0.03,proportional,A_hrp,822,0,47,822,0.1769243219320611,-0.20214856732999775,1.0814507458095117,0.17961725893955127,-0.19458895136840704,1.0104809725447819,,4,0.4975669099756691
TW,R,rolling,2,4,96,36,2010-01,2017-12,2018-01,2020-12,96,36,27389,silhouette_is,4,0.03,proportional,D_top_cagr,822,0,0,822,0.2811100237397106,-0.19162232648970257,0.9436545360767595,0.2171021933234636,-0.20058118766055477,1.1500019763981102,,4,0.4744525547445255
TW,R,rolling,2,4,96,36,2010-01,2017-12,2018-01,2020-12,96,36,27389,silhouette_is,4,0.03,proportional,E_top_calmar,822,0,0,822,0.26341628388632765,-0.16636980762571596,0.9390531180538598,0.19123723918251168,-0.19235614428745917,1.0748119177523434,,4,0.5888077858880778
TW,R,rolling,2,4,96,36,2010-01,2017-12,2018-01,2020-12,96,36,27389,silhouette_is,4,0.05,equal,A_hrp,1369,0,640,1369,0.20719028499366376,-0.1959034761700893,0.9820239188050051,0.18045674052182026,-0.1931965661226983,1.0141145341519475,,4,0.2505478451424397
TW,R,rolling,2,4,96,36,2010-01,2017-12,2018-01,2020-12,96,36,27389,silhouette_is,4,0.05,equal,D_top_cagr,1369,0,0,1369,0.24813167223753574,-0.19325686336278802,1.1022052607271813,0.21001652789304437,-0.1995169499068712,1.1253231280958917,,4,0.5215485756026297
TW,R,rolling,2,4,96,36,2010-01,2017-12,2018-01,2020-12,96,36,27389,silhouette_is,4,0.05,equal,E_top_calmar,1369,0,0,1369,0.2338760142868348,-0.17087999694830358,1.089438725060862,0.1877894444455921,-0.19136244724484552,1.0628002809085912,,4,0.6252739225712198
TW,R,rolling,2,4,96,36,2010-01,2017-12,2018-01,2020-12,96,36,27389,silhouette_is,4,0.05,proportional,A_hrp,1369,0,321,1369,0.1716438498106354,-0.19829386507880997,1.0689930282270466,0.1800693570724312,-0.19450900969809692,1.0087897342123868,,4,0.4974433893352812
TW,R,rolling,2,4,96,36,2010-01,2017-12,2018-01,2020-12,96,36,27389,silhouette_is,4,0.05,proportional,D_top_cagr,1369,0,0,1369,0.24813167223753574,-0.19325686336278802,1.1022052607271813,0.21001652789304437,-0.1995169499068712,1.1253231280958917,,4,0.5215485756026297
TW,R,rolling,2,4,96,36,2010-01,2017-12,2018-01,2020-12,96,36,27389,silhouette_is,4,0.05,proportional,E_top_calmar,1369,0,0,1369,0.2338760142868348,-0.17087999694830358,1.089438725060862,0.1877894444455921,-0.19136244724484552,1.0628002809085912,,4,0.6252739225712198
TW,R,rolling,2,4,96,36,2010-01,2017-12,2018-01,2020-12,96,36,27389,silhouette_is,4,0.1,equal,A_hrp,2739,0,1609,2739,0.17171917607372955,-0.20369141409427927,1.0073817063060908,0.17607305294493414,-0.19223021340211544,0.9931132104979131,,4,0.25009127418765975
TW,R,rolling,2,4,96,36,2010-01,2017-12,2018-01,2020-12,96,36,27389,silhouette_is,4,0.1,equal,D_top_cagr,2739,0,0,2739,0.2115958973002976,-0.19750974891760875,1.1954202858589755,0.2015661688273851,-0.19742277716059453,1.098979079242824,,4,0.5549470609711573
TW,R,rolling,2,4,96,36,2010-01,2017-12,2018-01,2020-12,96,36,27389,silhouette_is,4,0.1,equal,E_top_calmar,2739,0,0,2739,0.20180743124325962,-0.1796870511570664,1.1902394135687306,0.18716172334143955,-0.19111422958840363,1.059178743125113,,4,0.6316173786053304
TW,R,rolling,2,4,96,36,2010-01,2017-12,2018-01,2020-12,96,36,27389,silhouette_is,4,0.1,proportional,A_hrp,2739,0,1609,2739,0.17352672585420992,-0.18984938291888487,1.1361232338102127,0.18678313796247847,-0.19423565263643583,1.043777753339947,,4,0.49726177437020813
TW,R,rolling,2,4,96,36,2010-01,2017-12,2018-01,2020-12,96,36,27389,silhouette_is,4,0.1,proportional,D_top_cagr,2739,0,0,2739,0.2115958973002976,-0.19750974891760875,1.1954202858589755,0.2015661688273851,-0.19742277716059453,1.098979079242824,,4,0.5549470609711573
TW,R,rolling,2,4,96,36,2010-01,2017-12,2018-01,2020-12,96,36,27389,silhouette_is,4,0.1,proportional,E_top_calmar,2739,0,0,2739,0.20180743124325962,-0.1796870511570664,1.1902394135687306,0.18716172334143955,-0.19111422958840363,1.059178743125113,,4,0.6316173786053304
TW,R,rolling,3,4,96,36,2013-01,2020-12,2021-01,2023-12,96,36,27389,fixed,6,all,unallocated,B_all,27389,0,0,27389,0.15878592108721,-0.19391558168306278,1.1327814492284212,0.1967102294554668,-0.13250896264230083,1.1274553167556165,,6,0.3773777794004892
TW,R,rolling,3,4,96,36,2013-01,2020-12,2021-01,2023-12,96,36,27389,fixed,6,legacy,equal,A_hrp,30,0,0,30,0.29183230719496045,-0.13104567078608287,1.903364464244549,0.26394085473653695,-0.13430749219340465,1.4180819934505933,3.2104798262309995,6,0.16666666666666666
TW,R,rolling,3,4,96,36,2013-01,2020-12,2021-01,2023-12,96,36,27389,fixed,6,legacy,equal,D_top_cagr,30,0,0,30,0.4148423994495207,-0.21812791979962676,1.0829990744541291,0.2746402603365219,-0.1318569015210861,1.3495971431564886,1.9246673564635484,2,0.9
TW,R,rolling,3,4,96,36,2013-01,2020-12,2021-01,2023-12,96,36,27389,fixed,6,legacy,equal,E_top_calmar,30,0,0,30,0.32908339597535163,-0.12402596344606842,1.576882871961527,0.25512408967469913,-0.12305130558702404,1.4239769593192895,2.869624851404572,5,0.36666666666666664
TW,R,rolling,3,4,96,36,2013-01,2020-12,2021-01,2023-12,96,36,27389,fixed,6,legacy,proportional,A_hrp,30,0,0,30,0.2810388504331829,-0.12421518160322054,1.9745151093496551,0.26694802519071836,-0.13072281088780124,1.4371615292058273,3.2565537862009672,6,0.36666666666666664
TW,R,rolling,3,4,96,36,2013-01,2020-12,2021-01,2023-12,96,36,27389,fixed,6,legacy,proportional,D_top_cagr,30,0,0,30,0.4148423994495207,-0.21812791979962676,1.0829990744541291,0.2746402603365219,-0.1318569015210861,1.3495971431564886,1.9246673564635484,2,0.9
TW,R,rolling,3,4,96,36,2013-01,2020-12,2021-01,2023-12,96,36,27389,fixed,6,legacy,proportional,E_top_calmar,30,0,0,30,0.32908339597535163,-0.12402596344606842,1.576882871961527,0.25512408967469913,-0.12305130558702404,1.4239769593192895,2.869624851404572,5,0.36666666666666664
TW,R,rolling,3,4,96,36,2013-01,2020-12,2021-01,2023-12,96,36,27389,fixed,6,0.01,equal,A_hrp,274,0,31,274,0.25762017279214366,-0.16198835261645605,1.6425345719295585,0.2519724924141047,-0.13162254027401832,1.3475454490044878,3.5220148033700776,6,0.1678832116788321
TW,R,rolling,3,4,96,36,2013-01,2020-12,2021-01,2023-12,96,36,27389,fixed,6,0.01,equal,D_top_cagr,274,0,0,274,0.3178545864637998,-0.2181153545229384,1.3925840867058819,0.26722442242277467,-0.13739059915463236,1.3454356576014954,2.4083077754411946,6,0.5912408759124088
TW,R,rolling,3,4,96,36,2013-01,2020-12,2021-01,2023-12,96,36,27389,fixed,6,0.01,equal,E_top_calmar,274,0,0,274,0.27866482656387914,-0.1438994205563341,1.6801568094264256,0.2528435728416205,-0.13137260158667552,1.343743681302709,2.8963505069412787,6,0.33941605839416056
TW,R,rolling,3,4,96,36,2013-01,2020-12,2021-01,2023-12,96,36,27389,fixed,6,0.01,proportional,A_hrp,274,0,0,274,0.23358160799546357,-0.1543082821367575,1.6489975520036013,0.24798980033813267,-0.1300258204905449,1.3317957134453076,3.5913360762579942,6,0.3759124087591241
TW,R,rolling,3,4,96,36,2013-01,2020-12,2021-01,2023-12,96,36,27389,fixed,6,0.01,proportional,D_top_cagr,274,0,0,274,0.3178545864637998,-0.2181153545229384,1.3925840867058819,0.26722442242277467,-0.13739059915463236,1.3454356576014954,2.4083077754411946,6,0.5912408759124088
TW,R,rolling,3,4,96,36,2013-01,2020-12,2021-01,2023-12,96,36,27389,fixed,6,0.01,proportional,E_top_calmar,274,0,0,274,0.27866482656387914,-0.1438994205563341,1.6801568094264256,0.2528435728416205,-0.13137260158667552,1.343743681302709,2.8963505069412787,6,0.33941605839416056
TW,R,rolling,3,4,96,36,2013-01,2020-12,2021-01,2023-12,96,36,27389,fixed,6,0.03,equal,A_hrp,822,0,145,822,0.22004226492013013,-0.1815618703170203,1.4533134076525576,0.23632758630578365,-0.13196431313046353,1.2929126437427854,,6,0.16666666666666666
TW,R,rolling,3,4,96,36,2013-01,2020-12,2021-01,2023-12,96,36,27389,fixed,6,0.03,equal,D_top_cagr,822,0,0,822,0.27790200335054727,-0.20616752693089713,1.530335729772374,0.2605393297847849,-0.13858712668046458,1.3048467311718157,,6,0.32116788321167883
TW,R,rolling,3,4,96,36,2013-01,2020-12,2021-01,2023-12,96,36,27389,fixed,6,0.03,equal,E_top_calmar,822,0,0,822,0.252055242411344,-0.1521705424764701,1.6560397467906565,0.241515181517856,-0.13341712934807892,1.2868508944794383,,6,0.3333333333333333
TW,R,rolling,3,4,96,36,2013-01,2020-12,2021-01,2023-12,96,36,27389,fixed,6,0.03,proportional,A_hrp,822,0,27,822,0.19517753942570892,-0.17434891111561834,1.398864327276604,0.22741430227655157,-0.12844634874161243,1.2648253101251776,,6,0.3771289537712895
TW,R,rolling,3,4,96,36,2013-01,2020-12,2021-01,2023-12,96,36,27389,fixed,6,0.03,proportional,D_top_cagr,822,0,0,822,0.27790200335054727,-0.20616752693089713,1.530335729772374,0.2605393297847849,-0.13858712668046458,1.3048467311718157,,6,0.32116788321167883
TW,R,rolling,3,4,96,36,2013-01,2020-12,2021-01,2023-12,96,36,27389,fixed,6,0.03,proportional,E_top_calmar,822,0,0,822,0.252055242411344,-0.1521705424764701,1.6560397467906565,0.241515181517856,-0.13341712934807892,1.2868508944794383,,6,0.3333333333333333
TW,R,rolling,3,4,96,36,2013-01,2020-12,2021-01,2023-12,96,36,27389,fixed,6,0.05,equal,A_hrp,1369,0,490,1369,0.21577005743051014,-0.1770267664967503,1.4450167076585123,0.2326210911411064,-0.13096742736782585,1.2763882881542175,,6,0.1672753834915997
TW,R,rolling,3,4,96,36,2013-01,2020-12,2021-01,2023-12,96,36,27389,fixed,6,0.05,equal,D_top_cagr,1369,0,0,1369,0.2619241099222067,-0.20230887238182793,1.5437438476391872,0.2561524267830959,-0.1391642225022217,1.2841454936069432,,6,0.3301680058436815
TW,R,rolling,3,4,96,36,2013-01,2020-12,2021-01,2023-12,96,36,27389,fixed,6,0.05,equal,E_top_calmar,1369,0,0,1369,0.2415811820147855,-0.1579201649178763,1.6218798304215527,0.23919551634320468,-0.1335742927521384,1.2731276732105092,,6,0.30387143900657415
TW,R,rolling,3,4,96,36,2013-01,2020-12,2021-01,2023-12,96,36,27389,fixed,6,0.05,proportional,A_hrp,1369,0,255,1369,0.18795005387388342,-0.1740178737599728,1.3495008260240735,0.22140755052610772,-0.12755152874815268,1.2457182009255332,,6,0.3776479181884587
TW,R,rolling,3,4,96,36,2013-01,2020-12,2021-01,2023-12,96,36,27389,fixed,6,0.05,proportional,D_top_cagr,1369,0,0,1369,0.2619241099222067,-0.20230887238182793,1.5437438476391872,0.2561524267830959,-0.1391642225022217,1.2841454936069432,,6,0.3301680058436815
TW,R,rolling,3,4,96,36,2013-01,2020-12,2021-01,2023-12,96,36,27389,fixed,6,0.05,proportional,E_top_calmar,1369,0,0,1369,0.2415811820147855,-0.1579201649178763,1.6218798304215527,0.23919551634320468,-0.1335742927521384,1.2731276732105092,,6,0.30387143900657415
TW,R,rolling,3,4,96,36,2013-01,2020-12,2021-01,2023-12,96,36,27389,fixed,6,0.1,equal,A_hrp,2739,1,1600,2739,0.21050980348663773,-0.17895874393662148,1.4282207326715588,0.22944749540990883,-0.1304722694970637,1.2552297517693844,,6,0.16684921504198613
TW,R,rolling,3,4,96,36,2013-01,2020-12,2021-01,2023-12,96,36,27389,fixed,6,0.1,equal,D_top_cagr,2739,1,0,2739,0.2420702852073282,-0.19873598115450364,1.5094272067968297,0.2466001424272004,-0.1388847424815699,1.2507098524698435,,6,0.3092369477911647
TW,R,rolling,3,4,96,36,2013-01,2020-12,2021-01,2023-12,96,36,27389,fixed,6,0.1,equal,E_top_calmar,2739,1,0,2739,0.22804164234886626,-0.16742638736784432,1.5552456344054748,0.2354162968804958,-0.13298679906579514,1.2523286588876756,,6,0.24717050018254838
TW,R,rolling,3,4,96,36,2013-01,2020-12,2021-01,2023-12,96,36,27389,fixed,6,0.1,proportional,A_hrp,2739,0,1564,2739,0.20046718984631284,-0.17134959762354807,1.4229371702246623,0.2272762152103751,-0.12805856464429288,1.2532925026071566,,6,0.37751004016064255
TW,R,rolling,3,4,96,36,2013-01,2020-12,2021-01,2023-12,96,36,27389,fixed,6,0.1,proportional,D_top_cagr,2739,0,0,2739,0.2420702852073282,-0.19873598115450364,1.5094272067968297,0.2466001424272004,-0.1388847424815699,1.2507098524698435,,6,0.3092369477911647
TW,R,rolling,3,4,96,36,2013-01,2020-12,2021-01,2023-12,96,36,27389,fixed,6,0.1,proportional,E_top_calmar,2739,0,0,2739,0.22804164234886626,-0.16742638736784432,1.5552456344054748,0.2354162968804958,-0.13298679906579514,1.2523286588876756,,6,0.24717050018254838
TW,R,rolling,3,4,96,36,2013-01,2020-12,2021-01,2023-12,96,36,27389,silhouette_is,4,all,unallocated,B_all,27389,0,0,27389,0.15878592108721,-0.19391558168306278,1.1327814492284212,0.1967102294554668,-0.13250896264230083,1.1274553167556165,,4,0.4549271605389025
TW,R,rolling,3,4,96,36,2013-01,2020-12,2021-01,2023-12,96,36,27389,silhouette_is,4,legacy,equal,A_hrp,20,0,0,20,0.29859411657185886,-0.11471719455456886,2.0150797024245577,0.2675807039391993,-0.1282238863541213,1.4783061869565668,3.252045348645136,4,0.25
TW,R,rolling,3,4,96,36,2013-01,2020-12,2021-01,2023-12,96,36,27389,silhouette_is,4,legacy,equal,D_top_cagr,20,0,0,20,0.4289590357888946,-0.21941471350532848,1.043264244363918,0.26588270147720716,-0.1306039590045831,1.3126661003330855,1.7771583765383474,1,1.0
TW,R,rolling,3,4,96,36,2013-01,2020-12,2021-01,2023-12,96,36,27389,silhouette_is,4,legacy,equal,E_top_calmar,20,0,0,20,0.327623600526443,-0.1082838654649474,1.616492463475598,0.2552650621556718,-0.1161828486712172,1.4791112893890281,2.9266292872846775,4,0.4
TW,R,rolling,3,4,96,36,2013-01,2020-12,2021-01,2023-12,96,36,27389,silhouette_is,4,legacy,proportional,A_hrp,20,0,0,20,0.28897464594220335,-0.1133556342751213,1.9951483246101374,0.256412701711922,-0.1230314564059054,1.436835970314271,3.2020888177463434,4,0.45
TW,R,rolling,3,4,96,36,2013-01,2020-12,2021-01,2023-12,96,36,27389,silhouette_is,4,legacy,proportional,D_top_cagr,20,0,0,20,0.4289590357888946,-0.21941471350532848,1.043264244363918,0.26588270147720716,-0.1306039590045831,1.3126661003330855,1.7771583765383474,1,1.0
TW,R,rolling,3,4,96,36,2013-01,2020-12,2021-01,2023-12,96,36,27389,silhouette_is,4,legacy,proportional,E_top_calmar,20,0,0,20,0.327623600526443,-0.1082838654649474,1.616492463475598,0.2552650621556718,-0.1161828486712172,1.4791112893890281,2.9266292872846775,4,0.4
TW,R,rolling,3,4,96,36,2013-01,2020-12,2021-01,2023-12,96,36,27389,silhouette_is,4,0.01,equal,A_hrp,274,0,0,274,0.22846642205197853,-0.15358127810697864,1.63076161616455,0.24145614740419652,-0.13361760808300172,1.3136275163088948,3.8260674287959815,4,0.2518248175182482
TW,R,rolling,3,4,96,36,2013-01,2020-12,2021-01,2023-12,96,36,27389,silhouette_is,4,0.01,equal,D_top_cagr,274,0,0,274,0.3178545864637998,-0.2181153545229384,1.3925840867058819,0.26722442242277467,-0.13739059915463236,1.3454356576014954,2.4083077754411946,4,0.8321167883211679
TW,R,rolling,3,4,96,36,2013-01,2020-12,2021-01,2023-12,96,36,27389,silhouette_is,4,0.01,equal,E_top_calmar,274,0,0,274,0.27866482656387914,-0.1438994205563341,1.6801568094264256,0.2528435728416205,-0.13137260158667552,1.343743681302709,2.8963505069412787,4,0.33941605839416056
TW,R,rolling,3,4,96,36,2013-01,2020-12,2021-01,2023-12,96,36,27389,silhouette_is,4,0.01,proportional,A_hrp,274,0,0,274,0.23260974500811193,-0.15596825958144722,1.6499691321528909,0.24543027537032702,-0.13323611351236997,1.3249601990963749,3.701208159991335,4,0.4562043795620438
TW,R,rolling,3,4,96,36,2013-01,2020-12,2021-01,2023-12,96,36,27389,silhouette_is,4,0.01,proportional,D_top_cagr,274,0,0,274,0.3178545864637998,-0.2181153545229384,1.3925840867058819,0.26722442242277467,-0.13739059915463236,1.3454356576014954,2.4083077754411946,4,0.8321167883211679
TW,R,rolling,3,4,96,36,2013-01,2020-12,2021-01,2023-12,96,36,27389,silhouette_is,4,0.01,proportional,E_top_calmar,274,0,0,274,0.27866482656387914,-0.1438994205563341,1.6801568094264256,0.2528435728416205,-0.13137260158667552,1.343743681302709,2.8963505069412787,4,0.33941605839416056
TW,R,rolling,3,4,96,36,2013-01,2020-12,2021-01,2023-12,96,36,27389,silhouette_is,4,0.03,equal,A_hrp,822,0,144,822,0.19650172370850472,-0.1639619555285895,1.419977110083904,0.22397169193987,-0.1304867385046058,1.2513150972557276,,4,0.25060827250608275
TW,R,rolling,3,4,96,36,2013-01,2020-12,2021-01,2023-12,96,36,27389,silhouette_is,4,0.03,equal,D_top_cagr,822,0,0,822,0.27790200335054727,-0.20616752693089713,1.530335729772374,0.2605393297847849,-0.13858712668046458,1.3048467311718157,,4,0.6289537712895377
TW,R,rolling,3,4,96,36,2013-01,2020-12,2021-01,2023-12,96,36,27389,silhouette_is,4,0.03,equal,E_top_calmar,822,0,0,822,0.252055242411344,-0.1521705424764701,1.6560397467906565,0.241515181517856,-0.13341712934807892,1.2868508944794383,,4,0.3333333333333333
TW,R,rolling,3,4,96,36,2013-01,2020-12,2021-01,2023-12,96,36,27389,silhouette_is,4,0.03,proportional,A_hrp,822,0,27,822,0.19273856200714623,-0.17599937512786112,1.3846470680616867,0.22523197814143137,-0.13042056827708937,1.2569376846212708,,4,0.45498783454987834
TW,R,rolling,3,4,96,36,2013-01,2020-12,2021-01,2023-12,96,36,27389,silhouette_is,4,0.03,proportional,D_top_cagr,822,0,0,822,0.27790200335054727,-0.20616752693089713,1.530335729772374,0.2605393297847849,-0.13858712668046458,1.3048467311718157,,4,0.6289537712895377
TW,R,rolling,3,4,96,36,2013-01,2020-12,2021-01,2023-12,96,36,27389,silhouette_is,4,0.03,proportional,E_top_calmar,822,0,0,822,0.252055242411344,-0.1521705424764701,1.6560397467906565,0.241515181517856,-0.13341712934807892,1.2868508944794383,,4,0.3333333333333333
TW,R,rolling,3,4,96,36,2013-01,2020-12,2021-01,2023-12,96,36,27389,silhouette_is,4,0.05,equal,A_hrp,1369,0,547,1369,0.21136491312355088,-0.16542241759596832,1.4819167094431556,0.22685500253691604,-0.1296774788195728,1.2616003500990636,,4,0.2505478451424397
TW,R,rolling,3,4,96,36,2013-01,2020-12,2021-01,2023-12,96,36,27389,silhouette_is,4,0.05,equal,D_top_cagr,1369,0,0,1369,0.2619241099222067,-0.20230887238182793,1.5437438476391872,0.2561524267830959,-0.1391642225022217,1.2841454936069432,,4,0.5412710007304602
TW,R,rolling,3,4,96,36,2013-01,2020-12,2021-01,2023-12,96,36,27389,silhouette_is,4,0.05,equal,E_top_calmar,1369,0,0,1369,0.2415811820147855,-0.1579201649178763,1.6218798304215527,0.23919551634320468,-0.1335742927521384,1.2731276732105092,,4,0.30387143900657415
TW,R,rolling,3,4,96,36,2013-01,2020-12,2021-01,2023-12,96,36,27389,silhouette_is,4,0.05,proportional,A_hrp,1369,0,317,1369,0.19172193889780242,-0.1732593517756439,1.3720380530855099,0.22290793979286705,-0.1294429541272557,1.2519198190307745,,4,0.4550766983199416
TW,R,rolling,3,4,96,36,2013-01,2020-12,2021-01,2023-12,96,36,27389,silhouette_is,4,0.05,proportional,D_top_cagr,1369,0,0,1369,0.2619241099222067,-0.20230887238182793,1.5437438476391872,0.2561524267830959,-0.1391642225022217,1.2841454936069432,,4,0.5412710007304602
TW,R,rolling,3,4,96,36,2013-01,2020-12,2021-01,2023-12,96,36,27389,silhouette_is,4,0.05,proportional,E_top_calmar,1369,0,0,1369,0.2415811820147855,-0.1579201649178763,1.6218798304215527,0.23919551634320468,-0.1335742927521384,1.2731276732105092,,4,0.30387143900657415
TW,R,rolling,3,4,96,36,2013-01,2020-12,2021-01,2023-12,96,36,27389,silhouette_is,4,0.1,equal,A_hrp,2739,0,1687,2739,0.20954738650843807,-0.17030082364699717,1.464887600450554,0.22519443017557594,-0.1299188104479292,1.2458316689951665,,4,0.25009127418765975
TW,R,rolling,3,4,96,36,2013-01,2020-12,2021-01,2023-12,96,36,27389,silhouette_is,4,0.1,equal,D_top_cagr,2739,0,0,2739,0.2420702852073282,-0.19873598115450364,1.5094272067968297,0.2466001424272004,-0.1388847424815699,1.2507098524698435,,4,0.4333698430083972
TW,R,rolling,3,4,96,36,2013-01,2020-12,2021-01,2023-12,96,36,27389,silhouette_is,4,0.1,equal,E_top_calmar,2739,0,0,2739,0.22804164234886626,-0.16742638736784432,1.5552456344054748,0.2354162968804958,-0.13298679906579514,1.2523286588876756,,4,0.357429718875502
TW,R,rolling,3,4,96,36,2013-01,2020-12,2021-01,2023-12,96,36,27389,silhouette_is,4,0.1,proportional,A_hrp,2739,0,1687,2739,0.20880781949395888,-0.17245192659341513,1.4591928545516755,0.23031935593167696,-0.13032942598847386,1.2605188587963294,,4,0.4549105512960935
TW,R,rolling,3,4,96,36,2013-01,2020-12,2021-01,2023-12,96,36,27389,silhouette_is,4,0.1,proportional,D_top_cagr,2739,0,0,2739,0.2420702852073282,-0.19873598115450364,1.5094272067968297,0.2466001424272004,-0.1388847424815699,1.2507098524698435,,4,0.4333698430083972
TW,R,rolling,3,4,96,36,2013-01,2020-12,2021-01,2023-12,96,36,27389,silhouette_is,4,0.1,proportional,E_top_calmar,2739,0,0,2739,0.22804164234886626,-0.16742638736784432,1.5552456344054748,0.2354162968804958,-0.13298679906579514,1.2523286588876756,,4,0.357429718875502
TW,R,rolling,4,4,96,36,2016-01,2023-12,2024-01,2025-12,96,24,27389,fixed,6,all,unallocated,B_all,27389,0,0,27389,0.18422327524649318,-0.19391558168306278,1.1560262114511863,0.02732092432205646,-0.13937358944542788,0.2781422395561582,,6,0.4500346854576655
TW,R,rolling,4,4,96,36,2016-01,2023-12,2024-01,2025-12,96,24,27389,fixed,6,legacy,equal,A_hrp,30,0,0,30,0.31985929497075727,-0.11768847603278465,1.8628168336439876,0.023452096952057522,-0.15373525558481826,0.2555822578657026,4.176222781508471,6,0.16666666666666666
TW,R,rolling,4,4,96,36,2016-01,2023-12,2024-01,2025-12,96,24,27389,fixed,6,legacy,equal,D_top_cagr,30,0,0,30,0.45167319372732107,-0.21765340419307289,1.1348509622889342,0.02298567274700658,-0.17100481299033776,0.25081421178191055,3.014656294949284,3,0.9333333333333333
TW,R,rolling,4,4,96,36,2016-01,2023-12,2024-01,2025-12,96,24,27389,fixed,6,legacy,equal,E_top_calmar,30,0,0,30,0.28276813437475057,-0.08981892290060223,1.873699842884915,-0.012444494140822715,-0.11893483933298976,-0.053618056853910114,2.9376734054915743,3,0.8333333333333334
TW,R,rolling,4,4,96,36,2016-01,2023-12,2024-01,2025-12,96,24,27389,fixed,6,legacy,proportional,A_hrp,30,0,0,30,0.3078021581369921,-0.11093320504838766,1.9106914002876814,0.004502640643821998,-0.15113439481301827,0.09833985403484187,3.987918447857306,6,0.43333333333333335
TW,R,rolling,4,4,96,36,2016-01,2023-12,2024-01,2025-12,96,24,27389,fixed,6,legacy,proportional,D_top_cagr,30,0,0,30,0.45167319372732107,-0.21765340419307289,1.1348509622889342,0.02298567274700658,-0.17100481299033776,0.25081421178191055,3.014656294949284,3,0.9333333333333333
TW,R,rolling,4,4,96,36,2016-01,2023-12,2024-01,2025-12,96,24,27389,fixed,6,legacy,proportional,E_top_calmar,30,0,0,30,0.28276813437475057,-0.08981892290060223,1.873699842884915,-0.012444494140822715,-0.11893483933298976,-0.053618056853910114,2.9376734054915743,3,0.8333333333333334
TW,R,rolling,4,4,96,36,2016-01,2023-12,2024-01,2025-12,96,24,27389,fixed,6,0.01,equal,A_hrp,274,0,31,274,0.28365646444750636,-0.16077413631975435,1.604035948971769,0.023181581948502394,-0.14649643632392484,0.25409904101850406,5.007905663268613,6,0.1678832116788321
TW,R,rolling,4,4,96,36,2016-01,2023-12,2024-01,2025-12,96,24,27389,fixed,6,0.01,equal,D_top_cagr,274,0,0,274,0.35401167483872986,-0.21679618579580462,1.4137736682395123,0.051070195698583065,-0.15171860290881456,0.47259598935298186,3.6549939979441324,6,0.583941605839416
TW,R,rolling,4,4,96,36,2016-01,2023-12,2024-01,2025-12,96,24,27389,fixed,6,0.01,equal,E_top_calmar,274,0,0,274,0.27255418642924245,-0.10821657143282737,1.7588001949080554,0.006595907775655663,-0.13379309813494544,0.11531064590802816,3.69634018604282,6,0.5948905109489051
TW,R,rolling,4,4,96,36,2016-01,2023-12,2024-01,2025-12,96,24,27389,fixed,6,0.01,proportional,A_hrp,274,0,0,274,0.25889335783498746,-0.14882972301674924,1.5871407810522373,0.018427951208620508,-0.14406768123052427,0.21162791342011805,5.043530277684237,6,0.4489051094890511
TW,R,rolling,4,4,96,36,2016-01,2023-12,2024-01,2025-12,96,24,27389,fixed,6,0.01,proportional,D_top_cagr,274,0,0,274,0.35401167483872986,-0.21679618579580462,1.4137736682395123,0.051070195698583065,-0.15171860290881456,0.47259598935298186,3.6549939979441324,6,0.583941605839416
TW,R,rolling,4,4,96,36,2016-01,2023-12,2024-01,2025-12,96,24,27389,fixed,6,0.01,proportional,E_top_calmar,274,0,0,274,0.27255418642924245,-0.10821657143282737,1.7588001949080554,0.006595907775655663,-0.13379309813494544,0.11531064590802816,3.69634018604282,6,0.5948905109489051
TW,R,rolling,4,4,96,36,2016-01,2023-12,2024-01,2025-12,96,24,27389,fixed,6,0.03,equal,A_hrp,822,0,215,822,0.25147937225158623,-0.1784551778390726,1.449655337716763,0.030702366406043957,-0.14531870460786955,0.3132558973536805,,6,0.16666666666666666
TW,R,rolling,4,4,96,36,2016-01,2023-12,2024-01,2025-12,96,24,27389,fixed,6,0.03,equal,D_top_cagr,822,0,0,822,0.31261563948589766,-0.21189001179862754,1.518743820895294,0.04410866380445477,-0.14837169332140465,0.41272224294242227,,6,0.2871046228710462
TW,R,rolling,4,4,96,36,2016-01,2023-12,2024-01,2025-12,96,24,27389,fixed,6,0.03,equal,E_top_calmar,822,0,0,822,0.26797016457737355,-0.1383321594466529,1.6549853797240428,0.019836470262683648,-0.1373601597020757,0.22625668403203095,,6,0.4075425790754258
TW,R,rolling,4,4,96,36,2016-01,2023-12,2024-01,2025-12,96,24,27389,fixed,6,0.03,proportional,A_hrp,822,0,49,822,0.22178492925946292,-0.17197496485170227,1.3851485574354319,0.02585148925806524,-0.14307965822163438,0.27158955342619556,,6,0.45012165450121655
TW,R,rolling,4,4,96,36,2016-01,2023-12,2024-01,2025-12,96,24,27389,fixed,6,0.03,proportional,D_top_cagr,822,0,0,822,0.31261563948589766,-0.21189001179862754,1.518743820895294,0.04410866380445477,-0.14837169332140465,0.41272224294242227,,6,0.2871046228710462
TW,R,rolling,4,4,96,36,2016-01,2023-12,2024-01,2025-12,96,24,27389,fixed,6,0.03,proportional,E_top_calmar,822,0,0,822,0.26797016457737355,-0.1383321594466529,1.6549853797240428,0.019836470262683648,-0.1373601597020757,0.22625668403203095,,6,0.4075425790754258
TW,R,rolling,4,4,96,36,2016-01,2023-12,2024-01,2025-12,96,24,27389,fixed,6,0.05,equal,A_hrp,1369,0,654,1369,0.2514614595753879,-0.17231200915414457,1.4769368019640727,0.03111368641679535,-0.14371837411402677,0.3176427860218407,,6,0.1672753834915997
TW,R,rolling,4,4,96,36,2016-01,2023-12,2024-01,2025-12,96,24,27389,fixed,6,0.05,equal,D_top_cagr,1369,0,0,1369,0.29578908535723913,-0.20714146830406654,1.516691837456535,0.03895041372125552,-0.1489849490989804,0.3700659396931109,,6,0.2870708546384222
TW,R,rolling,4,4,96,36,2016-01,2023-12,2024-01,2025-12,96,24,27389,fixed,6,0.05,equal,E_top_calmar,1369,0,0,1369,0.2600142242507524,-0.14743524138178632,1.601599872538735,0.019702006222136692,-0.1403809929670633,0.22396044591771513,,6,0.35135135135135137
TW,R,rolling,4,4,96,36,2016-01,2023-12,2024-01,2025-12,96,24,27389,fixed,6,0.05,proportional,A_hrp,1369,0,357,1369,0.214814472089621,-0.167125286762985,1.3686237067450278,0.02534195843553433,-0.14246679729250133,0.2671764962497071,,6,0.44996347699050404
TW,R,rolling,4,4,96,36,2016-01,2023-12,2024-01,2025-12,96,24,27389,fixed,6,0.05,proportional,D_top_cagr,1369,0,0,1369,0.29578908535723913,-0.20714146830406654,1.516691837456535,0.03895041372125552,-0.1489849490989804,0.3700659396931109,,6,0.2870708546384222
TW,R,rolling,4,4,96,36,2016-01,2023-12,2024-01,2025-12,96,24,27389,fixed,6,0.05,proportional,E_top_calmar,1369,0,0,1369,0.2600142242507524,-0.14743524138178632,1.601599872538735,0.019702006222136692,-0.1403809929670633,0.22396044591771513,,6,0.35135135135135137
TW,R,rolling,4,4,96,36,2016-01,2023-12,2024-01,2025-12,96,24,27389,fixed,6,0.1,equal,A_hrp,2739,1,1771,2739,0.2386010390612907,-0.17256461968768722,1.4460197034671651,0.02917697884661119,-0.14240661776135932,0.30041560605738465,,6,0.1759766338079591
TW,R,rolling,4,4,96,36,2016-01,2023-12,2024-01,2025-12,96,24,27389,fixed,6,0.1,equal,D_top_cagr,2739,1,0,2739,0.2735717434776064,-0.2030278494059481,1.4781095768398187,0.03668020627033042,-0.1481762924902369,0.3510559459333495,,6,0.2931726907630522
TW,R,rolling,4,4,96,36,2016-01,2023-12,2024-01,2025-12,96,24,27389,fixed,6,0.1,equal,E_top_calmar,2739,1,0,2739,0.24999221788975579,-0.16053418391669372,1.5237779307040837,0.024688604683313686,-0.14114378148526185,0.2625253869332802,,6,0.2836801752464403
TW,R,rolling,4,4,96,36,2016-01,2023-12,2024-01,2025-12,96,24,27389,fixed,6,0.1,proportional,A_hrp,2739,0,1722,2739,0.2275911632288785,-0.16361005289308939,1.4256528678763793,0.023977422694997585,-0.1414635037889047,0.25510980320730736,,6,0.45016429353778753
TW,R,rolling,4,4,96,36,2016-01,2023-12,2024-01,2025-12,96,24,27389,fixed,6,0.1,proportional,D_top_cagr,2739,0,0,2739,0.2735717434776064,-0.2030278494059481,1.4781095768398187,0.03668020627033042,-0.1481762924902369,0.3510559459333495,,6,0.2931726907630522
TW,R,rolling,4,4,96,36,2016-01,2023-12,2024-01,2025-12,96,24,27389,fixed,6,0.1,proportional,E_top_calmar,2739,0,0,2739,0.24999221788975579,-0.16053418391669372,1.5237779307040837,0.024688604683313686,-0.14114378148526185,0.2625253869332802,,6,0.2836801752464403
TW,R,rolling,4,4,96,36,2016-01,2023-12,2024-01,2025-12,96,24,27389,silhouette_is,4,all,unallocated,B_all,27389,0,0,27389,0.18422327524649318,-0.19391558168306278,1.1560262114511863,0.02732092432205646,-0.13937358944542788,0.2781422395561582,,4,0.4500346854576655
TW,R,rolling,4,4,96,36,2016-01,2023-12,2024-01,2025-12,96,24,27389,silhouette_is,4,legacy,equal,A_hrp,20,0,0,20,0.3168811600970898,-0.10725487078889828,2.005943743500844,0.009646338152002443,-0.14609019226477182,0.1414207699551428,4.059894429431274,4,0.25
TW,R,rolling,4,4,96,36,2016-01,2023-12,2024-01,2025-12,96,24,27389,silhouette_is,4,legacy,equal,D_top_cagr,20,0,0,20,0.4677534928020124,-0.21990983624803884,1.087592039984275,0.020016400656210465,-0.16180761259425647,0.22897902839816345,2.917668734763217,1,1.0
TW,R,rolling,4,4,96,36,2016-01,2023-12,2024-01,2025-12,96,24,27389,silhouette_is,4,legacy,equal,E_top_calmar,20,0,0,20,0.3029794806123782,-0.08788664794782519,1.7767518908550808,-0.012259947548052597,-0.11191341066610505,-0.056101594618017295,2.895132723220497,3,0.75
TW,R,rolling,4,4,96,36,2016-01,2023-12,2024-01,2025-12,96,24,27389,silhouette_is,4,legacy,proportional,A_hrp,20,0,0,20,0.30903436969943066,-0.10685618465338365,1.9310237871881706,-0.006815524547324925,-0.14740544646334008,0.0032270234034370814,3.6447413656124352,4,0.45
TW,R,rolling,4,4,96,36,2016-01,2023-12,2024-01,2025-12,96,24,27389,silhouette_is,4,legacy,proportional,D_top_cagr,20,0,0,20,0.4677534928020124,-0.21990983624803884,1.087592039984275,0.020016400656210465,-0.16180761259425647,0.22897902839816345,2.917668734763217,1,1.0
TW,R,rolling,4,4,96,36,2016-01,2023-12,2024-01,2025-12,96,24,27389,silhouette_is,4,legacy,proportional,E_top_calmar,20,0,0,20,0.3029794806123782,-0.08788664794782519,1.7767518908550808,-0.012259947548052597,-0.11191341066610505,-0.056101594618017295,2.895132723220497,3,0.75
TW,R,rolling,4,4,96,36,2016-01,2023-12,2024-01,2025-12,96,24,27389,silhouette_is,4,0.01,equal,A_hrp,274,0,0,274,0.25047780148824605,-0.15402626190692836,1.5771679801391183,0.016058422717178278,-0.14318330406464608,0.19326850603376022,5.4295458875580245,4,0.2518248175182482
TW,R,rolling,4,4,96,36,2016-01,2023-12,2024-01,2025-12,96,24,27389,silhouette_is,4,0.01,equal,D_top_cagr,274,0,0,274,0.35401167483872986,-0.21679618579580462,1.4137736682395123,0.051070195698583065,-0.15171860290881456,0.47259598935298186,3.6549939979441324,4,0.7445255474452555
TW,R,rolling,4,4,96,36,2016-01,2023-12,2024-01,2025-12,96,24,27389,silhouette_is,4,0.01,equal,E_top_calmar,274,0,0,274,0.27255418642924245,-0.10821657143282737,1.7588001949080554,0.006595907775655663,-0.13379309813494544,0.11531064590802816,3.69634018604282,4,0.5985401459854015
TW,R,rolling,4,4,96,36,2016-01,2023-12,2024-01,2025-12,96,24,27389,silhouette_is,4,0.01,proportional,A_hrp,274,0,0,274,0.2557083591645388,-0.14557137457169778,1.595481979035665,0.016187927282480752,-0.14511763950624812,0.1933865385952607,5.184084642507492,4,0.4489051094890511
TW,R,rolling,4,4,96,36,2016-01,2023-12,2024-01,2025-12,96,24,27389,silhouette_is,4,0.01,proportional,D_top_cagr,274,0,0,274,0.35401167483872986,-0.21679618579580462,1.4137736682395123,0.051070195698583065,-0.15171860290881456,0.47259598935298186,3.6549939979441324,4,0.7445255474452555
TW,R,rolling,4,4,96,36,2016-01,2023-12,2024-01,2025-12,96,24,27389,silhouette_is,4,0.01,proportional,E_top_calmar,274,0,0,274,0.27255418642924245,-0.10821657143282737,1.7588001949080554,0.006595907775655663,-0.13379309813494544,0.11531064590802816,3.69634018604282,4,0.5985401459854015
TW,R,rolling,4,4,96,36,2016-01,2023-12,2024-01,2025-12,96,24,27389,silhouette_is,4,0.03,equal,A_hrp,822,0,216,822,0.24617021997393063,-0.16629527895089358,1.4850870659381432,0.018878209847667193,-0.142213631465673,0.21662416740831078,,4,0.25060827250608275
TW,R,rolling,4,4,96,36,2016-01,2023-12,2024-01,2025-12,96,24,27389,silhouette_is,4,0.03,equal,D_top_cagr,822,0,0,822,0.31261563948589766,-0.21189001179862754,1.518743820895294,0.04410866380445477,-0.14837169332140465,0.41272224294242227,,4,0.524330900243309
TW,R,rolling,4,4,96,36,2016-01,2023-12,2024-01,2025-12,96,24,27389,silhouette_is,4,0.03,equal,E_top_calmar,822,0,0,822,0.26797016457737355,-0.1383321594466529,1.6549853797240428,0.019836470262683648,-0.1373601597020757,0.22625668403203095,,4,0.46228710462287104
TW,R,rolling,4,4,96,36,2016-01,2023-12,2024-01,2025-12,96,24,27389,silhouette_is,4,0.03,proportional,A_hrp,822,0,50,822,0.21763605768623817,-0.1699934629253781,1.379433217186148,0.021907626291969073,-0.1410360676136424,0.23994211241076469,,4,0.45012165450121655
TW,R,rolling,4,4,96,36,2016-01,2023-12,2024-01,2025-12,96,24,27389,silhouette_is,4,0.03,proportional,D_top_cagr,822,0,0,822,0.31261563948589766,-0.21189001179862754,1.518743820895294,0.04410866380445477,-0.14837169332140465,0.41272224294242227,,4,0.524330900243309
TW,R,rolling,4,4,96,36,2016-01,2023-12,2024-01,2025-12,96,24,27389,silhouette_is,4,0.03,proportional,E_top_calmar,822,0,0,822,0.26797016457737355,-0.1383321594466529,1.6549853797240428,0.019836470262683648,-0.1373601597020757,0.22625668403203095,,4,0.46228710462287104
TW,R,rolling,4,4,96,36,2016-01,2023-12,2024-01,2025-12,96,24,27389,silhouette_is,4,0.05,equal,A_hrp,1369,0,583,1369,0.23974065970227065,-0.16367320100198202,1.47445984775025,0.02033830923895641,-0.13989031234676907,0.22884711946467753,,4,0.2505478451424397
TW,R,rolling,4,4,96,36,2016-01,2023-12,2024-01,2025-12,96,24,27389,silhouette_is,4,0.05,equal,D_top_cagr,1369,0,0,1369,0.29578908535723913,-0.20714146830406654,1.516691837456535,0.03895041372125552,-0.1489849490989804,0.3700659396931109,,4,0.4185536888239591
TW,R,rolling,4,4,96,36,2016-01,2023-12,2024-01,2025-12,96,24,27389,silhouette_is,4,0.05,equal,E_top_calmar,1369,0,0,1369,0.2600142242507524,-0.14743524138178632,1.601599872538735,0.019702006222136692,-0.1403809929670633,0.22396044591771513,,4,0.42878013148283417
TW,R,rolling,4,4,96,36,2016-01,2023-12,2024-01,2025-12,96,24,27389,silhouette_is,4,0.05,proportional,A_hrp,1369,0,395,1369,0.21810573131724897,-0.1660849502300621,1.3862896229914212,0.020980584098986954,-0.14016315510074673,0.2327249773239576,,4,0.44996347699050404
TW,R,rolling,4,4,96,36,2016-01,2023-12,2024-01,2025-12,96,24,27389,silhouette_is,4,0.05,proportional,D_top_cagr,1369,0,0,1369,0.29578908535723913,-0.20714146830406654,1.516691837456535,0.03895041372125552,-0.1489849490989804,0.3700659396931109,,4,0.4185536888239591
TW,R,rolling,4,4,96,36,2016-01,2023-12,2024-01,2025-12,96,24,27389,silhouette_is,4,0.05,proportional,E_top_calmar,1369,0,0,1369,0.2600142242507524,-0.14743524138178632,1.601599872538735,0.019702006222136692,-0.1403809929670633,0.22396044591771513,,4,0.42878013148283417
TW,R,rolling,4,4,96,36,2016-01,2023-12,2024-01,2025-12,96,24,27389,silhouette_is,4,0.1,equal,A_hrp,2739,0,1765,2739,0.2342388291657762,-0.16526467436729375,1.4510069749550154,0.020079963026628844,-0.1404424412930847,0.225437338916966,,4,0.25009127418765975
TW,R,rolling,4,4,96,36,2016-01,2023-12,2024-01,2025-12,96,24,27389,silhouette_is,4,0.1,equal,D_top_cagr,2739,0,0,2739,0.2735717434776064,-0.2030278494059481,1.4781095768398187,0.03668020627033042,-0.1481762924902369,0.3510559459333495,,4,0.3249361080686382
TW,R,rolling,4,4,96,36,2016-01,2023-12,2024-01,2025-12,96,24,27389,silhouette_is,4,0.1,equal,E_top_calmar,2739,0,0,2739,0.24999221788975579,-0.16053418391669372,1.5237779307040837,0.024688604683313686,-0.14114378148526185,0.2625253869332802,,4,0.38627236217597666
TW,R,rolling,4,4,96,36,2016-01,2023-12,2024-01,2025-12,96,24,27389,silhouette_is,4,0.1,proportional,A_hrp,2739,0,1765,2739,0.23014355314542434,-0.1630795387421986,1.4367462808272369,0.020996477207184894,-0.14032916799357742,0.2317765272628955,,4,0.45016429353778753
TW,R,rolling,4,4,96,36,2016-01,2023-12,2024-01,2025-12,96,24,27389,silhouette_is,4,0.1,proportional,D_top_cagr,2739,0,0,2739,0.2735717434776064,-0.2030278494059481,1.4781095768398187,0.03668020627033042,-0.1481762924902369,0.3510559459333495,,4,0.3249361080686382
TW,R,rolling,4,4,96,36,2016-01,2023-12,2024-01,2025-12,96,24,27389,silhouette_is,4,0.1,proportional,E_top_calmar,2739,0,0,2739,0.24999221788975579,-0.16053418391669372,1.5237779307040837,0.024688604683313686,-0.14114378148526185,0.2625253869332802,,4,0.38627236217597666
