strategy,F組合,C,CAGR,None基準CAGR,C增益,max_drawdown,win_ratio,daily_sharpe,平均持股數
MOM_qb2of3__ACCRUAL_qb0of3__C4_ROE_DYN_qmax8__v0,MOM_qb2of3__ACCRUAL_qb0of3,C4_ROE_DYN_qmax8,0.3378596230196247,0.15172057801880778,0.1861390450008169,-0.6967988948382731,0.528269560251285,14.25,25.223175965665234
PB_qb0of3__NETDEBT_EBITDA_qb2of3__C4_ROE_DYN_qmax8__v0,PB_qb0of3__NETDEBT_EBITDA_qb2of3,C4_ROE_DYN_qmax8,0.29605479434939563,0.17628642719528287,0.11976836715411276,-0.5799146511179851,0.5266974291364536,13.22,25.545064377682404
PS_qb0of3__OCF_E_qb1of3__C4_ROE_DYN_qmax8__v0,PS_qb0of3__OCF_E_qb1of3,C4_ROE_DYN_qmax8,0.2920078892502189,0.16105240877452465,0.13095548047569427,-0.5437538128700279,0.5424929178470255,13.05,20.751072961373392
EV_S_qb0of3__ACCRUAL_qb0of3__C4_ROE_DYN_qmax8__v0,EV_S_qb0of3__ACCRUAL_qb0of3,C4_ROE_DYN_qmax8,0.2914240151403815,0.15433085717622674,0.13709315796415478,-0.4048093908117312,0.5224983210208194,14.92,21.90557939914163
EV_S_qb1of3__ACCRUAL_qb0of3__C4_ROE_DYN_qmax8__v0,EV_S_qb1of3__ACCRUAL_qb0of3,C4_ROE_DYN_qmax8,0.2889418604259293,0.11933321896314197,0.1696086414627873,-0.6573913733182118,0.5305785123966942,15.24,18.085836909871244
MOM_qb2of3__ACCRUAL_qb0of3__C3_ROE_DYN_qmax4__v0,MOM_qb2of3__ACCRUAL_qb0of3,C3_ROE_DYN_qmax4,0.2869148837770288,0.15172057801880778,0.135194305758221,-0.6074669527892151,0.5304878048780488,13.01,43.47328244274809
PB_qb0of3__FCF_OI_qb1of3__C4_ROE_DYN_qmax8__v0,PB_qb0of3__FCF_OI_qb1of3,C4_ROE_DYN_qmax8,0.28103472232330007,0.18925522121144955,0.09177950111185051,-0.5675618354837952,0.5535006605019815,12.88,22.553648068669528
P_IC_qb0of3__DEBTRATIO_qb0of3__C5_ROE_DYN_yoy__v0,P_IC_qb0of3__DEBTRATIO_qb0of3,C5_ROE_DYN_yoy,0.280140428478292,0.20390695840205297,0.07623347007623904,-0.5920755895084142,0.5304268846503178,13.11,25.228
P_IC_qb0of3__ROIC_qb2of3__C5_ROE_DYN_yoy__v0,P_IC_qb0of3__ROIC_qb2of3,C5_ROE_DYN_yoy,0.2784421694294028,0.17524597133334008,0.10319619809606273,-0.46169175800488704,0.5156777616980222,14.29,33.94
P_IC_qb0of3__DEBTRATIO_qb0of3__C12_EPS_DYN_yoy__v0,P_IC_qb0of3__DEBTRATIO_qb0of3,C12_EPS_DYN_yoy,0.2773056231465001,0.20390695840205297,0.07339866474444712,-0.5824941281459968,0.5277777777777778,13.91,26.412
P_IC_qb0of3__DEBTRATIO_qb0of3__C14_EPS_DYN_ytdavg_gt_lyavg__v0,P_IC_qb0of3__DEBTRATIO_qb0of3,C14_EPS_DYN_ytdavg_gt_lyavg,0.27642712425155325,0.20390695840205297,0.07252016584950027,-0.528857357989647,0.543918918918919,11.94,21.92280701754386
P_IC_qb0of3__PS_qb0of3__C4_ROE_DYN_qmax8__v0,P_IC_qb0of3__PS_qb0of3,C4_ROE_DYN_qmax8,0.27614208198884294,0.1876102576683254,0.08853182432051754,-0.5009045472023612,0.5235336712527154,13.35,46.94849785407725
P_IC_qb0of3__ROIC_qb2of3__C14_EPS_DYN_ytdavg_gt_lyavg__v0,P_IC_qb0of3__ROIC_qb2of3,C14_EPS_DYN_ytdavg_gt_lyavg,0.27611233423191095,0.17524597133334008,0.10086636289857087,-0.44054788464127015,0.4992042440318302,13.66,27.82116788321168
P_IC_qb0of3__DEBTRATIO_qb0of3__C7_ROE_DYN_ytdavg_gt_lyavg__v0,P_IC_qb0of3__DEBTRATIO_qb0of3,C7_ROE_DYN_ytdavg_gt_lyavg,0.27506637660031186,0.20390695840205297,0.07115941819825888,-0.5456949395540864,0.5348837209302325,11.84,21.431578947368422
P_IC_qb0of3__DEBTRATIO_qb0of3__C13_EPS_DYN_ytdavg_gt_lyytdavg__v0,P_IC_qb0of3__DEBTRATIO_qb0of3,C13_EPS_DYN_ytdavg_gt_lyytdavg,0.2721866596625633,0.20390695840205297,0.0682797012605103,-0.534440831462343,0.526824034334764,12.24,23.680701754385964
PS_qb0of3__NETDEBT_EBITDA_qb2of3__C4_ROE_DYN_qmax8__v0,PS_qb0of3__NETDEBT_EBITDA_qb2of3,C4_ROE_DYN_qmax8,0.2713961386040653,0.16108156841581445,0.11031457018825086,-0.5609975120508484,0.5205836373110996,13.3,32.60515021459227
MOM_qb2of3__ACCRUAL_qb0of3__C10_EPS_DYN_qmax4__v0,MOM_qb2of3__ACCRUAL_qb0of3,C10_EPS_DYN_qmax4,0.2708309034953109,0.15172057801880778,0.11911032547650313,-0.612044657600494,0.5211452587339113,14.14,50.152671755725194
PS_qb0of3__MOM_qb2of3__C4_ROE_DYN_qmax8__v0,PS_qb0of3__MOM_qb2of3,C4_ROE_DYN_qmax8,0.2704334240263586,0.18527143734118923,0.08516198668516939,-0.616428006796799,0.5312264860797592,13.58,41.21030042918455
PB_qb0of3__DEBTRATIO_qb2of3__C4_ROE_DYN_qmax8__v0,PB_qb0of3__DEBTRATIO_qb2of3,C4_ROE_DYN_qmax8,0.26911618550502325,0.18635950857908368,0.08275667692593958,-0.5588344633345583,0.5257104194857916,14.89,24.952789699570815
P_IC_qb0of3__ROIC_qb2of3__C13_EPS_DYN_ytdavg_gt_lyytdavg__v0,P_IC_qb0of3__ROIC_qb2of3,C13_EPS_DYN_ytdavg_gt_lyytdavg,0.26814987906313603,0.17524597133334008,0.09290390772979595,-0.44054788464127015,0.49031543995572774,13.43,27.324817518248175
EV_S_qb1of3__ACCRUAL_qb0of3__C11_EPS_DYN_qmax8__v0,EV_S_qb1of3__ACCRUAL_qb0of3,C11_EPS_DYN_qmax8,0.2680471515626559,0.11933321896314197,0.14871393259951393,-0.7872369288269185,0.521414004078858,15.2,22.59656652360515
P_IC_qb0of3__DEBTRATIO_qb0of3__C6_ROE_DYN_ytdavg_gt_lyytdavg__v0,P_IC_qb0of3__DEBTRATIO_qb0of3,C6_ROE_DYN_ytdavg_gt_lyytdavg,0.2655496451212207,0.20390695840205297,0.06164268671916773,-0.5450874491531879,0.5373303167420814,11.93,23.094736842105263
P_IC_qb0of3__ROIC_qb2of3__C7_ROE_DYN_ytdavg_gt_lyavg__v0,P_IC_qb0of3__ROIC_qb2of3,C7_ROE_DYN_ytdavg_gt_lyavg,0.2655319157912477,0.17524597133334008,0.09028594445790761,-0.44054788464127015,0.5010427528675704,13.34,27.901459854014597
P_IC_qb0of3__MOM_qb2of3__C4_ROE_DYN_qmax8__v0,P_IC_qb0of3__MOM_qb2of3,C4_ROE_DYN_qmax8,0.2652743199180787,0.18134305708824927,0.08393126282982943,-0.6281270886752958,0.5391111111111111,13.52,34.141630901287556
P_IC_qb0of3__EV_S_qb0of3__C4_ROE_DYN_qmax8__v0,P_IC_qb0of3__EV_S_qb0of3,C4_ROE_DYN_qmax8,0.26488191616775913,0.1851690280562388,0.07971288811152033,-0.5004574996164932,0.5427201394943331,13.53,39.57510729613734
EV_S_qb0of3__OCF_E_qb1of3__C4_ROE_DYN_qmax8__v0,EV_S_qb0of3__OCF_E_qb1of3,C4_ROE_DYN_qmax8,0.2648400355015883,0.1599721772341416,0.10486785826744671,-0.5518303568645622,0.5357643758765779,12.73,21.27467811158798
PB_qb0of3__PS_qb0of3__C4_ROE_DYN_qmax8__v0,PB_qb0of3__PS_qb0of3,C4_ROE_DYN_qmax8,0.2645937717164577,0.19552828855051252,0.06906548316594519,-0.5174547396323403,0.5244003308519437,13.55,40.36909871244635
EV_S_qb0of3__NETDEBT_EBITDA_qb2of3__C4_ROE_DYN_qmax8__v0,EV_S_qb0of3__NETDEBT_EBITDA_qb2of3,C4_ROE_DYN_qmax8,0.2639415093830766,0.1541547522146991,0.10978675716837749,-0.6243204439960612,0.5323809523809524,12.55,18.042918454935624
P_IC_qb0of3__ROIC_qb2of3__C6_ROE_DYN_ytdavg_gt_lyytdavg__v0,P_IC_qb0of3__ROIC_qb2of3,C6_ROE_DYN_ytdavg_gt_lyytdavg,0.2634549036539342,0.17524597133334008,0.08820893232059412,-0.44054788464127015,0.49783549783549785,13.15,27.496350364963504
P_IC_qb0of3__ROE_qb2of3__C5_ROE_DYN_yoy__v0,P_IC_qb0of3__ROE_qb2of3,C5_ROE_DYN_yoy,0.2634178112354544,0.20973001630778976,0.05368779492766462,-0.4547939533560399,0.5249127261186924,14.69,59.096
PB_qb0of3__EV_S_qb0of3__C4_ROE_DYN_qmax8__v0,PB_qb0of3__EV_S_qb0of3,C4_ROE_DYN_qmax8,0.26305089502335455,0.19152523498206686,0.07152566004128769,-0.4948591153698261,0.5310314685314685,13.87,38.75536480686695
MOM_qb2of3__OCF_E_qb2of3__C4_ROE_DYN_qmax8__v0,MOM_qb2of3__OCF_E_qb2of3,C4_ROE_DYN_qmax8,0.2629454204569033,0.16022546885760813,0.10271995159929515,-0.710720952747999,0.529108327192336,15.54,40.97424892703863
OCF_E_qb1of3__FCF_P_qb2of3__C4_ROE_DYN_qmax8__v0,OCF_E_qb1of3__FCF_P_qb2of3,C4_ROE_DYN_qmax8,0.2624097748596357,0.12040696135896067,0.142002813500675,-0.5982251999762593,0.5158891142663962,14.06,20.896995708154506
P_IC_qb0of3__FCF_OI_qb1of3__C4_ROE_DYN_qmax8__v0,P_IC_qb0of3__FCF_OI_qb1of3,C4_ROE_DYN_qmax8,0.261457386112113,0.1841328203450041,0.07732456576710889,-0.5682778680294036,0.5571979434447301,13.15,23.030042918454935
P_IC_qb0of3__OCF_E_qb2of3__C4_ROE_DYN_qmax8__v0,P_IC_qb0of3__OCF_E_qb2of3,C4_ROE_DYN_qmax8,0.26144980942731144,0.18169077162055913,0.07975903780675231,-0.42439076227544725,0.5397835773392744,15.3,24.34763948497854
EV_S_qb0of3__ACCRUAL_qb0of3__C3_ROE_DYN_qmax4__v0,EV_S_qb0of3__ACCRUAL_qb0of3,C3_ROE_DYN_qmax4,0.26097576537718425,0.15433085717622674,0.10664490820095751,-0.3874304527087691,0.5183578104138852,14.63,42.091603053435115
EV_S_qb0of3__OCF_E_qb1of3__C11_EPS_DYN_qmax8__v0,EV_S_qb0of3__OCF_E_qb1of3,C11_EPS_DYN_qmax8,0.26064542940119484,0.1599721772341416,0.10067325216705325,-0.5387752739701328,0.5382145150931278,13.23,23.50214592274678
P_IC_qb0of3__ROE_qb2of3__C12_EPS_DYN_yoy__v0,P_IC_qb0of3__ROE_qb2of3,C12_EPS_DYN_yoy,0.2602266916282512,0.20973001630778976,0.050496675320461426,-0.4698240821928267,0.5293170103092784,14.78,59.972
EV_S_qb1of3__NETDEBT_EBITDA_qb2of3__C4_ROE_DYN_qmax8__v0,EV_S_qb1of3__NETDEBT_EBITDA_qb2of3,C4_ROE_DYN_qmax8,0.26007364573370517,0.12592618420732227,0.1341474615263829,-0.5984980547818557,0.4962199312714777,14.79,23.433476394849784
EV_S_qb0of3__MOM_qb2of3__C4_ROE_DYN_qmax8__v0,EV_S_qb0of3__MOM_qb2of3,C4_ROE_DYN_qmax8,0.25902015109612164,0.1955004527469444,0.06351969834917726,-0.6541343129909716,0.5308880308880309,13.9,40.1244635193133
OCF_E_qb2of3__FCF_P_qb0of3__C4_ROE_DYN_qmax8__v0,OCF_E_qb2of3__FCF_P_qb0of3,C4_ROE_DYN_qmax8,0.2587141816690304,0.10663543740601678,0.1520787442630136,-0.4255024863670219,0.4899676375404531,18.4,22.72532188841202
PS_qb0of3__OCF_E_qb1of3__C11_EPS_DYN_qmax8__v0,PS_qb0of3__OCF_E_qb1of3,C11_EPS_DYN_qmax8,0.2585806038063827,0.16105240877452465,0.09752819503185806,-0.5501883856793397,0.5429508196721311,13.61,22.686695278969957
P_IC_qb0of3__ROIC_qb2of3__C12_EPS_DYN_yoy__v0,P_IC_qb0of3__ROIC_qb2of3,C12_EPS_DYN_yoy,0.2585435239276699,0.17524597133334008,0.0832975525943298,-0.47627163746734336,0.5127826941986234,14.9,33.756
PS_qb0of3__ACCRUAL_qb0of3__C4_ROE_DYN_qmax8__v0,PS_qb0of3__ACCRUAL_qb0of3,C4_ROE_DYN_qmax8,0.2585159418406686,0.1648074184621935,0.09370852337847513,-0.38999276377726255,0.52,14.95,23.266094420600858
P_IC_qb0of3__None__C4_ROE_DYN_qmax8__v0,P_IC_qb0of3__None,C4_ROE_DYN_qmax8,0.25619353895639896,0.17867438611691733,0.07751915283948163,-0.5375868389846039,0.5320031096138896,14.39,66.0
PS_qb0of3__DEBTRATIO_qb2of3__C4_ROE_DYN_qmax8__v0,PS_qb0of3__DEBTRATIO_qb2of3,C4_ROE_DYN_qmax8,0.2559755257743055,0.16192316720535427,0.09405235856895122,-0.4993814939286457,0.515089722675367,14.27,41.918454935622314
EV_EBITDA_qb0of3__DEBTRATIO_qb2of3__C4_ROE_DYN_qmax8__v0,EV_EBITDA_qb0of3__DEBTRATIO_qb2of3,C4_ROE_DYN_qmax8,0.25534490799731957,0.14301532522542537,0.1123295827718942,-0.4607859664561693,0.5092651757188499,14.98,25.776824034334766
P_IC_qb0of3__EV_EBITDA_qb0of3__C12_EPS_DYN_yoy__v0,P_IC_qb0of3__EV_EBITDA_qb0of3,C12_EPS_DYN_yoy,0.2549345879499778,0.19089426073683513,0.06404032721314268,-0.46903509749597994,0.5135695048684483,13.87,105.492
ROE_qb1of3__FCF_OI_qb1of3__C4_ROE_DYN_qmax8__v0,ROE_qb1of3__FCF_OI_qb1of3,C4_ROE_DYN_qmax8,0.25445543168794016,0.11311461277821944,0.14134081890972072,-0.6428720930199835,0.5305199698568199,12.67,20.05579399141631
PB_qb0of3__ROIC_qb2of3__C4_ROE_DYN_qmax8__v0,PB_qb0of3__ROIC_qb2of3,C4_ROE_DYN_qmax8,0.2538231599830827,0.20645135520675573,0.047371804776326965,-0.44277250784569877,0.5262096774193549,15.42,22.34763948497854
P_IC_qb0of3__ROE_qb2of3__C4_ROE_DYN_qmax8__v0,P_IC_qb0of3__ROE_qb2of3,C4_ROE_DYN_qmax8,0.25356456771988944,0.20973001630778976,0.04383455141209969,-0.43865638992111955,0.5332318619989853,15.63,30.416309012875537
MOM_qb2of3__ACCRUAL_qb0of3__C11_EPS_DYN_qmax8__v0,MOM_qb2of3__ACCRUAL_qb0of3,C11_EPS_DYN_qmax8,0.25344307961627566,0.15172057801880778,0.10172250159746787,-0.5568244132202775,0.5132703553756185,16.41,32.01716738197425
MOM_qb2of3__OCF_E_qb2of3__C10_EPS_DYN_qmax4__v0,MOM_qb2of3__OCF_E_qb2of3,C10_EPS_DYN_qmax4,0.2519074986031107,0.16022546885760813,0.09168202974550255,-0.6959809996798272,0.5220631496371838,15.38,70.29007633587786
PB_qb0of3__EV_EBITDA_qb0of3__C4_ROE_DYN_qmax8__v0,PB_qb0of3__EV_EBITDA_qb0of3,C4_ROE_DYN_qmax8,0.2515083045541233,0.19475174231000114,0.05675656224412218,-0.4880763586382053,0.5235239852398524,14.74,36.257510729613735
P_IC_qb0of3__EV_EBITDA_qb0of3__C4_ROE_DYN_qmax8__v0,P_IC_qb0of3__EV_EBITDA_qb0of3,C4_ROE_DYN_qmax8,0.25125719981184846,0.19089426073683513,0.06036293907501333,-0.5018976899822647,0.526,14.2,33.07725321888412
PS_qb0of3__OCF_E_qb2of3__C4_ROE_DYN_qmax8__v0,PS_qb0of3__OCF_E_qb2of3,C4_ROE_DYN_qmax8,0.2512052861264482,0.1770945770309813,0.07411070909546691,-0.41758836251147524,0.5164783427495292,15.23,32.69957081545064
P_IC_qb0of3__PB_qb0of3__C4_ROE_DYN_qmax8__v0,P_IC_qb0of3__PB_qb0of3,C4_ROE_DYN_qmax8,0.2505659101986475,0.18573029068263458,0.06483561951601291,-0.5503829493863504,0.5302613480055021,14.98,49.06008583690987
PS_qb0of3__EV_EBITDA_qb0of3__C12_EPS_DYN_yoy__v0,PS_qb0of3__EV_EBITDA_qb0of3,C12_EPS_DYN_yoy,0.25033261194292167,0.19132612263680127,0.0590064893061204,-0.4196698946462398,0.5081705858907931,13.77,107.96
ROE_qb2of3__ACCRUAL_qb0of3__C4_ROE_DYN_qmax8__v0,ROE_qb2of3__ACCRUAL_qb0of3,C4_ROE_DYN_qmax8,0.2500582791829655,0.11508661275557497,0.13497166642739056,-0.36606093995646094,0.5105523125280647,18.16,33.82403433476395
P_IC_qb0of3__ROE_qb2of3__C14_EPS_DYN_ytdavg_gt_lyavg__v0,P_IC_qb0of3__ROE_qb2of3,C14_EPS_DYN_ytdavg_gt_lyavg,0.2495111064597615,0.20973001630778976,0.03978109015197173,-0.4251607556603336,0.513764747944226,14.06,50.127737226277375
PB_qb0of3__MOM_qb2of3__C4_ROE_DYN_qmax8__v0,PB_qb0of3__MOM_qb2of3,C4_ROE_DYN_qmax8,0.2490214189565063,0.17784854968810193,0.07117286926840438,-0.6083771792568269,0.5353762956286615,14.29,33.59656652360515
PB_qb0of3__None__C4_ROE_DYN_qmax8__v0,PB_qb0of3__None,C4_ROE_DYN_qmax8,0.24868627554680867,0.18050911811184078,0.06817715743496788,-0.5261077616838463,0.5294117647058824,14.87,65.50643776824035
PB_qb0of3__FCF_P_qb1of3__C4_ROE_DYN_qmax8__v0,PB_qb0of3__FCF_P_qb1of3,C4_ROE_DYN_qmax8,0.24809052424048894,0.1810049825348956,0.06708554170559333,-0.6893917368882927,0.5446153846153846,12.96,14.257510729613735
FCF_OI_qb1of3__DEBTRATIO_qb2of3__C4_ROE_DYN_qmax8__v0,FCF_OI_qb1of3__DEBTRATIO_qb2of3,C4_ROE_DYN_qmax8,0.24801969259034928,0.11211067470469849,0.1359090178856508,-0.5516666690631937,0.5373044524669074,14.42,25.07296137339056
P_IC_qb0of3__EV_EBITDA_qb0of3__C5_ROE_DYN_yoy__v0,P_IC_qb0of3__EV_EBITDA_qb0of3,C5_ROE_DYN_yoy,0.24789989120762668,0.19089426073683513,0.057005630470791546,-0.4693798549594552,0.5243478260869565,13.72,98.824
ROIC_qb1of3__FCF_OI_qb1of3__C4_ROE_DYN_qmax8__v0,ROIC_qb1of3__FCF_OI_qb1of3,C4_ROE_DYN_qmax8,0.2475908421155424,0.11961040076679486,0.12798044134874753,-0.6609874985136475,0.543582704186685,13.05,22.06008583690987
EV_S_qb1of3__OCF_E_qb1of3__C4_ROE_DYN_qmax8__v0,EV_S_qb1of3__OCF_E_qb1of3,C4_ROE_DYN_qmax8,0.24732427381998878,0.11166086551822496,0.13566340830176382,-0.6068211518246054,0.5121621621621621,15.09,21.802575107296136
MOM_qb2of3__EV_EBITDA_qb0of3__C4_ROE_DYN_qmax8__v0,MOM_qb2of3__EV_EBITDA_qb0of3,C4_ROE_DYN_qmax8,0.24669506281025955,0.17816366229087532,0.06853140051938422,-0.6161573137139942,0.522744220730798,15.1,41.48068669527897
ACCRUAL_qb0of3__DEBTRATIO_qb2of3__C4_ROE_DYN_qmax8__v0,ACCRUAL_qb0of3__DEBTRATIO_qb2of3,C4_ROE_DYN_qmax8,0.24660301084206182,0.10760438208815426,0.13899862875390756,-0.4004739002454454,0.5072463768115942,15.96,21.030042918454935
PB_qb0of3__ACCRUAL_qb0of3__C3_ROE_DYN_qmax4__v0,PB_qb0of3__ACCRUAL_qb0of3,C3_ROE_DYN_qmax4,0.2463120966301684,0.17652061393823848,0.06979148269192992,-0.3661882380832441,0.5423868312757202,14.44,36.156488549618324
MOM_qb2of3__ROE_qb2of3__C4_ROE_DYN_qmax8__v0,MOM_qb2of3__ROE_qb2of3,C4_ROE_DYN_qmax8,0.2445893982089795,0.1649096027006769,0.07967979550830262,-0.6249684910609263,0.5200793257312841,16.4,62.67811158798283
MOM_qb2of3__DEBTRATIO_qb2of3__C4_ROE_DYN_qmax8__v0,MOM_qb2of3__DEBTRATIO_qb2of3,C4_ROE_DYN_qmax8,0.2445610166562402,0.1409681494808137,0.10359286717542648,-0.6110206223341123,0.5160270880361174,14.79,34.72961373390558
PB_qb0of3__ROE_qb2of3__C4_ROE_DYN_qmax8__v0,PB_qb0of3__ROE_qb2of3,C4_ROE_DYN_qmax8,0.24440502960544408,0.20669866335001674,0.03770636625542734,-0.45655460958274086,0.5309181761399125,17.48,24.244635193133046
MOM_qb2of3__OCF_E_qb1of3__C4_ROE_DYN_qmax8__v0,MOM_qb2of3__OCF_E_qb1of3,C4_ROE_DYN_qmax8,0.244218627856426,0.13329269559525958,0.11092593226116643,-0.5755291642797666,0.5276532137518685,14.51,29.13304721030043
PB_qb0of3__FCF_OI_qb1of3__C11_EPS_DYN_qmax8__v0,PB_qb0of3__FCF_OI_qb1of3,C11_EPS_DYN_qmax8,0.2440048194286666,0.18925522121144955,0.05474959821721703,-0.5322949670523325,0.5386075949367088,13.65,23.836909871244636
P_IC_qb0of3__ROE_qb2of3__C13_EPS_DYN_ytdavg_gt_lyytdavg__v0,P_IC_qb0of3__ROE_qb2of3,C13_EPS_DYN_ytdavg_gt_lyytdavg,0.2438280833347013,0.20973001630778976,0.03409806702691154,-0.4337451495281469,0.5120325805257312,14.12,49.79197080291971
P_IC_qb0of3__ROIC_qb2of3__C4_ROE_DYN_qmax8__v0,P_IC_qb0of3__ROIC_qb2of3,C4_ROE_DYN_qmax8,0.24352665678388896,0.17524597133334008,0.06828068545054888,-0.4250658207849516,0.5199131064446053,14.97,19.8068669527897
PS_qb0of3__EV_S_qb0of3__C4_ROE_DYN_qmax8__v0,PS_qb0of3__EV_S_qb0of3,C4_ROE_DYN_qmax8,0.2434437591686054,0.16026918058568085,0.08317457858292454,-0.4624147039628056,0.5213379469434832,14.61,59.708154506437765
MOM_qb2of3__NETDEBT_EBITDA_qb0of3__C4_ROE_DYN_qmax8__v0,MOM_qb2of3__NETDEBT_EBITDA_qb0of3,C4_ROE_DYN_qmax8,0.24334932192423508,0.141070955355993,0.10227836656824207,-0.7178451916767936,0.5003436426116838,16.54,22.793991416309012
MOM_qb2of3__EV_EBITDA_qb0of3__C5_ROE_DYN_yoy__v0,MOM_qb2of3__EV_EBITDA_qb0of3,C5_ROE_DYN_yoy,0.24324488489711382,0.17816366229087532,0.0650812226062385,-0.5755381734317485,0.5114442295293359,14.3,98.56
PS_qb0of3__EV_EBITDA_qb0of3__C4_ROE_DYN_qmax8__v0,PS_qb0of3__EV_EBITDA_qb0of3,C4_ROE_DYN_qmax8,0.24319698106081966,0.19132612263680127,0.051870858424018396,-0.4887178599771169,0.5097875885047897,14.75,39.27467811158798
PS_qb0of3__EV_EBITDA_qb0of3__C5_ROE_DYN_yoy__v0,PS_qb0of3__EV_EBITDA_qb0of3,C5_ROE_DYN_yoy,0.2431137345364942,0.19132612263680127,0.05178761189969294,-0.4383749451535679,0.5093244923331952,13.8,100.88
FCF_OI_qb1of3__NETDEBT_EBITDA_qb0of3__C11_EPS_DYN_qmax8__v0,FCF_OI_qb1of3__NETDEBT_EBITDA_qb0of3,C11_EPS_DYN_qmax8,0.24287914006452382,0.10774462377156824,0.1351345162929556,-0.31346118687991587,0.5234899328859061,13.97,21.419213973799128
P_IC_qb0of3__ROE_qb2of3__C7_ROE_DYN_ytdavg_gt_lyavg__v0,P_IC_qb0of3__ROE_qb2of3,C7_ROE_DYN_ytdavg_gt_lyavg,0.24234897307282344,0.20973001630778976,0.03261895676503368,-0.4391640013806928,0.5205091937765205,14.01,49.0985401459854
NETDEBT_EBITDA_qb2of3__FCF_P_qb2of3__C4_ROE_DYN_qmax8__v0,NETDEBT_EBITDA_qb2of3__FCF_P_qb2of3,C4_ROE_DYN_qmax8,0.24229851339351427,0.130367316892525,0.11193119650098926,-0.6968567386567864,0.5229658792650919,13.97,22.6480686695279
FCF_OI_qb1of3__NETDEBT_EBITDA_qb2of3__C4_ROE_DYN_qmax8__v0,FCF_OI_qb1of3__NETDEBT_EBITDA_qb2of3,C4_ROE_DYN_qmax8,0.24201346208075103,0.11499305815386185,0.12702040392688918,-0.631227519933603,0.5288389513108614,15.0,19.88412017167382
P_IC_qb0of3__ROE_qb2of3__C6_ROE_DYN_ytdavg_gt_lyytdavg__v0,P_IC_qb0of3__ROE_qb2of3,C6_ROE_DYN_ytdavg_gt_lyytdavg,0.24095756127114543,0.20973001630778976,0.03122754496335567,-0.4392341411503594,0.5155734701355807,14.02,49.051094890510946
PS_qb0of3__None__C4_ROE_DYN_qmax8__v0,PS_qb0of3__None,C4_ROE_DYN_qmax8,0.24086155734873715,0.16434511041889355,0.0765164469298436,-0.5000337138028401,0.5170236753100338,14.6,76.51502145922747
PS_qb0of3__ROIC_qb1of3__C4_ROE_DYN_qmax8__v0,PS_qb0of3__ROIC_qb1of3,C4_ROE_DYN_qmax8,0.24010948369435048,0.16094874682218596,0.07916073687216452,-0.5446372417500495,0.5157232704402516,13.42,31.38197424892704
EV_S_qb0of3__MOM_qb2of3__C5_ROE_DYN_yoy__v0,EV_S_qb0of3__MOM_qb2of3,C5_ROE_DYN_yoy,0.23988554159039466,0.1955004527469444,0.04438508884345027,-0.6261998470596535,0.5126603091088457,13.7,102.296
EV_S_qb0of3__FCF_OI_qb1of3__C4_ROE_DYN_qmax8__v0,EV_S_qb0of3__FCF_OI_qb1of3,C4_ROE_DYN_qmax8,0.23907946342490383,0.1576248487356633,0.08145461468924053,-0.4394144262400732,0.5410668924640135,13.28,36.562231759656655
MOM_qb2of3__ROIC_qb1of3__C4_ROE_DYN_qmax8__v0,MOM_qb2of3__ROIC_qb1of3,C4_ROE_DYN_qmax8,0.23880908191976546,0.1489494323621996,0.08985964955756587,-0.5598516374742157,0.523728813559322,14.13,26.819742489270386
PS_qb0of3__ACCRUAL_qb0of3__C3_ROE_DYN_qmax4__v0,PS_qb0of3__ACCRUAL_qb0of3,C3_ROE_DYN_qmax4,0.23843095044017826,0.1648074184621935,0.07362353197798477,-0.44410259212660774,0.5172636334301387,14.25,44.00381679389313
P_IC_qb0of3__EV_EBITDA_qb0of3__C14_EPS_DYN_ytdavg_gt_lyavg__v0,P_IC_qb0of3__EV_EBITDA_qb0of3,C14_EPS_DYN_ytdavg_gt_lyavg,0.23840740718582265,0.19089426073683513,0.04751314644898752,-0.4634444364509983,0.5120808678500987,12.8,91.98947368421052
MOM_qb2of3__ACCRUAL_qb1of3__C4_ROE_DYN_qmax8__v0,MOM_qb2of3__ACCRUAL_qb1of3,C4_ROE_DYN_qmax8,0.2372996256971689,0.13564208643476539,0.1016575392624035,-0.6952093403403006,0.5223735408560312,14.54,30.261802575107296
PB_qb0of3__ROE_qb1of3__C4_ROE_DYN_qmax8__v0,PB_qb0of3__ROE_qb1of3,C4_ROE_DYN_qmax8,0.2369063015720061,0.18183368727864435,0.055072614293361744,-0.5593029337435174,0.5253641386238072,14.19,32.35622317596567
P_IC_qb0of3__NETDEBT_EBITDA_qb1of3__C4_ROE_DYN_qmax8__v0,P_IC_qb0of3__NETDEBT_EBITDA_qb1of3,C4_ROE_DYN_qmax8,0.236569995445167,0.1828242597650629,0.0537457356801041,-0.392162381062373,0.5394629780309195,15.82,19.72532188841202
P_IC_qb0of3__EV_EBITDA_qb0of3__C13_EPS_DYN_ytdavg_gt_lyytdavg__v0,P_IC_qb0of3__EV_EBITDA_qb0of3,C13_EPS_DYN_ytdavg_gt_lyytdavg,0.23652115145212682,0.19089426073683513,0.04562689071529169,-0.4661191921936134,0.5156853281853282,12.77,95.71578947368421
OCF_E_qb2of3__NETDEBT_EBITDA_qb2of3__C4_ROE_DYN_qmax8__v0,OCF_E_qb2of3__NETDEBT_EBITDA_qb2of3,C4_ROE_DYN_qmax8,0.23645102619237934,0.12059306705584905,0.1158579591365303,-0.5757577190090339,0.527046783625731,15.57,21.07296137339056
MOM_qb2of3__EV_EBITDA_qb0of3__C12_EPS_DYN_yoy__v0,MOM_qb2of3__EV_EBITDA_qb0of3,C12_EPS_DYN_yoy,0.23584592233474755,0.17816366229087532,0.057682260043872224,-0.5972402777502246,0.5099218280216476,14.54,106.604
P_IC_qb0of3__DEBTRATIO_qb0of3__C9_EPS_DYN_riseq2__v0,P_IC_qb0of3__DEBTRATIO_qb0of3,C9_EPS_DYN_riseq2,0.23532591312370355,0.20390695840205297,0.03141895472165057,-0.6029312041919379,0.5187739463601533,12.7,26.777372262773724
PB_qb0of3__NETDEBT_EBITDA_qb0of3__C4_ROE_DYN_qmax8__v0,PB_qb0of3__NETDEBT_EBITDA_qb0of3,C4_ROE_DYN_qmax8,0.2351482924004158,0.18598838212849822,0.04915991027191757,-0.6160714418440332,0.5068093385214008,15.45,17.085836909871244
PB_qb0of3__PS_qb0of3__C11_EPS_DYN_qmax8__v0,PB_qb0of3__PS_qb0of3,C11_EPS_DYN_qmax8,0.2351392293764265,0.19552828855051252,0.03961094082591399,-0.5111042844125719,0.5193948797517456,13.97,43.987124463519315
PB_qb0of3__EV_S_qb0of3__C11_EPS_DYN_qmax8__v0,PB_qb0of3__EV_S_qb0of3,C11_EPS_DYN_qmax8,0.23458454208346535,0.19152523498206686,0.04305930710139849,-0.49801736396921037,0.5197899838449112,14.57,42.93991416309013
EV_S_qb0of3__EV_EBITDA_qb0of3__C12_EPS_DYN_yoy__v0,EV_S_qb0of3__EV_EBITDA_qb0of3,C12_EPS_DYN_yoy,0.23448538298261346,0.17809224021688452,0.05639314276572893,-0.4402199680889676,0.5211052720800136,14.51,133.92
EV_S_qb0of3__OCF_E_qb2of3__C4_ROE_DYN_qmax8__v0,EV_S_qb0of3__OCF_E_qb2of3,C4_ROE_DYN_qmax8,0.23392610182559337,0.15462123639236114,0.07930486543323223,-0.47138547468558367,0.5184079601990049,16.19,30.86266094420601
P_IC_qb0of3__EV_EBITDA_qb0of3__C9_EPS_DYN_riseq2__v0,P_IC_qb0of3__EV_EBITDA_qb0of3,C9_EPS_DYN_riseq2,0.23329393995634673,0.19089426073683513,0.0423996792195116,-0.4577043511382799,0.5242537313432836,13.54,105.0948905109489
P_IC_qb0of3__FCF_P_qb1of3__C7_ROE_DYN_ytdavg_gt_lyavg__v0,P_IC_qb0of3__FCF_P_qb1of3,C7_ROE_DYN_ytdavg_gt_lyavg,0.2332507481991628,0.17643282368710866,0.05681792451205414,-0.5630785056852953,0.5101065784638,12.84,39.719298245614034
PS_qb0of3__NETDEBT_EBITDA_qb2of3__C11_EPS_DYN_qmax8__v0,PS_qb0of3__NETDEBT_EBITDA_qb2of3,C11_EPS_DYN_qmax8,0.23309052997412993,0.16108156841581445,0.07200896155831549,-0.5741674446476721,0.5068147400302877,14.6,34.42918454935622
MOM_qb2of3__FCF_P_qb2of3__C4_ROE_DYN_qmax8__v0,MOM_qb2of3__FCF_P_qb2of3,C4_ROE_DYN_qmax8,0.23305940280909154,0.15540904841423941,0.07765035439485213,-0.6345375717345307,0.5340563991323211,15.52,33.081545064377686
MOM_qb2of3__FCF_P_qb0of3__C4_ROE_DYN_qmax8__v0,MOM_qb2of3__FCF_P_qb0of3,C4_ROE_DYN_qmax8,0.23270937372534228,0.12263642895378513,0.11007294477155716,-0.6531265726649582,0.5014749262536873,15.77,29.738197424892704
EV_S_qb0of3__DEBTRATIO_qb0of3__C11_EPS_DYN_qmax8__v0,EV_S_qb0of3__DEBTRATIO_qb0of3,C11_EPS_DYN_qmax8,0.23248948884058773,0.1737613000797975,0.05872818876079022,-0.6190216136498774,0.5100182149362478,14.79,18.566523605150216
PB_qb0of3__ACCRUAL_qb0of3__C4_ROE_DYN_qmax8__v0,PB_qb0of3__ACCRUAL_qb0of3,C4_ROE_DYN_qmax8,0.23228806921066192,0.17652061393823848,0.05576745527242344,-0.3906512600812694,0.5414012738853503,16.4,17.13304721030043
P_IC_qb1of3__OCF_E_qb1of3__C4_ROE_DYN_qmax8__v0,P_IC_qb1of3__OCF_E_qb1of3,C4_ROE_DYN_qmax8,0.23207065336464594,0.10858375215866056,0.12348690120598538,-0.4348342520010985,0.5313105229180116,15.58,23.58008658008658
P_IC_qb0of3__PS_qb0of3__C11_EPS_DYN_qmax8__v0,P_IC_qb0of3__PS_qb0of3,C11_EPS_DYN_qmax8,0.23192777590035418,0.1876102576683254,0.044317518232028785,-0.5027937187564469,0.5235215053763441,14.24,51.497854077253216
OCF_E_qb2of3__ACCRUAL_qb0of3__C4_ROE_DYN_qmax8__v0,OCF_E_qb2of3__ACCRUAL_qb0of3,C4_ROE_DYN_qmax8,0.23174527746886664,0.1085860393522513,0.12315923811661533,-0.4239006579109259,0.5145018915510718,17.18,49.02145922746781
P_IC_qb0of3__ROE_qb2of3__C9_EPS_DYN_riseq2__v0,P_IC_qb0of3__ROE_qb2of3,C9_EPS_DYN_riseq2,0.23171402737400615,0.20973001630778976,0.02198401106621639,-0.4804647029799278,0.5250441956393636,14.82,56.372262773722625
EV_S_qb0of3__EV_EBITDA_qb0of3__C4_ROE_DYN_qmax8__v0,EV_S_qb0of3__EV_EBITDA_qb0of3,C4_ROE_DYN_qmax8,0.23165607659195708,0.17809224021688452,0.05356383637507256,-0.5004848097541849,0.5242993969492727,15.32,46.60515021459227
P_IC_qb1of3__FCF_OI_qb1of3__C11_EPS_DYN_qmax8__v0,P_IC_qb1of3__FCF_OI_qb1of3,C11_EPS_DYN_qmax8,0.23159342685434336,0.1162649322304854,0.11532849462385797,-0.5856246980203264,0.5299684542586751,14.51,28.965665236051503
MOM_qb2of3__OCF_E_qb2of3__C3_ROE_DYN_qmax4__v0,MOM_qb2of3__OCF_E_qb2of3,C3_ROE_DYN_qmax4,0.23113266783162545,0.16022546885760813,0.07090719897401732,-0.6814071528066705,0.5276468066866695,14.18,63.221374045801525
PB_qb0of3__ROIC_qb1of3__C4_ROE_DYN_qmax8__v0,PB_qb0of3__ROIC_qb1of3,C4_ROE_DYN_qmax8,0.23107207266850938,0.18223831681550728,0.04883375585300209,-0.5198722550062669,0.5244203256043414,14.96,32.60085836909871
P_IC_qb0of3__ROIC_qb2of3__C9_EPS_DYN_riseq2__v0,P_IC_qb0of3__ROIC_qb2of3,C9_EPS_DYN_riseq2,0.2310654837917896,0.17524597133334008,0.055819512458449516,-0.45519708099686185,0.5052344105598543,14.41,32.07299270072993
PS_qb0of3__MOM_qb2of3__C5_ROE_DYN_yoy__v0,PS_qb0of3__MOM_qb2of3,C5_ROE_DYN_yoy,0.23097794500228996,0.18527143734118923,0.04570650766110074,-0.6273553623346562,0.5046790346412741,13.86,102.704
PB_qb0of3__ROE_qb2of3__C5_ROE_DYN_yoy__v0,PB_qb0of3__ROE_qb2of3,C5_ROE_DYN_yoy,0.23090127630052582,0.20669866335001674,0.024202612950509073,-0.4602595318355417,0.5192461908580593,16.75,41.448
MOM_qb2of3__NETDEBT_EBITDA_qb2of3__C4_ROE_DYN_qmax8__v0,MOM_qb2of3__NETDEBT_EBITDA_qb2of3,C4_ROE_DYN_qmax8,0.23087530468178152,0.13535856297428794,0.09551674170749358,-0.652426276931602,0.5243362831858407,13.22,27.978540772532188
P_IC_qb1of3__NETDEBT_EBITDA_qb0of3__C11_EPS_DYN_qmax8__v0,P_IC_qb1of3__NETDEBT_EBITDA_qb0of3,C11_EPS_DYN_qmax8,0.2305800130786646,0.14111189279231584,0.08946812028634876,-0.6558655132414215,0.5413333333333333,13.51,18.751072961373392
P_IC_qb0of3__EV_EBITDA_qb0of3__C6_ROE_DYN_ytdavg_gt_lyytdavg__v0,P_IC_qb0of3__EV_EBITDA_qb0of3,C6_ROE_DYN_ytdavg_gt_lyytdavg,0.23053569044318456,0.19089426073683513,0.03964142970634943,-0.4616082797050801,0.5215396380321182,12.83,89.58947368421053
ROE_qb2of3__FCF_P_qb0of3__C4_ROE_DYN_qmax8__v0,ROE_qb2of3__FCF_P_qb0of3,C4_ROE_DYN_qmax8,0.23050203805428882,0.10634093976900005,0.12416109828528876,-0.3854676664134923,0.4918966272448533,21.43,33.47639484978541
EV_S_qb0of3__FCF_OI_qb1of3__C11_EPS_DYN_qmax8__v0,EV_S_qb0of3__FCF_OI_qb1of3,C11_EPS_DYN_qmax8,0.23049672769822216,0.1576248487356633,0.07287187896255887,-0.44638769993249094,0.5313609467455621,14.21,40.12017167381974
PB_qb0of3__ROIC_qb2of3__C20_FCF_P_DYN_ytdavg_gt_lyytdavg__v0,PB_qb0of3__ROIC_qb2of3,C20_FCF_P_DYN_ytdavg_gt_lyytdavg,0.23033984119132755,0.20645135520675573,0.023888485984571828,-0.5132392001215107,0.516698172652804,15.26,23.67883211678832
P_IC_qb0of3__ROIC_qb1of3__C4_ROE_DYN_qmax8__v0,P_IC_qb0of3__ROIC_qb1of3,C4_ROE_DYN_qmax8,0.23031893626937538,0.18272926888937446,0.04758966738000092,-0.5609148712094758,0.5290562529056253,14.93,35.06008583690987
PS_qb0of3__FCF_OI_qb1of3__C4_ROE_DYN_qmax8__v0,PS_qb0of3__FCF_OI_qb1of3,C4_ROE_DYN_qmax8,0.2302659656929691,0.1602886894689004,0.06997727622406869,-0.5730440267176939,0.5454545454545454,13.7,37.1244635193133
OCF_E_qb2of3__DEBTRATIO_qb2of3__C4_ROE_DYN_qmax8__v0,OCF_E_qb2of3__DEBTRATIO_qb2of3,C4_ROE_DYN_qmax8,0.23018259604451807,0.11692725396958026,0.11325534207493781,-0.42073334107339844,0.5164051355206848,16.04,33.09012875536481
PB_qb0of3__OCF_E_qb2of3__C9_EPS_DYN_riseq2__v0,PB_qb0of3__OCF_E_qb2of3,C9_EPS_DYN_riseq2,0.23013499563272277,0.1948977085456407,0.03523728708708207,-0.45871497187551624,0.5276960784313726,15.2,61.13868613138686
P_IC_qb0of3__EV_EBITDA_qb0of3__C7_ROE_DYN_ytdavg_gt_lyavg__v0,P_IC_qb0of3__EV_EBITDA_qb0of3,C7_ROE_DYN_ytdavg_gt_lyavg,0.23010854574424422,0.19089426073683513,0.03921428500740909,-0.46690836247417666,0.5196129707112971,12.77,85.54035087719298
EV_S_qb0of3__MOM_qb2of3__C11_EPS_DYN_qmax8__v0,EV_S_qb0of3__MOM_qb2of3,C11_EPS_DYN_qmax8,0.22995548181678016,0.1955004527469444,0.034455029069835774,-0.6182536815144832,0.5247252747252747,14.43,46.39914163090129
P_IC_qb0of3__ROIC_qb2of3__C16_FCF_P_DYN_riseq2__v0,P_IC_qb0of3__ROIC_qb2of3,C16_FCF_P_DYN_riseq2,0.22990805710160211,0.17524597133334008,0.054662085768262036,-0.6306965860735764,0.4927536231884058,14.24,19.521897810218977
PB_qb0of3__ROE_qb2of3__C12_EPS_DYN_yoy__v0,PB_qb0of3__ROE_qb2of3,C12_EPS_DYN_yoy,0.22977659218371027,0.20669866335001674,0.02307792883369353,-0.44302585897827507,0.5223452234522346,17.15,41.052
PS_qb0of3__NETDEBT_EBITDA_qb0of3__C12_EPS_DYN_yoy__v0,PS_qb0of3__NETDEBT_EBITDA_qb0of3,C12_EPS_DYN_yoy,0.22977525860009695,0.1623346227872262,0.06744063581287074,-0.5087482063530557,0.5196641626159965,15.35,50.932
PB_qb0of3__OCF_E_qb2of3__C2_ROE_DYN_riseq2__v0,PB_qb0of3__OCF_E_qb2of3,C2_ROE_DYN_riseq2,0.22976059969463924,0.1948977085456407,0.03486289114899854,-0.4459309973229826,0.5273037542662116,15.42,61.627737226277375
PB_qb0of3__OCF_E_qb2of3__C4_ROE_DYN_qmax8__v0,PB_qb0of3__OCF_E_qb2of3,C4_ROE_DYN_qmax8,0.2295023402605847,0.1948977085456407,0.03460463171494399,-0.47566090198017874,0.5405819295558959,16.53,20.120171673819744
EV_S_qb0of3__DEBTRATIO_qb0of3__C5_ROE_DYN_yoy__v0,EV_S_qb0of3__DEBTRATIO_qb0of3,C5_ROE_DYN_yoy,0.2294830873851672,0.1737613000797975,0.0557217873053697,-0.5160986624208715,0.5366666666666666,14.51,55.308
EV_S_qb0of3__EV_EBITDA_qb0of3__C5_ROE_DYN_yoy__v0,EV_S_qb0of3__EV_EBITDA_qb0of3,C5_ROE_DYN_yoy,0.22940091504099058,0.17809224021688452,0.05130867482410606,-0.4535111022088717,0.5240090797974507,14.59,126.276
EV_S_qb1of3__NETDEBT_EBITDA_qb2of3__C11_EPS_DYN_qmax8__v0,EV_S_qb1of3__NETDEBT_EBITDA_qb2of3,C11_EPS_DYN_qmax8,0.22875613654515714,0.12592618420732227,0.10282995233783487,-0.6361141164546102,0.48677248677248675,16.17,25.40772532188841
P_IC_qb0of3__EV_S_qb0of3__C11_EPS_DYN_qmax8__v0,P_IC_qb0of3__EV_S_qb0of3,C11_EPS_DYN_qmax8,0.2286317916060605,0.1851690280562388,0.043462763549821704,-0.46337128253567683,0.5356012658227848,14.49,44.33047210300429
EV_S_qb0of3__ACCRUAL_qb0of3__C10_EPS_DYN_qmax4__v0,EV_S_qb0of3__ACCRUAL_qb0of3,C10_EPS_DYN_qmax4,0.2286177859236036,0.15433085717622674,0.07428692874737686,-0.38237258510333605,0.5206738131699847,14.75,45.83206106870229
EV_S_qb0of3__None__C4_ROE_DYN_qmax8__v0,EV_S_qb0of3__None,C4_ROE_DYN_qmax8,0.22851519175883328,0.15703616256886455,0.07147902918996873,-0.4986169794318632,0.5239090064995358,15.01,74.17596566523605
P_IC_qb0of3__MOM_qb2of3__C5_ROE_DYN_yoy__v0,P_IC_qb0of3__MOM_qb2of3,C5_ROE_DYN_yoy,0.22840549326974857,0.18134305708824927,0.0470624361814993,-0.6128308611214305,0.502914951989026,13.74,95.572
PB_qb0of3__ROIC_qb2of3__C5_ROE_DYN_yoy__v0,PB_qb0of3__ROIC_qb2of3,C5_ROE_DYN_yoy,0.22825947978280725,0.20645135520675573,0.021808124576051524,-0.477830566574604,0.5133620689655173,16.28,38.936
PB_qb0of3__NETDEBT_EBITDA_qb2of3__C11_EPS_DYN_qmax8__v0,PB_qb0of3__NETDEBT_EBITDA_qb2of3,C11_EPS_DYN_qmax8,0.22808535379891492,0.17628642719528287,0.051798926603632056,-0.5563110707428045,0.5076923076923077,14.74,26.30472103004292
P_IC_qb0of3__NETDEBT_EBITDA_qb1of3__C5_ROE_DYN_yoy__v0,P_IC_qb0of3__NETDEBT_EBITDA_qb1of3,C5_ROE_DYN_yoy,0.22802684569714193,0.1828242597650629,0.04520258593207904,-0.4817175415921513,0.532276768457673,14.7,57.856
EV_S_qb0of3__MOM_qb2of3__C12_EPS_DYN_yoy__v0,EV_S_qb0of3__MOM_qb2of3,C12_EPS_DYN_yoy,0.2279621322108314,0.1955004527469444,0.032461679463887005,-0.6262852324362503,0.5084368035657434,14.21,107.388
EV_EBITDA_qb0of3__NETDEBT_EBITDA_qb0of3__C4_ROE_DYN_qmax8__v0,EV_EBITDA_qb0of3__NETDEBT_EBITDA_qb0of3,C4_ROE_DYN_qmax8,0.22749970899752525,0.14659325251889155,0.0809064564786337,-0.6534356337684903,0.5311203319502075,14.66,24.120171673819744
P_IC_qb0of3__OCF_E_qb2of3__C3_ROE_DYN_qmax4__v0,P_IC_qb0of3__OCF_E_qb2of3,C3_ROE_DYN_qmax4,0.22707743677539338,0.18169077162055913,0.04538666515483425,-0.44004773151952314,0.5296308838469354,14.92,42.97328244274809
OCF_E_qb1of3__EV_EBITDA_qb0of3__C4_ROE_DYN_qmax8__v0,OCF_E_qb1of3__EV_EBITDA_qb0of3,C4_ROE_DYN_qmax8,0.2270399676320063,0.1611145807766723,0.065925386855334,-0.4788449928298134,0.5235531628532974,14.49,22.27705627705628
MOM_qb2of3__FCF_OI_qb1of3__C4_ROE_DYN_qmax8__v0,MOM_qb2of3__FCF_OI_qb1of3,C4_ROE_DYN_qmax8,0.2269799247336184,0.1494073362333117,0.07757258850030668,-0.7027198571872155,0.5376602564102564,14.55,36.74678111587983
P_IC_qb0of3__NETDEBT_EBITDA_qb1of3__C12_EPS_DYN_yoy__v0,P_IC_qb0of3__NETDEBT_EBITDA_qb1of3,C12_EPS_DYN_yoy,0.22675408668303798,0.1828242597650629,0.04392982691797509,-0.4689200635791916,0.5219109195402298,15.55,61.788
PS_qb0of3__ROE_qb2of3__C4_ROE_DYN_qmax8__v0,PS_qb0of3__ROE_qb2of3,C4_ROE_DYN_qmax8,0.22660519485330055,0.16803068714784408,0.05857450770545647,-0.37696080412022714,0.5162855162855163,16.46,46.65665236051502
MOM_qb2of3__None__C4_ROE_DYN_qmax8__v0,MOM_qb2of3__None,C4_ROE_DYN_qmax8,0.2263779136735138,0.11517070621059111,0.11120720746292267,-0.6503631371286944,0.5138419986495611,15.6,94.36909871244636
ACCRUAL_qb0of3__DEBTRATIO_qb2of3__C3_ROE_DYN_qmax4__v0,ACCRUAL_qb0of3__DEBTRATIO_qb2of3,C3_ROE_DYN_qmax4,0.22637305804271857,0.10760438208815426,0.1187686759545643,-0.46622082509758966,0.4927265945542708,15.68,39.18702290076336
P_IC_qb0of3__OCF_E_qb2of3__C2_ROE_DYN_riseq2__v0,P_IC_qb0of3__OCF_E_qb2of3,C2_ROE_DYN_riseq2,0.22618641193611877,0.18169077162055913,0.04449564031555964,-0.46474936033475833,0.5224884405212274,15.61,73.8029197080292
MOM_qb2of3__OCF_E_qb2of3__C5_ROE_DYN_yoy__v0,MOM_qb2of3__OCF_E_qb2of3,C5_ROE_DYN_yoy,0.22593714706795387,0.16022546885760813,0.06571167821034574,-0.6174542444460203,0.5184595338062835,15.49,104.06
P_IC_qb0of3__ROE_qb2of3__C8_EPS_DYN_riseq1__v0,P_IC_qb0of3__ROE_qb2of3,C8_EPS_DYN_riseq1,0.2257481709863547,0.20973001630778976,0.016018154678564933,-0.4681469400633288,0.5245253164556962,14.14,55.2007299270073
P_IC_qb0of3__NETDEBT_EBITDA_qb1of3__C14_EPS_DYN_ytdavg_gt_lyavg__v0,P_IC_qb0of3__NETDEBT_EBITDA_qb1of3,C14_EPS_DYN_ytdavg_gt_lyavg,0.2254425988629245,0.1828242597650629,0.04261833909786161,-0.4793085236082978,0.5281195079086116,13.71,51.89473684210526
P_IC_qb0of3__FCF_OI_qb1of3__C7_ROE_DYN_ytdavg_gt_lyavg__v0,P_IC_qb0of3__FCF_OI_qb1of3,C7_ROE_DYN_ytdavg_gt_lyavg,0.22539205065709855,0.1841328203450041,0.04125923031209444,-0.5077962040110024,0.5050183598531212,12.81,68.77543859649123
EV_S_qb0of3__DEBTRATIO_qb0of3__C3_ROE_DYN_qmax4__v0,EV_S_qb0of3__DEBTRATIO_qb0of3,C3_ROE_DYN_qmax4,0.22529717152976225,0.1737613000797975,0.05153587144996474,-0.5324214490826535,0.519211324570273,14.61,31.412213740458014
P_IC_qb0of3__FCF_P_qb1of3__C6_ROE_DYN_ytdavg_gt_lyytdavg__v0,P_IC_qb0of3__FCF_P_qb1of3,C6_ROE_DYN_ytdavg_gt_lyytdavg,0.2252736123418162,0.17643282368710866,0.048840788654707534,-0.5501380332878117,0.5068445068445069,12.6,41.1859649122807
EV_S_qb0of3__ACCRUAL_qb0of3__C11_EPS_DYN_qmax8__v0,EV_S_qb0of3__ACCRUAL_qb0of3,C11_EPS_DYN_qmax8,0.22525979783255523,0.15433085717622674,0.07092894065632849,-0.5404785884004364,0.5189504373177842,15.93,25.218884120171673
PB_qb0of3__EV_EBITDA_qb0of3__C9_EPS_DYN_riseq2__v0,PB_qb0of3__EV_EBITDA_qb0of3,C9_EPS_DYN_riseq2,0.2252595925245271,0.19475174231000114,0.030507850214525956,-0.48995805081865007,0.5400034264176803,14.01,112.45620437956204
PS_qb0of3__MOM_qb2of3__C12_EPS_DYN_yoy__v0,PS_qb0of3__MOM_qb2of3,C12_EPS_DYN_yoy,0.22515031500345195,0.18527143734118923,0.039878877662262724,-0.6264937354066431,0.5027738151846568,14.28,107.236
PS_qb0of3__NETDEBT_EBITDA_qb0of3__C11_EPS_DYN_qmax8__v0,PS_qb0of3__NETDEBT_EBITDA_qb0of3,C11_EPS_DYN_qmax8,0.22496596955461778,0.1623346227872262,0.06263134676739157,-0.40740458324116813,0.5378151260504201,14.71,14.145922746781116
P_IC_qb0of3__FCF_OI_qb1of3__C5_ROE_DYN_yoy__v0,P_IC_qb0of3__FCF_OI_qb1of3,C5_ROE_DYN_yoy,0.224805589262008,0.1841328203450041,0.04067276891700389,-0.5152267514094819,0.5104803493449782,13.78,77.776
EV_EBITDA_qb1of3__NETDEBT_EBITDA_qb2of3__C4_ROE_DYN_qmax8__v0,EV_EBITDA_qb1of3__NETDEBT_EBITDA_qb2of3,C4_ROE_DYN_qmax8,0.22479850015681224,0.14627716761851484,0.0785213325382974,-0.6512704449898561,0.5372398685651698,15.92,28.776824034334766
OCF_E_qb2of3__EV_EBITDA_qb0of3__C4_ROE_DYN_qmax8__v0,OCF_E_qb2of3__EV_EBITDA_qb0of3,C4_ROE_DYN_qmax8,0.22461038025149294,0.15339211904025563,0.07121826121123731,-0.4405134875313761,0.5181943804698296,17.44,34.351931330472105
DEBTRATIO_qb2of3__FCF_P_qb2of3__C4_ROE_DYN_qmax8__v0,DEBTRATIO_qb2of3__FCF_P_qb2of3,C4_ROE_DYN_qmax8,0.22460123041830737,0.13414183650936895,0.09045939390893842,-0.5980254189288298,0.5296442687747036,15.13,26.84978540772532
EV_EBITDA_qb0of3__ROIC_qb1of3__C12_EPS_DYN_yoy__v0,EV_EBITDA_qb0of3__ROIC_qb1of3,C12_EPS_DYN_yoy,0.2243449066049643,0.17304387553983713,0.05130103106512718,-0.4679027075368295,0.5378965922444183,13.79,62.724
PS_qb0of3__EV_S_qb0of3__C11_EPS_DYN_qmax8__v0,PS_qb0of3__EV_S_qb0of3,C11_EPS_DYN_qmax8,0.2243413515224042,0.16026918058568085,0.06407217093672335,-0.4390510535435421,0.5139962676619568,15.24,67.02145922746782
MOM_qb2of3__FCF_OI_qb1of3__C11_EPS_DYN_qmax8__v0,MOM_qb2of3__FCF_OI_qb1of3,C11_EPS_DYN_qmax8,0.22429601611461325,0.1494073362333117,0.07488867988130155,-0.5213339100328667,0.5228143504005573,15.18,42.74678111587983
PS_qb0of3__ROIC_qb1of3__C11_EPS_DYN_qmax8__v0,PS_qb0of3__ROIC_qb1of3,C11_EPS_DYN_qmax8,0.22429119697779387,0.16094874682218596,0.06334245015560791,-0.5041636527287707,0.5240750126710593,13.59,32.78540772532189
P_IC_qb0of3__FCF_P_qb1of3__C13_EPS_DYN_ytdavg_gt_lyytdavg__v0,P_IC_qb0of3__FCF_P_qb1of3,C13_EPS_DYN_ytdavg_gt_lyytdavg,0.22416973571449117,0.17643282368710866,0.047736912027382505,-0.5485681516428786,0.499151679674245,13.21,42.53333333333333
MOM_qb2of3__ROE_qb2of3__C5_ROE_DYN_yoy__v0,MOM_qb2of3__ROE_qb2of3,C5_ROE_DYN_yoy,0.22412704110130321,0.1649096027006769,0.05921743840062632,-0.6246988437897693,0.5096080910240203,15.97,134.828
EV_S_qb0of3__EV_EBITDA_qb0of3__C10_EPS_DYN_qmax4__v0,EV_S_qb0of3__EV_EBITDA_qb0of3,C10_EPS_DYN_qmax4,0.22411868835614324,0.17809224021688452,0.04602644813925871,-0.40447871856076845,0.5212255444813584,14.21,87.59160305343511
MOM_qb2of3__ACCRUAL_qb0of3__C5_ROE_DYN_yoy__v0,MOM_qb2of3__ACCRUAL_qb0of3,C5_ROE_DYN_yoy,0.22403870248187263,0.15172057801880778,0.07231812446306485,-0.5874951751189152,0.5082369435681738,15.76,78.164
PB_qb0of3__FCF_OI_qb1of3__C10_EPS_DYN_qmax4__v0,PB_qb0of3__FCF_OI_qb1of3,C10_EPS_DYN_qmax4,0.22391934039452144,0.18925522121144955,0.034664119183071884,-0.522003082794912,0.5410719949254678,12.33,45.87786259541985
EV_S_qb1of3__EV_EBITDA_qb1of3__C4_ROE_DYN_qmax8__v0,EV_S_qb1of3__EV_EBITDA_qb1of3,C4_ROE_DYN_qmax8,0.22388433593346124,0.11950687846175168,0.10437745747170957,-0.699278514773122,0.5226558995065052,16.3,34.97854077253219
ROIC_qb1of3__FCF_OI_qb1of3__C11_EPS_DYN_qmax8__v0,ROIC_qb1of3__FCF_OI_qb1of3,C11_EPS_DYN_qmax8,0.22366475993952695,0.11961040076679486,0.10405435917273209,-0.6721917999729432,0.5488621151271754,13.03,23.246753246753247
EV_S_qb0of3__MOM_qb2of3__C9_EPS_DYN_riseq2__v0,EV_S_qb0of3__MOM_qb2of3,C9_EPS_DYN_riseq2,0.22347273660308598,0.1955004527469444,0.02797228385614159,-0.5778998518577054,0.5180186860447872,13.47,102.65693430656934
P_IC_qb0of3__EV_S_qb0of3__C5_ROE_DYN_yoy__v0,P_IC_qb0of3__EV_S_qb0of3,C5_ROE_DYN_yoy,0.22331649573928813,0.1851690280562388,0.03814746768304933,-0.5014932367265763,0.5311014672452986,13.83,129.368
P_IC_qb0of3__DEBTRATIO_qb0of3__C16_FCF_P_DYN_riseq2__v0,P_IC_qb0of3__DEBTRATIO_qb0of3,C16_FCF_P_DYN_riseq2,0.2232840955066533,0.20390695840205297,0.019377137104600317,-0.6417757701256819,0.514140681653372,15.29,25.985401459854014
MOM_qb2of3__ROE_qb2of3__C17_FCF_P_DYN_qmax4__v0,MOM_qb2of3__ROE_qb2of3,C17_FCF_P_DYN_qmax4,0.22301748867599125,0.1649096027006769,0.058107885975314355,-0.6417422040721621,0.48220924057355286,14.25,43.91984732824427
PB_qb0of3__FCF_P_qb1of3__C7_ROE_DYN_ytdavg_gt_lyavg__v0,PB_qb0of3__FCF_P_qb1of3,C7_ROE_DYN_ytdavg_gt_lyavg,0.2229987181105353,0.1810049825348956,0.04199373557563968,-0.5413428143813285,0.5228907782864617,12.63,45.66315789473684
PB_qb0of3__ACCRUAL_qb0of3__C2_ROE_DYN_riseq2__v0,PB_qb0of3__ACCRUAL_qb0of3,C2_ROE_DYN_riseq2,0.22293614558566355,0.17652061393823848,0.04641553164742507,-0.4859210717070548,0.5225475528959179,14.74,72.04744525547446
P_IC_qb0of3__EV_S_qb0of3__C12_EPS_DYN_yoy__v0,P_IC_qb0of3__EV_S_qb0of3,C12_EPS_DYN_yoy,0.2226361006075308,0.1851690280562388,0.037467072551292,-0.4848118944425934,0.5237998784687057,14.09,133.148
P_IC_qb0of3__FCF_OI_qb1of3__C12_EPS_DYN_yoy__v0,P_IC_qb0of3__FCF_OI_qb1of3,C12_EPS_DYN_yoy,0.22232808804008442,0.1841328203450041,0.038195267695080304,-0.49630731369486136,0.5073149741824441,13.94,78.876
P_IC_qb0of3__EV_EBITDA_qb0of3__C3_ROE_DYN_qmax4__v0,P_IC_qb0of3__EV_EBITDA_qb0of3,C3_ROE_DYN_qmax4,0.2217842956205882,0.19089426073683513,0.03089003488375308,-0.4866654781639035,0.5238870792616721,13.51,59.286259541984734
EV_S_qb0of3__ROE_qb2of3__C4_ROE_DYN_qmax8__v0,EV_S_qb0of3__ROE_qb2of3,C4_ROE_DYN_qmax8,0.22165365615646282,0.16125483918444772,0.0603988169720151,-0.4650178269073696,0.5190373563218391,17.35,44.93133047210301
EV_S_qb0of3__MOM_qb2of3__C7_ROE_DYN_ytdavg_gt_lyavg__v0,EV_S_qb0of3__MOM_qb2of3,C7_ROE_DYN_ytdavg_gt_lyavg,0.22164551795858567,0.1955004527469444,0.026145065211641283,-0.5950217915615208,0.49982375749030666,12.56,85.06315789473685
MOM_qb2of3__NETDEBT_EBITDA_qb0of3__C10_EPS_DYN_qmax4__v0,MOM_qb2of3__NETDEBT_EBITDA_qb0of3,C10_EPS_DYN_qmax4,0.22162799894501495,0.141070955355993,0.08055704358902194,-0.6702307968417325,0.5012650221378874,13.94,44.62977099236641
PB_qb0of3__DEBTRATIO_qb2of3__C11_EPS_DYN_qmax8__v0,PB_qb0of3__DEBTRATIO_qb2of3,C11_EPS_DYN_qmax8,0.22158479891588123,0.18635950857908368,0.035225290336797555,-0.5369024601456818,0.5155555555555555,16.5,27.00429184549356
PS_qb0of3__MOM_qb2of3__C11_EPS_DYN_qmax8__v0,PS_qb0of3__MOM_qb2of3,C11_EPS_DYN_qmax8,0.2215023618884544,0.18527143734118923,0.036230924547265175,-0.6034258745492002,0.5188552188552189,14.22,47.17596566523605
EV_S_qb0of3__NETDEBT_EBITDA_qb2of3__C11_EPS_DYN_qmax8__v0,EV_S_qb0of3__NETDEBT_EBITDA_qb2of3,C11_EPS_DYN_qmax8,0.2214977823033497,0.1541547522146991,0.06734303008865061,-0.5414768975636994,0.507380073800738,14.39,18.943722943722943
P_IC_qb0of3__FCF_P_qb1of3__C14_EPS_DYN_ytdavg_gt_lyavg__v0,P_IC_qb0of3__FCF_P_qb1of3,C14_EPS_DYN_ytdavg_gt_lyavg,0.2214373085571104,0.17643282368710866,0.04500448487000175,-0.5513275086034479,0.5010714285714286,13.38,40.863157894736844
P_IC_qb0of3__FCF_P_qb1of3__C5_ROE_DYN_yoy__v0,P_IC_qb0of3__FCF_P_qb1of3,C5_ROE_DYN_yoy,0.22120489759115736,0.17643282368710866,0.04477207390404869,-0.49953565591336535,0.511690046760187,14.34,45.196
EV_S_qb0of3__MOM_qb2of3__C10_EPS_DYN_qmax4__v0,EV_S_qb0of3__MOM_qb2of3,C10_EPS_DYN_qmax4,0.22114421158704767,0.1955004527469444,0.02564375884010328,-0.6253821624834018,0.5253922378199835,13.52,69.74809160305344
EV_S_qb0of3__DEBTRATIO_qb0of3__C4_ROE_DYN_qmax8__v0,EV_S_qb0of3__DEBTRATIO_qb0of3,C4_ROE_DYN_qmax8,0.22103451136229202,0.1737613000797975,0.04727321128249451,-0.5784729352941187,0.5228628230616302,14.35,16.72532188841202
P_IC_qb0of3__ROE_qb2of3__C1_ROE_DYN_riseq1__v0,P_IC_qb0of3__ROE_qb2of3,C1_ROE_DYN_riseq1,0.22098873298215826,0.20973001630778976,0.011258716674368507,-0.4655264991995989,0.523870636550308,14.43,55.916058394160586
DEBTRATIO_qb2of3__NETDEBT_EBITDA_qb2of3__C4_ROE_DYN_qmax8__v0,DEBTRATIO_qb2of3__NETDEBT_EBITDA_qb2of3,C4_ROE_DYN_qmax8,0.22094752228712822,0.11915400596730308,0.10179351631982514,-0.5551806053829482,0.4974271012006861,15.49,40.291845493562235
PB_qb0of3__ACCRUAL_qb0of3__C10_EPS_DYN_qmax4__v0,PB_qb0of3__ACCRUAL_qb0of3,C10_EPS_DYN_qmax4,0.22091953679802345,0.17652061393823848,0.04439892285978497,-0.4091440857724322,0.5364114114114115,14.53,39.43129770992366
P_IC_qb0of3__MOM_qb2of3__C12_EPS_DYN_yoy__v0,P_IC_qb0of3__MOM_qb2of3,C12_EPS_DYN_yoy,0.22077269225514295,0.18134305708824927,0.039429635166893684,-0.6304132734132897,0.5039460703715883,14.27,100.604
EV_S_qb0of3__MOM_qb2of3__C14_EPS_DYN_ytdavg_gt_lyavg__v0,EV_S_qb0of3__MOM_qb2of3,C14_EPS_DYN_ytdavg_gt_lyavg,0.22065384299226354,0.1955004527469444,0.02515339024531915,-0.5859101541553378,0.49808109461037875,12.91,90.85964912280701
PB_qb0of3__EV_EBITDA_qb0of3__C12_EPS_DYN_yoy__v0,PB_qb0of3__EV_EBITDA_qb0of3,C12_EPS_DYN_yoy,0.22034385885358776,0.19475174231000114,0.025592116543586618,-0.5185986247843541,0.5239549532353502,14.64,112.072
EV_S_qb0of3__DEBTRATIO_qb0of3__C9_EPS_DYN_riseq2__v0,EV_S_qb0of3__DEBTRATIO_qb0of3,C9_EPS_DYN_riseq2,0.22030747292784092,0.1737613000797975,0.04654617284804341,-0.5166912111614933,0.541871921182266,13.36,58.54014598540146
P_IC_qb0of3__PS_qb0of3__C12_EPS_DYN_yoy__v0,P_IC_qb0of3__PS_qb0of3,C12_EPS_DYN_yoy,0.22022321548306345,0.1876102576683254,0.03261295781473805,-0.5017896125813518,0.5113733538566786,14.19,158.788
PS_qb0of3__DEBTRATIO_qb2of3__C11_EPS_DYN_qmax8__v0,PS_qb0of3__DEBTRATIO_qb2of3,C11_EPS_DYN_qmax8,0.2201774272482706,0.16192316720535427,0.05825426004291634,-0.49709316358942623,0.5098559514783927,15.46,46.52360515021459
P_IC_qb0of3__DEBTRATIO_qb1of3__C4_ROE_DYN_qmax8__v0,P_IC_qb0of3__DEBTRATIO_qb1of3,C4_ROE_DYN_qmax8,0.2201441416018921,0.17820977128879134,0.041934370313100766,-0.6352325714910464,0.5442477876106194,14.8,18.107296137339056
P_IC_qb0of3__FCF_OI_qb1of3__C11_EPS_DYN_qmax8__v0,P_IC_qb0of3__FCF_OI_qb1of3,C11_EPS_DYN_qmax8,0.2200895984042186,0.1841328203450041,0.03595677805921449,-0.5686609769012199,0.5396825396825397,14.07,24.69527896995708
P_IC_qb0of3__ROIC_qb1of3__C11_EPS_DYN_qmax8__v0,P_IC_qb0of3__ROIC_qb1of3,C11_EPS_DYN_qmax8,0.22008192659898929,0.18272926888937446,0.03735265770961482,-0.4985379910744372,0.5422727272727272,14.67,36.21459227467811
P_IC_qb0of3__OCF_E_qb2of3__C9_EPS_DYN_riseq2__v0,P_IC_qb0of3__OCF_E_qb2of3,C9_EPS_DYN_riseq2,0.22002498103264756,0.18169077162055913,0.03833420941208843,-0.4750449541471724,0.5258016564026332,15.82,73.3905109489051
PB_qb0of3__OCF_E_qb2of3__C12_EPS_DYN_yoy__v0,PB_qb0of3__OCF_E_qb2of3,C12_EPS_DYN_yoy,0.2200205453395101,0.1948977085456407,0.025122836793869396,-0.4930042599250225,0.5219651676631141,15.54,61.38
PS_qb0of3__EV_EBITDA_qb0of3__C13_EPS_DYN_ytdavg_gt_lyytdavg__v0,PS_qb0of3__EV_EBITDA_qb0of3,C13_EPS_DYN_ytdavg_gt_lyytdavg,0.21982516006161212,0.19132612263680127,0.028499037424810858,-0.43472632836785785,0.4976292616843531,12.84,95.11578947368422
EV_S_qb0of3__NETDEBT_EBITDA_qb0of3__C10_EPS_DYN_qmax4__v0,EV_S_qb0of3__NETDEBT_EBITDA_qb0of3,C10_EPS_DYN_qmax4,0.21976240719991447,0.15451356457625898,0.06524884262365549,-0.5331738708032714,0.5403808273145109,13.66,50.08015267175573
EV_S_qb0of3__DEBTRATIO_qb0of3__C2_ROE_DYN_riseq2__v0,EV_S_qb0of3__DEBTRATIO_qb0of3,C2_ROE_DYN_riseq2,0.21955886060629926,0.1737613000797975,0.045797560526501746,-0.5075724830711967,0.534256301029464,13.58,58.802919708029194
EV_S_qb0of3__MOM_qb2of3__C13_EPS_DYN_ytdavg_gt_lyytdavg__v0,EV_S_qb0of3__MOM_qb2of3,C13_EPS_DYN_ytdavg_gt_lyytdavg,0.2194757545281636,0.1955004527469444,0.023975301781219205,-0.5900502896770141,0.4963552021206097,12.86,92.6280701754386
PB_qb0of3__EV_EBITDA_qb0of3__C5_ROE_DYN_yoy__v0,PB_qb0of3__EV_EBITDA_qb0of3,C5_ROE_DYN_yoy,0.21943692312639151,0.19475174231000114,0.024685180816390373,-0.5073091339341753,0.5239896476209437,14.6,106.444
PB_qb0of3__DEBTRATIO_qb2of3__C3_ROE_DYN_qmax4__v0,PB_qb0of3__DEBTRATIO_qb2of3,C3_ROE_DYN_qmax4,0.21940727383525704,0.18635950857908368,0.03304776525617337,-0.5434193834341359,0.5295928840232638,14.33,49.20992366412214
PB_qb0of3__OCF_E_qb2of3__C3_ROE_DYN_qmax4__v0,PB_qb0of3__OCF_E_qb2of3,C3_ROE_DYN_qmax4,0.2193580777153359,0.1948977085456407,0.024460369169695184,-0.44514627176173327,0.5327935222672064,15.67,35.83206106870229
EV_EBITDA_qb0of3__NETDEBT_EBITDA_qb0of3__C10_EPS_DYN_qmax4__v0,EV_EBITDA_qb0of3__NETDEBT_EBITDA_qb0of3,C10_EPS_DYN_qmax4,0.2193139907781534,0.14659325251889155,0.07272073825926184,-0.5623637266675512,0.5340445560087856,13.32,52.538167938931295
P_IC_qb0of3__PS_qb0of3__C5_ROE_DYN_yoy__v0,P_IC_qb0of3__PS_qb0of3,C5_ROE_DYN_yoy,0.21929881478029944,0.1876102576683254,0.03168855711197405,-0.5219861790630882,0.514146000698568,14.11,154.268
EV_S_qb1of3__ACCRUAL_qb1of3__C4_ROE_DYN_qmax8__v0,EV_S_qb1of3__ACCRUAL_qb1of3,C4_ROE_DYN_qmax8,0.21915028617830123,0.11256341933953151,0.10658686683876972,-0.6363080219590326,0.5165609584214236,16.84,21.257510729613735
PS_qb0of3__NETDEBT_EBITDA_qb0of3__C5_ROE_DYN_yoy__v0,PS_qb0of3__NETDEBT_EBITDA_qb0of3,C5_ROE_DYN_yoy,0.2191155100528248,0.1623346227872262,0.0567808872655986,-0.5276900137960194,0.5277288732394366,15.19,49.536
PB_qb0of3__EV_S_qb0of3__C5_ROE_DYN_yoy__v0,PB_qb0of3__EV_S_qb0of3,C5_ROE_DYN_yoy,0.21906761458476942,0.19152523498206686,0.02754237960270256,-0.506939613369497,0.5288977159880834,14.37,128.392
EV_S_qb0of3__MOM_qb2of3__C6_ROE_DYN_ytdavg_gt_lyytdavg__v0,EV_S_qb0of3__MOM_qb2of3,C6_ROE_DYN_ytdavg_gt_lyytdavg,0.2190554007542207,0.1955004527469444,0.02355494800727631,-0.5957743303209602,0.5,12.7,87.91578947368421
PB_qb0of3__EV_EBITDA_qb0of3__C2_ROE_DYN_riseq2__v0,PB_qb0of3__EV_EBITDA_qb0of3,C2_ROE_DYN_riseq2,0.21902840848584182,0.19475174231000114,0.024276666175840678,-0.4850565033953448,0.5434173669467787,14.03,110.62773722627738
MOM_qb2of3__ACCRUAL_qb0of3__C9_EPS_DYN_riseq2__v0,MOM_qb2of3__ACCRUAL_qb0of3,C9_EPS_DYN_riseq2,0.21902105657194482,0.15172057801880778,0.06730047855313703,-0.6015850090448731,0.5112223478120459,14.47,79.67883211678833
P_IC_qb0of3__NETDEBT_EBITDA_qb1of3__C13_EPS_DYN_ytdavg_gt_lyytdavg__v0,P_IC_qb0of3__NETDEBT_EBITDA_qb1of3,C13_EPS_DYN_ytdavg_gt_lyytdavg,0.21901811670811133,0.1828242597650629,0.03619385694304844,-0.46847161828720085,0.515473032714412,13.68,53.1719298245614
ROE_qb2of3__NETDEBT_EBITDA_qb0of3__C11_EPS_DYN_qmax8__v0,ROE_qb2of3__NETDEBT_EBITDA_qb0of3,C11_EPS_DYN_qmax8,0.2189079265066085,0.10739791521726105,0.11151001128934745,-0.5107464189161515,0.538899430740038,16.75,27.76824034334764
PS_qb0of3__OCF_E_qb2of3__C3_ROE_DYN_qmax4__v0,PS_qb0of3__OCF_E_qb2of3,C3_ROE_DYN_qmax4,0.21883119844178234,0.1770945770309813,0.041736621410801034,-0.439893498224293,0.5091431556948798,14.77,55.06488549618321
EV_S_qb0of3__ACCRUAL_qb0of3__C5_ROE_DYN_yoy__v0,EV_S_qb0of3__ACCRUAL_qb0of3,C5_ROE_DYN_yoy,0.21879731998853114,0.15433085717622674,0.06446646281230439,-0.39882992940147954,0.49912297797700256,15.49,78.74
EV_S_qb0of3__None__C11_EPS_DYN_qmax8__v0,EV_S_qb0of3__None,C11_EPS_DYN_qmax8,0.21877313929418474,0.15703616256886455,0.06173697672532019,-0.4967740100911098,0.5182186234817814,15.51,83.5922746781116
PB_qb0of3__FCF_P_qb1of3__C11_EPS_DYN_qmax8__v0,PB_qb0of3__FCF_P_qb1of3,C11_EPS_DYN_qmax8,0.21871992847103772,0.1810049825348956,0.03771494593614211,-0.6048878372075228,0.5434995112414467,14.29,15.068669527896995
P_IC_qb0of3__FCF_OI_qb1of3__C6_ROE_DYN_ytdavg_gt_lyytdavg__v0,P_IC_qb0of3__FCF_OI_qb1of3,C6_ROE_DYN_ytdavg_gt_lyytdavg,0.21862272001509164,0.1841328203450041,0.03448989967008753,-0.49747237096431596,0.50356463878327,12.85,70.4140350877193
EV_S_qb1of3__OCF_E_qb2of3__C4_ROE_DYN_qmax8__v0,EV_S_qb1of3__OCF_E_qb2of3,C4_ROE_DYN_qmax8,0.2185382936310991,0.12024507725315203,0.09829321637794708,-0.5826666545453231,0.5253682487725041,18.09,28.34763948497854
MOM_qb2of3__OCF_E_qb2of3__C9_EPS_DYN_riseq2__v0,MOM_qb2of3__OCF_E_qb2of3,C9_EPS_DYN_riseq2,0.21831026225076178,0.16022546885760813,0.058084793393153644,-0.5701490458136,0.5172043010752688,14.96,102.76277372262774
EV_S_qb1of3__MOM_qb2of3__C4_ROE_DYN_qmax8__v0,EV_S_qb1of3__MOM_qb2of3,C4_ROE_DYN_qmax8,0.21824289123708995,0.12920025367569776,0.08904263756139219,-0.6400645364104551,0.5049115913555993,17.14,31.180257510729614
PB_qb0of3__FCF_OI_qb1of3__C7_ROE_DYN_ytdavg_gt_lyavg__v0,PB_qb0of3__FCF_OI_qb1of3,C7_ROE_DYN_ytdavg_gt_lyavg,0.21822128710761368,0.18925522121144955,0.028966065896164128,-0.5221516167394201,0.5160900072586498,12.7,68.91228070175438
P_IC_qb0of3__MOM_qb2of3__C7_ROE_DYN_ytdavg_gt_lyavg__v0,P_IC_qb0of3__MOM_qb2of3,C7_ROE_DYN_ytdavg_gt_lyavg,0.21811222763211058,0.18134305708824927,0.03676917054386131,-0.6346801082824078,0.4968932748538012,12.8,80.93333333333334
EV_S_qb0of3__ACCRUAL_qb0of3__C12_EPS_DYN_yoy__v0,EV_S_qb0of3__ACCRUAL_qb0of3,C12_EPS_DYN_yoy,0.21805491598387317,0.15433085717622674,0.06372405880764642,-0.41564210532050094,0.4978240302743614,15.81,82.352
PB_qb0of3__NETDEBT_EBITDA_qb0of3__C11_EPS_DYN_qmax8__v0,PB_qb0of3__NETDEBT_EBITDA_qb0of3,C11_EPS_DYN_qmax8,0.2179515125067546,0.18598838212849822,0.03196313037825638,-0.6180783583622083,0.5195797516714422,14.98,18.1931330472103
EV_EBITDA_qb1of3__ACCRUAL_qb0of3__C4_ROE_DYN_qmax8__v0,EV_EBITDA_qb1of3__ACCRUAL_qb0of3,C4_ROE_DYN_qmax8,0.2178565678482327,0.12987807961629594,0.08797848823193677,-0.7356000997880718,0.5331890331890332,15.96,20.047210300429185
PB_qb0of3__NETDEBT_EBITDA_qb2of3__C3_ROE_DYN_qmax4__v0,PB_qb0of3__NETDEBT_EBITDA_qb2of3,C3_ROE_DYN_qmax4,0.21770181212137674,0.17628642719528287,0.04141538492609387,-0.555522039676029,0.5243142144638404,13.38,54.55343511450382
MOM_qb2of3__ROE_qb1of3__C4_ROE_DYN_qmax8__v0,MOM_qb2of3__ROE_qb1of3,C4_ROE_DYN_qmax8,0.21765417455528047,0.142453064325746,0.07520111022953446,-0.5055923902339652,0.5188155459592844,13.95,24.406926406926406
MOM_qb2of3__ACCRUAL_qb0of3__C2_ROE_DYN_riseq2__v0,MOM_qb2of3__ACCRUAL_qb0of3,C2_ROE_DYN_riseq2,0.21764829899421367,0.15172057801880778,0.06592772097540589,-0.6448555878201861,0.5139483142221462,13.81,76.01094890510949
EV_S_qb0of3__DEBTRATIO_qb0of3__C12_EPS_DYN_yoy__v0,EV_S_qb0of3__DEBTRATIO_qb0of3,C12_EPS_DYN_yoy,0.21764451933221807,0.1737613000797975,0.04388321925242056,-0.5239700122492421,0.5339185953711093,14.81,57.04
PS_qb0of3__OCF_E_qb2of3__C12_EPS_DYN_yoy__v0,PS_qb0of3__OCF_E_qb2of3,C12_EPS_DYN_yoy,0.21761814574577554,0.1770945770309813,0.040523568714794234,-0.4336950326577377,0.5051436679673643,15.5,96.316
NETDEBT_EBITDA_qb2of3__None__C4_ROE_DYN_qmax8__v0,NETDEBT_EBITDA_qb2of3__None,C4_ROE_DYN_qmax8,0.21756077555262654,0.11310247772162718,0.10445829783099936,-0.5995369790271352,0.5021620063418852,15.33,60.82832618025751
PS_qb0of3__EV_EBITDA_qb0of3__C14_EPS_DYN_ytdavg_gt_lyavg__v0,PS_qb0of3__EV_EBITDA_qb0of3,C14_EPS_DYN_ytdavg_gt_lyavg,0.2175381503247802,0.19132612263680127,0.026212027687978923,-0.42875173619320084,0.489404869251578,12.98,93.37543859649122
PB_qb0of3__PS_qb0of3__C12_EPS_DYN_yoy__v0,PB_qb0of3__PS_qb0of3,C12_EPS_DYN_yoy,0.21743833248362687,0.19552828855051252,0.021910043933114354,-0.5229204734619628,0.5168391345249295,14.33,136.308
PB_qb0of3__EV_S_qb0of3__C12_EPS_DYN_yoy__v0,PB_qb0of3__EV_S_qb0of3,C12_EPS_DYN_yoy,0.2173078363450116,0.19152523498206686,0.025782601362944746,-0.494725969770725,0.5234860248447205,14.54,131.368
PS_qb0of3__None__C11_EPS_DYN_qmax8__v0,PS_qb0of3__None,C11_EPS_DYN_qmax8,0.21720211665516986,0.16434511041889355,0.052857006236276316,-0.5127832304567527,0.511812669872465,15.36,85.52789699570816
EV_EBITDA_qb0of3__FCF_OI_qb1of3__C5_ROE_DYN_yoy__v0,EV_EBITDA_qb0of3__FCF_OI_qb1of3,C5_ROE_DYN_yoy,0.21711522698028407,0.1588416616824344,0.05827356529784966,-0.5226385650815059,0.4935897435897436,15.02,77.12
EV_S_qb0of3__DEBTRATIO_qb0of3__C10_EPS_DYN_qmax4__v0,EV_S_qb0of3__DEBTRATIO_qb0of3,C10_EPS_DYN_qmax4,0.21709835480373485,0.1737613000797975,0.04333705472393734,-0.5609458520004689,0.5227934044616876,13.94,33.3587786259542
PS_qb0of3__EV_EBITDA_qb0of3__C6_ROE_DYN_ytdavg_gt_lyytdavg__v0,PS_qb0of3__EV_EBITDA_qb0of3,C6_ROE_DYN_ytdavg_gt_lyytdavg,0.21706964360169256,0.19132612263680127,0.025743520964891298,-0.40785958962518953,0.49988188046302856,12.96,89.1859649122807
EV_S_qb0of3__NETDEBT_EBITDA_qb0of3__C11_EPS_DYN_qmax8__v0,EV_S_qb0of3__NETDEBT_EBITDA_qb0of3,C11_EPS_DYN_qmax8,0.21702441309820752,0.15451356457625898,0.06251084852194855,-0.5863455963026737,0.5373333333333333,14.37,25.871244635193133
PS_qb0of3__NETDEBT_EBITDA_qb0of3__C14_EPS_DYN_ytdavg_gt_lyavg__v0,PS_qb0of3__NETDEBT_EBITDA_qb0of3,C14_EPS_DYN_ytdavg_gt_lyavg,0.21695273547411875,0.1623346227872262,0.05461811268689254,-0.497645875619369,0.5201133144475921,13.41,42.49473684210526
PB_qb0of3__ROIC_qb2of3__C14_EPS_DYN_ytdavg_gt_lyavg__v0,PB_qb0of3__ROIC_qb2of3,C14_EPS_DYN_ytdavg_gt_lyavg,0.21687794688752549,0.20645135520675573,0.010426591680769759,-0.4042073777247731,0.4956689124157844,15.51,31.90875912408759
EV_S_qb1of3__FCF_OI_qb2of3__C4_ROE_DYN_qmax8__v0,EV_S_qb1of3__FCF_OI_qb2of3,C4_ROE_DYN_qmax8,0.21687039293902455,0.10909170051585249,0.10777869242317206,-0.5692190044327563,0.4915032679738562,17.21,22.34334763948498
PS_qb0of3__ROIC_qb2of3__C4_ROE_DYN_qmax8__v0,PS_qb0of3__ROIC_qb2of3,C4_ROE_DYN_qmax8,0.21686020541603823,0.16337747244409084,0.05348273297194739,-0.4355356843591749,0.5152253349573691,15.88,38.54935622317596
EV_S_qb0of3__EV_EBITDA_qb0of3__C9_EPS_DYN_riseq2__v0,EV_S_qb0of3__EV_EBITDA_qb0of3,C9_EPS_DYN_riseq2,0.21685009502443897,0.17809224021688452,0.03875785480755445,-0.40722771243720235,0.5301169157910315,14.26,135.54744525547446
ACCRUAL_qb1of3__FCF_OI_qb1of3__C4_ROE_DYN_qmax8__v0,ACCRUAL_qb1of3__FCF_OI_qb1of3,C4_ROE_DYN_qmax8,0.21676756648604,0.11215386819556161,0.1046136982904784,-0.6743116035106199,0.5147849462365591,15.08,21.742489270386265
MOM_qb2of3__ROE_qb2of3__C12_EPS_DYN_yoy__v0,MOM_qb2of3__ROE_qb2of3,C12_EPS_DYN_yoy,0.21675144168858873,0.1649096027006769,0.05184183898791184,-0.6214094890670724,0.5040136219897835,16.56,143.18
P_IC_qb0of3__ROE_qb2of3__C2_ROE_DYN_riseq2__v0,P_IC_qb0of3__ROE_qb2of3,C2_ROE_DYN_riseq2,0.216735894572061,0.20973001630778976,0.007005878264271237,-0.47790712002758684,0.5294627383015598,14.85,56.839416058394164
MOM_qb2of3__EV_EBITDA_qb0of3__C3_ROE_DYN_qmax4__v0,MOM_qb2of3__EV_EBITDA_qb0of3,C3_ROE_DYN_qmax4,0.2166595002552938,0.17816366229087532,0.03849583796441847,-0.5856906812933822,0.5189485213581599,13.77,63.51908396946565
OCF_E_qb1of3__FCF_OI_qb1of3__C4_ROE_DYN_qmax8__v0,OCF_E_qb1of3__FCF_OI_qb1of3,C4_ROE_DYN_qmax8,0.21659923372942913,0.10728376775503445,0.10931546597439468,-0.5112609482761405,0.529788597053171,15.42,22.446351931330472
MOM_qb2of3__EV_EBITDA_qb1of3__C4_ROE_DYN_qmax8__v0,MOM_qb2of3__EV_EBITDA_qb1of3,C4_ROE_DYN_qmax8,0.21651054716126938,0.15785208153346586,0.058658465627803524,-0.6825674284021134,0.5305466237942122,15.44,37.08583690987125
MOM_qb2of3__ROE_qb2of3__C11_EPS_DYN_qmax8__v0,MOM_qb2of3__ROE_qb2of3,C11_EPS_DYN_qmax8,0.21649546775531614,0.1649096027006769,0.051585865054639246,-0.614947143095397,0.5105825878245691,16.92,73.71673819742489
EV_EBITDA_qb0of3__ROIC_qb1of3__C5_ROE_DYN_yoy__v0,EV_EBITDA_qb0of3__ROIC_qb1of3,C5_ROE_DYN_yoy,0.21645301514541515,0.17304387553983713,0.04340913960557802,-0.49257075693878627,0.5338983050847458,14.15,60.408
P_IC_qb0of3__EV_EBITDA_qb0of3__C2_ROE_DYN_riseq2__v0,P_IC_qb0of3__EV_EBITDA_qb0of3,C2_ROE_DYN_riseq2,0.216397989829755,0.19089426073683513,0.02550372909291987,-0.4628822334413074,0.5306122448979592,13.84,102.43430656934306
MOM_qb2of3__ROIC_qb2of3__C5_ROE_DYN_yoy__v0,MOM_qb2of3__ROIC_qb2of3,C5_ROE_DYN_yoy,0.21607072241898972,0.15843219174837309,0.05763853067061664,-0.6283730858061731,0.5046052631578948,16.22,128.396
MOM_qb2of3__ROIC_qb2of3__C4_ROE_DYN_qmax8__v0,MOM_qb2of3__ROIC_qb2of3,C4_ROE_DYN_qmax8,0.21598288744689853,0.15843219174837309,0.057550695698525445,-0.6821272531407734,0.5175300889586604,16.44,59.261802575107296
EV_S_qb0of3__EV_EBITDA_qb0of3__C11_EPS_DYN_qmax8__v0,EV_S_qb0of3__EV_EBITDA_qb0of3,C11_EPS_DYN_qmax8,0.21589322273836342,0.17809224021688452,0.0378009825214789,-0.486511353745283,0.5228457528365532,15.61,55.05579399141631
PB_qb0of3__ACCRUAL_qb0of3__C9_EPS_DYN_riseq2__v0,PB_qb0of3__ACCRUAL_qb0of3,C9_EPS_DYN_riseq2,0.21587342927173392,0.17652061393823848,0.03935281533349544,-0.4982463306660516,0.5219123505976095,14.98,73.25182481751825
ROE_qb1of3__FCF_OI_qb1of3__C11_EPS_DYN_qmax8__v0,ROE_qb1of3__FCF_OI_qb1of3,C11_EPS_DYN_qmax8,0.21584703837044783,0.11311461277821944,0.1027324255922284,-0.6637936919510776,0.5246734397677794,13.13,20.956709956709958
OCF_E_qb2of3__NETDEBT_EBITDA_qb2of3__C3_ROE_DYN_qmax4__v0,OCF_E_qb2of3__NETDEBT_EBITDA_qb2of3,C3_ROE_DYN_qmax4,0.21583568626972194,0.12059306705584905,0.09524261921387289,-0.5490637422182347,0.5111026033690659,15.45,38.12213740458015
P_IC_qb0of3__EV_S_qb0of3__C7_ROE_DYN_ytdavg_gt_lyavg__v0,P_IC_qb0of3__EV_S_qb0of3,C7_ROE_DYN_ytdavg_gt_lyavg,0.215724905436957,0.1851690280562388,0.030555877380718188,-0.4720012564463386,0.5443931577518327,13.04,111.91228070175438
P_IC_qb0of3__FCF_OI_qb1of3__C14_EPS_DYN_ytdavg_gt_lyavg__v0,P_IC_qb0of3__FCF_OI_qb1of3,C14_EPS_DYN_ytdavg_gt_lyavg,0.2157064422468713,0.1841328203450041,0.03157362190186719,-0.5003717250032709,0.4923481587757054,13.12,70.7719298245614
MOM_qb2of3__OCF_E_qb2of3__C2_ROE_DYN_riseq2__v0,MOM_qb2of3__OCF_E_qb2of3,C2_ROE_DYN_riseq2,0.21554999782695794,0.16022546885760813,0.05532452896934981,-0.6225913422452161,0.5192494788047255,14.54,99.11678832116789
PB_qb0of3__OCF_E_qb2of3__C5_ROE_DYN_yoy__v0,PB_qb0of3__OCF_E_qb2of3,C5_ROE_DYN_yoy,0.21554584537207733,0.1948977085456407,0.020648136826436625,-0.4920438647768629,0.5170962651236192,15.45,60.928
MOM_qb2of3__EV_EBITDA_qb0of3__C9_EPS_DYN_riseq2__v0,MOM_qb2of3__EV_EBITDA_qb0of3,C9_EPS_DYN_riseq2,0.21547293157794645,0.17816366229087532,0.03730926928707112,-0.5479050193157158,0.5130313588850174,13.74,103.17153284671532
MOM_qb2of3__ACCRUAL_qb0of3__C12_EPS_DYN_yoy__v0,MOM_qb2of3__ACCRUAL_qb0of3,C12_EPS_DYN_yoy,0.21546092060042343,0.15172057801880778,0.06374034258161565,-0.6147355797294154,0.5064997592681753,16.07,85.268
PS_qb0of3__NETDEBT_EBITDA_qb0of3__C4_ROE_DYN_qmax8__v0,PS_qb0of3__NETDEBT_EBITDA_qb0of3,C4_ROE_DYN_qmax8,0.21544899353601377,0.1623346227872262,0.053114370748787554,-0.6353827723015454,0.5177664974619289,15.11,12.86266094420601
P_IC_qb0of3__FCF_OI_qb1of3__C2_ROE_DYN_riseq2__v0,P_IC_qb0of3__FCF_OI_qb1of3,C2_ROE_DYN_riseq2,0.2154361539435119,0.1841328203450041,0.03130333359850779,-0.5024576728065717,0.5210735586481113,13.63,80.5
PB_qb0of3__ROIC_qb2of3__C7_ROE_DYN_ytdavg_gt_lyavg__v0,PB_qb0of3__ROIC_qb2of3,C7_ROE_DYN_ytdavg_gt_lyavg,0.2154336485667172,0.20645135520675573,0.00898229335996148,-0.4464191081980464,0.4973945997157745,14.83,32.13138686131387
P_IC_qb0of3__MOM_qb2of3__C6_ROE_DYN_ytdavg_gt_lyytdavg__v0,P_IC_qb0of3__MOM_qb2of3,C6_ROE_DYN_ytdavg_gt_lyytdavg,0.21542657560130496,0.18134305708824927,0.03408351851305569,-0.6334630190475905,0.49439800818068647,12.91,83.45614035087719
ROE_qb1of3__NETDEBT_EBITDA_qb2of3__C4_ROE_DYN_qmax8__v0,ROE_qb1of3__NETDEBT_EBITDA_qb2of3,C4_ROE_DYN_qmax8,0.2154146694877701,0.11002096666725647,0.10539370282051364,-0.6733546381043174,0.5221637866265966,13.76,21.506437768240342
PB_qb0of3__PS_qb0of3__C5_ROE_DYN_yoy__v0,PB_qb0of3__PS_qb0of3,C5_ROE_DYN_yoy,0.2153774641708095,0.19552828855051252,0.019849175620296977,-0.5445821993293469,0.5202767634057275,14.4,133.484
ROE_qb2of3__ACCRUAL_qb0of3__C11_EPS_DYN_qmax8__v0,ROE_qb2of3__ACCRUAL_qb0of3,C11_EPS_DYN_qmax8,0.2153069769510929,0.11508661275557497,0.10022036419551794,-0.4505932493744762,0.5086139389193423,19.2,39.493562231759654
PB_qb0of3__ROE_qb2of3__C19_FCF_P_DYN_yoy__v0,PB_qb0of3__ROE_qb2of3,C19_FCF_P_DYN_yoy,0.21525020055041244,0.20669866335001674,0.008551537200395698,-0.5327258172941074,0.5212014134275619,16.14,25.692
EV_S_qb0of3__OCF_E_qb1of3__C10_EPS_DYN_qmax4__v0,EV_S_qb0of3__OCF_E_qb1of3,C10_EPS_DYN_qmax4,0.21522800408468212,0.1599721772341416,0.055255826850540535,-0.47620850971161344,0.536112934996717,13.54,43.87404580152672
MOM_qb2of3__OCF_E_qb2of3__C12_EPS_DYN_yoy__v0,MOM_qb2of3__OCF_E_qb2of3,C12_EPS_DYN_yoy,0.2151934120411212,0.16022546885760813,0.05496794318351306,-0.6242450788715501,0.5122315846697472,16.23,111.248
P_IC_qb0of3__FCF_OI_qb1of3__C13_EPS_DYN_ytdavg_gt_lyytdavg__v0,P_IC_qb0of3__FCF_OI_qb1of3,C13_EPS_DYN_ytdavg_gt_lyytdavg,0.21500606821969037,0.1841328203450041,0.03087324787468626,-0.4959197604797302,0.49260286638927414,13.17,72.91228070175438
P_IC_qb0of3__MOM_qb2of3__C14_EPS_DYN_ytdavg_gt_lyavg__v0,P_IC_qb0of3__MOM_qb2of3,C14_EPS_DYN_ytdavg_gt_lyavg,0.21496202565849254,0.18134305708824927,0.03361896857024327,-0.6357954801872507,0.489989644459786,13.09,86.83508771929824
PB_qb0of3__EV_S_qb0of3__C9_EPS_DYN_riseq2__v0,PB_qb0of3__EV_S_qb0of3,C9_EPS_DYN_riseq2,0.2148253809398435,0.19152523498206686,0.02330014595777663,-0.462323442472648,0.5419398218187931,14.17,133.16423357664235
PB_qb0of3__MOM_qb2of3__C5_ROE_DYN_yoy__v0,PB_qb0of3__MOM_qb2of3,C5_ROE_DYN_yoy,0.21480123287060815,0.17784854968810193,0.03695268318250622,-0.6211226870936422,0.5013633265167008,14.4,92.956
ACCRUAL_qb1of3__FCF_OI_qb1of3__C11_EPS_DYN_qmax8__v0,ACCRUAL_qb1of3__FCF_OI_qb1of3,C11_EPS_DYN_qmax8,0.21479078313690403,0.11215386819556161,0.10263691494134242,-0.6509925049475029,0.5083285468121769,15.72,25.11587982832618
EV_EBITDA_qb0of3__NETDEBT_EBITDA_qb0of3__C11_EPS_DYN_qmax8__v0,EV_EBITDA_qb0of3__NETDEBT_EBITDA_qb0of3,C11_EPS_DYN_qmax8,0.21478793454533207,0.14659325251889155,0.06819468202644052,-0.5920638327607413,0.5441452723857232,14.26,27.587982832618025
MOM_qb2of3__ACCRUAL_qb0of3__C7_ROE_DYN_ytdavg_gt_lyavg__v0,MOM_qb2of3__ACCRUAL_qb0of3,C7_ROE_DYN_ytdavg_gt_lyavg,0.2147799009577236,0.15172057801880778,0.06305932293891581,-0.6000389739853498,0.5009865470852017,13.85,68.48070175438596
P_IC_qb0of3__None__C11_EPS_DYN_qmax8__v0,P_IC_qb0of3__None,C11_EPS_DYN_qmax8,0.2147318759603296,0.17867438611691733,0.03605748984341228,-0.5305348487555634,0.5263282172373082,15.49,73.88412017167381
P_IC_qb0of3__EV_S_qb0of3__C14_EPS_DYN_ytdavg_gt_lyavg__v0,P_IC_qb0of3__EV_S_qb0of3,C14_EPS_DYN_ytdavg_gt_lyavg,0.2147284407113479,0.1851690280562388,0.029559412655109085,-0.4800804973688553,0.5352972399150743,13.27,116.44912280701755
EV_S_qb0of3__OCF_E_qb2of3__C3_ROE_DYN_qmax4__v0,EV_S_qb0of3__OCF_E_qb2of3,C3_ROE_DYN_qmax4,0.21463593522659719,0.15462123639236114,0.06001469883423605,-0.4445513704979127,0.5099945975148569,16.0,53.221374045801525
PB_qb0of3__FCF_OI_qb1of3__C9_EPS_DYN_riseq2__v0,PB_qb0of3__FCF_OI_qb1of3,C9_EPS_DYN_riseq2,0.21463250253305555,0.18925522121144955,0.025377281321605993,-0.5083830175301841,0.5274105754276828,13.49,81.88321167883211
PB_qb0of3__PS_qb0of3__C3_ROE_DYN_qmax4__v0,PB_qb0of3__PS_qb0of3,C3_ROE_DYN_qmax4,0.21458203153640265,0.19552828855051252,0.019053742985890132,-0.5255249293524596,0.526712623869022,13.42,77.2557251908397
EV_S_qb0of3__ROIC_qb2of3__C4_ROE_DYN_qmax8__v0,EV_S_qb0of3__ROIC_qb2of3,C4_ROE_DYN_qmax8,0.21456914124223903,0.15799574490089796,0.056573396341341065,-0.46555946174782936,0.5146014206787688,16.76,39.76824034334764
PB_qb0of3__FCF_P_qb1of3__C5_ROE_DYN_yoy__v0,PB_qb0of3__FCF_P_qb1of3,C5_ROE_DYN_yoy,0.21453138888055956,0.1810049825348956,0.03352640634566395,-0.5248302900692277,0.5174114915844458,14.31,53.152
PB_qb0of3__FCF_OI_qb1of3__C12_EPS_DYN_yoy__v0,PB_qb0of3__FCF_OI_qb1of3,C12_EPS_DYN_yoy,0.21436492437100174,0.18925522121144955,0.025109703159552188,-0.5257083435185053,0.5165437302423603,14.1,79.156
PB_qb0of3__EV_S_qb0of3__C7_ROE_DYN_ytdavg_gt_lyavg__v0,PB_qb0of3__EV_S_qb0of3,C7_ROE_DYN_ytdavg_gt_lyavg,0.21434785783764343,0.19152523498206686,0.02282262285557657,-0.4819707342173275,0.5424089337942036,13.14,110.20701754385965
P_IC_qb0of3__OCF_E_qb2of3__C12_EPS_DYN_yoy__v0,P_IC_qb0of3__OCF_E_qb2of3,C12_EPS_DYN_yoy,0.2143232727575759,0.18169077162055913,0.03263250113701677,-0.4989219641481202,0.5191793041926851,15.51,74.844
PB_qb0of3__EV_S_qb0of3__C3_ROE_DYN_qmax4__v0,PB_qb0of3__EV_S_qb0of3,C3_ROE_DYN_qmax4,0.21423864697674122,0.19152523498206686,0.02271341199467436,-0.4543305011061852,0.5281278127812782,13.97,73.66793893129771
PB_qb0of3__EV_S_qb0of3__C2_ROE_DYN_riseq2__v0,PB_qb0of3__EV_S_qb0of3,C2_ROE_DYN_riseq2,0.214225158869225,0.19152523498206686,0.022699923887158135,-0.4858915145689532,0.5408043075887599,14.14,132.37226277372264
P_IC_qb0of3__OCF_E_qb2of3__C5_ROE_DYN_yoy__v0,P_IC_qb0of3__OCF_E_qb2of3,C5_ROE_DYN_yoy,0.2141023237933648,0.18169077162055913,0.03241155217280567,-0.47923532929567436,0.5172099384545248,15.12,73.252
PB_qb0of3__None__C11_EPS_DYN_qmax8__v0,PB_qb0of3__None,C11_EPS_DYN_qmax8,0.21409140949260164,0.18050911811184078,0.033582291380760854,-0.5465324648235013,0.524220623501199,15.83,72.21459227467811
P_IC_qb0of3__FCF_OI_qb1of3__C10_EPS_DYN_qmax4__v0,P_IC_qb0of3__FCF_OI_qb1of3,C10_EPS_DYN_qmax4,0.21408162758188332,0.1841328203450041,0.029948807236879205,-0.5182241236685559,0.5378548895899053,12.77,45.88167938931298
P_IC_qb0of3__EV_S_qb0of3__C13_EPS_DYN_ytdavg_gt_lyytdavg__v0,P_IC_qb0of3__EV_S_qb0of3,C13_EPS_DYN_ytdavg_gt_lyytdavg,0.2140724341038549,0.1851690280562388,0.028903406047616098,-0.47730887437677494,0.5344551282051282,13.19,120.53333333333333
PB_qb0of3__FCF_OI_qb1of3__C5_ROE_DYN_yoy__v0,PB_qb0of3__FCF_OI_qb1of3,C5_ROE_DYN_yoy,0.21403375041158368,0.18925522121144955,0.024778529200134125,-0.5481307195631564,0.5166098807495741,14.13,78.864
P_IC_qb0of3__EV_S_qb0of3__C6_ROE_DYN_ytdavg_gt_lyytdavg__v0,P_IC_qb0of3__EV_S_qb0of3,C6_ROE_DYN_ytdavg_gt_lyytdavg,0.21403054301466162,0.1851690280562388,0.028861514958422818,-0.46676042226149295,0.5407245982021247,12.99,116.24912280701754
PB_qb1of3__OCF_E_qb2of3__C3_ROE_DYN_qmax4__v0,PB_qb1of3__OCF_E_qb2of3,C3_ROE_DYN_qmax4,0.21400998476504807,0.12468663979722217,0.0893233449678259,-0.5656152420882312,0.5228070175438596,14.92,44.538167938931295
P_IC_qb0of3__None__C12_EPS_DYN_yoy__v0,P_IC_qb0of3__None,C12_EPS_DYN_yoy,0.21393705262110063,0.17867438611691733,0.035262666504183304,-0.5371215316520032,0.5138095793031116,15.12,243.792
PB_qb0of3__NETDEBT_EBITDA_qb0of3__C7_ROE_DYN_ytdavg_gt_lyavg__v0,PB_qb0of3__NETDEBT_EBITDA_qb0of3,C7_ROE_DYN_ytdavg_gt_lyavg,0.21390169640183054,0.18598838212849822,0.027913314273332324,-0.5413828688566213,0.5493091948546928,13.51,54.85614035087719
PB_qb0of3__NETDEBT_EBITDA_qb0of3__C2_ROE_DYN_riseq2__v0,PB_qb0of3__NETDEBT_EBITDA_qb0of3,C2_ROE_DYN_riseq2,0.21378628443286907,0.18598838212849822,0.027797902304370847,-0.5685267147722552,0.5463239689181112,14.43,68.9051094890511
PB_qb0of3__EV_EBITDA_qb0of3__C3_ROE_DYN_qmax4__v0,PB_qb0of3__EV_EBITDA_qb0of3,C3_ROE_DYN_qmax4,0.21363628689059166,0.19475174231000114,0.018884544580590523,-0.4645959591185811,0.5246268656716417,13.96,64.3587786259542
PS_qb0of3__EV_EBITDA_qb0of3__C7_ROE_DYN_ytdavg_gt_lyavg__v0,PS_qb0of3__EV_EBITDA_qb0of3,C7_ROE_DYN_ytdavg_gt_lyavg,0.21355537731607632,0.19132612263680127,0.022229254679275057,-0.4038519154235043,0.4948870392390012,12.95,87.09122807017543
P_IC_qb0of3__FCF_P_qb1of3__C2_ROE_DYN_riseq2__v0,P_IC_qb0of3__FCF_P_qb1of3,C2_ROE_DYN_riseq2,0.21354102708579847,0.17643282368710866,0.03710820339868981,-0.5316937192887989,0.5220747144180302,14.18,46.25547445255474
EV_EBITDA_qb0of3__NETDEBT_EBITDA_qb0of3__C3_ROE_DYN_qmax4__v0,EV_EBITDA_qb0of3__NETDEBT_EBITDA_qb0of3,C3_ROE_DYN_qmax4,0.2135261466329872,0.14659325251889155,0.06693289411409564,-0.525821662049634,0.5243702976774616,14.28,48.717557251908396
EV_S_qb0of3__EV_EBITDA_qb0of3__C14_EPS_DYN_ytdavg_gt_lyavg__v0,EV_S_qb0of3__EV_EBITDA_qb0of3,C14_EPS_DYN_ytdavg_gt_lyavg,0.2135130103669498,0.17809224021688452,0.035420770150065284,-0.43184930705682756,0.5054080629301868,13.76,115.52280701754385
P_IC_qb0of3__None__C5_ROE_DYN_yoy__v0,P_IC_qb0of3__None,C5_ROE_DYN_yoy,0.21347887066390747,0.17867438611691733,0.034804484546990144,-0.5401862237504389,0.5174942888060599,14.9,235.872
PS_qb0of3__EV_EBITDA_qb0of3__C3_ROE_DYN_qmax4__v0,PS_qb0of3__EV_EBITDA_qb0of3,C3_ROE_DYN_qmax4,0.21345881931080402,0.19132612263680127,0.02213269667400275,-0.438503039588358,0.5067275348390197,13.51,64.62977099236642
PS_qb0of3__ACCRUAL_qb0of3__C11_EPS_DYN_qmax8__v0,PS_qb0of3__ACCRUAL_qb0of3,C11_EPS_DYN_qmax8,0.21337157184436162,0.1648074184621935,0.04856415338216813,-0.4320872817830247,0.5196894065446478,15.34,26.682403433476395
P_IC_qb0of3__DEBTRATIO_qb0of3__C15_FCF_P_DYN_riseq1__v0,P_IC_qb0of3__DEBTRATIO_qb0of3,C15_FCF_P_DYN_riseq1,0.2133621709093445,0.20390695840205297,0.009455212507291533,-0.6253253595002792,0.5109356014580801,15.02,25.133333333333333
PB_qb0of3__FCF_OI_qb1of3__C3_ROE_DYN_qmax4__v0,PB_qb0of3__FCF_OI_qb1of3,C3_ROE_DYN_qmax4,0.21333870273102562,0.18925522121144955,0.024083481519576067,-0.49949842705514924,0.5361426256077796,12.76,44.396946564885496
P_IC_qb0of3__MOM_qb2of3__C13_EPS_DYN_ytdavg_gt_lyytdavg__v0,P_IC_qb0of3__MOM_qb2of3,C13_EPS_DYN_ytdavg_gt_lyytdavg,0.21329250176835313,0.18134305708824927,0.031949444680103856,-0.6387050506131371,0.48908444745303775,13.2,88.72280701754386
ROE_qb1of3__EV_EBITDA_qb0of3__C4_ROE_DYN_qmax8__v0,ROE_qb1of3__EV_EBITDA_qb0of3,C4_ROE_DYN_qmax8,0.21323523482723217,0.16753762281561357,0.045697612011618594,-0.545367824237698,0.5365418894830659,12.32,18.201716738197426
PB_qb0of3__ACCRUAL_qb0of3__C12_EPS_DYN_yoy__v0,PB_qb0of3__ACCRUAL_qb0of3,C12_EPS_DYN_yoy,0.21320527916651333,0.17652061393823848,0.03668466522827485,-0.5201253399236796,0.5067385444743935,15.4,70.576
PB_qb0of3__DEBTRATIO_qb2of3__C12_EPS_DYN_yoy__v0,PB_qb0of3__DEBTRATIO_qb2of3,C12_EPS_DYN_yoy,0.2130940704966715,0.18635950857908368,0.02673456191758783,-0.551833794937642,0.5100058858151854,15.44,89.624
OCF_E_qb1of3__EV_EBITDA_qb0of3__C7_ROE_DYN_ytdavg_gt_lyavg__v0,OCF_E_qb1of3__EV_EBITDA_qb0of3,C7_ROE_DYN_ytdavg_gt_lyavg,0.21303171132581555,0.1611145807766723,0.051917130549143264,-0.5294934793481229,0.4937271301620491,13.4,56.28421052631579
PS_qb0of3__NETDEBT_EBITDA_qb0of3__C13_EPS_DYN_ytdavg_gt_lyytdavg__v0,PS_qb0of3__NETDEBT_EBITDA_qb0of3,C13_EPS_DYN_ytdavg_gt_lyytdavg,0.21291737534195465,0.1623346227872262,0.05058275255472844,-0.4900718721980777,0.527580557072638,13.99,45.41754385964912
PS_qb0of3__MOM_qb2of3__C7_ROE_DYN_ytdavg_gt_lyavg__v0,PS_qb0of3__MOM_qb2of3,C7_ROE_DYN_ytdavg_gt_lyavg,0.21289363089575786,0.18527143734118923,0.02762219355456863,-0.6149715617905445,0.4963286713286713,12.63,86.01052631578948
P_IC_qb0of3__FCF_OI_qb1of3__C3_ROE_DYN_qmax4__v0,P_IC_qb0of3__FCF_OI_qb1of3,C3_ROE_DYN_qmax4,0.21289048945351818,0.1841328203450041,0.028757669108514072,-0.48832577777445185,0.5378343118069145,12.88,43.847328244274806
EV_S_qb0of3__EV_EBITDA_qb0of3__C13_EPS_DYN_ytdavg_gt_lyytdavg__v0,EV_S_qb0of3__EV_EBITDA_qb0of3,C13_EPS_DYN_ytdavg_gt_lyytdavg,0.21281177764911652,0.17809224021688452,0.034719537432231995,-0.43345584711226626,0.5128205128205128,13.67,118.62105263157895
ROE_qb1of3__NETDEBT_EBITDA_qb2of3__C11_EPS_DYN_qmax8__v0,ROE_qb1of3__NETDEBT_EBITDA_qb2of3,C11_EPS_DYN_qmax8,0.21259767703235521,0.11002096666725647,0.10257671036509874,-0.589801776802005,0.5192901234567902,13.87,21.060606060606062
PS_qb0of3__OCF_E_qb2of3__C5_ROE_DYN_yoy__v0,PS_qb0of3__OCF_E_qb2of3,C5_ROE_DYN_yoy,0.21249083406821967,0.1770945770309813,0.035396257037238366,-0.43509885137902193,0.501081860800577,15.3,93.508
P_IC_qb0of3__FCF_OI_qb1of3__C9_EPS_DYN_riseq2__v0,P_IC_qb0of3__FCF_OI_qb1of3,C9_EPS_DYN_riseq2,0.21237175308569323,0.1841328203450041,0.028238932740689116,-0.4920213239731639,0.5218774860779634,13.64,80.42700729927007
PB_qb0of3__NETDEBT_EBITDA_qb0of3__C9_EPS_DYN_riseq2__v0,PB_qb0of3__NETDEBT_EBITDA_qb0of3,C9_EPS_DYN_riseq2,0.21235428790920308,0.18598838212849822,0.026365905780704857,-0.5652478468532696,0.5563294972743792,13.98,67.64963503649635
P_IC_qb0of3__PB_qb0of3__C11_EPS_DYN_qmax8__v0,P_IC_qb0of3__PB_qb0of3,C11_EPS_DYN_qmax8,0.21234332224114905,0.18573029068263458,0.026613031558514466,-0.5325450990028582,0.5197972758948368,16.01,54.03004291845494
PB_qb1of3__ACCRUAL_qb1of3__C4_ROE_DYN_qmax8__v0,PB_qb1of3__ACCRUAL_qb1of3,C4_ROE_DYN_qmax8,0.21223982609446868,0.10392799967158028,0.10831182642288839,-0.7398875687584505,0.5110132158590308,14.08,20.613733905579398
PB_qb0of3__ROIC_qb2of3__C9_EPS_DYN_riseq2__v0,PB_qb0of3__ROIC_qb2of3,C9_EPS_DYN_riseq2,0.21223327755948862,0.20645135520675573,0.005781922352732893,-0.4425333405777586,0.5152487961476726,15.8,37.941605839416056
PB_qb0of3__FCF_P_qb1of3__C9_EPS_DYN_riseq2__v0,PB_qb0of3__FCF_P_qb1of3,C9_EPS_DYN_riseq2,0.21217878328890905,0.1810049825348956,0.031173800754013437,-0.5257724608872628,0.5323702514713751,13.74,54.28102189781022
EV_S_qb0of3__EV_EBITDA_qb0of3__C3_ROE_DYN_qmax4__v0,EV_S_qb0of3__EV_EBITDA_qb0of3,C3_ROE_DYN_qmax4,0.21217045500821574,0.17809224021688452,0.03407821479133122,-0.41751946916463445,0.5186298076923077,14.39,79.11832061068702
P_IC_qb0of3__MOM_qb2of3__C9_EPS_DYN_riseq2__v0,P_IC_qb0of3__MOM_qb2of3,C9_EPS_DYN_riseq2,0.21216912269658827,0.18134305708824927,0.030826065608339004,-0.6579709983476016,0.5083730219695806,13.68,96.82481751824818
PB_qb0of3__FCF_OI_qb1of3__C2_ROE_DYN_riseq2__v0,PB_qb0of3__FCF_OI_qb1of3,C2_ROE_DYN_riseq2,0.21207691678854523,0.18925522121144955,0.02282169557709568,-0.5190232278065885,0.5260406582768635,13.56,82.1970802919708
PB_qb0of3__PS_qb0of3__C10_EPS_DYN_qmax4__v0,PB_qb0of3__PS_qb0of3,C10_EPS_DYN_qmax4,0.21201723427850716,0.19552828855051252,0.01648894572799464,-0.5316671461622513,0.5322513524760716,13.08,81.72900763358778
PB_qb0of3__EV_S_qb0of3__C10_EPS_DYN_qmax4__v0,PB_qb0of3__EV_S_qb0of3,C10_EPS_DYN_qmax4,0.21193644205325612,0.19152523498206686,0.020411207071189263,-0.45165029648257815,0.5323491098567087,13.33,78.34351145038168
PB_qb0of3__ACCRUAL_qb0of3__C5_ROE_DYN_yoy__v0,PB_qb0of3__ACCRUAL_qb0of3,C5_ROE_DYN_yoy,0.21188299727752957,0.17652061393823848,0.03536238333929109,-0.5082340025796526,0.5063202247191011,15.25,67.768
EV_S_qb1of3__ACCRUAL_qb0of3__C3_ROE_DYN_qmax4__v0,EV_S_qb1of3__ACCRUAL_qb0of3,C3_ROE_DYN_qmax4,0.21188290972186752,0.11933321896314197,0.09254969075872554,-0.5574433757035041,0.5182926829268293,14.68,35.07251908396947
ROE_qb2of3__DEBTRATIO_qb2of3__C4_ROE_DYN_qmax8__v0,ROE_qb2of3__DEBTRATIO_qb2of3,C4_ROE_DYN_qmax8,0.21186312972421084,0.11194290084226521,0.09992022888194563,-0.41983463495616125,0.5129589632829373,16.93,45.81545064377682
PB_qb0of3__NETDEBT_EBITDA_qb2of3__C10_EPS_DYN_qmax4__v0,PB_qb0of3__NETDEBT_EBITDA_qb2of3,C10_EPS_DYN_qmax4,0.21183527100178723,0.17628642719528287,0.03554884380650436,-0.5478821308916492,0.5232310962648041,13.44,56.286259541984734
P_IC_qb1of3__DEBTRATIO_qb0of3__C4_ROE_DYN_qmax8__v0,P_IC_qb1of3__DEBTRATIO_qb0of3,C4_ROE_DYN_qmax8,0.2118220259635808,0.1393426824369417,0.0724793435266391,-0.5108766239977021,0.5302325581395348,16.74,21.51931330472103
P_IC_qb0of3__PS_qb0of3__C3_ROE_DYN_qmax4__v0,P_IC_qb0of3__PS_qb0of3,C3_ROE_DYN_qmax4,0.2118036206978,0.1876102576683254,0.024193363029474613,-0.5085674843339246,0.5260247855100095,13.4,88.6030534351145
PB_qb0of3__DEBTRATIO_qb2of3__C5_ROE_DYN_yoy__v0,PB_qb0of3__DEBTRATIO_qb2of3,C5_ROE_DYN_yoy,0.21179480869086365,0.18635950857908368,0.025435300111779968,-0.5571051433891614,0.5095351609058403,15.25,88.048
P_IC_qb0of3__EV_EBITDA_qb0of3__C10_EPS_DYN_qmax4__v0,P_IC_qb0of3__EV_EBITDA_qb0of3,C10_EPS_DYN_qmax4,0.21176040319186562,0.19089426073683513,0.02086614245503049,-0.49593911376936084,0.5267307218526731,13.7,66.21374045801527
PS_qb0of3__NETDEBT_EBITDA_qb0of3__C7_ROE_DYN_ytdavg_gt_lyavg__v0,PS_qb0of3__NETDEBT_EBITDA_qb0of3,C7_ROE_DYN_ytdavg_gt_lyavg,0.2116317119024842,0.1623346227872262,0.049297089115257986,-0.49143368313691704,0.5321100917431193,13.2,41.463157894736845
PS_qb0of3__ACCRUAL_qb0of3__C12_EPS_DYN_yoy__v0,PS_qb0of3__ACCRUAL_qb0of3,C12_EPS_DYN_yoy,0.21162419780347652,0.1648074184621935,0.04681677934128303,-0.43913124074489085,0.4970260223048327,16.06,84.776
PB_qb0of3__DEBTRATIO_qb2of3__C9_EPS_DYN_riseq2__v0,PB_qb0of3__DEBTRATIO_qb2of3,C9_EPS_DYN_riseq2,0.2115592979546852,0.18635950857908368,0.025199789375601522,-0.5365746164467877,0.539738430583501,14.87,90.08394160583941
DEBTRATIO_qb2of3__None__C4_ROE_DYN_qmax8__v0,DEBTRATIO_qb2of3__None,C4_ROE_DYN_qmax8,0.21147683547394136,0.11247402988012434,0.09900280559381702,-0.4866364082847088,0.5069147598692482,16.34,69.90128755364807
EV_S_qb0of3__NETDEBT_EBITDA_qb0of3__C4_ROE_DYN_qmax8__v0,EV_S_qb0of3__NETDEBT_EBITDA_qb0of3,C4_ROE_DYN_qmax8,0.2113700873965345,0.15451356457625898,0.056856522820275535,-0.6123037327357959,0.5209071580439405,15.16,23.5793991416309
PB_qb0of3__EV_EBITDA_qb0of3__C7_ROE_DYN_ytdavg_gt_lyavg__v0,PB_qb0of3__EV_EBITDA_qb0of3,C7_ROE_DYN_ytdavg_gt_lyavg,0.21129075382446838,0.19475174231000114,0.01653901151446724,-0.5142741270232501,0.5231102551757343,13.23,91.22105263157894
ROE_qb2of3__EV_EBITDA_qb0of3__C14_EPS_DYN_ytdavg_gt_lyavg__v0,ROE_qb2of3__EV_EBITDA_qb0of3,C14_EPS_DYN_ytdavg_gt_lyavg,0.21100687727873635,0.1751333441657017,0.03587353311303465,-0.3618869303700305,0.4823306689103912,15.09,85.87719298245614
MOM_qb2of3__EV_EBITDA_qb0of3__C10_EPS_DYN_qmax4__v0,MOM_qb2of3__EV_EBITDA_qb0of3,C10_EPS_DYN_qmax4,0.21100243738271196,0.17816366229087532,0.032838775091836636,-0.5455030582719442,0.5187403400309119,14.52,72.81297709923665
P_IC_qb0of3__PS_qb0of3__C7_ROE_DYN_ytdavg_gt_lyavg__v0,P_IC_qb0of3__PS_qb0of3,C7_ROE_DYN_ytdavg_gt_lyavg,0.21098306217457052,0.1876102576683254,0.023372804506245126,-0.5026269807776877,0.5309572766735207,13.17,135.01052631578946
PS_qb0of3__MOM_qb2of3__C6_ROE_DYN_ytdavg_gt_lyytdavg__v0,PS_qb0of3__MOM_qb2of3,C6_ROE_DYN_ytdavg_gt_lyytdavg,0.21087566701692984,0.18527143734118923,0.02560422967574061,-0.615599416932323,0.4963892709766162,12.72,88.15087719298245
EV_S_qb1of3__DEBTRATIO_qb2of3__C4_ROE_DYN_qmax8__v0,EV_S_qb1of3__DEBTRATIO_qb2of3,C4_ROE_DYN_qmax8,0.21081002982315278,0.11423945981814065,0.09657057000501212,-0.5328430428944886,0.4952978056426332,14.99,20.11587982832618
PS_qb0of3__EV_EBITDA_qb0of3__C10_EPS_DYN_qmax4__v0,PS_qb0of3__EV_EBITDA_qb0of3,C10_EPS_DYN_qmax4,0.21078167328881592,0.19132612263680127,0.019455550652014653,-0.4604390085888813,0.5100065977567627,13.48,72.27480916030534
P_IC_qb0of3__ROIC_qb2of3__C8_EPS_DYN_riseq1__v0,P_IC_qb0of3__ROIC_qb2of3,C8_EPS_DYN_riseq1,0.21077186532936154,0.17524597133334008,0.03552589399602146,-0.4603766712315398,0.5072156196943973,13.9,31.346715328467152
PB_qb0of3__PS_qb0of3__C7_ROE_DYN_ytdavg_gt_lyavg__v0,PB_qb0of3__PS_qb0of3,C7_ROE_DYN_ytdavg_gt_lyavg,0.21074522531977702,0.19552828855051252,0.0152169367692645,-0.5112143341584735,0.5350766909730953,13.01,116.79298245614035
PB_qb0of3__ROIC_qb2of3__C12_EPS_DYN_yoy__v0,PB_qb0of3__ROIC_qb2of3,C12_EPS_DYN_yoy,0.21063620039366637,0.20645135520675573,0.004184845186910646,-0.47972472658284204,0.5142356548401227,17.29,38.656
P_IC_qb1of3__NETDEBT_EBITDA_qb0of3__C4_ROE_DYN_qmax8__v0,P_IC_qb1of3__NETDEBT_EBITDA_qb0of3,C4_ROE_DYN_qmax8,0.21047726885975293,0.14111189279231584,0.06936537606743709,-0.523111978447794,0.5202520252025202,14.75,18.67111111111111
PB_qb0of3__EV_S_qb0of3__C14_EPS_DYN_ytdavg_gt_lyavg__v0,PB_qb0of3__EV_S_qb0of3,C14_EPS_DYN_ytdavg_gt_lyavg,0.21045766737516858,0.19152523498206686,0.018932432393101717,-0.48885419441627387,0.5331262939958592,13.64,113.6
P_IC_qb0of3__NETDEBT_EBITDA_qb1of3__C6_ROE_DYN_ytdavg_gt_lyytdavg__v0,P_IC_qb0of3__NETDEBT_EBITDA_qb1of3,C6_ROE_DYN_ytdavg_gt_lyytdavg,0.21042848010733994,0.1828242597650629,0.027604220342277053,-0.4816000450783736,0.5254237288135594,13.68,49.98947368421052
EV_S_qb0of3__OCF_E_qb1of3__C3_ROE_DYN_qmax4__v0,EV_S_qb0of3__OCF_E_qb1of3,C3_ROE_DYN_qmax4,0.2104195820873822,0.1599721772341416,0.05044740485324062,-0.4811398969022477,0.5333104395604396,13.95,41.54961832061068
ROIC_qb1of3__NETDEBT_EBITDA_qb2of3__C4_ROE_DYN_qmax8__v0,ROIC_qb1of3__NETDEBT_EBITDA_qb2of3,C4_ROE_DYN_qmax8,0.21039900901940722,0.11795452966567255,0.09244447935373468,-0.6225169783598163,0.5169875424688561,14.37,29.40343347639485
MOM_qb2of3__FCF_OI_qb1of3__C5_ROE_DYN_yoy__v0,MOM_qb2of3__FCF_OI_qb1of3,C5_ROE_DYN_yoy,0.21020330657641373,0.1494073362333117,0.060795970343102024,-0.6389690904539462,0.5048245614035087,15.06,99.312
PB_qb0of3__ROIC_qb2of3__C13_EPS_DYN_ytdavg_gt_lyytdavg__v0,PB_qb0of3__ROIC_qb2of3,C13_EPS_DYN_ytdavg_gt_lyytdavg,0.2101061406724356,0.20645135520675573,0.0036547854656798773,-0.4113896695491951,0.4970208540218471,15.59,31.664233576642335
PS_qb0of3__MOM_qb2of3__C13_EPS_DYN_ytdavg_gt_lyytdavg__v0,PS_qb0of3__MOM_qb2of3,C13_EPS_DYN_ytdavg_gt_lyytdavg,0.20995742899692038,0.18527143734118923,0.024685991655731154,-0.615827988561947,0.48922770964534307,12.93,92.57192982456141
PB_qb0of3__ROIC_qb2of3__C6_ROE_DYN_ytdavg_gt_lyytdavg__v0,PB_qb0of3__ROIC_qb2of3,C6_ROE_DYN_ytdavg_gt_lyytdavg,0.20987577311691763,0.20645135520675573,0.0034244179101619032,-0.4486183899034817,0.4963609898107715,15.11,31.927007299270073
P_IC_qb0of3__MOM_qb2of3__C2_ROE_DYN_riseq2__v0,P_IC_qb0of3__MOM_qb2of3,C2_ROE_DYN_riseq2,0.2098576678879236,0.18134305708824927,0.028514610799674323,-0.6722300669285071,0.5097125097125097,13.72,94.65693430656934
P_IC_qb0of3__ROE_qb2of3__None__v0,P_IC_qb0of3__ROE_qb2of3,None,0.20973001630778976,0.20973001630778976,0.0,-0.4662598126572205,0.5178952991452992,13.83,68.52861952861953
MOM_qb2of3__FCF_P_qb2of3__C5_ROE_DYN_yoy__v0,MOM_qb2of3__FCF_P_qb2of3,C5_ROE_DYN_yoy,0.2097016659811577,0.15540904841423941,0.05429261756691828,-0.6092177760503481,0.517804840450131,15.35,90.396
PB_qb0of3__EV_EBITDA_qb0of3__C13_EPS_DYN_ytdavg_gt_lyytdavg__v0,PB_qb0of3__EV_EBITDA_qb0of3,C13_EPS_DYN_ytdavg_gt_lyytdavg,0.20963175773597054,0.19475174231000114,0.014880015425969395,-0.5128596706529647,0.5233812949640287,13.49,100.54035087719298
PB_qb0of3__ACCRUAL_qb0of3__C7_ROE_DYN_ytdavg_gt_lyavg__v0,PB_qb0of3__ACCRUAL_qb0of3,C7_ROE_DYN_ytdavg_gt_lyavg,0.2096313187182699,0.17652061393823848,0.03311070478003142,-0.527533663577604,0.5121196493037649,13.69,62.20701754385965
FCF_OI_qb2of3__DEBTRATIO_qb2of3__C4_ROE_DYN_qmax8__v0,FCF_OI_qb2of3__DEBTRATIO_qb2of3,C4_ROE_DYN_qmax8,0.20960487396585759,0.1079547255060096,0.10165014845984799,-0.5041887894716351,0.5065597667638484,16.2,20.51502145922747
MOM_qb2of3__EV_EBITDA_qb0of3__C7_ROE_DYN_ytdavg_gt_lyavg__v0,MOM_qb2of3__EV_EBITDA_qb0of3,C7_ROE_DYN_ytdavg_gt_lyavg,0.20949725757664694,0.17816366229087532,0.03133359528577162,-0.5505315757515394,0.49528460761199056,13.06,83.56491228070175
MOM_qb2of3__FCF_P_qb2of3__C3_ROE_DYN_qmax4__v0,MOM_qb2of3__FCF_P_qb2of3,C3_ROE_DYN_qmax4,0.20949656853163967,0.15540904841423941,0.054087520117400256,-0.5546650468071296,0.5330290655777083,14.5,53.92748091603053
PB_qb0of3__EV_EBITDA_qb0of3__C14_EPS_DYN_ytdavg_gt_lyavg__v0,PB_qb0of3__EV_EBITDA_qb0of3,C14_EPS_DYN_ytdavg_gt_lyavg,0.20945688330799994,0.19475174231000114,0.0147051409979988,-0.50769327656892,0.5211815891916648,13.48,96.80701754385964
MOM_qb2of3__OCF_E_qb2of3__C7_ROE_DYN_ytdavg_gt_lyavg__v0,MOM_qb2of3__OCF_E_qb2of3,C7_ROE_DYN_ytdavg_gt_lyavg,0.20943590279830526,0.16022546885760813,0.04921043394069713,-0.597652210026538,0.5067475360121304,14.08,87.83859649122807
ROE_qb2of3__NETDEBT_EBITDA_qb2of3__C4_ROE_DYN_qmax8__v0,ROE_qb2of3__NETDEBT_EBITDA_qb2of3,C4_ROE_DYN_qmax8,0.20941662818124018,0.12573108691877288,0.0836855412624673,-0.48237980357376675,0.5029522275899088,16.69,29.605150214592275
PB_qb0of3__FCF_P_qb1of3__C2_ROE_DYN_riseq2__v0,PB_qb0of3__FCF_P_qb1of3,C2_ROE_DYN_riseq2,0.209374222771477,0.1810049825348956,0.028369240236581383,-0.5219613740165605,0.5285221544176174,13.93,54.75912408759124
EV_S_qb0of3__EV_EBITDA_qb0of3__C7_ROE_DYN_ytdavg_gt_lyavg__v0,EV_S_qb0of3__EV_EBITDA_qb0of3,C7_ROE_DYN_ytdavg_gt_lyavg,0.20925777215660513,0.17809224021688452,0.031165531939720603,-0.424809073389692,0.5117341640706127,13.62,107.90526315789474
EV_S_qb0of3__MOM_qb2of3__C2_ROE_DYN_riseq2__v0,EV_S_qb0of3__MOM_qb2of3,C2_ROE_DYN_riseq2,0.20924191962981253,0.1955004527469444,0.013741466882868147,-0.6106832483353898,0.5168760405630392,13.6,99.67518248175182
PS_qb0of3__OCF_E_qb2of3__C11_EPS_DYN_qmax8__v0,PS_qb0of3__OCF_E_qb2of3,C11_EPS_DYN_qmax8,0.20918307659192892,0.1770945770309813,0.032088499560947614,-0.45201829653141123,0.5128652420409944,15.96,36.02575107296137
PS_qb0of3__MOM_qb2of3__C14_EPS_DYN_ytdavg_gt_lyavg__v0,PS_qb0of3__MOM_qb2of3,C14_EPS_DYN_ytdavg_gt_lyavg,0.20905084761487336,0.18527143734118923,0.023779410273684132,-0.6124415747775338,0.49033011003667887,12.91,91.37543859649122
PS_qb0of3__DEBTRATIO_qb1of3__C4_ROE_DYN_qmax8__v0,PS_qb0of3__DEBTRATIO_qb1of3,C4_ROE_DYN_qmax8,0.2089828093452819,0.16164172783718755,0.04734108150809435,-0.569694444416816,0.5164410058027079,15.95,25.317596566523605
MOM_qb2of3__NETDEBT_EBITDA_qb0of3__C3_ROE_DYN_qmax4__v0,MOM_qb2of3__NETDEBT_EBITDA_qb0of3,C3_ROE_DYN_qmax4,0.20893576119932766,0.141070955355993,0.06786480584333465,-0.6789666134752679,0.5001667222407469,14.34,41.86641221374046
OCF_E_qb2of3__ROE_qb2of3__C4_ROE_DYN_qmax8__v0,OCF_E_qb2of3__ROE_qb2of3,C4_ROE_DYN_qmax8,0.20892692768722299,0.11168724670811869,0.09723968097910429,-0.4578775600167607,0.5096467050864445,19.05,64.92703862660944
PB_qb0of3__ROE_qb2of3__C7_ROE_DYN_ytdavg_gt_lyavg__v0,PB_qb0of3__ROE_qb2of3,C7_ROE_DYN_ytdavg_gt_lyavg,0.20887193841362195,0.20669866335001674,0.0021732750636052067,-0.5277702334747087,0.5083479789103691,15.45,33.722627737226276
PB_qb0of3__PS_qb0of3__C2_ROE_DYN_riseq2__v0,PB_qb0of3__PS_qb0of3,C2_ROE_DYN_riseq2,0.20875193481196241,0.19552828855051252,0.013223646261449895,-0.5239106755701777,0.5382258064516129,14.04,139.93430656934308
P_IC_qb0of3__PB_qb0of3__C5_ROE_DYN_yoy__v0,P_IC_qb0of3__PB_qb0of3,C5_ROE_DYN_yoy,0.20869264248471042,0.18573029068263458,0.022962351802075842,-0.5615250940349268,0.5174038607691138,15.18,176.928
EV_S_qb0of3__EV_EBITDA_qb0of3__C6_ROE_DYN_ytdavg_gt_lyytdavg__v0,EV_S_qb0of3__EV_EBITDA_qb0of3,C6_ROE_DYN_ytdavg_gt_lyytdavg,0.20868103227460177,0.17809224021688452,0.03058879205771725,-0.43282026825821907,0.515719342077868,13.65,111.90526315789474
PB_qb0of3__EV_S_qb0of3__C13_EPS_DYN_ytdavg_gt_lyytdavg__v0,PB_qb0of3__EV_S_qb0of3,C13_EPS_DYN_ytdavg_gt_lyytdavg,0.2086098785890491,0.19152523498206686,0.017084643606982253,-0.4857678657379093,0.5372437062029587,13.65,117.98245614035088
PB_qb0of3__MOM_qb2of3__C11_EPS_DYN_qmax8__v0,PB_qb0of3__MOM_qb2of3,C11_EPS_DYN_qmax8,0.2085065361660443,0.17784854968810193,0.03065798647794238,-0.5968623020908118,0.5244865718799369,15.83,39.23605150214592
EV_EBITDA_qb0of3__DEBTRATIO_qb2of3__C3_ROE_DYN_qmax4__v0,EV_EBITDA_qb0of3__DEBTRATIO_qb2of3,C3_ROE_DYN_qmax4,0.20842864827701368,0.14301532522542537,0.06541332305158831,-0.4240554692775542,0.4991068238656663,14.88,44.232824427480914
PS_qb0of3__ACCRUAL_qb0of3__C10_EPS_DYN_qmax4__v0,PS_qb0of3__ACCRUAL_qb0of3,C10_EPS_DYN_qmax4,0.2083769701311411,0.1648074184621935,0.043569551668947604,-0.47394091414294515,0.5192878338278932,14.29,47.92748091603053
PB_qb0of3__EV_EBITDA_qb0of3__C11_EPS_DYN_qmax8__v0,PB_qb0of3__EV_EBITDA_qb0of3,C11_EPS_DYN_qmax8,0.2083081071617099,0.19475174231000114,0.013556364851708746,-0.5285163494935804,0.5182029434546863,15.54,43.32188841201717
P_IC_qb0of3__PS_qb0of3__C6_ROE_DYN_ytdavg_gt_lyytdavg__v0,P_IC_qb0of3__PS_qb0of3,C6_ROE_DYN_ytdavg_gt_lyytdavg,0.208297040584994,0.1876102576683254,0.02068678291666859,-0.4967816641207756,0.5220975498053584,13.16,139.05964912280703
P_IC_qb0of3__EV_S_qb0of3__C9_EPS_DYN_riseq2__v0,P_IC_qb0of3__EV_S_qb0of3,C9_EPS_DYN_riseq2,0.2082943890809006,0.1851690280562388,0.023125361024661784,-0.45319598534116734,0.540211915928435,14.03,132.96715328467153
MOM_qb2of3__EV_EBITDA_qb0of3__C13_EPS_DYN_ytdavg_gt_lyytdavg__v0,MOM_qb2of3__EV_EBITDA_qb0of3,C13_EPS_DYN_ytdavg_gt_lyytdavg,0.20825944597946133,0.17816366229087532,0.03009578368858601,-0.5545106645254179,0.4952120383036936,13.46,93.59649122807018
PB_qb0of3__FCF_P_qb1of3__C6_ROE_DYN_ytdavg_gt_lyytdavg__v0,PB_qb0of3__FCF_P_qb1of3,C6_ROE_DYN_ytdavg_gt_lyytdavg,0.20825642721540216,0.1810049825348956,0.027251444680506554,-0.5294335983471645,0.5153092467850582,13.02,48.51929824561404
P_IC_qb0of3__PS_qb0of3__C14_EPS_DYN_ytdavg_gt_lyavg__v0,P_IC_qb0of3__PS_qb0of3,C14_EPS_DYN_ytdavg_gt_lyavg,0.20824801623380962,0.1876102576683254,0.02063775856548422,-0.51474573086605,0.5197472353870458,13.37,140.35438596491227
PS_qb0of3__MOM_qb2of3__C9_EPS_DYN_riseq2__v0,PS_qb0of3__MOM_qb2of3,C9_EPS_DYN_riseq2,0.20823578408990695,0.18527143734118923,0.022964346748717723,-0.6052459689919708,0.5111274871039057,13.73,103.21532846715328
P_IC_qb0of3__PS_qb0of3__C13_EPS_DYN_ytdavg_gt_lyytdavg__v0,P_IC_qb0of3__PS_qb0of3,C13_EPS_DYN_ytdavg_gt_lyytdavg,0.2081700541059217,0.1876102576683254,0.02055979643759631,-0.5118746801744606,0.5183340878225441,13.24,144.66315789473686
EV_S_qb0of3__NETDEBT_EBITDA_qb2of3__C5_ROE_DYN_yoy__v0,EV_S_qb0of3__NETDEBT_EBITDA_qb2of3,C5_ROE_DYN_yoy,0.2081623916592097,0.1541547522146991,0.05400763944451059,-0.5455113682252712,0.48610551751913006,14.09,62.656
P_IC_qb1of3__ROIC_qb2of3__C11_EPS_DYN_qmax8__v0,P_IC_qb1of3__ROIC_qb2of3,C11_EPS_DYN_qmax8,0.2081427400744238,0.16248848629635226,0.04565425377807153,-0.5147703120313316,0.5152854511970534,17.93,44.493562231759654
ROE_qb1of3__EV_EBITDA_qb0of3__C12_EPS_DYN_yoy__v0,ROE_qb1of3__EV_EBITDA_qb0of3,C12_EPS_DYN_yoy,0.2081264815830517,0.16753762281561357,0.04058885876743812,-0.5110133716700633,0.5371669004207573,13.71,66.212
EV_S_qb0of3__EV_EBITDA_qb0of3__C2_ROE_DYN_riseq2__v0,EV_S_qb0of3__EV_EBITDA_qb0of3,C2_ROE_DYN_riseq2,0.20809233373953973,0.17809224021688452,0.030000093522655202,-0.4132719733074327,0.5377730582524272,14.17,131.86861313868613
PB_qb0of3__ROIC_qb1of3__C11_EPS_DYN_qmax8__v0,PB_qb0of3__ROIC_qb1of3,C11_EPS_DYN_qmax8,0.2080732761547872,0.18223831681550728,0.025834959339279928,-0.5180229134477445,0.5361028684470821,15.23,32.97854077253219
EV_S_qb0of3__ROE_qb2of3__C11_EPS_DYN_qmax8__v0,EV_S_qb0of3__ROE_qb2of3,C11_EPS_DYN_qmax8,0.20795842024440203,0.16125483918444772,0.04670358105995431,-0.5024127886119465,0.5198054204308548,17.41,48.892703862660944
PB_qb0of3__EV_S_qb0of3__C6_ROE_DYN_ytdavg_gt_lyytdavg__v0,PB_qb0of3__EV_S_qb0of3,C6_ROE_DYN_ytdavg_gt_lyytdavg,0.20792835981536295,0.19152523498206686,0.01640312483329609,-0.47546157171329906,0.5364500792393027,13.5,115.15087719298245
PB_qb0of3__ROE_qb2of3__C2_ROE_DYN_riseq2__v0,PB_qb0of3__ROE_qb2of3,C2_ROE_DYN_riseq2,0.20791449020894803,0.20669866335001674,0.0012158268589312904,-0.5309369444291006,0.5233470302577512,16.41,39.9014598540146
PS_qb0of3__ACCRUAL_qb0of3__C5_ROE_DYN_yoy__v0,PS_qb0of3__ACCRUAL_qb0of3,C5_ROE_DYN_yoy,0.20790203044119893,0.1648074184621935,0.04309461197900544,-0.4345779151706566,0.4950970967121707,15.97,80.824
PB_qb1of3__ROE_qb2of3__C3_ROE_DYN_qmax4__v0,PB_qb1of3__ROE_qb2of3,C3_ROE_DYN_qmax4,0.20789124870878162,0.17368474528587585,0.034206503422905765,-0.5070818416998016,0.5332419465387251,15.82,63.31679389312977
P_IC_qb0of3__NETDEBT_EBITDA_qb1of3__C7_ROE_DYN_ytdavg_gt_lyavg__v0,P_IC_qb0of3__NETDEBT_EBITDA_qb1of3,C7_ROE_DYN_ytdavg_gt_lyavg,0.20788954332563847,0.1828242597650629,0.02506528356057558,-0.4931385084068033,0.5282485875706214,13.97,48.256140350877196
PB_qb0of3__MOM_qb2of3__C7_ROE_DYN_ytdavg_gt_lyavg__v0,PB_qb0of3__MOM_qb2of3,C7_ROE_DYN_ytdavg_gt_lyavg,0.20783961795904182,0.17784854968810193,0.02999106827093989,-0.6111906714480421,0.49755301794453505,13.16,79.08421052631579
P_IC_qb0of3__None__C14_EPS_DYN_ytdavg_gt_lyavg__v0,P_IC_qb0of3__None,C14_EPS_DYN_ytdavg_gt_lyavg,0.20775450891672476,0.17867438611691733,0.02908012279980743,-0.5382199021921759,0.5317408376963351,13.92,216.2140350877193
EV_S_qb0of3__NETDEBT_EBITDA_qb0of3__C5_ROE_DYN_yoy__v0,EV_S_qb0of3__NETDEBT_EBITDA_qb0of3,C5_ROE_DYN_yoy,0.2077375456605841,0.15451356457625898,0.053223981084325134,-0.570593126558443,0.5310309010646586,14.86,90.552
P_IC_qb0of3__ROIC_qb1of3__C14_EPS_DYN_ytdavg_gt_lyavg__v0,P_IC_qb0of3__ROIC_qb1of3,C14_EPS_DYN_ytdavg_gt_lyavg,0.20769050913350018,0.18272926888937446,0.024961240244125715,-0.4978968386047201,0.5205679682605971,14.16,100.07368421052631
PB_qb0of3__EV_EBITDA_qb0of3__C6_ROE_DYN_ytdavg_gt_lyytdavg__v0,PB_qb0of3__EV_EBITDA_qb0of3,C6_ROE_DYN_ytdavg_gt_lyytdavg,0.2076784414191193,0.19475174231000114,0.012926699109118145,-0.5157241210232617,0.5203176085941149,13.56,95.41754385964913
P_IC_qb0of3__EV_S_qb0of3__C2_ROE_DYN_riseq2__v0,P_IC_qb0of3__EV_S_qb0of3,C2_ROE_DYN_riseq2,0.20759131508311346,0.1851690280562388,0.022422287026874654,-0.482278554859111,0.540864133263925,14.06,132.03284671532847
PB_qb1of3__ROE_qb2of3__C11_EPS_DYN_qmax8__v0,PB_qb1of3__ROE_qb2of3,C11_EPS_DYN_qmax8,0.20758686658511127,0.17368474528587585,0.03390212129923542,-0.6882581854903711,0.5349764407393983,17.07,44.502145922746784
EV_EBITDA_qb0of3__DEBTRATIO_qb2of3__C12_EPS_DYN_yoy__v0,EV_EBITDA_qb0of3__DEBTRATIO_qb2of3,C12_EPS_DYN_yoy,0.2075761371005127,0.14301532522542537,0.06456081187508733,-0.4597299451970014,0.48871181938911024,15.43,83.26
P_IC_qb1of3__NETDEBT_EBITDA_qb0of3__C3_ROE_DYN_qmax4__v0,P_IC_qb1of3__NETDEBT_EBITDA_qb0of3,C3_ROE_DYN_qmax4,0.20748432222790592,0.14111189279231584,0.06637242943559007,-0.49937402680425813,0.5167563094745552,13.61,36.7442748091603
PS_qb0of3__EV_EBITDA_qb0of3__C9_EPS_DYN_riseq2__v0,PS_qb0of3__EV_EBITDA_qb0of3,C9_EPS_DYN_riseq2,0.20747726083221463,0.19132612263680127,0.01615113819541336,-0.4074977388579998,0.5054925893635571,13.97,109.61678832116789
EV_S_qb0of3__ACCRUAL_qb0of3__C2_ROE_DYN_riseq2__v0,EV_S_qb0of3__ACCRUAL_qb0of3,C2_ROE_DYN_riseq2,0.2073914884505519,0.15433085717622674,0.05306063127432514,-0.431836230144532,0.5056943423952975,15.11,80.51459854014598
EV_S_qb0of3__MOM_qb2of3__C8_EPS_DYN_riseq1__v0,EV_S_qb0of3__MOM_qb2of3,C8_EPS_DYN_riseq1,0.20738504505789468,0.1955004527469444,0.011884592310950293,-0.6405425250079905,0.5164775058115685,13.06,99.94736842105263
PS_qb1of3__NETDEBT_EBITDA_qb0of3__C10_EPS_DYN_qmax4__v0,PS_qb1of3__NETDEBT_EBITDA_qb0of3,C10_EPS_DYN_qmax4,0.20734692120576526,0.11822478808596304,0.08912213311980222,-0.6944320277548202,0.5184381778741866,14.25,36.33969465648855
OCF_E_qb2of3__EV_EBITDA_qb0of3__C5_ROE_DYN_yoy__v0,OCF_E_qb2of3__EV_EBITDA_qb0of3,C5_ROE_DYN_yoy,0.20731774763215505,0.15339211904025563,0.05392562859189942,-0.42347579287149806,0.5030699148346207,16.36,87.64
EV_S_qb0of3__MOM_qb2of3__C1_ROE_DYN_riseq1__v0,EV_S_qb0of3__MOM_qb2of3,C1_ROE_DYN_riseq1,0.2072840034527368,0.1955004527469444,0.0117835507057924,-0.6554951714528696,0.5165358744394619,12.86,96.03157894736842
PB_qb1of3__OCF_E_qb2of3__C4_ROE_DYN_qmax8__v0,PB_qb1of3__OCF_E_qb2of3,C4_ROE_DYN_qmax8,0.20710361192604876,0.12468663979722217,0.0824169721288266,-0.5798649210891295,0.5293420272673385,14.73,25.412017167381975
PB_qb0of3__EV_EBITDA_qb0of3__C10_EPS_DYN_qmax4__v0,PB_qb0of3__EV_EBITDA_qb0of3,C10_EPS_DYN_qmax4,0.2071011234719431,0.19475174231000114,0.012349381161941952,-0.5048297091544776,0.5290512936904221,13.85,71.02671755725191
PS_qb0of3__ROE_qb2of3__C11_EPS_DYN_qmax8__v0,PS_qb0of3__ROE_qb2of3,C11_EPS_DYN_qmax8,0.20706027410090355,0.16803068714784408,0.03902958695305947,-0.41446400060283217,0.5110431532449881,16.97,50.137339055793994
P_IC_qb0of3__PB_qb0of3__C12_EPS_DYN_yoy__v0,P_IC_qb0of3__PB_qb0of3,C12_EPS_DYN_yoy,0.20700218783521418,0.18573029068263458,0.0212718971525796,-0.5502702413871688,0.5159582291513458,15.43,181.228
ROE_qb1of3__EV_EBITDA_qb0of3__C5_ROE_DYN_yoy__v0,ROE_qb1of3__EV_EBITDA_qb0of3,C5_ROE_DYN_yoy,0.20697520851054363,0.16753762281561357,0.039437585694930055,-0.5351699529616676,0.5342624854819977,13.89,64.144
MOM_qb2of3__ROE_qb2of3__C3_ROE_DYN_qmax4__v0,MOM_qb2of3__ROE_qb2of3,C3_ROE_DYN_qmax4,0.20683261563101296,0.1649096027006769,0.04192301293033607,-0.6076272366270394,0.5177215189873418,15.06,87.81297709923665
PB_qb0of3__DEBTRATIO_qb2of3__C2_ROE_DYN_riseq2__v0,PB_qb0of3__DEBTRATIO_qb2of3,C2_ROE_DYN_riseq2,0.20679769406914628,0.18635950857908368,0.0204381854900626,-0.5576859625488273,0.5422873011865691,15.05,89.64963503649635
P_IC_qb0of3__ROE_qb2of3__C15_FCF_P_DYN_riseq1__v0,P_IC_qb0of3__ROE_qb2of3,C15_FCF_P_DYN_riseq1,0.20677845533726913,0.20973001630778976,-0.002951560970520628,-0.4725834592359226,0.4975591438227563,14.2,33.94385964912281
EV_S_qb0of3__OCF_E_qb2of3__C10_EPS_DYN_qmax4__v0,EV_S_qb0of3__OCF_E_qb2of3,C10_EPS_DYN_qmax4,0.20674932321296535,0.15462123639236114,0.052128086820604214,-0.45748526341065665,0.5156330087134803,16.19,56.31297709923664
PB_qb0of3__ROE_qb2of3__None__v0,PB_qb0of3__ROE_qb2of3,None,0.20669866335001674,0.20669866335001674,0.0,-0.4422328008577091,0.5180316818335019,15.1,45.02020202020202
PB_qb0of3__ROE_qb2of3__C11_EPS_DYN_qmax8__v0,PB_qb0of3__ROE_qb2of3,C11_EPS_DYN_qmax8,0.20663207986229182,0.20669866335001674,-6.658348772492495e-05,-0.5511987659674138,0.5216548157724629,18.75,23.92274678111588
MOM_qb2of3__EV_EBITDA_qb0of3__C2_ROE_DYN_riseq2__v0,MOM_qb2of3__EV_EBITDA_qb0of3,C2_ROE_DYN_riseq2,0.20661259782175234,0.17816366229087532,0.028448935530877018,-0.5630404549698925,0.5119518991054407,13.99,97.91970802919708
EV_EBITDA_qb0of3__ROIC_qb1of3__C4_ROE_DYN_qmax8__v0,EV_EBITDA_qb0of3__ROIC_qb1of3,C4_ROE_DYN_qmax8,0.20656659003215316,0.17304387553983713,0.03352271449231603,-0.5639165744702967,0.5280073461891643,14.62,17.609442060085836
PB_qb0of3__ROIC_qb2of3__None__v0,PB_qb0of3__ROIC_qb2of3,None,0.20645135520675573,0.20645135520675573,0.0,-0.4591092631161142,0.5103763629968343,16.26,47.54014598540146
PB_qb0of3__ROE_qb2of3__C9_EPS_DYN_riseq2__v0,PB_qb0of3__ROE_qb2of3,C9_EPS_DYN_riseq2,0.20635166252816206,0.20669866335001674,-0.0003470008218546816,-0.5309369444291006,0.5194805194805194,16.93,39.2043795620438
PB_qb0of3__OCF_E_qb2of3__C7_ROE_DYN_ytdavg_gt_lyavg__v0,PB_qb0of3__OCF_E_qb2of3,C7_ROE_DYN_ytdavg_gt_lyavg,0.20632435370873625,0.1948977085456407,0.01142664516309555,-0.4870412612685985,0.5193257773902935,14.35,52.52982456140351
PB_qb0of3__PS_qb0of3__C6_ROE_DYN_ytdavg_gt_lyytdavg__v0,PB_qb0of3__PS_qb0of3,C6_ROE_DYN_ytdavg_gt_lyytdavg,0.2063222913036642,0.19552828855051252,0.010794002753151677,-0.5059313561398615,0.5287039358235147,13.22,120.99298245614035
MOM_qb2of3__OCF_E_qb2of3__C6_ROE_DYN_ytdavg_gt_lyytdavg__v0,MOM_qb2of3__OCF_E_qb2of3,C6_ROE_DYN_ytdavg_gt_lyytdavg,0.20630560385652608,0.16022546885760813,0.04608013499891794,-0.598665110097305,0.504307198131114,14.22,91.20350877192982
P_IC_qb0of3__FCF_P_qb1of3__C12_EPS_DYN_yoy__v0,P_IC_qb0of3__FCF_P_qb1of3,C12_EPS_DYN_yoy,0.20616276521495558,0.17643282368710866,0.029729941527846915,-0.5276585029661893,0.5082617316589557,15.27,45.364
ROE_qb2of3__EV_EBITDA_qb0of3__C12_EPS_DYN_yoy__v0,ROE_qb2of3__EV_EBITDA_qb0of3,C12_EPS_DYN_yoy,0.20603870102126365,0.1751333441657017,0.03090535685556195,-0.43283329677435467,0.5002929115407148,17.13,101.428
MOM_qb2of3__ROIC_qb2of3__C12_EPS_DYN_yoy__v0,MOM_qb2of3__ROIC_qb2of3,C12_EPS_DYN_yoy,0.20602934036952592,0.15843219174837309,0.04759714862115283,-0.6287394476696855,0.4967213114754098,16.82,136.616
P_IC_qb0of3__ROIC_qb2of3__C1_ROE_DYN_riseq1__v0,P_IC_qb0of3__ROIC_qb2of3,C1_ROE_DYN_riseq1,0.20592832497722857,0.17524597133334008,0.030682353643888494,-0.45540170256393564,0.506568144499179,14.36,31.635036496350367
PB_qb0of3__DEBTRATIO_qb2of3__C10_EPS_DYN_qmax4__v0,PB_qb0of3__DEBTRATIO_qb2of3,C10_EPS_DYN_qmax4,0.20590248127494903,0.18635950857908368,0.019542972695865357,-0.5451144287648662,0.5303830911492734,14.6,52.152671755725194
PS_qb0of3__DEBTRATIO_qb0of3__C11_EPS_DYN_qmax8__v0,PS_qb0of3__DEBTRATIO_qb0of3,C11_EPS_DYN_qmax8,0.20581831809582773,0.16454566385826408,0.041272654237563655,-0.565622500884011,0.5172413793103449,16.51,10.620087336244541
P_IC_qb0of3__PS_qb0of3__C10_EPS_DYN_qmax4__v0,P_IC_qb0of3__PS_qb0of3,C10_EPS_DYN_qmax4,0.20576769239107873,0.1876102576683254,0.01815743472275333,-0.5144666446477202,0.5260158117300975,13.44,94.22519083969466
PS_qb0of3__FCF_OI_qb1of3__C11_EPS_DYN_qmax8__v0,PS_qb0of3__FCF_OI_qb1of3,C11_EPS_DYN_qmax8,0.20571370457829263,0.1602886894689004,0.04542501510939223,-0.5531124452278529,0.5307929176289453,14.66,40.712446351931334
PB_qb0of3__ROIC_qb2of3__C8_EPS_DYN_riseq1__v0,PB_qb0of3__ROIC_qb2of3,C8_EPS_DYN_riseq1,0.2056276251593816,0.20645135520675573,-0.0008237300473741271,-0.45186573740462677,0.5137546468401487,15.37,37.40875912408759
MOM_qb2of3__ACCRUAL_qb0of3__C13_EPS_DYN_ytdavg_gt_lyytdavg__v0,MOM_qb2of3__ACCRUAL_qb0of3,C13_EPS_DYN_ytdavg_gt_lyytdavg,0.20556431547787835,0.15172057801880778,0.05384373745907056,-0.6264914900777003,0.49718662081900594,14.35,77.98245614035088
P_IC_qb0of3__None__C3_ROE_DYN_qmax4__v0,P_IC_qb0of3__None,C3_ROE_DYN_qmax4,0.2055047951596174,0.17867438611691733,0.026830409042700065,-0.5181753922886325,0.5308981408745745,14.19,130.76335877862596
EV_S_qb0of3__MOM_qb2of3__C18_FCF_P_DYN_qmax8__v0,EV_S_qb0of3__MOM_qb2of3,C18_FCF_P_DYN_qmax8,0.20546347229727369,0.1955004527469444,0.0099630195503293,-0.6752086376127198,0.49901768172888017,14.95,19.566523605150216
FCF_P_qb2of3__None__C4_ROE_DYN_qmax8__v0,FCF_P_qb2of3__None,C4_ROE_DYN_qmax8,0.2054262329990053,0.12214294842787288,0.08328328457113243,-0.5424174903684438,0.5177935943060499,17.03,67.54506437768241
PB_qb0of3__MOM_qb2of3__C12_EPS_DYN_yoy__v0,PB_qb0of3__MOM_qb2of3,C12_EPS_DYN_yoy,0.20542266537322607,0.17784854968810193,0.027574115685124134,-0.6226108462216179,0.5072036673215455,15.25,97.624
PB_qb0of3__NETDEBT_EBITDA_qb0of3__C5_ROE_DYN_yoy__v0,PB_qb0of3__NETDEBT_EBITDA_qb0of3,C5_ROE_DYN_yoy,0.20534481280202743,0.18598838212849822,0.019356430673529212,-0.553363772557979,0.5371134020618556,14.72,66.912
P_IC_qb0of3__ROIC_qb1of3__C12_EPS_DYN_yoy__v0,P_IC_qb0of3__ROIC_qb1of3,C12_EPS_DYN_yoy,0.2053405265223649,0.18272926888937446,0.022611257632990434,-0.5081288874062153,0.5201376936316695,15.21,119.964
MOM_qb2of3__NETDEBT_EBITDA_qb2of3__C3_ROE_DYN_qmax4__v0,MOM_qb2of3__NETDEBT_EBITDA_qb2of3,C3_ROE_DYN_qmax4,0.20533497320532335,0.13535856297428794,0.0699764102310354,-0.6522247507348841,0.5056446821152704,12.91,47.786259541984734
PB_qb0of3__PS_qb0of3__C9_EPS_DYN_riseq2__v0,PB_qb0of3__PS_qb0of3,C9_EPS_DYN_riseq2,0.20531607173615063,0.19552828855051252,0.00978778318563811,-0.5049420023338618,0.5339242546333602,14.13,140.86496350364965
EV_S_qb0of3__OCF_E_qb2of3__C12_EPS_DYN_yoy__v0,EV_S_qb0of3__OCF_E_qb2of3,C12_EPS_DYN_yoy,0.2052736630327423,0.15462123639236114,0.050652426640381165,-0.437739641902368,0.5081967213114754,15.94,94.484
PB_qb0of3__ROIC_qb2of3__C1_ROE_DYN_riseq1__v0,PB_qb0of3__ROIC_qb2of3,C1_ROE_DYN_riseq1,0.20515452928764377,0.20645135520675573,-0.0012968259191119547,-0.4432555089277571,0.5123523093447906,15.64,38.25182481751825
PB_qb1of3__ROIC_qb2of3__C10_EPS_DYN_qmax4__v0,PB_qb1of3__ROIC_qb2of3,C10_EPS_DYN_qmax4,0.20512943893879898,0.15726720889947043,0.047862230039328546,-0.4566856530594686,0.5284913591779542,16.3,62.8587786259542
EV_S_qb0of3__DEBTRATIO_qb0of3__C7_ROE_DYN_ytdavg_gt_lyavg__v0,EV_S_qb0of3__DEBTRATIO_qb0of3,C7_ROE_DYN_ytdavg_gt_lyavg,0.20512939329422974,0.1737613000797975,0.031368093214432236,-0.5246459698518424,0.5297906602254429,13.4,46.92982456140351
EV_S_qb0of3__MOM_qb2of3__C16_FCF_P_DYN_riseq2__v0,EV_S_qb0of3__MOM_qb2of3,C16_FCF_P_DYN_riseq2,0.20506642633760142,0.1955004527469444,0.009565973590657029,-0.6177901821836633,0.5108247422680412,13.5,80.63503649635037
P_IC_qb1of3__ROE_qb2of3__C11_EPS_DYN_qmax8__v0,P_IC_qb1of3__ROE_qb2of3,C11_EPS_DYN_qmax8,0.20503273123293542,0.15952276167140345,0.04550996956153197,-0.5256904240814437,0.5155400155400155,19.01,42.30042918454936
PB_qb0of3__ROIC_qb2of3__C2_ROE_DYN_riseq2__v0,PB_qb0of3__ROIC_qb2of3,C2_ROE_DYN_riseq2,0.2050235171074084,0.20645135520675573,-0.0014278380993473228,-0.4560597935861812,0.5169988276670574,15.62,38.71167883211679
PB_qb1of3__DEBTRATIO_qb1of3__C11_EPS_DYN_qmax8__v0,PB_qb1of3__DEBTRATIO_qb1of3,C11_EPS_DYN_qmax8,0.20501639166713437,0.10213199884253421,0.10288439282460016,-0.5188736085522547,0.5112251443232841,18.5,25.300429184549355
MOM_qb2of3__EV_EBITDA_qb0of3__C6_ROE_DYN_ytdavg_gt_lyytdavg__v0,MOM_qb2of3__EV_EBITDA_qb0of3,C6_ROE_DYN_ytdavg_gt_lyytdavg,0.20499587875727432,0.17816366229087532,0.026832216466398995,-0.5528222551120983,0.4970520799213888,13.36,86.18947368421053
EV_EBITDA_qb0of3__FCF_OI_qb1of3__C12_EPS_DYN_yoy__v0,EV_EBITDA_qb0of3__FCF_OI_qb1of3,C12_EPS_DYN_yoy,0.20496416984928945,0.1588416616824344,0.046122508166855036,-0.5223363663256018,0.4914263445050662,14.98,82.148
PB_qb0of3__MOM_qb2of3__C6_ROE_DYN_ytdavg_gt_lyytdavg__v0,PB_qb0of3__MOM_qb2of3,C6_ROE_DYN_ytdavg_gt_lyytdavg,0.20494444752873742,0.17784854968810193,0.027095897840635486,-0.6077773059674503,0.495890890015737,13.24,82.03859649122808
EV_S_qb0of3__FCF_OI_qb1of3__C5_ROE_DYN_yoy__v0,EV_S_qb0of3__FCF_OI_qb1of3,C5_ROE_DYN_yoy,0.2049431141333249,0.1576248487356633,0.047318265397661596,-0.5262934172776595,0.5053577056413489,14.81,117.284
P_IC_qb0of3__None__C13_EPS_DYN_ytdavg_gt_lyytdavg__v0,P_IC_qb0of3__None,C13_EPS_DYN_ytdavg_gt_lyytdavg,0.20491670513382365,0.17867438611691733,0.026242319016906324,-0.5357036809389648,0.5284948855333658,13.97,224.51929824561404
P_IC_qb0of3__EV_S_qb0of3__C3_ROE_DYN_qmax4__v0,P_IC_qb0of3__EV_S_qb0of3,C3_ROE_DYN_qmax4,0.2049090710909025,0.1851690280562388,0.0197400430346637,-0.4653834208905364,0.5361363636363636,13.71,74.33969465648855
PB_qb0of3__ROE_qb2of3__C6_ROE_DYN_ytdavg_gt_lyytdavg__v0,PB_qb0of3__ROE_qb2of3,C6_ROE_DYN_ytdavg_gt_lyytdavg,0.2048402142186876,0.20669866335001674,-0.001858449131329154,-0.5277702334747087,0.5045745654162854,15.61,33.54744525547445
EV_S_qb0of3__NETDEBT_EBITDA_qb0of3__C12_EPS_DYN_yoy__v0,EV_S_qb0of3__NETDEBT_EBITDA_qb0of3,C12_EPS_DYN_yoy,0.20482501649881146,0.15451356457625898,0.050311451922552486,-0.572357464277943,0.5290937178166838,15.07,93.008
EV_S_qb0of3__DEBTRATIO_qb0of3__C14_EPS_DYN_ytdavg_gt_lyavg__v0,EV_S_qb0of3__DEBTRATIO_qb0of3,C14_EPS_DYN_ytdavg_gt_lyavg,0.20482307925004783,0.1737613000797975,0.031061779170250325,-0.5249955409609944,0.5316520844055584,13.36,48.89122807017544
PS_qb0of3__EV_EBITDA_qb0of3__C11_EPS_DYN_qmax8__v0,PS_qb0of3__EV_EBITDA_qb0of3,C11_EPS_DYN_qmax8,0.20467099650912668,0.19132612263680127,0.013344873872325413,-0.500748337232523,0.5086206896551724,15.33,46.5450643776824
PS_qb0of3__MOM_qb2of3__C2_ROE_DYN_riseq2__v0,PS_qb0of3__MOM_qb2of3,C2_ROE_DYN_riseq2,0.204616700988985,0.18527143734118923,0.019345263647795763,-0.6471275469925326,0.5136791747645388,13.72,100.53649635036497
MOM_qb2of3__ROE_qb2of3__C2_ROE_DYN_riseq2__v0,MOM_qb2of3__ROE_qb2of3,C2_ROE_DYN_riseq2,0.2045599316936917,0.1649096027006769,0.039650328993014794,-0.6133136176491047,0.5127298444130127,15.29,127.34671532846716
OCF_E_qb1of3__FCF_OI_qb1of3__C11_EPS_DYN_qmax8__v0,OCF_E_qb1of3__FCF_OI_qb1of3,C11_EPS_DYN_qmax8,0.2045358353150475,0.10728376775503445,0.09725206756001303,-0.49110161014887466,0.5270425776754891,15.9,24.742489270386265
P_IC_qb0of3__FCF_P_qb1of3__C9_EPS_DYN_riseq2__v0,P_IC_qb0of3__FCF_P_qb1of3,C9_EPS_DYN_riseq2,0.20448985866341252,0.17643282368710866,0.028057034976303852,-0.5192272842361182,0.5216723024900092,14.24,46.22627737226277
PB_qb1of3__ROE_qb2of3__C8_EPS_DYN_riseq1__v0,PB_qb1of3__ROE_qb2of3,C8_EPS_DYN_riseq1,0.20439004870434996,0.17368474528587585,0.030705303418474106,-0.512809125652434,0.5215149073327962,15.43,91.1438596491228
PB_qb0of3__PS_qb0of3__C13_EPS_DYN_ytdavg_gt_lyytdavg__v0,PB_qb0of3__PS_qb0of3,C13_EPS_DYN_ytdavg_gt_lyytdavg,0.2042873192348167,0.19552828855051252,0.00875903068430417,-0.5185841929167743,0.5289132602193419,13.41,123.95087719298246
EV_S_qb0of3__MOM_qb2of3__C3_ROE_DYN_qmax4__v0,EV_S_qb0of3__MOM_qb2of3,C3_ROE_DYN_qmax4,0.20428329558159297,0.1955004527469444,0.008782842834648585,-0.6079444364743052,0.5216814159292036,13.59,63.70610687022901
P_IC_qb0of3__None__C7_ROE_DYN_ytdavg_gt_lyavg__v0,P_IC_qb0of3__None,C7_ROE_DYN_ytdavg_gt_lyavg,0.20424332043122884,0.17867438611691733,0.02556893431431151,-0.5336412085748452,0.539374686507273,13.82,206.72982456140352
PB_qb0of3__NETDEBT_EBITDA_qb2of3__C5_ROE_DYN_yoy__v0,PB_qb0of3__NETDEBT_EBITDA_qb2of3,C5_ROE_DYN_yoy,0.20419932848304234,0.17628642719528287,0.027912901287759473,-0.577240346564116,0.4948770491803279,15.5,100.552
PB_qb0of3__MOM_qb2of3__C14_EPS_DYN_ytdavg_gt_lyavg__v0,PB_qb0of3__MOM_qb2of3,C14_EPS_DYN_ytdavg_gt_lyavg,0.20419703512585263,0.17784854968810193,0.0263484854377507,-0.6024933812462818,0.4947898575894408,13.74,83.35087719298245
PB_qb0of3__ROE_qb2of3__C1_ROE_DYN_riseq1__v0,PB_qb0of3__ROE_qb2of3,C1_ROE_DYN_riseq1,0.20416478508422942,0.20669866335001674,-0.002533878265787326,-0.5277702334747087,0.5173123071648954,15.65,39.68613138686131
P_IC_qb0of3__None__C9_EPS_DYN_riseq2__v0,P_IC_qb0of3__None,C9_EPS_DYN_riseq2,0.2041373510205715,0.17867438611691733,0.025462964903654184,-0.5305951072304194,0.5387608500448967,14.74,244.46715328467153
EV_S_qb0of3__ACCRUAL_qb0of3__C9_EPS_DYN_riseq2__v0,EV_S_qb0of3__ACCRUAL_qb0of3,C9_EPS_DYN_riseq2,0.20413290507097193,0.15433085717622674,0.04980204789474518,-0.4089172029805894,0.5052990838871924,15.52,82.36131386861314
P_IC_qb0of3__OCF_E_qb2of3__C11_EPS_DYN_qmax8__v0,P_IC_qb0of3__OCF_E_qb2of3,C11_EPS_DYN_qmax8,0.20405137377740057,0.18169077162055913,0.022360602156841436,-0.5665178652902711,0.5336538461538461,16.06,26.00429184549356
P_IC_qb0of3__ROE_qb2of3__C11_EPS_DYN_qmax8__v0,P_IC_qb0of3__ROE_qb2of3,C11_EPS_DYN_qmax8,0.20394578350262327,0.20973001630778976,-0.005784232805166489,-0.5424517971713813,0.5395939086294417,16.08,31.678111587982833
EV_S_qb0of3__NETDEBT_EBITDA_qb0of3__C3_ROE_DYN_qmax4__v0,EV_S_qb0of3__NETDEBT_EBITDA_qb0of3,C3_ROE_DYN_qmax4,0.20391947530379162,0.15451356457625898,0.04940591072753264,-0.5499807411942097,0.5268745852687459,14.13,48.36259541984733
P_IC_qb0of3__DEBTRATIO_qb0of3__None__v0,P_IC_qb0of3__DEBTRATIO_qb0of3,None,0.20390695840205297,0.20390695840205297,0.0,-0.5663237935833458,0.5981308411214953,14.44,50.30639730639731
PB_qb0of3__OCF_E_qb2of3__C10_EPS_DYN_qmax4__v0,PB_qb0of3__OCF_E_qb2of3,C10_EPS_DYN_qmax4,0.20387875473010753,0.1948977085456407,0.008981046184466823,-0.4289931588403484,0.53713163064833,15.63,36.900763358778626
MOM_qb2of3__ACCRUAL_qb0of3__C6_ROE_DYN_ytdavg_gt_lyytdavg__v0,MOM_qb2of3__ACCRUAL_qb0of3,C6_ROE_DYN_ytdavg_gt_lyytdavg,0.20384005629036217,0.15172057801880778,0.05211947827155439,-0.6037986416213488,0.4977868573374191,14.17,71.33333333333333
MOM_qb2of3__FCF_OI_qb1of3__C12_EPS_DYN_yoy__v0,MOM_qb2of3__FCF_OI_qb1of3,C12_EPS_DYN_yoy,0.20383817223578204,0.1494073362333117,0.05443083600247034,-0.6361847746677842,0.5048231511254019,15.54,104.156
P_IC_qb0of3__EV_S_qb0of3__C10_EPS_DYN_qmax4__v0,P_IC_qb0of3__EV_S_qb0of3,C10_EPS_DYN_qmax4,0.20379324263199727,0.1851690280562388,0.01862421457575847,-0.4646363131288853,0.5390008764241893,13.25,79.42748091603053
PS_qb0of3__DEBTRATIO_qb1of3__C11_EPS_DYN_qmax8__v0,PS_qb0of3__DEBTRATIO_qb1of3,C11_EPS_DYN_qmax8,0.20378354845082347,0.16164172783718755,0.042141820613635916,-0.6044124702875814,0.5129107981220657,15.28,28.566523605150216
EV_S_qb0of3__FCF_OI_qb1of3__C12_EPS_DYN_yoy__v0,EV_S_qb0of3__FCF_OI_qb1of3,C12_EPS_DYN_yoy,0.20374450444572156,0.1576248487356633,0.04611965571005827,-0.500156853061971,0.5027803521779426,14.99,120.116
PS_qb1of3__NETDEBT_EBITDA_qb0of3__C11_EPS_DYN_qmax8__v0,PS_qb1of3__NETDEBT_EBITDA_qb0of3,C11_EPS_DYN_qmax8,0.20372330881945988,0.11822478808596304,0.08549852073349684,-0.7150257828093147,0.5205607476635514,14.55,18.0
PB_qb0of3__ROE_qb1of3__C11_EPS_DYN_qmax8__v0,PB_qb0of3__ROE_qb1of3,C11_EPS_DYN_qmax8,0.2035879158614886,0.18183368727864435,0.02175422858284426,-0.5543933906023439,0.5322255790533736,15.02,32.63519313304721
EV_S_qb1of3__ROIC_qb2of3__C4_ROE_DYN_qmax8__v0,EV_S_qb1of3__ROIC_qb2of3,C4_ROE_DYN_qmax8,0.20358552776666827,0.11007268957710736,0.09351283818956091,-0.5387495456401898,0.5195056006179992,19.08,41.54935622317596
DEBTRATIO_qb2of3__FCF_P_qb0of3__C11_EPS_DYN_qmax8__v0,DEBTRATIO_qb2of3__FCF_P_qb0of3,C11_EPS_DYN_qmax8,0.20351467305869542,0.10901546451131372,0.0944992085473817,-0.4808622876396599,0.4889573703133025,19.22,30.197424892703864
EV_S_qb1of3__None__C4_ROE_DYN_qmax8__v0,EV_S_qb1of3__None,C4_ROE_DYN_qmax8,0.20349167069226537,0.11261458954493708,0.09087708114732829,-0.5961213793424878,0.5048742945100051,17.38,65.09442060085837
MOM_qb2of3__EV_EBITDA_qb0of3__C14_EPS_DYN_ytdavg_gt_lyavg__v0,MOM_qb2of3__EV_EBITDA_qb0of3,C14_EPS_DYN_ytdavg_gt_lyavg,0.2033963425155907,0.17816366229087532,0.025232680224715365,-0.5498610559863351,0.4941285537700865,13.53,91.67719298245613
PB_qb0of3__NETDEBT_EBITDA_qb0of3__C14_EPS_DYN_ytdavg_gt_lyavg__v0,PB_qb0of3__NETDEBT_EBITDA_qb0of3,C14_EPS_DYN_ytdavg_gt_lyavg,0.2033113685632717,0.18598838212849822,0.01732298643477348,-0.546029884055133,0.5398686679174484,13.92,55.37543859649123
EV_EBITDA_qb0of3__ROIC_qb2of3__C14_EPS_DYN_ytdavg_gt_lyavg__v0,EV_EBITDA_qb0of3__ROIC_qb2of3,C14_EPS_DYN_ytdavg_gt_lyavg,0.20329745611964323,0.17195031758070844,0.03134713853893478,-0.395671997620779,0.48083033255666174,15.13,85.47719298245615
PB_qb0of3__FCF_OI_qb1of3__C6_ROE_DYN_ytdavg_gt_lyytdavg__v0,PB_qb0of3__FCF_OI_qb1of3,C6_ROE_DYN_ytdavg_gt_lyytdavg,0.20328471384276514,0.18925522121144955,0.014029492631315588,-0.5112923447040183,0.5119795301232845,13.21,71.80701754385964
EV_S_qb0of3__OCF_E_qb2of3__C5_ROE_DYN_yoy__v0,EV_S_qb0of3__OCF_E_qb2of3,C5_ROE_DYN_yoy,0.20328015254389653,0.15462123639236114,0.04865891615153539,-0.4314782771378458,0.5067518248175182,15.69,91.424
MOM_qb2of3__DEBTRATIO_qb2of3__C3_ROE_DYN_qmax4__v0,MOM_qb2of3__DEBTRATIO_qb2of3,C3_ROE_DYN_qmax4,0.20327812283802404,0.1409681494808137,0.062309973357210335,-0.6615872709943533,0.5069301848049281,13.8,55.36259541984733
OCF_E_qb1of3__EV_EBITDA_qb0of3__C14_EPS_DYN_ytdavg_gt_lyavg__v0,OCF_E_qb1of3__EV_EBITDA_qb0of3,C14_EPS_DYN_ytdavg_gt_lyavg,0.2032045820694126,0.1611145807766723,0.04209000129274032,-0.5188694603207292,0.49301983835415136,14.14,60.25964912280702
PB_qb0of3__FCF_P_qb1of3__C13_EPS_DYN_ytdavg_gt_lyytdavg__v0,PB_qb0of3__FCF_P_qb1of3,C13_EPS_DYN_ytdavg_gt_lyytdavg,0.20318963529359446,0.1810049825348956,0.022184652758698853,-0.5552805997571786,0.5098335854765507,13.42,48.98947368421052
P_IC_qb0of3__PB_qb0of3__C7_ROE_DYN_ytdavg_gt_lyavg__v0,P_IC_qb0of3__PB_qb0of3,C7_ROE_DYN_ytdavg_gt_lyavg,0.20315112477232344,0.18573029068263458,0.017420834089688864,-0.5469810997016056,0.5417532197756544,13.85,155.17543859649123
PS_qb0of3__NETDEBT_EBITDA_qb2of3__C3_ROE_DYN_qmax4__v0,PS_qb0of3__NETDEBT_EBITDA_qb2of3,C3_ROE_DYN_qmax4,0.20314841484109536,0.16108156841581445,0.04206684642528091,-0.5736342696501372,0.5082236842105263,13.4,62.45038167938932
OCF_E_qb2of3__DEBTRATIO_qb2of3__C3_ROE_DYN_qmax4__v0,OCF_E_qb2of3__DEBTRATIO_qb2of3,C3_ROE_DYN_qmax4,0.20313823016586685,0.11692725396958026,0.08621097619628659,-0.4132952365838056,0.49660397074190177,15.95,56.87786259541985
PB_qb0of3__FCF_P_qb1of3__C10_EPS_DYN_qmax4__v0,PB_qb0of3__FCF_P_qb1of3,C10_EPS_DYN_qmax4,0.20306687205269958,0.1810049825348956,0.022061889517803968,-0.5136429404717643,0.5452812202097236,13.11,29.35496183206107
EV_S_qb0of3__NETDEBT_EBITDA_qb2of3__C12_EPS_DYN_yoy__v0,EV_S_qb0of3__NETDEBT_EBITDA_qb2of3,C12_EPS_DYN_yoy,0.2030655081153161,0.1541547522146991,0.048910755900617,-0.5431275620016056,0.47638272103350826,14.14,62.74
EV_S_qb0of3__ACCRUAL_qb0of3__C7_ROE_DYN_ytdavg_gt_lyavg__v0,EV_S_qb0of3__ACCRUAL_qb0of3,C7_ROE_DYN_ytdavg_gt_lyavg,0.20304402180544678,0.15433085717622674,0.04871316462922004,-0.4308663468238161,0.4927972479036766,14.57,70.2421052631579
PB_qb0of3__FCF_P_qb1of3__C14_EPS_DYN_ytdavg_gt_lyavg__v0,PB_qb0of3__FCF_P_qb1of3,C14_EPS_DYN_ytdavg_gt_lyavg,0.20302629871497269,0.1810049825348956,0.022021316180077077,-0.5551695710321687,0.516951888924766,13.12,46.27368421052632
OCF_E_qb2of3__FCF_OI_qb1of3__C11_EPS_DYN_qmax8__v0,OCF_E_qb2of3__FCF_OI_qb1of3,C11_EPS_DYN_qmax8,0.2029957906943085,0.11774066125008464,0.08525512944422386,-0.5226296743855696,0.5168851807707588,15.75,38.34061135371179
MOM_qb2of3__ROE_qb2of3__C9_EPS_DYN_riseq2__v0,MOM_qb2of3__ROE_qb2of3,C9_EPS_DYN_riseq2,0.20293436073242677,0.1649096027006769,0.03802475803174987,-0.5813566540437076,0.5109547970479705,15.62,132.26277372262774
MOM_qb2of3__ACCRUAL_qb0of3__C14_EPS_DYN_ytdavg_gt_lyavg__v0,MOM_qb2of3__ACCRUAL_qb0of3,C14_EPS_DYN_ytdavg_gt_lyavg,0.2028835695006519,0.15172057801880778,0.05116299148184411,-0.6170903804421993,0.4982137057486197,14.61,75.61754385964912
PS_qb0of3__NETDEBT_EBITDA_qb0of3__C10_EPS_DYN_qmax4__v0,PS_qb0of3__NETDEBT_EBITDA_qb0of3,C10_EPS_DYN_qmax4,0.20286778974786368,0.1623346227872262,0.04053316696063747,-0.5017196851461155,0.535840188014101,13.31,27.270992366412212
EV_EBITDA_qb0of3__FCF_OI_qb1of3__C7_ROE_DYN_ytdavg_gt_lyavg__v0,EV_EBITDA_qb0of3__FCF_OI_qb1of3,C7_ROE_DYN_ytdavg_gt_lyavg,0.20275844400138543,0.1588416616824344,0.04391678231895102,-0.5110558147734684,0.48384240814519697,13.56,67.43157894736842
PB_qb0of3__PS_qb0of3__C14_EPS_DYN_ytdavg_gt_lyavg__v0,PB_qb0of3__PS_qb0of3,C14_EPS_DYN_ytdavg_gt_lyavg,0.20272580303732424,0.19552828855051252,0.007197514486811718,-0.5278285817274992,0.5256218905472637,13.52,119.97894736842105
ROE_qb1of3__EV_EBITDA_qb0of3__C9_EPS_DYN_riseq2__v0,ROE_qb1of3__EV_EBITDA_qb0of3,C9_EPS_DYN_riseq2,0.20271975594142777,0.16753762281561357,0.0351821331258142,-0.44914151892846943,0.5564043799337917,13.25,68.56204379562044
ROE_qb2of3__EV_EBITDA_qb0of3__C13_EPS_DYN_ytdavg_gt_lyytdavg__v0,ROE_qb2of3__EV_EBITDA_qb0of3,C13_EPS_DYN_ytdavg_gt_lyytdavg,0.2025364080663874,0.1751333441657017,0.027403063900685698,-0.37190328224172575,0.4888888888888889,15.2,85.5859649122807
EV_EBITDA_qb0of3__FCF_OI_qb1of3__C10_EPS_DYN_qmax4__v0,EV_EBITDA_qb0of3__FCF_OI_qb1of3,C10_EPS_DYN_qmax4,0.20251492126148762,0.1588416616824344,0.043673259579053214,-0.5190684453334578,0.5137348124669836,14.01,54.274809160305345
PB_qb0of3__NETDEBT_EBITDA_qb0of3__C13_EPS_DYN_ytdavg_gt_lyytdavg__v0,PB_qb0of3__NETDEBT_EBITDA_qb0of3,C13_EPS_DYN_ytdavg_gt_lyytdavg,0.20250217528509507,0.18598838212849822,0.016513793156596845,-0.538875069334726,0.5486048604860486,14.19,60.00701754385965
P_IC_qb0of3__PS_qb0of3__C2_ROE_DYN_riseq2__v0,P_IC_qb0of3__PS_qb0of3,C2_ROE_DYN_riseq2,0.20234255899942966,0.1876102576683254,0.014732301331104258,-0.5166227032219618,0.5308139534883721,14.16,159.74817518248176
PB_qb1of3__ROE_qb2of3__C4_ROE_DYN_qmax8__v0,PB_qb1of3__ROE_qb2of3,C4_ROE_DYN_qmax8,0.20231511839856475,0.17368474528587585,0.0286303731126889,-0.564712302020026,0.525911708253359,17.42,40.648068669527895
PB_qb0of3__ROIC_qb1of3__C12_EPS_DYN_yoy__v0,PB_qb0of3__ROIC_qb1of3,C12_EPS_DYN_yoy,0.20230168812553662,0.18223831681550728,0.020063371310029332,-0.5021395871884227,0.5258395684705064,15.18,113.232
EV_S_qb0of3__ROE_qb2of3__C5_ROE_DYN_yoy__v0,EV_S_qb0of3__ROE_qb2of3,C5_ROE_DYN_yoy,0.2022999775947958,0.16125483918444772,0.04104513841034807,-0.463957698291942,0.5124760076775432,16.42,97.516
EV_EBITDA_qb0of3__NETDEBT_EBITDA_qb0of3__C12_EPS_DYN_yoy__v0,EV_EBITDA_qb0of3__NETDEBT_EBITDA_qb0of3,C12_EPS_DYN_yoy,0.20224748103479917,0.14659325251889155,0.05565422851590762,-0.6004625555494012,0.5180201826045171,15.76,90.26
PB_qb0of3__NETDEBT_EBITDA_qb2of3__C7_ROE_DYN_ytdavg_gt_lyavg__v0,PB_qb0of3__NETDEBT_EBITDA_qb2of3,C7_ROE_DYN_ytdavg_gt_lyavg,0.20222468419529882,0.17628642719528287,0.025938257000015952,-0.5829739239711331,0.5140916808149406,13.98,90.89122807017544
P_IC_qb0of3__PB_qb0of3__C3_ROE_DYN_qmax4__v0,P_IC_qb0of3__PB_qb0of3,C3_ROE_DYN_qmax4,0.20218833101950096,0.18573029068263458,0.016458040336866375,-0.5322253169774691,0.5288592896174863,14.45,99.16412213740458
PB_qb0of3__NETDEBT_EBITDA_qb0of3__C6_ROE_DYN_ytdavg_gt_lyytdavg__v0,PB_qb0of3__NETDEBT_EBITDA_qb0of3,C6_ROE_DYN_ytdavg_gt_lyytdavg,0.20218691942440725,0.18598838212849822,0.016198537295909032,-0.5349972038135218,0.5439311594202898,14.22,59.628070175438594
P_IC_qb1of3__MOM_qb2of3__C4_ROE_DYN_qmax8__v0,P_IC_qb1of3__MOM_qb2of3,C4_ROE_DYN_qmax8,0.20217342549986594,0.14135123829913576,0.06082218720073018,-0.6817025470861799,0.5225048923679061,15.01,31.600858369098713
MOM_qb2of3__NETDEBT_EBITDA_qb0of3__C5_ROE_DYN_yoy__v0,MOM_qb2of3__NETDEBT_EBITDA_qb0of3,C5_ROE_DYN_yoy,0.2021641184498819,0.141070955355993,0.0610931630938889,-0.6858476266086666,0.48947368421052634,15.22,74.816
PS_qb0of3__EV_EBITDA_qb0of3__C2_ROE_DYN_riseq2__v0,PS_qb0of3__EV_EBITDA_qb0of3,C2_ROE_DYN_riseq2,0.20209771770698026,0.19132612263680127,0.010771595070178996,-0.41118246223957755,0.5151296829971181,13.94,105.28832116788321
PB_qb0of3__MOM_qb2of3__C9_EPS_DYN_riseq2__v0,PB_qb0of3__MOM_qb2of3,C9_EPS_DYN_riseq2,0.20209156652602323,0.17784854968810193,0.024243016837921294,-0.6331353368816338,0.5125343931519413,14.3,95.06569343065694
PS_qb0of3__OCF_E_qb2of3__C9_EPS_DYN_riseq2__v0,PS_qb0of3__OCF_E_qb2of3,C9_EPS_DYN_riseq2,0.20203144573282028,0.1770945770309813,0.024936868701838977,-0.43713885813808273,0.5035496120191514,15.79,94.60583941605839
PB_qb0of3__NETDEBT_EBITDA_qb2of3__C12_EPS_DYN_yoy__v0,PB_qb0of3__NETDEBT_EBITDA_qb2of3,C12_EPS_DYN_yoy,0.2020239271672395,0.17628642719528287,0.025737499971956623,-0.5742467283771614,0.4998745294855709,15.51,100.928
EV_S_qb0of3__MOM_qb2of3__C20_FCF_P_DYN_ytdavg_gt_lyytdavg__v0,EV_S_qb0of3__MOM_qb2of3,C20_FCF_P_DYN_ytdavg_gt_lyytdavg,0.2019700302909644,0.1955004527469444,0.00646957754402,-0.6277652498990998,0.5096635647816751,13.24,79.46315789473684
OCF_E_qb1of3__EV_EBITDA_qb0of3__C10_EPS_DYN_qmax4__v0,OCF_E_qb1of3__EV_EBITDA_qb0of3,C10_EPS_DYN_qmax4,0.20193112680437197,0.1611145807766723,0.040816546027699685,-0.5472673704882165,0.5319418089816572,15.17,45.217557251908396
P_IC_qb0of3__ROIC_qb1of3__C13_EPS_DYN_ytdavg_gt_lyytdavg__v0,P_IC_qb0of3__ROIC_qb1of3,C13_EPS_DYN_ytdavg_gt_lyytdavg,0.20186396017433772,0.18272926888937446,0.019134691284963257,-0.49540544593412283,0.5209055680195799,14.57,103.76140350877193
EV_S_qb0of3__ACCRUAL_qb0of3__C14_EPS_DYN_ytdavg_gt_lyavg__v0,EV_S_qb0of3__ACCRUAL_qb0of3,C14_EPS_DYN_ytdavg_gt_lyavg,0.20186071488411783,0.15433085717622674,0.04752985770789109,-0.43501187209367465,0.49279187817258885,14.81,74.42105263157895
EV_EBITDA_qb1of3__ROIC_qb1of3__C4_ROE_DYN_qmax8__v0,EV_EBITDA_qb1of3__ROIC_qb1of3,C4_ROE_DYN_qmax8,0.20185972789122864,0.12513866146333696,0.07672106642789167,-0.6847877408644194,0.51879235982748,15.1,25.99134199134199
EV_S_qb0of3__DEBTRATIO_qb0of3__C13_EPS_DYN_ytdavg_gt_lyytdavg__v0,EV_S_qb0of3__DEBTRATIO_qb0of3,C13_EPS_DYN_ytdavg_gt_lyytdavg,0.20185577890561723,0.1737613000797975,0.028094478825819724,-0.5267506812167257,0.5284921835602622,13.85,51.44210526315789
OCF_E_qb2of3__EV_EBITDA_qb1of3__C4_ROE_DYN_qmax8__v0,OCF_E_qb2of3__EV_EBITDA_qb1of3,C4_ROE_DYN_qmax8,0.2018401203626019,0.12133006898882948,0.08051005137377243,-0.673954506775843,0.5263628239499554,17.17,33.59656652360515
PS_qb0of3__OCF_E_qb1of3__C10_EPS_DYN_qmax4__v0,PS_qb0of3__OCF_E_qb1of3,C10_EPS_DYN_qmax4,0.20174405879995105,0.16105240877452465,0.04069165002542641,-0.5621000732653927,0.5333780610533378,13.88,42.5763358778626
EV_S_qb0of3__OCF_E_qb1of3__C2_ROE_DYN_riseq2__v0,EV_S_qb0of3__OCF_E_qb1of3,C2_ROE_DYN_riseq2,0.20166818126118646,0.1599721772341416,0.041696004027044875,-0.5108162188904746,0.535868448098664,14.05,75.97810218978103
PB_qb1of3__OCF_E_qb2of3__C10_EPS_DYN_qmax4__v0,PB_qb1of3__OCF_E_qb2of3,C10_EPS_DYN_qmax4,0.2015689597302821,0.12468663979722217,0.07688231993305994,-0.5940953336071155,0.5190102595051298,15.35,47.721374045801525
PB_qb0of3__None__C5_ROE_DYN_yoy__v0,PB_qb0of3__None,C5_ROE_DYN_yoy,0.20154694779791926,0.18050911811184078,0.02103782968607848,-0.5680718714196882,0.5196622715706685,15.31,234.532
PS_qb0of3__DEBTRATIO_qb2of3__C12_EPS_DYN_yoy__v0,PS_qb0of3__DEBTRATIO_qb2of3,C12_EPS_DYN_yoy,0.20146449048321946,0.16192316720535427,0.03954132327786519,-0.5228615089463853,0.4930127414714344,15.18,138.488
PB_qb1of3__NETDEBT_EBITDA_qb1of3__C11_EPS_DYN_qmax8__v0,PB_qb1of3__NETDEBT_EBITDA_qb1of3,C11_EPS_DYN_qmax8,0.2014556677118875,0.11455350465136882,0.08690216306051868,-0.37477656235722845,0.5123846527440505,18.49,32.75965665236051
P_IC_qb0of3__OCF_E_qb2of3__C6_ROE_DYN_ytdavg_gt_lyytdavg__v0,P_IC_qb0of3__OCF_E_qb2of3,C6_ROE_DYN_ytdavg_gt_lyytdavg,0.20143017831146626,0.18169077162055913,0.019739406690907124,-0.4877133106394509,0.5130201995619372,14.45,65.26315789473684
PB_qb0of3__ROE_qb2of3__C14_EPS_DYN_ytdavg_gt_lyavg__v0,PB_qb0of3__ROE_qb2of3,C14_EPS_DYN_ytdavg_gt_lyavg,0.20138974355907258,0.20669866335001674,-0.0053089197909441666,-0.6572787944923257,0.50787224471435,15.5,33.40875912408759
ROE_qb2of3__ACCRUAL_qb0of3__C3_ROE_DYN_qmax4__v0,ROE_qb2of3__ACCRUAL_qb0of3,C3_ROE_DYN_qmax4,0.20124593313746675,0.11508661275557497,0.08615932038189178,-0.3290928420007637,0.4968976215098242,16.76,54.73664122137404
OCF_E_qb1of3__FCF_P_qb2of3__C11_EPS_DYN_qmax8__v0,OCF_E_qb1of3__FCF_P_qb2of3,C11_EPS_DYN_qmax8,0.20121301980906048,0.12040696135896067,0.0808060584500998,-0.6381073489412816,0.5126050420168067,15.64,23.746781115879827
P_IC_qb0of3__MOM_qb2of3__C3_ROE_DYN_qmax4__v0,P_IC_qb0of3__MOM_qb2of3,C3_ROE_DYN_qmax4,0.20110994907449498,0.18134305708824927,0.019766891986245705,-0.6567442126045475,0.5281927710843374,13.45,58.13740458015267
PS_qb0of3__NETDEBT_EBITDA_qb0of3__C6_ROE_DYN_ytdavg_gt_lyytdavg__v0,PS_qb0of3__NETDEBT_EBITDA_qb0of3,C6_ROE_DYN_ytdavg_gt_lyytdavg,0.20109130316221902,0.1623346227872262,0.0387566803749928,-0.4791858828756569,0.5355579868708972,14.01,44.50526315789474
P_IC_qb0of3__PB_qb0of3__C9_EPS_DYN_riseq2__v0,P_IC_qb0of3__PB_qb0of3,C9_EPS_DYN_riseq2,0.2010312623331827,0.18573029068263458,0.015300971650548112,-0.5378719048187599,0.5396360860160325,14.96,184.38686131386862
ROE_qb2of3__EV_EBITDA_qb0of3__C5_ROE_DYN_yoy__v0,ROE_qb2of3__EV_EBITDA_qb0of3,C5_ROE_DYN_yoy,0.20096669296194425,0.1751333441657017,0.02583334879624255,-0.4305755255310446,0.4980268350434096,17.17,97.372
PB_qb0of3__FCF_OI_qb1of3__C14_EPS_DYN_ytdavg_gt_lyavg__v0,PB_qb0of3__FCF_OI_qb1of3,C14_EPS_DYN_ytdavg_gt_lyavg,0.2009551861397043,0.18925522121144955,0.011699964928254758,-0.5255858930294772,0.5051373954599762,13.19,70.06315789473685
PB_qb0of3__ACCRUAL_qb0of3__C13_EPS_DYN_ytdavg_gt_lyytdavg__v0,PB_qb0of3__ACCRUAL_qb0of3,C13_EPS_DYN_ytdavg_gt_lyytdavg,0.20074429007440941,0.17652061393823848,0.024223676136170935,-0.5312321913262605,0.5055172413793103,14.42,69.11929824561403
MOM_qb2of3__DEBTRATIO_qb2of3__C12_EPS_DYN_yoy__v0,MOM_qb2of3__DEBTRATIO_qb2of3,C12_EPS_DYN_yoy,0.20064118949243803,0.1409681494808137,0.05967304001162432,-0.651057086369067,0.4795761408306272,15.66,100.964
ROE_qb2of3__DEBTRATIO_qb0of3__C11_EPS_DYN_qmax8__v0,ROE_qb2of3__DEBTRATIO_qb0of3,C11_EPS_DYN_qmax8,0.2005777011844787,0.10886193919574749,0.09171576198873121,-0.4702344339423201,0.5089490592014686,19.31,38.63090128755365
P_IC_qb0of3__ROIC_qb2of3__C2_ROE_DYN_riseq2__v0,P_IC_qb0of3__ROIC_qb2of3,C2_ROE_DYN_riseq2,0.20055127606821022,0.17524597133334008,0.025305304734870138,-0.4598229608098634,0.5121951219512195,14.64,32.59124087591241
P_IC_qb0of3__ROIC_qb1of3__C9_EPS_DYN_riseq2__v0,P_IC_qb0of3__ROIC_qb1of3,C9_EPS_DYN_riseq2,0.20055001066068967,0.18272926888937446,0.017820741771315207,-0.49788285312452707,0.5399436090225563,15.07,116.51459854014598
MOM_qb2of3__OCF_E_qb2of3__C11_EPS_DYN_qmax8__v0,MOM_qb2of3__OCF_E_qb2of3,C11_EPS_DYN_qmax8,0.2005486611342837,0.16022546885760813,0.04032319227667558,-0.7404758675026808,0.5161792159303049,17.66,49.562231759656655
PS_qb0of3__OCF_E_qb2of3__C2_ROE_DYN_riseq2__v0,PS_qb0of3__OCF_E_qb2of3,C2_ROE_DYN_riseq2,0.20052891685587837,0.1770945770309813,0.023434339824897066,-0.4537834179811526,0.5036678892964321,15.81,93.45620437956204
EV_S_qb0of3__OCF_E_qb2of3__C11_EPS_DYN_qmax8__v0,EV_S_qb0of3__OCF_E_qb2of3,C11_EPS_DYN_qmax8,0.20052835763610655,0.15462123639236114,0.04590712124374541,-0.49823395932492687,0.5157462345960748,17.56,34.24034334763949
P_IC_qb0of3__OCF_E_qb2of3__C7_ROE_DYN_ytdavg_gt_lyavg__v0,P_IC_qb0of3__OCF_E_qb2of3,C7_ROE_DYN_ytdavg_gt_lyavg,0.20051497895661963,0.18169077162055913,0.018824207336060494,-0.4943647197455049,0.5167632972019158,14.53,63.23859649122807
EV_EBITDA_qb0of3__ROIC_qb2of3__C12_EPS_DYN_yoy__v0,EV_EBITDA_qb0of3__ROIC_qb2of3,C12_EPS_DYN_yoy,0.20050856974543874,0.17195031758070844,0.02855825216473029,-0.45588387129980745,0.49990112715048446,17.17,99.748
PB_qb0of3__OCF_E_qb2of3__C6_ROE_DYN_ytdavg_gt_lyytdavg__v0,PB_qb0of3__OCF_E_qb2of3,C6_ROE_DYN_ytdavg_gt_lyytdavg,0.2004772890179023,0.1948977085456407,0.005579580472261592,-0.4792960554934753,0.5107812937552506,14.63,54.27368421052632
EV_EBITDA_qb0of3__ROIC_qb1of3__C9_EPS_DYN_riseq2__v0,EV_EBITDA_qb0of3__ROIC_qb1of3,C9_EPS_DYN_riseq2,0.20042234627181355,0.17304387553983713,0.027378470731976412,-0.3990946701810887,0.55343716433942,13.83,63.57664233576642
PS_qb0of3__MOM_qb2of3__C3_ROE_DYN_qmax4__v0,PS_qb0of3__MOM_qb2of3,C3_ROE_DYN_qmax4,0.20032365517302142,0.18527143734118923,0.015052217831832193,-0.6428873826440638,0.5236530880420499,12.94,64.46564885496183
MOM_qb2of3__FCF_OI_qb0of3__C4_ROE_DYN_qmax8__v0,MOM_qb2of3__FCF_OI_qb0of3,C4_ROE_DYN_qmax8,0.20028634983417137,0.1129050553120563,0.08738129452211507,-0.6673478075671573,0.4916926272066459,17.15,27.90557939914163
EV_S_qb0of3__OCF_E_qb1of3__C7_ROE_DYN_ytdavg_gt_lyavg__v0,EV_S_qb0of3__OCF_E_qb1of3,C7_ROE_DYN_ytdavg_gt_lyavg,0.20021844304638314,0.1599721772341416,0.040246265812241555,-0.5008283086539027,0.5134253450439147,13.72,62.3859649122807
P_IC_qb0of3__None__C6_ROE_DYN_ytdavg_gt_lyytdavg__v0,P_IC_qb0of3__None,C6_ROE_DYN_ytdavg_gt_lyytdavg,0.20020419158169855,0.17867438611691733,0.021529805464781226,-0.531548883252073,0.5278742762613731,13.95,215.2
PS_qb0of3__EV_S_qb0of3__C5_ROE_DYN_yoy__v0,PS_qb0of3__EV_S_qb0of3,C5_ROE_DYN_yoy,0.20014998345244095,0.16026918058568085,0.0398808028667601,-0.5093481412787098,0.509895227008149,15.14,189.384
EV_S_qb0of3__None__C5_ROE_DYN_yoy__v0,EV_S_qb0of3__None,C5_ROE_DYN_yoy,0.20004076713543584,0.15703616256886455,0.04300460456657129,-0.5336911211464387,0.5170949977053695,15.18,241.588
OCF_E_qb2of3__ACCRUAL_qb0of3__C3_ROE_DYN_qmax4__v0,OCF_E_qb2of3__ACCRUAL_qb0of3,C3_ROE_DYN_qmax4,0.20000991970948045,0.1085860393522513,0.09142388035722915,-0.4334564199246542,0.5007164464257284,16.84,92.36259541984732
OCF_E_qb2of3__None__C4_ROE_DYN_qmax8__v0,OCF_E_qb2of3__None,C4_ROE_DYN_qmax8,0.1999804951992108,0.10702478116805669,0.0929557140311541,-0.4857029827634498,0.5133478346845957,18.27,82.72103004291846
P_IC_qb0of3__PB_qb0of3__C6_ROE_DYN_ytdavg_gt_lyytdavg__v0,P_IC_qb0of3__PB_qb0of3,C6_ROE_DYN_ytdavg_gt_lyytdavg,0.19991315969132173,0.18573029068263458,0.014182869008687149,-0.5409712626362074,0.5326509723643807,13.97,162.07719298245615
MOM_qb2of3__ROIC_qb2of3__C9_EPS_DYN_riseq2__v0,MOM_qb2of3__ROIC_qb2of3,C9_EPS_DYN_riseq2,0.19987473154895552,0.15843219174837309,0.041442539800582434,-0.5875872936510051,0.5099701492537313,15.5,127.06204379562044
PS_qb0of3__EV_S_qb0of3__C12_EPS_DYN_yoy__v0,PS_qb0of3__EV_S_qb0of3,C12_EPS_DYN_yoy,0.199866224009843,0.16026918058568085,0.03959704342416215,-0.4918482904095641,0.5013111888111889,15.36,195.944
MOM_qb2of3__DEBTRATIO_qb2of3__C5_ROE_DYN_yoy__v0,MOM_qb2of3__DEBTRATIO_qb2of3,C5_ROE_DYN_yoy,0.1997872266451297,0.1409681494808137,0.058819077164316,-0.6499477329208754,0.48224533715925394,15.41,95.412
PS_qb0of3__ROE_qb2of3__C5_ROE_DYN_yoy__v0,PS_qb0of3__ROE_qb2of3,C5_ROE_DYN_yoy,0.1997196576780229,0.16803068714784408,0.03168897053017883,-0.40723632678003996,0.5030936633240879,16.19,97.12
PS_qb0of3__DEBTRATIO_qb2of3__C5_ROE_DYN_yoy__v0,PS_qb0of3__DEBTRATIO_qb2of3,C5_ROE_DYN_yoy,0.1997056286756136,0.16192316720535427,0.03778246147025932,-0.5344438294627663,0.4913846792609508,15.02,133.148
PB_qb0of3__MOM_qb2of3__C13_EPS_DYN_ytdavg_gt_lyytdavg__v0,PB_qb0of3__MOM_qb2of3,C13_EPS_DYN_ytdavg_gt_lyytdavg,0.19955425291966145,0.17784854968810193,0.021705703231559514,-0.6009421992065248,0.4947332653754672,13.99,85.65964912280701
EV_EBITDA_qb0of3__ROIC_qb1of3__C14_EPS_DYN_ytdavg_gt_lyavg__v0,EV_EBITDA_qb0of3__ROIC_qb1of3,C14_EPS_DYN_ytdavg_gt_lyavg,0.1995516670774531,0.17304387553983713,0.026507791537615955,-0.46356249730117016,0.5208121827411167,13.07,53.65964912280702
P_IC_qb0of3__OCF_E_qb2of3__C10_EPS_DYN_qmax4__v0,P_IC_qb0of3__OCF_E_qb2of3,C10_EPS_DYN_qmax4,0.1994805776317401,0.18169077162055913,0.017789806011180964,-0.4739496527525645,0.5317408376963351,15.42,44.88931297709924
PB_qb0of3__NETDEBT_EBITDA_qb2of3__C14_EPS_DYN_ytdavg_gt_lyavg__v0,PB_qb0of3__NETDEBT_EBITDA_qb2of3,C14_EPS_DYN_ytdavg_gt_lyavg,0.19947470836552395,0.17628642719528287,0.023188281170241076,-0.5803218780646049,0.516926201760325,14.34,93.05263157894737
PB_qb1of3__OCF_E_qb2of3__C11_EPS_DYN_qmax8__v0,PB_qb1of3__OCF_E_qb2of3,C11_EPS_DYN_qmax8,0.19945037190941495,0.12468663979722217,0.07476373211219278,-0.712417450505789,0.5328310010764262,15.45,28.201716738197426
EV_S_qb0of3__DEBTRATIO_qb0of3__C6_ROE_DYN_ytdavg_gt_lyytdavg__v0,EV_S_qb0of3__DEBTRATIO_qb0of3,C6_ROE_DYN_ytdavg_gt_lyytdavg,0.19939238009724414,0.1737613000797975,0.025631080017446628,-0.5222836133057462,0.5325914149443561,13.92,49.72280701754386
PB_qb0of3__ACCRUAL_qb0of3__C6_ROE_DYN_ytdavg_gt_lyytdavg__v0,PB_qb0of3__ACCRUAL_qb0of3,C6_ROE_DYN_ytdavg_gt_lyytdavg,0.1993855205084214,0.17652061393823848,0.02286490657018292,-0.5263241151360749,0.5026442307692308,14.05,65.43859649122807
ACCRUAL_qb0of3__FCF_P_qb2of3__C4_ROE_DYN_qmax8__v0,ACCRUAL_qb0of3__FCF_P_qb2of3,C4_ROE_DYN_qmax8,0.1993696940302978,0.12374675560791215,0.07562293842238565,-0.5130221075789397,0.5304922850844966,17.67,19.957081545064376
PB_qb0of3__FCF_P_qb1of3__C12_EPS_DYN_yoy__v0,PB_qb0of3__FCF_P_qb1of3,C12_EPS_DYN_yoy,0.19936285888894134,0.1810049825348956,0.018357876354045732,-0.5493306146279028,0.5148543409287568,15.14,52.864
PB_qb0of3__None__C12_EPS_DYN_yoy__v0,PB_qb0of3__None,C12_EPS_DYN_yoy,0.19935444224004972,0.18050911811184078,0.01884532412820894,-0.5655724011834606,0.5205356138179363,15.56,239.036
P_IC_qb0of3__ROIC_qb1of3__C7_ROE_DYN_ytdavg_gt_lyavg__v0,P_IC_qb0of3__ROIC_qb1of3,C7_ROE_DYN_ytdavg_gt_lyavg,0.19927579609391577,0.18272926888937446,0.016546527204541306,-0.5081654202869716,0.5211474036850922,14.51,99.08771929824562
PB_qb0of3__ROE_qb1of3__C9_EPS_DYN_riseq2__v0,PB_qb0of3__ROE_qb1of3,C9_EPS_DYN_riseq2,0.19925806146667036,0.18183368727864435,0.017424374188026004,-0.4928537631505838,0.5436970762102572,14.64,112.73357664233576
PB_qb0of3__EV_EBITDA_qb0of3__C8_EPS_DYN_riseq1__v0,PB_qb0of3__EV_EBITDA_qb0of3,C8_EPS_DYN_riseq1,0.19916381042829223,0.19475174231000114,0.00441206811829109,-0.5431748422012778,0.517665797856936,14.02,112.41754385964913
PS_qb0of3__OCF_E_qb2of3__C7_ROE_DYN_ytdavg_gt_lyavg__v0,PS_qb0of3__OCF_E_qb2of3,C7_ROE_DYN_ytdavg_gt_lyavg,0.19911763047023712,0.1770945770309813,0.022023053439255813,-0.4526973917508088,0.49562101910828027,14.46,80.47017543859648
P_IC_qb0of3__NETDEBT_EBITDA_qb1of3__C11_EPS_DYN_qmax8__v0,P_IC_qb0of3__NETDEBT_EBITDA_qb1of3,C11_EPS_DYN_qmax8,0.19903736884129408,0.1828242597650629,0.01621310907623119,-0.5480197976964187,0.5322909585316111,16.81,23.7725321888412
PB_qb1of3__ROIC_qb2of3__C3_ROE_DYN_qmax4__v0,PB_qb1of3__ROIC_qb2of3,C3_ROE_DYN_qmax4,0.1990049631486437,0.15726720889947043,0.04173775424917325,-0.46883485205344055,0.5320255258804065,16.3,60.603053435114504
EV_EBITDA_qb0of3__ROIC_qb2of3__C5_ROE_DYN_yoy__v0,EV_EBITDA_qb0of3__ROIC_qb2of3,C5_ROE_DYN_yoy,0.19899322158317156,0.17195031758070844,0.02704290400246312,-0.4454224258064854,0.5005005005005005,17.04,95.808
ROE_qb2of3__EV_EBITDA_qb0of3__C4_ROE_DYN_qmax8__v0,ROE_qb2of3__EV_EBITDA_qb0of3,C4_ROE_DYN_qmax8,0.198963157988862,0.1751333441657017,0.023829813823160295,-0.4530968159977353,0.5083386786401539,19.76,49.97854077253219
PB_qb0of3__FCF_OI_qb1of3__C13_EPS_DYN_ytdavg_gt_lyytdavg__v0,PB_qb0of3__FCF_OI_qb1of3,C13_EPS_DYN_ytdavg_gt_lyytdavg,0.19892964903208044,0.18925522121144955,0.009674427820630882,-0.5188936886524396,0.5027472527472527,13.37,72.90877192982457
PB_qb0of3__DEBTRATIO_qb2of3__C13_EPS_DYN_ytdavg_gt_lyytdavg__v0,PB_qb0of3__DEBTRATIO_qb2of3,C13_EPS_DYN_ytdavg_gt_lyytdavg,0.19892240568001096,0.18635950857908368,0.012562897100927284,-0.5538075034811585,0.5239197530864198,14.73,82.52631578947368
EV_EBITDA_qb0of3__ROIC_qb2of3__C4_ROE_DYN_qmax8__v0,EV_EBITDA_qb0of3__ROIC_qb2of3,C4_ROE_DYN_qmax8,0.19891521036312665,0.17195031758070844,0.026964892782418204,-0.44732380998276955,0.5117647058823529,18.77,48.57510729613734
PS_qb0of3__ACCRUAL_qb0of3__C2_ROE_DYN_riseq2__v0,PS_qb0of3__ACCRUAL_qb0of3,C2_ROE_DYN_riseq2,0.1989063380414018,0.1648074184621935,0.0340989195792083,-0.4462425000645943,0.5003633720930233,15.34,82.5985401459854
PB_qb0of3__NETDEBT_EBITDA_qb2of3__C9_EPS_DYN_riseq2__v0,PB_qb0of3__NETDEBT_EBITDA_qb2of3,C9_EPS_DYN_riseq2,0.19881245006269066,0.17628642719528287,0.02252602286740779,-0.5662873551168861,0.5253356431355565,14.72,105.08029197080292
PB_qb0of3__MOM_qb2of3__C2_ROE_DYN_riseq2__v0,PB_qb0of3__MOM_qb2of3,C2_ROE_DYN_riseq2,0.19879909785620287,0.17784854968810193,0.020950548168100935,-0.6539281156741668,0.5110077519379845,14.45,93.0948905109489
P_IC_qb0of3__EV_EBITDA_qb0of3__C16_FCF_P_DYN_riseq2__v0,P_IC_qb0of3__EV_EBITDA_qb0of3,C16_FCF_P_DYN_riseq2,0.1987888946762839,0.19089426073683513,0.00789463393944878,-0.5481641686066925,0.4992193598750976,14.84,98.44890510948905
PS_qb1of3__NETDEBT_EBITDA_qb0of3__C3_ROE_DYN_qmax4__v0,PS_qb1of3__NETDEBT_EBITDA_qb0of3,C3_ROE_DYN_qmax4,0.19872543048211622,0.11822478808596304,0.08050064239615318,-0.6270124470812921,0.5141700404858299,13.84,34.58015267175573
PB_qb0of3__NETDEBT_EBITDA_qb2of3__C6_ROE_DYN_ytdavg_gt_lyytdavg__v0,PB_qb0of3__NETDEBT_EBITDA_qb2of3,C6_ROE_DYN_ytdavg_gt_lyytdavg,0.19872194721040493,0.17628642719528287,0.022435520015122057,-0.5802370134487472,0.5061687229076359,14.15,94.23859649122807
EV_S_qb0of3__OCF_E_qb1of3__C5_ROE_DYN_yoy__v0,EV_S_qb0of3__OCF_E_qb1of3,C5_ROE_DYN_yoy,0.19872133351480925,0.1599721772341416,0.03874915628066766,-0.5563014558827996,0.5276967930029155,15.47,72.172
P_IC_qb0of3__PS_qb0of3__C9_EPS_DYN_riseq2__v0,P_IC_qb0of3__PS_qb0of3,C9_EPS_DYN_riseq2,0.1985979648555698,0.1876102576683254,0.0109877071872444,-0.49860172028498895,0.528,14.32,161.16058394160584
P_IC_qb0of3__PB_qb0of3__C2_ROE_DYN_riseq2__v0,P_IC_qb0of3__PB_qb0of3,C2_ROE_DYN_riseq2,0.19852657867220724,0.18573029068263458,0.012796287989572663,-0.5496490846131178,0.5409125669130768,14.94,184.14233576642334
PB_qb0of3__ACCRUAL_qb0of3__C14_EPS_DYN_ytdavg_gt_lyavg__v0,PB_qb0of3__ACCRUAL_qb0of3,C14_EPS_DYN_ytdavg_gt_lyavg,0.19846574604554745,0.17652061393823848,0.021945132107308973,-0.540250337451871,0.5069870066192694,14.79,65.93684210526315
P_IC_qb0of3__FCF_OI_qb1of3__C1_ROE_DYN_riseq1__v0,P_IC_qb0of3__FCF_OI_qb1of3,C1_ROE_DYN_riseq1,0.19846288686955238,0.1841328203450041,0.014330066524548268,-0.5514144916468168,0.5122660367072506,13.79,79.08771929824562
EV_S_qb0of3__OCF_E_qb1of3__C14_EPS_DYN_ytdavg_gt_lyavg__v0,EV_S_qb0of3__OCF_E_qb1of3,C14_EPS_DYN_ytdavg_gt_lyavg,0.19839521221476852,0.1599721772341416,0.038423034980626936,-0.504629010089307,0.5087257948840546,14.1,65.19649122807017
P_IC_qb0of3__PB_qb0of3__C14_EPS_DYN_ytdavg_gt_lyavg__v0,P_IC_qb0of3__PB_qb0of3,C14_EPS_DYN_ytdavg_gt_lyavg,0.1982217347141353,0.18573029068263458,0.01249144403150071,-0.5553616376370198,0.5360699044909571,14.31,159.85263157894738
PS_qb0of3__FCF_OI_qb1of3__C5_ROE_DYN_yoy__v0,PS_qb0of3__FCF_OI_qb1of3,C5_ROE_DYN_yoy,0.19819058545517976,0.1602886894689004,0.037901895986279355,-0.5459188586025028,0.5034799114204366,15.14,115.984
EV_EBITDA_qb0of3__ROIC_qb1of3__C6_ROE_DYN_ytdavg_gt_lyytdavg__v0,EV_EBITDA_qb0of3__ROIC_qb1of3,C6_ROE_DYN_ytdavg_gt_lyytdavg,0.19815289234748557,0.17304387553983713,0.025109016807648432,-0.4820545159805011,0.5247160988643954,13.34,53.99649122807018
PS_qb0of3__DEBTRATIO_qb2of3__C3_ROE_DYN_qmax4__v0,PS_qb0of3__DEBTRATIO_qb2of3,C3_ROE_DYN_qmax4,0.19811914178248236,0.16192316720535427,0.03619597457712809,-0.5093045107724342,0.5075555555555555,14.2,75.87786259541984
OCF_E_qb1of3__EV_EBITDA_qb0of3__C11_EPS_DYN_qmax8__v0,OCF_E_qb1of3__EV_EBITDA_qb0of3,C11_EPS_DYN_qmax8,0.19805515908227256,0.1611145807766723,0.03694057830560027,-0.5225292635067066,0.5243036592026216,15.54,27.792207792207794
PB_qb0of3__OCF_E_qb2of3__C13_EPS_DYN_ytdavg_gt_lyytdavg__v0,PB_qb0of3__OCF_E_qb2of3,C13_EPS_DYN_ytdavg_gt_lyytdavg,0.19803483162989455,0.1948977085456407,0.0031371230842538456,-0.49793262072653266,0.5157923647349629,15.09,55.51578947368421
P_IC_qb0of3__PB_qb0of3__C13_EPS_DYN_ytdavg_gt_lyytdavg__v0,P_IC_qb0of3__PB_qb0of3,C13_EPS_DYN_ytdavg_gt_lyytdavg,0.19803217557475916,0.18573029068263458,0.012301884892124582,-0.5492531675633319,0.53420523138833,14.22,166.29473684210527
OCF_E_qb1of3__EV_EBITDA_qb0of3__C5_ROE_DYN_yoy__v0,OCF_E_qb1of3__EV_EBITDA_qb0of3,C5_ROE_DYN_yoy,0.19802223667033392,0.1611145807766723,0.03690765589366163,-0.5568451627566091,0.5109695682944091,16.18,66.096
P_IC_qb1of3__FCF_P_qb1of3__C11_EPS_DYN_qmax8__v0,P_IC_qb1of3__FCF_P_qb1of3,C11_EPS_DYN_qmax8,0.198013024814075,0.11136939041932759,0.08664363439474743,-0.6937094516548341,0.5286425902864259,14.91,23.78787878787879
P_IC_qb0of3__PB_qb0of3__C10_EPS_DYN_qmax4__v0,P_IC_qb0of3__PB_qb0of3,C10_EPS_DYN_qmax4,0.19799361965188256,0.18573029068263458,0.012263328969247977,-0.5219726169910109,0.5314869765908341,14.33,104.72519083969466
P_IC_qb0of3__ROIC_qb1of3__C3_ROE_DYN_qmax4__v0,P_IC_qb0of3__ROIC_qb1of3,C3_ROE_DYN_qmax4,0.19796754500194158,0.18272926888937446,0.015238276112567117,-0.5420835335388072,0.5363511659807956,14.12,68.30916030534351
OCF_E_qb1of3__EV_EBITDA_qb0of3__C6_ROE_DYN_ytdavg_gt_lyytdavg__v0,OCF_E_qb1of3__EV_EBITDA_qb0of3,C6_ROE_DYN_ytdavg_gt_lyytdavg,0.1978938079862782,0.1611145807766723,0.036779227209605914,-0.5371751296399015,0.492814667988107,14.06,59.15438596491228
MOM_qb2of3__ROIC_qb2of3__C11_EPS_DYN_qmax8__v0,MOM_qb2of3__ROIC_qb2of3,C11_EPS_DYN_qmax8,0.19786531300222499,0.15843219174837309,0.0394331212538519,-0.6633945066904171,0.5057763401109058,16.94,69.62231759656652
PS_qb0of3__OCF_E_qb2of3__C13_EPS_DYN_ytdavg_gt_lyytdavg__v0,PS_qb0of3__OCF_E_qb2of3,C13_EPS_DYN_ytdavg_gt_lyytdavg,0.19785943811262352,0.1770945770309813,0.020764861081642216,-0.45946805276056435,0.4944392082940622,14.52,86.11578947368422
P_IC_qb0of3__ROE_qb2of3__C3_ROE_DYN_qmax4__v0,P_IC_qb0of3__ROE_qb2of3,C3_ROE_DYN_qmax4,0.19784178330220836,0.20973001630778976,-0.011888233005581395,-0.43859001505221873,0.5321008403361345,14.87,42.221374045801525
P_IC_qb0of3__ROIC_qb1of3__C6_ROE_DYN_ytdavg_gt_lyytdavg__v0,P_IC_qb0of3__ROIC_qb1of3,C6_ROE_DYN_ytdavg_gt_lyytdavg,0.19782404539873077,0.18272926888937446,0.015094776509356311,-0.5019940684574029,0.51891228787569,14.68,102.41754385964913
EV_S_qb0of3__None__C12_EPS_DYN_yoy__v0,EV_S_qb0of3__None,C12_EPS_DYN_yoy,0.19777605740579873,0.15703616256886455,0.04073989483693419,-0.5202127855988683,0.5113831369408535,15.44,250.096
DEBTRATIO_qb2of3__FCF_P_qb0of3__C4_ROE_DYN_qmax8__v0,DEBTRATIO_qb2of3__FCF_P_qb0of3,C4_ROE_DYN_qmax8,0.1977370327716852,0.10901546451131372,0.08872156826037148,-0.52062543287611,0.48703703703703705,18.46,25.05579399141631
P_IC_qb0of3__ROIC_qb2of3__C15_FCF_P_DYN_riseq1__v0,P_IC_qb0of3__ROIC_qb2of3,C15_FCF_P_DYN_riseq1,0.19772096395259298,0.17524597133334008,0.022474992619252898,-0.6350458622019575,0.4788823911630929,14.13,18.560439560439562
MOM_qb2of3__ROIC_qb1of3__C11_EPS_DYN_qmax8__v0,MOM_qb2of3__ROIC_qb1of3,C11_EPS_DYN_qmax8,0.19769311446991988,0.1489494323621996,0.04874368210772029,-0.4954462226341797,0.5245569620253164,15.01,30.3982683982684
PS_qb0of3__EV_EBITDA_qb0of3__C8_EPS_DYN_riseq1__v0,PS_qb0of3__EV_EBITDA_qb0of3,C8_EPS_DYN_riseq1,0.1976660467288487,0.19132612263680127,0.006339924092047422,-0.4995412852312625,0.4975838115372999,13.45,107.82105263157895
EV_S_qb0of3__ROE_qb2of3__C12_EPS_DYN_yoy__v0,EV_S_qb0of3__ROE_qb2of3,C12_EPS_DYN_yoy,0.19766128118484905,0.16125483918444772,0.03640644200040133,-0.46142467203661885,0.5140997830802603,16.84,100.708
PB_qb0of3__NETDEBT_EBITDA_qb0of3__C3_ROE_DYN_qmax4__v0,PB_qb0of3__NETDEBT_EBITDA_qb0of3,C3_ROE_DYN_qmax4,0.1975001751929799,0.18598838212849822,0.01151179306448169,-0.5264579085915948,0.5212527964205816,14.47,35.48091603053435
OCF_E_qb2of3__EV_EBITDA_qb0of3__C12_EPS_DYN_yoy__v0,OCF_E_qb2of3__EV_EBITDA_qb0of3,C12_EPS_DYN_yoy,0.1974968468206708,0.15339211904025563,0.04410472778041519,-0.4344368223843107,0.5028462998102466,16.84,93.188
P_IC_qb0of3__EV_EBITDA_qb0of3__C11_EPS_DYN_qmax8__v0,P_IC_qb0of3__EV_EBITDA_qb0of3,C11_EPS_DYN_qmax8,0.1974722822128545,0.19089426073683513,0.00657802147601938,-0.5154113580316575,0.516825924387204,15.26,39.93991416309013
PS_qb0of3__None__C12_EPS_DYN_yoy__v0,PS_qb0of3__None,C12_EPS_DYN_yoy,0.19746758841465462,0.16434511041889355,0.03312247799576107,-0.5164983816659234,0.5010276318794246,15.6,253.9
EV_EBITDA_qb0of3__ROIC_qb1of3__C7_ROE_DYN_ytdavg_gt_lyavg__v0,EV_EBITDA_qb0of3__ROIC_qb1of3,C7_ROE_DYN_ytdavg_gt_lyavg,0.19745789187126705,0.17304387553983713,0.024414016331429922,-0.4859759838094758,0.5213103205353998,13.12,51.435087719298245
PS_qb0of3__MOM_qb2of3__C1_ROE_DYN_riseq1__v0,PS_qb0of3__MOM_qb2of3,C1_ROE_DYN_riseq1,0.19734840636730855,0.18527143734118923,0.012076969026119322,-0.6618922796089162,0.513671875,12.89,96.4
EV_S_qb0of3__ROIC_qb2of3__C11_EPS_DYN_qmax8__v0,EV_S_qb0of3__ROIC_qb2of3,C11_EPS_DYN_qmax8,0.19733753104615626,0.15799574490089796,0.039341786145258295,-0.5658667703183168,0.5023183925811437,17.25,42.712446351931334
PB_qb0of3__None__C9_EPS_DYN_riseq2__v0,PB_qb0of3__None,C9_EPS_DYN_riseq2,0.19728372613234857,0.18050911811184078,0.016774608020507786,-0.5453020367623632,0.5449142634450507,14.97,243.46350364963504
PB_qb0of3__ROIC_qb1of3__C5_ROE_DYN_yoy__v0,PB_qb0of3__ROIC_qb1of3,C5_ROE_DYN_yoy,0.19727409304668475,0.18223831681550728,0.015035776231177467,-0.5167812784256804,0.5237102657634184,15.21,115.128
PB_qb0of3__ROIC_qb1of3__C9_EPS_DYN_riseq2__v0,PB_qb0of3__ROIC_qb1of3,C9_EPS_DYN_riseq2,0.1972669643307996,0.18223831681550728,0.015028647515292315,-0.46701652653200976,0.5423890567838396,14.92,112.75912408759125
FCF_OI_qb1of3__DEBTRATIO_qb2of3__C18_FCF_P_DYN_qmax8__v0,FCF_OI_qb1of3__DEBTRATIO_qb2of3,C18_FCF_P_DYN_qmax8,0.19723830272771847,0.11211067470469849,0.08512762802301999,-0.7011731409553725,0.4242718446601942,13.96,14.89423076923077
FCF_OI_qb1of3__FCF_P_qb2of3__C2_ROE_DYN_riseq2__v0,FCF_OI_qb1of3__FCF_P_qb2of3,C2_ROE_DYN_riseq2,0.19714874196673282,0.1661308330210336,0.031017908945699224,-0.4865808152077675,0.5042517006802721,14.67,47.02189781021898
PB_qb0of3__NETDEBT_EBITDA_qb2of3__C2_ROE_DYN_riseq2__v0,PB_qb0of3__NETDEBT_EBITDA_qb2of3,C2_ROE_DYN_riseq2,0.19713901318747507,0.17628642719528287,0.020852585992192196,-0.5784616276868648,0.5270123671078325,14.69,105.39416058394161
EV_S_qb1of3__DEBTRATIO_qb1of3__C4_ROE_DYN_qmax8__v0,EV_S_qb1of3__DEBTRATIO_qb1of3,C4_ROE_DYN_qmax8,0.19713794600181855,0.11155677487762738,0.08558117112419117,-0.7350551714742004,0.5045632333767927,18.37,25.506437768240342
P_IC_qb0of3__None__C10_EPS_DYN_qmax4__v0,P_IC_qb0of3__None,C10_EPS_DYN_qmax4,0.1971180352584574,0.17867438611691733,0.018443649141540064,-0.5212766988653247,0.5312342569269521,14.23,139.58778625954199
PS_qb0of3__OCF_E_qb2of3__C10_EPS_DYN_qmax4__v0,PS_qb0of3__OCF_E_qb2of3,C10_EPS_DYN_qmax4,0.1971072974939796,0.1770945770309813,0.02001272046299829,-0.45384534987396286,0.5112219451371571,15.1,58.29007633587786
PB_qb0of3__FCF_OI_qb1of3__C1_ROE_DYN_riseq1__v0,PB_qb0of3__FCF_OI_qb1of3,C1_ROE_DYN_riseq1,0.19709327560281764,0.18925522121144955,0.007838054391368088,-0.567775592967761,0.5144711454130855,13.74,82.1438596491228
P_IC_qb0of3__ROIC_qb1of3__C10_EPS_DYN_qmax4__v0,P_IC_qb0of3__ROIC_qb1of3,C10_EPS_DYN_qmax4,0.19707365197714233,0.18272926888937446,0.014344383087767865,-0.5142632318737623,0.5436471663619744,14.05,69.26717557251908
EV_S_qb0of3__ACCRUAL_qb0of3__C13_EPS_DYN_ytdavg_gt_lyytdavg__v0,EV_S_qb0of3__ACCRUAL_qb0of3,C13_EPS_DYN_ytdavg_gt_lyytdavg,0.19705370007291223,0.15433085717622674,0.04272284289668549,-0.4390189152314742,0.49073716711694326,14.82,77.64561403508772
PB_qb0of3__NETDEBT_EBITDA_qb0of3__C12_EPS_DYN_yoy__v0,PB_qb0of3__NETDEBT_EBITDA_qb0of3,C12_EPS_DYN_yoy,0.19702251774249047,0.18598838212849822,0.011034135613992246,-0.5654404129938133,0.5317703024125042,15.14,67.472
P_IC_qb0of3__ROIC_qb1of3__C5_ROE_DYN_yoy__v0,P_IC_qb0of3__ROIC_qb1of3,C5_ROE_DYN_yoy,0.19700437640518542,0.18272926888937446,0.014275107515810959,-0.530205099152864,0.5195607412491421,15.36,120.12
PS_qb0of3__ACCRUAL_qb0of3__C7_ROE_DYN_ytdavg_gt_lyavg__v0,PS_qb0of3__ACCRUAL_qb0of3,C7_ROE_DYN_ytdavg_gt_lyavg,0.19697651567912455,0.1648074184621935,0.032169097216931064,-0.461818729975478,0.4929488528730793,14.31,72.79298245614035
EV_S_qb1of3__ACCRUAL_qb0of3__C10_EPS_DYN_qmax4__v0,EV_S_qb1of3__ACCRUAL_qb0of3,C10_EPS_DYN_qmax4,0.19697347488793282,0.11933321896314197,0.07764025592479085,-0.561072196894366,0.5049001814882033,14.92,39.68320610687023
P_IC_qb0of3__ROIC_qb1of3__C2_ROE_DYN_riseq2__v0,P_IC_qb0of3__ROIC_qb1of3,C2_ROE_DYN_riseq2,0.19696841323341507,0.18272926888937446,0.01423914434404061,-0.5345798630711267,0.533106960950764,15.14,119.89781021897811
PS_qb0of3__OCF_E_qb2of3__C14_EPS_DYN_ytdavg_gt_lyavg__v0,PS_qb0of3__OCF_E_qb2of3,C14_EPS_DYN_ytdavg_gt_lyavg,0.19696096459651358,0.1770945770309813,0.019866387565532273,-0.4548137890882006,0.4949067845473765,14.61,84.07368421052631
PS_qb0of3__ROE_qb2of3__C12_EPS_DYN_yoy__v0,PS_qb0of3__ROE_qb2of3,C12_EPS_DYN_yoy,0.19693935233863558,0.16803068714784408,0.028908665190791494,-0.3922640034521476,0.5066318764948902,16.63,99.528
PB_qb0of3__NETDEBT_EBITDA_qb2of3__C13_EPS_DYN_ytdavg_gt_lyytdavg__v0,PB_qb0of3__NETDEBT_EBITDA_qb2of3,C13_EPS_DYN_ytdavg_gt_lyytdavg,0.19693469903819216,0.17628642719528287,0.020648271842909294,-0.57842411614594,0.5165453342157511,14.33,96.27719298245614
PB_qb0of3__DEBTRATIO_qb2of3__C14_EPS_DYN_ytdavg_gt_lyavg__v0,PB_qb0of3__DEBTRATIO_qb2of3,C14_EPS_DYN_ytdavg_gt_lyavg,0.1969324009208342,0.18635950857908368,0.010572892341750517,-0.5616810950838362,0.5232469512195121,14.96,80.0
ROE_qb1of3__FCF_P_qb2of3__C4_ROE_DYN_qmax8__v0,ROE_qb1of3__FCF_P_qb2of3,C4_ROE_DYN_qmax8,0.19691885010775634,0.12843923926750733,0.068479610840249,-0.6698041074140477,0.525828835774865,16.44,19.50214592274678
EV_EBITDA_qb0of3__FCF_P_qb2of3__C4_ROE_DYN_qmax8__v0,EV_EBITDA_qb0of3__FCF_P_qb2of3,C4_ROE_DYN_qmax8,0.19690038757232697,0.1412545523155624,0.055645835256764586,-0.5299614138983499,0.5118626956082787,17.66,30.184549356223176
EV_S_qb0of3__NETDEBT_EBITDA_qb2of3__C3_ROE_DYN_qmax4__v0,EV_S_qb0of3__NETDEBT_EBITDA_qb2of3,C3_ROE_DYN_qmax4,0.19688622032363723,0.1541547522146991,0.04273146810893813,-0.528757359933465,0.5085490962383976,12.83,34.66030534351145
PB_qb0of3__EV_EBITDA_qb0of3__C1_ROE_DYN_riseq1__v0,PB_qb0of3__EV_EBITDA_qb0of3,C1_ROE_DYN_riseq1,0.19675184209336383,0.19475174231000114,0.0020000997833626855,-0.5248540400277812,0.5224258679779467,14.07,109.2421052631579
PS_qb0of3__EV_EBITDA_qb0of3__C1_ROE_DYN_riseq1__v0,PS_qb0of3__EV_EBITDA_qb0of3,C1_ROE_DYN_riseq1,0.1967250201814823,0.19132612263680127,0.005398897544681036,-0.4859042743082528,0.49726177437020813,13.46,102.4
EV_S_qb0of3__DEBTRATIO_qb0of3__C18_FCF_P_DYN_qmax8__v0,EV_S_qb0of3__DEBTRATIO_qb0of3,C18_FCF_P_DYN_qmax8,0.19672270112930912,0.1737613000797975,0.02296140104951161,-0.5035071649128343,0.4954954954954955,16.71,13.5
PB_qb0of3__DEBTRATIO_qb2of3__C7_ROE_DYN_ytdavg_gt_lyavg__v0,PB_qb0of3__DEBTRATIO_qb2of3,C7_ROE_DYN_ytdavg_gt_lyavg,0.19671270588783285,0.18635950857908368,0.010353197308749174,-0.5546732432729233,0.5307068366164542,14.35,77.49473684210527
EV_S_qb0of3__ROIC_qb2of3__C5_ROE_DYN_yoy__v0,EV_S_qb0of3__ROIC_qb2of3,C5_ROE_DYN_yoy,0.19669797101883035,0.15799574490089796,0.03870222611793239,-0.46482834527811046,0.5080102159275598,16.57,85.876
P_IC_qb0of3__EV_EBITDA_qb0of3__C8_EPS_DYN_riseq1__v0,P_IC_qb0of3__EV_EBITDA_qb0of3,C8_EPS_DYN_riseq1,0.19667889161805951,0.19089426073683513,0.005784630881224384,-0.522559757957715,0.510641627543036,13.95,105.2701754385965
PB_qb0of3__ROE_qb1of3__C12_EPS_DYN_yoy__v0,PB_qb0of3__ROE_qb1of3,C12_EPS_DYN_yoy,0.1966215384697061,0.18183368727864435,0.01478785119106174,-0.5179223645356132,0.522977459374454,15.28,112.568
PS_qb0of3__ROIC_qb2of3__C11_EPS_DYN_qmax8__v0,PS_qb0of3__ROIC_qb2of3,C11_EPS_DYN_qmax8,0.1966081085946696,0.16337747244409084,0.03323063615057875,-0.5082551811955545,0.5035799522673031,16.68,41.48068669527897
EV_EBITDA_qb0of3__DEBTRATIO_qb2of3__C5_ROE_DYN_yoy__v0,EV_EBITDA_qb0of3__DEBTRATIO_qb2of3,C5_ROE_DYN_yoy,0.19659567243261789,0.14301532522542537,0.053580347207192514,-0.44887029994082395,0.49177126917712694,15.78,76.028
MOM_qb2of3__OCF_E_qb2of3__C14_EPS_DYN_ytdavg_gt_lyavg__v0,MOM_qb2of3__OCF_E_qb2of3,C14_EPS_DYN_ytdavg_gt_lyavg,0.1965486360795723,0.16022546885760813,0.03632316722196416,-0.6074061568438194,0.5050743778673711,14.72,96.71228070175438
ROE_qb1of3__EV_EBITDA_qb0of3__C2_ROE_DYN_riseq2__v0,ROE_qb1of3__EV_EBITDA_qb0of3,C2_ROE_DYN_riseq2,0.1964623340619951,0.16753762281561357,0.028924711246381518,-0.4706273240917116,0.5551865099642309,13.65,68.71897810218978
P_IC_qb1of3__DEBTRATIO_qb0of3__C11_EPS_DYN_qmax8__v0,P_IC_qb1of3__DEBTRATIO_qb0of3,C11_EPS_DYN_qmax8,0.19645331511685193,0.1393426824369417,0.057110632679910234,-0.591315922677148,0.529126213592233,16.99,24.068669527896997
EV_S_qb0of3__DEBTRATIO_qb0of3__C8_EPS_DYN_riseq1__v0,EV_S_qb0of3__DEBTRATIO_qb0of3,C8_EPS_DYN_riseq1,0.19645292618023036,0.1737613000797975,0.02269162610043285,-0.5822407212481717,0.5168860904407556,14.48,59.04912280701755
PB_qb1of3__MOM_qb2of3__C3_ROE_DYN_qmax4__v0,PB_qb1of3__MOM_qb2of3,C3_ROE_DYN_qmax4,0.19639891912291896,0.14055424123730442,0.055844677885614535,-0.7043733358677231,0.5245471252297191,13.26,51.786259541984734
OCF_E_qb2of3__ROIC_qb2of3__C4_ROE_DYN_qmax8__v0,OCF_E_qb2of3__ROIC_qb2of3,C4_ROE_DYN_qmax8,0.1963660574984889,0.10550033079483523,0.09086572670365367,-0.4725614488570472,0.5063087248322148,18.89,60.26609442060086
MOM_qb2of3__FCF_P_qb0of3__C3_ROE_DYN_qmax4__v0,MOM_qb2of3__FCF_P_qb0of3,C3_ROE_DYN_qmax4,0.19631705431373514,0.12263642895378513,0.07368062535995001,-0.6774429828912085,0.49986907567426025,15.07,49.99618320610687
EV_EBITDA_qb0of3__ROIC_qb1of3__C3_ROE_DYN_qmax4__v0,EV_EBITDA_qb0of3__ROIC_qb1of3,C3_ROE_DYN_qmax4,0.19627881686621662,0.17304387553983713,0.023234941326379488,-0.4397921742556845,0.5328338475099162,13.85,35.2442748091603
EV_S_qb1of3__OCF_E_qb2of3__C11_EPS_DYN_qmax8__v0,EV_S_qb1of3__OCF_E_qb2of3,C11_EPS_DYN_qmax8,0.19625929114614116,0.12024507725315203,0.07601421389298912,-0.6625903624476379,0.5169937769267592,18.13,33.798283261802574
EV_S_qb1of3__ROE_qb2of3__C4_ROE_DYN_qmax8__v0,EV_S_qb1of3__ROE_qb2of3,C4_ROE_DYN_qmax8,0.1962099174930123,0.11180655286183461,0.0844033646311777,-0.5630618083764687,0.5171886936592819,18.53,41.38197424892704
PS_qb0of3__None__C5_ROE_DYN_yoy__v0,PS_qb0of3__None,C5_ROE_DYN_yoy,0.1961449812939755,0.16434511041889355,0.03179987087508196,-0.5324515176300728,0.5043118316660917,15.52,245.552
P_IC_qb0of3__MOM_qb2of3__C11_EPS_DYN_qmax8__v0,P_IC_qb0of3__MOM_qb2of3,C11_EPS_DYN_qmax8,0.19612979123484964,0.18134305708824927,0.014786734146600367,-0.660040520260138,0.5256360078277886,14.8,39.776824034334766
PB_qb0of3__ROE_qb1of3__C5_ROE_DYN_yoy__v0,PB_qb0of3__ROE_qb1of3,C5_ROE_DYN_yoy,0.19611676009131074,0.18183368727864435,0.014283072812666386,-0.5280825251497553,0.5199720914006628,15.1,114.584
FCF_OI_qb1of3__None__C18_FCF_P_DYN_qmax8__v0,FCF_OI_qb1of3__None,C18_FCF_P_DYN_qmax8,0.19606989398298302,0.10865218632260909,0.08741770766037393,-0.7501443046634169,0.4224537037037037,13.41,34.403669724770644
OCF_E_qb2of3__EV_EBITDA_qb0of3__C3_ROE_DYN_qmax4__v0,OCF_E_qb2of3__EV_EBITDA_qb0of3,C3_ROE_DYN_qmax4,0.1960685534884572,0.15339211904025563,0.04267643444820157,-0.3690663146199903,0.5077873254564984,16.35,55.587786259541986
P_IC_qb0of3__DEBTRATIO_qb1of3__C10_EPS_DYN_qmax4__v0,P_IC_qb0of3__DEBTRATIO_qb1of3,C10_EPS_DYN_qmax4,0.19606246548366357,0.17820977128879134,0.017852694194872232,-0.5014976195650045,0.5311324697033013,14.16,38.67175572519084
EV_S_qb0of3__ACCRUAL_qb0of3__C6_ROE_DYN_ytdavg_gt_lyytdavg__v0,EV_S_qb0of3__ACCRUAL_qb0of3,C6_ROE_DYN_ytdavg_gt_lyytdavg,0.19604463079164658,0.15433085717622674,0.041713773615419836,-0.43943637852942896,0.4934985778138968,14.59,73.50175438596492
EV_EBITDA_qb0of3__None__C4_ROE_DYN_qmax8__v0,EV_EBITDA_qb0of3__None,C4_ROE_DYN_qmax8,0.19601779883062975,0.1454246752563002,0.050593123574329546,-0.48080073217750574,0.5070237050043899,18.01,76.24034334763948
PB_qb0of3__None__C3_ROE_DYN_qmax4__v0,PB_qb0of3__None,C3_ROE_DYN_qmax4,0.19601374183868425,0.18050911811184078,0.01550462372684347,-0.5175463397426316,0.5271619343964735,14.63,131.03053435114504
MOM_qb2of3__OCF_E_qb2of3__C13_EPS_DYN_ytdavg_gt_lyytdavg__v0,MOM_qb2of3__OCF_E_qb2of3,C13_EPS_DYN_ytdavg_gt_lyytdavg,0.19599141061188563,0.16022546885760813,0.0357659417542775,-0.6152833477305952,0.5020275750202757,14.74,99.38245614035088
PB_qb1of3__ROIC_qb2of3__C11_EPS_DYN_qmax8__v0,PB_qb1of3__ROIC_qb2of3,C11_EPS_DYN_qmax8,0.19597091997271598,0.15726720889947043,0.03870371107324555,-0.6452286517396004,0.5247713414634146,17.17,41.53648068669528
PS_qb0of3__OCF_E_qb2of3__C6_ROE_DYN_ytdavg_gt_lyytdavg__v0,PS_qb0of3__OCF_E_qb2of3,C6_ROE_DYN_ytdavg_gt_lyytdavg,0.19591237355209246,0.1770945770309813,0.018817796521111152,-0.4525601504443083,0.4959096221269965,14.46,82.83859649122807
EV_S_qb0of3__FCF_OI_qb1of3__C7_ROE_DYN_ytdavg_gt_lyavg__v0,EV_S_qb0of3__FCF_OI_qb1of3,C7_ROE_DYN_ytdavg_gt_lyavg,0.1959097458796235,0.1576248487356633,0.03828489714396022,-0.4802727100798735,0.5008083348302497,13.38,102.75438596491227
PB_qb0of3__DEBTRATIO_qb2of3__C6_ROE_DYN_ytdavg_gt_lyytdavg__v0,PB_qb0of3__DEBTRATIO_qb2of3,C6_ROE_DYN_ytdavg_gt_lyytdavg,0.1958803544797283,0.18635950857908368,0.009520845900644614,-0.5440659636888984,0.5212144803425457,14.38,79.95087719298246
EV_S_qb0of3__NETDEBT_EBITDA_qb2of3__C6_ROE_DYN_ytdavg_gt_lyytdavg__v0,EV_S_qb0of3__NETDEBT_EBITDA_qb2of3,C6_ROE_DYN_ytdavg_gt_lyytdavg,0.1957840664050754,0.1541547522146991,0.0416293141903763,-0.5190441814788431,0.493411420204978,13.38,59.00350877192982
PB_qb0of3__DEBTRATIO_qb2of3__C8_EPS_DYN_riseq1__v0,PB_qb0of3__DEBTRATIO_qb2of3,C8_EPS_DYN_riseq1,0.1957630341511829,0.18635950857908368,0.009403525572099225,-0.5627473212505337,0.5136318407960199,15.09,90.78245614035087
P_IC_qb0of3__DEBTRATIO_qb1of3__C7_ROE_DYN_ytdavg_gt_lyavg__v0,P_IC_qb0of3__DEBTRATIO_qb1of3,C7_ROE_DYN_ytdavg_gt_lyavg,0.1957365559929234,0.17820977128879134,0.017526784704132048,-0.5460032846150298,0.5244122965641953,14.31,57.449122807017545
EV_EBITDA_qb0of3__FCF_OI_qb1of3__C3_ROE_DYN_qmax4__v0,EV_EBITDA_qb0of3__FCF_OI_qb1of3,C3_ROE_DYN_qmax4,0.1957037776852002,0.1588416616824344,0.03686211600276579,-0.5150743248789142,0.5162980209545984,14.26,48.7442748091603
PB_qb0of3__ROIC_qb1of3__C14_EPS_DYN_ytdavg_gt_lyavg__v0,PB_qb0of3__ROIC_qb1of3,C14_EPS_DYN_ytdavg_gt_lyavg,0.19563829372374908,0.18223831681550728,0.013399976908241795,-0.4903259130233889,0.5248242062646494,14.19,93.63157894736842
MOM_qb2of3__FCF_P_qb2of3__C12_EPS_DYN_yoy__v0,MOM_qb2of3__FCF_P_qb2of3,C12_EPS_DYN_yoy,0.19560558284698293,0.15540904841423941,0.040196534432743514,-0.6029324710125741,0.5095541401273885,15.96,96.728
PB_qb1of3__ROE_qb2of3__C1_ROE_DYN_riseq1__v0,PB_qb1of3__ROE_qb2of3,C1_ROE_DYN_riseq1,0.19554756832582343,0.17368474528587585,0.021862823039947576,-0.5305566649555329,0.51440329218107,15.89,90.85263157894737
PB_qb0of3__PS_qb0of3__None__v0,PB_qb0of3__PS_qb0of3,None,0.19552828855051252,0.19552828855051252,0.0,-0.5673547855603668,0.6203608247422681,15.05,256.0875420875421
EV_S_qb0of3__MOM_qb2of3__None__v0,EV_S_qb0of3__MOM_qb2of3,None,0.1955004527469444,0.1955004527469444,0.0,-0.6309531961281287,0.48765850353305584,13.59,156.6161616161616
PS_qb0of3__FCF_OI_qb1of3__C12_EPS_DYN_yoy__v0,PS_qb0of3__FCF_OI_qb1of3,C12_EPS_DYN_yoy,0.1954804308230076,0.1602886894689004,0.03519174135410719,-0.5234475150593039,0.49899177912207227,15.47,118.62
P_IC_qb0of3__ROIC_qb2of3__C3_ROE_DYN_qmax4__v0,P_IC_qb0of3__ROIC_qb2of3,C3_ROE_DYN_qmax4,0.19539726432717708,0.17524597133334008,0.020151292993837,-0.41832306512238593,0.5141414141414141,14.78,26.072519083969464
P_IC_qb1of3__ROE_qb2of3__C4_ROE_DYN_qmax8__v0,P_IC_qb1of3__ROE_qb2of3,C4_ROE_DYN_qmax8,0.19534592045125354,0.15952276167140345,0.035823158779850095,-0.48887413217484665,0.5173410404624278,18.66,38.79399141630901
PB_qb0of3__OCF_E_qb2of3__C14_EPS_DYN_ytdavg_gt_lyavg__v0,PB_qb0of3__OCF_E_qb2of3,C14_EPS_DYN_ytdavg_gt_lyavg,0.1952617383536499,0.1948977085456407,0.00036402980800920304,-0.4997527059027812,0.5151862464183381,15.3,53.628070175438594
PB_qb0of3__ROE_qb1of3__C2_ROE_DYN_riseq2__v0,PB_qb0of3__ROE_qb1of3,C2_ROE_DYN_riseq2,0.1952599739487102,0.18183368727864435,0.013426286670065846,-0.5208970851359074,0.5407349491790461,14.79,117.10218978102189
EV_EBITDA_qb0of3__ROIC_qb1of3__C2_ROE_DYN_riseq2__v0,EV_EBITDA_qb0of3__ROIC_qb1of3,C2_ROE_DYN_riseq2,0.19520202231321804,0.17304387553983713,0.022158146773380905,-0.44164978726664017,0.5481862479696805,13.84,63.43795620437956
ROE_qb2of3__EV_EBITDA_qb0of3__C6_ROE_DYN_ytdavg_gt_lyytdavg__v0,ROE_qb2of3__EV_EBITDA_qb0of3,C6_ROE_DYN_ytdavg_gt_lyytdavg,0.19505392451909365,0.1751333441657017,0.019920580353391948,-0.36685804465227634,0.4946832077979619,15.25,81.78245614035087
P_IC_qb0of3__ROIC_qb2of3__C10_EPS_DYN_qmax4__v0,P_IC_qb0of3__ROIC_qb2of3,C10_EPS_DYN_qmax4,0.19503696450106878,0.17524597133334008,0.0197909931677287,-0.42033876214948207,0.5136125654450262,14.76,25.77480916030534
DEBTRATIO_qb2of3__None__C11_EPS_DYN_qmax8__v0,DEBTRATIO_qb2of3__None,C11_EPS_DYN_qmax8,0.19501740611992302,0.11247402988012434,0.08254337623979868,-0.4802860240863056,0.5045228403437358,17.41,81.21030042918454
EV_EBITDA_qb0of3__ROIC_qb1of3__C8_EPS_DYN_riseq1__v0,EV_EBITDA_qb0of3__ROIC_qb1of3,C8_EPS_DYN_riseq1,0.19496563291060176,0.17304387553983713,0.021921757370764627,-0.5157643515244239,0.5344198491851131,13.52,63.32280701754386
PS_qb0of3__ACCRUAL_qb0of3__C14_EPS_DYN_ytdavg_gt_lyavg__v0,PS_qb0of3__ACCRUAL_qb0of3,C14_EPS_DYN_ytdavg_gt_lyavg,0.194899838261398,0.1648074184621935,0.030092419799204517,-0.48040214229702016,0.490843949044586,14.54,76.92280701754386
PB_qb0of3__OCF_E_qb2of3__None__v0,PB_qb0of3__OCF_E_qb2of3,None,0.1948977085456407,0.1948977085456407,0.0,-0.5443796510072472,0.5140855349584003,16.53,109.73400673400674
P_IC_qb0of3__EV_EBITDA_qb0of3__C1_ROE_DYN_riseq1__v0,P_IC_qb0of3__EV_EBITDA_qb0of3,C1_ROE_DYN_riseq1,0.19485624737815166,0.19089426073683513,0.003961986641316528,-0.5088118609134435,0.5168721609344581,13.85,101.32280701754387
MOM_qb2of3__FCF_OI_qb1of3__C9_EPS_DYN_riseq2__v0,MOM_qb2of3__FCF_OI_qb1of3,C9_EPS_DYN_riseq2,0.19484381455641397,0.1494073362333117,0.04543647832310227,-0.6142123586011119,0.5119793084671931,14.56,99.17883211678833
PB_qb0of3__EV_EBITDA_qb0of3__None__v0,PB_qb0of3__EV_EBITDA_qb0of3,None,0.19475174231000114,0.19475174231000114,0.0,-0.5529732400565965,0.5401176977178126,15.11,207.27272727272728
PS_qb0of3__ACCRUAL_qb0of3__C9_EPS_DYN_riseq2__v0,PS_qb0of3__ACCRUAL_qb0of3,C9_EPS_DYN_riseq2,0.19472153274878456,0.1648074184621935,0.029914114286591076,-0.4399324602796322,0.49867514573396926,15.53,84.81021897810218
PB_qb0of3__None__C2_ROE_DYN_riseq2__v0,PB_qb0of3__None,C2_ROE_DYN_riseq2,0.19471646324567504,0.18050911811184078,0.01420734513383426,-0.5552834278729887,0.5434676553810128,14.99,243.43795620437956
EV_S_qb0of3__DEBTRATIO_qb0of3__C1_ROE_DYN_riseq1__v0,EV_S_qb0of3__DEBTRATIO_qb0of3,C1_ROE_DYN_riseq1,0.19467181269820255,0.1737613000797975,0.02091051261840504,-0.5740817606062076,0.5164930555555556,14.58,58.49473684210526
EV_EBITDA_qb0of3__ROIC_qb2of3__C10_EPS_DYN_qmax4__v0,EV_EBITDA_qb0of3__ROIC_qb2of3,C10_EPS_DYN_qmax4,0.19462559740091678,0.17195031758070844,0.02267527982020834,-0.38750250337794656,0.5052329160681305,16.86,75.01908396946565
ROIC_qb1of3__FCF_OI_qb1of3__C10_EPS_DYN_qmax4__v0,ROIC_qb1of3__FCF_OI_qb1of3,C10_EPS_DYN_qmax4,0.19452645842672722,0.11961040076679486,0.07491605765993237,-0.5978681664514316,0.5217788607980506,12.7,48.13740458015267
PB_qb0of3__ROIC_qb1of3__C2_ROE_DYN_riseq2__v0,PB_qb0of3__ROIC_qb1of3,C2_ROE_DYN_riseq2,0.19452330054306644,0.18223831681550728,0.012284983727559151,-0.5076746814800107,0.5373320837238363,14.9,116.73357664233576
PS_qb0of3__ROIC_qb2of3__C5_ROE_DYN_yoy__v0,PS_qb0of3__ROIC_qb2of3,C5_ROE_DYN_yoy,0.19447316982503282,0.16337747244409084,0.031095697380941978,-0.41309543349357025,0.5027665995975855,16.46,77.548
MOM_qb1of3__FCF_OI_qb1of3__C11_EPS_DYN_qmax8__v0,MOM_qb1of3__FCF_OI_qb1of3,C11_EPS_DYN_qmax8,0.1944669196601445,0.10997605163063406,0.08449086802951045,-0.6694485440439824,0.5517241379310345,16.87,21.068669527896997
OCF_E_qb2of3__ROIC_qb1of3__C11_EPS_DYN_qmax8__v0,OCF_E_qb2of3__ROIC_qb1of3,C11_EPS_DYN_qmax8,0.19446279343828032,0.10988266317424689,0.08458013026403344,-0.427666872394302,0.5297757153905646,16.67,20.25764192139738
FCF_OI_qb1of3__DEBTRATIO_qb2of3__C11_EPS_DYN_qmax8__v0,FCF_OI_qb1of3__DEBTRATIO_qb2of3,C11_EPS_DYN_qmax8,0.19446240093140332,0.11211067470469849,0.08235172622670484,-0.5908983837036239,0.5211267605633803,15.57,28.34763948497854
OCF_E_qb2of3__ROIC_qb1of3__C4_ROE_DYN_qmax8__v0,OCF_E_qb2of3__ROIC_qb1of3,C4_ROE_DYN_qmax8,0.1944440230394393,0.10988266317424689,0.08456135986519242,-0.6044113213246685,0.5301507537688442,15.97,18.1931330472103
P_IC_qb0of3__NETDEBT_EBITDA_qb1of3__C16_FCF_P_DYN_riseq2__v0,P_IC_qb0of3__NETDEBT_EBITDA_qb1of3,C16_FCF_P_DYN_riseq2,0.19439657230417184,0.1828242597650629,0.011572312539108953,-0.5880342557273281,0.5100154083204931,15.37,49.85036496350365
P_IC_qb0of3__ROIC_qb1of3__C8_EPS_DYN_riseq1__v0,P_IC_qb0of3__ROIC_qb1of3,C8_EPS_DYN_riseq1,0.19439054677085776,0.18272926888937446,0.0116612778814833,-0.5306408595142289,0.5199018538713195,14.95,114.47368421052632
PB_qb0of3__ROE_qb1of3__C7_ROE_DYN_ytdavg_gt_lyavg__v0,PB_qb0of3__ROE_qb1of3,C7_ROE_DYN_ytdavg_gt_lyavg,0.19437391287724615,0.18183368727864435,0.012540225598601795,-0.5102192284159295,0.5180928054491273,14.18,94.36491228070176
PB_qb0of3__None__C7_ROE_DYN_ytdavg_gt_lyavg__v0,PB_qb0of3__None,C7_ROE_DYN_ytdavg_gt_lyavg,0.19433984850914565,0.18050911811184078,0.013830730397304869,-0.5557295817271641,0.5362365940851479,14.03,203.35087719298247
ROIC_qb1of3__NETDEBT_EBITDA_qb2of3__C11_EPS_DYN_qmax8__v0,ROIC_qb1of3__NETDEBT_EBITDA_qb2of3,C11_EPS_DYN_qmax8,0.19428761751931933,0.11795452966567255,0.07633308785364679,-0.6067853784012687,0.5228310502283106,15.08,29.805194805194805
EV_S_qb0of3__NETDEBT_EBITDA_qb0of3__C14_EPS_DYN_ytdavg_gt_lyavg__v0,EV_S_qb0of3__NETDEBT_EBITDA_qb0of3,C14_EPS_DYN_ytdavg_gt_lyavg,0.19416889252770297,0.15451356457625898,0.039655327951444,-0.5343689511492498,0.5267097652262674,13.73,78.6140350877193
MOM_qb2of3__ROE_qb2of3__C6_ROE_DYN_ytdavg_gt_lyytdavg__v0,MOM_qb2of3__ROE_qb2of3,C6_ROE_DYN_ytdavg_gt_lyytdavg,0.19413283748459365,0.1649096027006769,0.02922323478391675,-0.5928198358734853,0.4976038338658147,14.5,113.90526315789474
MOM_qb2of3__ROE_qb2of3__C7_ROE_DYN_ytdavg_gt_lyavg__v0,MOM_qb2of3__ROE_qb2of3,C7_ROE_DYN_ytdavg_gt_lyavg,0.1941094904861067,0.1649096027006769,0.029199887785429812,-0.5842350193233898,0.4976939772110689,14.48,110.08421052631579
EV_S_qb0of3__MOM_qb2of3__C19_FCF_P_DYN_yoy__v0,EV_S_qb0of3__MOM_qb2of3,C19_FCF_P_DYN_yoy,0.19410489437661926,0.1955004527469444,-0.0013955583703251229,-0.6386995271327744,0.5147832396154544,15.17,80.904
MOM_qb2of3__DEBTRATIO_qb0of3__C10_EPS_DYN_qmax4__v0,MOM_qb2of3__DEBTRATIO_qb0of3,C10_EPS_DYN_qmax4,0.19409734076130558,0.13434664389931616,0.059750696861989416,-0.6435545212624992,0.5041322314049587,15.94,53.04961832061068
NETDEBT_EBITDA_qb2of3__None__C11_EPS_DYN_qmax8__v0,NETDEBT_EBITDA_qb2of3__None,C11_EPS_DYN_qmax8,0.19408708375172923,0.11310247772162718,0.08098460603010205,-0.5785531643902058,0.48787210584343993,17.59,65.56652360515021
EV_EBITDA_qb0of3__NETDEBT_EBITDA_qb0of3__C5_ROE_DYN_yoy__v0,EV_EBITDA_qb0of3__NETDEBT_EBITDA_qb0of3,C5_ROE_DYN_yoy,0.19398778367273684,0.14659325251889155,0.04739453115384529,-0.5784101380882983,0.5219416523657759,16.03,86.06
PB_qb0of3__ROE_qb2of3__C13_EPS_DYN_ytdavg_gt_lyytdavg__v0,PB_qb0of3__ROE_qb2of3,C13_EPS_DYN_ytdavg_gt_lyytdavg,0.19394822483489094,0.20669866335001674,-0.012750438515125806,-0.6572787944923257,0.5093632958801498,15.46,33.105839416058394
MOM_qb2of3__FCF_OI_qb2of3__C5_ROE_DYN_yoy__v0,MOM_qb2of3__FCF_OI_qb2of3,C5_ROE_DYN_yoy,0.1939454609428901,0.13351239190976916,0.060433069033120956,-0.6272523985860236,0.5061788617886179,16.55,84.912
EV_S_qb0of3__EV_EBITDA_qb0of3__C8_EPS_DYN_riseq1__v0,EV_S_qb0of3__EV_EBITDA_qb0of3,C8_EPS_DYN_riseq1,0.1939350969424447,0.17809224021688452,0.015842856725560184,-0.5067704388505886,0.515147752669481,13.86,133.57894736842104
P_IC_qb0of3__DEBTRATIO_qb1of3__C2_ROE_DYN_riseq2__v0,P_IC_qb0of3__DEBTRATIO_qb1of3,C2_ROE_DYN_riseq2,0.19392217823368663,0.17820977128879134,0.015712406944895285,-0.5097467437512586,0.5354449472096531,15.28,69.49270072992701
PS_qb0of3__ROIC_qb1of3__C12_EPS_DYN_yoy__v0,PS_qb0of3__ROIC_qb1of3,C12_EPS_DYN_yoy,0.19379907594684376,0.16094874682218596,0.032850329124657796,-0.5221833454379226,0.5069356872635561,14.81,115.744
P_IC_qb0of3__None__C2_ROE_DYN_riseq2__v0,P_IC_qb0of3__None,C2_ROE_DYN_riseq2,0.19376622046566028,0.17867438611691733,0.01509183434874295,-0.5442072668831544,0.5374775134919049,15.05,242.7810218978102
ROE_qb2of3__EV_EBITDA_qb0of3__C11_EPS_DYN_qmax8__v0,ROE_qb2of3__EV_EBITDA_qb0of3,C11_EPS_DYN_qmax8,0.1937655359771444,0.1751333441657017,0.01863219181144271,-0.44524804878008184,0.509377791009229,19.77,55.72532188841202
MOM_qb2of3__ROIC_qb2of3__C2_ROE_DYN_riseq2__v0,MOM_qb2of3__ROIC_qb2of3,C2_ROE_DYN_riseq2,0.1937167550014698,0.15843219174837309,0.0352845632530967,-0.6339372233996234,0.5107264748902974,15.37,122.73357664233576
EV_S_qb0of3__NETDEBT_EBITDA_qb2of3__C2_ROE_DYN_riseq2__v0,EV_S_qb0of3__NETDEBT_EBITDA_qb2of3,C2_ROE_DYN_riseq2,0.1936979231305398,0.1541547522146991,0.0395431709158407,-0.5547291023614525,0.5030529172320217,13.71,64.10218978102189
EV_S_qb1of3__ACCRUAL_qb1of3__C11_EPS_DYN_qmax8__v0,EV_S_qb1of3__ACCRUAL_qb1of3,C11_EPS_DYN_qmax8,0.19368519489684544,0.11256341933953151,0.08112177555731392,-0.6609853486550846,0.5211352657004831,17.74,24.824034334763947
MOM_qb2of3__ACCRUAL_qb1of3__C11_EPS_DYN_qmax8__v0,MOM_qb2of3__ACCRUAL_qb1of3,C11_EPS_DYN_qmax8,0.19364522010405083,0.13564208643476539,0.058003133669285445,-0.6951189784660494,0.5170614211160177,15.67,36.93562231759657
P_IC_qb0of3__DEBTRATIO_qb1of3__C11_EPS_DYN_qmax8__v0,P_IC_qb0of3__DEBTRATIO_qb1of3,C11_EPS_DYN_qmax8,0.19356841957062754,0.17820977128879134,0.015358648281836196,-0.6125685549229793,0.5275720164609053,15.12,19.545064377682404
PB_qb0of3__FCF_OI_qb1of3__C8_EPS_DYN_riseq1__v0,PB_qb0of3__FCF_OI_qb1of3,C8_EPS_DYN_riseq1,0.19355213253844483,0.18925522121144955,0.0042969113269952786,-0.5681885135762026,0.5143210749646393,14.1,82.02105263157895
PS_qb0of3__NETDEBT_EBITDA_qb2of3__C10_EPS_DYN_qmax4__v0,PS_qb0of3__NETDEBT_EBITDA_qb2of3,C10_EPS_DYN_qmax4,0.1935401400170056,0.16108156841581445,0.032458571601191144,-0.5609469249546375,0.5026809651474531,13.76,65.12595419847328
P_IC_qb0of3__FCF_P_qb1of3__C4_ROE_DYN_qmax8__v0,P_IC_qb0of3__FCF_P_qb1of3,C4_ROE_DYN_qmax8,0.1935109362270342,0.17643282368710866,0.017078112539925527,-0.774580046451895,0.5466200466200466,13.64,12.313304721030043
EV_S_qb0of3__FCF_OI_qb1of3__C3_ROE_DYN_qmax4__v0,EV_S_qb0of3__FCF_OI_qb1of3,C3_ROE_DYN_qmax4,0.1934346749360496,0.1576248487356633,0.03580982620038631,-0.4800897172926859,0.5237677984665936,13.42,67.0
P_IC_qb0of3__ROE_qb2of3__C10_EPS_DYN_qmax4__v0,P_IC_qb0of3__ROE_qb2of3,C10_EPS_DYN_qmax4,0.1934258872786221,0.20973001630778976,-0.01630412902916767,-0.45860942421216144,0.5341337907375643,14.9,42.62213740458015
MOM_qb2of3__ROE_qb2of3__C18_FCF_P_DYN_qmax8__v0,MOM_qb2of3__ROE_qb2of3,C18_FCF_P_DYN_qmax8,0.1933840721370026,0.1649096027006769,0.0284744694363257,-0.7322163903301827,0.4680249009620826,18.71,22.65938864628821
PB_qb0of3__DEBTRATIO_qb2of3__C1_ROE_DYN_riseq1__v0,PB_qb0of3__DEBTRATIO_qb2of3,C1_ROE_DYN_riseq1,0.1933831604166345,0.18635950857908368,0.007023651837550826,-0.5732669786234459,0.5182643794147326,14.89,90.3859649122807
PB_qb0of3__NETDEBT_EBITDA_qb0of3__C1_ROE_DYN_riseq1__v0,PB_qb0of3__NETDEBT_EBITDA_qb0of3,C1_ROE_DYN_riseq1,0.1933565798418162,0.18598838212849822,0.007368197713317981,-0.5567602718350314,0.5244907856450048,14.54,69.60701754385966
ROE_qb1of3__EV_EBITDA_qb0of3__C11_EPS_DYN_qmax8__v0,ROE_qb1of3__EV_EBITDA_qb0of3,C11_EPS_DYN_qmax8,0.19332277566958878,0.16753762281561357,0.025785152853975202,-0.5269691605391471,0.5405610310841547,13.33,21.433476394849784
P_IC_qb0of3__OCF_E_qb2of3__C13_EPS_DYN_ytdavg_gt_lyytdavg__v0,P_IC_qb0of3__OCF_E_qb2of3,C13_EPS_DYN_ytdavg_gt_lyytdavg,0.1933162200413734,0.18169077162055913,0.011625448420814255,-0.4996981475032022,0.5123456790123457,14.79,67.38947368421053
OCF_E_qb2of3__ACCRUAL_qb0of3__C11_EPS_DYN_qmax8__v0,OCF_E_qb2of3__ACCRUAL_qb0of3,C11_EPS_DYN_qmax8,0.19326377565824604,0.1085860393522513,0.08467773630599473,-0.49819857687359803,0.5097087378640777,18.23,57.92274678111588
EV_EBITDA_qb0of3__ROIC_qb2of3__C13_EPS_DYN_ytdavg_gt_lyytdavg__v0,EV_EBITDA_qb0of3__ROIC_qb2of3,C13_EPS_DYN_ytdavg_gt_lyytdavg,0.19319585973870446,0.17195031758070844,0.02124554215799601,-0.40378619026871887,0.48455850369725967,15.23,85.09122807017543
PB_qb1of3__ROE_qb2of3__C10_EPS_DYN_qmax4__v0,PB_qb1of3__ROE_qb2of3,C10_EPS_DYN_qmax4,0.1931799070560385,0.17368474528587585,0.01949516177016264,-0.4751846886663518,0.5311371841155235,16.09,65.83969465648855
ROE_qb2of3__EV_EBITDA_qb0of3__C10_EPS_DYN_qmax4__v0,ROE_qb2of3__EV_EBITDA_qb0of3,C10_EPS_DYN_qmax4,0.1931013603051681,0.1751333441657017,0.017968016139466414,-0.36614231306170963,0.5056703118671527,16.96,75.88931297709924
ROE_qb2of3__None__C4_ROE_DYN_qmax8__v0,ROE_qb2of3__None,C4_ROE_DYN_qmax8,0.1930945899122809,0.10857200626884822,0.08452258364343268,-0.47972275681499266,0.5069177007559549,19.19,119.93991416309012
MOM_qb2of3__DEBTRATIO_qb2of3__C11_EPS_DYN_qmax8__v0,MOM_qb2of3__DEBTRATIO_qb2of3,C11_EPS_DYN_qmax8,0.19306779803766538,0.1409681494808137,0.052099648556851674,-0.569785717360415,0.4964871194379391,16.5,40.927038626609445
PS_qb0of3__NETDEBT_EBITDA_qb2of3__C12_EPS_DYN_yoy__v0,PS_qb0of3__NETDEBT_EBITDA_qb2of3,C12_EPS_DYN_yoy,0.1930041540313967,0.16108156841581445,0.031922585615582255,-0.5603645525267338,0.48579413134606425,15.18,114.008
P_IC_qb0of3__PS_qb0of3__C8_EPS_DYN_riseq1__v0,P_IC_qb0of3__PS_qb0of3,C8_EPS_DYN_riseq1,0.19297918445612527,0.1876102576683254,0.005368926787799877,-0.5376183162037398,0.5058526509065872,14.09,160.8421052631579
PB_qb1of3__NETDEBT_EBITDA_qb0of3__C10_EPS_DYN_qmax4__v0,PB_qb1of3__NETDEBT_EBITDA_qb0of3,C10_EPS_DYN_qmax4,0.19282100815614012,0.11510738211040183,0.07771362604573828,-0.592999076267601,0.5272564789991063,15.59,35.01908396946565
EV_S_qb0of3__EV_EBITDA_qb0of3__C1_ROE_DYN_riseq1__v0,EV_S_qb0of3__EV_EBITDA_qb0of3,C1_ROE_DYN_riseq1,0.19278825835745206,0.17809224021688452,0.014696018140567535,-0.49526164499818803,0.5160465413629971,14.01,128.7017543859649
EV_S_qb0of3__NETDEBT_EBITDA_qb2of3__C9_EPS_DYN_riseq2__v0,EV_S_qb0of3__NETDEBT_EBITDA_qb2of3,C9_EPS_DYN_riseq2,0.1927622962209905,0.1541547522146991,0.038607544006291405,-0.5113742738867959,0.4993252361673414,14.05,64.81021897810218
PS_qb0of3__NETDEBT_EBITDA_qb2of3__C5_ROE_DYN_yoy__v0,PS_qb0of3__NETDEBT_EBITDA_qb2of3,C5_ROE_DYN_yoy,0.19275174193241296,0.16108156841581445,0.03167017351659851,-0.5690493817013895,0.4863840871418423,15.32,112.644
P_IC_qb0of3__MOM_qb2of3__C1_ROE_DYN_riseq1__v0,P_IC_qb0of3__MOM_qb2of3,C1_ROE_DYN_riseq1,0.19274327867321173,0.18134305708824927,0.011400221584962456,-0.6720053109269453,0.5112270027524265,13.46,92.1438596491228
PS_qb0of3__NETDEBT_EBITDA_qb0of3__C3_ROE_DYN_qmax4__v0,PS_qb0of3__NETDEBT_EBITDA_qb0of3,C3_ROE_DYN_qmax4,0.19268436669009437,0.1623346227872262,0.030349743902868154,-0.5402044811967617,0.5195497630331753,14.33,26.34732824427481
MOM_qb2of3__ROIC_qb2of3__C17_FCF_P_DYN_qmax4__v0,MOM_qb2of3__ROIC_qb2of3,C17_FCF_P_DYN_qmax4,0.1926783832172656,0.15843219174837309,0.03424619146889252,-0.6399236146750862,0.47046186895810954,15.14,42.904580152671755
OCF_E_qb1of3__EV_EBITDA_qb0of3__C13_EPS_DYN_ytdavg_gt_lyytdavg__v0,OCF_E_qb1of3__EV_EBITDA_qb0of3,C13_EPS_DYN_ytdavg_gt_lyytdavg,0.192612163834611,0.1611145807766723,0.031497583057938705,-0.5322156062787112,0.49332083430981954,14.48,62.589473684210525
PB_qb0of3__ROIC_qb1of3__C7_ROE_DYN_ytdavg_gt_lyavg__v0,PB_qb0of3__ROIC_qb1of3,C7_ROE_DYN_ytdavg_gt_lyavg,0.1926059863431826,0.18223831681550728,0.010367669527675316,-0.4900933617867831,0.5200169455623809,14.29,94.6
P_IC_qb0of3__DEBTRATIO_qb1of3__C5_ROE_DYN_yoy__v0,P_IC_qb0of3__DEBTRATIO_qb1of3,C5_ROE_DYN_yoy,0.19260158461602694,0.17820977128879134,0.014391813327235603,-0.5626385009245851,0.5028169014084507,15.94,65.436
PS_qb0of3__DEBTRATIO_qb0of3__C5_ROE_DYN_yoy__v0,PS_qb0of3__DEBTRATIO_qb0of3,C5_ROE_DYN_yoy,0.19252397710508395,0.16454566385826408,0.027978313246819875,-0.5309998512051033,0.5400616332819723,16.2,28.784
EV_S_qb0of3__NETDEBT_EBITDA_qb0of3__C7_ROE_DYN_ytdavg_gt_lyavg__v0,EV_S_qb0of3__NETDEBT_EBITDA_qb0of3,C7_ROE_DYN_ytdavg_gt_lyavg,0.19247258446429383,0.15451356457625898,0.03795901988803485,-0.5339767863329041,0.5309888579387186,13.55,76.14736842105263
PB_qb1of3__None__C4_ROE_DYN_qmax8__v0,PB_qb1of3__None,C4_ROE_DYN_qmax8,0.19242164557923402,0.1059915100055453,0.08643013557368873,-0.5991136553655392,0.5183747412008282,15.85,63.39055793991416
PB_qb0of3__ROIC_qb1of3__C10_EPS_DYN_qmax4__v0,PB_qb0of3__ROIC_qb1of3,C10_EPS_DYN_qmax4,0.1924136587666383,0.18223831681550728,0.010175341951131012,-0.4819764849842303,0.535594839942666,14.25,65.5381679389313
P_IC_qb0of3__EV_S_qb0of3__C8_EPS_DYN_riseq1__v0,P_IC_qb0of3__EV_S_qb0of3,C8_EPS_DYN_riseq1,0.19235548894360832,0.1851690280562388,0.007186460887369517,-0.5220109905725643,0.518910741301059,13.87,132.21052631578948
P_IC_qb0of3__ROE_qb2of3__C16_FCF_P_DYN_riseq2__v0,P_IC_qb0of3__ROE_qb2of3,C16_FCF_P_DYN_riseq2,0.19233905686597597,0.20973001630778976,-0.01739095944181379,-0.5352444772835121,0.5114698385726423,14.83,35.91970802919708
MOM_qb2of3__ACCRUAL_qb0of3__C8_EPS_DYN_riseq1__v0,MOM_qb2of3__ACCRUAL_qb0of3,C8_EPS_DYN_riseq1,0.19232453240987613,0.15172057801880778,0.04060395439106834,-0.6522749289371477,0.5059692114357525,14.32,77.51929824561404
EV_EBITDA_qb0of3__ROIC_qb1of3__C13_EPS_DYN_ytdavg_gt_lyytdavg__v0,EV_EBITDA_qb0of3__ROIC_qb1of3,C13_EPS_DYN_ytdavg_gt_lyytdavg,0.19227073708571019,0.17304387553983713,0.019226861545873053,-0.45925909319631486,0.523202614379085,13.44,55.80701754385965
EV_EBITDA_qb0of3__FCF_OI_qb1of3__C6_ROE_DYN_ytdavg_gt_lyytdavg__v0,EV_EBITDA_qb0of3__FCF_OI_qb1of3,C6_ROE_DYN_ytdavg_gt_lyytdavg,0.19226996110337957,0.1588416616824344,0.03342829942094516,-0.5157970365457832,0.4856650140116404,14.1,69.26315789473684
PB_qb1of3__ROIC_qb2of3__C4_ROE_DYN_qmax8__v0,PB_qb1of3__ROIC_qb2of3,C4_ROE_DYN_qmax8,0.19226965698814236,0.15726720889947043,0.03500244808867192,-0.5543148604663919,0.5254032258064516,17.76,38.27038626609442
MOM_qb2of3__DEBTRATIO_qb2of3__C9_EPS_DYN_riseq2__v0,MOM_qb2of3__DEBTRATIO_qb2of3,C9_EPS_DYN_riseq2,0.1922572135526388,0.1409681494808137,0.0512890640718251,-0.6391542995533294,0.48284789644012943,15.04,94.7956204379562
MOM_qb2of3__FCF_OI_qb1of3__C7_ROE_DYN_ytdavg_gt_lyavg__v0,MOM_qb2of3__FCF_OI_qb1of3,C7_ROE_DYN_ytdavg_gt_lyavg,0.1922355331600909,0.1494073362333117,0.042828196926779194,-0.6187402834583602,0.49421261041730125,13.6,84.21754385964913
EV_EBITDA_qb1of3__None__C4_ROE_DYN_qmax8__v0,EV_EBITDA_qb1of3__None,C4_ROE_DYN_qmax8,0.19223447368800062,0.12168343275173998,0.07055104093626063,-0.6588467654580312,0.5192748489268597,16.8,77.02145922746782
MOM_qb2of3__FCF_P_qb2of3__C10_EPS_DYN_qmax4__v0,MOM_qb2of3__FCF_P_qb2of3,C10_EPS_DYN_qmax4,0.19207047925562826,0.15540904841423941,0.03666143084138884,-0.5980216405294595,0.5298507462686567,15.56,59.083969465648856
PB_qb0of3__NETDEBT_EBITDA_qb0of3__C10_EPS_DYN_qmax4__v0,PB_qb0of3__NETDEBT_EBITDA_qb0of3,C10_EPS_DYN_qmax4,0.19206042620161523,0.18598838212849822,0.006072044073117011,-0.5909175631363103,0.5318860244233379,13.35,36.225190839694655
ROE_qb2of3__EV_EBITDA_qb0of3__C18_FCF_P_DYN_qmax8__v0,ROE_qb2of3__EV_EBITDA_qb0of3,C18_FCF_P_DYN_qmax8,0.19205506918202397,0.1751333441657017,0.016921725016322275,-0.6127842282587079,0.47653429602888087,17.99,15.390557939914164
PS_qb0of3__DEBTRATIO_qb1of3__C5_ROE_DYN_yoy__v0,PS_qb0of3__DEBTRATIO_qb1of3,C5_ROE_DYN_yoy,0.192018153790525,0.16164172783718755,0.03037642595333745,-0.535321023347876,0.49033683048039756,16.31,83.62
PS_qb0of3__OCF_E_qb1of3__C3_ROE_DYN_qmax4__v0,PS_qb0of3__OCF_E_qb1of3,C3_ROE_DYN_qmax4,0.1919755736468105,0.16105240877452465,0.030923164872285858,-0.5618897696384946,0.527476373818691,14.24,40.49618320610687
P_IC_qb0of3__FCF_OI_qb1of3__C8_EPS_DYN_riseq1__v0,P_IC_qb0of3__FCF_OI_qb1of3,C8_EPS_DYN_riseq1,0.19196178929409657,0.1841328203450041,0.007828968949092463,-0.5515927554442636,0.5084653194975424,14.04,79.67368421052632
EV_S_qb1of3__FCF_OI_qb2of3__C11_EPS_DYN_qmax8__v0,EV_S_qb1of3__FCF_OI_qb2of3,C11_EPS_DYN_qmax8,0.19192314048829462,0.10909170051585249,0.08283143997244213,-0.6476109927635875,0.5036619718309859,17.72,25.901287553648068
ROE_qb2of3__EV_EBITDA_qb0of3__C7_ROE_DYN_ytdavg_gt_lyavg__v0,ROE_qb2of3__EV_EBITDA_qb0of3,C7_ROE_DYN_ytdavg_gt_lyavg,0.19191760959794468,0.1751333441657017,0.016784265432242984,-0.3569022030891138,0.48403107466551576,15.42,81.41754385964913
PB_qb0of3__ROE_qb1of3__C14_EPS_DYN_ytdavg_gt_lyavg__v0,PB_qb0of3__ROE_qb1of3,C14_EPS_DYN_ytdavg_gt_lyavg,0.19190809089293914,0.18183368727864435,0.010074403614294791,-0.5154769769331256,0.518408171951479,14.38,93.87719298245614
EV_S_qb0of3__FCF_OI_qb1of3__C14_EPS_DYN_ytdavg_gt_lyavg__v0,EV_S_qb0of3__FCF_OI_qb1of3,C14_EPS_DYN_ytdavg_gt_lyavg,0.1918896412467752,0.1576248487356633,0.03426479251111192,-0.4769048933165154,0.49514899514899513,13.67,106.96491228070175
PS_qb0of3__FCF_OI_qb1of3__C7_ROE_DYN_ytdavg_gt_lyavg__v0,PS_qb0of3__FCF_OI_qb1of3,C7_ROE_DYN_ytdavg_gt_lyavg,0.19182973163369543,0.1602886894689004,0.03154104216479503,-0.5021556605248425,0.4968855668268375,13.91,102.27368421052631
OCF_E_qb1of3__EV_EBITDA_qb0of3__C12_EPS_DYN_yoy__v0,OCF_E_qb1of3__EV_EBITDA_qb0of3,C12_EPS_DYN_yoy,0.19178198708632999,0.1611145807766723,0.030667406309657697,-0.5448329347919351,0.5094760312151616,16.2,69.528
PS_qb0of3__OCF_E_qb1of3__C7_ROE_DYN_ytdavg_gt_lyavg__v0,PS_qb0of3__OCF_E_qb1of3,C7_ROE_DYN_ytdavg_gt_lyavg,0.1917648108896013,0.16105240877452465,0.030712402115076642,-0.5086135845345305,0.5078481012658228,14.27,61.94385964912281
ROE_qb2of3__FCF_P_qb2of3__C11_EPS_DYN_qmax8__v0,ROE_qb2of3__FCF_P_qb2of3,C11_EPS_DYN_qmax8,0.19174432678469655,0.12202542765864322,0.06971889912605334,-0.4993670823158184,0.514540647719762,19.28,44.832618025751074
EV_S_qb1of3__DEBTRATIO_qb2of3__C11_EPS_DYN_qmax8__v0,EV_S_qb1of3__DEBTRATIO_qb2of3,C11_EPS_DYN_qmax8,0.1917010647957984,0.11423945981814065,0.07746160497765775,-0.6110488783244472,0.4922535211267606,16.4,23.888412017167383
EV_EBITDA_qb1of3__NETDEBT_EBITDA_qb2of3__C11_EPS_DYN_qmax8__v0,EV_EBITDA_qb1of3__NETDEBT_EBITDA_qb2of3,C11_EPS_DYN_qmax8,0.19167741963893592,0.14627716761851484,0.045400252020421084,-0.652933460868625,0.5065922920892495,18.11,32.377682403433475
P_IC_qb0of3__OCF_E_qb2of3__C14_EPS_DYN_ytdavg_gt_lyavg__v0,P_IC_qb0of3__OCF_E_qb2of3,C14_EPS_DYN_ytdavg_gt_lyavg,0.1916574004907785,0.18169077162055913,0.009966628870219374,-0.5047108203980981,0.514510575504181,14.78,65.30526315789474
PS_qb0of3__MOM_qb2of3__C8_EPS_DYN_riseq1__v0,PS_qb0of3__MOM_qb2of3,C8_EPS_DYN_riseq1,0.1916206636861577,0.18527143734118923,0.006349226344968484,-0.6511208411971705,0.5093260721579306,13.45,100.27719298245614
EV_S_qb0of3__OCF_E_qb1of3__C6_ROE_DYN_ytdavg_gt_lyytdavg__v0,EV_S_qb0of3__OCF_E_qb1of3,C6_ROE_DYN_ytdavg_gt_lyytdavg,0.1916170612096071,0.1599721772341416,0.0316448839754655,-0.5058018986344821,0.5125808770668584,14.29,65.65263157894736
P_IC_qb0of3__DEBTRATIO_qb1of3__C6_ROE_DYN_ytdavg_gt_lyytdavg__v0,P_IC_qb0of3__DEBTRATIO_qb1of3,C6_ROE_DYN_ytdavg_gt_lyytdavg,0.1916166994409192,0.17820977128879134,0.01340692815212785,-0.5402223077104749,0.5131182795698924,14.61,60.37894736842105
FCF_OI_qb1of3__FCF_P_qb2of3__C4_ROE_DYN_qmax8__v0,FCF_OI_qb1of3__FCF_P_qb2of3,C4_ROE_DYN_qmax8,0.1915794246532001,0.1661308330210336,0.025448591632166506,-0.6164888075013935,0.5461538461538461,14.59,14.803493449781659
OCF_E_qb2of3__FCF_P_qb0of3__C3_ROE_DYN_qmax4__v0,OCF_E_qb2of3__FCF_P_qb0of3,C3_ROE_DYN_qmax4,0.1915306941527044,0.10663543740601678,0.08489525674668763,-0.4890025795338635,0.48792270531400966,18.02,39.36641221374046
PB_qb0of3__EV_S_qb0of3__None__v0,PB_qb0of3__EV_S_qb0of3,None,0.19152523498206686,0.19152523498206686,0.0,-0.5475926408420828,0.616516762060507,15.07,241.83838383838383
EV_S_qb0of3__MOM_qb2of3__C15_FCF_P_DYN_riseq1__v0,EV_S_qb0of3__MOM_qb2of3,C15_FCF_P_DYN_riseq1,0.19152250298899776,0.1955004527469444,-0.0039779497579466305,-0.6230109751533297,0.48897984886649876,13.92,76.13333333333334
EV_EBITDA_qb0of3__FCF_OI_qb1of3__C9_EPS_DYN_riseq2__v0,EV_EBITDA_qb0of3__FCF_OI_qb1of3,C9_EPS_DYN_riseq2,0.1914964189735353,0.1588416616824344,0.0326547572911009,-0.5028890848704002,0.5044183949504057,14.48,84.00729927007299
EV_EBITDA_qb0of3__None__C12_EPS_DYN_yoy__v0,EV_EBITDA_qb0of3__None,C12_EPS_DYN_yoy,0.19148871841981752,0.1454246752563002,0.04606404316351731,-0.5207362958857538,0.4908421537045559,16.83,244.452
FCF_OI_qb1of3__FCF_P_qb2of3__C9_EPS_DYN_riseq2__v0,FCF_OI_qb1of3__FCF_P_qb2of3,C9_EPS_DYN_riseq2,0.1914823753146302,0.1661308330210336,0.025351542293596596,-0.47973171291439376,0.5035582123541132,14.99,47.07664233576642
PB_qb0of3__PS_qb0of3__C8_EPS_DYN_riseq1__v0,PB_qb0of3__PS_qb0of3,C8_EPS_DYN_riseq1,0.19146491163321167,0.19552828855051252,-0.004063376917300854,-0.5601408087587363,0.5119001672455937,14.36,141.01754385964912
PS_qb0of3__OCF_E_qb1of3__C14_EPS_DYN_ytdavg_gt_lyavg__v0,PS_qb0of3__OCF_E_qb1of3,C14_EPS_DYN_ytdavg_gt_lyavg,0.19146371373176274,0.16105240877452465,0.030411304957238094,-0.5158141073828473,0.5044718394972202,14.64,64.30526315789474
PB_qb0of3__None__C10_EPS_DYN_qmax4__v0,PB_qb0of3__None,C10_EPS_DYN_qmax4,0.19141261858298964,0.18050911811184078,0.010903500471148853,-0.5382342663297859,0.5318563024158217,14.38,138.01908396946564
P_IC_qb0of3__MOM_qb2of3__C8_EPS_DYN_riseq1__v0,P_IC_qb0of3__MOM_qb2of3,C8_EPS_DYN_riseq1,0.1913932152994009,0.18134305708824927,0.010050158211151627,-0.6598651490458161,0.5055688707176089,13.72,95.36140350877193
FCF_OI_qb1of3__FCF_P_qb2of3__C5_ROE_DYN_yoy__v0,FCF_OI_qb1of3__FCF_P_qb2of3,C5_ROE_DYN_yoy,0.1913815949170541,0.1661308330210336,0.02525076189602049,-0.5533661346666643,0.4998473282442748,14.9,46.596
EV_S_qb0of3__NETDEBT_EBITDA_qb2of3__C13_EPS_DYN_ytdavg_gt_lyytdavg__v0,EV_S_qb0of3__NETDEBT_EBITDA_qb2of3,C13_EPS_DYN_ytdavg_gt_lyytdavg,0.19137095286824368,0.1541547522146991,0.037216200653544584,-0.5056111069397172,0.4854368932038835,13.65,60.824561403508774
PB_qb0of3__EV_S_qb0of3__C8_EPS_DYN_riseq1__v0,PB_qb0of3__EV_S_qb0of3,C8_EPS_DYN_riseq1,0.19135917577618522,0.19152523498206686,-0.00016605920588164125,-0.540766676254463,0.517375553468402,14.32,133.18947368421053
EV_EBITDA_qb0of3__DEBTRATIO_qb2of3__C11_EPS_DYN_qmax8__v0,EV_EBITDA_qb0of3__DEBTRATIO_qb2of3,C11_EPS_DYN_qmax8,0.191333049104623,0.14301532522542537,0.04831772387919764,-0.4882497899318,0.5039287585123101,15.78,31.506437768240342
PS_qb0of3__EV_EBITDA_qb0of3__None__v0,PS_qb0of3__EV_EBITDA_qb0of3,None,0.19132612263680127,0.19132612263680127,0.0,-0.507684504254905,0.5051694428489374,14.79,183.84848484848484
PB_qb0of3__None__C14_EPS_DYN_ytdavg_gt_lyavg__v0,PB_qb0of3__None,C14_EPS_DYN_ytdavg_gt_lyavg,0.19128353484558902,0.18050911811184078,0.010774416733748238,-0.5577822509171504,0.5347255181142224,14.43,209.4701754385965
MOM_qb2of3__FCF_P_qb2of3__C6_ROE_DYN_ytdavg_gt_lyytdavg__v0,MOM_qb2of3__FCF_P_qb2of3,C6_ROE_DYN_ytdavg_gt_lyytdavg,0.19124170596733436,0.15540904841423941,0.03583265755309495,-0.5915098635674194,0.5154052772949913,14.12,77.71228070175438
P_IC_qb0of3__ROIC_qb1of3__C1_ROE_DYN_riseq1__v0,P_IC_qb0of3__ROIC_qb1of3,C1_ROE_DYN_riseq1,0.19117945262440772,0.18272926888937446,0.008450183735033256,-0.5421463115079723,0.519428495126185,15.0,116.73333333333333
EV_EBITDA_qb0of3__NETDEBT_EBITDA_qb0of3__C9_EPS_DYN_riseq2__v0,EV_EBITDA_qb0of3__NETDEBT_EBITDA_qb0of3,C9_EPS_DYN_riseq2,0.19115839012750313,0.14659325251889155,0.04456513760861158,-0.5533675517633951,0.5390326686465846,14.48,94.38686131386861
PS_qb0of3__DEBTRATIO_qb0of3__C12_EPS_DYN_yoy__v0,PS_qb0of3__DEBTRATIO_qb0of3,C12_EPS_DYN_yoy,0.1911056988451596,0.16454566385826408,0.02656003498689552,-0.5288685478363293,0.5294556301267711,16.23,29.524
EV_S_qb0of3__OCF_E_qb1of3__C9_EPS_DYN_riseq2__v0,EV_S_qb0of3__OCF_E_qb1of3,C9_EPS_DYN_riseq2,0.1910949371903865,0.1599721772341416,0.031122759956244916,-0.494083454105242,0.5375332378809573,14.33,76.08759124087591
MOM_qb2of3__EV_EBITDA_qb0of3__C1_ROE_DYN_riseq1__v0,MOM_qb2of3__EV_EBITDA_qb0of3,C1_ROE_DYN_riseq1,0.19098110046004657,0.17816366229087532,0.012817438169171247,-0.6605593230640401,0.5138236107271219,13.36,95.02456140350877
PB_qb0of3__NETDEBT_EBITDA_qb0of3__C8_EPS_DYN_riseq1__v0,PB_qb0of3__NETDEBT_EBITDA_qb0of3,C8_EPS_DYN_riseq1,0.1909652949639984,0.18598838212849822,0.004976912835500169,-0.5641154425581505,0.527537663620647,14.8,68.49824561403508
PB_qb1of3__ROE_qb2of3__C5_ROE_DYN_yoy__v0,PB_qb1of3__ROE_qb2of3,C5_ROE_DYN_yoy,0.19090439839002937,0.17368474528587585,0.01721965310415352,-0.5035811693947758,0.5195801372628179,16.53,96.564
P_IC_qb0of3__EV_EBITDA_qb0of3__None__v0,P_IC_qb0of3__EV_EBITDA_qb0of3,None,0.19089426073683513,0.19089426073683513,0.0,-0.5362828748333781,0.5187529672416522,14.9,197.8080808080808
EV_EBITDA_qb0of3__DEBTRATIO_qb1of3__C3_ROE_DYN_qmax4__v0,EV_EBITDA_qb0of3__DEBTRATIO_qb1of3,C3_ROE_DYN_qmax4,0.1908752457297671,0.1453333100047871,0.04554193572498,-0.5710920993254809,0.5107638888888889,15.32,44.156488549618324
PB_qb0of3__ACCRUAL_qb0of3__C11_EPS_DYN_qmax8__v0,PB_qb0of3__ACCRUAL_qb0of3,C11_EPS_DYN_qmax8,0.19086790006236565,0.17652061393823848,0.014347286124127168,-0.5031461002223427,0.5140405616224649,18.83,19.65665236051502
PS_qb0of3__ROE_qb2of3__C14_EPS_DYN_ytdavg_gt_lyavg__v0,PS_qb0of3__ROE_qb2of3,C14_EPS_DYN_ytdavg_gt_lyavg,0.19083820264854956,0.16803068714784408,0.022807515500705478,-0.35947560932777756,0.48878281622911696,14.94,83.92280701754386
MOM_qb2of3__NETDEBT_EBITDA_qb0of3__C12_EPS_DYN_yoy__v0,MOM_qb2of3__NETDEBT_EBITDA_qb0of3,C12_EPS_DYN_yoy,0.1907872430990709,0.141070955355993,0.0497162877430779,-0.6972818159009433,0.4884930958575145,15.86,79.676
P_IC_qb0of3__DEBTRATIO_qb1of3__C3_ROE_DYN_qmax4__v0,P_IC_qb0of3__DEBTRATIO_qb1of3,C3_ROE_DYN_qmax4,0.19070761832459593,0.17820977128879134,0.012497847035804588,-0.5199592908214994,0.5335628227194492,14.47,37.48091603053435
EV_EBITDA_qb0of3__ROIC_qb1of3__C10_EPS_DYN_qmax4__v0,EV_EBITDA_qb0of3__ROIC_qb1of3,C10_EPS_DYN_qmax4,0.1907002739866861,0.17304387553983713,0.017656398446848964,-0.48391803774854036,0.5390781563126252,13.77,38.94274809160305
PS_qb0of3__ACCRUAL_qb0of3__C13_EPS_DYN_ytdavg_gt_lyytdavg__v0,PS_qb0of3__ACCRUAL_qb0of3,C13_EPS_DYN_ytdavg_gt_lyytdavg,0.19068018016331845,0.1648074184621935,0.025872761701124958,-0.4812054574363275,0.4908431896222816,14.55,79.69824561403509
PS_qb0of3__MOM_qb2of3__C10_EPS_DYN_qmax4__v0,PS_qb0of3__MOM_qb2of3,C10_EPS_DYN_qmax4,0.19062734637401535,0.18527143734118923,0.005355909032826123,-0.6553483513366545,0.5207904487443392,13.3,70.16412213740458
MOM_qb2of3__ROE_qb2of3__C10_EPS_DYN_qmax4__v0,MOM_qb2of3__ROE_qb2of3,C10_EPS_DYN_qmax4,0.19061547783189314,0.1649096027006769,0.02570587513121625,-0.6101769589011146,0.5144051350947902,15.51,96.17557251908397
EV_S_qb0of3__None__C3_ROE_DYN_qmax4__v0,EV_S_qb0of3__None,C3_ROE_DYN_qmax4,0.19057270867635512,0.15703616256886455,0.03353654610749057,-0.488593450427961,0.5175738345130584,14.79,137.64885496183206
EV_S_qb0of3__NETDEBT_EBITDA_qb0of3__C13_EPS_DYN_ytdavg_gt_lyytdavg__v0,EV_S_qb0of3__NETDEBT_EBITDA_qb0of3,C13_EPS_DYN_ytdavg_gt_lyytdavg,0.1905343175103611,0.15451356457625898,0.03602075293410212,-0.5306405000701151,0.5335994677312043,14.29,84.3157894736842
ROE_qb2of3__FCF_P_qb2of3__C4_ROE_DYN_qmax8__v0,ROE_qb2of3__FCF_P_qb2of3,C4_ROE_DYN_qmax8,0.1905190860597381,0.12202542765864322,0.06849365840109489,-0.5069634674419364,0.5180598555211559,18.78,42.42489270386266
MOM_qb2of3__ROE_qb2of3__C14_EPS_DYN_ytdavg_gt_lyavg__v0,MOM_qb2of3__ROE_qb2of3,C14_EPS_DYN_ytdavg_gt_lyavg,0.19050329205532224,0.1649096027006769,0.025593689354645344,-0.592751004050313,0.4940925087983912,14.81,121.53684210526316
MOM_qb2of3__None__C5_ROE_DYN_yoy__v0,MOM_qb2of3__None,C5_ROE_DYN_yoy,0.19048237816663138,0.11517070621059111,0.07531167195604027,-0.6472662460514302,0.48367029548989116,16.41,267.84
EV_EBITDA_qb0of3__ROIC_qb2of3__C11_EPS_DYN_qmax8__v0,EV_EBITDA_qb0of3__ROIC_qb2of3,C11_EPS_DYN_qmax8,0.1904559398578367,0.17195031758070844,0.018505622277128264,-0.46148173122995206,0.5055350553505535,19.47,53.81115879828326
PB_qb0of3__MOM_qb2of3__C3_ROE_DYN_qmax4__v0,PB_qb0of3__MOM_qb2of3,C3_ROE_DYN_qmax4,0.1904374588679394,0.17784854968810193,0.01258890917983746,-0.5949983257779767,0.5223844282238442,14.39,57.33206106870229
EV_S_qb0of3__NETDEBT_EBITDA_qb2of3__C14_EPS_DYN_ytdavg_gt_lyavg__v0,EV_S_qb0of3__NETDEBT_EBITDA_qb2of3,C14_EPS_DYN_ytdavg_gt_lyavg,0.19042271439213065,0.1541547522146991,0.036267962177431556,-0.4957963048589613,0.49441476444876153,13.79,59.28771929824561
PS_qb0of3__DEBTRATIO_qb1of3__C12_EPS_DYN_yoy__v0,PS_qb0of3__DEBTRATIO_qb1of3,C12_EPS_DYN_yoy,0.1904184830977913,0.16164172783718755,0.028776755260603748,-0.5072845413935589,0.4884542243955447,16.37,85.888
EV_EBITDA_qb0of3__ROIC_qb1of3__C1_ROE_DYN_riseq1__v0,EV_EBITDA_qb0of3__ROIC_qb1of3,C1_ROE_DYN_riseq1,0.1904010299790475,0.17304387553983713,0.017357154439210376,-0.48297925767757866,0.5346115537848606,14.19,61.69122807017544
PB_qb1of3__NETDEBT_EBITDA_qb0of3__C3_ROE_DYN_qmax4__v0,PB_qb1of3__NETDEBT_EBITDA_qb0of3,C3_ROE_DYN_qmax4,0.19034859625410494,0.11510738211040183,0.0752412141437031,-0.5420253917061661,0.5213442325158947,15.51,33.6793893129771
PB_qb0of3__None__C13_EPS_DYN_ytdavg_gt_lyytdavg__v0,PB_qb0of3__None,C13_EPS_DYN_ytdavg_gt_lyytdavg,0.19034064056965483,0.18050911811184078,0.009831522457814046,-0.552810240233101,0.5370195337114052,14.5,219.2982456140351
PS_qb0of3__OCF_E_qb2of3__C8_EPS_DYN_riseq1__v0,PS_qb0of3__OCF_E_qb2of3,C8_EPS_DYN_riseq1,0.19033699591491104,0.1770945770309813,0.01324241888392974,-0.5045431267741765,0.4977445948047908,15.14,91.30175438596491
EV_EBITDA_qb0of3__ROIC_qb2of3__C6_ROE_DYN_ytdavg_gt_lyytdavg__v0,EV_EBITDA_qb0of3__ROIC_qb2of3,C6_ROE_DYN_ytdavg_gt_lyytdavg,0.19013286391898254,0.17195031758070844,0.018182546338274097,-0.3991679848044132,0.489123121776183,15.1,80.80701754385964
PB_qb0of3__ROIC_qb1of3__C6_ROE_DYN_ytdavg_gt_lyytdavg__v0,PB_qb0of3__ROIC_qb1of3,C6_ROE_DYN_ytdavg_gt_lyytdavg,0.19009599780352637,0.18223831681550728,0.007857680988019089,-0.4838710275340916,0.5185033735432427,14.54,99.35438596491228
FCF_OI_qb1of3__FCF_P_qb2of3__C12_EPS_DYN_yoy__v0,FCF_OI_qb1of3__FCF_P_qb2of3,C12_EPS_DYN_yoy,0.19007148201018653,0.1661308330210336,0.023940648989152935,-0.5140191357935718,0.49955423476968797,15.13,48.052
MOM_qb2of3__OCF_E_qb2of3__C8_EPS_DYN_riseq1__v0,MOM_qb2of3__OCF_E_qb2of3,C8_EPS_DYN_riseq1,0.18999979288485913,0.16022546885760813,0.029774324027250998,-0.6562772030577105,0.5137780066958537,14.76,99.0701754385965
EV_EBITDA_qb0of3__ROIC_qb2of3__C9_EPS_DYN_riseq2__v0,EV_EBITDA_qb0of3__ROIC_qb2of3,C9_EPS_DYN_riseq2,0.18990834926889155,0.17195031758070844,0.017958031688183107,-0.4060342414407697,0.5107659724673491,16.25,101.36131386861314
PS_qb0of3__None__C3_ROE_DYN_qmax4__v0,PS_qb0of3__None,C3_ROE_DYN_qmax4,0.18988683746472867,0.16434511041889355,0.025541727045835128,-0.5213767066550179,0.5108643167551907,14.32,140.61068702290078
ROE_qb2of3__EV_EBITDA_qb0of3__C15_FCF_P_DYN_riseq1__v0,ROE_qb2of3__EV_EBITDA_qb0of3,C15_FCF_P_DYN_riseq1,0.18984709316306647,0.1751333441657017,0.014713748997364773,-0.4790786709386442,0.4609783845278726,15.93,59.540350877192985
PB_qb0of3__EV_EBITDA_qb0of3__C16_FCF_P_DYN_riseq2__v0,PB_qb0of3__EV_EBITDA_qb0of3,C16_FCF_P_DYN_riseq2,0.18982444002234278,0.19475174231000114,-0.004927302287658364,-0.5664753768731097,0.5152257612880644,15.62,104.17518248175182
ROE_qb1of3__EV_EBITDA_qb0of3__C3_ROE_DYN_qmax4__v0,ROE_qb1of3__EV_EBITDA_qb0of3,C3_ROE_DYN_qmax4,0.18980743089019758,0.16753762281561357,0.022269808074584008,-0.5214411720345288,0.541631973355537,13.29,37.80916030534351
PB_qb0of3__ROIC_qb1of3__C3_ROE_DYN_qmax4__v0,PB_qb0of3__ROIC_qb1of3,C3_ROE_DYN_qmax4,0.18975578251268943,0.18223831681550728,0.007517465697182146,-0.5032633320076696,0.5269276393831553,14.48,65.16030534351145
MOM_qb2of3__EV_EBITDA_qb0of3__C8_EPS_DYN_riseq1__v0,MOM_qb2of3__EV_EBITDA_qb0of3,C8_EPS_DYN_riseq1,0.18972324312442645,0.17816366229087532,0.01155958083355113,-0.6414386675998318,0.5112594920136161,13.64,101.03859649122808
PB_qb1of3__ROE_qb2of3__C7_ROE_DYN_ytdavg_gt_lyavg__v0,PB_qb1of3__ROE_qb2of3,C7_ROE_DYN_ytdavg_gt_lyavg,0.18970533329917005,0.17368474528587585,0.0160205880132942,-0.4749892741364261,0.5166780122532335,15.21,79.2
PB_qb0of3__ROE_qb1of3__C10_EPS_DYN_qmax4__v0,PB_qb0of3__ROE_qb1of3,C10_EPS_DYN_qmax4,0.1897008717265154,0.18183368727864435,0.007867184447871045,-0.49911403977848345,0.538147792706334,14.38,65.88931297709924
PB_qb0of3__ROE_qb1of3__C6_ROE_DYN_ytdavg_gt_lyytdavg__v0,PB_qb0of3__ROE_qb1of3,C6_ROE_DYN_ytdavg_gt_lyytdavg,0.18969471866768006,0.18183368727864435,0.00786103138903571,-0.5044670437955117,0.5183580858085809,14.55,99.39649122807018
PB_qb0of3__EV_S_qb0of3__C1_ROE_DYN_riseq1__v0,PB_qb0of3__EV_S_qb0of3,C1_ROE_DYN_riseq1,0.18964142358608083,0.19152523498206686,-0.0018838113959860348,-0.5304331998359906,0.5196754563894523,14.45,131.64561403508773
MOM_qb2of3__ROE_qb2of3__C15_FCF_P_DYN_riseq1__v0,MOM_qb2of3__ROE_qb2of3,C15_FCF_P_DYN_riseq1,0.1896329249295159,0.1649096027006769,0.024723322228838995,-0.6530232904577344,0.49070477247502775,14.08,82.7859649122807
EV_S_qb0of3__OCF_E_qb2of3__C14_EPS_DYN_ytdavg_gt_lyavg__v0,EV_S_qb0of3__OCF_E_qb2of3,C14_EPS_DYN_ytdavg_gt_lyavg,0.18960498611802157,0.15462123639236114,0.03498374972566043,-0.4657759144757839,0.5012579833559125,15.24,83.33333333333333
PB_qb0of3__FCF_P_qb1of3__C1_ROE_DYN_riseq1__v0,PB_qb0of3__FCF_P_qb1of3,C1_ROE_DYN_riseq1,0.18955756804312052,0.1810049825348956,0.008552585508224908,-0.5737659003306467,0.5164054848188051,14.44,55.5859649122807
ROE_qb2of3__ACCRUAL_qb1of3__C4_ROE_DYN_qmax8__v0,ROE_qb2of3__ACCRUAL_qb1of3,C4_ROE_DYN_qmax8,0.18950922342549115,0.10780358903293696,0.08170563439255418,-0.5850977576411232,0.5234340779675866,17.58,33.88412017167382
EV_S_qb0of3__FCF_OI_qb1of3__C6_ROE_DYN_ytdavg_gt_lyytdavg__v0,EV_S_qb0of3__FCF_OI_qb1of3,C6_ROE_DYN_ytdavg_gt_lyytdavg,0.18950787226516796,0.1576248487356633,0.03188302352950467,-0.47942440795012775,0.4998247458815282,13.8,106.51929824561404
EV_EBITDA_qb0of3__FCF_OI_qb1of3__C11_EPS_DYN_qmax8__v0,EV_EBITDA_qb0of3__FCF_OI_qb1of3,C11_EPS_DYN_qmax8,0.18948257767515808,0.1588416616824344,0.030640915992723672,-0.5616528375360375,0.5205540661304736,15.56,33.8755364806867
PB_qb0of3__ROIC_qb2of3__C15_FCF_P_DYN_riseq1__v0,PB_qb0of3__ROIC_qb2of3,C15_FCF_P_DYN_riseq1,0.189441665060873,0.20645135520675573,-0.017009690145882717,-0.5583675810389412,0.487873660462493,16.91,21.864963503649633
EV_S_qb1of3__None__C11_EPS_DYN_qmax8__v0,EV_S_qb1of3__None,C11_EPS_DYN_qmax8,0.18943497803308107,0.11261458954493708,0.07682038848814399,-0.6187328559697585,0.5060483870967742,18.52,77.47639484978541
EV_S_qb0of3__None__C10_EPS_DYN_qmax4__v0,EV_S_qb0of3__None,C10_EPS_DYN_qmax4,0.1894076224360326,0.15703616256886455,0.03237145986716805,-0.4920691534965631,0.518191451783822,14.59,147.07251908396947
P_IC_qb0of3__OCF_E_qb2of3__C8_EPS_DYN_riseq1__v0,P_IC_qb0of3__OCF_E_qb2of3,C8_EPS_DYN_riseq1,0.18940059495410155,0.18169077162055913,0.0077098233335424204,-0.515662981671204,0.517410977769034,14.93,72.49473684210527
EV_S_qb0of3__OCF_E_qb2of3__C9_EPS_DYN_riseq2__v0,EV_S_qb0of3__OCF_E_qb2of3,C9_EPS_DYN_riseq2,0.1893861276571538,0.15462123639236114,0.03476489126479265,-0.4439186359656675,0.5107454667562122,16.29,93.10583941605839
MOM_qb2of3__DEBTRATIO_qb0of3__C3_ROE_DYN_qmax4__v0,MOM_qb2of3__DEBTRATIO_qb0of3,C3_ROE_DYN_qmax4,0.18931406190263722,0.13434664389931616,0.054967418003321056,-0.655271801317522,0.5032640949554896,16.37,47.229007633587784
PB_qb0of3__None__C6_ROE_DYN_ytdavg_gt_lyytdavg__v0,PB_qb0of3__None,C6_ROE_DYN_ytdavg_gt_lyytdavg,0.18926414131172664,0.18050911811184078,0.008755023199885859,-0.5523441653893,0.5289680629112502,14.32,214.12280701754386
PB_qb0of3__FCF_OI_qb1of3__None__v0,PB_qb0of3__FCF_OI_qb1of3,None,0.18925522121144955,0.18925522121144955,0.0,-0.5676334384373325,0.5063129702844025,15.01,148.86868686868686
PB_qb0of3__ROIC_qb1of3__C13_EPS_DYN_ytdavg_gt_lyytdavg__v0,PB_qb0of3__ROIC_qb1of3,C13_EPS_DYN_ytdavg_gt_lyytdavg,0.18921614628476302,0.18223831681550728,0.006977829469255736,-0.4849217325738039,0.5248822445218103,14.65,98.45263157894736
OCF_E_qb2of3__ROE_qb2of3__C11_EPS_DYN_qmax8__v0,OCF_E_qb2of3__ROE_qb2of3,C11_EPS_DYN_qmax8,0.18921358299605884,0.11168724670811869,0.07752633628794015,-0.45100697408450285,0.5034730002240645,20.09,77.19742489270386
P_IC_qb0of3__MOM_qb2of3__C16_FCF_P_DYN_riseq2__v0,P_IC_qb0of3__MOM_qb2of3,C16_FCF_P_DYN_riseq2,0.18915590102080793,0.18134305708824927,0.007812843932558655,-0.6472330178808714,0.49287064078337056,14.05,79.14233576642336
OCF_E_qb1of3__EV_EBITDA_qb0of3__C3_ROE_DYN_qmax4__v0,OCF_E_qb1of3__EV_EBITDA_qb0of3,C3_ROE_DYN_qmax4,0.18913905580339185,0.1611145807766723,0.028024475026719564,-0.519704383977505,0.527336860670194,15.36,40.278625954198475
ROE_qb2of3__DEBTRATIO_qb2of3__C11_EPS_DYN_qmax8__v0,ROE_qb2of3__DEBTRATIO_qb2of3,C11_EPS_DYN_qmax8,0.1891359887177999,0.11194290084226521,0.0771930878755347,-0.4480636962387181,0.5137362637362637,17.56,51.30042918454936
P_IC_qb0of3__EV_S_qb0of3__C1_ROE_DYN_riseq1__v0,P_IC_qb0of3__EV_S_qb0of3,C1_ROE_DYN_riseq1,0.18912347302625587,0.1851690280562388,0.003954444970017068,-0.5174935592573686,0.5216426193118757,14.12,130.07719298245615
ROE_qb1of3__EV_EBITDA_qb0of3__C7_ROE_DYN_ytdavg_gt_lyavg__v0,ROE_qb1of3__EV_EBITDA_qb0of3,C7_ROE_DYN_ytdavg_gt_lyavg,0.18908899951063418,0.16753762281561357,0.021551376695020608,-0.5205785725302068,0.5159878828677213,13.06,55.27368421052632
EV_S_qb0of3__FCF_OI_qb1of3__C10_EPS_DYN_qmax4__v0,EV_S_qb0of3__FCF_OI_qb1of3,C10_EPS_DYN_qmax4,0.18906159192628702,0.1576248487356633,0.03143674319062373,-0.49137777808233907,0.5219419122323511,13.66,70.58396946564885
EV_EBITDA_qb0of3__ROIC_qb2of3__C7_ROE_DYN_ytdavg_gt_lyavg__v0,EV_EBITDA_qb0of3__ROIC_qb2of3,C7_ROE_DYN_ytdavg_gt_lyavg,0.18904152119348105,0.17195031758070844,0.01709120361277261,-0.39248155781922334,0.48035792230467045,15.19,80.60350877192982
PB_qb1of3__MOM_qb2of3__C5_ROE_DYN_yoy__v0,PB_qb1of3__MOM_qb2of3,C5_ROE_DYN_yoy,0.1890143269883937,0.14055424123730442,0.04846008575108929,-0.6732606703002306,0.49369306236860544,15.24,89.976
EV_EBITDA_qb0of3__DEBTRATIO_qb2of3__C9_EPS_DYN_riseq2__v0,EV_EBITDA_qb0of3__DEBTRATIO_qb2of3,C9_EPS_DYN_riseq2,0.18886454580803202,0.14301532522542537,0.04584922058260665,-0.41567755304502596,0.49608540925266903,15.31,82.00729927007299
MOM_qb2of3__FCF_OI_qb1of3__C2_ROE_DYN_riseq2__v0,MOM_qb2of3__FCF_OI_qb1of3,C2_ROE_DYN_riseq2,0.18885861745287036,0.1494073362333117,0.039451281219558654,-0.6232279578176492,0.5111018014243821,14.63,96.61313868613139
MOM_qb2of3__EV_EBITDA_qb1of3__C11_EPS_DYN_qmax8__v0,MOM_qb2of3__EV_EBITDA_qb1of3,C11_EPS_DYN_qmax8,0.1888402465247705,0.15785208153346586,0.030988164991304634,-0.6285443271089197,0.5098841172460804,16.65,44.871244635193136
P_IC_qb1of3__ACCRUAL_qb1of3__C4_ROE_DYN_qmax8__v0,P_IC_qb1of3__ACCRUAL_qb1of3,C4_ROE_DYN_qmax8,0.18883385461943702,0.10354097010952823,0.0852928845099088,-0.7084264276194392,0.517664023071377,14.58,21.300429184549355
PS_qb0of3__MOM_qb2of3__C16_FCF_P_DYN_riseq2__v0,PS_qb0of3__MOM_qb2of3,C16_FCF_P_DYN_riseq2,0.18883268039137135,0.18527143734118923,0.003561243050182128,-0.6307428241228854,0.5023576961940047,13.71,80.92335766423358
PS_qb0of3__NETDEBT_EBITDA_qb2of3__C7_ROE_DYN_ytdavg_gt_lyavg__v0,PS_qb0of3__NETDEBT_EBITDA_qb2of3,C7_ROE_DYN_ytdavg_gt_lyavg,0.18879240369318384,0.16108156841581445,0.027710835277369394,-0.5494565216295022,0.5029761904761905,14.23,101.71578947368421
PB_qb1of3__ROE_qb2of3__C14_EPS_DYN_ytdavg_gt_lyavg__v0,PB_qb1of3__ROE_qb2of3,C14_EPS_DYN_ytdavg_gt_lyavg,0.18875767963577883,0.17368474528587585,0.015072934349902978,-0.4694746985538333,0.5139689578713968,15.3,83.51578947368421
PS_qb0of3__ROIC_qb2of3__C8_EPS_DYN_riseq1__v0,PS_qb0of3__ROIC_qb2of3,C8_EPS_DYN_riseq1,0.18873688626650842,0.16337747244409084,0.025359413822417576,-0.47015327279522534,0.4940391998383512,15.01,72.54385964912281
EV_S_qb0of3__OCF_E_qb2of3__C7_ROE_DYN_ytdavg_gt_lyavg__v0,EV_S_qb0of3__OCF_E_qb2of3,C7_ROE_DYN_ytdavg_gt_lyavg,0.1887072427168155,0.15462123639236114,0.034086006324454354,-0.4538123714988045,0.4990969295605057,15.18,79.54385964912281
EV_S_qb0of3__OCF_E_qb2of3__C13_EPS_DYN_ytdavg_gt_lyytdavg__v0,EV_S_qb0of3__OCF_E_qb2of3,C13_EPS_DYN_ytdavg_gt_lyytdavg,0.18858227376112002,0.15462123639236114,0.033961037368758884,-0.4743788708195029,0.5015043249341857,15.22,85.98245614035088
MOM_qb2of3__None__C3_ROE_DYN_qmax4__v0,MOM_qb2of3__None,C3_ROE_DYN_qmax4,0.18855483014040564,0.11517070621059111,0.07338412392981453,-0.6358596326661844,0.5057132325838555,14.98,155.93129770992365
EV_EBITDA_qb0of3__None__C3_ROE_DYN_qmax4__v0,EV_EBITDA_qb0of3__None,C3_ROE_DYN_qmax4,0.18855263594081206,0.1454246752563002,0.04312796068451186,-0.46886651924817146,0.5035782442748091,16.1,135.0267175572519
MOM_qb2of3__FCF_P_qb2of3__C11_EPS_DYN_qmax8__v0,MOM_qb2of3__FCF_P_qb2of3,C11_EPS_DYN_qmax8,0.18854317388290087,0.15540904841423941,0.03313412546866146,-0.6567391712486177,0.52689756816507,17.67,38.90987124463519
NETDEBT_EBITDA_qb2of3__FCF_P_qb2of3__C11_EPS_DYN_qmax8__v0,NETDEBT_EBITDA_qb2of3__FCF_P_qb2of3,C11_EPS_DYN_qmax8,0.18854067016611076,0.130367316892525,0.05817335327358575,-0.6755856444910364,0.5048661800486618,16.27,24.49785407725322
EV_S_qb0of3__OCF_E_qb1of3__C13_EPS_DYN_ytdavg_gt_lyytdavg__v0,EV_S_qb0of3__OCF_E_qb1of3,C13_EPS_DYN_ytdavg_gt_lyytdavg,0.18850177845439697,0.1599721772341416,0.028529601220255385,-0.5067389638642553,0.5044632639047837,14.55,68.1719298245614
EV_EBITDA_qb0of3__ROIC_qb1of3__C11_EPS_DYN_qmax8__v0,EV_EBITDA_qb0of3__ROIC_qb1of3,C11_EPS_DYN_qmax8,0.1884923715847191,0.17304387553983713,0.015448496044881965,-0.5001707882022148,0.5427927927927928,15.09,21.313304721030043
ROE_qb2of3__ROIC_qb2of3__C4_ROE_DYN_qmax8__v0,ROE_qb2of3__ROIC_qb2of3,C4_ROE_DYN_qmax8,0.18845396934629655,0.10497732735766574,0.0834766419886308,-0.4765125673482168,0.5024303305249513,19.48,103.91845493562232
MOM_qb2of3__DEBTRATIO_qb0of3__C4_ROE_DYN_qmax8__v0,MOM_qb2of3__DEBTRATIO_qb0of3,C4_ROE_DYN_qmax8,0.1884266499548013,0.13434664389931616,0.05408000605548513,-0.6909653580445073,0.5062857142857143,18.76,27.57510729613734
P_IC_qb0of3__PS_qb0of3__C1_ROE_DYN_riseq1__v0,P_IC_qb0of3__PS_qb0of3,C1_ROE_DYN_riseq1,0.1883492536296425,0.1876102576683254,0.0007389959613171015,-0.5437682054463676,0.5050516780861689,14.11,158.1719298245614
PS_qb0of3__NETDEBT_EBITDA_qb2of3__C14_EPS_DYN_ytdavg_gt_lyavg__v0,PS_qb0of3__NETDEBT_EBITDA_qb2of3,C14_EPS_DYN_ytdavg_gt_lyavg,0.18833402572363855,0.16108156841581445,0.027252457307824107,-0.5379525105513655,0.5013444876008366,14.65,105.32631578947368
MOM_qb2of3__ROE_qb2of3__C13_EPS_DYN_ytdavg_gt_lyytdavg__v0,MOM_qb2of3__ROE_qb2of3,C13_EPS_DYN_ytdavg_gt_lyytdavg,0.1883128740079396,0.1649096027006769,0.02340327130726272,-0.5978590348484405,0.49280440495557504,14.91,123.3578947368421
EV_S_qb0of3__FCF_OI_qb1of3__C9_EPS_DYN_riseq2__v0,EV_S_qb0of3__FCF_OI_qb1of3,C9_EPS_DYN_riseq2,0.18829069797851328,0.1576248487356633,0.030665849242849985,-0.49619004933610467,0.5172998164101116,14.54,122.08759124087591
FCF_OI_qb1of3__FCF_P_qb2of3__C7_ROE_DYN_ytdavg_gt_lyavg__v0,FCF_OI_qb1of3__FCF_P_qb2of3,C7_ROE_DYN_ytdavg_gt_lyavg,0.1882837400253632,0.1661308330210336,0.02215290700432959,-0.4567954338380238,0.4859249329758713,14.15,39.256140350877196
MOM_qb2of3__FCF_OI_qb1of3__C14_EPS_DYN_ytdavg_gt_lyavg__v0,MOM_qb2of3__FCF_OI_qb1of3,C14_EPS_DYN_ytdavg_gt_lyavg,0.18818166655867974,0.1494073362333117,0.038774330325368034,-0.6091884307797442,0.49506931542089466,13.85,90.42105263157895
PB_qb0of3__ROE_qb1of3__C3_ROE_DYN_qmax4__v0,PB_qb0of3__ROE_qb1of3,C3_ROE_DYN_qmax4,0.18815915614312861,0.18183368727864435,0.006325468864484263,-0.5244513758227456,0.5302922309337135,14.47,65.77862595419847
ACCRUAL_qb0of3__FCF_P_qb2of3__C3_ROE_DYN_qmax4__v0,ACCRUAL_qb0of3__FCF_P_qb2of3,C3_ROE_DYN_qmax4,0.1881057468219547,0.12374675560791215,0.06435899121404254,-0.5420037421466017,0.5159535895576505,16.89,37.95038167938932
PS_qb0of3__ROE_qb2of3__C8_EPS_DYN_riseq1__v0,PS_qb0of3__ROE_qb2of3,C8_EPS_DYN_riseq1,0.18809582920074885,0.16803068714784408,0.020065142052904772,-0.46684008357032736,0.497884582839736,15.16,90.50877192982456
PB_qb0of3__ROE_qb1of3__C13_EPS_DYN_ytdavg_gt_lyytdavg__v0,PB_qb0of3__ROE_qb1of3,C13_EPS_DYN_ytdavg_gt_lyytdavg,0.1880599452434264,0.18183368727864435,0.006226257964782045,-0.5097683856900327,0.5195714874330449,14.8,98.91228070175438
PS_qb0of3__NETDEBT_EBITDA_qb2of3__C13_EPS_DYN_ytdavg_gt_lyytdavg__v0,PS_qb0of3__NETDEBT_EBITDA_qb2of3,C13_EPS_DYN_ytdavg_gt_lyytdavg,0.1880165859956069,0.16108156841581445,0.026935017579792442,-0.5463876924167644,0.4945282460810411,14.51,108.62456140350878
MOM_qb2of3__None__C11_EPS_DYN_qmax8__v0,MOM_qb2of3__None,C11_EPS_DYN_qmax8,0.18797791130487296,0.11517070621059111,0.07280720509428185,-0.6088958721618486,0.5025517436915226,16.91,114.54506437768241
ROE_qb2of3__EV_EBITDA_qb0of3__C9_EPS_DYN_riseq2__v0,ROE_qb2of3__EV_EBITDA_qb0of3,C9_EPS_DYN_riseq2,0.1879179296011546,0.1751333441657017,0.012784585435452911,-0.3780401990181613,0.5056199508254303,16.55,101.5036496350365
EV_EBITDA_qb0of3__None__C5_ROE_DYN_yoy__v0,EV_EBITDA_qb0of3__None,C5_ROE_DYN_yoy,0.18790351052959253,0.1454246752563002,0.042478835273292326,-0.5213312772124442,0.4942263279445728,17.15,229.0
PS_qb0of3__ACCRUAL_qb0of3__C6_ROE_DYN_ytdavg_gt_lyytdavg__v0,PS_qb0of3__ACCRUAL_qb0of3,C6_ROE_DYN_ytdavg_gt_lyytdavg,0.18781850974533087,0.1648074184621935,0.023011091283137386,-0.45841010646356484,0.4917835671342685,14.69,75.65263157894736
MOM_qb2of3__FCF_P_qb1of3__C11_EPS_DYN_qmax8__v0,MOM_qb2of3__FCF_P_qb1of3,C11_EPS_DYN_qmax8,0.1877954158557309,0.12449311185748302,0.06330230399824788,-0.6023907431247104,0.5066981875492513,16.93,37.42918454935622
PS_qb0of3__ROIC_qb1of3__C10_EPS_DYN_qmax4__v0,PS_qb0of3__ROIC_qb1of3,C10_EPS_DYN_qmax4,0.18778904635631544,0.16094874682218596,0.026840299534129475,-0.510940895272989,0.5236907730673317,13.55,64.2442748091603
EV_EBITDA_qb0of3__FCF_OI_qb1of3__C14_EPS_DYN_ytdavg_gt_lyavg__v0,EV_EBITDA_qb0of3__FCF_OI_qb1of3,C14_EPS_DYN_ytdavg_gt_lyavg,0.1877121322968649,0.1588416616824344,0.028870470614430488,-0.4962113118443252,0.47793660658794285,13.88,72.29122807017544
PS_qb0of3__ROIC_qb1of3__C14_EPS_DYN_ytdavg_gt_lyavg__v0,PS_qb0of3__ROIC_qb1of3,C14_EPS_DYN_ytdavg_gt_lyavg,0.18764808809871947,0.16094874682218596,0.026699341276533506,-0.5008167442804496,0.5108464483198639,13.86,100.49473684210527
PB_qb0of3__FCF_OI_qb1of3__C16_FCF_P_DYN_riseq2__v0,PB_qb0of3__FCF_OI_qb1of3,C16_FCF_P_DYN_riseq2,0.18764556848688385,0.18925522121144955,-0.0016096527245657022,-0.5786270266175342,0.4916306187699831,14.6,80.89416058394161
P_IC_qb0of3__PS_qb0of3__None__v0,P_IC_qb0of3__PS_qb0of3,None,0.1876102576683254,0.1876102576683254,0.0,-0.5654281396019782,0.612869474234894,15.08,293.74747474747477
FCF_OI_qb1of3__FCF_P_qb2of3__C3_ROE_DYN_qmax4__v0,FCF_OI_qb1of3__FCF_P_qb2of3,C3_ROE_DYN_qmax4,0.18756222641265086,0.1661308330210336,0.02143139339161726,-0.5393454398211004,0.515695067264574,13.81,25.931297709923665
P_IC_qb1of3__ROIC_qb2of3__C4_ROE_DYN_qmax8__v0,P_IC_qb1of3__ROIC_qb2of3,C4_ROE_DYN_qmax8,0.18753481879401557,0.16248848629635226,0.025046332497663304,-0.4952795455485721,0.5231660231660231,18.09,41.433476394849784
PB_qb0of3__EV_EBITDA_qb0of3__C20_FCF_P_DYN_ytdavg_gt_lyytdavg__v0,PB_qb0of3__EV_EBITDA_qb0of3,C20_FCF_P_DYN_ytdavg_gt_lyytdavg,0.1874763361817402,0.19475174231000114,-0.007275406128260942,-0.5606059760008008,0.5269683818970862,15.15,104.87368421052632
EV_EBITDA_qb0of3__NETDEBT_EBITDA_qb0of3__C2_ROE_DYN_riseq2__v0,EV_EBITDA_qb0of3__NETDEBT_EBITDA_qb0of3,C2_ROE_DYN_riseq2,0.18747217384794768,0.14659325251889155,0.04087892132905613,-0.558090093330301,0.5375710376762787,14.79,93.83576642335767
EV_EBITDA_qb0of3__ROIC_qb2of3__C16_FCF_P_DYN_riseq2__v0,EV_EBITDA_qb0of3__ROIC_qb2of3,C16_FCF_P_DYN_riseq2,0.18741710389634103,0.17195031758070844,0.015466786315632586,-0.5147113624792082,0.5041585127201565,16.24,64.58029197080292
PB_qb1of3__ROE_qb2of3__C6_ROE_DYN_ytdavg_gt_lyytdavg__v0,PB_qb1of3__ROE_qb2of3,C6_ROE_DYN_ytdavg_gt_lyytdavg,0.18738957298915504,0.17368474528587585,0.013704827703279188,-0.4826161863864782,0.5170890490583585,15.47,80.51578947368421
PS_qb0of3__OCF_E_qb2of3__C1_ROE_DYN_riseq1__v0,PS_qb0of3__OCF_E_qb2of3,C1_ROE_DYN_riseq1,0.18738845550383032,0.1770945770309813,0.010293878472849016,-0.5036401343577062,0.49429776597406655,15.32,89.72280701754386
MOM_qb2of3__EV_EBITDA_qb0of3__C16_FCF_P_DYN_riseq2__v0,MOM_qb2of3__EV_EBITDA_qb0of3,C16_FCF_P_DYN_riseq2,0.18736703908126007,0.17816366229087532,0.009203376790384743,-0.6374594582047446,0.4975806451612903,14.61,82.2919708029197
OCF_E_qb2of3__ROIC_qb2of3__C11_EPS_DYN_qmax8__v0,OCF_E_qb2of3__ROIC_qb2of3,C11_EPS_DYN_qmax8,0.18734890975859764,0.10550033079483523,0.08184857896376241,-0.454729691894037,0.4988032551460029,19.9,72.20600858369099
PS_qb0of3__DEBTRATIO_qb0of3__C3_ROE_DYN_qmax4__v0,PS_qb0of3__DEBTRATIO_qb0of3,C3_ROE_DYN_qmax4,0.18734486477859358,0.16454566385826408,0.0227992009203295,-0.5200953510067132,0.5159176029962547,15.46,16.797709923664122
MOM_qb2of3__NETDEBT_EBITDA_qb1of3__C5_ROE_DYN_yoy__v0,MOM_qb2of3__NETDEBT_EBITDA_qb1of3,C5_ROE_DYN_yoy,0.18733098558818462,0.14096998093909052,0.046361004649094095,-0.5895438155551582,0.49913070965702544,17.74,106.66
PB_qb0of3__ROIC_qb2of3__C19_FCF_P_DYN_yoy__v0,PB_qb0of3__ROIC_qb2of3,C19_FCF_P_DYN_yoy,0.18731098267347535,0.20645135520675573,-0.01914037253328038,-0.5324768551817876,0.5139135583185317,16.79,25.448
PB_qb0of3__ROE_qb2of3__C8_EPS_DYN_riseq1__v0,PB_qb0of3__ROE_qb2of3,C8_EPS_DYN_riseq1,0.18724440690459687,0.20669866335001674,-0.01945425644541987,-0.6572787944923257,0.5184266477675408,15.48,38.63868613138686
ROE_qb1of3__EV_EBITDA_qb0of3__C1_ROE_DYN_riseq1__v0,ROE_qb1of3__EV_EBITDA_qb0of3,C1_ROE_DYN_riseq1,0.18722050008560132,0.16753762281561357,0.019682877269987742,-0.500864175648121,0.5363207547169812,14.13,66.9017543859649
ACCRUAL_qb0of3__FCF_OI_qb1of3__C3_ROE_DYN_qmax4__v0,ACCRUAL_qb0of3__FCF_OI_qb1of3,C3_ROE_DYN_qmax4,0.1872040728866311,0.11153610581397233,0.07566796707265877,-0.5725746047585765,0.5167829843801928,14.79,40.99618320610687
ROE_qb1of3__EV_EBITDA_qb0of3__C6_ROE_DYN_ytdavg_gt_lyytdavg__v0,ROE_qb1of3__EV_EBITDA_qb0of3,C6_ROE_DYN_ytdavg_gt_lyytdavg,0.1871905683651689,0.16753762281561357,0.019652945549555323,-0.5165273555381386,0.5233044037287046,13.34,58.14385964912281
P_IC_qb1of3__NETDEBT_EBITDA_qb0of3__C10_EPS_DYN_qmax4__v0,P_IC_qb1of3__NETDEBT_EBITDA_qb0of3,C10_EPS_DYN_qmax4,0.18715036144448227,0.14111189279231584,0.04603846865216643,-0.6353021849374837,0.5191436805269658,14.23,37.64885496183206
ROE_qb1of3__EV_EBITDA_qb0of3__C10_EPS_DYN_qmax4__v0,ROE_qb1of3__EV_EBITDA_qb0of3,C10_EPS_DYN_qmax4,0.18714182688290126,0.16753762281561357,0.01960420406728769,-0.5372422329793313,0.5408829174664107,13.43,41.36259541984733
P_IC_qb1of3__FCF_P_qb1of3__C4_ROE_DYN_qmax8__v0,P_IC_qb1of3__FCF_P_qb1of3,C4_ROE_DYN_qmax8,0.18713995069625255,0.11136939041932759,0.07577056027692497,-0.6999119424019409,0.5270903010033445,16.16,21.98283261802575
EV_S_qb0of3__OCF_E_qb2of3__C6_ROE_DYN_ytdavg_gt_lyytdavg__v0,EV_S_qb0of3__OCF_E_qb2of3,C6_ROE_DYN_ytdavg_gt_lyytdavg,0.18713733037837854,0.15462123639236114,0.0325160939860174,-0.46457259506269977,0.5030138051720785,14.96,82.38947368421053
MOM_qb2of3__FCF_OI_qb0of3__C3_ROE_DYN_qmax4__v0,MOM_qb2of3__FCF_OI_qb0of3,C3_ROE_DYN_qmax4,0.18711097184423542,0.1129050553120563,0.07420591653217912,-0.6888982110970794,0.4950358521787093,15.73,47.43511450381679
MOM_qb2of3__ROIC_qb2of3__C7_ROE_DYN_ytdavg_gt_lyavg__v0,MOM_qb2of3__ROIC_qb2of3,C7_ROE_DYN_ytdavg_gt_lyavg,0.1870828141441534,0.15843219174837309,0.028650622395780312,-0.591010100953979,0.49097829151395544,14.63,105.25614035087719
PS_qb0of3__DEBTRATIO_qb0of3__C2_ROE_DYN_riseq2__v0,PS_qb0of3__DEBTRATIO_qb0of3,C2_ROE_DYN_riseq2,0.1870790526527324,0.16454566385826408,0.022533388794468312,-0.4573716020580375,0.525,15.06,30.56934306569343
ROE_qb2of3__NETDEBT_EBITDA_qb2of3__C11_EPS_DYN_qmax8__v0,ROE_qb2of3__NETDEBT_EBITDA_qb2of3,C11_EPS_DYN_qmax8,0.1870546222389604,0.12573108691877288,0.06132353532018753,-0.553679768327284,0.4926829268292683,18.84,30.854077253218883
PS_qb0of3__EV_S_qb0of3__C3_ROE_DYN_qmax4__v0,PS_qb0of3__EV_S_qb0of3,C3_ROE_DYN_qmax4,0.18705424087337352,0.16026918058568085,0.026785060287692675,-0.4752237062042838,0.511520737327189,14.44,108.93511450381679
PB_qb0of3__FCF_P_qb1of3__C3_ROE_DYN_qmax4__v0,PB_qb0of3__FCF_P_qb1of3,C3_ROE_DYN_qmax4,0.18704266254972102,0.1810049825348956,0.006037680014825408,-0.5215532397313679,0.5369290573372206,13.93,28.84732824427481
PB_qb0of3__PS_qb0of3__C1_ROE_DYN_riseq1__v0,PB_qb0of3__PS_qb0of3,C1_ROE_DYN_riseq1,0.1870125084318197,0.19552828855051252,-0.008515780118692806,-0.5640339795804872,0.5104356900600052,14.39,138.80701754385964
P_IC_qb0of3__DEBTRATIO_qb1of3__C9_EPS_DYN_riseq2__v0,P_IC_qb0of3__DEBTRATIO_qb1of3,C9_EPS_DYN_riseq2,0.18697310590783034,0.17820977128879134,0.008763334619038998,-0.5194793441416987,0.5396396396396397,15.95,69.0912408759124
MOM_qb2of3__ROIC_qb1of3__C5_ROE_DYN_yoy__v0,MOM_qb2of3__ROIC_qb1of3,C5_ROE_DYN_yoy,0.1869102249014576,0.1489494323621996,0.03796079253925799,-0.6125814239376475,0.49705497382198954,15.68,90.956
PB_qb1of3__ROIC_qb2of3__C2_ROE_DYN_riseq2__v0,PB_qb1of3__ROIC_qb2of3,C2_ROE_DYN_riseq2,0.18690099521501646,0.15726720889947043,0.02963378631554603,-0.49522997355776777,0.5351390922401171,16.06,95.58029197080292
MOM_qb2of3__FCF_P_qb2of3__C7_ROE_DYN_ytdavg_gt_lyavg__v0,MOM_qb2of3__FCF_P_qb2of3,C7_ROE_DYN_ytdavg_gt_lyavg,0.186880464040867,0.15540904841423941,0.031471415626627586,-0.59046508888096,0.514510575504181,14.33,74.83859649122807
P_IC_qb0of3__ROE_qb2of3__C19_FCF_P_DYN_yoy__v0,P_IC_qb0of3__ROE_qb2of3,C19_FCF_P_DYN_yoy,0.18681358491534494,0.20973001630778976,-0.022916431392444814,-0.5291866251960131,0.5195412064570943,16.6,37.548
EV_EBITDA_qb1of3__ACCRUAL_qb0of3__C11_EPS_DYN_qmax8__v0,EV_EBITDA_qb1of3__ACCRUAL_qb0of3,C11_EPS_DYN_qmax8,0.18671030390293075,0.12987807961629594,0.056832224286634814,-0.7799092228441793,0.5204326923076923,15.72,24.523605150214593
MOM_qb2of3__DEBTRATIO_qb1of3__C4_ROE_DYN_qmax8__v0,MOM_qb2of3__DEBTRATIO_qb1of3,C4_ROE_DYN_qmax8,0.18670175781672138,0.13517618077461835,0.05152557704210303,-0.7804403646396831,0.519825918762089,15.68,32.06437768240343
P_IC_qb0of3__DEBTRATIO_qb1of3__C12_EPS_DYN_yoy__v0,P_IC_qb0of3__DEBTRATIO_qb1of3,C12_EPS_DYN_yoy,0.18659917976178964,0.17820977128879134,0.008389408472998294,-0.5443662066969785,0.5011908812521265,15.98,66.772
EV_S_qb0of3__ROE_qb2of3__C14_EPS_DYN_ytdavg_gt_lyavg__v0,EV_S_qb0of3__ROE_qb2of3,C14_EPS_DYN_ytdavg_gt_lyavg,0.18659295080318028,0.16125483918444772,0.02533811161873256,-0.4126133340318985,0.4994102382637414,15.09,86.50526315789473
ROE_qb2of3__FCF_P_qb0of3__C15_FCF_P_DYN_riseq1__v0,ROE_qb2of3__FCF_P_qb0of3,C15_FCF_P_DYN_riseq1,0.18655609525467476,0.10634093976900005,0.0802151554856747,-0.6188525623546075,0.44780545670225386,17.49,20.45263157894737
PS_qb0of3__EV_S_qb0of3__C14_EPS_DYN_ytdavg_gt_lyavg__v0,PS_qb0of3__EV_S_qb0of3,C14_EPS_DYN_ytdavg_gt_lyavg,0.18654465972461853,0.16026918058568085,0.026275479138937685,-0.48807123711497813,0.5108388312912346,14.05,174.42456140350876
MOM_qb2of3__EV_EBITDA_qb1of3__C5_ROE_DYN_yoy__v0,MOM_qb2of3__EV_EBITDA_qb1of3,C5_ROE_DYN_yoy,0.18654139005564208,0.15785208153346586,0.028689308522176216,-0.6512250959019665,0.5041095890410959,16.33,104.588
PB_qb0of3__MOM_qb2of3__C20_FCF_P_DYN_ytdavg_gt_lyytdavg__v0,PB_qb0of3__MOM_qb2of3,C20_FCF_P_DYN_ytdavg_gt_lyytdavg,0.18648524907187536,0.17784854968810193,0.008636699383773427,-0.6662549855308643,0.49387254901960786,13.92,78.10526315789474
EV_S_qb0of3__FCF_OI_qb1of3__C2_ROE_DYN_riseq2__v0,EV_S_qb0of3__FCF_OI_qb1of3,C2_ROE_DYN_riseq2,0.18645831748573238,0.1576248487356633,0.02883346875006909,-0.5232314318530485,0.5205576895717741,14.56,121.33576642335767
OCF_E_qb2of3__DEBTRATIO_qb2of3__C11_EPS_DYN_qmax8__v0,OCF_E_qb2of3__DEBTRATIO_qb2of3,C11_EPS_DYN_qmax8,0.18644423112001407,0.11692725396958026,0.06951697715043381,-0.41214158479519225,0.5115267507612006,17.8,37.527896995708154
P_IC_qb0of3__FCF_P_qb1of3__C3_ROE_DYN_qmax4__v0,P_IC_qb0of3__FCF_P_qb1of3,C3_ROE_DYN_qmax4,0.18640479377905428,0.17643282368710866,0.009971970091945614,-0.5579021241856759,0.5402494331065759,14.18,24.1793893129771
EV_S_qb0of3__ROIC_qb2of3__C12_EPS_DYN_yoy__v0,EV_S_qb0of3__ROIC_qb2of3,C12_EPS_DYN_yoy,0.18639986083718285,0.15799574490089796,0.02840411593628489,-0.4800173534910821,0.5029253451907325,17.23,88.46
ROE_qb2of3__EV_EBITDA_qb0of3__C8_EPS_DYN_riseq1__v0,ROE_qb2of3__EV_EBITDA_qb0of3,C8_EPS_DYN_riseq1,0.18639537229855607,0.1751333441657017,0.011262028132854374,-0.4479926984918978,0.5016424213984045,15.79,96.45614035087719
ACCRUAL_qb0of3__FCF_OI_qb1of3__C4_ROE_DYN_qmax8__v0,ACCRUAL_qb0of3__FCF_OI_qb1of3,C4_ROE_DYN_qmax8,0.1863866472997855,0.11153610581397233,0.07485054148581316,-0.6291369003414561,0.5323691460055097,15.57,20.609442060085836
ROIC_qb1of3__DEBTRATIO_qb2of3__C4_ROE_DYN_qmax8__v0,ROIC_qb1of3__DEBTRATIO_qb2of3,C4_ROE_DYN_qmax8,0.18638243953351985,0.11680265302092874,0.06957978651259111,-0.5657000687766252,0.5140401146131806,16.56,28.759656652360515
PB_qb0of3__DEBTRATIO_qb2of3__None__v0,PB_qb0of3__DEBTRATIO_qb2of3,None,0.18635950857908368,0.18635950857908368,0.0,-0.5881653187962653,0.6022453889334403,16.22,170.23905723905725
PS_qb0of3__ROIC_qb1of3__C5_ROE_DYN_yoy__v0,PS_qb0of3__ROIC_qb1of3,C5_ROE_DYN_yoy,0.18623847202541666,0.16094874682218596,0.025289725203230695,-0.5402691387694365,0.5072697899838449,15.06,115.068
EV_EBITDA_qb0of3__FCF_OI_qb1of3__C2_ROE_DYN_riseq2__v0,EV_EBITDA_qb0of3__FCF_OI_qb1of3,C2_ROE_DYN_riseq2,0.18623793932420996,0.1588416616824344,0.027396277641775546,-0.521758869184985,0.5090434458325565,14.55,81.1970802919708
MOM_qb2of3__OCF_E_qb2of3__C1_ROE_DYN_riseq1__v0,MOM_qb2of3__OCF_E_qb2of3,C1_ROE_DYN_riseq1,0.1861807616276263,0.16022546885760813,0.02595529277001818,-0.6659901307723082,0.5122435473196558,14.52,94.71578947368421
PS_qb0of3__ROIC_qb2of3__C12_EPS_DYN_yoy__v0,PS_qb0of3__ROIC_qb2of3,C12_EPS_DYN_yoy,0.18607534015443794,0.16337747244409084,0.022697867710347097,-0.41136153485050586,0.5010141987829615,17.21,79.452
ROE_qb2of3__ROIC_qb1of3__C4_ROE_DYN_qmax8__v0,ROE_qb2of3__ROIC_qb1of3,C4_ROE_DYN_qmax8,0.18607244249195465,0.12028408152058989,0.06578836097136476,-0.5658787019000895,0.5284810126582279,17.38,14.909090909090908
PS_qb0of3__NETDEBT_EBITDA_qb2of3__C6_ROE_DYN_ytdavg_gt_lyytdavg__v0,PS_qb0of3__NETDEBT_EBITDA_qb2of3,C6_ROE_DYN_ytdavg_gt_lyytdavg,0.1860298510241336,0.16108156841581445,0.02494828260831916,-0.5506582597533707,0.4946075494307969,14.48,105.0
P_IC_qb0of3__OCF_E_qb2of3__C1_ROE_DYN_riseq1__v0,P_IC_qb0of3__OCF_E_qb2of3,C1_ROE_DYN_riseq1,0.1860057662737955,0.18169077162055913,0.00431499465323637,-0.5196066979521679,0.5167811579980373,15.19,72.08771929824562
P_IC_qb0of3__NETDEBT_EBITDA_qb1of3__C3_ROE_DYN_qmax4__v0,P_IC_qb0of3__NETDEBT_EBITDA_qb1of3,C3_ROE_DYN_qmax4,0.18600177313144917,0.1828242597650629,0.0031775133663862754,-0.4788146409405717,0.532243816254417,16.18,35.087786259541986
PB_qb0of3__NETDEBT_EBITDA_qb0of3__None__v0,PB_qb0of3__NETDEBT_EBITDA_qb0of3,None,0.18598838212849822,0.18598838212849822,0.0,-0.5399443481153215,0.6272164948453608,15.41,134.5185185185185
EV_S_qb0of3__NETDEBT_EBITDA_qb0of3__C6_ROE_DYN_ytdavg_gt_lyytdavg__v0,EV_S_qb0of3__NETDEBT_EBITDA_qb0of3,C6_ROE_DYN_ytdavg_gt_lyytdavg,0.18598727081682465,0.15451356457625898,0.03147370624056567,-0.5288989006526481,0.5378554299417608,14.26,82.1438596491228
PS_qb0of3__ROE_qb2of3__C7_ROE_DYN_ytdavg_gt_lyavg__v0,PS_qb0of3__ROE_qb2of3,C7_ROE_DYN_ytdavg_gt_lyavg,0.18592477845545652,0.16803068714784408,0.017894091307612436,-0.3693171222175132,0.49190861494526417,14.95,80.0982456140351
PB_qb1of3__ROIC_qb2of3__C9_EPS_DYN_riseq2__v0,PB_qb1of3__ROIC_qb2of3,C9_EPS_DYN_riseq2,0.18581911877192692,0.15726720889947043,0.028551909872456482,-0.4723005051279975,0.5316901408450704,16.11,95.26642335766424
PS_qb0of3__DEBTRATIO_qb2of3__C10_EPS_DYN_qmax4__v0,PS_qb0of3__DEBTRATIO_qb2of3,C10_EPS_DYN_qmax4,0.1858081941354408,0.16192316720535427,0.02388502693008654,-0.5218929695382382,0.5027896995708154,14.67,81.3206106870229
MOM_qb2of3__FCF_OI_qb1of3__C6_ROE_DYN_ytdavg_gt_lyytdavg__v0,MOM_qb2of3__FCF_OI_qb1of3,C6_ROE_DYN_ytdavg_gt_lyytdavg,0.18580049480498095,0.1494073362333117,0.03639315857166925,-0.6137532433321464,0.4950973218205766,14.07,87.52280701754385
PS_qb0of3__FCF_OI_qb1of3__C14_EPS_DYN_ytdavg_gt_lyavg__v0,PS_qb0of3__FCF_OI_qb1of3,C14_EPS_DYN_ytdavg_gt_lyavg,0.1857926445019571,0.1602886894689004,0.02550395503305669,-0.5016342826423419,0.48955275427387324,14.22,106.34736842105264
P_IC_qb0of3__PB_qb0of3__None__v0,P_IC_qb0of3__PB_qb0of3,None,0.18573029068263458,0.18573029068263458,0.0,-0.580537362477654,0.6695192549710546,15.96,348.35353535353534
P_IC_qb1of3__NETDEBT_EBITDA_qb0of3__C5_ROE_DYN_yoy__v0,P_IC_qb1of3__NETDEBT_EBITDA_qb0of3,C5_ROE_DYN_yoy,0.18564240867920034,0.14111189279231584,0.0445305158868845,-0.5740600124197244,0.5053145647802356,16.07,74.332
MOM_qb2of3__ACCRUAL_qb0of3__C1_ROE_DYN_riseq1__v0,MOM_qb2of3__ACCRUAL_qb0of3,C1_ROE_DYN_riseq1,0.18562672404430636,0.15172057801880778,0.033906146025498574,-0.6511007156848816,0.5040867389491243,14.06,73.02105263157895
PB_qb0of3__NETDEBT_EBITDA_qb0of3__C18_FCF_P_DYN_qmax8__v0,PB_qb0of3__NETDEBT_EBITDA_qb0of3,C18_FCF_P_DYN_qmax8,0.1856001887856038,0.18598838212849822,-0.0003881933428944162,-0.4822616748114915,0.47578785549577246,18.45,17.943478260869565
EV_EBITDA_qb0of3__NETDEBT_EBITDA_qb0of3__C14_EPS_DYN_ytdavg_gt_lyavg__v0,EV_EBITDA_qb0of3__NETDEBT_EBITDA_qb0of3,C14_EPS_DYN_ytdavg_gt_lyavg,0.18559704337187766,0.14659325251889155,0.03900379085298611,-0.5810489884583678,0.5158424637251999,14.66,78.98947368421052
PB_qb0of3__ROIC_qb2of3__C16_FCF_P_DYN_riseq2__v0,PB_qb0of3__ROIC_qb2of3,C16_FCF_P_DYN_riseq2,0.18559438511486115,0.20645135520675573,-0.020856970091894578,-0.558547379116907,0.5050325636471285,16.27,23.562043795620436
OCF_E_qb2of3__EV_EBITDA_qb0of3__C9_EPS_DYN_riseq2__v0,OCF_E_qb2of3__EV_EBITDA_qb0of3,C9_EPS_DYN_riseq2,0.18556932918660096,0.15339211904025563,0.032177210146345336,-0.35292405988012776,0.5114396339317142,16.48,92.83941605839416
EV_S_qb0of3__NETDEBT_EBITDA_qb0of3__C9_EPS_DYN_riseq2__v0,EV_S_qb0of3__NETDEBT_EBITDA_qb0of3,C9_EPS_DYN_riseq2,0.18552939065349783,0.15451356457625898,0.03101582607723885,-0.5634765674086276,0.5484015202325061,14.61,94.33211678832117
FCF_OI_qb1of3__FCF_P_qb2of3__C6_ROE_DYN_ytdavg_gt_lyytdavg__v0,FCF_OI_qb1of3__FCF_P_qb2of3,C6_ROE_DYN_ytdavg_gt_lyytdavg,0.18552221940355929,0.1661308330210336,0.019391386382525688,-0.4524168839699858,0.49097356544165055,14.58,41.03508771929825
PB_qb0of3__MOM_qb2of3__C16_FCF_P_DYN_riseq2__v0,PB_qb0of3__MOM_qb2of3,C16_FCF_P_DYN_riseq2,0.18547931192294853,0.17784854968810193,0.0076307622348466,-0.6459239427251735,0.4981235073353804,15.05,78.94525547445255
PB_qb0of3__OCF_E_qb2of3__C1_ROE_DYN_riseq1__v0,PB_qb0of3__OCF_E_qb2of3,C1_ROE_DYN_riseq1,0.1854637222180624,0.1948977085456407,-0.009433986327578303,-0.5186392805027145,0.518005540166205,15.67,59.62456140350877
ACCRUAL_qb0of3__FCF_OI_qb1of3__C11_EPS_DYN_qmax8__v0,ACCRUAL_qb0of3__FCF_OI_qb1of3,C11_EPS_DYN_qmax8,0.18544306694726553,0.11153610581397233,0.0739069611332932,-0.5749655071938259,0.5246189917936694,15.48,24.50214592274678
MOM_qb2of3__ROIC_qb1of3__C12_EPS_DYN_yoy__v0,MOM_qb2of3__ROIC_qb1of3,C12_EPS_DYN_yoy,0.1854162822530756,0.1489494323621996,0.03646684989087601,-0.6145806339365605,0.5007098911500236,15.71,94.048
MOM_qb2of3__ROIC_qb2of3__C14_EPS_DYN_ytdavg_gt_lyavg__v0,MOM_qb2of3__ROIC_qb2of3,C14_EPS_DYN_ytdavg_gt_lyavg,0.18534183943248195,0.15843219174837309,0.02690964768410886,-0.5951940321562651,0.48819000391491585,15.07,116.35087719298245
MOM_qb2of3__DEBTRATIO_qb0of3__C5_ROE_DYN_yoy__v0,MOM_qb2of3__DEBTRATIO_qb0of3,C5_ROE_DYN_yoy,0.18532815024423077,0.13434664389931616,0.05098150634491461,-0.6661667408908621,0.48779046868846004,17.09,82.372
PS_qb0of3__MOM_qb2of3__None__v0,PS_qb0of3__MOM_qb2of3,None,0.18527143734118923,0.18527143734118923,0.0,-0.6434105035183026,0.47813495511149723,13.85,156.47138047138048
P_IC_qb0of3__EV_S_qb0of3__None__v0,P_IC_qb0of3__EV_S_qb0of3,None,0.1851690280562388,0.1851690280562388,0.0,-0.5518399517641667,0.6008941877794337,14.99,239.6094276094276
MOM_qb2of3__FCF_P_qb0of3__C11_EPS_DYN_qmax8__v0,MOM_qb2of3__FCF_P_qb0of3,C11_EPS_DYN_qmax8,0.18516390689515383,0.12263642895378513,0.0625274779413687,-0.6047697448626108,0.48689870942510755,16.93,37.742489270386265
MOM_qb2of3__EV_EBITDA_qb0of3__C20_FCF_P_DYN_ytdavg_gt_lyytdavg__v0,MOM_qb2of3__EV_EBITDA_qb0of3,C20_FCF_P_DYN_ytdavg_gt_lyytdavg,0.18515567148444134,0.17816366229087532,0.006992009193566018,-0.623578530863372,0.49504132231404957,14.1,81.71228070175438
PS_qb0of3__DEBTRATIO_qb2of3__C14_EPS_DYN_ytdavg_gt_lyavg__v0,PS_qb0of3__DEBTRATIO_qb2of3,C14_EPS_DYN_ytdavg_gt_lyavg,0.1851401481734649,0.16192316720535427,0.023216980968110645,-0.5209444560091618,0.4930464445027552,14.66,123.50526315789473
PB_qb1of3__ROE_qb2of3__C9_EPS_DYN_riseq2__v0,PB_qb1of3__ROE_qb2of3,C9_EPS_DYN_riseq2,0.18512630618321713,0.17368474528587585,0.011441560897341274,-0.4920543556977178,0.5323428157274869,16.06,96.64598540145985
FCF_OI_qb1of3__FCF_P_qb2of3__C1_ROE_DYN_riseq1__v0,FCF_OI_qb1of3__FCF_P_qb2of3,C1_ROE_DYN_riseq1,0.18512453454726496,0.1661308330210336,0.018993701526231366,-0.5597308028310299,0.4872462259239979,13.99,47.40701754385965
MOM_qb2of3__FCF_OI_qb2of3__C3_ROE_DYN_qmax4__v0,MOM_qb2of3__FCF_OI_qb2of3,C3_ROE_DYN_qmax4,0.18510445199343462,0.13351239190976916,0.05159206008366546,-0.5586415232189645,0.5156532988357051,16.01,49.534351145038165
MOM_qb2of3__EV_EBITDA_qb0of3__C11_EPS_DYN_qmax8__v0,MOM_qb2of3__EV_EBITDA_qb0of3,C11_EPS_DYN_qmax8,0.1850603114451288,0.17816366229087532,0.006896649154253476,-0.5703244832974286,0.5186186186186186,16.65,52.047210300429185
PB_qb0of3__ROIC_qb2of3__C3_ROE_DYN_qmax4__v0,PB_qb0of3__ROIC_qb2of3,C3_ROE_DYN_qmax4,0.18503757945570176,0.20645135520675573,-0.021413775751053965,-0.39986239083292774,0.5134770889487871,15.93,30.698473282442748
EV_S_qb0of3__ROIC_qb2of3__C10_EPS_DYN_qmax4__v0,EV_S_qb0of3__ROIC_qb2of3,C10_EPS_DYN_qmax4,0.1849685446890963,0.15799574490089796,0.02697279978819833,-0.4512393903063858,0.50365141187926,16.18,61.786259541984734
EV_S_qb0of3__None__C14_EPS_DYN_ytdavg_gt_lyavg__v0,EV_S_qb0of3__None,C14_EPS_DYN_ytdavg_gt_lyavg,0.18492651035796248,0.15703616256886455,0.027890347789097936,-0.5087327016077754,0.5183064637637487,14.25,221.79298245614035
PB_qb1of3__ROE_qb2of3__C2_ROE_DYN_riseq2__v0,PB_qb1of3__ROE_qb2of3,C2_ROE_DYN_riseq2,0.184880728372381,0.17368474528587585,0.011195983086505157,-0.5125100307311157,0.5357847533632287,15.74,96.33576642335767
PS_qb0of3__NETDEBT_EBITDA_qb2of3__C2_ROE_DYN_riseq2__v0,PS_qb0of3__NETDEBT_EBITDA_qb2of3,C2_ROE_DYN_riseq2,0.18487788212346778,0.16108156841581445,0.023796313707653338,-0.5743894887619312,0.510884487154344,14.86,116.65328467153284
PS_qb0of3__EV_S_qb0of3__C7_ROE_DYN_ytdavg_gt_lyavg__v0,PS_qb0of3__EV_S_qb0of3,C7_ROE_DYN_ytdavg_gt_lyavg,0.1848401656125942,0.16026918058568085,0.02457098502691335,-0.4819128631472489,0.516555023923445,13.88,166.20350877192982
PS_qb0of3__None__C7_ROE_DYN_ytdavg_gt_lyavg__v0,PS_qb0of3__None,C7_ROE_DYN_ytdavg_gt_lyavg,0.18481503281700773,0.16434511041889355,0.020469922398114182,-0.5090822272452629,0.5131217577052182,14.21,215.7719298245614
PS_qb0of3__ROE_qb2of3__C13_EPS_DYN_ytdavg_gt_lyytdavg__v0,PS_qb0of3__ROE_qb2of3,C13_EPS_DYN_ytdavg_gt_lyytdavg,0.18481436239210236,0.16803068714784408,0.016783675244258278,-0.36832339478169485,0.48917102315160566,15.14,83.54736842105264
PB_qb0of3__ROIC_qb2of3__C11_EPS_DYN_qmax8__v0,PB_qb0of3__ROIC_qb2of3,C11_EPS_DYN_qmax8,0.18480245849659926,0.20645135520675573,-0.021648896710156462,-0.6160517466876235,0.5046197583511016,17.77,21.832618025751074
PS_qb0of3__FCF_OI_qb1of3__C6_ROE_DYN_ytdavg_gt_lyytdavg__v0,PS_qb0of3__FCF_OI_qb1of3,C6_ROE_DYN_ytdavg_gt_lyytdavg,0.18480093083636584,0.1602886894689004,0.024512241367465437,-0.5003181565601043,0.4955505147443727,14.26,105.29122807017544
PS_qb0of3__None__C14_EPS_DYN_ytdavg_gt_lyavg__v0,PS_qb0of3__None,C14_EPS_DYN_ytdavg_gt_lyavg,0.18474446011010026,0.16434511041889355,0.020399349691206714,-0.514281118197322,0.5083308088458043,14.43,226.03859649122808
PB_qb0of3__ROE_qb1of3__C1_ROE_DYN_riseq1__v0,PB_qb0of3__ROE_qb1of3,C1_ROE_DYN_riseq1,0.18472318400587895,0.18183368727864435,0.0028894967272345973,-0.5364588446616875,0.5210843373493976,15.44,114.56842105263158
PS_qb0of3__ROIC_qb2of3__C1_ROE_DYN_riseq1__v0,PS_qb0of3__ROIC_qb2of3,C1_ROE_DYN_riseq1,0.18469136787244045,0.16337747244409084,0.021313895428349605,-0.46786759969796654,0.49130434782608695,15.46,72.0280701754386
ROE_qb1of3__FCF_P_qb2of3__C3_ROE_DYN_qmax4__v0,ROE_qb1of3__FCF_P_qb2of3,C3_ROE_DYN_qmax4,0.1846014744410711,0.12843923926750733,0.05616223517356378,-0.5890580481048611,0.5281527823510043,14.81,42.93511450381679
P_IC_qb0of3__DEBTRATIO_qb1of3__C14_EPS_DYN_ytdavg_gt_lyavg__v0,P_IC_qb0of3__DEBTRATIO_qb1of3,C14_EPS_DYN_ytdavg_gt_lyavg,0.18459428183807813,0.17820977128879134,0.006384510549286793,-0.5627675790323168,0.518454190186713,14.67,59.24561403508772
MOM_qb2of3__ROE_qb2of3__C8_EPS_DYN_riseq1__v0,MOM_qb2of3__ROE_qb2of3,C8_EPS_DYN_riseq1,0.18456966483872672,0.1649096027006769,0.019660062138049827,-0.6520386644693046,0.5137555291832991,14.92,125.15087719298245
EV_EBITDA_qb1of3__ACCRUAL_qb0of3__C3_ROE_DYN_qmax4__v0,EV_EBITDA_qb1of3__ACCRUAL_qb0of3,C3_ROE_DYN_qmax4,0.1845539273561192,0.12987807961629594,0.05467584773982326,-0.6882410332846518,0.5300859598853869,15.88,37.9236641221374
PS_qb0of3__DEBTRATIO_qb0of3__C7_ROE_DYN_ytdavg_gt_lyavg__v0,PS_qb0of3__DEBTRATIO_qb0of3,C7_ROE_DYN_ytdavg_gt_lyavg,0.18452631323906843,0.16454566385826408,0.01998064938080435,-0.4632002160523899,0.54182156133829,13.76,24.775438596491227
MOM_qb2of3__DEBTRATIO_qb2of3__C2_ROE_DYN_riseq2__v0,MOM_qb2of3__DEBTRATIO_qb2of3,C2_ROE_DYN_riseq2,0.18446535805918773,0.1409681494808137,0.043497208578374025,-0.6808367552601018,0.4853936293117676,15.35,91.61678832116789
P_IC_qb1of3__ROIC_qb2of3__C10_EPS_DYN_qmax4__v0,P_IC_qb1of3__ROIC_qb2of3,C10_EPS_DYN_qmax4,0.18444444335334853,0.16248848629635226,0.021955957056996267,-0.46124331387549355,0.5168718650250798,16.43,65.36259541984732
EV_S_qb0of3__NETDEBT_EBITDA_qb2of3__C7_ROE_DYN_ytdavg_gt_lyavg__v0,EV_S_qb0of3__NETDEBT_EBITDA_qb2of3,C7_ROE_DYN_ytdavg_gt_lyavg,0.18437777289731616,0.1541547522146991,0.030223020682617063,-0.5111194181348389,0.4968152866242038,13.47,57.23508771929824
EV_S_qb0of3__OCF_E_qb1of3__C12_EPS_DYN_yoy__v0,EV_S_qb0of3__OCF_E_qb1of3,C12_EPS_DYN_yoy,0.18437342474985807,0.1599721772341416,0.024401247515716484,-0.5363923491583633,0.5189130434782608,16.14,74.112
PB_qb0of3__NETDEBT_EBITDA_qb2of3__C8_EPS_DYN_riseq1__v0,PB_qb0of3__NETDEBT_EBITDA_qb2of3,C8_EPS_DYN_riseq1,0.18433802852059378,0.17628642719528287,0.008051601325310909,-0.5892751244077098,0.5059105704985438,15.35,106.3438596491228
PS_qb0of3__ROIC_qb1of3__C3_ROE_DYN_qmax4__v0,PS_qb0of3__ROIC_qb1of3,C3_ROE_DYN_qmax4,0.18431140121284995,0.16094874682218596,0.023362654390663984,-0.5451768038958549,0.5164862824062422,13.61,62.89312977099237
PB_qb0of3__OCF_E_qb2of3__C8_EPS_DYN_riseq1__v0,PB_qb0of3__OCF_E_qb2of3,C8_EPS_DYN_riseq1,0.18426749507107987,0.1948977085456407,-0.010630213474560835,-0.5219513158935407,0.5194895591647332,15.8,59.67719298245614
MOM_qb2of3__DEBTRATIO_qb2of3__C7_ROE_DYN_ytdavg_gt_lyavg__v0,MOM_qb2of3__DEBTRATIO_qb2of3,C7_ROE_DYN_ytdavg_gt_lyavg,0.18425768548423238,0.1409681494808137,0.04328953600341867,-0.6531464163968502,0.4701097237987136,14.17,81.40701754385965
PB_qb0of3__EV_EBITDA_qb0of3__C18_FCF_P_DYN_qmax8__v0,PB_qb0of3__EV_EBITDA_qb0of3,C18_FCF_P_DYN_qmax8,0.1841501148953495,0.19475174231000114,-0.010601627414651649,-0.5371572182795631,0.48611867174741424,20.8,26.008583690987123
MOM_qb2of3__NETDEBT_EBITDA_qb2of3__C9_EPS_DYN_riseq2__v0,MOM_qb2of3__NETDEBT_EBITDA_qb2of3,C9_EPS_DYN_riseq2,0.18413632714008532,0.13535856297428794,0.04877776416579738,-0.6102853034323052,0.47946902654867257,15.24,84.36861313868613
P_IC_qb0of3__FCF_OI_qb1of3__None__v0,P_IC_qb0of3__FCF_OI_qb1of3,None,0.1841328203450041,0.1841328203450041,0.0,-0.5609899037388622,0.49861860281541903,14.94,143.95286195286195
MOM_qb2of3__ACCRUAL_qb1of3__C5_ROE_DYN_yoy__v0,MOM_qb2of3__ACCRUAL_qb1of3,C5_ROE_DYN_yoy,0.18410873603767297,0.13564208643476539,0.048466649602907586,-0.6812427920348096,0.503494331417922,15.93,89.928
MOM_qb2of3__NETDEBT_EBITDA_qb2of3__C2_ROE_DYN_riseq2__v0,MOM_qb2of3__NETDEBT_EBITDA_qb2of3,C2_ROE_DYN_riseq2,0.18410300222133302,0.13535856297428794,0.04874443924704508,-0.6493443285701259,0.48027138011069453,14.83,82.67883211678833
P_IC_qb1of3__ROE_qb2of3__C14_EPS_DYN_ytdavg_gt_lyavg__v0,P_IC_qb1of3__ROE_qb2of3,C14_EPS_DYN_ytdavg_gt_lyavg,0.1841008715493575,0.15952276167140345,0.024578109877954057,-0.4175868856104069,0.49783132530120483,15.72,79.00350877192983
P_IC_qb0of3__NETDEBT_EBITDA_qb1of3__C9_EPS_DYN_riseq2__v0,P_IC_qb0of3__NETDEBT_EBITDA_qb1of3,C9_EPS_DYN_riseq2,0.18409202985300732,0.1828242597650629,0.001267770087944431,-0.47925552058958987,0.5318049725540845,15.8,60.01094890510949
MOM_qb2of3__ROIC_qb2of3__C6_ROE_DYN_ytdavg_gt_lyytdavg__v0,MOM_qb2of3__ROIC_qb2of3,C6_ROE_DYN_ytdavg_gt_lyytdavg,0.18401608390309399,0.15843219174837309,0.0255838921547209,-0.6024595477068961,0.49060513954130974,14.71,108.94385964912281
OCF_E_qb1of3__EV_EBITDA_qb0of3__C2_ROE_DYN_riseq2__v0,OCF_E_qb1of3__EV_EBITDA_qb0of3,C2_ROE_DYN_riseq2,0.18398986612828394,0.1611145807766723,0.02287528535161165,-0.5081164060135397,0.5294997862334331,14.98,70.27372262773723
ROE_qb2of3__ROIC_qb1of3__C3_ROE_DYN_qmax4__v0,ROE_qb2of3__ROIC_qb1of3,C3_ROE_DYN_qmax4,0.18396267282122558,0.12028408152058989,0.06367859130063569,-0.4857456191354962,0.5170816444701795,16.44,25.202290076335878
PS_qb0of3__EV_S_qb0of3__C10_EPS_DYN_qmax4__v0,PS_qb0of3__EV_S_qb0of3,C10_EPS_DYN_qmax4,0.1839504124161726,0.16026918058568085,0.023681231830491756,-0.4825758724860165,0.5115173131223064,14.24,116.47328244274809
PS_qb0of3__DEBTRATIO_qb2of3__C13_EPS_DYN_ytdavg_gt_lyytdavg__v0,PS_qb0of3__DEBTRATIO_qb2of3,C13_EPS_DYN_ytdavg_gt_lyytdavg,0.18391083840292488,0.16192316720535427,0.021987671197570613,-0.5271259608428562,0.4918558077436582,14.55,127.10877192982456
EV_EBITDA_qb0of3__DEBTRATIO_qb1of3__C10_EPS_DYN_qmax4__v0,EV_EBITDA_qb0of3__DEBTRATIO_qb1of3,C10_EPS_DYN_qmax4,0.1838938972190698,0.1453333100047871,0.03856058721428268,-0.5505004196878138,0.5104004967401428,15.88,50.267175572519086
ROE_qb1of3__FCF_OI_qb1of3__C10_EPS_DYN_qmax4__v0,ROE_qb1of3__FCF_OI_qb1of3,C10_EPS_DYN_qmax4,0.18389099186975488,0.11311461277821944,0.07077637909153545,-0.5992698952535189,0.5203852327447833,12.95,45.29389312977099
EV_S_qb0of3__FCF_OI_qb1of3__C13_EPS_DYN_ytdavg_gt_lyytdavg__v0,EV_S_qb0of3__FCF_OI_qb1of3,C13_EPS_DYN_ytdavg_gt_lyytdavg,0.1838550769975955,0.1576248487356633,0.02623022826193222,-0.4823242962623744,0.4897300967577661,14.05,110.49824561403508
P_IC_qb1of3__DEBTRATIO_qb0of3__C3_ROE_DYN_qmax4__v0,P_IC_qb1of3__DEBTRATIO_qb0of3,C3_ROE_DYN_qmax4,0.18384753097472584,0.1393426824369417,0.044504848537784136,-0.5058914793769308,0.524024024024024,15.95,42.221374045801525
P_IC_qb0of3__ROIC_qb2of3__C11_EPS_DYN_qmax8__v0,P_IC_qb0of3__ROIC_qb2of3,C11_EPS_DYN_qmax8,0.1838012692939739,0.17524597133334008,0.008555297960633812,-0.5467775691462698,0.5109599395313681,16.03,19.69098712446352
PB_qb0of3__ACCRUAL_qb0of3__C8_EPS_DYN_riseq1__v0,PB_qb0of3__ACCRUAL_qb0of3,C8_EPS_DYN_riseq1,0.1837499870405217,0.17652061393823848,0.007229373102283221,-0.5446268434005025,0.5155061439438268,15.79,74.46666666666667
PS_qb0of3__None__C10_EPS_DYN_qmax4__v0,PS_qb0of3__None,C10_EPS_DYN_qmax4,0.18373061789789258,0.16434511041889355,0.01938550747899903,-0.5288008290537649,0.5102731730095728,14.44,149.87022900763358
EV_S_qb1of3__DEBTRATIO_qb1of3__C11_EPS_DYN_qmax8__v0,EV_S_qb1of3__DEBTRATIO_qb1of3,C11_EPS_DYN_qmax8,0.18369369071073982,0.11155677487762738,0.07213691583311244,-0.7644207301621161,0.5052631578947369,19.43,30.253218884120173
EV_S_qb0of3__None__C7_ROE_DYN_ytdavg_gt_lyavg__v0,EV_S_qb0of3__None,C7_ROE_DYN_ytdavg_gt_lyavg,0.18366020743678613,0.15703616256886455,0.02662404486792158,-0.503950587008819,0.5213306637917757,14.05,210.68070175438598
EV_S_qb0of3__OCF_E_qb2of3__C2_ROE_DYN_riseq2__v0,EV_S_qb0of3__OCF_E_qb2of3,C2_ROE_DYN_riseq2,0.1836447212880883,0.15462123639236114,0.029023484895727147,-0.4617117874208311,0.5116632860040567,16.26,92.17518248175182
ROE_qb2of3__None__C11_EPS_DYN_qmax8__v0,ROE_qb2of3__None,C11_EPS_DYN_qmax8,0.18359958058920256,0.10857200626884822,0.07502757432035434,-0.488926150754473,0.5061170212765957,19.67,139.8412017167382
EV_EBITDA_qb0of3__FCF_P_qb2of3__C3_ROE_DYN_qmax4__v0,EV_EBITDA_qb0of3__FCF_P_qb2of3,C3_ROE_DYN_qmax4,0.1835517505454256,0.1412545523155624,0.04229719822986322,-0.4375303775825613,0.5080915178571429,15.41,51.47709923664122
PS_qb0of3__OCF_E_qb1of3__C5_ROE_DYN_yoy__v0,PS_qb0of3__OCF_E_qb1of3,C5_ROE_DYN_yoy,0.18354759817298838,0.16105240877452465,0.022495189398463733,-0.5497329798403543,0.5142207053469852,16.55,70.476
PB_qb0of3__MOM_qb2of3__C10_EPS_DYN_qmax4__v0,PB_qb0of3__MOM_qb2of3,C10_EPS_DYN_qmax4,0.18349664324203063,0.17784854968810193,0.005648093553928701,-0.5967511370978197,0.5238962221210742,14.54,62.232824427480914
EV_EBITDA_qb0of3__FCF_OI_qb1of3__C13_EPS_DYN_ytdavg_gt_lyytdavg__v0,EV_EBITDA_qb0of3__FCF_OI_qb1of3,C13_EPS_DYN_ytdavg_gt_lyytdavg,0.18348002345255,0.1588416616824344,0.02463836177011558,-0.5015814237573912,0.47801418439716314,13.81,74.01052631578948
OCF_E_qb1of3__EV_EBITDA_qb0of3__C15_FCF_P_DYN_riseq1__v0,OCF_E_qb1of3__EV_EBITDA_qb0of3,C15_FCF_P_DYN_riseq1,0.18347402471639773,0.1611145807766723,0.022359443939725443,-0.5617183833299021,0.4766280463443867,16.45,63.098245614035086
PS_qb0of3__OCF_E_qb1of3__C2_ROE_DYN_riseq2__v0,PS_qb0of3__OCF_E_qb1of3,C2_ROE_DYN_riseq2,0.18344831109263615,0.16105240877452465,0.022395902318111505,-0.5334749946844967,0.5285266457680251,15.01,74.32846715328468
MOM_qb2of3__ROIC_qb1of3__C3_ROE_DYN_qmax4__v0,MOM_qb2of3__ROIC_qb1of3,C3_ROE_DYN_qmax4,0.183433714910481,0.1489494323621996,0.0344842825482814,-0.5605976837230047,0.5131400704416147,13.93,49.93511450381679
P_IC_qb1of3__ROIC_qb2of3__C5_ROE_DYN_yoy__v0,P_IC_qb1of3__ROIC_qb2of3,C5_ROE_DYN_yoy,0.18339959080394785,0.16248848629635226,0.02091110450759559,-0.5200945536590393,0.5104909350173151,17.28,95.804
PB_qb1of3__ROE_qb2of3__C12_EPS_DYN_yoy__v0,PB_qb1of3__ROE_qb2of3,C12_EPS_DYN_yoy,0.1833826795628719,0.17368474528587585,0.009697934276996056,-0.5137669188189877,0.5184215824441313,16.96,99.364
PB_qb0of3__ROIC_qb2of3__C10_EPS_DYN_qmax4__v0,PB_qb0of3__ROIC_qb2of3,C10_EPS_DYN_qmax4,0.18337485479665205,0.20645135520675573,-0.023076500410103673,-0.4280999484982416,0.5173058933582788,15.93,29.99236641221374
FCF_P_qb2of3__None__C11_EPS_DYN_qmax8__v0,FCF_P_qb2of3__None,C11_EPS_DYN_qmax8,0.1833693791096973,0.12214294842787288,0.06122643068182443,-0.5953888712649598,0.5116096025186935,18.47,76.49356223175965
EV_S_qb0of3__ROE_qb2of3__C13_EPS_DYN_ytdavg_gt_lyytdavg__v0,EV_S_qb0of3__ROE_qb2of3,C13_EPS_DYN_ytdavg_gt_lyytdavg,0.1833118816557675,0.16125483918444772,0.022057042471319788,-0.41349491877599964,0.5014800197335965,15.15,86.6140350877193
ROE_qb2of3__NETDEBT_EBITDA_qb0of3__C4_ROE_DYN_qmax8__v0,ROE_qb2of3__NETDEBT_EBITDA_qb0of3,C4_ROE_DYN_qmax8,0.18330642758488302,0.10739791521726105,0.07590851236762197,-0.606781436301476,0.5170765027322405,19.87,24.30472103004292
P_IC_qb0of3__DEBTRATIO_qb1of3__C13_EPS_DYN_ytdavg_gt_lyytdavg__v0,P_IC_qb0of3__DEBTRATIO_qb1of3,C13_EPS_DYN_ytdavg_gt_lyytdavg,0.1832405651079838,0.17820977128879134,0.0050307938191924695,-0.5564318309623841,0.5079564489112228,14.53,61.536842105263155
MOM_qb2of3__None__C12_EPS_DYN_yoy__v0,MOM_qb2of3__None,C12_EPS_DYN_yoy,0.18321131716355832,0.11517070621059111,0.0680406109529672,-0.6515402353146373,0.4818965517241379,16.87,285.764
ROE_qb1of3__EV_EBITDA_qb0of3__C14_EPS_DYN_ytdavg_gt_lyavg__v0,ROE_qb1of3__EV_EBITDA_qb0of3,C14_EPS_DYN_ytdavg_gt_lyavg,0.183130911428389,0.16753762281561357,0.015593288612775424,-0.5132000018575693,0.5136,13.29,58.10877192982456
PB_qb0of3__FCF_P_qb1of3__C19_FCF_P_DYN_yoy__v0,PB_qb0of3__FCF_P_qb1of3,C19_FCF_P_DYN_yoy,0.1830613057404875,0.1810049825348956,0.0020563232055919034,-0.6256648526134088,0.5042780748663102,16.76,54.808
PB_qb1of3__ROIC_qb2of3__C5_ROE_DYN_yoy__v0,PB_qb1of3__ROIC_qb2of3,C5_ROE_DYN_yoy,0.1830231894481158,0.15726720889947043,0.025755980548645363,-0.5033579186575714,0.5148392415498764,17.36,93.772
ROIC_qb1of3__FCF_OI_qb1of3__C3_ROE_DYN_qmax4__v0,ROIC_qb1of3__FCF_OI_qb1of3,C3_ROE_DYN_qmax4,0.18302070503637125,0.11961040076679486,0.06341030426957639,-0.629726364647933,0.5127261576203619,13.18,47.16412213740458
PB_qb0of3__ROE_qb1of3__C8_EPS_DYN_riseq1__v0,PB_qb0of3__ROE_qb1of3,C8_EPS_DYN_riseq1,0.18296163125556153,0.18183368727864435,0.0011279439769171784,-0.5432256592093303,0.5211247901510913,15.68,111.87719298245614
PS_qb0of3__DEBTRATIO_qb1of3__C7_ROE_DYN_ytdavg_gt_lyavg__v0,PS_qb0of3__DEBTRATIO_qb1of3,C7_ROE_DYN_ytdavg_gt_lyavg,0.18296073272269786,0.16164172783718755,0.021319004885510306,-0.4904481196745415,0.5022176731490958,14.38,74.00350877192983
DEBTRATIO_qb2of3__NETDEBT_EBITDA_qb2of3__C11_EPS_DYN_qmax8__v0,DEBTRATIO_qb2of3__NETDEBT_EBITDA_qb2of3,C11_EPS_DYN_qmax8,0.18294347116857712,0.11915400596730308,0.06378946520127404,-0.5723831809751105,0.4830203755493408,18.79,44.5793991416309
OCF_E_qb2of3__EV_EBITDA_qb0of3__C10_EPS_DYN_qmax4__v0,OCF_E_qb2of3__EV_EBITDA_qb0of3,C10_EPS_DYN_qmax4,0.18286821177231571,0.15339211904025563,0.02947609273206009,-0.34582299283301576,0.5100588812561334,17.08,61.85496183206107
MOM_qb2of3__FCF_OI_qb1of3__C10_EPS_DYN_qmax4__v0,MOM_qb2of3__FCF_OI_qb1of3,C10_EPS_DYN_qmax4,0.18286097493037423,0.1494073362333117,0.03345363869706253,-0.6008666821411736,0.5181455842248793,14.21,63.56488549618321
PS_qb0of3__ROIC_qb1of3__C13_EPS_DYN_ytdavg_gt_lyytdavg__v0,PS_qb0of3__ROIC_qb1of3,C13_EPS_DYN_ytdavg_gt_lyytdavg,0.18284045472001131,0.16094874682218596,0.021891707897825352,-0.5036296239316046,0.5090646889163576,14.1,104.43157894736842
P_IC_qb0of3__NETDEBT_EBITDA_qb1of3__None__v0,P_IC_qb0of3__NETDEBT_EBITDA_qb1of3,None,0.1828242597650629,0.1828242597650629,0.0,-0.5398577592592515,0.5330090340514246,15.44,97.6936026936027
P_IC_qb0of3__ROIC_qb1of3__None__v0,P_IC_qb0of3__ROIC_qb1of3,None,0.18272926888937446,0.18272926888937446,0.0,-0.5258095349073368,0.5280929975089953,16.04,187.5993265993266
EV_S_qb0of3__ACCRUAL_qb0of3__C1_ROE_DYN_riseq1__v0,EV_S_qb0of3__ACCRUAL_qb0of3,C1_ROE_DYN_riseq1,0.18268391087111735,0.15433085717622674,0.028353053694890606,-0.5264630801651176,0.4956308982873121,15.08,78.63859649122807
PS_qb0of3__ROE_qb2of3__C1_ROE_DYN_riseq1__v0,PS_qb0of3__ROE_qb2of3,C1_ROE_DYN_riseq1,0.18267496073261857,0.16803068714784408,0.014644273584774492,-0.4669203172220554,0.49361419804279316,15.66,90.29473684210527
PS_qb0of3__FCF_OI_qb1of3__C2_ROE_DYN_riseq2__v0,PS_qb0of3__FCF_OI_qb1of3,C2_ROE_DYN_riseq2,0.18244988093394432,0.1602886894689004,0.022161191465043917,-0.5307139385894093,0.5140226628895184,15.0,120.04014598540147
PS_qb0of3__NETDEBT_EBITDA_qb2of3__C9_EPS_DYN_riseq2__v0,PS_qb0of3__NETDEBT_EBITDA_qb2of3,C9_EPS_DYN_riseq2,0.1824411929196017,0.16108156841581445,0.021359624503787256,-0.5470224063490531,0.506155950752394,15.17,117.52919708029196
MOM_qb2of3__FCF_OI_qb2of3__C4_ROE_DYN_qmax8__v0,MOM_qb2of3__FCF_OI_qb2of3,C4_ROE_DYN_qmax8,0.1824222329695233,0.13351239190976916,0.048909841059754156,-0.699315077558292,0.5162227602905569,17.61,29.377682403433475
P_IC_qb1of3__MOM_qb2of3__C3_ROE_DYN_qmax4__v0,P_IC_qb1of3__MOM_qb2of3,C3_ROE_DYN_qmax4,0.18237650545667372,0.14135123829913576,0.04102526715753796,-0.6282802666473699,0.5158346752549651,14.01,51.23664122137404
PS_qb0of3__None__C13_EPS_DYN_ytdavg_gt_lyytdavg__v0,PS_qb0of3__None,C13_EPS_DYN_ytdavg_gt_lyytdavg,0.18236467244882348,0.16434511041889355,0.018019562029929936,-0.5177687880543003,0.5047780517879161,14.51,232.83157894736843
MOM_qb2of3__FCF_P_qb2of3__C13_EPS_DYN_ytdavg_gt_lyytdavg__v0,MOM_qb2of3__FCF_P_qb2of3,C13_EPS_DYN_ytdavg_gt_lyytdavg,0.18233598066665535,0.15540904841423941,0.026926932252415936,-0.6135749284907926,0.5030231529272968,14.5,83.7578947368421
ROE_qb2of3__NETDEBT_EBITDA_qb2of3__C3_ROE_DYN_qmax4__v0,ROE_qb2of3__NETDEBT_EBITDA_qb2of3,C3_ROE_DYN_qmax4,0.1823358672399853,0.12573108691877288,0.05660478032121241,-0.492417068400123,0.4960710625213529,15.57,43.469465648854964
EV_EBITDA_qb1of3__FCF_OI_qb1of3__C4_ROE_DYN_qmax8__v0,EV_EBITDA_qb1of3__FCF_OI_qb1of3,C4_ROE_DYN_qmax8,0.1822838319343536,0.1275583968310292,0.054725435103324394,-0.6873751568332733,0.5335929892891919,15.21,29.909871244635195
MOM_qb2of3__FCF_OI_qb1of3__C13_EPS_DYN_ytdavg_gt_lyytdavg__v0,MOM_qb2of3__FCF_OI_qb1of3,C13_EPS_DYN_ytdavg_gt_lyytdavg,0.18226478079797448,0.1494073362333117,0.032857444564662774,-0.6095551553655735,0.49291666666666667,14.25,92.99649122807017
PB_qb0of3__ROIC_qb1of3__None__v0,PB_qb0of3__ROIC_qb1of3,None,0.18223831681550728,0.18223831681550728,0.0,-0.5188440831632347,0.5331550802139038,16.01,186.02020202020202
ROE_qb1of3__EV_EBITDA_qb0of3__C8_EPS_DYN_riseq1__v0,ROE_qb1of3__EV_EBITDA_qb0of3,C8_EPS_DYN_riseq1,0.18223371258994292,0.16753762281561357,0.014696089774329346,-0.5474426790228483,0.5349264705882353,13.85,68.50175438596492
EV_S_qb0of3__None__C9_EPS_DYN_riseq2__v0,EV_S_qb0of3__None,C9_EPS_DYN_riseq2,0.18223137153135793,0.15703616256886455,0.025195208962493387,-0.49488866883491767,0.5291825095057034,15.19,253.05839416058393
FCF_OI_qb1of3__None__C11_EPS_DYN_qmax8__v0,FCF_OI_qb1of3__None,C11_EPS_DYN_qmax8,0.18222703736901935,0.10865218632260909,0.07357485104641026,-0.5771739396483604,0.5110985703536494,16.64,83.76394849785407
PB_qb0of3__FCF_P_qb1of3__C8_EPS_DYN_riseq1__v0,PB_qb0of3__FCF_P_qb1of3,C8_EPS_DYN_riseq1,0.18219842982923695,0.1810049825348956,0.0011934472943413432,-0.5846520199023707,0.5185458118398428,15.1,55.14736842105263
PS_qb0of3__EV_S_qb0of3__C13_EPS_DYN_ytdavg_gt_lyytdavg__v0,PS_qb0of3__EV_S_qb0of3,C13_EPS_DYN_ytdavg_gt_lyytdavg,0.18215634942120684,0.16026918058568085,0.021887168835525994,-0.4904621932977823,0.5076240108087242,14.19,179.28070175438597
PB_qb1of3__MOM_qb2of3__C4_ROE_DYN_qmax8__v0,PB_qb1of3__MOM_qb2of3,C4_ROE_DYN_qmax8,0.1821529623525746,0.14055424123730442,0.04159872111527019,-0.7278184785570543,0.5240196078431373,14.02,31.181818181818183
OCF_E_qb1of3__EV_EBITDA_qb0of3__C9_EPS_DYN_riseq2__v0,OCF_E_qb1of3__EV_EBITDA_qb0of3,C9_EPS_DYN_riseq2,0.18215238345014573,0.1611145807766723,0.021037802673473438,-0.5270319891015329,0.5281646227395552,15.4,71.85401459854015
EV_EBITDA_qb0of3__FCF_OI_qb1of3__C1_ROE_DYN_riseq1__v0,EV_EBITDA_qb0of3__FCF_OI_qb1of3,C1_ROE_DYN_riseq1,0.18210581770317202,0.1588416616824344,0.023264156020737614,-0.565300655254926,0.49922158796056043,14.01,79.52280701754385
PS_qb0of3__DEBTRATIO_qb0of3__C9_EPS_DYN_riseq2__v0,PS_qb0of3__DEBTRATIO_qb0of3,C9_EPS_DYN_riseq2,0.18210512480479846,0.16454566385826408,0.017559460946534378,-0.49845122254191043,0.5233463035019456,14.77,30.54014598540146
OCF_E_qb2of3__EV_EBITDA_qb0of3__C2_ROE_DYN_riseq2__v0,OCF_E_qb2of3__EV_EBITDA_qb0of3,C2_ROE_DYN_riseq2,0.18208806366727903,0.15339211904025563,0.028695944627023406,-0.37644793248512054,0.5150152850206797,16.55,89.99270072992701
P_IC_qb1of3__ROIC_qb2of3__C9_EPS_DYN_riseq2__v0,P_IC_qb1of3__ROIC_qb2of3,C9_EPS_DYN_riseq2,0.18199985354374548,0.16248848629635226,0.01951136724739322,-0.46243169535537143,0.5207100591715976,16.38,95.99270072992701
OCF_E_qb2of3__EV_EBITDA_qb0of3__C6_ROE_DYN_ytdavg_gt_lyytdavg__v0,OCF_E_qb2of3__EV_EBITDA_qb0of3,C6_ROE_DYN_ytdavg_gt_lyytdavg,0.1819948726620777,0.15339211904025563,0.028602753621822075,-0.41554390909391614,0.4966983078827899,15.44,80.52631578947368
MOM_qb2of3__DEBTRATIO_qb1of3__C5_ROE_DYN_yoy__v0,MOM_qb2of3__DEBTRATIO_qb1of3,C5_ROE_DYN_yoy,0.18192269999691213,0.13517618077461835,0.04674651922229378,-0.637194730527997,0.49037413730475843,17.01,90.056
PB_qb1of3__None__C11_EPS_DYN_qmax8__v0,PB_qb1of3__None,C11_EPS_DYN_qmax8,0.18190741292462742,0.1059915100055453,0.07591590291908212,-0.5674482320878019,0.5149288011024346,16.94,72.56223175965665
PB_qb0of3__ROE_qb1of3__None__v0,PB_qb0of3__ROE_qb1of3,None,0.18183368727864435,0.18183368727864435,0.0,-0.5312032679883569,0.5319207108680792,16.16,185.65993265993265
P_IC_qb0of3__FCF_P_qb1of3__C11_EPS_DYN_qmax8__v0,P_IC_qb0of3__FCF_P_qb1of3,C11_EPS_DYN_qmax8,0.18180884279547938,0.17643282368710866,0.005376019108370711,-0.7013552572098454,0.533695652173913,16.02,13.214592274678111
EV_S_qb0of3__NETDEBT_EBITDA_qb2of3__C10_EPS_DYN_qmax4__v0,EV_S_qb0of3__NETDEBT_EBITDA_qb2of3,C10_EPS_DYN_qmax4,0.1817752181559853,0.1541547522146991,0.0276204659412862,-0.5249384369396161,0.5023764258555133,12.94,36.213740458015266
ROE_qb2of3__FCF_P_qb0of3__C11_EPS_DYN_qmax8__v0,ROE_qb2of3__FCF_P_qb0of3,C11_EPS_DYN_qmax8,0.18171886403515414,0.10634093976900005,0.07537792426615408,-0.5077023141176975,0.49201741654571846,22.97,41.69527896995708
P_IC_qb0of3__OCF_E_qb2of3__None__v0,P_IC_qb0of3__OCF_E_qb2of3,None,0.18169077162055913,0.18169077162055913,0.0,-0.5287015430445334,0.516039603960396,16.61,131.37373737373738
MOM_qb2of3__FCF_P_qb2of3__C14_EPS_DYN_ytdavg_gt_lyavg__v0,MOM_qb2of3__FCF_P_qb2of3,C14_EPS_DYN_ytdavg_gt_lyavg,0.18165876676648574,0.15540904841423941,0.02624971835224632,-0.6116592501808746,0.5056878507507963,14.4,81.58245614035087
PB_qb1of3__ROE_qb2of3__C13_EPS_DYN_ytdavg_gt_lyytdavg__v0,PB_qb1of3__ROE_qb2of3,C13_EPS_DYN_ytdavg_gt_lyytdavg,0.18163993228354114,0.17368474528587585,0.007955186997665287,-0.47527583709448695,0.5075706214689265,15.87,84.29122807017544
EV_S_qb1of3__OCF_E_qb1of3__C11_EPS_DYN_qmax8__v0,EV_S_qb1of3__OCF_E_qb1of3,C11_EPS_DYN_qmax8,0.18163524880551285,0.11166086551822496,0.06997438328728789,-0.6135959792093513,0.5199523525908278,16.55,25.350649350649352
P_IC_qb0of3__PB_qb0of3__C8_EPS_DYN_riseq1__v0,P_IC_qb0of3__PB_qb0of3,C8_EPS_DYN_riseq1,0.18163063277135327,0.18573029068263458,-0.004099657911281307,-0.5762283604852982,0.5130718954248366,15.35,185.44561403508771
EV_EBITDA_qb0of3__DEBTRATIO_qb2of3__C10_EPS_DYN_qmax4__v0,EV_EBITDA_qb0of3__DEBTRATIO_qb2of3,C10_EPS_DYN_qmax4,0.18162603840980696,0.14301532522542537,0.038610713184381584,-0.45214715309184805,0.5006353240152478,15.15,50.8206106870229
P_IC_qb1of3__DEBTRATIO_qb0of3__C5_ROE_DYN_yoy__v0,P_IC_qb1of3__DEBTRATIO_qb0of3,C5_ROE_DYN_yoy,0.1816147412522504,0.1393426824369417,0.04227205881530871,-0.5555962184831769,0.5216482532099134,16.66,76.904
MOM_qb2of3__NETDEBT_EBITDA_qb2of3__C5_ROE_DYN_yoy__v0,MOM_qb2of3__NETDEBT_EBITDA_qb2of3,C5_ROE_DYN_yoy,0.1815902120287003,0.13535856297428794,0.04623164905441235,-0.6583147915142316,0.4677860210855135,16.04,84.8
MOM_qb2of3__OCF_E_qb1of3__C3_ROE_DYN_qmax4__v0,MOM_qb2of3__OCF_E_qb1of3,C3_ROE_DYN_qmax4,0.18157470288796906,0.13329269559525958,0.04828200729270948,-0.615608902787713,0.5182406209573092,14.69,50.38549618320611
PS_qb0of3__FCF_OI_qb1of3__C13_EPS_DYN_ytdavg_gt_lyytdavg__v0,PS_qb0of3__FCF_OI_qb1of3,C13_EPS_DYN_ytdavg_gt_lyytdavg,0.18156841798771262,0.1602886894689004,0.021279728518812213,-0.5011049408929967,0.4847715736040609,14.41,109.41052631578947
ROE_qb2of3__ACCRUAL_qb1of3__C11_EPS_DYN_qmax8__v0,ROE_qb2of3__ACCRUAL_qb1of3,C11_EPS_DYN_qmax8,0.1815582814972132,0.10780358903293696,0.07375469246427624,-0.5276458328572551,0.5152198421645998,18.29,40.13304721030043
P_IC_qb0of3__MOM_qb2of3__C10_EPS_DYN_qmax4__v0,P_IC_qb0of3__MOM_qb2of3,C10_EPS_DYN_qmax4,0.18151511139241694,0.18134305708824927,0.0001720543041676681,-0.6716793654920257,0.5252479711451759,13.95,63.38549618320611
ROE_qb2of3__DEBTRATIO_qb0of3__C4_ROE_DYN_qmax8__v0,ROE_qb2of3__DEBTRATIO_qb0of3,C4_ROE_DYN_qmax8,0.18143893817360102,0.10886193919574749,0.07257699897785352,-0.5328207472312019,0.5078534031413613,21.02,32.27896995708154
EV_S_qb0of3__ROIC_qb2of3__C19_FCF_P_DYN_yoy__v0,EV_S_qb0of3__ROIC_qb2of3,C19_FCF_P_DYN_yoy,0.1813874697130351,0.15799574490089796,0.023391724812137138,-0.5871330747693371,0.52191894127378,17.34,60.996
PB_qb0of3__ACCRUAL_qb0of3__C1_ROE_DYN_riseq1__v0,PB_qb0of3__ACCRUAL_qb0of3,C1_ROE_DYN_riseq1,0.1813622709685374,0.17652061393823848,0.004841657030298929,-0.5433050026077355,0.512116963749249,15.64,72.48771929824561
ROE_qb2of3__EV_EBITDA_qb0of3__C16_FCF_P_DYN_riseq2__v0,ROE_qb2of3__EV_EBITDA_qb0of3,C16_FCF_P_DYN_riseq2,0.18134796851895985,0.1751333441657017,0.006214624353258147,-0.49214084240210854,0.4996276991809382,16.4,63.95985401459854
P_IC_qb0of3__MOM_qb2of3__None__v0,P_IC_qb0of3__MOM_qb2of3,None,0.18134305708824927,0.18134305708824927,0.0,-0.651562596336962,0.47437118902439024,14.36,155.16835016835017
PS_qb0of3__OCF_E_qb1of3__C13_EPS_DYN_ytdavg_gt_lyytdavg__v0,PS_qb0of3__OCF_E_qb1of3,C13_EPS_DYN_ytdavg_gt_lyytdavg,0.181338180142397,0.16105240877452465,0.02028577136787235,-0.5273511930861052,0.5011633317822243,15.16,66.91228070175438
MOM_qb2of3__NETDEBT_EBITDA_qb2of3__C12_EPS_DYN_yoy__v0,MOM_qb2of3__NETDEBT_EBITDA_qb2of3,C12_EPS_DYN_yoy,0.18133394282774296,0.13535856297428794,0.04597537985345501,-0.6613135322096313,0.4677114803625378,16.26,88.008
MOM_qb2of3__ROE_qb2of3__C19_FCF_P_DYN_yoy__v0,MOM_qb2of3__ROE_qb2of3,C19_FCF_P_DYN_yoy,0.18133370522882397,0.1649096027006769,0.016424102528147078,-0.6449707680014639,0.5078874110733065,17.11,94.364
FCF_OI_qb1of3__FCF_P_qb2of3__C8_EPS_DYN_riseq1__v0,FCF_OI_qb1of3__FCF_P_qb2of3,C8_EPS_DYN_riseq1,0.18128996685280407,0.1661308330210336,0.015159133831770477,-0.5560188286868797,0.49256900212314225,13.97,47.045614035087716
P_IC_qb0of3__PB_qb0of3__C1_ROE_DYN_riseq1__v0,P_IC_qb0of3__PB_qb0of3,C1_ROE_DYN_riseq1,0.18128156673261753,0.18573029068263458,-0.004448723950017053,-0.5753705161230585,0.5142256060909637,15.26,184.09122807017545
EV_S_qb1of3__NETDEBT_EBITDA_qb2of3__C3_ROE_DYN_qmax4__v0,EV_S_qb1of3__NETDEBT_EBITDA_qb2of3,C3_ROE_DYN_qmax4,0.18127564853838996,0.12592618420732227,0.05534946433106769,-0.6220887877299739,0.4867818117729997,15.35,45.95038167938932
MOM_qb2of3__ROIC_qb2of3__C13_EPS_DYN_ytdavg_gt_lyytdavg__v0,MOM_qb2of3__ROIC_qb2of3,C13_EPS_DYN_ytdavg_gt_lyytdavg,0.18124729747483537,0.15843219174837309,0.02281510572646228,-0.597957601656812,0.48509204044594245,15.11,118.29122807017544
MOM_qb2of3__FCF_P_qb1of3__C5_ROE_DYN_yoy__v0,MOM_qb2of3__FCF_P_qb1of3,C5_ROE_DYN_yoy,0.18124603188541677,0.12449311185748302,0.05675292002793375,-0.6597313208404059,0.49204599149472356,16.93,90.392
DEBTRATIO_qb2of3__FCF_P_qb2of3__C11_EPS_DYN_qmax8__v0,DEBTRATIO_qb2of3__FCF_P_qb2of3,C11_EPS_DYN_qmax8,0.1811843446328225,0.13414183650936895,0.047042508123453564,-0.5784503410034618,0.5206445115810675,17.49,30.188841201716738
OCF_E_qb2of3__EV_EBITDA_qb0of3__C7_ROE_DYN_ytdavg_gt_lyavg__v0,OCF_E_qb2of3__EV_EBITDA_qb0of3,C7_ROE_DYN_ytdavg_gt_lyavg,0.18115146424337736,0.15339211904025563,0.027759345203121732,-0.40625395689749755,0.49377768403290445,15.3,78.20701754385965
OCF_E_qb2of3__NETDEBT_EBITDA_qb2of3__C10_EPS_DYN_qmax4__v0,OCF_E_qb2of3__NETDEBT_EBITDA_qb2of3,C10_EPS_DYN_qmax4,0.18114973178270088,0.12059306705584905,0.06055666472685184,-0.5653536504412677,0.5044977511244377,16.62,39.93511450381679
EV_S_qb0of3__None__C13_EPS_DYN_ytdavg_gt_lyytdavg__v0,EV_S_qb0of3__None,C13_EPS_DYN_ytdavg_gt_lyytdavg,0.1811372778532656,0.15703616256886455,0.024101115284401065,-0.5118506933919013,0.5146198830409356,14.44,229.77543859649123
P_IC_qb0of3__NETDEBT_EBITDA_qb1of3__C8_EPS_DYN_riseq1__v0,P_IC_qb0of3__NETDEBT_EBITDA_qb1of3,C8_EPS_DYN_riseq1,0.18111617468913122,0.1828242597650629,-0.0017080850759316757,-0.5133946646988046,0.5134109997290707,15.62,58.564912280701755
PB_qb0of3__NETDEBT_EBITDA_qb2of3__C1_ROE_DYN_riseq1__v0,PB_qb0of3__NETDEBT_EBITDA_qb2of3,C1_ROE_DYN_riseq1,0.18106052397594108,0.17628642719528287,0.00477409678065821,-0.602257769154222,0.5062898500775461,15.44,106.88070175438597
MOM_qb2of3__ROE_qb1of3__C11_EPS_DYN_qmax8__v0,MOM_qb2of3__ROE_qb1of3,C11_EPS_DYN_qmax8,0.18105946930494343,0.142453064325746,0.03860640497919743,-0.5717739004439895,0.5161111111111111,14.57,27.432900432900432
EV_S_qb0of3__NETDEBT_EBITDA_qb0of3__C2_ROE_DYN_riseq2__v0,EV_S_qb0of3__NETDEBT_EBITDA_qb0of3,C2_ROE_DYN_riseq2,0.18101842492013254,0.15451356457625898,0.02650486034387356,-0.5917515715985855,0.5440783615316117,14.63,95.30656934306569
MOM_qb2of3__NETDEBT_EBITDA_qb0of3__C9_EPS_DYN_riseq2__v0,MOM_qb2of3__NETDEBT_EBITDA_qb0of3,C9_EPS_DYN_riseq2,0.1810139909383235,0.141070955355993,0.03994303558233048,-0.6666485023675497,0.5024509803921569,14.6,76.83211678832117
PB_qb0of3__FCF_P_qb1of3__None__v0,PB_qb0of3__FCF_P_qb1of3,None,0.1810049825348956,0.1810049825348956,0.0,-0.5821890448969773,0.50996138996139,15.42,102.03367003367003
FCF_OI_qb1of3__None__C4_ROE_DYN_qmax8__v0,FCF_OI_qb1of3__None,C4_ROE_DYN_qmax8,0.18098161498415322,0.10865218632260909,0.07232942866154413,-0.6123111073645436,0.5198040885860307,16.02,72.45922746781116
PS_qb0of3__FCF_OI_qb1of3__C9_EPS_DYN_riseq2__v0,PS_qb0of3__FCF_OI_qb1of3,C9_EPS_DYN_riseq2,0.18095241391176975,0.1602886894689004,0.020663724442869347,-0.5180602223015973,0.5104885259749402,15.06,120.97080291970804
PS_qb0of3__DEBTRATIO_qb2of3__C7_ROE_DYN_ytdavg_gt_lyavg__v0,PS_qb0of3__DEBTRATIO_qb2of3,C7_ROE_DYN_ytdavg_gt_lyavg,0.18087377060757737,0.16192316720535427,0.0189506034022231,-0.5249421664734585,0.4977649224296608,14.46,116.99298245614035
EV_S_qb0of3__ROE_qb2of3__C7_ROE_DYN_ytdavg_gt_lyavg__v0,EV_S_qb0of3__ROE_qb2of3,C7_ROE_DYN_ytdavg_gt_lyavg,0.18085160755394147,0.16125483918444772,0.019596768369493756,-0.4025818541929118,0.501547250654606,15.0,81.87719298245614
P_IC_qb1of3__ROIC_qb2of3__C2_ROE_DYN_riseq2__v0,P_IC_qb1of3__ROIC_qb2of3,C2_ROE_DYN_riseq2,0.18083453168981078,0.16248848629635226,0.01834604539345852,-0.49371288289945725,0.5206101325585618,16.47,96.22992700729927
P_IC_qb0of3__None__C8_EPS_DYN_riseq1__v0,P_IC_qb0of3__None,C8_EPS_DYN_riseq1,0.18082598544573436,0.17867438611691733,0.002151599328817033,-0.5592691409011039,0.51053917824958,15.12,245.3719298245614
ROE_qb2of3__DEBTRATIO_qb2of3__C3_ROE_DYN_qmax4__v0,ROE_qb2of3__DEBTRATIO_qb2of3,C3_ROE_DYN_qmax4,0.18080066306033538,0.11194290084226521,0.06885776221807016,-0.39252670633268505,0.49779638607315996,16.04,70.87022900763358
EV_S_qb0of3__ACCRUAL_qb0of3__C8_EPS_DYN_riseq1__v0,EV_S_qb0of3__ACCRUAL_qb0of3,C8_EPS_DYN_riseq1,0.18079040983411443,0.15433085717622674,0.026459552657887686,-0.5352822707128242,0.4981260647359455,15.22,81.3719298245614
P_IC_qb0of3__FCF_OI_qb1of3__C16_FCF_P_DYN_riseq2__v0,P_IC_qb0of3__FCF_OI_qb1of3,C16_FCF_P_DYN_riseq2,0.18075745995752035,0.1841328203450041,-0.003375360387483761,-0.5858065887607796,0.48588747868914567,14.44,80.14233576642336
PS_qb0of3__FCF_OI_qb1of3__C3_ROE_DYN_qmax4__v0,PS_qb0of3__FCF_OI_qb1of3,C3_ROE_DYN_qmax4,0.18071937269608962,0.1602886894689004,0.020430683227189217,-0.5465054498714004,0.5209737013692676,13.63,67.04961832061069
PB_qb1of3__MOM_qb2of3__C10_EPS_DYN_qmax4__v0,PB_qb1of3__MOM_qb2of3,C10_EPS_DYN_qmax4,0.18068084441883925,0.14055424123730442,0.040126603181534826,-0.6877874591146885,0.5191098209966134,14.67,56.58015267175573
MOM_qb2of3__ROE_qb2of3__C1_ROE_DYN_riseq1__v0,MOM_qb2of3__ROE_qb2of3,C1_ROE_DYN_riseq1,0.18061074705649816,0.1649096027006769,0.01570114435582126,-0.675638861824424,0.5115899444988573,14.8,120.98947368421052
PS_qb0of3__ROE_qb2of3__C18_FCF_P_DYN_qmax8__v0,PS_qb0of3__ROE_qb2of3,C18_FCF_P_DYN_qmax8,0.18060894853261344,0.16803068714784408,0.012578261384769363,-0.6168399273377719,0.4841666666666667,16.38,16.397379912663755
PB_qb0of3__NETDEBT_EBITDA_qb0of3__C20_FCF_P_DYN_ytdavg_gt_lyytdavg__v0,PB_qb0of3__NETDEBT_EBITDA_qb0of3,C20_FCF_P_DYN_ytdavg_gt_lyytdavg,0.18058005046501058,0.18598838212849822,-0.005408331663487642,-0.5685085847552492,0.55320813771518,15.83,68.50526315789473
P_IC_qb0of3__FCF_P_qb1of3__C10_EPS_DYN_qmax4__v0,P_IC_qb0of3__FCF_P_qb1of3,C10_EPS_DYN_qmax4,0.18053534710084862,0.17643282368710866,0.004102523413739956,-0.560283479378981,0.5363489499192245,14.5,25.263358778625953
PB_qb0of3__None__None__v0,PB_qb0of3__None,None,0.18050911811184078,0.18050911811184078,0.0,-0.5768944034944556,0.6852870024191775,16.07,463.010101010101
PS_qb0of3__DEBTRATIO_qb0of3__C6_ROE_DYN_ytdavg_gt_lyytdavg__v0,PS_qb0of3__DEBTRATIO_qb0of3,C6_ROE_DYN_ytdavg_gt_lyytdavg,0.18047028301784773,0.16454566385826408,0.015924619159583653,-0.47668933116894874,0.5509641873278237,14.1,25.894736842105264
EV_S_qb0of3__ROE_qb2of3__C3_ROE_DYN_qmax4__v0,EV_S_qb0of3__ROE_qb2of3,C3_ROE_DYN_qmax4,0.18046550715295218,0.16125483918444772,0.019210667968504458,-0.43698256640248767,0.5095896520963425,16.2,66.97328244274809
EV_EBITDA_qb0of3__NETDEBT_EBITDA_qb0of3__C13_EPS_DYN_ytdavg_gt_lyytdavg__v0,EV_EBITDA_qb0of3__NETDEBT_EBITDA_qb0of3,C13_EPS_DYN_ytdavg_gt_lyytdavg,0.18046112099889822,0.14659325251889155,0.03386786848000667,-0.5788980895252073,0.514005197805371,15.13,83.17894736842105
EV_EBITDA_qb0of3__None__C10_EPS_DYN_qmax4__v0,EV_EBITDA_qb0of3__None,C10_EPS_DYN_qmax4,0.18044404640101086,0.1454246752563002,0.035019371144710654,-0.47373067150080883,0.5052744886975242,15.91,152.85496183206106
DEBTRATIO_qb2of3__NETDEBT_EBITDA_qb2of3__C3_ROE_DYN_qmax4__v0,DEBTRATIO_qb2of3__NETDEBT_EBITDA_qb2of3,C3_ROE_DYN_qmax4,0.1804024772620747,0.11915400596730308,0.06124847129477162,-0.5863537708502342,0.4938811188811189,15.28,79.32442748091603
OCF_E_qb2of3__FCF_P_qb2of3__C4_ROE_DYN_qmax8__v0,OCF_E_qb2of3__FCF_P_qb2of3,C4_ROE_DYN_qmax8,0.18038789571834335,0.12762602498232223,0.05276187073602112,-0.5709154817107902,0.5235551238465275,19.56,30.30901287553648
PS_qb0of3__ROIC_qb1of3__C7_ROE_DYN_ytdavg_gt_lyavg__v0,PS_qb0of3__ROIC_qb1of3,C7_ROE_DYN_ytdavg_gt_lyavg,0.18036625101019665,0.16094874682218596,0.019417504188010692,-0.5250718945903812,0.5129245887630848,14.09,99.01754385964912
ROE_qb2of3__ROIC_qb2of3__C11_EPS_DYN_qmax8__v0,ROE_qb2of3__ROIC_qb2of3,C11_EPS_DYN_qmax8,0.18035534153991395,0.10497732735766574,0.07537801418224821,-0.49195295748495105,0.4998490793842439,20.02,122.1030042918455
PS_qb0of3__DEBTRATIO_qb0of3__C14_EPS_DYN_ytdavg_gt_lyavg__v0,PS_qb0of3__DEBTRATIO_qb0of3,C14_EPS_DYN_ytdavg_gt_lyavg,0.18030639420318217,0.16454566385826408,0.015760730344918095,-0.5178169616983856,0.531934306569343,13.81,25.48421052631579
PS_qb0of3__EV_S_qb0of3__C6_ROE_DYN_ytdavg_gt_lyytdavg__v0,PS_qb0of3__EV_S_qb0of3,C6_ROE_DYN_ytdavg_gt_lyytdavg,0.18028238564795274,0.16026918058568085,0.020013205062271888,-0.48409873305871154,0.5155796400232243,14.06,172.1263157894737
P_IC_qb1of3__ROIC_qb2of3__C14_EPS_DYN_ytdavg_gt_lyavg__v0,P_IC_qb1of3__ROIC_qb2of3,C14_EPS_DYN_ytdavg_gt_lyavg,0.18025842476724385,0.16248848629635226,0.01776993847089159,-0.42749724801886213,0.49295774647887325,15.75,82.2421052631579
FCF_OI_qb1of3__FCF_P_qb2of3__C14_EPS_DYN_ytdavg_gt_lyavg__v0,FCF_OI_qb1of3__FCF_P_qb2of3,C14_EPS_DYN_ytdavg_gt_lyavg,0.18020052164557399,0.1661308330210336,0.014069688624540388,-0.4577695638688424,0.4825468648998061,14.39,41.291228070175436
EV_S_qb0of3__ROE_qb2of3__C10_EPS_DYN_qmax4__v0,EV_S_qb0of3__ROE_qb2of3,C10_EPS_DYN_qmax4,0.1801794039616238,0.16125483918444772,0.01892456477717608,-0.46022219904481987,0.5114216012419606,16.43,69.58015267175573
PS_qb0of3__None__C6_ROE_DYN_ytdavg_gt_lyytdavg__v0,PS_qb0of3__None,C6_ROE_DYN_ytdavg_gt_lyytdavg,0.18016410460236143,0.16434511041889355,0.015818994183467883,-0.5078689887380379,0.5101566134284385,14.47,223.36140350877193
PS_qb0of3__OCF_E_qb1of3__C6_ROE_DYN_ytdavg_gt_lyytdavg__v0,PS_qb0of3__OCF_E_qb1of3,C6_ROE_DYN_ytdavg_gt_lyytdavg,0.1800720269406444,0.16105240877452465,0.019019618166119745,-0.5114473395270767,0.5058394160583941,15.03,64.67368421052632
PB_qb0of3__MOM_qb2of3__C1_ROE_DYN_riseq1__v0,PB_qb0of3__MOM_qb2of3,C1_ROE_DYN_riseq1,0.18000198981595794,0.17784854968810193,0.00215344012785601,-0.666231198728229,0.5091909104067158,14.01,91.1438596491228
PB_qb0of3__ROE_qb2of3__C3_ROE_DYN_qmax4__v0,PB_qb0of3__ROE_qb2of3,C3_ROE_DYN_qmax4,0.17999692023063107,0.20669866335001674,-0.026701743119385668,-0.4902793699165954,0.5164319248826291,16.63,32.087786259541986
EV_S_qb0of3__None__C6_ROE_DYN_ytdavg_gt_lyytdavg__v0,EV_S_qb0of3__None,C6_ROE_DYN_ytdavg_gt_lyytdavg,0.17998359972030387,0.15703616256886455,0.02294743715143932,-0.5067209857419718,0.5216300940438872,14.29,220.13333333333333
EV_EBITDA_qb1of3__ROIC_qb1of3__C11_EPS_DYN_qmax8__v0,EV_EBITDA_qb1of3__ROIC_qb1of3,C11_EPS_DYN_qmax8,0.1799791303302709,0.12513866146333696,0.054840468866933945,-0.6867160904413759,0.519208381839348,15.62,27.751072961373392
EV_S_qb0of3__None__C2_ROE_DYN_riseq2__v0,EV_S_qb0of3__None,C2_ROE_DYN_riseq2,0.1799670900091288,0.15703616256886455,0.02293092744026426,-0.5191286609335763,0.5312529640519776,15.19,250.23357664233578
PS_qb0of3__MOM_qb2of3__C19_FCF_P_DYN_yoy__v0,PS_qb0of3__MOM_qb2of3,C19_FCF_P_DYN_yoy,0.1798963314094144,0.18527143734118923,-0.005375105931774815,-0.6526140565085756,0.5090557411640584,15.2,82.8
NETDEBT_EBITDA_qb2of3__FCF_P_qb2of3__C3_ROE_DYN_qmax4__v0,NETDEBT_EBITDA_qb2of3__FCF_P_qb2of3,C3_ROE_DYN_qmax4,0.17988574698658333,0.130367316892525,0.04951843009405832,-0.5920638824776665,0.5161290322580645,14.3,44.30916030534351
PB_qb1of3__ROIC_qb2of3__C7_ROE_DYN_ytdavg_gt_lyavg__v0,PB_qb1of3__ROIC_qb2of3,C7_ROE_DYN_ytdavg_gt_lyavg,0.17984927483789304,0.15726720889947043,0.022582065938422602,-0.4661217502240157,0.5028195488721805,15.76,77.12631578947368
MOM_qb2of3__ROIC_qb2of3__C10_EPS_DYN_qmax4__v0,MOM_qb2of3__ROIC_qb2of3,C10_EPS_DYN_qmax4,0.17984236714440804,0.15843219174837309,0.02141017539603496,-0.626842158798107,0.5098777046095955,15.73,91.55725190839695
OCF_E_qb2of3__EV_EBITDA_qb1of3__C11_EPS_DYN_qmax8__v0,OCF_E_qb2of3__EV_EBITDA_qb1of3,C11_EPS_DYN_qmax8,0.1798114542643039,0.12133006898882948,0.05848138527547442,-0.7380429557490794,0.521585557299843,17.96,40.201716738197426
MOM_qb2of3__ROE_qb2of3__C16_FCF_P_DYN_riseq2__v0,MOM_qb2of3__ROE_qb2of3,C16_FCF_P_DYN_riseq2,0.17975259583622494,0.1649096027006769,0.014842993135548044,-0.652065207494245,0.5061157517899761,15.48,91.89416058394161
OCF_E_qb2of3__None__C11_EPS_DYN_qmax8__v0,OCF_E_qb2of3__None,C11_EPS_DYN_qmax8,0.1797393489511523,0.10702478116805669,0.0727145677830956,-0.4877431365675001,0.506710824472721,19.45,98.33905579399142
EV_EBITDA_qb0of3__None__C9_EPS_DYN_riseq2__v0,EV_EBITDA_qb0of3__None,C9_EPS_DYN_riseq2,0.1797214144737489,0.1454246752563002,0.03429673921744869,-0.4916576232353942,0.506625224930476,16.07,247.13503649635035
MOM_qb2of3__OCF_E_qb1of3__C10_EPS_DYN_qmax4__v0,MOM_qb2of3__OCF_E_qb1of3,C10_EPS_DYN_qmax4,0.1797202081588536,0.13329269559525958,0.04642751256359401,-0.6274399562277522,0.5223985067662156,14.86,56.36641221374046
OCF_E_qb2of3__ROE_qb2of3__C18_FCF_P_DYN_qmax8__v0,OCF_E_qb2of3__ROE_qb2of3,C18_FCF_P_DYN_qmax8,0.179710741249975,0.11168724670811869,0.0680234945418563,-0.6514468407354109,0.47191528545119704,21.71,27.931330472103003
EV_EBITDA_qb0of3__NETDEBT_EBITDA_qb0of3__C7_ROE_DYN_ytdavg_gt_lyavg__v0,EV_EBITDA_qb0of3__NETDEBT_EBITDA_qb0of3,C7_ROE_DYN_ytdavg_gt_lyavg,0.17968324941897817,0.14659325251889155,0.03308999690008663,-0.5892675233178681,0.5145750230131942,14.89,74.02105263157895
PS_qb0of3__ROE_qb2of3__C6_ROE_DYN_ytdavg_gt_lyytdavg__v0,PS_qb0of3__ROE_qb2of3,C6_ROE_DYN_ytdavg_gt_lyytdavg,0.17966352840051836,0.16803068714784408,0.011632841252674275,-0.37071261864405036,0.4895418326693227,15.18,80.59298245614035
DEBTRATIO_qb2of3__FCF_P_qb2of3__C3_ROE_DYN_qmax4__v0,DEBTRATIO_qb2of3__FCF_P_qb2of3,C3_ROE_DYN_qmax4,0.17964938621898296,0.13414183650936895,0.045507549709614015,-0.4895118658434081,0.5148311306901615,15.4,48.80534351145038
FCF_OI_qb1of3__FCF_P_qb2of3__C13_EPS_DYN_ytdavg_gt_lyytdavg__v0,FCF_OI_qb1of3__FCF_P_qb2of3,C13_EPS_DYN_ytdavg_gt_lyytdavg,0.1795995575021161,0.1661308330210336,0.013468724481082495,-0.44202957619428385,0.48728287841191065,14.74,43.045614035087716
P_IC_qb0of3__FCF_P_qb1of3__C19_FCF_P_DYN_yoy__v0,P_IC_qb0of3__FCF_P_qb1of3,C19_FCF_P_DYN_yoy,0.17954971780714035,0.17643282368710866,0.003116894120031688,-0.5842043286065237,0.4885687441277795,16.88,45.416
P_IC_qb0of3__FCF_P_qb1of3__C1_ROE_DYN_riseq1__v0,P_IC_qb0of3__FCF_P_qb1of3,C1_ROE_DYN_riseq1,0.17945148886356388,0.17643282368710866,0.0030186651764552153,-0.5665464241408775,0.5140947399011915,15.18,45.824561403508774
ROE_qb1of3__FCF_P_qb2of3__C10_EPS_DYN_qmax4__v0,ROE_qb1of3__FCF_P_qb2of3,C10_EPS_DYN_qmax4,0.17939508348535305,0.12843923926750733,0.050955844217845714,-0.582528008985409,0.5327313769751693,14.63,43.62595419847328
PS_qb0of3__OCF_E_qb1of3__C12_EPS_DYN_yoy__v0,PS_qb0of3__OCF_E_qb1of3,C12_EPS_DYN_yoy,0.1793848447409685,0.16105240877452465,0.01833243596644385,-0.5328621836227734,0.5106619280319857,16.78,71.952
MOM_qb2of3__DEBTRATIO_qb2of3__C6_ROE_DYN_ytdavg_gt_lyytdavg__v0,MOM_qb2of3__DEBTRATIO_qb2of3,C6_ROE_DYN_ytdavg_gt_lyytdavg,0.1793372150919168,0.1409681494808137,0.03836906561110309,-0.6573561504497573,0.46840354767184034,14.55,84.03859649122808
EV_EBITDA_qb1of3__DEBTRATIO_qb2of3__C4_ROE_DYN_qmax8__v0,EV_EBITDA_qb1of3__DEBTRATIO_qb2of3,C4_ROE_DYN_qmax8,0.17933179190752946,0.13449319651294744,0.044838595394582015,-0.6043300096721472,0.5230769230769231,17.85,27.317596566523605
PS_qb0of3__DEBTRATIO_qb2of3__C9_EPS_DYN_riseq2__v0,PS_qb0of3__DEBTRATIO_qb2of3,C9_EPS_DYN_riseq2,0.1793205418970314,0.16192316720535427,0.017397374691677125,-0.5112160916564412,0.5092529129540782,15.56,138.76642335766422
PS_qb0of3__DEBTRATIO_qb1of3__C10_EPS_DYN_qmax4__v0,PS_qb0of3__DEBTRATIO_qb1of3,C10_EPS_DYN_qmax4,0.1792973579247943,0.16164172783718755,0.017655630087606733,-0.5391172006017136,0.513669990350595,14.11,50.51145038167939
ROE_qb2of3__EV_EBITDA_qb0of3__C3_ROE_DYN_qmax4__v0,ROE_qb2of3__EV_EBITDA_qb0of3,C3_ROE_DYN_qmax4,0.1792783128817088,0.1751333441657017,0.004144968716007114,-0.3950313423312395,0.5002086811352254,17.33,71.3969465648855
PS_qb0of3__MOM_qb2of3__C20_FCF_P_DYN_ytdavg_gt_lyytdavg__v0,PS_qb0of3__MOM_qb2of3,C20_FCF_P_DYN_ytdavg_gt_lyytdavg,0.17927598176024984,0.18527143734118923,-0.005995455580939391,-0.6547939543942318,0.4982307147912243,13.56,78.94385964912281
PS_qb0of3__DEBTRATIO_qb2of3__C6_ROE_DYN_ytdavg_gt_lyytdavg__v0,PS_qb0of3__DEBTRATIO_qb2of3,C6_ROE_DYN_ytdavg_gt_lyytdavg,0.17927408438971915,0.16192316720535427,0.017350917184364878,-0.5194072754472636,0.4931248314909679,14.5,120.74385964912281
ROIC_qb1of3__FCF_P_qb2of3__C4_ROE_DYN_qmax8__v0,ROIC_qb1of3__FCF_P_qb2of3,C4_ROE_DYN_qmax8,0.179267488538418,0.13214928588991603,0.04711820264850197,-0.6167893536183011,0.5189873417721519,19.16,22.566523605150216
MOM_qb2of3__NETDEBT_EBITDA_qb0of3__C2_ROE_DYN_riseq2__v0,MOM_qb2of3__NETDEBT_EBITDA_qb0of3,C2_ROE_DYN_riseq2,0.17923534102528604,0.141070955355993,0.03816438566929303,-0.6628925416890357,0.5003841721091049,14.86,75.64598540145985
EV_S_qb0of3__ROIC_qb2of3__C14_EPS_DYN_ytdavg_gt_lyavg__v0,EV_S_qb0of3__ROIC_qb2of3,C14_EPS_DYN_ytdavg_gt_lyavg,0.1792002685969203,0.15799574490089796,0.021204523696022326,-0.4358483648628113,0.48727087576374745,15.32,76.1438596491228
PB_qb0of3__DEBTRATIO_qb2of3__C16_FCF_P_DYN_riseq2__v0,PB_qb0of3__DEBTRATIO_qb2of3,C16_FCF_P_DYN_riseq2,0.17919340945164808,0.18635950857908368,-0.007166099127435599,-0.5886527948274995,0.5223523150612027,16.54,84.24087591240875
EV_S_qb0of3__ROIC_qb2of3__C8_EPS_DYN_riseq1__v0,EV_S_qb0of3__ROIC_qb2of3,C8_EPS_DYN_riseq1,0.17918746517731243,0.15799574490089796,0.021191720276414472,-0.5116656567034369,0.49882395512936495,15.43,83.32982456140351
OCF_E_qb2of3__FCF_P_qb0of3__C11_EPS_DYN_qmax8__v0,OCF_E_qb2of3__FCF_P_qb0of3,C11_EPS_DYN_qmax8,0.17918457506041707,0.10663543740601678,0.0725491376544003,-0.46049169956940805,0.4840897235263432,21.93,28.472103004291846
PB_qb1of3__MOM_qb2of3__C12_EPS_DYN_yoy__v0,PB_qb1of3__MOM_qb2of3,C12_EPS_DYN_yoy,0.17916052979801655,0.14055424123730442,0.03860628856071213,-0.6791171587541939,0.4908264601918869,15.54,94.636
EV_S_qb0of3__ROIC_qb2of3__C2_ROE_DYN_riseq2__v0,EV_S_qb0of3__ROIC_qb2of3,C2_ROE_DYN_riseq2,0.17898627986735693,0.15799574490089796,0.020990534966458974,-0.5022623552221901,0.512762916071064,15.81,87.48175182481752
PB_qb0of3__MOM_qb2of3__C8_EPS_DYN_riseq1__v0,PB_qb0of3__MOM_qb2of3,C8_EPS_DYN_riseq1,0.17888404165727567,0.17784854968810193,0.0010354919691737408,-0.6603445772101031,0.507542647680812,14.61,93.86315789473684
EV_EBITDA_qb0of3__ROIC_qb2of3__C15_FCF_P_DYN_riseq1__v0,EV_EBITDA_qb0of3__ROIC_qb2of3,C15_FCF_P_DYN_riseq1,0.17888080012920216,0.17195031758070844,0.0069304825484937105,-0.4937309835410624,0.4565564424173318,16.07,59.11578947368421
P_IC_qb0of3__MOM_qb2of3__C20_FCF_P_DYN_ytdavg_gt_lyytdavg__v0,P_IC_qb0of3__MOM_qb2of3,C20_FCF_P_DYN_ytdavg_gt_lyytdavg,0.17885780188551514,0.18134305708824927,-0.002485255202734127,-0.6598394881634373,0.4848377997179126,14.11,79.21052631578948
EV_EBITDA_qb0of3__DEBTRATIO_qb2of3__C13_EPS_DYN_ytdavg_gt_lyytdavg__v0,EV_EBITDA_qb0of3__DEBTRATIO_qb2of3,C13_EPS_DYN_ytdavg_gt_lyytdavg,0.17885390576728555,0.14301532522542537,0.03583858054186018,-0.45234706231443134,0.4864864864864865,14.93,77.19649122807017
MOM_qb2of3__FCF_P_qb1of3__C9_EPS_DYN_riseq2__v0,MOM_qb2of3__FCF_P_qb1of3,C9_EPS_DYN_riseq2,0.1788190571214887,0.12449311185748302,0.05432594526400569,-0.6197557874767821,0.5037199124726477,15.57,90.74087591240875
EV_S_qb1of3__NETDEBT_EBITDA_qb2of3__C10_EPS_DYN_qmax4__v0,EV_S_qb1of3__NETDEBT_EBITDA_qb2of3,C10_EPS_DYN_qmax4,0.17881795188465732,0.12592618420732227,0.052891767677335055,-0.6126526802202202,0.4857539958304378,15.87,47.51145038167939
EV_S_qb0of3__ROE_qb2of3__C6_ROE_DYN_ytdavg_gt_lyytdavg__v0,EV_S_qb0of3__ROE_qb2of3,C6_ROE_DYN_ytdavg_gt_lyytdavg,0.1787225146587914,0.16125483918444772,0.01746767547434369,-0.40999346843317486,0.5027335984095428,15.05,82.83157894736843
MOM_qb2of3__NETDEBT_EBITDA_qb0of3__C8_EPS_DYN_riseq1__v0,MOM_qb2of3__NETDEBT_EBITDA_qb0of3,C8_EPS_DYN_riseq1,0.17868767258254126,0.141070955355993,0.037616717226548246,-0.6763367037602176,0.4945709281961471,14.02,74.99298245614035
PB_qb1of3__ROIC_qb2of3__C8_EPS_DYN_riseq1__v0,PB_qb1of3__ROIC_qb2of3,C8_EPS_DYN_riseq1,0.1786855143725763,0.15726720889947043,0.02141830547310586,-0.5223469890673467,0.5151861528412802,16.24,90.16842105263157
P_IC_qb0of3__None__None__v0,P_IC_qb0of3__None,None,0.17867438611691733,0.17867438611691733,0.0,-0.5713605770152994,0.6812738853503185,15.9,463.010101010101
EV_EBITDA_qb0of3__ROIC_qb1of3__C18_FCF_P_DYN_qmax8__v0,EV_EBITDA_qb0of3__ROIC_qb1of3,C18_FCF_P_DYN_qmax8,0.17858266107463083,0.17304387553983713,0.0055387855347937,-0.6222905978666531,0.5182648401826484,16.6,12.385964912280702
MOM_qb1of3__ROE_qb2of3__C4_ROE_DYN_qmax8__v0,MOM_qb1of3__ROE_qb2of3,C4_ROE_DYN_qmax8,0.1785032308067862,0.10831556437834422,0.07018766642844199,-0.689352504428463,0.5393150024119633,19.97,28.96137339055794
OCF_E_qb2of3__EV_EBITDA_qb0of3__C13_EPS_DYN_ytdavg_gt_lyytdavg__v0,OCF_E_qb2of3__EV_EBITDA_qb0of3,C13_EPS_DYN_ytdavg_gt_lyytdavg,0.1784362642645969,0.15339211904025563,0.025044145224341285,-0.40499718231503234,0.49392633228840127,15.62,85.6842105263158
PS_qb0of3__EV_S_qb0of3__C9_EPS_DYN_riseq2__v0,PS_qb0of3__EV_S_qb0of3,C9_EPS_DYN_riseq2,0.17842826169185289,0.16026918058568085,0.018159081106172037,-0.47751582089667544,0.5164742664742664,15.32,197.95985401459853
MOM_qb2of3__FCF_P_qb1of3__C4_ROE_DYN_qmax8__v0,MOM_qb2of3__FCF_P_qb1of3,C4_ROE_DYN_qmax8,0.17841146571221445,0.12449311185748302,0.05391835385473143,-0.7789341887896235,0.5144859813084112,16.78,31.15021459227468
PS_qb0of3__ROIC_qb1of3__C9_EPS_DYN_riseq2__v0,PS_qb0of3__ROIC_qb1of3,C9_EPS_DYN_riseq2,0.1783715604361671,0.16094874682218596,0.017422813613981125,-0.4997908234434214,0.5233810059456854,14.98,115.06569343065694
P_IC_qb1of3__ROIC_qb2of3__C3_ROE_DYN_qmax4__v0,P_IC_qb1of3__ROIC_qb2of3,C3_ROE_DYN_qmax4,0.17836151162069558,0.16248848629635226,0.015873025324343315,-0.46525874785055543,0.5205949656750573,16.29,63.5
PS_qb0of3__DEBTRATIO_qb2of3__C2_ROE_DYN_riseq2__v0,PS_qb0of3__DEBTRATIO_qb2of3,C2_ROE_DYN_riseq2,0.17832217647692805,0.16192316720535427,0.016399009271573783,-0.545230376940383,0.5131105398457584,15.5,135.85766423357666
PB_qb0of3__NETDEBT_EBITDA_qb0of3__C15_FCF_P_DYN_riseq1__v0,PB_qb0of3__NETDEBT_EBITDA_qb0of3,C15_FCF_P_DYN_riseq1,0.17821824467676795,0.18598838212849822,-0.007770137451730275,-0.5544670815933661,0.5010681224780441,17.06,65.63508771929824
P_IC_qb0of3__DEBTRATIO_qb1of3__None__v0,P_IC_qb0of3__DEBTRATIO_qb1of3,None,0.17820977128879134,0.17820977128879134,0.0,-0.5818140955392173,0.5827744440522414,16.44,130.59259259259258
EV_EBITDA_qb0of3__DEBTRATIO_qb2of3__C14_EPS_DYN_ytdavg_gt_lyavg__v0,EV_EBITDA_qb0of3__DEBTRATIO_qb2of3,C14_EPS_DYN_ytdavg_gt_lyavg,0.17820714989834374,0.14301532522542537,0.03519182467291837,-0.4331073777560306,0.48039806996381185,14.95,74.30526315789474
OCF_E_qb2of3__FCF_OI_qb1of3__C4_ROE_DYN_qmax8__v0,OCF_E_qb2of3__FCF_OI_qb1of3,C4_ROE_DYN_qmax8,0.1781703409673303,0.11774066125008464,0.060429679717245666,-0.6869063603235699,0.5289179104477612,15.36,31.433476394849784
MOM_qb2of3__EV_EBITDA_qb0of3__None__v0,MOM_qb2of3__EV_EBITDA_qb0of3,None,0.17816366229087532,0.17816366229087532,0.0,-0.6348355359950415,0.48217067682187986,14.45,160.0841750841751
PB_qb0of3__ROIC_qb1of3__C8_EPS_DYN_riseq1__v0,PB_qb0of3__ROIC_qb1of3,C8_EPS_DYN_riseq1,0.17812665941484962,0.18223831681550728,-0.0041116574006576645,-0.5352341908394719,0.5167450871851647,15.62,111.7859649122807
EV_S_qb0of3__EV_EBITDA_qb0of3__None__v0,EV_S_qb0of3__EV_EBITDA_qb0of3,None,0.17809224021688452,0.17809224021688452,0.0,-0.5146922509538817,0.5216657287563309,15.21,225.59259259259258
MOM_qb2of3__OCF_E_qb2of3__C18_FCF_P_DYN_qmax8__v0,MOM_qb2of3__OCF_E_qb2of3,C18_FCF_P_DYN_qmax8,0.17802503326521957,0.16022546885760813,0.017799564407611435,-0.7045674266285596,0.473125,17.71,20.008583690987123
DEBTRATIO_qb1of3__FCF_P_qb2of3__C4_ROE_DYN_qmax8__v0,DEBTRATIO_qb1of3__FCF_P_qb2of3,C4_ROE_DYN_qmax8,0.177958548151546,0.12036397930429055,0.057594568847255445,-0.4683476802494698,0.5021565003080715,19.75,23.5793991416309
EV_EBITDA_qb0of3__None__C11_EPS_DYN_qmax8__v0,EV_EBITDA_qb0of3__None,C11_EPS_DYN_qmax8,0.17795279962420918,0.1454246752563002,0.03252812436790897,-0.47248858139045424,0.5043415340086831,18.18,93.90128755364807
P_IC_qb0of3__None__C1_ROE_DYN_riseq1__v0,P_IC_qb0of3__None,C1_ROE_DYN_riseq1,0.17789799187706112,0.17867438611691733,-0.000776394239856204,-0.5594085253878298,0.5113066296210542,15.14,242.50526315789475
EV_EBITDA_qb1of3__NETDEBT_EBITDA_qb2of3__C3_ROE_DYN_qmax4__v0,EV_EBITDA_qb1of3__NETDEBT_EBITDA_qb2of3,C3_ROE_DYN_qmax4,0.17786306805000907,0.14627716761851484,0.03158590043149423,-0.6335912579639966,0.5263947210557889,15.78,50.75190839694657
PB_qb0of3__ROIC_qb1of3__C1_ROE_DYN_riseq1__v0,PB_qb0of3__ROIC_qb1of3,C1_ROE_DYN_riseq1,0.17785071127138297,0.18223831681550728,-0.004387605544124318,-0.5262014786530085,0.5159502568261692,15.56,114.7578947368421
PB_qb0of3__MOM_qb2of3__None__v0,PB_qb0of3__MOM_qb2of3,None,0.17784854968810193,0.17784854968810193,0.0,-0.6452235781940819,0.4789782791087909,14.91,153.69360269360268
PS_qb0of3__DEBTRATIO_qb1of3__C14_EPS_DYN_ytdavg_gt_lyavg__v0,PS_qb0of3__DEBTRATIO_qb1of3,C14_EPS_DYN_ytdavg_gt_lyavg,0.17775851246675667,0.16164172783718755,0.016116784629569114,-0.5027317594850387,0.5004978426817126,14.7,77.04912280701754
EV_S_qb1of3__OCF_E_qb2of3__C3_ROE_DYN_qmax4__v0,EV_S_qb1of3__OCF_E_qb2of3,C3_ROE_DYN_qmax4,0.1776913000760374,0.12024507725315203,0.05744622282288536,-0.5657662207889946,0.5117399157134257,16.81,48.16793893129771
PS_qb1of3__OCF_E_qb1of3__C3_ROE_DYN_qmax4__v0,PS_qb1of3__OCF_E_qb1of3,C3_ROE_DYN_qmax4,0.1776767880605039,0.1057020349461224,0.0719747531143815,-0.49030221818117925,0.5163681284743669,15.34,46.73664122137404
EV_S_qb0of3__ROIC_qb2of3__C3_ROE_DYN_qmax4__v0,EV_S_qb0of3__ROIC_qb2of3,C3_ROE_DYN_qmax4,0.17759463059782576,0.15799574490089796,0.019598885696927804,-0.44092046375067995,0.5068627450980392,15.94,59.70229007633588
MOM_qb2of3__FCF_P_qb2of3__C9_EPS_DYN_riseq2__v0,MOM_qb2of3__FCF_P_qb2of3,C9_EPS_DYN_riseq2,0.17755114049533272,0.15540904841423941,0.0221420920810933,-0.5998022257180712,0.5232224770642202,15.93,89.55474452554745
MOM_qb2of3__ROIC_qb2of3__C8_EPS_DYN_riseq1__v0,MOM_qb2of3__ROIC_qb2of3,C8_EPS_DYN_riseq1,0.17755031640842067,0.15843219174837309,0.019118124660047586,-0.6616722214204696,0.5088386663683151,15.29,120.1438596491228
OCF_E_qb2of3__FCF_OI_qb1of3__C5_ROE_DYN_yoy__v0,OCF_E_qb2of3__FCF_OI_qb1of3,C5_ROE_DYN_yoy,0.1775371598865063,0.11774066125008464,0.05979649863642167,-0.49003380791809403,0.4974782209995415,17.4,96.972
PS_qb0of3__ROIC_qb1of3__C6_ROE_DYN_ytdavg_gt_lyytdavg__v0,PS_qb0of3__ROIC_qb1of3,C6_ROE_DYN_ytdavg_gt_lyytdavg,0.17749231198239945,0.16094874682218596,0.01654356516021349,-0.5137860675360892,0.5066170388751033,14.31,102.59298245614035
P_IC_qb1of3__ROIC_qb2of3__C12_EPS_DYN_yoy__v0,P_IC_qb1of3__ROIC_qb2of3,C12_EPS_DYN_yoy,0.17745931995728936,0.16248848629635226,0.0149708336609371,-0.5084218811702506,0.5056202738606173,17.69,98.02
EV_S_qb0of3__ROE_qb2of3__C2_ROE_DYN_riseq2__v0,EV_S_qb0of3__ROE_qb2of3,C2_ROE_DYN_riseq2,0.1774050320772118,0.16125483918444772,0.016150192892764093,-0.4847601129504787,0.52,16.12,98.7956204379562
MOM_qb2of3__None__C9_EPS_DYN_riseq2__v0,MOM_qb2of3__None,C9_EPS_DYN_riseq2,0.1773532383687031,0.11517070621059111,0.06218253215811198,-0.6274413522511333,0.4934006656719844,15.82,270.65328467153284
ROE_qb2of3__NETDEBT_EBITDA_qb2of3__C5_ROE_DYN_yoy__v0,ROE_qb2of3__NETDEBT_EBITDA_qb2of3,C5_ROE_DYN_yoy,0.17735301240608692,0.12573108691877288,0.051621925487314035,-0.5345004124863397,0.48385112273146724,18.91,67.592
PS_qb0of3__DEBTRATIO_qb0of3__C13_EPS_DYN_ytdavg_gt_lyytdavg__v0,PS_qb0of3__DEBTRATIO_qb0of3,C13_EPS_DYN_ytdavg_gt_lyytdavg,0.17734195864404234,0.16454566385826408,0.012796294785778262,-0.5211337357548105,0.533868092691622,14.53,26.666666666666668
PB_qb0of3__None__C8_EPS_DYN_riseq1__v0,PB_qb0of3__None,C8_EPS_DYN_riseq1,0.17731587947726624,0.18050911811184078,-0.0031932386345745467,-0.57924359570963,0.5151515151515151,15.44,244.58245614035087
EV_S_qb0of3__ROE_qb2of3__C8_EPS_DYN_riseq1__v0,EV_S_qb0of3__ROE_qb2of3,C8_EPS_DYN_riseq1,0.17725264485393777,0.16125483918444772,0.01599780566949005,-0.5086042251078464,0.5064271588661833,15.49,94.12982456140351
MOM_qb2of3__FCF_OI_qb1of3__C1_ROE_DYN_riseq1__v0,MOM_qb2of3__FCF_OI_qb1of3,C1_ROE_DYN_riseq1,0.17721662439511032,0.1494073362333117,0.027809288161798618,-0.6708292588256344,0.5096800215111589,14.06,91.80350877192983
ROE_qb1of3__FCF_OI_qb1of3__C3_ROE_DYN_qmax4__v0,ROE_qb1of3__FCF_OI_qb1of3,C3_ROE_DYN_qmax4,0.17721375765875869,0.11311461277821944,0.06409914488053925,-0.6072867069731867,0.5128538887081028,13.29,44.45038167938932
EV_EBITDA_qb0of3__ROIC_qb2of3__C2_ROE_DYN_riseq2__v0,EV_EBITDA_qb0of3__ROIC_qb2of3,C2_ROE_DYN_riseq2,0.1772032142062503,0.17195031758070844,0.0052528966255418474,-0.41449190813014847,0.5151408450704226,16.74,99.57299270072993
MOM_qb2of3__None__C10_EPS_DYN_qmax4__v0,MOM_qb2of3__None,C10_EPS_DYN_qmax4,0.17719814667336298,0.11517070621059111,0.062027440462771866,-0.6317294609035571,0.5034203192297948,15.58,173.68702290076337
MOM_qb2of3__FCF_OI_qb2of3__C12_EPS_DYN_yoy__v0,MOM_qb2of3__FCF_OI_qb2of3,C12_EPS_DYN_yoy,0.17714697463841134,0.13351239190976916,0.04363458272864218,-0.6232186380742999,0.49832877544819204,17.49,91.58
PB_qb1of3__ROIC_qb1of3__C11_EPS_DYN_qmax8__v0,PB_qb1of3__ROIC_qb1of3,C11_EPS_DYN_qmax8,0.17714079727989618,0.10263205495867078,0.0745087423212254,-0.5687711350879301,0.5322461082283173,15.39,21.5021645021645
PS_qb0of3__OCF_E_qb2of3__None__v0,PS_qb0of3__OCF_E_qb2of3,None,0.1770945770309813,0.1770945770309813,0.0,-0.5272899613988771,0.49238743116294137,16.62,161.5050505050505
P_IC_qb1of3__MOM_qb2of3__C10_EPS_DYN_qmax4__v0,P_IC_qb1of3__MOM_qb2of3,C10_EPS_DYN_qmax4,0.17704034464946217,0.14135123829913576,0.035689106350326405,-0.6110027709058655,0.5094710947109471,15.23,56.44656488549618
EV_EBITDA_qb0of3__ROIC_qb2of3__C8_EPS_DYN_riseq1__v0,EV_EBITDA_qb0of3__ROIC_qb2of3,C8_EPS_DYN_riseq1,0.17702871009411703,0.17195031758070844,0.0050783925134085806,-0.4655289555377171,0.5023540489642184,15.93,96.74385964912281
EV_EBITDA_qb0of3__FCF_OI_qb1of3__C8_EPS_DYN_riseq1__v0,EV_EBITDA_qb0of3__FCF_OI_qb1of3,C8_EPS_DYN_riseq1,0.17702528044852994,0.1588416616824344,0.018183618766095533,-0.5617532509065719,0.49747474747474746,14.25,82.48421052631579
ROE_qb2of3__FCF_OI_qb2of3__C11_EPS_DYN_qmax8__v0,ROE_qb2of3__FCF_OI_qb2of3,C11_EPS_DYN_qmax8,0.17698384346450013,0.10612897361205387,0.07085486985244627,-0.553542805935717,0.49777777777777776,19.91,43.03862660944206
P_IC_qb1of3__ROE_qb2of3__C5_ROE_DYN_yoy__v0,P_IC_qb1of3__ROE_qb2of3,C5_ROE_DYN_yoy,0.17698035148682822,0.15952276167140345,0.01745758981542478,-0.5245095650286413,0.5010855405992184,17.82,91.112
P_IC_qb1of3__ROE_qb2of3__C13_EPS_DYN_ytdavg_gt_lyytdavg__v0,P_IC_qb1of3__ROE_qb2of3,C13_EPS_DYN_ytdavg_gt_lyytdavg,0.17696991722975364,0.15952276167140345,0.01744715555835019,-0.4279275008397778,0.49741570268274676,16.28,79.83508771929824
EV_EBITDA_qb1of3__None__C11_EPS_DYN_qmax8__v0,EV_EBITDA_qb1of3__None,C11_EPS_DYN_qmax8,0.17690578475643326,0.12168343275173998,0.055222352004693276,-0.6342652328695091,0.5084870848708487,18.06,92.02145922746782
EV_EBITDA_qb0of3__FCF_P_qb2of3__C5_ROE_DYN_yoy__v0,EV_EBITDA_qb0of3__FCF_P_qb2of3,C5_ROE_DYN_yoy,0.1768954551661488,0.1412545523155624,0.03564090285058641,-0.5444948013518487,0.4960998439937597,16.83,84.808
DEBTRATIO_qb2of3__None__C3_ROE_DYN_qmax4__v0,DEBTRATIO_qb2of3__None,C3_ROE_DYN_qmax4,0.1768021868086529,0.11247402988012434,0.06432815692852856,-0.5059316284464717,0.4953307904774431,15.98,133.4198473282443
P_IC_qb1of3__None__C11_EPS_DYN_qmax8__v0,P_IC_qb1of3__None,C11_EPS_DYN_qmax8,0.17677930052218738,0.10774864588230604,0.06903065463988134,-0.5721602679156945,0.5075205104831358,18.12,74.5922746781116
PS_qb0of3__ROIC_qb2of3__C7_ROE_DYN_ytdavg_gt_lyavg__v0,PS_qb0of3__ROIC_qb2of3,C7_ROE_DYN_ytdavg_gt_lyavg,0.17676869726868372,0.16337747244409084,0.013391224824592873,-0.3657969665685241,0.4866592551417454,15.09,63.83859649122807
PB_qb0of3__MOM_qb2of3__C19_FCF_P_DYN_yoy__v0,PB_qb0of3__MOM_qb2of3,C19_FCF_P_DYN_yoy,0.17670132961667062,0.17784854968810193,-0.0011472200714313097,-0.6685286948418602,0.5070729053318824,16.01,79.192
PS_qb0of3__None__C2_ROE_DYN_riseq2__v0,PS_qb0of3__None,C2_ROE_DYN_riseq2,0.1766684874829616,0.16434511041889355,0.012323377064068053,-0.5319740595872916,0.5200566304860783,15.47,253.76277372262774
ROIC_qb1of3__FCF_OI_qb1of3__C12_EPS_DYN_yoy__v0,ROIC_qb1of3__FCF_OI_qb1of3,C12_EPS_DYN_yoy,0.17664598438867474,0.11961040076679486,0.05703558362187988,-0.5709661477636707,0.4878216123499142,15.71,91.696
ROE_qb2of3__ROIC_qb1of3__C5_ROE_DYN_yoy__v0,ROE_qb2of3__ROIC_qb1of3,C5_ROE_DYN_yoy,0.17662804057058068,0.12028408152058989,0.05634395904999079,-0.5250308098045862,0.4975144987572494,18.18,41.4
PS_qb0of3__OCF_E_qb1of3__C9_EPS_DYN_riseq2__v0,PS_qb0of3__OCF_E_qb1of3,C9_EPS_DYN_riseq2,0.17660659288230596,0.16105240877452465,0.01555418410778131,-0.5141945635506209,0.5285684604196966,15.38,74.25547445255475
EV_S_qb0of3__ROIC_qb2of3__C9_EPS_DYN_riseq2__v0,EV_S_qb0of3__ROIC_qb2of3,C9_EPS_DYN_riseq2,0.17654748400991593,0.15799574490089796,0.018551739109017973,-0.4813582262288968,0.5058823529411764,16.3,88.32481751824818
EV_EBITDA_qb0of3__NETDEBT_EBITDA_qb0of3__C1_ROE_DYN_riseq1__v0,EV_EBITDA_qb0of3__NETDEBT_EBITDA_qb0of3,C1_ROE_DYN_riseq1,0.17654314008503413,0.14659325251889155,0.029949887566142586,-0.5747108771936278,0.5212355212355212,14.72,94.01052631578948
PB_qb0of3__ACCRUAL_qb0of3__None__v0,PB_qb0of3__ACCRUAL_qb0of3,None,0.17652061393823848,0.17652061393823848,0.0,-0.5846337809220177,0.5084881853636155,17.06,157.7946127946128
EV_EBITDA_qb0of3__ROIC_qb1of3__C16_FCF_P_DYN_riseq2__v0,EV_EBITDA_qb0of3__ROIC_qb1of3,C16_FCF_P_DYN_riseq2,0.1765187798773764,0.17304387553983713,0.003474904337539275,-0.553448060780193,0.5423027989821882,15.4,51.87956204379562
P_IC_qb0of3__FCF_P_qb1of3__None__v0,P_IC_qb0of3__FCF_P_qb1of3,None,0.17643282368710866,0.17643282368710866,0.0,-0.5601511637935047,0.49876586741889983,15.7,84.33670033670033
PB_qb1of3__ROIC_qb2of3__C14_EPS_DYN_ytdavg_gt_lyavg__v0,PB_qb1of3__ROIC_qb2of3,C14_EPS_DYN_ytdavg_gt_lyavg,0.1763352170784389,0.15726720889947043,0.019068008178968476,-0.4691258930283204,0.5009191176470589,15.85,81.70526315789473
P_IC_qb1of3__ROE_qb2of3__C7_ROE_DYN_ytdavg_gt_lyavg__v0,P_IC_qb1of3__ROE_qb2of3,C7_ROE_DYN_ytdavg_gt_lyavg,0.17630776324919917,0.15952276167140345,0.016785001577795722,-0.4477478897472823,0.49437652811735944,15.78,74.65263157894736
PB_qb1of3__MOM_qb2of3__C1_ROE_DYN_riseq1__v0,PB_qb1of3__MOM_qb2of3,C1_ROE_DYN_riseq1,0.17629311250752888,0.14055424123730442,0.03573887127022446,-0.7117121007921199,0.5036641221374046,13.43,84.41754385964913
EV_EBITDA_qb0of3__DEBTRATIO_qb2of3__C2_ROE_DYN_riseq2__v0,EV_EBITDA_qb0of3__DEBTRATIO_qb2of3,C2_ROE_DYN_riseq2,0.17628669741439618,0.14301532522542537,0.033271372188970805,-0.43252859871469485,0.5,16.07,78.07664233576642
PB_qb0of3__NETDEBT_EBITDA_qb2of3__None__v0,PB_qb0of3__NETDEBT_EBITDA_qb2of3,None,0.17628642719528287,0.17628642719528287,0.0,-0.6068875659977616,0.6254272043745728,16.67,209.9124579124579
PS_qb0of3__EV_S_qb0of3__C2_ROE_DYN_riseq2__v0,PS_qb0of3__EV_S_qb0of3,C2_ROE_DYN_riseq2,0.17627230525853932,0.16026918058568085,0.01600312467285847,-0.5054832439571786,0.519778766382109,15.31,194.9014598540146
PB_qb0of3__None__C1_ROE_DYN_riseq1__v0,PB_qb0of3__None,C1_ROE_DYN_riseq1,0.17623435602735738,0.18050911811184078,-0.004274762084483408,-0.5767977065725267,0.5152276534186082,15.44,243.8280701754386
ROE_qb2of3__FCF_OI_qb2of3__C4_ROE_DYN_qmax8__v0,ROE_qb2of3__FCF_OI_qb2of3,C4_ROE_DYN_qmax8,0.17622371991659902,0.10612897361205387,0.07009474630454515,-0.5359707881398426,0.4963820549927641,20.17,39.862660944206006
MOM_qb2of3__NETDEBT_EBITDA_qb1of3__C4_ROE_DYN_qmax8__v0,MOM_qb2of3__NETDEBT_EBITDA_qb1of3,C4_ROE_DYN_qmax8,0.17621353214396862,0.14096998093909052,0.0352435512048781,-0.675501180626662,0.5128856624319419,18.17,43.06437768240343
FCF_OI_qb1of3__DEBTRATIO_qb2of3__C5_ROE_DYN_yoy__v0,FCF_OI_qb1of3__DEBTRATIO_qb2of3,C5_ROE_DYN_yoy,0.17620817284796852,0.11211067470469849,0.06409749814327004,-0.5676939309553641,0.4779220779220779,16.27,82.268
EV_S_qb0of3__ROIC_qb2of3__C7_ROE_DYN_ytdavg_gt_lyavg__v0,EV_S_qb0of3__ROIC_qb2of3,C7_ROE_DYN_ytdavg_gt_lyavg,0.17617907048955295,0.15799574490089796,0.018183325588654986,-0.4263863868331216,0.486716533402115,15.08,72.05964912280702
P_IC_qb0of3__OCF_E_qb2of3__C18_FCF_P_DYN_qmax8__v0,P_IC_qb0of3__OCF_E_qb2of3,C18_FCF_P_DYN_qmax8,0.17615640040410363,0.18169077162055913,-0.0055343712164555026,-0.6040243737370137,0.48214285714285715,19.89,17.965665236051503
PS_qb0of3__ROIC_qb2of3__C14_EPS_DYN_ytdavg_gt_lyavg__v0,PS_qb0of3__ROIC_qb2of3,C14_EPS_DYN_ytdavg_gt_lyavg,0.17609544010530498,0.16337747244409084,0.012717967661214136,-0.37252771290554065,0.484621778886118,15.41,66.9719298245614
ROE_qb2of3__EV_EBITDA_qb0of3__C2_ROE_DYN_riseq2__v0,ROE_qb2of3__EV_EBITDA_qb0of3,C2_ROE_DYN_riseq2,0.1760688036858653,0.1751333441657017,0.0009354595201636062,-0.3918967915887178,0.511473112629182,17.01,99.91970802919708
MOM_qb2of3__DEBTRATIO_qb2of3__C14_EPS_DYN_ytdavg_gt_lyavg__v0,MOM_qb2of3__DEBTRATIO_qb2of3,C14_EPS_DYN_ytdavg_gt_lyavg,0.17605410860348303,0.1409681494808137,0.03508595912266932,-0.6423084636701804,0.4642101551480959,14.89,88.69122807017544
MOM_qb2of3__ACCRUAL_qb1of3__C12_EPS_DYN_yoy__v0,MOM_qb2of3__ACCRUAL_qb1of3,C12_EPS_DYN_yoy,0.17600556409721646,0.13564208643476539,0.040363477662451075,-0.6666404843346703,0.5028672254080282,16.81,95.432
OCF_E_qb2of3__EV_EBITDA_qb0of3__C1_ROE_DYN_riseq1__v0,OCF_E_qb2of3__EV_EBITDA_qb0of3,C1_ROE_DYN_riseq1,0.17599555914435294,0.15339211904025563,0.022603440104097317,-0.442017271387958,0.5062542258282623,15.42,86.10175438596491
PB_qb1of3__OCF_E_qb2of3__C5_ROE_DYN_yoy__v0,PB_qb1of3__OCF_E_qb2of3,C5_ROE_DYN_yoy,0.17599470412695228,0.12468663979722217,0.05130806432973012,-0.5316916195410128,0.5019415491518496,17.73,80.208
MOM_qb2of3__ROE_qb1of3__C5_ROE_DYN_yoy__v0,MOM_qb2of3__ROE_qb1of3,C5_ROE_DYN_yoy,0.17595482953544606,0.142453064325746,0.03350176520970005,-0.6178401599235941,0.4938167033711672,15.97,85.76
EV_S_qb0of3__OCF_E_qb2of3__C8_EPS_DYN_riseq1__v0,EV_S_qb0of3__OCF_E_qb2of3,C8_EPS_DYN_riseq1,0.17587064607329883,0.15462123639236114,0.021249409680937692,-0.5304447909780856,0.5006319115323855,16.0,89.87017543859649
OCF_E_qb2of3__EV_EBITDA_qb0of3__C11_EPS_DYN_qmax8__v0,OCF_E_qb2of3__EV_EBITDA_qb0of3,C11_EPS_DYN_qmax8,0.17585590017293629,0.15339211904025563,0.02246378113268066,-0.4422160420613279,0.5141943222710915,19.94,40.291845493562235
EV_S_qb0of3__NETDEBT_EBITDA_qb0of3__C1_ROE_DYN_riseq1__v0,EV_S_qb0of3__NETDEBT_EBITDA_qb0of3,C1_ROE_DYN_riseq1,0.17584084440681758,0.15451356457625898,0.0213272798305586,-0.5864256902977676,0.5201883034582654,14.46,94.54736842105264
MOM_qb2of3__DEBTRATIO_qb1of3__C12_EPS_DYN_yoy__v0,MOM_qb2of3__DEBTRATIO_qb1of3,C12_EPS_DYN_yoy,0.17583401854411318,0.13517618077461835,0.04065783776949483,-0.6255651176911117,0.48706083976006853,17.67,96.66
MOM_qb2of3__FCF_P_qb2of3__C2_ROE_DYN_riseq2__v0,MOM_qb2of3__FCF_P_qb2of3,C2_ROE_DYN_riseq2,0.1758251161972968,0.15540904841423941,0.02041606778305738,-0.6176534870855497,0.5219828858070227,15.48,87.32116788321167
MOM_qb2of3__EV_EBITDA_qb1of3__C6_ROE_DYN_ytdavg_gt_lyytdavg__v0,MOM_qb2of3__EV_EBITDA_qb1of3,C6_ROE_DYN_ytdavg_gt_lyytdavg,0.1758089125551341,0.15785208153346586,0.01795683102166823,-0.6167368738929906,0.4960781411869173,15.02,90.73684210526316
OCF_E_qb2of3__ACCRUAL_qb0of3__C10_EPS_DYN_qmax4__v0,OCF_E_qb2of3__ACCRUAL_qb0of3,C10_EPS_DYN_qmax4,0.1758057573553704,0.1085860393522513,0.0672197180031191,-0.4675348339817933,0.4970147080238823,17.46,101.42366412213741
PS_qb0of3__None__C9_EPS_DYN_riseq2__v0,PS_qb0of3__None,C9_EPS_DYN_riseq2,0.17574639412703363,0.16434511041889355,0.011401283708140086,-0.5094414269747595,0.5162144275314361,15.58,257.0985401459854
P_IC_qb1of3__FCF_OI_qb1of3__C4_ROE_DYN_qmax8__v0,P_IC_qb1of3__FCF_OI_qb1of3,C4_ROE_DYN_qmax8,0.17571984338526647,0.1162649322304854,0.059454911154781076,-0.666776233463863,0.5308002302820956,15.02,26.317596566523605
PB_qb1of3__ROIC_qb2of3__C6_ROE_DYN_ytdavg_gt_lyytdavg__v0,PB_qb1of3__ROIC_qb2of3,C6_ROE_DYN_ytdavg_gt_lyytdavg,0.1757032169881283,0.15726720889947043,0.018436008088657863,-0.4711190994303428,0.5011996161228407,16.3,79.13333333333334
MOM_qb2of3__DEBTRATIO_qb2of3__C1_ROE_DYN_riseq1__v0,MOM_qb2of3__DEBTRATIO_qb2of3,C1_ROE_DYN_riseq1,0.17570297314322536,0.1409681494808137,0.03473482366241165,-0.6878377367596148,0.4895275951689344,14.23,88.7859649122807
FCF_OI_qb1of3__DEBTRATIO_qb2of3__C3_ROE_DYN_qmax4__v0,FCF_OI_qb1of3__DEBTRATIO_qb2of3,C3_ROE_DYN_qmax4,0.17569699971392994,0.11211067470469849,0.06358632500923145,-0.541712890404128,0.5045929680076021,14.53,46.29770992366412
ACCRUAL_qb0of3__DEBTRATIO_qb2of3__C11_EPS_DYN_qmax8__v0,ACCRUAL_qb0of3__DEBTRATIO_qb2of3,C11_EPS_DYN_qmax8,0.17566211841837265,0.10760438208815426,0.06805773633021839,-0.594772779680354,0.5021971123666039,17.58,24.218884120171673
PB_qb0of3__FCF_OI_qb1of3__C19_FCF_P_DYN_yoy__v0,PB_qb0of3__FCF_OI_qb1of3,C19_FCF_P_DYN_yoy,0.17561201195761056,0.18925522121144955,-0.013643209253838995,-0.6063480718937171,0.4949820109827684,17.04,83.756
MOM_qb2of3__ROIC_qb1of3__C10_EPS_DYN_qmax4__v0,MOM_qb2of3__ROIC_qb1of3,C10_EPS_DYN_qmax4,0.17560803461215313,0.1489494323621996,0.026658602249953534,-0.6005933555387629,0.5216383307573416,14.53,53.156488549618324
MOM_qb2of3__DEBTRATIO_qb1of3__C10_EPS_DYN_qmax4__v0,MOM_qb2of3__DEBTRATIO_qb1of3,C10_EPS_DYN_qmax4,0.17560616090536518,0.13517618077461835,0.040429980130746834,-0.6066537860670129,0.5080097087378641,16.3,59.213740458015266
ACCRUAL_qb0of3__FCF_OI_qb1of3__C10_EPS_DYN_qmax4__v0,ACCRUAL_qb0of3__FCF_OI_qb1of3,C10_EPS_DYN_qmax4,0.175540089166057,0.11153610581397233,0.06400398335208468,-0.5234121697977618,0.5080133051103719,14.9,44.89312977099237
OCF_E_qb2of3__EV_EBITDA_qb0of3__C8_EPS_DYN_riseq1__v0,OCF_E_qb2of3__EV_EBITDA_qb0of3,C8_EPS_DYN_riseq1,0.17542896510495654,0.15339211904025563,0.02203684606470091,-0.44385290582430437,0.5069981887041001,15.34,89.93333333333334
PS_qb1of3__FCF_OI_qb2of3__C4_ROE_DYN_qmax8__v0,PS_qb1of3__FCF_OI_qb2of3,C4_ROE_DYN_qmax8,0.17541229609241027,0.10173212465613313,0.07368017143627714,-0.5986130990584988,0.5059366754617414,20.92,22.042918454935624
ROE_qb2of3__EV_EBITDA_qb0of3__C19_FCF_P_DYN_yoy__v0,ROE_qb2of3__EV_EBITDA_qb0of3,C19_FCF_P_DYN_yoy,0.1753827900449214,0.1751333441657017,0.00024944587921971184,-0.5284955841923694,0.5042260961436873,18.0,63.064
FCF_OI_qb1of3__NETDEBT_EBITDA_qb2of3__C5_ROE_DYN_yoy__v0,FCF_OI_qb1of3__NETDEBT_EBITDA_qb2of3,C5_ROE_DYN_yoy,0.1753520403496398,0.11499305815386185,0.060358982195777955,-0.6115343722880864,0.4788235294117647,17.48,71.5
DEBTRATIO_qb2of3__FCF_P_qb0of3__C3_ROE_DYN_qmax4__v0,DEBTRATIO_qb2of3__FCF_P_qb0of3,C3_ROE_DYN_qmax4,0.17535015271577348,0.10901546451131372,0.06633468820445976,-0.5709314704552925,0.4918032786885246,17.12,49.030534351145036
EV_S_qb0of3__NETDEBT_EBITDA_qb0of3__C8_EPS_DYN_riseq1__v0,EV_S_qb0of3__NETDEBT_EBITDA_qb0of3,C8_EPS_DYN_riseq1,0.17530254298472703,0.15451356457625898,0.02078897840846805,-0.5837208019483289,0.5205554540471405,14.74,94.44561403508771
EV_EBITDA_qb1of3__FCF_P_qb2of3__C4_ROE_DYN_qmax8__v0,EV_EBITDA_qb1of3__FCF_P_qb2of3,C4_ROE_DYN_qmax8,0.17529673723270656,0.12095020165403092,0.05434653557867564,-0.7469339505454762,0.5297494780793319,18.33,27.197424892703864
MOM_qb2of3__FCF_OI_qb2of3__C11_EPS_DYN_qmax8__v0,MOM_qb2of3__FCF_OI_qb2of3,C11_EPS_DYN_qmax8,0.17528785587522355,0.13351239190976916,0.041775463965454396,-0.6603040962185451,0.5151392813887767,18.83,35.33905579399141
P_IC_qb0of3__ROIC_qb2of3__None__v0,P_IC_qb0of3__ROIC_qb2of3,None,0.17524597133334008,0.17524597133334008,0.0,-0.6872505167953287,0.5051958433253397,13.49,36.34006734006734
MOM_qb2of3__FCF_P_qb0of3__C10_EPS_DYN_qmax4__v0,MOM_qb2of3__FCF_P_qb0of3,C10_EPS_DYN_qmax4,0.17523602486446865,0.12263642895378513,0.05259959591068353,-0.6627039399319569,0.4924785929183059,16.11,57.24045801526717
ROE_qb1of3__EV_EBITDA_qb0of3__C18_FCF_P_DYN_qmax8__v0,ROE_qb1of3__EV_EBITDA_qb0of3,C18_FCF_P_DYN_qmax8,0.17523405096152866,0.16753762281561357,0.007696428145915091,-0.5096506293074345,0.5172786177105831,19.65,12.964912280701755
NETDEBT_EBITDA_qb2of3__FCF_P_qb2of3__C10_EPS_DYN_qmax4__v0,NETDEBT_EBITDA_qb2of3__FCF_P_qb2of3,C10_EPS_DYN_qmax4,0.17522369996987663,0.130367316892525,0.044856383077351625,-0.5973858615032914,0.5051924251679902,14.9,46.33206106870229
MOM_qb2of3__ROIC_qb2of3__C15_FCF_P_DYN_riseq1__v0,MOM_qb2of3__ROIC_qb2of3,C15_FCF_P_DYN_riseq1,0.17518933922456204,0.15843219174837309,0.01675714747618895,-0.6624349775504215,0.48261729790842284,14.72,80.56140350877193
P_IC_qb0of3__DEBTRATIO_qb0of3__C10_EPS_DYN_qmax4__v0,P_IC_qb0of3__DEBTRATIO_qb0of3,C10_EPS_DYN_qmax4,0.17518123929003782,0.20390695840205297,-0.028725719112015158,-0.5949673216802547,0.5223214285714286,14.32,14.885496183206106
PS_qb0of3__ROIC_qb2of3__C2_ROE_DYN_riseq2__v0,PS_qb0of3__ROIC_qb2of3,C2_ROE_DYN_riseq2,0.17517381691689815,0.16337747244409084,0.011796344472807307,-0.46072246193534805,0.5051293487957181,15.72,77.04014598540147
MOM_qb1of3__FCF_OI_qb1of3__C10_EPS_DYN_qmax4__v0,MOM_qb1of3__FCF_OI_qb1of3,C10_EPS_DYN_qmax4,0.17513634763738017,0.10997605163063406,0.06516029600674611,-0.6144940721281766,0.5396396396396397,15.86,41.7557251908397
ROE_qb2of3__EV_EBITDA_qb0of3__None__v0,ROE_qb2of3__EV_EBITDA_qb0of3,None,0.1751333441657017,0.1751333441657017,0.0,-0.4562478278242993,0.4966115051221434,15.76,124.56902356902357
MOM_qb2of3__EV_EBITDA_qb1of3__C2_ROE_DYN_riseq2__v0,MOM_qb2of3__EV_EBITDA_qb1of3,C2_ROE_DYN_riseq2,0.17506522425094984,0.15785208153346586,0.017213142717483976,-0.6714563715798708,0.5134911894273128,15.44,100.23722627737226
EV_EBITDA_qb0of3__ROIC_qb2of3__C20_FCF_P_DYN_ytdavg_gt_lyytdavg__v0,EV_EBITDA_qb0of3__ROIC_qb2of3,C20_FCF_P_DYN_ytdavg_gt_lyytdavg,0.17505065142570464,0.17195031758070844,0.003100333844996195,-0.5191197055812162,0.5200759631036354,15.52,63.0
P_IC_qb1of3__ROIC_qb2of3__C7_ROE_DYN_ytdavg_gt_lyavg__v0,P_IC_qb1of3__ROIC_qb2of3,C7_ROE_DYN_ytdavg_gt_lyavg,0.17503790515716355,0.16248848629635226,0.01254941886081129,-0.4452397776450914,0.4917994917994918,15.55,78.09122807017543
MOM_qb2of3__ROIC_qb2of3__C3_ROE_DYN_qmax4__v0,MOM_qb2of3__ROIC_qb2of3,C3_ROE_DYN_qmax4,0.1750187472383924,0.15843219174837309,0.016586555490019306,-0.6371382904473109,0.5153272576636289,15.39,83.74809160305344
PS_qb0of3__EV_EBITDA_qb0of3__C16_FCF_P_DYN_riseq2__v0,PS_qb0of3__EV_EBITDA_qb0of3,C16_FCF_P_DYN_riseq2,0.1749851499078945,0.19132612263680127,-0.016340972728906777,-0.5330931879039849,0.5007434944237918,15.75,93.02919708029196
PS_qb0of3__NETDEBT_EBITDA_qb2of3__C8_EPS_DYN_riseq1__v0,PS_qb0of3__NETDEBT_EBITDA_qb2of3,C8_EPS_DYN_riseq1,0.1749633047654271,0.16108156841581445,0.01388173634961265,-0.5671044595378825,0.48668357641090676,15.09,117.05614035087719
FCF_OI_qb1of3__FCF_P_qb2of3__C10_EPS_DYN_qmax4__v0,FCF_OI_qb1of3__FCF_P_qb2of3,C10_EPS_DYN_qmax4,0.17491977181092433,0.1661308330210336,0.008788938789890732,-0.5525778323210364,0.5154589371980677,14.35,26.904580152671755
MOM_qb2of3__DEBTRATIO_qb2of3__C13_EPS_DYN_ytdavg_gt_lyytdavg__v0,MOM_qb2of3__DEBTRATIO_qb2of3,C13_EPS_DYN_ytdavg_gt_lyytdavg,0.17484695692805752,0.1409681494808137,0.03387880744724381,-0.6507876670183226,0.46387832699619774,15.03,90.78245614035087
ROE_qb2of3__ACCRUAL_qb0of3__C5_ROE_DYN_yoy__v0,ROE_qb2of3__ACCRUAL_qb0of3,C5_ROE_DYN_yoy,0.17484009357716523,0.11508661275557497,0.059753480821590266,-0.3785582159688573,0.4918741355463347,19.7,91.312
OCF_E_qb1of3__FCF_P_qb2of3__C3_ROE_DYN_qmax4__v0,OCF_E_qb1of3__FCF_P_qb2of3,C3_ROE_DYN_qmax4,0.17481476408179253,0.12040696135896067,0.054407802722831855,-0.5361804491295175,0.5156398104265403,15.55,42.43129770992366
MOM_qb2of3__None__C2_ROE_DYN_riseq2__v0,MOM_qb2of3__None,C2_ROE_DYN_riseq2,0.17479895969279458,0.11517070621059111,0.059628253482203464,-0.6447827017449466,0.49300986842105265,15.9,261.7956204379562
OCF_E_qb1of3__FCF_OI_qb1of3__C10_EPS_DYN_qmax4__v0,OCF_E_qb1of3__FCF_OI_qb1of3,C10_EPS_DYN_qmax4,0.17479712717041673,0.10728376775503445,0.06751335941538228,-0.5200449744825061,0.5163230240549829,15.09,47.69847328244275
PS_qb0of3__ROE_qb2of3__C2_ROE_DYN_riseq2__v0,PS_qb0of3__ROE_qb2of3,C2_ROE_DYN_riseq2,0.17477533248967703,0.16803068714784408,0.006744645341832944,-0.44352784581680815,0.5114345114345115,15.81,96.17518248175182
NETDEBT_EBITDA_qb2of3__None__C3_ROE_DYN_qmax4__v0,NETDEBT_EBITDA_qb2of3__None,C3_ROE_DYN_qmax4,0.17477485701654794,0.11310247772162718,0.061672379294920754,-0.5720343632772082,0.49425947187141217,15.58,123.13358778625954
P_IC_qb1of3__NETDEBT_EBITDA_qb0of3__C12_EPS_DYN_yoy__v0,P_IC_qb1of3__NETDEBT_EBITDA_qb0of3,C12_EPS_DYN_yoy,0.17474030953706876,0.14111189279231584,0.03362841674475292,-0.5930158078508592,0.5068181818181818,16.89,75.488
OCF_E_qb2of3__EV_EBITDA_qb0of3__C14_EPS_DYN_ytdavg_gt_lyavg__v0,OCF_E_qb2of3__EV_EBITDA_qb0of3,C14_EPS_DYN_ytdavg_gt_lyavg,0.17471463728628533,0.15339211904025563,0.02132251824602971,-0.4021956966371003,0.4933093668863591,15.86,84.0
PB_qb1of3__ROIC_qb2of3__C1_ROE_DYN_riseq1__v0,PB_qb1of3__ROIC_qb2of3,C1_ROE_DYN_riseq1,0.17469127445160315,0.15726720889947043,0.017424065552132717,-0.5198979613995502,0.5129692282906396,16.83,89.87017543859649
PS_qb0of3__MOM_qb2of3__C15_FCF_P_DYN_riseq1__v0,PS_qb0of3__MOM_qb2of3,C15_FCF_P_DYN_riseq1,0.17465680838816322,0.18527143734118923,-0.010614628953026006,-0.6461129731631996,0.48854247856586125,14.2,75.82105263157895
PB_qb0of3__PS_qb0of3__C16_FCF_P_DYN_riseq2__v0,PB_qb0of3__PS_qb0of3,C16_FCF_P_DYN_riseq2,0.17460621089543982,0.19552828855051252,-0.0209220776550727,-0.573205089350665,0.5200712204596957,16.28,130.4087591240876
ROE_qb2of3__ROIC_qb1of3__C12_EPS_DYN_yoy__v0,ROE_qb2of3__ROIC_qb1of3,C12_EPS_DYN_yoy,0.17460302539256345,0.12028408152058989,0.05431894387197356,-0.5467594629177306,0.5071051563134389,18.14,43.372
EV_EBITDA_qb0of3__None__C14_EPS_DYN_ytdavg_gt_lyavg__v0,EV_EBITDA_qb0of3__None,C14_EPS_DYN_ytdavg_gt_lyavg,0.17457439568497612,0.1454246752563002,0.029149720428675918,-0.49949192608744175,0.4848616386326641,15.7,219.27017543859648
ROE_qb2of3__EV_EBITDA_qb0of3__C20_FCF_P_DYN_ytdavg_gt_lyytdavg__v0,ROE_qb2of3__EV_EBITDA_qb0of3,C20_FCF_P_DYN_ytdavg_gt_lyytdavg,0.17456155091102743,0.1751333441657017,-0.0005717932546742688,-0.514691035958421,0.5148833467417538,15.78,63.45263157894737
PS_qb0of3__NETDEBT_EBITDA_qb0of3__C9_EPS_DYN_riseq2__v0,PS_qb0of3__NETDEBT_EBITDA_qb0of3,C9_EPS_DYN_riseq2,0.1745217138205275,0.1623346227872262,0.01218709103330129,-0.5503485712232077,0.5328692962103635,15.59,51.36861313868613
PB_qb1of3__ROIC_qb2of3__C12_EPS_DYN_yoy__v0,PB_qb1of3__ROIC_qb2of3,C12_EPS_DYN_yoy,0.17449979647132352,0.15726720889947043,0.017232587571853086,-0.5092486746315676,0.5071178048277285,17.8,96.464
EV_EBITDA_qb0of3__FCF_P_qb2of3__C12_EPS_DYN_yoy__v0,EV_EBITDA_qb0of3__FCF_P_qb2of3,C12_EPS_DYN_yoy,0.17448316450207035,0.1412545523155624,0.033228612186507966,-0.5214009944273712,0.49139024832336414,16.76,91.332
PB_qb0of3__EV_S_qb0of3__C16_FCF_P_DYN_riseq2__v0,PB_qb0of3__EV_S_qb0of3,C16_FCF_P_DYN_riseq2,0.1743973983501328,0.19152523498206686,-0.017127836631934068,-0.5470584438266544,0.5222009402751175,16.21,123.62043795620438
EV_S_qb0of3__ROE_qb2of3__C19_FCF_P_DYN_yoy__v0,EV_S_qb0of3__ROE_qb2of3,C19_FCF_P_DYN_yoy,0.174378989222846,0.16125483918444772,0.013124150038398286,-0.545589973976631,0.5236299648064354,17.36,68.784
MOM_qb2of3__FCF_P_qb2of3__C8_EPS_DYN_riseq1__v0,MOM_qb2of3__FCF_P_qb2of3,C8_EPS_DYN_riseq1,0.17434929265619226,0.15540904841423941,0.01894024424195284,-0.6538022074348528,0.5195259897656881,14.48,89.10526315789474
EV_EBITDA_qb1of3__NETDEBT_EBITDA_qb2of3__C5_ROE_DYN_yoy__v0,EV_EBITDA_qb1of3__NETDEBT_EBITDA_qb2of3,C5_ROE_DYN_yoy,0.1743237669041111,0.14627716761851484,0.028046599285596274,-0.5954815927807293,0.494914470642626,17.81,86.152
MOM_qb2of3__EV_EBITDA_qb1of3__C12_EPS_DYN_yoy__v0,MOM_qb2of3__EV_EBITDA_qb1of3,C12_EPS_DYN_yoy,0.17429858687073918,0.15785208153346586,0.01644650533727332,-0.6541300633310901,0.49699124726477023,16.85,111.536
P_IC_qb1of3__ROE_qb2of3__C10_EPS_DYN_qmax4__v0,P_IC_qb1of3__ROE_qb2of3,C10_EPS_DYN_qmax4,0.17416909631027333,0.15952276167140345,0.014646334638869885,-0.4640276196009019,0.5080527086383602,17.28,61.32442748091603
OCF_E_qb2of3__None__C3_ROE_DYN_qmax4__v0,OCF_E_qb2of3__None,C3_ROE_DYN_qmax4,0.17416558386828984,0.10702478116805669,0.06714080270023315,-0.4394981568727744,0.4979501734468622,17.75,148.06870229007635
PS_qb0of3__ROIC_qb2of3__C10_EPS_DYN_qmax4__v0,PS_qb0of3__ROIC_qb2of3,C10_EPS_DYN_qmax4,0.1741208659000153,0.16337747244409084,0.010743393455924455,-0.44592816935965474,0.4990859232175503,15.38,56.93893129770992
PB_qb0of3__OCF_E_qb2of3__C16_FCF_P_DYN_riseq2__v0,PB_qb0of3__OCF_E_qb2of3,C16_FCF_P_DYN_riseq2,0.1741010847969544,0.1948977085456407,-0.020796623748686294,-0.5879403142125141,0.5111055652607936,18.21,57.98905109489051
ROE_qb1of3__EV_EBITDA_qb0of3__C13_EPS_DYN_ytdavg_gt_lyytdavg__v0,ROE_qb1of3__EV_EBITDA_qb0of3,C13_EPS_DYN_ytdavg_gt_lyytdavg,0.17408780238437704,0.16753762281561357,0.00655017956876347,-0.500885433476834,0.5175411362930766,13.66,60.66315789473684
MOM_qb2of3__FCF_P_qb1of3__C2_ROE_DYN_riseq2__v0,MOM_qb2of3__FCF_P_qb1of3,C2_ROE_DYN_riseq2,0.17402708159014235,0.12449311185748302,0.04953396973265933,-0.6037764963863628,0.4988020365378856,16.11,88.0036496350365
EV_S_qb0of3__ROIC_qb2of3__C13_EPS_DYN_ytdavg_gt_lyytdavg__v0,EV_S_qb0of3__ROIC_qb2of3,C13_EPS_DYN_ytdavg_gt_lyytdavg,0.17399562768565024,0.15799574490089796,0.015999882784752284,-0.43948053316563607,0.4845524161605492,15.36,76.05263157894737
MOM_qb2of3__NETDEBT_EBITDA_qb1of3__C7_ROE_DYN_ytdavg_gt_lyavg__v0,MOM_qb2of3__NETDEBT_EBITDA_qb1of3,C7_ROE_DYN_ytdavg_gt_lyavg,0.17399299959508463,0.14096998093909052,0.03302301865599411,-0.5539361114064503,0.4913285064825728,15.8,88.93333333333334
PS_qb0of3__ROE_qb2of3__C10_EPS_DYN_qmax4__v0,PS_qb0of3__ROE_qb2of3,C10_EPS_DYN_qmax4,0.17383790752978423,0.16803068714784408,0.005807220381940148,-0.43028115033755787,0.5010011123470522,15.77,69.38167938931298
PS_qb0of3__ROIC_qb1of3__C2_ROE_DYN_riseq2__v0,PS_qb0of3__ROIC_qb1of3,C2_ROE_DYN_riseq2,0.1737900716233589,0.16094874682218596,0.012841324801172949,-0.543024681583063,0.5214274334873347,15.17,117.46350364963503
ROE_qb2of3__ACCRUAL_qb0of3__C10_EPS_DYN_qmax4__v0,ROE_qb2of3__ACCRUAL_qb0of3,C10_EPS_DYN_qmax4,0.17378353651581468,0.11508661275557497,0.058696923760239716,-0.4122947436875327,0.4932918064206996,17.59,59.82442748091603
P_IC_qb1of3__None__C4_ROE_DYN_qmax8__v0,P_IC_qb1of3__None,C4_ROE_DYN_qmax8,0.1737832346437609,0.10774864588230604,0.06603458876145485,-0.573928698915479,0.5125576627370579,17.62,65.3175965665236
PS_qb0of3__NETDEBT_EBITDA_qb0of3__C1_ROE_DYN_riseq1__v0,PS_qb0of3__NETDEBT_EBITDA_qb0of3,C1_ROE_DYN_riseq1,0.1737781922134305,0.1623346227872262,0.01144356942620428,-0.5850937562778924,0.5120521172638437,14.89,50.43859649122807
EV_S_qb0of3__DEBTRATIO_qb0of3__None__v0,EV_S_qb0of3__DEBTRATIO_qb0of3,None,0.1737613000797975,0.1737613000797975,0.0,-0.5421900519102227,0.5813953488372093,15.88,109.8013468013468
EV_S_qb0of3__EV_EBITDA_qb0of3__C16_FCF_P_DYN_riseq2__v0,EV_S_qb0of3__EV_EBITDA_qb0of3,C16_FCF_P_DYN_riseq2,0.173746169910465,0.17809224021688452,-0.004346070306419536,-0.5372718752581997,0.5125338753387534,16.01,113.05839416058394
EV_EBITDA_qb0of3__ROIC_qb2of3__C3_ROE_DYN_qmax4__v0,EV_EBITDA_qb0of3__ROIC_qb2of3,C3_ROE_DYN_qmax4,0.17373639342265568,0.17195031758070844,0.0017860758419472322,-0.40486090483901016,0.5058029120067524,17.06,70.47328244274809
P_IC_qb1of3__FCF_P_qb1of3__C18_FCF_P_DYN_qmax8__v0,P_IC_qb1of3__FCF_P_qb1of3,C18_FCF_P_DYN_qmax8,0.1737196473012541,0.11136939041932759,0.062350256881926525,-0.8857801539686028,0.42932628797886396,20.55,11.135416666666666
PB_qb1of3__ROE_qb2of3__None__v0,PB_qb1of3__ROE_qb2of3,None,0.17368474528587585,0.17368474528587585,0.0,-0.5137553839758412,0.5159701255363102,16.14,128.74074074074073
PS_qb1of3__NETDEBT_EBITDA_qb0of3__C5_ROE_DYN_yoy__v0,PS_qb1of3__NETDEBT_EBITDA_qb0of3,C5_ROE_DYN_yoy,0.17368284988367466,0.11822478808596304,0.05545806179771162,-0.6433338436960223,0.5054678007290401,15.81,69.124
ROIC_qb1of3__FCF_OI_qb1of3__C5_ROE_DYN_yoy__v0,ROIC_qb1of3__FCF_OI_qb1of3,C5_ROE_DYN_yoy,0.1736423024144984,0.11961040076679486,0.05403190164770355,-0.5701347820262215,0.4878257887517147,15.89,92.04
MOM_qb2of3__NETDEBT_EBITDA_qb1of3__C12_EPS_DYN_yoy__v0,MOM_qb2of3__NETDEBT_EBITDA_qb1of3,C12_EPS_DYN_yoy,0.17354823410647757,0.14096998093909052,0.03257825316738705,-0.5916782100855078,0.4942781690140845,18.47,116.336
ACCRUAL_qb0of3__FCF_OI_qb1of3__C5_ROE_DYN_yoy__v0,ACCRUAL_qb0of3__FCF_OI_qb1of3,C5_ROE_DYN_yoy,0.1734181318286263,0.11153610581397233,0.06188202601465398,-0.49011862440482434,0.4870038637161925,17.86,79.052
EV_EBITDA_qb0of3__None__C7_ROE_DYN_ytdavg_gt_lyavg__v0,EV_EBITDA_qb0of3__None,C7_ROE_DYN_ytdavg_gt_lyavg,0.17341159842946618,0.1454246752563002,0.02798692317316598,-0.5111289183823707,0.4877487633728287,15.57,201.9298245614035
MOM_qb2of3__DEBTRATIO_qb0of3__C2_ROE_DYN_riseq2__v0,MOM_qb2of3__DEBTRATIO_qb0of3,C2_ROE_DYN_riseq2,0.17339278925210921,0.13434664389931616,0.03904614535279305,-0.6443883906125667,0.5001803101334295,15.56,81.63138686131387
DEBTRATIO_qb2of3__FCF_P_qb2of3__C10_EPS_DYN_qmax4__v0,DEBTRATIO_qb2of3__FCF_P_qb2of3,C10_EPS_DYN_qmax4,0.17336595856618087,0.13414183650936895,0.039224122056811916,-0.5059262297046745,0.5092669432918395,15.93,51.454198473282446
PB_qb1of3__MOM_qb2of3__C2_ROE_DYN_riseq2__v0,PB_qb1of3__MOM_qb2of3,C2_ROE_DYN_riseq2,0.17326981911638506,0.14055424123730442,0.03271557787908064,-0.6646580522077122,0.5077449861405511,14.57,87.37591240875912
MOM_qb2of3__NETDEBT_EBITDA_qb0of3__C14_EPS_DYN_ytdavg_gt_lyavg__v0,MOM_qb2of3__NETDEBT_EBITDA_qb0of3,C14_EPS_DYN_ytdavg_gt_lyavg,0.17322890725496176,0.141070955355993,0.03215795189896875,-0.6687145979557876,0.4833546734955186,14.31,68.13684210526316
P_IC_qb1of3__OCF_E_qb1of3__C3_ROE_DYN_qmax4__v0,P_IC_qb1of3__OCF_E_qb1of3,C3_ROE_DYN_qmax4,0.1732194872423929,0.10858375215866056,0.06463573508373233,-0.4877796403296458,0.5230009262117937,15.71,46.3587786259542
FCF_OI_qb1of3__DEBTRATIO_qb0of3__C11_EPS_DYN_qmax8__v0,FCF_OI_qb1of3__DEBTRATIO_qb0of3,C11_EPS_DYN_qmax8,0.17320430416480415,0.10607558667456085,0.0671287174902433,-0.44275954710981025,0.5112189205579138,17.12,26.388646288209607
P_IC_qb0of3__NETDEBT_EBITDA_qb1of3__C2_ROE_DYN_riseq2__v0,P_IC_qb0of3__NETDEBT_EBITDA_qb1of3,C2_ROE_DYN_riseq2,0.17317432775211894,0.1828242597650629,-0.009649932012943951,-0.4866768174027706,0.5405587344328509,16.17,58.518248175182485
MOM_qb2of3__FCF_OI_qb1of3__C8_EPS_DYN_riseq1__v0,MOM_qb2of3__FCF_OI_qb1of3,C8_EPS_DYN_riseq1,0.1731190535862004,0.1494073362333117,0.023711717352888684,-0.653832444308158,0.5089686098654709,14.53,94.73684210526316
OCF_E_qb2of3__DEBTRATIO_qb2of3__C10_EPS_DYN_qmax4__v0,OCF_E_qb2of3__DEBTRATIO_qb2of3,C10_EPS_DYN_qmax4,0.17310977189634236,0.11692725396958026,0.0561825179267621,-0.44936434384291457,0.49436513899323814,17.13,61.5763358778626
PS_qb0of3__DEBTRATIO_qb1of3__C6_ROE_DYN_ytdavg_gt_lyytdavg__v0,PS_qb0of3__DEBTRATIO_qb1of3,C6_ROE_DYN_ytdavg_gt_lyytdavg,0.17306297053813502,0.16164172783718755,0.011421242700947465,-0.49483577303026827,0.4924318869828456,14.99,76.72280701754386
EV_S_qb0of3__OCF_E_qb2of3__C1_ROE_DYN_riseq1__v0,EV_S_qb0of3__OCF_E_qb2of3,C1_ROE_DYN_riseq1,0.17305324015285306,0.15462123639236114,0.018432003760491922,-0.5251846930072726,0.4992063492063492,16.09,88.17543859649123
ACCRUAL_qb0of3__FCF_P_qb2of3__C14_EPS_DYN_ytdavg_gt_lyavg__v0,ACCRUAL_qb0of3__FCF_P_qb2of3,C14_EPS_DYN_ytdavg_gt_lyavg,0.17304945828624296,0.12374675560791215,0.04930270267833081,-0.532617015391385,0.48545147362492963,16.92,72.49122807017544
EV_EBITDA_qb0of3__ROIC_qb1of3__None__v0,EV_EBITDA_qb0of3__ROIC_qb1of3,None,0.17304387553983713,0.17304387553983713,0.0,-0.5373359024094899,0.5374848851269649,15.32,102.9023569023569
EV_EBITDA_qb0of3__None__C13_EPS_DYN_ytdavg_gt_lyytdavg__v0,EV_EBITDA_qb0of3__None,C13_EPS_DYN_ytdavg_gt_lyytdavg,0.17299185871649736,0.1454246752563002,0.027567183460197153,-0.5061080890668253,0.48640900403482695,15.77,226.83859649122806
PB_qb1of3__MOM_qb2of3__C9_EPS_DYN_riseq2__v0,PB_qb1of3__MOM_qb2of3,C9_EPS_DYN_riseq2,0.17299106038867018,0.14055424123730442,0.03243681915136576,-0.6756181711571334,0.508927135274248,14.87,89.12043795620438
PB_qb0of3__ROE_qb1of3__C20_FCF_P_DYN_ytdavg_gt_lyytdavg__v0,PB_qb0of3__ROE_qb1of3,C20_FCF_P_DYN_ytdavg_gt_lyytdavg,0.17298466220530373,0.18183368727864435,-0.008849025073340622,-0.5450538003611505,0.5412059253077405,16.58,95.3157894736842
EV_S_qb0of3__ROE_qb2of3__C9_EPS_DYN_riseq2__v0,EV_S_qb0of3__ROE_qb2of3,C9_EPS_DYN_riseq2,0.1729696089906112,0.16125483918444772,0.011714769806163483,-0.4693795856701569,0.5115574081091322,16.82,99.83211678832117
ROE_qb2of3__EV_EBITDA_qb0of3__C1_ROE_DYN_riseq1__v0,ROE_qb2of3__EV_EBITDA_qb0of3,C1_ROE_DYN_riseq1,0.1729473907597232,0.1751333441657017,-0.0021859534059784913,-0.45269187037645975,0.4960237018556058,16.52,94.44561403508771
PS_qb0of3__FCF_OI_qb1of3__C10_EPS_DYN_qmax4__v0,PS_qb0of3__FCF_OI_qb1of3,C10_EPS_DYN_qmax4,0.17291772486020895,0.1602886894689004,0.012629035391308552,-0.5413350377230164,0.5186661073825504,13.94,70.55725190839695
EV_EBITDA_qb0of3__DEBTRATIO_qb1of3__C7_ROE_DYN_ytdavg_gt_lyavg__v0,EV_EBITDA_qb0of3__DEBTRATIO_qb1of3,C7_ROE_DYN_ytdavg_gt_lyavg,0.17290006342602027,0.1453333100047871,0.02756675342123316,-0.5540288183302278,0.4816154309825196,16.12,63.35438596491228
MOM_qb2of3__EV_EBITDA_qb1of3__C9_EPS_DYN_riseq2__v0,MOM_qb2of3__EV_EBITDA_qb1of3,C9_EPS_DYN_riseq2,0.17285595553314903,0.15785208153346586,0.01500387399968317,-0.6570121846753061,0.5118905274345689,15.7,103.68978102189782
PS_qb0of3__DEBTRATIO_qb2of3__C8_EPS_DYN_riseq1__v0,PS_qb0of3__DEBTRATIO_qb2of3,C8_EPS_DYN_riseq1,0.17271784357210485,0.16192316720535427,0.010794676366750577,-0.545970929166163,0.49012887304633945,15.08,135.8982456140351
PB_qb0of3__NETDEBT_EBITDA_qb0of3__C19_FCF_P_DYN_yoy__v0,PB_qb0of3__NETDEBT_EBITDA_qb0of3,C19_FCF_P_DYN_yoy,0.17263607420020843,0.18598838212849822,-0.013352307928289786,-0.5772031941817191,0.5259856630824373,18.18,71.876
EV_EBITDA_qb0of3__DEBTRATIO_qb1of3__C2_ROE_DYN_riseq2__v0,EV_EBITDA_qb0of3__DEBTRATIO_qb1of3,C2_ROE_DYN_riseq2,0.1725924803142711,0.1453333100047871,0.027259170309483993,-0.5464722515788732,0.5093314434207418,16.78,76.0036496350365
P_IC_qb0of3__FCF_P_qb1of3__C8_EPS_DYN_riseq1__v0,P_IC_qb0of3__FCF_P_qb1of3,C8_EPS_DYN_riseq1,0.17256280039207383,0.17643282368710866,-0.00387002329503483,-0.5848732885213868,0.5054597701149425,15.66,46.19298245614035
EV_EBITDA_qb1of3__NETDEBT_EBITDA_qb2of3__C14_EPS_DYN_ytdavg_gt_lyavg__v0,EV_EBITDA_qb1of3__NETDEBT_EBITDA_qb2of3,C14_EPS_DYN_ytdavg_gt_lyavg,0.1725294596571525,0.14627716761851484,0.02625229203863766,-0.5545007461329551,0.49376114081996436,16.72,78.80701754385964
MOM_qb2of3__OCF_E_qb1of3__C11_EPS_DYN_qmax8__v0,MOM_qb2of3__OCF_E_qb1of3,C11_EPS_DYN_qmax8,0.1724996888047443,0.13329269559525958,0.03920699320948473,-0.5914562665222836,0.5200819672131147,15.62,35.32188841201717
EV_S_qb0of3__OCF_E_qb2of3__C18_FCF_P_DYN_qmax8__v0,EV_S_qb0of3__OCF_E_qb2of3,C18_FCF_P_DYN_qmax8,0.17246447470058612,0.15462123639236114,0.017843238308224985,-0.656485762413409,0.47018633540372673,17.79,21.15450643776824
ROE_qb1of3__EV_EBITDA_qb0of3__C16_FCF_P_DYN_riseq2__v0,ROE_qb1of3__EV_EBITDA_qb0of3,C16_FCF_P_DYN_riseq2,0.17245757827884578,0.16753762281561357,0.004919955463232206,-0.5567999167932431,0.5402017731580556,15.73,56.21897810218978
P_IC_qb1of3__MOM_qb2of3__C11_EPS_DYN_qmax8__v0,P_IC_qb1of3__MOM_qb2of3,C11_EPS_DYN_qmax8,0.1724366917932092,0.14135123829913576,0.031085453494073434,-0.5643024001136242,0.5074135090609555,17.55,37.32618025751073
PB_qb0of3__EV_S_qb0of3__C20_FCF_P_DYN_ytdavg_gt_lyytdavg__v0,PB_qb0of3__EV_S_qb0of3,C20_FCF_P_DYN_ytdavg_gt_lyytdavg,0.172403974276516,0.19152523498206686,-0.01912126070555087,-0.5869441875440689,0.5485781990521327,15.8,124.32631578947368
EV_EBITDA_qb0of3__ROIC_qb2of3__C19_FCF_P_DYN_yoy__v0,EV_EBITDA_qb0of3__ROIC_qb2of3,C19_FCF_P_DYN_yoy,0.17239191818011368,0.17195031758070844,0.0004416005994052341,-0.556312141388759,0.5098803952158086,18.58,63.936
ROE_qb2of3__NETDEBT_EBITDA_qb2of3__C12_EPS_DYN_yoy__v0,ROE_qb2of3__NETDEBT_EBITDA_qb2of3,C12_EPS_DYN_yoy,0.1723587607977879,0.12573108691877288,0.04662767387901501,-0.5360504004241209,0.4843313682904127,19.57,68.48
EV_EBITDA_qb0of3__FCF_P_qb2of3__C11_EPS_DYN_qmax8__v0,EV_EBITDA_qb0of3__FCF_P_qb2of3,C11_EPS_DYN_qmax8,0.1722553535332949,0.1412545523155624,0.03100080121773252,-0.5752395920302202,0.5082169268693508,19.09,36.57510729613734
FCF_OI_qb2of3__DEBTRATIO_qb2of3__C3_ROE_DYN_qmax4__v0,FCF_OI_qb2of3__DEBTRATIO_qb2of3,C3_ROE_DYN_qmax4,0.17224579489026626,0.1079547255060096,0.06429106938425666,-0.4875736181418383,0.5046313449425713,16.24,38.43129770992366
PS_qb0of3__NETDEBT_EBITDA_qb0of3__C2_ROE_DYN_riseq2__v0,PS_qb0of3__NETDEBT_EBITDA_qb0of3,C2_ROE_DYN_riseq2,0.1722085048886255,0.1623346227872262,0.009873882101399278,-0.578666495064931,0.5314197051978278,15.71,51.503649635036496
P_IC_qb0of3__NETDEBT_EBITDA_qb1of3__C1_ROE_DYN_riseq1__v0,P_IC_qb0of3__NETDEBT_EBITDA_qb1of3,C1_ROE_DYN_riseq1,0.17219481451475271,0.1828242597650629,-0.010629445250310177,-0.5050007877490993,0.5164649591894174,15.58,56.51929824561404
PS_qb0of3__ROE_qb2of3__C3_ROE_DYN_qmax4__v0,PS_qb0of3__ROE_qb2of3,C3_ROE_DYN_qmax4,0.17218968753613106,0.16803068714784408,0.004159000388286982,-0.42211600508153724,0.5057649667405765,15.28,67.12595419847328
PS_qb0of3__NETDEBT_EBITDA_qb0of3__C8_EPS_DYN_riseq1__v0,PS_qb0of3__NETDEBT_EBITDA_qb0of3,C8_EPS_DYN_riseq1,0.17216226036915816,0.1623346227872262,0.009827637581931947,-0.5791067213926733,0.5094647519582245,15.2,50.810526315789474
P_IC_qb1of3__MOM_qb2of3__C5_ROE_DYN_yoy__v0,P_IC_qb1of3__MOM_qb2of3,C5_ROE_DYN_yoy,0.172154545927522,0.14135123829913576,0.030803307628386234,-0.6955196727483266,0.4880255455029271,16.73,89.22
FCF_OI_qb1of3__NETDEBT_EBITDA_qb2of3__C3_ROE_DYN_qmax4__v0,FCF_OI_qb1of3__NETDEBT_EBITDA_qb2of3,C3_ROE_DYN_qmax4,0.17211821734840327,0.11499305815386185,0.05712515919454142,-0.5947091605995318,0.5007501875468867,15.06,38.1412213740458
EV_EBITDA_qb0of3__FCF_OI_qb1of3__C16_FCF_P_DYN_riseq2__v0,EV_EBITDA_qb0of3__FCF_OI_qb1of3,C16_FCF_P_DYN_riseq2,0.1720957305311115,0.1588416616824344,0.01325406884867708,-0.5780899798602521,0.4799174174174174,15.54,73.36496350364963
EV_EBITDA_qb0of3__NETDEBT_EBITDA_qb0of3__C6_ROE_DYN_ytdavg_gt_lyytdavg__v0,EV_EBITDA_qb0of3__NETDEBT_EBITDA_qb0of3,C6_ROE_DYN_ytdavg_gt_lyytdavg,0.17204848027541875,0.14659325251889155,0.0254552277565272,-0.5870648343815077,0.5155096011816839,15.48,78.62456140350878
P_IC_qb0of3__EV_EBITDA_qb0of3__C15_FCF_P_DYN_riseq1__v0,P_IC_qb0of3__EV_EBITDA_qb0of3,C15_FCF_P_DYN_riseq1,0.17201293207997037,0.19089426073683513,-0.01888132865686476,-0.5457467497411861,0.4898270600203459,15.96,98.95087719298246
OCF_E_qb2of3__FCF_OI_qb1of3__C3_ROE_DYN_qmax4__v0,OCF_E_qb2of3__FCF_OI_qb1of3,C3_ROE_DYN_qmax4,0.17200467388274854,0.11774066125008464,0.054264012632663894,-0.6415895866562584,0.5092085614733698,15.62,55.79007633587786
ACCRUAL_qb0of3__DEBTRATIO_qb2of3__C10_EPS_DYN_qmax4__v0,ACCRUAL_qb0of3__DEBTRATIO_qb2of3,C10_EPS_DYN_qmax4,0.17198638944600342,0.10760438208815426,0.06438200735784916,-0.5237895934914801,0.4858108108108108,16.74,43.770992366412216
EV_EBITDA_qb0of3__ROIC_qb2of3__None__v0,EV_EBITDA_qb0of3__ROIC_qb2of3,None,0.17195031758070844,0.17195031758070844,0.0,-0.47505084573867684,0.49763406940063093,15.76,126.04713804713805
PB_qb0of3__ROE_qb2of3__C10_EPS_DYN_qmax4__v0,PB_qb0of3__ROE_qb2of3,C10_EPS_DYN_qmax4,0.17189702310031918,0.20669866335001674,-0.03480164024969756,-0.6398606264977464,0.5233686067019401,16.47,31.545801526717558
PB_qb0of3__FCF_P_qb1of3__C16_FCF_P_DYN_riseq2__v0,PB_qb0of3__FCF_P_qb1of3,C16_FCF_P_DYN_riseq2,0.17188085386403995,0.1810049825348956,-0.009124128670855658,-0.6018475189245774,0.4950844466851525,16.09,54.448905109489054
MOM_qb2of3__NETDEBT_EBITDA_qb0of3__C1_ROE_DYN_riseq1__v0,MOM_qb2of3__NETDEBT_EBITDA_qb0of3,C1_ROE_DYN_riseq1,0.17178864118215786,0.141070955355993,0.030717685826164853,-0.6934648480710202,0.4928609201480698,14.13,74.0701754385965
PB_qb0of3__ROIC_qb1of3__C16_FCF_P_DYN_riseq2__v0,PB_qb0of3__ROIC_qb1of3,C16_FCF_P_DYN_riseq2,0.17175617608284943,0.18223831681550728,-0.010482140732657852,-0.539948615102704,0.52629751779205,17.5,96.66788321167883
DEBTRATIO_qb2of3__FCF_P_qb2of3__C5_ROE_DYN_yoy__v0,DEBTRATIO_qb2of3__FCF_P_qb2of3,C5_ROE_DYN_yoy,0.17168686777231756,0.13414183650936895,0.037545031262948614,-0.5279811386777662,0.4992481203007519,17.36,90.192
MOM_qb2of3__None__C7_ROE_DYN_ytdavg_gt_lyavg__v0,MOM_qb2of3__None,C7_ROE_DYN_ytdavg_gt_lyavg,0.17167286951971894,0.11517070621059111,0.05650216330912783,-0.6327661220286567,0.4735573612450076,14.85,227.88070175438597
MOM_qb2of3__FCF_OI_qb2of3__C6_ROE_DYN_ytdavg_gt_lyytdavg__v0,MOM_qb2of3__FCF_OI_qb2of3,C6_ROE_DYN_ytdavg_gt_lyytdavg,0.17164866281064284,0.13351239190976916,0.03813627090087368,-0.593463539009379,0.5044854020551297,15.38,75.0701754385965
MOM_qb2of3__EV_EBITDA_qb0of3__C15_FCF_P_DYN_riseq1__v0,MOM_qb2of3__EV_EBITDA_qb0of3,C15_FCF_P_DYN_riseq1,0.17163515506007743,0.17816366229087532,-0.0065285072307978975,-0.6425851543909942,0.47973796465569774,15.64,77.97894736842105
MOM_qb2of3__EV_EBITDA_qb1of3__C7_ROE_DYN_ytdavg_gt_lyavg__v0,MOM_qb2of3__EV_EBITDA_qb1of3,C7_ROE_DYN_ytdavg_gt_lyavg,0.17159616010911627,0.15785208153346586,0.01374407857565041,-0.6220614885450091,0.4968934451693072,14.92,86.70175438596492
P_IC_qb0of3__MOM_qb2of3__C19_FCF_P_DYN_yoy__v0,P_IC_qb0of3__MOM_qb2of3,C19_FCF_P_DYN_yoy,0.17155481060128386,0.18134305708824927,-0.009788246486965413,-0.6659365004203824,0.49981610886355277,15.89,78.972
P_IC_qb1of3__OCF_E_qb2of3__C11_EPS_DYN_qmax8__v0,P_IC_qb1of3__OCF_E_qb2of3,C11_EPS_DYN_qmax8,0.17150016717129524,0.11478934435704824,0.056710822814247,-0.6531212504246777,0.5136948015651202,18.5,27.746781115879827
MOM_qb2of3__DEBTRATIO_qb1of3__C2_ROE_DYN_riseq2__v0,MOM_qb2of3__DEBTRATIO_qb1of3,C2_ROE_DYN_riseq2,0.17146152229162204,0.13517618077461835,0.03628534151700369,-0.6005753092107275,0.49776304888152445,16.75,88.54744525547446
MOM_qb2of3__NETDEBT_EBITDA_qb0of3__C7_ROE_DYN_ytdavg_gt_lyavg__v0,MOM_qb2of3__NETDEBT_EBITDA_qb0of3,C7_ROE_DYN_ytdavg_gt_lyavg,0.17143851854936476,0.141070955355993,0.03036756319337175,-0.6476405576191939,0.48497361780224824,14.64,62.782456140350874
PB_qb1of3__DEBTRATIO_qb1of3__C4_ROE_DYN_qmax8__v0,PB_qb1of3__DEBTRATIO_qb1of3,C4_ROE_DYN_qmax8,0.17142657089539615,0.10213199884253421,0.06929457205286194,-0.6769110442019017,0.5089863407620417,18.0,22.40772532188841
PS_qb0of3__EV_EBITDA_qb0of3__C20_FCF_P_DYN_ytdavg_gt_lyytdavg__v0,PS_qb0of3__EV_EBITDA_qb0of3,C20_FCF_P_DYN_ytdavg_gt_lyytdavg,0.1714046089226291,0.19132612263680127,-0.019921513714172168,-0.5226017263734717,0.5025136612021858,15.01,91.50877192982456
FCF_OI_qb2of3__DEBTRATIO_qb2of3__C11_EPS_DYN_qmax8__v0,FCF_OI_qb2of3__DEBTRATIO_qb2of3,C11_EPS_DYN_qmax8,0.17139748592422,0.1079547255060096,0.0634427604182104,-0.5850202808594713,0.5098537825810553,18.36,23.673819742489272
EV_EBITDA_qb1of3__NETDEBT_EBITDA_qb2of3__C6_ROE_DYN_ytdavg_gt_lyytdavg__v0,EV_EBITDA_qb1of3__NETDEBT_EBITDA_qb2of3,C6_ROE_DYN_ytdavg_gt_lyytdavg,0.17136465626760744,0.14627716761851484,0.025087488649092604,-0.5759330815987216,0.48865435356200526,16.63,76.32631578947368
P_IC_qb0of3__DEBTRATIO_qb0of3__C2_ROE_DYN_riseq2__v0,P_IC_qb0of3__DEBTRATIO_qb0of3,C2_ROE_DYN_riseq2,0.17136258744403388,0.20390695840205297,-0.0325443709580191,-0.6098198271416038,0.5245775729646698,14.6,26.759124087591243
P_IC_qb1of3__DEBTRATIO_qb1of3__C11_EPS_DYN_qmax8__v0,P_IC_qb1of3__DEBTRATIO_qb1of3,C11_EPS_DYN_qmax8,0.17135326680680318,0.10457322351498388,0.0667800432918193,-0.6019682438153,0.5063152114222954,19.11,29.841201716738198
MOM_qb2of3__NETDEBT_EBITDA_qb1of3__C6_ROE_DYN_ytdavg_gt_lyytdavg__v0,MOM_qb2of3__NETDEBT_EBITDA_qb1of3,C6_ROE_DYN_ytdavg_gt_lyytdavg,0.17133998871132672,0.14096998093909052,0.030370007772236196,-0.5546312270288112,0.49097414213693286,15.93,93.06666666666666
EV_S_qb0of3__ROIC_qb2of3__C6_ROE_DYN_ytdavg_gt_lyytdavg__v0,EV_S_qb0of3__ROIC_qb2of3,C6_ROE_DYN_ytdavg_gt_lyytdavg,0.1713134126887106,0.15799574490089796,0.013317667787812626,-0.43773122832594646,0.4867682437850842,15.32,72.54035087719298
P_IC_qb0of3__EV_S_qb0of3__C16_FCF_P_DYN_riseq2__v0,P_IC_qb0of3__EV_S_qb0of3,C16_FCF_P_DYN_riseq2,0.17130933912693158,0.1851690280562388,-0.013859688929307223,-0.5488438334636816,0.514411602717092,15.84,121.68978102189782
MOM_qb2of3__FCF_OI_qb1of3__C3_ROE_DYN_qmax4__v0,MOM_qb2of3__FCF_OI_qb1of3,C3_ROE_DYN_qmax4,0.1712997297027683,0.1494073362333117,0.021892393469456595,-0.6323116300336976,0.5193482688391039,14.2,58.19465648854962
DEBTRATIO_qb2of3__NETDEBT_EBITDA_qb2of3__C10_EPS_DYN_qmax4__v0,DEBTRATIO_qb2of3__NETDEBT_EBITDA_qb2of3,C10_EPS_DYN_qmax4,0.1712743572303952,0.11915400596730308,0.05212035126309211,-0.5813708232578658,0.48988621997471554,16.07,84.6793893129771
PS_qb0of3__ROIC_qb2of3__C6_ROE_DYN_ytdavg_gt_lyytdavg__v0,PS_qb0of3__ROIC_qb2of3,C6_ROE_DYN_ytdavg_gt_lyytdavg,0.17120447200261957,0.16337747244409084,0.007826999558528724,-0.38057551332025796,0.4866109991361935,15.36,64.0421052631579
MOM_qb2of3__FCF_P_qb0of3__C9_EPS_DYN_riseq2__v0,MOM_qb2of3__FCF_P_qb0of3,C9_EPS_DYN_riseq2,0.1711888111226274,0.12263642895378513,0.04855238216884228,-0.662868360390684,0.4807861542974479,16.82,88.4087591240876
MOM_qb2of3__ROIC_qb2of3__C1_ROE_DYN_riseq1__v0,MOM_qb2of3__ROIC_qb2of3,C1_ROE_DYN_riseq1,0.1711783449058697,0.15843219174837309,0.01274615315749661,-0.6821135971230251,0.5071106094808127,15.28,116.16842105263157
PB_qb1of3__OCF_E_qb2of3__C2_ROE_DYN_riseq2__v0,PB_qb1of3__OCF_E_qb2of3,C2_ROE_DYN_riseq2,0.17112518574349367,0.12468663979722217,0.0464385459462715,-0.5575135488259548,0.5163238346857898,16.46,80.78467153284672
MOM_qb2of3__DEBTRATIO_qb0of3__C11_EPS_DYN_qmax8__v0,MOM_qb2of3__DEBTRATIO_qb0of3,C11_EPS_DYN_qmax8,0.1711098566960787,0.13434664389931616,0.036763212796762534,-0.6371470930781871,0.5002277904328019,18.51,34.58369098712446
MOM_qb2of3__ROIC_qb1of3__C8_EPS_DYN_riseq1__v0,MOM_qb2of3__ROIC_qb1of3,C8_EPS_DYN_riseq1,0.1711027742972191,0.1489494323621996,0.0221533419350195,-0.6366265154566526,0.5095634399182363,14.84,86.41754385964913
PS_qb0of3__DEBTRATIO_qb1of3__C13_EPS_DYN_ytdavg_gt_lyytdavg__v0,PS_qb0of3__DEBTRATIO_qb1of3,C13_EPS_DYN_ytdavg_gt_lyytdavg,0.17106281275087643,0.16164172783718755,0.00942108491368887,-0.5010656766297279,0.4872135503155098,14.92,79.05614035087719
EV_EBITDA_qb1of3__ACCRUAL_qb0of3__C5_ROE_DYN_yoy__v0,EV_EBITDA_qb1of3__ACCRUAL_qb0of3,C5_ROE_DYN_yoy,0.17105148747537857,0.12987807961629594,0.041173407859082634,-0.528271449933922,0.5036149162861492,18.31,76.304
PB_qb1of3__OCF_E_qb2of3__C14_EPS_DYN_ytdavg_gt_lyavg__v0,PB_qb1of3__OCF_E_qb2of3,C14_EPS_DYN_ytdavg_gt_lyavg,0.17097008167201388,0.12468663979722217,0.04628344187479172,-0.5140337499150323,0.5010679196924391,16.26,73.59298245614035
EV_S_qb0of3__EV_EBITDA_qb0of3__C18_FCF_P_DYN_qmax8__v0,EV_S_qb0of3__EV_EBITDA_qb0of3,C18_FCF_P_DYN_qmax8,0.17092521318547726,0.17809224021688452,-0.007167027031407258,-0.5585097318293311,0.48708677685950413,21.05,27.643776824034333
EV_EBITDA_qb0of3__None__C6_ROE_DYN_ytdavg_gt_lyytdavg__v0,EV_EBITDA_qb0of3__None,C6_ROE_DYN_ytdavg_gt_lyytdavg,0.17090879959799588,0.1454246752563002,0.02548412434169567,-0.5172606804564193,0.4892521271831617,15.9,210.46666666666667
EV_S_qb0of3__FCF_OI_qb1of3__C1_ROE_DYN_riseq1__v0,EV_S_qb0of3__FCF_OI_qb1of3,C1_ROE_DYN_riseq1,0.1708817245238894,0.1576248487356633,0.013256875788226097,-0.5759155617613755,0.5023326188374732,14.64,118.9578947368421
ROE_qb1of3__FCF_P_qb2of3__C11_EPS_DYN_qmax8__v0,ROE_qb1of3__FCF_P_qb2of3,C11_EPS_DYN_qmax8,0.1708817164344658,0.12843923926750733,0.04244247716695848,-0.7444151098692113,0.5358410220014195,15.53,20.7725321888412
P_IC_qb1of3__ROE_qb2of3__C6_ROE_DYN_ytdavg_gt_lyytdavg__v0,P_IC_qb1of3__ROE_qb2of3,C6_ROE_DYN_ytdavg_gt_lyytdavg,0.17076762381363841,0.15952276167140345,0.011244862142234968,-0.4585104440616933,0.49312328082020507,16.21,75.93333333333334
PB_qb0of3__ROIC_qb1of3__C20_FCF_P_DYN_ytdavg_gt_lyytdavg__v0,PB_qb0of3__ROIC_qb1of3,C20_FCF_P_DYN_ytdavg_gt_lyytdavg,0.17076143201532434,0.18223831681550728,-0.01147688480018294,-0.5376934767323347,0.535349489284999,16.91,96.3719298245614
MOM_qb2of3__EV_EBITDA_qb1of3__C14_EPS_DYN_ytdavg_gt_lyavg__v0,MOM_qb2of3__EV_EBITDA_qb1of3,C14_EPS_DYN_ytdavg_gt_lyavg,0.1707471099962421,0.15785208153346586,0.012895028462776237,-0.6392962129992199,0.4976418465056453,15.11,95.21052631578948
P_IC_qb0of3__FCF_OI_qb1of3__C19_FCF_P_DYN_yoy__v0,P_IC_qb0of3__FCF_OI_qb1of3,C19_FCF_P_DYN_yoy,0.17062559593799742,0.1841328203450041,-0.01350722440700669,-0.5884537571501294,0.4858735344993273,16.79,82.74
MOM_qb2of3__FCF_OI_qb2of3__C10_EPS_DYN_qmax4__v0,MOM_qb2of3__FCF_OI_qb2of3,C10_EPS_DYN_qmax4,0.1705809465635446,0.13351239190976916,0.037068554653775454,-0.6205131493478013,0.5197926484448633,16.7,54.69465648854962
PS_qb0of3__ROIC_qb2of3__C3_ROE_DYN_qmax4__v0,PS_qb0of3__ROIC_qb2of3,C3_ROE_DYN_qmax4,0.17058090842412255,0.16337747244409084,0.007203435980031703,-0.4485349023800217,0.5040629095674968,15.03,54.847328244274806
PS_qb0of3__NETDEBT_EBITDA_qb2of3__C1_ROE_DYN_riseq1__v0,PS_qb0of3__NETDEBT_EBITDA_qb2of3,C1_ROE_DYN_riseq1,0.17056808658107325,0.16108156841581445,0.009486518165258806,-0.5819015778136394,0.4865378523915109,14.99,116.58947368421053
MOM_qb2of3__DEBTRATIO_qb0of3__C9_EPS_DYN_riseq2__v0,MOM_qb2of3__DEBTRATIO_qb0of3,C9_EPS_DYN_riseq2,0.17054236751965735,0.13434664389931616,0.03619572362034118,-0.6367549061740182,0.5039205436487193,15.7,84.16423357664233
PB_qb0of3__ROE_qb1of3__C16_FCF_P_DYN_riseq2__v0,PB_qb0of3__ROE_qb1of3,C16_FCF_P_DYN_riseq2,0.1705176993344082,0.18183368727864435,-0.011315987944236161,-0.5360637179087161,0.5229455709711847,17.61,95.46350364963503
EV_EBITDA_qb0of3__None__C2_ROE_DYN_riseq2__v0,EV_EBITDA_qb0of3__None,C2_ROE_DYN_riseq2,0.1705096177630936,0.1454246752563002,0.025084942506793384,-0.49922444487100637,0.5092491838955386,16.39,238.8978102189781
P_IC_qb1of3__ROIC_qb2of3__C13_EPS_DYN_ytdavg_gt_lyytdavg__v0,P_IC_qb1of3__ROIC_qb2of3,C13_EPS_DYN_ytdavg_gt_lyytdavg,0.17049695107640184,0.16248848629635226,0.008008464780049573,-0.4347670179325819,0.4930875576036866,16.29,83.30526315789474
PB_qb0of3__DEBTRATIO_qb2of3__C20_FCF_P_DYN_ytdavg_gt_lyytdavg__v0,PB_qb0of3__DEBTRATIO_qb2of3,C20_FCF_P_DYN_ytdavg_gt_lyytdavg,0.17048378546846155,0.18635950857908368,-0.01587572311062213,-0.6214604870817563,0.5413694721825963,16.35,87.3157894736842
PS_qb1of3__DEBTRATIO_qb0of3__C5_ROE_DYN_yoy__v0,PS_qb1of3__DEBTRATIO_qb0of3,C5_ROE_DYN_yoy,0.1704806686308229,0.12634493133806424,0.04413573729275866,-0.6179362415773806,0.5128060793695468,17.04,80.184
MOM_qb2of3__ROE_qb2of3__C20_FCF_P_DYN_ytdavg_gt_lyytdavg__v0,MOM_qb2of3__ROE_qb2of3,C20_FCF_P_DYN_ytdavg_gt_lyytdavg,0.17047682403385878,0.1649096027006769,0.005567221333181882,-0.6556169223620094,0.508496312920808,15.21,88.0
EV_EBITDA_qb1of3__FCF_OI_qb1of3__C11_EPS_DYN_qmax8__v0,EV_EBITDA_qb1of3__FCF_OI_qb1of3,C11_EPS_DYN_qmax8,0.17045491647096722,0.1275583968310292,0.04289651963993801,-0.6745659283448744,0.5223752151462995,16.22,34.802575107296136
EV_EBITDA_qb0of3__FCF_OI_qb1of3__C4_ROE_DYN_qmax8__v0,EV_EBITDA_qb0of3__FCF_OI_qb1of3,C4_ROE_DYN_qmax8,0.17038149243314393,0.1588416616824344,0.011539830750709523,-0.6261354851178125,0.5328042328042328,15.89,28.675324675324674
OCF_E_qb2of3__ROE_qb2of3__C3_ROE_DYN_qmax4__v0,OCF_E_qb2of3__ROE_qb2of3,C3_ROE_DYN_qmax4,0.17036575076361382,0.11168724670811869,0.05867850405549513,-0.38481429692954894,0.49347794225414043,17.78,104.44656488549619
PB_qb0of3__EV_EBITDA_qb0of3__C19_FCF_P_DYN_yoy__v0,PB_qb0of3__EV_EBITDA_qb0of3,C19_FCF_P_DYN_yoy,0.1703453405578128,0.19475174231000114,-0.024406401752188334,-0.5835466546040846,0.5123579289193577,17.44,104.896
EV_EBITDA_qb0of3__DEBTRATIO_qb1of3__C5_ROE_DYN_yoy__v0,EV_EBITDA_qb0of3__DEBTRATIO_qb1of3,C5_ROE_DYN_yoy,0.17032679478205615,0.1453333100047871,0.024993484777269037,-0.5659932630225106,0.49363057324840764,18.15,72.528
ROIC_qb1of3__DEBTRATIO_qb2of3__C11_EPS_DYN_qmax8__v0,ROIC_qb1of3__DEBTRATIO_qb2of3,C11_EPS_DYN_qmax8,0.17030292946352343,0.11680265302092874,0.053500276442594696,-0.5320243550144066,0.5249187432286024,17.49,31.0
P_IC_qb0of3__MOM_qb2of3__C18_FCF_P_DYN_qmax8__v0,P_IC_qb0of3__MOM_qb2of3,C18_FCF_P_DYN_qmax8,0.17008034501178315,0.18134305708824927,-0.01126271207646612,-0.6839730177373136,0.49525101763907736,16.7,19.098712446351932
MOM_qb2of3__OCF_E_qb1of3__C5_ROE_DYN_yoy__v0,MOM_qb2of3__OCF_E_qb1of3,C5_ROE_DYN_yoy,0.1700290568140348,0.13329269559525958,0.036736361218775215,-0.6453747001234029,0.4965034965034965,16.72,87.344
PB_qb0of3__PS_qb0of3__C20_FCF_P_DYN_ytdavg_gt_lyytdavg__v0,PB_qb0of3__PS_qb0of3,C20_FCF_P_DYN_ytdavg_gt_lyytdavg,0.17002871094328165,0.19552828855051252,-0.025499577607230872,-0.608119964697087,0.5390728476821192,15.76,129.95087719298246
PS_qb0of3__ROE_qb2of3__C9_EPS_DYN_riseq2__v0,PS_qb0of3__ROE_qb2of3,C9_EPS_DYN_riseq2,0.17002826214787392,0.16803068714784408,0.0019975750000298387,-0.42484117563863033,0.5023041474654378,16.5,96.77007299270073
PB_qb0of3__NETDEBT_EBITDA_qb0of3__C16_FCF_P_DYN_riseq2__v0,PB_qb0of3__NETDEBT_EBITDA_qb0of3,C16_FCF_P_DYN_riseq2,0.17002151644009267,0.18598838212849822,-0.01596686568840555,-0.5157998175144893,0.5330422125181951,16.7,70.44525547445255
MOM_qb2of3__DEBTRATIO_qb0of3__C12_EPS_DYN_yoy__v0,MOM_qb2of3__DEBTRATIO_qb0of3,C12_EPS_DYN_yoy,0.1699913027598412,0.13434664389931616,0.035644658860525036,-0.6830064497836535,0.4877687175685693,17.44,88.14
ROE_qb1of3__FCF_P_qb2of3__C12_EPS_DYN_yoy__v0,ROE_qb1of3__FCF_P_qb2of3,C12_EPS_DYN_yoy,0.16991961353481266,0.12843923926750733,0.04148037426730533,-0.5329684243239755,0.512906647807638,18.03,84.54
ACCRUAL_qb0of3__FCF_P_qb2of3__C2_ROE_DYN_riseq2__v0,ACCRUAL_qb0of3__FCF_P_qb2of3,C2_ROE_DYN_riseq2,0.16991623119484078,0.12374675560791215,0.04616947558692863,-0.5190573994865666,0.5020684467845055,16.77,74.35401459854015
P_IC_qb1of3__ROE_qb2of3__C3_ROE_DYN_qmax4__v0,P_IC_qb1of3__ROE_qb2of3,C3_ROE_DYN_qmax4,0.1698657398107204,0.15952276167140345,0.01034297813931695,-0.4752480211703777,0.5093780848963475,16.84,59.034351145038165
MOM_qb2of3__ACCRUAL_qb1of3__C3_ROE_DYN_qmax4__v0,MOM_qb2of3__ACCRUAL_qb1of3,C3_ROE_DYN_qmax4,0.16982388128127002,0.13564208643476539,0.03418179484650463,-0.6925728484883307,0.5142929420693144,15.56,52.01145038167939
ACCRUAL_qb0of3__FCF_P_qb2of3__C7_ROE_DYN_ytdavg_gt_lyavg__v0,ACCRUAL_qb0of3__FCF_P_qb2of3,C7_ROE_DYN_ytdavg_gt_lyavg,0.16970329274328355,0.12374675560791215,0.0459565371353714,-0.5604947844303099,0.4903012794056954,16.42,65.7859649122807
MOM_qb2of3__DEBTRATIO_qb1of3__C3_ROE_DYN_qmax4__v0,MOM_qb2of3__DEBTRATIO_qb1of3,C3_ROE_DYN_qmax4,0.16966842383407066,0.13517618077461835,0.03449224305945231,-0.6200968304732171,0.5087949593069047,15.57,53.33969465648855
DEBTRATIO_qb2of3__FCF_P_qb2of3__C14_EPS_DYN_ytdavg_gt_lyavg__v0,DEBTRATIO_qb2of3__FCF_P_qb2of3,C14_EPS_DYN_ytdavg_gt_lyavg,0.16964300907713037,0.13414183650936895,0.03550117256776142,-0.504105621301798,0.4945291129347401,16.67,83.59649122807018
MOM_qb2of3__ROIC_qb1of3__C1_ROE_DYN_riseq1__v0,MOM_qb2of3__ROIC_qb1of3,C1_ROE_DYN_riseq1,0.1696238188082384,0.1489494323621996,0.020674386446038806,-0.6326930518596132,0.5051199531889994,14.49,85.4
ACCRUAL_qb0of3__FCF_OI_qb1of3__C2_ROE_DYN_riseq2__v0,ACCRUAL_qb0of3__FCF_OI_qb1of3,C2_ROE_DYN_riseq2,0.1696041690295116,0.11153610581397233,0.058068063215539256,-0.5120576185110852,0.4924563485336498,16.21,81.38321167883211
MOM_qb2of3__NETDEBT_EBITDA_qb2of3__C10_EPS_DYN_qmax4__v0,MOM_qb2of3__NETDEBT_EBITDA_qb2of3,C10_EPS_DYN_qmax4,0.16950940346600207,0.13535856297428794,0.03415084049171413,-0.6549069693678722,0.4954204829308909,14.5,51.83969465648855
MOM_qb2of3__EV_EBITDA_qb0of3__C19_FCF_P_DYN_yoy__v0,MOM_qb2of3__EV_EBITDA_qb0of3,C19_FCF_P_DYN_yoy,0.16949846763020227,0.17816366229087532,-0.008665194660673059,-0.6418755574073891,0.49608899704501996,16.36,81.96
EV_EBITDA_qb1of3__NETDEBT_EBITDA_qb2of3__C7_ROE_DYN_ytdavg_gt_lyavg__v0,EV_EBITDA_qb1of3__NETDEBT_EBITDA_qb2of3,C7_ROE_DYN_ytdavg_gt_lyavg,0.1694694508706327,0.14627716761851484,0.023192283252117862,-0.5881211594937874,0.5003963011889035,16.26,74.69824561403509
MOM_qb2of3__FCF_P_qb0of3__C2_ROE_DYN_riseq2__v0,MOM_qb2of3__FCF_P_qb0of3,C2_ROE_DYN_riseq2,0.16945861864329514,0.12263642895378513,0.04682218968951002,-0.682522830440419,0.48513637756665645,16.95,84.43795620437956
PB_qb1of3__OCF_E_qb2of3__C9_EPS_DYN_riseq2__v0,PB_qb1of3__OCF_E_qb2of3,C9_EPS_DYN_riseq2,0.16943786508330172,0.12468663979722217,0.044751225286079555,-0.5727524398299025,0.5159103746940312,16.67,81.06934306569343
MOM_qb2of3__ROE_qb1of3__C12_EPS_DYN_yoy__v0,MOM_qb2of3__ROE_qb1of3,C12_EPS_DYN_yoy,0.16942560749187874,0.142453064325746,0.026972543166132734,-0.6168849584026677,0.49389747762408465,16.19,88.868
ROE_qb2of3__DEBTRATIO_qb2of3__C5_ROE_DYN_yoy__v0,ROE_qb2of3__DEBTRATIO_qb2of3,C5_ROE_DYN_yoy,0.16938743429818026,0.11194290084226521,0.05744453345591505,-0.41951146050041155,0.48544093178036607,18.22,109.344
FCF_OI_qb1of3__NETDEBT_EBITDA_qb2of3__C11_EPS_DYN_qmax8__v0,FCF_OI_qb1of3__NETDEBT_EBITDA_qb2of3,C11_EPS_DYN_qmax8,0.1693741627164258,0.11499305815386185,0.05438110456256395,-0.7246477777744439,0.5087209302325582,17.41,20.901287553648068
PS_qb0of3__ACCRUAL_qb0of3__C8_EPS_DYN_riseq1__v0,PS_qb0of3__ACCRUAL_qb0of3,C8_EPS_DYN_riseq1,0.16935764164113287,0.1648074184621935,0.004550223178939383,-0.5387247088489316,0.496658870698296,15.48,84.43508771929825
PB_qb1of3__MOM_qb2of3__C8_EPS_DYN_riseq1__v0,PB_qb1of3__MOM_qb2of3,C8_EPS_DYN_riseq1,0.16935018063826512,0.14055424123730442,0.0287959394009607,-0.7140838091670203,0.505989817310572,13.74,86.76491228070175
MOM_qb2of3__NETDEBT_EBITDA_qb1of3__C11_EPS_DYN_qmax8__v0,MOM_qb2of3__NETDEBT_EBITDA_qb1of3,C11_EPS_DYN_qmax8,0.16926248240169461,0.14096998093909052,0.02829250146260409,-0.5653927622421263,0.5090077209036317,19.05,55.99570815450644
PS_qb0of3__ROIC_qb2of3__C13_EPS_DYN_ytdavg_gt_lyytdavg__v0,PS_qb0of3__ROIC_qb2of3,C13_EPS_DYN_ytdavg_gt_lyytdavg,0.16920895763555222,0.16337747244409084,0.005831485191461372,-0.3846875034303431,0.480642386005162,15.63,66.47017543859648
P_IC_qb0of3__ROIC_qb1of3__C16_FCF_P_DYN_riseq2__v0,P_IC_qb0of3__ROIC_qb1of3,C16_FCF_P_DYN_riseq2,0.16916443268014714,0.18272926888937446,-0.013564836209227327,-0.558382436663456,0.5217619297325642,17.26,97.37226277372262
MOM_qb2of3__DEBTRATIO_qb1of3__C9_EPS_DYN_riseq2__v0,MOM_qb2of3__DEBTRATIO_qb1of3,C9_EPS_DYN_riseq2,0.16915419917344887,0.13517618077461835,0.03397801839883052,-0.6018462293479955,0.49887023886378307,16.98,91.69343065693431
MOM_qb2of3__FCF_P_qb1of3__C7_ROE_DYN_ytdavg_gt_lyavg__v0,MOM_qb2of3__FCF_P_qb1of3,C7_ROE_DYN_ytdavg_gt_lyavg,0.1691491706213788,0.12449311185748302,0.04465605876389578,-0.6322014429190502,0.4885370278739898,15.06,76.84912280701755
MOM_qb2of3__DEBTRATIO_qb1of3__C11_EPS_DYN_qmax8__v0,MOM_qb2of3__DEBTRATIO_qb1of3,C11_EPS_DYN_qmax8,0.16914488173016506,0.13517618077461835,0.033968700955546716,-0.7220751001323582,0.5150162337662337,17.02,39.0343347639485
P_IC_qb1of3__ROE_qb2of3__C9_EPS_DYN_riseq2__v0,P_IC_qb1of3__ROE_qb2of3,C9_EPS_DYN_riseq2,0.16914040180848544,0.15952276167140345,0.009617640137081995,-0.47018664443946645,0.5083168316831683,17.36,90.83941605839416
PB_qb0of3__ROE_qb2of3__C20_FCF_P_DYN_ytdavg_gt_lyytdavg__v0,PB_qb0of3__ROE_qb2of3,C20_FCF_P_DYN_ytdavg_gt_lyytdavg,0.1691377563726455,0.20669866335001674,-0.037560906977371245,-0.7863683189482629,0.5182089552238806,15.92,24.035087719298247
DEBTRATIO_qb2of3__NETDEBT_EBITDA_qb0of3__C10_EPS_DYN_qmax4__v0,DEBTRATIO_qb2of3__NETDEBT_EBITDA_qb0of3,C10_EPS_DYN_qmax4,0.16913475692283986,0.10863780237264198,0.06049695455019788,-0.4572880323178805,0.5324123273113709,15.95,16.797709923664122
MOM_qb2of3__NETDEBT_EBITDA_qb0of3__C11_EPS_DYN_qmax8__v0,MOM_qb2of3__NETDEBT_EBITDA_qb0of3,C11_EPS_DYN_qmax8,0.1690653294851696,0.141070955355993,0.027994374129176602,-0.6863829799184817,0.5059453032104637,15.5,26.369098712446352
PS_qb0of3__ROIC_qb2of3__C19_FCF_P_DYN_yoy__v0,PS_qb0of3__ROIC_qb2of3,C19_FCF_P_DYN_yoy,0.16906207855909972,0.16337747244409084,0.005684606115008872,-0.5585500875742454,0.5128526645768025,17.72,51.672
EV_S_qb1of3__ACCRUAL_qb0of3__C2_ROE_DYN_riseq2__v0,EV_S_qb1of3__ACCRUAL_qb0of3,C2_ROE_DYN_riseq2,0.16903108725915805,0.11933321896314197,0.04969786829601608,-0.5696128883607514,0.4941490453705605,16.68,72.78832116788321
OCF_E_qb1of3__FCF_P_qb2of3__C10_EPS_DYN_qmax4__v0,OCF_E_qb1of3__FCF_P_qb2of3,C10_EPS_DYN_qmax4,0.1690284302875218,0.12040696135896067,0.04862146892856112,-0.5533699760369908,0.5208581644815257,15.58,45.00763358778626
ROE_qb2of3__ACCRUAL_qb0of3__C2_ROE_DYN_riseq2__v0,ROE_qb2of3__ACCRUAL_qb0of3,C2_ROE_DYN_riseq2,0.16902835034020192,0.11508661275557497,0.05394173758462695,-0.36788202665893877,0.48971596474045054,17.64,92.42700729927007
EV_EBITDA_qb0of3__ROIC_qb2of3__C1_ROE_DYN_riseq1__v0,EV_EBITDA_qb0of3__ROIC_qb2of3,C1_ROE_DYN_riseq1,0.16902269557077032,0.17195031758070844,-0.0029276220099381245,-0.4680247332374341,0.5002347785255908,16.36,94.26666666666667
ROIC_qb1of3__NETDEBT_EBITDA_qb2of3__C3_ROE_DYN_qmax4__v0,ROIC_qb1of3__NETDEBT_EBITDA_qb2of3,C3_ROE_DYN_qmax4,0.1690124427661981,0.11795452966567255,0.05105791310052554,-0.5843011391443915,0.5062296858071506,14.86,59.37786259541985
EV_EBITDA_qb0of3__DEBTRATIO_qb1of3__C4_ROE_DYN_qmax8__v0,EV_EBITDA_qb0of3__DEBTRATIO_qb1of3,C4_ROE_DYN_qmax8,0.16898618200175264,0.1453333100047871,0.02365287199696553,-0.5935895023247354,0.5070242656449553,18.22,25.238095238095237
EV_S_qb0of3__MOM_qb2of3__C17_FCF_P_DYN_qmax4__v0,EV_S_qb0of3__MOM_qb2of3,C17_FCF_P_DYN_qmax4,0.16894577740621686,0.1955004527469444,-0.02655467534072753,-0.613100974020239,0.49288366336633666,15.17,39.39312977099237
MOM_qb2of3__ROE_qb1of3__C1_ROE_DYN_riseq1__v0,MOM_qb2of3__ROE_qb1of3,C1_ROE_DYN_riseq1,0.16890678957587113,0.142453064325746,0.026453725250125126,-0.6340165947477976,0.5015969581749049,15.0,81.91228070175438
MOM_qb2of3__EV_EBITDA_qb1of3__C3_ROE_DYN_qmax4__v0,MOM_qb2of3__EV_EBITDA_qb1of3,C3_ROE_DYN_qmax4,0.16882804731207712,0.15785208153346586,0.010975965778611263,-0.6863918567714237,0.5261160714285714,14.93,60.06870229007634
MOM_qb2of3__FCF_P_qb1of3__C12_EPS_DYN_yoy__v0,MOM_qb2of3__FCF_P_qb1of3,C12_EPS_DYN_yoy,0.16881145852901902,0.12449311185748302,0.044318346671536,-0.6592337543546177,0.49274278018853807,17.97,95.704
MOM_qb2of3__DEBTRATIO_qb1of3__C7_ROE_DYN_ytdavg_gt_lyavg__v0,MOM_qb2of3__DEBTRATIO_qb1of3,C7_ROE_DYN_ytdavg_gt_lyavg,0.1687901239455465,0.13517618077461835,0.03361394317092814,-0.6289443164159787,0.4799773328296184,15.46,77.46315789473684
PB_qb0of3__MOM_qb2of3__C18_FCF_P_DYN_qmax8__v0,PB_qb0of3__MOM_qb2of3,C18_FCF_P_DYN_qmax8,0.16877774187845795,0.17784854968810193,-0.009070807809643977,-0.6664521297296815,0.49966420416386836,17.93,19.21030042918455
MOM_qb2of3__DEBTRATIO_qb2of3__C10_EPS_DYN_qmax4__v0,MOM_qb2of3__DEBTRATIO_qb2of3,C10_EPS_DYN_qmax4,0.16873538519603848,0.1409681494808137,0.02776723571522477,-0.6896657940659756,0.5012938132204188,14.93,61.4236641221374
EV_S_qb0of3__FCF_OI_qb1of3__C8_EPS_DYN_riseq1__v0,EV_S_qb0of3__FCF_OI_qb1of3,C8_EPS_DYN_riseq1,0.168723099019229,0.1576248487356633,0.011098250283565703,-0.5722677811743214,0.5023923444976076,14.84,120.16140350877193
DEBTRATIO_qb1of3__FCF_P_qb2of3__C11_EPS_DYN_qmax8__v0,DEBTRATIO_qb1of3__FCF_P_qb2of3,C11_EPS_DYN_qmax8,0.16866349543226833,0.12036397930429055,0.04829951612797778,-0.6130590681372283,0.5021857923497268,19.73,26.858369098712448
ROE_qb2of3__DEBTRATIO_qb2of3__C18_FCF_P_DYN_qmax8__v0,ROE_qb2of3__DEBTRATIO_qb2of3,C18_FCF_P_DYN_qmax8,0.16861469155616327,0.11194290084226521,0.05667179071389805,-0.6805887923006577,0.4574087329992842,21.89,18.600858369098713
P_IC_qb1of3__FCF_P_qb1of3__C10_EPS_DYN_qmax4__v0,P_IC_qb1of3__FCF_P_qb1of3,C10_EPS_DYN_qmax4,0.1686140362034676,0.11136939041932759,0.057244645784140014,-0.6172300221429555,0.5183161953727506,15.56,43.152671755725194
PB_qb0of3__OCF_E_qb2of3__C18_FCF_P_DYN_qmax8__v0,PB_qb0of3__OCF_E_qb2of3,C18_FCF_P_DYN_qmax8,0.1685980566078844,0.1948977085456407,-0.026299651937756297,-0.601996806055302,0.47253705318221445,17.81,15.42489270386266
P_IC_qb0of3__PB_qb0of3__C16_FCF_P_DYN_riseq2__v0,P_IC_qb0of3__PB_qb0of3,C16_FCF_P_DYN_riseq2,0.16855979499175566,0.18573029068263458,-0.017170495690878917,-0.5972095418367832,0.5205375253549696,17.34,175.62043795620437
PS_qb0of3__DEBTRATIO_qb1of3__C2_ROE_DYN_riseq2__v0,PS_qb0of3__DEBTRATIO_qb1of3,C2_ROE_DYN_riseq2,0.16855264033766715,0.16164172783718755,0.0069109125004795935,-0.5214809863035847,0.5161213845424372,15.94,87.33576642335767
ROE_qb2of3__DEBTRATIO_qb2of3__C10_EPS_DYN_qmax4__v0,ROE_qb2of3__DEBTRATIO_qb2of3,C10_EPS_DYN_qmax4,0.16854083824673993,0.11194290084226521,0.05659793740447472,-0.41351015011777426,0.4948203658805378,16.63,74.68702290076335
PB_qb0of3__EV_EBITDA_qb0of3__C15_FCF_P_DYN_riseq1__v0,PB_qb0of3__EV_EBITDA_qb0of3,C15_FCF_P_DYN_riseq1,0.16853575633043416,0.19475174231000114,-0.02621598597956698,-0.590265574066044,0.49769017554665845,17.17,100.78947368421052
PS_qb0of3__ROIC_qb2of3__C9_EPS_DYN_riseq2__v0,PS_qb0of3__ROIC_qb2of3,C9_EPS_DYN_riseq2,0.16852321614496502,0.16337747244409084,0.005145743700874172,-0.43392704749335764,0.4971815107102593,16.37,77.68248175182482
FCF_OI_qb1of3__NETDEBT_EBITDA_qb2of3__C12_EPS_DYN_yoy__v0,FCF_OI_qb1of3__NETDEBT_EBITDA_qb2of3,C12_EPS_DYN_yoy,0.16849513193522814,0.11499305815386185,0.05350207378136629,-0.6011655972492097,0.4793754369610813,17.48,72.152
P_IC_qb1of3__ROIC_qb1of3__C4_ROE_DYN_qmax8__v0,P_IC_qb1of3__ROIC_qb1of3,C4_ROE_DYN_qmax8,0.1684489357586001,0.10338158284969312,0.06506735290890697,-0.7828804276232488,0.5094991364421416,13.01,18.369098712446352
PS_qb0of3__ROIC_qb1of3__C8_EPS_DYN_riseq1__v0,PS_qb0of3__ROIC_qb1of3,C8_EPS_DYN_riseq1,0.16842060612093657,0.16094874682218596,0.007471859298750605,-0.5393464967089012,0.5054208273894436,15.22,112.96842105263158
PB_qb0of3__EV_S_qb0of3__C18_FCF_P_DYN_qmax8__v0,PB_qb0of3__EV_S_qb0of3,C18_FCF_P_DYN_qmax8,0.16836798289832133,0.19152523498206686,-0.023157252083745528,-0.6040636799342678,0.4805313788364636,19.26,30.909871244635195
DEBTRATIO_qb2of3__None__C10_EPS_DYN_qmax4__v0,DEBTRATIO_qb2of3__None,C10_EPS_DYN_qmax4,0.16833748721322794,0.11247402988012434,0.055863457333103606,-0.5099398541696427,0.4944130571249215,16.33,145.60687022900763
PB_qb1of3__OCF_E_qb2of3__C1_ROE_DYN_riseq1__v0,PB_qb1of3__OCF_E_qb2of3,C1_ROE_DYN_riseq1,0.1682989403930637,0.12468663979722217,0.043612300595841536,-0.5378485500680743,0.5060240963855421,16.38,77.58947368421053
EV_S_qb0of3__ROIC_qb2of3__C1_ROE_DYN_riseq1__v0,EV_S_qb0of3__ROIC_qb2of3,C1_ROE_DYN_riseq1,0.16823822153366064,0.15799574490089796,0.010242476632762676,-0.503966129752344,0.4945758491908234,15.97,82.85263157894737
MOM_qb2of3__FCF_P_qb0of3__C12_EPS_DYN_yoy__v0,MOM_qb2of3__FCF_P_qb0of3,C12_EPS_DYN_yoy,0.1681992581757661,0.12263642895378513,0.04556282922198096,-0.6831151414678565,0.47886683835782456,18.34,92.108
P_IC_qb1of3__FCF_OI_qb1of3__C10_EPS_DYN_qmax4__v0,P_IC_qb1of3__FCF_OI_qb1of3,C10_EPS_DYN_qmax4,0.16814534477417942,0.1162649322304854,0.05188041254369402,-0.5981960337379633,0.5120044667783361,15.43,50.8206106870229
MOM_qb2of3__DEBTRATIO_qb2of3__C8_EPS_DYN_riseq1__v0,MOM_qb2of3__DEBTRATIO_qb2of3,C8_EPS_DYN_riseq1,0.16814444831921338,0.1409681494808137,0.02717629883839967,-0.6682365478520074,0.4857992565055762,14.75,91.81052631578947
P_IC_qb0of3__EV_EBITDA_qb0of3__C19_FCF_P_DYN_yoy__v0,P_IC_qb0of3__EV_EBITDA_qb0of3,C19_FCF_P_DYN_yoy,0.16810897439846273,0.19089426073683513,-0.0227852863383724,-0.5705547451700577,0.5004975124378109,16.64,95.996
ROIC_qb1of3__FCF_P_qb2of3__C12_EPS_DYN_yoy__v0,ROIC_qb1of3__FCF_P_qb2of3,C12_EPS_DYN_yoy,0.16810441437016554,0.13214928588991603,0.03595512848024951,-0.530611573482803,0.5153846153846153,17.89,90.912
EV_S_qb0of3__EV_EBITDA_qb0of3__C19_FCF_P_DYN_yoy__v0,EV_S_qb0of3__EV_EBITDA_qb0of3,C19_FCF_P_DYN_yoy,0.16809901586977904,0.17809224021688452,-0.009993224347105478,-0.5509023716560686,0.5081621906266456,17.47,110.684
P_IC_qb1of3__ROE_qb2of3__C12_EPS_DYN_yoy__v0,P_IC_qb1of3__ROE_qb2of3,C12_EPS_DYN_yoy,0.1680966007023479,0.15952276167140345,0.008573839030944441,-0.5214660527374666,0.5009788992821406,18.57,93.764
MOM_qb2of3__ROIC_qb2of3__C18_FCF_P_DYN_qmax8__v0,MOM_qb2of3__ROIC_qb2of3,C18_FCF_P_DYN_qmax8,0.1680883028965361,0.15843219174837309,0.009656111148163005,-0.703689587127666,0.4662084765177549,21.12,21.95258620689655
PB_qb1of3__NETDEBT_EBITDA_qb0of3__C5_ROE_DYN_yoy__v0,PB_qb1of3__NETDEBT_EBITDA_qb0of3,C5_ROE_DYN_yoy,0.16808503734584046,0.11510738211040183,0.052977655235438625,-0.6214190796145338,0.4880266747499242,17.61,68.16
MOM_qb2of3__OCF_E_qb1of3__C2_ROE_DYN_riseq2__v0,MOM_qb2of3__OCF_E_qb1of3,C2_ROE_DYN_riseq2,0.16807667029303452,0.13329269559525958,0.034783974697774944,-0.6479504876737965,0.5116382505559673,15.66,88.14598540145985
PS_qb0of3__ROE_qb2of3__None__v0,PS_qb0of3__ROE_qb2of3,None,0.16803068714784408,0.16803068714784408,0.0,-0.458134858835072,0.49334073251942284,15.82,123.24915824915826
ROE_qb1of3__NETDEBT_EBITDA_qb2of3__C3_ROE_DYN_qmax4__v0,ROE_qb1of3__NETDEBT_EBITDA_qb2of3,C3_ROE_DYN_qmax4,0.16798039291948408,0.11002096666725647,0.05795942625222761,-0.5876051899931192,0.506951508986097,14.68,46.538167938931295
P_IC_qb1of3__ROE_qb2of3__C2_ROE_DYN_riseq2__v0,P_IC_qb1of3__ROE_qb2of3,C2_ROE_DYN_riseq2,0.1679738473922101,0.15952276167140345,0.008451085720806661,-0.48752879582385444,0.5120622568093385,17.26,90.25912408759125
P_IC_qb1of3__DEBTRATIO_qb0of3__C12_EPS_DYN_yoy__v0,P_IC_qb1of3__DEBTRATIO_qb0of3,C12_EPS_DYN_yoy,0.16789105379633495,0.1393426824369417,0.028548371359393254,-0.5773822553377677,0.5162857142857142,17.35,78.72
ROE_qb2of3__FCF_P_qb0of3__C5_ROE_DYN_yoy__v0,ROE_qb2of3__FCF_P_qb0of3,C5_ROE_DYN_yoy,0.16787435422387498,0.10634093976900005,0.061533414454874924,-0.4540641719591,0.47783159463487335,21.37,80.772
ROE_qb2of3__DEBTRATIO_qb2of3__C12_EPS_DYN_yoy__v0,ROE_qb2of3__DEBTRATIO_qb2of3,C12_EPS_DYN_yoy,0.1678661809369386,0.11194290084226521,0.0559232800946734,-0.4273537275367203,0.49227840067696216,18.42,114.324
FCF_OI_qb1of3__DEBTRATIO_qb2of3__C12_EPS_DYN_yoy__v0,FCF_OI_qb1of3__DEBTRATIO_qb2of3,C12_EPS_DYN_yoy,0.16783910341171193,0.11211067470469849,0.055728428707013444,-0.5701023495328255,0.4755944931163955,16.58,85.904
ROE_qb2of3__ACCRUAL_qb0of3__C12_EPS_DYN_yoy__v0,ROE_qb2of3__ACCRUAL_qb0of3,C12_EPS_DYN_yoy,0.16775498822553092,0.11508661275557497,0.05266837546995595,-0.4018696754110538,0.49026027173023407,20.19,97.612
PB_qb1of3__OCF_E_qb2of3__C12_EPS_DYN_yoy__v0,PB_qb1of3__OCF_E_qb2of3,C12_EPS_DYN_yoy,0.16773700731751973,0.12468663979722217,0.04305036752029756,-0.5601490362971022,0.5003971405877681,18.47,83.648
NETDEBT_EBITDA_qb2of3__FCF_P_qb2of3__C7_ROE_DYN_ytdavg_gt_lyavg__v0,NETDEBT_EBITDA_qb2of3__FCF_P_qb2of3,C7_ROE_DYN_ytdavg_gt_lyavg,0.1677159913973667,0.130367316892525,0.037348674504841695,-0.5490269285269349,0.5003194888178913,16.14,74.37894736842105
PB_qb0of3__ROE_qb1of3__C19_FCF_P_DYN_yoy__v0,PB_qb0of3__ROE_qb1of3,C19_FCF_P_DYN_yoy,0.16771519305793636,0.18183368727864435,-0.014118494220707989,-0.5499399291582001,0.5239651416122004,19.42,97.812
P_IC_qb1of3__OCF_E_qb1of3__C11_EPS_DYN_qmax8__v0,P_IC_qb1of3__OCF_E_qb1of3,C11_EPS_DYN_qmax8,0.1677138177731854,0.10858375215866056,0.05913006561452483,-0.5598574637218688,0.5283342873497424,17.05,26.805194805194805
MOM_qb2of3__None__C6_ROE_DYN_ytdavg_gt_lyytdavg__v0,MOM_qb2of3__None,C6_ROE_DYN_ytdavg_gt_lyytdavg,0.1676967140860166,0.11517070621059111,0.052526007875425496,-0.6361941602062655,0.4714625445897741,15.26,238.35438596491227
ACCRUAL_qb0of3__FCF_P_qb2of3__C13_EPS_DYN_ytdavg_gt_lyytdavg__v0,ACCRUAL_qb0of3__FCF_P_qb2of3,C13_EPS_DYN_ytdavg_gt_lyytdavg,0.167683889710315,0.12374675560791215,0.04393713410240285,-0.5334620589222181,0.48547129695251595,17.18,75.69122807017544
MOM_qb2of3__FCF_OI_qb2of3__C2_ROE_DYN_riseq2__v0,MOM_qb2of3__FCF_OI_qb2of3,C2_ROE_DYN_riseq2,0.1676573358681528,0.13351239190976916,0.03414494395838363,-0.6102344481143929,0.5095502156500308,16.47,82.92335766423358
FCF_OI_qb1of3__DEBTRATIO_qb0of3__C10_EPS_DYN_qmax4__v0,FCF_OI_qb1of3__DEBTRATIO_qb0of3,C10_EPS_DYN_qmax4,0.16765431695051958,0.10607558667456085,0.061578730275958726,-0.5325812826256147,0.5148514851485149,16.58,48.14885496183206
P_IC_qb1of3__ROIC_qb2of3__C8_EPS_DYN_riseq1__v0,P_IC_qb1of3__ROIC_qb2of3,C8_EPS_DYN_riseq1,0.16760358220164795,0.16248848629635226,0.005115095905295686,-0.5427741270482827,0.5067578570265429,16.77,90.43859649122807
PB_qb1of3__NETDEBT_EBITDA_qb0of3__C12_EPS_DYN_yoy__v0,PB_qb1of3__NETDEBT_EBITDA_qb0of3,C12_EPS_DYN_yoy,0.16756507632358475,0.11510738211040183,0.052457694213182915,-0.632974945080708,0.49134328358208956,18.0,70.472
EV_S_qb0of3__ROIC_qb2of3__C20_FCF_P_DYN_ytdavg_gt_lyytdavg__v0,EV_S_qb0of3__ROIC_qb2of3,C20_FCF_P_DYN_ytdavg_gt_lyytdavg,0.16754859694659285,0.15799574490089796,0.009552852045694893,-0.5663406540700886,0.5213780375269148,15.02,58.00350877192982
EV_S_qb0of3__OCF_E_qb1of3__C8_EPS_DYN_riseq1__v0,EV_S_qb0of3__OCF_E_qb1of3,C8_EPS_DYN_riseq1,0.16754858830260777,0.1599721772341416,0.007576411068466182,-0.5504573173192924,0.5169979565298161,15.39,76.1859649122807
P_IC_qb1of3__ROIC_qb2of3__C19_FCF_P_DYN_yoy__v0,P_IC_qb1of3__ROIC_qb2of3,C19_FCF_P_DYN_yoy,0.16754569112109086,0.16248848629635226,0.0050572048247385926,-0.5412107985398205,0.5299105040037683,18.74,69.984
FCF_P_qb2of3__None__C3_ROE_DYN_qmax4__v0,FCF_P_qb2of3__None,C3_ROE_DYN_qmax4,0.16754347668883773,0.12214294842787288,0.045400528260964856,-0.4972576431125886,0.5088678192972671,16.76,127.33969465648855
PB_qb0of3__OCF_E_qb2of3__C11_EPS_DYN_qmax8__v0,PB_qb0of3__OCF_E_qb2of3,C11_EPS_DYN_qmax8,0.1675399459349196,0.1948977085456407,-0.027357762610721092,-0.6600195932397809,0.5256975036710719,18.55,21.21030042918455
ROE_qb1of3__EV_EBITDA_qb0of3__None__v0,ROE_qb1of3__EV_EBITDA_qb0of3,None,0.16753762281561357,0.16753762281561357,0.0,-0.5464742763038489,0.5340864822750292,15.51,113.74074074074075
DEBTRATIO_qb2of3__NETDEBT_EBITDA_qb0of3__C12_EPS_DYN_yoy__v0,DEBTRATIO_qb2of3__NETDEBT_EBITDA_qb0of3,C12_EPS_DYN_yoy,0.16749024935393075,0.10863780237264198,0.058852446981288775,-0.5752153383585489,0.5096618357487923,17.86,31.004
ACCRUAL_qb0of3__FCF_P_qb2of3__C5_ROE_DYN_yoy__v0,ACCRUAL_qb0of3__FCF_P_qb2of3,C5_ROE_DYN_yoy,0.16744020383283442,0.12374675560791215,0.04369344822492227,-0.5445787565839442,0.48908634344214796,18.28,73.556
OCF_E_qb2of3__ROIC_qb1of3__C3_ROE_DYN_qmax4__v0,OCF_E_qb2of3__ROIC_qb1of3,C3_ROE_DYN_qmax4,0.1674269835077853,0.10988266317424689,0.0575443203335384,-0.5941129597292201,0.5143184421534936,16.29,37.782442748091604
ROE_qb2of3__FCF_P_qb0of3__C3_ROE_DYN_qmax4__v0,ROE_qb2of3__FCF_P_qb0of3,C3_ROE_DYN_qmax4,0.16740131635244415,0.10634093976900005,0.0610603765834441,-0.4732862892100057,0.48717263495456975,19.26,50.541984732824424
EV_EBITDA_qb0of3__ROIC_qb1of3__C15_FCF_P_DYN_riseq1__v0,EV_EBITDA_qb0of3__ROIC_qb1of3,C15_FCF_P_DYN_riseq1,0.16736516621152853,0.17304387553983713,-0.0056787093283086065,-0.5577094017624117,0.5157068062827225,16.13,50.04912280701755
EV_EBITDA_qb0of3__DEBTRATIO_qb2of3__C6_ROE_DYN_ytdavg_gt_lyytdavg__v0,EV_EBITDA_qb0of3__DEBTRATIO_qb2of3,C6_ROE_DYN_ytdavg_gt_lyytdavg,0.16735467318576935,0.14301532522542537,0.024339347960343982,-0.4304888979916798,0.48875514729173264,15.39,70.37894736842105
MOM_qb2of3__NETDEBT_EBITDA_qb0of3__C6_ROE_DYN_ytdavg_gt_lyytdavg__v0,MOM_qb2of3__NETDEBT_EBITDA_qb0of3,C6_ROE_DYN_ytdavg_gt_lyytdavg,0.16734711734498564,0.141070955355993,0.02627616198899263,-0.6548668831928011,0.4832546157148991,14.96,67.05964912280702
P_IC_qb1of3__ROIC_qb2of3__C6_ROE_DYN_ytdavg_gt_lyytdavg__v0,P_IC_qb1of3__ROIC_qb2of3,C6_ROE_DYN_ytdavg_gt_lyytdavg,0.16733995518466482,0.16248848629635226,0.00485146888831256,-0.4581947672486941,0.49317004239284035,16.2,79.52280701754385
P_IC_qb0of3__DEBTRATIO_qb1of3__C1_ROE_DYN_riseq1__v0,P_IC_qb0of3__DEBTRATIO_qb1of3,C1_ROE_DYN_riseq1,0.16731936503958567,0.17820977128879134,-0.010890406249205675,-0.560402185716073,0.5093306792734511,16.09,68.64912280701755
EV_S_qb0of3__ROE_qb2of3__C1_ROE_DYN_riseq1__v0,EV_S_qb0of3__ROE_qb2of3,C1_ROE_DYN_riseq1,0.16730749065488948,0.16125483918444772,0.006052651470441761,-0.49032640824472107,0.5009724473257698,16.06,93.76842105263158
OCF_E_qb2of3__FCF_OI_qb1of3__C10_EPS_DYN_qmax4__v0,OCF_E_qb2of3__FCF_OI_qb1of3,C10_EPS_DYN_qmax4,0.1672852300274632,0.11774066125008464,0.04954456877737856,-0.6055344556341674,0.5020538566864445,15.95,61.1412213740458
PS_qb1of3__MOM_qb2of3__C4_ROE_DYN_qmax8__v0,PS_qb1of3__MOM_qb2of3,C4_ROE_DYN_qmax8,0.16727460050896026,0.12985143618864448,0.03742316432031578,-0.6821198939960694,0.5037631710988459,18.32,30.583690987124463
DEBTRATIO_qb2of3__FCF_P_qb2of3__C12_EPS_DYN_yoy__v0,DEBTRATIO_qb2of3__FCF_P_qb2of3,C12_EPS_DYN_yoy,0.16727097568714866,0.13414183650936895,0.03312913917777971,-0.5152523632477131,0.4964247407937075,17.46,94.756
PS_qb0of3__DEBTRATIO_qb2of3__C1_ROE_DYN_riseq1__v0,PS_qb0of3__DEBTRATIO_qb2of3,C1_ROE_DYN_riseq1,0.16726403859877514,0.16192316720535427,0.005340871393420876,-0.5628601581739555,0.4907815079801871,15.01,133.98245614035088
MOM_qb2of3__FCF_OI_qb2of3__C9_EPS_DYN_riseq2__v0,MOM_qb2of3__FCF_OI_qb2of3,C9_EPS_DYN_riseq2,0.16722332698400555,0.13351239190976916,0.03371093507423639,-0.612934043668061,0.5135861451179456,16.72,85.39416058394161
ROIC_qb1of3__FCF_P_qb2of3__C3_ROE_DYN_qmax4__v0,ROIC_qb1of3__FCF_P_qb2of3,C3_ROE_DYN_qmax4,0.1672221014922013,0.13214928588991603,0.03507281560228526,-0.6475720813311552,0.5258542485636528,15.59,46.729007633587784
EV_EBITDA_qb0of3__DEBTRATIO_qb1of3__C6_ROE_DYN_ytdavg_gt_lyytdavg__v0,EV_EBITDA_qb0of3__DEBTRATIO_qb1of3,C6_ROE_DYN_ytdavg_gt_lyytdavg,0.1672037595144118,0.1453333100047871,0.02187044950962469,-0.5614259463712364,0.4830508474576271,16.63,65.75087719298246
P_IC_qb1of3__DEBTRATIO_qb0of3__C2_ROE_DYN_riseq2__v0,P_IC_qb1of3__DEBTRATIO_qb0of3,C2_ROE_DYN_riseq2,0.16715504023990269,0.1393426824369417,0.027812357802960985,-0.5567315302510547,0.5294417537598777,15.84,80.7919708029197
MOM_qb2of3__FCF_OI_qb2of3__C7_ROE_DYN_ytdavg_gt_lyavg__v0,MOM_qb2of3__FCF_OI_qb2of3,C7_ROE_DYN_ytdavg_gt_lyavg,0.1671498942716001,0.13351239190976916,0.03363750236183094,-0.5913732012795639,0.5048709622286789,15.56,71.7719298245614
PS_qb1of3__MOM_qb2of3__C3_ROE_DYN_qmax4__v0,PS_qb1of3__MOM_qb2of3,C3_ROE_DYN_qmax4,0.1671473779186492,0.12985143618864448,0.03729594173000472,-0.6632486382891966,0.5002726281352236,16.43,50.603053435114504
MOM_qb2of3__NETDEBT_EBITDA_qb2of3__C1_ROE_DYN_riseq1__v0,MOM_qb2of3__NETDEBT_EBITDA_qb2of3,C1_ROE_DYN_riseq1,0.16710377683208666,0.13535856297428794,0.031745213857798715,-0.6625125805308891,0.48451730418943534,14.28,80.7298245614035
FCF_OI_qb1of3__NETDEBT_EBITDA_qb2of3__C2_ROE_DYN_riseq2__v0,FCF_OI_qb1of3__NETDEBT_EBITDA_qb2of3,C2_ROE_DYN_riseq2,0.16705738103624257,0.11499305815386185,0.05206432288238072,-0.5641250376245974,0.48416578108395325,16.39,74.6970802919708
PS_qb1of3__DEBTRATIO_qb0of3__C10_EPS_DYN_qmax4__v0,PS_qb1of3__DEBTRATIO_qb0of3,C10_EPS_DYN_qmax4,0.1669367700393769,0.12634493133806424,0.040591838701312666,-0.631856103691502,0.5155343120518948,16.73,46.81297709923664
ROE_qb1of3__NETDEBT_EBITDA_qb2of3__C10_EPS_DYN_qmax4__v0,ROE_qb1of3__NETDEBT_EBITDA_qb2of3,C10_EPS_DYN_qmax4,0.1669157984837366,0.11002096666725647,0.05689483181648014,-0.5625120801421324,0.5146358066712049,14.81,46.083969465648856
NETDEBT_EBITDA_qb2of3__None__C10_EPS_DYN_qmax4__v0,NETDEBT_EBITDA_qb2of3__None,C10_EPS_DYN_qmax4,0.16688056039237686,0.11310247772162718,0.05377808267074968,-0.5597444481815423,0.4894302113957721,16.2,129.206106870229
EV_EBITDA_qb0of3__FCF_P_qb2of3__C7_ROE_DYN_ytdavg_gt_lyavg__v0,EV_EBITDA_qb0of3__FCF_P_qb2of3,C7_ROE_DYN_ytdavg_gt_lyavg,0.1668781725977908,0.1412545523155624,0.02562362028222842,-0.4886612255545234,0.4894837476099426,15.52,73.16842105263157
OCF_E_qb2of3__EV_EBITDA_qb0of3__C18_FCF_P_DYN_qmax8__v0,OCF_E_qb2of3__EV_EBITDA_qb0of3,C18_FCF_P_DYN_qmax8,0.1668431422052883,0.15339211904025563,0.01345102316503266,-0.5879265571684098,0.48118668596237335,20.66,18.493562231759658
P_IC_qb1of3__ROIC_qb2of3__C18_FCF_P_DYN_qmax8__v0,P_IC_qb1of3__ROIC_qb2of3,C18_FCF_P_DYN_qmax8,0.1668352237297548,0.16248848629635226,0.0043467374334025255,-0.5713881616689434,0.5011320754716981,17.4,17.549783549783548
EV_EBITDA_qb0of3__NETDEBT_EBITDA_qb0of3__C8_EPS_DYN_riseq1__v0,EV_EBITDA_qb0of3__NETDEBT_EBITDA_qb0of3,C8_EPS_DYN_riseq1,0.16677755516901294,0.14659325251889155,0.02018430265012139,-0.5749595175273639,0.5184145913714486,15.07,95.68070175438596
PS_qb0of3__ROE_qb2of3__C19_FCF_P_DYN_yoy__v0,PS_qb0of3__ROE_qb2of3,C19_FCF_P_DYN_yoy,0.16674870017318044,0.16803068714784408,-0.0012819869746636403,-0.5162824673978716,0.516788689724817,17.27,66.748
MOM_qb2of3__NETDEBT_EBITDA_qb1of3__C14_EPS_DYN_ytdavg_gt_lyavg__v0,MOM_qb2of3__NETDEBT_EBITDA_qb1of3,C14_EPS_DYN_ytdavg_gt_lyavg,0.16671067587547683,0.14096998093909052,0.02574069493638631,-0.5680935146413186,0.48741661613098847,16.58,100.22105263157894
P_IC_qb0of3__PB_qb0of3__C20_FCF_P_DYN_ytdavg_gt_lyytdavg__v0,P_IC_qb0of3__PB_qb0of3,C20_FCF_P_DYN_ytdavg_gt_lyytdavg,0.1666687792907835,0.18573029068263458,-0.019061511391851083,-0.6142635806873948,0.5443636363636364,16.47,176.0561403508772
MOM_qb2of3__ACCRUAL_qb1of3__C6_ROE_DYN_ytdavg_gt_lyytdavg__v0,MOM_qb2of3__ACCRUAL_qb1of3,C6_ROE_DYN_ytdavg_gt_lyytdavg,0.16665540052164118,0.13564208643476539,0.0310133140868758,-0.6506898605112214,0.496309963099631,15.35,80.76491228070175
P_IC_qb0of3__DEBTRATIO_qb1of3__C8_EPS_DYN_riseq1__v0,P_IC_qb0of3__DEBTRATIO_qb1of3,C8_EPS_DYN_riseq1,0.16665110309170617,0.17820977128879134,-0.011558668197085176,-0.576543088519367,0.5085616438356164,15.8,69.13333333333334
EV_S_qb1of3__ACCRUAL_qb0of3__C5_ROE_DYN_yoy__v0,EV_S_qb1of3__ACCRUAL_qb0of3,C5_ROE_DYN_yoy,0.16662458654344126,0.11933321896314197,0.04729136758029928,-0.604042852972694,0.48228766538625695,19.12,72.108
P_IC_qb0of3__NETDEBT_EBITDA_qb1of3__C10_EPS_DYN_qmax4__v0,P_IC_qb0of3__NETDEBT_EBITDA_qb1of3,C10_EPS_DYN_qmax4,0.16661975204732515,0.1828242597650629,-0.016204507717737737,-0.4870068205988132,0.5284227381905524,17.11,39.23664122137404
MOM_qb2of3__FCF_OI_qb0of3__C9_EPS_DYN_riseq2__v0,MOM_qb2of3__FCF_OI_qb0of3,C9_EPS_DYN_riseq2,0.16661738010074467,0.1129050553120563,0.05371232478868837,-0.6615458712778299,0.4782146652497343,17.31,85.04744525547446
EV_S_qb1of3__MOM_qb2of3__C11_EPS_DYN_qmax8__v0,EV_S_qb1of3__MOM_qb2of3,C11_EPS_DYN_qmax8,0.16652537445532012,0.12920025367569776,0.037325120779622356,-0.6523264972492293,0.4876267748478702,19.56,37.772532188841204
OCF_E_qb2of3__DEBTRATIO_qb2of3__C5_ROE_DYN_yoy__v0,OCF_E_qb2of3__DEBTRATIO_qb2of3,C5_ROE_DYN_yoy,0.16646123877020758,0.11692725396958026,0.04953398480062732,-0.45634613943926494,0.4899156582324899,17.97,98.848
ROIC_qb1of3__NETDEBT_EBITDA_qb2of3__C10_EPS_DYN_qmax4__v0,ROIC_qb1of3__NETDEBT_EBITDA_qb2of3,C10_EPS_DYN_qmax4,0.16644491134358463,0.11795452966567255,0.04849038167791209,-0.5673068941216947,0.5115646258503401,15.23,59.461832061068705
EV_S_qb0of3__NETDEBT_EBITDA_qb2of3__C8_EPS_DYN_riseq1__v0,EV_S_qb0of3__NETDEBT_EBITDA_qb2of3,C8_EPS_DYN_riseq1,0.1664428549091792,0.1541547522146991,0.012288102694480108,-0.5609008662029492,0.480515839641155,14.05,64.47719298245615
MOM_qb2of3__None__C14_EPS_DYN_ytdavg_gt_lyavg__v0,MOM_qb2of3__None,C14_EPS_DYN_ytdavg_gt_lyavg,0.1664302524109078,0.11517070621059111,0.0512595462003167,-0.6324320831821253,0.4703926333290702,15.27,248.81052631578947
MOM_qb2of3__EV_EBITDA_qb1of3__C1_ROE_DYN_riseq1__v0,MOM_qb2of3__EV_EBITDA_qb1of3,C1_ROE_DYN_riseq1,0.1663855225443449,0.15785208153346586,0.00853344101087905,-0.6581145514045281,0.5088600899233007,14.9,95.08421052631579
P_IC_qb0of3__EV_EBITDA_qb0of3__C18_FCF_P_DYN_qmax8__v0,P_IC_qb0of3__EV_EBITDA_qb0of3,C18_FCF_P_DYN_qmax8,0.16637470044315106,0.19089426073683513,-0.024519560293684073,-0.600835832959125,0.48980815347721823,20.42,23.832618025751074
PB_qb0of3__EV_S_qb0of3__C19_FCF_P_DYN_yoy__v0,PB_qb0of3__EV_S_qb0of3,C19_FCF_P_DYN_yoy,0.16635717651548743,0.19152523498206686,-0.025168058466579435,-0.5853834777225121,0.5259831460674157,17.96,127.344
MOM_qb2of3__EV_EBITDA_qb1of3__C8_EPS_DYN_riseq1__v0,MOM_qb2of3__EV_EBITDA_qb1of3,C8_EPS_DYN_riseq1,0.1663152422238694,0.15785208153346586,0.008463160690403537,-0.656252728586834,0.5082665977783518,15.22,98.74385964912281
OCF_E_qb2of3__ACCRUAL_qb0of3__C5_ROE_DYN_yoy__v0,OCF_E_qb2of3__ACCRUAL_qb0of3,C5_ROE_DYN_yoy,0.1663136543056951,0.1085860393522513,0.05772761495344381,-0.4689113138494404,0.4802523313219967,19.38,176.724
P_IC_qb1of3__ROIC_qb2of3__C1_ROE_DYN_riseq1__v0,P_IC_qb1of3__ROIC_qb2of3,C1_ROE_DYN_riseq1,0.16630124500926735,0.16248848629635226,0.0038127587129150875,-0.5319030790717183,0.50656,16.89,90.90877192982457
P_IC_qb1of3__NETDEBT_EBITDA_qb0of3__C2_ROE_DYN_riseq2__v0,P_IC_qb1of3__NETDEBT_EBITDA_qb0of3,C2_ROE_DYN_riseq2,0.1662916639276073,0.14111189279231584,0.025179771135291462,-0.5989684472498952,0.5208333333333334,15.24,76.66788321167883
EV_S_qb1of3__EV_EBITDA_qb1of3__C11_EPS_DYN_qmax8__v0,EV_S_qb1of3__EV_EBITDA_qb1of3,C11_EPS_DYN_qmax8,0.1662566541189643,0.11950687846175168,0.04674977565721261,-0.7576093195133118,0.5207756232686981,18.29,41.51502145922747
P_IC_qb0of3__EV_EBITDA_qb0of3__C20_FCF_P_DYN_ytdavg_gt_lyytdavg__v0,P_IC_qb0of3__EV_EBITDA_qb0of3,C20_FCF_P_DYN_ytdavg_gt_lyytdavg,0.16622670154651775,0.19089426073683513,-0.02466755919031738,-0.5491686841963972,0.5086068395685105,15.74,102.03859649122808
OCF_E_qb1of3__EV_EBITDA_qb0of3__C16_FCF_P_DYN_riseq2__v0,OCF_E_qb1of3__EV_EBITDA_qb0of3,C16_FCF_P_DYN_riseq2,0.16621798945324495,0.1611145807766723,0.005103408676572663,-0.5826977927514776,0.4923303214961126,17.11,66.24087591240875
PB_qb1of3__None__C3_ROE_DYN_qmax4__v0,PB_qb1of3__None,C3_ROE_DYN_qmax4,0.16620104264629565,0.1059915100055453,0.06020953264075035,-0.5661142323907187,0.5169170476812541,16.29,122.31679389312977
PB_qb1of3__OCF_E_qb2of3__C8_EPS_DYN_riseq1__v0,PB_qb1of3__OCF_E_qb2of3,C8_EPS_DYN_riseq1,0.16615942592538424,0.12468663979722217,0.041472786128162076,-0.5466258851050929,0.5055675287356322,15.98,78.7578947368421
OCF_E_qb2of3__ROIC_qb2of3__C3_ROE_DYN_qmax4__v0,OCF_E_qb2of3__ROIC_qb2of3,C3_ROE_DYN_qmax4,0.1661408989749893,0.10550033079483523,0.060640568180154064,-0.3738720048437274,0.49193169356102145,17.83,97.84351145038168
FCF_OI_qb1of3__FCF_P_qb2of3__None__v0,FCF_OI_qb1of3__FCF_P_qb2of3,None,0.1661308330210336,0.1661308330210336,0.0,-0.5457034508595386,0.4745520849849374,16.02,84.54208754208754
PS_qb0of3__None__C8_EPS_DYN_riseq1__v0,PS_qb0of3__None,C8_EPS_DYN_riseq1,0.1660962775568715,0.16434511041889355,0.0017511671379779603,-0.5538640643128532,0.4943870344212326,15.5,253.39298245614034
MOM_qb2of3__FCF_P_qb0of3__C5_ROE_DYN_yoy__v0,MOM_qb2of3__FCF_P_qb0of3,C5_ROE_DYN_yoy,0.16609228522617636,0.12263642895378513,0.043455856272391236,-0.6621845422052666,0.4742967992240543,18.72,85.868
NETDEBT_EBITDA_qb2of3__FCF_P_qb2of3__C14_EPS_DYN_ytdavg_gt_lyavg__v0,NETDEBT_EBITDA_qb2of3__FCF_P_qb2of3,C14_EPS_DYN_ytdavg_gt_lyavg,0.16605345296125473,0.130367316892525,0.035686136068729724,-0.5414041996592682,0.49397097894951975,17.09,78.36491228070176
PS_qb1of3__OCF_E_qb2of3__C3_ROE_DYN_qmax4__v0,PS_qb1of3__OCF_E_qb2of3,C3_ROE_DYN_qmax4,0.1660266073451544,0.10315298366883918,0.06287362367631522,-0.48801659055411195,0.509540193931811,17.94,47.02671755725191
P_IC_qb0of3__ROIC_qb1of3__C20_FCF_P_DYN_ytdavg_gt_lyytdavg__v0,P_IC_qb0of3__ROIC_qb1of3,C20_FCF_P_DYN_ytdavg_gt_lyytdavg,0.16602593864809823,0.18272926888937446,-0.016703330241276237,-0.5442247511995691,0.5348884381338742,16.71,98.43508771929825
PS_qb1of3__NETDEBT_EBITDA_qb0of3__C9_EPS_DYN_riseq2__v0,PS_qb1of3__NETDEBT_EBITDA_qb0of3,C9_EPS_DYN_riseq2,0.1660103491754361,0.11822478808596304,0.04778556108947307,-0.6230659899587421,0.5240613432046536,15.33,72.4014598540146
PS_qb0of3__DEBTRATIO_qb0of3__C10_EPS_DYN_qmax4__v0,PS_qb0of3__DEBTRATIO_qb0of3,C10_EPS_DYN_qmax4,0.16597999098413507,0.16454566385826408,0.0014343271258709933,-0.5923026899120434,0.5292003593890386,15.27,18.0381679389313
MOM_qb2of3__FCF_P_qb2of3__C1_ROE_DYN_riseq1__v0,MOM_qb2of3__FCF_P_qb2of3,C1_ROE_DYN_riseq1,0.1659775740754461,0.15540904841423941,0.010568525661206696,-0.6472464963168287,0.5170858392564243,14.69,87.56842105263158
MOM_qb2of3__DEBTRATIO_qb1of3__C6_ROE_DYN_ytdavg_gt_lyytdavg__v0,MOM_qb2of3__DEBTRATIO_qb1of3,C6_ROE_DYN_ytdavg_gt_lyytdavg,0.16596893181325578,0.13517618077461835,0.030792751038637434,-0.6267282811193549,0.479185438817805,15.76,81.0982456140351
EV_EBITDA_qb1of3__NETDEBT_EBITDA_qb2of3__C13_EPS_DYN_ytdavg_gt_lyytdavg__v0,EV_EBITDA_qb1of3__NETDEBT_EBITDA_qb2of3,C13_EPS_DYN_ytdavg_gt_lyytdavg,0.16595803335469062,0.14627716761851484,0.01968086573617578,-0.5534508205883033,0.48746803069053707,17.26,80.42456140350878
EV_S_qb0of3__NETDEBT_EBITDA_qb0of3__C18_FCF_P_DYN_qmax8__v0,EV_S_qb0of3__NETDEBT_EBITDA_qb0of3,C18_FCF_P_DYN_qmax8,0.165902359828495,0.15451356457625898,0.011388795252236017,-0.5770357058960812,0.4694700460829493,18.67,23.50214592274678
EV_S_qb0of3__NETDEBT_EBITDA_qb2of3__C1_ROE_DYN_riseq1__v0,EV_S_qb0of3__NETDEBT_EBITDA_qb2of3,C1_ROE_DYN_riseq1,0.1658309829867839,0.1541547522146991,0.011676230772084795,-0.5600664641548758,0.48738081884464385,13.96,64.02105263157895
FCF_OI_qb1of3__NETDEBT_EBITDA_qb2of3__C10_EPS_DYN_qmax4__v0,FCF_OI_qb1of3__NETDEBT_EBITDA_qb2of3,C10_EPS_DYN_qmax4,0.16578491590344924,0.11499305815386185,0.05079185774958739,-0.5916481485291876,0.502373128879153,15.2,39.83969465648855
P_IC_qb1of3__MOM_qb2of3__C1_ROE_DYN_riseq1__v0,P_IC_qb1of3__MOM_qb2of3,C1_ROE_DYN_riseq1,0.16577753788986782,0.14135123829913576,0.02442629959073206,-0.6869211774526114,0.4966640806826998,14.21,84.1719298245614
EV_EBITDA_qb0of3__ROIC_qb1of3__C17_FCF_P_DYN_qmax4__v0,EV_EBITDA_qb0of3__ROIC_qb1of3,C17_FCF_P_DYN_qmax4,0.1657335012691239,0.17304387553983713,-0.007310374270713238,-0.5851111409251499,0.5187768240343348,16.83,26.049618320610687
MOM_qb2of3__EV_EBITDA_qb1of3__C13_EPS_DYN_ytdavg_gt_lyytdavg__v0,MOM_qb2of3__EV_EBITDA_qb1of3,C13_EPS_DYN_ytdavg_gt_lyytdavg,0.16564833916681,0.15785208153346586,0.007796257633344128,-0.6370271965645642,0.4918575765939829,15.48,98.2701754385965
P_IC_qb0of3__PS_qb0of3__C16_FCF_P_DYN_riseq2__v0,P_IC_qb0of3__PS_qb0of3,C16_FCF_P_DYN_riseq2,0.16557213146945626,0.1876102576683254,-0.022038126198869135,-0.569344505646991,0.5123181097824521,16.06,149.44525547445255
EV_EBITDA_qb0of3__ROIC_qb1of3__C19_FCF_P_DYN_yoy__v0,EV_EBITDA_qb0of3__ROIC_qb1of3,C19_FCF_P_DYN_yoy,0.1655701622184147,0.17304387553983713,-0.007473713321422437,-0.5202399220965952,0.528263795423957,18.2,51.032
PB_qb1of3__FCF_OI_qb1of3__C11_EPS_DYN_qmax8__v0,PB_qb1of3__FCF_OI_qb1of3,C11_EPS_DYN_qmax8,0.1655641597763322,0.11410064127221342,0.05146351850411879,-0.6992865732963811,0.533442088091354,15.66,27.59227467811159
DEBTRATIO_qb2of3__FCF_P_qb2of3__C13_EPS_DYN_ytdavg_gt_lyytdavg__v0,DEBTRATIO_qb2of3__FCF_P_qb2of3,C13_EPS_DYN_ytdavg_gt_lyytdavg,0.16552822440740744,0.13414183650936895,0.03138638789803849,-0.5077153945944897,0.49217557251908395,17.17,86.18245614035088
DEBTRATIO_qb2of3__FCF_P_qb2of3__C7_ROE_DYN_ytdavg_gt_lyavg__v0,DEBTRATIO_qb2of3__FCF_P_qb2of3,C7_ROE_DYN_ytdavg_gt_lyavg,0.1654973710991856,0.13414183650936895,0.03135553458981666,-0.5148226537289953,0.49906542056074765,16.23,77.47719298245615
PS_qb0of3__FCF_OI_qb1of3__C1_ROE_DYN_riseq1__v0,PS_qb0of3__FCF_OI_qb1of3,C1_ROE_DYN_riseq1,0.16549456960957265,0.1602886894689004,0.005205880140672248,-0.5861513341063589,0.49949096462204123,15.25,117.56140350877193
MOM_qb2of3__ACCRUAL_qb1of3__C2_ROE_DYN_riseq2__v0,MOM_qb2of3__ACCRUAL_qb1of3,C2_ROE_DYN_riseq2,0.16546653554632917,0.13564208643476539,0.02982444911156379,-0.6486729437868384,0.5064764954155144,16.26,89.55839416058394
P_IC_qb0of3__MOM_qb2of3__C15_FCF_P_DYN_riseq1__v0,P_IC_qb0of3__MOM_qb2of3,C15_FCF_P_DYN_riseq1,0.16544382471342334,0.18134305708824927,-0.015899232374825933,-0.6534317361684949,0.48580441640378547,15.5,76.49473684210527
PB_qb1of3__ROIC_qb2of3__C13_EPS_DYN_ytdavg_gt_lyytdavg__v0,PB_qb1of3__ROIC_qb2of3,C13_EPS_DYN_ytdavg_gt_lyytdavg,0.16539871491923175,0.15726720889947043,0.008131506019761314,-0.4694231385039863,0.49231485794131347,16.59,83.21754385964913
EV_S_qb0of3__None__C8_EPS_DYN_riseq1__v0,EV_S_qb0of3__None,C8_EPS_DYN_riseq1,0.1653933093202793,0.15703616256886455,0.008357146751414746,-0.5572458440287855,0.5045105494669351,15.24,250.0456140350877
FCF_OI_qb1of3__NETDEBT_EBITDA_qb0of3__C10_EPS_DYN_qmax4__v0,FCF_OI_qb1of3__NETDEBT_EBITDA_qb0of3,C10_EPS_DYN_qmax4,0.16538460641703012,0.10774462377156824,0.057639982645461885,-0.573513984401913,0.5150051741979993,14.65,43.767175572519086
PS_qb1of3__NETDEBT_EBITDA_qb0of3__C2_ROE_DYN_riseq2__v0,PS_qb1of3__NETDEBT_EBITDA_qb0of3,C2_ROE_DYN_riseq2,0.16537588693830618,0.11822478808596304,0.04715109885234314,-0.6382806951746518,0.515748031496063,15.02,72.7043795620438
ROE_qb0of3__EV_EBITDA_qb1of3__C5_ROE_DYN_yoy__v0,ROE_qb0of3__EV_EBITDA_qb1of3,C5_ROE_DYN_yoy,0.1653755356229505,0.12350332831042143,0.04187220731252905,-0.6298589628576077,0.4827327327327327,16.72,20.324
EV_EBITDA_qb0of3__FCF_P_qb2of3__C14_EPS_DYN_ytdavg_gt_lyavg__v0,EV_EBITDA_qb0of3__FCF_P_qb2of3,C14_EPS_DYN_ytdavg_gt_lyavg,0.16535118503996094,0.1412545523155624,0.024096632724398548,-0.4892745126221032,0.475352793350087,16.22,80.91929824561403
ACCRUAL_qb0of3__FCF_OI_qb1of3__C18_FCF_P_DYN_qmax8__v0,ACCRUAL_qb0of3__FCF_OI_qb1of3,C18_FCF_P_DYN_qmax8,0.16531122819269028,0.11153610581397233,0.053775122378717954,-0.7602301820490115,0.41316073354908306,12.94,13.014925373134329
ROE_qb2of3__NETDEBT_EBITDA_qb2of3__C10_EPS_DYN_qmax4__v0,ROE_qb2of3__NETDEBT_EBITDA_qb2of3,C10_EPS_DYN_qmax4,0.16528806241166816,0.12573108691877288,0.039556975492895274,-0.49835036096903285,0.48783877692842254,16.99,44.48854961832061
PS_qb1of3__MOM_qb2of3__C2_ROE_DYN_riseq2__v0,PS_qb1of3__MOM_qb2of3,C2_ROE_DYN_riseq2,0.16528768670407534,0.12985143618864448,0.03543625051543087,-0.6661411816462796,0.4904246461282265,16.59,85.89781021897811
OCF_E_qb2of3__FCF_OI_qb1of3__C12_EPS_DYN_yoy__v0,OCF_E_qb2of3__FCF_OI_qb1of3,C12_EPS_DYN_yoy,0.16525381556626506,0.11774066125008464,0.04751315431618042,-0.513596068655805,0.4937481826112242,18.44,103.084
MOM_qb2of3__ROIC_qb1of3__C7_ROE_DYN_ytdavg_gt_lyavg__v0,MOM_qb2of3__ROIC_qb1of3,C7_ROE_DYN_ytdavg_gt_lyavg,0.1652477958334868,0.1489494323621996,0.016298363471287214,-0.5953421636499678,0.4897386423434485,14.57,75.95438596491228
FCF_OI_qb1of3__NETDEBT_EBITDA_qb0of3__C4_ROE_DYN_qmax8__v0,FCF_OI_qb1of3__NETDEBT_EBITDA_qb0of3,C4_ROE_DYN_qmax8,0.16516356391436293,0.10774462377156824,0.057418940142794694,-0.7036254940231382,0.5020374898125509,15.25,19.098712446351932
MOM_qb2of3__ACCRUAL_qb2of3__C4_ROE_DYN_qmax8__v0,MOM_qb2of3__ACCRUAL_qb2of3,C4_ROE_DYN_qmax8,0.1651523523071292,0.11246072837315779,0.05269162393397142,-0.6569437177059572,0.5077951002227171,18.26,38.88412017167382
PB_qb1of3__NETDEBT_EBITDA_qb1of3__C4_ROE_DYN_qmax8__v0,PB_qb1of3__NETDEBT_EBITDA_qb1of3,C4_ROE_DYN_qmax8,0.16512935488392566,0.11455350465136882,0.05057585023255684,-0.5319088222322772,0.51440329218107,19.75,26.609442060085836
OCF_E_qb2of3__NETDEBT_EBITDA_qb2of3__C5_ROE_DYN_yoy__v0,OCF_E_qb2of3__NETDEBT_EBITDA_qb2of3,C5_ROE_DYN_yoy,0.16512673779813314,0.12059306705584905,0.04453367074228409,-0.5489517796783339,0.4833087874324988,18.6,69.964
PS_qb0of3__MOM_qb2of3__C18_FCF_P_DYN_qmax8__v0,PS_qb0of3__MOM_qb2of3,C18_FCF_P_DYN_qmax8,0.1650069592186365,0.18527143734118923,-0.02026447812255272,-0.7039045479193329,0.490625,16.68,20.724137931034484
EV_EBITDA_qb0of3__DEBTRATIO_qb2of3__C8_EPS_DYN_riseq1__v0,EV_EBITDA_qb0of3__DEBTRATIO_qb2of3,C8_EPS_DYN_riseq1,0.16500609445425996,0.14301532522542537,0.021990769228834584,-0.5053783876624389,0.47797089733225545,15.94,81.19298245614036
PS_qb1of3__DEBTRATIO_qb0of3__C12_EPS_DYN_yoy__v0,PS_qb1of3__DEBTRATIO_qb0of3,C12_EPS_DYN_yoy,0.16500051033985663,0.12634493133806424,0.038655579001792395,-0.6046819640942165,0.5169740711039829,17.45,83.528
PS_qb1of3__MOM_qb2of3__C9_EPS_DYN_riseq2__v0,PS_qb1of3__MOM_qb2of3,C9_EPS_DYN_riseq2,0.16496223155001655,0.12985143618864448,0.03511079536137207,-0.6746829126547942,0.4917315175097276,16.97,88.87226277372262
PS_qb1of3__NETDEBT_EBITDA_qb0of3__C1_ROE_DYN_riseq1__v0,PS_qb1of3__NETDEBT_EBITDA_qb0of3,C1_ROE_DYN_riseq1,0.16495547127455734,0.11822478808596304,0.0467306831885943,-0.5776939291069745,0.49492049469964666,15.85,72.3859649122807
EV_EBITDA_qb0of3__DEBTRATIO_qb1of3__C12_EPS_DYN_yoy__v0,EV_EBITDA_qb0of3__DEBTRATIO_qb1of3,C12_EPS_DYN_yoy,0.16491593385307524,0.1453333100047871,0.019582623848288128,-0.5501768790025979,0.48383838383838385,18.43,77.672
MOM_qb2of3__ROE_qb2of3__None__v0,MOM_qb2of3__ROE_qb2of3,None,0.1649096027006769,0.1649096027006769,0.0,-0.6448056711474527,0.49916965300235994,15.03,174.15488215488216
EV_S_qb1of3__ROIC_qb2of3__C11_EPS_DYN_qmax8__v0,EV_S_qb1of3__ROIC_qb2of3,C11_EPS_DYN_qmax8,0.16489242448108632,0.11007268957710736,0.054819734903978956,-0.6377810521863674,0.5158481365377917,20.66,48.742489270386265
EV_S_qb0of3__EV_EBITDA_qb0of3__C20_FCF_P_DYN_ytdavg_gt_lyytdavg__v0,EV_S_qb0of3__EV_EBITDA_qb0of3,C20_FCF_P_DYN_ytdavg_gt_lyytdavg,0.16488325401958437,0.17809224021688452,-0.013208986197300154,-0.5308333837600352,0.5180428134556575,15.79,115.49473684210527
MOM_qb2of3__ROIC_qb2of3__C20_FCF_P_DYN_ytdavg_gt_lyytdavg__v0,MOM_qb2of3__ROIC_qb2of3,C20_FCF_P_DYN_ytdavg_gt_lyytdavg,0.16488121373546694,0.15843219174837309,0.00644902198709385,-0.6553533203491868,0.5052100293064149,15.71,85.69473684210526
MOM_qb2of3__NETDEBT_EBITDA_qb0of3__C13_EPS_DYN_ytdavg_gt_lyytdavg__v0,MOM_qb2of3__NETDEBT_EBITDA_qb0of3,C13_EPS_DYN_ytdavg_gt_lyytdavg,0.1648806696683982,0.141070955355993,0.023809714312405195,-0.6709112775069704,0.47713598074608904,15.13,72.15087719298245
P_IC_qb1of3__NETDEBT_EBITDA_qb0of3__C9_EPS_DYN_riseq2__v0,P_IC_qb1of3__NETDEBT_EBITDA_qb0of3,C9_EPS_DYN_riseq2,0.16487954367326618,0.14111189279231584,0.02376765088095034,-0.6092391903599987,0.5284656624968088,15.52,76.11678832116789
MOM_qb2of3__ROIC_qb2of3__C19_FCF_P_DYN_yoy__v0,MOM_qb2of3__ROIC_qb2of3,C19_FCF_P_DYN_yoy,0.1648747893866287,0.15843219174837309,0.006442597638255609,-0.661413149628862,0.5031172069825436,18.2,92.528
PB_qb0of3__DEBTRATIO_qb2of3__C19_FCF_P_DYN_yoy__v0,PB_qb0of3__DEBTRATIO_qb2of3,C19_FCF_P_DYN_yoy,0.16483194600656348,0.18635950857908368,-0.021527562572520198,-0.6305109942427043,0.5156756756756756,17.77,84.388
PS_qb0of3__ACCRUAL_qb0of3__None__v0,PS_qb0of3__ACCRUAL_qb0of3,None,0.1648074184621935,0.1648074184621935,0.0,-0.5363572558196155,0.4890645856864154,17.38,168.56228956228955
MOM_qb2of3__OCF_E_qb1of3__C7_ROE_DYN_ytdavg_gt_lyavg__v0,MOM_qb2of3__OCF_E_qb1of3,C7_ROE_DYN_ytdavg_gt_lyavg,0.16480108084322276,0.13329269559525958,0.03150838524796318,-0.6213272988324958,0.4898541002850914,14.93,74.25263157894737
OCF_E_qb2of3__NETDEBT_EBITDA_qb2of3__C2_ROE_DYN_riseq2__v0,OCF_E_qb2of3__NETDEBT_EBITDA_qb2of3,C2_ROE_DYN_riseq2,0.1647974302572197,0.12059306705584905,0.04420436320137067,-0.4992449899952204,0.48308184727937814,17.7,70.28467153284672
PS_qb0of3__ROIC_qb1of3__C1_ROE_DYN_riseq1__v0,PS_qb0of3__ROIC_qb1of3,C1_ROE_DYN_riseq1,0.16479584248042944,0.16094874682218596,0.0038470956582434823,-0.5544653923879771,0.5043133927308726,15.3,114.04561403508772
MOM_qb2of3__NETDEBT_EBITDA_qb2of3__C11_EPS_DYN_qmax8__v0,MOM_qb2of3__NETDEBT_EBITDA_qb2of3,C11_EPS_DYN_qmax8,0.16479555541163027,0.13535856297428794,0.029436992437342324,-0.630647719209789,0.48609731876861967,16.25,31.570815450643778
EV_EBITDA_qb0of3__DEBTRATIO_qb1of3__C14_EPS_DYN_ytdavg_gt_lyavg__v0,EV_EBITDA_qb0of3__DEBTRATIO_qb1of3,C14_EPS_DYN_ytdavg_gt_lyavg,0.16478938864169423,0.1453333100047871,0.019456078636907126,-0.5289655363767048,0.47613700168444695,16.78,69.16140350877193
MOM_qb2of3__NETDEBT_EBITDA_qb1of3__C13_EPS_DYN_ytdavg_gt_lyytdavg__v0,MOM_qb2of3__NETDEBT_EBITDA_qb1of3,C13_EPS_DYN_ytdavg_gt_lyytdavg,0.16478448907623644,0.14096998093909052,0.023814508137145918,-0.5657056862282502,0.4852150537634409,16.48,102.50526315789473
P_IC_qb0of3__DEBTRATIO_qb0of3__C19_FCF_P_DYN_yoy__v0,P_IC_qb0of3__DEBTRATIO_qb0of3,C19_FCF_P_DYN_yoy,0.16477377912181224,0.20390695840205297,-0.03913317928024074,-0.6241108907675124,0.5120663650075414,18.92,26.492
MOM_qb2of3__FCF_OI_qb1of3__C18_FCF_P_DYN_qmax8__v0,MOM_qb2of3__FCF_OI_qb1of3,C18_FCF_P_DYN_qmax8,0.1647584547620773,0.1494073362333117,0.015351118528765584,-0.8411575858581752,0.4599375650364204,14.28,14.906593406593407
MOM_qb2of3__ACCRUAL_qb1of3__C7_ROE_DYN_ytdavg_gt_lyavg__v0,MOM_qb2of3__ACCRUAL_qb1of3,C7_ROE_DYN_ytdavg_gt_lyavg,0.16474413158696644,0.13564208643476539,0.02910204515220105,-0.6447653633286925,0.49731576378721326,15.15,76.40701754385965
EV_S_qb0of3__DEBTRATIO_qb0of3__C19_FCF_P_DYN_yoy__v0,EV_S_qb0of3__DEBTRATIO_qb0of3,C19_FCF_P_DYN_yoy,0.16472359871471998,0.1737613000797975,-0.009037701365077533,-0.5781658819256257,0.5295575221238938,19.32,57.22
EV_S_qb0of3__None__C1_ROE_DYN_riseq1__v0,EV_S_qb0of3__None,C1_ROE_DYN_riseq1,0.16470697052569183,0.15703616256886455,0.007670807956827286,-0.5500853157256838,0.5053932584269663,15.34,246.2
PB_qb0of3__None__C20_FCF_P_DYN_ytdavg_gt_lyytdavg__v0,PB_qb0of3__None,C20_FCF_P_DYN_ytdavg_gt_lyytdavg,0.16469006890218862,0.18050911811184078,-0.01581904920965216,-0.6067877552200316,0.5503140265177948,16.47,233.94035087719297
MOM_qb1of3__FCF_OI_qb1of3__C3_ROE_DYN_qmax4__v0,MOM_qb1of3__FCF_OI_qb1of3,C3_ROE_DYN_qmax4,0.1646583071148875,0.10997605163063406,0.05468225548425343,-0.6215217597769411,0.5352203280797684,16.79,39.0
MOM_qb2of3__ROE_qb1of3__C8_EPS_DYN_riseq1__v0,MOM_qb2of3__ROE_qb1of3,C8_EPS_DYN_riseq1,0.16460748505784628,0.142453064325746,0.022154420732100277,-0.6466495006749197,0.5018965255651646,15.76,82.68771929824561
EV_S_qb0of3__OCF_E_qb1of3__C1_ROE_DYN_riseq1__v0,EV_S_qb0of3__OCF_E_qb1of3,C1_ROE_DYN_riseq1,0.16458273799821121,0.1599721772341416,0.004610560764069627,-0.547134150713297,0.5141465242645681,15.51,75.41052631578947
MOM_qb2of3__NETDEBT_EBITDA_qb0of3__C15_FCF_P_DYN_riseq1__v0,MOM_qb2of3__NETDEBT_EBITDA_qb0of3,C15_FCF_P_DYN_riseq1,0.16457885177518516,0.141070955355993,0.023507896419192154,-0.7109044063759702,0.4666314491988026,14.53,66.77894736842106
OCF_E_qb2of3__FCF_P_qb2of3__C11_EPS_DYN_qmax8__v0,OCF_E_qb2of3__FCF_P_qb2of3,C11_EPS_DYN_qmax8,0.164571008842751,0.12762602498232223,0.03694498386042877,-0.5914118081433499,0.5207964601769911,20.86,33.497854077253216
PS_qb0of3__DEBTRATIO_qb0of3__None__v0,PS_qb0of3__DEBTRATIO_qb0of3,None,0.16454566385826408,0.16454566385826408,0.0,-0.5136596971309048,0.5559065066329754,17.23,53.94949494949495
PB_qb0of3__FCF_P_qb1of3__C20_FCF_P_DYN_ytdavg_gt_lyytdavg__v0,PB_qb0of3__FCF_P_qb1of3,C20_FCF_P_DYN_ytdavg_gt_lyytdavg,0.1645396333288811,0.1810049825348956,-0.0164653492060145,-0.592819268198576,0.5126333520494104,15.57,51.228070175438596
MOM_qb2of3__NETDEBT_EBITDA_qb2of3__C8_EPS_DYN_riseq1__v0,MOM_qb2of3__NETDEBT_EBITDA_qb2of3,C8_EPS_DYN_riseq1,0.16449540771288507,0.13535856297428794,0.029136844738597123,-0.6582780265780335,0.4794742820055168,15.1,82.74035087719298
PB_qb0of3__ROE_qb2of3__C16_FCF_P_DYN_riseq2__v0,PB_qb0of3__ROE_qb2of3,C16_FCF_P_DYN_riseq2,0.16442874805944552,0.20669866335001674,-0.042269915290571225,-0.6577079162438375,0.5192539109506619,16.49,23.434306569343065
PS_qb0of3__DEBTRATIO_qb1of3__C3_ROE_DYN_qmax4__v0,PS_qb0of3__DEBTRATIO_qb1of3,C3_ROE_DYN_qmax4,0.16436965836579764,0.16164172783718755,0.0027279305286100897,-0.5535465612287125,0.5129913391072618,14.62,47.93511450381679
P_IC_qb0of3__NETDEBT_EBITDA_qb1of3__C15_FCF_P_DYN_riseq1__v0,P_IC_qb0of3__NETDEBT_EBITDA_qb1of3,C15_FCF_P_DYN_riseq1,0.16435813242779096,0.1828242597650629,-0.01846612733727193,-0.576684910497002,0.49872773536895676,15.84,49.473684210526315
PS_qb0of3__None__None__v0,PS_qb0of3__None,None,0.16434511041889355,0.16434511041889355,0.0,-0.5642914796284875,0.5782059250051792,16.54,462.6363636363636
PS_qb1of3__MOM_qb2of3__C5_ROE_DYN_yoy__v0,PS_qb1of3__MOM_qb2of3,C5_ROE_DYN_yoy,0.16430160969412122,0.12985143618864448,0.034450173505476744,-0.6874835521669884,0.4807794508414526,17.04,89.284
ROE_qb2of3__FCF_P_qb0of3__C16_FCF_P_DYN_riseq2__v0,ROE_qb2of3__FCF_P_qb0of3,C16_FCF_P_DYN_riseq2,0.16429020254169613,0.10634093976900005,0.057949262772696075,-0.5899260239223184,0.460412147505423,19.49,23.047445255474454
PB_qb1of3__FCF_OI_qb1of3__C5_ROE_DYN_yoy__v0,PB_qb1of3__FCF_OI_qb1of3,C5_ROE_DYN_yoy,0.16414690123779785,0.11410064127221342,0.05004625996558443,-0.5826768356768725,0.4935440354596261,17.78,85.248
MOM_qb2of3__ROIC_qb1of3__C6_ROE_DYN_ytdavg_gt_lyytdavg__v0,MOM_qb2of3__ROIC_qb1of3,C6_ROE_DYN_ytdavg_gt_lyytdavg,0.16413106942380518,0.1489494323621996,0.01518163706160558,-0.5874495469132761,0.48906198210142526,15.04,79.80701754385964
ROE_qb1of3__FCF_P_qb2of3__C5_ROE_DYN_yoy__v0,ROE_qb1of3__FCF_P_qb2of3,C5_ROE_DYN_yoy,0.16410173224106517,0.12843923926750733,0.035662492973557836,-0.5366350094303993,0.5093156574704407,18.55,83.676
P_IC_qb0of3__NETDEBT_EBITDA_qb1of3__C20_FCF_P_DYN_ytdavg_gt_lyytdavg__v0,P_IC_qb0of3__NETDEBT_EBITDA_qb1of3,C20_FCF_P_DYN_ytdavg_gt_lyytdavg,0.16407158917575226,0.1828242597650629,-0.018752670589310627,-0.5737552996184547,0.5291396854764108,15.69,50.40350877192982
MOM_qb2of3__ROIC_qb1of3__C14_EPS_DYN_ytdavg_gt_lyavg__v0,MOM_qb2of3__ROIC_qb1of3,C14_EPS_DYN_ytdavg_gt_lyavg,0.16406659198750573,0.1489494323621996,0.015117159625306131,-0.6058649013786632,0.4904040404040404,14.37,79.50877192982456
P_IC_qb0of3__ROE_qb2of3__C20_FCF_P_DYN_ytdavg_gt_lyytdavg__v0,P_IC_qb0of3__ROE_qb2of3,C20_FCF_P_DYN_ytdavg_gt_lyytdavg,0.16405708155696463,0.20973001630778976,-0.04567293475082512,-0.5204958174731766,0.5223413762287757,15.64,36.10526315789474
ROE_qb2of3__DEBTRATIO_qb0of3__C5_ROE_DYN_yoy__v0,ROE_qb2of3__DEBTRATIO_qb0of3,C5_ROE_DYN_yoy,0.16401869875692165,0.10886193919574749,0.05515675956117416,-0.4741749810877728,0.4902774176821364,19.67,88.712
PB_qb0of3__MOM_qb2of3__C15_FCF_P_DYN_riseq1__v0,PB_qb0of3__MOM_qb2of3,C15_FCF_P_DYN_riseq1,0.16400636461599305,0.17784854968810193,-0.013842185072108881,-0.6586532748262828,0.48911671924290223,16.15,75.38947368421053
MOM_qb2of3__ROIC_qb1of3__C2_ROE_DYN_riseq2__v0,MOM_qb2of3__ROIC_qb1of3,C2_ROE_DYN_riseq2,0.1640004086512583,0.1489494323621996,0.015050976289058715,-0.588644071665531,0.5036473692379326,16.11,88.07299270072993
MOM_qb2of3__ACCRUAL_qb1of3__C9_EPS_DYN_riseq2__v0,MOM_qb2of3__ACCRUAL_qb1of3,C9_EPS_DYN_riseq2,0.16399169927083368,0.13564208643476539,0.028349612836068294,-0.6363841577230127,0.5070123246918827,16.36,92.27007299270073
P_IC_qb0of3__None__C16_FCF_P_DYN_riseq2__v0,P_IC_qb0of3__None,C16_FCF_P_DYN_riseq2,0.16398013072466266,0.17867438611691733,-0.014694255392254663,-0.5880972567302942,0.50967996839194,17.28,234.3832116788321
EV_EBITDA_qb0of3__DEBTRATIO_qb1of3__C9_EPS_DYN_riseq2__v0,EV_EBITDA_qb0of3__DEBTRATIO_qb1of3,C9_EPS_DYN_riseq2,0.16397554392184488,0.1453333100047871,0.01864223391705777,-0.5373351116109256,0.5029653284671532,18.24,79.51094890510949
P_IC_qb0of3__ROIC_qb2of3__C20_FCF_P_DYN_ytdavg_gt_lyytdavg__v0,P_IC_qb0of3__ROIC_qb2of3,C20_FCF_P_DYN_ytdavg_gt_lyytdavg,0.1639685973926932,0.17524597133334008,-0.011277373940646873,-0.6350458622019575,0.5095729013254786,15.4,19.501831501831504
MOM_qb2of3__NETDEBT_EBITDA_qb1of3__C9_EPS_DYN_riseq2__v0,MOM_qb2of3__NETDEBT_EBITDA_qb1of3,C9_EPS_DYN_riseq2,0.1639584052385359,0.14096998093909052,0.022988424299445365,-0.5969118539745843,0.5016081666899734,17.55,107.35401459854015
PS_qb0of3__ACCRUAL_qb0of3__C1_ROE_DYN_riseq1__v0,PS_qb0of3__ACCRUAL_qb0of3,C1_ROE_DYN_riseq1,0.16382772092723785,0.1648074184621935,-0.000979697534955637,-0.5238873193724217,0.48963153384747216,15.87,81.71929824561404
EV_EBITDA_qb0of3__DEBTRATIO_qb2of3__C7_ROE_DYN_ytdavg_gt_lyavg__v0,EV_EBITDA_qb0of3__DEBTRATIO_qb2of3,C7_ROE_DYN_ytdavg_gt_lyavg,0.1638174028945898,0.14301532522542537,0.02080207766916442,-0.4212675546865037,0.4884467265725289,15.27,67.55087719298245
EV_S_qb1of3__ACCRUAL_qb0of3__C12_EPS_DYN_yoy__v0,EV_S_qb1of3__ACCRUAL_qb0of3,C12_EPS_DYN_yoy,0.16381252256322387,0.11933321896314197,0.0444793036000819,-0.593123548496849,0.4867168913560666,18.84,77.972
PB_qb0of3__FCF_OI_qb1of3__C17_FCF_P_DYN_qmax4__v0,PB_qb0of3__FCF_OI_qb1of3,C17_FCF_P_DYN_qmax4,0.16379313947040441,0.18925522121144955,-0.02546208174104514,-0.6424343312703416,0.44951744617668893,14.97,33.87022900763359
PS_qb0of3__DEBTRATIO_qb1of3__C9_EPS_DYN_riseq2__v0,PS_qb0of3__DEBTRATIO_qb1of3,C9_EPS_DYN_riseq2,0.16378594021246573,0.16164172783718755,0.002144212375278176,-0.5093386409500795,0.5118203309692672,16.4,87.7919708029197
P_IC_qb1of3__ROE_qb2of3__C8_EPS_DYN_riseq1__v0,P_IC_qb1of3__ROE_qb2of3,C8_EPS_DYN_riseq1,0.16377441035858364,0.15952276167140345,0.004251648687180198,-0.5405180217343244,0.5017574692442882,17.45,85.28421052631579
P_IC_qb1of3__NETDEBT_EBITDA_qb0of3__C1_ROE_DYN_riseq1__v0,P_IC_qb1of3__NETDEBT_EBITDA_qb0of3,C1_ROE_DYN_riseq1,0.16376446705363645,0.14111189279231584,0.022652574261320613,-0.585948956840965,0.5009519779987307,15.16,76.85263157894737
EV_S_qb1of3__OCF_E_qb2of3__C10_EPS_DYN_qmax4__v0,EV_S_qb1of3__OCF_E_qb2of3,C10_EPS_DYN_qmax4,0.16375590837477527,0.12024507725315203,0.04351083112162324,-0.5860131910148467,0.5021216407355021,17.73,52.87786259541985
EV_EBITDA_qb0of3__FCF_P_qb2of3__C13_EPS_DYN_ytdavg_gt_lyytdavg__v0,EV_EBITDA_qb0of3__FCF_P_qb2of3,C13_EPS_DYN_ytdavg_gt_lyytdavg,0.1637480650325165,0.1412545523155624,0.0224935127169541,-0.4975859627914757,0.4793560606060606,16.15,82.82456140350877
MOM_qb2of3__FCF_OI_qb0of3__C10_EPS_DYN_qmax4__v0,MOM_qb2of3__FCF_OI_qb0of3,C10_EPS_DYN_qmax4,0.1637150858561398,0.1129050553120563,0.050810030544083506,-0.6586237113301827,0.48815853069115517,17.09,54.66030534351145
P_IC_qb1of3__NETDEBT_EBITDA_qb1of3__C11_EPS_DYN_qmax8__v0,P_IC_qb1of3__NETDEBT_EBITDA_qb1of3,C11_EPS_DYN_qmax8,0.1636736508644272,0.11371455528078345,0.04995909558364375,-0.4215302365931882,0.5095281306715064,20.96,35.9656652360515
PS_qb0of3__None__C1_ROE_DYN_riseq1__v0,PS_qb0of3__None,C1_ROE_DYN_riseq1,0.1636588507815968,0.16434511041889355,-0.0006862596372967378,-0.5588957596164188,0.4932326329170717,15.53,249.16842105263157
MOM_qb2of3__DEBTRATIO_qb1of3__C14_EPS_DYN_ytdavg_gt_lyavg__v0,MOM_qb2of3__DEBTRATIO_qb1of3,C14_EPS_DYN_ytdavg_gt_lyavg,0.16364101074998594,0.13517618077461835,0.02846482997536759,-0.6244010319907467,0.47638279192273925,15.87,84.18245614035088
EV_EBITDA_qb1of3__ACCRUAL_qb0of3__C7_ROE_DYN_ytdavg_gt_lyavg__v0,EV_EBITDA_qb1of3__ACCRUAL_qb0of3,C7_ROE_DYN_ytdavg_gt_lyavg,0.1636216184185877,0.12987807961629594,0.03374353880229175,-0.5178162751577844,0.5033112582781457,16.71,66.44912280701755
PS_qb1of3__DEBTRATIO_qb0of3__C9_EPS_DYN_riseq2__v0,PS_qb1of3__DEBTRATIO_qb0of3,C9_EPS_DYN_riseq2,0.1635640665165703,0.12634493133806424,0.03721913517850606,-0.6168922544303792,0.5282344531808435,16.35,83.86496350364963
ROE_qb1of3__FCF_P_qb2of3__C9_EPS_DYN_riseq2__v0,ROE_qb1of3__FCF_P_qb2of3,C9_EPS_DYN_riseq2,0.16356260557990043,0.12843923926750733,0.0351233663123931,-0.5367788068521393,0.5310955869824502,16.48,84.77372262773723
ROE_qb2of3__ROIC_qb1of3__C14_EPS_DYN_ytdavg_gt_lyavg__v0,ROE_qb2of3__ROIC_qb1of3,C14_EPS_DYN_ytdavg_gt_lyavg,0.1635264394657563,0.12028408152058989,0.0432423579451664,-0.46201333323541205,0.4924209614551754,15.98,38.63508771929825
PB_qb1of3__FCF_OI_qb1of3__C14_EPS_DYN_ytdavg_gt_lyavg__v0,PB_qb1of3__FCF_OI_qb1of3,C14_EPS_DYN_ytdavg_gt_lyavg,0.16351756683372565,0.11410064127221342,0.049416925561512226,-0.5509806247895248,0.4944852941176471,15.97,78.43157894736842
EV_S_qb1of3__OCF_E_qb2of3__C2_ROE_DYN_riseq2__v0,EV_S_qb1of3__OCF_E_qb2of3,C2_ROE_DYN_riseq2,0.16350901333082102,0.12024507725315203,0.043263936077668985,-0.5556728662341179,0.49764065335753177,17.95,86.77372262773723
PB_qb1of3__FCF_OI_qb1of3__C12_EPS_DYN_yoy__v0,PB_qb1of3__FCF_OI_qb1of3,C12_EPS_DYN_yoy,0.1634846380147157,0.11410064127221342,0.04938399674250227,-0.5910314941224539,0.4956587391468479,17.65,87.552
OCF_E_qb2of3__FCF_OI_qb1of3__C2_ROE_DYN_riseq2__v0,OCF_E_qb2of3__FCF_OI_qb1of3,C2_ROE_DYN_riseq2,0.16344135295468298,0.11774066125008464,0.04570069170459834,-0.5263085330804089,0.4941651058925227,16.9,100.42335766423358
OCF_E_qb1of3__FCF_OI_qb1of3__C3_ROE_DYN_qmax4__v0,OCF_E_qb1of3__FCF_OI_qb1of3,C3_ROE_DYN_qmax4,0.16343913481599737,0.10728376775503445,0.05615536706096291,-0.5448888581038828,0.5126101488909146,15.2,44.98473282442748
EV_EBITDA_qb1of3__FCF_P_qb2of3__C11_EPS_DYN_qmax8__v0,EV_EBITDA_qb1of3__FCF_P_qb2of3,C11_EPS_DYN_qmax8,0.163420209838405,0.12095020165403092,0.042470008184374075,-0.7135493389059568,0.5180548868560424,18.54,29.763948497854077
EV_EBITDA_qb0of3__DEBTRATIO_qb2of3__C1_ROE_DYN_riseq1__v0,EV_EBITDA_qb0of3__DEBTRATIO_qb2of3,C1_ROE_DYN_riseq1,0.1634164566842613,0.14301532522542537,0.02040113145883593,-0.4815335546621333,0.48434584283640886,15.65,78.2421052631579
EV_EBITDA_qb0of3__FCF_P_qb2of3__C2_ROE_DYN_riseq2__v0,EV_EBITDA_qb0of3__FCF_P_qb2of3,C2_ROE_DYN_riseq2,0.16339316667617765,0.1412545523155624,0.02213861436061526,-0.4523802585538186,0.5083422080227192,16.22,87.67518248175182
PS_qb0of3__ROIC_qb2of3__None__v0,PS_qb0of3__ROIC_qb2of3,None,0.16337747244409084,0.16337747244409084,0.0,-0.45271347000979545,0.49078341013824883,15.93,97.006734006734
ROE_qb2of3__FCF_OI_qb1of3__C4_ROE_DYN_qmax8__v0,ROE_qb2of3__FCF_OI_qb1of3,C4_ROE_DYN_qmax8,0.1633581940720088,0.1074915393951017,0.0558666546769071,-0.5790217872544909,0.5194888178913738,17.49,46.97424892703863
ACCRUAL_qb1of3__FCF_OI_qb1of3__C10_EPS_DYN_qmax4__v0,ACCRUAL_qb1of3__FCF_OI_qb1of3,C10_EPS_DYN_qmax4,0.16333114704063334,0.11215386819556161,0.05117727884507173,-0.5807512131891746,0.509827278141751,16.28,45.98854961832061
DEBTRATIO_qb2of3__NETDEBT_EBITDA_qb2of3__C12_EPS_DYN_yoy__v0,DEBTRATIO_qb2of3__NETDEBT_EBITDA_qb2of3,C12_EPS_DYN_yoy,0.1632407067033872,0.11915400596730308,0.04408670073608412,-0.5773632838003395,0.46203492786636297,18.05,155.016
MOM_qb2of3__NETDEBT_EBITDA_qb2of3__C14_EPS_DYN_ytdavg_gt_lyavg__v0,MOM_qb2of3__NETDEBT_EBITDA_qb2of3,C14_EPS_DYN_ytdavg_gt_lyavg,0.1632366510454999,0.13535856297428794,0.02787808807121195,-0.6697482109970725,0.4544052438789281,14.89,78.47719298245615
P_IC_qb0of3__EV_S_qb0of3__C19_FCF_P_DYN_yoy__v0,P_IC_qb0of3__EV_S_qb0of3,C19_FCF_P_DYN_yoy,0.16321102780411922,0.1851690280562388,-0.02195800025211958,-0.5831608864985318,0.5224843346848507,17.38,122.836
PB_qb1of3__OCF_E_qb2of3__C6_ROE_DYN_ytdavg_gt_lyytdavg__v0,PB_qb1of3__OCF_E_qb2of3,C6_ROE_DYN_ytdavg_gt_lyytdavg,0.16321015420801377,0.12468663979722217,0.038523514410791604,-0.5128138653737535,0.49668023131291494,17.16,72.58947368421053
PB_qb0of3__ROIC_qb1of3__C19_FCF_P_DYN_yoy__v0,PB_qb0of3__ROIC_qb1of3,C19_FCF_P_DYN_yoy,0.16320750056849698,0.18223831681550728,-0.019030816247010307,-0.5390990268784348,0.5219683655536028,19.58,100.884
P_IC_qb1of3__NETDEBT_EBITDA_qb0of3__C14_EPS_DYN_ytdavg_gt_lyavg__v0,P_IC_qb1of3__NETDEBT_EBITDA_qb0of3,C14_EPS_DYN_ytdavg_gt_lyavg,0.16320065093742753,0.14111189279231584,0.022088758145111687,-0.5590982748672115,0.4962825278810409,15.4,63.835087719298244
PS_qb0of3__EV_EBITDA_qb0of3__C15_FCF_P_DYN_riseq1__v0,PS_qb0of3__EV_EBITDA_qb0of3,C15_FCF_P_DYN_riseq1,0.16317824699135297,0.19132612263680127,-0.028147875645448295,-0.5265847439771971,0.4695081967213115,16.1,88.6280701754386
MOM_qb2of3__None__C13_EPS_DYN_ytdavg_gt_lyytdavg__v0,MOM_qb2of3__None,C13_EPS_DYN_ytdavg_gt_lyytdavg,0.16312800481057232,0.11517070621059111,0.04795729859998121,-0.634520718949192,0.4675776397515528,15.57,256.8385964912281
MOM_qb1of3__ROE_qb2of3__C11_EPS_DYN_qmax8__v0,MOM_qb1of3__ROE_qb2of3,C11_EPS_DYN_qmax8,0.16311481086493318,0.10831556437834422,0.05479924648658896,-0.677134960094723,0.5434969853574505,21.3,33.33476394849785
PB_qb1of3__OCF_E_qb2of3__C7_ROE_DYN_ytdavg_gt_lyavg__v0,PB_qb1of3__OCF_E_qb2of3,C7_ROE_DYN_ytdavg_gt_lyavg,0.1631062832573118,0.12468663979722217,0.038419643460089636,-0.5166359220671859,0.49339009634774816,16.93,69.2140350877193
MOM_qb2of3__ROIC_qb2of3__C16_FCF_P_DYN_riseq2__v0,MOM_qb2of3__ROIC_qb2of3,C16_FCF_P_DYN_riseq2,0.16310210335818742,0.15843219174837309,0.004669911609814337,-0.6621377642133923,0.49939649969824984,16.4,90.34306569343066
PS_qb1of3__ROE_qb2of3__C3_ROE_DYN_qmax4__v0,PS_qb1of3__ROE_qb2of3,C3_ROE_DYN_qmax4,0.16306212300051093,0.11938211139414667,0.043680011606364255,-0.5382353268653607,0.5087067564429998,18.02,65.06488549618321
OCF_E_qb2of3__ROE_qb2of3__C5_ROE_DYN_yoy__v0,OCF_E_qb2of3__ROE_qb2of3,C5_ROE_DYN_yoy,0.16303779346825675,0.11168724670811869,0.05135054676013806,-0.4344274815433432,0.488046856323213,20.24,164.96
EV_EBITDA_qb0of3__FCF_P_qb2of3__C10_EPS_DYN_qmax4__v0,EV_EBITDA_qb0of3__FCF_P_qb2of3,C10_EPS_DYN_qmax4,0.16302556843400806,0.1412545523155624,0.021771016118445674,-0.4866181093006192,0.5014771048744461,16.18,57.786259541984734
ROE_qb2of3__FCF_P_qb0of3__C12_EPS_DYN_yoy__v0,ROE_qb2of3__FCF_P_qb0of3,C12_EPS_DYN_yoy,0.1629470703422955,0.10634093976900005,0.05660613057329544,-0.47779979289093566,0.4797891036906854,22.13,86.856
EV_S_qb0of3__ROIC_qb2of3__C16_FCF_P_DYN_riseq2__v0,EV_S_qb0of3__ROIC_qb2of3,C16_FCF_P_DYN_riseq2,0.1629421396417674,0.15799574490089796,0.004946394740869442,-0.5444780644427931,0.5105137077455416,17.36,60.58029197080292
EV_EBITDA_qb1of3__NETDEBT_EBITDA_qb2of3__C1_ROE_DYN_riseq1__v0,EV_EBITDA_qb1of3__NETDEBT_EBITDA_qb2of3,C1_ROE_DYN_riseq1,0.16293963192642735,0.14627716761851484,0.016662464307912517,-0.5909339084770617,0.49503311258278143,17.03,84.34035087719299
EV_EBITDA_qb1of3__NETDEBT_EBITDA_qb2of3__C10_EPS_DYN_qmax4__v0,EV_EBITDA_qb1of3__NETDEBT_EBITDA_qb2of3,C10_EPS_DYN_qmax4,0.16291356040255134,0.14627716761851484,0.016636392784036502,-0.6270681426300974,0.5113378684807256,16.43,54.92748091603053
MOM_qb2of3__NETDEBT_EBITDA_qb2of3__C7_ROE_DYN_ytdavg_gt_lyavg__v0,MOM_qb2of3__NETDEBT_EBITDA_qb2of3,C7_ROE_DYN_ytdavg_gt_lyavg,0.16290680932337742,0.13535856297428794,0.027548246349089478,-0.6858752829737189,0.45831655255739023,14.48,74.2701754385965
PS_qb0of3__EV_S_qb0of3__C1_ROE_DYN_riseq1__v0,PS_qb0of3__EV_S_qb0of3,C1_ROE_DYN_riseq1,0.16287923980402175,0.16026918058568085,0.002610059218340899,-0.5347527245055972,0.49691833590138673,15.26,190.16491228070174
PS_qb0of3__FCF_OI_qb1of3__C8_EPS_DYN_riseq1__v0,PS_qb0of3__FCF_OI_qb1of3,C8_EPS_DYN_riseq1,0.162821090262238,0.1602886894689004,0.002532400793337608,-0.5777211192818004,0.4990502722552868,15.31,118.9017543859649
OCF_E_qb1of3__FCF_P_qb2of3__C2_ROE_DYN_riseq2__v0,OCF_E_qb1of3__FCF_P_qb2of3,C2_ROE_DYN_riseq2,0.1628147433578786,0.12040696135896067,0.042407781998917926,-0.5130584677080535,0.5145973154362417,16.96,81.87226277372262
MOM_qb2of3__OCF_E_qb1of3__C9_EPS_DYN_riseq2__v0,MOM_qb2of3__OCF_E_qb1of3,C9_EPS_DYN_riseq2,0.16268866493002787,0.13329269559525958,0.02939596933476829,-0.6435620500716734,0.5144917087238644,16.07,90.39416058394161
FCF_OI_qb1of3__DEBTRATIO_qb1of3__C11_EPS_DYN_qmax8__v0,FCF_OI_qb1of3__DEBTRATIO_qb1of3,C11_EPS_DYN_qmax8,0.16268378200900857,0.1043803523024891,0.05830342970651947,-0.5494570762919618,0.5031446540880503,19.09,29.48068669527897
ACCRUAL_qb0of3__FCF_OI_qb1of3__C12_EPS_DYN_yoy__v0,ACCRUAL_qb0of3__FCF_OI_qb1of3,C12_EPS_DYN_yoy,0.16266334782683844,0.11153610581397233,0.051127242012866114,-0.5088784894585185,0.48414023372287146,18.22,83.588
ACCRUAL_qb0of3__FCF_OI_qb1of3__C7_ROE_DYN_ytdavg_gt_lyavg__v0,ACCRUAL_qb0of3__FCF_OI_qb1of3,C7_ROE_DYN_ytdavg_gt_lyavg,0.16256786605323859,0.11153610581397233,0.051031760239266255,-0.5023468147805025,0.46486686390532544,16.04,73.31929824561404
P_IC_qb1of3__ROIC_qb2of3__None__v0,P_IC_qb1of3__ROIC_qb2of3,None,0.16248848629635226,0.16248848629635226,0.0,-0.5143891391351545,0.5002476473501734,16.69,127.0976430976431
PB_qb1of3__OCF_E_qb2of3__C13_EPS_DYN_ytdavg_gt_lyytdavg__v0,PB_qb1of3__OCF_E_qb2of3,C13_EPS_DYN_ytdavg_gt_lyytdavg,0.1624721447254287,0.12468663979722217,0.03778550492820654,-0.5154131802313838,0.49325153374233127,17.25,76.6842105263158
ROE_qb1of3__FCF_OI_qb1of3__C5_ROE_DYN_yoy__v0,ROE_qb1of3__FCF_OI_qb1of3,C5_ROE_DYN_yoy,0.16242593308690556,0.11311461277821944,0.049311320308686124,-0.561594510804545,0.48013479957431715,16.51,87.152
PB_qb0of3__PS_qb0of3__C19_FCF_P_DYN_yoy__v0,PB_qb0of3__PS_qb0of3,C19_FCF_P_DYN_yoy,0.16240666056076103,0.19552828855051252,-0.03312162798975149,-0.602283430157982,0.5209698558322412,17.68,135.74
PS_qb0of3__NETDEBT_EBITDA_qb0of3__None__v0,PS_qb0of3__NETDEBT_EBITDA_qb0of3,None,0.1623346227872262,0.1623346227872262,0.0,-0.5413372926260409,0.5502471169686985,16.97,98.87542087542087
ROE_qb2of3__ACCRUAL_qb0of3__C18_FCF_P_DYN_qmax8__v0,ROE_qb2of3__ACCRUAL_qb0of3,C18_FCF_P_DYN_qmax8,0.16226146090115612,0.11508661275557497,0.04717484814558115,-0.5852501896681825,0.47479674796747967,20.56,16.72072072072072
ROE_qb1of3__FCF_P_qb2of3__C2_ROE_DYN_riseq2__v0,ROE_qb1of3__FCF_P_qb2of3,C2_ROE_DYN_riseq2,0.16221059539561722,0.12843923926750733,0.033771356128109886,-0.5463584681022098,0.5265966316491579,16.73,87.10218978102189
PS_qb0of3__DEBTRATIO_qb0of3__C1_ROE_DYN_riseq1__v0,PS_qb0of3__DEBTRATIO_qb0of3,C1_ROE_DYN_riseq1,0.1621701222312586,0.16454566385826408,-0.002375541627005484,-0.5602814648830279,0.5033296337402886,16.52,29.782456140350877
PS_qb0of3__EV_S_qb0of3__C8_EPS_DYN_riseq1__v0,PS_qb0of3__EV_S_qb0of3,C8_EPS_DYN_riseq1,0.16210278783434795,0.16026918058568085,0.0018336072486671018,-0.5423145454750647,0.49535840750311033,15.15,194.07368421052632
DEBTRATIO_qb2of3__FCF_P_qb2of3__C8_EPS_DYN_riseq1__v0,DEBTRATIO_qb2of3__FCF_P_qb2of3,C8_EPS_DYN_riseq1,0.16207599098484327,0.13414183650936895,0.027934154475474315,-0.5419081070355114,0.4904813496362792,16.27,90.0982456140351
ROIC_qb1of3__FCF_P_qb2of3__C10_EPS_DYN_qmax4__v0,ROIC_qb1of3__FCF_P_qb2of3,C10_EPS_DYN_qmax4,0.16203024963100598,0.13214928588991603,0.02988096374108995,-0.6563754187907667,0.5307692307692308,15.44,47.591603053435115
OCF_E_qb2of3__NETDEBT_EBITDA_qb2of3__C9_EPS_DYN_riseq2__v0,OCF_E_qb2of3__NETDEBT_EBITDA_qb2of3,C9_EPS_DYN_riseq2,0.16202984395921116,0.12059306705584905,0.041436776903362116,-0.5084397997295516,0.4866666666666667,18.29,69.75182481751825
MOM_qb2of3__FCF_P_qb1of3__C10_EPS_DYN_qmax4__v0,MOM_qb2of3__FCF_P_qb1of3,C10_EPS_DYN_qmax4,0.16201543386316253,0.12449311185748302,0.03752232200567951,-0.6428025360330827,0.5050600141209697,15.61,56.17175572519084
PS_qb0of3__ROIC_qb2of3__C20_FCF_P_DYN_ytdavg_gt_lyytdavg__v0,PS_qb0of3__ROIC_qb2of3,C20_FCF_P_DYN_ytdavg_gt_lyytdavg,0.16200706095163508,0.16337747244409084,-0.0013704114924557587,-0.5385253581012515,0.5126692120791392,15.26,48.31228070175439
OCF_E_qb2of3__ROIC_qb1of3__C12_EPS_DYN_yoy__v0,OCF_E_qb2of3__ROIC_qb1of3,C12_EPS_DYN_yoy,0.16199775201329825,0.10988266317424689,0.05211508883905136,-0.553104439160626,0.4915590863952334,18.35,76.488
P_IC_qb1of3__ROIC_qb2of3__C20_FCF_P_DYN_ytdavg_gt_lyytdavg__v0,P_IC_qb1of3__ROIC_qb2of3,C20_FCF_P_DYN_ytdavg_gt_lyytdavg,0.16196507203198385,0.16248848629635226,-0.0005234142643684159,-0.5252077912969527,0.5293963254593176,16.07,65.67017543859649
PB_qb1of3__ROE_qb2of3__C19_FCF_P_DYN_yoy__v0,PB_qb1of3__ROE_qb2of3,C19_FCF_P_DYN_yoy,0.16195474608252503,0.17368474528587585,-0.011729999203350827,-0.5766495719811211,0.5263769463165233,18.35,69.556
PB_qb0of3__None__C16_FCF_P_DYN_riseq2__v0,PB_qb0of3__None,C16_FCF_P_DYN_riseq2,0.1619464173342282,0.18050911811184078,-0.018562700777612573,-0.5886723276527055,0.5215028130065795,17.91,236.17153284671534
PB_qb0of3__ROE_qb2of3__C15_FCF_P_DYN_riseq1__v0,PB_qb0of3__ROE_qb2of3,C15_FCF_P_DYN_riseq1,0.1619452185388861,0.20669866335001674,-0.04475344481113064,-0.7863683189482629,0.49721603563474387,16.46,21.621052631578948
PS_qb0of3__DEBTRATIO_qb2of3__None__v0,PS_qb0of3__DEBTRATIO_qb2of3,None,0.16192316720535427,0.16192316720535427,0.0,-0.581698898974436,0.5355242566510172,16.5,249.53198653198652
PB_qb1of3__ROIC_qb2of3__C17_FCF_P_DYN_qmax4__v0,PB_qb1of3__ROIC_qb2of3,C17_FCF_P_DYN_qmax4,0.16190750636076312,0.15726720889947043,0.004640297461292686,-0.5161424352009331,0.48261682242990656,16.52,32.896946564885496
PB_qb1of3__MOM_qb2of3__C14_EPS_DYN_ytdavg_gt_lyavg__v0,PB_qb1of3__MOM_qb2of3,C14_EPS_DYN_ytdavg_gt_lyavg,0.16188552741963824,0.14055424123730442,0.02133128618233382,-0.66829510870665,0.47543859649122805,14.04,81.07719298245614
ROE_qb2of3__ROIC_qb1of3__C10_EPS_DYN_qmax4__v0,ROE_qb2of3__ROIC_qb1of3,C10_EPS_DYN_qmax4,0.1618411059364453,0.12028408152058989,0.041557024415855404,-0.5517898756944455,0.5205633802816901,17.92,26.698473282442748
DEBTRATIO_qb2of3__NETDEBT_EBITDA_qb0of3__C5_ROE_DYN_yoy__v0,DEBTRATIO_qb2of3__NETDEBT_EBITDA_qb0of3,C5_ROE_DYN_yoy,0.16177799030623352,0.10863780237264198,0.05314018793359154,-0.541033398389472,0.5176374077112387,17.08,28.948
MOM_qb2of3__FCF_OI_qb0of3__C2_ROE_DYN_riseq2__v0,MOM_qb2of3__FCF_OI_qb0of3,C2_ROE_DYN_riseq2,0.16172529849713868,0.1129050553120563,0.04882024318508238,-0.6856872508389988,0.481381714466804,17.78,81.21167883211679
PS_qb0of3__EV_EBITDA_qb0of3__C19_FCF_P_DYN_yoy__v0,PS_qb0of3__EV_EBITDA_qb0of3,C19_FCF_P_DYN_yoy,0.1617189020689178,0.19132612263680127,-0.029607220567883452,-0.5447247077861701,0.49224806201550386,16.51,93.968
PS_qb1of3__DEBTRATIO_qb0of3__C2_ROE_DYN_riseq2__v0,PS_qb1of3__DEBTRATIO_qb0of3,C2_ROE_DYN_riseq2,0.16168462331749378,0.12634493133806424,0.035339691979429544,-0.6214010965175589,0.5224489795918368,16.5,83.52919708029196
P_IC_qb1of3__MOM_qb2of3__C12_EPS_DYN_yoy__v0,P_IC_qb1of3__MOM_qb2of3,C12_EPS_DYN_yoy,0.16167286604852804,0.14135123829913576,0.02032162774939228,-0.6852914482066138,0.48398033565011017,17.56,94.388
NETDEBT_EBITDA_qb2of3__FCF_P_qb2of3__C6_ROE_DYN_ytdavg_gt_lyytdavg__v0,NETDEBT_EBITDA_qb2of3__FCF_P_qb2of3,C6_ROE_DYN_ytdavg_gt_lyytdavg,0.1616683636859988,0.130367316892525,0.031301046793473786,-0.554247140679533,0.49386000818665576,16.93,77.30175438596491
PS_qb0of3__DEBTRATIO_qb1of3__None__v0,PS_qb0of3__DEBTRATIO_qb1of3,None,0.16164172783718755,0.16164172783718755,0.0,-0.5485487907605058,0.5285212219518789,16.93,159.15488215488216
MOM_qb2of3__DEBTRATIO_qb2of3__C16_FCF_P_DYN_riseq2__v0,MOM_qb2of3__DEBTRATIO_qb2of3,C16_FCF_P_DYN_riseq2,0.16160011129081275,0.1409681494808137,0.020631961809999044,-0.6560939535789416,0.4777363846017385,15.48,78.03284671532846
ROE_qb2of3__NETDEBT_EBITDA_qb0of3__C3_ROE_DYN_qmax4__v0,ROE_qb2of3__NETDEBT_EBITDA_qb0of3,C3_ROE_DYN_qmax4,0.1615928780378333,0.10739791521726105,0.054194962820572234,-0.4853973923773852,0.502745367192862,17.51,46.713740458015266
FCF_OI_qb1of3__DEBTRATIO_qb2of3__C10_EPS_DYN_qmax4__v0,FCF_OI_qb1of3__DEBTRATIO_qb2of3,C10_EPS_DYN_qmax4,0.16156534468047457,0.11211067470469849,0.04945466997577608,-0.558790280106559,0.5013428827215757,15.07,49.91984732824427
EV_EBITDA_qb1of3__NETDEBT_EBITDA_qb2of3__C2_ROE_DYN_riseq2__v0,EV_EBITDA_qb1of3__NETDEBT_EBITDA_qb2of3,C2_ROE_DYN_riseq2,0.16147253642340664,0.14627716761851484,0.015195368804891807,-0.6246780297618824,0.5148555994182422,17.2,86.88321167883211
MOM_qb2of3__FCF_OI_qb2of3__C13_EPS_DYN_ytdavg_gt_lyytdavg__v0,MOM_qb2of3__FCF_OI_qb2of3,C13_EPS_DYN_ytdavg_gt_lyytdavg,0.1614508843864806,0.13351239190976916,0.02793849247671143,-0.6318989221811222,0.4913277511961722,16.02,82.57192982456141
MOM_qb2of3__ACCRUAL_qb1of3__C14_EPS_DYN_ytdavg_gt_lyavg__v0,MOM_qb2of3__ACCRUAL_qb1of3,C14_EPS_DYN_ytdavg_gt_lyavg,0.16140208173326753,0.13564208643476539,0.025759995298502147,-0.6512778424179801,0.4914510515963081,15.58,83.06666666666666
DEBTRATIO_qb2of3__None__C12_EPS_DYN_yoy__v0,DEBTRATIO_qb2of3__None,C12_EPS_DYN_yoy,0.16139229008596834,0.11247402988012434,0.048918260205844,-0.5384569781212855,0.47632956066691007,18.15,257.464
OCF_E_qb2of3__DEBTRATIO_qb2of3__C12_EPS_DYN_yoy__v0,OCF_E_qb2of3__DEBTRATIO_qb2of3,C12_EPS_DYN_yoy,0.1613813384318763,0.11692725396958026,0.04445408446229604,-0.4683496580099852,0.4903111111111111,18.26,103.476
MOM_qb2of3__NETDEBT_EBITDA_qb1of3__C2_ROE_DYN_riseq2__v0,MOM_qb2of3__NETDEBT_EBITDA_qb1of3,C2_ROE_DYN_riseq2,0.1613460734085186,0.14096998093909052,0.020376092469428064,-0.6044024465725402,0.5019078368065747,17.6,101.53284671532846
PB_qb1of3__FCF_OI_qb1of3__C10_EPS_DYN_qmax4__v0,PB_qb1of3__FCF_OI_qb1of3,C10_EPS_DYN_qmax4,0.16133998078996337,0.11410064127221342,0.047239339517749945,-0.5389192423847009,0.523032904148784,16.61,49.274809160305345
MOM_qb2of3__FCF_OI_qb2of3__C14_EPS_DYN_ytdavg_gt_lyavg__v0,MOM_qb2of3__FCF_OI_qb2of3,C14_EPS_DYN_ytdavg_gt_lyavg,0.16130365378751543,0.13351239190976916,0.027791261877746276,-0.6271289853979626,0.49325058184639253,15.94,79.74385964912281
EV_S_qb0of3__ROE_qb2of3__None__v0,EV_S_qb0of3__ROE_qb2of3,None,0.16125483918444772,0.16125483918444772,0.0,-0.5021863961372497,0.5056343147946202,16.04,131.85858585858585
ROE_qb2of3__None__C5_ROE_DYN_yoy__v0,ROE_qb2of3__None,C5_ROE_DYN_yoy,0.16113709020795963,0.10857200626884822,0.05256508393911141,-0.47687052336133007,0.483069790545575,19.67,306.54
OCF_E_qb1of3__EV_EBITDA_qb0of3__None__v0,OCF_E_qb1of3__EV_EBITDA_qb0of3,None,0.1611145807766723,0.1611145807766723,0.0,-0.5768111198716348,0.49580130100532227,17.52,129.4915824915825
P_IC_qb0of3__EV_S_qb0of3__C20_FCF_P_DYN_ytdavg_gt_lyytdavg__v0,P_IC_qb0of3__EV_S_qb0of3,C20_FCF_P_DYN_ytdavg_gt_lyytdavg,0.16110334487624245,0.1851690280562388,-0.024065683179996356,-0.5801366153685452,0.5387744724129163,15.85,125.53684210526316
OCF_E_qb2of3__FCF_P_qb2of3__C3_ROE_DYN_qmax4__v0,OCF_E_qb2of3__FCF_P_qb2of3,C3_ROE_DYN_qmax4,0.1610948632416478,0.12762602498232223,0.03346883825932556,-0.523369078332782,0.5071782824327852,18.8,52.48091603053435
PS_qb0of3__NETDEBT_EBITDA_qb2of3__None__v0,PS_qb0of3__NETDEBT_EBITDA_qb2of3,None,0.16108156841581445,0.16108156841581445,0.0,-0.5951502312980717,0.5518110236220473,16.78,223.55555555555554
MOM_qb2of3__OCF_E_qb1of3__C1_ROE_DYN_riseq1__v0,MOM_qb2of3__OCF_E_qb1of3,C1_ROE_DYN_riseq1,0.1610644209428873,0.13329269559525958,0.02777172534762773,-0.6698328293115465,0.5066324347454001,15.48,85.23508771929825
PS_qb0of3__OCF_E_qb1of3__None__v0,PS_qb0of3__OCF_E_qb1of3,None,0.16105240877452465,0.16105240877452465,0.0,-0.5629107646545549,0.5021134878954784,17.47,135.57912457912457
ACCRUAL_qb0of3__FCF_P_qb2of3__C12_EPS_DYN_yoy__v0,ACCRUAL_qb0of3__FCF_P_qb2of3,C12_EPS_DYN_yoy,0.1609909783778114,0.12374675560791215,0.03724422276989925,-0.5465204019326184,0.48685403445149594,18.83,78.464
MOM_qb2of3__ROE_qb1of3__C3_ROE_DYN_qmax4__v0,MOM_qb2of3__ROE_qb1of3,C3_ROE_DYN_qmax4,0.16098353214183847,0.142453064325746,0.018530467816092466,-0.6127632614541132,0.5107542299971322,14.42,47.00381679389313
P_IC_qb1of3__MOM_qb2of3__C9_EPS_DYN_riseq2__v0,P_IC_qb1of3__MOM_qb2of3,C9_EPS_DYN_riseq2,0.1609686662614913,0.14135123829913576,0.01961742796235555,-0.612838234797501,0.4992712550607287,16.11,88.9014598540146
PS_qb0of3__ROIC_qb1of3__None__v0,PS_qb0of3__ROIC_qb1of3,None,0.16094874682218596,0.16094874682218596,0.0,-0.5512500867714467,0.5139994510019215,16.58,197.86868686868686
MOM_qb2of3__OCF_E_qb1of3__C14_EPS_DYN_ytdavg_gt_lyavg__v0,MOM_qb2of3__OCF_E_qb1of3,C14_EPS_DYN_ytdavg_gt_lyavg,0.1609275318543908,0.13329269559525958,0.027634836259131212,-0.6287684544624121,0.4920018636434229,15.66,80.33684210526316
PS_qb1of3__OCF_E_qb1of3__C10_EPS_DYN_qmax4__v0,PS_qb1of3__OCF_E_qb1of3,C10_EPS_DYN_qmax4,0.16090171753393023,0.1057020349461224,0.05519968258780783,-0.5451216797903455,0.5197559558396281,16.66,50.099236641221374
ACCRUAL_qb0of3__FCF_OI_qb1of3__C9_EPS_DYN_riseq2__v0,ACCRUAL_qb0of3__FCF_OI_qb1of3,C9_EPS_DYN_riseq2,0.16088054318990386,0.11153610581397233,0.04934443737593153,-0.5317552375482013,0.48855213309174766,16.85,83.51459854014598
EV_EBITDA_qb0of3__FCF_P_qb2of3__C6_ROE_DYN_ytdavg_gt_lyytdavg__v0,EV_EBITDA_qb0of3__FCF_P_qb2of3,C6_ROE_DYN_ytdavg_gt_lyytdavg,0.16087504031385658,0.1412545523155624,0.01962048799829419,-0.4922383811863369,0.4889660809154066,15.92,76.42105263157895
EV_S_qb0of3__DEBTRATIO_qb0of3__C20_FCF_P_DYN_ytdavg_gt_lyytdavg__v0,EV_S_qb0of3__DEBTRATIO_qb0of3,C20_FCF_P_DYN_ytdavg_gt_lyytdavg,0.16086899889552342,0.1737613000797975,-0.012892301184274091,-0.5729743911569898,0.5546910755148742,16.18,54.61052631578947
PB_qb1of3__MOM_qb2of3__C7_ROE_DYN_ytdavg_gt_lyavg__v0,PB_qb1of3__MOM_qb2of3,C7_ROE_DYN_ytdavg_gt_lyavg,0.1608576304747169,0.14055424123730442,0.020303389237412484,-0.6675597626660874,0.47787941011760315,14.19,75.07719298245614
MOM_qb2of3__ACCRUAL_qb0of3__C16_FCF_P_DYN_riseq2__v0,MOM_qb2of3__ACCRUAL_qb0of3,C16_FCF_P_DYN_riseq2,0.16085725266038664,0.15172057801880778,0.009136674641578857,-0.6644446251188707,0.4876449823499748,17.24,72.88321167883211
P_IC_qb0of3__DEBTRATIO_qb0of3__C17_FCF_P_DYN_qmax4__v0,P_IC_qb0of3__DEBTRATIO_qb0of3,C17_FCF_P_DYN_qmax4,0.16082924745597982,0.20390695840205297,-0.043077710946073156,-0.6523488488937058,0.4953173777315297,17.28,13.16793893129771
FCF_OI_qb2of3__DEBTRATIO_qb2of3__C10_EPS_DYN_qmax4__v0,FCF_OI_qb2of3__DEBTRATIO_qb2of3,C10_EPS_DYN_qmax4,0.16082873794760433,0.1079547255060096,0.05287401244159473,-0.5674399597395599,0.49793956043956045,16.71,41.087786259541986
P_IC_qb0of3__DEBTRATIO_qb0of3__C1_ROE_DYN_riseq1__v0,P_IC_qb0of3__DEBTRATIO_qb0of3,C1_ROE_DYN_riseq1,0.16076919308628024,0.20390695840205297,-0.043137765315772736,-0.6297044450788288,0.5084639498432602,15.77,26.729824561403507
EV_S_qb0of3__DEBTRATIO_qb0of3__C17_FCF_P_DYN_qmax4__v0,EV_S_qb0of3__DEBTRATIO_qb0of3,C17_FCF_P_DYN_qmax4,0.16069863814156493,0.1737613000797975,-0.013062661938232578,-0.5441629456348198,0.475482912332838,17.78,26.709923664122137
MOM_qb2of3__DEBTRATIO_qb0of3__C7_ROE_DYN_ytdavg_gt_lyavg__v0,MOM_qb2of3__DEBTRATIO_qb0of3,C7_ROE_DYN_ytdavg_gt_lyavg,0.16065576982232876,0.13434664389931616,0.0263091259230126,-0.6192759706379712,0.4841859477817873,15.2,69.01052631578948
ACCRUAL_qb0of3__DEBTRATIO_qb2of3__C2_ROE_DYN_riseq2__v0,ACCRUAL_qb0of3__DEBTRATIO_qb2of3,C2_ROE_DYN_riseq2,0.1605811636942207,0.10760438208815426,0.05297678160606645,-0.4654355507677078,0.47000413736036406,17.3,77.01824817518248
OCF_E_qb2of3__None__C10_EPS_DYN_qmax4__v0,OCF_E_qb2of3__None,C10_EPS_DYN_qmax4,0.16057982751532673,0.10702478116805669,0.05355504634727004,-0.46527460623061323,0.49411415570283906,18.46,162.8740458015267
FCF_OI_qb1of3__FCF_P_qb2of3__C16_FCF_P_DYN_riseq2__v0,FCF_OI_qb1of3__FCF_P_qb2of3,C16_FCF_P_DYN_riseq2,0.16055658451471744,0.1661308330210336,-0.0055742485063161595,-0.5655660934334356,0.4746307000642261,16.82,62.660583941605836
P_IC_qb0of3__ROIC_qb1of3__C19_FCF_P_DYN_yoy__v0,P_IC_qb0of3__ROIC_qb1of3,C19_FCF_P_DYN_yoy,0.16052893891759634,0.18272926888937446,-0.02220032997177812,-0.5339980424564748,0.5196321188539087,19.07,101.38
EV_S_qb1of3__ROE_qb2of3__C11_EPS_DYN_qmax8__v0,EV_S_qb1of3__ROE_qb2of3,C11_EPS_DYN_qmax8,0.16047208507909483,0.11180655286183461,0.04866553221726022,-0.6344389496108986,0.511340206185567,20.49,48.957081545064376
NETDEBT_EBITDA_qb2of3__FCF_P_qb2of3__C2_ROE_DYN_riseq2__v0,NETDEBT_EBITDA_qb2of3__FCF_P_qb2of3,C2_ROE_DYN_riseq2,0.16046922901866267,0.130367316892525,0.030101912126137664,-0.5735254696514088,0.5052861830113015,16.42,84.17883211678833
P_IC_qb1of3__DEBTRATIO_qb0of3__C9_EPS_DYN_riseq2__v0,P_IC_qb1of3__DEBTRATIO_qb0of3,C9_EPS_DYN_riseq2,0.16046747371971648,0.1393426824369417,0.02112479128277478,-0.570158572454988,0.5369008369261983,16.21,80.07299270072993
P_IC_qb1of3__DEBTRATIO_qb0of3__C1_ROE_DYN_riseq1__v0,P_IC_qb1of3__DEBTRATIO_qb0of3,C1_ROE_DYN_riseq1,0.1603599755080347,0.1393426824369417,0.021017293071093013,-0.5965210731699446,0.5101613241148125,16.58,80.76491228070175
EV_EBITDA_qb1of3__ACCRUAL_qb0of3__C12_EPS_DYN_yoy__v0,EV_EBITDA_qb1of3__ACCRUAL_qb0of3,C12_EPS_DYN_yoy,0.16034000686679084,0.12987807961629594,0.030461927250494902,-0.5390863147419445,0.5016973378595676,18.95,81.944
NETDEBT_EBITDA_qb2of3__FCF_P_qb2of3__C9_EPS_DYN_riseq2__v0,NETDEBT_EBITDA_qb2of3__FCF_P_qb2of3,C9_EPS_DYN_riseq2,0.1603292075766629,0.130367316892525,0.029961890684137904,-0.5702831739894529,0.5047653299766229,16.91,84.7992700729927
ROE_qb1of3__EV_EBITDA_qb0of3__C19_FCF_P_DYN_yoy__v0,ROE_qb1of3__EV_EBITDA_qb0of3,C19_FCF_P_DYN_yoy,0.16029314388784832,0.16753762281561357,-0.007244478927765252,-0.5444280995568864,0.5292955892034233,18.95,52.788
PS_qb0of3__FCF_OI_qb1of3__None__v0,PS_qb0of3__FCF_OI_qb1of3,None,0.1602886894689004,0.1602886894689004,0.0,-0.5668169868965331,0.49080532656943565,16.35,212.12794612794613
P_IC_qb1of3__ROE_qb2of3__C1_ROE_DYN_riseq1__v0,P_IC_qb1of3__ROE_qb2of3,C1_ROE_DYN_riseq1,0.16027140905242399,0.15952276167140345,0.0007486473810205396,-0.5327645459780173,0.4968020743301642,17.57,85.34035087719299
PS_qb0of3__EV_S_qb0of3__None__v0,PS_qb0of3__EV_S_qb0of3,None,0.16026918058568085,0.16026918058568085,0.0,-0.5561249504630753,0.5516840882694541,16.29,351.006734006734
EV_EBITDA_qb1of3__NETDEBT_EBITDA_qb2of3__C8_EPS_DYN_riseq1__v0,EV_EBITDA_qb1of3__NETDEBT_EBITDA_qb2of3,C8_EPS_DYN_riseq1,0.1602538743954438,0.14627716761851484,0.013976706776928971,-0.5743461579886089,0.49113062175237415,17.4,86.83157894736843
MOM_qb2of3__OCF_E_qb2of3__None__v0,MOM_qb2of3__OCF_E_qb2of3,None,0.16022546885760813,0.16022546885760813,0.0,-0.6550896866145042,0.4946786568764953,15.57,156.8148148148148
MOM_qb2of3__ROIC_qb1of3__C9_EPS_DYN_riseq2__v0,MOM_qb2of3__ROIC_qb1of3,C9_EPS_DYN_riseq2,0.16022133365605917,0.1489494323621996,0.011271901293859576,-0.6023121456778096,0.5065881258719578,16.14,88.03649635036497
PS_qb1of3__NETDEBT_EBITDA_qb0of3__C8_EPS_DYN_riseq1__v0,PS_qb1of3__NETDEBT_EBITDA_qb0of3,C8_EPS_DYN_riseq1,0.16019625499499335,0.11822478808596304,0.04197146690903031,-0.5811216350037608,0.5007803790412486,16.41,72.63508771929824
OCF_E_qb2of3__ROIC_qb2of3__C18_FCF_P_DYN_qmax8__v0,OCF_E_qb2of3__ROIC_qb2of3,C18_FCF_P_DYN_qmax8,0.16018381867171838,0.10550033079483523,0.05468348787688315,-0.6404661215118885,0.469106463878327,23.46,26.914163090128756
PB_qb0of3__FCF_OI_qb1of3__C20_FCF_P_DYN_ytdavg_gt_lyytdavg__v0,PB_qb0of3__FCF_OI_qb1of3,C20_FCF_P_DYN_ytdavg_gt_lyytdavg,0.16017780505609847,0.18925522121144955,-0.029077416155351088,-0.5905393175490052,0.5031354515050167,16.1,78.02105263157895
FCF_OI_qb1of3__NETDEBT_EBITDA_qb0of3__C5_ROE_DYN_yoy__v0,FCF_OI_qb1of3__NETDEBT_EBITDA_qb0of3,C5_ROE_DYN_yoy,0.16016546730640635,0.10774462377156824,0.05242084353483811,-0.5729549836039101,0.4819327731092437,17.77,80.604
MOM_qb2of3__OCF_E_qb2of3__C16_FCF_P_DYN_riseq2__v0,MOM_qb2of3__OCF_E_qb2of3,C16_FCF_P_DYN_riseq2,0.1601637463261758,0.16022546885760813,-6.172253143232886e-05,-0.6721708823908754,0.49969135802469133,16.94,82.08394160583941
ACCRUAL_qb0of3__FCF_P_qb2of3__C6_ROE_DYN_ytdavg_gt_lyytdavg__v0,ACCRUAL_qb0of3__FCF_P_qb2of3,C6_ROE_DYN_ytdavg_gt_lyytdavg,0.1601447292889615,0.12374675560791215,0.036397973681049356,-0.5624821763766805,0.4869130100076982,17.11,69.35087719298245
MOM_qb2of3__OCF_E_qb2of3__C17_FCF_P_DYN_qmax4__v0,MOM_qb2of3__OCF_E_qb2of3,C17_FCF_P_DYN_qmax4,0.16013272911391851,0.16022546885760813,-9.273974368961824e-05,-0.705916590795675,0.47783534830166957,16.09,40.599236641221374
ROE_qb1of3__FCF_OI_qb1of3__C12_EPS_DYN_yoy__v0,ROE_qb1of3__FCF_OI_qb1of3,C12_EPS_DYN_yoy,0.16012902081425828,0.11311461277821944,0.047014408036038846,-0.5596908914044525,0.47703180212014135,16.64,86.868
ROE_qb2of3__NETDEBT_EBITDA_qb0of3__C10_EPS_DYN_qmax4__v0,ROE_qb2of3__NETDEBT_EBITDA_qb0of3,C10_EPS_DYN_qmax4,0.16011849380009924,0.10739791521726105,0.052720578582838185,-0.5172089161129767,0.5159342502515935,16.86,50.2442748091603
MOM_qb2of3__FCF_P_qb1of3__C6_ROE_DYN_ytdavg_gt_lyytdavg__v0,MOM_qb2of3__FCF_P_qb1of3,C6_ROE_DYN_ytdavg_gt_lyytdavg,0.1601021157206708,0.12449311185748302,0.03560900386318777,-0.6331585344416931,0.4849053652432348,15.6,80.80701754385964
DEBTRATIO_qb2of3__FCF_P_qb0of3__C10_EPS_DYN_qmax4__v0,DEBTRATIO_qb2of3__FCF_P_qb0of3,C10_EPS_DYN_qmax4,0.16009742021811801,0.10901546451131372,0.051081955706804294,-0.5565917906146605,0.4962901896125309,17.73,55.19847328244275
ROE_qb2of3__FCF_OI_qb1of3__C5_ROE_DYN_yoy__v0,ROE_qb2of3__FCF_OI_qb1of3,C5_ROE_DYN_yoy,0.1600896844571551,0.1074915393951017,0.0525981450620534,-0.5171706473356291,0.4956691813355686,19.21,120.22
MOM_qb2of3__OCF_E_qb1of3__C6_ROE_DYN_ytdavg_gt_lyytdavg__v0,MOM_qb2of3__OCF_E_qb1of3,C6_ROE_DYN_ytdavg_gt_lyytdavg,0.1600858320553924,0.13329269559525958,0.026793136460132816,-0.6311295560702347,0.4885592551680606,15.51,78.62456140350878
EV_EBITDA_qb1of3__ACCRUAL_qb0of3__C14_EPS_DYN_ytdavg_gt_lyavg__v0,EV_EBITDA_qb1of3__ACCRUAL_qb0of3,C14_EPS_DYN_ytdavg_gt_lyavg,0.16001127563092088,0.12987807961629594,0.03013319601462494,-0.5332459781185761,0.5045197740112994,17.14,73.30526315789474
MOM_qb1of3__FCF_OI_qb1of3__C12_EPS_DYN_yoy__v0,MOM_qb1of3__FCF_OI_qb1of3,C12_EPS_DYN_yoy,0.16000193139064134,0.10997605163063406,0.050025879760007275,-0.6265345619521545,0.5238179564370462,18.74,76.4
PS_qb1of3__MOM_qb2of3__C10_EPS_DYN_qmax4__v0,PS_qb1of3__MOM_qb2of3,C10_EPS_DYN_qmax4,0.15997333271988468,0.12985143618864448,0.0301218965312402,-0.675977410429457,0.4987549800796813,17.93,55.80534351145038
EV_S_qb0of3__OCF_E_qb1of3__None__v0,EV_S_qb0of3__OCF_E_qb1of3,None,0.1599721772341416,0.1599721772341416,0.0,-0.5621445261553834,0.5158690176322418,16.84,140.25925925925927
MOM_qb2of3__ACCRUAL_qb2of3__C5_ROE_DYN_yoy__v0,MOM_qb2of3__ACCRUAL_qb2of3,C5_ROE_DYN_yoy,0.15990716814134887,0.11246072837315779,0.04744643976819107,-0.6558462696994078,0.4825459133604374,18.57,99.728
EV_EBITDA_qb0of3__ROIC_qb1of3__C20_FCF_P_DYN_ytdavg_gt_lyytdavg__v0,EV_EBITDA_qb0of3__ROIC_qb1of3,C20_FCF_P_DYN_ytdavg_gt_lyytdavg,0.1598676725720829,0.17304387553983713,-0.013176202967754236,-0.5212345193088505,0.5461723309303124,17.21,52.77894736842105
NETDEBT_EBITDA_qb2of3__FCF_P_qb2of3__C12_EPS_DYN_yoy__v0,NETDEBT_EBITDA_qb2of3__FCF_P_qb2of3,C12_EPS_DYN_yoy,0.15985526344732603,0.130367316892525,0.029487946554801026,-0.5487661165668367,0.49175103112110985,17.66,86.784
PB_qb1of3__FCF_OI_qb1of3__C3_ROE_DYN_qmax4__v0,PB_qb1of3__FCF_OI_qb1of3,C3_ROE_DYN_qmax4,0.15976486313809657,0.11410064127221342,0.04566422186588315,-0.5866592144295462,0.5284090909090909,15.91,46.80152671755725
MOM_qb2of3__ACCRUAL_qb1of3__C10_EPS_DYN_qmax4__v0,MOM_qb2of3__ACCRUAL_qb1of3,C10_EPS_DYN_qmax4,0.15973626884087144,0.13564208643476539,0.024094182406106057,-0.6779462276661494,0.5149782757832152,15.86,58.12213740458015
EV_EBITDA_qb0of3__DEBTRATIO_qb1of3__C13_EPS_DYN_ytdavg_gt_lyytdavg__v0,EV_EBITDA_qb0of3__DEBTRATIO_qb1of3,C13_EPS_DYN_ytdavg_gt_lyytdavg,0.15970365724448143,0.1453333100047871,0.014370347239694325,-0.5292263608991976,0.4735117422173676,16.78,71.0280701754386
P_IC_qb0of3__FCF_P_qb1of3__C16_FCF_P_DYN_riseq2__v0,P_IC_qb0of3__FCF_P_qb1of3,C16_FCF_P_DYN_riseq2,0.15967544139729672,0.17643282368710866,-0.01675738228981194,-0.6082723450848866,0.480595272833382,17.05,46.07299270072993
ROE_qb2of3__ACCRUAL_qb0of3__C9_EPS_DYN_riseq2__v0,ROE_qb2of3__ACCRUAL_qb0of3,C9_EPS_DYN_riseq2,0.1596707966244708,0.11508661275557497,0.044584183868895844,-0.3831093550825193,0.4838351822503962,18.69,94.54379562043796
DEBTRATIO_qb2of3__FCF_P_qb2of3__C6_ROE_DYN_ytdavg_gt_lyytdavg__v0,DEBTRATIO_qb2of3__FCF_P_qb2of3,C6_ROE_DYN_ytdavg_gt_lyytdavg,0.15966426167161063,0.13414183650936895,0.02552242516224168,-0.5170712659441598,0.4978749241044323,16.99,80.32631578947368
ROE_qb2of3__FCF_OI_qb1of3__C11_EPS_DYN_qmax8__v0,ROE_qb2of3__FCF_OI_qb1of3,C11_EPS_DYN_qmax8,0.1595892110367898,0.1074915393951017,0.052097671641688104,-0.5804944850717111,0.5130654678280416,18.67,55.42489270386266
DEBTRATIO_qb2of3__FCF_P_qb0of3__C9_EPS_DYN_riseq2__v0,DEBTRATIO_qb2of3__FCF_P_qb0of3,C9_EPS_DYN_riseq2,0.15958424705241914,0.10901546451131372,0.05056878254110542,-0.572340816941665,0.48347676419965574,19.12,95.57299270072993
MOM_qb2of3__OCF_E_qb1of3__C16_FCF_P_DYN_riseq2__v0,MOM_qb2of3__OCF_E_qb1of3,C16_FCF_P_DYN_riseq2,0.15952978895819747,0.13329269559525958,0.02623709336293789,-0.6509362251659443,0.49220883534136545,16.46,77.45985401459853
P_IC_qb1of3__ROE_qb2of3__None__v0,P_IC_qb1of3__ROE_qb2of3,None,0.15952276167140345,0.15952276167140345,0.0,-0.5310198273069179,0.49766941556113303,17.58,121.35690235690235
OCF_E_qb2of3__ACCRUAL_qb0of3__C2_ROE_DYN_riseq2__v0,OCF_E_qb2of3__ACCRUAL_qb0of3,C2_ROE_DYN_riseq2,0.15951503230767017,0.1085860393522513,0.05092899295541886,-0.4801462317493228,0.48729253112033194,17.91,180.2919708029197
EV_S_qb0of3__DEBTRATIO_qb0of3__C16_FCF_P_DYN_riseq2__v0,EV_S_qb0of3__DEBTRATIO_qb0of3,C16_FCF_P_DYN_riseq2,0.15951128906926337,0.1737613000797975,-0.014250011010534136,-0.5833007532052696,0.5234782608695652,17.62,56.09124087591241
FCF_OI_qb1of3__None__C5_ROE_DYN_yoy__v0,FCF_OI_qb1of3__None,C5_ROE_DYN_yoy,0.15950814525084778,0.10865218632260909,0.05085595892823869,-0.5757674232624703,0.4840433110129648,18.17,250.116
NETDEBT_EBITDA_qb2of3__FCF_P_qb2of3__C13_EPS_DYN_ytdavg_gt_lyytdavg__v0,NETDEBT_EBITDA_qb2of3__FCF_P_qb2of3,C13_EPS_DYN_ytdavg_gt_lyytdavg,0.15949007222268796,0.130367316892525,0.029122755330162953,-0.5485472253776638,0.48934089575591627,17.71,81.13333333333334
MOM_qb2of3__EV_EBITDA_qb0of3__C17_FCF_P_DYN_qmax4__v0,MOM_qb2of3__EV_EBITDA_qb0of3,C17_FCF_P_DYN_qmax4,0.1594801700775328,0.17816366229087532,-0.018683492213342534,-0.6431606112831474,0.4910233393177738,16.95,40.64885496183206
P_IC_qb1of3__DEBTRATIO_qb0of3__C10_EPS_DYN_qmax4__v0,P_IC_qb1of3__DEBTRATIO_qb0of3,C10_EPS_DYN_qmax4,0.1594783946672298,0.1393426824369417,0.020135712230288094,-0.5974264645198425,0.5236206274792643,16.25,44.23664122137404
PB_qb0of3__ROIC_qb1of3__C15_FCF_P_DYN_riseq1__v0,PB_qb0of3__ROIC_qb1of3,C15_FCF_P_DYN_riseq1,0.1594218645519212,0.18223831681550728,-0.022816452263586084,-0.5443830234258933,0.5034314473082202,17.94,91.67017543859649
PS_qb0of3__MOM_qb2of3__C17_FCF_P_DYN_qmax4__v0,PS_qb0of3__MOM_qb2of3,C17_FCF_P_DYN_qmax4,0.15939264674559173,0.18527143734118923,-0.0258787905955975,-0.6501355685971448,0.48905109489051096,15.06,39.900763358778626
OCF_E_qb2of3__EV_EBITDA_qb1of3__C5_ROE_DYN_yoy__v0,OCF_E_qb2of3__EV_EBITDA_qb1of3,C5_ROE_DYN_yoy,0.15939049393034566,0.12133006898882948,0.03806042494151618,-0.5371127738775954,0.496258970835242,19.73,106.46
MOM_qb2of3__DEBTRATIO_qb1of3__C13_EPS_DYN_ytdavg_gt_lyytdavg__v0,MOM_qb2of3__DEBTRATIO_qb1of3,C13_EPS_DYN_ytdavg_gt_lyytdavg,0.1593343308871089,0.13517618077461835,0.024158150112490562,-0.6218220521918858,0.47533174549166385,16.03,86.72631578947369
MOM_qb2of3__EV_EBITDA_qb1of3__C15_FCF_P_DYN_riseq1__v0,MOM_qb2of3__EV_EBITDA_qb1of3,C15_FCF_P_DYN_riseq1,0.1592889234257331,0.15785208153346586,0.0014368418922672266,-0.6543999244998595,0.4836268374326881,15.93,75.97543859649123
DEBTRATIO_qb2of3__NETDEBT_EBITDA_qb2of3__C5_ROE_DYN_yoy__v0,DEBTRATIO_qb2of3__NETDEBT_EBITDA_qb2of3,C5_ROE_DYN_yoy,0.15928102034243263,0.11915400596730308,0.040127014375129555,-0.5729856348983171,0.4660212971926428,18.2,150.152
MOM_qb2of3__ACCRUAL_qb1of3__C1_ROE_DYN_riseq1__v0,MOM_qb2of3__ACCRUAL_qb1of3,C1_ROE_DYN_riseq1,0.1592421715366883,0.13564208643476539,0.023600085101922907,-0.689427368267333,0.5056053811659192,15.76,87.37543859649122
P_IC_qb1of3__OCF_E_qb2of3__C5_ROE_DYN_yoy__v0,P_IC_qb1of3__OCF_E_qb2of3,C5_ROE_DYN_yoy,0.15923616490471404,0.11478934435704824,0.0444468205476658,-0.5656165906216439,0.48998492354081413,18.8,76.856
OCF_E_qb2of3__FCF_P_qb2of3__C13_EPS_DYN_ytdavg_gt_lyytdavg__v0,OCF_E_qb2of3__FCF_P_qb2of3,C13_EPS_DYN_ytdavg_gt_lyytdavg,0.15923591887380129,0.12762602498232223,0.03160989389147906,-0.5096225809207436,0.49247584349754475,17.94,87.25964912280702
MOM_qb2of3__DEBTRATIO_qb0of3__C14_EPS_DYN_ytdavg_gt_lyavg__v0,MOM_qb2of3__DEBTRATIO_qb0of3,C14_EPS_DYN_ytdavg_gt_lyavg,0.15923305116573228,0.13434664389931616,0.02488640726641611,-0.6383379374579042,0.4820492916747526,15.32,75.93684210526315
NETDEBT_EBITDA_qb2of3__FCF_P_qb2of3__C5_ROE_DYN_yoy__v0,NETDEBT_EBITDA_qb2of3__FCF_P_qb2of3,C5_ROE_DYN_yoy,0.15921546100232864,0.130367316892525,0.02884814410980363,-0.5561884469943217,0.48782388466783555,17.65,84.184
ROE_qb2of3__NETDEBT_EBITDA_qb0of3__C5_ROE_DYN_yoy__v0,ROE_qb2of3__NETDEBT_EBITDA_qb0of3,C5_ROE_DYN_yoy,0.15920480201807785,0.10739791521726105,0.0518068868008168,-0.5378548280364235,0.4900754822476936,18.8,75.764
MOM_qb2of3__NETDEBT_EBITDA_qb2of3__C13_EPS_DYN_ytdavg_gt_lyytdavg__v0,MOM_qb2of3__NETDEBT_EBITDA_qb2of3,C13_EPS_DYN_ytdavg_gt_lyytdavg,0.15920231903990345,0.13535856297428794,0.023843756065615507,-0.6736811977039954,0.45174615095756665,15.26,80.10877192982456
FCF_OI_qb1of3__FCF_P_qb2of3__C11_EPS_DYN_qmax8__v0,FCF_OI_qb1of3__FCF_P_qb2of3,C11_EPS_DYN_qmax8,0.15919941127186155,0.1661308330210336,-0.006931421749172051,-0.6523991043400534,0.5221238938053098,15.99,15.918454935622318
MOM_qb1of3__FCF_OI_qb1of3__C9_EPS_DYN_riseq2__v0,MOM_qb1of3__FCF_OI_qb1of3,C9_EPS_DYN_riseq2,0.15919504091334202,0.10997605163063406,0.04921898928270796,-0.6044672661302957,0.5375666505089676,17.44,78.44160583941606
P_IC_qb1of3__FCF_OI_qb1of3__C5_ROE_DYN_yoy__v0,P_IC_qb1of3__FCF_OI_qb1of3,C5_ROE_DYN_yoy,0.1591762179157692,0.1162649322304854,0.042911285685283795,-0.6442711256584392,0.49257658334899457,17.77,88.62
OCF_E_qb2of3__ROE_qb2of3__C10_EPS_DYN_qmax4__v0,OCF_E_qb2of3__ROE_qb2of3,C10_EPS_DYN_qmax4,0.15915815368390707,0.11168724670811869,0.047470906975788374,-0.42117299737410974,0.48894795747062114,18.71,114.91221374045801
OCF_E_qb2of3__FCF_OI_qb1of3__C9_EPS_DYN_riseq2__v0,OCF_E_qb2of3__FCF_OI_qb1of3,C9_EPS_DYN_riseq2,0.15914399775871302,0.11774066125008464,0.041403336508628374,-0.5380525417061024,0.491341686611291,17.33,102.77007299270073
P_IC_qb0of3__DEBTRATIO_qb0of3__C3_ROE_DYN_qmax4__v0,P_IC_qb0of3__DEBTRATIO_qb0of3,C3_ROE_DYN_qmax4,0.159143263950291,0.20390695840205297,-0.04476369445176198,-0.6082879487373358,0.5029171528588098,16.25,13.622137404580153
PB_qb1of3__ROE_qb2of3__C20_FCF_P_DYN_ytdavg_gt_lyytdavg__v0,PB_qb1of3__ROE_qb2of3,C20_FCF_P_DYN_ytdavg_gt_lyytdavg,0.15910230231492029,0.17368474528587585,-0.014582442970955567,-0.5447913130956126,0.533418043202033,16.11,66.3438596491228
ROE_qb1of3__FCF_OI_qb1of3__C9_EPS_DYN_riseq2__v0,ROE_qb1of3__FCF_OI_qb1of3,C9_EPS_DYN_riseq2,0.15909576898034938,0.11311461277821944,0.04598115620212995,-0.565965342227871,0.511647535449021,14.9,90.0948905109489
FCF_OI_qb1of3__NETDEBT_EBITDA_qb2of3__C9_EPS_DYN_riseq2__v0,FCF_OI_qb1of3__NETDEBT_EBITDA_qb2of3,C9_EPS_DYN_riseq2,0.15905764709393044,0.11499305815386185,0.044064588940068594,-0.5636663867991972,0.48334045279794957,16.77,74.85766423357664
P_IC_qb0of3__DEBTRATIO_qb0of3__C20_FCF_P_DYN_ytdavg_gt_lyytdavg__v0,P_IC_qb0of3__DEBTRATIO_qb0of3,C20_FCF_P_DYN_ytdavg_gt_lyytdavg,0.1590488117095128,0.20390695840205297,-0.04485814669254018,-0.6189251291641487,0.527027027027027,15.79,24.880701754385964
PS_qb1of3__NETDEBT_EBITDA_qb0of3__C12_EPS_DYN_yoy__v0,PS_qb1of3__NETDEBT_EBITDA_qb0of3,C12_EPS_DYN_yoy,0.15903894631949678,0.11822478808596304,0.04081415823353374,-0.6510918805455448,0.509746012994684,16.57,72.244
MOM_qb2of3__NETDEBT_EBITDA_qb1of3__C10_EPS_DYN_qmax4__v0,MOM_qb2of3__NETDEBT_EBITDA_qb1of3,C10_EPS_DYN_qmax4,0.15901176959799712,0.14096998093909052,0.0180417886589066,-0.5657524362630275,0.510361718161266,18.15,75.86259541984732
ROE_qb2of3__FCF_OI_qb2of3__C5_ROE_DYN_yoy__v0,ROE_qb2of3__FCF_OI_qb2of3,C5_ROE_DYN_yoy,0.1589465219636419,0.10612897361205387,0.05281754835158803,-0.5485004193263909,0.4726628677036809,19.79,101.98
MOM_qb2of3__ROE_qb1of3__C7_ROE_DYN_ytdavg_gt_lyavg__v0,MOM_qb2of3__ROE_qb1of3,C7_ROE_DYN_ytdavg_gt_lyavg,0.1589314243755049,0.142453064325746,0.01647836004975889,-0.5953115818575895,0.4815760671287851,14.78,72.28771929824562
EV_EBITDA_qb0of3__FCF_OI_qb1of3__None__v0,EV_EBITDA_qb0of3__FCF_OI_qb1of3,None,0.1588416616824344,0.1588416616824344,0.0,-0.5515649150487443,0.47745152354570636,15.96,140.02020202020202
EV_EBITDA_qb1of3__DEBTRATIO_qb2of3__C11_EPS_DYN_qmax8__v0,EV_EBITDA_qb1of3__DEBTRATIO_qb2of3,C11_EPS_DYN_qmax8,0.15883061772497054,0.13449319651294744,0.02433742121202309,-0.6177202868459283,0.5118069815195072,19.82,31.871244635193133
MOM_qb2of3__None__C1_ROE_DYN_riseq1__v0,MOM_qb2of3__None,C1_ROE_DYN_riseq1,0.158796002410464,0.11517070621059111,0.043625296199872876,-0.6833936537117491,0.49070592027506177,15.39,253.7017543859649
P_IC_qb0of3__ROIC_qb2of3__C19_FCF_P_DYN_yoy__v0,P_IC_qb0of3__ROIC_qb2of3,C19_FCF_P_DYN_yoy,0.15871585550774947,0.17524597133334008,-0.016530115825590608,-0.5710607101085657,0.4938101788170564,17.3,21.056
OCF_E_qb2of3__DEBTRATIO_qb2of3__C2_ROE_DYN_riseq2__v0,OCF_E_qb2of3__DEBTRATIO_qb2of3,C2_ROE_DYN_riseq2,0.15871368231764493,0.11692725396958026,0.041786428348064675,-0.43559322907220965,0.48561450191252287,17.44,101.97810218978103
DEBTRATIO_qb2of3__None__C5_ROE_DYN_yoy__v0,DEBTRATIO_qb2of3__None,C5_ROE_DYN_yoy,0.15871203631718522,0.11247402988012434,0.046238006437060886,-0.5369766410754904,0.47687576875768756,18.22,244.488
EV_EBITDA_qb1of3__ACCRUAL_qb0of3__C6_ROE_DYN_ytdavg_gt_lyytdavg__v0,EV_EBITDA_qb1of3__ACCRUAL_qb0of3,C6_ROE_DYN_ytdavg_gt_lyytdavg,0.15865686063384432,0.12987807961629594,0.028778781017548383,-0.5106101228569856,0.4969052224371373,17.41,70.21052631578948
EV_EBITDA_qb0of3__FCF_P_qb2of3__C8_EPS_DYN_riseq1__v0,EV_EBITDA_qb0of3__FCF_P_qb2of3,C8_EPS_DYN_riseq1,0.15857942566840255,0.1412545523155624,0.017324873352840164,-0.5468949730763979,0.49509137592508684,16.0,92.4140350877193
ROE_qb2of3__ROIC_qb1of3__C13_EPS_DYN_ytdavg_gt_lyytdavg__v0,ROE_qb2of3__ROIC_qb1of3,C13_EPS_DYN_ytdavg_gt_lyytdavg,0.15854977097083922,0.12028408152058989,0.03826568945024933,-0.48872219410233175,0.48664944013781225,16.9,39.329824561403505
DEBTRATIO_qb2of3__FCF_P_qb2of3__C9_EPS_DYN_riseq2__v0,DEBTRATIO_qb2of3__FCF_P_qb2of3,C9_EPS_DYN_riseq2,0.15851479098220111,0.13414183650936895,0.024372954472832165,-0.509202051576773,0.5041782729805014,17.17,89.49270072992701
P_IC_qb0of3__DEBTRATIO_qb0of3__C8_EPS_DYN_riseq1__v0,P_IC_qb0of3__DEBTRATIO_qb0of3,C8_EPS_DYN_riseq1,0.15847747108519306,0.20390695840205297,-0.04542948731685992,-0.6090015659731454,0.5125313283208021,16.05,27.021052631578947
EV_S_qb0of3__ROE_qb2of3__C16_FCF_P_DYN_riseq2__v0,EV_S_qb0of3__ROE_qb2of3,C16_FCF_P_DYN_riseq2,0.1584332821595984,0.16125483918444772,-0.0028215570248493194,-0.5368889055292676,0.517115804806992,17.51,68.81021897810218
MOM_qb2of3__ROIC_qb2of3__None__v0,MOM_qb2of3__ROIC_qb2of3,None,0.15843219174837309,0.15843219174837309,0.0,-0.6587116001152904,0.49236370094121823,15.46,170.53198653198652
OCF_E_qb2of3__ROIC_qb2of3__C10_EPS_DYN_qmax4__v0,OCF_E_qb2of3__ROIC_qb2of3,C10_EPS_DYN_qmax4,0.15838902720791093,0.10550033079483523,0.0528886964130757,-0.4049700112971537,0.4871222271847551,18.7,108.16412213740458
EV_EBITDA_qb1of3__ACCRUAL_qb0of3__C2_ROE_DYN_riseq2__v0,EV_EBITDA_qb1of3__ACCRUAL_qb0of3,C2_ROE_DYN_riseq2,0.1583873318604656,0.12987807961629594,0.02850925224416967,-0.6252672115957816,0.5148496587345508,17.07,76.4087591240876
MOM_qb2of3__ROE_qb1of3__C10_EPS_DYN_qmax4__v0,MOM_qb2of3__ROE_qb1of3,C10_EPS_DYN_qmax4,0.15837476284565843,0.142453064325746,0.01592169851991243,-0.6360258815658381,0.5154245154245154,15.34,49.770992366412216
EV_EBITDA_qb0of3__DEBTRATIO_qb1of3__C1_ROE_DYN_riseq1__v0,EV_EBITDA_qb0of3__DEBTRATIO_qb1of3,C1_ROE_DYN_riseq1,0.15835802052995085,0.1453333100047871,0.01302471052516374,-0.592284439655222,0.49614984391259104,16.84,74.12280701754386
P_IC_qb1of3__ROIC_qb2of3__C16_FCF_P_DYN_riseq2__v0,P_IC_qb1of3__ROIC_qb2of3,C16_FCF_P_DYN_riseq2,0.15831066566144303,0.16248848629635226,-0.004177820634909235,-0.48743092737312743,0.517327861377109,18.56,68.98175182481752
EV_EBITDA_qb0of3__None__C1_ROE_DYN_riseq1__v0,EV_EBITDA_qb0of3__None,C1_ROE_DYN_riseq1,0.15829561508085366,0.1454246752563002,0.012870939824553451,-0.5448790067356961,0.4929893438025799,16.51,236.4701754385965
FCF_P_qb2of3__None__C5_ROE_DYN_yoy__v0,FCF_P_qb2of3__None,C5_ROE_DYN_yoy,0.15828697432860772,0.12214294842787288,0.036144025900734844,-0.5597859445236191,0.49286277885374075,18.82,230.968
EV_EBITDA_qb1of3__FCF_OI_qb1of3__C5_ROE_DYN_yoy__v0,EV_EBITDA_qb1of3__FCF_OI_qb1of3,C5_ROE_DYN_yoy,0.15825428443561185,0.1275583968310292,0.03069588760458264,-0.5803878604501523,0.5106318805610014,18.58,101.58
MOM_qb2of3__NETDEBT_EBITDA_qb2of3__C6_ROE_DYN_ytdavg_gt_lyytdavg__v0,MOM_qb2of3__NETDEBT_EBITDA_qb2of3,C6_ROE_DYN_ytdavg_gt_lyytdavg,0.15825121009456478,0.13535856297428794,0.022892647120276832,-0.685469070745071,0.4528265107212476,15.07,76.24561403508773
PB_qb1of3__FCF_OI_qb1of3__C4_ROE_DYN_qmax8__v0,PB_qb1of3__FCF_OI_qb1of3,C4_ROE_DYN_qmax8,0.1582078330305916,0.11410064127221342,0.044107191758378184,-0.6934917884832554,0.5412953060011884,15.09,24.935622317596568
ROE_qb2of3__NETDEBT_EBITDA_qb2of3__C2_ROE_DYN_riseq2__v0,ROE_qb2of3__NETDEBT_EBITDA_qb2of3,C2_ROE_DYN_riseq2,0.15814473273612495,0.12573108691877288,0.032413645817352066,-0.5061144157918632,0.4843879524730589,17.2,66.01824817518248
MOM_qb2of3__NETDEBT_EBITDA_qb1of3__C17_FCF_P_DYN_qmax4__v0,MOM_qb2of3__NETDEBT_EBITDA_qb1of3,C17_FCF_P_DYN_qmax4,0.15813346555546648,0.14096998093909052,0.017163484616375957,-0.6608964117621325,0.46966161026837805,17.32,40.26335877862596
EV_EBITDA_qb0of3__None__C8_EPS_DYN_riseq1__v0,EV_EBITDA_qb0of3__None,C8_EPS_DYN_riseq1,0.15811407244220965,0.1454246752563002,0.012689397185909446,-0.5495635386702418,0.4909860693799508,16.39,245.9719298245614
MOM_qb2of3__FCF_OI_qb1of3__C16_FCF_P_DYN_riseq2__v0,MOM_qb2of3__FCF_OI_qb1of3,C16_FCF_P_DYN_riseq2,0.1580680252850324,0.1494073362333117,0.008660689051720682,-0.688889028208648,0.48676265675801206,15.66,81.48540145985402
EV_EBITDA_qb1of3__ACCRUAL_qb0of3__C10_EPS_DYN_qmax4__v0,EV_EBITDA_qb1of3__ACCRUAL_qb0of3,C10_EPS_DYN_qmax4,0.15801587440517806,0.12987807961629594,0.02813779478888212,-0.6856307481703207,0.5182458386683739,16.07,42.908396946564885
ACCRUAL_qb1of3__FCF_OI_qb1of3__C12_EPS_DYN_yoy__v0,ACCRUAL_qb1of3__FCF_OI_qb1of3,C12_EPS_DYN_yoy,0.15800517414700876,0.11215386819556161,0.04585130595144715,-0.5984334370478365,0.4941031508537229,18.32,79.652
EV_S_qb0of3__ROIC_qb2of3__None__v0,EV_S_qb0of3__ROIC_qb2of3,None,0.15799574490089796,0.15799574490089796,0.0,-0.5124242320144536,0.4993324432576769,15.94,116.79461279461279
FCF_OI_qb1of3__None__C10_EPS_DYN_qmax4__v0,FCF_OI_qb1of3__None,C10_EPS_DYN_qmax4,0.15797158206621287,0.10865218632260909,0.04931939574360378,-0.5539026333843426,0.5022052927024859,16.07,149.8053435114504
PB_qb0of3__EV_S_qb0of3__C15_FCF_P_DYN_riseq1__v0,PB_qb0of3__EV_S_qb0of3,C15_FCF_P_DYN_riseq1,0.15795055866067642,0.19152523498206686,-0.03357467632139044,-0.5785749585266107,0.49041666666666667,17.05,118.94736842105263
ROE_qb2of3__ACCRUAL_qb0of3__C7_ROE_DYN_ytdavg_gt_lyavg__v0,ROE_qb2of3__ACCRUAL_qb0of3,C7_ROE_DYN_ytdavg_gt_lyavg,0.15794384756286473,0.11508661275557497,0.04285723480728976,-0.3273826555278042,0.47164716471647167,17.39,82.9859649122807
ROE_qb2of3__FCF_P_qb2of3__C10_EPS_DYN_qmax4__v0,ROE_qb2of3__FCF_P_qb2of3,C10_EPS_DYN_qmax4,0.15794152447725596,0.12202542765864322,0.03591609681861274,-0.47372615983474453,0.5050215208034433,18.12,65.95038167938931
ROIC_qb1of3__FCF_P_qb2of3__C5_ROE_DYN_yoy__v0,ROIC_qb1of3__FCF_P_qb2of3,C5_ROE_DYN_yoy,0.15793181838969805,0.13214928588991603,0.025782532499782018,-0.5384440114044674,0.5087243774352025,18.68,89.668
P_IC_qb0of3__ROIC_qb1of3__C15_FCF_P_DYN_riseq1__v0,P_IC_qb0of3__ROIC_qb1of3,C15_FCF_P_DYN_riseq1,0.15792146996904854,0.18272926888937446,-0.02480779892032592,-0.5486496917109664,0.5069600359227661,17.61,94.45263157894736
PB_qb1of3__ROIC_qb2of3__C19_FCF_P_DYN_yoy__v0,PB_qb1of3__ROIC_qb2of3,C19_FCF_P_DYN_yoy,0.1579146937412821,0.15726720889947043,0.0006474848418116519,-0.6024052960225321,0.5291228070175439,19.39,71.516
ROE_qb2of3__FCF_P_qb2of3__C3_ROE_DYN_qmax4__v0,ROE_qb2of3__FCF_P_qb2of3,C3_ROE_DYN_qmax4,0.15787232149184982,0.12202542765864322,0.035846893833206606,-0.45533074888070246,0.5038775510204082,17.63,65.63358778625954
MOM_qb2of3__FCF_OI_qb1of3__C19_FCF_P_DYN_yoy__v0,MOM_qb2of3__FCF_OI_qb1of3,C19_FCF_P_DYN_yoy,0.15786905620593839,0.1494073362333117,0.00846171997262668,-0.6565757172544766,0.4977290524667189,17.28,85.624
MOM_qb2of3__EV_EBITDA_qb1of3__None__v0,MOM_qb2of3__EV_EBITDA_qb1of3,None,0.15785208153346586,0.15785208153346586,0.0,-0.647061342683034,0.49247606019151846,15.47,155.83164983164983
MOM_qb2of3__None__C8_EPS_DYN_riseq1__v0,MOM_qb2of3__None,C8_EPS_DYN_riseq1,0.15780853113323468,0.11517070621059111,0.042637824922643563,-0.6756448474540849,0.4908547770033017,15.71,262.9263157894737
OCF_E_qb2of3__None__C5_ROE_DYN_yoy__v0,OCF_E_qb2of3__None,C5_ROE_DYN_yoy,0.15777450669753046,0.10702478116805669,0.050749725529473766,-0.4887127823678187,0.4828167362790357,19.94,261.216
MOM_qb2of3__EV_EBITDA_qb1of3__C18_FCF_P_DYN_qmax8__v0,MOM_qb2of3__EV_EBITDA_qb1of3,C18_FCF_P_DYN_qmax8,0.1577743502353326,0.15785208153346586,-7.773129813326562e-05,-0.6984954605751943,0.4642409033877039,19.13,19.751072961373392
P_IC_qb0of3__OCF_E_qb2of3__C16_FCF_P_DYN_riseq2__v0,P_IC_qb0of3__OCF_E_qb2of3,C16_FCF_P_DYN_riseq2,0.15775429819249243,0.18169077162055913,-0.023936473428066707,-0.5831851870980269,0.503682842287695,18.95,68.45985401459853
PB_qb1of3__ROE_qb2of3__C16_FCF_P_DYN_riseq2__v0,PB_qb1of3__ROE_qb2of3,C16_FCF_P_DYN_riseq2,0.15768966509665394,0.17368474528587585,-0.01599508018922191,-0.5508105388841283,0.5210597826086957,17.46,68.75912408759125
PB_qb1of3__MOM_qb2of3__C6_ROE_DYN_ytdavg_gt_lyytdavg__v0,PB_qb1of3__MOM_qb2of3,C6_ROE_DYN_ytdavg_gt_lyytdavg,0.15768241595941546,0.14055424123730442,0.017128174722111034,-0.6698345067789802,0.47509853099247584,14.63,78.51929824561404
EV_S_qb1of3__NETDEBT_EBITDA_qb2of3__C12_EPS_DYN_yoy__v0,EV_S_qb1of3__NETDEBT_EBITDA_qb2of3,C12_EPS_DYN_yoy,0.15767805085965603,0.12592618420732227,0.03175186665233376,-0.5979182767547973,0.4703125,19.3,88.304
EV_S_qb1of3__DEBTRATIO_qb2of3__C3_ROE_DYN_qmax4__v0,EV_S_qb1of3__DEBTRATIO_qb2of3,C3_ROE_DYN_qmax4,0.15764960954407514,0.11423945981814065,0.04341014972593449,-0.5875790744316542,0.48271604938271606,16.18,38.767175572519086
OCF_E_qb2of3__FCF_P_qb0of3__C5_ROE_DYN_yoy__v0,OCF_E_qb2of3__FCF_P_qb0of3,C5_ROE_DYN_yoy,0.15762908496039585,0.10663543740601678,0.050993647554379073,-0.4821015841435671,0.47160203681942814,21.45,73.288
EV_S_qb0of3__FCF_OI_qb1of3__None__v0,EV_S_qb0of3__FCF_OI_qb1of3,None,0.1576248487356633,0.1576248487356633,0.0,-0.56684588812331,0.49596174282678,16.1,216.7104377104377
EV_S_qb1of3__MOM_qb2of3__C5_ROE_DYN_yoy__v0,EV_S_qb1of3__MOM_qb2of3,C5_ROE_DYN_yoy,0.1576193510071826,0.12920025367569776,0.028419097331484844,-0.6853977269970061,0.4777934437786394,17.92,89.072
OCF_E_qb2of3__FCF_P_qb2of3__C14_EPS_DYN_ytdavg_gt_lyavg__v0,OCF_E_qb2of3__FCF_P_qb2of3,C14_EPS_DYN_ytdavg_gt_lyavg,0.15760604025398073,0.12762602498232223,0.0299800152716585,-0.5037879439005548,0.4917063557234357,18.02,84.70526315789473
PB_qb0of3__NETDEBT_EBITDA_qb2of3__C20_FCF_P_DYN_ytdavg_gt_lyytdavg__v0,PB_qb0of3__NETDEBT_EBITDA_qb2of3,C20_FCF_P_DYN_ytdavg_gt_lyytdavg,0.1576043662179234,0.17628642719528287,-0.01868206097735947,-0.6398150708271066,0.5377094972067039,17.35,106.88070175438597
EV_EBITDA_qb0of3__DEBTRATIO_qb1of3__C8_EPS_DYN_riseq1__v0,EV_EBITDA_qb0of3__DEBTRATIO_qb1of3,C8_EPS_DYN_riseq1,0.15756269716157933,0.1453333100047871,0.012229387156792226,-0.5823506424625838,0.4995052444092618,16.34,79.05964912280702
ROE_qb1of3__EV_EBITDA_qb0of3__C20_FCF_P_DYN_ytdavg_gt_lyytdavg__v0,ROE_qb1of3__EV_EBITDA_qb0of3,C20_FCF_P_DYN_ytdavg_gt_lyytdavg,0.15751228139254425,0.16753762281561357,-0.010025341423069323,-0.5209447698651101,0.5451227604512277,16.85,58.849122807017544
ROE_qb2of3__FCF_P_qb0of3__C9_EPS_DYN_riseq2__v0,ROE_qb2of3__FCF_P_qb0of3,C9_EPS_DYN_riseq2,0.15746107768975492,0.10634093976900005,0.05112013792075487,-0.486641259785629,0.4888173500508302,19.9,84.52554744525547
ROE_qb1of3__FCF_P_qb2of3__C7_ROE_DYN_ytdavg_gt_lyavg__v0,ROE_qb1of3__FCF_P_qb2of3,C7_ROE_DYN_ytdavg_gt_lyavg,0.15742527572396203,0.12843923926750733,0.0289860364564547,-0.5294997230547299,0.5097921662669864,16.68,72.11578947368422
PB_qb0of3__ROE_qb1of3__C15_FCF_P_DYN_riseq1__v0,PB_qb0of3__ROE_qb1of3,C15_FCF_P_DYN_riseq1,0.15739482470749122,0.18183368727864435,-0.02443886257115313,-0.5502399316762835,0.5050868680544686,18.18,91.57894736842105
P_IC_qb0of3__PS_qb0of3__C20_FCF_P_DYN_ytdavg_gt_lyytdavg__v0,P_IC_qb0of3__PS_qb0of3,C20_FCF_P_DYN_ytdavg_gt_lyytdavg,0.15735941037178192,0.1876102576683254,-0.03025084729654348,-0.6041706085310776,0.528080808080808,15.77,149.79649122807018
ROE_qb2of3__ACCRUAL_qb1of3__C10_EPS_DYN_qmax4__v0,ROE_qb2of3__ACCRUAL_qb1of3,C10_EPS_DYN_qmax4,0.15732602564405318,0.10780358903293696,0.049522436611116216,-0.46742969321260197,0.51269621421976,17.66,60.75190839694657
OCF_E_qb2of3__FCF_OI_qb1of3__C7_ROE_DYN_ytdavg_gt_lyavg__v0,OCF_E_qb2of3__FCF_OI_qb1of3,C7_ROE_DYN_ytdavg_gt_lyavg,0.1573146976729174,0.11774066125008464,0.03957403642283275,-0.4743170692694706,0.4685070601300968,16.3,90.02105263157895
MOM_qb2of3__FCF_P_qb1of3__C14_EPS_DYN_ytdavg_gt_lyavg__v0,MOM_qb2of3__FCF_P_qb1of3,C14_EPS_DYN_ytdavg_gt_lyavg,0.157310103554821,0.12449311185748302,0.03281699169733798,-0.6381172498468961,0.48624411004711965,15.95,84.26315789473684
EV_EBITDA_qb1of3__FCF_OI_qb1of3__C10_EPS_DYN_qmax4__v0,EV_EBITDA_qb1of3__FCF_OI_qb1of3,C10_EPS_DYN_qmax4,0.1573035358573538,0.1275583968310292,0.029745139026324585,-0.6156028708398641,0.5246242774566474,15.93,59.725190839694655
EV_S_qb1of3__OCF_E_qb2of3__C9_EPS_DYN_riseq2__v0,EV_S_qb1of3__OCF_E_qb2of3,C9_EPS_DYN_riseq2,0.15727991024922594,0.12024507725315203,0.03703483299607391,-0.5535693951502552,0.4983859397417504,18.6,88.53284671532846
P_IC_qb1of3__OCF_E_qb2of3__C10_EPS_DYN_qmax4__v0,P_IC_qb1of3__OCF_E_qb2of3,C10_EPS_DYN_qmax4,0.15727525305517598,0.11478934435704824,0.04248590869812774,-0.5832417690190095,0.5047953964194374,16.62,44.98091603053435
OCF_E_qb1of3__FCF_P_qb2of3__C7_ROE_DYN_ytdavg_gt_lyavg__v0,OCF_E_qb1of3__FCF_P_qb2of3,C7_ROE_DYN_ytdavg_gt_lyavg,0.1572683973873037,0.12040696135896067,0.03686143602834302,-0.5143783314012951,0.4940608012885041,16.98,66.30877192982456
PB_qb1of3__ROIC_qb2of3__None__v0,PB_qb1of3__ROIC_qb2of3,None,0.15726720889947043,0.15726720889947043,0.0,-0.5143433027111264,0.5108839050131926,16.93,133.0875420875421
PB_qb0of3__NETDEBT_EBITDA_qb0of3__C17_FCF_P_DYN_qmax4__v0,PB_qb0of3__NETDEBT_EBITDA_qb0of3,C17_FCF_P_DYN_qmax4,0.15725867759772272,0.18598838212849822,-0.0287297045307755,-0.5437095971333412,0.48633440514469456,17.85,34.44274809160305
MOM_qb2of3__NETDEBT_EBITDA_qb0of3__C20_FCF_P_DYN_ytdavg_gt_lyytdavg__v0,MOM_qb2of3__NETDEBT_EBITDA_qb0of3,C20_FCF_P_DYN_ytdavg_gt_lyytdavg,0.15724237654380402,0.141070955355993,0.016171421187811008,-0.6906634186623841,0.4804270462633452,15.49,69.93333333333334
EV_S_qb1of3__MOM_qb2of3__C3_ROE_DYN_qmax4__v0,EV_S_qb1of3__MOM_qb2of3,C3_ROE_DYN_qmax4,0.15722646040095545,0.12920025367569776,0.028026206725257685,-0.6903207558307923,0.502558577969297,15.68,50.721374045801525
MOM_qb2of3__OCF_E_qb1of3__C12_EPS_DYN_yoy__v0,MOM_qb2of3__OCF_E_qb1of3,C12_EPS_DYN_yoy,0.15722463545488496,0.13329269559525958,0.023931939859625384,-0.6513151798084509,0.49939885782987675,17.32,92.884
ROE_qb1of3__FCF_P_qb2of3__C8_EPS_DYN_riseq1__v0,ROE_qb1of3__FCF_P_qb2of3,C8_EPS_DYN_riseq1,0.1572071712326082,0.12843923926750733,0.028767931965100857,-0.5790556638197649,0.5105617274291973,16.86,85.98947368421052
MOM_qb2of3__OCF_E_qb2of3__C19_FCF_P_DYN_yoy__v0,MOM_qb2of3__OCF_E_qb2of3,C19_FCF_P_DYN_yoy,0.15715655718335308,0.16022546885760813,-0.003068911674255048,-0.6715695545815342,0.5018611425797055,18.16,83.812
PS_qb0of3__ROE_qb2of3__C20_FCF_P_DYN_ytdavg_gt_lyytdavg__v0,PS_qb0of3__ROE_qb2of3,C20_FCF_P_DYN_ytdavg_gt_lyytdavg,0.15712945195346428,0.16803068714784408,-0.0109012351943798,-0.5352927620873228,0.5126874279123415,15.8,62.16140350877193
MOM_qb2of3__OCF_E_qb1of3__C8_EPS_DYN_riseq1__v0,MOM_qb2of3__OCF_E_qb1of3,C8_EPS_DYN_riseq1,0.15705784605321305,0.13329269559525958,0.023765150457953466,-0.6819035990396995,0.5072342793544797,16.14,87.39298245614034
P_IC_qb0of3__DEBTRATIO_qb1of3__C20_FCF_P_DYN_ytdavg_gt_lyytdavg__v0,P_IC_qb0of3__DEBTRATIO_qb1of3,C20_FCF_P_DYN_ytdavg_gt_lyytdavg,0.15705339232080862,0.17820977128879134,-0.021156378967982725,-0.6091906941724896,0.5339882121807465,17.67,65.44561403508771
EV_S_qb0of3__None__None__v0,EV_S_qb0of3__None,None,0.15703616256886455,0.15703616256886455,0.0,-0.5633380633376319,0.5774938169826875,16.36,460.2154882154882
ROE_qb1of3__FCF_P_qb2of3__C14_EPS_DYN_ytdavg_gt_lyavg__v0,ROE_qb1of3__FCF_P_qb2of3,C14_EPS_DYN_ytdavg_gt_lyavg,0.1570316286057909,0.12843923926750733,0.028592389338283564,-0.5431709491072024,0.5096060547254027,16.63,75.14736842105263
ROIC_qb1of3__FCF_P_qb2of3__C14_EPS_DYN_ytdavg_gt_lyavg__v0,ROIC_qb1of3__FCF_P_qb2of3,C14_EPS_DYN_ytdavg_gt_lyavg,0.15698279937020443,0.13214928588991603,0.024833513480288394,-0.5170462321059299,0.5132255694342396,16.56,79.7719298245614
PS_qb1of3__OCF_E_qb2of3__C10_EPS_DYN_qmax4__v0,PS_qb1of3__OCF_E_qb2of3,C10_EPS_DYN_qmax4,0.15697429606538882,0.10315298366883918,0.053821312396549637,-0.5568421968503341,0.4994158878504673,19.17,51.282442748091604
FCF_OI_qb1of3__NETDEBT_EBITDA_qb0of3__C3_ROE_DYN_qmax4__v0,FCF_OI_qb1of3__NETDEBT_EBITDA_qb0of3,C3_ROE_DYN_qmax4,0.15697319636338913,0.10774462377156824,0.049228572591820896,-0.6140259423413594,0.5019635844341307,15.26,41.79389312977099
MOM_qb2of3__ROE_qb1of3__C14_EPS_DYN_ytdavg_gt_lyavg__v0,MOM_qb2of3__ROE_qb1of3,C14_EPS_DYN_ytdavg_gt_lyavg,0.15690671799678513,0.142453064325746,0.014453653671039124,-0.6057326799617895,0.48389343548667946,14.78,75.6842105263158
ROIC_qb1of3__FCF_OI_qb1of3__C9_EPS_DYN_riseq2__v0,ROIC_qb1of3__FCF_OI_qb1of3,C9_EPS_DYN_riseq2,0.15686496333555344,0.11961040076679486,0.03725456256875859,-0.5962244547855695,0.5115672857608341,15.24,94.57664233576642
OCF_E_qb2of3__ROIC_qb1of3__C5_ROE_DYN_yoy__v0,OCF_E_qb2of3__ROIC_qb1of3,C5_ROE_DYN_yoy,0.15686443747822088,0.10988266317424689,0.04698177430397399,-0.56461315635918,0.4900060569351908,18.5,75.004
EV_EBITDA_qb0of3__FCF_OI_qb1of3__C18_FCF_P_DYN_qmax8__v0,EV_EBITDA_qb0of3__FCF_OI_qb1of3,C18_FCF_P_DYN_qmax8,0.15681303736933172,0.1588416616824344,-0.0020286243131026893,-0.606418991560056,0.45707915273132665,18.66,13.71875
MOM_qb2of3__ROE_qb1of3__C9_EPS_DYN_riseq2__v0,MOM_qb2of3__ROE_qb1of3,C9_EPS_DYN_riseq2,0.15681254284864088,0.142453064325746,0.014359478522894875,-0.6203518357184732,0.5071211393823012,15.82,84.26642335766424
FCF_OI_qb1of3__DEBTRATIO_qb2of3__C2_ROE_DYN_riseq2__v0,FCF_OI_qb1of3__DEBTRATIO_qb2of3,C2_ROE_DYN_riseq2,0.1567988933132911,0.11211067470469849,0.04468821860859262,-0.5531202691217603,0.48927536231884056,16.18,87.23722627737226
OCF_E_qb2of3__NETDEBT_EBITDA_qb2of3__C11_EPS_DYN_qmax8__v0,OCF_E_qb2of3__NETDEBT_EBITDA_qb2of3,C11_EPS_DYN_qmax8,0.1567730073335567,0.12059306705584905,0.036179940277707656,-0.666358713745949,0.5116279069767442,17.88,22.72294372294372
ROIC_qb1of3__FCF_P_qb2of3__C8_EPS_DYN_riseq1__v0,ROIC_qb1of3__FCF_P_qb2of3,C8_EPS_DYN_riseq1,0.15677073702751954,0.13214928588991603,0.0246214511376035,-0.5801519846441823,0.5077220077220077,16.84,90.4140350877193
ROE_qb2of3__DEBTRATIO_qb0of3__C9_EPS_DYN_riseq2__v0,ROE_qb2of3__DEBTRATIO_qb0of3,C9_EPS_DYN_riseq2,0.15676371667346412,0.10886193919574749,0.04790177747771662,-0.41202216730934915,0.5002117746717493,18.08,101.11678832116789
MOM_qb2of3__FCF_P_qb0of3__C1_ROE_DYN_riseq1__v0,MOM_qb2of3__FCF_P_qb0of3,C1_ROE_DYN_riseq1,0.15674079711960354,0.12263642895378513,0.03410436816581841,-0.7189942131212429,0.4857624004898959,16.05,79.71929824561404
MOM_qb2of3__ROE_qb1of3__C2_ROE_DYN_riseq2__v0,MOM_qb2of3__ROE_qb1of3,C2_ROE_DYN_riseq2,0.1567253112664706,0.142453064325746,0.014272246940724598,-0.6061498720545598,0.5017555059048835,16.15,84.81021897810218
ACCRUAL_qb0of3__DEBTRATIO_qb2of3__C5_ROE_DYN_yoy__v0,ACCRUAL_qb0of3__DEBTRATIO_qb2of3,C5_ROE_DYN_yoy,0.1566551204367994,0.10760438208815426,0.04905073834864515,-0.4630863619945941,0.4741264927023441,19.09,73.74
OCF_E_qb2of3__FCF_OI_qb1of3__C18_FCF_P_DYN_qmax8__v0,OCF_E_qb2of3__FCF_OI_qb1of3,C18_FCF_P_DYN_qmax8,0.156638412525687,0.11774066125008464,0.038897751275602355,-0.683166318666085,0.42872807017543857,12.44,13.297435897435898
OCF_E_qb2of3__ACCRUAL_qb0of3__C12_EPS_DYN_yoy__v0,OCF_E_qb2of3__ACCRUAL_qb0of3,C12_EPS_DYN_yoy,0.15658877788222902,0.1085860393522513,0.04800273852997772,-0.47856047587440353,0.4802540013917884,20.04,186.98
P_IC_qb1of3__NETDEBT_EBITDA_qb0of3__C7_ROE_DYN_ytdavg_gt_lyavg__v0,P_IC_qb1of3__NETDEBT_EBITDA_qb0of3,C7_ROE_DYN_ytdavg_gt_lyavg,0.15658660605698405,0.14111189279231584,0.015474713264668205,-0.5769716066572502,0.49088086922778423,15.6,61.19298245614035
P_IC_qb0of3__FCF_P_qb1of3__C20_FCF_P_DYN_ytdavg_gt_lyytdavg__v0,P_IC_qb0of3__FCF_P_qb1of3,C20_FCF_P_DYN_ytdavg_gt_lyytdavg,0.15658208921417316,0.17643282368710866,-0.019850734472935505,-0.5791414989275412,0.49919015225137675,15.94,43.22456140350877
P_IC_qb0of3__PS_qb0of3__C19_FCF_P_DYN_yoy__v0,P_IC_qb0of3__PS_qb0of3,C19_FCF_P_DYN_yoy,0.15658073056414268,0.1876102576683254,-0.03102952710418272,-0.592382108009579,0.5130295530644926,17.46,155.18
MOM_qb2of3__EV_EBITDA_qb1of3__C19_FCF_P_DYN_yoy__v0,MOM_qb2of3__EV_EBITDA_qb1of3,C19_FCF_P_DYN_yoy,0.1565728900396679,0.15785208153346586,-0.0012791914937979598,-0.6544654618911363,0.5052343372523755,17.36,83.872
FCF_P_qb2of3__None__C12_EPS_DYN_yoy__v0,FCF_P_qb2of3__None,C12_EPS_DYN_yoy,0.1564713307178156,0.12214294842787288,0.03432838228994273,-0.5547418363190385,0.4925956396544632,18.95,242.74
ROE_qb2of3__ROIC_qb1of3__C11_EPS_DYN_qmax8__v0,ROE_qb2of3__ROIC_qb1of3,C11_EPS_DYN_qmax8,0.15647080776891475,0.12028408152058989,0.03618672624832486,-0.6193850344323406,0.5425531914893617,18.94,17.047619047619047
ROE_qb2of3__FCF_P_qb2of3__C5_ROE_DYN_yoy__v0,ROE_qb2of3__FCF_P_qb2of3,C5_ROE_DYN_yoy,0.1564469230342087,0.12202542765864322,0.03442149537556549,-0.5281944321859886,0.49211502782931354,19.23,99.256
PS_qb0of3__DEBTRATIO_qb0of3__C8_EPS_DYN_riseq1__v0,PS_qb0of3__DEBTRATIO_qb0of3,C8_EPS_DYN_riseq1,0.15643474698143933,0.16454566385826408,-0.008110916876824747,-0.5817873600380951,0.5038419319429198,17.09,30.37543859649123
ROE_qb2of3__None__C3_ROE_DYN_qmax4__v0,ROE_qb2of3__None,C3_ROE_DYN_qmax4,0.1564251166868118,0.10857200626884822,0.047853110417963585,-0.42958065156318503,0.4927487914652442,18.06,195.87022900763358
PS_qb1of3__DEBTRATIO_qb0of3__C3_ROE_DYN_qmax4__v0,PS_qb1of3__DEBTRATIO_qb0of3,C3_ROE_DYN_qmax4,0.1563852732994937,0.12634493133806424,0.030040341961429462,-0.6204422151531225,0.5107861060329068,17.41,43.534351145038165
ROIC_qb1of3__DEBTRATIO_qb2of3__C12_EPS_DYN_yoy__v0,ROIC_qb1of3__DEBTRATIO_qb2of3,C12_EPS_DYN_yoy,0.15636400751925295,0.11680265302092874,0.03956135449832421,-0.5663754827337982,0.4864235841737781,18.69,108.668
ROE_qb2of3__NETDEBT_EBITDA_qb2of3__C9_EPS_DYN_riseq2__v0,ROE_qb2of3__NETDEBT_EBITDA_qb2of3,C9_EPS_DYN_riseq2,0.15633231076090137,0.12573108691877288,0.03060122384212849,-0.49329022410727086,0.4770745428973277,18.11,65.36861313868613
OCF_E_qb2of3__FCF_P_qb0of3__C10_EPS_DYN_qmax4__v0,OCF_E_qb2of3__FCF_P_qb0of3,C10_EPS_DYN_qmax4,0.15630922239609957,0.10663543740601678,0.04967378499008279,-0.47798409629240923,0.488855421686747,19.77,45.68702290076336
ROE_qb2of3__ROIC_qb2of3__C5_ROE_DYN_yoy__v0,ROE_qb2of3__ROIC_qb2of3,C5_ROE_DYN_yoy,0.15630635901155543,0.10497732735766574,0.05132903165388969,-0.47629671474050705,0.4787524733817017,20.07,263.156
PS_qb1of3__DEBTRATIO_qb0of3__C11_EPS_DYN_qmax8__v0,PS_qb1of3__DEBTRATIO_qb0of3,C11_EPS_DYN_qmax8,0.15630362359800754,0.12634493133806424,0.029958692259943298,-0.6567838977779737,0.5135989879822896,19.0,26.090128755364805
EV_S_qb0of3__ROE_qb2of3__C20_FCF_P_DYN_ytdavg_gt_lyytdavg__v0,EV_S_qb0of3__ROE_qb2of3,C20_FCF_P_DYN_ytdavg_gt_lyytdavg,0.15627994811812318,0.16125483918444772,-0.004974891066324538,-0.5536200428655772,0.5239420935412027,15.81,66.94736842105263
ACCRUAL_qb1of3__FCF_OI_qb1of3__C5_ROE_DYN_yoy__v0,ACCRUAL_qb1of3__FCF_OI_qb1of3,C5_ROE_DYN_yoy,0.15618507014015615,0.11215386819556161,0.044031201944594534,-0.6223460868541923,0.4920926811327694,18.15,76.212
OCF_E_qb2of3__FCF_P_qb2of3__C7_ROE_DYN_ytdavg_gt_lyavg__v0,OCF_E_qb2of3__FCF_P_qb2of3,C7_ROE_DYN_ytdavg_gt_lyavg,0.1561058076710009,0.12762602498232223,0.02847978268867868,-0.5297441690248974,0.4938488576449912,17.59,78.3578947368421
ROE_qb2of3__FCF_OI_qb2of3__C12_EPS_DYN_yoy__v0,ROE_qb2of3__FCF_OI_qb2of3,C12_EPS_DYN_yoy,0.1560623744194336,0.10612897361205387,0.049933400807379735,-0.542485080687003,0.4709772226304188,20.04,108.44
PB_qb1of3__ROIC_qb1of3__C4_ROE_DYN_qmax8__v0,PB_qb1of3__ROIC_qb1of3,C4_ROE_DYN_qmax8,0.15601385756811093,0.10263205495867078,0.05338180260944014,-0.7629584408841722,0.5219594594594594,15.18,18.965665236051503
P_IC_qb1of3__MOM_qb2of3__C2_ROE_DYN_riseq2__v0,P_IC_qb1of3__MOM_qb2of3,C2_ROE_DYN_riseq2,0.15597527030104796,0.14135123829913576,0.014624032001912202,-0.6333224950832184,0.4968343885371543,16.04,86.08394160583941
OCF_E_qb2of3__FCF_P_qb2of3__C2_ROE_DYN_riseq2__v0,OCF_E_qb2of3__FCF_P_qb2of3,C2_ROE_DYN_riseq2,0.1559485191365131,0.12762602498232223,0.028322494154190858,-0.4868656854985608,0.5012341869793274,18.74,91.32846715328468
ACCRUAL_qb0of3__FCF_P_qb2of3__C9_EPS_DYN_riseq2__v0,ACCRUAL_qb0of3__FCF_P_qb2of3,C9_EPS_DYN_riseq2,0.1559003496128364,0.12374675560791215,0.032153594004924235,-0.5525860991497304,0.4974471188913202,18.23,76.17883211678833
OCF_E_qb2of3__ROIC_qb2of3__C5_ROE_DYN_yoy__v0,OCF_E_qb2of3__ROIC_qb2of3,C5_ROE_DYN_yoy,0.1558673340291452,0.10550033079483523,0.05036700323430998,-0.4359231009287807,0.48169191919191917,20.91,155.724
P_IC_qb1of3__ROE_qb2of3__C20_FCF_P_DYN_ytdavg_gt_lyytdavg__v0,P_IC_qb1of3__ROE_qb2of3,C20_FCF_P_DYN_ytdavg_gt_lyytdavg,0.15584278964072507,0.15952276167140345,-0.00367997203067838,-0.5486816531209311,0.5204344098313803,17.02,61.58245614035088
DEBTRATIO_qb2of3__FCF_P_qb0of3__C12_EPS_DYN_yoy__v0,DEBTRATIO_qb2of3__FCF_P_qb0of3,C12_EPS_DYN_yoy,0.15580906040131026,0.10901546451131372,0.04679359588999654,-0.5667916303381223,0.4686462559940981,20.08,95.556
MOM_qb2of3__ROIC_qb1of3__C13_EPS_DYN_ytdavg_gt_lyytdavg__v0,MOM_qb2of3__ROIC_qb1of3,C13_EPS_DYN_ytdavg_gt_lyytdavg,0.1557941952560784,0.1489494323621996,0.0068447628938788085,-0.602577136297077,0.48670170409300845,15.22,83.06315789473685
PB_qb1of3__ROE_qb2of3__C15_FCF_P_DYN_riseq1__v0,PB_qb1of3__ROE_qb2of3,C15_FCF_P_DYN_riseq1,0.15578549370975914,0.17368474528587585,-0.017899251576116715,-0.5113218081205793,0.4943661971830986,16.76,63.23859649122807
OCF_E_qb2of3__FCF_P_qb2of3__C5_ROE_DYN_yoy__v0,OCF_E_qb2of3__FCF_P_qb2of3,C5_ROE_DYN_yoy,0.15578518904351557,0.12762602498232223,0.028159164061193342,-0.5623598036723931,0.49029605263157894,19.4,89.392
ACCRUAL_qb0of3__FCF_P_qb2of3__C11_EPS_DYN_qmax8__v0,ACCRUAL_qb0of3__FCF_P_qb2of3,C11_EPS_DYN_qmax8,0.15575527730385064,0.12374675560791215,0.032008521695938486,-0.6500853118901172,0.52625,20.13,23.188841201716738
EV_EBITDA_qb1of3__NETDEBT_EBITDA_qb2of3__C9_EPS_DYN_riseq2__v0,EV_EBITDA_qb1of3__NETDEBT_EBITDA_qb2of3,C9_EPS_DYN_riseq2,0.15575141651441937,0.14627716761851484,0.009474248895904536,-0.5980246576428376,0.5065829451083654,17.84,88.58759124087591
ROE_qb2of3__ROIC_qb1of3__C7_ROE_DYN_ytdavg_gt_lyavg__v0,ROE_qb2of3__ROIC_qb1of3,C7_ROE_DYN_ytdavg_gt_lyavg,0.15573551240234873,0.12028408152058989,0.03545143088175884,-0.4733645816347378,0.4997746732762506,16.25,36.48070175438596
MOM_qb2of3__DEBTRATIO_qb1of3__C8_EPS_DYN_riseq1__v0,MOM_qb2of3__DEBTRATIO_qb1of3,C8_EPS_DYN_riseq1,0.15570827511497032,0.13517618077461835,0.02053209434035197,-0.6681055160306051,0.49872122762148335,16.51,89.32280701754387
DEBTRATIO_qb2of3__NETDEBT_EBITDA_qb2of3__C9_EPS_DYN_riseq2__v0,DEBTRATIO_qb2of3__NETDEBT_EBITDA_qb2of3,C9_EPS_DYN_riseq2,0.15568170431986927,0.11915400596730308,0.036527698352566196,-0.5491843687931974,0.48961471381005234,17.46,155.8029197080292
OCF_E_qb1of3__EV_EBITDA_qb0of3__C8_EPS_DYN_riseq1__v0,OCF_E_qb1of3__EV_EBITDA_qb0of3,C8_EPS_DYN_riseq1,0.1556691625337745,0.1611145807766723,-0.005445418242897793,-0.5644567959819276,0.5062785388127854,16.96,72.58245614035087
FCF_P_qb2of3__None__C10_EPS_DYN_qmax4__v0,FCF_P_qb2of3__None,C10_EPS_DYN_qmax4,0.15565661795329966,0.12214294842787288,0.03351366952542678,-0.5581810533398825,0.5057447032781701,17.22,134.8206106870229
PB_qb0of3__ACCRUAL_qb0of3__C20_FCF_P_DYN_ytdavg_gt_lyytdavg__v0,PB_qb0of3__ACCRUAL_qb0of3,C20_FCF_P_DYN_ytdavg_gt_lyytdavg,0.15565296507696447,0.17652061393823848,-0.020867648861274013,-0.6407355716153342,0.49959448499594483,16.99,78.98245614035088
PB_qb1of3__DEBTRATIO_qb0of3__C3_ROE_DYN_qmax4__v0,PB_qb1of3__DEBTRATIO_qb0of3,C3_ROE_DYN_qmax4,0.1556344689657807,0.1073186532581396,0.0483158157076411,-0.678377496243259,0.5098039215686274,18.45,37.02671755725191
P_IC_qb1of3__MOM_qb2of3__C8_EPS_DYN_riseq1__v0,P_IC_qb1of3__MOM_qb2of3,C8_EPS_DYN_riseq1,0.15561324857877268,0.14135123829913576,0.014262010279636916,-0.6867291638544921,0.49946816593222915,15.42,86.46666666666667
P_IC_qb1of3__DEBTRATIO_qb0of3__C14_EPS_DYN_ytdavg_gt_lyavg__v0,P_IC_qb1of3__DEBTRATIO_qb0of3,C14_EPS_DYN_ytdavg_gt_lyavg,0.15560921529413152,0.1393426824369417,0.01626653285718982,-0.5882783898514508,0.5131921218877741,16.14,67.58947368421053
ROIC_qb1of3__FCF_P_qb2of3__C7_ROE_DYN_ytdavg_gt_lyavg__v0,ROIC_qb1of3__FCF_P_qb2of3,C7_ROE_DYN_ytdavg_gt_lyavg,0.15558743205912795,0.13214928588991603,0.023438146169211915,-0.5187133923448972,0.5145612708018155,16.59,76.61754385964912
DEBTRATIO_qb1of3__FCF_P_qb2of3__C3_ROE_DYN_qmax4__v0,DEBTRATIO_qb1of3__FCF_P_qb2of3,C3_ROE_DYN_qmax4,0.15553971983159554,0.12036397930429055,0.03517574052730499,-0.5161688738246777,0.5009163103237629,18.04,45.0763358778626
PS_qb1of3__ROIC_qb2of3__C4_ROE_DYN_qmax8__v0,PS_qb1of3__ROIC_qb2of3,C4_ROE_DYN_qmax8,0.1554815189915495,0.12120296701946254,0.03427855197208696,-0.6111287827175624,0.5151283033320567,20.96,42.21030042918455
MOM_qb2of3__EV_EBITDA_qb1of3__C10_EPS_DYN_qmax4__v0,MOM_qb2of3__EV_EBITDA_qb1of3,C10_EPS_DYN_qmax4,0.1554675349199781,0.15785208153346586,-0.002384546613487748,-0.6954547556327131,0.5178166838311019,15.26,66.64885496183206
EV_EBITDA_qb1of3__NETDEBT_EBITDA_qb2of3__C12_EPS_DYN_yoy__v0,EV_EBITDA_qb1of3__NETDEBT_EBITDA_qb2of3,C12_EPS_DYN_yoy,0.15544909623909797,0.14627716761851484,0.009171928620583136,-0.6026746166479038,0.4874192830104654,19.06,89.708
EV_S_qb1of3__OCF_E_qb1of3__C10_EPS_DYN_qmax4__v0,EV_S_qb1of3__OCF_E_qb1of3,C10_EPS_DYN_qmax4,0.15542132521927243,0.11166086551822496,0.04376045970104747,-0.6232655589323903,0.5161094224924012,15.48,47.37022900763359
PB_qb1of3__None__C10_EPS_DYN_qmax4__v0,PB_qb1of3__None,C10_EPS_DYN_qmax4,0.15541382995851016,0.1059915100055453,0.049422319952964866,-0.5613821510239939,0.511839481555334,17.09,130.73664122137404
MOM_qb2of3__DEBTRATIO_qb0of3__C6_ROE_DYN_ytdavg_gt_lyytdavg__v0,MOM_qb2of3__DEBTRATIO_qb0of3,C6_ROE_DYN_ytdavg_gt_lyytdavg,0.15541243307757058,0.13434664389931616,0.021065789178254413,-0.6268421727559976,0.4782172254567356,15.83,73.21754385964913
PS_qb1of3__MOM_qb2of3__C12_EPS_DYN_yoy__v0,PS_qb1of3__MOM_qb2of3,C12_EPS_DYN_yoy,0.15541095035459818,0.12985143618864448,0.0255595141659537,-0.6780541504598847,0.48245172124265323,18.03,95.148
MOM_qb2of3__FCF_P_qb2of3__None__v0,MOM_qb2of3__FCF_P_qb2of3,None,0.15540904841423941,0.15540904841423941,0.0,-0.6494781307876818,0.49099099099099097,16.33,147.1010101010101
PS_qb1of3__NETDEBT_EBITDA_qb0of3__C4_ROE_DYN_qmax8__v0,PS_qb1of3__NETDEBT_EBITDA_qb0of3,C4_ROE_DYN_qmax8,0.1553977100662125,0.11822478808596304,0.03717292198024946,-0.5342528534160178,0.5079840319361277,15.88,16.75877192982456
OCF_E_qb2of3__ROE_qb2of3__C12_EPS_DYN_yoy__v0,OCF_E_qb2of3__ROE_qb2of3,C12_EPS_DYN_yoy,0.15537399877483904,0.11168724670811869,0.04368675206672035,-0.44702422956912313,0.48368055555555556,21.02,177.88
EV_S_qb1of3__ACCRUAL_qb0of3__C9_EPS_DYN_riseq2__v0,EV_S_qb1of3__ACCRUAL_qb0of3,C9_EPS_DYN_riseq2,0.15536421131883404,0.11933321896314197,0.03603099235569207,-0.59899279089435,0.4929938819814486,17.39,75.23722627737226
EV_S_qb1of3__OCF_E_qb2of3__C5_ROE_DYN_yoy__v0,EV_S_qb1of3__OCF_E_qb2of3,C5_ROE_DYN_yoy,0.15534466581797668,0.12024507725315203,0.035099588564824646,-0.6049561260131902,0.4839212629117131,20.42,87.292
MOM_qb1of3__FCF_OI_qb1of3__C5_ROE_DYN_yoy__v0,MOM_qb1of3__FCF_OI_qb1of3,C5_ROE_DYN_yoy,0.15531440916325434,0.10997605163063406,0.04533835753262028,-0.6377360308140232,0.5268462525196995,18.9,73.816
ACCRUAL_qb1of3__FCF_OI_qb1of3__C3_ROE_DYN_qmax4__v0,ACCRUAL_qb1of3__FCF_OI_qb1of3,C3_ROE_DYN_qmax4,0.1553106042466872,0.11215386819556161,0.04315673605112558,-0.5928808044062739,0.5065061808718282,16.17,42.14885496183206
ROE_qb2of3__None__C12_EPS_DYN_yoy__v0,ROE_qb2of3__None,C12_EPS_DYN_yoy,0.15529467256355667,0.10857200626884822,0.04672266629470845,-0.4823903850133412,0.48145650708024273,20.36,328.388
P_IC_qb0of3__MOM_qb2of3__C17_FCF_P_DYN_qmax4__v0,P_IC_qb0of3__MOM_qb2of3,C17_FCF_P_DYN_qmax4,0.15523873118345155,0.18134305708824927,-0.02610432590479772,-0.664148760679689,0.493531082360366,15.87,39.083969465648856
OCF_E_qb2of3__DEBTRATIO_qb2of3__C9_EPS_DYN_riseq2__v0,OCF_E_qb2of3__DEBTRATIO_qb2of3,C9_EPS_DYN_riseq2,0.15523642575137497,0.11692725396958026,0.038309171781794715,-0.4229385774734846,0.48913944619466093,18.07,103.21532846715328
PS_qb0of3__OCF_E_qb1of3__C8_EPS_DYN_riseq1__v0,PS_qb0of3__OCF_E_qb1of3,C8_EPS_DYN_riseq1,0.1552334105285753,0.16105240877452465,-0.005818998245949336,-0.5432508128642949,0.5071143995446784,16.18,74.33333333333333
EV_S_qb1of3__OCF_E_qb1of3__C3_ROE_DYN_qmax4__v0,EV_S_qb1of3__OCF_E_qb1of3,C3_ROE_DYN_qmax4,0.1552322428787387,0.11166086551822496,0.04357137736051375,-0.5825267659875313,0.50752,15.44,44.50763358778626
MOM_qb2of3__FCF_OI_qb0of3__C12_EPS_DYN_yoy__v0,MOM_qb2of3__FCF_OI_qb0of3,C12_EPS_DYN_yoy,0.15509980437631543,0.1129050553120563,0.04219474906425913,-0.6904803814960676,0.47533841605725846,19.66,89.104
MOM_qb2of3__OCF_E_qb1of3__C13_EPS_DYN_ytdavg_gt_lyytdavg__v0,MOM_qb2of3__OCF_E_qb1of3,C13_EPS_DYN_ytdavg_gt_lyytdavg,0.1550127002310444,0.13329269559525958,0.02172000463578483,-0.6259010525771129,0.4894728983126773,16.01,83.36140350877193
OCF_E_qb2of3__NETDEBT_EBITDA_qb2of3__C12_EPS_DYN_yoy__v0,OCF_E_qb2of3__NETDEBT_EBITDA_qb2of3,C12_EPS_DYN_yoy,0.15501103526479043,0.12059306705584905,0.034417968208941385,-0.5212326652997474,0.48185532323960584,19.24,71.268
MOM_qb2of3__FCF_OI_qb0of3__C11_EPS_DYN_qmax8__v0,MOM_qb2of3__FCF_OI_qb0of3,C11_EPS_DYN_qmax8,0.15500234901540932,0.1129050553120563,0.04209729370335302,-0.6293417628447704,0.4785425101214575,18.95,36.06008583690987
PB_qb0of3__OCF_E_qb2of3__C20_FCF_P_DYN_ytdavg_gt_lyytdavg__v0,PB_qb0of3__OCF_E_qb2of3,C20_FCF_P_DYN_ytdavg_gt_lyytdavg,0.15499204999337302,0.1948977085456407,-0.03990565855226769,-0.6082027645308744,0.5145348837209303,16.89,57.10175438596491
ROE_qb2of3__ROIC_qb1of3__C2_ROE_DYN_riseq2__v0,ROE_qb2of3__ROIC_qb1of3,C2_ROE_DYN_riseq2,0.15496589927432902,0.12028408152058989,0.03468181775373913,-0.510216823254463,0.5108323831242874,17.26,42.31751824817518
P_IC_qb1of3__DEBTRATIO_qb0of3__C7_ROE_DYN_ytdavg_gt_lyavg__v0,P_IC_qb1of3__DEBTRATIO_qb0of3,C7_ROE_DYN_ytdavg_gt_lyavg,0.15495739091326644,0.1393426824369417,0.015614708476324735,-0.5779851825951567,0.5112072355485647,16.04,64.01754385964912
PB_qb1of3__FCF_OI_qb1of3__C2_ROE_DYN_riseq2__v0,PB_qb1of3__FCF_OI_qb1of3,C2_ROE_DYN_riseq2,0.15487700039810526,0.11410064127221342,0.04077635912589184,-0.5952719463738918,0.5146281283045471,17.25,87.72992700729927
EV_S_qb1of3__MOM_qb2of3__C12_EPS_DYN_yoy__v0,EV_S_qb1of3__MOM_qb2of3,C12_EPS_DYN_yoy,0.15487181291153918,0.12920025367569776,0.025671559235841412,-0.6822205220951971,0.4842809364548495,18.28,94.448
OCF_E_qb2of3__FCF_P_qb2of3__C12_EPS_DYN_yoy__v0,OCF_E_qb2of3__FCF_P_qb2of3,C12_EPS_DYN_yoy,0.15487124396239382,0.12762602498232223,0.027245218980071595,-0.556772721634005,0.49169435215946844,19.77,93.78
MOM_qb2of3__OCF_E_qb2of3__C15_FCF_P_DYN_riseq1__v0,MOM_qb2of3__OCF_E_qb2of3,C15_FCF_P_DYN_riseq1,0.15486266192206433,0.16022546885760813,-0.005362806935543807,-0.6779913794870674,0.4859840232389252,15.29,76.77894736842106
EV_S_qb1of3__NETDEBT_EBITDA_qb2of3__C5_ROE_DYN_yoy__v0,EV_S_qb1of3__NETDEBT_EBITDA_qb2of3,C5_ROE_DYN_yoy,0.15485554273130542,0.12592618420732227,0.02892935852398315,-0.6172457277841685,0.4642285104111052,19.23,86.232
DEBTRATIO_qb2of3__NETDEBT_EBITDA_qb0of3__C3_ROE_DYN_qmax4__v0,DEBTRATIO_qb2of3__NETDEBT_EBITDA_qb0of3,C3_ROE_DYN_qmax4,0.15485285421302342,0.10863780237264198,0.04621505184038144,-0.4160288425307983,0.5188888888888888,17.82,15.34732824427481
PB_qb0of3__None__C19_FCF_P_DYN_yoy__v0,PB_qb0of3__None,C19_FCF_P_DYN_yoy,0.1548471420305848,0.18050911811184078,-0.025661976081255977,-0.6151726620178719,0.5208069388948445,19.16,239.92
PS_qb1of3__ROIC_qb2of3__C3_ROE_DYN_qmax4__v0,PS_qb1of3__ROIC_qb2of3,C3_ROE_DYN_qmax4,0.1548408659853917,0.12120296701946254,0.03363789896592917,-0.5079576123985131,0.5145523217062875,17.88,68.77862595419847
FCF_OI_qb1of3__DEBTRATIO_qb0of3__C5_ROE_DYN_yoy__v0,FCF_OI_qb1of3__DEBTRATIO_qb0of3,C5_ROE_DYN_yoy,0.1548355938884438,0.10607558667456085,0.04876000721388296,-0.5504927758638721,0.49434199497066217,18.69,80.972
P_IC_qb0of3__EV_S_qb0of3__C18_FCF_P_DYN_qmax8__v0,P_IC_qb0of3__EV_S_qb0of3,C18_FCF_P_DYN_qmax8,0.15482618678954463,0.1851690280562388,-0.030342841266694176,-0.6134777374234041,0.4859154929577465,20.31,30.390557939914164
PS_qb0of3__DEBTRATIO_qb1of3__C1_ROE_DYN_riseq1__v0,PS_qb0of3__DEBTRATIO_qb1of3,C1_ROE_DYN_riseq1,0.15482118543454693,0.16164172783718755,-0.006820542402640628,-0.5577961660040518,0.4914580850218514,16.36,85.40350877192982
OCF_E_qb2of3__ACCRUAL_qb0of3__C9_EPS_DYN_riseq2__v0,OCF_E_qb2of3__ACCRUAL_qb0of3,C9_EPS_DYN_riseq2,0.1548186231231703,0.1085860393522513,0.04623258377091899,-0.4800610680497358,0.48603257658874166,18.43,183.5109489051095
ACCRUAL_qb0of3__FCF_P_qb2of3__C8_EPS_DYN_riseq1__v0,ACCRUAL_qb0of3__FCF_P_qb2of3,C8_EPS_DYN_riseq1,0.154811918748875,0.12374675560791215,0.03106516314096286,-0.5576353266359879,0.4909618008185539,17.28,77.30526315789474
FCF_OI_qb1of3__NETDEBT_EBITDA_qb2of3__C7_ROE_DYN_ytdavg_gt_lyavg__v0,FCF_OI_qb1of3__NETDEBT_EBITDA_qb2of3,C7_ROE_DYN_ytdavg_gt_lyavg,0.15479441905540336,0.11499305815386185,0.039801360901541516,-0.5630045696635247,0.4686087393269714,16.42,67.7719298245614
MOM_qb2of3__DEBTRATIO_qb0of3__C13_EPS_DYN_ytdavg_gt_lyytdavg__v0,MOM_qb2of3__DEBTRATIO_qb0of3,C13_EPS_DYN_ytdavg_gt_lyytdavg,0.15478135809050375,0.13434664389931616,0.020434714191187586,-0.6381214634360721,0.474166978659678,15.94,79.32982456140351
PB_qb0of3__ACCRUAL_qb0of3__C16_FCF_P_DYN_riseq2__v0,PB_qb0of3__ACCRUAL_qb0of3,C16_FCF_P_DYN_riseq2,0.15472780885808546,0.17652061393823848,-0.02179280508015302,-0.5957625181661665,0.4968212415856395,19.59,81.67883211678833
P_IC_qb1of3__FCF_OI_qb1of3__C3_ROE_DYN_qmax4__v0,P_IC_qb1of3__FCF_OI_qb1of3,C3_ROE_DYN_qmax4,0.15468272413176165,0.1162649322304854,0.038417791901276255,-0.6546796935004775,0.513529240616817,15.59,48.33587786259542
PS_qb0of3__OCF_E_qb2of3__C18_FCF_P_DYN_qmax8__v0,PS_qb0of3__OCF_E_qb2of3,C18_FCF_P_DYN_qmax8,0.1546417327720251,0.1770945770309813,-0.022452844258956217,-0.6131005851149747,0.4716208308952604,20.25,22.776824034334766
FCF_P_qb2of3__None__C14_EPS_DYN_ytdavg_gt_lyavg__v0,FCF_P_qb2of3__None,C14_EPS_DYN_ytdavg_gt_lyavg,0.15462974848249456,0.12214294842787288,0.03248680005462168,-0.5323187523017409,0.4913838513055911,17.42,215.32280701754385
EV_S_qb0of3__OCF_E_qb2of3__None__v0,EV_S_qb0of3__OCF_E_qb2of3,None,0.15462123639236114,0.15462123639236114,0.0,-0.5480216605028541,0.49704903959652325,17.41,161.2962962962963
ROIC_qb1of3__FCF_P_qb2of3__C2_ROE_DYN_riseq2__v0,ROIC_qb1of3__FCF_P_qb2of3,C2_ROE_DYN_riseq2,0.1546173305372287,0.13214928588991603,0.022468044647312668,-0.5697962000565274,0.5196062867121766,17.12,91.94890510948905
P_IC_qb0of3__NETDEBT_EBITDA_qb1of3__C19_FCF_P_DYN_yoy__v0,P_IC_qb0of3__NETDEBT_EBITDA_qb1of3,C19_FCF_P_DYN_yoy,0.1545854755212177,0.1828242597650629,-0.028238784243845183,-0.5825732628229029,0.5149630781189273,17.97,50.924
OCF_E_qb1of3__FCF_P_qb2of3__C14_EPS_DYN_ytdavg_gt_lyavg__v0,OCF_E_qb1of3__FCF_P_qb2of3,C14_EPS_DYN_ytdavg_gt_lyavg,0.1545512131111768,0.12040696135896067,0.03414425175221614,-0.5354745129477936,0.49018497546243867,17.54,71.20350877192982
FCF_OI_qb1of3__NETDEBT_EBITDA_qb0of3__C12_EPS_DYN_yoy__v0,FCF_OI_qb1of3__NETDEBT_EBITDA_qb0of3,C12_EPS_DYN_yoy,0.15454682777953255,0.10774462377156824,0.04680220400796431,-0.6016213234781467,0.4872786484836149,18.09,83.432
P_IC_qb0of3__NETDEBT_EBITDA_qb1of3__C17_FCF_P_DYN_qmax4__v0,P_IC_qb0of3__NETDEBT_EBITDA_qb1of3,C17_FCF_P_DYN_qmax4,0.15453713152511894,0.1828242597650629,-0.02828712823994395,-0.5955263526671906,0.4980392156862745,17.64,26.015267175572518
ROIC_qb1of3__FCF_P_qb2of3__C9_EPS_DYN_riseq2__v0,ROIC_qb1of3__FCF_P_qb2of3,C9_EPS_DYN_riseq2,0.15453349755497925,0.13214928588991603,0.022384211665063214,-0.5530394319673677,0.5248868778280543,17.45,89.96350364963503
P_IC_qb1of3__FCF_OI_qb1of3__C12_EPS_DYN_yoy__v0,P_IC_qb1of3__FCF_OI_qb1of3,C12_EPS_DYN_yoy,0.1545315956375357,0.1162649322304854,0.038266663407050316,-0.6394130447433909,0.49274563820018363,17.92,91.112
PS_qb0of3__DEBTRATIO_qb1of3__C8_EPS_DYN_riseq1__v0,PS_qb0of3__DEBTRATIO_qb1of3,C8_EPS_DYN_riseq1,0.15453087686053912,0.16164172783718755,-0.007110850976648431,-0.5669815757847685,0.494503337259521,15.91,87.11929824561403
ACCRUAL_qb0of3__DEBTRATIO_qb2of3__C9_EPS_DYN_riseq2__v0,ACCRUAL_qb0of3__DEBTRATIO_qb2of3,C9_EPS_DYN_riseq2,0.1545255987784171,0.10760438208815426,0.046921216690262835,-0.4402538380412213,0.4728066693132195,17.93,80.61678832116789
EV_S_qb0of3__NETDEBT_EBITDA_qb0of3__None__v0,EV_S_qb0of3__NETDEBT_EBITDA_qb0of3,None,0.15451356457625898,0.15451356457625898,0.0,-0.5624340526254373,0.585321655089097,16.58,186.53872053872053
ROE_qb2of3__ACCRUAL_qb1of3__C3_ROE_DYN_qmax4__v0,ROE_qb2of3__ACCRUAL_qb1of3,C3_ROE_DYN_qmax4,0.15443368000686508,0.10780358903293696,0.04663009097392812,-0.47878527059635256,0.5152719145766079,16.92,55.530534351145036
EV_EBITDA_qb0of3__FCF_P_qb2of3__C9_EPS_DYN_riseq2__v0,EV_EBITDA_qb0of3__FCF_P_qb2of3,C9_EPS_DYN_riseq2,0.15442805932155101,0.1412545523155624,0.013173507005988627,-0.4795466897640178,0.5050195678067041,17.0,91.0
PB_qb1of3__ROE_qb2of3__C17_FCF_P_DYN_qmax4__v0,PB_qb1of3__ROE_qb2of3,C17_FCF_P_DYN_qmax4,0.15439686050073864,0.17368474528587585,-0.01928788478513721,-0.5406593998951972,0.4883195177091183,16.51,32.75190839694657
EV_S_qb0of3__ACCRUAL_qb0of3__None__v0,EV_S_qb0of3__ACCRUAL_qb0of3,None,0.15433085717622674,0.15433085717622674,0.0,-0.543958995319615,0.4886143163484121,17.55,162.996632996633
FCF_OI_qb1of3__FCF_P_qb2of3__C19_FCF_P_DYN_yoy__v0,FCF_OI_qb1of3__FCF_P_qb2of3,C19_FCF_P_DYN_yoy,0.15432946286121219,0.1661308330210336,-0.011801370159821412,-0.5806202661195733,0.4742291244654513,18.2,62.468
PS_qb0of3__ROIC_qb2of3__C16_FCF_P_DYN_riseq2__v0,PS_qb0of3__ROIC_qb2of3,C16_FCF_P_DYN_riseq2,0.1543137024671153,0.16337747244409084,-0.009063769976975555,-0.49453239690689377,0.5051829268292682,17.88,51.0985401459854
PS_qb1of3__OCF_E_qb1of3__C2_ROE_DYN_riseq2__v0,PS_qb1of3__OCF_E_qb1of3,C2_ROE_DYN_riseq2,0.15430792594558795,0.1057020349461224,0.04860589099946555,-0.5927582469385017,0.516698390725039,17.38,92.82481751824818
MOM_qb2of3__ROE_qb1of3__C6_ROE_DYN_ytdavg_gt_lyytdavg__v0,MOM_qb2of3__ROE_qb1of3,C6_ROE_DYN_ytdavg_gt_lyytdavg,0.15430272243119258,0.142453064325746,0.011849658105446581,-0.5899261324347979,0.4803754266211604,15.42,76.29824561403508
FCF_OI_qb1of3__DEBTRATIO_qb0of3__C9_EPS_DYN_riseq2__v0,FCF_OI_qb1of3__DEBTRATIO_qb0of3,C9_EPS_DYN_riseq2,0.1542659665502224,0.10607558667456085,0.04819037987566155,-0.5500540216235812,0.511971567527123,17.17,86.94525547445255
MOM_qb2of3__DEBTRATIO_qb0of3__C8_EPS_DYN_riseq1__v0,MOM_qb2of3__DEBTRATIO_qb0of3,C8_EPS_DYN_riseq1,0.15424816472356428,0.13434664389931616,0.01990152082424812,-0.6954341535596322,0.49025294022877397,16.07,81.79298245614035
PS_qb1of3__OCF_E_qb1of3__C4_ROE_DYN_qmax8__v0,PS_qb1of3__OCF_E_qb1of3,C4_ROE_DYN_qmax8,0.15424081811788315,0.1057020349461224,0.048538783171760747,-0.6115798684358429,0.5075807514831905,17.05,23.017467248908297
NETDEBT_EBITDA_qb2of3__FCF_P_qb2of3__C8_EPS_DYN_riseq1__v0,NETDEBT_EBITDA_qb2of3__FCF_P_qb2of3,C8_EPS_DYN_riseq1,0.15423498685661863,0.130367316892525,0.02386766996409362,-0.5595085252414969,0.48702791461412154,16.91,85.15789473684211
P_IC_qb1of3__ROE_qb2of3__C19_FCF_P_DYN_yoy__v0,P_IC_qb1of3__ROE_qb2of3,C19_FCF_P_DYN_yoy,0.15421270867920955,0.15952276167140345,-0.005310052992193892,-0.5549197087988946,0.5177035912999495,19.53,66.008
P_IC_qb0of3__PB_qb0of3__C19_FCF_P_DYN_yoy__v0,P_IC_qb0of3__PB_qb0of3,C19_FCF_P_DYN_yoy,0.15418280439516896,0.18573029068263458,-0.03154748628746562,-0.6239916257885556,0.5170984455958549,19.09,178.104
EV_S_qb0of3__NETDEBT_EBITDA_qb2of3__None__v0,EV_S_qb0of3__NETDEBT_EBITDA_qb2of3,None,0.1541547522146991,0.1541547522146991,0.0,-0.5926369808794729,0.508424599831508,16.27,124.17845117845118
FCF_OI_qb1of3__None__C3_ROE_DYN_qmax4__v0,FCF_OI_qb1of3__None,C3_ROE_DYN_qmax4,0.1541353366593532,0.10865218632260909,0.045483150336744105,-0.5754868342236181,0.5023469170044805,16.03,138.85496183206106
OCF_E_qb2of3__FCF_P_qb2of3__C9_EPS_DYN_riseq2__v0,OCF_E_qb2of3__FCF_P_qb2of3,C9_EPS_DYN_riseq2,0.15412937231407287,0.12762602498232223,0.026503347331750637,-0.5136001046953027,0.5010792476102375,19.27,91.63868613138686
FCF_OI_qb1of3__None__C12_EPS_DYN_yoy__v0,FCF_OI_qb1of3__None,C12_EPS_DYN_yoy,0.15412445010625686,0.10865218632260909,0.04547226378364777,-0.5699654377762609,0.48257612207024536,18.6,261.428
FCF_P_qb2of3__None__C7_ROE_DYN_ytdavg_gt_lyavg__v0,FCF_P_qb2of3__None,C7_ROE_DYN_ytdavg_gt_lyavg,0.1541092108727642,0.12214294842787288,0.031966262444891314,-0.5295629593227795,0.49621273166800967,17.24,198.96140350877192
PB_qb1of3__FCF_OI_qb1of3__C9_EPS_DYN_riseq2__v0,PB_qb1of3__FCF_OI_qb1of3,C9_EPS_DYN_riseq2,0.15410373249588227,0.11410064127221342,0.04000309122366885,-0.5794902079988129,0.5182765318735653,17.14,87.60583941605839
P_IC_qb1of3__OCF_E_qb2of3__C12_EPS_DYN_yoy__v0,P_IC_qb1of3__OCF_E_qb2of3,C12_EPS_DYN_yoy,0.1540734176722125,0.11478934435704824,0.03928407331516426,-0.5430142558401476,0.48856243441762853,19.47,80.248
MOM_qb2of3__ACCRUAL_qb2of3__C12_EPS_DYN_yoy__v0,MOM_qb2of3__ACCRUAL_qb2of3,C12_EPS_DYN_yoy,0.154029914327801,0.11246072837315779,0.041569185954643206,-0.6612816610727306,0.4799357945425361,18.84,105.044
PB_qb1of3__MOM_qb2of3__C13_EPS_DYN_ytdavg_gt_lyytdavg__v0,PB_qb1of3__MOM_qb2of3,C13_EPS_DYN_ytdavg_gt_lyytdavg,0.15402521811386882,0.14055424123730442,0.0134709768765644,-0.669750775166853,0.47196738022426094,14.36,83.79298245614035
P_IC_qb1of3__NETDEBT_EBITDA_qb0of3__C13_EPS_DYN_ytdavg_gt_lyytdavg__v0,P_IC_qb1of3__NETDEBT_EBITDA_qb0of3,C13_EPS_DYN_ytdavg_gt_lyytdavg,0.15390527865269843,0.14111189279231584,0.012793385860382589,-0.5609266225750493,0.49497748527883617,16.61,69.30526315789474
PS_qb1of3__ROIC_qb2of3__C9_EPS_DYN_riseq2__v0,PS_qb1of3__ROIC_qb2of3,C9_EPS_DYN_riseq2,0.15387575097251172,0.12120296701946254,0.03267278395304918,-0.5383464966341465,0.5132062855232363,18.73,115.63868613138686
P_IC_qb0of3__None__C20_FCF_P_DYN_ytdavg_gt_lyytdavg__v0,P_IC_qb0of3__None,C20_FCF_P_DYN_ytdavg_gt_lyytdavg,0.15383621281767246,0.17867438611691733,-0.02483817329924487,-0.6012600076711838,0.5392300910960917,16.75,235.99649122807017
ROE_qb2of3__DEBTRATIO_qb0of3__C12_EPS_DYN_yoy__v0,ROE_qb2of3__DEBTRATIO_qb0of3,C12_EPS_DYN_yoy,0.15381667015275213,0.10886193919574749,0.04495473095700464,-0.5188677728041371,0.487360970677452,20.03,96.872
OCF_E_qb1of3__FCF_OI_qb1of3__C5_ROE_DYN_yoy__v0,OCF_E_qb1of3__FCF_OI_qb1of3,C5_ROE_DYN_yoy,0.1537636489061509,0.10728376775503445,0.04647988115111645,-0.5909128589296138,0.49095022624434387,18.82,81.248
ROE_qb2of3__FCF_P_qb2of3__C8_EPS_DYN_riseq1__v0,ROE_qb2of3__FCF_P_qb2of3,C8_EPS_DYN_riseq1,0.15363421418416578,0.12202542765864322,0.03160878652552257,-0.5007829569898581,0.4924,17.29,96.94385964912281
PB_qb1of3__ROIC_qb2of3__C20_FCF_P_DYN_ytdavg_gt_lyytdavg__v0,PB_qb1of3__ROIC_qb2of3,C20_FCF_P_DYN_ytdavg_gt_lyytdavg,0.15358721672035625,0.15726720889947043,-0.0036799921791141887,-0.5360501997003905,0.5370466321243523,16.66,68.88421052631578
EV_EBITDA_qb0of3__ROIC_qb2of3__C18_FCF_P_DYN_qmax8__v0,EV_EBITDA_qb0of3__ROIC_qb2of3,C18_FCF_P_DYN_qmax8,0.15358535674908902,0.17195031758070844,-0.018364960831619426,-0.6146351120569846,0.4771748492678725,23.52,15.82832618025751
PB_qb0of3__PS_qb0of3__C15_FCF_P_DYN_riseq1__v0,PB_qb0of3__PS_qb0of3,C15_FCF_P_DYN_riseq1,0.15353389969757147,0.19552828855051252,-0.041994388852941045,-0.5982329664556317,0.48963193364437535,17.28,125.54385964912281
ROE_qb2of3__ACCRUAL_qb1of3__C5_ROE_DYN_yoy__v0,ROE_qb2of3__ACCRUAL_qb1of3,C5_ROE_DYN_yoy,0.1535317338404174,0.10780358903293696,0.04572814480748044,-0.5042485871496032,0.4999111111111111,19.39,88.016
FCF_OI_qb1of3__NETDEBT_EBITDA_qb2of3__C6_ROE_DYN_ytdavg_gt_lyytdavg__v0,FCF_OI_qb1of3__NETDEBT_EBITDA_qb2of3,C6_ROE_DYN_ytdavg_gt_lyytdavg,0.15347453687092294,0.11499305815386185,0.03848147871706109,-0.5607878496916349,0.46261456825856245,16.68,70.08771929824562
ROE_qb1of3__FCF_P_qb2of3__C6_ROE_DYN_ytdavg_gt_lyytdavg__v0,ROE_qb1of3__FCF_P_qb2of3,C6_ROE_DYN_ytdavg_gt_lyytdavg,0.1534515064955737,0.12843923926750733,0.025012267228066376,-0.5264004622729492,0.5098733233979136,17.31,76.86315789473684
OCF_E_qb2of3__EV_EBITDA_qb0of3__None__v0,OCF_E_qb2of3__EV_EBITDA_qb0of3,None,0.15339211904025563,0.15339211904025563,0.0,-0.5126520422320688,0.49266223343269894,17.36,150.7003367003367
OCF_E_qb2of3__ROIC_qb1of3__C7_ROE_DYN_ytdavg_gt_lyavg__v0,OCF_E_qb2of3__ROIC_qb1of3,C7_ROE_DYN_ytdavg_gt_lyavg,0.15335943753267234,0.10988266317424689,0.04347677435842545,-0.5112901936951724,0.48783185840707965,17.42,67.42456140350878
EV_EBITDA_qb1of3__FCF_OI_qb1of3__C9_EPS_DYN_riseq2__v0,EV_EBITDA_qb1of3__FCF_OI_qb1of3,C9_EPS_DYN_riseq2,0.15334898782665451,0.1275583968310292,0.025790590995625307,-0.608623654175281,0.5199001525447233,17.91,106.2992700729927
ROIC_qb1of3__DEBTRATIO_qb2of3__C10_EPS_DYN_qmax4__v0,ROIC_qb1of3__DEBTRATIO_qb2of3,C10_EPS_DYN_qmax4,0.15333444304707844,0.11680265302092874,0.0365317900261497,-0.5574569764100614,0.513136288998358,17.01,59.04961832061068
OCF_E_qb2of3__FCF_OI_qb1of3__C6_ROE_DYN_ytdavg_gt_lyytdavg__v0,OCF_E_qb2of3__FCF_OI_qb1of3,C6_ROE_DYN_ytdavg_gt_lyytdavg,0.1532945373905552,0.11774066125008464,0.035553876140470564,-0.4786494622066817,0.47165222678218577,16.93,93.89473684210526
PS_qb0of3__ROE_qb2of3__C16_FCF_P_DYN_riseq2__v0,PS_qb0of3__ROE_qb2of3,C16_FCF_P_DYN_riseq2,0.153292698844125,0.16803068714784408,-0.014737988303719085,-0.4951080915415951,0.5119017790027562,17.17,64.98540145985402
DEBTRATIO_qb1of3__FCF_P_qb2of3__C12_EPS_DYN_yoy__v0,DEBTRATIO_qb1of3__FCF_P_qb2of3,C12_EPS_DYN_yoy,0.15318527691635975,0.12036397930429055,0.0328212976120692,-0.5578928827478211,0.48906048906048905,19.45,86.26
EV_EBITDA_qb0of3__FCF_P_qb2of3__C1_ROE_DYN_riseq1__v0,EV_EBITDA_qb0of3__FCF_P_qb2of3,C1_ROE_DYN_riseq1,0.1531263535874754,0.1412545523155624,0.011871801271913007,-0.5431198359037307,0.501104797979798,16.18,88.6561403508772
EV_S_qb0of3__FCF_OI_qb1of3__C16_FCF_P_DYN_riseq2__v0,EV_S_qb0of3__FCF_OI_qb1of3,C16_FCF_P_DYN_riseq2,0.15311587660552783,0.1576248487356633,-0.004508972130135458,-0.5741036861052187,0.48988827605713475,16.76,115.64233576642336
P_IC_qb1of3__OCF_E_qb2of3__C14_EPS_DYN_ytdavg_gt_lyavg__v0,P_IC_qb1of3__OCF_E_qb2of3,C14_EPS_DYN_ytdavg_gt_lyavg,0.15288217325719677,0.11478934435704824,0.038092828900148534,-0.4797618525300662,0.4851951547779273,17.44,70.03157894736842
PB_qb1of3__FCF_OI_qb1of3__C13_EPS_DYN_ytdavg_gt_lyytdavg__v0,PB_qb1of3__FCF_OI_qb1of3,C13_EPS_DYN_ytdavg_gt_lyytdavg,0.1528632306062645,0.11410064127221342,0.03876258933405108,-0.5637955240174178,0.4882445141065831,16.81,81.7298245614035
MOM_qb2of3__NETDEBT_EBITDA_qb1of3__C3_ROE_DYN_qmax4__v0,MOM_qb2of3__NETDEBT_EBITDA_qb1of3,C3_ROE_DYN_qmax4,0.15283780240008893,0.14096998093909052,0.011867821460998407,-0.5932762792583903,0.5105105105105106,17.88,64.99618320610686
P_IC_qb1of3__ROE_qb2of3__C18_FCF_P_DYN_qmax8__v0,P_IC_qb1of3__ROE_qb2of3,C18_FCF_P_DYN_qmax8,0.15281987023563248,0.15952276167140345,-0.0067028914357709635,-0.6524831228984724,0.484375,19.87,16.15450643776824
ROIC_qb1of3__FCF_OI_qb1of3__C1_ROE_DYN_riseq1__v0,ROIC_qb1of3__FCF_OI_qb1of3,C1_ROE_DYN_riseq1,0.15280384476095565,0.11961040076679486,0.0331934439941608,-0.6021617127874026,0.4859896219421794,15.38,96.8561403508772
P_IC_qb0of3__None__C19_FCF_P_DYN_yoy__v0,P_IC_qb0of3__None,C19_FCF_P_DYN_yoy,0.15279719617425713,0.17867438611691733,-0.025877189942660195,-0.6035113469212559,0.5142397101740969,18.74,236.028
EV_EBITDA_qb1of3__ACCRUAL_qb0of3__C13_EPS_DYN_ytdavg_gt_lyytdavg__v0,EV_EBITDA_qb1of3__ACCRUAL_qb0of3,C13_EPS_DYN_ytdavg_gt_lyytdavg,0.15273363819627317,0.12987807961629594,0.02285555857997723,-0.541247269159666,0.4986609534011784,17.8,76.59298245614035
MOM_qb2of3__OCF_E_qb2of3__C20_FCF_P_DYN_ytdavg_gt_lyytdavg__v0,MOM_qb2of3__OCF_E_qb2of3,C20_FCF_P_DYN_ytdavg_gt_lyytdavg,0.15272100557124935,0.16022546885760813,-0.007504463286358787,-0.664638613148906,0.49944959899355246,15.65,80.44912280701755
FCF_OI_qb1of3__DEBTRATIO_qb2of3__C9_EPS_DYN_riseq2__v0,FCF_OI_qb1of3__DEBTRATIO_qb2of3,C9_EPS_DYN_riseq2,0.15271775636430518,0.11211067470469849,0.04060708165960669,-0.5448344132779772,0.4903533906399236,16.32,89.12408759124088
PS_qb0of3__FCF_OI_qb1of3__C16_FCF_P_DYN_riseq2__v0,PS_qb0of3__FCF_OI_qb1of3,C16_FCF_P_DYN_riseq2,0.15266860804886417,0.1602886894689004,-0.007620081420036229,-0.5770281089893532,0.4880322849986084,17.19,116.83211678832117
EV_S_qb0of3__ROIC_qb2of3__C18_FCF_P_DYN_qmax8__v0,EV_S_qb0of3__ROIC_qb2of3,C18_FCF_P_DYN_qmax8,0.15266432885722847,0.15799574490089796,-0.00533141604366949,-0.6990257378630553,0.4842381786339755,19.24,15.07725321888412
ROE_qb2of3__ACCRUAL_qb0of3__C14_EPS_DYN_ytdavg_gt_lyavg__v0,ROE_qb2of3__ACCRUAL_qb0of3,C14_EPS_DYN_ytdavg_gt_lyavg,0.15259256922314401,0.11508661275557497,0.037505956467569046,-0.36595124587765016,0.4713787954206073,17.78,90.31228070175439
PB_qb1of3__FCF_OI_qb1of3__C7_ROE_DYN_ytdavg_gt_lyavg__v0,PB_qb1of3__FCF_OI_qb1of3,C7_ROE_DYN_ytdavg_gt_lyavg,0.15255913861884496,0.11410064127221342,0.03845849734663154,-0.5710726676179652,0.4920361601377529,16.69,74.0982456140351
P_IC_qb1of3__NETDEBT_EBITDA_qb0of3__C6_ROE_DYN_ytdavg_gt_lyytdavg__v0,P_IC_qb1of3__NETDEBT_EBITDA_qb0of3,C6_ROE_DYN_ytdavg_gt_lyytdavg,0.15254269968278256,0.14111189279231584,0.011430806890466716,-0.5825606986435922,0.5005452562704471,16.36,67.20701754385965
EV_EBITDA_qb1of3__FCF_OI_qb1of3__C2_ROE_DYN_riseq2__v0,EV_EBITDA_qb1of3__FCF_OI_qb1of3,C2_ROE_DYN_riseq2,0.15252652777567333,0.1275583968310292,0.024968130944644118,-0.6200581090770085,0.5165037540728148,18.02,104.42335766423358
EV_S_qb1of3__NETDEBT_EBITDA_qb2of3__C2_ROE_DYN_riseq2__v0,EV_S_qb1of3__NETDEBT_EBITDA_qb2of3,C2_ROE_DYN_riseq2,0.1524832834488492,0.12592618420732227,0.026557099241526938,-0.6106321593308437,0.48845346396081174,17.91,88.41240875912409
PS_qb1of3__ROIC_qb2of3__C2_ROE_DYN_riseq2__v0,PS_qb1of3__ROIC_qb2of3,C2_ROE_DYN_riseq2,0.15248106208204826,0.12120296701946254,0.03127809506258572,-0.5479954966884237,0.5092116182572614,18.58,114.19343065693431
P_IC_qb1of3__ROE_qb2of3__C16_FCF_P_DYN_riseq2__v0,P_IC_qb1of3__ROE_qb2of3,C16_FCF_P_DYN_riseq2,0.15245925304638352,0.15952276167140345,-0.007063508625019921,-0.5085953824273011,0.5115825408436967,18.82,65.4014598540146
ROE_qb2of3__FCF_P_qb2of3__C12_EPS_DYN_yoy__v0,ROE_qb2of3__FCF_P_qb2of3,C12_EPS_DYN_yoy,0.15244144750030308,0.12202542765864322,0.03041601984165987,-0.5242623030801958,0.489250522544043,19.48,104.02
PS_qb1of3__MOM_qb2of3__C6_ROE_DYN_ytdavg_gt_lyytdavg__v0,PS_qb1of3__MOM_qb2of3,C6_ROE_DYN_ytdavg_gt_lyytdavg,0.1523887476991539,0.12985143618864448,0.022537311510509417,-0.6476673990361079,0.4671454219030521,16.25,78.73684210526316
EV_S_qb1of3__DEBTRATIO_qb1of3__C3_ROE_DYN_qmax4__v0,EV_S_qb1of3__DEBTRATIO_qb1of3,C3_ROE_DYN_qmax4,0.15230421634469482,0.11155677487762738,0.040747441467067436,-0.5753343719738051,0.49966239027683995,16.95,47.01145038167939
OCF_E_qb2of3__FCF_P_qb2of3__C10_EPS_DYN_qmax4__v0,OCF_E_qb2of3__FCF_P_qb2of3,C10_EPS_DYN_qmax4,0.15229895080535183,0.12762602498232223,0.0246729258230296,-0.5568729548582588,0.5050658561296859,19.32,54.213740458015266
ROE_qb2of3__ROIC_qb2of3__C3_ROE_DYN_qmax4__v0,ROE_qb2of3__ROIC_qb2of3,C3_ROE_DYN_qmax4,0.15226552922004277,0.10497732735766574,0.04728820186237703,-0.4266143667304323,0.4884384813017414,18.27,169.06106870229007
DEBTRATIO_qb2of3__NETDEBT_EBITDA_qb2of3__C2_ROE_DYN_riseq2__v0,DEBTRATIO_qb2of3__NETDEBT_EBITDA_qb2of3,C2_ROE_DYN_riseq2,0.1522528191546153,0.11915400596730308,0.033098813187312226,-0.5806413150618477,0.48844621513944225,17.27,153.7810218978102
ROE_qb2of3__DEBTRATIO_qb0of3__C10_EPS_DYN_qmax4__v0,ROE_qb2of3__DEBTRATIO_qb0of3,C10_EPS_DYN_qmax4,0.15219697487631367,0.10886193919574749,0.04333503568056618,-0.43124337443029426,0.5006758583400919,17.89,62.79770992366412
MOM_qb2of3__FCF_OI_qb0of3__C5_ROE_DYN_yoy__v0,MOM_qb2of3__FCF_OI_qb0of3,C5_ROE_DYN_yoy,0.15218121416224029,0.1129050553120563,0.039276158850183984,-0.6751941412928533,0.47204139542647305,20.11,82.72
ROE_qb2of3__NETDEBT_EBITDA_qb2of3__C14_EPS_DYN_ytdavg_gt_lyavg__v0,ROE_qb2of3__NETDEBT_EBITDA_qb2of3,C14_EPS_DYN_ytdavg_gt_lyavg,0.1521076435314097,0.12573108691877288,0.026376556612636826,-0.4419259833921877,0.47058823529411764,17.5,60.34736842105263
MOM_qb2of3__FCF_P_qb0of3__C7_ROE_DYN_ytdavg_gt_lyavg__v0,MOM_qb2of3__FCF_P_qb0of3,C7_ROE_DYN_ytdavg_gt_lyavg,0.15205302634364548,0.12263642895378513,0.029416597389860355,-0.667784542808274,0.4625646156411539,16.51,74.40701754385965
ROE_qb2of3__None__C10_EPS_DYN_qmax4__v0,ROE_qb2of3__None,C10_EPS_DYN_qmax4,0.15205006907209517,0.10857200626884822,0.04347806280324695,-0.4372955342637792,0.4932048430936496,18.4,211.87022900763358
EV_S_qb0of3__ACCRUAL_qb0of3__C18_FCF_P_DYN_qmax8__v0,EV_S_qb0of3__ACCRUAL_qb0of3,C18_FCF_P_DYN_qmax8,0.1520392562436781,0.15433085717622674,-0.002291600932548654,-0.6449977847994028,0.45884520884520885,20.73,21.30472103004292
MOM_qb2of3__DEBTRATIO_qb0of3__C1_ROE_DYN_riseq1__v0,MOM_qb2of3__DEBTRATIO_qb0of3,C1_ROE_DYN_riseq1,0.15201605447715516,0.13434664389931616,0.017669410577838995,-0.6962013620298078,0.4877847474413998,16.08,79.0982456140351
ROE_qb2of3__ACCRUAL_qb0of3__C20_FCF_P_DYN_ytdavg_gt_lyytdavg__v0,ROE_qb2of3__ACCRUAL_qb0of3,C20_FCF_P_DYN_ytdavg_gt_lyytdavg,0.15197514646997679,0.11508661275557497,0.03688853371440182,-0.5137170401915747,0.5075068724888983,18.09,64.89122807017544
PS_qb1of3__None__C3_ROE_DYN_qmax4__v0,PS_qb1of3__None,C3_ROE_DYN_qmax4,0.15191498244221324,0.10454523190678677,0.04736975053542647,-0.5628058459470452,0.5036438319862196,17.61,123.8473282442748
MOM_qb1of3__FCF_OI_qb1of3__C2_ROE_DYN_riseq2__v0,MOM_qb1of3__FCF_OI_qb1of3,C2_ROE_DYN_riseq2,0.1519098675736792,0.10997605163063406,0.04193381594304513,-0.6348291171942788,0.5327041978522616,18.02,79.04379562043796
MOM_qb2of3__EV_EBITDA_qb1of3__C17_FCF_P_DYN_qmax4__v0,MOM_qb2of3__EV_EBITDA_qb1of3,C17_FCF_P_DYN_qmax4,0.1519087552763163,0.15785208153346586,-0.00594332625714955,-0.6727196104772792,0.46919294185710153,16.16,39.534351145038165
P_IC_qb1of3__DEBTRATIO_qb0of3__C8_EPS_DYN_riseq1__v0,P_IC_qb1of3__DEBTRATIO_qb0of3,C8_EPS_DYN_riseq1,0.15190641045671804,0.1393426824369417,0.012563728019776343,-0.61235927624823,0.5083229296712443,17.39,80.15087719298245
ROE_qb2of3__ACCRUAL_qb0of3__C19_FCF_P_DYN_yoy__v0,ROE_qb2of3__ACCRUAL_qb0of3,C19_FCF_P_DYN_yoy,0.15190002459723417,0.11508661275557497,0.036813411841659205,-0.5522878570317831,0.5027196652719665,21.27,68.648
EV_EBITDA_qb0of3__DEBTRATIO_qb1of3__C16_FCF_P_DYN_riseq2__v0,EV_EBITDA_qb0of3__DEBTRATIO_qb1of3,C16_FCF_P_DYN_riseq2,0.15185694463820387,0.1453333100047871,0.006523634633416764,-0.6312851483846444,0.48622402890695576,18.98,71.61678832116789
PB_qb1of3__NETDEBT_EBITDA_qb0of3__C11_EPS_DYN_qmax8__v0,PB_qb1of3__NETDEBT_EBITDA_qb0of3,C11_EPS_DYN_qmax8,0.1518141762965004,0.11510738211040183,0.03670679418609857,-0.6535650201572976,0.5394230769230769,15.33,17.4
ROIC_qb1of3__FCF_P_qb2of3__C6_ROE_DYN_ytdavg_gt_lyytdavg__v0,ROIC_qb1of3__FCF_P_qb2of3,C6_ROE_DYN_ytdavg_gt_lyytdavg,0.15181310131475478,0.13214928588991603,0.01966381542483875,-0.5212448705804882,0.5142857142857142,17.21,81.28421052631579
OCF_E_qb2of3__ROIC_qb1of3__C10_EPS_DYN_qmax4__v0,OCF_E_qb2of3__ROIC_qb1of3,C10_EPS_DYN_qmax4,0.15181239733886653,0.10988266317424689,0.04192973416461965,-0.6339656929707933,0.5094959824689554,17.17,39.774809160305345
FCF_OI_qb1of3__DEBTRATIO_qb0of3__C3_ROE_DYN_qmax4__v0,FCF_OI_qb1of3__DEBTRATIO_qb0of3,C3_ROE_DYN_qmax4,0.15179867324829455,0.10607558667456085,0.045723086573733696,-0.6029160451136106,0.5097184986595175,17.28,44.545801526717554
ROIC_qb1of3__FCF_OI_qb1of3__C2_ROE_DYN_riseq2__v0,ROIC_qb1of3__FCF_OI_qb1of3,C2_ROE_DYN_riseq2,0.15175646181883362,0.11961040076679486,0.032146061052038766,-0.5837417529263287,0.5043422322290125,15.67,96.5948905109489
ROE_qb1of3__FCF_OI_qb1of3__C2_ROE_DYN_riseq2__v0,ROE_qb1of3__FCF_OI_qb1of3,C2_ROE_DYN_riseq2,0.1517489575123634,0.11311461277821944,0.038634344734143955,-0.560506627816572,0.503249458423596,15.64,92.11313868613139
PB_qb0of3__NETDEBT_EBITDA_qb2of3__C16_FCF_P_DYN_riseq2__v0,PB_qb0of3__NETDEBT_EBITDA_qb2of3,C16_FCF_P_DYN_riseq2,0.15174585394296014,0.17628642719528287,-0.024540573252322728,-0.6146078460818223,0.5090872778110646,18.86,108.4087591240876
OCF_E_qb1of3__FCF_P_qb2of3__C5_ROE_DYN_yoy__v0,OCF_E_qb1of3__FCF_P_qb2of3,C5_ROE_DYN_yoy,0.1517265386770863,0.12040696135896067,0.031319577318125624,-0.5376821324642487,0.498557518932564,19.32,78.348
PS_qb1of3__OCF_E_qb2of3__C11_EPS_DYN_qmax8__v0,PS_qb1of3__OCF_E_qb2of3,C11_EPS_DYN_qmax8,0.1517253006960142,0.10315298366883918,0.048572317027175016,-0.6989052406910149,0.5132113821138211,21.34,31.871244635193133
EV_EBITDA_qb1of3__DEBTRATIO_qb2of3__C14_EPS_DYN_ytdavg_gt_lyavg__v0,EV_EBITDA_qb1of3__DEBTRATIO_qb2of3,C14_EPS_DYN_ytdavg_gt_lyavg,0.15172510709268683,0.13449319651294744,0.017231910579739385,-0.5522684847833375,0.4858585858585859,18.03,78.47017543859648
MOM_qb2of3__ACCRUAL_qb0of3__None__v0,MOM_qb2of3__ACCRUAL_qb0of3,None,0.15172057801880778,0.15172057801880778,0.0,-0.6665732313705154,0.47812447006952685,16.13,140.9090909090909
PS_qb0of3__OCF_E_qb2of3__C16_FCF_P_DYN_riseq2__v0,PS_qb0of3__OCF_E_qb2of3,C16_FCF_P_DYN_riseq2,0.15170417342653275,0.1770945770309813,-0.025390403604448553,-0.5900245491273269,0.4906735751295337,19.75,85.02554744525547
P_IC_qb1of3__ROIC_qb2of3__C17_FCF_P_DYN_qmax4__v0,P_IC_qb1of3__ROIC_qb2of3,C17_FCF_P_DYN_qmax4,0.15170232458609356,0.16248848629635226,-0.010786161710258702,-0.5136683271064697,0.47991153704386286,17.77,33.9236641221374
PS_qb1of3__ROIC_qb2of3__C11_EPS_DYN_qmax8__v0,PS_qb1of3__ROIC_qb2of3,C11_EPS_DYN_qmax8,0.15168817164015125,0.12120296701946254,0.03048520462068871,-0.6512417366709407,0.5113122171945701,21.75,48.93562231759657
MOM_qb2of3__ACCRUAL_qb1of3__C16_FCF_P_DYN_riseq2__v0,MOM_qb2of3__ACCRUAL_qb1of3,C16_FCF_P_DYN_riseq2,0.15164941893044137,0.13564208643476539,0.016007332495675985,-0.6731294755918658,0.49022082018927443,17.05,78.63868613138686
ROIC_qb1of3__NETDEBT_EBITDA_qb2of3__C12_EPS_DYN_yoy__v0,ROIC_qb1of3__NETDEBT_EBITDA_qb2of3,C12_EPS_DYN_yoy,0.15161551307344467,0.11795452966567255,0.03366098340777213,-0.5689390050055736,0.4782443473304199,18.85,109.008
EV_S_qb1of3__EV_EBITDA_qb1of3__C3_ROE_DYN_qmax4__v0,EV_S_qb1of3__EV_EBITDA_qb1of3,C3_ROE_DYN_qmax4,0.15161305037398654,0.11950687846175168,0.03210617191223486,-0.653082735470375,0.5149045179319981,16.7,64.26717557251908
EV_S_qb1of3__OCF_E_qb2of3__C12_EPS_DYN_yoy__v0,EV_S_qb1of3__OCF_E_qb2of3,C12_EPS_DYN_yoy,0.1515994477365452,0.12024507725315203,0.03135437048339318,-0.5908440017363684,0.4868592730661696,20.79,93.048
DEBTRATIO_qb2of3__FCF_P_qb2of3__C1_ROE_DYN_riseq1__v0,DEBTRATIO_qb2of3__FCF_P_qb2of3,C1_ROE_DYN_riseq1,0.15158206048259792,0.13414183650936895,0.017440223973228974,-0.5426785279832802,0.49023861171366595,16.58,90.0421052631579
PB_qb0of3__DEBTRATIO_qb2of3__C15_FCF_P_DYN_riseq1__v0,PB_qb0of3__DEBTRATIO_qb2of3,C15_FCF_P_DYN_riseq1,0.1515061720218076,0.18635950857908368,-0.03485333655727607,-0.6101467509490623,0.4897872340425532,18.67,84.1859649122807
P_IC_qb1of3__OCF_E_qb1of3__C10_EPS_DYN_qmax4__v0,P_IC_qb1of3__OCF_E_qb1of3,C10_EPS_DYN_qmax4,0.1514967287025395,0.10858375215866056,0.04291297654387893,-0.5468742291306663,0.5241195620005918,16.59,48.969465648854964
P_IC_qb1of3__NETDEBT_EBITDA_qb0of3__C8_EPS_DYN_riseq1__v0,P_IC_qb1of3__NETDEBT_EBITDA_qb0of3,C8_EPS_DYN_riseq1,0.15148173681931998,0.14111189279231584,0.010369844027004138,-0.6033696425125801,0.5051568543188655,16.03,75.62456140350878
ROIC_qb1of3__NETDEBT_EBITDA_qb2of3__C14_EPS_DYN_ytdavg_gt_lyavg__v0,ROIC_qb1of3__NETDEBT_EBITDA_qb2of3,C14_EPS_DYN_ytdavg_gt_lyavg,0.15140299956076686,0.11795452966567255,0.03344846989509431,-0.5112223437668261,0.475114105629211,17.31,100.71929824561404
ACCRUAL_qb0of3__DEBTRATIO_qb2of3__C12_EPS_DYN_yoy__v0,ACCRUAL_qb0of3__DEBTRATIO_qb2of3,C12_EPS_DYN_yoy,0.1513891375400156,0.10760438208815426,0.043784755451861335,-0.49381341065799766,0.47266680523799626,18.96,79.296
EV_S_qb0of3__DEBTRATIO_qb0of3__C15_FCF_P_DYN_riseq1__v0,EV_S_qb0of3__DEBTRATIO_qb0of3,C15_FCF_P_DYN_riseq1,0.15129008935785926,0.1737613000797975,-0.02247121072193825,-0.5673543768595248,0.4934989887315805,17.58,52.4140350877193
MOM_qb2of3__FCF_P_qb2of3__C16_FCF_P_DYN_riseq2__v0,MOM_qb2of3__FCF_P_qb2of3,C16_FCF_P_DYN_riseq2,0.15126631637852794,0.15540904841423941,-0.004142732035711472,-0.6461011298475826,0.5002723014922121,17.69,116.95985401459853
OCF_E_qb2of3__ROIC_qb2of3__C2_ROE_DYN_riseq2__v0,OCF_E_qb2of3__ROIC_qb2of3,C2_ROE_DYN_riseq2,0.1512526739056066,0.10550033079483523,0.045752343110771365,-0.402282306055336,0.48736462093862815,18.85,164.37591240875912
EV_EBITDA_qb1of3__DEBTRATIO_qb2of3__C8_EPS_DYN_riseq1__v0,EV_EBITDA_qb1of3__DEBTRATIO_qb2of3,C8_EPS_DYN_riseq1,0.1512385325095409,0.13449319651294744,0.016745335996593447,-0.5965441580481412,0.4990805443177639,17.48,83.67017543859649
OCF_E_qb2of3__ROE_qb2of3__C2_ROE_DYN_riseq2__v0,OCF_E_qb2of3__ROE_qb2of3,C2_ROE_DYN_riseq2,0.15122953224593938,0.11168724670811869,0.03954228553782069,-0.4014152278542371,0.4900406716028783,18.81,172.87591240875912
P_IC_qb1of3__None__C3_ROE_DYN_qmax4__v0,P_IC_qb1of3__None,C3_ROE_DYN_qmax4,0.15120009790646294,0.10774864588230604,0.0434514520241569,-0.5592324261605839,0.505805609915199,17.05,123.72900763358778
EV_S_qb1of3__NETDEBT_EBITDA_qb2of3__C7_ROE_DYN_ytdavg_gt_lyavg__v0,EV_S_qb1of3__NETDEBT_EBITDA_qb2of3,C7_ROE_DYN_ytdavg_gt_lyavg,0.15119334448944222,0.12592618420732227,0.02526716028211995,-0.6298602276740475,0.4767518009168304,17.14,76.88771929824561
PS_qb1of3__DEBTRATIO_qb0of3__C14_EPS_DYN_ytdavg_gt_lyavg__v0,PS_qb1of3__DEBTRATIO_qb0of3,C14_EPS_DYN_ytdavg_gt_lyavg,0.15119174434098692,0.12634493133806424,0.024846813002922685,-0.589656265143995,0.5128891864747238,16.67,73.1719298245614
MOM_qb2of3__ACCRUAL_qb1of3__C13_EPS_DYN_ytdavg_gt_lyytdavg__v0,MOM_qb2of3__ACCRUAL_qb1of3,C13_EPS_DYN_ytdavg_gt_lyytdavg,0.1511810455844973,0.13564208643476539,0.015538959149731912,-0.648387881236074,0.4883015597920277,16.16,86.67368421052632
OCF_E_qb2of3__FCF_P_qb2of3__C6_ROE_DYN_ytdavg_gt_lyytdavg__v0,OCF_E_qb2of3__FCF_P_qb2of3,C6_ROE_DYN_ytdavg_gt_lyytdavg,0.15115351087765383,0.12762602498232223,0.0235274858953316,-0.5316384928691849,0.4917480633209835,18.05,81.28771929824562
MOM_qb2of3__ACCRUAL_qb1of3__C8_EPS_DYN_riseq1__v0,MOM_qb2of3__ACCRUAL_qb1of3,C8_EPS_DYN_riseq1,0.1511531864731852,0.13564208643476539,0.015511100038419823,-0.6907265788346231,0.5039649986327591,16.02,89.74736842105263
P_IC_qb1of3__OCF_E_qb1of3__C7_ROE_DYN_ytdavg_gt_lyavg__v0,P_IC_qb1of3__OCF_E_qb1of3,C7_ROE_DYN_ytdavg_gt_lyavg,0.1511477694776835,0.10858375215866056,0.04256401731902293,-0.5496040135117328,0.4989975495656048,16.29,73.85263157894737
ROIC_qb1of3__DEBTRATIO_qb2of3__C3_ROE_DYN_qmax4__v0,ROIC_qb1of3__DEBTRATIO_qb2of3,C3_ROE_DYN_qmax4,0.15113122403060375,0.11680265302092874,0.03432857100967501,-0.5632630751649013,0.5055928411633109,16.68,56.85496183206107
ROE_qb2of3__FCF_P_qb2of3__C18_FCF_P_DYN_qmax8__v0,ROE_qb2of3__FCF_P_qb2of3,C18_FCF_P_DYN_qmax8,0.15113027825438818,0.12202542765864322,0.02910485059574497,-0.5779425404348374,0.4716630535769588,23.81,42.48927038626609
ACCRUAL_qb0of3__FCF_OI_qb1of3__C14_EPS_DYN_ytdavg_gt_lyavg__v0,ACCRUAL_qb0of3__FCF_OI_qb1of3,C14_EPS_DYN_ytdavg_gt_lyavg,0.15104614237942804,0.11153610581397233,0.03951003656545571,-0.518833130464786,0.4669421487603306,16.82,78.85263157894737
DEBTRATIO_qb2of3__None__C9_EPS_DYN_riseq2__v0,DEBTRATIO_qb2of3__None,C9_EPS_DYN_riseq2,0.15100667765600617,0.11247402988012434,0.038532647775881834,-0.5069345788484593,0.4967431606373384,17.6,259.6824817518248
PB_qb0of3__FCF_P_qb1of3__C15_FCF_P_DYN_riseq1__v0,PB_qb0of3__FCF_P_qb1of3,C15_FCF_P_DYN_riseq1,0.15099270401393672,0.1810049825348956,-0.03001227852095889,-0.65156024584467,0.4830423940149626,15.44,50.329824561403505
EV_EBITDA_qb1of3__FCF_OI_qb1of3__C12_EPS_DYN_yoy__v0,EV_EBITDA_qb1of3__FCF_OI_qb1of3,C12_EPS_DYN_yoy,0.15099104100154448,0.1275583968310292,0.02343264417051527,-0.5846153562484953,0.5067055393586006,19.06,106.448
OCF_E_qb2of3__EV_EBITDA_qb1of3__C3_ROE_DYN_qmax4__v0,OCF_E_qb2of3__EV_EBITDA_qb1of3,C3_ROE_DYN_qmax4,0.150984873701407,0.12133006898882948,0.02965480471257753,-0.7181283058323947,0.517490952955368,17.37,58.408396946564885
PS_qb0of3__OCF_E_qb1of3__C1_ROE_DYN_riseq1__v0,PS_qb0of3__OCF_E_qb1of3,C1_ROE_DYN_riseq1,0.1509343920800441,0.16105240877452465,-0.010118016694480536,-0.5629328013010886,0.5045096910381884,16.18,74.00701754385965
PS_qb1of3__MOM_qb2of3__C16_FCF_P_DYN_riseq2__v0,PS_qb1of3__MOM_qb2of3,C16_FCF_P_DYN_riseq2,0.15082301032065537,0.12985143618864448,0.020971574132010895,-0.7001964068223588,0.4788806758183738,17.78,75.21897810218978
PB_qb1of3__NETDEBT_EBITDA_qb0of3__C1_ROE_DYN_riseq1__v0,PB_qb1of3__NETDEBT_EBITDA_qb0of3,C1_ROE_DYN_riseq1,0.15082291003689385,0.11510738211040183,0.03571552792649202,-0.6019782943442364,0.49698996655518396,17.11,71.81052631578947
MOM_qb2of3__ACCRUAL_qb0of3__C20_FCF_P_DYN_ytdavg_gt_lyytdavg__v0,MOM_qb2of3__ACCRUAL_qb0of3,C20_FCF_P_DYN_ytdavg_gt_lyytdavg,0.15079728190990127,0.15172057801880778,-0.0009232961089065128,-0.6704368616929255,0.4831199068684517,16.16,71.93333333333334
EV_S_qb0of3__ROE_qb2of3__C18_FCF_P_DYN_qmax8__v0,EV_S_qb0of3__ROE_qb2of3,C18_FCF_P_DYN_qmax8,0.15075635553139954,0.16125483918444772,-0.010498483653048174,-0.6820290385500438,0.4849206349206349,17.95,17.16157205240175
ROE_qb2of3__ROIC_qb1of3__C6_ROE_DYN_ytdavg_gt_lyytdavg__v0,ROE_qb2of3__ROIC_qb1of3,C6_ROE_DYN_ytdavg_gt_lyytdavg,0.1507244037998563,0.12028408152058989,0.030440322279266407,-0.4725116504218261,0.4883208461877479,16.96,37.62105263157895
ROE_qb2of3__FCF_P_qb0of3__C7_ROE_DYN_ytdavg_gt_lyavg__v0,ROE_qb2of3__FCF_P_qb0of3,C7_ROE_DYN_ytdavg_gt_lyavg,0.1506547776779663,0.10634093976900005,0.04431383790896626,-0.47397479483005245,0.4756362201617676,18.8,69.51228070175439
P_IC_qb0of3__ROIC_qb1of3__C17_FCF_P_DYN_qmax4__v0,P_IC_qb0of3__ROIC_qb1of3,C17_FCF_P_DYN_qmax4,0.15060376936737785,0.18272926888937446,-0.032125499521996614,-0.5552052921133181,0.498642779587405,19.68,48.908396946564885
PS_qb1of3__DEBTRATIO_qb0of3__C8_EPS_DYN_riseq1__v0,PS_qb1of3__DEBTRATIO_qb0of3,C8_EPS_DYN_riseq1,0.15058495419385043,0.12634493133806424,0.024240022855786192,-0.6095534473549498,0.4996056782334385,17.95,83.47719298245615
EV_S_qb0of3__FCF_OI_qb1of3__C19_FCF_P_DYN_yoy__v0,EV_S_qb0of3__FCF_OI_qb1of3,C19_FCF_P_DYN_yoy,0.1505657064818149,0.1576248487356633,-0.007059142253848405,-0.6112618225054369,0.49056334000571916,18.81,117.82
OCF_E_qb2of3__ROIC_qb1of3__C14_EPS_DYN_ytdavg_gt_lyavg__v0,OCF_E_qb2of3__ROIC_qb1of3,C14_EPS_DYN_ytdavg_gt_lyavg,0.150560724880618,0.10988266317424689,0.040678061706371116,-0.5131835506181422,0.48558804965285085,17.93,71.1438596491228
OCF_E_qb2of3__FCF_OI_qb1of3__C14_EPS_DYN_ytdavg_gt_lyavg__v0,OCF_E_qb2of3__FCF_OI_qb1of3,C14_EPS_DYN_ytdavg_gt_lyavg,0.15055552292164598,0.11774066125008464,0.032814861671561335,-0.49020668370094966,0.4722345624167037,16.97,97.51578947368421
EV_S_qb1of3__MOM_qb2of3__C6_ROE_DYN_ytdavg_gt_lyytdavg__v0,EV_S_qb1of3__MOM_qb2of3,C6_ROE_DYN_ytdavg_gt_lyytdavg,0.15053386191046458,0.12920025367569776,0.02133360823476682,-0.6692331279439031,0.471301247771836,16.17,78.94035087719298
EV_S_qb1of3__MOM_qb2of3__C2_ROE_DYN_riseq2__v0,EV_S_qb1of3__MOM_qb2of3,C2_ROE_DYN_riseq2,0.15052387485105267,0.12920025367569776,0.021323621175354912,-0.7094498657207262,0.4922773578705225,17.25,86.0036496350365
ROE_qb2of3__NETDEBT_EBITDA_qb2of3__C8_EPS_DYN_riseq1__v0,ROE_qb2of3__NETDEBT_EBITDA_qb2of3,C8_EPS_DYN_riseq1,0.1505235575606989,0.12573108691877288,0.024792470641926023,-0.5009563224185938,0.46663346613545814,17.43,61.280701754385966
MOM_qb2of3__FCF_P_qb0of3__C16_FCF_P_DYN_riseq2__v0,MOM_qb2of3__FCF_P_qb0of3,C16_FCF_P_DYN_riseq2,0.15049564772816848,0.12263642895378513,0.027859218774383354,-0.6899091394679122,0.4554312522555034,18.82,32.74817518248175
NETDEBT_EBITDA_qb2of3__FCF_P_qb2of3__C1_ROE_DYN_riseq1__v0,NETDEBT_EBITDA_qb2of3__FCF_P_qb2of3,C1_ROE_DYN_riseq1,0.15046567082584184,0.130367316892525,0.020098353933316826,-0.5738909743922433,0.487960687960688,17.07,85.65263157894736
ROE_qb2of3__NETDEBT_EBITDA_qb0of3__C12_EPS_DYN_yoy__v0,ROE_qb2of3__NETDEBT_EBITDA_qb0of3,C12_EPS_DYN_yoy,0.1504588191684133,0.10739791521726105,0.04306090395115225,-0.5529719898110095,0.4825388026607539,19.44,82.4
P_IC_qb1of3__MOM_qb2of3__C14_EPS_DYN_ytdavg_gt_lyavg__v0,P_IC_qb1of3__MOM_qb2of3,C14_EPS_DYN_ytdavg_gt_lyavg,0.15044590662217172,0.14135123829913576,0.00909466832303596,-0.6348749633618395,0.4718699767815681,15.43,80.14035087719299
MOM_qb2of3__FCF_OI_qb2of3__C8_EPS_DYN_riseq1__v0,MOM_qb2of3__FCF_OI_qb2of3,C8_EPS_DYN_riseq1,0.15042376859150952,0.13351239190976916,0.016911376681740364,-0.6747184548534212,0.506242109692804,16.37,84.8140350877193
OCF_E_qb1of3__FCF_P_qb2of3__C6_ROE_DYN_ytdavg_gt_lyytdavg__v0,OCF_E_qb1of3__FCF_P_qb2of3,C6_ROE_DYN_ytdavg_gt_lyytdavg,0.15041129940871922,0.12040696135896067,0.03000433804975855,-0.5187155135237858,0.48761869298082294,17.63,71.12982456140351
OCF_E_qb2of3__EV_EBITDA_qb1of3__C12_EPS_DYN_yoy__v0,OCF_E_qb2of3__EV_EBITDA_qb1of3,C12_EPS_DYN_yoy,0.15040679713710925,0.12133006898882948,0.029076728148279773,-0.5477724538699063,0.49361702127659574,20.36,113.776
PB_qb0of3__DEBTRATIO_qb2of3__C18_FCF_P_DYN_qmax8__v0,PB_qb0of3__DEBTRATIO_qb2of3,C18_FCF_P_DYN_qmax8,0.15039567055184921,0.18635950857908368,-0.03596383802723446,-0.6438550478308973,0.48760330578512395,20.97,21.197424892703864
P_IC_qb1of3__FCF_OI_qb1of3__C9_EPS_DYN_riseq2__v0,P_IC_qb1of3__FCF_OI_qb1of3,C9_EPS_DYN_riseq2,0.15037264671572603,0.1162649322304854,0.03410771448524064,-0.609698243942155,0.5070592286501377,16.91,91.15328467153284
ROE_qb2of3__FCF_P_qb2of3__C1_ROE_DYN_riseq1__v0,ROE_qb2of3__FCF_P_qb2of3,C1_ROE_DYN_riseq1,0.15035819155085584,0.12202542765864322,0.02833276389221262,-0.5018571431914337,0.48971246006389774,17.57,99.9859649122807
ROE_qb1of3__FCF_P_qb2of3__C13_EPS_DYN_ytdavg_gt_lyytdavg__v0,ROE_qb1of3__FCF_P_qb2of3,C13_EPS_DYN_ytdavg_gt_lyytdavg,0.15033347104919081,0.12843923926750733,0.021894231781683482,-0.5367341838317206,0.5079854809437386,17.7,79.54385964912281
ROIC_qb1of3__NETDEBT_EBITDA_qb2of3__C2_ROE_DYN_riseq2__v0,ROIC_qb1of3__NETDEBT_EBITDA_qb2of3,C2_ROE_DYN_riseq2,0.15031998894865217,0.11795452966567255,0.032365459282979625,-0.544322422788005,0.49430949549855613,17.31,112.1094890510949
NETDEBT_EBITDA_qb2of3__None__C12_EPS_DYN_yoy__v0,NETDEBT_EBITDA_qb2of3__None,C12_EPS_DYN_yoy,0.15030713933664974,0.11310247772162718,0.03720466161502256,-0.5859209983215102,0.4670398009950249,19.02,239.368
ROE_qb1of3__FCF_P_qb2of3__C1_ROE_DYN_riseq1__v0,ROE_qb1of3__FCF_P_qb2of3,C1_ROE_DYN_riseq1,0.15030447881928355,0.12843923926750733,0.021865239551776217,-0.5621647632522362,0.5012135922330098,18.05,88.04912280701754
OCF_E_qb2of3__None__C12_EPS_DYN_yoy__v0,OCF_E_qb2of3__None,C12_EPS_DYN_yoy,0.150287971603571,0.10702478116805669,0.0432631904355143,-0.49130699799795285,0.4807039864291773,20.67,278.412
OCF_E_qb2of3__ROIC_qb2of3__C9_EPS_DYN_riseq2__v0,OCF_E_qb2of3__ROIC_qb2of3,C9_EPS_DYN_riseq2,0.15028569662932245,0.10550033079483523,0.04478536583448722,-0.4003268694672828,0.4816428804880706,19.47,169.2810218978102
PS_qb1of3__ROE_qb2of3__C2_ROE_DYN_riseq2__v0,PS_qb1of3__ROE_qb2of3,C2_ROE_DYN_riseq2,0.15027640729403013,0.11938211139414667,0.03089429589988346,-0.5526320677915082,0.5030387220003473,19.05,106.72262773722628
ROE_qb2of3__ROIC_qb2of3__C10_EPS_DYN_qmax4__v0,ROE_qb2of3__ROIC_qb2of3,C10_EPS_DYN_qmax4,0.15026398892338877,0.10497732735766574,0.04528666156572303,-0.4267400610183286,0.4893836903419767,18.5,183.91221374045801
NETDEBT_EBITDA_qb2of3__None__C5_ROE_DYN_yoy__v0,NETDEBT_EBITDA_qb2of3__None,C5_ROE_DYN_yoy,0.1502628988336705,0.11310247772162718,0.03716042111204332,-0.5874558066020621,0.4702592780884596,19.09,234.216
OCF_E_qb1of3__FCF_OI_qb1of3__C9_EPS_DYN_riseq2__v0,OCF_E_qb1of3__FCF_OI_qb1of3,C9_EPS_DYN_riseq2,0.150256474244709,0.10728376775503445,0.04297270648967455,-0.5221396409630309,0.5123555840821566,16.8,88.33211678832117
MOM_qb2of3__ROIC_qb1of3__C16_FCF_P_DYN_riseq2__v0,MOM_qb2of3__ROIC_qb1of3,C16_FCF_P_DYN_riseq2,0.15024196970820158,0.1489494323621996,0.0012925373460019873,-0.6421258069112461,0.4963087248322148,17.0,76.41605839416059
DEBTRATIO_qb2of3__FCF_P_qb2of3__C2_ROE_DYN_riseq2__v0,DEBTRATIO_qb2of3__FCF_P_qb2of3,C2_ROE_DYN_riseq2,0.1502361371782488,0.13414183650936895,0.016094300668879846,-0.5296468038515383,0.5035398230088496,17.21,88.57299270072993
FCF_OI_qb1of3__NETDEBT_EBITDA_qb2of3__C13_EPS_DYN_ytdavg_gt_lyytdavg__v0,FCF_OI_qb1of3__NETDEBT_EBITDA_qb2of3,C13_EPS_DYN_ytdavg_gt_lyytdavg,0.15015731191882065,0.11499305815386185,0.0351642537649588,-0.559876409269343,0.46074525427700963,16.94,72.6140350877193
EV_S_qb1of3__MOM_qb2of3__C9_EPS_DYN_riseq2__v0,EV_S_qb1of3__MOM_qb2of3,C9_EPS_DYN_riseq2,0.1501485382672405,0.12920025367569776,0.020948284591542743,-0.6998679632619189,0.4929850024189647,17.23,88.37591240875912
EV_S_qb1of3__ROIC_qb2of3__C3_ROE_DYN_qmax4__v0,EV_S_qb1of3__ROIC_qb2of3,C3_ROE_DYN_qmax4,0.15007051749756117,0.11007268957710736,0.03999782792045381,-0.5432048330019377,0.507940108892922,17.59,66.32824427480917
MOM_qb2of3__EV_EBITDA_qb1of3__C20_FCF_P_DYN_ytdavg_gt_lyytdavg__v0,MOM_qb2of3__EV_EBITDA_qb1of3,C20_FCF_P_DYN_ytdavg_gt_lyytdavg,0.15006617806257982,0.15785208153346586,-0.007785903470886035,-0.6613896451274449,0.4963855421686747,15.85,79.04561403508772
P_IC_qb1of3__FCF_P_qb1of3__C3_ROE_DYN_qmax4__v0,P_IC_qb1of3__FCF_P_qb1of3,C3_ROE_DYN_qmax4,0.14998750038337616,0.11136939041932759,0.038618109964048575,-0.6575764050430877,0.5203604806408545,16.48,41.47328244274809
PB_qb1of3__DEBTRATIO_qb1of3__C3_ROE_DYN_qmax4__v0,PB_qb1of3__DEBTRATIO_qb1of3,C3_ROE_DYN_qmax4,0.14998467998008214,0.10213199884253421,0.047852681137547926,-0.5960729127043851,0.5160707836764175,17.13,42.961832061068705
PB_qb1of3__DEBTRATIO_qb1of3__C10_EPS_DYN_qmax4__v0,PB_qb1of3__DEBTRATIO_qb1of3,C10_EPS_DYN_qmax4,0.14996465862116004,0.10213199884253421,0.04783265977862583,-0.5404721596296262,0.5164873307879209,17.85,45.465648854961835
OCF_E_qb2of3__EV_EBITDA_qb0of3__C16_FCF_P_DYN_riseq2__v0,OCF_E_qb2of3__EV_EBITDA_qb0of3,C16_FCF_P_DYN_riseq2,0.1499102585555825,0.15339211904025563,-0.0034818604846731382,-0.5665886392352949,0.4974499803844645,18.66,75.98905109489051
ROE_qb2of3__ROIC_qb2of3__C12_EPS_DYN_yoy__v0,ROE_qb2of3__ROIC_qb2of3,C12_EPS_DYN_yoy,0.14989187126277614,0.10497732735766574,0.044914543905110405,-0.48105335178995334,0.47408682348441383,20.92,283.24
OCF_E_qb2of3__FCF_P_qb0of3__C12_EPS_DYN_yoy__v0,OCF_E_qb2of3__FCF_P_qb0of3,C12_EPS_DYN_yoy,0.14987383004059995,0.10663543740601678,0.04323839263458318,-0.47846949871081224,0.4744417789260011,21.99,78.044
EV_S_qb1of3__OCF_E_qb2of3__C8_EPS_DYN_riseq1__v0,EV_S_qb1of3__OCF_E_qb2of3,C8_EPS_DYN_riseq1,0.14986597405423074,0.12024507725315203,0.02962089680107871,-0.5640842313238261,0.4940858398107469,17.99,85.52631578947368
P_IC_qb0of3__NETDEBT_EBITDA_qb1of3__C18_FCF_P_DYN_qmax8__v0,P_IC_qb0of3__NETDEBT_EBITDA_qb1of3,C18_FCF_P_DYN_qmax8,0.14985370605516457,0.1828242597650629,-0.03297055370989832,-0.5594382405277369,0.4788273615635179,20.79,13.098712446351932
OCF_E_qb2of3__NETDEBT_EBITDA_qb2of3__C7_ROE_DYN_ytdavg_gt_lyavg__v0,OCF_E_qb2of3__NETDEBT_EBITDA_qb2of3,C7_ROE_DYN_ytdavg_gt_lyavg,0.14983980397797292,0.12059306705584905,0.029246736922123873,-0.5053056272603818,0.47340139709833423,17.41,62.66315789473684
PS_qb1of3__ROIC_qb2of3__C10_EPS_DYN_qmax4__v0,PS_qb1of3__ROIC_qb2of3,C10_EPS_DYN_qmax4,0.14983299021400964,0.12120296701946254,0.028630023194547105,-0.5179124369377576,0.5143349859883596,18.73,73.6030534351145
PS_qb1of3__ACCRUAL_qb1of3__C11_EPS_DYN_qmax8__v0,PS_qb1of3__ACCRUAL_qb1of3,C11_EPS_DYN_qmax8,0.14982569033971638,0.10712139139531085,0.04270429894440553,-0.7040301792512081,0.5146618791143028,19.57,24.858369098712448
PS_qb1of3__MOM_qb2of3__C1_ROE_DYN_riseq1__v0,PS_qb1of3__MOM_qb2of3,C1_ROE_DYN_riseq1,0.14981663135685452,0.12985143618864448,0.019965195168210048,-0.7099532374043938,0.4839163023110556,16.32,83.40701754385965
PS_qb0of3__DEBTRATIO_qb0of3__C19_FCF_P_DYN_yoy__v0,PS_qb0of3__DEBTRATIO_qb0of3,C19_FCF_P_DYN_yoy,0.14978690248993431,0.16454566385826408,-0.014758761368329765,-0.5296495172075366,0.5071574642126789,21.0,28.12
P_IC_qb1of3__ROE_qb2of3__C17_FCF_P_DYN_qmax4__v0,P_IC_qb1of3__ROE_qb2of3,C17_FCF_P_DYN_qmax4,0.14977986886962658,0.15952276167140345,-0.00974289280177687,-0.546944935284986,0.4778344448803452,18.06,32.36259541984733
EV_S_qb1of3__ACCRUAL_qb0of3__C8_EPS_DYN_riseq1__v0,EV_S_qb1of3__ACCRUAL_qb0of3,C8_EPS_DYN_riseq1,0.14972484916691453,0.11933321896314197,0.030391630203772557,-0.5717574625860604,0.4860557768924303,17.7,74.10526315789474
ROIC_qb1of3__FCF_P_qb2of3__C13_EPS_DYN_ytdavg_gt_lyytdavg__v0,ROIC_qb1of3__FCF_P_qb2of3,C13_EPS_DYN_ytdavg_gt_lyytdavg,0.14972144616112404,0.13214928588991603,0.017572160271208004,-0.5202061995564227,0.5117289313640313,17.64,83.70526315789473
FCF_P_qb2of3__None__C13_EPS_DYN_ytdavg_gt_lyytdavg__v0,FCF_P_qb2of3__None,C13_EPS_DYN_ytdavg_gt_lyytdavg,0.1497076818240881,0.12214294842787288,0.027564733396215235,-0.5371361728255981,0.4897297297297297,18.0,224.12280701754386
MOM_qb2of3__EV_EBITDA_qb1of3__C16_FCF_P_DYN_riseq2__v0,MOM_qb2of3__EV_EBITDA_qb1of3,C16_FCF_P_DYN_riseq2,0.14968941185637963,0.15785208153346586,-0.008162669677086232,-0.644389723098818,0.4952529182879377,16.97,82.52554744525547
EV_S_qb0of3__OCF_E_qb2of3__C20_FCF_P_DYN_ytdavg_gt_lyytdavg__v0,EV_S_qb0of3__OCF_E_qb2of3,C20_FCF_P_DYN_ytdavg_gt_lyytdavg,0.14968466227967414,0.15462123639236114,-0.004936574112686998,-0.6036226899903256,0.5070159027128157,17.0,83.71929824561404
PS_qb1of3__ROE_qb2of3__C4_ROE_DYN_qmax8__v0,PS_qb1of3__ROE_qb2of3,C4_ROE_DYN_qmax8,0.14968290791966643,0.11938211139414667,0.030300796525519758,-0.6465926749316236,0.5095087163232963,21.35,40.4549356223176
EV_S_qb1of3__NETDEBT_EBITDA_qb2of3__C8_EPS_DYN_riseq1__v0,EV_S_qb1of3__NETDEBT_EBITDA_qb2of3,C8_EPS_DYN_riseq1,0.14967091619375994,0.12592618420732227,0.023744731986437673,-0.6232871667491726,0.46788633709614635,18.39,87.45263157894736
EV_EBITDA_qb1of3__None__C5_ROE_DYN_yoy__v0,EV_EBITDA_qb1of3__None,C5_ROE_DYN_yoy,0.14964500499170952,0.12168343275173998,0.027961572239969534,-0.5912830901210762,0.4911507905293794,19.43,260.064
OCF_E_qb2of3__EV_EBITDA_qb1of3__C18_FCF_P_DYN_qmax8__v0,OCF_E_qb2of3__EV_EBITDA_qb1of3,C18_FCF_P_DYN_qmax8,0.14959322400746422,0.12133006898882948,0.028263155018634745,-0.638546876260528,0.46748193440800445,24.91,22.776824034334766
EV_EBITDA_qb1of3__FCF_OI_qb1of3__C3_ROE_DYN_qmax4__v0,EV_EBITDA_qb1of3__FCF_OI_qb1of3,C3_ROE_DYN_qmax4,0.14958498522397434,0.1275583968310292,0.022026588392945134,-0.6490505598568345,0.5259387351778656,15.97,54.98854961832061
P_IC_qb1of3__DEBTRATIO_qb0of3__C6_ROE_DYN_ytdavg_gt_lyytdavg__v0,P_IC_qb1of3__DEBTRATIO_qb0of3,C6_ROE_DYN_ytdavg_gt_lyytdavg,0.14955748319404938,0.1393426824369417,0.010214800757107678,-0.5763758415163913,0.5118733509234829,16.93,69.9298245614035
ROE_qb2of3__NETDEBT_EBITDA_qb0of3__C2_ROE_DYN_riseq2__v0,ROE_qb2of3__NETDEBT_EBITDA_qb0of3,C2_ROE_DYN_riseq2,0.14951231540123966,0.10739791521726105,0.042114400183978606,-0.5146992976826944,0.509048178613396,17.55,86.7007299270073
EV_S_qb1of3__NETDEBT_EBITDA_qb2of3__C14_EPS_DYN_ytdavg_gt_lyavg__v0,EV_S_qb1of3__NETDEBT_EBITDA_qb2of3,C14_EPS_DYN_ytdavg_gt_lyavg,0.14949909108652526,0.12592618420732227,0.023572906879202993,-0.6125306249668483,0.4787268593699253,17.94,79.29473684210527
PS_qb1of3__OCF_E_qb2of3__C4_ROE_DYN_qmax8__v0,PS_qb1of3__OCF_E_qb2of3,C4_ROE_DYN_qmax8,0.14947624038231244,0.10315298366883918,0.04632325671347326,-0.6646541377307835,0.5229251305861868,20.27,27.06008583690987
ROIC_qb1of3__DEBTRATIO_qb2of3__C5_ROE_DYN_yoy__v0,ROIC_qb1of3__DEBTRATIO_qb2of3,C5_ROE_DYN_yoy,0.14945953894917618,0.11680265302092874,0.03265688592824745,-0.5652151377356394,0.48298658370600817,19.14,106.304
P_IC_qb1of3__FCF_OI_qb1of3__C14_EPS_DYN_ytdavg_gt_lyavg__v0,P_IC_qb1of3__FCF_OI_qb1of3,C14_EPS_DYN_ytdavg_gt_lyavg,0.14941841568674818,0.1162649322304854,0.03315348345626279,-0.5644798021140407,0.4924042941057322,16.22,80.27368421052631
MOM_qb2of3__FCF_OI_qb1of3__None__v0,MOM_qb2of3__FCF_OI_qb1of3,None,0.1494073362333117,0.1494073362333117,0.0,-0.654273371697033,0.48240385400506247,15.56,155.22222222222223
PS_qb1of3__ROE_qb2of3__C11_EPS_DYN_qmax8__v0,PS_qb1of3__ROE_qb2of3,C11_EPS_DYN_qmax8,0.1493925257719284,0.11938211139414667,0.030010414377781736,-0.6655994341101104,0.5097899608401566,22.39,47.64377682403433
FCF_OI_qb1of3__DEBTRATIO_qb1of3__C10_EPS_DYN_qmax4__v0,FCF_OI_qb1of3__DEBTRATIO_qb1of3,C10_EPS_DYN_qmax4,0.14935712304390547,0.1043803523024891,0.04497677074141637,-0.5680974735315558,0.4929854096520763,17.01,51.73664122137404
P_IC_qb1of3__FCF_OI_qb1of3__C2_ROE_DYN_riseq2__v0,P_IC_qb1of3__FCF_OI_qb1of3,C2_ROE_DYN_riseq2,0.1493240995098617,0.1162649322304854,0.0330591672793763,-0.6222251541156286,0.5076256499133449,17.1,90.24817518248175
FCF_OI_qb1of3__NETDEBT_EBITDA_qb2of3__C14_EPS_DYN_ytdavg_gt_lyavg__v0,FCF_OI_qb1of3__NETDEBT_EBITDA_qb2of3,C14_EPS_DYN_ytdavg_gt_lyavg,0.14924029818194517,0.11499305815386185,0.034247240028083326,-0.554801070058602,0.46321192862380833,16.88,70.08771929824562
FCF_OI_qb1of3__DEBTRATIO_qb2of3__C7_ROE_DYN_ytdavg_gt_lyavg__v0,FCF_OI_qb1of3__DEBTRATIO_qb2of3,C7_ROE_DYN_ytdavg_gt_lyavg,0.1492285720299371,0.11211067470469849,0.037117897325238625,-0.5401070464098162,0.45974382433668803,16.03,79.11578947368422
OCF_E_qb1of3__FCF_OI_qb1of3__C12_EPS_DYN_yoy__v0,OCF_E_qb1of3__FCF_OI_qb1of3,C12_EPS_DYN_yoy,0.14920481948354047,0.10728376775503445,0.04192105172850602,-0.5751575603100585,0.49047699308949944,18.97,83.844
FCF_OI_qb1of3__DEBTRATIO_qb0of3__C2_ROE_DYN_riseq2__v0,FCF_OI_qb1of3__DEBTRATIO_qb0of3,C2_ROE_DYN_riseq2,0.14917553447330012,0.10607558667456085,0.04309994779873927,-0.5700209955863104,0.5068052930056711,17.42,86.57299270072993
PB_qb1of3__ACCRUAL_qb1of3__C11_EPS_DYN_qmax8__v0,PB_qb1of3__ACCRUAL_qb1of3,C11_EPS_DYN_qmax8,0.14915505665058593,0.10392799967158028,0.04522705697900564,-0.7399883893690482,0.5003207184092366,16.96,23.334763948497855
NETDEBT_EBITDA_qb2of3__None__C2_ROE_DYN_riseq2__v0,NETDEBT_EBITDA_qb2of3__None,C2_ROE_DYN_riseq2,0.14914860791875273,0.11310247772162718,0.03604613019712555,-0.5691499761233219,0.49294019933554817,17.8,242.17518248175182
ROE_qb2of3__FCF_OI_qb1of3__C12_EPS_DYN_yoy__v0,ROE_qb2of3__FCF_OI_qb1of3,C12_EPS_DYN_yoy,0.14914479331491282,0.1074915393951017,0.04165325391981112,-0.5251766616047009,0.49470438396567906,20.49,128.688
P_IC_qb0of3__FCF_OI_qb1of3__C20_FCF_P_DYN_ytdavg_gt_lyytdavg__v0,P_IC_qb0of3__FCF_OI_qb1of3,C20_FCF_P_DYN_ytdavg_gt_lyytdavg,0.1491359326825139,0.1841328203450041,-0.034996887662490206,-0.5884701393872067,0.4944633730834753,16.22,77.03157894736842
FCF_P_qb2of3__None__C6_ROE_DYN_ytdavg_gt_lyytdavg__v0,FCF_P_qb2of3__None,C6_ROE_DYN_ytdavg_gt_lyytdavg,0.14911886210526148,0.12214294842787288,0.026975913677388608,-0.5331118877617089,0.4927735719201652,17.78,209.6
P_IC_qb1of3__OCF_E_qb2of3__C9_EPS_DYN_riseq2__v0,P_IC_qb1of3__OCF_E_qb2of3,C9_EPS_DYN_riseq2,0.14909865922957266,0.11478934435704824,0.03430931487252442,-0.534647040113428,0.4984076433121019,17.28,77.18248175182482
OCF_E_qb2of3__NETDEBT_EBITDA_qb2of3__C6_ROE_DYN_ytdavg_gt_lyytdavg__v0,OCF_E_qb2of3__NETDEBT_EBITDA_qb2of3,C6_ROE_DYN_ytdavg_gt_lyytdavg,0.14909596975816575,0.12059306705584905,0.0285029027023167,-0.5059394861545166,0.4671513892495456,17.74,64.3578947368421
OCF_E_qb2of3__ROIC_qb2of3__C12_EPS_DYN_yoy__v0,OCF_E_qb2of3__ROIC_qb2of3,C12_EPS_DYN_yoy,0.14909352836516399,0.10550033079483523,0.04359319757032876,-0.4479450704927245,0.4753898635477583,21.65,168.616
PS_qb1of3__DEBTRATIO_qb0of3__C1_ROE_DYN_riseq1__v0,PS_qb1of3__DEBTRATIO_qb0of3,C1_ROE_DYN_riseq1,0.14907422194558095,0.12634493133806424,0.022729290607516717,-0.6219820107408276,0.4980031948881789,17.97,82.95438596491228
PS_qb1of3__MOM_qb2of3__C8_EPS_DYN_riseq1__v0,PS_qb1of3__MOM_qb2of3,C8_EPS_DYN_riseq1,0.14899953974485358,0.12985143618864448,0.019148103556209106,-0.7067455470043496,0.4873166259168704,16.89,85.53684210526316
NETDEBT_EBITDA_qb2of3__None__C9_EPS_DYN_riseq2__v0,NETDEBT_EBITDA_qb2of3__None,C9_EPS_DYN_riseq2,0.14899328000933032,0.11310247772162718,0.03589080228770314,-0.5547516826053422,0.4915289256198347,18.09,242.3175182481752
P_IC_qb1of3__DEBTRATIO_qb1of3__C3_ROE_DYN_qmax4__v0,P_IC_qb1of3__DEBTRATIO_qb1of3,C3_ROE_DYN_qmax4,0.14898432776702975,0.10457322351498388,0.04441110425204586,-0.5675215254930988,0.5070866141732283,17.22,49.50763358778626
P_IC_qb1of3__FCF_P_qb1of3__C1_ROE_DYN_riseq1__v0,P_IC_qb1of3__FCF_P_qb1of3,C1_ROE_DYN_riseq1,0.14898020687013713,0.11136939041932759,0.03761081645080955,-0.6695288878330535,0.5012212142358689,16.89,78.24912280701754
EV_EBITDA_qb1of3__FCF_OI_qb1of3__C14_EPS_DYN_ytdavg_gt_lyavg__v0,EV_EBITDA_qb1of3__FCF_OI_qb1of3,C14_EPS_DYN_ytdavg_gt_lyavg,0.148974347459915,0.1275583968310292,0.021415950628885794,-0.5582799976479924,0.5071171593930862,16.86,95.5859649122807
ROE_qb1of3__FCF_OI_qb1of3__C1_ROE_DYN_riseq1__v0,ROE_qb1of3__FCF_OI_qb1of3,C1_ROE_DYN_riseq1,0.1489728121484446,0.11311461277821944,0.03585819937022516,-0.6029936912017624,0.48760203295857074,15.79,92.17543859649123
P_IC_qb0of3__PB_qb0of3__C15_FCF_P_DYN_riseq1__v0,P_IC_qb0of3__PB_qb0of3,C15_FCF_P_DYN_riseq1,0.14895726308358204,0.18573029068263458,-0.036773027599052543,-0.6115322447967759,0.49416109392154905,18.63,171.68070175438598
ROE_qb2of3__FCF_P_qb2of3__C14_EPS_DYN_ytdavg_gt_lyavg__v0,ROE_qb2of3__FCF_P_qb2of3,C14_EPS_DYN_ytdavg_gt_lyavg,0.14895199777218027,0.12202542765864322,0.02692657011353705,-0.4381688136378278,0.48722452890450335,17.78,88.42105263157895
OCF_E_qb2of3__ROE_qb2of3__C9_EPS_DYN_riseq2__v0,OCF_E_qb2of3__ROE_qb2of3,C9_EPS_DYN_riseq2,0.14895044337921637,0.11168724670811869,0.037263196671097676,-0.40825406786382723,0.4852834113364535,19.59,178.01459854014598
MOM_qb2of3__ROIC_qb1of3__None__v0,MOM_qb2of3__ROIC_qb1of3,None,0.1489494323621996,0.1489494323621996,0.0,-0.6336329785251416,0.48408313601683767,16.99,148.11111111111111
ROE_qb2of3__NETDEBT_EBITDA_qb2of3__C13_EPS_DYN_ytdavg_gt_lyytdavg__v0,ROE_qb2of3__NETDEBT_EBITDA_qb2of3,C13_EPS_DYN_ytdavg_gt_lyytdavg,0.14893044433008606,0.12573108691877288,0.023199357411313182,-0.4580764064408046,0.4631870031109575,17.94,60.11929824561403
PS_qb0of3__EV_EBITDA_qb0of3__C18_FCF_P_DYN_qmax8__v0,PS_qb0of3__EV_EBITDA_qb0of3,C18_FCF_P_DYN_qmax8,0.1488941565365285,0.19132612263680127,-0.04243196610027278,-0.5731769558304014,0.4865023474178404,19.88,24.253218884120173
EV_S_qb1of3__OCF_E_qb2of3__C1_ROE_DYN_riseq1__v0,EV_S_qb1of3__OCF_E_qb2of3,C1_ROE_DYN_riseq1,0.1488837077616969,0.12024507725315203,0.02863863050854487,-0.5576781688737098,0.49333788862316363,18.09,82.96491228070175
OCF_E_qb2of3__EV_EBITDA_qb1of3__C6_ROE_DYN_ytdavg_gt_lyytdavg__v0,OCF_E_qb2of3__EV_EBITDA_qb1of3,C6_ROE_DYN_ytdavg_gt_lyytdavg,0.14887545055399531,0.12133006898882948,0.02754538156516584,-0.5246599482515053,0.49095315024232633,18.34,95.67719298245613
P_IC_qb1of3__OCF_E_qb1of3__C2_ROE_DYN_riseq2__v0,P_IC_qb1of3__OCF_E_qb1of3,C2_ROE_DYN_riseq2,0.14886672650410615,0.10858375215866056,0.04028297434544559,-0.5444406873442347,0.5187863820779679,17.42,90.60218978102189
MOM_qb2of3__DEBTRATIO_qb1of3__C1_ROE_DYN_riseq1__v0,MOM_qb2of3__DEBTRATIO_qb1of3,C1_ROE_DYN_riseq1,0.14886229008217544,0.13517618077461835,0.013686109307557093,-0.669460081137818,0.49713932271532396,16.32,85.81754385964912
EV_S_qb0of3__ACCRUAL_qb0of3__C20_FCF_P_DYN_ytdavg_gt_lyytdavg__v0,EV_S_qb0of3__ACCRUAL_qb0of3,C20_FCF_P_DYN_ytdavg_gt_lyytdavg,0.14884123001469352,0.15433085717622674,-0.005489627161533228,-0.6014222584040644,0.49520708988967266,17.03,82.45263157894736
EV_S_qb1of3__ACCRUAL_qb0of3__C1_ROE_DYN_riseq1__v0,EV_S_qb1of3__ACCRUAL_qb0of3,C1_ROE_DYN_riseq1,0.1488267142061266,0.11933321896314197,0.029493495242984613,-0.5667113786727123,0.48368184483095567,17.47,71.0982456140351
ROIC_qb1of3__FCF_OI_qb1of3__C8_EPS_DYN_riseq1__v0,ROIC_qb1of3__FCF_OI_qb1of3,C8_EPS_DYN_riseq1,0.14875495929010585,0.11961040076679486,0.029144558523310993,-0.5828213266138843,0.4885022692889561,15.95,95.1438596491228
MOM_qb2of3__FCF_P_qb1of3__C13_EPS_DYN_ytdavg_gt_lyytdavg__v0,MOM_qb2of3__FCF_P_qb1of3,C13_EPS_DYN_ytdavg_gt_lyytdavg,0.14875410031042957,0.12449311185748302,0.024260988452946552,-0.6375444583522589,0.4815785641473715,16.42,87.75438596491227
EV_EBITDA_qb1of3__FCF_P_qb2of3__C5_ROE_DYN_yoy__v0,EV_EBITDA_qb1of3__FCF_P_qb2of3,C5_ROE_DYN_yoy,0.14875342913837475,0.12095020165403092,0.02780322748434383,-0.5662425564549263,0.5011100539169046,19.5,91.516
ROE_qb2of3__FCF_P_qb2of3__C7_ROE_DYN_ytdavg_gt_lyavg__v0,ROE_qb2of3__FCF_P_qb2of3,C7_ROE_DYN_ytdavg_gt_lyavg,0.14872490394321258,0.12202542765864322,0.026699476284569368,-0.42609406838400465,0.4892245036483964,17.92,81.5578947368421
MOM_qb2of3__FCF_OI_qb0of3__C1_ROE_DYN_riseq1__v0,MOM_qb2of3__FCF_OI_qb0of3,C1_ROE_DYN_riseq1,0.14870935333091873,0.1129050553120563,0.035804298018862424,-0.7282933605841776,0.48366116751269034,16.54,76.83859649122807
P_IC_qb1of3__MOM_qb2of3__C7_ROE_DYN_ytdavg_gt_lyavg__v0,P_IC_qb1of3__MOM_qb2of3,C7_ROE_DYN_ytdavg_gt_lyavg,0.14869625024636357,0.14135123829913576,0.007345011947227809,-0.6502306617177277,0.4701127819548872,15.0,75.08771929824562
ROE_qb2of3__FCF_P_qb2of3__C2_ROE_DYN_riseq2__v0,ROE_qb2of3__FCF_P_qb2of3,C2_ROE_DYN_riseq2,0.1486522281837852,0.12202542765864322,0.02662680052514199,-0.4832015791845521,0.5000706713780919,18.58,100.73722627737226
ROIC_qb1of3__FCF_OI_qb1of3__C7_ROE_DYN_ytdavg_gt_lyavg__v0,ROIC_qb1of3__FCF_OI_qb1of3,C7_ROE_DYN_ytdavg_gt_lyavg,0.14857790421363237,0.11961040076679486,0.028967503446837517,-0.5435537782144052,0.4739939255884586,15.61,84.36842105263158
OCF_E_qb1of3__FCF_P_qb2of3__C9_EPS_DYN_riseq2__v0,OCF_E_qb1of3__FCF_P_qb2of3,C9_EPS_DYN_riseq2,0.14851277525855222,0.12040696135896067,0.028105813899591547,-0.5355465365170725,0.5147133008239448,17.98,81.35036496350365
EV_EBITDA_qb1of3__ACCRUAL_qb0of3__C9_EPS_DYN_riseq2__v0,EV_EBITDA_qb1of3__ACCRUAL_qb0of3,C9_EPS_DYN_riseq2,0.14848051701576126,0.12987807961629594,0.01860243739946532,-0.6225719524881088,0.5129847029526858,17.83,78.65693430656934
PS_qb1of3__None__C10_EPS_DYN_qmax4__v0,PS_qb1of3__None,C10_EPS_DYN_qmax4,0.14845944508980335,0.10454523190678677,0.04391421318301658,-0.5810735310790256,0.5011205179282868,18.39,134.22519083969465
OCF_E_qb1of3__EV_EBITDA_qb0of3__C1_ROE_DYN_riseq1__v0,OCF_E_qb1of3__EV_EBITDA_qb0of3,C1_ROE_DYN_riseq1,0.14845840848449798,0.1611145807766723,-0.012656172292174306,-0.5711627043366407,0.5063613231552163,17.26,69.88421052631578
PB_qb1of3__ROIC_qb2of3__C16_FCF_P_DYN_riseq2__v0,PB_qb1of3__ROIC_qb2of3,C16_FCF_P_DYN_riseq2,0.1483982502539758,0.15726720889947043,-0.00886895864549464,-0.5259886727566603,0.5243655962272625,19.05,70.75182481751825
MOM_qb2of3__ROE_qb1of3__C13_EPS_DYN_ytdavg_gt_lyytdavg__v0,MOM_qb2of3__ROE_qb1of3,C13_EPS_DYN_ytdavg_gt_lyytdavg,0.14837498990497577,0.142453064325746,0.00592192557922977,-0.5992426979343235,0.47981036455778975,15.62,79.55438596491229
PS_qb0of3__NETDEBT_EBITDA_qb0of3__C16_FCF_P_DYN_riseq2__v0,PS_qb0of3__NETDEBT_EBITDA_qb0of3,C16_FCF_P_DYN_riseq2,0.14836975490792148,0.1623346227872262,-0.013964867879304732,-0.560480648381216,0.5208181154127101,19.2,52.62408759124087
PS_qb1of3__ROE_qb2of3__C10_EPS_DYN_qmax4__v0,PS_qb1of3__ROE_qb2of3,C10_EPS_DYN_qmax4,0.14836147491179275,0.11938211139414667,0.028979363517646073,-0.5602368428416256,0.5096672661870504,18.99,70.07251908396947
PB_qb1of3__FCF_OI_qb1of3__C6_ROE_DYN_ytdavg_gt_lyytdavg__v0,PB_qb1of3__FCF_OI_qb1of3,C6_ROE_DYN_ytdavg_gt_lyytdavg,0.14836142376865102,0.11410064127221342,0.0342607824964376,-0.5743483179708293,0.4877848491069596,17.21,77.40350877192982
PB_qb1of3__NETDEBT_EBITDA_qb1of3__C14_EPS_DYN_ytdavg_gt_lyavg__v0,PB_qb1of3__NETDEBT_EBITDA_qb1of3,C14_EPS_DYN_ytdavg_gt_lyavg,0.14835011721620472,0.11455350465136882,0.033796612564835904,-0.5234522188035058,0.4953429297205758,17.47,78.60350877192982
OCF_E_qb2of3__NETDEBT_EBITDA_qb2of3__C8_EPS_DYN_riseq1__v0,OCF_E_qb2of3__NETDEBT_EBITDA_qb2of3,C8_EPS_DYN_riseq1,0.14832467052519394,0.12059306705584905,0.02773160346934489,-0.543636592258484,0.47310227514352543,17.77,69.02105263157895
ROE_qb2of3__DEBTRATIO_qb0of3__C2_ROE_DYN_riseq2__v0,ROE_qb2of3__DEBTRATIO_qb0of3,C2_ROE_DYN_riseq2,0.14832127654398475,0.10886193919574749,0.039459337348237256,-0.42308298656926757,0.5019124521886953,18.49,97.3029197080292
ROE_qb2of3__FCF_P_qb0of3__C2_ROE_DYN_riseq2__v0,ROE_qb2of3__FCF_P_qb0of3,C2_ROE_DYN_riseq2,0.148299071497906,0.10634093976900005,0.041958131728905945,-0.4887364028617911,0.4921224995574438,20.38,80.51459854014598
PS_qb1of3__MOM_qb2of3__C7_ROE_DYN_ytdavg_gt_lyavg__v0,PS_qb1of3__MOM_qb2of3,C7_ROE_DYN_ytdavg_gt_lyavg,0.14823381791235346,0.12985143618864448,0.018382381723708985,-0.6479669773362151,0.4664914586070959,16.21,74.98947368421052
FCF_P_qb2of3__None__C2_ROE_DYN_riseq2__v0,FCF_P_qb2of3__None,C2_ROE_DYN_riseq2,0.1482243308127833,0.12214294842787288,0.026081382384910423,-0.5542762817126997,0.5055632365527685,18.18,236.6970802919708
P_IC_qb1of3__DEBTRATIO_qb0of3__C13_EPS_DYN_ytdavg_gt_lyytdavg__v0,P_IC_qb1of3__DEBTRATIO_qb0of3,C13_EPS_DYN_ytdavg_gt_lyytdavg,0.1482125736091191,0.1393426824369417,0.008869891172177402,-0.5825170465257457,0.5089031339031339,17.19,72.67017543859649
P_IC_qb1of3__FCF_OI_qb1of3__C18_FCF_P_DYN_qmax8__v0,P_IC_qb1of3__FCF_OI_qb1of3,C18_FCF_P_DYN_qmax8,0.14821014993148873,0.1162649322304854,0.03194521770100334,-0.7082247984676356,0.3953488372093023,21.86,16.25
P_IC_qb1of3__FCF_OI_qb1of3__C1_ROE_DYN_riseq1__v0,P_IC_qb1of3__FCF_OI_qb1of3,C1_ROE_DYN_riseq1,0.14818840570560088,0.1162649322304854,0.03192347347511548,-0.653346004720462,0.49198617221873037,16.57,89.85263157894737
OCF_E_qb2of3__EV_EBITDA_qb1of3__C2_ROE_DYN_riseq2__v0,OCF_E_qb2of3__EV_EBITDA_qb1of3,C2_ROE_DYN_riseq2,0.14812390918105223,0.12133006898882948,0.02679384019222275,-0.6338038932982565,0.509417808219178,18.26,107.05474452554745
EV_S_qb0of3__EV_EBITDA_qb0of3__C15_FCF_P_DYN_riseq1__v0,EV_S_qb0of3__EV_EBITDA_qb0of3,C15_FCF_P_DYN_riseq1,0.1480856948121485,0.17809224021688452,-0.030006545404736018,-0.5305971518514359,0.47836926235518407,17.31,110.32631578947368
ROE_qb2of3__FCF_P_qb0of3__C14_EPS_DYN_ytdavg_gt_lyavg__v0,ROE_qb2of3__FCF_P_qb0of3,C14_EPS_DYN_ytdavg_gt_lyavg,0.1480798401938881,0.10634093976900005,0.04173890042488804,-0.4639047968905534,0.47889875022640827,19.23,77.20701754385965
EV_S_qb1of3__ROIC_qb2of3__C2_ROE_DYN_riseq2__v0,EV_S_qb1of3__ROIC_qb2of3,C2_ROE_DYN_riseq2,0.1480734379587425,0.11007268957710736,0.03800074838163514,-0.5451296531233687,0.5096446700507614,18.74,109.9087591240876
ROE_qb2of3__ACCRUAL_qb1of3__C12_EPS_DYN_yoy__v0,ROE_qb2of3__ACCRUAL_qb1of3,C12_EPS_DYN_yoy,0.14807206487104985,0.10780358903293696,0.04026847583811288,-0.4944551114673278,0.49798590130916415,20.31,94.952
P_IC_qb0of3__ROIC_qb1of3__C18_FCF_P_DYN_qmax8__v0,P_IC_qb0of3__ROIC_qb1of3,C18_FCF_P_DYN_qmax8,0.14806559803110697,0.18272926888937446,-0.03466367085826749,-0.6133512868556241,0.49645776566757494,21.6,24.429184549356222
PB_qb0of3__MOM_qb2of3__C17_FCF_P_DYN_qmax4__v0,PB_qb0of3__MOM_qb2of3,C17_FCF_P_DYN_qmax4,0.14800360374202226,0.17784854968810193,-0.02984494594607967,-0.6705107245512885,0.4933753943217666,17.04,38.87404580152672
PS_qb0of3__DEBTRATIO_qb1of3__C20_FCF_P_DYN_ytdavg_gt_lyytdavg__v0,PS_qb0of3__DEBTRATIO_qb1of3,C20_FCF_P_DYN_ytdavg_gt_lyytdavg,0.14798907018528928,0.16164172783718755,-0.01365265765189827,-0.5831069407454533,0.517263025737602,17.2,79.92280701754386
EV_S_qb1of3__DEBTRATIO_qb1of3__C2_ROE_DYN_riseq2__v0,EV_S_qb1of3__DEBTRATIO_qb1of3,C2_ROE_DYN_riseq2,0.1479681436967324,0.11155677487762738,0.036411368819105006,-0.5982337725350024,0.49816375027003673,18.2,90.57664233576642
P_IC_qb0of3__DEBTRATIO_qb1of3__C16_FCF_P_DYN_riseq2__v0,P_IC_qb0of3__DEBTRATIO_qb1of3,C16_FCF_P_DYN_riseq2,0.1479455601962223,0.17820977128879134,-0.03026421109256905,-0.6014969744912226,0.513986013986014,19.24,67.27737226277372
ACCRUAL_qb1of3__FCF_OI_qb1of3__C9_EPS_DYN_riseq2__v0,ACCRUAL_qb1of3__FCF_OI_qb1of3,C9_EPS_DYN_riseq2,0.14794056349723972,0.11215386819556161,0.035786695301678106,-0.5306148545227063,0.4981518817204301,17.9,83.58029197080292
MOM_qb2of3__FCF_P_qb0of3__C8_EPS_DYN_riseq1__v0,MOM_qb2of3__FCF_P_qb0of3,C8_EPS_DYN_riseq1,0.14793002215450035,0.12263642895378513,0.025293593200715225,-0.700184762401189,0.48511990754117307,16.72,85.09473684210526
DEBTRATIO_qb2of3__FCF_P_qb0of3__C2_ROE_DYN_riseq2__v0,DEBTRATIO_qb2of3__FCF_P_qb0of3,C2_ROE_DYN_riseq2,0.14789485159338245,0.10901546451131372,0.03887938708206873,-0.6010320468273557,0.48579545454545453,19.97,92.63503649635037
PS_qb1of3__None__C4_ROE_DYN_qmax8__v0,PS_qb1of3__None,C4_ROE_DYN_qmax8,0.147867821431529,0.10454523190678677,0.04332258952474222,-0.6473297100709722,0.5087535928926051,19.76,64.1716738197425
EV_S_qb1of3__NETDEBT_EBITDA_qb2of3__C9_EPS_DYN_riseq2__v0,EV_S_qb1of3__NETDEBT_EBITDA_qb2of3,C9_EPS_DYN_riseq2,0.14785003157032173,0.12592618420732227,0.02192384736299946,-0.6110892075740941,0.4841417910447761,18.43,87.92700729927007
ROIC_qb1of3__FCF_P_qb2of3__C1_ROE_DYN_riseq1__v0,ROIC_qb1of3__FCF_P_qb2of3,C1_ROE_DYN_riseq1,0.14783654761585585,0.13214928588991603,0.015687261725939816,-0.5704724949919948,0.4975419317524581,18.02,92.61754385964912
EV_S_qb0of3__NETDEBT_EBITDA_qb0of3__C16_FCF_P_DYN_riseq2__v0,EV_S_qb0of3__NETDEBT_EBITDA_qb0of3,C16_FCF_P_DYN_riseq2,0.14783335585173818,0.15451356457625898,-0.0066802087245207975,-0.5678123295846924,0.5248958104847554,18.16,96.91605839416059
P_IC_qb1of3__OCF_E_qb2of3__C7_ROE_DYN_ytdavg_gt_lyavg__v0,P_IC_qb1of3__OCF_E_qb2of3,C7_ROE_DYN_ytdavg_gt_lyavg,0.14779961543039666,0.11478934435704824,0.03301027107334842,-0.4876756626942179,0.4791617612432305,17.37,65.70175438596492
P_IC_qb0of3__ROIC_qb2of3__C17_FCF_P_DYN_qmax4__v0,P_IC_qb0of3__ROIC_qb2of3,C17_FCF_P_DYN_qmax4,0.14774552022379184,0.17524597133334008,-0.02750045110954824,-0.6188503687509785,0.48553459119496856,21.85,10.096
MOM_qb2of3__DEBTRATIO_qb2of3__C19_FCF_P_DYN_yoy__v0,MOM_qb2of3__DEBTRATIO_qb2of3,C19_FCF_P_DYN_yoy,0.14774530652294016,0.1409681494808137,0.006777157042126447,-0.6848167889621328,0.4803194523673702,17.8,77.896
ROIC_qb1of3__FCF_OI_qb1of3__C14_EPS_DYN_ytdavg_gt_lyavg__v0,ROIC_qb1of3__FCF_OI_qb1of3,C14_EPS_DYN_ytdavg_gt_lyavg,0.14773998709180636,0.11961040076679486,0.028129586325011502,-0.5334912140591284,0.4729905327640616,15.35,86.25263157894737
EV_S_qb1of3__NETDEBT_EBITDA_qb2of3__C1_ROE_DYN_riseq1__v0,EV_S_qb1of3__NETDEBT_EBITDA_qb2of3,C1_ROE_DYN_riseq1,0.14771082988493012,0.12592618420732227,0.02178464567760785,-0.637816045742445,0.46484375,18.22,87.69824561403509
PS_qb1of3__NETDEBT_EBITDA_qb1of3__C11_EPS_DYN_qmax8__v0,PS_qb1of3__NETDEBT_EBITDA_qb1of3,C11_EPS_DYN_qmax8,0.14770772885329708,0.10068019804438966,0.047027530808907425,-0.6158564937624609,0.5012987012987012,23.38,39.107296137339056
EV_S_qb1of3__ROIC_qb2of3__C9_EPS_DYN_riseq2__v0,EV_S_qb1of3__ROIC_qb2of3,C9_EPS_DYN_riseq2,0.14756978700405798,0.11007268957710736,0.03749709742695062,-0.5308815795181523,0.506809669731018,18.96,111.25547445255475
OCF_E_qb2of3__EV_EBITDA_qb1of3__C7_ROE_DYN_ytdavg_gt_lyavg__v0,OCF_E_qb2of3__EV_EBITDA_qb1of3,C7_ROE_DYN_ytdavg_gt_lyavg,0.14754783733161791,0.12133006898882948,0.02621776834278844,-0.5319138371448101,0.49663299663299665,17.96,91.2
PS_qb0of3__ROIC_qb2of3__C18_FCF_P_DYN_qmax8__v0,PS_qb0of3__ROIC_qb2of3,C18_FCF_P_DYN_qmax8,0.14753324382487598,0.16337747244409084,-0.015844228619214862,-0.6695663325680292,0.4789473684210526,18.33,12.720524017467248
OCF_E_qb2of3__FCF_P_qb2of3__C8_EPS_DYN_riseq1__v0,OCF_E_qb2of3__FCF_P_qb2of3,C8_EPS_DYN_riseq1,0.1475237155068867,0.12762602498232223,0.01989769052456447,-0.5396534405106153,0.49195200468247,18.39,90.03859649122808
P_IC_qb1of3__FCF_P_qb1of3__C2_ROE_DYN_riseq2__v0,P_IC_qb1of3__FCF_P_qb1of3,C2_ROE_DYN_riseq2,0.1475069596265277,0.11136939041932759,0.036137569207200126,-0.613249957304143,0.5068959002456074,18.07,78.13868613138686
ROE_qb2of3__FCF_P_qb2of3__C9_EPS_DYN_riseq2__v0,ROE_qb2of3__FCF_P_qb2of3,C9_EPS_DYN_riseq2,0.14750075668115703,0.12202542765864322,0.025475329022513815,-0.49219794112753523,0.49770642201834864,19.37,99.95985401459853
FCF_OI_qb1of3__NETDEBT_EBITDA_qb0of3__C9_EPS_DYN_riseq2__v0,FCF_OI_qb1of3__NETDEBT_EBITDA_qb0of3,C9_EPS_DYN_riseq2,0.14748393156402773,0.10774462377156824,0.03973930779245949,-0.6295341494938649,0.5092095165003837,16.3,86.23722627737226
ROE_qb2of3__DEBTRATIO_qb2of3__C2_ROE_DYN_riseq2__v0,ROE_qb2of3__DEBTRATIO_qb2of3,C2_ROE_DYN_riseq2,0.1474705672360075,0.11194290084226521,0.035527666393742274,-0.4203953120441164,0.49173553719008267,17.65,112.47810218978103
FCF_OI_qb2of3__DEBTRATIO_qb2of3__C5_ROE_DYN_yoy__v0,FCF_OI_qb2of3__DEBTRATIO_qb2of3,C5_ROE_DYN_yoy,0.1474331769895798,0.1079547255060096,0.03947845148357021,-0.560881856715953,0.4842653384650215,20.04,72.168
ROE_qb2of3__DEBTRATIO_qb2of3__C9_EPS_DYN_riseq2__v0,ROE_qb2of3__DEBTRATIO_qb2of3,C9_EPS_DYN_riseq2,0.14741393733554364,0.11194290084226521,0.03547103649327843,-0.4133927531624487,0.48439794419970633,18.02,113.11678832116789
PS_qb1of3__DEBTRATIO_qb0of3__C7_ROE_DYN_ytdavg_gt_lyavg__v0,PS_qb1of3__DEBTRATIO_qb0of3,C7_ROE_DYN_ytdavg_gt_lyavg,0.147289206151197,0.12634493133806424,0.02094427481313277,-0.6230352096739424,0.5022863172704889,16.79,67.82456140350877
ROIC_qb1of3__NETDEBT_EBITDA_qb2of3__C9_EPS_DYN_riseq2__v0,ROIC_qb1of3__NETDEBT_EBITDA_qb2of3,C9_EPS_DYN_riseq2,0.1472891497691493,0.11795452966567255,0.02933462010347676,-0.5357801841631782,0.4946514837819186,18.12,108.82846715328468
EV_S_qb1of3__ROIC_qb2of3__C5_ROE_DYN_yoy__v0,EV_S_qb1of3__ROIC_qb2of3,C5_ROE_DYN_yoy,0.14722696769468957,0.11007268957710736,0.03715427811758221,-0.5828441263143705,0.4888716856976969,20.58,108.14
EV_EBITDA_qb1of3__FCF_P_qb2of3__C14_EPS_DYN_ytdavg_gt_lyavg__v0,EV_EBITDA_qb1of3__FCF_P_qb2of3,C14_EPS_DYN_ytdavg_gt_lyavg,0.14721637380992547,0.12095020165403092,0.02626617215589455,-0.5449999686512652,0.49608993157380255,17.42,84.33333333333333
MOM_qb2of3__ACCRUAL_qb0of3__C15_FCF_P_DYN_riseq1__v0,MOM_qb2of3__ACCRUAL_qb0of3,C15_FCF_P_DYN_riseq1,0.1471865369446559,0.15172057801880778,-0.0045340410741518955,-0.687016840611919,0.46927462781121315,15.68,69.48421052631579
ROIC_qb1of3__NETDEBT_EBITDA_qb2of3__C5_ROE_DYN_yoy__v0,ROIC_qb1of3__NETDEBT_EBITDA_qb2of3,C5_ROE_DYN_yoy,0.14716170836565712,0.11795452966567255,0.02920717869998457,-0.5598531754368438,0.47130138283765866,19.31,109.724
EV_S_qb0of3__OCF_E_qb2of3__C16_FCF_P_DYN_riseq2__v0,EV_S_qb0of3__OCF_E_qb2of3,C16_FCF_P_DYN_riseq2,0.1470834352772823,0.15462123639236114,-0.007537801115078846,-0.5953111299785951,0.48939554612937436,19.75,83.23722627737226
ROE_qb2of3__DEBTRATIO_qb0of3__C3_ROE_DYN_qmax4__v0,ROE_qb2of3__DEBTRATIO_qb0of3,C3_ROE_DYN_qmax4,0.14707498847003153,0.10886193919574749,0.03821304927428404,-0.4520571073817261,0.4926829268292683,18.55,56.469465648854964
PS_qb0of3__NETDEBT_EBITDA_qb0of3__C20_FCF_P_DYN_ytdavg_gt_lyytdavg__v0,PS_qb0of3__NETDEBT_EBITDA_qb0of3,C20_FCF_P_DYN_ytdavg_gt_lyytdavg,0.14703634008729805,0.1623346227872262,-0.015298282699928167,-0.5855277901076401,0.5255681818181818,18.23,49.92631578947368
ROE_qb2of3__FCF_P_qb2of3__C6_ROE_DYN_ytdavg_gt_lyytdavg__v0,ROE_qb2of3__FCF_P_qb2of3,C6_ROE_DYN_ytdavg_gt_lyytdavg,0.14699797192598396,0.12202542765864322,0.024972544267340746,-0.4313830070046164,0.48764607679465777,17.87,83.71228070175438
P_IC_qb1of3__FCF_P_qb1of3__C5_ROE_DYN_yoy__v0,P_IC_qb1of3__FCF_P_qb1of3,C5_ROE_DYN_yoy,0.14696740133786768,0.11136939041932759,0.03559801091854009,-0.6583944009144425,0.4902237452126587,18.63,77.18
ROE_qb2of3__FCF_P_qb0of3__C13_EPS_DYN_ytdavg_gt_lyytdavg__v0,ROE_qb2of3__FCF_P_qb0of3,C13_EPS_DYN_ytdavg_gt_lyytdavg,0.14695737059673353,0.10634093976900005,0.040616430827733474,-0.4657653988469801,0.47763347763347763,19.66,78.11929824561403
PS_qb1of3__ROE_qb2of3__C9_EPS_DYN_riseq2__v0,PS_qb1of3__ROE_qb2of3,C9_EPS_DYN_riseq2,0.14693410170372645,0.11938211139414667,0.027551990309579777,-0.5587327723957012,0.5048034934497817,19.63,109.02919708029196
EV_EBITDA_qb1of3__ROIC_qb1of3__C14_EPS_DYN_ytdavg_gt_lyavg__v0,EV_EBITDA_qb1of3__ROIC_qb1of3,C14_EPS_DYN_ytdavg_gt_lyavg,0.14689468820956475,0.12513866146333696,0.021756026746227786,-0.5731812570250899,0.49923954372623575,16.75,92.62456140350878
P_IC_qb1of3__OCF_E_qb2of3__C3_ROE_DYN_qmax4__v0,P_IC_qb1of3__OCF_E_qb2of3,C3_ROE_DYN_qmax4,0.14689412834066262,0.11478934435704824,0.03210478398361438,-0.5946898047810026,0.5050675675675675,16.63,41.85496183206107
MOM_qb2of3__FCF_P_qb1of3__C1_ROE_DYN_riseq1__v0,MOM_qb2of3__FCF_P_qb1of3,C1_ROE_DYN_riseq1,0.14689042266207286,0.12449311185748302,0.022397310804589843,-0.6851430670988625,0.49437229437229435,16.35,84.21754385964913
PB_qb1of3__NETDEBT_EBITDA_qb0of3__C9_EPS_DYN_riseq2__v0,PB_qb1of3__NETDEBT_EBITDA_qb0of3,C9_EPS_DYN_riseq2,0.14688460675700976,0.11510738211040183,0.03177722464660793,-0.643926285749648,0.5200430454667743,17.26,71.0036496350365
OCF_E_qb2of3__EV_EBITDA_qb1of3__C9_EPS_DYN_riseq2__v0,OCF_E_qb2of3__EV_EBITDA_qb1of3,C9_EPS_DYN_riseq2,0.1468652419625054,0.12133006898882948,0.025535172973675913,-0.6213564740831566,0.5080815179198875,18.85,109.77372262773723
ROE_qb2of3__FCF_P_qb2of3__C13_EPS_DYN_ytdavg_gt_lyytdavg__v0,ROE_qb2of3__FCF_P_qb2of3,C13_EPS_DYN_ytdavg_gt_lyytdavg,0.14680559331026055,0.12202542765864322,0.024780165651617336,-0.4506508010490011,0.48737373737373735,17.99,89.8280701754386
FCF_OI_qb1of3__DEBTRATIO_qb1of3__C5_ROE_DYN_yoy__v0,FCF_OI_qb1of3__DEBTRATIO_qb1of3,C5_ROE_DYN_yoy,0.14679155025227186,0.1043803523024891,0.042411197949782764,-0.6088220487619406,0.4817954151415912,20.09,86.876
MOM_qb2of3__FCF_P_qb0of3__C14_EPS_DYN_ytdavg_gt_lyavg__v0,MOM_qb2of3__FCF_P_qb0of3,C14_EPS_DYN_ytdavg_gt_lyavg,0.1467593212546796,0.12263642895378513,0.024122892300894483,-0.6481081318740137,0.46908086542887834,17.07,81.12631578947368
PS_qb1of3__MOM_qb2of3__C14_EPS_DYN_ytdavg_gt_lyavg__v0,PS_qb1of3__MOM_qb2of3,C14_EPS_DYN_ytdavg_gt_lyavg,0.1467476861295871,0.12985143618864448,0.01689624994094263,-0.6436090869648412,0.47116222338386476,16.52,81.70526315789473
MOM_qb2of3__DEBTRATIO_qb1of3__C20_FCF_P_DYN_ytdavg_gt_lyytdavg__v0,MOM_qb2of3__DEBTRATIO_qb1of3,C20_FCF_P_DYN_ytdavg_gt_lyytdavg,0.14673156806071552,0.13517618077461835,0.011555387286097174,-0.6731609193463008,0.4868761552680222,16.54,74.14035087719299
EV_S_qb1of3__ROE_qb2of3__C5_ROE_DYN_yoy__v0,EV_S_qb1of3__ROE_qb2of3,C5_ROE_DYN_yoy,0.146717661579435,0.11180655286183461,0.03491110871760039,-0.573704146670732,0.4866732477788746,19.93,105.876
OCF_E_qb2of3__None__C2_ROE_DYN_riseq2__v0,OCF_E_qb2of3__None,C2_ROE_DYN_riseq2,0.14671426454800018,0.10702478116805669,0.03968948337994349,-0.47462222372082963,0.48949908687711974,18.93,272.54744525547443
OCF_E_qb2of3__FCF_OI_qb1of3__C13_EPS_DYN_ytdavg_gt_lyytdavg__v0,OCF_E_qb2of3__FCF_OI_qb1of3,C13_EPS_DYN_ytdavg_gt_lyytdavg,0.14670437751989907,0.11774066125008464,0.02896371626981442,-0.49320617379486464,0.472914875322442,17.3,100.61052631578947
DEBTRATIO_qb1of3__FCF_P_qb2of3__C7_ROE_DYN_ytdavg_gt_lyavg__v0,DEBTRATIO_qb1of3__FCF_P_qb2of3,C7_ROE_DYN_ytdavg_gt_lyavg,0.14667262667689895,0.12036397930429055,0.026308647372608407,-0.5470751718412105,0.4898785425101215,17.26,71.0
EV_EBITDA_qb1of3__ACCRUAL_qb0of3__C8_EPS_DYN_riseq1__v0,EV_EBITDA_qb1of3__ACCRUAL_qb0of3,C8_EPS_DYN_riseq1,0.14660404246359326,0.12987807961629594,0.016725962847297327,-0.6011736099235243,0.5021001050052503,17.48,75.16842105263157
EV_EBITDA_qb0of3__NETDEBT_EBITDA_qb0of3__None__v0,EV_EBITDA_qb0of3__NETDEBT_EBITDA_qb0of3,None,0.14659325251889155,0.14659325251889155,0.0,-0.5774362554973786,0.5268220495745468,17.46,182.87205387205387
MOM_qb2of3__ACCRUAL_qb2of3__C9_EPS_DYN_riseq2__v0,MOM_qb2of3__ACCRUAL_qb2of3,C9_EPS_DYN_riseq2,0.1465895464958069,0.11246072837315779,0.03412881812264912,-0.6468437433776548,0.48866762740731035,17.72,98.5912408759124
EV_EBITDA_qb1of3__ROIC_qb1of3__C7_ROE_DYN_ytdavg_gt_lyavg__v0,EV_EBITDA_qb1of3__ROIC_qb1of3,C7_ROE_DYN_ytdavg_gt_lyavg,0.1465465484027364,0.12513866146333696,0.021407886939399434,-0.5818742835302398,0.4984189723320158,16.78,88.72280701754386
ROE_qb2of3__ACCRUAL_qb1of3__C2_ROE_DYN_riseq2__v0,ROE_qb2of3__ACCRUAL_qb1of3,C2_ROE_DYN_riseq2,0.14654504002165525,0.10780358903293696,0.038741450988718285,-0.45960149465006983,0.4990335051546392,17.96,93.01824817518248
EV_EBITDA_qb1of3__DEBTRATIO_qb2of3__C1_ROE_DYN_riseq1__v0,EV_EBITDA_qb1of3__DEBTRATIO_qb2of3,C1_ROE_DYN_riseq1,0.14652645491605387,0.13449319651294744,0.012033258403106428,-0.6162821863446115,0.49644992526158443,17.45,81.45263157894736
EV_S_qb0of3__OCF_E_qb1of3__C15_FCF_P_DYN_riseq1__v0,EV_S_qb0of3__OCF_E_qb1of3,C15_FCF_P_DYN_riseq1,0.14649660545404242,0.1599721772341416,-0.013475571780099171,-0.5636896263294524,0.47790785498489424,17.43,68.1438596491228
OCF_E_qb2of3__ROIC_qb1of3__C1_ROE_DYN_riseq1__v0,OCF_E_qb2of3__ROIC_qb1of3,C1_ROE_DYN_riseq1,0.1464944690073402,0.10988266317424689,0.036611805833093314,-0.5622155990852324,0.49513655069210627,17.44,74.25964912280702
PS_qb0of3__FCF_OI_qb1of3__C19_FCF_P_DYN_yoy__v0,PS_qb0of3__FCF_OI_qb1of3,C19_FCF_P_DYN_yoy,0.14647935220105457,0.1602886894689004,-0.013809337267845834,-0.6028526112011179,0.4872701555869873,18.61,117.792
EV_S_qb1of3__EV_EBITDA_qb1of3__C10_EPS_DYN_qmax4__v0,EV_S_qb1of3__EV_EBITDA_qb1of3,C10_EPS_DYN_qmax4,0.1464521577984823,0.11950687846175168,0.026945279336730632,-0.6168244787293807,0.5120548551205486,17.33,69.76335877862596
FCF_OI_qb1of3__DEBTRATIO_qb0of3__C12_EPS_DYN_yoy__v0,FCF_OI_qb1of3__DEBTRATIO_qb0of3,C12_EPS_DYN_yoy,0.1464457952801066,0.10607558667456085,0.04037020860554574,-0.5594010869516733,0.495312188310393,19.25,84.54
EV_S_qb1of3__ROIC_qb2of3__C12_EPS_DYN_yoy__v0,EV_S_qb1of3__ROIC_qb2of3,C12_EPS_DYN_yoy,0.1464290890077855,0.11007268957710736,0.036356399430678144,-0.5819870851799912,0.48304115853658536,20.75,115.368
FCF_OI_qb1of3__None__C9_EPS_DYN_riseq2__v0,FCF_OI_qb1of3__None,C9_EPS_DYN_riseq2,0.14642653926907934,0.10865218632260909,0.03777435294647025,-0.5619681867521804,0.4960304858685297,17.42,268.90875912408757
PB_qb0of3__None__C15_FCF_P_DYN_riseq1__v0,PB_qb0of3__None,C15_FCF_P_DYN_riseq1,0.1464107217385282,0.18050911811184078,-0.03409839637331258,-0.6045188785120673,0.49390198279087166,18.92,227.07719298245615
ACCRUAL_qb0of3__FCF_OI_qb1of3__C6_ROE_DYN_ytdavg_gt_lyytdavg__v0,ACCRUAL_qb0of3__FCF_OI_qb1of3,C6_ROE_DYN_ytdavg_gt_lyytdavg,0.14640100634722364,0.11153610581397233,0.03486490053325131,-0.5032630196169922,0.46568712186689715,17.38,77.14035087719299
EV_EBITDA_qb0of3__FCF_OI_qb1of3__C19_FCF_P_DYN_yoy__v0,EV_EBITDA_qb0of3__FCF_OI_qb1of3,C19_FCF_P_DYN_yoy,0.14633732177248548,0.1588416616824344,-0.012504339909948925,-0.587063645415612,0.4761533969242749,19.02,75.052
OCF_E_qb1of3__EV_EBITDA_qb0of3__C20_FCF_P_DYN_ytdavg_gt_lyytdavg__v0,OCF_E_qb1of3__EV_EBITDA_qb0of3,C20_FCF_P_DYN_ytdavg_gt_lyytdavg,0.14633451515299112,0.1611145807766723,-0.014780065623681171,-0.5777539648507828,0.5023996509598604,18.24,65.2140350877193
ROE_qb2of3__NETDEBT_EBITDA_qb2of3__C1_ROE_DYN_riseq1__v0,ROE_qb2of3__NETDEBT_EBITDA_qb2of3,C1_ROE_DYN_riseq1,0.14633082815254994,0.12573108691877288,0.020599741233777058,-0.4954651974110056,0.4692642787996128,17.14,62.44210526315789
EV_EBITDA_qb1of3__NETDEBT_EBITDA_qb2of3__None__v0,EV_EBITDA_qb1of3__NETDEBT_EBITDA_qb2of3,None,0.14627716761851484,0.14627716761851484,0.0,-0.5721215151848129,0.48784273150543195,18.91,137.43434343434345
OCF_E_qb1of3__FCF_P_qb2of3__C12_EPS_DYN_yoy__v0,OCF_E_qb1of3__FCF_P_qb2of3,C12_EPS_DYN_yoy,0.14627273615641267,0.12040696135896067,0.025865774797452,-0.5247435189871661,0.4955629023838524,19.57,81.3
DEBTRATIO_qb1of3__FCF_P_qb2of3__C5_ROE_DYN_yoy__v0,DEBTRATIO_qb1of3__FCF_P_qb2of3,C5_ROE_DYN_yoy,0.1462628723969499,0.12036397930429055,0.02589889309265936,-0.5803018551941059,0.48591684230695537,19.46,82.044
P_IC_qb0of3__None__C15_FCF_P_DYN_riseq1__v0,P_IC_qb0of3__None,C15_FCF_P_DYN_riseq1,0.14622409230841438,0.17867438611691733,-0.03245029380850295,-0.5857086302832155,0.4884947633972938,18.06,230.32631578947368
FCF_OI_qb1of3__DEBTRATIO_qb1of3__C12_EPS_DYN_yoy__v0,FCF_OI_qb1of3__DEBTRATIO_qb1of3,C12_EPS_DYN_yoy,0.1462090772276392,0.1043803523024891,0.04182872492515011,-0.580295342742279,0.47884436160298227,20.61,90.984
PS_qb0of3__OCF_E_qb2of3__C20_FCF_P_DYN_ytdavg_gt_lyytdavg__v0,PS_qb0of3__OCF_E_qb2of3,C20_FCF_P_DYN_ytdavg_gt_lyytdavg,0.1461834159272153,0.1770945770309813,-0.030911161103766016,-0.6009247409749521,0.49755730928222475,16.69,83.4140350877193
EV_EBITDA_qb1of3__DEBTRATIO_qb2of3__C3_ROE_DYN_qmax4__v0,EV_EBITDA_qb1of3__DEBTRATIO_qb2of3,C3_ROE_DYN_qmax4,0.146176217050616,0.13449319651294744,0.011683020537668565,-0.6751403718722042,0.519589552238806,16.68,48.07251908396947
PS_qb1of3__OCF_E_qb1of3__C1_ROE_DYN_riseq1__v0,PS_qb1of3__OCF_E_qb1of3,C1_ROE_DYN_riseq1,0.14615555810349656,0.1057020349461224,0.04045352315737416,-0.5669605100117254,0.49897557131599685,18.43,91.61052631578947
DEBTRATIO_qb2of3__NETDEBT_EBITDA_qb2of3__C14_EPS_DYN_ytdavg_gt_lyavg__v0,DEBTRATIO_qb2of3__NETDEBT_EBITDA_qb2of3,C14_EPS_DYN_ytdavg_gt_lyavg,0.14613135613494865,0.11915400596730308,0.026977350167645575,-0.5427227186689245,0.46383726770467104,17.41,146.44912280701755
MOM_qb2of3__OCF_E_qb1of3__C20_FCF_P_DYN_ytdavg_gt_lyytdavg__v0,MOM_qb2of3__OCF_E_qb1of3,C20_FCF_P_DYN_ytdavg_gt_lyytdavg,0.14611370257426692,0.13329269559525958,0.012821006979007343,-0.6667488058401838,0.49360409338023664,16.2,75.56491228070175
OCF_E_qb2of3__ROIC_qb1of3__C8_EPS_DYN_riseq1__v0,OCF_E_qb2of3__ROIC_qb1of3,C8_EPS_DYN_riseq1,0.14609878875561222,0.10988266317424689,0.03621612558136533,-0.5681580343133084,0.49586776859504134,17.98,74.69473684210526
ROE_qb2of3__ACCRUAL_qb0of3__C6_ROE_DYN_ytdavg_gt_lyytdavg__v0,ROE_qb2of3__ACCRUAL_qb0of3,C6_ROE_DYN_ytdavg_gt_lyytdavg,0.14609086203879484,0.11508661275557497,0.031004249283219876,-0.33435470693220826,0.4714587737843552,18.42,85.38947368421053
ROE_qb1of3__NETDEBT_EBITDA_qb2of3__C2_ROE_DYN_riseq2__v0,ROE_qb1of3__NETDEBT_EBITDA_qb2of3,C2_ROE_DYN_riseq2,0.14608140448472695,0.11002096666725647,0.03606043781747048,-0.5349948047753597,0.498408276959809,17.75,91.23357664233576
MOM_qb2of3__None__C16_FCF_P_DYN_riseq2__v0,MOM_qb2of3__None,C16_FCF_P_DYN_riseq2,0.1460483373274688,0.11517070621059111,0.03087763111687769,-0.6804363530307229,0.4765043329671671,17.73,228.5036496350365
EV_EBITDA_qb1of3__ROIC_qb1of3__C6_ROE_DYN_ytdavg_gt_lyytdavg__v0,EV_EBITDA_qb1of3__ROIC_qb1of3,C6_ROE_DYN_ytdavg_gt_lyytdavg,0.14601671660337523,0.12513866146333696,0.020878055140038265,-0.5675215079432276,0.4925373134328358,17.42,94.0
PS_qb1of3__ACCRUAL_qb1of3__C9_EPS_DYN_riseq2__v0,PS_qb1of3__ACCRUAL_qb1of3,C9_EPS_DYN_riseq2,0.14601043501932764,0.10712139139531085,0.038889043624016795,-0.6580259440684215,0.5082832696158748,18.08,84.54379562043796
ROE_qb2of3__FCF_OI_qb1of3__C10_EPS_DYN_qmax4__v0,ROE_qb2of3__FCF_OI_qb1of3,C10_EPS_DYN_qmax4,0.1459891319118276,0.1074915393951017,0.03849759251672591,-0.5323200444637834,0.5011204964661266,17.8,84.17557251908397
ROE_qb2of3__FCF_P_qb0of3__C6_ROE_DYN_ytdavg_gt_lyytdavg__v0,ROE_qb2of3__FCF_P_qb0of3,C6_ROE_DYN_ytdavg_gt_lyytdavg,0.1459813766186704,0.10634093976900005,0.039640436849670335,-0.49177260968821157,0.4752456174147563,19.18,71.76491228070175
PS_qb0of3__ROIC_qb1of3__C16_FCF_P_DYN_riseq2__v0,PS_qb0of3__ROIC_qb1of3,C16_FCF_P_DYN_riseq2,0.14598135987218774,0.16094874682218596,-0.014967386949998218,-0.5716340127802855,0.5111297071129707,17.56,102.58394160583941
OCF_E_qb2of3__ACCRUAL_qb0of3__C7_ROE_DYN_ytdavg_gt_lyavg__v0,OCF_E_qb2of3__ACCRUAL_qb0of3,C7_ROE_DYN_ytdavg_gt_lyavg,0.14597330561380772,0.1085860393522513,0.03738726626155642,-0.4443193181065508,0.46741264232430313,17.76,162.3122807017544
DEBTRATIO_qb1of3__FCF_P_qb2of3__C6_ROE_DYN_ytdavg_gt_lyytdavg__v0,DEBTRATIO_qb1of3__FCF_P_qb2of3,C6_ROE_DYN_ytdavg_gt_lyytdavg,0.14592115456892096,0.12036397930429055,0.025557175264630416,-0.5550493074106863,0.4887775551102204,17.28,75.19649122807017
ROE_qb1of3__EV_EBITDA_qb0of3__C17_FCF_P_DYN_qmax4__v0,ROE_qb1of3__EV_EBITDA_qb0of3,C17_FCF_P_DYN_qmax4,0.14589577136631093,0.16753762281561357,-0.02164185144930264,-0.5746106876752806,0.5162959130884636,18.93,27.946564885496183
ROIC_qb1of3__NETDEBT_EBITDA_qb2of3__C8_EPS_DYN_riseq1__v0,ROIC_qb1of3__NETDEBT_EBITDA_qb2of3,C8_EPS_DYN_riseq1,0.14584271760897138,0.11795452966567255,0.027888187943298837,-0.5540381892954116,0.48199908856144613,17.81,107.48771929824561
PS_qb0of3__OCF_E_qb1of3__C16_FCF_P_DYN_riseq2__v0,PS_qb0of3__OCF_E_qb1of3,C16_FCF_P_DYN_riseq2,0.14583725397482827,0.16105240877452465,-0.015215154799696373,-0.5601378171231666,0.49309045226130654,18.02,69.89416058394161
OCF_E_qb2of3__NETDEBT_EBITDA_qb2of3__C1_ROE_DYN_riseq1__v0,OCF_E_qb2of3__NETDEBT_EBITDA_qb2of3,C1_ROE_DYN_riseq1,0.14578215760723623,0.12059306705584905,0.025189090551387183,-0.5297152720172236,0.47488968270645093,17.99,69.1859649122807
MOM_qb2of3__NETDEBT_EBITDA_qb0of3__C16_FCF_P_DYN_riseq2__v0,MOM_qb2of3__NETDEBT_EBITDA_qb0of3,C16_FCF_P_DYN_riseq2,0.14576713997221713,0.141070955355993,0.004696184616224119,-0.702494486789614,0.48586707410236823,16.8,71.4087591240876
ROE_qb2of3__DEBTRATIO_qb0of3__C7_ROE_DYN_ytdavg_gt_lyavg__v0,ROE_qb2of3__DEBTRATIO_qb0of3,C7_ROE_DYN_ytdavg_gt_lyavg,0.14576062445338067,0.10886193919574749,0.03689868525763318,-0.46113511508908656,0.4740888382687927,17.63,83.07368421052631
ROIC_qb1of3__DEBTRATIO_qb2of3__C9_EPS_DYN_riseq2__v0,ROIC_qb1of3__DEBTRATIO_qb2of3,C9_EPS_DYN_riseq2,0.14575209633368824,0.11680265302092874,0.028949443312759504,-0.5238717315747996,0.505578183106074,18.71,106.97445255474453
EV_EBITDA_qb1of3__ROIC_qb1of3__C1_ROE_DYN_riseq1__v0,EV_EBITDA_qb1of3__ROIC_qb1of3,C1_ROE_DYN_riseq1,0.14573659158343433,0.12513866146333696,0.020597930120097363,-0.5814485169209649,0.4996463431885698,17.28,105.24912280701754
ROE_qb2of3__ACCRUAL_qb0of3__C16_FCF_P_DYN_riseq2__v0,ROE_qb2of3__ACCRUAL_qb0of3,C16_FCF_P_DYN_riseq2,0.14573035371402576,0.11508661275557497,0.030643740958450794,-0.5660163446993659,0.49021223985163814,20.14,66.2007299270073
P_IC_qb1of3__FCF_P_qb1of3__C9_EPS_DYN_riseq2__v0,P_IC_qb1of3__FCF_P_qb1of3,C9_EPS_DYN_riseq2,0.14571304894695603,0.11136939041932759,0.03434365852762844,-0.6145433343192925,0.5119114612643031,17.59,78.72992700729927
OCF_E_qb2of3__ROIC_qb1of3__C6_ROE_DYN_ytdavg_gt_lyytdavg__v0,OCF_E_qb2of3__ROIC_qb1of3,C6_ROE_DYN_ytdavg_gt_lyytdavg,0.14567222981783234,0.10988266317424689,0.03578956664358546,-0.5002835798239172,0.479959100204499,18.3,71.41754385964913
EV_EBITDA_qb0of3__NETDEBT_EBITDA_qb0of3__C19_FCF_P_DYN_yoy__v0,EV_EBITDA_qb0of3__NETDEBT_EBITDA_qb0of3,C19_FCF_P_DYN_yoy,0.14566838758564038,0.14659325251889155,-0.0009248649332511683,-0.6343694925749664,0.5040871934604905,20.65,91.924
PB_qb0of3__OCF_E_qb2of3__C19_FCF_P_DYN_yoy__v0,PB_qb0of3__OCF_E_qb2of3,C19_FCF_P_DYN_yoy,0.1456271268647329,0.1948977085456407,-0.04927058168090781,-0.5981458908226585,0.5057825751734772,19.32,59.424
P_IC_qb1of3__NETDEBT_EBITDA_qb1of3__C3_ROE_DYN_qmax4__v0,P_IC_qb1of3__NETDEBT_EBITDA_qb1of3,C3_ROE_DYN_qmax4,0.14560693838074523,0.11371455528078345,0.031892383099961785,-0.5162838593328091,0.5114457831325301,18.76,51.278625954198475
ROIC_qb1of3__NETDEBT_EBITDA_qb2of3__C7_ROE_DYN_ytdavg_gt_lyavg__v0,ROIC_qb1of3__NETDEBT_EBITDA_qb2of3,C7_ROE_DYN_ytdavg_gt_lyavg,0.14556949219472037,0.11795452966567255,0.027614962529047826,-0.5361582656635084,0.4753167321974661,17.08,99.08070175438597
DEBTRATIO_qb1of3__FCF_P_qb2of3__C14_EPS_DYN_ytdavg_gt_lyavg__v0,DEBTRATIO_qb1of3__FCF_P_qb2of3,C14_EPS_DYN_ytdavg_gt_lyavg,0.14556848781777054,0.12036397930429055,0.025204508513479995,-0.5344340519699242,0.4832479306267245,17.54,77.21754385964913
EV_S_qb1of3__DEBTRATIO_qb2of3__C10_EPS_DYN_qmax4__v0,EV_S_qb1of3__DEBTRATIO_qb2of3,C10_EPS_DYN_qmax4,0.14556063404941044,0.11423945981814065,0.03132117423126979,-0.5792008443176715,0.481640625,17.8,41.954198473282446
ROE_qb2of3__NETDEBT_EBITDA_qb0of3__C9_EPS_DYN_riseq2__v0,ROE_qb2of3__NETDEBT_EBITDA_qb0of3,C9_EPS_DYN_riseq2,0.14555764973443353,0.10739791521726105,0.03815973451717247,-0.5041347694919891,0.5067808708065668,17.78,88.78102189781022
EV_S_qb0of3__NETDEBT_EBITDA_qb0of3__C20_FCF_P_DYN_ytdavg_gt_lyytdavg__v0,EV_S_qb0of3__NETDEBT_EBITDA_qb0of3,C20_FCF_P_DYN_ytdavg_gt_lyytdavg,0.14551007341577282,0.15451356457625898,-0.009003491160486154,-0.5920472980231861,0.5408071748878924,17.84,96.91578947368421
P_IC_qb1of3__FCF_OI_qb1of3__C7_ROE_DYN_ytdavg_gt_lyavg__v0,P_IC_qb1of3__FCF_OI_qb1of3,C7_ROE_DYN_ytdavg_gt_lyavg,0.14547671528226802,0.1162649322304854,0.029211783051782625,-0.5837639799050192,0.48951493327684814,16.22,76.3859649122807
PS_qb0of3__NETDEBT_EBITDA_qb0of3__C15_FCF_P_DYN_riseq1__v0,PS_qb0of3__NETDEBT_EBITDA_qb0of3,C15_FCF_P_DYN_riseq1,0.14547395234891214,0.1623346227872262,-0.016860670438314074,-0.5484359173975539,0.4727549467275495,17.99,47.49473684210526
EV_EBITDA_qb0of3__None__None__v0,EV_EBITDA_qb0of3__None,None,0.1454246752563002,0.1454246752563002,0.0,-0.5737599470290273,0.4961524631427544,18.4,460.35690235690237
EV_EBITDA_qb1of3__ACCRUAL_qb0of3__C1_ROE_DYN_riseq1__v0,EV_EBITDA_qb1of3__ACCRUAL_qb0of3,C1_ROE_DYN_riseq1,0.1453831545903057,0.12987807961629594,0.01550507497400977,-0.6195518800846873,0.5,17.5,71.67719298245613
ROE_qb1of3__NETDEBT_EBITDA_qb2of3__C9_EPS_DYN_riseq2__v0,ROE_qb1of3__NETDEBT_EBITDA_qb2of3,C9_EPS_DYN_riseq2,0.1453654712380239,0.11002096666725647,0.03534450457076743,-0.5120200213946995,0.5005072022722662,18.16,87.95985401459853
PB_qb1of3__None__C12_EPS_DYN_yoy__v0,PB_qb1of3__None,C12_EPS_DYN_yoy,0.145357927123007,0.1059915100055453,0.039366417117461694,-0.5880259896062866,0.4848981263438108,19.35,238.704
EV_EBITDA_qb1of3__None__C3_ROE_DYN_qmax4__v0,EV_EBITDA_qb1of3__None,C3_ROE_DYN_qmax4,0.14533712424566625,0.12168343275173998,0.023653691493926265,-0.6319062509220199,0.514386189258312,17.15,143.73282442748092
EV_EBITDA_qb0of3__DEBTRATIO_qb1of3__None__v0,EV_EBITDA_qb0of3__DEBTRATIO_qb1of3,None,0.1453333100047871,0.1453333100047871,0.0,-0.5857422584560147,0.48794788273615636,19.21,139.986531986532
MOM_qb2of3__FCF_P_qb2of3__C20_FCF_P_DYN_ytdavg_gt_lyytdavg__v0,MOM_qb2of3__FCF_P_qb2of3,C20_FCF_P_DYN_ytdavg_gt_lyytdavg,0.14532532491593653,0.15540904841423941,-0.010083723498302888,-0.6530830641813312,0.48836648583484027,17.19,100.10877192982456
EV_S_qb1of3__ROE_qb2of3__C2_ROE_DYN_riseq2__v0,EV_S_qb1of3__ROE_qb2of3,C2_ROE_DYN_riseq2,0.14530790374286795,0.11180655286183461,0.03350135088103334,-0.5320850651805269,0.5064755655327232,18.46,105.62043795620438
OCF_E_qb2of3__None__C9_EPS_DYN_riseq2__v0,OCF_E_qb2of3__None,C9_EPS_DYN_riseq2,0.14527555151893434,0.10702478116805669,0.03825077035087765,-0.4734114568983926,0.4891064712748022,19.29,278.47080291970804
MOM_qb2of3__DEBTRATIO_qb2of3__C20_FCF_P_DYN_ytdavg_gt_lyytdavg__v0,MOM_qb2of3__DEBTRATIO_qb2of3,C20_FCF_P_DYN_ytdavg_gt_lyytdavg,0.14526908386416015,0.1409681494808137,0.004300934383346444,-0.6589200990400923,0.4666296912553152,16.72,78.14736842105263
ROE_qb2of3__FCF_OI_qb2of3__C3_ROE_DYN_qmax4__v0,ROE_qb2of3__FCF_OI_qb2of3,C3_ROE_DYN_qmax4,0.14526684967154213,0.10612897361205387,0.039137876059488264,-0.45806702195804405,0.4835369641747774,18.38,65.45419847328245
PB_qb1of3__ACCRUAL_qb1of3__C3_ROE_DYN_qmax4__v0,PB_qb1of3__ACCRUAL_qb1of3,C3_ROE_DYN_qmax4,0.14523280674339234,0.10392799967158028,0.041304807071812055,-0.6604244417849332,0.5158293186510667,16.08,41.16030534351145
ACCRUAL_qb0of3__FCF_P_qb2of3__C10_EPS_DYN_qmax4__v0,ACCRUAL_qb0of3__FCF_P_qb2of3,C10_EPS_DYN_qmax4,0.14512254076823283,0.12374675560791215,0.02137578516032068,-0.6106206627016475,0.508691374221056,17.97,41.583969465648856
P_IC_qb1of3__DEBTRATIO_qb1of3__C4_ROE_DYN_qmax8__v0,P_IC_qb1of3__DEBTRATIO_qb1of3,C4_ROE_DYN_qmax8,0.14509415136236226,0.10457322351498388,0.040520927847378374,-0.7060394902603622,0.5009428032683847,19.16,25.879828326180256
P_IC_qb1of3__MOM_qb2of3__C6_ROE_DYN_ytdavg_gt_lyytdavg__v0,P_IC_qb1of3__MOM_qb2of3,C6_ROE_DYN_ytdavg_gt_lyytdavg,0.14507696463328057,0.14135123829913576,0.0037257263341448077,-0.6508787489896741,0.4704823614110871,15.46,78.57192982456141
ACCRUAL_qb0of3__FCF_P_qb2of3__C1_ROE_DYN_riseq1__v0,ACCRUAL_qb0of3__FCF_P_qb2of3,C1_ROE_DYN_riseq1,0.14505684730460122,0.12374675560791215,0.02131009169668907,-0.5460554477576354,0.48653812749696024,18.34,75.63157894736842
ROE_qb2of3__ACCRUAL_qb1of3__C9_EPS_DYN_riseq2__v0,ROE_qb2of3__ACCRUAL_qb1of3,C9_EPS_DYN_riseq2,0.1450557573122746,0.10780358903293696,0.03725216827933764,-0.4766312721149787,0.4981042654028436,18.81,95.97445255474453
OCF_E_qb2of3__EV_EBITDA_qb1of3__C14_EPS_DYN_ytdavg_gt_lyavg__v0,OCF_E_qb2of3__EV_EBITDA_qb1of3,C14_EPS_DYN_ytdavg_gt_lyavg,0.14503589895242142,0.12133006898882948,0.02370582996359194,-0.5566266313407785,0.49625701809107925,18.48,101.21052631578948
FCF_P_qb2of3__None__C9_EPS_DYN_riseq2__v0,FCF_P_qb2of3__None,C9_EPS_DYN_riseq2,0.14500976058505777,0.12214294842787288,0.02286681215718489,-0.557095244236709,0.5053264492516829,18.7,238.07299270072994
P_IC_qb1of3__ROE_qb1of3__C4_ROE_DYN_qmax8__v0,P_IC_qb1of3__ROE_qb1of3,C4_ROE_DYN_qmax8,0.1449648505560539,0.10639715439744668,0.03856769615860722,-0.7939650803229794,0.518918918918919,14.25,20.51502145922747
ACCRUAL_qb1of3__FCF_OI_qb1of3__C1_ROE_DYN_riseq1__v0,ACCRUAL_qb1of3__FCF_OI_qb1of3,C1_ROE_DYN_riseq1,0.1449623467849359,0.11215386819556161,0.0328084785893743,-0.5931592770275879,0.4885218827415359,17.72,81.23508771929825
PS_qb1of3__DEBTRATIO_qb0of3__C6_ROE_DYN_ytdavg_gt_lyytdavg__v0,PS_qb1of3__DEBTRATIO_qb0of3,C6_ROE_DYN_ytdavg_gt_lyytdavg,0.14494975655423614,0.12634493133806424,0.018604825216171905,-0.6158011934275278,0.5065337001375516,17.38,73.29824561403508
ROE_qb2of3__None__C9_EPS_DYN_riseq2__v0,ROE_qb2of3__None,C9_EPS_DYN_riseq2,0.14493960537967343,0.10857200626884822,0.03636759911082521,-0.4436620118869431,0.49032212983020057,19.05,332.26277372262774
ROE_qb2of3__ROIC_qb1of3__C9_EPS_DYN_riseq2__v0,ROE_qb2of3__ROIC_qb1of3,C9_EPS_DYN_riseq2,0.14493380419370427,0.12028408152058989,0.024649722673114383,-0.5572943549337317,0.5022796352583586,18.69,42.9014598540146
ROE_qb2of3__DEBTRATIO_qb2of3__C19_FCF_P_DYN_yoy__v0,ROE_qb2of3__DEBTRATIO_qb2of3,C19_FCF_P_DYN_yoy,0.14491758044401393,0.11194290084226521,0.03297467960174871,-0.5431620019530181,0.5013186286262287,21.26,74.472
EV_S_qb1of3__DEBTRATIO_qb2of3__C12_EPS_DYN_yoy__v0,EV_S_qb1of3__DEBTRATIO_qb2of3,C12_EPS_DYN_yoy,0.1448889150002055,0.11423945981814065,0.030649455182064855,-0.5668467771369716,0.4631929718267192,20.2,75.764
PS_qb1of3__OCF_E_qb2of3__C2_ROE_DYN_riseq2__v0,PS_qb1of3__OCF_E_qb2of3,C2_ROE_DYN_riseq2,0.14485048992571792,0.10315298366883918,0.041697506256878736,-0.5387728088086146,0.4920546932742055,18.82,85.56204379562044
ROIC_qb1of3__DEBTRATIO_qb2of3__C14_EPS_DYN_ytdavg_gt_lyavg__v0,ROIC_qb1of3__DEBTRATIO_qb2of3,C14_EPS_DYN_ytdavg_gt_lyavg,0.1448442740292084,0.11680265302092874,0.02804162100827967,-0.517778251431916,0.4766666666666667,18.05,99.02456140350877
PS_qb1of3__ROE_qb2of3__C5_ROE_DYN_yoy__v0,PS_qb1of3__ROE_qb2of3,C5_ROE_DYN_yoy,0.14484043441710726,0.11938211139414667,0.025458323022960583,-0.6182313808275199,0.4889376121187961,20.54,106.048
PS_qb1of3__ROIC_qb2of3__C5_ROE_DYN_yoy__v0,PS_qb1of3__ROIC_qb2of3,C5_ROE_DYN_yoy,0.14481645169341162,0.12120296701946254,0.02361348467394908,-0.6100158549464092,0.4935040122277417,20.31,111.932
EV_S_qb1of3__ROE_qb2of3__C9_EPS_DYN_riseq2__v0,EV_S_qb1of3__ROE_qb2of3,C9_EPS_DYN_riseq2,0.1447986901560554,0.11180655286183461,0.03299213729422079,-0.5238007881703209,0.5021742911810749,18.98,107.63868613138686
PB_qb0of3__FCF_P_qb1of3__C17_FCF_P_DYN_qmax4__v0,PB_qb0of3__FCF_P_qb1of3,C17_FCF_P_DYN_qmax4,0.1447519816630427,0.1810049825348956,-0.0362530008718529,-0.6745666809096929,0.45278450363196127,17.0,20.290697674418606
PS_qb1of3__OCF_E_qb1of3__C9_EPS_DYN_riseq2__v0,PS_qb1of3__OCF_E_qb1of3,C9_EPS_DYN_riseq2,0.14473467209907454,0.1057020349461224,0.03903263715295213,-0.6102070854743118,0.5180003412386964,18.11,93.16423357664233
FCF_OI_qb1of3__None__C2_ROE_DYN_riseq2__v0,FCF_OI_qb1of3__None,C2_ROE_DYN_riseq2,0.1447250203684327,0.10865218632260909,0.03607283404582362,-0.5704527929422367,0.49534331042456164,17.51,265.11678832116786
EV_S_qb0of3__NETDEBT_EBITDA_qb0of3__C19_FCF_P_DYN_yoy__v0,EV_S_qb0of3__NETDEBT_EBITDA_qb0of3,C19_FCF_P_DYN_yoy,0.14464753416056642,0.15451356457625898,-0.009866030415692562,-0.6194953245923569,0.5170052499429354,20.52,95.468
FCF_OI_qb2of3__DEBTRATIO_qb2of3__C12_EPS_DYN_yoy__v0,FCF_OI_qb2of3__DEBTRATIO_qb2of3,C12_EPS_DYN_yoy,0.14464118051050345,0.1079547255060096,0.036686455004493856,-0.5599371324573788,0.4859351513850118,19.86,75.876
FCF_OI_qb1of3__DEBTRATIO_qb2of3__C1_ROE_DYN_riseq1__v0,FCF_OI_qb1of3__DEBTRATIO_qb2of3,C1_ROE_DYN_riseq1,0.1446301095881597,0.11211067470469849,0.03251943488346121,-0.5667807835595201,0.47378640776699027,16.31,86.43859649122807
P_IC_qb0of3__PS_qb0of3__C15_FCF_P_DYN_riseq1__v0,P_IC_qb0of3__PS_qb0of3,C15_FCF_P_DYN_riseq1,0.14461189745147474,0.1876102576683254,-0.04299836021685066,-0.5823527081461756,0.48498923756655715,17.27,145.16842105263157
P_IC_qb1of3__OCF_E_qb2of3__C4_ROE_DYN_qmax8__v0,P_IC_qb1of3__OCF_E_qb2of3,C4_ROE_DYN_qmax8,0.14460195330255798,0.11478934435704824,0.029812608945509744,-0.697531138377641,0.5160891089108911,17.76,24.643776824034333
MOM_qb1of3__ROE_qb2of3__C12_EPS_DYN_yoy__v0,MOM_qb1of3__ROE_qb2of3,C12_EPS_DYN_yoy,0.14459293629005066,0.10831556437834422,0.036277371911706435,-0.6765046476736545,0.5255399382927666,21.22,85.376
ROE_qb2of3__ROIC_qb2of3__C9_EPS_DYN_riseq2__v0,ROE_qb2of3__ROIC_qb2of3,C9_EPS_DYN_riseq2,0.14458484308111652,0.10497732735766574,0.03960751572345078,-0.4269763200282919,0.4854153455928979,19.16,287.478102189781
OCF_E_qb1of3__FCF_OI_qb1of3__C2_ROE_DYN_riseq2__v0,OCF_E_qb1of3__FCF_OI_qb1of3,C2_ROE_DYN_riseq2,0.1445291263003725,0.10728376775503445,0.03724535854533806,-0.5594369511625639,0.5073470046827063,17.07,88.42700729927007
EV_EBITDA_qb1of3__ROIC_qb1of3__C5_ROE_DYN_yoy__v0,EV_EBITDA_qb1of3__ROIC_qb1of3,C5_ROE_DYN_yoy,0.14450995534078692,0.12513866146333696,0.019371293877449958,-0.5919806155517098,0.49448310982855204,18.58,102.408
PB_qb1of3__None__C5_ROE_DYN_yoy__v0,PB_qb1of3__None,C5_ROE_DYN_yoy,0.14443255153840417,0.1059915100055453,0.03844104153285888,-0.5934149369613572,0.48485797827903093,19.26,229.392
PB_qb0of3__FCF_OI_qb1of3__C15_FCF_P_DYN_riseq1__v0,PB_qb0of3__FCF_OI_qb1of3,C15_FCF_P_DYN_riseq1,0.14442830236440152,0.18925522121144955,-0.044826918847048036,-0.6327762448950878,0.47191792731698834,16.55,77.0701754385965
PS_qb0of3__OCF_E_qb1of3__C15_FCF_P_DYN_riseq1__v0,PS_qb0of3__OCF_E_qb1of3,C15_FCF_P_DYN_riseq1,0.14442621889924445,0.16105240877452465,-0.016626189875280195,-0.5790657190435854,0.46865788956573,17.67,65.9298245614035
PS_qb0of3__DEBTRATIO_qb2of3__C16_FCF_P_DYN_riseq2__v0,PS_qb0of3__DEBTRATIO_qb2of3,C16_FCF_P_DYN_riseq2,0.1444198614645067,0.16192316720535427,-0.017503305740847575,-0.5946398273978142,0.5049302958177491,17.65,127.48540145985402
FCF_OI_qb1of3__DEBTRATIO_qb2of3__C6_ROE_DYN_ytdavg_gt_lyytdavg__v0,FCF_OI_qb1of3__DEBTRATIO_qb2of3,C6_ROE_DYN_ytdavg_gt_lyytdavg,0.14438640467657748,0.11211067470469849,0.032275729971879,-0.5352473005421245,0.4549731182795699,16.14,81.27719298245614
EV_EBITDA_qb1of3__FCF_OI_qb1of3__C7_ROE_DYN_ytdavg_gt_lyavg__v0,EV_EBITDA_qb1of3__FCF_OI_qb1of3,C7_ROE_DYN_ytdavg_gt_lyavg,0.14438590124620299,0.1275583968310292,0.016827504415173777,-0.5629433008793561,0.5052914496892323,16.75,87.8
PS_qb1of3__OCF_E_qb2of3__C9_EPS_DYN_riseq2__v0,PS_qb1of3__OCF_E_qb2of3,C9_EPS_DYN_riseq2,0.1443718589294798,0.10315298366883918,0.04121887526064061,-0.5388608549829298,0.4945375091041515,19.62,87.23357664233576
OCF_E_qb2of3__ROE_qb2of3__C19_FCF_P_DYN_yoy__v0,OCF_E_qb2of3__ROE_qb2of3,C19_FCF_P_DYN_yoy,0.14429056124645956,0.11168724670811869,0.032603314538340866,-0.5703514212911267,0.5062286105407255,22.78,119.652
ROE_qb2of3__FCF_P_qb0of3__C10_EPS_DYN_qmax4__v0,ROE_qb2of3__FCF_P_qb0of3,C10_EPS_DYN_qmax4,0.1442473474574808,0.10634093976900005,0.03790640768848075,-0.5096461235312142,0.48965351299326276,20.52,57.61068702290076
PB_qb0of3__ROIC_qb1of3__C17_FCF_P_DYN_qmax4__v0,PB_qb0of3__ROIC_qb1of3,C17_FCF_P_DYN_qmax4,0.14422752423178165,0.18223831681550728,-0.03801079258372564,-0.5454778896599236,0.4952908587257618,21.16,47.83587786259542
P_IC_qb1of3__OCF_E_qb2of3__C13_EPS_DYN_ytdavg_gt_lyytdavg__v0,P_IC_qb1of3__OCF_E_qb2of3,C13_EPS_DYN_ytdavg_gt_lyytdavg,0.14421568476767854,0.11478934435704824,0.029426340410630303,-0.49547559315023915,0.4840103716508211,18.24,72.74385964912281
PB_qb0of3__OCF_E_qb2of3__C15_FCF_P_DYN_riseq1__v0,PB_qb0of3__OCF_E_qb2of3,C15_FCF_P_DYN_riseq1,0.14421430754302533,0.1948977085456407,-0.05068340100261537,-0.60357637680687,0.4912075029308324,19.26,54.810526315789474
EV_S_qb1of3__ROE_qb2of3__C12_EPS_DYN_yoy__v0,EV_S_qb1of3__ROE_qb2of3,C12_EPS_DYN_yoy,0.14421189175186022,0.11180655286183461,0.032405338890025615,-0.5692144411765736,0.4838646967340591,20.44,112.92
P_IC_qb1of3__OCF_E_qb2of3__C2_ROE_DYN_riseq2__v0,P_IC_qb1of3__OCF_E_qb2of3,C2_ROE_DYN_riseq2,0.1441841380486999,0.11478934435704824,0.029394793691651655,-0.5390611203185344,0.5,17.27,75.87226277372262
EV_S_qb1of3__EV_EBITDA_qb1of3__C2_ROE_DYN_riseq2__v0,EV_S_qb1of3__EV_EBITDA_qb1of3,C2_ROE_DYN_riseq2,0.14409947704800952,0.11950687846175168,0.02459259858625784,-0.6387113959601227,0.512438552063161,18.31,119.44160583941606
PB_qb0of3__FCF_OI_qb1of3__C18_FCF_P_DYN_qmax8__v0,PB_qb0of3__FCF_OI_qb1of3,C18_FCF_P_DYN_qmax8,0.14404863205760488,0.18925522121144955,-0.04520658915384468,-0.7433586313382144,0.4430622009569378,14.93,15.27638190954774
EV_S_qb1of3__None__C3_ROE_DYN_qmax4__v0,EV_S_qb1of3__None,C3_ROE_DYN_qmax4,0.14400368669464014,0.11261458954493708,0.03138909714970306,-0.6028704701337925,0.49625049335613736,17.16,124.09923664122137
P_IC_qb0of3__EV_S_qb0of3__C15_FCF_P_DYN_riseq1__v0,P_IC_qb0of3__EV_S_qb0of3,C15_FCF_P_DYN_riseq1,0.14399485215509578,0.1851690280562388,-0.04117417590114303,-0.5652561059118268,0.4889114364400638,17.22,120.43157894736842
DEBTRATIO_qb2of3__None__C2_ROE_DYN_riseq2__v0,DEBTRATIO_qb2of3__None,C2_ROE_DYN_riseq2,0.14397370183957436,0.11247402988012434,0.031499671959450026,-0.5303546941335202,0.4950603732162459,18.02,254.05839416058393
MOM_qb2of3__FCF_P_qb1of3__C3_ROE_DYN_qmax4__v0,MOM_qb2of3__FCF_P_qb1of3,C3_ROE_DYN_qmax4,0.14395808449516467,0.12449311185748302,0.019464972637681655,-0.6963159975417317,0.5024327784891165,16.15,50.86259541984733
P_IC_qb1of3__FCF_OI_qb1of3__C8_EPS_DYN_riseq1__v0,P_IC_qb1of3__FCF_OI_qb1of3,C8_EPS_DYN_riseq1,0.14393161806611765,0.1162649322304854,0.027666685835632254,-0.6289164195033856,0.4973186119873817,17.15,89.78245614035087
ACCRUAL_qb0of3__FCF_OI_qb1of3__C13_EPS_DYN_ytdavg_gt_lyytdavg__v0,ACCRUAL_qb0of3__FCF_OI_qb1of3,C13_EPS_DYN_ytdavg_gt_lyytdavg,0.1438487981485015,0.11153610581397233,0.03231269233452916,-0.5178195042707977,0.46716514954486343,17.23,82.34736842105264
ROE_qb2of3__ACCRUAL_qb0of3__C13_EPS_DYN_ytdavg_gt_lyytdavg__v0,ROE_qb2of3__ACCRUAL_qb0of3,C13_EPS_DYN_ytdavg_gt_lyytdavg,0.14368808634245656,0.11508661275557497,0.028601473586881587,-0.36592599100280865,0.4734426229508197,18.42,91.74035087719298
ROIC_qb1of3__DEBTRATIO_qb2of3__C2_ROE_DYN_riseq2__v0,ROIC_qb1of3__DEBTRATIO_qb2of3,C2_ROE_DYN_riseq2,0.14365189125557176,0.11680265302092874,0.026849238234643025,-0.542205569662,0.5043080710392123,18.32,108.15693430656934
EV_S_qb1of3__ACCRUAL_qb0of3__C7_ROE_DYN_ytdavg_gt_lyavg__v0,EV_S_qb1of3__ACCRUAL_qb0of3,C7_ROE_DYN_ytdavg_gt_lyavg,0.14362804988988453,0.11933321896314197,0.02429483092674256,-0.6172488781571468,0.4844705882352941,17.21,63.575438596491225
PB_qb1of3__NETDEBT_EBITDA_qb0of3__C8_EPS_DYN_riseq1__v0,PB_qb1of3__NETDEBT_EBITDA_qb0of3,C8_EPS_DYN_riseq1,0.14362693342095323,0.11510738211040183,0.028519551310551394,-0.5890432013045372,0.49898580121703856,17.07,71.36842105263158
ROE_qb2of3__FCF_OI_qb2of3__C9_EPS_DYN_riseq2__v0,ROE_qb2of3__FCF_OI_qb2of3,C9_EPS_DYN_riseq2,0.14357726780502533,0.10612897361205387,0.037448294192971465,-0.49912376562491256,0.47534132070214546,19.25,107.5948905109489
OCF_E_qb2of3__FCF_P_qb0of3__C1_ROE_DYN_riseq1__v0,OCF_E_qb2of3__FCF_P_qb0of3,C1_ROE_DYN_riseq1,0.14357237686694813,0.10663543740601678,0.03693693946093135,-0.4696281130820078,0.4785491419656786,19.4,65.84210526315789
ROIC_qb1of3__NETDEBT_EBITDA_qb2of3__C13_EPS_DYN_ytdavg_gt_lyytdavg__v0,ROIC_qb1of3__NETDEBT_EBITDA_qb2of3,C13_EPS_DYN_ytdavg_gt_lyytdavg,0.1435364934908392,0.11795452966567255,0.025581963825166643,-0.5214953357702914,0.4664543524416136,18.17,103.86666666666666
ROE_qb2of3__FCF_OI_qb1of3__C3_ROE_DYN_qmax4__v0,ROE_qb2of3__FCF_OI_qb1of3,C3_ROE_DYN_qmax4,0.14351532347360663,0.1074915393951017,0.03602378407850493,-0.5743894621377221,0.5011029411764706,17.44,77.13740458015268
EV_S_qb1of3__ROIC_qb2of3__C10_EPS_DYN_qmax4__v0,EV_S_qb1of3__ROIC_qb2of3,C10_EPS_DYN_qmax4,0.14344779573903677,0.11007268957710736,0.0333751061619294,-0.5357417063603337,0.5069613259668508,18.42,71.24809160305344
FCF_OI_qb1of3__NETDEBT_EBITDA_qb2of3__C1_ROE_DYN_riseq1__v0,FCF_OI_qb1of3__NETDEBT_EBITDA_qb2of3,C1_ROE_DYN_riseq1,0.14344775409026456,0.11499305815386185,0.028454695936402707,-0.6016714551897455,0.47172413793103446,17.56,74.32982456140351
PB_qb1of3__NETDEBT_EBITDA_qb0of3__C14_EPS_DYN_ytdavg_gt_lyavg__v0,PB_qb1of3__NETDEBT_EBITDA_qb0of3,C14_EPS_DYN_ytdavg_gt_lyavg,0.1434467143798006,0.11510738211040183,0.028339332269398776,-0.609570670316544,0.48460960960960964,16.75,61.564912280701755
P_IC_qb1of3__MOM_qb2of3__C16_FCF_P_DYN_riseq2__v0,P_IC_qb1of3__MOM_qb2of3,C16_FCF_P_DYN_riseq2,0.14341524417362317,0.14135123829913576,0.002064005874487407,-0.6697710428225102,0.48877374784110533,18.21,77.36131386861314
EV_S_qb1of3__NETDEBT_EBITDA_qb2of3__C13_EPS_DYN_ytdavg_gt_lyytdavg__v0,EV_S_qb1of3__NETDEBT_EBITDA_qb2of3,C13_EPS_DYN_ytdavg_gt_lyytdavg,0.14339367145393855,0.12592618420732227,0.017467487246616287,-0.6173413266589578,0.4727838258164852,18.57,82.97894736842105
P_IC_qb1of3__None__C10_EPS_DYN_qmax4__v0,P_IC_qb1of3__None,C10_EPS_DYN_qmax4,0.14339326556793863,0.10774864588230604,0.035644619685632595,-0.587045224965328,0.5025526086415142,17.58,131.88167938931298
DEBTRATIO_qb2of3__NETDEBT_EBITDA_qb2of3__C8_EPS_DYN_riseq1__v0,DEBTRATIO_qb2of3__NETDEBT_EBITDA_qb2of3,C8_EPS_DYN_riseq1,0.14338468969093676,0.11915400596730308,0.024230683723633684,-0.5621155489181171,0.46676532248119373,17.78,156.0421052631579
OCF_E_qb2of3__FCF_OI_qb1of3__C1_ROE_DYN_riseq1__v0,OCF_E_qb2of3__FCF_OI_qb1of3,C1_ROE_DYN_riseq1,0.1433825819233403,0.11774066125008464,0.025641920673255658,-0.5745090625914705,0.48055944055944055,16.93,96.82105263157895
EV_EBITDA_qb1of3__FCF_P_qb2of3__C12_EPS_DYN_yoy__v0,EV_EBITDA_qb1of3__FCF_P_qb2of3,C12_EPS_DYN_yoy,0.14332419953307318,0.12095020165403092,0.022373997879042262,-0.5693593370875378,0.49525244913338357,19.72,96.708
EV_S_qb0of3__None__C19_FCF_P_DYN_yoy__v0,EV_S_qb0of3__None,C19_FCF_P_DYN_yoy,0.14332109335565257,0.15703616256886455,-0.013715069213211972,-0.5976499373782902,0.5151665344964313,19.34,233.944
MOM_qb2of3__ACCRUAL_qb0of3__C19_FCF_P_DYN_yoy__v0,MOM_qb2of3__ACCRUAL_qb0of3,C19_FCF_P_DYN_yoy,0.1432914695894334,0.15172057801880778,-0.008429108429374388,-0.6721975637535045,0.4888268156424581,18.39,74.664
PB_qb1of3__FCF_OI_qb1of3__C1_ROE_DYN_riseq1__v0,PB_qb1of3__FCF_OI_qb1of3,C1_ROE_DYN_riseq1,0.14328138057450057,0.11410064127221342,0.02918073930228715,-0.6293126047608266,0.5027624309392266,17.48,85.47719298245615
PB_qb0of3__ACCRUAL_qb0of3__C15_FCF_P_DYN_riseq1__v0,PB_qb0of3__ACCRUAL_qb0of3,C15_FCF_P_DYN_riseq1,0.14326187969235393,0.17652061393823848,-0.03325873424588455,-0.6259040477638314,0.47733239978995273,19.51,78.06315789473685
ROE_qb2of3__EV_EBITDA_qb0of3__C17_FCF_P_DYN_qmax4__v0,ROE_qb2of3__EV_EBITDA_qb0of3,C17_FCF_P_DYN_qmax4,0.14321911845296342,0.1751333441657017,-0.031914225712738276,-0.5005937775966199,0.4711092366090257,19.59,31.423664122137403
MOM_qb2of3__FCF_P_qb0of3__C13_EPS_DYN_ytdavg_gt_lyytdavg__v0,MOM_qb2of3__FCF_P_qb0of3,C13_EPS_DYN_ytdavg_gt_lyytdavg,0.14317682281396582,0.12263642895378513,0.020540393860180695,-0.6515866219624887,0.46649753768094315,17.54,83.35438596491228
EV_EBITDA_qb1of3__DEBTRATIO_qb2of3__C5_ROE_DYN_yoy__v0,EV_EBITDA_qb1of3__DEBTRATIO_qb2of3,C5_ROE_DYN_yoy,0.1431436860974813,0.13449319651294744,0.00865048958453385,-0.6001984958941674,0.4859106529209622,19.88,84.8
PB_qb1of3__DEBTRATIO_qb0of3__C5_ROE_DYN_yoy__v0,PB_qb1of3__DEBTRATIO_qb0of3,C5_ROE_DYN_yoy,0.14314236290038207,0.1073186532581396,0.03582370964224246,-0.6344337202871618,0.48515769944341375,20.15,70.192
MOM_qb2of3__FCF_OI_qb1of3__C17_FCF_P_DYN_qmax4__v0,MOM_qb2of3__FCF_OI_qb1of3,C17_FCF_P_DYN_qmax4,0.14313054869812158,0.1494073362333117,-0.00627678753519012,-0.6947880949350438,0.4456204379562044,17.05,31.435114503816795
EV_S_qb1of3__MOM_qb2of3__C7_ROE_DYN_ytdavg_gt_lyavg__v0,EV_S_qb1of3__MOM_qb2of3,C7_ROE_DYN_ytdavg_gt_lyavg,0.14303738659583676,0.12920025367569776,0.013837132920138995,-0.6659480888230911,0.46843481509152035,16.31,75.19649122807017
EV_EBITDA_qb0of3__DEBTRATIO_qb2of3__None__v0,EV_EBITDA_qb0of3__DEBTRATIO_qb2of3,None,0.14301532522542537,0.14301532522542537,0.0,-0.5446743707472683,0.4676258992805755,18.28,159.59595959595958
PB_qb0of3__NETDEBT_EBITDA_qb2of3__C19_FCF_P_DYN_yoy__v0,PB_qb0of3__NETDEBT_EBITDA_qb2of3,C19_FCF_P_DYN_yoy,0.1429205757942298,0.17628642719528287,-0.03336585140105308,-0.636570230263686,0.5119120342089187,20.08,109.208
OCF_E_qb2of3__FCF_OI_qb1of3__C16_FCF_P_DYN_riseq2__v0,OCF_E_qb2of3__FCF_OI_qb1of3,C16_FCF_P_DYN_riseq2,0.14290939963715954,0.11774066125008464,0.025168738387074896,-0.625106429208738,0.4891577624135764,19.9,83.94160583941606
DEBTRATIO_qb2of3__FCF_P_qb0of3__C5_ROE_DYN_yoy__v0,DEBTRATIO_qb2of3__FCF_P_qb0of3,C5_ROE_DYN_yoy,0.1428698009064071,0.10901546451131372,0.03385433639509339,-0.5670077641488624,0.46307423919364216,20.9,90.204
DEBTRATIO_qb2of3__NETDEBT_EBITDA_qb2of3__C13_EPS_DYN_ytdavg_gt_lyytdavg__v0,DEBTRATIO_qb2of3__NETDEBT_EBITDA_qb2of3,C13_EPS_DYN_ytdavg_gt_lyytdavg,0.14284503680230087,0.11915400596730308,0.023691030834997795,-0.5500278517721859,0.4545908183632735,17.75,150.53684210526316
MOM_qb1of3__FCF_OI_qb1of3__C4_ROE_DYN_qmax8__v0,MOM_qb1of3__FCF_OI_qb1of3,C4_ROE_DYN_qmax8,0.14282546885718417,0.10997605163063406,0.032849417226550104,-0.7178906717487892,0.5558052434456929,18.37,18.553648068669528
OCF_E_qb2of3__ROIC_qb1of3__C2_ROE_DYN_riseq2__v0,OCF_E_qb2of3__ROIC_qb1of3,C2_ROE_DYN_riseq2,0.14282157486866764,0.10988266317424689,0.03293891169442076,-0.5355692302973671,0.498922624877571,18.13,76.11678832116789
PB_qb1of3__MOM_qb2of3__C17_FCF_P_DYN_qmax4__v0,PB_qb1of3__MOM_qb2of3,C17_FCF_P_DYN_qmax4,0.14280372917606576,0.14055424123730442,0.002249487938761341,-0.6860114456219641,0.4753781783070486,15.37,36.62977099236641
OCF_E_qb2of3__ROIC_qb1of3__C13_EPS_DYN_ytdavg_gt_lyytdavg__v0,OCF_E_qb2of3__ROIC_qb1of3,C13_EPS_DYN_ytdavg_gt_lyytdavg,0.14277456445068104,0.10988266317424689,0.032891901276434155,-0.5107202391161862,0.48018053375196235,18.97,74.86666666666666
ROE_qb2of3__FCF_OI_qb2of3__C10_EPS_DYN_qmax4__v0,ROE_qb2of3__FCF_OI_qb2of3,C10_EPS_DYN_qmax4,0.14277393783930248,0.10612897361205387,0.03664496422724861,-0.48631535952613314,0.486122618061309,18.59,66.47328244274809
PB_qb1of3__FCF_P_qb1of3__C2_ROE_DYN_riseq2__v0,PB_qb1of3__FCF_P_qb1of3,C2_ROE_DYN_riseq2,0.14277097828480345,0.10479620641868093,0.037974771866122525,-0.6456308267191873,0.5050505050505051,18.74,76.45255474452554
PB_qb0of3__ACCRUAL_qb0of3__C19_FCF_P_DYN_yoy__v0,PB_qb0of3__ACCRUAL_qb0of3,C19_FCF_P_DYN_yoy,0.14274890512665594,0.17652061393823848,-0.033771708811582535,-0.6283294694093622,0.49298211882330323,20.32,81.812
EV_EBITDA_qb0of3__None__C16_FCF_P_DYN_riseq2__v0,EV_EBITDA_qb0of3__None,C16_FCF_P_DYN_riseq2,0.14269032893384792,0.1454246752563002,-0.0027343463224522857,-0.6048906728057827,0.4804747013070323,19.87,231.74452554744525
MOM_qb2of3__ACCRUAL_qb2of3__C3_ROE_DYN_qmax4__v0,MOM_qb2of3__ACCRUAL_qb2of3,C3_ROE_DYN_qmax4,0.14268537967310846,0.11246072837315779,0.030224651299950667,-0.6263932926266302,0.4954265049989364,16.73,60.408396946564885
FCF_OI_qb1of3__NETDEBT_EBITDA_qb0of3__C2_ROE_DYN_riseq2__v0,FCF_OI_qb1of3__NETDEBT_EBITDA_qb0of3,C2_ROE_DYN_riseq2,0.14264933815073544,0.10774462377156824,0.0349047143791672,-0.63060255706445,0.5005784805244891,16.91,86.54379562043796
EV_EBITDA_qb1of3__ROIC_qb1of3__C10_EPS_DYN_qmax4__v0,EV_EBITDA_qb1of3__ROIC_qb1of3,C10_EPS_DYN_qmax4,0.1426335459959467,0.12513866146333696,0.017494884532609722,-0.623229855597585,0.5214050493962679,16.01,55.67557251908397
PS_qb0of3__NETDEBT_EBITDA_qb0of3__C19_FCF_P_DYN_yoy__v0,PS_qb0of3__NETDEBT_EBITDA_qb0of3,C19_FCF_P_DYN_yoy,0.14263117509040923,0.1623346227872262,-0.019703447696816978,-0.6051300281071521,0.5075585789871504,20.21,53.264
ROIC_qb1of3__NETDEBT_EBITDA_qb2of3__C1_ROE_DYN_riseq1__v0,ROIC_qb1of3__NETDEBT_EBITDA_qb2of3,C1_ROE_DYN_riseq1,0.14258220382148323,0.11795452966567255,0.024627674155810686,-0.5725836769918597,0.48095449829553877,17.67,110.16842105263157
MOM_qb2of3__FCF_P_qb1of3__C8_EPS_DYN_riseq1__v0,MOM_qb2of3__FCF_P_qb1of3,C8_EPS_DYN_riseq1,0.14257073412002375,0.12449311185748302,0.018077622262540727,-0.6650640497331236,0.49525294034292194,17.03,86.50175438596492
EV_S_qb1of3__ACCRUAL_qb1of3__C3_ROE_DYN_qmax4__v0,EV_S_qb1of3__ACCRUAL_qb1of3,C3_ROE_DYN_qmax4,0.14251927066795522,0.11256341933953151,0.02995585132842371,-0.6502901772758745,0.5136501516683518,17.38,42.05725190839695
MOM_qb2of3__NETDEBT_EBITDA_qb1of3__C8_EPS_DYN_riseq1__v0,MOM_qb2of3__NETDEBT_EBITDA_qb1of3,C8_EPS_DYN_riseq1,0.14246856411880038,0.14096998093909052,0.0014985831797098559,-0.6894478634108607,0.5008493401280544,18.0,102.95087719298246
NETDEBT_EBITDA_qb2of3__None__C14_EPS_DYN_ytdavg_gt_lyavg__v0,NETDEBT_EBITDA_qb2of3__None,C14_EPS_DYN_ytdavg_gt_lyavg,0.14246650055424603,0.11310247772162718,0.029364022832618852,-0.5526223461723215,0.47348805692021007,17.86,226.9719298245614
MOM_qb2of3__ROE_qb1of3__None__v0,MOM_qb2of3__ROE_qb1of3,None,0.142453064325746,0.142453064325746,0.0,-0.645036845032225,0.4804154563858815,17.56,145.5185185185185
EV_S_qb1of3__ROE_qb2of3__C3_ROE_DYN_qmax4__v0,EV_S_qb1of3__ROE_qb2of3,C3_ROE_DYN_qmax4,0.14244751986734716,0.11180655286183461,0.030640967005512554,-0.5485694834946742,0.5054819552306989,17.46,65.47328244274809
P_IC_qb1of3__DEBTRATIO_qb1of3__C10_EPS_DYN_qmax4__v0,P_IC_qb1of3__DEBTRATIO_qb1of3,C10_EPS_DYN_qmax4,0.14244165823194543,0.10457322351498388,0.03786843471696155,-0.5836898773337975,0.5067304816033503,17.54,53.152671755725194
MOM_qb2of3__FCF_P_qb2of3__C15_FCF_P_DYN_riseq1__v0,MOM_qb2of3__FCF_P_qb2of3,C15_FCF_P_DYN_riseq1,0.1424404721660073,0.15540904841423941,-0.012968576248232111,-0.664272263083177,0.484815074671745,17.47,112.30175438596491
FCF_OI_qb2of3__DEBTRATIO_qb2of3__C14_EPS_DYN_ytdavg_gt_lyavg__v0,FCF_OI_qb2of3__DEBTRATIO_qb2of3,C14_EPS_DYN_ytdavg_gt_lyavg,0.14243742111401958,0.1079547255060096,0.03448269560800998,-0.5385217035582281,0.4772829509671615,18.57,70.78245614035087
DEBTRATIO_qb2of3__NETDEBT_EBITDA_qb2of3__C7_ROE_DYN_ytdavg_gt_lyavg__v0,DEBTRATIO_qb2of3__NETDEBT_EBITDA_qb2of3,C7_ROE_DYN_ytdavg_gt_lyavg,0.1424369598797286,0.11915400596730308,0.02328295391242552,-0.5369956487961769,0.46788990825688076,16.86,138.85614035087718
ROE_qb1of3__NETDEBT_EBITDA_qb2of3__C8_EPS_DYN_riseq1__v0,ROE_qb1of3__NETDEBT_EBITDA_qb2of3,C8_EPS_DYN_riseq1,0.14242379336393762,0.11002096666725647,0.03240282669668115,-0.5528022213883117,0.4831743746625877,18.07,88.04561403508772
OCF_E_qb1of3__FCF_P_qb2of3__C13_EPS_DYN_ytdavg_gt_lyytdavg__v0,OCF_E_qb1of3__FCF_P_qb2of3,C13_EPS_DYN_ytdavg_gt_lyytdavg,0.1424207294444968,0.12040696135896067,0.022013768085536123,-0.5491971389527456,0.48530188347121983,18.67,75.47368421052632
MOM_qb2of3__FCF_OI_qb1of3__C20_FCF_P_DYN_ytdavg_gt_lyytdavg__v0,MOM_qb2of3__FCF_OI_qb1of3,C20_FCF_P_DYN_ytdavg_gt_lyytdavg,0.14240438433643954,0.1494073362333117,-0.007002951896872167,-0.6742705384940726,0.49890350877192985,15.6,78.70877192982456
P_IC_qb1of3__FCF_P_qb1of3__C7_ROE_DYN_ytdavg_gt_lyavg__v0,P_IC_qb1of3__FCF_P_qb1of3,C7_ROE_DYN_ytdavg_gt_lyavg,0.1423961877217006,0.11136939041932759,0.03102679730237301,-0.6055273624263754,0.4958380202474691,16.66,66.50526315789473
PS_qb0of3__EV_S_qb0of3__C19_FCF_P_DYN_yoy__v0,PS_qb0of3__EV_S_qb0of3,C19_FCF_P_DYN_yoy,0.1423914037662113,0.16026918058568085,-0.01787777681946956,-0.5908697036786114,0.511122035148089,18.96,183.272
NETDEBT_EBITDA_qb2of3__None__C7_ROE_DYN_ytdavg_gt_lyavg__v0,NETDEBT_EBITDA_qb2of3__None,C7_ROE_DYN_ytdavg_gt_lyavg,0.1423580461797127,0.11310247772162718,0.029255568458085524,-0.5600014982109213,0.4756160606582802,17.21,217.5438596491228
EV_S_qb1of3__MOM_qb2of3__C13_EPS_DYN_ytdavg_gt_lyytdavg__v0,EV_S_qb1of3__MOM_qb2of3,C13_EPS_DYN_ytdavg_gt_lyytdavg,0.1423445026396153,0.12920025367569776,0.013144248963917526,-0.6704833712453283,0.47074557004346373,16.94,84.91578947368421
P_IC_qb1of3__MOM_qb2of3__C19_FCF_P_DYN_yoy__v0,P_IC_qb1of3__MOM_qb2of3,C19_FCF_P_DYN_yoy,0.14234171009633445,0.14135123829913576,0.0009904717971986887,-0.6887689503338489,0.4949440231130372,18.55,78.464
ROE_qb2of3__NETDEBT_EBITDA_qb2of3__C6_ROE_DYN_ytdavg_gt_lyytdavg__v0,ROE_qb2of3__NETDEBT_EBITDA_qb2of3,C6_ROE_DYN_ytdavg_gt_lyytdavg,0.14228256232218484,0.12573108691877288,0.016551475403411953,-0.4521035983535284,0.46274373259052926,17.86,58.084210526315786
EV_S_qb1of3__EV_EBITDA_qb1of3__C9_EPS_DYN_riseq2__v0,EV_S_qb1of3__EV_EBITDA_qb1of3,C9_EPS_DYN_riseq2,0.1421927758901631,0.11950687846175168,0.022685897428411428,-0.6279237461709954,0.5099183197199533,18.7,122.02554744525547
PB_qb1of3__NETDEBT_EBITDA_qb1of3__C7_ROE_DYN_ytdavg_gt_lyavg__v0,PB_qb1of3__NETDEBT_EBITDA_qb1of3,C7_ROE_DYN_ytdavg_gt_lyavg,0.14217857823668778,0.11455350465136882,0.02762507358531896,-0.5437146247849004,0.4987987987987988,17.71,71.06315789473685
EV_EBITDA_qb0of3__NETDEBT_EBITDA_qb0of3__C20_FCF_P_DYN_ytdavg_gt_lyytdavg__v0,EV_EBITDA_qb0of3__NETDEBT_EBITDA_qb0of3,C20_FCF_P_DYN_ytdavg_gt_lyytdavg,0.14217272202991604,0.14659325251889155,-0.004420530488975505,-0.582108820058064,0.5163057007717202,17.91,94.08070175438597
EV_S_qb0of3__FCF_OI_qb1of3__C20_FCF_P_DYN_ytdavg_gt_lyytdavg__v0,EV_S_qb0of3__FCF_OI_qb1of3,C20_FCF_P_DYN_ytdavg_gt_lyytdavg,0.14213020625790884,0.1576248487356633,-0.01549464247775445,-0.5896964074347425,0.5029249268768281,17.03,110.8
EV_EBITDA_qb1of3__FCF_OI_qb1of3__C1_ROE_DYN_riseq1__v0,EV_EBITDA_qb1of3__FCF_OI_qb1of3,C1_ROE_DYN_riseq1,0.14211964568754554,0.1275583968310292,0.014561248856516329,-0.6326459693799358,0.5118078175895765,17.68,98.39649122807018
PS_qb0of3__DEBTRATIO_qb0of3__C16_FCF_P_DYN_riseq2__v0,PS_qb0of3__DEBTRATIO_qb0of3,C16_FCF_P_DYN_riseq2,0.14211524429696554,0.16454566385826408,-0.022430419561298542,-0.5658473762991738,0.5128036769533815,20.08,28.23722627737226
ROE_qb2of3__None__C2_ROE_DYN_riseq2__v0,ROE_qb2of3__None,C2_ROE_DYN_riseq2,0.14211407695895262,0.10857200626884822,0.0335420706901044,-0.45029600588069807,0.4950900163666121,19.01,324.5839416058394
EV_EBITDA_qb1of3__None__C2_ROE_DYN_riseq2__v0,EV_EBITDA_qb1of3__None,C2_ROE_DYN_riseq2,0.14205801685568464,0.12168343275173998,0.02037458410394466,-0.6239276300612584,0.5129349417753295,18.46,268.9051094890511
MOM_qb2of3__NETDEBT_EBITDA_qb1of3__C1_ROE_DYN_riseq1__v0,MOM_qb2of3__NETDEBT_EBITDA_qb1of3,C1_ROE_DYN_riseq1,0.142057919161517,0.14096998093909052,0.0010879382224264766,-0.6967062009751378,0.4990408331049603,17.57,96.59649122807018
ROIC_qb1of3__DEBTRATIO_qb2of3__C13_EPS_DYN_ytdavg_gt_lyytdavg__v0,ROIC_qb1of3__DEBTRATIO_qb2of3,C13_EPS_DYN_ytdavg_gt_lyytdavg,0.14190970396864877,0.11680265302092874,0.025107050947720033,-0.5197958993634431,0.4735812133072407,18.48,101.88421052631578
EV_S_qb0of3__None__C16_FCF_P_DYN_riseq2__v0,EV_S_qb0of3__None,C16_FCF_P_DYN_riseq2,0.1419013116972998,0.15703616256886455,-0.015134850871564742,-0.573274308185745,0.510648596321394,18.42,234.82846715328466
ROE_qb1of3__NETDEBT_EBITDA_qb2of3__C14_EPS_DYN_ytdavg_gt_lyavg__v0,ROE_qb1of3__NETDEBT_EBITDA_qb2of3,C14_EPS_DYN_ytdavg_gt_lyavg,0.14189731124566918,0.11002096666725647,0.03187634457841271,-0.5350266449923299,0.4725654967869501,18.32,81.24561403508773
MOM_qb2of3__ACCRUAL_qb1of3__C19_FCF_P_DYN_yoy__v0,MOM_qb2of3__ACCRUAL_qb1of3,C19_FCF_P_DYN_yoy,0.14186115643442676,0.13564208643476539,0.006219069999661375,-0.6913214209196563,0.4919705587152894,18.83,78.488
ROE_qb1of3__EV_EBITDA_qb0of3__C15_FCF_P_DYN_riseq1__v0,ROE_qb1of3__EV_EBITDA_qb0of3,C15_FCF_P_DYN_riseq1,0.14184192132592877,0.16753762281561357,-0.025695701489684808,-0.5499961006888996,0.5152022315202232,18.25,56.1719298245614
PB_qb1of3__NETDEBT_EBITDA_qb0of3__C2_ROE_DYN_riseq2__v0,PB_qb1of3__NETDEBT_EBITDA_qb0of3,C2_ROE_DYN_riseq2,0.14181389797211108,0.11510738211040183,0.026706515861709246,-0.6484016176717464,0.5152243589743589,17.26,71.97810218978103
P_IC_qb1of3__FCF_P_qb1of3__C8_EPS_DYN_riseq1__v0,P_IC_qb1of3__FCF_P_qb1of3,C8_EPS_DYN_riseq1,0.1418061297114459,0.11136939041932759,0.03043673929211832,-0.6431663352394545,0.5044635042884649,17.47,77.83157894736843
ROIC_qb1of3__DEBTRATIO_qb2of3__C8_EPS_DYN_riseq1__v0,ROIC_qb1of3__DEBTRATIO_qb2of3,C8_EPS_DYN_riseq1,0.14179908364452665,0.11680265302092874,0.02499643062359791,-0.5431804212368272,0.4937849596022374,17.76,106.17543859649123
PS_qb1of3__DEBTRATIO_qb0of3__C13_EPS_DYN_ytdavg_gt_lyytdavg__v0,PS_qb1of3__DEBTRATIO_qb0of3,C13_EPS_DYN_ytdavg_gt_lyytdavg,0.14179477945511176,0.12634493133806424,0.015449848117047527,-0.5942058665291018,0.5077369439071566,17.69,77.62105263157895
PB_qb1of3__ROIC_qb2of3__C18_FCF_P_DYN_qmax8__v0,PB_qb1of3__ROIC_qb2of3,C18_FCF_P_DYN_qmax8,0.14179469564497116,0.15726720889947043,-0.015472513254499276,-0.623609845194119,0.4915644171779141,20.24,16.72961373390558
EV_EBITDA_qb1of3__DEBTRATIO_qb2of3__C9_EPS_DYN_riseq2__v0,EV_EBITDA_qb1of3__DEBTRATIO_qb2of3,C9_EPS_DYN_riseq2,0.1417893689909011,0.13449319651294744,0.007296172477953666,-0.624554702764024,0.5031965353681171,18.63,86.33211678832117
ROE_qb2of3__DEBTRATIO_qb0of3__C16_FCF_P_DYN_riseq2__v0,ROE_qb2of3__DEBTRATIO_qb0of3,C16_FCF_P_DYN_riseq2,0.14175226643653072,0.10886193919574749,0.032890327240783224,-0.6544074446681527,0.5109734056287116,18.51,68.76642335766424
OCF_E_qb2of3__FCF_P_qb0of3__C9_EPS_DYN_riseq2__v0,OCF_E_qb2of3__FCF_P_qb0of3,C9_EPS_DYN_riseq2,0.14173212612796093,0.10663543740601678,0.03509668872194416,-0.48082341106858073,0.4825431826534362,20.89,74.80656934306569
P_IC_qb1of3__DEBTRATIO_qb1of3__C14_EPS_DYN_ytdavg_gt_lyavg__v0,P_IC_qb1of3__DEBTRATIO_qb1of3,C14_EPS_DYN_ytdavg_gt_lyavg,0.14172586156029632,0.10457322351498388,0.037152638045312436,-0.531315872865717,0.4799119427627958,17.33,87.79649122807018
ROE_qb2of3__NETDEBT_EBITDA_qb2of3__C7_ROE_DYN_ytdavg_gt_lyavg__v0,ROE_qb2of3__NETDEBT_EBITDA_qb2of3,C7_ROE_DYN_ytdavg_gt_lyavg,0.14167975070880146,0.12573108691877288,0.015948663790028572,-0.453943297952063,0.469732837335137,17.56,57.97543859649123
MOM_qb2of3__NETDEBT_EBITDA_qb1of3__C16_FCF_P_DYN_riseq2__v0,MOM_qb2of3__NETDEBT_EBITDA_qb1of3,C16_FCF_P_DYN_riseq2,0.14164853749274298,0.14096998093909052,0.000678556553652454,-0.6708673715300721,0.4852110335659688,18.64,81.56934306569343
P_IC_qb1of3__NETDEBT_EBITDA_qb1of3__C2_ROE_DYN_riseq2__v0,P_IC_qb1of3__NETDEBT_EBITDA_qb1of3,C2_ROE_DYN_riseq2,0.14154969628099723,0.11371455528078345,0.02783514100021378,-0.5555531557442113,0.5073375262054507,18.74,91.33211678832117
PS_qb1of3__ACCRUAL_qb1of3__C10_EPS_DYN_qmax4__v0,PS_qb1of3__ACCRUAL_qb1of3,C10_EPS_DYN_qmax4,0.1415491177882744,0.10712139139531085,0.03442772639296354,-0.6935318534913809,0.5194805194805194,18.06,46.37022900763359
EV_EBITDA_qb1of3__None__C14_EPS_DYN_ytdavg_gt_lyavg__v0,EV_EBITDA_qb1of3__None,C14_EPS_DYN_ytdavg_gt_lyavg,0.1415261821288627,0.12168343275173998,0.019842749377122715,-0.566349354006395,0.49635555555555555,17.74,246.23157894736843
OCF_E_qb2of3__FCF_OI_qb1of3__C8_EPS_DYN_riseq1__v0,OCF_E_qb2of3__FCF_OI_qb1of3,C8_EPS_DYN_riseq1,0.14147568864059634,0.11774066125008464,0.023735027390511698,-0.5506293613671729,0.48402948402948404,17.4,100.52982456140352
DEBTRATIO_qb1of3__FCF_P_qb2of3__C2_ROE_DYN_riseq2__v0,DEBTRATIO_qb1of3__FCF_P_qb2of3,C2_ROE_DYN_riseq2,0.14146062961980355,0.12036397930429055,0.021096650315513,-0.5765909577896828,0.49841660802251936,19.39,84.81021897810218
EV_EBITDA_qb1of3__FCF_OI_qb1of3__C8_EPS_DYN_riseq1__v0,EV_EBITDA_qb1of3__FCF_OI_qb1of3,C8_EPS_DYN_riseq1,0.14145480670766242,0.1275583968310292,0.013896409876633209,-0.6093964260124021,0.5125848981222533,17.94,101.68070175438596
EV_EBITDA_qb1of3__ROIC_qb1of3__C8_EPS_DYN_riseq1__v0,EV_EBITDA_qb1of3__ROIC_qb1of3,C8_EPS_DYN_riseq1,0.1414510577520094,0.12513866146333696,0.016312396288672426,-0.5759625811276818,0.4983759356023161,17.71,105.25614035087719
PS_qb0of3__None__C16_FCF_P_DYN_riseq2__v0,PS_qb0of3__None,C16_FCF_P_DYN_riseq2,0.14141714047254506,0.16434511041889355,-0.022927969946348492,-0.579636244125644,0.5072975736729571,18.74,237.65693430656935
ROIC_qb1of3__FCF_OI_qb1of3__C6_ROE_DYN_ytdavg_gt_lyytdavg__v0,ROIC_qb1of3__FCF_OI_qb1of3,C6_ROE_DYN_ytdavg_gt_lyytdavg,0.1414118301746412,0.11961040076679486,0.02180142940784635,-0.5350820123744005,0.4705361882852592,16.36,88.76491228070175
FCF_P_qb2of3__None__C8_EPS_DYN_riseq1__v0,FCF_P_qb2of3__None,C8_EPS_DYN_riseq1,0.14139965682376188,0.12214294842787288,0.019256708395889,-0.5779555386022267,0.48996519721577725,18.07,240.55438596491229
EV_EBITDA_qb1of3__FCF_OI_qb1of3__C13_EPS_DYN_ytdavg_gt_lyytdavg__v0,EV_EBITDA_qb1of3__FCF_OI_qb1of3,C13_EPS_DYN_ytdavg_gt_lyytdavg,0.14138907062299988,0.1275583968310292,0.013830673791970671,-0.5575642551342871,0.501659125188537,17.8,98.96491228070175
MOM_qb1of3__ROE_qb2of3__C5_ROE_DYN_yoy__v0,MOM_qb1of3__ROE_qb2of3,C5_ROE_DYN_yoy,0.14137797619974113,0.10831556437834422,0.03306241182139691,-0.6651510744382005,0.5263252794807068,21.55,80.108
ROE_qb2of3__FCF_OI_qb1of3__C2_ROE_DYN_riseq2__v0,ROE_qb2of3__FCF_OI_qb1of3,C2_ROE_DYN_riseq2,0.14137193195312459,0.1074915393951017,0.03388039255802289,-0.5298280549425394,0.49835609509357615,18.64,126.63503649635037
ROE_qb1of3__FCF_OI_qb1of3__C8_EPS_DYN_riseq1__v0,ROE_qb1of3__FCF_OI_qb1of3,C8_EPS_DYN_riseq1,0.14136624466260295,0.11311461277821944,0.02825163188438351,-0.588385302307593,0.4888542478565861,16.7,90.93333333333334
PS_qb0of3__EV_S_qb0of3__C16_FCF_P_DYN_riseq2__v0,PS_qb0of3__EV_S_qb0of3,C16_FCF_P_DYN_riseq2,0.14135719742404884,0.16026918058568085,-0.018911983161632007,-0.5644974325639114,0.5055328361799375,18.48,180.6058394160584
P_IC_qb1of3__MOM_qb2of3__None__v0,P_IC_qb1of3__MOM_qb2of3,None,0.14135123829913576,0.14135123829913576,0.0,-0.6761239040907139,0.46693735498839906,17.12,146.7037037037037
PB_qb1of3__None__C14_EPS_DYN_ytdavg_gt_lyavg__v0,PB_qb1of3__None,C14_EPS_DYN_ytdavg_gt_lyavg,0.14131918586281356,0.1059915100055453,0.03532767585726826,-0.5599400751404979,0.49069200154063425,17.27,215.5719298245614
OCF_E_qb2of3__ROIC_qb1of3__C9_EPS_DYN_riseq2__v0,OCF_E_qb2of3__ROIC_qb1of3,C9_EPS_DYN_riseq2,0.14129873278156935,0.10988266317424689,0.03141606960732246,-0.5135107192230379,0.4992141453831041,18.44,75.47810218978103
EV_S_qb1of3__MOM_qb2of3__C14_EPS_DYN_ytdavg_gt_lyavg__v0,EV_S_qb1of3__MOM_qb2of3,C14_EPS_DYN_ytdavg_gt_lyavg,0.14127989154662246,0.12920025367569776,0.012079637870924698,-0.6697038680112992,0.47362924281984337,16.38,81.76491228070175
MOM_qb2of3__DEBTRATIO_qb1of3__C19_FCF_P_DYN_yoy__v0,MOM_qb2of3__DEBTRATIO_qb1of3,C19_FCF_P_DYN_yoy,0.14126214097220835,0.13517618077461835,0.006085960197590001,-0.6675542614292935,0.4954296160877514,19.44,78.204
EV_EBITDA_qb0of3__FCF_P_qb2of3__None__v0,EV_EBITDA_qb0of3__FCF_P_qb2of3,None,0.1412545523155624,0.1412545523155624,0.0,-0.5759712852145482,0.4784390044043839,19.39,164.8989898989899
MOM_qb2of3__ROIC_qb1of3__C17_FCF_P_DYN_qmax4__v0,MOM_qb2of3__ROIC_qb1of3,C17_FCF_P_DYN_qmax4,0.14125173355991838,0.1489494323621996,-0.0076976988022812165,-0.6558317045976173,0.4808496942388156,19.25,36.961832061068705
P_IC_qb1of3__ROE_qb2of3__C15_FCF_P_DYN_riseq1__v0,P_IC_qb1of3__ROE_qb2of3,C15_FCF_P_DYN_riseq1,0.14123583615935575,0.15952276167140345,-0.01828692551204769,-0.529496644524935,0.4804177545691906,19.39,59.67368421052632
EV_S_qb1of3__MOM_qb2of3__C1_ROE_DYN_riseq1__v0,EV_S_qb1of3__MOM_qb2of3,C1_ROE_DYN_riseq1,0.14122945254696417,0.12920025367569776,0.012029198871266411,-0.6998242314503279,0.486,16.53,83.61754385964912
EV_EBITDA_qb1of3__FCF_P_qb2of3__C7_ROE_DYN_ytdavg_gt_lyavg__v0,EV_EBITDA_qb1of3__FCF_P_qb2of3,C7_ROE_DYN_ytdavg_gt_lyavg,0.14122744037427082,0.12095020165403092,0.0202772387202399,-0.5581528001193155,0.49632095304835316,17.8,77.68070175438596
MOM_qb2of3__FCF_P_qb0of3__C6_ROE_DYN_ytdavg_gt_lyytdavg__v0,MOM_qb2of3__FCF_P_qb0of3,C6_ROE_DYN_ytdavg_gt_lyytdavg,0.14121159549164797,0.12263642895378513,0.01857516653786284,-0.6736442666204758,0.45944233206590623,18.04,77.89473684210526
PB_qb1of3__FCF_OI_qb1of3__C8_EPS_DYN_riseq1__v0,PB_qb1of3__FCF_OI_qb1of3,C8_EPS_DYN_riseq1,0.14115439679318764,0.11410064127221342,0.02705375552097422,-0.6077660096482136,0.5067666721017446,17.37,85.93333333333334
P_IC_qb1of3__MOM_qb2of3__C13_EPS_DYN_ytdavg_gt_lyytdavg__v0,P_IC_qb1of3__MOM_qb2of3,C13_EPS_DYN_ytdavg_gt_lyytdavg,0.14115270145367154,0.14135123829913576,-0.00019853684546422556,-0.6328239666294309,0.47086206896551724,15.94,83.03157894736842
P_IC_qb1of3__NETDEBT_EBITDA_qb0of3__None__v0,P_IC_qb1of3__NETDEBT_EBITDA_qb0of3,None,0.14111189279231584,0.14111189279231584,0.0,-0.5928940296961107,0.5344827586206896,18.26,159.25252525252526
PB_qb1of3__MOM_qb2of3__C16_FCF_P_DYN_riseq2__v0,PB_qb1of3__MOM_qb2of3,C16_FCF_P_DYN_riseq2,0.14110384645299856,0.14055424123730442,0.0005496052156941378,-0.6783881255550647,0.4922943722943723,17.04,76.60583941605839
EV_EBITDA_qb0of3__DEBTRATIO_qb1of3__C11_EPS_DYN_qmax8__v0,EV_EBITDA_qb0of3__DEBTRATIO_qb1of3,C11_EPS_DYN_qmax8,0.14109771016662465,0.1453333100047871,-0.004235599838162463,-0.5305802635796859,0.5061664953751285,20.3,32.04761904761905
EV_S_qb1of3__NETDEBT_EBITDA_qb2of3__C6_ROE_DYN_ytdavg_gt_lyytdavg__v0,EV_S_qb1of3__NETDEBT_EBITDA_qb2of3,C6_ROE_DYN_ytdavg_gt_lyytdavg,0.1410942533482893,0.12592618420732227,0.015168069140967022,-0.6212999332172655,0.46293929712460063,18.36,79.97543859649123
OCF_E_qb2of3__DEBTRATIO_qb2of3__C7_ROE_DYN_ytdavg_gt_lyavg__v0,OCF_E_qb2of3__DEBTRATIO_qb2of3,C7_ROE_DYN_ytdavg_gt_lyavg,0.14108234987554424,0.11692725396958026,0.024155095905963986,-0.44372988416285264,0.4705070033537187,17.01,91.11228070175439
MOM_qb2of3__NETDEBT_EBITDA_qb0of3__None__v0,MOM_qb2of3__NETDEBT_EBITDA_qb0of3,None,0.141070955355993,0.141070955355993,0.0,-0.6870922863386513,0.4722514189615304,16.34,138.07407407407408
ACCRUAL_qb0of3__FCF_OI_qb1of3__C1_ROE_DYN_riseq1__v0,ACCRUAL_qb0of3__FCF_OI_qb1of3,C1_ROE_DYN_riseq1,0.14105257550156702,0.11153610581397233,0.029516469687594693,-0.5871058515770105,0.4765156562291806,16.47,79.42105263157895
MOM_qb2of3__None__C20_FCF_P_DYN_ytdavg_gt_lyytdavg__v0,MOM_qb2of3__None,C20_FCF_P_DYN_ytdavg_gt_lyytdavg,0.1410315818390897,0.11517070621059111,0.025860875628498592,-0.6765802830365073,0.4734337310124519,16.82,222.56491228070175
MOM_qb2of3__ACCRUAL_qb2of3__C11_EPS_DYN_qmax8__v0,MOM_qb2of3__ACCRUAL_qb2of3,C11_EPS_DYN_qmax8,0.14099746591810436,0.11246072837315779,0.028536737544946567,-0.6095295951183599,0.49588347055098164,18.91,45.592274678111586
MOM_qb2of3__NETDEBT_EBITDA_qb1of3__None__v0,MOM_qb2of3__NETDEBT_EBITDA_qb1of3,None,0.14096998093909052,0.14096998093909052,0.0,-0.6609557981963678,0.478059600732954,17.72,156.0909090909091
MOM_qb2of3__DEBTRATIO_qb2of3__None__v0,MOM_qb2of3__DEBTRATIO_qb2of3,None,0.1409681494808137,0.1409681494808137,0.0,-0.6731392790452497,0.4520755479244521,16.22,152.75084175084174
EV_EBITDA_qb1of3__DEBTRATIO_qb2of3__C13_EPS_DYN_ytdavg_gt_lyytdavg__v0,EV_EBITDA_qb1of3__DEBTRATIO_qb2of3,C13_EPS_DYN_ytdavg_gt_lyytdavg,0.1409439949538338,0.13449319651294744,0.006450798440886363,-0.5518181765574331,0.4785461887935386,19.08,80.18947368421053
ROE_qb2of3__FCF_OI_qb1of3__C9_EPS_DYN_riseq2__v0,ROE_qb2of3__FCF_OI_qb1of3,C9_EPS_DYN_riseq2,0.14091913200454909,0.1074915393951017,0.03342759260944739,-0.5165045633056351,0.4959390228664251,18.91,129.85036496350364
PB_qb1of3__NETDEBT_EBITDA_qb1of3__C9_EPS_DYN_riseq2__v0,PB_qb1of3__NETDEBT_EBITDA_qb1of3,C9_EPS_DYN_riseq2,0.14091834384653268,0.11455350465136882,0.02636483919516386,-0.5366034260331238,0.5092064883822884,18.46,86.44160583941606
OCF_E_qb2of3__ROE_qb2of3__C7_ROE_DYN_ytdavg_gt_lyavg__v0,OCF_E_qb2of3__ROE_qb2of3,C7_ROE_DYN_ytdavg_gt_lyavg,0.14090281495431878,0.11168724670811869,0.029215568246200085,-0.3678191404209745,0.4661578881521331,18.62,153.56140350877192
EV_EBITDA_qb1of3__None__C7_ROE_DYN_ytdavg_gt_lyavg__v0,EV_EBITDA_qb1of3__None,C7_ROE_DYN_ytdavg_gt_lyavg,0.14080549043103807,0.12168343275173998,0.019122057679298088,-0.5731164444338325,0.4960703592814371,17.51,223.9578947368421
MOM_qb2of3__EV_EBITDA_qb0of3__C18_FCF_P_DYN_qmax8__v0,MOM_qb2of3__EV_EBITDA_qb0of3,C18_FCF_P_DYN_qmax8,0.14079528890531656,0.17816366229087532,-0.03736837338555876,-0.6581336517685015,0.48704663212435234,21.31,20.141630901287552
EV_EBITDA_qb1of3__FCF_OI_qb1of3__C6_ROE_DYN_ytdavg_gt_lyytdavg__v0,EV_EBITDA_qb1of3__FCF_OI_qb1of3,C6_ROE_DYN_ytdavg_gt_lyytdavg,0.1407757095563631,0.1275583968310292,0.013217312725333885,-0.5549185157118357,0.5011146496815286,17.78,92.41754385964913
EV_S_qb0of3__None__C20_FCF_P_DYN_ytdavg_gt_lyytdavg__v0,EV_S_qb0of3__None,C20_FCF_P_DYN_ytdavg_gt_lyytdavg,0.14076718355647255,0.15703616256886455,-0.016268979012391993,-0.5869335911949316,0.5362686988427886,17.11,233.7157894736842
DEBTRATIO_qb2of3__NETDEBT_EBITDA_qb0of3__C13_EPS_DYN_ytdavg_gt_lyytdavg__v0,DEBTRATIO_qb2of3__NETDEBT_EBITDA_qb0of3,C13_EPS_DYN_ytdavg_gt_lyytdavg,0.1407583894149873,0.10863780237264198,0.03212058704234533,-0.5470638557454482,0.4895549500454133,17.59,31.964912280701753
ROE_qb1of3__NETDEBT_EBITDA_qb2of3__C7_ROE_DYN_ytdavg_gt_lyavg__v0,ROE_qb1of3__NETDEBT_EBITDA_qb2of3,C7_ROE_DYN_ytdavg_gt_lyavg,0.14075826565158778,0.11002096666725647,0.030737298984331307,-0.5332556159609958,0.4716699801192843,17.82,80.69473684210526
ROIC_qb1of3__FCF_P_qb2of3__C11_EPS_DYN_qmax8__v0,ROIC_qb1of3__FCF_P_qb2of3,C11_EPS_DYN_qmax8,0.14073963632236985,0.13214928588991603,0.00859035043245382,-0.7515135571295954,0.5358255451713395,17.59,23.84978540772532
ROE_qb2of3__None__C18_FCF_P_DYN_qmax8__v0,ROE_qb2of3__None,C18_FCF_P_DYN_qmax8,0.1407362521870721,0.10857200626884822,0.032164245918223866,-0.6429467283824135,0.4601287766220901,25.35,52.68669527896996
ROE_qb1of3__NETDEBT_EBITDA_qb2of3__C1_ROE_DYN_riseq1__v0,ROE_qb1of3__NETDEBT_EBITDA_qb2of3,C1_ROE_DYN_riseq1,0.14073594761188435,0.11002096666725647,0.03071498094462788,-0.5727571606258949,0.4806106334444639,17.93,90.23859649122807
DEBTRATIO_qb1of3__FCF_P_qb2of3__C13_EPS_DYN_ytdavg_gt_lyytdavg__v0,DEBTRATIO_qb1of3__FCF_P_qb2of3,C13_EPS_DYN_ytdavg_gt_lyytdavg,0.14073278083286356,0.12036397930429055,0.02036880152857301,-0.542922032893112,0.48662396382818385,17.86,80.36140350877193
ROE_qb2of3__ACCRUAL_qb0of3__C8_EPS_DYN_riseq1__v0,ROE_qb2of3__ACCRUAL_qb0of3,C8_EPS_DYN_riseq1,0.14071764146999266,0.11508661275557497,0.025631028714417692,-0.45134680933954685,0.467942732648615,17.76,89.24561403508773
PS_qb1of3__OCF_E_qb1of3__C5_ROE_DYN_yoy__v0,PS_qb1of3__OCF_E_qb1of3,C5_ROE_DYN_yoy,0.14063569372717355,0.1057020349461224,0.03493365878105115,-0.623115273735924,0.4857142857142857,19.53,87.444
OCF_E_qb2of3__ROE_qb2of3__C20_FCF_P_DYN_ytdavg_gt_lyytdavg__v0,OCF_E_qb2of3__ROE_qb2of3,C20_FCF_P_DYN_ytdavg_gt_lyytdavg,0.14063432870874593,0.11168724670811869,0.028947082000627233,-0.5700540283834994,0.5104289071680376,18.8,116.11929824561403
P_IC_qb1of3__NETDEBT_EBITDA_qb1of3__C4_ROE_DYN_qmax8__v0,P_IC_qb1of3__NETDEBT_EBITDA_qb1of3,C4_ROE_DYN_qmax8,0.1406012539006336,0.11371455528078345,0.026886698619850158,-0.5030649818483683,0.5112233445566778,21.22,29.145922746781117
ACCRUAL_qb1of3__FCF_OI_qb1of3__C14_EPS_DYN_ytdavg_gt_lyavg__v0,ACCRUAL_qb1of3__FCF_OI_qb1of3,C14_EPS_DYN_ytdavg_gt_lyavg,0.14060009367105386,0.11215386819556161,0.02844622547549225,-0.563391557223236,0.4774676153986499,17.1,75.53333333333333
PS_qb1of3__None__C2_ROE_DYN_riseq2__v0,PS_qb1of3__None,C2_ROE_DYN_riseq2,0.1405985650458763,0.10454523190678677,0.03605333313908954,-0.6139037325109307,0.5028495102404275,18.87,239.27737226277372
PB_qb1of3__MOM_qb2of3__None__v0,PB_qb1of3__MOM_qb2of3,None,0.14055424123730442,0.14055424123730442,0.0,-0.6840193473509522,0.471822256126633,15.9,147.7138047138047
MOM_qb2of3__ROE_qb1of3__C20_FCF_P_DYN_ytdavg_gt_lyytdavg__v0,MOM_qb2of3__ROE_qb1of3,C20_FCF_P_DYN_ytdavg_gt_lyytdavg,0.14052778844248537,0.142453064325746,-0.0019252758832606354,-0.6424389532297801,0.49069489499743896,17.17,73.56140350877193
EV_EBITDA_qb1of3__FCF_P_qb2of3__C6_ROE_DYN_ytdavg_gt_lyytdavg__v0,EV_EBITDA_qb1of3__FCF_P_qb2of3,C6_ROE_DYN_ytdavg_gt_lyytdavg,0.140525104566805,0.12095020165403092,0.019574902912774084,-0.5546268846564517,0.4969314977608227,17.95,81.81052631578947
ROE_qb1of3__NETDEBT_EBITDA_qb2of3__C12_EPS_DYN_yoy__v0,ROE_qb1of3__NETDEBT_EBITDA_qb2of3,C12_EPS_DYN_yoy,0.1404404719831187,0.11002096666725647,0.03041950531586224,-0.5670167278270228,0.4782608695652174,19.44,86.872
EV_EBITDA_qb1of3__None__C9_EPS_DYN_riseq2__v0,EV_EBITDA_qb1of3__None,C9_EPS_DYN_riseq2,0.14043710109546725,0.12168343275173998,0.01875366834372727,-0.6044463044793452,0.511577078068438,18.73,276.021897810219
EV_S_qb1of3__FCF_OI_qb2of3__C3_ROE_DYN_qmax4__v0,EV_S_qb1of3__FCF_OI_qb2of3,C3_ROE_DYN_qmax4,0.14043498244858998,0.10909170051585249,0.0313432819327375,-0.5578961133005936,0.48707037643207857,16.53,41.98091603053435
MOM_qb2of3__ROIC_qb1of3__C20_FCF_P_DYN_ytdavg_gt_lyytdavg__v0,MOM_qb2of3__ROIC_qb1of3,C20_FCF_P_DYN_ytdavg_gt_lyytdavg,0.140431375260188,0.1489494323621996,-0.00851805710201159,-0.6568498595395338,0.4951866238811012,16.86,75.13684210526316
PB_qb0of3__ACCRUAL_qb0of3__C18_FCF_P_DYN_qmax8__v0,PB_qb0of3__ACCRUAL_qb0of3,C18_FCF_P_DYN_qmax8,0.14041523754510687,0.17652061393823848,-0.036105376393131605,-0.5943304748432292,0.4567404426559356,23.56,20.15450643776824
FCF_OI_qb2of3__DEBTRATIO_qb2of3__C9_EPS_DYN_riseq2__v0,FCF_OI_qb2of3__DEBTRATIO_qb2of3,C9_EPS_DYN_riseq2,0.14040922262559308,0.1079547255060096,0.03245449711958348,-0.5084351503525584,0.48952660242982826,18.53,72.9051094890511
EV_EBITDA_qb1of3__DEBTRATIO_qb2of3__C7_ROE_DYN_ytdavg_gt_lyavg__v0,EV_EBITDA_qb1of3__DEBTRATIO_qb2of3,C7_ROE_DYN_ytdavg_gt_lyavg,0.14038544062370528,0.13449319651294744,0.005892244110757838,-0.5917824489243666,0.4903922084759147,17.8,72.48771929824561
ACCRUAL_qb0of3__DEBTRATIO_qb2of3__C7_ROE_DYN_ytdavg_gt_lyavg__v0,ACCRUAL_qb0of3__DEBTRATIO_qb2of3,C7_ROE_DYN_ytdavg_gt_lyavg,0.1403598120503129,0.10760438208815426,0.03275542996215863,-0.45394879090382956,0.45304124912607785,17.07,70.82456140350877
ROE_qb2of3__ROIC_qb1of3__C8_EPS_DYN_riseq1__v0,ROE_qb2of3__ROIC_qb1of3,C8_EPS_DYN_riseq1,0.14034573774398074,0.12028408152058989,0.020061656223390845,-0.5174632327801886,0.5003543586109143,18.2,41.357894736842105
DEBTRATIO_qb2of3__NETDEBT_EBITDA_qb2of3__C1_ROE_DYN_riseq1__v0,DEBTRATIO_qb2of3__NETDEBT_EBITDA_qb2of3,C1_ROE_DYN_riseq1,0.14034507804283836,0.11915400596730308,0.021191072075535278,-0.5721839610563906,0.46549374303060337,17.6,154.74035087719298
OCF_E_qb2of3__FCF_P_qb0of3__C2_ROE_DYN_riseq2__v0,OCF_E_qb2of3__FCF_P_qb0of3,C2_ROE_DYN_riseq2,0.14034401654874418,0.10663543740601678,0.0337085791427274,-0.5211919865515179,0.4825281649799504,20.37,72.16058394160584
EV_EBITDA_qb1of3__FCF_P_qb2of3__C13_EPS_DYN_ytdavg_gt_lyytdavg__v0,EV_EBITDA_qb1of3__FCF_P_qb2of3,C13_EPS_DYN_ytdavg_gt_lyytdavg,0.14028453000659802,0.12095020165403092,0.0193343283525671,-0.5415418069918323,0.4976017329413585,18.16,88.43508771929825
PB_qb1of3__DEBTRATIO_qb1of3__C2_ROE_DYN_riseq2__v0,PB_qb1of3__DEBTRATIO_qb1of3,C2_ROE_DYN_riseq2,0.14027164074117904,0.10213199884253421,0.03813964189864483,-0.613453186326669,0.5066131317902692,18.68,82.37591240875912
EV_S_qb1of3__None__C12_EPS_DYN_yoy__v0,EV_S_qb1of3__None,C12_EPS_DYN_yoy,0.14021677723076786,0.11261458954493708,0.02760218768583078,-0.6137978851859665,0.47555957041051894,20.54,245.816
PB_qb1of3__None__C2_ROE_DYN_riseq2__v0,PB_qb1of3__None,C2_ROE_DYN_riseq2,0.14020105581946551,0.1059915100055453,0.03420954581392022,-0.5981328794775271,0.5097056981840952,18.06,236.17153284671534
ACCRUAL_qb1of3__FCF_OI_qb1of3__C2_ROE_DYN_riseq2__v0,ACCRUAL_qb1of3__FCF_OI_qb1of3,C2_ROE_DYN_riseq2,0.1401592697188725,0.11215386819556161,0.02800540152331088,-0.5752726301431696,0.4949615713065756,18.06,82.2956204379562
EV_EBITDA_qb1of3__ROIC_qb1of3__C3_ROE_DYN_qmax4__v0,EV_EBITDA_qb1of3__ROIC_qb1of3,C3_ROE_DYN_qmax4,0.14013376622536944,0.12513866146333696,0.014995104762032474,-0.6421079453345028,0.5188600167644594,16.82,53.92748091603053
P_IC_qb1of3__NETDEBT_EBITDA_qb1of3__C7_ROE_DYN_ytdavg_gt_lyavg__v0,P_IC_qb1of3__NETDEBT_EBITDA_qb1of3,C7_ROE_DYN_ytdavg_gt_lyavg,0.14012355250137198,0.11371455528078345,0.026408997220588537,-0.5585169087286849,0.4794209480556344,17.64,77.7578947368421
PB_qb1of3__FCF_P_qb1of3__C10_EPS_DYN_qmax4__v0,PB_qb1of3__FCF_P_qb1of3,C10_EPS_DYN_qmax4,0.1401119634044894,0.10479620641868093,0.035315756985808466,-0.6611455975079139,0.5121951219512195,17.63,41.93129770992366
PB_qb0of3__NETDEBT_EBITDA_qb2of3__C15_FCF_P_DYN_riseq1__v0,PB_qb0of3__NETDEBT_EBITDA_qb2of3,C15_FCF_P_DYN_riseq1,0.1400964258008528,0.17628642719528287,-0.03619000139443007,-0.6308231958646888,0.48594249201277956,20.31,105.03859649122808
OCF_E_qb2of3__EV_EBITDA_qb1of3__C13_EPS_DYN_ytdavg_gt_lyytdavg__v0,OCF_E_qb2of3__EV_EBITDA_qb1of3,C13_EPS_DYN_ytdavg_gt_lyytdavg,0.14009598791962552,0.12133006898882948,0.018765918930796044,-0.5584967192255288,0.4909720132410472,18.99,105.0982456140351
PS_qb0of3__ROIC_qb1of3__C19_FCF_P_DYN_yoy__v0,PS_qb0of3__ROIC_qb1of3,C19_FCF_P_DYN_yoy,0.140082272413677,0.16094874682218596,-0.020866474408508973,-0.5360415316894803,0.5099608377319939,19.74,105.66
DEBTRATIO_qb2of3__NETDEBT_EBITDA_qb0of3__C14_EPS_DYN_ytdavg_gt_lyavg__v0,DEBTRATIO_qb2of3__NETDEBT_EBITDA_qb0of3,C14_EPS_DYN_ytdavg_gt_lyavg,0.14005128537014988,0.10863780237264198,0.0314134829975079,-0.5496183830743229,0.48130841121495327,17.44,29.905263157894737
PB_qb0of3__EV_EBITDA_qb0of3__C17_FCF_P_DYN_qmax4__v0,PB_qb0of3__EV_EBITDA_qb0of3,C17_FCF_P_DYN_qmax4,0.14001870915497783,0.19475174231000114,-0.054733033155023314,-0.5700158825268526,0.48749656499038196,19.31,52.213740458015266
PS_qb0of3__OCF_E_qb1of3__C19_FCF_P_DYN_yoy__v0,PS_qb0of3__OCF_E_qb1of3,C19_FCF_P_DYN_yoy,0.13998426357700833,0.16105240877452465,-0.02106814519751632,-0.5709395177559227,0.4867162592986185,19.63,70.448
PS_qb1of3__None__C9_EPS_DYN_riseq2__v0,PS_qb1of3__None,C9_EPS_DYN_riseq2,0.1399839754447163,0.10454523190678677,0.03543874353792953,-0.6173314777976435,0.5029950669485553,19.39,243.14963503649636
P_IC_qb1of3__None__C5_ROE_DYN_yoy__v0,P_IC_qb1of3__None,C5_ROE_DYN_yoy,0.13998036960920923,0.10774864588230604,0.032231723726903194,-0.61502017615921,0.4853801169590643,19.85,231.492
EV_EBITDA_qb1of3__None__C12_EPS_DYN_yoy__v0,EV_EBITDA_qb1of3__None,C12_EPS_DYN_yoy,0.13997526820701767,0.12168343275173998,0.018291835455277683,-0.59417318798695,0.48632797623581386,20.19,278.104
PS_qb1of3__None__C11_EPS_DYN_qmax8__v0,PS_qb1of3__None,C11_EPS_DYN_qmax8,0.13995113541833248,0.10454523190678677,0.03540590351154571,-0.6516160716170376,0.5013661202185792,21.18,75.93562231759657
PB_qb1of3__NETDEBT_EBITDA_qb0of3__C4_ROE_DYN_qmax8__v0,PB_qb1of3__NETDEBT_EBITDA_qb0of3,C4_ROE_DYN_qmax8,0.13995032504972116,0.11510738211040183,0.024842942939319324,-0.591496007745554,0.5289169295478444,16.01,15.778260869565218
FCF_OI_qb1of3__DEBTRATIO_qb1of3__C4_ROE_DYN_qmax8__v0,FCF_OI_qb1of3__DEBTRATIO_qb1of3,C4_ROE_DYN_qmax8,0.13990628331583088,0.1043803523024891,0.03552593101334178,-0.647820774033574,0.5059523809523809,19.51,25.21459227467811
MOM_qb2of3__ACCRUAL_qb2of3__C10_EPS_DYN_qmax4__v0,MOM_qb2of3__ACCRUAL_qb2of3,C10_EPS_DYN_qmax4,0.13985272569411533,0.11246072837315779,0.02739199732095754,-0.6085493090123251,0.4936958234830575,17.13,65.37404580152672
PB_qb1of3__FCF_P_qb1of3__C9_EPS_DYN_riseq2__v0,PB_qb1of3__FCF_P_qb1of3,C9_EPS_DYN_riseq2,0.13983974140605482,0.10479620641868093,0.03504353498737389,-0.635934788582127,0.5102080497763951,18.43,76.0912408759124
DEBTRATIO_qb2of3__FCF_P_qb0of3__C14_EPS_DYN_ytdavg_gt_lyavg__v0,DEBTRATIO_qb2of3__FCF_P_qb0of3,C14_EPS_DYN_ytdavg_gt_lyavg,0.13983011907446796,0.10901546451131372,0.030814654563154242,-0.5647685245345715,0.46439873417721517,18.27,87.35087719298245
OCF_E_qb2of3__NETDEBT_EBITDA_qb2of3__C14_EPS_DYN_ytdavg_gt_lyavg__v0,OCF_E_qb2of3__NETDEBT_EBITDA_qb2of3,C14_EPS_DYN_ytdavg_gt_lyavg,0.13977578388994583,0.12059306705584905,0.01918271683409678,-0.5073023692265919,0.47199170124481327,18.54,64.71228070175438
OCF_E_qb2of3__FCF_P_qb2of3__C1_ROE_DYN_riseq1__v0,OCF_E_qb2of3__FCF_P_qb2of3,C1_ROE_DYN_riseq1,0.1397536681302851,0.12762602498232223,0.012127643147962885,-0.5287909226648099,0.4880321054894654,19.35,90.70175438596492
PS_qb0of3__DEBTRATIO_qb2of3__C19_FCF_P_DYN_yoy__v0,PS_qb0of3__DEBTRATIO_qb2of3,C19_FCF_P_DYN_yoy,0.13973422291137538,0.16192316720535427,-0.022188944293978885,-0.6073791812236993,0.5014587266174704,18.55,129.808
PS_qb0of3__OCF_E_qb1of3__C20_FCF_P_DYN_ytdavg_gt_lyytdavg__v0,PS_qb0of3__OCF_E_qb1of3,C20_FCF_P_DYN_ytdavg_gt_lyytdavg,0.13973177088294242,0.16105240877452465,-0.021320637891582228,-0.5861719188811249,0.49209833187006147,17.9,68.57192982456141
ROE_qb2of3__DEBTRATIO_qb0of3__C6_ROE_DYN_ytdavg_gt_lyytdavg__v0,ROE_qb2of3__DEBTRATIO_qb0of3,C6_ROE_DYN_ytdavg_gt_lyytdavg,0.13973171164555764,0.10886193919574749,0.03086977244981015,-0.4717273221408852,0.4653321729039745,18.27,86.56842105263158
EV_S_qb1of3__DEBTRATIO_qb1of3__C9_EPS_DYN_riseq2__v0,EV_S_qb1of3__DEBTRATIO_qb1of3,C9_EPS_DYN_riseq2,0.13970099598340058,0.11155677487762738,0.028144221105773193,-0.636178759160805,0.49871959026888607,18.61,91.82116788321167
OCF_E_qb2of3__NETDEBT_EBITDA_qb2of3__C13_EPS_DYN_ytdavg_gt_lyytdavg__v0,OCF_E_qb2of3__NETDEBT_EBITDA_qb2of3,C13_EPS_DYN_ytdavg_gt_lyytdavg,0.1396728957376001,0.12059306705584905,0.019079828681751065,-0.505435809596862,0.46586041824137064,18.69,66.34035087719299
PB_qb1of3__ACCRUAL_qb1of3__C7_ROE_DYN_ytdavg_gt_lyavg__v0,PB_qb1of3__ACCRUAL_qb1of3,C7_ROE_DYN_ytdavg_gt_lyavg,0.13966813179552706,0.10392799967158028,0.03574013212394678,-0.5914003453062293,0.4911873840445269,18.0,67.63157894736842
EV_EBITDA_qb0of3__DEBTRATIO_qb1of3__C20_FCF_P_DYN_ytdavg_gt_lyytdavg__v0,EV_EBITDA_qb0of3__DEBTRATIO_qb1of3,C20_FCF_P_DYN_ytdavg_gt_lyytdavg,0.13966576452111368,0.1453333100047871,-0.005667545483673431,-0.6240699279791807,0.4935813466072832,19.94,69.74035087719298
ROE_qb2of3__ROIC_qb1of3__C19_FCF_P_DYN_yoy__v0,ROE_qb2of3__ROIC_qb1of3,C19_FCF_P_DYN_yoy,0.13965907161544533,0.12028408152058989,0.019374990094855438,-0.5309025335864958,0.5037745344740815,20.84,30.632
P_IC_qb1of3__ROIC_qb2of3__C15_FCF_P_DYN_riseq1__v0,P_IC_qb1of3__ROIC_qb2of3,C15_FCF_P_DYN_riseq1,0.1396049274338762,0.16248848629635226,-0.02288355886247606,-0.4943164767204228,0.48657511785201885,18.78,62.55789473684211
PS_qb1of3__ACCRUAL_qb1of3__C12_EPS_DYN_yoy__v0,PS_qb1of3__ACCRUAL_qb1of3,C12_EPS_DYN_yoy,0.139597734732003,0.10712139139531085,0.03247634333669214,-0.66450255349794,0.4909264565425024,20.2,83.564
DEBTRATIO_qb2of3__None__C14_EPS_DYN_ytdavg_gt_lyavg__v0,DEBTRATIO_qb2of3__None,C14_EPS_DYN_ytdavg_gt_lyavg,0.13956788254958585,0.11247402988012434,0.027093852669461516,-0.5059868128640418,0.4682274247491639,17.53,246.5719298245614
PB_qb1of3__ACCRUAL_qb1of3__C6_ROE_DYN_ytdavg_gt_lyytdavg__v0,PB_qb1of3__ACCRUAL_qb1of3,C6_ROE_DYN_ytdavg_gt_lyytdavg,0.139567552828453,0.10392799967158028,0.03563955315687273,-0.5904016859460883,0.4862524355921195,18.24,72.54736842105264
EV_EBITDA_qb1of3__ROIC_qb1of3__C13_EPS_DYN_ytdavg_gt_lyytdavg__v0,EV_EBITDA_qb1of3__ROIC_qb1of3,C13_EPS_DYN_ytdavg_gt_lyytdavg,0.13956357679790243,0.12513866146333696,0.014424915334565469,-0.5723655034839878,0.4943659452691826,17.93,97.78947368421052
ROE_qb2of3__DEBTRATIO_qb0of3__C15_FCF_P_DYN_riseq1__v0,ROE_qb2of3__DEBTRATIO_qb0of3,C15_FCF_P_DYN_riseq1,0.13953504853338106,0.10886193919574749,0.030673109337633564,-0.655495997183035,0.4577511643379907,17.8,63.03859649122807
ACCRUAL_qb1of3__FCF_OI_qb1of3__C8_EPS_DYN_riseq1__v0,ACCRUAL_qb1of3__FCF_OI_qb1of3,C8_EPS_DYN_riseq1,0.13951194530840305,0.11215386819556161,0.02735807711284144,-0.5723633741084269,0.49017378593470845,17.74,82.36140350877193
FCF_OI_qb1of3__DEBTRATIO_qb2of3__C13_EPS_DYN_ytdavg_gt_lyytdavg__v0,FCF_OI_qb1of3__DEBTRATIO_qb2of3,C13_EPS_DYN_ytdavg_gt_lyytdavg,0.1394907998788204,0.11211067470469849,0.027380125174121916,-0.5262240925675277,0.4559354427691654,16.57,86.1859649122807
EV_S_qb0of3__OCF_E_qb1of3__C19_FCF_P_DYN_yoy__v0,EV_S_qb0of3__OCF_E_qb1of3,C19_FCF_P_DYN_yoy,0.13948678226605238,0.1599721772341416,-0.02048539496808921,-0.5716789027539216,0.49676881384198457,20.61,72.532
MOM_qb2of3__FCF_OI_qb0of3__C7_ROE_DYN_ytdavg_gt_lyavg__v0,MOM_qb2of3__FCF_OI_qb0of3,C7_ROE_DYN_ytdavg_gt_lyavg,0.1394704617892326,0.1129050553120563,0.026565406477176312,-0.6872437850810786,0.4639067663941555,17.44,71.15087719298245
PS_qb0of3__EV_S_qb0of3__C20_FCF_P_DYN_ytdavg_gt_lyytdavg__v0,PS_qb0of3__EV_S_qb0of3,C20_FCF_P_DYN_ytdavg_gt_lyytdavg,0.13938140510994312,0.16026918058568085,-0.020887775475737724,-0.5818319302219164,0.5288957688338494,16.96,176.1298245614035
P_IC_qb1of3__DEBTRATIO_qb0of3__None__v0,P_IC_qb1of3__DEBTRATIO_qb0of3,None,0.1393426824369417,0.1393426824369417,0.0,-0.5909772153269996,0.5389294403892944,18.63,156.56228956228955
P_IC_qb1of3__None__C12_EPS_DYN_yoy__v0,P_IC_qb1of3__None,C12_EPS_DYN_yoy,0.1393200508346637,0.10774864588230604,0.03157140495235766,-0.6050652130418319,0.48416006669445605,19.94,240.744
EV_S_qb1of3__MOM_qb2of3__C10_EPS_DYN_qmax4__v0,EV_S_qb1of3__MOM_qb2of3,C10_EPS_DYN_qmax4,0.13931900799421104,0.12920025367569776,0.010118754318513279,-0.6763509064936906,0.4978850460313511,17.16,55.52290076335878
PS_qb0of3__None__C19_FCF_P_DYN_yoy__v0,PS_qb0of3__None,C19_FCF_P_DYN_yoy,0.1393106932478052,0.16434511041889355,-0.02503441717108834,-0.5973239229775676,0.5078852365570967,19.28,240.476
PS_qb0of3__ACCRUAL_qb0of3__C20_FCF_P_DYN_ytdavg_gt_lyytdavg__v0,PS_qb0of3__ACCRUAL_qb0of3,C20_FCF_P_DYN_ytdavg_gt_lyytdavg,0.13930533527963695,0.1648074184621935,-0.025502083182556534,-0.6011481010311741,0.48835529879039535,17.58,85.0982456140351
MOM_qb2of3__ROIC_qb1of3__C15_FCF_P_DYN_riseq1__v0,MOM_qb2of3__ROIC_qb1of3,C15_FCF_P_DYN_riseq1,0.13929125954302357,0.1489494323621996,-0.009658172819176025,-0.6405659392733103,0.48147561747941736,17.96,71.79298245614035
DEBTRATIO_qb2of3__NETDEBT_EBITDA_qb0of3__C7_ROE_DYN_ytdavg_gt_lyavg__v0,DEBTRATIO_qb2of3__NETDEBT_EBITDA_qb0of3,C7_ROE_DYN_ytdavg_gt_lyavg,0.13924661542230088,0.10863780237264198,0.0306088130496589,-0.48090586394653456,0.49756572541382665,16.61,27.87719298245614
EV_S_qb1of3__ACCRUAL_qb0of3__C14_EPS_DYN_ytdavg_gt_lyavg__v0,EV_S_qb1of3__ACCRUAL_qb0of3,C14_EPS_DYN_ytdavg_gt_lyavg,0.13919892520743216,0.11933321896314197,0.019865706244290182,-0.615887836757784,0.48655569782330343,17.88,70.97894736842105
EV_S_qb0of3__OCF_E_qb1of3__C16_FCF_P_DYN_riseq2__v0,EV_S_qb0of3__OCF_E_qb1of3,C16_FCF_P_DYN_riseq2,0.13918784729695832,0.1599721772341416,-0.020784329937183266,-0.550803917089258,0.5055973946672094,18.56,72.78102189781022
ROIC_qb1of3__DEBTRATIO_qb2of3__C7_ROE_DYN_ytdavg_gt_lyavg__v0,ROIC_qb1of3__DEBTRATIO_qb2of3,C7_ROE_DYN_ytdavg_gt_lyavg,0.1391696015640802,0.11680265302092874,0.022366948543151466,-0.5315371429853503,0.4843150530354322,18.01,95.44561403508771
MOM_qb2of3__FCF_P_qb2of3__C19_FCF_P_DYN_yoy__v0,MOM_qb2of3__FCF_P_qb2of3,C19_FCF_P_DYN_yoy,0.1391574117785992,0.15540904841423941,-0.01625163663564022,-0.6623142401110397,0.49680863409539283,19.41,116.856
P_IC_qb1of3__OCF_E_qb1of3__C9_EPS_DYN_riseq2__v0,P_IC_qb1of3__OCF_E_qb1of3,C9_EPS_DYN_riseq2,0.13913510030727405,0.10858375215866056,0.03055134814861349,-0.5579598825199508,0.5187456201822004,18.09,90.68248175182482
ACCRUAL_qb1of3__FCF_OI_qb1of3__C7_ROE_DYN_ytdavg_gt_lyavg__v0,ACCRUAL_qb1of3__FCF_OI_qb1of3,C7_ROE_DYN_ytdavg_gt_lyavg,0.139114526384867,0.11215386819556161,0.026960658189305375,-0.544492972263,0.47519937755300523,17.16,70.96842105263158
P_IC_qb0of3__PB_qb0of3__C18_FCF_P_DYN_qmax8__v0,P_IC_qb0of3__PB_qb0of3,C18_FCF_P_DYN_qmax8,0.13905529199523992,0.18573029068263458,-0.046674998687394664,-0.619402365861675,0.4835343984349527,23.89,43.2961373390558
EV_EBITDA_qb1of3__ROIC_qb1of3__C12_EPS_DYN_yoy__v0,EV_EBITDA_qb1of3__ROIC_qb1of3,C12_EPS_DYN_yoy,0.13905224457575827,0.12513866146333696,0.013913583112421302,-0.5981743594738277,0.4937127729980146,19.07,105.336
ROE_qb2of3__ROIC_qb2of3__C2_ROE_DYN_riseq2__v0,ROE_qb2of3__ROIC_qb2of3,C2_ROE_DYN_riseq2,0.1390278965699696,0.10497732735766574,0.03405056921230387,-0.4441481317163788,0.48895947935228945,19.37,279.96715328467155
EV_EBITDA_qb1of3__None__C6_ROE_DYN_ytdavg_gt_lyytdavg__v0,EV_EBITDA_qb1of3__None,C6_ROE_DYN_ytdavg_gt_lyytdavg,0.1390153128368805,0.12168343275173998,0.017331880085140527,-0.5704506839391894,0.4879709487063096,18.09,236.02456140350878
ROE_qb1of3__NETDEBT_EBITDA_qb2of3__C5_ROE_DYN_yoy__v0,ROE_qb1of3__NETDEBT_EBITDA_qb2of3,C5_ROE_DYN_yoy,0.13898450564559273,0.11002096666725647,0.028963538978336256,-0.5641054187538542,0.47156243190237523,19.58,88.252
PS_qb1of3__ROIC_qb2of3__C12_EPS_DYN_yoy__v0,PS_qb1of3__ROIC_qb2of3,C12_EPS_DYN_yoy,0.13897668667174323,0.12120296701946254,0.017773719652280695,-0.6075993021857655,0.4904554904554905,20.79,119.08
EV_S_qb0of3__OCF_E_qb1of3__C20_FCF_P_DYN_ytdavg_gt_lyytdavg__v0,EV_S_qb0of3__OCF_E_qb1of3,C20_FCF_P_DYN_ytdavg_gt_lyytdavg,0.13894743440712976,0.1599721772341416,-0.021024742827011833,-0.5808803660292587,0.5122475290073055,17.57,71.38947368421053
PS_qb0of3__ROIC_qb1of3__C20_FCF_P_DYN_ytdavg_gt_lyytdavg__v0,PS_qb0of3__ROIC_qb1of3,C20_FCF_P_DYN_ytdavg_gt_lyytdavg,0.13893989240073878,0.16094874682218596,-0.022008854421447177,-0.569676842831377,0.5210464201416207,17.6,101.7298245614035
EV_S_qb1of3__None__C2_ROE_DYN_riseq2__v0,EV_S_qb1of3__None,C2_ROE_DYN_riseq2,0.1388997170346291,0.11261458954493708,0.02628512748969203,-0.6193162164150068,0.4987130558267507,18.83,239.3175182481752
PS_qb0of3__ROIC_qb1of3__C15_FCF_P_DYN_riseq1__v0,PS_qb0of3__ROIC_qb1of3,C15_FCF_P_DYN_riseq1,0.13889354697760203,0.16094874682218596,-0.022055199844583928,-0.564872630295776,0.48236484533102053,17.54,98.02456140350877
OCF_E_qb2of3__ACCRUAL_qb0of3__C14_EPS_DYN_ytdavg_gt_lyavg__v0,OCF_E_qb2of3__ACCRUAL_qb0of3,C14_EPS_DYN_ytdavg_gt_lyavg,0.13888587239810057,0.1085860393522513,0.030299833045849267,-0.46826023727150456,0.46948613005911777,18.65,175.29122807017544
EV_EBITDA_qb1of3__ROIC_qb1of3__C2_ROE_DYN_riseq2__v0,EV_EBITDA_qb1of3__ROIC_qb1of3,C2_ROE_DYN_riseq2,0.1388849433482997,0.12513866146333696,0.013746281884962741,-0.6246291321445605,0.5112051402601473,18.57,105.78832116788321
PB_qb1of3__None__C9_EPS_DYN_riseq2__v0,PB_qb1of3__None,C9_EPS_DYN_riseq2,0.13886813175631918,0.1059915100055453,0.03287662175077388,-0.5888236071118376,0.5092675102477277,18.23,237.21532846715328
EV_S_qb1of3__DEBTRATIO_qb2of3__C2_ROE_DYN_riseq2__v0,EV_S_qb1of3__DEBTRATIO_qb2of3,C2_ROE_DYN_riseq2,0.13885504570830864,0.11423945981814065,0.02461558589016799,-0.5844332005667116,0.4749515637973983,19.17,72.93430656934306
PB_qb1of3__DEBTRATIO_qb1of3__C14_EPS_DYN_ytdavg_gt_lyavg__v0,PB_qb1of3__DEBTRATIO_qb1of3,C14_EPS_DYN_ytdavg_gt_lyavg,0.1388106408637515,0.10213199884253421,0.03667864202121729,-0.5452035336116771,0.48218159281066003,18.01,75.75087719298246
PB_qb1of3__ROIC_qb2of3__C15_FCF_P_DYN_riseq1__v0,PB_qb1of3__ROIC_qb2of3,C15_FCF_P_DYN_riseq1,0.13876038013907177,0.15726720889947043,-0.018506828760398664,-0.4887732515088614,0.486317907444668,18.12,64.00701754385965
MOM_qb2of3__ACCRUAL_qb1of3__C20_FCF_P_DYN_ytdavg_gt_lyytdavg__v0,MOM_qb2of3__ACCRUAL_qb1of3,C20_FCF_P_DYN_ytdavg_gt_lyytdavg,0.1387422593088412,0.13564208643476539,0.003100172874075824,-0.6710084992996439,0.49152810768012667,16.61,76.85964912280701
P_IC_qb1of3__FCF_P_qb1of3__C12_EPS_DYN_yoy__v0,P_IC_qb1of3__FCF_P_qb1of3,C12_EPS_DYN_yoy,0.1386872731364388,0.11136939041932759,0.02731788271711122,-0.6543553510379587,0.49134880062917813,18.87,79.316
P_IC_qb1of3__NETDEBT_EBITDA_qb0of3__C16_FCF_P_DYN_riseq2__v0,P_IC_qb1of3__NETDEBT_EBITDA_qb0of3,C16_FCF_P_DYN_riseq2,0.13867362433281727,0.14111189279231584,-0.0024382684594985715,-0.6004198301301584,0.5051546391752577,19.93,86.5912408759124
PB_qb1of3__NETDEBT_EBITDA_qb1of3__C2_ROE_DYN_riseq2__v0,PB_qb1of3__NETDEBT_EBITDA_qb1of3,C2_ROE_DYN_riseq2,0.1386686749534083,0.11455350465136882,0.024115170302039468,-0.5531567196908043,0.5141891891891892,18.82,83.73722627737226
ROIC_qb1of3__NETDEBT_EBITDA_qb2of3__C6_ROE_DYN_ytdavg_gt_lyytdavg__v0,ROIC_qb1of3__NETDEBT_EBITDA_qb2of3,C6_ROE_DYN_ytdavg_gt_lyytdavg,0.1386669319047844,0.11795452966567255,0.02071240223911186,-0.5299409242475237,0.4609657519676665,18.19,102.20350877192982
P_IC_qb1of3__OCF_E_qb2of3__C6_ROE_DYN_ytdavg_gt_lyytdavg__v0,P_IC_qb1of3__OCF_E_qb2of3,C6_ROE_DYN_ytdavg_gt_lyytdavg,0.13866284357519665,0.11478934435704824,0.02387349921814841,-0.4918379988914735,0.4797727272727273,18.27,68.57543859649122
EV_EBITDA_qb1of3__None__C10_EPS_DYN_qmax4__v0,EV_EBITDA_qb1of3__None,C10_EPS_DYN_qmax4,0.13865051803088346,0.12168343275173998,0.01696708527914348,-0.632726912340378,0.5110818743042203,17.42,157.56106870229007
MOM_qb2of3__FCF_P_qb1of3__C17_FCF_P_DYN_qmax4__v0,MOM_qb2of3__FCF_P_qb1of3,C17_FCF_P_DYN_qmax4,0.13861910330755345,0.12449311185748302,0.01412599145007043,-0.7657024115226004,0.43082114735658045,17.1,30.16793893129771
ROE_qb2of3__FCF_P_qb2of3__C19_FCF_P_DYN_yoy__v0,ROE_qb2of3__FCF_P_qb2of3,C19_FCF_P_DYN_yoy,0.13861796860147035,0.12202542765864322,0.01659254094282714,-0.5612552272193626,0.49254547941458077,21.98,110.092
PS_qb1of3__MOM_qb2of3__C13_EPS_DYN_ytdavg_gt_lyytdavg__v0,PS_qb1of3__MOM_qb2of3,C13_EPS_DYN_ytdavg_gt_lyytdavg,0.1386069195427717,0.12985143618864448,0.008755483354127236,-0.6472410746444194,0.46728343145500423,17.22,84.81052631578947
EV_S_qb1of3__OCF_E_qb1of3__C9_EPS_DYN_riseq2__v0,EV_S_qb1of3__OCF_E_qb1of3,C9_EPS_DYN_riseq2,0.13856656993099126,0.11166086551822496,0.026905704412766296,-0.6147976664945864,0.508972554539057,18.06,89.93430656934306
PS_qb0of3__None__C20_FCF_P_DYN_ytdavg_gt_lyytdavg__v0,PS_qb0of3__None,C20_FCF_P_DYN_ytdavg_gt_lyytdavg,0.1385340764123557,0.16434511041889355,-0.025811034006537836,-0.598170651427586,0.5267350796651363,17.33,232.76491228070176
MOM_qb2of3__DEBTRATIO_qb2of3__C15_FCF_P_DYN_riseq1__v0,MOM_qb2of3__DEBTRATIO_qb2of3,C15_FCF_P_DYN_riseq1,0.1384789287060908,0.1409681494808137,-0.002489220774722911,-0.6770352544030637,0.47030185004868547,17.32,74.72280701754386
EV_S_qb0of3__ACCRUAL_qb0of3__C16_FCF_P_DYN_riseq2__v0,EV_S_qb0of3__ACCRUAL_qb0of3,C16_FCF_P_DYN_riseq2,0.13847695012939298,0.15433085717622674,-0.01585390704683376,-0.5873440336917202,0.4801170597348941,20.87,84.14598540145985
FCF_OI_qb1of3__DEBTRATIO_qb0of3__C18_FCF_P_DYN_qmax8__v0,FCF_OI_qb1of3__DEBTRATIO_qb0of3,C18_FCF_P_DYN_qmax8,0.13843797345430975,0.10607558667456085,0.0323623867797489,-0.5856965807408905,0.4423676012461059,16.59,11.76158940397351
MOM_qb2of3__FCF_OI_qb0of3__C19_FCF_P_DYN_yoy__v0,MOM_qb2of3__FCF_OI_qb0of3,C19_FCF_P_DYN_yoy,0.1384319502195599,0.1129050553120563,0.025526894907503594,-0.7433766716592108,0.46933229813664595,19.34,32.356
DEBTRATIO_qb2of3__NETDEBT_EBITDA_qb0of3__C6_ROE_DYN_ytdavg_gt_lyytdavg__v0,DEBTRATIO_qb2of3__NETDEBT_EBITDA_qb0of3,C6_ROE_DYN_ytdavg_gt_lyytdavg,0.13839552225565033,0.10863780237264198,0.02975771988300835,-0.4786409773632553,0.49859154929577465,16.98,29.975438596491227
PB_qb1of3__MOM_qb2of3__C11_EPS_DYN_qmax8__v0,PB_qb1of3__MOM_qb2of3,C11_EPS_DYN_qmax8,0.13839213129741657,0.14055424123730442,-0.0021621099398878574,-0.7560718292956452,0.5151767151767151,15.71,36.33905579399141
OCF_E_qb2of3__DEBTRATIO_qb2of3__C14_EPS_DYN_ytdavg_gt_lyavg__v0,OCF_E_qb2of3__DEBTRATIO_qb2of3,C14_EPS_DYN_ytdavg_gt_lyavg,0.13838991013468238,0.11692725396958026,0.021462656165102123,-0.44990871888953765,0.4702235581439038,17.53,96.99298245614035
NETDEBT_EBITDA_qb2of3__None__C13_EPS_DYN_ytdavg_gt_lyytdavg__v0,NETDEBT_EBITDA_qb2of3__None,C13_EPS_DYN_ytdavg_gt_lyytdavg,0.1383783730995345,0.11310247772162718,0.02527589537790731,-0.5614241624344393,0.46295988013983685,18.29,235.04912280701754
EV_EBITDA_qb1of3__ROIC_qb1of3__C9_EPS_DYN_riseq2__v0,EV_EBITDA_qb1of3__ROIC_qb1of3,C9_EPS_DYN_riseq2,0.13836683024498475,0.12513866146333696,0.013228168781647787,-0.6118598270812039,0.5120810600155885,18.63,105.41240875912409
EV_S_qb1of3__ROE_qb2of3__C10_EPS_DYN_qmax4__v0,EV_S_qb1of3__ROE_qb2of3,C10_EPS_DYN_qmax4,0.1383554232573483,0.11180655286183461,0.02654887039551368,-0.5313195215424056,0.5036544850498339,18.45,70.66030534351145
PS_qb1of3__ROE_qb2of3__C12_EPS_DYN_yoy__v0,PS_qb1of3__ROE_qb2of3,C12_EPS_DYN_yoy,0.1383101427484117,0.11938211139414667,0.018928031354265018,-0.6184286938868437,0.48914330833004344,21.29,113.332
P_IC_qb0of3__ROE_qb2of3__C17_FCF_P_DYN_qmax4__v0,P_IC_qb0of3__ROE_qb2of3,C17_FCF_P_DYN_qmax4,0.13830096883485177,0.20973001630778976,-0.07142904747293799,-0.5322252311271383,0.49421965317919075,18.43,17.755725190839694
PB_qb1of3__DEBTRATIO_qb1of3__C7_ROE_DYN_ytdavg_gt_lyavg__v0,PB_qb1of3__DEBTRATIO_qb1of3,C7_ROE_DYN_ytdavg_gt_lyavg,0.13828494248710443,0.10213199884253421,0.03615294364457022,-0.5741902762808624,0.48432956381260095,17.79,70.54385964912281
ROIC_qb1of3__FCF_OI_qb1of3__C13_EPS_DYN_ytdavg_gt_lyytdavg__v0,ROIC_qb1of3__FCF_OI_qb1of3,C13_EPS_DYN_ytdavg_gt_lyytdavg,0.13821928520694327,0.11961040076679486,0.01860888444014841,-0.5367837724874878,0.4696865311746469,16.46,91.01052631578948
FCF_OI_qb1of3__DEBTRATIO_qb2of3__C14_EPS_DYN_ytdavg_gt_lyavg__v0,FCF_OI_qb1of3__DEBTRATIO_qb2of3,C14_EPS_DYN_ytdavg_gt_lyavg,0.13821844013618967,0.11211067470469849,0.02610776543149118,-0.523306754899392,0.4566587008472735,16.86,84.04912280701754
MOM_qb2of3__NETDEBT_EBITDA_qb2of3__C16_FCF_P_DYN_riseq2__v0,MOM_qb2of3__NETDEBT_EBITDA_qb2of3,C16_FCF_P_DYN_riseq2,0.13817523135847276,0.13535856297428794,0.0028166683841848172,-0.6628904140518157,0.46532681513670104,18.15,74.6094890510949
PB_qb1of3__DEBTRATIO_qb1of3__C9_EPS_DYN_riseq2__v0,PB_qb1of3__DEBTRATIO_qb1of3,C9_EPS_DYN_riseq2,0.13817447502957303,0.10213199884253421,0.03604247618703882,-0.5987735283416024,0.5023573785950024,18.71,82.77372262773723
PB_qb1of3__DEBTRATIO_qb0of3__C12_EPS_DYN_yoy__v0,PB_qb1of3__DEBTRATIO_qb0of3,C12_EPS_DYN_yoy,0.13817237682548544,0.1073186532581396,0.030853723567345837,-0.6307510775773346,0.48548578199052134,20.3,73.06
EV_S_qb1of3__DEBTRATIO_qb2of3__C8_EPS_DYN_riseq1__v0,EV_S_qb1of3__DEBTRATIO_qb2of3,C8_EPS_DYN_riseq1,0.1381605692308152,0.11423945981814065,0.023921109412674557,-0.5918078712905317,0.46463721675440606,20.04,73.20701754385965
OCF_E_qb2of3__EV_EBITDA_qb1of3__C10_EPS_DYN_qmax4__v0,OCF_E_qb2of3__EV_EBITDA_qb1of3,C10_EPS_DYN_qmax4,0.13815018423581282,0.12133006898882948,0.016820115246983347,-0.7134483965049755,0.5109041344843253,18.29,63.965648854961835
P_IC_qb1of3__NETDEBT_EBITDA_qb1of3__C14_EPS_DYN_ytdavg_gt_lyavg__v0,P_IC_qb1of3__NETDEBT_EBITDA_qb1of3,C14_EPS_DYN_ytdavg_gt_lyavg,0.13812249551119504,0.11371455528078345,0.024407940230411596,-0.5547919923648461,0.4787007454739084,18.11,85.0
PS_qb0of3__EV_EBITDA_qb0of3__C17_FCF_P_DYN_qmax4__v0,PS_qb0of3__EV_EBITDA_qb0of3,C17_FCF_P_DYN_qmax4,0.1380967031767386,0.19132612263680127,-0.053229419460062655,-0.5304493801501939,0.4782222222222222,18.34,46.908396946564885
EV_EBITDA_qb0of3__NETDEBT_EBITDA_qb0of3__C16_FCF_P_DYN_riseq2__v0,EV_EBITDA_qb0of3__NETDEBT_EBITDA_qb0of3,C16_FCF_P_DYN_riseq2,0.13801622182352435,0.14659325251889155,-0.008577030695367194,-0.6008575433633689,0.5047735120861263,19.85,93.0912408759124
EV_EBITDA_qb0of3__DEBTRATIO_qb1of3__C15_FCF_P_DYN_riseq1__v0,EV_EBITDA_qb0of3__DEBTRATIO_qb1of3,C15_FCF_P_DYN_riseq1,0.13798681238748833,0.1453333100047871,-0.007346497617298775,-0.6051358824433697,0.46114309210526316,20.65,66.8140350877193
EV_S_qb1of3__OCF_E_qb1of3__C2_ROE_DYN_riseq2__v0,EV_S_qb1of3__OCF_E_qb1of3,C2_ROE_DYN_riseq2,0.13797566552796914,0.11166086551822496,0.026314800009744177,-0.6091245719566177,0.5064888888888889,18.36,89.65328467153284
PB_qb1of3__ACCRUAL_qb1of3__C5_ROE_DYN_yoy__v0,PB_qb1of3__ACCRUAL_qb1of3,C5_ROE_DYN_yoy,0.13797196335025852,0.10392799967158028,0.034043963678678235,-0.6404043460874134,0.4857379082265399,19.21,76.544
EV_S_qb1of3__EV_EBITDA_qb1of3__C5_ROE_DYN_yoy__v0,EV_S_qb1of3__EV_EBITDA_qb1of3,C5_ROE_DYN_yoy,0.1379665068048106,0.11950687846175168,0.01845962834305892,-0.6269289797434248,0.48291721419185285,20.71,116.64
MOM_qb2of3__FCF_P_qb0of3__C15_FCF_P_DYN_riseq1__v0,MOM_qb2of3__FCF_P_qb0of3,C15_FCF_P_DYN_riseq1,0.13792554619341524,0.12263642895378513,0.015289117239630112,-0.6545093772878905,0.4488158899923606,15.46,30.035087719298247
EV_S_qb1of3__DEBTRATIO_qb2of3__C9_EPS_DYN_riseq2__v0,EV_S_qb1of3__DEBTRATIO_qb2of3,C9_EPS_DYN_riseq2,0.13792528973919138,0.11423945981814065,0.023685829921050727,-0.5753667728074134,0.47300630309673886,20.0,74.28102189781022
PS_qb0of3__FCF_OI_qb1of3__C17_FCF_P_DYN_qmax4__v0,PS_qb0of3__FCF_OI_qb1of3,C17_FCF_P_DYN_qmax4,0.1379190692614196,0.1602886894689004,-0.02236962020748079,-0.6012418365155863,0.4390659207005595,18.64,51.83969465648855
ROE_qb0of3__EV_EBITDA_qb1of3__C7_ROE_DYN_ytdavg_gt_lyavg__v0,ROE_qb0of3__EV_EBITDA_qb1of3,C7_ROE_DYN_ytdavg_gt_lyavg,0.13789184311646063,0.12350332831042143,0.014388514806039199,-0.623624175022141,0.47649402390438245,16.11,19.589473684210525
ROE_qb1of3__FCF_OI_qb1of3__C7_ROE_DYN_ytdavg_gt_lyavg__v0,ROE_qb1of3__FCF_OI_qb1of3,C7_ROE_DYN_ytdavg_gt_lyavg,0.13788728199429912,0.11311461277821944,0.02477266921607968,-0.5538863828501883,0.465564738292011,16.05,79.28070175438596
EV_S_qb1of3__None__C10_EPS_DYN_qmax4__v0,EV_S_qb1of3__None,C10_EPS_DYN_qmax4,0.13782451529731432,0.11261458954493708,0.025209925752377238,-0.6158659453992172,0.49675081229692575,17.84,134.1030534351145
OCF_E_qb2of3__DEBTRATIO_qb2of3__C1_ROE_DYN_riseq1__v0,OCF_E_qb2of3__DEBTRATIO_qb2of3,C1_ROE_DYN_riseq1,0.13778854779869243,0.11692725396958026,0.02086129382911217,-0.4706022271438818,0.4686746987951807,18.27,100.03508771929825
PS_qb1of3__ACCRUAL_qb1of3__C5_ROE_DYN_yoy__v0,PS_qb1of3__ACCRUAL_qb1of3,C5_ROE_DYN_yoy,0.1377811418830659,0.10712139139531085,0.030659750487755044,-0.6595439582212843,0.4910982196439288,19.75,80.164
OCF_E_qb2of3__DEBTRATIO_qb2of3__C8_EPS_DYN_riseq1__v0,OCF_E_qb2of3__DEBTRATIO_qb2of3,C8_EPS_DYN_riseq1,0.13776684957828444,0.11692725396958026,0.020839595608704187,-0.49230739809160484,0.4685092886270956,18.25,101.79298245614035
MOM_qb2of3__ACCRUAL_qb2of3__C2_ROE_DYN_riseq2__v0,MOM_qb2of3__ACCRUAL_qb2of3,C2_ROE_DYN_riseq2,0.1377545061765182,0.11246072837315779,0.025293777803360395,-0.6628898157075216,0.48764769065520946,18.84,96.11313868613139
OCF_E_qb1of3__FCF_OI_qb1of3__C7_ROE_DYN_ytdavg_gt_lyavg__v0,OCF_E_qb1of3__FCF_OI_qb1of3,C7_ROE_DYN_ytdavg_gt_lyavg,0.13770338171992513,0.10728376775503445,0.03041961396489068,-0.5598619533356175,0.47997754491017963,16.86,74.86666666666666
ROE_qb2of3__ACCRUAL_qb0of3__C1_ROE_DYN_riseq1__v0,ROE_qb2of3__ACCRUAL_qb0of3,C1_ROE_DYN_riseq1,0.13767158377161293,0.11508661275557497,0.022584971016037958,-0.4429660919339431,0.46234177215189876,18.15,86.75438596491227
FCF_OI_qb1of3__NETDEBT_EBITDA_qb0of3__C7_ROE_DYN_ytdavg_gt_lyavg__v0,FCF_OI_qb1of3__NETDEBT_EBITDA_qb0of3,C7_ROE_DYN_ytdavg_gt_lyavg,0.1376602113550176,0.10774462377156824,0.029915587583449366,-0.5749191521300538,0.4720229555236729,15.73,73.19298245614036
ROE_qb2of3__NETDEBT_EBITDA_qb2of3__C19_FCF_P_DYN_yoy__v0,ROE_qb2of3__NETDEBT_EBITDA_qb2of3,C19_FCF_P_DYN_yoy,0.1376484690837696,0.12573108691877288,0.011917382164996715,-0.5983190352014984,0.49981942939689417,21.47,45.976
MOM_qb1of3__FCF_OI_qb1of3__C13_EPS_DYN_ytdavg_gt_lyytdavg__v0,MOM_qb1of3__FCF_OI_qb1of3,C13_EPS_DYN_ytdavg_gt_lyytdavg,0.137648130175819,0.10997605163063406,0.02767207854518494,-0.6122424788720595,0.5169194865810969,17.72,74.02105263157895
P_IC_qb1of3__NETDEBT_EBITDA_qb1of3__C10_EPS_DYN_qmax4__v0,P_IC_qb1of3__NETDEBT_EBITDA_qb1of3,C10_EPS_DYN_qmax4,0.1375848823490755,0.11371455528078345,0.023870327068292063,-0.5091818988901626,0.5082767978290367,18.74,57.31297709923664
EV_EBITDA_qb1of3__FCF_P_qb2of3__C3_ROE_DYN_qmax4__v0,EV_EBITDA_qb1of3__FCF_P_qb2of3,C3_ROE_DYN_qmax4,0.1375848363445733,0.12095020165403092,0.016634634690542383,-0.6356668117692752,0.5178571428571429,18.31,51.282442748091604
PS_qb1of3__OCF_E_qb2of3__C5_ROE_DYN_yoy__v0,PS_qb1of3__OCF_E_qb2of3,C5_ROE_DYN_yoy,0.13754796438744932,0.10315298366883918,0.034394980718610135,-0.5862138804561503,0.4792083166733307,21.37,85.9
EV_S_qb0of3__NETDEBT_EBITDA_qb2of3__C16_FCF_P_DYN_riseq2__v0,EV_S_qb0of3__NETDEBT_EBITDA_qb2of3,C16_FCF_P_DYN_riseq2,0.13753174425418924,0.1541547522146991,-0.01662300796050986,-0.5822245138945916,0.48055735580038883,17.79,62.91970802919708
PS_qb1of3__None__C12_EPS_DYN_yoy__v0,PS_qb1of3__None,C12_EPS_DYN_yoy,0.1375186540058826,0.10454523190678677,0.03297342209909582,-0.6240826089061438,0.4825658229134899,20.77,245.936
P_IC_qb0of3__None__C18_FCF_P_DYN_qmax8__v0,P_IC_qb0of3__None,C18_FCF_P_DYN_qmax8,0.1375136038905025,0.17867438611691733,-0.04116078222641484,-0.6025937992805196,0.4817446704239157,22.57,57.64377682403433
P_IC_qb1of3__NETDEBT_EBITDA_qb1of3__C9_EPS_DYN_riseq2__v0,P_IC_qb1of3__NETDEBT_EBITDA_qb1of3,C9_EPS_DYN_riseq2,0.1374585004213824,0.11371455528078345,0.023743945140598965,-0.5571667908418253,0.5030637254901961,19.01,94.56934306569343
P_IC_qb1of3__DEBTRATIO_qb1of3__C9_EPS_DYN_riseq2__v0,P_IC_qb1of3__DEBTRATIO_qb1of3,C9_EPS_DYN_riseq2,0.13744589018689712,0.10457322351498388,0.03287266667191324,-0.6101497662651931,0.498870868404845,18.55,96.51824817518248
EV_EBITDA_qb0of3__FCF_OI_qb1of3__C20_FCF_P_DYN_ytdavg_gt_lyytdavg__v0,EV_EBITDA_qb0of3__FCF_OI_qb1of3,C20_FCF_P_DYN_ytdavg_gt_lyytdavg,0.13743900017220434,0.1588416616824344,-0.02140266151023007,-0.5649769459282191,0.4898451638849789,17.05,71.0421052631579
MOM_qb2of3__ROIC_qb1of3__C19_FCF_P_DYN_yoy__v0,MOM_qb2of3__ROIC_qb1of3,C19_FCF_P_DYN_yoy,0.13740557594640324,0.1489494323621996,-0.01154385641579636,-0.6423244161935473,0.4973366477272727,20.04,77.1
ROE_qb2of3__FCF_OI_qb2of3__C18_FCF_P_DYN_qmax8__v0,ROE_qb2of3__FCF_OI_qb2of3,C18_FCF_P_DYN_qmax8,0.13739089783891933,0.10612897361205387,0.03126192422686547,-0.6173538706246879,0.46458658346333853,25.88,41.93133047210301
FCF_OI_qb1of3__None__C7_ROE_DYN_ytdavg_gt_lyavg__v0,FCF_OI_qb1of3__None,C7_ROE_DYN_ytdavg_gt_lyavg,0.137380610097954,0.10865218632260909,0.028728423775344902,-0.5365387158222417,0.47036254012998197,16.8,232.6315789473684
DEBTRATIO_qb2of3__None__C7_ROE_DYN_ytdavg_gt_lyavg__v0,DEBTRATIO_qb2of3__None,C7_ROE_DYN_ytdavg_gt_lyavg,0.13737302995125655,0.11247402988012434,0.024899000071132216,-0.5031941334028154,0.4754838709677419,17.13,229.42456140350876
PS_qb1of3__ACCRUAL_qb1of3__C3_ROE_DYN_qmax4__v0,PS_qb1of3__ACCRUAL_qb1of3,C3_ROE_DYN_qmax4,0.1373474682198237,0.10712139139531085,0.030226076824512838,-0.6582868527492038,0.5170911528150134,18.21,42.7557251908397
EV_S_qb1of3__None__C5_ROE_DYN_yoy__v0,EV_S_qb1of3__None,C5_ROE_DYN_yoy,0.13730337440105655,0.11261458954493708,0.024688784856119472,-0.6252370668017739,0.47268580905981133,20.63,232.772
P_IC_qb0of3__OCF_E_qb2of3__C19_FCF_P_DYN_yoy__v0,P_IC_qb0of3__OCF_E_qb2of3,C19_FCF_P_DYN_yoy,0.13730017329625643,0.18169077162055913,-0.0443905983243027,-0.576971686338249,0.5056932350971199,19.89,69.796
OCF_E_qb2of3__None__C7_ROE_DYN_ytdavg_gt_lyavg__v0,OCF_E_qb2of3__None,C7_ROE_DYN_ytdavg_gt_lyavg,0.1372804812696291,0.10702478116805669,0.030255700101572414,-0.4488110771037124,0.4692923369522149,18.59,242.73684210526315
PS_qb1of3__DEBTRATIO_qb1of3__C3_ROE_DYN_qmax4__v0,PS_qb1of3__DEBTRATIO_qb1of3,C3_ROE_DYN_qmax4,0.1372569620129993,0.09970663573273053,0.037550326280268775,-0.5362281427822267,0.5018879798615481,19.18,50.62595419847328
MOM_qb2of3__DEBTRATIO_qb2of3__C17_FCF_P_DYN_qmax4__v0,MOM_qb2of3__DEBTRATIO_qb2of3,C17_FCF_P_DYN_qmax4,0.13725636647536876,0.1409681494808137,-0.0037117830054449463,-0.6728085126422795,0.4742204384069157,17.76,39.83206106870229
EV_EBITDA_qb1of3__DEBTRATIO_qb2of3__C10_EPS_DYN_qmax4__v0,EV_EBITDA_qb1of3__DEBTRATIO_qb2of3,C10_EPS_DYN_qmax4,0.13722292807152447,0.13449319651294744,0.002729731558577031,-0.6489727455585802,0.5110326566637247,17.52,52.43129770992366
ROE_qb2of3__DEBTRATIO_qb2of3__C8_EPS_DYN_riseq1__v0,ROE_qb2of3__DEBTRATIO_qb2of3,C8_EPS_DYN_riseq1,0.1371825075791422,0.11194290084226521,0.025239606736876974,-0.43808976018049417,0.4682515337423313,17.38,109.04912280701754
PS_qb1of3__MOM_qb2of3__C18_FCF_P_DYN_qmax8__v0,PS_qb1of3__MOM_qb2of3,C18_FCF_P_DYN_qmax8,0.13706082257577656,0.12985143618864448,0.0072093863871320885,-0.6970138557497052,0.44130127298444133,20.08,17.609442060085836
MOM_qb2of3__ROIC_qb1of3__C18_FCF_P_DYN_qmax8__v0,MOM_qb2of3__ROIC_qb1of3,C18_FCF_P_DYN_qmax8,0.13705486139385137,0.1489494323621996,-0.011894570968348228,-0.6742386279564465,0.47113997113997114,21.03,17.609442060085836
MOM_qb2of3__DEBTRATIO_qb1of3__C16_FCF_P_DYN_riseq2__v0,MOM_qb2of3__DEBTRATIO_qb1of3,C16_FCF_P_DYN_riseq2,0.13703070072551182,0.13517618077461835,0.001854519950893474,-0.6725282040762821,0.48132780082987553,20.79,77.66058394160584
ROE_qb2of3__NETDEBT_EBITDA_qb2of3__C18_FCF_P_DYN_qmax8__v0,ROE_qb2of3__NETDEBT_EBITDA_qb2of3,C18_FCF_P_DYN_qmax8,0.13702914463649307,0.12573108691877288,0.011298057717720189,-0.7242736602769102,0.45161290322580644,24.7,10.593886462882097
PS_qb0of3__ACCRUAL_qb0of3__C16_FCF_P_DYN_riseq2__v0,PS_qb0of3__ACCRUAL_qb0of3,C16_FCF_P_DYN_riseq2,0.13700751555768398,0.1648074184621935,-0.02779990290450951,-0.5851768985764774,0.48235887096774194,21.03,87.6970802919708
ROE_qb2of3__NETDEBT_EBITDA_qb0of3__C19_FCF_P_DYN_yoy__v0,ROE_qb2of3__NETDEBT_EBITDA_qb0of3,C19_FCF_P_DYN_yoy,0.13700047022082762,0.10739791521726105,0.029602555003566566,-0.6261814924965465,0.516100957354221,21.79,62.824
PS_qb0of3__ROE_qb2of3__C15_FCF_P_DYN_riseq1__v0,PS_qb0of3__ROE_qb2of3,C15_FCF_P_DYN_riseq1,0.1369515043951468,0.16803068714784408,-0.031079182752697276,-0.5124394305360966,0.4761167624944715,17.77,59.67719298245614
OCF_E_qb2of3__EV_EBITDA_qb0of3__C19_FCF_P_DYN_yoy__v0,OCF_E_qb2of3__EV_EBITDA_qb0of3,C19_FCF_P_DYN_yoy,0.13693802068836947,0.15339211904025563,-0.01645409835188616,-0.5637354775967955,0.4945515507124895,20.15,73.836
MOM_qb2of3__None__C19_FCF_P_DYN_yoy__v0,MOM_qb2of3__None,C19_FCF_P_DYN_yoy,0.13693446852684477,0.11517070621059111,0.021763762316253654,-0.6864415659109997,0.48152439809450237,19.45,230.696
PB_qb1of3__ACCRUAL_qb1of3__C14_EPS_DYN_ytdavg_gt_lyavg__v0,PB_qb1of3__ACCRUAL_qb1of3,C14_EPS_DYN_ytdavg_gt_lyavg,0.13691406724656674,0.10392799967158028,0.032986067574986455,-0.5925390822743304,0.49252761533463285,18.52,72.4421052631579
MOM_qb2of3__FCF_OI_qb2of3__C1_ROE_DYN_riseq1__v0,MOM_qb2of3__FCF_OI_qb2of3,C1_ROE_DYN_riseq1,0.13689636896553048,0.13351239190976916,0.0033839770557613225,-0.6657833076652474,0.5016968325791855,16.94,83.9578947368421
PB_qb0of3__ROE_qb1of3__C17_FCF_P_DYN_qmax4__v0,PB_qb0of3__ROE_qb1of3,C17_FCF_P_DYN_qmax4,0.1368775807291569,0.18183368727864435,-0.04495610654948745,-0.5387142082070211,0.4956053303090445,22.11,47.37022900763359
PS_qb1of3__None__C5_ROE_DYN_yoy__v0,PS_qb1of3__None,C5_ROE_DYN_yoy,0.1368469487433699,0.10454523190678677,0.032301716836583116,-0.6343958455784635,0.48108051292831616,20.35,232.432
OCF_E_qb2of3__ACCRUAL_qb0of3__C6_ROE_DYN_ytdavg_gt_lyytdavg__v0,OCF_E_qb2of3__ACCRUAL_qb0of3,C6_ROE_DYN_ytdavg_gt_lyytdavg,0.13684456937498712,0.1085860393522513,0.028258530022735817,-0.44706310905358326,0.46442816065300063,18.8,170.32280701754385
P_IC_qb1of3__NETDEBT_EBITDA_qb1of3__C5_ROE_DYN_yoy__v0,P_IC_qb1of3__NETDEBT_EBITDA_qb1of3,C5_ROE_DYN_yoy,0.13681094354360268,0.11371455528078345,0.023096388262819234,-0.5992054926784387,0.48089171974522293,20.84,88.588
ACCRUAL_qb1of3__FCF_OI_qb1of3__C6_ROE_DYN_ytdavg_gt_lyytdavg__v0,ACCRUAL_qb1of3__FCF_OI_qb1of3,C6_ROE_DYN_ytdavg_gt_lyytdavg,0.13680370730191815,0.11215386819556161,0.02464983910635654,-0.5494817573291357,0.4747937671860678,17.57,74.6140350877193
ROE_qb2of3__DEBTRATIO_qb2of3__C1_ROE_DYN_riseq1__v0,ROE_qb2of3__DEBTRATIO_qb2of3,C1_ROE_DYN_riseq1,0.136730097657644,0.11194290084226521,0.024787196815378776,-0.43448490925323613,0.4647908292392437,17.3,109.7578947368421
P_IC_qb1of3__OCF_E_qb1of3__C5_ROE_DYN_yoy__v0,P_IC_qb1of3__OCF_E_qb1of3,C5_ROE_DYN_yoy,0.13671036131691672,0.10858375215866056,0.028126609158256155,-0.5899593965317724,0.500968992248062,19.64,86.02
PS_qb1of3__OCF_E_qb1of3__C7_ROE_DYN_ytdavg_gt_lyavg__v0,PS_qb1of3__OCF_E_qb1of3,C7_ROE_DYN_ytdavg_gt_lyavg,0.13668754333303967,0.1057020349461224,0.03098550838691727,-0.5982783171968395,0.49501517121803207,18.1,76.08771929824562
ACCRUAL_qb0of3__FCF_OI_qb1of3__C8_EPS_DYN_riseq1__v0,ACCRUAL_qb0of3__FCF_OI_qb1of3,C8_EPS_DYN_riseq1,0.13667612734955337,0.11153610581397233,0.025140021535581036,-0.5721632728488963,0.477320419693301,17.62,82.64561403508772
ROE_qb2of3__ROIC_qb1of3__C1_ROE_DYN_riseq1__v0,ROE_qb2of3__ROIC_qb1of3,C1_ROE_DYN_riseq1,0.13664599948692158,0.12028408152058989,0.016361917966331685,-0.524690590608477,0.496159217877095,18.11,41.72631578947368
EV_S_qb1of3__MOM_qb2of3__C16_FCF_P_DYN_riseq2__v0,EV_S_qb1of3__MOM_qb2of3,C16_FCF_P_DYN_riseq2,0.136592926171496,0.12920025367569776,0.007392672495798225,-0.7122870403879846,0.47124239791485667,17.9,75.0036496350365
MOM_qb2of3__DEBTRATIO_qb0of3__C16_FCF_P_DYN_riseq2__v0,MOM_qb2of3__DEBTRATIO_qb0of3,C16_FCF_P_DYN_riseq2,0.13658046713656424,0.13434664389931616,0.002233823237248078,-0.7129171544274746,0.4781313977293877,17.67,72.81021897810218
EV_EBITDA_qb1of3__NETDEBT_EBITDA_qb2of3__C19_FCF_P_DYN_yoy__v0,EV_EBITDA_qb1of3__NETDEBT_EBITDA_qb2of3,C19_FCF_P_DYN_yoy,0.1365439969539779,0.14627716761851484,-0.009733170664536939,-0.6083345003359892,0.4975288303130148,21.36,72.832
PS_qb1of3__ROE_qb1of3__C11_EPS_DYN_qmax8__v0,PS_qb1of3__ROE_qb1of3,C11_EPS_DYN_qmax8,0.13648859104835065,0.1012338625934468,0.03525472845490385,-0.7417420172435654,0.507910074937552,17.01,19.30901287553648
P_IC_qb0of3__EV_EBITDA_qb0of3__C17_FCF_P_DYN_qmax4__v0,P_IC_qb0of3__EV_EBITDA_qb0of3,C17_FCF_P_DYN_qmax4,0.13647210188899694,0.19089426073683513,-0.05442215884783819,-0.5532416106450779,0.4883148831488315,18.55,49.10687022900763
ROE_qb2of3__FCF_OI_qb2of3__C16_FCF_P_DYN_riseq2__v0,ROE_qb2of3__FCF_OI_qb2of3,C16_FCF_P_DYN_riseq2,0.13647029422447843,0.10612897361205387,0.03034132061242456,-0.5956778143585868,0.48158390949088625,20.55,118.97810218978103
P_IC_qb1of3__DEBTRATIO_qb1of3__C2_ROE_DYN_riseq2__v0,P_IC_qb1of3__DEBTRATIO_qb1of3,C2_ROE_DYN_riseq2,0.13646910699655024,0.10457322351498388,0.031895883481566356,-0.6282637585511063,0.5004140786749482,18.77,95.13503649635037
DEBTRATIO_qb2of3__NETDEBT_EBITDA_qb2of3__C6_ROE_DYN_ytdavg_gt_lyytdavg__v0,DEBTRATIO_qb2of3__NETDEBT_EBITDA_qb2of3,C6_ROE_DYN_ytdavg_gt_lyytdavg,0.13645274296442822,0.11915400596730308,0.01729873699712514,-0.5395416000951272,0.4581118704125538,17.54,142.3859649122807
EV_S_qb1of3__MOM_qb2of3__C8_EPS_DYN_riseq1__v0,EV_S_qb1of3__MOM_qb2of3,C8_EPS_DYN_riseq1,0.1364391028239409,0.12920025367569776,0.007238849148243132,-0.704203747220703,0.4862662239661938,17.66,85.74035087719298
PS_qb0of3__OCF_E_qb2of3__C19_FCF_P_DYN_yoy__v0,PS_qb0of3__OCF_E_qb2of3,C19_FCF_P_DYN_yoy,0.136420830975317,0.1770945770309813,-0.04067374605566432,-0.6009590555527861,0.4976228209191759,19.14,88.632
OCF_E_qb2of3__ACCRUAL_qb0of3__C8_EPS_DYN_riseq1__v0,OCF_E_qb2of3__ACCRUAL_qb0of3,C8_EPS_DYN_riseq1,0.136420327744734,0.1085860393522513,0.027834288392482698,-0.5078870888300815,0.47041204565692546,18.69,178.74035087719298
EV_EBITDA_qb0of3__DEBTRATIO_qb2of3__C16_FCF_P_DYN_riseq2__v0,EV_EBITDA_qb0of3__DEBTRATIO_qb2of3,C16_FCF_P_DYN_riseq2,0.13635662937473048,0.14301532522542537,-0.006658695850694896,-0.5538596789741458,0.47289673779740005,19.96,79.41240875912409
OCF_E_qb2of3__ROE_qb2of3__C14_EPS_DYN_ytdavg_gt_lyavg__v0,OCF_E_qb2of3__ROE_qb2of3,C14_EPS_DYN_ytdavg_gt_lyavg,0.1362877654998429,0.11168724670811869,0.024600518791724202,-0.40787964321909453,0.46279318966543637,19.23,169.65263157894736
ROIC_qb1of3__DEBTRATIO_qb2of3__C6_ROE_DYN_ytdavg_gt_lyytdavg__v0,ROIC_qb1of3__DEBTRATIO_qb2of3,C6_ROE_DYN_ytdavg_gt_lyytdavg,0.1362864032293849,0.11680265302092874,0.019483750208456163,-0.5208036562243179,0.4753343565007674,18.61,98.40701754385965
PS_qb1of3__ACCRUAL_qb1of3__C2_ROE_DYN_riseq2__v0,PS_qb1of3__ACCRUAL_qb1of3,C2_ROE_DYN_riseq2,0.13627770348611445,0.10712139139531085,0.029156312090803604,-0.6567123595064639,0.5091683645119467,18.62,83.50729927007299
EV_EBITDA_qb1of3__DEBTRATIO_qb2of3__C2_ROE_DYN_riseq2__v0,EV_EBITDA_qb1of3__DEBTRATIO_qb2of3,C2_ROE_DYN_riseq2,0.13627438421928484,0.13449319651294744,0.0017811877063373949,-0.6639159723631585,0.5034729530625132,18.91,84.17153284671532
EV_S_qb1of3__None__C9_EPS_DYN_riseq2__v0,EV_S_qb1of3__None,C9_EPS_DYN_riseq2,0.13626072692522717,0.11261458954493708,0.02364613738029009,-0.6167927376094031,0.49691249117854625,19.17,242.8175182481752
MOM_qb2of3__NETDEBT_EBITDA_qb2of3__C19_FCF_P_DYN_yoy__v0,MOM_qb2of3__NETDEBT_EBITDA_qb2of3,C19_FCF_P_DYN_yoy,0.13624844012977788,0.13535856297428794,0.0008898771554899376,-0.6806862180177047,0.4857916102841678,18.73,74.684
ROE_qb2of3__DEBTRATIO_qb2of3__C14_EPS_DYN_ytdavg_gt_lyavg__v0,ROE_qb2of3__DEBTRATIO_qb2of3,C14_EPS_DYN_ytdavg_gt_lyavg,0.13622311808795584,0.11194290084226521,0.024280217245690627,-0.3846150442313293,0.46152110133152785,17.47,105.78245614035087
P_IC_qb1of3__None__C2_ROE_DYN_riseq2__v0,P_IC_qb1of3__None,C2_ROE_DYN_riseq2,0.13615141814141363,0.10774864588230604,0.02840277225910759,-0.5917776344727024,0.5064521992002908,18.31,237.5182481751825
MOM_qb2of3__FCF_OI_qb0of3__C8_EPS_DYN_riseq1__v0,MOM_qb2of3__FCF_OI_qb0of3,C8_EPS_DYN_riseq1,0.13613366675124428,0.1129050553120563,0.023228611439187974,-0.7018143586492196,0.4814869888475836,17.67,82.26315789473684
OCF_E_qb1of3__FCF_P_qb2of3__C8_EPS_DYN_riseq1__v0,OCF_E_qb1of3__FCF_P_qb2of3,C8_EPS_DYN_riseq1,0.1361071953929749,0.12040696135896067,0.015700234034014215,-0.5735985063387368,0.5040049291435613,18.45,83.29824561403508
EV_S_qb1of3__DEBTRATIO_qb2of3__C5_ROE_DYN_yoy__v0,EV_S_qb1of3__DEBTRATIO_qb2of3,C5_ROE_DYN_yoy,0.136074786338797,0.11423945981814065,0.02183532652065634,-0.5895171147933674,0.4565826330532213,21.11,72.108
ACCRUAL_qb0of3__DEBTRATIO_qb2of3__C14_EPS_DYN_ytdavg_gt_lyavg__v0,ACCRUAL_qb0of3__DEBTRATIO_qb2of3,C14_EPS_DYN_ytdavg_gt_lyavg,0.13607028696753187,0.10760438208815426,0.028465904879377613,-0.45395580429921856,0.45680883308075343,18.12,76.66315789473684
P_IC_qb1of3__ACCRUAL_qb1of3__C3_ROE_DYN_qmax4__v0,P_IC_qb1of3__ACCRUAL_qb1of3,C3_ROE_DYN_qmax4,0.1360620110270203,0.10354097010952823,0.03252104091749208,-0.6484427817733961,0.5065113091158328,17.39,41.847328244274806
NETDEBT_EBITDA_qb2of3__None__C6_ROE_DYN_ytdavg_gt_lyytdavg__v0,NETDEBT_EBITDA_qb2of3__None,C6_ROE_DYN_ytdavg_gt_lyytdavg,0.13605819556693977,0.11310247772162718,0.022955717845312584,-0.5624020107794911,0.46247877758913414,18.11,225.6561403508772
ROIC_qb1of3__DEBTRATIO_qb2of3__C1_ROE_DYN_riseq1__v0,ROIC_qb1of3__DEBTRATIO_qb2of3,C1_ROE_DYN_riseq1,0.13603830594200939,0.11680265302092874,0.019235652921080648,-0.5548528980104114,0.49279141104294477,17.92,107.10526315789474
EV_EBITDA_qb1of3__NETDEBT_EBITDA_qb2of3__C20_FCF_P_DYN_ytdavg_gt_lyytdavg__v0,EV_EBITDA_qb1of3__NETDEBT_EBITDA_qb2of3,C20_FCF_P_DYN_ytdavg_gt_lyytdavg,0.13601921331086686,0.14627716761851484,-0.010257954307647976,-0.612746680428865,0.49866167023554603,19.16,69.44561403508771
PS_qb1of3__NETDEBT_EBITDA_qb0of3__C7_ROE_DYN_ytdavg_gt_lyavg__v0,PS_qb1of3__NETDEBT_EBITDA_qb0of3,C7_ROE_DYN_ytdavg_gt_lyavg,0.13601282351767852,0.11822478808596304,0.017788035431715477,-0.6441491307839827,0.4882375626687235,16.16,58.39298245614035
NETDEBT_EBITDA_qb2of3__None__C8_EPS_DYN_riseq1__v0,NETDEBT_EBITDA_qb2of3__None,C8_EPS_DYN_riseq1,0.13600435370796227,0.11310247772162718,0.022901875986335085,-0.579375336719587,0.4662145991224571,18.56,244.05263157894737
P_IC_qb1of3__OCF_E_qb1of3__C14_EPS_DYN_ytdavg_gt_lyavg__v0,P_IC_qb1of3__OCF_E_qb1of3,C14_EPS_DYN_ytdavg_gt_lyavg,0.1359512362143982,0.10858375215866056,0.027367484055737634,-0.5567274282516422,0.49503695881731785,17.9,77.95087719298246
PS_qb1of3__OCF_E_qb1of3__C8_EPS_DYN_riseq1__v0,PS_qb1of3__OCF_E_qb1of3,C8_EPS_DYN_riseq1,0.1359253614797551,0.1057020349461224,0.03022332653363269,-0.5793926610561719,0.49700409965310627,19.79,91.83508771929824
FCF_OI_qb1of3__NETDEBT_EBITDA_qb0of3__C1_ROE_DYN_riseq1__v0,FCF_OI_qb1of3__NETDEBT_EBITDA_qb0of3,C1_ROE_DYN_riseq1,0.13591151618069897,0.10774462377156824,0.028166892409130728,-0.615076878202194,0.48184931506849316,16.56,86.40701754385965
FCF_OI_qb2of3__DEBTRATIO_qb2of3__C7_ROE_DYN_ytdavg_gt_lyavg__v0,FCF_OI_qb2of3__DEBTRATIO_qb2of3,C7_ROE_DYN_ytdavg_gt_lyavg,0.13588909904959245,0.1079547255060096,0.027934373543582858,-0.5134987349191189,0.48560273304050755,18.25,65.25614035087719
PB_qb1of3__NETDEBT_EBITDA_qb1of3__C3_ROE_DYN_qmax4__v0,PB_qb1of3__NETDEBT_EBITDA_qb1of3,C3_ROE_DYN_qmax4,0.13588104894477238,0.11455350465136882,0.021327544293403555,-0.5581193888930215,0.5196647324306899,19.01,46.94656488549618
OCF_E_qb1of3__FCF_OI_qb1of3__C1_ROE_DYN_riseq1__v0,OCF_E_qb1of3__FCF_OI_qb1of3,C1_ROE_DYN_riseq1,0.13583065089226198,0.10728376775503445,0.02854688313722753,-0.5898460110041929,0.4882398155265181,17.74,87.63508771929824
PB_qb1of3__DEBTRATIO_qb0of3__C2_ROE_DYN_riseq2__v0,PB_qb1of3__DEBTRATIO_qb0of3,C2_ROE_DYN_riseq2,0.1358259954754646,0.1073186532581396,0.028507342217324982,-0.641478799976518,0.5087061344762925,18.25,73.72627737226277
MOM_qb2of3__DEBTRATIO_qb1of3__C18_FCF_P_DYN_qmax8__v0,MOM_qb2of3__DEBTRATIO_qb1of3,C18_FCF_P_DYN_qmax8,0.13582536424333624,0.13517618077461835,0.0006491834687178955,-0.7159959539700875,0.46025384101536404,20.95,19.07725321888412
PS_qb0of3__OCF_E_qb2of3__C15_FCF_P_DYN_riseq1__v0,PS_qb0of3__OCF_E_qb2of3,C15_FCF_P_DYN_riseq1,0.13578796878466926,0.1770945770309813,-0.04130660824631205,-0.5693065879440482,0.47324780976220276,18.99,81.67017543859649
ROE_qb2of3__FCF_P_qb0of3__C19_FCF_P_DYN_yoy__v0,ROE_qb2of3__FCF_P_qb0of3,C19_FCF_P_DYN_yoy,0.13578311043490943,0.10634093976900005,0.029442170665909373,-0.6175712426036166,0.482521186440678,23.74,25.164
EV_EBITDA_qb1of3__DEBTRATIO_qb2of3__C6_ROE_DYN_ytdavg_gt_lyytdavg__v0,EV_EBITDA_qb1of3__DEBTRATIO_qb2of3,C6_ROE_DYN_ytdavg_gt_lyytdavg,0.13571530758909578,0.13449319651294744,0.0012221110761483356,-0.5859305434324007,0.47596532702915684,18.41,74.49122807017544
PB_qb1of3__MOM_qb2of3__C19_FCF_P_DYN_yoy__v0,PB_qb1of3__MOM_qb2of3,C19_FCF_P_DYN_yoy,0.1357124597008943,0.14055424123730442,-0.004841781536410128,-0.6989478146674832,0.48978115391571714,18.05,77.884
P_IC_qb0of3__FCF_P_qb1of3__C15_FCF_P_DYN_riseq1__v0,P_IC_qb0of3__FCF_P_qb1of3,C15_FCF_P_DYN_riseq1,0.1356993532948536,0.17643282368710866,-0.040733470392255056,-0.622881490609834,0.46841339155749634,16.12,42.72280701754386
DEBTRATIO_qb2of3__NETDEBT_EBITDA_qb0of3__C2_ROE_DYN_riseq2__v0,DEBTRATIO_qb2of3__NETDEBT_EBITDA_qb0of3,C2_ROE_DYN_riseq2,0.13569109894018228,0.10863780237264198,0.027053296567540297,-0.4514374173665212,0.5208333333333334,18.06,31.562043795620436
EV_S_qb1of3__DEBTRATIO_qb1of3__C5_ROE_DYN_yoy__v0,EV_S_qb1of3__DEBTRATIO_qb1of3,C5_ROE_DYN_yoy,0.13566986750249077,0.11155677487762738,0.024113092624863386,-0.6487585873776405,0.4706465196928412,20.99,87.696
EV_S_qb1of3__EV_EBITDA_qb1of3__C14_EPS_DYN_ytdavg_gt_lyavg__v0,EV_S_qb1of3__EV_EBITDA_qb1of3,C14_EPS_DYN_ytdavg_gt_lyavg,0.13565142667631802,0.11950687846175168,0.016144548214566345,-0.5863184243330526,0.49343443684113186,18.35,108.42807017543859
MOM_qb2of3__ACCRUAL_qb1of3__None__v0,MOM_qb2of3__ACCRUAL_qb1of3,None,0.13564208643476539,0.13564208643476539,0.0,-0.6770072324995009,0.4832225514535117,17.49,152.8956228956229
EV_S_qb1of3__ACCRUAL_qb1of3__C8_EPS_DYN_riseq1__v0,EV_S_qb1of3__ACCRUAL_qb1of3,C8_EPS_DYN_riseq1,0.13559047056662776,0.11256341933953151,0.02302705122709625,-0.6467591023193361,0.49669883189436265,20.02,83.69473684210526
MOM_qb1of3__FCF_OI_qb1of3__C14_EPS_DYN_ytdavg_gt_lyavg__v0,MOM_qb1of3__FCF_OI_qb1of3,C14_EPS_DYN_ytdavg_gt_lyavg,0.13556993778642146,0.10997605163063406,0.025593886155787393,-0.6035881101811109,0.5152208340665142,17.88,70.33333333333333
PS_qb0of3__DEBTRATIO_qb1of3__C19_FCF_P_DYN_yoy__v0,PS_qb0of3__DEBTRATIO_qb1of3,C19_FCF_P_DYN_yoy,0.1355651462344576,0.16164172783718755,-0.026076581602729965,-0.5949734219024438,0.5047076313181368,19.95,82.548
PB_qb1of3__NETDEBT_EBITDA_qb0of3__C13_EPS_DYN_ytdavg_gt_lyytdavg__v0,PB_qb1of3__NETDEBT_EBITDA_qb0of3,C13_EPS_DYN_ytdavg_gt_lyytdavg,0.13555859879388832,0.11510738211040183,0.020451216683486484,-0.6098983223952239,0.4792399718508093,18.17,66.54035087719298
EV_S_qb0of3__NETDEBT_EBITDA_qb0of3__C15_FCF_P_DYN_riseq1__v0,EV_S_qb0of3__NETDEBT_EBITDA_qb0of3,C15_FCF_P_DYN_riseq1,0.1355009166716734,0.15451356457625898,-0.019012647904585567,-0.5621101638121351,0.48209219858156027,19.27,92.1719298245614
MOM_qb1of3__ROE_qb2of3__C14_EPS_DYN_ytdavg_gt_lyavg__v0,MOM_qb1of3__ROE_qb2of3,C14_EPS_DYN_ytdavg_gt_lyavg,0.1354814590025073,0.10831556437834422,0.02716589462416308,-0.5978807645274885,0.5312712440516655,18.99,77.28771929824562
PB_qb0of3__None__C18_FCF_P_DYN_qmax8__v0,PB_qb0of3__None,C18_FCF_P_DYN_qmax8,0.13548020260692217,0.18050911811184078,-0.04502891550491861,-0.6009528724435256,0.4749090909090909,24.2,58.137339055793994
EV_S_qb0of3__FCF_OI_qb1of3__C17_FCF_P_DYN_qmax4__v0,EV_S_qb0of3__FCF_OI_qb1of3,C17_FCF_P_DYN_qmax4,0.13546182291253928,0.1576248487356633,-0.022163025823124016,-0.5870224956271228,0.43318430203676106,19.5,50.29770992366412
PS_qb0of3__NETDEBT_EBITDA_qb2of3__C16_FCF_P_DYN_riseq2__v0,PS_qb0of3__NETDEBT_EBITDA_qb2of3,C16_FCF_P_DYN_riseq2,0.13545507602396412,0.16108156841581445,-0.02562649239185033,-0.6043256603123359,0.49211063671802485,18.78,114.9087591240876
EV_S_qb0of3__ACCRUAL_qb0of3__C19_FCF_P_DYN_yoy__v0,EV_S_qb0of3__ACCRUAL_qb0of3,C19_FCF_P_DYN_yoy,0.1354477270690504,0.15433085717622674,-0.01888313010717635,-0.6041015185650076,0.48771067415730335,20.37,85.664
PB_qb1of3__ACCRUAL_qb1of3__C9_EPS_DYN_riseq2__v0,PB_qb1of3__ACCRUAL_qb1of3,C9_EPS_DYN_riseq2,0.13541679372122317,0.10392799967158028,0.03148879404964289,-0.5856148160491688,0.5092070650131529,18.44,80.18613138686132
DEBTRATIO_qb2of3__None__C13_EPS_DYN_ytdavg_gt_lyytdavg__v0,DEBTRATIO_qb2of3__None,C13_EPS_DYN_ytdavg_gt_lyytdavg,0.13541391480268694,0.11247402988012434,0.022939884922562603,-0.5111914232101072,0.46363051174766656,17.94,254.07719298245615
PS_qb1of3__ROE_qb1of3__C2_ROE_DYN_riseq2__v0,PS_qb1of3__ROE_qb1of3,C2_ROE_DYN_riseq2,0.13537709252293406,0.1012338625934468,0.03414322992948726,-0.5958190567105304,0.5061830173124485,18.49,85.7080291970803
OCF_E_qb2of3__ROE_qb2of3__C16_FCF_P_DYN_riseq2__v0,OCF_E_qb2of3__ROE_qb2of3,C16_FCF_P_DYN_riseq2,0.13537684390783533,0.11168724670811869,0.02368959719971664,-0.5884113067817096,0.4874378434964669,21.32,120.87591240875912
MOM_qb2of3__NETDEBT_EBITDA_qb2of3__None__v0,MOM_qb2of3__NETDEBT_EBITDA_qb2of3,None,0.13535856297428794,0.13535856297428794,0.0,-0.6688709700921995,0.4421352893235534,17.37,145.3804713804714
FCF_P_qb2of3__None__C1_ROE_DYN_riseq1__v0,FCF_P_qb2of3__None,C1_ROE_DYN_riseq1,0.13534302783010066,0.12214294842787288,0.013200079402227782,-0.5733714373361499,0.4870600414078675,18.68,241.52280701754387
ROE_qb2of3__None__C7_ROE_DYN_ytdavg_gt_lyavg__v0,ROE_qb2of3__None,C7_ROE_DYN_ytdavg_gt_lyavg,0.13533824669930516,0.10857200626884822,0.026766240430456945,-0.4121441134982311,0.4667165995693287,18.2,281.8877192982456
MOM_qb2of3__DEBTRATIO_qb1of3__C15_FCF_P_DYN_riseq1__v0,MOM_qb2of3__DEBTRATIO_qb1of3,C15_FCF_P_DYN_riseq1,0.13532832820308816,0.13517618077461835,0.00015214742846980656,-0.6718232511119757,0.4707574304889741,17.66,72.43508771929825
PS_qb1of3__ROE_qb2of3__C1_ROE_DYN_riseq1__v0,PS_qb1of3__ROE_qb2of3,C1_ROE_DYN_riseq1,0.13530541713156907,0.11938211139414667,0.0159233057374224,-0.5723435697432622,0.490157179917595,18.72,100.9298245614035
EV_S_qb1of3__ACCRUAL_qb1of3__C12_EPS_DYN_yoy__v0,EV_S_qb1of3__ACCRUAL_qb1of3,C12_EPS_DYN_yoy,0.1352997792708437,0.11256341933953151,0.022736359931312178,-0.6397603576996752,0.4860710854947166,21.61,82.132
EV_S_qb1of3__EV_EBITDA_qb1of3__C12_EPS_DYN_yoy__v0,EV_S_qb1of3__EV_EBITDA_qb1of3,C12_EPS_DYN_yoy,0.13529073943607028,0.11950687846175168,0.01578386097431861,-0.6159920293174339,0.48451327433628316,20.85,124.348
EV_S_qb1of3__EV_EBITDA_qb1of3__C6_ROE_DYN_ytdavg_gt_lyytdavg__v0,EV_S_qb1of3__EV_EBITDA_qb1of3,C6_ROE_DYN_ytdavg_gt_lyytdavg,0.13527832949023932,0.11950687846175168,0.01577145102848765,-0.599703673602481,0.4841967458387881,18.74,104.8561403508772
EV_EBITDA_qb1of3__FCF_P_qb2of3__C8_EPS_DYN_riseq1__v0,EV_EBITDA_qb1of3__FCF_P_qb2of3,C8_EPS_DYN_riseq1,0.13524690650449678,0.12095020165403092,0.014296704850465858,-0.6032144873150886,0.494708276797829,18.64,94.15438596491228
DEBTRATIO_qb1of3__FCF_P_qb2of3__C9_EPS_DYN_riseq2__v0,DEBTRATIO_qb1of3__FCF_P_qb2of3,C9_EPS_DYN_riseq2,0.1352403610360009,0.12036397930429055,0.014876381731710353,-0.5643554106084914,0.49781353856917965,20.03,85.72627737226277
MOM_qb2of3__DEBTRATIO_qb1of3__None__v0,MOM_qb2of3__DEBTRATIO_qb1of3,None,0.13517618077461835,0.13517618077461835,0.0,-0.6651463139318867,0.46809346161397997,17.89,148.6195286195286
EV_S_qb1of3__ACCRUAL_qb1of3__C1_ROE_DYN_riseq1__v0,EV_S_qb1of3__ACCRUAL_qb1of3,C1_ROE_DYN_riseq1,0.13511786284243232,0.11256341933953151,0.02255444350290081,-0.6627989120422138,0.49606164383561646,19.47,83.02456140350877
PS_qb1of3__NETDEBT_EBITDA_qb0of3__C6_ROE_DYN_ytdavg_gt_lyytdavg__v0,PS_qb1of3__NETDEBT_EBITDA_qb0of3,C6_ROE_DYN_ytdavg_gt_lyytdavg,0.13504123609702878,0.11822478808596304,0.016816448011065743,-0.6476879294348563,0.49649575802286977,16.75,63.589473684210525
EV_S_qb1of3__DEBTRATIO_qb1of3__C10_EPS_DYN_qmax4__v0,EV_S_qb1of3__DEBTRATIO_qb1of3,C10_EPS_DYN_qmax4,0.13503333035202547,0.11155677487762738,0.023476555474398086,-0.6847524643553728,0.4996811224489796,17.24,50.38167938931298
PB_qb1of3__NETDEBT_EBITDA_qb1of3__C13_EPS_DYN_ytdavg_gt_lyytdavg__v0,PB_qb1of3__NETDEBT_EBITDA_qb1of3,C13_EPS_DYN_ytdavg_gt_lyytdavg,0.13500805720056164,0.11455350465136882,0.020454552549192817,-0.5197739724957121,0.4913768730562624,18.82,80.76491228070175
PS_qb1of3__NETDEBT_EBITDA_qb0of3__C14_EPS_DYN_ytdavg_gt_lyavg__v0,PS_qb1of3__NETDEBT_EBITDA_qb0of3,C14_EPS_DYN_ytdavg_gt_lyavg,0.13498571201900522,0.11822478808596304,0.016760923933042182,-0.6215024561346,0.4922566371681416,16.48,63.00701754385965
MOM_qb2of3__ACCRUAL_qb1of3__C17_FCF_P_DYN_qmax4__v0,MOM_qb2of3__ACCRUAL_qb1of3,C17_FCF_P_DYN_qmax4,0.1349042371085527,0.13564208643476539,-0.0007378493262126806,-0.6628361825086677,0.47320061255742724,20.06,38.18702290076336
ROE_qb2of3__FCF_P_qb2of3__C16_FCF_P_DYN_riseq2__v0,ROE_qb2of3__FCF_P_qb2of3,C16_FCF_P_DYN_riseq2,0.1348980809192224,0.12202542765864322,0.012872653260579181,-0.5429163928204532,0.489723420451662,20.51,114.02554744525547
P_IC_qb1of3__None__C9_EPS_DYN_riseq2__v0,P_IC_qb1of3__None,C9_EPS_DYN_riseq2,0.1348872484841852,0.10774864588230604,0.02713860260187917,-0.582107733142455,0.5046999276934201,18.57,240.02919708029196
EV_S_qb1of3__OCF_E_qb1of3__C12_EPS_DYN_yoy__v0,EV_S_qb1of3__OCF_E_qb1of3,C12_EPS_DYN_yoy,0.13487163472393027,0.11166086551822496,0.023210769205705306,-0.6070319324964124,0.4816870144284129,20.18,87.432
ROE_qb2of3__DEBTRATIO_qb0of3__C14_EPS_DYN_ytdavg_gt_lyavg__v0,ROE_qb2of3__DEBTRATIO_qb0of3,C14_EPS_DYN_ytdavg_gt_lyavg,0.1348326008625096,0.10886193919574749,0.025970661666762096,-0.5041428173585969,0.4643444871091607,18.26,93.64912280701755
PS_qb1of3__ROE_qb2of3__C8_EPS_DYN_riseq1__v0,PS_qb1of3__ROE_qb2of3,C8_EPS_DYN_riseq1,0.13477299239374774,0.11938211139414667,0.015390880999601064,-0.5807630111181528,0.492,18.99,103.1859649122807
PS_qb0of3__DEBTRATIO_qb0of3__C15_FCF_P_DYN_riseq1__v0,PS_qb0of3__DEBTRATIO_qb0of3,C15_FCF_P_DYN_riseq1,0.1347515017186025,0.16454566385826408,-0.029794162139661573,-0.5465024753245975,0.4905768132495717,19.15,25.59298245614035
FCF_OI_qb1of3__DEBTRATIO_qb2of3__C8_EPS_DYN_riseq1__v0,FCF_OI_qb1of3__DEBTRATIO_qb2of3,C8_EPS_DYN_riseq1,0.1346573543392373,0.11211067470469849,0.022546679634538824,-0.5612320961222208,0.4706706356154789,17.18,87.9859649122807
ROE_qb0of3__EV_EBITDA_qb1of3__C6_ROE_DYN_ytdavg_gt_lyytdavg__v0,ROE_qb0of3__EV_EBITDA_qb1of3,C6_ROE_DYN_ytdavg_gt_lyytdavg,0.13465181799824633,0.12350332831042143,0.011148489687824892,-0.6221132587814151,0.4741818181818182,16.32,20.76140350877193
MOM_qb2of3__FCF_OI_qb2of3__C16_FCF_P_DYN_riseq2__v0,MOM_qb2of3__FCF_OI_qb2of3,C16_FCF_P_DYN_riseq2,0.13464261862451354,0.13351239190976916,0.0011302267147443867,-0.6803889476764,0.4924662087303346,19.32,114.87226277372262
PB_qb1of3__DEBTRATIO_qb1of3__C12_EPS_DYN_yoy__v0,PB_qb1of3__DEBTRATIO_qb1of3,C12_EPS_DYN_yoy,0.13463918573201217,0.10213199884253421,0.03250718688947796,-0.6089884775686863,0.4832109129066107,20.63,83.292
PB_qb1of3__ACCRUAL_qb1of3__C1_ROE_DYN_riseq1__v0,PB_qb1of3__ACCRUAL_qb1of3,C1_ROE_DYN_riseq1,0.13463715163837775,0.10392799967158028,0.030709151966797466,-0.6180080467843979,0.4983469636331999,19.09,81.06666666666666
ROIC_qb1of3__DEBTRATIO_qb2of3__C18_FCF_P_DYN_qmax8__v0,ROIC_qb1of3__DEBTRATIO_qb2of3,C18_FCF_P_DYN_qmax8,0.1346350754832515,0.11680265302092874,0.01783242246232275,-0.636655146818689,0.4756986634264885,24.71,21.858369098712448
ROE_qb2of3__NETDEBT_EBITDA_qb2of3__C16_FCF_P_DYN_riseq2__v0,ROE_qb2of3__NETDEBT_EBITDA_qb2of3,C16_FCF_P_DYN_riseq2,0.13463417402434952,0.12573108691877288,0.008903087105576635,-0.5650027127788328,0.4772234273318872,20.1,43.78832116788321
OCF_E_qb2of3__ROE_qb2of3__C6_ROE_DYN_ytdavg_gt_lyytdavg__v0,OCF_E_qb2of3__ROE_qb2of3,C6_ROE_DYN_ytdavg_gt_lyytdavg,0.1346056552984456,0.11168724670811869,0.0229184085903269,-0.3814417388413761,0.4647532729103726,19.3,158.1017543859649
OCF_E_qb2of3__EV_EBITDA_qb1of3__C8_EPS_DYN_riseq1__v0,OCF_E_qb2of3__EV_EBITDA_qb1of3,C8_EPS_DYN_riseq1,0.13458547642336494,0.12133006898882948,0.01325540743453546,-0.6232999754845194,0.49554896142433236,19.21,103.45614035087719
MOM_qb2of3__ACCRUAL_qb1of3__C15_FCF_P_DYN_riseq1__v0,MOM_qb2of3__ACCRUAL_qb1of3,C15_FCF_P_DYN_riseq1,0.13451689600479466,0.13564208643476539,-0.0011251904299707238,-0.6705568049049735,0.4766731256521091,18.18,74.59649122807018
EV_EBITDA_qb1of3__DEBTRATIO_qb2of3__None__v0,EV_EBITDA_qb1of3__DEBTRATIO_qb2of3,None,0.13449319651294744,0.13449319651294744,0.0,-0.5814028927430606,0.4829067170589246,19.86,136.07407407407408
ROE_qb2of3__DEBTRATIO_qb2of3__C7_ROE_DYN_ytdavg_gt_lyavg__v0,ROE_qb2of3__DEBTRATIO_qb2of3,C7_ROE_DYN_ytdavg_gt_lyavg,0.13448866457942543,0.11194290084226521,0.022545763737160218,-0.3790262328785512,0.4663951120162933,17.29,99.07368421052631
MOM_qb2of3__ROE_qb1of3__C16_FCF_P_DYN_riseq2__v0,MOM_qb2of3__ROE_qb1of3,C16_FCF_P_DYN_riseq2,0.13444193053294917,0.142453064325746,-0.008011133792796832,-0.6518446796874456,0.4875085557837098,18.39,74.55474452554745
EV_S_qb1of3__DEBTRATIO_qb1of3__C12_EPS_DYN_yoy__v0,EV_S_qb1of3__DEBTRATIO_qb1of3,C12_EPS_DYN_yoy,0.13443143621359566,0.11155677487762738,0.02287466133596827,-0.6469534096841827,0.4716623191842542,21.5,93.392
PB_qb1of3__None__C7_ROE_DYN_ytdavg_gt_lyavg__v0,PB_qb1of3__None,C7_ROE_DYN_ytdavg_gt_lyavg,0.13442916245413805,0.1059915100055453,0.028437652448592754,-0.5760468615428731,0.4905861930831887,17.61,200.57894736842104
DEBTRATIO_qb1of3__FCF_P_qb2of3__C10_EPS_DYN_qmax4__v0,DEBTRATIO_qb1of3__FCF_P_qb2of3,C10_EPS_DYN_qmax4,0.1343905948349029,0.12036397930429055,0.014026615530612352,-0.5742476792159256,0.4984062590553463,18.58,47.80916030534351
P_IC_qb1of3__DEBTRATIO_qb1of3__C7_ROE_DYN_ytdavg_gt_lyavg__v0,P_IC_qb1of3__DEBTRATIO_qb1of3,C7_ROE_DYN_ytdavg_gt_lyavg,0.13437834272138116,0.10457322351498388,0.02980511920639728,-0.5882849735137499,0.4761357101782634,17.41,82.51929824561404
MOM_qb2of3__DEBTRATIO_qb0of3__None__v0,MOM_qb2of3__DEBTRATIO_qb0of3,None,0.13434664389931616,0.13434664389931616,0.0,-0.6905862015633975,0.46826384567517115,17.49,142.34006734006735
PB_qb1of3__FCF_P_qb1of3__C3_ROE_DYN_qmax4__v0,PB_qb1of3__FCF_P_qb1of3,C3_ROE_DYN_qmax4,0.1343402418862336,0.10479620641868093,0.029544035467552687,-0.7048005735664784,0.5195704883962591,17.36,39.86259541984733
PS_qb0of3__ROIC_qb1of3__C17_FCF_P_DYN_qmax4__v0,PS_qb0of3__ROIC_qb1of3,C17_FCF_P_DYN_qmax4,0.1343156897668727,0.16094874682218596,-0.02663305705531327,-0.5604627862476937,0.47758486654573723,18.86,50.969465648854964
MOM_qb1of3__ROE_qb2of3__C13_EPS_DYN_ytdavg_gt_lyytdavg__v0,MOM_qb1of3__ROE_qb2of3,C13_EPS_DYN_ytdavg_gt_lyytdavg,0.1342750045169525,0.10831556437834422,0.025959440138608292,-0.5944769335270498,0.5241854215653342,19.32,79.39298245614034
EV_S_qb0of3__ROE_qb2of3__C15_FCF_P_DYN_riseq1__v0,EV_S_qb0of3__ROE_qb2of3,C15_FCF_P_DYN_riseq1,0.13422980999615963,0.16125483918444772,-0.027025029188288086,-0.5229577161347893,0.47718106559116963,17.89,63.4280701754386
P_IC_qb1of3__NETDEBT_EBITDA_qb1of3__C12_EPS_DYN_yoy__v0,P_IC_qb1of3__NETDEBT_EBITDA_qb1of3,C12_EPS_DYN_yoy,0.13422939981297244,0.11371455528078345,0.02051484453218899,-0.5782019353154392,0.48183511877037727,20.48,94.496
PS_qb0of3__DEBTRATIO_qb1of3__C16_FCF_P_DYN_riseq2__v0,PS_qb0of3__DEBTRATIO_qb1of3,C16_FCF_P_DYN_riseq2,0.13422909044539622,0.16164172783718755,-0.02741263739179134,-0.5535793980676574,0.49727294285036755,20.29,81.93430656934306
PB_qb1of3__ACCRUAL_qb1of3__C12_EPS_DYN_yoy__v0,PB_qb1of3__ACCRUAL_qb1of3,C12_EPS_DYN_yoy,0.1342288628520627,0.10392799967158028,0.030300863180482418,-0.6345861860898808,0.4863572993427604,19.35,79.408
P_IC_qb0of3__DEBTRATIO_qb1of3__C15_FCF_P_DYN_riseq1__v0,P_IC_qb0of3__DEBTRATIO_qb1of3,C15_FCF_P_DYN_riseq1,0.1342241668204125,0.17820977128879134,-0.04398560446837885,-0.619371486322115,0.4860813704496788,20.19,64.08070175438597
PB_qb1of3__FCF_P_qb1of3__C7_ROE_DYN_ytdavg_gt_lyavg__v0,PB_qb1of3__FCF_P_qb1of3,C7_ROE_DYN_ytdavg_gt_lyavg,0.13421460036761568,0.10479620641868093,0.02941839394893475,-0.6282608110209692,0.49203049203049204,17.73,65.0140350877193
FCF_OI_qb1of3__None__C14_EPS_DYN_ytdavg_gt_lyavg__v0,FCF_OI_qb1of3__None,C14_EPS_DYN_ytdavg_gt_lyavg,0.13417357005171038,0.10865218632260909,0.025521383729101288,-0.5388364801797376,0.4690265486725664,17.31,248.93684210526317
P_IC_qb1of3__DEBTRATIO_qb1of3__C12_EPS_DYN_yoy__v0,P_IC_qb1of3__DEBTRATIO_qb1of3,C12_EPS_DYN_yoy,0.13416467722099235,0.10457322351498388,0.029591453706008464,-0.6213544545041293,0.4794996525364837,20.53,96.528
DEBTRATIO_qb2of3__FCF_P_qb2of3__None__v0,DEBTRATIO_qb2of3__FCF_P_qb2of3,None,0.13414183650936895,0.13414183650936895,0.0,-0.5844881495089496,0.4827171297309123,20.33,172.3030303030303
PS_qb0of3__DEBTRATIO_qb0of3__C20_FCF_P_DYN_ytdavg_gt_lyytdavg__v0,PS_qb0of3__DEBTRATIO_qb0of3,C20_FCF_P_DYN_ytdavg_gt_lyytdavg,0.13412406465776727,0.16454566385826408,-0.030421599200496807,-0.5436546752514817,0.531592249368155,18.02,26.4140350877193
P_IC_qb1of3__OCF_E_qb1of3__C6_ROE_DYN_ytdavg_gt_lyytdavg__v0,P_IC_qb1of3__OCF_E_qb1of3,C6_ROE_DYN_ytdavg_gt_lyytdavg,0.1341057333494795,0.10858375215866056,0.025521981190818943,-0.5554113025062065,0.49075420735508,18.46,79.7578947368421
ROE_qb2of3__FCF_OI_qb2of3__C7_ROE_DYN_ytdavg_gt_lyavg__v0,ROE_qb2of3__FCF_OI_qb2of3,C7_ROE_DYN_ytdavg_gt_lyavg,0.13408513714707548,0.10612897361205387,0.027956163535021616,-0.4928646984369819,0.46542333718435386,18.81,91.10175438596491
EV_EBITDA_qb0of3__ROIC_qb2of3__C17_FCF_P_DYN_qmax4__v0,EV_EBITDA_qb0of3__ROIC_qb2of3,C17_FCF_P_DYN_qmax4,0.1340657770938103,0.17195031758070844,-0.037884540486898155,-0.5150316570586553,0.46508728179551123,21.73,31.30916030534351
PS_qb1of3__DEBTRATIO_qb0of3__C4_ROE_DYN_qmax8__v0,PS_qb1of3__DEBTRATIO_qb0of3,C4_ROE_DYN_qmax8,0.13405513828549953,0.12634493133806424,0.007710206947435294,-0.7483803332901864,0.5173688100517368,19.79,22.476394849785407
EV_EBITDA_qb1of3__None__C13_EPS_DYN_ytdavg_gt_lyytdavg__v0,EV_EBITDA_qb1of3__None,C13_EPS_DYN_ytdavg_gt_lyytdavg,0.13403161055529056,0.12168343275173998,0.012348177803550575,-0.5657955182762366,0.4872462259239979,18.67,256.1438596491228
ROE_qb2of3__DEBTRATIO_qb0of3__C19_FCF_P_DYN_yoy__v0,ROE_qb2of3__DEBTRATIO_qb0of3,C19_FCF_P_DYN_yoy,0.13389226578536806,0.10886193919574749,0.025030326589620566,-0.628799443302082,0.5166889185580774,23.11,68.024
PB_qb1of3__FCF_P_qb1of3__C12_EPS_DYN_yoy__v0,PB_qb1of3__FCF_P_qb1of3,C12_EPS_DYN_yoy,0.13385675801144692,0.10479620641868093,0.029060551592765993,-0.6619685042040194,0.4912920210611584,19.8,76.284
PS_qb1of3__ROE_qb1of3__C9_EPS_DYN_riseq2__v0,PS_qb1of3__ROE_qb1of3,C9_EPS_DYN_riseq2,0.13383947922036787,0.1012338625934468,0.032605616626921075,-0.607932892045338,0.5097147581645308,18.62,83.9051094890511
PB_qb0of3__PS_qb0of3__C18_FCF_P_DYN_qmax8__v0,PB_qb0of3__PS_qb0of3,C18_FCF_P_DYN_qmax8,0.13382048854764395,0.19552828855051252,-0.061707800002868574,-0.6276098524239713,0.47859262399321745,22.34,33.6137339055794
OCF_E_qb2of3__DEBTRATIO_qb2of3__C6_ROE_DYN_ytdavg_gt_lyytdavg__v0,OCF_E_qb2of3__DEBTRATIO_qb2of3,C6_ROE_DYN_ytdavg_gt_lyytdavg,0.1338176814248082,0.11692725396958026,0.016890427455227952,-0.44682263589276505,0.47021643363340354,17.82,94.2280701754386
P_IC_qb1of3__NETDEBT_EBITDA_qb0of3__C15_FCF_P_DYN_riseq1__v0,P_IC_qb1of3__NETDEBT_EBITDA_qb0of3,C15_FCF_P_DYN_riseq1,0.13379864895514815,0.14111189279231584,-0.007313243837167693,-0.5930597971802078,0.4688476383017828,19.57,78.9719298245614
PB_qb1of3__DEBTRATIO_qb0of3__C1_ROE_DYN_riseq1__v0,PB_qb1of3__DEBTRATIO_qb0of3,C1_ROE_DYN_riseq1,0.13378965034442936,0.1073186532581396,0.02647099708628975,-0.5926636722499382,0.48654658661329775,20.42,73.03859649122808
EV_S_qb1of3__DEBTRATIO_qb2of3__C1_ROE_DYN_riseq1__v0,EV_S_qb1of3__DEBTRATIO_qb2of3,C1_ROE_DYN_riseq1,0.133760719391959,0.11423945981814065,0.01952125957381834,-0.6081618408356625,0.46113033448673585,19.3,72.47719298245615
EV_S_qb1of3__OCF_E_qb2of3__C6_ROE_DYN_ytdavg_gt_lyytdavg__v0,EV_S_qb1of3__OCF_E_qb2of3,C6_ROE_DYN_ytdavg_gt_lyytdavg,0.13375969297786017,0.12024507725315203,0.013514615724708134,-0.5674080238411734,0.4750103263114416,19.19,79.11578947368422
OCF_E_qb2of3__ROIC_qb2of3__C19_FCF_P_DYN_yoy__v0,OCF_E_qb2of3__ROIC_qb2of3,C19_FCF_P_DYN_yoy,0.13375792072026438,0.10550033079483523,0.02825758992542915,-0.5972798154044405,0.5015563101301641,24.32,115.08
P_IC_qb0of3__OCF_E_qb2of3__C15_FCF_P_DYN_riseq1__v0,P_IC_qb0of3__OCF_E_qb2of3,C15_FCF_P_DYN_riseq1,0.13375704032021885,0.18169077162055913,-0.04793373130034029,-0.5556758840678748,0.49668098399062866,19.3,67.74385964912281
EV_S_qb1of3__ACCRUAL_qb0of3__C6_ROE_DYN_ytdavg_gt_lyytdavg__v0,EV_S_qb1of3__ACCRUAL_qb0of3,C6_ROE_DYN_ytdavg_gt_lyytdavg,0.13373522107514724,0.11933321896314197,0.014402002112005263,-0.6136225508648075,0.4771739130434783,18.8,67.93333333333334
PB_qb1of3__ACCRUAL_qb1of3__C2_ROE_DYN_riseq2__v0,PB_qb1of3__ACCRUAL_qb1of3,C2_ROE_DYN_riseq2,0.13373005634511448,0.10392799967158028,0.029802056673534194,-0.5909791225713226,0.5010355865185464,18.7,80.84671532846716
P_IC_qb1of3__FCF_OI_qb1of3__C13_EPS_DYN_ytdavg_gt_lyytdavg__v0,P_IC_qb1of3__FCF_OI_qb1of3,C13_EPS_DYN_ytdavg_gt_lyytdavg,0.13371789876293438,0.1162649322304854,0.017452966532448988,-0.5734925367782512,0.48416988416988416,17.38,84.11228070175439
ACCRUAL_qb1of3__FCF_OI_qb1of3__C13_EPS_DYN_ytdavg_gt_lyytdavg__v0,ACCRUAL_qb1of3__FCF_OI_qb1of3,C13_EPS_DYN_ytdavg_gt_lyytdavg,0.13362404367814018,0.11215386819556161,0.02147017548257857,-0.5637458650814309,0.4750990866793038,17.93,78.9859649122807
PB_qb1of3__ACCRUAL_qb1of3__C13_EPS_DYN_ytdavg_gt_lyytdavg__v0,PB_qb1of3__ACCRUAL_qb1of3,C13_EPS_DYN_ytdavg_gt_lyytdavg,0.13360753178231644,0.10392799967158028,0.02967953211073615,-0.6041717831286211,0.48578391551584077,18.93,76.63508771929824
PS_qb0of3__DEBTRATIO_qb2of3__C20_FCF_P_DYN_ytdavg_gt_lyytdavg__v0,PS_qb0of3__DEBTRATIO_qb2of3,C20_FCF_P_DYN_ytdavg_gt_lyytdavg,0.13357437914322867,0.16192316720535427,-0.028348788062125596,-0.6113504150833444,0.5125651967757231,17.41,126.42807017543859
P_IC_qb0of3__FCF_OI_qb1of3__C15_FCF_P_DYN_riseq1__v0,P_IC_qb0of3__FCF_OI_qb1of3,C15_FCF_P_DYN_riseq1,0.13356189657912831,0.1841328203450041,-0.0505709237658758,-0.6093611442063336,0.4650477016478751,16.8,77.22456140350877
EV_S_qb1of3__OCF_E_qb1of3__C1_ROE_DYN_riseq1__v0,EV_S_qb1of3__OCF_E_qb1of3,C1_ROE_DYN_riseq1,0.13352034937441593,0.11166086551822496,0.021859483856190964,-0.5868057822100957,0.4924021985127708,19.29,89.15087719298245
ROE_qb2of3__ROIC_qb2of3__C16_FCF_P_DYN_riseq2__v0,ROE_qb2of3__ROIC_qb2of3,C16_FCF_P_DYN_riseq2,0.13351375604019622,0.10497732735766574,0.02853642868253048,-0.5922661465960435,0.4900018864365214,21.05,195.02189781021897
NETDEBT_EBITDA_qb2of3__None__C1_ROE_DYN_riseq1__v0,NETDEBT_EBITDA_qb2of3__None,C1_ROE_DYN_riseq1,0.13351311271331312,0.11310247772162718,0.02041063499168594,-0.5863800938829028,0.46714570858283433,18.51,243.5157894736842
MOM_qb2of3__FCF_OI_qb2of3__None__v0,MOM_qb2of3__FCF_OI_qb2of3,None,0.13351239190976916,0.13351239190976916,0.0,-0.6777403399127256,0.48227183191070255,18.24,147.22222222222223
MOM_qb2of3__NETDEBT_EBITDA_qb1of3__C20_FCF_P_DYN_ytdavg_gt_lyytdavg__v0,MOM_qb2of3__NETDEBT_EBITDA_qb1of3,C20_FCF_P_DYN_ytdavg_gt_lyytdavg,0.13345662932158553,0.14096998093909052,-0.007513351617504993,-0.6582302548324692,0.4867818117729997,18.63,78.89122807017544
ROE_qb2of3__ACCRUAL_qb0of3__C17_FCF_P_DYN_qmax4__v0,ROE_qb2of3__ACCRUAL_qb0of3,C17_FCF_P_DYN_qmax4,0.13343939250592407,0.11508661275557497,0.018352779750349102,-0.5870765688686463,0.4623038652889399,20.32,31.916030534351144
OCF_E_qb1of3__FCF_OI_qb1of3__C14_EPS_DYN_ytdavg_gt_lyavg__v0,OCF_E_qb1of3__FCF_OI_qb1of3,C14_EPS_DYN_ytdavg_gt_lyavg,0.13340837435612052,0.10728376775503445,0.026124606601086064,-0.5468026989649535,0.4786370056497175,17.56,79.2
PB_qb1of3__FCF_P_qb1of3__C5_ROE_DYN_yoy__v0,PB_qb1of3__FCF_P_qb1of3,C5_ROE_DYN_yoy,0.1334051774493603,0.10479620641868093,0.028608971030679387,-0.6519183184338455,0.4859096560298384,20.04,74.504
MOM_qb1of3__ROE_qb2of3__C9_EPS_DYN_riseq2__v0,MOM_qb1of3__ROE_qb2of3,C9_EPS_DYN_riseq2,0.13339596013486044,0.10831556437834422,0.025080395756516216,-0.6385544398959375,0.5430381702982537,20.05,85.66423357664233
P_IC_qb1of3__OCF_E_qb1of3__C1_ROE_DYN_riseq1__v0,P_IC_qb1of3__OCF_E_qb1of3,C1_ROE_DYN_riseq1,0.13337901668531593,0.10858375215866056,0.02479526452665537,-0.5862392737306923,0.50326069667568,18.81,90.99649122807017
PB_qb0of3__ROE_qb1of3__C18_FCF_P_DYN_qmax8__v0,PB_qb0of3__ROE_qb1of3,C18_FCF_P_DYN_qmax8,0.1333707055820399,0.18183368727864435,-0.04846298169660446,-0.588574931503026,0.4945807187678266,26.61,23.38197424892704
PS_qb1of3__NETDEBT_EBITDA_qb1of3__C9_EPS_DYN_riseq2__v0,PS_qb1of3__NETDEBT_EBITDA_qb1of3,C9_EPS_DYN_riseq2,0.13336966614140078,0.10068019804438966,0.03268946809701112,-0.5966018080311661,0.49660135945621753,20.86,100.56204379562044
ROE_qb2of3__ROIC_qb1of3__C17_FCF_P_DYN_qmax4__v0,ROE_qb2of3__ROIC_qb1of3,C17_FCF_P_DYN_qmax4,0.13331890138032731,0.12028408152058989,0.013034819859737423,-0.5532546539622407,0.47391304347826085,20.79,14.973282442748092
MOM_qb2of3__OCF_E_qb1of3__None__v0,MOM_qb2of3__OCF_E_qb1of3,None,0.13329269559525958,0.13329269559525958,0.0,-0.6785539576156003,0.48255576435983333,17.81,149.82154882154882
PS_qb1of3__MOM_qb2of3__C15_FCF_P_DYN_riseq1__v0,PS_qb1of3__MOM_qb2of3,C15_FCF_P_DYN_riseq1,0.1332592674569042,0.12985143618864448,0.00340783126825972,-0.7017374155110792,0.46300793265339163,19.01,70.67017543859649
P_IC_qb1of3__ACCRUAL_qb1of3__C7_ROE_DYN_ytdavg_gt_lyavg__v0,P_IC_qb1of3__ACCRUAL_qb1of3,C7_ROE_DYN_ytdavg_gt_lyavg,0.13325634711495793,0.10354097010952823,0.0297153770054297,-0.5964685132399677,0.4906629318394024,18.5,68.6421052631579
ROE_qb1of3__FCF_OI_qb1of3__C14_EPS_DYN_ytdavg_gt_lyavg__v0,ROE_qb1of3__FCF_OI_qb1of3,C14_EPS_DYN_ytdavg_gt_lyavg,0.13322824682170742,0.11311461277821944,0.020113634043487982,-0.5468126475705658,0.4663720215219062,16.2,80.87719298245614
PB_qb1of3__NETDEBT_EBITDA_qb1of3__C12_EPS_DYN_yoy__v0,PB_qb1of3__NETDEBT_EBITDA_qb1of3,C12_EPS_DYN_yoy,0.1332254588660453,0.11455350465136882,0.01867195421467649,-0.5290835024815835,0.48812729498164015,20.83,87.408
OCF_E_qb2of3__DEBTRATIO_qb2of3__C13_EPS_DYN_ytdavg_gt_lyytdavg__v0,OCF_E_qb2of3__DEBTRATIO_qb2of3,C13_EPS_DYN_ytdavg_gt_lyytdavg,0.13318401554599935,0.11692725396958026,0.016256761576419088,-0.4516116985465417,0.4702533969886155,18.02,99.6842105263158
P_IC_qb0of3__OCF_E_qb2of3__C20_FCF_P_DYN_ytdavg_gt_lyytdavg__v0,P_IC_qb0of3__OCF_E_qb2of3,C20_FCF_P_DYN_ytdavg_gt_lyytdavg,0.13317961388058808,0.18169077162055913,-0.048511157739971056,-0.6008430823253672,0.5127912288716309,18.16,69.39649122807018
EV_S_qb1of3__EV_EBITDA_qb1of3__C1_ROE_DYN_riseq1__v0,EV_S_qb1of3__EV_EBITDA_qb1of3,C1_ROE_DYN_riseq1,0.13316412385840826,0.11950687846175168,0.013657245396656581,-0.6218056665510738,0.49257884972170685,18.69,114.9298245614035
OCF_E_qb2of3__ACCRUAL_qb0of3__C1_ROE_DYN_riseq1__v0,OCF_E_qb2of3__ACCRUAL_qb0of3,C1_ROE_DYN_riseq1,0.13316066387965764,0.1085860393522513,0.02457462452740633,-0.5032046267681289,0.4685153090699018,18.8,173.78947368421052
MOM_qb2of3__FCF_P_qb0of3__C20_FCF_P_DYN_ytdavg_gt_lyytdavg__v0,MOM_qb2of3__FCF_P_qb0of3,C20_FCF_P_DYN_ytdavg_gt_lyytdavg,0.13313797028634133,0.12263642895378513,0.010501541332556208,-0.7160133349617568,0.4838376002068787,16.1,47.36842105263158
ROE_qb1of3__NETDEBT_EBITDA_qb2of3__C13_EPS_DYN_ytdavg_gt_lyytdavg__v0,ROE_qb1of3__NETDEBT_EBITDA_qb2of3,C13_EPS_DYN_ytdavg_gt_lyytdavg,0.13310684351652258,0.11002096666725647,0.023085876849266107,-0.5334368428533391,0.46959619952494064,19.46,84.25263157894737
MOM_qb1of3__ROE_qb2of3__C16_FCF_P_DYN_riseq2__v0,MOM_qb1of3__ROE_qb2of3,C16_FCF_P_DYN_riseq2,0.13308447975751414,0.10831556437834422,0.02476891537916992,-0.5899569928653807,0.5250288794763188,22.13,68.06569343065694
PS_qb1of3__OCF_E_qb1of3__C12_EPS_DYN_yoy__v0,PS_qb1of3__OCF_E_qb1of3,C12_EPS_DYN_yoy,0.13304484894357338,0.1057020349461224,0.027342813997450977,-0.6133985789856895,0.4854386603567528,20.48,90.816
OCF_E_qb2of3__EV_EBITDA_qb0of3__C20_FCF_P_DYN_ytdavg_gt_lyytdavg__v0,OCF_E_qb2of3__EV_EBITDA_qb0of3,C20_FCF_P_DYN_ytdavg_gt_lyytdavg,0.13303296778275775,0.15339211904025563,-0.020359151257497876,-0.545820153134662,0.5029915411594801,18.62,77.06315789473685
FCF_OI_qb1of3__FCF_P_qb2of3__C20_FCF_P_DYN_ytdavg_gt_lyytdavg__v0,FCF_OI_qb1of3__FCF_P_qb2of3,C20_FCF_P_DYN_ytdavg_gt_lyytdavg,0.13300689437728042,0.1661308330210336,-0.03312393864375318,-0.5944265956534212,0.4727272727272727,17.07,51.02456140350877
PS_qb1of3__FCF_OI_qb2of3__C5_ROE_DYN_yoy__v0,PS_qb1of3__FCF_OI_qb2of3,C5_ROE_DYN_yoy,0.1329649850025727,0.10173212465613313,0.031232860346439573,-0.62123794065939,0.4816397901690305,20.72,78.764
DEBTRATIO_qb2of3__NETDEBT_EBITDA_qb0of3__C19_FCF_P_DYN_yoy__v0,DEBTRATIO_qb2of3__NETDEBT_EBITDA_qb0of3,C19_FCF_P_DYN_yoy,0.13294711855467067,0.10863780237264198,0.024309316182028695,-0.5870881287506334,0.5051282051282051,21.83,25.372
ROE_qb2of3__FCF_OI_qb1of3__C19_FCF_P_DYN_yoy__v0,ROE_qb2of3__FCF_OI_qb1of3,C19_FCF_P_DYN_yoy,0.13288507318618104,0.1074915393951017,0.025393533791079337,-0.6115130606594634,0.5186125211505922,23.2,89.084
ROE_qb1of3__NETDEBT_EBITDA_qb2of3__C6_ROE_DYN_ytdavg_gt_lyytdavg__v0,ROE_qb1of3__NETDEBT_EBITDA_qb2of3,C6_ROE_DYN_ytdavg_gt_lyytdavg,0.13286473123761788,0.11002096666725647,0.022843764570361413,-0.5256063721994129,0.46159368269921036,19.26,83.47368421052632
EV_S_qb1of3__ACCRUAL_qb1of3__C9_EPS_DYN_riseq2__v0,EV_S_qb1of3__ACCRUAL_qb1of3,C9_EPS_DYN_riseq2,0.1328158521476308,0.11256341933953151,0.020252432808099297,-0.6610786756862683,0.5062990688333029,19.8,84.61678832116789
P_IC_qb0of3__PS_qb0of3__C18_FCF_P_DYN_qmax8__v0,P_IC_qb0of3__PS_qb0of3,C18_FCF_P_DYN_qmax8,0.13281406746254132,0.1876102576683254,-0.05479619020578408,-0.6237161686572277,0.47617315387413606,21.51,39.09442060085837
MOM_qb1of3__FCF_OI_qb1of3__C7_ROE_DYN_ytdavg_gt_lyavg__v0,MOM_qb1of3__FCF_OI_qb1of3,C7_ROE_DYN_ytdavg_gt_lyavg,0.1328051001503252,0.10997605163063406,0.022829048519691142,-0.6075704779385308,0.5179372197309418,17.81,65.88771929824561
ROE_qb2of3__FCF_OI_qb2of3__C14_EPS_DYN_ytdavg_gt_lyavg__v0,ROE_qb2of3__FCF_OI_qb2of3,C14_EPS_DYN_ytdavg_gt_lyavg,0.13277778002247986,0.10612897361205387,0.026648806410425996,-0.5272531118997247,0.4574484339190222,19.09,99.36491228070176
OCF_E_qb2of3__ROIC_qb2of3__C7_ROE_DYN_ytdavg_gt_lyavg__v0,OCF_E_qb2of3__ROIC_qb2of3,C7_ROE_DYN_ytdavg_gt_lyavg,0.13276870750376935,0.10550033079483523,0.027268376708934117,-0.36205964353853615,0.45755091245702195,19.34,145.4842105263158
EV_EBITDA_qb1of3__FCF_P_qb2of3__C2_ROE_DYN_riseq2__v0,EV_EBITDA_qb1of3__FCF_P_qb2of3,C2_ROE_DYN_riseq2,0.13276490320758194,0.12095020165403092,0.011814701553551021,-0.6425923963532567,0.5077103833161991,19.25,94.17518248175182
PS_qb1of3__OCF_E_qb1of3__C14_EPS_DYN_ytdavg_gt_lyavg__v0,PS_qb1of3__OCF_E_qb1of3,C14_EPS_DYN_ytdavg_gt_lyavg,0.1327510795935476,0.1057020349461224,0.02704904464742519,-0.5715715389601455,0.48859005704971475,19.15,81.49824561403508
FCF_OI_qb1of3__DEBTRATIO_qb1of3__C9_EPS_DYN_riseq2__v0,FCF_OI_qb1of3__DEBTRATIO_qb1of3,C9_EPS_DYN_riseq2,0.13272884201130575,0.1043803523024891,0.02834848970881665,-0.58519804327021,0.48449477351916376,19.31,92.83941605839416
PS_qb1of3__ACCRUAL_qb1of3__C6_ROE_DYN_ytdavg_gt_lyytdavg__v0,PS_qb1of3__ACCRUAL_qb1of3,C6_ROE_DYN_ytdavg_gt_lyytdavg,0.13270060835461295,0.10712139139531085,0.025579216959302098,-0.6214213042443701,0.4879594423320659,19.12,74.96491228070175
ROE_qb2of3__None__C19_FCF_P_DYN_yoy__v0,ROE_qb2of3__None,C19_FCF_P_DYN_yoy,0.13269932072833024,0.10857200626884822,0.02412731445948202,-0.5902257152931606,0.5031705227077977,23.13,224.14
PB_qb1of3__NETDEBT_EBITDA_qb1of3__C6_ROE_DYN_ytdavg_gt_lyytdavg__v0,PB_qb1of3__NETDEBT_EBITDA_qb1of3,C6_ROE_DYN_ytdavg_gt_lyytdavg,0.13269771522926965,0.11455350465136882,0.018144210577900832,-0.5431529429492974,0.49714457469191464,19.06,73.8140350877193
MOM_qb2of3__FCF_P_qb0of3__C19_FCF_P_DYN_yoy__v0,MOM_qb2of3__FCF_P_qb0of3,C19_FCF_P_DYN_yoy,0.1326891359514044,0.12263642895378513,0.010052706997619287,-0.731123507230726,0.469980879541109,19.72,32.996
EV_S_qb1of3__ACCRUAL_qb0of3__C13_EPS_DYN_ytdavg_gt_lyytdavg__v0,EV_S_qb1of3__ACCRUAL_qb0of3,C13_EPS_DYN_ytdavg_gt_lyytdavg,0.1326399357778809,0.11933321896314197,0.01330671681473894,-0.6171324341439606,0.48220711715313874,18.91,74.59298245614035
OCF_E_qb1of3__FCF_P_qb2of3__C1_ROE_DYN_riseq1__v0,OCF_E_qb1of3__FCF_P_qb2of3,C1_ROE_DYN_riseq1,0.13261699748173084,0.12040696135896067,0.012210036122770163,-0.5621495651987216,0.4982583674087536,18.98,84.51228070175439
ROE_qb2of3__NETDEBT_EBITDA_qb0of3__C14_EPS_DYN_ytdavg_gt_lyavg__v0,ROE_qb2of3__NETDEBT_EBITDA_qb0of3,C14_EPS_DYN_ytdavg_gt_lyavg,0.13259759711143104,0.10739791521726105,0.02519968189416999,-0.557376981905236,0.472484037701429,17.28,81.69122807017544
MOM_qb2of3__NETDEBT_EBITDA_qb1of3__C19_FCF_P_DYN_yoy__v0,MOM_qb2of3__NETDEBT_EBITDA_qb1of3,C19_FCF_P_DYN_yoy,0.13255784551456906,0.14096998093909052,-0.00841213542452146,-0.6633955464663025,0.48864227501300506,21.93,83.44
FCF_OI_qb1of3__DEBTRATIO_qb0of3__C17_FCF_P_DYN_qmax4__v0,FCF_OI_qb1of3__DEBTRATIO_qb0of3,C17_FCF_P_DYN_qmax4,0.13255567538231738,0.10607558667456085,0.026480088707756533,-0.6297034631701179,0.4149377593360996,18.09,22.82442748091603
PB_qb1of3__NETDEBT_EBITDA_qb1of3__C5_ROE_DYN_yoy__v0,PB_qb1of3__NETDEBT_EBITDA_qb1of3,C5_ROE_DYN_yoy,0.13255490573622408,0.11455350465136882,0.018001401084855262,-0.5734912609179796,0.49201853759011327,20.81,81.668
FCF_OI_qb1of3__DEBTRATIO_qb0of3__C14_EPS_DYN_ytdavg_gt_lyavg__v0,FCF_OI_qb1of3__DEBTRATIO_qb0of3,C14_EPS_DYN_ytdavg_gt_lyavg,0.13251127606065727,0.10607558667456085,0.026435689386096417,-0.5583995291302781,0.48358016741790083,17.4,79.0421052631579
PB_qb1of3__DEBTRATIO_qb0of3__C10_EPS_DYN_qmax4__v0,PB_qb1of3__DEBTRATIO_qb0of3,C10_EPS_DYN_qmax4,0.13245600946754021,0.1073186532581396,0.025137356209400608,-0.7383444104136391,0.5005880047040376,18.98,39.83587786259542
MOM_qb2of3__FCF_P_qb1of3__C19_FCF_P_DYN_yoy__v0,MOM_qb2of3__FCF_P_qb1of3,C19_FCF_P_DYN_yoy,0.1324518670489938,0.12449311185748302,0.007958755191510791,-0.6906824567902645,0.4817093448619887,20.04,80.844
EV_EBITDA_qb1of3__DEBTRATIO_qb2of3__C12_EPS_DYN_yoy__v0,EV_EBITDA_qb1of3__DEBTRATIO_qb2of3,C12_EPS_DYN_yoy,0.13242271766082392,0.13449319651294744,-0.002070478852123525,-0.5989664439647395,0.4839357429718876,20.88,89.176
PS_qb1of3__NETDEBT_EBITDA_qb1of3__C2_ROE_DYN_riseq2__v0,PS_qb1of3__NETDEBT_EBITDA_qb1of3,C2_ROE_DYN_riseq2,0.13240180662191614,0.10068019804438966,0.03172160857752648,-0.5977965281013349,0.5002069536423841,20.32,96.24087591240875
EV_S_qb1of3__ACCRUAL_qb1of3__C2_ROE_DYN_riseq2__v0,EV_S_qb1of3__ACCRUAL_qb1of3,C2_ROE_DYN_riseq2,0.1323824603904422,0.11256341933953151,0.019819041050910702,-0.666442084756498,0.5053269654665687,19.5,84.16788321167883
PB_qb1of3__ROIC_qb1of3__C1_ROE_DYN_riseq1__v0,PB_qb1of3__ROIC_qb1of3,C1_ROE_DYN_riseq1,0.13234892731962766,0.10263205495867078,0.02971687236095688,-0.6034901554956811,0.49720026350461133,18.33,93.96140350877192
MOM_qb2of3__FCF_OI_qb2of3__C20_FCF_P_DYN_ytdavg_gt_lyytdavg__v0,MOM_qb2of3__FCF_OI_qb2of3,C20_FCF_P_DYN_ytdavg_gt_lyytdavg,0.13234228468441778,0.13351239190976916,-0.00117010722535138,-0.6728971381517934,0.48063163089069827,18.5,97.98947368421052
MOM_qb2of3__OCF_E_qb1of3__C15_FCF_P_DYN_riseq1__v0,MOM_qb2of3__OCF_E_qb1of3,C15_FCF_P_DYN_riseq1,0.13232786592426704,0.13329269559525958,-0.0009648296709925397,-0.6809023569512529,0.47836060559718613,18.19,72.01754385964912
EV_EBITDA_qb1of3__ACCRUAL_qb0of3__C16_FCF_P_DYN_riseq2__v0,EV_EBITDA_qb1of3__ACCRUAL_qb0of3,C16_FCF_P_DYN_riseq2,0.13229610061365316,0.12987807961629594,0.0024180209973572175,-0.6000219327221346,0.4993637520450827,22.55,74.55109489051095
PS_qb1of3__NETDEBT_EBITDA_qb1of3__C4_ROE_DYN_qmax8__v0,PS_qb1of3__NETDEBT_EBITDA_qb1of3,C4_ROE_DYN_qmax8,0.13228968557560772,0.10068019804438966,0.03160948753121806,-0.6768535768182686,0.508991825613079,22.78,30.283261802575108
EV_S_qb0of3__EV_EBITDA_qb0of3__C17_FCF_P_DYN_qmax4__v0,EV_S_qb0of3__EV_EBITDA_qb0of3,C17_FCF_P_DYN_qmax4,0.1322860922046254,0.17809224021688452,-0.04580614801225913,-0.5348368730028068,0.4795944892123733,19.7,56.541984732824424
OCF_E_qb2of3__ACCRUAL_qb0of3__C13_EPS_DYN_ytdavg_gt_lyytdavg__v0,OCF_E_qb2of3__ACCRUAL_qb0of3,C13_EPS_DYN_ytdavg_gt_lyytdavg,0.13228602610007067,0.1085860393522513,0.023699986747819368,-0.46884970026756445,0.46626777662157476,19.4,182.2175438596491
ROE_qb2of3__None__C6_ROE_DYN_ytdavg_gt_lyytdavg__v0,ROE_qb2of3__None,C6_ROE_DYN_ytdavg_gt_lyytdavg,0.1322748661153348,0.10857200626884822,0.023702859846486568,-0.4231501140137909,0.460233918128655,18.49,290.4877192982456
ROIC_qb1of3__FCF_OI_qb1of3__C16_FCF_P_DYN_riseq2__v0,ROIC_qb1of3__FCF_OI_qb1of3,C16_FCF_P_DYN_riseq2,0.132266070528418,0.11961040076679486,0.012655669761623134,-0.6208722906431833,0.4823271817328746,19.14,90.54744525547446
EV_S_qb0of3__NETDEBT_EBITDA_qb2of3__C19_FCF_P_DYN_yoy__v0,EV_S_qb0of3__NETDEBT_EBITDA_qb2of3,C19_FCF_P_DYN_yoy,0.13225044245306217,0.1541547522146991,-0.02190430976163693,-0.6233279776526836,0.4896005282271377,18.98,63.396
PS_qb1of3__DEBTRATIO_qb1of3__C2_ROE_DYN_riseq2__v0,PS_qb1of3__DEBTRATIO_qb1of3,C2_ROE_DYN_riseq2,0.13224897978996197,0.09970663573273053,0.03254234405723144,-0.6072889481673553,0.4951515151515152,20.78,98.26277372262774
PB_qb1of3__None__C1_ROE_DYN_riseq1__v0,PB_qb1of3__None,C1_ROE_DYN_riseq1,0.13224781924487328,0.1059915100055453,0.02625630923932798,-0.5971593119860347,0.49103336763192706,18.32,233.32280701754385
ROIC_qb1of3__FCF_P_qb2of3__None__v0,ROIC_qb1of3__FCF_P_qb2of3,None,0.13214928588991603,0.13214928588991603,0.0,-0.5918658107233186,0.4971478718736288,20.96,175.42424242424244
ROE_qb2of3__ACCRUAL_qb1of3__C8_EPS_DYN_riseq1__v0,ROE_qb2of3__ACCRUAL_qb1of3,C8_EPS_DYN_riseq1,0.1321460155650973,0.10780358903293696,0.024342426532160344,-0.4993808871317815,0.4893648891551827,19.1,92.99649122807017
ROE_qb2of3__NETDEBT_EBITDA_qb0of3__C7_ROE_DYN_ytdavg_gt_lyavg__v0,ROE_qb2of3__NETDEBT_EBITDA_qb0of3,C7_ROE_DYN_ytdavg_gt_lyavg,0.1321240026697088,0.10739791521726105,0.024726087452447754,-0.5196286669638277,0.4735172851252775,17.47,73.0140350877193
P_IC_qb1of3__None__C14_EPS_DYN_ytdavg_gt_lyavg__v0,P_IC_qb1of3__None,C14_EPS_DYN_ytdavg_gt_lyavg,0.13209542536225616,0.10774864588230604,0.02434677947995012,-0.5607540831748306,0.4809536494405967,18.0,213.83157894736843
PS_qb0of3__DEBTRATIO_qb0of3__C17_FCF_P_DYN_qmax4__v0,PS_qb0of3__DEBTRATIO_qb0of3,C17_FCF_P_DYN_qmax4,0.1320691641681433,0.16454566385826408,-0.032476499690120786,-0.46462619771087577,0.46971201588877853,22.63,13.320610687022901
DEBTRATIO_qb2of3__None__C6_ROE_DYN_ytdavg_gt_lyytdavg__v0,DEBTRATIO_qb2of3__None,C6_ROE_DYN_ytdavg_gt_lyytdavg,0.13206590174044996,0.11247402988012434,0.019591871860325627,-0.5040534126679358,0.4656910569105691,17.79,237.4
ROE_qb2of3__None__C14_EPS_DYN_ytdavg_gt_lyavg__v0,ROE_qb2of3__None,C14_EPS_DYN_ytdavg_gt_lyavg,0.13203534478251244,0.10857200626884822,0.023463338513664223,-0.4339393855791275,0.4627834760515668,18.64,310.4035087719298
ROE_qb2of3__FCF_P_qb0of3__C8_EPS_DYN_riseq1__v0,ROE_qb2of3__FCF_P_qb0of3,C8_EPS_DYN_riseq1,0.1320307390795461,0.10634093976900005,0.025689799310546046,-0.5253602507320825,0.48515847727653866,20.07,78.69122807017544
MOM_qb1of3__FCF_OI_qb1of3__C1_ROE_DYN_riseq1__v0,MOM_qb1of3__FCF_OI_qb1of3,C1_ROE_DYN_riseq1,0.13197162924431716,0.10997605163063406,0.021995577613683093,-0.619561525544626,0.5194744976816075,19.45,77.75087719298246
OCF_E_qb2of3__None__C6_ROE_DYN_ytdavg_gt_lyytdavg__v0,OCF_E_qb2of3__None,C6_ROE_DYN_ytdavg_gt_lyytdavg,0.13196628859370563,0.10702478116805669,0.024941507425648934,-0.45599183268305166,0.4659151905528717,19.35,253.53333333333333
FCF_OI_qb1of3__NETDEBT_EBITDA_qb2of3__C8_EPS_DYN_riseq1__v0,FCF_OI_qb1of3__NETDEBT_EBITDA_qb2of3,C8_EPS_DYN_riseq1,0.131965078800516,0.11499305815386185,0.01697202064665415,-0.5946620423988631,0.47004152659679654,18.49,74.72280701754386
EV_S_qb0of3__ACCRUAL_qb0of3__C15_FCF_P_DYN_riseq1__v0,EV_S_qb0of3__ACCRUAL_qb0of3,C15_FCF_P_DYN_riseq1,0.1319171779718129,0.15433085717622674,-0.02241367920441384,-0.5801568478231658,0.4581351094196004,19.19,79.89824561403509
OCF_E_qb2of3__FCF_P_qb0of3__C8_EPS_DYN_riseq1__v0,OCF_E_qb2of3__FCF_P_qb0of3,C8_EPS_DYN_riseq1,0.13190397490654804,0.10663543740601678,0.025268537500531263,-0.5054613893366777,0.47580645161290325,20.03,71.12280701754386
ROE_qb2of3__FCF_OI_qb2of3__C2_ROE_DYN_riseq2__v0,ROE_qb2of3__FCF_OI_qb2of3,C2_ROE_DYN_riseq2,0.13189266387209542,0.10612897361205387,0.02576369026004155,-0.47922196339707346,0.475515818431912,19.9,108.22992700729927
P_IC_qb1of3__DEBTRATIO_qb0of3__C16_FCF_P_DYN_riseq2__v0,P_IC_qb1of3__DEBTRATIO_qb0of3,C16_FCF_P_DYN_riseq2,0.13187142141708796,0.1393426824369417,-0.007471261019853737,-0.5672975720882049,0.505719733079123,21.14,81.67883211678833
EV_S_qb1of3__DEBTRATIO_qb2of3__C7_ROE_DYN_ytdavg_gt_lyavg__v0,EV_S_qb1of3__DEBTRATIO_qb2of3,C7_ROE_DYN_ytdavg_gt_lyavg,0.13186523492365887,0.11423945981814065,0.017625775105518215,-0.5868598734975174,0.45809845922585496,18.61,63.47017543859649
P_IC_qb1of3__NETDEBT_EBITDA_qb1of3__C6_ROE_DYN_ytdavg_gt_lyytdavg__v0,P_IC_qb1of3__NETDEBT_EBITDA_qb1of3,C6_ROE_DYN_ytdavg_gt_lyytdavg,0.13183860401495928,0.11371455528078345,0.018124048734175835,-0.562832377425199,0.47694483734087695,18.75,81.08771929824562
ROE_qb2of3__None__C16_FCF_P_DYN_riseq2__v0,ROE_qb2of3__None,C16_FCF_P_DYN_riseq2,0.13183593244558356,0.10857200626884822,0.02326392617673534,-0.5927875095287328,0.4927464556544675,21.08,226.45620437956205
EV_S_qb1of3__DEBTRATIO_qb2of3__C14_EPS_DYN_ytdavg_gt_lyavg__v0,EV_S_qb1of3__DEBTRATIO_qb2of3,C14_EPS_DYN_ytdavg_gt_lyavg,0.1318296085643067,0.11423945981814065,0.017590148746166046,-0.5701618520001122,0.4558394160583942,19.39,68.05263157894737
P_IC_qb1of3__FCF_OI_qb1of3__C6_ROE_DYN_ytdavg_gt_lyytdavg__v0,P_IC_qb1of3__FCF_OI_qb1of3,C6_ROE_DYN_ytdavg_gt_lyytdavg,0.13181291391224415,0.1162649322304854,0.015547981681758749,-0.5876160733550889,0.4848851269649335,17.67,80.6421052631579
PS_qb0of3__ACCRUAL_qb0of3__C19_FCF_P_DYN_yoy__v0,PS_qb0of3__ACCRUAL_qb0of3,C19_FCF_P_DYN_yoy,0.13179934632975776,0.1648074184621935,-0.03300807213243573,-0.5999508793734372,0.48463928201587847,19.8,89.288
PS_qb1of3__ROIC_qb2of3__C6_ROE_DYN_ytdavg_gt_lyytdavg__v0,PS_qb1of3__ROIC_qb2of3,C6_ROE_DYN_ytdavg_gt_lyytdavg,0.13178854836541842,0.12120296701946254,0.010585581345955886,-0.5445865039228439,0.48588208719222953,18.77,98.17894736842105
OCF_E_qb1of3__FCF_OI_qb1of3__C8_EPS_DYN_riseq1__v0,OCF_E_qb1of3__FCF_OI_qb1of3,C8_EPS_DYN_riseq1,0.1317879657150236,0.10728376775503445,0.02450419795998915,-0.5715185815657259,0.48740650282399633,18.09,88.32982456140351
EV_EBITDA_qb1of3__ACCRUAL_qb0of3__C20_FCF_P_DYN_ytdavg_gt_lyytdavg__v0,EV_EBITDA_qb1of3__ACCRUAL_qb0of3,C20_FCF_P_DYN_ytdavg_gt_lyytdavg,0.1317857696290068,0.12987807961629594,0.0019076900127108498,-0.6015013321975178,0.5072195483154387,19.4,72.41052631578947
P_IC_qb0of3__DEBTRATIO_qb1of3__C19_FCF_P_DYN_yoy__v0,P_IC_qb0of3__DEBTRATIO_qb1of3,C19_FCF_P_DYN_yoy,0.1317714575875133,0.17820977128879134,-0.046438313701278044,-0.6196245843519556,0.5090531314930247,21.25,69.0
PS_qb1of3__ACCRUAL_qb1of3__C7_ROE_DYN_ytdavg_gt_lyavg__v0,PS_qb1of3__ACCRUAL_qb1of3,C7_ROE_DYN_ytdavg_gt_lyavg,0.13176232783835085,0.10712139139531085,0.024640936443039996,-0.6205216056424434,0.49698996655518396,18.64,70.57192982456141
FCF_OI_qb1of3__NETDEBT_EBITDA_qb0of3__C14_EPS_DYN_ytdavg_gt_lyavg__v0,FCF_OI_qb1of3__NETDEBT_EBITDA_qb0of3,C14_EPS_DYN_ytdavg_gt_lyavg,0.13174590329885105,0.10774462377156824,0.024001279527282815,-0.6087208483795119,0.4757521329142344,16.46,77.88421052631578
OCF_E_qb2of3__EV_EBITDA_qb1of3__C1_ROE_DYN_riseq1__v0,OCF_E_qb2of3__EV_EBITDA_qb1of3,C1_ROE_DYN_riseq1,0.13169264284904458,0.12133006898882948,0.010362573860215107,-0.6359203751169347,0.49157418824496507,19.09,99.67719298245613
P_IC_qb1of3__MOM_qb2of3__C20_FCF_P_DYN_ytdavg_gt_lyytdavg__v0,P_IC_qb1of3__MOM_qb2of3,C20_FCF_P_DYN_ytdavg_gt_lyytdavg,0.13168816839528463,0.14135123829913576,-0.00966306990385113,-0.6709248169822828,0.48611867174741424,16.46,74.3719298245614
MOM_qb2of3__NETDEBT_EBITDA_qb0of3__C17_FCF_P_DYN_qmax4__v0,MOM_qb2of3__NETDEBT_EBITDA_qb0of3,C17_FCF_P_DYN_qmax4,0.13165320606607445,0.141070955355993,-0.009417749289918564,-0.7111340899876206,0.46038394415357764,17.93,34.1412213740458
MOM_qb2of3__FCF_OI_qb0of3__C14_EPS_DYN_ytdavg_gt_lyavg__v0,MOM_qb2of3__FCF_OI_qb0of3,C14_EPS_DYN_ytdavg_gt_lyavg,0.1316459367302807,0.1129050553120563,0.018740881418224387,-0.668883716589493,0.46736875698101166,18.34,77.89473684210526
ROE_qb2of3__ACCRUAL_qb1of3__C1_ROE_DYN_riseq1__v0,ROE_qb2of3__ACCRUAL_qb1of3,C1_ROE_DYN_riseq1,0.1316219414651465,0.10780358903293696,0.023818352432209533,-0.5085653986005523,0.48668796592119273,18.96,90.70526315789473
MOM_qb1of3__FCF_OI_qb1of3__C6_ROE_DYN_ytdavg_gt_lyytdavg__v0,MOM_qb1of3__FCF_OI_qb1of3,C6_ROE_DYN_ytdavg_gt_lyytdavg,0.13159149946732862,0.10997605163063406,0.021615447836694557,-0.6124475484198264,0.5163225692606317,18.18,69.71929824561404
FCF_OI_qb1of3__NETDEBT_EBITDA_qb0of3__C8_EPS_DYN_riseq1__v0,FCF_OI_qb1of3__NETDEBT_EBITDA_qb0of3,C8_EPS_DYN_riseq1,0.13156580618791236,0.10774462377156824,0.023821182416344122,-0.6104202801264726,0.4879559532002753,16.95,86.56842105263158
MOM_qb1of3__FCF_OI_qb1of3__C8_EPS_DYN_riseq1__v0,MOM_qb1of3__FCF_OI_qb1of3,C8_EPS_DYN_riseq1,0.13155559437993314,0.10997605163063406,0.021579542749299074,-0.6156327337995893,0.5213009619789281,19.53,78.7719298245614
PB_qb1of3__ROIC_qb1of3__C8_EPS_DYN_riseq1__v0,PB_qb1of3__ROIC_qb1of3,C8_EPS_DYN_riseq1,0.13155075054141419,0.10263205495867078,0.028918695582743403,-0.5711113932900187,0.501657824933687,18.6,93.30526315789474
EV_S_qb0of3__OCF_E_qb2of3__C19_FCF_P_DYN_yoy__v0,EV_S_qb0of3__OCF_E_qb2of3,C19_FCF_P_DYN_yoy,0.13154903317006772,0.15462123639236114,-0.02307220322229342,-0.6191994368942207,0.49797719749908054,19.72,84.14
PS_qb1of3__ROE_qb1of3__C12_EPS_DYN_yoy__v0,PS_qb1of3__ROE_qb1of3,C12_EPS_DYN_yoy,0.1315438158069433,0.1012338625934468,0.0303099532134965,-0.5837339808475804,0.48531345900920647,20.74,82.928
EV_S_qb1of3__OCF_E_qb2of3__C7_ROE_DYN_ytdavg_gt_lyavg__v0,EV_S_qb1of3__OCF_E_qb2of3,C7_ROE_DYN_ytdavg_gt_lyavg,0.13152701754437834,0.12024507725315203,0.011281940291226311,-0.5716535653812336,0.47908174211542587,18.77,75.27368421052631
FCF_OI_qb1of3__None__C6_ROE_DYN_ytdavg_gt_lyytdavg__v0,FCF_OI_qb1of3__None,C6_ROE_DYN_ytdavg_gt_lyytdavg,0.13147714804080146,0.10865218632260909,0.02282496171819237,-0.5362807852051217,0.46993468958786877,17.63,243.3578947368421
OCF_E_qb2of3__ROE_qb2of3__C1_ROE_DYN_riseq1__v0,OCF_E_qb2of3__ROE_qb2of3,C1_ROE_DYN_riseq1,0.13146424491347508,0.11168724670811869,0.01977699820535639,-0.4523063612039012,0.4607521335459064,19.37,165.68421052631578
ROE_qb2of3__ACCRUAL_qb1of3__C7_ROE_DYN_ytdavg_gt_lyavg__v0,ROE_qb2of3__ACCRUAL_qb1of3,C7_ROE_DYN_ytdavg_gt_lyavg,0.1314452052620665,0.10780358903293696,0.023641616229129525,-0.42741664256973666,0.4865479348237969,18.25,78.8140350877193
PB_qb1of3__None__C13_EPS_DYN_ytdavg_gt_lyytdavg__v0,PB_qb1of3__None,C13_EPS_DYN_ytdavg_gt_lyytdavg,0.13138691863202134,0.1059915100055453,0.025395408626476046,-0.5665494566412124,0.48302839116719243,18.42,225.96842105263158
PB_qb1of3__FCF_P_qb1of3__C14_EPS_DYN_ytdavg_gt_lyavg__v0,PB_qb1of3__FCF_P_qb1of3,C14_EPS_DYN_ytdavg_gt_lyavg,0.13136652780795965,0.10479620641868093,0.026570321389278728,-0.6189383123700075,0.4873417721518987,18.18,69.05263157894737
OCF_E_qb2of3__ROIC_qb2of3__C20_FCF_P_DYN_ytdavg_gt_lyytdavg__v0,OCF_E_qb2of3__ROIC_qb2of3,C20_FCF_P_DYN_ytdavg_gt_lyytdavg,0.13136188688210115,0.10550033079483523,0.025861556087265924,-0.5904608992417537,0.5048543689320388,19.37,110.66315789473684
MOM_qb2of3__OCF_E_qb1of3__C19_FCF_P_DYN_yoy__v0,MOM_qb2of3__OCF_E_qb1of3,C19_FCF_P_DYN_yoy,0.1313510715755184,0.13329269559525958,-0.0019416240197411838,-0.6733148034284793,0.4943276609943277,18.62,78.0
PB_qb1of3__None__C8_EPS_DYN_riseq1__v0,PB_qb1of3__None,C8_EPS_DYN_riseq1,0.13132250212783658,0.1059915100055453,0.025330992122291285,-0.5905815121941997,0.4925613777940638,18.29,235.73333333333332
FCF_OI_qb2of3__DEBTRATIO_qb2of3__C13_EPS_DYN_ytdavg_gt_lyytdavg__v0,FCF_OI_qb2of3__DEBTRATIO_qb2of3,C13_EPS_DYN_ytdavg_gt_lyytdavg,0.1312685842737229,0.1079547255060096,0.023313858767713302,-0.5469796775676974,0.47721297107800176,20.36,72.64912280701755
FCF_OI_qb1of3__FCF_P_qb2of3__C17_FCF_P_DYN_qmax4__v0,FCF_OI_qb1of3__FCF_P_qb2of3,C17_FCF_P_DYN_qmax4,0.13125845798937386,0.1661308330210336,-0.03487237503165974,-0.6144066216203743,0.44540783558124597,20.7,37.217557251908396
EV_S_qb1of3__EV_EBITDA_qb1of3__C7_ROE_DYN_ytdavg_gt_lyavg__v0,EV_S_qb1of3__EV_EBITDA_qb1of3,C7_ROE_DYN_ytdavg_gt_lyavg,0.13122571800080673,0.11950687846175168,0.01171883953905506,-0.6071092458922511,0.4881951219512195,18.47,98.95087719298246
ROE_qb2of3__FCF_OI_qb2of3__C6_ROE_DYN_ytdavg_gt_lyytdavg__v0,ROE_qb2of3__FCF_OI_qb2of3,C6_ROE_DYN_ytdavg_gt_lyytdavg,0.13121755501276544,0.10612897361205387,0.025088581400711574,-0.4998493185119083,0.4629003701915339,18.98,93.78245614035087
PS_qb1of3__OCF_E_qb2of3__C6_ROE_DYN_ytdavg_gt_lyytdavg__v0,PS_qb1of3__OCF_E_qb2of3,C6_ROE_DYN_ytdavg_gt_lyytdavg,0.13120239171605497,0.10315298366883918,0.028049408047215785,-0.5152116519506653,0.47116590054325114,19.87,78.47368421052632
EV_S_qb1of3__EV_EBITDA_qb1of3__C8_EPS_DYN_riseq1__v0,EV_S_qb1of3__EV_EBITDA_qb1of3,C8_EPS_DYN_riseq1,0.1311877578173397,0.11950687846175168,0.011680879355588036,-0.6178380527677327,0.492985446440278,19.04,117.15087719298245
PS_qb1of3__ROE_qb1of3__C1_ROE_DYN_riseq1__v0,PS_qb1of3__ROE_qb1of3,C1_ROE_DYN_riseq1,0.13117743587760788,0.1012338625934468,0.029943573284161085,-0.5917134179558776,0.4893499816378994,19.37,84.84210526315789
PB_qb1of3__FCF_P_qb1of3__C11_EPS_DYN_qmax8__v0,PB_qb1of3__FCF_P_qb1of3,C11_EPS_DYN_qmax8,0.13117215917139102,0.10479620641868093,0.026375952752710097,-0.7451238376166053,0.5151315789473684,16.89,22.09442060085837
ROE_qb2of3__ROIC_qb2of3__C7_ROE_DYN_ytdavg_gt_lyavg__v0,ROE_qb2of3__ROIC_qb2of3,C7_ROE_DYN_ytdavg_gt_lyavg,0.1311484828385463,0.10497732735766574,0.02617115548088056,-0.40667558877529797,0.45840801265155506,18.66,243.7122807017544
PS_qb1of3__ROE_qb2of3__C6_ROE_DYN_ytdavg_gt_lyytdavg__v0,PS_qb1of3__ROE_qb2of3,C6_ROE_DYN_ytdavg_gt_lyytdavg,0.13114039916520515,0.11938211139414667,0.011758287771058473,-0.5581483882225493,0.4833801498127341,18.95,92.51929824561404
DEBTRATIO_qb2of3__FCF_P_qb0of3__C8_EPS_DYN_riseq1__v0,DEBTRATIO_qb2of3__FCF_P_qb0of3,C8_EPS_DYN_riseq1,0.1311232576877035,0.10901546451131372,0.02210779317638978,-0.5692496587731237,0.4776238254499124,19.63,93.48421052631579
PB_qb1of3__DEBTRATIO_qb0of3__C9_EPS_DYN_riseq2__v0,PB_qb1of3__DEBTRATIO_qb0of3,C9_EPS_DYN_riseq2,0.13110900170577988,0.1073186532581396,0.023790348447640275,-0.63965894362198,0.510904255319149,18.69,73.46715328467154
EV_S_qb1of3__DEBTRATIO_qb2of3__C13_EPS_DYN_ytdavg_gt_lyytdavg__v0,EV_S_qb1of3__DEBTRATIO_qb2of3,C13_EPS_DYN_ytdavg_gt_lyytdavg,0.13108385661352218,0.11423945981814065,0.016844396795381522,-0.5739522855435801,0.45412186379928315,19.36,70.51578947368421
PB_qb1of3__FCF_P_qb1of3__C1_ROE_DYN_riseq1__v0,PB_qb1of3__FCF_P_qb1of3,C1_ROE_DYN_riseq1,0.13107777941926835,0.10479620641868093,0.02628157300058742,-0.6851529383266475,0.5056037599421548,18.91,75.13333333333334
EV_S_qb0of3__None__C18_FCF_P_DYN_qmax8__v0,EV_S_qb0of3__None,C18_FCF_P_DYN_qmax8,0.13107605804798084,0.15703616256886455,-0.02596010452088371,-0.6049762000063594,0.4660933660933661,22.23,56.55364806866953
OCF_E_qb2of3__None__C14_EPS_DYN_ytdavg_gt_lyavg__v0,OCF_E_qb2of3__None,C14_EPS_DYN_ytdavg_gt_lyavg,0.13106385435911916,0.10702478116805669,0.024039073191062466,-0.47092220077497204,0.46794967799910137,19.46,265.2842105263158
MOM_qb2of3__None__C15_FCF_P_DYN_riseq1__v0,MOM_qb2of3__None,C15_FCF_P_DYN_riseq1,0.13099967541448287,0.11517070621059111,0.015828969203891763,-0.6910846495445044,0.46593063454890155,18.04,214.36491228070176
EV_EBITDA_qb0of3__None__C20_FCF_P_DYN_ytdavg_gt_lyytdavg__v0,EV_EBITDA_qb0of3__None,C20_FCF_P_DYN_ytdavg_gt_lyytdavg,0.13097990158436845,0.1454246752563002,-0.014444773671931754,-0.5837132512605923,0.4935808809006518,19.25,231.1017543859649
DEBTRATIO_qb2of3__None__C8_EPS_DYN_riseq1__v0,DEBTRATIO_qb2of3__None,C8_EPS_DYN_riseq1,0.1309615857343529,0.11247402988012434,0.018487555854228566,-0.5365993581249686,0.4676412364854576,18.39,261.2
ROE_qb2of3__DEBTRATIO_qb2of3__C13_EPS_DYN_ytdavg_gt_lyytdavg__v0,ROE_qb2of3__DEBTRATIO_qb2of3,C13_EPS_DYN_ytdavg_gt_lyytdavg,0.13093873850685145,0.11194290084226521,0.018995837664586235,-0.39947332395010926,0.45816825914705195,17.97,106.39649122807018
PB_qb1of3__MOM_qb2of3__C15_FCF_P_DYN_riseq1__v0,PB_qb1of3__MOM_qb2of3,C15_FCF_P_DYN_riseq1,0.13093767049925686,0.14055424123730442,-0.009616570738047558,-0.6787811479808783,0.4730905575249758,15.42,71.29473684210527
ROE_qb2of3__ROIC_qb2of3__C18_FCF_P_DYN_qmax8__v0,ROE_qb2of3__ROIC_qb2of3,C18_FCF_P_DYN_qmax8,0.13088107600832521,0.10497732735766574,0.025903748650659475,-0.6501123249469267,0.4591461690698332,27.12,45.527896995708154
DEBTRATIO_qb2of3__NETDEBT_EBITDA_qb0of3__C9_EPS_DYN_riseq2__v0,DEBTRATIO_qb2of3__NETDEBT_EBITDA_qb0of3,C9_EPS_DYN_riseq2,0.13086024207989855,0.10863780237264198,0.02222243970725657,-0.487392259146906,0.5238429172510519,18.16,31.974452554744527
OCF_E_qb2of3__ROE_qb2of3__C8_EPS_DYN_riseq1__v0,OCF_E_qb2of3__ROE_qb2of3,C8_EPS_DYN_riseq1,0.1308397870960949,0.11168724670811869,0.019152540387976202,-0.4552951164381227,0.463924287856072,19.35,171.16491228070174
P_IC_qb1of3__None__C7_ROE_DYN_ytdavg_gt_lyavg__v0,P_IC_qb1of3__None,C7_ROE_DYN_ytdavg_gt_lyavg,0.13083209660234352,0.10774864588230604,0.02308345072003748,-0.5808755474427976,0.4818509282349681,17.65,200.75087719298244
PS_qb1of3__ACCRUAL_qb1of3__C14_EPS_DYN_ytdavg_gt_lyavg__v0,PS_qb1of3__ACCRUAL_qb1of3,C14_EPS_DYN_ytdavg_gt_lyavg,0.13079292624080652,0.10712139139531085,0.023671534845495668,-0.6204705220449327,0.49200673117374844,19.34,75.64912280701755
EV_S_qb1of3__ACCRUAL_qb1of3__C5_ROE_DYN_yoy__v0,EV_S_qb1of3__ACCRUAL_qb1of3,C5_ROE_DYN_yoy,0.13077474613665974,0.11256341933953151,0.018211326797128224,-0.6440419272883586,0.48091603053435117,21.59,79.112
PS_qb1of3__MOM_qb2of3__C20_FCF_P_DYN_ytdavg_gt_lyytdavg__v0,PS_qb1of3__MOM_qb2of3,C20_FCF_P_DYN_ytdavg_gt_lyytdavg,0.13076686285092176,0.12985143618864448,0.0009154266622772855,-0.6788619964985634,0.4705240174672489,18.85,74.19649122807017
P_IC_qb1of3__MOM_qb2of3__C15_FCF_P_DYN_riseq1__v0,P_IC_qb1of3__MOM_qb2of3,C15_FCF_P_DYN_riseq1,0.1307441446156241,0.14135123829913576,-0.010607093683511648,-0.6664020206747387,0.472648055510731,16.85,71.33333333333333
PS_qb0of3__NETDEBT_EBITDA_qb0of3__C18_FCF_P_DYN_qmax8__v0,PS_qb0of3__NETDEBT_EBITDA_qb0of3,C18_FCF_P_DYN_qmax8,0.1307302545037461,0.1623346227872262,-0.03160436828348012,-0.6783709023018658,0.46346346346346345,19.97,13.437768240343347
FCF_OI_qb1of3__NETDEBT_EBITDA_qb0of3__C6_ROE_DYN_ytdavg_gt_lyytdavg__v0,FCF_OI_qb1of3__NETDEBT_EBITDA_qb0of3,C6_ROE_DYN_ytdavg_gt_lyytdavg,0.13062115624518778,0.10774462377156824,0.022876532473619537,-0.5769171111862399,0.4728079911209767,16.95,78.47719298245615
EV_EBITDA_qb1of3__DEBTRATIO_qb2of3__C19_FCF_P_DYN_yoy__v0,EV_EBITDA_qb1of3__DEBTRATIO_qb2of3,C19_FCF_P_DYN_yoy,0.1306062341866745,0.13449319651294744,-0.003886962326272947,-0.5950545328723728,0.50187265917603,22.68,72.624
PS_qb0of3__NETDEBT_EBITDA_qb2of3__C19_FCF_P_DYN_yoy__v0,PS_qb0of3__NETDEBT_EBITDA_qb2of3,C19_FCF_P_DYN_yoy,0.1305702166603382,0.16108156841581445,-0.030511351755476257,-0.6242108950170295,0.4946503630110814,19.18,115.244
EV_EBITDA_qb0of3__FCF_P_qb2of3__C20_FCF_P_DYN_ytdavg_gt_lyytdavg__v0,EV_EBITDA_qb0of3__FCF_P_qb2of3,C20_FCF_P_DYN_ytdavg_gt_lyytdavg,0.13053765009399698,0.1412545523155624,-0.010716902221565405,-0.5654314783418303,0.4768641320365458,20.32,111.43157894736842
PS_qb1of3__OCF_E_qb2of3__C12_EPS_DYN_yoy__v0,PS_qb1of3__OCF_E_qb2of3,C12_EPS_DYN_yoy,0.13052904662416087,0.10315298366883918,0.02737606295532169,-0.5823631692219728,0.48121304596604997,22.32,91.36
ROE_qb2of3__ACCRUAL_qb1of3__C6_ROE_DYN_ytdavg_gt_lyytdavg__v0,ROE_qb2of3__ACCRUAL_qb1of3,C6_ROE_DYN_ytdavg_gt_lyytdavg,0.13051895892821075,0.10780358903293696,0.022715369895273785,-0.4413043153881453,0.4858455882352941,18.6,82.44912280701755
EV_EBITDA_qb1of3__DEBTRATIO_qb2of3__C18_FCF_P_DYN_qmax8__v0,EV_EBITDA_qb1of3__DEBTRATIO_qb2of3,C18_FCF_P_DYN_qmax8,0.1304928073522036,0.13449319651294744,-0.004000389160743856,-0.6840877197435995,0.478486646884273,23.68,17.875536480686694
MOM_qb2of3__DEBTRATIO_qb1of3__C17_FCF_P_DYN_qmax4__v0,MOM_qb2of3__DEBTRATIO_qb1of3,C17_FCF_P_DYN_qmax4,0.13044572071999738,0.13517618077461835,-0.004730460054620966,-0.7006900027132554,0.4648107600875821,18.35,37.99236641221374
DEBTRATIO_qb2of3__None__C1_ROE_DYN_riseq1__v0,DEBTRATIO_qb2of3__None,C1_ROE_DYN_riseq1,0.13041970216127075,0.11247402988012434,0.017945672281146408,-0.5415775979287054,0.4668139907033453,18.14,256.95087719298243
P_IC_qb1of3__NETDEBT_EBITDA_qb0of3__C20_FCF_P_DYN_ytdavg_gt_lyytdavg__v0,P_IC_qb1of3__NETDEBT_EBITDA_qb0of3,C20_FCF_P_DYN_ytdavg_gt_lyytdavg,0.13041335896742057,0.14111189279231584,-0.010698533824895273,-0.6091808656605511,0.5159542444310656,19.61,81.52280701754385
DEBTRATIO_qb2of3__FCF_P_qb0of3__C13_EPS_DYN_ytdavg_gt_lyytdavg__v0,DEBTRATIO_qb2of3__FCF_P_qb0of3,C13_EPS_DYN_ytdavg_gt_lyytdavg,0.13040912702706509,0.10901546451131372,0.021393662515751366,-0.573435307791774,0.45967897892090503,19.4,90.06315789473685
NETDEBT_EBITDA_qb2of3__FCF_P_qb2of3__None__v0,NETDEBT_EBITDA_qb2of3__FCF_P_qb2of3,None,0.130367316892525,0.130367316892525,0.0,-0.6120600514582353,0.48550193656443,21.63,171.32323232323233
ROE_qb2of3__NETDEBT_EBITDA_qb0of3__C6_ROE_DYN_ytdavg_gt_lyytdavg__v0,ROE_qb2of3__NETDEBT_EBITDA_qb0of3,C6_ROE_DYN_ytdavg_gt_lyytdavg,0.13035904050830327,0.10739791521726105,0.022961125291042217,-0.5305976830671337,0.4676913425345044,17.94,76.9298245614035
FCF_OI_qb1of3__DEBTRATIO_qb1of3__C7_ROE_DYN_ytdavg_gt_lyavg__v0,FCF_OI_qb1of3__DEBTRATIO_qb1of3,C7_ROE_DYN_ytdavg_gt_lyavg,0.13035795144326023,0.1043803523024891,0.025977599140771135,-0.5352192260137297,0.4657534246575342,18.17,80.23859649122807
EV_EBITDA_qb1of3__FCF_P_qb2of3__C10_EPS_DYN_qmax4__v0,EV_EBITDA_qb1of3__FCF_P_qb2of3,C10_EPS_DYN_qmax4,0.13035691171804986,0.12095020165403092,0.009406710064018942,-0.6652049923233101,0.5169021190716448,18.21,52.969465648854964
FCF_OI_qb1of3__DEBTRATIO_qb2of3__C19_FCF_P_DYN_yoy__v0,FCF_OI_qb1of3__DEBTRATIO_qb2of3,C19_FCF_P_DYN_yoy,0.13034002292725666,0.11211067470469849,0.018229348222558173,-0.6174274505063103,0.4734356552538371,20.69,82.22
MOM_qb2of3__ACCRUAL_qb0of3__C18_FCF_P_DYN_qmax8__v0,MOM_qb2of3__ACCRUAL_qb0of3,C18_FCF_P_DYN_qmax8,0.13029736690077254,0.15172057801880778,-0.021423211118035246,-0.6746419287423782,0.4567272727272727,18.24,17.124463519313306
P_IC_qb1of3__MOM_qb2of3__C17_FCF_P_DYN_qmax4__v0,P_IC_qb1of3__MOM_qb2of3,C17_FCF_P_DYN_qmax4,0.13028986273261878,0.14135123829913576,-0.011061375566516984,-0.6712253534213433,0.46870133914668327,17.67,38.08015267175573
EV_S_qb1of3__OCF_E_qb2of3__C14_EPS_DYN_ytdavg_gt_lyavg__v0,EV_S_qb1of3__OCF_E_qb2of3,C14_EPS_DYN_ytdavg_gt_lyavg,0.13028135206558833,0.12024507725315203,0.010036274812436297,-0.5714099819609071,0.4847579199043634,19.26,83.24912280701754
EV_EBITDA_qb0of3__DEBTRATIO_qb2of3__C19_FCF_P_DYN_yoy__v0,EV_EBITDA_qb0of3__DEBTRATIO_qb2of3,C19_FCF_P_DYN_yoy,0.13025708219739918,0.14301532522542537,-0.012758243028026195,-0.554581196732489,0.4628876461616675,20.35,75.144
EV_EBITDA_qb1of3__FCF_P_qb2of3__C9_EPS_DYN_riseq2__v0,EV_EBITDA_qb1of3__FCF_P_qb2of3,C9_EPS_DYN_riseq2,0.1302173874022916,0.12095020165403092,0.009267185748260687,-0.6260288601925302,0.5093457943925234,19.4,94.41605839416059
P_IC_qb0of3__FCF_OI_qb1of3__C17_FCF_P_DYN_qmax4__v0,P_IC_qb0of3__FCF_OI_qb1of3,C17_FCF_P_DYN_qmax4,0.13014630605763067,0.1841328203450041,-0.053986514287373444,-0.6277672392480502,0.4521802858189813,17.28,34.767175572519086
EV_EBITDA_qb1of3__None__C1_ROE_DYN_riseq1__v0,EV_EBITDA_qb1of3__None,C1_ROE_DYN_riseq1,0.13006324688408055,0.12168343275173998,0.008379814132340568,-0.6144219477964119,0.4921526717557252,18.73,258.41754385964913
OCF_E_qb1of3__FCF_OI_qb1of3__C6_ROE_DYN_ytdavg_gt_lyytdavg__v0,OCF_E_qb1of3__FCF_OI_qb1of3,C6_ROE_DYN_ytdavg_gt_lyytdavg,0.13004194633436073,0.10728376775503445,0.02275817857932627,-0.562478010831498,0.4773482595767011,18.07,79.10526315789474
ROE_qb2of3__ROIC_qb2of3__C19_FCF_P_DYN_yoy__v0,ROE_qb2of3__ROIC_qb2of3,C19_FCF_P_DYN_yoy,0.13002770637841765,0.10497732735766574,0.02505037902075191,-0.6039537042035954,0.5002941753284957,23.7,192.992
P_IC_qb1of3__OCF_E_qb1of3__C12_EPS_DYN_yoy__v0,P_IC_qb1of3__OCF_E_qb1of3,C12_EPS_DYN_yoy,0.1300273078263523,0.10858375215866056,0.021443555667691738,-0.5893276529267594,0.5006590096027114,19.99,88.04
FCF_OI_qb1of3__DEBTRATIO_qb0of3__C8_EPS_DYN_riseq1__v0,FCF_OI_qb1of3__DEBTRATIO_qb0of3,C8_EPS_DYN_riseq1,0.1300272403286966,0.10607558667456085,0.023951653654135763,-0.5737289980685961,0.4897855816309303,19.08,86.99298245614035
PS_qb1of3__ROIC_qb2of3__C14_EPS_DYN_ytdavg_gt_lyavg__v0,PS_qb1of3__ROIC_qb2of3,C14_EPS_DYN_ytdavg_gt_lyavg,0.13002611005219022,0.12120296701946254,0.008823143032727687,-0.5302741090959391,0.48828291435875587,18.98,104.72280701754386
FCF_OI_qb1of3__None__C1_ROE_DYN_riseq1__v0,FCF_OI_qb1of3__None,C1_ROE_DYN_riseq1,0.12999866719025088,0.10865218632260909,0.021346480867641793,-0.5934130656001917,0.4759618166039919,17.92,261.8456140350877
EV_EBITDA_qb0of3__NETDEBT_EBITDA_qb0of3__C15_FCF_P_DYN_riseq1__v0,EV_EBITDA_qb0of3__NETDEBT_EBITDA_qb0of3,C15_FCF_P_DYN_riseq1,0.12998134216619817,0.14659325251889155,-0.016611910352693382,-0.6015417073284626,0.4745970567624387,19.89,89.47719298245615
PS_qb0of3__FCF_OI_qb1of3__C20_FCF_P_DYN_ytdavg_gt_lyytdavg__v0,PS_qb0of3__FCF_OI_qb1of3,C20_FCF_P_DYN_ytdavg_gt_lyytdavg,0.12996602347052955,0.1602886894689004,-0.030322665998370857,-0.589567733526206,0.49724740932642486,17.54,109.8280701754386
EV_S_qb1of3__OCF_E_qb1of3__C5_ROE_DYN_yoy__v0,EV_S_qb1of3__OCF_E_qb1of3,C5_ROE_DYN_yoy,0.12993250331586403,0.11166086551822496,0.018271637797639073,-0.6231019434769051,0.4740484429065744,20.87,84.76
MOM_qb2of3__NETDEBT_EBITDA_qb0of3__C19_FCF_P_DYN_yoy__v0,MOM_qb2of3__NETDEBT_EBITDA_qb0of3,C19_FCF_P_DYN_yoy,0.12992609877823513,0.141070955355993,-0.011144856577757878,-0.7155165611412653,0.4756,18.63,71.936
DEBTRATIO_qb2of3__FCF_P_qb0of3__C1_ROE_DYN_riseq1__v0,DEBTRATIO_qb2of3__FCF_P_qb0of3,C1_ROE_DYN_riseq1,0.12989105295215886,0.10901546451131372,0.02087558844084514,-0.5818605695989238,0.4730148377629219,19.17,90.8
PS_qb1of3__ROE_qb2of3__C20_FCF_P_DYN_ytdavg_gt_lyytdavg__v0,PS_qb1of3__ROE_qb2of3,C20_FCF_P_DYN_ytdavg_gt_lyytdavg,0.12988037820678944,0.11938211139414667,0.010498266812642765,-0.6015844358472535,0.5126928820308612,19.74,78.65964912280701
EV_EBITDA_qb1of3__ACCRUAL_qb0of3__None__v0,EV_EBITDA_qb1of3__ACCRUAL_qb0of3,None,0.12987807961629594,0.12987807961629594,0.0,-0.5895654566453352,0.4924317864967138,20.08,142.05723905723906
EV_S_qb1of3__DEBTRATIO_qb1of3__C1_ROE_DYN_riseq1__v0,EV_S_qb1of3__DEBTRATIO_qb1of3,C1_ROE_DYN_riseq1,0.1298688755341486,0.11155677487762738,0.018312100656521224,-0.618694113256262,0.482139517486441,19.12,88.38245614035088
P_IC_qb1of3__FCF_P_qb1of3__C14_EPS_DYN_ytdavg_gt_lyavg__v0,P_IC_qb1of3__FCF_P_qb1of3,C14_EPS_DYN_ytdavg_gt_lyavg,0.1298580855185929,0.11136939041932759,0.018488695099265318,-0.6099410687953375,0.4905781584582441,17.83,69.80350877192983
PS_qb1of3__MOM_qb2of3__None__v0,PS_qb1of3__MOM_qb2of3,None,0.12985143618864448,0.12985143618864448,0.0,-0.6905167014707336,0.46072331324129884,18.02,145.33670033670035
MOM_qb2of3__None__C17_FCF_P_DYN_qmax4__v0,MOM_qb2of3__None,C17_FCF_P_DYN_qmax4,0.1298285373312864,0.11517070621059111,0.014657831120695297,-0.6987459558290948,0.4652695257642865,18.43,111.49618320610686
EV_EBITDA_qb1of3__None__C8_EPS_DYN_riseq1__v0,EV_EBITDA_qb1of3__None,C8_EPS_DYN_riseq1,0.129784821083754,0.12168343275173998,0.008101388332014015,-0.6106682002189001,0.4948205251746567,18.79,266.2701754385965
OCF_E_qb2of3__ROE_qb2of3__C13_EPS_DYN_ytdavg_gt_lyytdavg__v0,OCF_E_qb2of3__ROE_qb2of3,C13_EPS_DYN_ytdavg_gt_lyytdavg,0.12973722887788752,0.11168724670811869,0.01804998216976883,-0.4106539769093265,0.4620359281437126,19.76,172.37894736842105
EV_S_qb1of3__FCF_OI_qb2of3__C12_EPS_DYN_yoy__v0,EV_S_qb1of3__FCF_OI_qb2of3,C12_EPS_DYN_yoy,0.12972343630297845,0.10909170051585249,0.02063173578712596,-0.5953301896338593,0.4775156653151493,20.78,82.508
P_IC_qb1of3__OCF_E_qb2of3__C1_ROE_DYN_riseq1__v0,P_IC_qb1of3__OCF_E_qb2of3,C1_ROE_DYN_riseq1,0.12964295230689848,0.11478934435704824,0.014853607949850245,-0.5738943789468198,0.4875383435582822,18.38,72.23157894736842
PS_qb0of3__NETDEBT_EBITDA_qb2of3__C20_FCF_P_DYN_ytdavg_gt_lyytdavg__v0,PS_qb0of3__NETDEBT_EBITDA_qb2of3,C20_FCF_P_DYN_ytdavg_gt_lyytdavg,0.12962336168262834,0.16108156841581445,-0.03145820673318611,-0.6322632346529119,0.5077083877711001,18.24,112.91929824561403
EV_S_qb1of3__EV_EBITDA_qb1of3__C13_EPS_DYN_ytdavg_gt_lyytdavg__v0,EV_S_qb1of3__EV_EBITDA_qb1of3,C13_EPS_DYN_ytdavg_gt_lyytdavg,0.12961650968232896,0.11950687846175168,0.010109631220577286,-0.5857617532313901,0.4835145250400998,19.6,113.26666666666667
ROE_qb2of3__ACCRUAL_qb1of3__C19_FCF_P_DYN_yoy__v0,ROE_qb2of3__ACCRUAL_qb1of3,C19_FCF_P_DYN_yoy,0.12959220965259322,0.10780358903293696,0.02178862061965625,-0.5987728393824685,0.5071719117961893,23.64,68.188
PS_qb1of3__DEBTRATIO_qb0of3__C16_FCF_P_DYN_riseq2__v0,PS_qb1of3__DEBTRATIO_qb0of3,C16_FCF_P_DYN_riseq2,0.1295839002425907,0.12634493133806424,0.0032389689045264625,-0.6427835266892772,0.49377018920166127,20.44,81.55839416058394
ROE_qb2of3__FCF_P_qb2of3__C20_FCF_P_DYN_ytdavg_gt_lyytdavg__v0,ROE_qb2of3__FCF_P_qb2of3,C20_FCF_P_DYN_ytdavg_gt_lyytdavg,0.12958166217049438,0.12202542765864322,0.007556234511851168,-0.5430126326594218,0.48733795598432317,19.14,93.67719298245613
PB_qb1of3__NETDEBT_EBITDA_qb0of3__C6_ROE_DYN_ytdavg_gt_lyytdavg__v0,PB_qb1of3__NETDEBT_EBITDA_qb0of3,C6_ROE_DYN_ytdavg_gt_lyytdavg,0.12957481187107533,0.11510738211040183,0.0144674297606735,-0.6192395788057821,0.479182156133829,18.61,62.85614035087719
ACCRUAL_qb1of3__FCF_OI_qb1of3__C19_FCF_P_DYN_yoy__v0,ACCRUAL_qb1of3__FCF_OI_qb1of3,C19_FCF_P_DYN_yoy,0.1295704058259204,0.11215386819556161,0.017416537630358775,-0.6225584977609377,0.49703315881326354,22.14,77.7
P_IC_qb1of3__FCF_P_qb1of3__C6_ROE_DYN_ytdavg_gt_lyytdavg__v0,P_IC_qb1of3__FCF_P_qb1of3,C6_ROE_DYN_ytdavg_gt_lyytdavg,0.12956878782584336,0.11136939041932759,0.01819939740651577,-0.6060813485856615,0.48996408197760405,18.25,70.82456140350877
ROE_qb2of3__NETDEBT_EBITDA_qb2of3__C17_FCF_P_DYN_qmax4__v0,ROE_qb2of3__NETDEBT_EBITDA_qb2of3,C17_FCF_P_DYN_qmax4,0.12955646798082188,0.12573108691877288,0.0038253810620489936,-0.5825758826037408,0.46690099589923845,22.25,21.446564885496183
OCF_E_qb1of3__EV_EBITDA_qb0of3__C18_FCF_P_DYN_qmax8__v0,OCF_E_qb1of3__EV_EBITDA_qb0of3,C18_FCF_P_DYN_qmax8,0.1294891501278126,0.1611145807766723,-0.0316254306488597,-0.56526110573475,0.4666666666666667,26.79,15.836909871244636
PS_qb1of3__ROE_qb1of3__C3_ROE_DYN_qmax4__v0,PS_qb1of3__ROE_qb1of3,C3_ROE_DYN_qmax4,0.12948642583827707,0.1012338625934468,0.028252563244830275,-0.5608182850499136,0.49884704073789393,17.16,41.01908396946565
P_IC_qb0of3__FCF_P_qb1of3__C17_FCF_P_DYN_qmax4__v0,P_IC_qb0of3__FCF_P_qb1of3,C17_FCF_P_DYN_qmax4,0.12942481654641003,0.17643282368710866,-0.04700800714069864,-0.6816110347131628,0.44527177959791514,17.89,16.209923664122137
OCF_E_qb2of3__FCF_P_qb0of3__C7_ROE_DYN_ytdavg_gt_lyavg__v0,OCF_E_qb2of3__FCF_P_qb0of3,C7_ROE_DYN_ytdavg_gt_lyavg,0.12938949523538912,0.10663543740601678,0.022754057829372343,-0.4600637992059853,0.4617787960841491,20.51,63.99649122807018
P_IC_qb1of3__ROE_qb1of3__C2_ROE_DYN_riseq2__v0,P_IC_qb1of3__ROE_qb1of3,C2_ROE_DYN_riseq2,0.12937149519653568,0.10639715439744668,0.022974340799089,-0.5917290067673036,0.5153664302600472,19.09,97.41240875912409
P_IC_qb1of3__OCF_E_qb1of3__C8_EPS_DYN_riseq1__v0,P_IC_qb1of3__OCF_E_qb1of3,C8_EPS_DYN_riseq1,0.1293265792754681,0.10858375215866056,0.020742827116807527,-0.5646707333215218,0.505278310940499,19.24,90.51578947368421
OCF_E_qb1of3__EV_EBITDA_qb0of3__C19_FCF_P_DYN_yoy__v0,OCF_E_qb1of3__EV_EBITDA_qb0of3,C19_FCF_P_DYN_yoy,0.1292993022446387,0.1611145807766723,-0.031815278532033586,-0.5761529028827657,0.4950538579907672,21.67,65.908
PS_qb1of3__ROE_qb1of3__C7_ROE_DYN_ytdavg_gt_lyavg__v0,PS_qb1of3__ROE_qb1of3,C7_ROE_DYN_ytdavg_gt_lyavg,0.12926852779926978,0.1012338625934468,0.028034665205822984,-0.5646254963604658,0.47959724430312667,17.76,71.25263157894737
ROE_qb2of3__NETDEBT_EBITDA_qb0of3__C16_FCF_P_DYN_riseq2__v0,ROE_qb2of3__NETDEBT_EBITDA_qb0of3,C16_FCF_P_DYN_riseq2,0.12924167590249924,0.10739791521726105,0.02184376068523819,-0.6548647742622229,0.5153407548194406,19.3,66.62773722627738
ROE_qb2of3__FCF_OI_qb1of3__C17_FCF_P_DYN_qmax4__v0,ROE_qb2of3__FCF_OI_qb1of3,C17_FCF_P_DYN_qmax4,0.12923861276652193,0.1074915393951017,0.021747073371420234,-0.5941770859572363,0.4427061310782241,26.05,28.16793893129771
MOM_qb2of3__DEBTRATIO_qb0of3__C20_FCF_P_DYN_ytdavg_gt_lyytdavg__v0,MOM_qb2of3__DEBTRATIO_qb0of3,C20_FCF_P_DYN_ytdavg_gt_lyytdavg,0.12923342692390238,0.13434664389931616,-0.005113216975413781,-0.6979173533252658,0.47879025923016494,17.43,70.27719298245614
FCF_OI_qb2of3__DEBTRATIO_qb2of3__C8_EPS_DYN_riseq1__v0,FCF_OI_qb2of3__DEBTRATIO_qb2of3,C8_EPS_DYN_riseq1,0.12921636409552217,0.1079547255060096,0.021261638589512577,-0.5435990697607587,0.4729953917050691,18.75,75.37543859649122
EV_S_qb1of3__MOM_qb2of3__None__v0,EV_S_qb1of3__MOM_qb2of3,None,0.12920025367569776,0.12920025367569776,0.0,-0.6931763164038787,0.46208828358929777,17.82,144.93602693602693
PS_qb0of3__ROIC_qb1of3__C18_FCF_P_DYN_qmax8__v0,PS_qb0of3__ROIC_qb1of3,C18_FCF_P_DYN_qmax8,0.12919961093202326,0.16094874682218596,-0.031749135890162705,-0.6585022994289909,0.4738219895287958,22.88,25.40343347639485
PS_qb1of3__FCF_OI_qb2of3__C6_ROE_DYN_ytdavg_gt_lyytdavg__v0,PS_qb1of3__FCF_OI_qb2of3,C6_ROE_DYN_ytdavg_gt_lyytdavg,0.12918196037890017,0.10173212465613313,0.027449835722767046,-0.5931844156834734,0.48430220781851324,20.32,72.75087719298246
PS_qb1of3__OCF_E_qb2of3__C1_ROE_DYN_riseq1__v0,PS_qb1of3__OCF_E_qb2of3,C1_ROE_DYN_riseq1,0.1291367058059929,0.10315298366883918,0.02598372213715372,-0.5762460377177627,0.4878006273963053,19.37,81.50175438596492
EV_EBITDA_qb1of3__DEBTRATIO_qb2of3__C16_FCF_P_DYN_riseq2__v0,EV_EBITDA_qb1of3__DEBTRATIO_qb2of3,C16_FCF_P_DYN_riseq2,0.12913134445726437,0.13449319651294744,-0.0053618520556830696,-0.5679066068500033,0.49236728184096606,20.92,71.74817518248175
MOM_qb2of3__ROE_qb1of3__C15_FCF_P_DYN_riseq1__v0,MOM_qb2of3__ROE_qb1of3,C15_FCF_P_DYN_riseq1,0.12908905409727423,0.142453064325746,-0.013364010228471779,-0.6508461225892288,0.4777152051488335,19.18,70.50877192982456
P_IC_qb1of3__NETDEBT_EBITDA_qb1of3__C13_EPS_DYN_ytdavg_gt_lyytdavg__v0,P_IC_qb1of3__NETDEBT_EBITDA_qb1of3,C13_EPS_DYN_ytdavg_gt_lyytdavg,0.12905800271294154,0.11371455528078345,0.015343447432158097,-0.5568057759358604,0.4774296335634626,19.24,87.7719298245614
FCF_OI_qb1of3__DEBTRATIO_qb1of3__C14_EPS_DYN_ytdavg_gt_lyavg__v0,FCF_OI_qb1of3__DEBTRATIO_qb1of3,C14_EPS_DYN_ytdavg_gt_lyavg,0.12902553917015092,0.1043803523024891,0.024645186867661817,-0.547524035660625,0.4662013958125623,18.05,85.84561403508772
MOM_qb2of3__FCF_OI_qb2of3__C15_FCF_P_DYN_riseq1__v0,MOM_qb2of3__FCF_OI_qb2of3,C15_FCF_P_DYN_riseq1,0.1289577031485747,0.13351239190976916,-0.00455468876119447,-0.6933190930404107,0.4795897644191714,19.28,110.95087719298246
EV_S_qb1of3__FCF_OI_qb2of3__C2_ROE_DYN_riseq2__v0,EV_S_qb1of3__FCF_OI_qb2of3,C2_ROE_DYN_riseq2,0.12894365587102152,0.10909170051585249,0.019851955355169038,-0.6143511875985103,0.48863636363636365,19.21,80.71167883211679
PB_qb1of3__DEBTRATIO_qb0of3__C8_EPS_DYN_riseq1__v0,PB_qb1of3__DEBTRATIO_qb0of3,C8_EPS_DYN_riseq1,0.12892223620760612,0.1073186532581396,0.021603582949466515,-0.5895602140282532,0.4885209713024283,20.26,73.69824561403509
EV_EBITDA_qb0of3__FCF_P_qb2of3__C16_FCF_P_DYN_riseq2__v0,EV_EBITDA_qb0of3__FCF_P_qb2of3,C16_FCF_P_DYN_riseq2,0.12891320566950215,0.1412545523155624,-0.012341346646060236,-0.5836159337714008,0.48492840994724945,21.75,127.89416058394161
MOM_qb2of3__FCF_OI_qb0of3__C13_EPS_DYN_ytdavg_gt_lyytdavg__v0,MOM_qb2of3__FCF_OI_qb0of3,C13_EPS_DYN_ytdavg_gt_lyytdavg,0.12886841119063686,0.1129050553120563,0.015963355878580554,-0.6686606012158987,0.4653236967553437,18.82,80.43859649122807
EV_EBITDA_qb1of3__NETDEBT_EBITDA_qb2of3__C16_FCF_P_DYN_riseq2__v0,EV_EBITDA_qb1of3__NETDEBT_EBITDA_qb2of3,C16_FCF_P_DYN_riseq2,0.1288538473508154,0.14627716761851484,-0.017423320267699438,-0.5846742879500233,0.49001857010213556,22.38,70.87956204379562
PS_qb1of3__ROIC_qb2of3__C8_EPS_DYN_riseq1__v0,PS_qb1of3__ROIC_qb2of3,C8_EPS_DYN_riseq1,0.12882390737493643,0.12120296701946254,0.007620940355473893,-0.5763012850222226,0.49504228638086906,19.21,110.08421052631579
EV_S_qb0of3__FCF_OI_qb1of3__C15_FCF_P_DYN_riseq1__v0,EV_S_qb0of3__FCF_OI_qb1of3,C15_FCF_P_DYN_riseq1,0.12876030852871256,0.1576248487356633,-0.02886454020695073,-0.5984915299950864,0.45841683366733466,17.61,109.94385964912281
PS_qb0of3__ACCRUAL_qb0of3__C15_FCF_P_DYN_riseq1__v0,PS_qb0of3__ACCRUAL_qb0of3,C15_FCF_P_DYN_riseq1,0.12871244961423178,0.1648074184621935,-0.036094968847961706,-0.5833252501404864,0.4605854111816633,19.22,84.12982456140351
ROE_qb1of3__FCF_OI_qb1of3__C6_ROE_DYN_ytdavg_gt_lyytdavg__v0,ROE_qb1of3__FCF_OI_qb1of3,C6_ROE_DYN_ytdavg_gt_lyytdavg,0.12870943183019734,0.11311461277821944,0.015594819051977904,-0.5470192348159149,0.4633211678832117,17.23,83.8561403508772
FCF_OI_qb1of3__None__C13_EPS_DYN_ytdavg_gt_lyytdavg__v0,FCF_OI_qb1of3__None,C13_EPS_DYN_ytdavg_gt_lyytdavg,0.12861834754507573,0.10865218632260909,0.01996616122246664,-0.5407556337561024,0.46819247992039237,17.89,258.2140350877193
ROE_qb2of3__ROIC_qb2of3__C6_ROE_DYN_ytdavg_gt_lyytdavg__v0,ROE_qb2of3__ROIC_qb2of3,C6_ROE_DYN_ytdavg_gt_lyytdavg,0.12860656255376712,0.10497732735766574,0.023629235196101384,-0.42028049811733137,0.45281983761246436,18.84,251.14385964912282
MOM_qb2of3__ACCRUAL_qb0of3__C17_FCF_P_DYN_qmax4__v0,MOM_qb2of3__ACCRUAL_qb0of3,C17_FCF_P_DYN_qmax4,0.12859405796212076,0.15172057801880778,-0.023126520056687028,-0.6998268927040917,0.46377749029754206,16.86,36.091603053435115
FCF_OI_qb1of3__DEBTRATIO_qb0of3__C7_ROE_DYN_ytdavg_gt_lyavg__v0,FCF_OI_qb1of3__DEBTRATIO_qb0of3,C7_ROE_DYN_ytdavg_gt_lyavg,0.1285910791166689,0.10607558667456085,0.022515492442108043,-0.5468082446739175,0.4858796296296296,16.87,73.27719298245614
PB_qb0of3__EV_S_qb0of3__C17_FCF_P_DYN_qmax4__v0,PB_qb0of3__EV_S_qb0of3,C17_FCF_P_DYN_qmax4,0.12859088239713867,0.19152523498206686,-0.06293435258492819,-0.5588277141576076,0.4789598108747045,19.58,61.85114503816794
PS_qb1of3__FCF_OI_qb2of3__C12_EPS_DYN_yoy__v0,PS_qb1of3__FCF_OI_qb2of3,C12_EPS_DYN_yoy,0.1285869302121645,0.10173212465613313,0.02685480555603137,-0.6198802490855921,0.4814338235294118,22.38,83.544
PB_qb1of3__ACCRUAL_qb1of3__C10_EPS_DYN_qmax4__v0,PB_qb1of3__ACCRUAL_qb1of3,C10_EPS_DYN_qmax4,0.12857702936736248,0.10392799967158028,0.0246490296957822,-0.6710537699275514,0.5168067226890757,18.25,43.79007633587786
PS_qb0of3__DEBTRATIO_qb1of3__C15_FCF_P_DYN_riseq1__v0,PS_qb0of3__DEBTRATIO_qb1of3,C15_FCF_P_DYN_riseq1,0.12855525363080256,0.16164172783718755,-0.033086474206385,-0.5756704462808659,0.4677107501933488,19.3,77.56491228070175
PB_qb1of3__DEBTRATIO_qb1of3__C5_ROE_DYN_yoy__v0,PB_qb1of3__DEBTRATIO_qb1of3,C5_ROE_DYN_yoy,0.12853474029227474,0.10213199884253421,0.02640274144974053,-0.6346572803515285,0.4772240085744909,21.51,80.076
ROE_qb2of3__DEBTRATIO_qb2of3__C16_FCF_P_DYN_riseq2__v0,ROE_qb2of3__DEBTRATIO_qb2of3,C16_FCF_P_DYN_riseq2,0.12850479259585423,0.11194290084226521,0.01656189175358902,-0.5178813797794817,0.4937142857142857,20.25,74.85766423357664
EV_S_qb1of3__ROIC_qb2of3__C1_ROE_DYN_riseq1__v0,EV_S_qb1of3__ROIC_qb2of3,C1_ROE_DYN_riseq1,0.12850399017922598,0.11007268957710736,0.018431300602118617,-0.5714563202761982,0.4937425506555423,19.08,103.59298245614035
ROE_qb1of3__FCF_P_qb2of3__None__v0,ROE_qb1of3__FCF_P_qb2of3,None,0.12843923926750733,0.12843923926750733,0.0,-0.5929653964670092,0.4970681100586378,21.38,170.93939393939394
EV_S_qb1of3__ROE_qb2of3__C8_EPS_DYN_riseq1__v0,EV_S_qb1of3__ROE_qb2of3,C8_EPS_DYN_riseq1,0.12843586859450462,0.11180655286183461,0.016629315732670014,-0.5707076469482724,0.4920805781946794,18.7,102.14736842105263
PS_qb1of3__ROE_qb1of3__C10_EPS_DYN_qmax4__v0,PS_qb1of3__ROE_qb1of3,C10_EPS_DYN_qmax4,0.12840887364261722,0.1012338625934468,0.027175011049170417,-0.5826160806787339,0.5100746268656716,17.51,41.99236641221374
P_IC_qb1of3__DEBTRATIO_qb1of3__C5_ROE_DYN_yoy__v0,P_IC_qb1of3__DEBTRATIO_qb1of3,C5_ROE_DYN_yoy,0.12840747781051132,0.10457322351498388,0.023834254295527435,-0.6516638012938423,0.4730878186968839,21.36,93.024
EV_S_qb1of3__ROIC_qb2of3__C6_ROE_DYN_ytdavg_gt_lyytdavg__v0,EV_S_qb1of3__ROIC_qb2of3,C6_ROE_DYN_ytdavg_gt_lyytdavg,0.12836156608047045,0.11007268957710736,0.018288876503363083,-0.5402840260086559,0.48823395019419696,18.8,94.86315789473684
MOM_qb2of3__ACCRUAL_qb2of3__C17_FCF_P_DYN_qmax4__v0,MOM_qb2of3__ACCRUAL_qb2of3,C17_FCF_P_DYN_qmax4,0.12835892281898698,0.11246072837315779,0.015898194445829184,-0.734115774798308,0.4672693266832918,19.28,37.217557251908396
OCF_E_qb2of3__None__C8_EPS_DYN_riseq1__v0,OCF_E_qb2of3__None,C8_EPS_DYN_riseq1,0.12835344151551298,0.10702478116805669,0.021328660347456285,-0.5056750399994148,0.468917249897077,19.72,272.2
PS_qb1of3__MOM_qb2of3__C19_FCF_P_DYN_yoy__v0,PS_qb1of3__MOM_qb2of3,C19_FCF_P_DYN_yoy,0.1283477249656202,0.12985143618864448,-0.0015037112230242844,-0.7067716541187543,0.4848038312764782,21.22,76.296
PS_qb1of3__OCF_E_qb1of3__C6_ROE_DYN_ytdavg_gt_lyytdavg__v0,PS_qb1of3__OCF_E_qb1of3,C6_ROE_DYN_ytdavg_gt_lyytdavg,0.1283137160379455,0.1057020349461224,0.0226116810918231,-0.5972836688974328,0.48382502543234995,19.47,81.4421052631579
PB_qb1of3__NETDEBT_EBITDA_qb1of3__C8_EPS_DYN_riseq1__v0,PB_qb1of3__NETDEBT_EBITDA_qb1of3,C8_EPS_DYN_riseq1,0.12829749038412785,0.11455350465136882,0.013743985732759034,-0.5923149828436232,0.5043626707132018,19.59,84.37894736842105
ROE_qb2of3__DEBTRATIO_qb2of3__C6_ROE_DYN_ytdavg_gt_lyytdavg__v0,ROE_qb2of3__DEBTRATIO_qb2of3,C6_ROE_DYN_ytdavg_gt_lyytdavg,0.12827518321303333,0.11194290084226521,0.016332282370768114,-0.38284301495821915,0.45961133224069306,17.8,100.90526315789474
P_IC_qb1of3__ACCRUAL_qb1of3__C9_EPS_DYN_riseq2__v0,P_IC_qb1of3__ACCRUAL_qb1of3,C9_EPS_DYN_riseq2,0.12825935807965871,0.10354097010952823,0.024718387970130484,-0.597315219679351,0.5043184378520466,19.78,82.01459854014598
FCF_OI_qb2of3__DEBTRATIO_qb2of3__C2_ROE_DYN_riseq2__v0,FCF_OI_qb2of3__DEBTRATIO_qb2of3,C2_ROE_DYN_riseq2,0.12820001882102772,0.1079547255060096,0.02024529331501812,-0.5261575731607787,0.487778730703259,19.15,72.03649635036497
MOM_qb2of3__FCF_P_qb2of3__C17_FCF_P_DYN_qmax4__v0,MOM_qb2of3__FCF_P_qb2of3,C17_FCF_P_DYN_qmax4,0.12818658593563925,0.15540904841423941,-0.027222462478600162,-0.6733094785956942,0.48444863336475025,18.66,76.20229007633588
ROE_qb2of3__FCF_OI_qb1of3__C7_ROE_DYN_ytdavg_gt_lyavg__v0,ROE_qb2of3__FCF_OI_qb1of3,C7_ROE_DYN_ytdavg_gt_lyavg,0.12817905128431883,0.1074915393951017,0.020687511889217136,-0.4543812209224142,0.47454145267791636,17.84,110.62456140350878
EV_S_qb1of3__None__C1_ROE_DYN_riseq1__v0,EV_S_qb1of3__None,C1_ROE_DYN_riseq1,0.12813676765412851,0.11261458954493708,0.015522178109191431,-0.6238898267256688,0.47723427730783374,19.57,235.5298245614035
OCF_E_qb2of3__ROIC_qb2of3__C6_ROE_DYN_ytdavg_gt_lyytdavg__v0,OCF_E_qb2of3__ROIC_qb2of3,C6_ROE_DYN_ytdavg_gt_lyytdavg,0.1281258341961864,0.10550033079483523,0.022625503401351166,-0.37801771994036937,0.4570897997081841,19.87,150.21052631578948
MOM_qb2of3__FCF_OI_qb0of3__C6_ROE_DYN_ytdavg_gt_lyytdavg__v0,MOM_qb2of3__FCF_OI_qb0of3,C6_ROE_DYN_ytdavg_gt_lyytdavg,0.12811326307315762,0.1129050553120563,0.015208207761101322,-0.6955614284821019,0.4608567208271787,18.96,74.94385964912281
OCF_E_qb2of3__ROIC_qb2of3__C16_FCF_P_DYN_riseq2__v0,OCF_E_qb2of3__ROIC_qb2of3,C16_FCF_P_DYN_riseq2,0.12806045931961196,0.10550033079483523,0.022560128524776735,-0.5945067536875056,0.48543952322903966,22.7,117.02189781021897
P_IC_qb1of3__DEBTRATIO_qb0of3__C20_FCF_P_DYN_ytdavg_gt_lyytdavg__v0,P_IC_qb1of3__DEBTRATIO_qb0of3,C20_FCF_P_DYN_ytdavg_gt_lyytdavg,0.12802579663596236,0.1393426824369417,-0.011316885800979337,-0.6136243756470826,0.531023102310231,19.39,78.20701754385965
P_IC_qb1of3__ROE_qb1of3__C9_EPS_DYN_riseq2__v0,P_IC_qb1of3__ROE_qb1of3,C9_EPS_DYN_riseq2,0.1280029456552263,0.10639715439744668,0.021605791257779616,-0.5955073228596696,0.5130450647692028,19.26,96.18978102189782
OCF_E_qb2of3__DEBTRATIO_qb2of3__C18_FCF_P_DYN_qmax8__v0,OCF_E_qb2of3__DEBTRATIO_qb2of3,C18_FCF_P_DYN_qmax8,0.1279550080651517,0.11692725396958026,0.01102775409557144,-0.6457439322267542,0.4705195563339171,28.53,22.669527896995707
MOM_qb2of3__ACCRUAL_qb2of3__C7_ROE_DYN_ytdavg_gt_lyavg__v0,MOM_qb2of3__ACCRUAL_qb2of3,C7_ROE_DYN_ytdavg_gt_lyavg,0.12791290850602222,0.11246072837315779,0.015452180132864424,-0.6465385384584557,0.4733772061023033,16.78,82.94385964912281
MOM_qb2of3__ACCRUAL_qb2of3__C1_ROE_DYN_riseq1__v0,MOM_qb2of3__ACCRUAL_qb2of3,C1_ROE_DYN_riseq1,0.12783809288392955,0.11246072837315779,0.015377364510771763,-0.7046139532794506,0.488754658784218,16.9,93.1719298245614
PS_qb1of3__FCF_OI_qb2of3__C2_ROE_DYN_riseq2__v0,PS_qb1of3__FCF_OI_qb2of3,C2_ROE_DYN_riseq2,0.12782139376365964,0.10173212465613313,0.026089269107526514,-0.6043024843137549,0.49325523606673766,21.41,82.72262773722628
OCF_E_qb2of3__None__C1_ROE_DYN_riseq1__v0,OCF_E_qb2of3__None,C1_ROE_DYN_riseq1,0.127791539165252,0.10702478116805669,0.020766757997195295,-0.5008852715920171,0.4680876258140912,19.71,264.259649122807
EV_S_qb1of3__OCF_E_qb2of3__C13_EPS_DYN_ytdavg_gt_lyytdavg__v0,EV_S_qb1of3__OCF_E_qb2of3,C13_EPS_DYN_ytdavg_gt_lyytdavg,0.1277801236088778,0.12024507725315203,0.007535046355725772,-0.5736394800376812,0.4793595679012346,19.81,86.54035087719298
MOM_qb2of3__FCF_OI_qb0of3__C20_FCF_P_DYN_ytdavg_gt_lyytdavg__v0,MOM_qb2of3__FCF_OI_qb0of3,C20_FCF_P_DYN_ytdavg_gt_lyytdavg,0.12778002194132276,0.1129050553120563,0.014874966629266462,-0.717756694933807,0.4842300556586271,17.12,45.84561403508772
OCF_E_qb2of3__ROIC_qb2of3__C8_EPS_DYN_riseq1__v0,OCF_E_qb2of3__ROIC_qb2of3,C8_EPS_DYN_riseq1,0.12775760477120168,0.10550033079483523,0.022257273976366454,-0.465650337158265,0.461363860653311,19.68,162.79298245614035
MOM_qb2of3__FCF_P_qb1of3__C16_FCF_P_DYN_riseq2__v0,MOM_qb2of3__FCF_P_qb1of3,C16_FCF_P_DYN_riseq2,0.12768110110384323,0.12449311185748302,0.003187989246360212,-0.7270669699952277,0.4730264198702737,17.99,78.7956204379562
ACCRUAL_qb1of3__FCF_OI_qb1of3__C16_FCF_P_DYN_riseq2__v0,ACCRUAL_qb1of3__FCF_OI_qb1of3,C16_FCF_P_DYN_riseq2,0.1276508193786554,0.11215386819556161,0.015496951183093799,-0.6362641359049017,0.4852786540483701,20.65,74.57664233576642
EV_S_qb1of3__DEBTRATIO_qb2of3__C6_ROE_DYN_ytdavg_gt_lyytdavg__v0,EV_S_qb1of3__DEBTRATIO_qb2of3,C6_ROE_DYN_ytdavg_gt_lyytdavg,0.12763050274316812,0.11423945981814065,0.013391042925027463,-0.5784365096952133,0.44988780852655197,19.75,65.64561403508772
OCF_E_qb2of3__FCF_P_qb2of3__None__v0,OCF_E_qb2of3__FCF_P_qb2of3,None,0.12762602498232223,0.12762602498232223,0.0,-0.5838552490869633,0.47902547825340996,21.79,165.0841750841751
FCF_OI_qb1of3__DEBTRATIO_qb1of3__C2_ROE_DYN_riseq2__v0,FCF_OI_qb1of3__DEBTRATIO_qb1of3,C2_ROE_DYN_riseq2,0.12761464202764428,0.1043803523024891,0.023234289725155177,-0.5921248825682592,0.48620445702157766,19.64,91.30656934306569
ROE_qb2of3__FCF_OI_qb1of3__C14_EPS_DYN_ytdavg_gt_lyavg__v0,ROE_qb2of3__FCF_OI_qb1of3,C14_EPS_DYN_ytdavg_gt_lyavg,0.12761018975799399,0.1074915393951017,0.020118650362892287,-0.48080056118717396,0.4742465753424657,18.28,121.47368421052632
EV_S_qb1of3__ACCRUAL_qb1of3__C10_EPS_DYN_qmax4__v0,EV_S_qb1of3__ACCRUAL_qb1of3,C10_EPS_DYN_qmax4,0.1275751198473789,0.11256341933953151,0.015011700507847392,-0.6820614526549582,0.5133858267716536,18.79,45.416030534351144
EV_EBITDA_qb1of3__FCF_OI_qb1of3__None__v0,EV_EBITDA_qb1of3__FCF_OI_qb1of3,None,0.1275583968310292,0.1275583968310292,0.0,-0.5902280765914176,0.5013352323304255,19.76,177.17845117845118
MOM_qb2of3__OCF_E_qb1of3__C17_FCF_P_DYN_qmax4__v0,MOM_qb2of3__OCF_E_qb1of3,C17_FCF_P_DYN_qmax4,0.12752917317500945,0.13329269559525958,-0.005763522420250133,-0.6517179393537327,0.4776352830778855,17.45,36.721374045801525
EV_S_qb1of3__OCF_E_qb1of3__C8_EPS_DYN_riseq1__v0,EV_S_qb1of3__OCF_E_qb1of3,C8_EPS_DYN_riseq1,0.12750834091891927,0.11166086551822496,0.01584747540069431,-0.5732486801629151,0.49155569990256576,20.07,88.74035087719298
ROE_qb2of3__FCF_P_qb0of3__C1_ROE_DYN_riseq1__v0,ROE_qb2of3__FCF_P_qb0of3,C1_ROE_DYN_riseq1,0.12739238768199002,0.10634093976900005,0.021051447912989962,-0.4949468304274004,0.4796963276836158,20.27,73.16842105263157
MOM_qb2of3__ROE_qb1of3__C19_FCF_P_DYN_yoy__v0,MOM_qb2of3__ROE_qb1of3,C19_FCF_P_DYN_yoy,0.12731812603726245,0.142453064325746,-0.015134938288483557,-0.6564783930444476,0.49107793153678075,20.61,74.004
P_IC_qb1of3__ACCRUAL_qb1of3__C5_ROE_DYN_yoy__v0,P_IC_qb1of3__ACCRUAL_qb1of3,C5_ROE_DYN_yoy,0.12729674185624407,0.10354097010952823,0.023755771746715837,-0.6421065817926286,0.4939834024896266,20.46,78.2
PB_qb1of3__None__C6_ROE_DYN_ytdavg_gt_lyytdavg__v0,PB_qb1of3__None,C6_ROE_DYN_ytdavg_gt_lyytdavg,0.12723915983733858,0.1059915100055453,0.02124764983179328,-0.575141211903122,0.486404833836858,18.74,212.2
EV_EBITDA_qb0of3__FCF_OI_qb1of3__C15_FCF_P_DYN_riseq1__v0,EV_EBITDA_qb0of3__FCF_OI_qb1of3,C15_FCF_P_DYN_riseq1,0.12721161746910226,0.1588416616824344,-0.031630044213332154,-0.5800095202253315,0.44478036635248086,17.59,69.49122807017544
ACCRUAL_qb0of3__DEBTRATIO_qb2of3__C1_ROE_DYN_riseq1__v0,ACCRUAL_qb0of3__DEBTRATIO_qb2of3,C1_ROE_DYN_riseq1,0.12719690892814506,0.10760438208815426,0.019592526839990798,-0.49475289986192406,0.4535571237840931,19.38,77.85263157894737
EV_S_qb1of3__OCF_E_qb1of3__C14_EPS_DYN_ytdavg_gt_lyavg__v0,EV_S_qb1of3__OCF_E_qb1of3,C14_EPS_DYN_ytdavg_gt_lyavg,0.12719314871041454,0.11166086551822496,0.015532283192189578,-0.5898120864987011,0.4898810765699979,19.0,78.8140350877193
FCF_OI_qb2of3__DEBTRATIO_qb2of3__C6_ROE_DYN_ytdavg_gt_lyytdavg__v0,FCF_OI_qb2of3__DEBTRATIO_qb2of3,C6_ROE_DYN_ytdavg_gt_lyytdavg,0.12715732642704358,0.1079547255060096,0.019202600921033985,-0.522438522162249,0.48592210229939,19.65,67.6421052631579
PS_qb1of3__ROIC_qb2of3__C1_ROE_DYN_riseq1__v0,PS_qb1of3__ROIC_qb2of3,C1_ROE_DYN_riseq1,0.1270985922632748,0.12120296701946254,0.005895625243812264,-0.5674792128198858,0.4946485391958345,19.13,107.99298245614035
OCF_E_qb2of3__ROIC_qb2of3__C14_EPS_DYN_ytdavg_gt_lyavg__v0,OCF_E_qb2of3__ROIC_qb2of3,C14_EPS_DYN_ytdavg_gt_lyavg,0.12709421016041222,0.10550033079483523,0.021593879365576996,-0.4054811813083673,0.4549216300940439,20.26,161.61052631578949
PB_qb0of3__PS_qb0of3__C17_FCF_P_DYN_qmax4__v0,PB_qb0of3__PS_qb0of3,C17_FCF_P_DYN_qmax4,0.12708168098510852,0.19552828855051252,-0.068446607565404,-0.5932610203073483,0.4755801104972376,19.29,65.09160305343511
EV_EBITDA_qb1of3__FCF_P_qb2of3__C1_ROE_DYN_riseq1__v0,EV_EBITDA_qb1of3__FCF_P_qb2of3,C1_ROE_DYN_riseq1,0.12706874644858224,0.12095020165403092,0.006118544794551317,-0.6019931882524657,0.4873636605480181,19.49,95.50526315789473
ROIC_qb1of3__DEBTRATIO_qb2of3__C19_FCF_P_DYN_yoy__v0,ROIC_qb1of3__DEBTRATIO_qb2of3,C19_FCF_P_DYN_yoy,0.12705749551978696,0.11680265302092874,0.010254842498858219,-0.5743996418948126,0.49893348846228425,23.0,92.304
ROE_qb2of3__DEBTRATIO_qb0of3__C13_EPS_DYN_ytdavg_gt_lyytdavg__v0,ROE_qb2of3__DEBTRATIO_qb0of3,C13_EPS_DYN_ytdavg_gt_lyytdavg,0.12704917598715237,0.10886193919574749,0.01818723679140488,-0.5028307176393118,0.46421663442940037,18.75,95.91929824561403
PS_qb1of3__DEBTRATIO_qb1of3__C9_EPS_DYN_riseq2__v0,PS_qb1of3__DEBTRATIO_qb1of3,C9_EPS_DYN_riseq2,0.12701695727242646,0.09970663573273053,0.027310321539695925,-0.6254083842478068,0.4966363276612584,21.82,100.24087591240875
FCF_OI_qb1of3__None__C8_EPS_DYN_riseq1__v0,FCF_OI_qb1of3__None,C8_EPS_DYN_riseq1,0.12697923308261694,0.10865218632260909,0.018327046760007848,-0.5773931423911185,0.4779247551967016,18.36,266.7964912280702
PS_qb1of3__OCF_E_qb2of3__C7_ROE_DYN_ytdavg_gt_lyavg__v0,PS_qb1of3__OCF_E_qb2of3,C7_ROE_DYN_ytdavg_gt_lyavg,0.1269710150507981,0.10315298366883918,0.023818031381958926,-0.5091811718560028,0.4704225352112676,19.88,74.71929824561404
PB_qb1of3__ACCRUAL_qb1of3__C8_EPS_DYN_riseq1__v0,PB_qb1of3__ACCRUAL_qb1of3,C8_EPS_DYN_riseq1,0.12696743222470097,0.10392799967158028,0.023039432553120687,-0.5994674111517291,0.5003453038674033,19.46,81.48070175438596
OCF_E_qb2of3__ROIC_qb2of3__C1_ROE_DYN_riseq1__v0,OCF_E_qb2of3__ROIC_qb2of3,C1_ROE_DYN_riseq1,0.12696508588864064,0.10550033079483523,0.02146475509380541,-0.4648531749549085,0.4578301326470006,19.75,157.1263157894737
P_IC_qb1of3__ACCRUAL_qb1of3__C6_ROE_DYN_ytdavg_gt_lyytdavg__v0,P_IC_qb1of3__ACCRUAL_qb1of3,C6_ROE_DYN_ytdavg_gt_lyytdavg,0.12695579433796844,0.10354097010952823,0.023414824228440212,-0.6031419904190587,0.4854262546570239,19.45,73.46315789473684
ROE_qb2of3__FCF_OI_qb2of3__C13_EPS_DYN_ytdavg_gt_lyytdavg__v0,ROE_qb2of3__FCF_OI_qb2of3,C13_EPS_DYN_ytdavg_gt_lyytdavg,0.12695012047340204,0.10612897361205387,0.020821146861348172,-0.5408042121880541,0.45698441247002397,19.47,101.26315789473684
P_IC_qb1of3__DEBTRATIO_qb1of3__C13_EPS_DYN_ytdavg_gt_lyytdavg__v0,P_IC_qb1of3__DEBTRATIO_qb1of3,C13_EPS_DYN_ytdavg_gt_lyytdavg,0.12694404886836752,0.10457322351498388,0.02237082535338364,-0.5438827304546432,0.47823765020026704,19.12,91.58245614035087
PB_qb1of3__FCF_P_qb1of3__C8_EPS_DYN_riseq1__v0,PB_qb1of3__FCF_P_qb1of3,C8_EPS_DYN_riseq1,0.12691864576646195,0.10479620641868093,0.02212243934778102,-0.6641678845022227,0.5054112554112554,18.65,75.41052631578947
PB_qb1of3__DEBTRATIO_qb1of3__C1_ROE_DYN_riseq1__v0,PB_qb1of3__DEBTRATIO_qb1of3,C1_ROE_DYN_riseq1,0.12676681453463456,0.10213199884253421,0.024634815692100354,-0.6430661176240328,0.4959579628132579,18.77,81.41052631578947
ROE_qb2of3__DEBTRATIO_qb2of3__C17_FCF_P_DYN_qmax4__v0,ROE_qb2of3__DEBTRATIO_qb2of3,C17_FCF_P_DYN_qmax4,0.12675545710334113,0.11194290084226521,0.014812556261075915,-0.5248775551526892,0.46779661016949153,22.16,37.98091603053435
PS_qb1of3__OCF_E_qb2of3__C8_EPS_DYN_riseq1__v0,PS_qb1of3__OCF_E_qb2of3,C8_EPS_DYN_riseq1,0.12673632142178892,0.10315298366883918,0.02358333775294974,-0.5714432790525654,0.48448810754912097,19.88,83.89122807017544
EV_S_qb0of3__ROIC_qb2of3__C15_FCF_P_DYN_riseq1__v0,EV_S_qb0of3__ROIC_qb2of3,C15_FCF_P_DYN_riseq1,0.12672729017473094,0.15799574490089796,-0.031268454726167016,-0.541440327518948,0.4666191494416726,18.52,55.04912280701755
EV_S_qb1of3__FCF_OI_qb2of3__C5_ROE_DYN_yoy__v0,EV_S_qb1of3__FCF_OI_qb2of3,C5_ROE_DYN_yoy,0.12670875669556758,0.10909170051585249,0.017617056179715096,-0.612022114817496,0.47219531098624296,20.89,78.208
P_IC_qb1of3__ACCRUAL_qb1of3__C2_ROE_DYN_riseq2__v0,P_IC_qb1of3__ACCRUAL_qb1of3,C2_ROE_DYN_riseq2,0.12666740770868623,0.10354097010952823,0.023126437599158,-0.5943215504215562,0.5041920731707317,19.32,81.63503649635037
MOM_qb2of3__FCF_OI_qb0of3__C15_FCF_P_DYN_riseq1__v0,MOM_qb2of3__FCF_OI_qb0of3,C15_FCF_P_DYN_riseq1,0.12663864745027964,0.1129050553120563,0.013733592138223338,-0.6722628526786725,0.4558765334388603,17.66,28.96140350877193
PS_qb1of3__ROE_qb2of3__C14_EPS_DYN_ytdavg_gt_lyavg__v0,PS_qb1of3__ROE_qb2of3,C14_EPS_DYN_ytdavg_gt_lyavg,0.1266113353231244,0.11938211139414667,0.007229223928977735,-0.5403243437027206,0.48774563921395453,19.4,99.49824561403508
ROE_qb2of3__ROIC_qb2of3__C14_EPS_DYN_ytdavg_gt_lyavg__v0,ROE_qb2of3__ROIC_qb2of3,C14_EPS_DYN_ytdavg_gt_lyavg,0.12657496419774517,0.10497732735766574,0.021597636840079426,-0.4366861406891732,0.4547757255936675,19.23,270.2421052631579
EV_S_qb1of3__None__C8_EPS_DYN_riseq1__v0,EV_S_qb1of3__None,C8_EPS_DYN_riseq1,0.12657482558925826,0.11261458954493708,0.013960236044321173,-0.6189572088560764,0.4792821709950394,20.21,239.0456140350877
EV_S_qb1of3__ROIC_qb2of3__C8_EPS_DYN_riseq1__v0,EV_S_qb1of3__ROIC_qb2of3,C8_EPS_DYN_riseq1,0.12654047362164333,0.11007268957710736,0.01646778404453597,-0.5871453464750369,0.4938512297540492,19.16,105.68070175438596
MOM_qb1of3__ROE_qb2of3__C7_ROE_DYN_ytdavg_gt_lyavg__v0,MOM_qb1of3__ROE_qb2of3,C7_ROE_DYN_ytdavg_gt_lyavg,0.1265005148304661,0.10831556437834422,0.018184950452121873,-0.6339822372695965,0.5321454812637766,19.08,69.70175438596492
PB_qb1of3__DEBTRATIO_qb1of3__C6_ROE_DYN_ytdavg_gt_lyytdavg__v0,PB_qb1of3__DEBTRATIO_qb1of3,C6_ROE_DYN_ytdavg_gt_lyytdavg,0.1264923911979361,0.10213199884253421,0.024360392355401883,-0.577202673705947,0.478629792583281,19.78,74.42807017543859
P_IC_qb1of3__DEBTRATIO_qb0of3__C19_FCF_P_DYN_yoy__v0,P_IC_qb1of3__DEBTRATIO_qb0of3,C19_FCF_P_DYN_yoy,0.12643827474720482,0.1393426824369417,-0.012904407689736885,-0.6161153589729484,0.5097990573058795,22.44,82.772
P_IC_qb1of3__ROE_qb1of3__C1_ROE_DYN_riseq1__v0,P_IC_qb1of3__ROE_qb1of3,C1_ROE_DYN_riseq1,0.1263729753452496,0.10639715439744668,0.019975820947802925,-0.6146853633396625,0.49919015225137675,18.88,97.76491228070175
ROE_qb2of3__None__C13_EPS_DYN_ytdavg_gt_lyytdavg__v0,ROE_qb2of3__None,C13_EPS_DYN_ytdavg_gt_lyytdavg,0.1263561590034481,0.10857200626884822,0.01778415273459988,-0.43710429314250676,0.4550851581508516,19.15,315.1333333333333
PS_qb1of3__ROE_qb1of3__C5_ROE_DYN_yoy__v0,PS_qb1of3__ROE_qb1of3,C5_ROE_DYN_yoy,0.12634948872760998,0.1012338625934468,0.025115626134163183,-0.5898900490941306,0.48156474820143885,20.84,81.78
PS_qb1of3__DEBTRATIO_qb0of3__None__v0,PS_qb1of3__DEBTRATIO_qb0of3,None,0.12634493133806424,0.12634493133806424,0.0,-0.6204393164947257,0.5110613969674372,20.07,159.7205387205387
ACCRUAL_qb1of3__FCF_OI_qb1of3__C18_FCF_P_DYN_qmax8__v0,ACCRUAL_qb1of3__FCF_OI_qb1of3,C18_FCF_P_DYN_qmax8,0.1263240380025792,0.11215386819556161,0.014170169807017574,-0.6381432829872644,0.4456094364351245,22.16,13.49375
MOM_qb2of3__ACCRUAL_qb1of3__C18_FCF_P_DYN_qmax8__v0,MOM_qb2of3__ACCRUAL_qb1of3,C18_FCF_P_DYN_qmax8,0.1263074019273387,0.13564208643476539,-0.009334684507426694,-0.6588305570646034,0.4618501012829169,26.23,18.660944206008583
EV_S_qb1of3__ROE_qb2of3__C1_ROE_DYN_riseq1__v0,EV_S_qb1of3__ROE_qb2of3,C1_ROE_DYN_riseq1,0.1262854106346527,0.11180655286183461,0.014478857772818099,-0.5725632898830896,0.4906699296420924,18.62,100.08421052631579
ACCRUAL_qb0of3__DEBTRATIO_qb2of3__C8_EPS_DYN_riseq1__v0,ACCRUAL_qb0of3__DEBTRATIO_qb2of3,C8_EPS_DYN_riseq1,0.12628505723489192,0.10760438208815426,0.018680675146737657,-0.5064425962410193,0.4533557674331651,19.56,81.03859649122808
PB_qb1of3__DEBTRATIO_qb1of3__C13_EPS_DYN_ytdavg_gt_lyytdavg__v0,PB_qb1of3__DEBTRATIO_qb1of3,C13_EPS_DYN_ytdavg_gt_lyytdavg,0.12622582880383537,0.10213199884253421,0.02409382996130116,-0.5546001816748614,0.47694610778443114,19.6,78.88771929824561
PB_qb1of3__NETDEBT_EBITDA_qb0of3__C7_ROE_DYN_ytdavg_gt_lyavg__v0,PB_qb1of3__NETDEBT_EBITDA_qb0of3,C7_ROE_DYN_ytdavg_gt_lyavg,0.12621516135189204,0.11510738211040183,0.011107779241490201,-0.6193882095974181,0.4746233148295004,18.48,57.17894736842105
MOM_qb2of3__FCF_OI_qb1of3__C15_FCF_P_DYN_riseq1__v0,MOM_qb2of3__FCF_OI_qb1of3,C15_FCF_P_DYN_riseq1,0.12621502452509126,0.1494073362333117,-0.023192311708220448,-0.711830325173817,0.4603667553978113,16.97,74.4
EV_S_qb1of3__ACCRUAL_qb1of3__C7_ROE_DYN_ytdavg_gt_lyavg__v0,EV_S_qb1of3__ACCRUAL_qb1of3,C7_ROE_DYN_ytdavg_gt_lyavg,0.12618249620980837,0.11256341933953151,0.013619076870276858,-0.6330088888272773,0.4871111111111111,20.28,70.94385964912281
MOM_qb2of3__ACCRUAL_qb2of3__C8_EPS_DYN_riseq1__v0,MOM_qb2of3__ACCRUAL_qb2of3,C8_EPS_DYN_riseq1,0.12617856200999267,0.11246072837315779,0.013717833636834875,-0.6785697478727295,0.4888328075709779,17.52,95.52631578947368
MOM_qb2of3__NETDEBT_EBITDA_qb2of3__C20_FCF_P_DYN_ytdavg_gt_lyytdavg__v0,MOM_qb2of3__NETDEBT_EBITDA_qb2of3,C20_FCF_P_DYN_ytdavg_gt_lyytdavg,0.1261589629333446,0.13535856297428794,-0.009199600040943334,-0.6673419542643508,0.4646118721461187,17.52,72.77894736842106
PB_qb1of3__ROIC_qb1of3__C14_EPS_DYN_ytdavg_gt_lyavg__v0,PB_qb1of3__ROIC_qb1of3,C14_EPS_DYN_ytdavg_gt_lyavg,0.12612803719481325,0.10263205495867078,0.023495982236142465,-0.561798436610718,0.49422222222222223,18.74,86.24561403508773
PS_qb0of3__None__C15_FCF_P_DYN_riseq1__v0,PS_qb0of3__None,C15_FCF_P_DYN_riseq1,0.12611668292646638,0.16434511041889355,-0.038228427492427164,-0.5888263767904754,0.47252507631923246,19.27,227.10526315789474
PB_qb1of3__ROIC_qb1of3__C12_EPS_DYN_yoy__v0,PB_qb1of3__ROIC_qb1of3,C12_EPS_DYN_yoy,0.12608812777487333,0.10263205495867078,0.023456072816202544,-0.5777718086211757,0.48895717303629727,20.85,93.332
ROE_qb0of3__EV_EBITDA_qb1of3__C12_EPS_DYN_yoy__v0,ROE_qb0of3__EV_EBITDA_qb1of3,C12_EPS_DYN_yoy,0.12608195725780802,0.12350332831042143,0.0025786289473865853,-0.6486883117936217,0.47543966040024255,19.19,24.844
FCF_OI_qb1of3__DEBTRATIO_qb0of3__C1_ROE_DYN_riseq1__v0,FCF_OI_qb1of3__DEBTRATIO_qb0of3,C1_ROE_DYN_riseq1,0.12607711095202423,0.10607558667456085,0.02000152427746338,-0.6142694432129205,0.48756645515348995,18.74,85.6
EV_S_qb0of3__ROE_qb2of3__C17_FCF_P_DYN_qmax4__v0,EV_S_qb0of3__ROE_qb2of3,C17_FCF_P_DYN_qmax4,0.12607402437144954,0.16125483918444772,-0.035180814812998173,-0.5387344525075061,0.47143412359113873,20.45,33.408396946564885
FCF_OI_qb1of3__NETDEBT_EBITDA_qb2of3__C18_FCF_P_DYN_qmax8__v0,FCF_OI_qb1of3__NETDEBT_EBITDA_qb2of3,C18_FCF_P_DYN_qmax8,0.12603060910788022,0.11499305815386185,0.011037550954018371,-0.6790294679552895,0.42093287827076226,27.26,13.712041884816754
PB_qb1of3__FCF_P_qb1of3__C6_ROE_DYN_ytdavg_gt_lyytdavg__v0,PB_qb1of3__FCF_P_qb1of3,C6_ROE_DYN_ytdavg_gt_lyytdavg,0.1259474373963616,0.10479620641868093,0.02115123097768068,-0.6312617099489655,0.4879163945133899,19.03,68.71578947368421
EV_S_qb1of3__None__C14_EPS_DYN_ytdavg_gt_lyavg__v0,EV_S_qb1of3__None,C14_EPS_DYN_ytdavg_gt_lyavg,0.12593443155358974,0.11261458954493708,0.01331984200865266,-0.5966076549905104,0.481542144387048,19.39,220.9543859649123
EV_S_qb1of3__NETDEBT_EBITDA_qb2of3__None__v0,EV_S_qb1of3__NETDEBT_EBITDA_qb2of3,None,0.12592618420732227,0.12592618420732227,0.0,-0.6137490581980913,0.49558823529411766,21.47,172.36363636363637
ROE_qb2of3__FCF_OI_qb2of3__C19_FCF_P_DYN_yoy__v0,ROE_qb2of3__FCF_OI_qb2of3,C19_FCF_P_DYN_yoy,0.12588855129103393,0.10612897361205387,0.019759577678980067,-0.5675717285890096,0.4870148003351019,24.63,109.86
PB_qb1of3__DEBTRATIO_qb1of3__C8_EPS_DYN_riseq1__v0,PB_qb1of3__DEBTRATIO_qb1of3,C8_EPS_DYN_riseq1,0.1258326853896785,0.10213199884253421,0.0237006865471443,-0.6314844897810066,0.49567491450412393,18.59,82.1859649122807
OCF_E_qb2of3__None__C13_EPS_DYN_ytdavg_gt_lyytdavg__v0,OCF_E_qb2of3__None,C13_EPS_DYN_ytdavg_gt_lyytdavg,0.12579824440259801,0.10702478116805669,0.01877346323454132,-0.47300214896148296,0.46383659228029367,20.12,274.17543859649123
OCF_E_qb2of3__FCF_P_qb0of3__C6_ROE_DYN_ytdavg_gt_lyytdavg__v0,OCF_E_qb2of3__FCF_P_qb0of3,C6_ROE_DYN_ytdavg_gt_lyytdavg,0.1257725400263492,0.10663543740601678,0.019137102620332413,-0.4820863111009178,0.4623105687856721,21.17,67.10877192982456
ROE_qb2of3__NETDEBT_EBITDA_qb2of3__None__v0,ROE_qb2of3__NETDEBT_EBITDA_qb2of3,None,0.12573108691877288,0.12573108691877288,0.0,-0.5004201871639496,0.4561849123698247,19.27,90.73063973063974
P_IC_qb1of3__NETDEBT_EBITDA_qb1of3__C1_ROE_DYN_riseq1__v0,P_IC_qb1of3__NETDEBT_EBITDA_qb1of3,C1_ROE_DYN_riseq1,0.12571522093330612,0.11371455528078345,0.012000665652522668,-0.6086997926010892,0.4928168757955992,19.91,89.37894736842105
EV_EBITDA_qb0of3__None__C19_FCF_P_DYN_yoy__v0,EV_EBITDA_qb0of3__None,C19_FCF_P_DYN_yoy,0.1256981956401675,0.1454246752563002,-0.01972647961613272,-0.607095720124421,0.48052920619071393,22.42,229.436
ROE_qb2of3__NETDEBT_EBITDA_qb0of3__C18_FCF_P_DYN_qmax8__v0,ROE_qb2of3__NETDEBT_EBITDA_qb0of3,C18_FCF_P_DYN_qmax8,0.12568988289021,0.10739791521726105,0.01829196767294894,-0.6627677396609235,0.46027846027846026,22.96,16.228699551569505
FCF_OI_qb1of3__FCF_P_qb2of3__C15_FCF_P_DYN_riseq1__v0,FCF_OI_qb1of3__FCF_P_qb2of3,C15_FCF_P_DYN_riseq1,0.12566218154081632,0.1661308330210336,-0.04046865148021728,-0.5780277872637773,0.44945598417408505,18.7,60.32631578947368
P_IC_qb1of3__ACCRUAL_qb1of3__C12_EPS_DYN_yoy__v0,P_IC_qb1of3__ACCRUAL_qb1of3,C12_EPS_DYN_yoy,0.1256599473920823,0.10354097010952823,0.022118977282554075,-0.6445866128960362,0.49247139128689016,20.8,80.396
ROE_qb2of3__FCF_OI_qb1of3__C8_EPS_DYN_riseq1__v0,ROE_qb2of3__FCF_OI_qb1of3,C8_EPS_DYN_riseq1,0.1256233082715068,0.1074915393951017,0.018131768876405108,-0.51889093966515,0.48182349503214494,18.6,125.05964912280702
PS_qb0of3__EV_S_qb0of3__C18_FCF_P_DYN_qmax8__v0,PS_qb0of3__EV_S_qb0of3,C18_FCF_P_DYN_qmax8,0.12555796462736035,0.16026918058568085,-0.034711215958320496,-0.620518110283653,0.4643191025241508,22.24,44.55364806866953
PS_qb1of3__MOM_qb2of3__C17_FCF_P_DYN_qmax4__v0,PS_qb1of3__MOM_qb2of3,C17_FCF_P_DYN_qmax4,0.12555157335970102,0.12985143618864448,-0.004299862828943457,-0.7108210954036126,0.45343609505459215,19.51,36.33587786259542
ROE_qb2of3__NETDEBT_EBITDA_qb2of3__C20_FCF_P_DYN_ytdavg_gt_lyytdavg__v0,ROE_qb2of3__NETDEBT_EBITDA_qb2of3,C20_FCF_P_DYN_ytdavg_gt_lyytdavg,0.12552581214775382,0.12573108691877288,-0.00020527477101905944,-0.5592255175710905,0.49519431675720854,18.94,41.89824561403509
ROE_qb1of3__FCF_OI_qb1of3__C16_FCF_P_DYN_riseq2__v0,ROE_qb1of3__FCF_OI_qb1of3,C16_FCF_P_DYN_riseq2,0.12545015389181136,0.11311461277821944,0.012335541113591919,-0.6127190182587914,0.4781631342324984,20.77,86.94525547445255
PB_qb1of3__MOM_qb2of3__C20_FCF_P_DYN_ytdavg_gt_lyytdavg__v0,PB_qb1of3__MOM_qb2of3,C20_FCF_P_DYN_ytdavg_gt_lyytdavg,0.12544790362949798,0.14055424123730442,-0.015106337607806442,-0.6654405714337974,0.48725262970226424,16.18,75.4140350877193
MOM_qb1of3__ROE_qb2of3__C3_ROE_DYN_qmax4__v0,MOM_qb1of3__ROE_qb2of3,C3_ROE_DYN_qmax4,0.12543747225483637,0.10831556437834422,0.01712190787649215,-0.6674967671874237,0.535427135678392,20.1,49.969465648854964
MOM_qb2of3__DEBTRATIO_qb2of3__C18_FCF_P_DYN_qmax8__v0,MOM_qb2of3__DEBTRATIO_qb2of3,C18_FCF_P_DYN_qmax8,0.1254216659860108,0.1409681494808137,-0.01554648349480292,-0.7366345800620241,0.46881155613919895,21.24,19.69527896995708
P_IC_qb1of3__None__C1_ROE_DYN_riseq1__v0,P_IC_qb1of3__None,C1_ROE_DYN_riseq1,0.12541006066796867,0.10774864588230604,0.017661414785662632,-0.6152425420639895,0.4875018598422854,18.75,235.63859649122807
FCF_OI_qb1of3__DEBTRATIO_qb1of3__C3_ROE_DYN_qmax4__v0,FCF_OI_qb1of3__DEBTRATIO_qb1of3,C3_ROE_DYN_qmax4,0.125300440216628,0.1043803523024891,0.020920087914138907,-0.6110636530147285,0.49422564406277764,18.31,48.01145038167939
PS_qb1of3__ROIC_qb2of3__C7_ROE_DYN_ytdavg_gt_lyavg__v0,PS_qb1of3__ROIC_qb2of3,C7_ROE_DYN_ytdavg_gt_lyavg,0.1252815221808541,0.12120296701946254,0.0040785551613915505,-0.5402656329848973,0.4821507271925959,19.27,94.4140350877193
ROE_qb2of3__ACCRUAL_qb1of3__C14_EPS_DYN_ytdavg_gt_lyavg__v0,ROE_qb2of3__ACCRUAL_qb1of3,C14_EPS_DYN_ytdavg_gt_lyavg,0.12525914287604678,0.10780358903293696,0.017455553843109817,-0.4709110481841663,0.48373064207412564,19.32,87.87719298245614
FCF_OI_qb1of3__DEBTRATIO_qb0of3__C13_EPS_DYN_ytdavg_gt_lyytdavg__v0,FCF_OI_qb1of3__DEBTRATIO_qb0of3,C13_EPS_DYN_ytdavg_gt_lyytdavg,0.12524301777426738,0.10607558667456085,0.019167431099706533,-0.5554836918831325,0.48663967611336034,18.48,83.1719298245614
MOM_qb1of3__ROE_qb2of3__C15_FCF_P_DYN_riseq1__v0,MOM_qb1of3__ROE_qb2of3,C15_FCF_P_DYN_riseq1,0.12521240099271513,0.10831556437834422,0.016896836614370914,-0.5753468583806911,0.4901855817273376,21.82,62.4
PS_qb1of3__NETDEBT_EBITDA_qb1of3__C12_EPS_DYN_yoy__v0,PS_qb1of3__NETDEBT_EBITDA_qb1of3,C12_EPS_DYN_yoy,0.12519595285282104,0.10068019804438966,0.024515754808431378,-0.6080893497718539,0.472430224642614,22.85,101.944
PB_qb1of3__FCF_P_qb1of3__C13_EPS_DYN_ytdavg_gt_lyytdavg__v0,PB_qb1of3__FCF_P_qb1of3,C13_EPS_DYN_ytdavg_gt_lyytdavg,0.1251883077197633,0.10479620641868093,0.020392101301082377,-0.6172016618094767,0.4839909109688081,18.95,72.63508771929824
OCF_E_qb2of3__FCF_P_qb0of3__C16_FCF_P_DYN_riseq2__v0,OCF_E_qb2of3__FCF_P_qb0of3,C16_FCF_P_DYN_riseq2,0.12518371163683262,0.10663543740601678,0.018548274230815842,-0.6309496617366406,0.45851917930419267,26.05,27.594890510948904
ROE_qb2of3__FCF_OI_qb1of3__C6_ROE_DYN_ytdavg_gt_lyytdavg__v0,ROE_qb2of3__FCF_OI_qb1of3,C6_ROE_DYN_ytdavg_gt_lyytdavg,0.12517806095889106,0.1074915393951017,0.01768652156378936,-0.45796647603146534,0.4766884531590414,18.43,113.98245614035088
ACCRUAL_qb0of3__DEBTRATIO_qb2of3__C6_ROE_DYN_ytdavg_gt_lyytdavg__v0,ACCRUAL_qb0of3__DEBTRATIO_qb2of3,C6_ROE_DYN_ytdavg_gt_lyytdavg,0.12515388947780193,0.10760438208815426,0.017549507389647667,-0.4555672307024161,0.451908056237447,18.64,73.41052631578947
EV_EBITDA_qb1of3__ROIC_qb1of3__None__v0,EV_EBITDA_qb1of3__ROIC_qb1of3,None,0.12513866146333696,0.12513866146333696,0.0,-0.5975789943150778,0.49374369323915235,20.32,193.32996632996634
P_IC_qb1of3__OCF_E_qb1of3__C13_EPS_DYN_ytdavg_gt_lyytdavg__v0,P_IC_qb1of3__OCF_E_qb1of3,C13_EPS_DYN_ytdavg_gt_lyytdavg,0.12512696088287778,0.10858375215866056,0.016543208724217218,-0.5588852806848887,0.49126984126984125,19.43,82.89824561403509
OCF_E_qb1of3__FCF_OI_qb1of3__C13_EPS_DYN_ytdavg_gt_lyytdavg__v0,OCF_E_qb1of3__FCF_OI_qb1of3,C13_EPS_DYN_ytdavg_gt_lyytdavg,0.1250906959416196,0.10728376775503445,0.017806928186585136,-0.5528116966091067,0.47745049093027125,18.59,82.93333333333334
ACCRUAL_qb0of3__FCF_OI_qb1of3__C16_FCF_P_DYN_riseq2__v0,ACCRUAL_qb0of3__FCF_OI_qb1of3,C16_FCF_P_DYN_riseq2,0.12504821740803984,0.11153610581397233,0.01351211159406751,-0.5949394048053092,0.472458293988039,20.96,82.27007299270073
PS_qb1of3__NETDEBT_EBITDA_qb0of3__C16_FCF_P_DYN_riseq2__v0,PS_qb1of3__NETDEBT_EBITDA_qb0of3,C16_FCF_P_DYN_riseq2,0.12502551467015177,0.11822478808596304,0.006800726584188732,-0.6575643669526389,0.496952648851383,19.65,79.63138686131387
P_IC_qb1of3__ACCRUAL_qb1of3__C1_ROE_DYN_riseq1__v0,P_IC_qb1of3__ACCRUAL_qb1of3,C1_ROE_DYN_riseq1,0.1249839486946982,0.10354097010952823,0.02144297858516997,-0.6121523436024636,0.4951219512195122,19.22,82.50526315789473
EV_S_qb1of3__OCF_E_qb1of3__C7_ROE_DYN_ytdavg_gt_lyavg__v0,EV_S_qb1of3__OCF_E_qb1of3,C7_ROE_DYN_ytdavg_gt_lyavg,0.12497375882135264,0.11166086551822496,0.013312893303127682,-0.6171407440793301,0.4884649511978705,18.67,73.69824561403509
PS_qb1of3__ROIC_qb2of3__C20_FCF_P_DYN_ytdavg_gt_lyytdavg__v0,PS_qb1of3__ROIC_qb2of3,C20_FCF_P_DYN_ytdavg_gt_lyytdavg,0.12496729597546796,0.12120296701946254,0.003764328956005425,-0.6046491270899302,0.5150730098916627,19.92,85.25964912280702
PS_qb1of3__None__C1_ROE_DYN_riseq1__v0,PS_qb1of3__None,C1_ROE_DYN_riseq1,0.12496136983573525,0.10454523190678677,0.020416137928948475,-0.6166096009254136,0.48238661382650816,19.68,236.1157894736842
EV_S_qb0of3__NETDEBT_EBITDA_qb2of3__C20_FCF_P_DYN_ytdavg_gt_lyytdavg__v0,EV_S_qb0of3__NETDEBT_EBITDA_qb2of3,C20_FCF_P_DYN_ytdavg_gt_lyytdavg,0.12494034897127237,0.1541547522146991,-0.029214403243426723,-0.6084374439002991,0.4958460865763008,18.5,61.35438596491228
PB_qb0of3__ROIC_qb2of3__C17_FCF_P_DYN_qmax4__v0,PB_qb0of3__ROIC_qb2of3,C17_FCF_P_DYN_qmax4,0.12490052372624305,0.20645135520675573,-0.08155083148051268,-0.624488199572715,0.48532494758909855,24.17,12.452
PS_qb0of3__EV_S_qb0of3__C15_FCF_P_DYN_riseq1__v0,PS_qb0of3__EV_S_qb0of3,C15_FCF_P_DYN_riseq1,0.12489728101851827,0.16026918058568085,-0.03537189956716258,-0.574240973826194,0.46928327645051193,18.62,170.61754385964912
P_IC_qb1of3__NETDEBT_EBITDA_qb0of3__C19_FCF_P_DYN_yoy__v0,P_IC_qb1of3__NETDEBT_EBITDA_qb0of3,C19_FCF_P_DYN_yoy,0.1248814725897811,0.14111189279231584,-0.016230420202534734,-0.6234932896704205,0.4988420565076424,22.34,87.1
PS_qb1of3__None__C14_EPS_DYN_ytdavg_gt_lyavg__v0,PS_qb1of3__None,C14_EPS_DYN_ytdavg_gt_lyavg,0.12483912557253563,0.10454523190678677,0.020293893665748852,-0.5742747653606132,0.4812977099236641,19.44,220.5719298245614
ACCRUAL_qb0of3__DEBTRATIO_qb2of3__C13_EPS_DYN_ytdavg_gt_lyytdavg__v0,ACCRUAL_qb0of3__DEBTRATIO_qb2of3,C13_EPS_DYN_ytdavg_gt_lyytdavg,0.12480741395248218,0.10760438208815426,0.017203031864327922,-0.45280911175510274,0.4555093555093555,18.65,79.3438596491228
PS_qb1of3__ROE_qb1of3__C4_ROE_DYN_qmax8__v0,PS_qb1of3__ROE_qb1of3,C4_ROE_DYN_qmax8,0.12475589924984498,0.1012338625934468,0.023522036656398182,-0.7288762477027793,0.512,18.87,18.141630901287552
PS_qb0of3__OCF_E_qb1of3__C17_FCF_P_DYN_qmax4__v0,PS_qb0of3__OCF_E_qb1of3,C17_FCF_P_DYN_qmax4,0.12474806570401009,0.16105240877452465,-0.036304343070514555,-0.5814905053800252,0.4674644727000748,18.59,33.767175572519086
MOM_qb2of3__FCF_OI_qb0of3__C16_FCF_P_DYN_riseq2__v0,MOM_qb2of3__FCF_OI_qb0of3,C16_FCF_P_DYN_riseq2,0.12473735339523784,0.1129050553120563,0.011832298083181536,-0.7022845840410639,0.4597069597069597,21.59,32.08759124087591
PB_qb1of3__OCF_E_qb2of3__None__v0,PB_qb1of3__OCF_E_qb2of3,None,0.12468663979722217,0.12468663979722217,0.0,-0.5614887704561671,0.4903878967125469,20.42,145.7979797979798
EV_EBITDA_qb0of3__None__C15_FCF_P_DYN_riseq1__v0,EV_EBITDA_qb0of3__None,C15_FCF_P_DYN_riseq1,0.12466473360466512,0.1454246752563002,-0.020759941651635083,-0.6010751548887437,0.4582469238213743,20.66,225.93684210526317
EV_S_qb1of3__ACCRUAL_qb1of3__C6_ROE_DYN_ytdavg_gt_lyytdavg__v0,EV_S_qb1of3__ACCRUAL_qb1of3,C6_ROE_DYN_ytdavg_gt_lyytdavg,0.12462944111467489,0.11256341933953151,0.012066021775143376,-0.6308147058130155,0.48302598491198656,20.72,75.73684210526316
PB_qb1of3__NETDEBT_EBITDA_qb1of3__C10_EPS_DYN_qmax4__v0,PB_qb1of3__NETDEBT_EBITDA_qb1of3,C10_EPS_DYN_qmax4,0.12458978207330063,0.11455350465136882,0.010036277421931805,-0.5125722909439904,0.5113109048723898,18.88,52.912213740458014
EV_S_qb1of3__ROE_qb2of3__C6_ROE_DYN_ytdavg_gt_lyytdavg__v0,EV_S_qb1of3__ROE_qb2of3,C6_ROE_DYN_ytdavg_gt_lyytdavg,0.12451841285079301,0.11180655286183461,0.012711859988958407,-0.5335909375833598,0.48477859778597787,18.53,92.15789473684211
MOM_qb2of3__FCF_P_qb1of3__None__v0,MOM_qb2of3__FCF_P_qb1of3,None,0.12449311185748302,0.12449311185748302,0.0,-0.6889377013409039,0.47591684975494336,18.06,148.07407407407408
FCF_OI_qb1of3__DEBTRATIO_qb1of3__C6_ROE_DYN_ytdavg_gt_lyytdavg__v0,FCF_OI_qb1of3__DEBTRATIO_qb1of3,C6_ROE_DYN_ytdavg_gt_lyytdavg,0.1244776410510049,0.1043803523024891,0.020097288748515796,-0.5398277802769467,0.4678232802098043,19.19,83.64912280701755
EV_S_qb1of3__ACCRUAL_qb1of3__C14_EPS_DYN_ytdavg_gt_lyavg__v0,EV_S_qb1of3__ACCRUAL_qb1of3,C14_EPS_DYN_ytdavg_gt_lyavg,0.12444560105404534,0.11256341933953151,0.011882181714513829,-0.6190137633517504,0.48884680134680136,20.84,75.65964912280701
DEBTRATIO_qb2of3__FCF_P_qb0of3__C7_ROE_DYN_ytdavg_gt_lyavg__v0,DEBTRATIO_qb2of3__FCF_P_qb0of3,C7_ROE_DYN_ytdavg_gt_lyavg,0.12424145554503152,0.10901546451131372,0.0152259910337178,-0.57151347172146,0.4610526315789474,19.18,81.01754385964912
ROE_qb2of3__ACCRUAL_qb1of3__C18_FCF_P_DYN_qmax8__v0,ROE_qb2of3__ACCRUAL_qb1of3,C18_FCF_P_DYN_qmax8,0.1242168937516468,0.10780358903293696,0.01641330471870983,-0.7386929644910522,0.4664586583463339,27.24,16.09442060085837
FCF_OI_qb1of3__DEBTRATIO_qb2of3__C16_FCF_P_DYN_riseq2__v0,FCF_OI_qb1of3__DEBTRATIO_qb2of3,C16_FCF_P_DYN_riseq2,0.12418459321852415,0.11211067470469849,0.012073918513825665,-0.6204418792905972,0.47070124879923153,20.07,80.75547445255475
FCF_OI_qb1of3__NETDEBT_EBITDA_qb0of3__C13_EPS_DYN_ytdavg_gt_lyytdavg__v0,FCF_OI_qb1of3__NETDEBT_EBITDA_qb0of3,C13_EPS_DYN_ytdavg_gt_lyytdavg,0.1241744668579472,0.10774462377156824,0.01642984308637896,-0.6062915941977947,0.47314524555903864,17.62,82.77543859649123
ROE_qb0of3__EV_EBITDA_qb1of3__C14_EPS_DYN_ytdavg_gt_lyavg__v0,ROE_qb0of3__EV_EBITDA_qb1of3,C14_EPS_DYN_ytdavg_gt_lyavg,0.12413728075436725,0.12350332831042143,0.0006339524439458177,-0.6052075073571667,0.46537216828478967,17.37,23.08421052631579
EV_S_qb0of3__OCF_E_qb2of3__C15_FCF_P_DYN_riseq1__v0,EV_S_qb0of3__OCF_E_qb2of3,C15_FCF_P_DYN_riseq1,0.12403576199879796,0.15462123639236114,-0.030585474393563183,-0.5856641488774343,0.4723417822413518,20.58,80.66315789473684
ROE_qb0of3__EV_EBITDA_qb1of3__C9_EPS_DYN_riseq2__v0,ROE_qb0of3__EV_EBITDA_qb1of3,C9_EPS_DYN_riseq2,0.12400864286535929,0.12350332831042143,0.0005053145549378524,-0.662250489631816,0.48131868131868133,18.27,27.368613138686133
PS_qb1of3__FCF_OI_qb2of3__C11_EPS_DYN_qmax8__v0,PS_qb1of3__FCF_OI_qb2of3,C11_EPS_DYN_qmax8,0.12397620059967163,0.10173212465613313,0.0222440759435385,-0.6709188945662413,0.4953757225433526,25.08,25.34763948497854
EV_S_qb1of3__MOM_qb2of3__C20_FCF_P_DYN_ytdavg_gt_lyytdavg__v0,EV_S_qb1of3__MOM_qb2of3,C20_FCF_P_DYN_ytdavg_gt_lyytdavg,0.12394277584717739,0.12920025367569776,-0.005257477828520374,-0.7052715695304945,0.4661290322580645,18.64,74.1438596491228
ROE_qb2of3__FCF_OI_qb1of3__C1_ROE_DYN_riseq1__v0,ROE_qb2of3__FCF_OI_qb1of3,C1_ROE_DYN_riseq1,0.1238838170833052,0.1074915393951017,0.016392277688203505,-0.5298087372715268,0.4764949674363529,18.84,120.82456140350877
PS_qb1of3__DEBTRATIO_qb0of3__C20_FCF_P_DYN_ytdavg_gt_lyytdavg__v0,PS_qb1of3__DEBTRATIO_qb0of3,C20_FCF_P_DYN_ytdavg_gt_lyytdavg,0.12387881664132805,0.12634493133806424,-0.002466114696736188,-0.6405505178020714,0.5155730269126096,20.45,80.09122807017543
P_IC_qb1of3__ACCRUAL_qb1of3__C14_EPS_DYN_ytdavg_gt_lyavg__v0,P_IC_qb1of3__ACCRUAL_qb1of3,C14_EPS_DYN_ytdavg_gt_lyavg,0.12386428477505151,0.10354097010952823,0.020323314665523284,-0.5992167846244284,0.49080841638981176,20.0,72.26666666666667
PS_qb1of3__OCF_E_qb1of3__C11_EPS_DYN_qmax8__v0,PS_qb1of3__OCF_E_qb1of3,C11_EPS_DYN_qmax8,0.12380807864920618,0.1057020349461224,0.018106043703083774,-0.6851256886443549,0.5074626865671642,20.17,26.445887445887447
PS_qb1of3__ROIC_qb2of3__C19_FCF_P_DYN_yoy__v0,PS_qb1of3__ROIC_qb2of3,C19_FCF_P_DYN_yoy,0.12380013148009272,0.12120296701946254,0.002597164460630186,-0.6429792789316143,0.5041322314049587,23.97,88.844
ACCRUAL_qb0of3__FCF_P_qb2of3__None__v0,ACCRUAL_qb0of3__FCF_P_qb2of3,None,0.12374675560791215,0.12374675560791215,0.0,-0.606197714721214,0.4716528004116991,23.15,163.2861952861953
ROE_qb2of3__None__C8_EPS_DYN_riseq1__v0,ROE_qb2of3__None,C8_EPS_DYN_riseq1,0.12371652403012656,0.10857200626884822,0.015144517761278342,-0.4805644728140612,0.46838314523904045,19.46,322.1438596491228
PS_qb1of3__None__C7_ROE_DYN_ytdavg_gt_lyavg__v0,PS_qb1of3__None,C7_ROE_DYN_ytdavg_gt_lyavg,0.12369187524161807,0.10454523190678677,0.019146643334831293,-0.5966227685375209,0.4795027770431103,19.17,202.81052631578947
PS_qb1of3__NETDEBT_EBITDA_qb1of3__C6_ROE_DYN_ytdavg_gt_lyytdavg__v0,PS_qb1of3__NETDEBT_EBITDA_qb1of3,C6_ROE_DYN_ytdavg_gt_lyytdavg,0.12367854996756811,0.10068019804438966,0.02299835192317845,-0.5736941762550101,0.4762569832402235,21.03,86.52631578947368
EV_S_qb0of3__None__C15_FCF_P_DYN_riseq1__v0,EV_S_qb0of3__None,C15_FCF_P_DYN_riseq1,0.12367244153401291,0.15703616256886455,-0.033363721034851634,-0.5794633474967354,0.47283018867924526,19.3,225.7578947368421
EV_S_qb1of3__DEBTRATIO_qb1of3__C8_EPS_DYN_riseq1__v0,EV_S_qb1of3__DEBTRATIO_qb1of3,C8_EPS_DYN_riseq1,0.1236403331327316,0.11155677487762738,0.01208355825510421,-0.6322392461598707,0.4840191036002939,19.3,90.38245614035088
P_IC_qb1of3__ROE_qb1of3__C12_EPS_DYN_yoy__v0,P_IC_qb1of3__ROE_qb1of3,C12_EPS_DYN_yoy,0.12360814468781078,0.10639715439744668,0.017210990290364103,-0.5950899688554268,0.4900329011031546,21.78,93.832
EV_S_qb1of3__ROE_qb2of3__C14_EPS_DYN_ytdavg_gt_lyavg__v0,EV_S_qb1of3__ROE_qb2of3,C14_EPS_DYN_ytdavg_gt_lyavg,0.12359864622218253,0.11180655286183461,0.011792093360347922,-0.5106467331437905,0.486050566695728,18.8,98.12280701754386
ROE_qb2of3__FCF_OI_qb2of3__C8_EPS_DYN_riseq1__v0,ROE_qb2of3__FCF_OI_qb2of3,C8_EPS_DYN_riseq1,0.12351007322001961,0.10612897361205387,0.017381099607965744,-0.5242284968079578,0.4592175914088468,20.06,106.11929824561403
ROE_qb0of3__EV_EBITDA_qb1of3__None__v0,ROE_qb0of3__EV_EBITDA_qb1of3,None,0.12350332831042143,0.12350332831042143,0.0,-0.6347548852691047,0.4700854700854701,20.15,53.178451178451176
EV_EBITDA_qb1of3__FCF_OI_qb1of3__C16_FCF_P_DYN_riseq2__v0,EV_EBITDA_qb1of3__FCF_OI_qb1of3,C16_FCF_P_DYN_riseq2,0.12349124465291816,0.1275583968310292,-0.004067152178111044,-0.6070382454017718,0.5013769889840881,22.2,91.93795620437956
P_IC_qb1of3__None__C13_EPS_DYN_ytdavg_gt_lyytdavg__v0,P_IC_qb1of3__None,C13_EPS_DYN_ytdavg_gt_lyytdavg,0.12347015265554684,0.10774864588230604,0.0157215067732408,-0.5686743964189326,0.4779594506213211,19.2,224.9298245614035
PB_qb1of3__DEBTRATIO_qb0of3__C14_EPS_DYN_ytdavg_gt_lyavg__v0,PB_qb1of3__DEBTRATIO_qb0of3,C14_EPS_DYN_ytdavg_gt_lyavg,0.12339151412376625,0.1073186532581396,0.016072860865626648,-0.6421965976187433,0.4919117647058823,18.14,65.03508771929825
PB_qb1of3__NETDEBT_EBITDA_qb1of3__C1_ROE_DYN_riseq1__v0,PB_qb1of3__NETDEBT_EBITDA_qb1of3,C1_ROE_DYN_riseq1,0.12338347414430584,0.11455350465136882,0.008829969492937018,-0.5908924819310623,0.499609984399376,20.42,81.17894736842105
EV_EBITDA_qb1of3__ACCRUAL_qb0of3__C18_FCF_P_DYN_qmax8__v0,EV_EBITDA_qb1of3__ACCRUAL_qb0of3,C18_FCF_P_DYN_qmax8,0.1233620252800387,0.12987807961629594,-0.006516054336257238,-0.6194248270114129,0.4661383285302594,26.96,18.04366812227074
ROE_qb2of3__ACCRUAL_qb1of3__C16_FCF_P_DYN_riseq2__v0,ROE_qb2of3__ACCRUAL_qb1of3,C16_FCF_P_DYN_riseq2,0.12334299413063543,0.10780358903293696,0.015539405097698467,-0.6223904106885201,0.4987785016286645,21.94,69.03284671532846
ROE_qb2of3__NETDEBT_EBITDA_qb0of3__C20_FCF_P_DYN_ytdavg_gt_lyytdavg__v0,ROE_qb2of3__NETDEBT_EBITDA_qb0of3,C20_FCF_P_DYN_ytdavg_gt_lyytdavg,0.12327502669914181,0.10739791521726105,0.015877111481880757,-0.604821278135059,0.5180802103879028,18.95,63.90526315789474
EV_S_qb0of3__ROIC_qb2of3__C17_FCF_P_DYN_qmax4__v0,EV_S_qb0of3__ROIC_qb2of3,C17_FCF_P_DYN_qmax4,0.12326973794779073,0.15799574490089796,-0.034726006953107236,-0.5507379382865849,0.45549283543204516,21.15,29.12213740458015
P_IC_qb1of3__NETDEBT_EBITDA_qb1of3__C8_EPS_DYN_riseq1__v0,P_IC_qb1of3__NETDEBT_EBITDA_qb1of3,C8_EPS_DYN_riseq1,0.12325293103123114,0.11371455528078345,0.009538375750447692,-0.6122925942385605,0.4930567762348392,20.13,92.50526315789473
MOM_qb1of3__ROE_qb2of3__C6_ROE_DYN_ytdavg_gt_lyytdavg__v0,MOM_qb1of3__ROE_qb2of3,C6_ROE_DYN_ytdavg_gt_lyytdavg,0.12323199102200455,0.10831556437834422,0.01491642664366033,-0.635275692551498,0.5248868778280543,19.73,72.64561403508772
EV_S_qb0of3__FCF_OI_qb1of3__C18_FCF_P_DYN_qmax8__v0,EV_S_qb0of3__FCF_OI_qb1of3,C18_FCF_P_DYN_qmax8,0.12318210846001953,0.1576248487356633,-0.03444274027564376,-0.6516101401064005,0.4281437125748503,16.8,23.97536945812808
ROE_qb2of3__DEBTRATIO_qb0of3__C1_ROE_DYN_riseq1__v0,ROE_qb2of3__DEBTRATIO_qb0of3,C1_ROE_DYN_riseq1,0.1231807098284099,0.10886193919574749,0.014318770632662403,-0.4982845135866545,0.4689866570501262,19.4,94.74385964912281
EV_EBITDA_qb0of3__DEBTRATIO_qb2of3__C20_FCF_P_DYN_ytdavg_gt_lyytdavg__v0,EV_EBITDA_qb0of3__DEBTRATIO_qb2of3,C20_FCF_P_DYN_ytdavg_gt_lyytdavg,0.12317486836624236,0.14301532522542537,-0.01984045685918301,-0.5257011560326832,0.47528187337380745,19.64,83.00350877192983
OCF_E_qb2of3__FCF_OI_qb1of3__C20_FCF_P_DYN_ytdavg_gt_lyytdavg__v0,OCF_E_qb2of3__FCF_OI_qb1of3,C20_FCF_P_DYN_ytdavg_gt_lyytdavg,0.12317395670725162,0.11774066125008464,0.005433295457166976,-0.625126895178327,0.5026772675644978,19.1,82.57543859649122
PS_qb0of3__FCF_OI_qb1of3__C18_FCF_P_DYN_qmax8__v0,PS_qb0of3__FCF_OI_qb1of3,C18_FCF_P_DYN_qmax8,0.12313699235625664,0.1602886894689004,-0.03715169711264377,-0.660677051267279,0.43090379008746355,16.64,25.256281407035175
OCF_E_qb2of3__FCF_P_qb2of3__C18_FCF_P_DYN_qmax8__v0,OCF_E_qb2of3__FCF_P_qb2of3,C18_FCF_P_DYN_qmax8,0.12308621446901769,0.12762602498232223,-0.004539810513304543,-0.5770795338578193,0.46849621954634557,28.63,47.06008583690987
PS_qb1of3__NETDEBT_EBITDA_qb1of3__C5_ROE_DYN_yoy__v0,PS_qb1of3__NETDEBT_EBITDA_qb1of3,C5_ROE_DYN_yoy,0.12306017112802126,0.10068019804438966,0.0223799730836316,-0.6248197661818625,0.4732678014864541,22.71,94.188
EV_S_qb0of3__NETDEBT_EBITDA_qb0of3__C17_FCF_P_DYN_qmax4__v0,EV_S_qb0of3__NETDEBT_EBITDA_qb0of3,C17_FCF_P_DYN_qmax4,0.12299565792270117,0.15451356457625898,-0.0315179066535578,-0.5682139773199528,0.4649719184156074,20.62,47.12977099236641
ROE_qb2of3__DEBTRATIO_qb0of3__C8_EPS_DYN_riseq1__v0,ROE_qb2of3__DEBTRATIO_qb0of3,C8_EPS_DYN_riseq1,0.1229738984318367,0.10886193919574749,0.014111959236089211,-0.4938091990252135,0.47370304114490164,19.34,98.47719298245615
EV_S_qb1of3__ROIC_qb2of3__C14_EPS_DYN_ytdavg_gt_lyavg__v0,EV_S_qb1of3__ROIC_qb2of3,C14_EPS_DYN_ytdavg_gt_lyavg,0.1229673631049597,0.11007268957710736,0.01289467352785234,-0.5227715630631138,0.48629989212513486,19.29,100.49122807017544
OCF_E_qb2of3__EV_EBITDA_qb1of3__C20_FCF_P_DYN_ytdavg_gt_lyytdavg__v0,OCF_E_qb2of3__EV_EBITDA_qb1of3,C20_FCF_P_DYN_ytdavg_gt_lyytdavg,0.12294717787353848,0.12133006898882948,0.0016171088847090065,-0.6161338094707247,0.5092203170494985,19.71,90.9298245614035
MOM_qb2of3__ROE_qb1of3__C18_FCF_P_DYN_qmax8__v0,MOM_qb2of3__ROE_qb1of3,C18_FCF_P_DYN_qmax8,0.12288514056899857,0.142453064325746,-0.01956792375674743,-0.6504654497531281,0.4765799256505576,23.23,16.909871244635195
ROE_qb1of3__FCF_OI_qb1of3__C13_EPS_DYN_ytdavg_gt_lyytdavg__v0,ROE_qb1of3__FCF_OI_qb1of3,C13_EPS_DYN_ytdavg_gt_lyytdavg,0.12282921020738846,0.11311461277821944,0.009714597429169025,-0.5528828687545067,0.46142958244869076,17.66,85.80350877192983
EV_S_qb1of3__DEBTRATIO_qb1of3__C6_ROE_DYN_ytdavg_gt_lyytdavg__v0,EV_S_qb1of3__DEBTRATIO_qb1of3,C6_ROE_DYN_ytdavg_gt_lyytdavg,0.12276444301902512,0.11155677487762738,0.01120766814139773,-0.6097432076702007,0.4770851124395104,19.88,82.94736842105263
PS_qb1of3__ACCRUAL_qb1of3__C1_ROE_DYN_riseq1__v0,PS_qb1of3__ACCRUAL_qb1of3,C1_ROE_DYN_riseq1,0.12272186238230676,0.10712139139531085,0.015600470986995907,-0.6496100772528868,0.497542789357736,20.49,83.12982456140351
MOM_qb2of3__ACCRUAL_qb2of3__C14_EPS_DYN_ytdavg_gt_lyavg__v0,MOM_qb2of3__ACCRUAL_qb2of3,C14_EPS_DYN_ytdavg_gt_lyavg,0.12271395344901737,0.11246072837315779,0.010253225075859573,-0.620946272455231,0.47315250484362026,16.92,90.07719298245614
PS_qb1of3__ROIC_qb2of3__C13_EPS_DYN_ytdavg_gt_lyytdavg__v0,PS_qb1of3__ROIC_qb2of3,C13_EPS_DYN_ytdavg_gt_lyytdavg,0.12265257842127975,0.12120296701946254,0.001449611401817208,-0.5333503310537444,0.4831730769230769,19.53,106.94736842105263
MOM_qb2of3__FCF_P_qb0of3__None__v0,MOM_qb2of3__FCF_P_qb0of3,None,0.12263642895378513,0.12263642895378513,0.0,-0.6877333841884584,0.4635822646886263,18.77,144.33333333333334
EV_S_qb1of3__None__C6_ROE_DYN_ytdavg_gt_lyytdavg__v0,EV_S_qb1of3__None,C6_ROE_DYN_ytdavg_gt_lyytdavg,0.12261944565216365,0.11261458954493708,0.010004856107226567,-0.6114043657645495,0.47772020725388603,19.78,216.2421052631579
EV_S_qb1of3__ROIC_qb2of3__C13_EPS_DYN_ytdavg_gt_lyytdavg__v0,EV_S_qb1of3__ROIC_qb2of3,C13_EPS_DYN_ytdavg_gt_lyytdavg,0.12261637087874133,0.11007268957710736,0.012543681301633969,-0.5263517077805219,0.48026315789473684,19.6,103.1438596491228
OCF_E_qb2of3__ROE_qb2of3__C17_FCF_P_DYN_qmax4__v0,OCF_E_qb2of3__ROE_qb2of3,C17_FCF_P_DYN_qmax4,0.12258385089547219,0.11168724670811869,0.010896604187353498,-0.6170806260975277,0.45809217577706324,23.67,58.02290076335878
ROE_qb2of3__None__C1_ROE_DYN_riseq1__v0,ROE_qb2of3__None,C1_ROE_DYN_riseq1,0.12255102516695393,0.10857200626884822,0.01397901889810571,-0.4723130404724588,0.4630749597736226,19.62,315.7368421052632
EV_S_qb1of3__DEBTRATIO_qb1of3__C7_ROE_DYN_ytdavg_gt_lyavg__v0,EV_S_qb1of3__DEBTRATIO_qb1of3,C7_ROE_DYN_ytdavg_gt_lyavg,0.12251000365289055,0.11155677487762738,0.010953228775263169,-0.6087820547923347,0.4743703703703704,19.22,78.10877192982456
PS_qb1of3__OCF_E_qb2of3__C14_EPS_DYN_ytdavg_gt_lyavg__v0,PS_qb1of3__OCF_E_qb2of3,C14_EPS_DYN_ytdavg_gt_lyavg,0.12249362386009466,0.10315298366883918,0.019340640191255476,-0.5282107497966295,0.4794908062234795,20.42,82.29122807017544
PS_qb0of3__FCF_OI_qb1of3__C15_FCF_P_DYN_riseq1__v0,PS_qb0of3__FCF_OI_qb1of3,C15_FCF_P_DYN_riseq1,0.12247595438045811,0.1602886894689004,-0.037812735088442295,-0.6119131762066143,0.4598241921505509,17.91,111.56140350877193
EV_S_qb1of3__None__C13_EPS_DYN_ytdavg_gt_lyytdavg__v0,EV_S_qb1of3__None,C13_EPS_DYN_ytdavg_gt_lyytdavg,0.12241839374464392,0.11261458954493708,0.009803804199706834,-0.5993731257168763,0.4786917740336967,20.06,231.80701754385964
EV_S_qb1of3__MOM_qb2of3__C19_FCF_P_DYN_yoy__v0,EV_S_qb1of3__MOM_qb2of3,C19_FCF_P_DYN_yoy,0.12233613179893887,0.12920025367569776,-0.0068641218767588885,-0.705313827960642,0.47744774477447743,19.82,76.172
PS_qb1of3__FCF_OI_qb2of3__C13_EPS_DYN_ytdavg_gt_lyytdavg__v0,PS_qb1of3__FCF_OI_qb2of3,C13_EPS_DYN_ytdavg_gt_lyytdavg,0.12224225866734573,0.10173212465613313,0.0205101340112126,-0.6045618342466665,0.4811302863644984,21.0,78.05263157894737
P_IC_qb0of3__PB_qb0of3__C17_FCF_P_DYN_qmax4__v0,P_IC_qb0of3__PB_qb0of3,C17_FCF_P_DYN_qmax4,0.12222655297669971,0.18573029068263458,-0.06350373770593487,-0.6152919576142994,0.48433530906011857,20.99,87.91603053435115
EV_S_qb1of3__None__C7_ROE_DYN_ytdavg_gt_lyavg__v0,EV_S_qb1of3__None,C7_ROE_DYN_ytdavg_gt_lyavg,0.1222017859567548,0.11261458954493708,0.009587196411817711,-0.6149451197982253,0.47746921666230024,19.36,203.8842105263158
PS_qb1of3__ROE_qb2of3__C19_FCF_P_DYN_yoy__v0,PS_qb1of3__ROE_qb2of3,C19_FCF_P_DYN_yoy,0.12218214148127782,0.11938211139414667,0.0028000300871311445,-0.6369526825936345,0.5,24.53,81.92
PS_qb0of3__DEBTRATIO_qb2of3__C15_FCF_P_DYN_riseq1__v0,PS_qb0of3__DEBTRATIO_qb2of3,C15_FCF_P_DYN_riseq1,0.12214482918253022,0.16192316720535427,-0.039778338022824045,-0.6021583429876805,0.4684540482859811,19.41,123.94736842105263
FCF_P_qb2of3__None__None__v0,FCF_P_qb2of3__None,None,0.12214294842787288,0.12214294842787288,0.0,-0.6039548182246113,0.48128727534723614,22.06,461.71380471380473
P_IC_qb1of3__None__C6_ROE_DYN_ytdavg_gt_lyytdavg__v0,P_IC_qb1of3__None,C6_ROE_DYN_ytdavg_gt_lyytdavg,0.12214003356897685,0.10774864588230604,0.014391387686670809,-0.5831606485881538,0.47891730141458105,19.02,213.28070175438597
EV_EBITDA_qb1of3__ROIC_qb1of3__C16_FCF_P_DYN_riseq2__v0,EV_EBITDA_qb1of3__ROIC_qb1of3,C16_FCF_P_DYN_riseq2,0.12210499126810603,0.12513866146333696,-0.003033670195230931,-0.6075073353025084,0.5004613964933866,22.39,100.81751824817518
OCF_E_qb2of3__EV_EBITDA_qb1of3__C19_FCF_P_DYN_yoy__v0,OCF_E_qb2of3__EV_EBITDA_qb1of3,C19_FCF_P_DYN_yoy,0.1221002008952452,0.12133006898882948,0.0007701319064157275,-0.6062027071298544,0.5023371766905578,24.6,95.916
OCF_E_qb2of3__ROIC_qb2of3__C13_EPS_DYN_ytdavg_gt_lyytdavg__v0,OCF_E_qb2of3__ROIC_qb2of3,C13_EPS_DYN_ytdavg_gt_lyytdavg,0.1220775562069587,0.10550033079483523,0.016577225412123475,-0.4092174681574099,0.45363282720542103,20.57,164.8
ROE_qb2of3__None__C20_FCF_P_DYN_ytdavg_gt_lyytdavg__v0,ROE_qb2of3__None,C20_FCF_P_DYN_ytdavg_gt_lyytdavg,0.12204296121176972,0.10857200626884822,0.013470954942921498,-0.5852975944003534,0.508458447874815,19.92,216.40350877192984
ROE_qb2of3__FCF_P_qb2of3__None__v0,ROE_qb2of3__FCF_P_qb2of3,None,0.12202542765864322,0.12202542765864322,0.0,-0.5270971454518711,0.47932790224032584,19.38,143.1986531986532
ROIC_qb1of3__FCF_P_qb2of3__C16_FCF_P_DYN_riseq2__v0,ROIC_qb1of3__FCF_P_qb2of3,C16_FCF_P_DYN_riseq2,0.122021305391814,0.13214928588991603,-0.01012798049810204,-0.6043833228537174,0.5027753108348135,23.04,135.9817518248175
P_IC_qb1of3__OCF_E_qb2of3__C8_EPS_DYN_riseq1__v0,P_IC_qb1of3__OCF_E_qb2of3,C8_EPS_DYN_riseq1,0.12200371963884349,0.11478934435704824,0.007214375281795249,-0.5979000574640434,0.48842548306868183,18.85,73.53333333333333
ROIC_qb1of3__DEBTRATIO_qb2of3__C16_FCF_P_DYN_riseq2__v0,ROIC_qb1of3__DEBTRATIO_qb2of3,C16_FCF_P_DYN_riseq2,0.12198189491978328,0.11680265302092874,0.0051792418988545474,-0.6166987026313664,0.5019965772960638,21.72,91.10583941605839
EV_S_qb0of3__OCF_E_qb1of3__C18_FCF_P_DYN_qmax8__v0,EV_S_qb0of3__OCF_E_qb1of3,C18_FCF_P_DYN_qmax8,0.12197326081344873,0.1599721772341416,-0.03799891642069286,-0.6030007701221575,0.46407185628742514,26.19,17.163090128755364
PS_qb1of3__NETDEBT_EBITDA_qb0of3__C13_EPS_DYN_ytdavg_gt_lyytdavg__v0,PS_qb1of3__NETDEBT_EBITDA_qb0of3,C13_EPS_DYN_ytdavg_gt_lyytdavg,0.12193735610341583,0.11822478808596304,0.0037125680174527886,-0.6272645146971847,0.48771201107649703,18.04,67.54385964912281
MOM_qb2of3__ACCRUAL_qb2of3__C6_ROE_DYN_ytdavg_gt_lyytdavg__v0,MOM_qb2of3__ACCRUAL_qb2of3,C6_ROE_DYN_ytdavg_gt_lyytdavg,0.12193267210899439,0.11246072837315779,0.009471943735836597,-0.6482164916681352,0.4731553258685042,17.61,86.20701754385965
EV_S_qb1of3__FCF_OI_qb2of3__C9_EPS_DYN_riseq2__v0,EV_S_qb1of3__FCF_OI_qb2of3,C9_EPS_DYN_riseq2,0.12192941534658863,0.10909170051585249,0.012837714830736147,-0.6153794554449443,0.48886494252873564,19.91,80.92335766423358
PS_qb1of3__DEBTRATIO_qb1of3__C12_EPS_DYN_yoy__v0,PS_qb1of3__DEBTRATIO_qb1of3,C12_EPS_DYN_yoy,0.1219021655125141,0.09970663573273053,0.022195529779783563,-0.6649094054712368,0.4694425789120215,23.39,100.904
EV_S_qb1of3__DEBTRATIO_qb1of3__C14_EPS_DYN_ytdavg_gt_lyavg__v0,EV_S_qb1of3__DEBTRATIO_qb1of3,C14_EPS_DYN_ytdavg_gt_lyavg,0.1218889512612813,0.11155677487762738,0.010332176383653913,-0.5826719171396473,0.475561797752809,19.6,84.69473684210526
P_IC_qb1of3__None__C8_EPS_DYN_riseq1__v0,P_IC_qb1of3__None,C8_EPS_DYN_riseq1,0.12181604079360242,0.10774864588230604,0.014067394911296383,-0.6125752786126217,0.48739994070560333,19.28,237.15087719298245
MOM_qb2of3__NETDEBT_EBITDA_qb2of3__C15_FCF_P_DYN_riseq1__v0,MOM_qb2of3__NETDEBT_EBITDA_qb2of3,C15_FCF_P_DYN_riseq1,0.1218127688411772,0.13535856297428794,-0.013545794133110745,-0.6806416659804067,0.4656129140743232,18.7,70.85964912280701
PB_qb1of3__OCF_E_qb2of3__C20_FCF_P_DYN_ytdavg_gt_lyytdavg__v0,PB_qb1of3__OCF_E_qb2of3,C20_FCF_P_DYN_ytdavg_gt_lyytdavg,0.12169374576030667,0.12468663979722217,-0.0029928940369154944,-0.5904901180243977,0.5025055121266787,20.32,76.13684210526316
EV_EBITDA_qb1of3__None__None__v0,EV_EBITDA_qb1of3__None,None,0.12168343275173998,0.12168343275173998,0.0,-0.5927523439544337,0.4938528241373166,20.01,460.53198653198655
PS_qb0of3__ROIC_qb2of3__C15_FCF_P_DYN_riseq1__v0,PS_qb0of3__ROIC_qb2of3,C15_FCF_P_DYN_riseq1,0.12161623231943142,0.16337747244409084,-0.04176124012465943,-0.5295939046707276,0.4676753782668501,19.15,46.487719298245615
PS_qb1of3__None__C6_ROE_DYN_ytdavg_gt_lyytdavg__v0,PS_qb1of3__None,C6_ROE_DYN_ytdavg_gt_lyytdavg,0.12160134558575852,0.10454523190678677,0.01705611367897175,-0.5972119471405148,0.4792243767313019,19.83,215.03859649122808
MOM_qb2of3__DEBTRATIO_qb0of3__C19_FCF_P_DYN_yoy__v0,MOM_qb2of3__DEBTRATIO_qb0of3,C19_FCF_P_DYN_yoy,0.12159502412719925,0.13434664389931616,-0.012751619772116918,-0.705027844428461,0.4763923684717672,21.5,74.596
P_IC_qb1of3__DEBTRATIO_qb1of3__C8_EPS_DYN_riseq1__v0,P_IC_qb1of3__DEBTRATIO_qb1of3,C8_EPS_DYN_riseq1,0.12157071324088098,0.10457322351498388,0.016997489725897097,-0.6214700921408153,0.48932847475273294,18.91,96.15789473684211
OCF_E_qb2of3__EV_EBITDA_qb0of3__C15_FCF_P_DYN_riseq1__v0,OCF_E_qb2of3__EV_EBITDA_qb0of3,C15_FCF_P_DYN_riseq1,0.12155204640095874,0.15339211904025563,-0.03184007263929689,-0.5515326156450472,0.46945514584479914,20.63,73.9859649122807
EV_EBITDA_qb1of3__ACCRUAL_qb0of3__C19_FCF_P_DYN_yoy__v0,EV_EBITDA_qb1of3__ACCRUAL_qb0of3,C19_FCF_P_DYN_yoy,0.12153514219788986,0.12987807961629594,-0.008342937418406082,-0.6088704766204476,0.5024967634547809,24.16,75.412
ROE_qb2of3__ROIC_qb2of3__C20_FCF_P_DYN_ytdavg_gt_lyytdavg__v0,ROE_qb2of3__ROIC_qb2of3,C20_FCF_P_DYN_ytdavg_gt_lyytdavg,0.12152511167146685,0.10497732735766574,0.016547784313801106,-0.5865445616094195,0.5063076176613295,20.01,184.61754385964912
EV_EBITDA_qb1of3__ROIC_qb1of3__C19_FCF_P_DYN_yoy__v0,EV_EBITDA_qb1of3__ROIC_qb1of3,C19_FCF_P_DYN_yoy,0.1214948750360112,0.12513866146333696,-0.003643786427325768,-0.5994488818979871,0.4896713615023474,23.36,101.564
FCF_OI_qb1of3__NETDEBT_EBITDA_qb2of3__C16_FCF_P_DYN_riseq2__v0,FCF_OI_qb1of3__NETDEBT_EBITDA_qb2of3,C16_FCF_P_DYN_riseq2,0.12145952360973045,0.11499305815386185,0.0064664654558685974,-0.6107326429257949,0.46099706744868035,21.14,77.05839416058394
P_IC_qb1of3__ACCRUAL_qb1of3__C11_EPS_DYN_qmax8__v0,P_IC_qb1of3__ACCRUAL_qb1of3,C11_EPS_DYN_qmax8,0.12145395862950958,0.10354097010952823,0.017912988519981354,-0.7366710612468366,0.5075471698113208,19.04,24.188841201716738
ROE_qb0of3__EV_EBITDA_qb1of3__C13_EPS_DYN_ytdavg_gt_lyytdavg__v0,ROE_qb0of3__EV_EBITDA_qb1of3,C13_EPS_DYN_ytdavg_gt_lyytdavg,0.12144792407572691,0.12350332831042143,-0.0020554042346945245,-0.610838937414518,0.46662584200857316,18.18,24.12280701754386
P_IC_qb0of3__PS_qb0of3__C17_FCF_P_DYN_qmax4__v0,P_IC_qb0of3__PS_qb0of3,C17_FCF_P_DYN_qmax4,0.12143972571486095,0.1876102576683254,-0.06617053195346445,-0.5892614617252949,0.47583429228998847,18.98,75.83587786259542
MOM_qb2of3__FCF_P_qb1of3__C20_FCF_P_DYN_ytdavg_gt_lyytdavg__v0,MOM_qb2of3__FCF_P_qb1of3,C20_FCF_P_DYN_ytdavg_gt_lyytdavg,0.12143451601297328,0.12449311185748302,-0.003058595844509737,-0.6913087547282531,0.49139485330273724,17.81,75.08771929824562
EV_EBITDA_qb1of3__FCF_OI_qb1of3__C19_FCF_P_DYN_yoy__v0,EV_EBITDA_qb1of3__FCF_OI_qb1of3,C19_FCF_P_DYN_yoy,0.12140802523437144,0.1275583968310292,-0.0061503715966577666,-0.6217821723467614,0.5102009510661144,23.23,93.82
ROE_qb2of3__NETDEBT_EBITDA_qb0of3__C1_ROE_DYN_riseq1__v0,ROE_qb2of3__NETDEBT_EBITDA_qb0of3,C1_ROE_DYN_riseq1,0.12139692024593063,0.10739791521726105,0.013999005028669576,-0.5523157181245426,0.4769990128331688,19.45,86.55087719298245
PS_qb1of3__ROE_qb2of3__C7_ROE_DYN_ytdavg_gt_lyavg__v0,PS_qb1of3__ROE_qb2of3,C7_ROE_DYN_ytdavg_gt_lyavg,0.1213755870474782,0.11938211139414667,0.0019934756533315223,-0.5531837033250203,0.480072876337964,19.86,89.4140350877193
ROE_qb2of3__NETDEBT_EBITDA_qb0of3__C8_EPS_DYN_riseq1__v0,ROE_qb2of3__NETDEBT_EBITDA_qb0of3,C8_EPS_DYN_riseq1,0.12137440625001927,0.10739791521726105,0.01397649103275822,-0.5732986029593663,0.48674166331860186,18.95,87.69473684210526
OCF_E_qb2of3__EV_EBITDA_qb1of3__None__v0,OCF_E_qb2of3__EV_EBITDA_qb1of3,None,0.12133006898882948,0.12133006898882948,0.0,-0.5951129102364592,0.48998640688717715,20.8,180.83501683501683
PS_qb1of3__ROIC_qb2of3__None__v0,PS_qb1of3__ROIC_qb2of3,None,0.12120296701946254,0.12120296701946254,0.0,-0.5907810964304223,0.4859086491739553,19.8,169.07744107744108
MOM_qb2of3__OCF_E_qb1of3__C18_FCF_P_DYN_qmax8__v0,MOM_qb2of3__OCF_E_qb1of3,C18_FCF_P_DYN_qmax8,0.12120112676921257,0.13329269559525958,-0.012091568826047006,-0.6278612548758495,0.4689703808180536,24.19,17.682403433476395
PS_qb1of3__FCF_OI_qb2of3__C7_ROE_DYN_ytdavg_gt_lyavg__v0,PS_qb1of3__FCF_OI_qb2of3,C7_ROE_DYN_ytdavg_gt_lyavg,0.12119682778742158,0.10173212465613313,0.019464703131288452,-0.5939753599017374,0.4813698040060306,20.96,68.80350877192983
P_IC_qb1of3__DEBTRATIO_qb1of3__C6_ROE_DYN_ytdavg_gt_lyytdavg__v0,P_IC_qb1of3__DEBTRATIO_qb1of3,C6_ROE_DYN_ytdavg_gt_lyytdavg,0.12115787912720521,0.10457322351498388,0.016584655612221333,-0.5966818705676173,0.47098402018502944,19.48,86.78245614035087
PS_qb1of3__ROE_qb1of3__C14_EPS_DYN_ytdavg_gt_lyavg__v0,PS_qb1of3__ROE_qb1of3,C14_EPS_DYN_ytdavg_gt_lyavg,0.1211486219429081,0.1012338625934468,0.019914759349461297,-0.5782486250354139,0.4823290109331299,18.9,74.98245614035088
FCF_OI_qb1of3__DEBTRATIO_qb0of3__C6_ROE_DYN_ytdavg_gt_lyytdavg__v0,FCF_OI_qb1of3__DEBTRATIO_qb0of3,C6_ROE_DYN_ytdavg_gt_lyytdavg,0.1211474688079699,0.10607558667456085,0.015071882133409042,-0.5456005916267013,0.48562162162162165,18.34,78.43157894736842
MOM_qb2of3__FCF_OI_qb2of3__C17_FCF_P_DYN_qmax4__v0,MOM_qb2of3__FCF_OI_qb2of3,C17_FCF_P_DYN_qmax4,0.12107448455122283,0.13351239190976916,-0.01243790735854633,-0.6993155156441646,0.4780946311932452,19.41,74.86641221374046
PS_qb1of3__FCF_OI_qb2of3__C14_EPS_DYN_ytdavg_gt_lyavg__v0,PS_qb1of3__FCF_OI_qb2of3,C14_EPS_DYN_ytdavg_gt_lyavg,0.12107003373230518,0.10173212465613313,0.019337909076172055,-0.5933955704372704,0.477281785571941,21.16,74.81754385964912
PS_qb0of3__NETDEBT_EBITDA_qb0of3__C17_FCF_P_DYN_qmax4__v0,PS_qb0of3__NETDEBT_EBITDA_qb0of3,C17_FCF_P_DYN_qmax4,0.12102951576013554,0.1623346227872262,-0.04130510702709067,-0.5946662104306046,0.45753988677303137,20.8,25.65267175572519
ROIC_qb1of3__NETDEBT_EBITDA_qb2of3__C20_FCF_P_DYN_ytdavg_gt_lyytdavg__v0,ROIC_qb1of3__NETDEBT_EBITDA_qb2of3,C20_FCF_P_DYN_ytdavg_gt_lyytdavg,0.12102580796319207,0.11795452966567255,0.0030712782975195196,-0.5797204504966451,0.49791318864774625,21.6,94.58245614035087
PS_qb1of3__ACCRUAL_qb1of3__C13_EPS_DYN_ytdavg_gt_lyytdavg__v0,PS_qb1of3__ACCRUAL_qb1of3,C13_EPS_DYN_ytdavg_gt_lyytdavg,0.12099046619182796,0.10712139139531085,0.013869074796517111,-0.6261456810538508,0.48451151707704526,20.78,79.7298245614035
EV_EBITDA_qb0of3__FCF_P_qb2of3__C19_FCF_P_DYN_yoy__v0,EV_EBITDA_qb0of3__FCF_P_qb2of3,C19_FCF_P_DYN_yoy,0.12098830311394115,0.1412545523155624,-0.020266249201621234,-0.6002325681625539,0.48068046947118553,22.8,125.424
EV_S_qb1of3__OCF_E_qb1of3__C16_FCF_P_DYN_riseq2__v0,EV_S_qb1of3__OCF_E_qb1of3,C16_FCF_P_DYN_riseq2,0.12097290094693047,0.11166086551822496,0.009312035428705512,-0.6318555130227352,0.48277032761840094,23.87,88.97080291970804
EV_EBITDA_qb1of3__FCF_P_qb2of3__None__v0,EV_EBITDA_qb1of3__FCF_P_qb2of3,None,0.12095020165403092,0.12095020165403092,0.0,-0.5925700255998667,0.486594014876319,21.26,165.67003367003366
ROE_qb2of3__FCF_OI_qb2of3__C20_FCF_P_DYN_ytdavg_gt_lyytdavg__v0,ROE_qb2of3__FCF_OI_qb2of3,C20_FCF_P_DYN_ytdavg_gt_lyytdavg,0.12085187616331083,0.10612897361205387,0.014722902551256967,-0.5635160699224344,0.4833790789874962,20.58,96.4
OCF_E_qb2of3__None__C18_FCF_P_DYN_qmax8__v0,OCF_E_qb2of3__None,C18_FCF_P_DYN_qmax8,0.12084321677327736,0.10702478116805669,0.01381843560522067,-0.6185876770501662,0.4582658959537572,28.13,56.506437768240346
PS_qb1of3__DEBTRATIO_qb1of3__C5_ROE_DYN_yoy__v0,PS_qb1of3__DEBTRATIO_qb1of3,C5_ROE_DYN_yoy,0.12081469070755468,0.09970663573273053,0.021108054974824153,-0.6740307675213959,0.4675839552238806,22.97,94.612
ROE_qb2of3__NETDEBT_EBITDA_qb0of3__C13_EPS_DYN_ytdavg_gt_lyytdavg__v0,ROE_qb2of3__NETDEBT_EBITDA_qb0of3,C13_EPS_DYN_ytdavg_gt_lyytdavg,0.12073596457160485,0.10739791521726105,0.013338049354343795,-0.5498168669530303,0.4655894673847995,18.6,84.59649122807018
DEBTRATIO_qb1of3__FCF_P_qb2of3__C8_EPS_DYN_riseq1__v0,DEBTRATIO_qb1of3__FCF_P_qb2of3,C8_EPS_DYN_riseq1,0.12072541544166326,0.12036397930429055,0.00036143613737271707,-0.6057526594559883,0.48269868857639436,19.75,85.84561403508772
DEBTRATIO_qb2of3__FCF_P_qb0of3__C16_FCF_P_DYN_riseq2__v0,DEBTRATIO_qb2of3__FCF_P_qb0of3,C16_FCF_P_DYN_riseq2,0.12063516729305546,0.10901546451131372,0.011619702781741736,-0.6210928283208862,0.44479606188466947,22.86,41.38321167883212
OCF_E_qb2of3__NETDEBT_EBITDA_qb2of3__None__v0,OCF_E_qb2of3__NETDEBT_EBITDA_qb2of3,None,0.12059306705584905,0.12059306705584905,0.0,-0.5307196409568191,0.4625693786381481,22.22,135.66666666666666
ROE_qb2of3__ROIC_qb2of3__C13_EPS_DYN_ytdavg_gt_lyytdavg__v0,ROE_qb2of3__ROIC_qb2of3,C13_EPS_DYN_ytdavg_gt_lyytdavg,0.12056091739169239,0.10497732735766574,0.015583590034026651,-0.4373349325235647,0.44635848233754905,19.71,274.23508771929824
PS_qb1of3__None__C8_EPS_DYN_riseq1__v0,PS_qb1of3__None,C8_EPS_DYN_riseq1,0.12054874673977367,0.10454523190678677,0.016003514832986898,-0.6178443047479172,0.48164870375764635,20.58,239.5438596491228
ROE_qb2of3__FCF_OI_qb1of3__C13_EPS_DYN_ytdavg_gt_lyytdavg__v0,ROE_qb2of3__FCF_OI_qb1of3,C13_EPS_DYN_ytdavg_gt_lyytdavg,0.12054700372752869,0.1074915393951017,0.013055464332426991,-0.47896007194611023,0.47622973344325364,19.02,122.9298245614035
PS_qb1of3__ROE_qb2of3__C13_EPS_DYN_ytdavg_gt_lyytdavg__v0,PS_qb1of3__ROE_qb2of3,C13_EPS_DYN_ytdavg_gt_lyytdavg,0.12049422231820484,0.11938211139414667,0.0011121109240581628,-0.5455766864570437,0.48148148148148145,20.03,101.08070175438597
EV_S_qb1of3__OCF_E_qb1of3__C6_ROE_DYN_ytdavg_gt_lyytdavg__v0,EV_S_qb1of3__OCF_E_qb1of3,C6_ROE_DYN_ytdavg_gt_lyytdavg,0.12047514906046763,0.11166086551822496,0.008814283542242674,-0.6168376311105688,0.48173234811165844,19.85,79.64561403508772
EV_S_qb1of3__ACCRUAL_qb1of3__C13_EPS_DYN_ytdavg_gt_lyytdavg__v0,EV_S_qb1of3__ACCRUAL_qb1of3,C13_EPS_DYN_ytdavg_gt_lyytdavg,0.12046839982857893,0.11256341933953151,0.00790498048904742,-0.621026554096955,0.483336619996056,21.55,80.22105263157894
OCF_E_qb1of3__FCF_P_qb2of3__None__v0,OCF_E_qb1of3__FCF_P_qb2of3,None,0.12040696135896067,0.12040696135896067,0.0,-0.6039824542609302,0.47834323602858864,23.17,160.3771043771044
PB_qb0of3__None__C17_FCF_P_DYN_qmax4__v0,PB_qb0of3__None,C17_FCF_P_DYN_qmax4,0.12040021387510258,0.18050911811184078,-0.0601089042367382,-0.6075713205484727,0.4786281679485563,21.42,117.08396946564885
ROE_qb2of3__ROIC_qb2of3__C8_EPS_DYN_riseq1__v0,ROE_qb2of3__ROIC_qb2of3,C8_EPS_DYN_riseq1,0.12039623878030348,0.10497732735766574,0.015418911422637738,-0.4816170524569141,0.4623614082863256,19.76,279.07719298245615
DEBTRATIO_qb1of3__FCF_P_qb2of3__None__v0,DEBTRATIO_qb1of3__FCF_P_qb2of3,None,0.12036397930429055,0.12036397930429055,0.0,-0.6127368315953559,0.47681646795067767,23.42,163.57575757575756
PB_qb1of3__ROIC_qb1of3__C3_ROE_DYN_qmax4__v0,PB_qb1of3__ROIC_qb1of3,C3_ROE_DYN_qmax4,0.12033795706170802,0.10263205495867078,0.01770590210303724,-0.6736668182622543,0.5168499467896417,17.14,43.88549618320611
MOM_qb2of3__None__C18_FCF_P_DYN_qmax8__v0,MOM_qb2of3__None,C18_FCF_P_DYN_qmax8,0.12032901709172306,0.11517070621059111,0.0051583108811319445,-0.699313980456597,0.4610161554671037,22.65,54.79399141630901
PS_qb0of3__ROE_qb2of3__C17_FCF_P_DYN_qmax4__v0,PS_qb0of3__ROE_qb2of3,C17_FCF_P_DYN_qmax4,0.12031975559588526,0.16803068714784408,-0.047710931551958824,-0.5169221059315228,0.4713064713064713,19.05,31.713740458015266
ROIC_qb1of3__NETDEBT_EBITDA_qb2of3__C16_FCF_P_DYN_riseq2__v0,ROIC_qb1of3__NETDEBT_EBITDA_qb2of3,C16_FCF_P_DYN_riseq2,0.12029774238880497,0.11795452966567255,0.0023432127231324262,-0.6120567471593086,0.4852941176470588,22.53,96.05839416058394
ROE_qb2of3__ROIC_qb1of3__None__v0,ROE_qb2of3__ROIC_qb1of3,None,0.12028408152058989,0.12028408152058989,0.0,-0.526121150288221,0.4740382028517622,19.38,66.53535353535354
P_IC_qb1of3__NETDEBT_EBITDA_qb0of3__C17_FCF_P_DYN_qmax4__v0,P_IC_qb1of3__NETDEBT_EBITDA_qb0of3,C17_FCF_P_DYN_qmax4,0.12027646536844605,0.14111189279231584,-0.02083542742386979,-0.6104736159078887,0.4535637149028078,20.32,42.282442748091604
P_IC_qb1of3__ROIC_qb1of3__C14_EPS_DYN_ytdavg_gt_lyavg__v0,P_IC_qb1of3__ROIC_qb1of3,C14_EPS_DYN_ytdavg_gt_lyavg,0.12027406973773291,0.10338158284969312,0.016892486888039793,-0.5490034457644332,0.48849162011173186,19.86,85.6842105263158
PB_qb0of3__DEBTRATIO_qb2of3__C17_FCF_P_DYN_qmax4__v0,PB_qb0of3__DEBTRATIO_qb2of3,C17_FCF_P_DYN_qmax4,0.12027038968502479,0.18635950857908368,-0.06608911889405888,-0.6038109508403202,0.48547260022066935,20.05,42.56106870229008
ROE_qb0of3__EV_EBITDA_qb1of3__C2_ROE_DYN_riseq2__v0,ROE_qb0of3__EV_EBITDA_qb1of3,C2_ROE_DYN_riseq2,0.1202551996020349,0.12350332831042143,-0.003248128708386533,-0.674141204752412,0.48128342245989303,20.13,23.467153284671532
EV_S_qb1of3__OCF_E_qb2of3__None__v0,EV_S_qb1of3__OCF_E_qb2of3,None,0.12024507725315203,0.12024507725315203,0.0,-0.5808443297538253,0.4794857462269424,21.96,154.7946127946128
PB_qb1of3__ROIC_qb1of3__C7_ROE_DYN_ytdavg_gt_lyavg__v0,PB_qb1of3__ROIC_qb1of3,C7_ROE_DYN_ytdavg_gt_lyavg,0.12021977358275882,0.10263205495867078,0.017587718624088033,-0.5941680559703169,0.4951208178438662,19.14,81.3719298245614
EV_S_qb1of3__FCF_OI_qb2of3__C8_EPS_DYN_riseq1__v0,EV_S_qb1of3__FCF_OI_qb2of3,C8_EPS_DYN_riseq1,0.12016877048941166,0.10909170051585249,0.011077069973559173,-0.6274433692624637,0.476299444262831,20.38,82.26666666666667
P_IC_qb1of3__ROE_qb1of3__C8_EPS_DYN_riseq1__v0,P_IC_qb1of3__ROE_qb1of3,C8_EPS_DYN_riseq1,0.12016191489038786,0.10639715439744668,0.013764760492941175,-0.6109125756415448,0.5004076308495027,19.95,96.43157894736842
P_IC_qb1of3__ROE_qb1of3__C3_ROE_DYN_qmax4__v0,P_IC_qb1of3__ROE_qb1of3,C3_ROE_DYN_qmax4,0.12013586402773369,0.10639715439744668,0.013738709630287005,-0.6512516919288933,0.5075987841945289,17.95,45.88931297709924
EV_S_qb1of3__FCF_OI_qb2of3__C6_ROE_DYN_ytdavg_gt_lyytdavg__v0,EV_S_qb1of3__FCF_OI_qb2of3,C6_ROE_DYN_ytdavg_gt_lyytdavg,0.12010437268950547,0.10909170051585249,0.011012672173652982,-0.603607615590105,0.4818455366098295,19.14,72.83508771929824
EV_S_qb1of3__ROE_qb2of3__C13_EPS_DYN_ytdavg_gt_lyytdavg__v0,EV_S_qb1of3__ROE_qb2of3,C13_EPS_DYN_ytdavg_gt_lyytdavg,0.1200759720580098,0.11180655286183461,0.008269419196175187,-0.5201121859168927,0.4805512336074683,19.32,100.05614035087719
EV_EBITDA_qb1of3__NETDEBT_EBITDA_qb2of3__C15_FCF_P_DYN_riseq1__v0,EV_EBITDA_qb1of3__NETDEBT_EBITDA_qb2of3,C15_FCF_P_DYN_riseq1,0.1200256976691918,0.14627716761851484,-0.026251469949323036,-0.5906919228770017,0.4649461491566755,22.0,68.5859649122807
EV_S_qb0of3__OCF_E_qb1of3__C17_FCF_P_DYN_qmax4__v0,EV_S_qb0of3__OCF_E_qb1of3,C17_FCF_P_DYN_qmax4,0.1199783439013542,0.1599721772341416,-0.03999383333278739,-0.5588140117574134,0.4693583273251622,20.21,34.70992366412214
EV_EBITDA_qb1of3__None__C18_FCF_P_DYN_qmax8__v0,EV_EBITDA_qb1of3__None,C18_FCF_P_DYN_qmax8,0.1199447067224757,0.12168343275173998,-0.0017387260292642814,-0.6379061392329382,0.4624885635864593,26.67,56.52360515021459
P_IC_qb1of3__ROIC_qb1of3__C2_ROE_DYN_riseq2__v0,P_IC_qb1of3__ROIC_qb1of3,C2_ROE_DYN_riseq2,0.11993046944002561,0.10338158284969312,0.01654888659033249,-0.5681648998663256,0.5035294117647059,20.09,96.14598540145985
MOM_qb2of3__NETDEBT_EBITDA_qb1of3__C15_FCF_P_DYN_riseq1__v0,MOM_qb2of3__NETDEBT_EBITDA_qb1of3,C15_FCF_P_DYN_riseq1,0.11992813996963947,0.14096998093909052,-0.021041840969451053,-0.6550917265152896,0.47070491303021056,20.63,75.72631578947369
ROE_qb2of3__DEBTRATIO_qb2of3__C20_FCF_P_DYN_ytdavg_gt_lyytdavg__v0,ROE_qb2of3__DEBTRATIO_qb2of3,C20_FCF_P_DYN_ytdavg_gt_lyytdavg,0.1198919263676943,0.11194290084226521,0.007949025525429088,-0.5272759728132579,0.5059179741260666,18.72,72.12280701754386
P_IC_qb1of3__DEBTRATIO_qb1of3__C1_ROE_DYN_riseq1__v0,P_IC_qb1of3__DEBTRATIO_qb1of3,C1_ROE_DYN_riseq1,0.11988591153387063,0.10457322351498388,0.015312688018886744,-0.631115994914454,0.488702049395691,19.68,94.76842105263158
EV_EBITDA_qb0of3__DEBTRATIO_qb1of3__C19_FCF_P_DYN_yoy__v0,EV_EBITDA_qb0of3__DEBTRATIO_qb1of3,C19_FCF_P_DYN_yoy,0.11983242138552219,0.1453333100047871,-0.025500888619264916,-0.6210146230476435,0.4833057068434762,23.47,71.94
PB_qb0of3__ROIC_qb1of3__C18_FCF_P_DYN_qmax8__v0,PB_qb0of3__ROIC_qb1of3,C18_FCF_P_DYN_qmax8,0.11982195131285178,0.18223831681550728,-0.0624163655026555,-0.6035424031000515,0.4893736017897092,28.02,23.76824034334764
P_IC_qb1of3__ACCRUAL_qb1of3__C10_EPS_DYN_qmax4__v0,P_IC_qb1of3__ACCRUAL_qb1of3,C10_EPS_DYN_qmax4,0.1198170159837284,0.10354097010952823,0.016276045874200173,-0.6659496808088314,0.5041800643086817,19.72,44.57251908396947
DEBTRATIO_qb2of3__None__C19_FCF_P_DYN_yoy__v0,DEBTRATIO_qb2of3__None,C19_FCF_P_DYN_yoy,0.11981259791597143,0.11247402988012434,0.007338568035847093,-0.6175173224771864,0.48784006595218465,23.22,231.212
P_IC_qb1of3__ROIC_qb1of3__C1_ROE_DYN_riseq1__v0,P_IC_qb1of3__ROIC_qb1of3,C1_ROE_DYN_riseq1,0.11974733938567139,0.10338158284969312,0.01636575653597827,-0.6096121171940171,0.49127061105722597,19.38,96.87719298245614
ROIC_qb1of3__NETDEBT_EBITDA_qb2of3__C19_FCF_P_DYN_yoy__v0,ROIC_qb1of3__NETDEBT_EBITDA_qb2of3,C19_FCF_P_DYN_yoy,0.11969251830492467,0.11795452966567255,0.0017379886392521193,-0.5832690947276373,0.48905633297452455,24.49,98.152
FCF_OI_qb1of3__DEBTRATIO_qb0of3__C16_FCF_P_DYN_riseq2__v0,FCF_OI_qb1of3__DEBTRATIO_qb0of3,C16_FCF_P_DYN_riseq2,0.11964567047660979,0.10607558667456085,0.013570083802048938,-0.6398529227969324,0.49039938556067586,21.87,74.87956204379562
ROE_qb2of3__ROIC_qb2of3__C1_ROE_DYN_riseq1__v0,ROE_qb2of3__ROIC_qb2of3,C1_ROE_DYN_riseq1,0.11962767354721104,0.10497732735766574,0.014650346189545305,-0.4703803771925268,0.4569381024860477,19.92,271.87719298245617
ROIC_qb1of3__FCF_OI_qb1of3__None__v0,ROIC_qb1of3__FCF_OI_qb1of3,None,0.11961040076679486,0.11961040076679486,0.0,-0.5866341256242269,0.46921812203142127,19.73,183.8047138047138
MOM_qb2of3__DEBTRATIO_qb0of3__C17_FCF_P_DYN_qmax4__v0,MOM_qb2of3__DEBTRATIO_qb0of3,C17_FCF_P_DYN_qmax4,0.11954274710939439,0.13434664389931616,-0.014803896789921778,-0.7297695400953939,0.45755045233124564,19.6,33.67175572519084
PS_qb1of3__OCF_E_qb1of3__C13_EPS_DYN_ytdavg_gt_lyytdavg__v0,PS_qb1of3__OCF_E_qb1of3,C13_EPS_DYN_ytdavg_gt_lyytdavg,0.11953388447968738,0.1057020349461224,0.013831849533564977,-0.5758711471708355,0.47966231772831924,21.13,85.96491228070175
EV_S_qb1of3__EV_EBITDA_qb1of3__None__v0,EV_S_qb1of3__EV_EBITDA_qb1of3,None,0.11950687846175168,0.11950687846175168,0.0,-0.6024724058575881,0.4870313605281773,21.03,200.86868686868686
EV_EBITDA_qb1of3__None__C19_FCF_P_DYN_yoy__v0,EV_EBITDA_qb1of3__None,C19_FCF_P_DYN_yoy,0.119501114708225,0.12168343275173998,-0.002182318043514986,-0.6127625561418163,0.499263839811543,23.97,239.844
PS_qb1of3__ROE_qb1of3__C8_EPS_DYN_riseq1__v0,PS_qb1of3__ROE_qb1of3,C8_EPS_DYN_riseq1,0.11946581779778098,0.1012338625934468,0.018231955204334183,-0.5908689110449945,0.49181232750689974,21.03,83.94035087719298
MOM_qb1of3__ROE_qb2of3__C18_FCF_P_DYN_qmax8__v0,MOM_qb1of3__ROE_qb2of3,C18_FCF_P_DYN_qmax8,0.119430577558995,0.10831556437834422,0.011115013180650779,-0.5423824055593962,0.4782608695652174,33.08,17.546666666666667
EV_S_qb1of3__EV_EBITDA_qb1of3__C16_FCF_P_DYN_riseq2__v0,EV_S_qb1of3__EV_EBITDA_qb1of3,C16_FCF_P_DYN_riseq2,0.11942753374495885,0.11950687846175168,-7.934471679282851e-05,-0.6367311118495902,0.49176507147296455,22.62,105.03284671532846
PS_qb1of3__FCF_OI_qb2of3__C9_EPS_DYN_riseq2__v0,PS_qb1of3__FCF_OI_qb2of3,C9_EPS_DYN_riseq2,0.1193866899092233,0.10173212465613313,0.01765456525309017,-0.631424976265814,0.49350877192982456,23.35,83.11313868613139
PS_qb1of3__ROE_qb2of3__None__v0,PS_qb1of3__ROE_qb2of3,None,0.11938211139414667,0.11938211139414667,0.0,-0.5873626480573605,0.48293743726998994,19.96,156.69023569023568
PS_qb1of3__NETDEBT_EBITDA_qb1of3__C7_ROE_DYN_ytdavg_gt_lyavg__v0,PS_qb1of3__NETDEBT_EBITDA_qb1of3,C7_ROE_DYN_ytdavg_gt_lyavg,0.11934872108232963,0.10068019804438966,0.018668523037939977,-0.5749081935306766,0.4776748104465038,20.9,81.8561403508772
MOM_qb2of3__NETDEBT_EBITDA_qb2of3__C18_FCF_P_DYN_qmax8__v0,MOM_qb2of3__NETDEBT_EBITDA_qb2of3,C18_FCF_P_DYN_qmax8,0.11934560657130988,0.13535856297428794,-0.016012956402978062,-0.7393124899071803,0.4819884726224784,21.51,18.03862660944206
EV_S_qb1of3__ACCRUAL_qb0of3__None__v0,EV_S_qb1of3__ACCRUAL_qb0of3,None,0.11933321896314197,0.11933321896314197,0.0,-0.6104612994120884,0.4734798160449668,22.9,158.24915824915826
EV_EBITDA_qb1of3__DEBTRATIO_qb2of3__C20_FCF_P_DYN_ytdavg_gt_lyytdavg__v0,EV_EBITDA_qb1of3__DEBTRATIO_qb2of3,C20_FCF_P_DYN_ytdavg_gt_lyytdavg,0.11932608756809904,0.13449319651294744,-0.015167108944848406,-0.5977912799389591,0.4978980557015239,20.51,69.3157894736842
PS_qb0of3__NETDEBT_EBITDA_qb2of3__C15_FCF_P_DYN_riseq1__v0,PS_qb0of3__NETDEBT_EBITDA_qb2of3,C15_FCF_P_DYN_riseq1,0.11928550112855008,0.16108156841581445,-0.04179606728726437,-0.6206737084919787,0.46621018160166716,20.75,112.25964912280702
MOM_qb2of3__ACCRUAL_qb2of3__C13_EPS_DYN_ytdavg_gt_lyytdavg__v0,MOM_qb2of3__ACCRUAL_qb2of3,C13_EPS_DYN_ytdavg_gt_lyytdavg,0.11924426868109506,0.11246072837315779,0.006783540307937264,-0.6221227610707853,0.4698860553445469,17.74,92.13333333333334
MOM_qb2of3__DEBTRATIO_qb0of3__C15_FCF_P_DYN_riseq1__v0,MOM_qb2of3__DEBTRATIO_qb0of3,C15_FCF_P_DYN_riseq1,0.1192072173135823,0.13434664389931616,-0.015139426585733862,-0.728408938709382,0.46018614270941055,19.35,67.20701754385965
FCF_OI_qb1of3__None__C16_FCF_P_DYN_riseq2__v0,FCF_OI_qb1of3__None,C16_FCF_P_DYN_riseq2,0.11919166515647195,0.10865218632260909,0.010539478833862859,-0.624311665970456,0.4782802832174523,21.93,241.43795620437956
MOM_qb2of3__ACCRUAL_qb2of3__C20_FCF_P_DYN_ytdavg_gt_lyytdavg__v0,MOM_qb2of3__ACCRUAL_qb2of3,C20_FCF_P_DYN_ytdavg_gt_lyytdavg,0.11917507124030347,0.11246072837315779,0.006714342867145673,-0.6914359645027628,0.48841793987185805,19.04,73.7719298245614
DEBTRATIO_qb2of3__NETDEBT_EBITDA_qb2of3__None__v0,DEBTRATIO_qb2of3__NETDEBT_EBITDA_qb2of3,None,0.11915400596730308,0.11915400596730308,0.0,-0.5817902694634987,0.49304377332880894,20.56,310.6868686868687
EV_EBITDA_qb1of3__FCF_P_qb2of3__C19_FCF_P_DYN_yoy__v0,EV_EBITDA_qb1of3__FCF_P_qb2of3,C19_FCF_P_DYN_yoy,0.11912125437742183,0.12095020165403092,-0.0018289472766090942,-0.6081556201163778,0.49375644403711766,25.01,129.312
MOM_qb1of3__FCF_OI_qb1of3__C16_FCF_P_DYN_riseq2__v0,MOM_qb1of3__FCF_OI_qb1of3,C16_FCF_P_DYN_riseq2,0.11903515668603837,0.10997605163063406,0.009059105055404304,-0.5963452279229462,0.5038808807223191,23.39,78.92700729927007
PS_qb1of3__ROIC_qb2of3__C16_FCF_P_DYN_riseq2__v0,PS_qb1of3__ROIC_qb2of3,C16_FCF_P_DYN_riseq2,0.11903328004064506,0.12120296701946254,-0.0021696869788174755,-0.6250825628378232,0.4884348496530455,22.84,88.33576642335767
P_IC_qb1of3__OCF_E_qb2of3__C20_FCF_P_DYN_ytdavg_gt_lyytdavg__v0,P_IC_qb1of3__OCF_E_qb2of3,C20_FCF_P_DYN_ytdavg_gt_lyytdavg,0.11894164489266945,0.11478934435704824,0.004152300535621212,-0.6029567938266418,0.48880757640981487,19.41,70.90877192982457
ROE_qb1of3__NETDEBT_EBITDA_qb2of3__C20_FCF_P_DYN_ytdavg_gt_lyytdavg__v0,ROE_qb1of3__NETDEBT_EBITDA_qb2of3,C20_FCF_P_DYN_ytdavg_gt_lyytdavg,0.11893960856583474,0.11002096666725647,0.008918641898578272,-0.5932879412302281,0.501271676300578,22.28,80.55087719298245
ROE_qb0of3__EV_EBITDA_qb1of3__C8_EPS_DYN_riseq1__v0,ROE_qb0of3__EV_EBITDA_qb1of3,C8_EPS_DYN_riseq1,0.11893143764745173,0.12350332831042143,-0.004571890662969702,-0.6365845326918875,0.46782700421940926,18.65,27.056140350877193
PB_qb1of3__ROIC_qb1of3__C2_ROE_DYN_riseq2__v0,PB_qb1of3__ROIC_qb1of3,C2_ROE_DYN_riseq2,0.11891933743853045,0.10263205495867078,0.016287282479859666,-0.6178300370029767,0.5029122679286494,20.62,94.46715328467154
DEBTRATIO_qb2of3__NETDEBT_EBITDA_qb0of3__C1_ROE_DYN_riseq1__v0,DEBTRATIO_qb2of3__NETDEBT_EBITDA_qb0of3,C1_ROE_DYN_riseq1,0.11887114059742765,0.10863780237264198,0.01023333822478567,-0.49054565691568686,0.4960045662100457,19.65,31.919298245614034
PS_qb1of3__NETDEBT_EBITDA_qb1of3__C14_EPS_DYN_ytdavg_gt_lyavg__v0,PS_qb1of3__NETDEBT_EBITDA_qb1of3,C14_EPS_DYN_ytdavg_gt_lyavg,0.11882792095854144,0.10068019804438966,0.018147722914151787,-0.547562014937435,0.4801980198019802,21.07,92.32982456140351
EV_S_qb1of3__OCF_E_qb1of3__C13_EPS_DYN_ytdavg_gt_lyytdavg__v0,EV_S_qb1of3__OCF_E_qb1of3,C13_EPS_DYN_ytdavg_gt_lyytdavg,0.11878491184352136,0.11166086551822496,0.007124046325296396,-0.5981138734817555,0.4861760124610592,20.76,83.6140350877193
EV_EBITDA_qb1of3__FCF_OI_qb1of3__C20_FCF_P_DYN_ytdavg_gt_lyytdavg__v0,EV_EBITDA_qb1of3__FCF_OI_qb1of3,C20_FCF_P_DYN_ytdavg_gt_lyytdavg,0.11877780079792344,0.1275583968310292,-0.00878059603310577,-0.6281984168139704,0.5203370604440123,20.01,87.0421052631579
ROIC_qb1of3__FCF_P_qb2of3__C19_FCF_P_DYN_yoy__v0,ROIC_qb1of3__FCF_P_qb2of3,C19_FCF_P_DYN_yoy,0.11875598389318043,0.13214928588991603,-0.013393301996735607,-0.5819282438404438,0.49653998865570054,24.78,136.756
ROE_qb2of3__FCF_OI_qb2of3__C1_ROE_DYN_riseq1__v0,ROE_qb2of3__FCF_OI_qb2of3,C1_ROE_DYN_riseq1,0.11872927817453971,0.10612897361205387,0.012600304562485842,-0.5172871266511954,0.4579030494472118,20.34,110.90877192982457
PS_qb1of3__ROE_qb1of3__C6_ROE_DYN_ytdavg_gt_lyytdavg__v0,PS_qb1of3__ROE_qb1of3,C6_ROE_DYN_ytdavg_gt_lyytdavg,0.11872819157898062,0.1012338625934468,0.017494328985533825,-0.5559097456153348,0.4723174914257717,20.12,76.76140350877193
PS_qb1of3__ACCRUAL_qb1of3__C8_EPS_DYN_riseq1__v0,PS_qb1of3__ACCRUAL_qb1of3,C8_EPS_DYN_riseq1,0.11864733148436457,0.10712139139531085,0.011525940089053721,-0.6688640363935936,0.5007544006705784,21.2,83.77894736842106
P_IC_qb1of3__ROIC_qb1of3__C7_ROE_DYN_ytdavg_gt_lyavg__v0,P_IC_qb1of3__ROIC_qb1of3,C7_ROE_DYN_ytdavg_gt_lyavg,0.1186455175780805,0.10338158284969312,0.015263934728387385,-0.5749943183335731,0.4901185770750988,19.43,81.80350877192983
P_IC_qb1of3__ROIC_qb1of3__C12_EPS_DYN_yoy__v0,P_IC_qb1of3__ROIC_qb1of3,C12_EPS_DYN_yoy,0.11863190636481824,0.10338158284969312,0.01525032351512512,-0.599989408165034,0.48709615752246227,22.75,93.844
PS_qb1of3__DEBTRATIO_qb1of3__C4_ROE_DYN_qmax8__v0,PS_qb1of3__DEBTRATIO_qb1of3,C4_ROE_DYN_qmax8,0.11847717240422218,0.09970663573273053,0.018770536671491644,-0.7659314016342572,0.500620347394541,21.9,26.467811158798284
EV_EBITDA_qb1of3__FCF_P_qb2of3__C18_FCF_P_DYN_qmax8__v0,EV_EBITDA_qb1of3__FCF_P_qb2of3,C18_FCF_P_DYN_qmax8,0.1184221449624796,0.12095020165403092,-0.002528056691551317,-0.6365205007056028,0.47152496626180834,27.69,48.30042918454936
P_IC_qb1of3__FCF_P_qb1of3__C13_EPS_DYN_ytdavg_gt_lyytdavg__v0,P_IC_qb1of3__FCF_P_qb1of3,C13_EPS_DYN_ytdavg_gt_lyytdavg,0.1183872186145647,0.11136939041932759,0.007017828195237108,-0.6078877401746587,0.483916649807809,19.04,73.94035087719298
MOM_qb2of3__FCF_P_qb2of3__C18_FCF_P_DYN_qmax8__v0,MOM_qb2of3__FCF_P_qb2of3,C18_FCF_P_DYN_qmax8,0.11828967134743129,0.15540904841423941,-0.037119377066808124,-0.669692198371754,0.47369959088252483,23.49,44.012875536480685
ROE_qb2of3__ACCRUAL_qb1of3__C13_EPS_DYN_ytdavg_gt_lyytdavg__v0,ROE_qb2of3__ACCRUAL_qb1of3,C13_EPS_DYN_ytdavg_gt_lyytdavg,0.11825730894296282,0.10780358903293696,0.01045371991002586,-0.4783685708280764,0.4800547851395309,19.89,90.51228070175439
PS_qb1of3__NETDEBT_EBITDA_qb0of3__None__v0,PS_qb1of3__NETDEBT_EBITDA_qb0of3,None,0.11822478808596304,0.11822478808596304,0.0,-0.6239191570722251,0.501558379285543,20.34,151.8956228956229
PS_qb1of3__DEBTRATIO_qb0of3__C19_FCF_P_DYN_yoy__v0,PS_qb1of3__DEBTRATIO_qb0of3,C19_FCF_P_DYN_yoy,0.11814358312465134,0.12634493133806424,-0.008201348213412896,-0.669324486894562,0.5065181322588291,24.14,82.616
PS_qb1of3__NETDEBT_EBITDA_qb1of3__C13_EPS_DYN_ytdavg_gt_lyytdavg__v0,PS_qb1of3__NETDEBT_EBITDA_qb1of3,C13_EPS_DYN_ytdavg_gt_lyytdavg,0.11814251137947007,0.10068019804438966,0.017462313335080415,-0.5487264201284806,0.47614053487152597,21.63,95.55087719298245
OCF_E_qb2of3__EV_EBITDA_qb1of3__C16_FCF_P_DYN_riseq2__v0,OCF_E_qb2of3__EV_EBITDA_qb1of3,C16_FCF_P_DYN_riseq2,0.11806771791979664,0.12133006898882948,-0.0032623510690328317,-0.6221617237389897,0.4917151813703538,23.54,96.08759124087591
EV_EBITDA_qb1of3__FCF_OI_qb1of3__C17_FCF_P_DYN_qmax4__v0,EV_EBITDA_qb1of3__FCF_OI_qb1of3,C17_FCF_P_DYN_qmax4,0.11796621846922051,0.1275583968310292,-0.009592178361808701,-0.6283294778427531,0.43860894251242016,21.63,32.9236641221374
OCF_E_qb2of3__FCF_OI_qb1of3__C19_FCF_P_DYN_yoy__v0,OCF_E_qb2of3__FCF_OI_qb1of3,C19_FCF_P_DYN_yoy,0.11796141657869108,0.11774066125008464,0.00022075532860643676,-0.6118499391125152,0.4910884786760025,23.91,87.76
ROIC_qb1of3__NETDEBT_EBITDA_qb2of3__None__v0,ROIC_qb1of3__NETDEBT_EBITDA_qb2of3,None,0.11795452966567255,0.11795452966567255,0.0,-0.5680162208325203,0.4706124126592684,21.16,198.0841750841751
ROE_qb2of3__DEBTRATIO_qb0of3__C20_FCF_P_DYN_ytdavg_gt_lyytdavg__v0,ROE_qb2of3__DEBTRATIO_qb0of3,C20_FCF_P_DYN_ytdavg_gt_lyytdavg,0.11792847743658252,0.10886193919574749,0.009066538240835031,-0.6192203665470282,0.5194601381042059,20.41,66.91578947368421
DEBTRATIO_qb1of3__FCF_P_qb2of3__C1_ROE_DYN_riseq1__v0,DEBTRATIO_qb1of3__FCF_P_qb2of3,C1_ROE_DYN_riseq1,0.11790680746331406,0.12036397930429055,-0.002457171840976491,-0.5994576621478032,0.4750235626767201,21.48,85.89824561403509
EV_S_qb1of3__FCF_OI_qb2of3__C7_ROE_DYN_ytdavg_gt_lyavg__v0,EV_S_qb1of3__FCF_OI_qb2of3,C7_ROE_DYN_ytdavg_gt_lyavg,0.11785817969623325,0.10909170051585249,0.00876647918038076,-0.6100291013463548,0.4801629852026592,19.26,68.88070175438597
OCF_E_qb1of3__FCF_OI_qb1of3__C18_FCF_P_DYN_qmax8__v0,OCF_E_qb1of3__FCF_OI_qb1of3,C18_FCF_P_DYN_qmax8,0.11774722615374134,0.10728376775503445,0.010463458398706882,-0.7582193087125507,0.4224343675417661,26.47,13.963855421686747
OCF_E_qb2of3__FCF_OI_qb1of3__None__v0,OCF_E_qb2of3__FCF_OI_qb1of3,None,0.11774066125008464,0.11774066125008464,0.0,-0.5514180028416007,0.4623595051346325,20.34,181.59595959595958
PS_qb1of3__None__C13_EPS_DYN_ytdavg_gt_lyytdavg__v0,PS_qb1of3__None,C13_EPS_DYN_ytdavg_gt_lyytdavg,0.11770857614073749,0.10454523190678677,0.013163344233950713,-0.5783189721271447,0.4761304950245623,20.56,230.9298245614035
PS_qb1of3__ROE_qb2of3__C16_FCF_P_DYN_riseq2__v0,PS_qb1of3__ROE_qb2of3,C16_FCF_P_DYN_riseq2,0.117697236147704,0.11938211139414667,-0.0016848752464426742,-0.6338952608958873,0.48765816220701097,23.38,81.43795620437956
PB_qb1of3__ROIC_qb1of3__C13_EPS_DYN_ytdavg_gt_lyytdavg__v0,PB_qb1of3__ROIC_qb1of3,C13_EPS_DYN_ytdavg_gt_lyytdavg,0.11761299528627278,0.10263205495867078,0.014980940327602,-0.5673051282037821,0.48683669271904567,20.15,91.29473684210527
PB_qb1of3__FCF_P_qb1of3__C4_ROE_DYN_qmax8__v0,PB_qb1of3__FCF_P_qb1of3,C4_ROE_DYN_qmax8,0.11756958711454457,0.10479620641868093,0.012773380695863645,-0.7486775892421674,0.5250716332378224,16.88,20.523809523809526
OCF_E_qb2of3__FCF_P_qb0of3__C14_EPS_DYN_ytdavg_gt_lyavg__v0,OCF_E_qb2of3__FCF_P_qb0of3,C14_EPS_DYN_ytdavg_gt_lyavg,0.11755760757816702,0.10663543740601678,0.010922170172150247,-0.4801984619672053,0.46379873247551373,21.17,70.06315789473685
ROE_qb2of3__NETDEBT_EBITDA_qb2of3__C15_FCF_P_DYN_riseq1__v0,ROE_qb2of3__NETDEBT_EBITDA_qb2of3,C15_FCF_P_DYN_riseq1,0.11751218228063132,0.12573108691877288,-0.008218904638141566,-0.5671570786401536,0.4678869621066153,20.88,40.940350877192984
OCF_E_qb1of3__EV_EBITDA_qb0of3__C17_FCF_P_DYN_qmax4__v0,OCF_E_qb1of3__EV_EBITDA_qb0of3,C17_FCF_P_DYN_qmax4,0.11750314136063889,0.1611145807766723,-0.043611439416033404,-0.5728336158644662,0.46984732824427483,19.98,32.88549618320611
ROE_qb1of3__FCF_P_qb2of3__C16_FCF_P_DYN_riseq2__v0,ROE_qb1of3__FCF_P_qb2of3,C16_FCF_P_DYN_riseq2,0.11742806090211477,0.12843923926750733,-0.01101117836539256,-0.6041579137039041,0.5041189931350114,23.65,132.0985401459854
P_IC_qb1of3__ROE_qb1of3__C7_ROE_DYN_ytdavg_gt_lyavg__v0,P_IC_qb1of3__ROE_qb1of3,C7_ROE_DYN_ytdavg_gt_lyavg,0.11733724969997072,0.10639715439744668,0.010940095302524044,-0.5900577990195057,0.486544415336985,19.26,81.33684210526316
DEBTRATIO_qb2of3__None__C16_FCF_P_DYN_riseq2__v0,DEBTRATIO_qb2of3__None,C16_FCF_P_DYN_riseq2,0.1173165863830945,0.11247402988012434,0.004842556502970163,-0.6022502412515836,0.48408660081811833,22.96,233.87591240875912
EV_EBITDA_qb1of3__FCF_P_qb2of3__C16_FCF_P_DYN_riseq2__v0,EV_EBITDA_qb1of3__FCF_P_qb2of3,C16_FCF_P_DYN_riseq2,0.11726657081596925,0.12095020165403092,-0.003683630838061669,-0.5943778976584015,0.4934697431432303,23.34,131.13138686131387
ROE_qb2of3__ROIC_qb1of3__C16_FCF_P_DYN_riseq2__v0,ROE_qb2of3__ROIC_qb1of3,C16_FCF_P_DYN_riseq2,0.11724972508152742,0.12028408152058989,-0.003034356439062469,-0.5942115174766011,0.49608610567514677,20.61,30.532846715328468
ROIC_qb1of3__FCF_OI_qb1of3__C18_FCF_P_DYN_qmax8__v0,ROIC_qb1of3__FCF_OI_qb1of3,C18_FCF_P_DYN_qmax8,0.1171943265985389,0.11961040076679486,-0.002416074168255955,-0.6404845118053277,0.4133928571428571,24.08,18.308139534883722
ROE_qb2of3__FCF_OI_qb1of3__C16_FCF_P_DYN_riseq2__v0,ROE_qb2of3__FCF_OI_qb1of3,C16_FCF_P_DYN_riseq2,0.11715582556226578,0.1074915393951017,0.009664286167164082,-0.6007948569278023,0.5029515938606848,23.06,84.7956204379562
ROE_qb0of3__EV_EBITDA_qb1of3__C10_EPS_DYN_qmax4__v0,ROE_qb0of3__EV_EBITDA_qb1of3,C10_EPS_DYN_qmax4,0.11715087177234973,0.12350332831042143,-0.006352456538071705,-0.67281516597681,0.47346514047866806,16.15,13.958015267175572
DEBTRATIO_qb2of3__FCF_P_qb0of3__C6_ROE_DYN_ytdavg_gt_lyytdavg__v0,DEBTRATIO_qb2of3__FCF_P_qb0of3,C6_ROE_DYN_ytdavg_gt_lyytdavg,0.1171475050061408,0.10901546451131372,0.008132040494827075,-0.5740832928427393,0.45528954368733376,20.53,83.77543859649123
DEBTRATIO_qb2of3__NETDEBT_EBITDA_qb0of3__C16_FCF_P_DYN_riseq2__v0,DEBTRATIO_qb2of3__NETDEBT_EBITDA_qb0of3,C16_FCF_P_DYN_riseq2,0.11714591911126337,0.10863780237264198,0.008508116738621396,-0.5846589343745214,0.5188150520416333,22.76,28.638686131386862
P_IC_qb1of3__DEBTRATIO_qb0of3__C15_FCF_P_DYN_riseq1__v0,P_IC_qb1of3__DEBTRATIO_qb0of3,C15_FCF_P_DYN_riseq1,0.11714350801921847,0.1393426824369417,-0.022199174417723233,-0.5937191514065605,0.476181063451275,22.22,76.0421052631579
PB_qb1of3__ROIC_qb1of3__C5_ROE_DYN_yoy__v0,PB_qb1of3__ROIC_qb1of3,C5_ROE_DYN_yoy,0.11712698203535732,0.10263205495867078,0.014494927076686537,-0.5953375454089838,0.48673609746512086,21.42,91.168
ROE_qb2of3__ACCRUAL_qb0of3__C15_FCF_P_DYN_riseq1__v0,ROE_qb2of3__ACCRUAL_qb0of3,C15_FCF_P_DYN_riseq1,0.11711180893775097,0.11508661275557497,0.0020251961821760034,-0.5425643185861748,0.45435566521161513,20.85,61.824561403508774
OCF_E_qb2of3__FCF_P_qb2of3__C16_FCF_P_DYN_riseq2__v0,OCF_E_qb2of3__FCF_P_qb2of3,C16_FCF_P_DYN_riseq2,0.11702844824422742,0.12762602498232223,-0.010597576738094805,-0.6028287272830009,0.4824445907395216,24.75,128.37591240875912
PS_qb1of3__DEBTRATIO_qb1of3__C10_EPS_DYN_qmax4__v0,PS_qb1of3__DEBTRATIO_qb1of3,C10_EPS_DYN_qmax4,0.11696350707464909,0.09970663573273053,0.017256871341918556,-0.6039503381994139,0.4968907314184187,21.51,54.37022900763359
FCF_OI_qb1of3__DEBTRATIO_qb1of3__C1_ROE_DYN_riseq1__v0,FCF_OI_qb1of3__DEBTRATIO_qb1of3,C1_ROE_DYN_riseq1,0.11694173802086616,0.1043803523024891,0.01256138571837706,-0.6084222348337505,0.4679239200515796,19.53,89.80701754385964
OCF_E_qb2of3__DEBTRATIO_qb2of3__None__v0,OCF_E_qb2of3__DEBTRATIO_qb2of3,None,0.11692725396958026,0.11692725396958026,0.0,-0.505098939169099,0.46557341442224154,21.31,187.92592592592592
EV_S_qb1of3__FCF_OI_qb2of3__C10_EPS_DYN_qmax4__v0,EV_S_qb1of3__FCF_OI_qb2of3,C10_EPS_DYN_qmax4,0.11692539627182796,0.10909170051585249,0.007833695755975478,-0.6249619487408227,0.4857322044528065,18.43,43.904580152671755
P_IC_qb1of3__ROE_qb1of3__C5_ROE_DYN_yoy__v0,P_IC_qb1of3__ROE_qb1of3,C5_ROE_DYN_yoy,0.11690629246985185,0.10639715439744668,0.010509138072405166,-0.6075343396574056,0.48848292295472595,22.39,92.28
EV_S_qb1of3__FCF_OI_qb2of3__C1_ROE_DYN_riseq1__v0,EV_S_qb1of3__FCF_OI_qb2of3,C1_ROE_DYN_riseq1,0.11690598375702987,0.10909170051585249,0.007814283241177389,-0.6190538938215655,0.4741074300418141,20.4,83.0701754385965
EV_S_qb1of3__NETDEBT_EBITDA_qb2of3__C20_FCF_P_DYN_ytdavg_gt_lyytdavg__v0,EV_S_qb1of3__NETDEBT_EBITDA_qb2of3,C20_FCF_P_DYN_ytdavg_gt_lyytdavg,0.1168419852418845,0.12592618420732227,-0.009084198965437773,-0.6498771441456777,0.48720832161934213,21.57,87.96842105263158
P_IC_qb1of3__ROE_qb1of3__C10_EPS_DYN_qmax4__v0,P_IC_qb1of3__ROE_qb1of3,C10_EPS_DYN_qmax4,0.11682199369106683,0.10639715439744668,0.010424839293620147,-0.6673908727248912,0.5132538104705102,18.56,46.98091603053435
ROIC_qb1of3__DEBTRATIO_qb2of3__None__v0,ROIC_qb1of3__DEBTRATIO_qb2of3,None,0.11680265302092874,0.11680265302092874,0.0,-0.5498498509966281,0.47407932011331444,20.86,195.36700336700338
EV_S_qb1of3__EV_EBITDA_qb1of3__C19_FCF_P_DYN_yoy__v0,EV_S_qb1of3__EV_EBITDA_qb1of3,C19_FCF_P_DYN_yoy,0.11678883795614659,0.11950687846175168,-0.0027180405056050905,-0.6336616184606476,0.4893479664299548,24.66,105.46
PB_qb1of3__OCF_E_qb2of3__C19_FCF_P_DYN_yoy__v0,PB_qb1of3__OCF_E_qb2of3,C19_FCF_P_DYN_yoy,0.11674417823345062,0.12468663979722217,-0.007942461563771541,-0.6093487895751443,0.4951666995462616,24.77,76.448
ROIC_qb1of3__DEBTRATIO_qb2of3__C20_FCF_P_DYN_ytdavg_gt_lyytdavg__v0,ROIC_qb1of3__DEBTRATIO_qb2of3,C20_FCF_P_DYN_ytdavg_gt_lyytdavg,0.11672853419284657,0.11680265302092874,-7.41188280821703e-05,-0.5843585342705746,0.5077392631349466,21.38,91.51578947368421
MOM_qb2of3__FCF_OI_qb2of3__C19_FCF_P_DYN_yoy__v0,MOM_qb2of3__FCF_OI_qb2of3,C19_FCF_P_DYN_yoy,0.11670331219909413,0.13351239190976916,-0.016809079710675023,-0.6880503059451886,0.48641857125762833,22.07,112.68
FCF_OI_qb1of3__DEBTRATIO_qb1of3__C13_EPS_DYN_ytdavg_gt_lyytdavg__v0,FCF_OI_qb1of3__DEBTRATIO_qb1of3,C13_EPS_DYN_ytdavg_gt_lyytdavg,0.1166678523324145,0.1043803523024891,0.012287500029925402,-0.55221514024975,0.4618782408296524,19.46,88.8561403508772
EV_EBITDA_qb1of3__ROIC_qb1of3__C20_FCF_P_DYN_ytdavg_gt_lyytdavg__v0,EV_EBITDA_qb1of3__ROIC_qb1of3,C20_FCF_P_DYN_ytdavg_gt_lyytdavg,0.11663523043070367,0.12513866146333696,-0.00850343103263329,-0.6198689141466247,0.4946907129614023,21.14,97.58245614035087
MOM_qb1of3__ROE_qb2of3__C10_EPS_DYN_qmax4__v0,MOM_qb1of3__ROE_qb2of3,C10_EPS_DYN_qmax4,0.11662604605073423,0.10831556437834422,0.008310481672390013,-0.7016230412257473,0.5410975317517374,21.03,53.13358778625954
P_IC_qb0of3__FCF_OI_qb1of3__C18_FCF_P_DYN_qmax8__v0,P_IC_qb0of3__FCF_OI_qb1of3,C18_FCF_P_DYN_qmax8,0.11661394255121249,0.1841328203450041,-0.06751887779379162,-0.6458507874621517,0.44516129032258067,17.44,16.13065326633166
EV_S_qb1of3__ACCRUAL_qb0of3__C16_FCF_P_DYN_riseq2__v0,EV_S_qb1of3__ACCRUAL_qb0of3,C16_FCF_P_DYN_riseq2,0.11657883255528323,0.11933321896314197,-0.0027543864078587443,-0.6190606290250436,0.4815074496056091,24.15,81.43795620437956
DEBTRATIO_qb2of3__FCF_P_qb2of3__C19_FCF_P_DYN_yoy__v0,DEBTRATIO_qb2of3__FCF_P_qb2of3,C19_FCF_P_DYN_yoy,0.11657059843748918,0.13414183650936895,-0.01757123807187977,-0.6072521078121726,0.48234039717446353,24.16,135.756
ROE_qb2of3__ROIC_qb1of3__C15_FCF_P_DYN_riseq1__v0,ROE_qb2of3__ROIC_qb1of3,C15_FCF_P_DYN_riseq1,0.11652799953271975,0.12028408152058989,-0.0037560819878701412,-0.5718234319885294,0.4838709677419355,19.71,28.529824561403508
PS_qb1of3__NETDEBT_EBITDA_qb0of3__C20_FCF_P_DYN_ytdavg_gt_lyytdavg__v0,PS_qb1of3__NETDEBT_EBITDA_qb0of3,C20_FCF_P_DYN_ytdavg_gt_lyytdavg,0.11649506495256712,0.11822478808596304,-0.0017297231333959218,-0.6405526949590731,0.49863925007559723,21.24,76.56491228070175
P_IC_qb0of3__None__C17_FCF_P_DYN_qmax4__v0,P_IC_qb0of3__None,C17_FCF_P_DYN_qmax4,0.11648323597573973,0.17867438611691733,-0.0621911501411776,-0.5995206574398984,0.47879722436391675,20.83,117.11068702290076
PS_qb1of3__NETDEBT_EBITDA_qb0of3__C19_FCF_P_DYN_yoy__v0,PS_qb1of3__NETDEBT_EBITDA_qb0of3,C19_FCF_P_DYN_yoy,0.11648044066197438,0.11822478808596304,-0.001744347423988657,-0.6612675190987848,0.4991482112436116,24.32,80.396
EV_EBITDA_qb1of3__None__C16_FCF_P_DYN_riseq2__v0,EV_EBITDA_qb1of3__None,C16_FCF_P_DYN_riseq2,0.11643421259392439,0.12168343275173998,-0.005249220157815593,-0.6089288304724731,0.4993165959283505,23.26,239.78832116788323
DEBTRATIO_qb2of3__FCF_P_qb2of3__C16_FCF_P_DYN_riseq2__v0,DEBTRATIO_qb2of3__FCF_P_qb2of3,C16_FCF_P_DYN_riseq2,0.11640741245271258,0.13414183650936895,-0.017734424056656373,-0.5816581933498866,0.4845679012345679,22.67,136.52189781021897
EV_S_qb1of3__EV_EBITDA_qb1of3__C20_FCF_P_DYN_ytdavg_gt_lyytdavg__v0,EV_S_qb1of3__EV_EBITDA_qb1of3,C20_FCF_P_DYN_ytdavg_gt_lyytdavg,0.11630416162295742,0.11950687846175168,-0.0032027168387942506,-0.6265783659175874,0.49298597194388777,22.1,101.23157894736842
P_IC_qb1of3__FCF_OI_qb1of3__None__v0,P_IC_qb1of3__FCF_OI_qb1of3,None,0.1162649322304854,0.1162649322304854,0.0,-0.6090366618817276,0.48013683513573163,20.47,168.98316498316498
EV_S_qb1of3__ROIC_qb2of3__C7_ROE_DYN_ytdavg_gt_lyavg__v0,EV_S_qb1of3__ROIC_qb2of3,C7_ROE_DYN_ytdavg_gt_lyavg,0.11625500072685369,0.11007268957710736,0.006182311149746322,-0.5352007549935134,0.4806097287603676,19.65,90.6140350877193
OCF_E_qb2of3__ACCRUAL_qb0of3__C16_FCF_P_DYN_riseq2__v0,OCF_E_qb2of3__ACCRUAL_qb0of3,C16_FCF_P_DYN_riseq2,0.11616638896799003,0.1085860393522513,0.007580349615738724,-0.6252071020976324,0.47855831803771065,25.31,171.93065693430657
EV_S_qb1of3__FCF_OI_qb2of3__C14_EPS_DYN_ytdavg_gt_lyavg__v0,EV_S_qb1of3__FCF_OI_qb2of3,C14_EPS_DYN_ytdavg_gt_lyavg,0.11616163858851114,0.10909170051585249,0.007069938072658655,-0.6082278832700663,0.4799277398635086,19.5,73.87719298245614
EV_S_qb0of3__ACCRUAL_qb0of3__C17_FCF_P_DYN_qmax4__v0,EV_S_qb0of3__ACCRUAL_qb0of3,C17_FCF_P_DYN_qmax4,0.1161359559726638,0.15433085717622674,-0.03819490120356295,-0.6085394641761973,0.45225826007881176,21.26,42.16412213740458
EV_S_qb1of3__ROE_qb2of3__C19_FCF_P_DYN_yoy__v0,EV_S_qb1of3__ROE_qb2of3,C19_FCF_P_DYN_yoy,0.11613160157073876,0.11180655286183461,0.004325048708904156,-0.6242666640987728,0.5021691973969631,23.33,80.204
OCF_E_qb1of3__FCF_P_qb2of3__C16_FCF_P_DYN_riseq2__v0,OCF_E_qb1of3__FCF_P_qb2of3,C16_FCF_P_DYN_riseq2,0.11600958406360573,0.12040696135896067,-0.004397377295354943,-0.6011588357258363,0.48725587553790134,24.96,125.98175182481752
ROE_qb1of3__FCF_OI_qb1of3__C20_FCF_P_DYN_ytdavg_gt_lyytdavg__v0,ROE_qb1of3__FCF_OI_qb1of3,C20_FCF_P_DYN_ytdavg_gt_lyytdavg,0.11594629622760855,0.11311461277821944,0.0028316834493891108,-0.5997622121065408,0.487913595062575,21.21,84.38947368421053
EV_EBITDA_qb1of3__None__C20_FCF_P_DYN_ytdavg_gt_lyytdavg__v0,EV_EBITDA_qb1of3__None,C20_FCF_P_DYN_ytdavg_gt_lyytdavg,0.11593763654037748,0.12168343275173998,-0.005745796211362508,-0.6175736465483601,0.5062414500683995,20.86,229.9157894736842
EV_S_qb1of3__DEBTRATIO_qb1of3__C13_EPS_DYN_ytdavg_gt_lyytdavg__v0,EV_S_qb1of3__DEBTRATIO_qb1of3,C13_EPS_DYN_ytdavg_gt_lyytdavg,0.11585319534457139,0.11155677487762738,0.0042964204669440065,-0.5849156011807659,0.4744981009224091,20.76,88.67017543859649
OCF_E_qb2of3__None__C16_FCF_P_DYN_riseq2__v0,OCF_E_qb2of3__None,C16_FCF_P_DYN_riseq2,0.11582891299497589,0.10702478116805669,0.008804131826919193,-0.6257105156813101,0.48020263964804694,24.98,236.44890510948906
PS_qb1of3__DEBTRATIO_qb1of3__C7_ROE_DYN_ytdavg_gt_lyavg__v0,PS_qb1of3__DEBTRATIO_qb1of3,C7_ROE_DYN_ytdavg_gt_lyavg,0.11580685492736897,0.09970663573273053,0.016100219194638443,-0.584738664798845,0.4729119638826185,20.51,83.8561403508772
PS_qb1of3__DEBTRATIO_qb1of3__C6_ROE_DYN_ytdavg_gt_lyytdavg__v0,PS_qb1of3__DEBTRATIO_qb1of3,C6_ROE_DYN_ytdavg_gt_lyytdavg,0.11576934337352895,0.09970663573273053,0.016062707640798424,-0.589127429505946,0.47356948228882834,21.01,89.03859649122808
PB_qb1of3__ROIC_qb1of3__C9_EPS_DYN_riseq2__v0,PB_qb1of3__ROIC_qb1of3,C9_EPS_DYN_riseq2,0.11574622508431553,0.10263205495867078,0.013114170125644753,-0.625331473019211,0.5031998537209728,20.83,93.35401459854015
P_IC_qb1of3__ACCRUAL_qb1of3__C8_EPS_DYN_riseq1__v0,P_IC_qb1of3__ACCRUAL_qb1of3,C8_EPS_DYN_riseq1,0.11569348455883777,0.10354097010952823,0.012152514449309537,-0.6059524787047363,0.49575610601073966,20.56,82.38947368421053
OCF_E_qb2of3__DEBTRATIO_qb2of3__C16_FCF_P_DYN_riseq2__v0,OCF_E_qb2of3__DEBTRATIO_qb2of3,C16_FCF_P_DYN_riseq2,0.11565100387945049,0.11692725396958026,-0.0012762500901297713,-0.6005864059546233,0.4818499127399651,23.67,88.10218978102189
FCF_OI_qb2of3__DEBTRATIO_qb2of3__C1_ROE_DYN_riseq1__v0,FCF_OI_qb2of3__DEBTRATIO_qb2of3,C1_ROE_DYN_riseq1,0.11553432866387148,0.1079547255060096,0.0075796031578618805,-0.5340025757043503,0.47431856109771925,19.72,75.33684210526316
PB_qb1of3__ROIC_qb1of3__C6_ROE_DYN_ytdavg_gt_lyytdavg__v0,PB_qb1of3__ROIC_qb1of3,C6_ROE_DYN_ytdavg_gt_lyytdavg,0.11549858613761832,0.10263205495867078,0.012866531178947538,-0.584039283787577,0.4886000426166631,20.41,86.91929824561403
EV_S_qb1of3__OCF_E_qb1of3__C20_FCF_P_DYN_ytdavg_gt_lyytdavg__v0,EV_S_qb1of3__OCF_E_qb1of3,C20_FCF_P_DYN_ytdavg_gt_lyytdavg,0.11543274001606685,0.11166086551822496,0.0037718744978418872,-0.6285337421576054,0.4793691545938016,23.84,86.43859649122807
EV_S_qb1of3__ROE_qb2of3__C16_FCF_P_DYN_riseq2__v0,EV_S_qb1of3__ROE_qb2of3,C16_FCF_P_DYN_riseq2,0.11535435326783983,0.11180655286183461,0.0035478004060052193,-0.6095684724476171,0.49330823923044753,21.29,79.99270072992701
P_IC_qb1of3__ROIC_qb1of3__C6_ROE_DYN_ytdavg_gt_lyytdavg__v0,P_IC_qb1of3__ROIC_qb1of3,C6_ROE_DYN_ytdavg_gt_lyytdavg,0.11532254375205775,0.10338158284969312,0.011940960902364628,-0.5673666368362839,0.4860641891891892,20.65,88.64912280701755
P_IC_qb1of3__ROIC_qb1of3__C5_ROE_DYN_yoy__v0,P_IC_qb1of3__ROIC_qb1of3,C5_ROE_DYN_yoy,0.11528074096928331,0.10338158284969312,0.011899158119590192,-0.5984909642532479,0.48528834837191054,22.86,91.864
EV_S_qb0of3__OCF_E_qb2of3__C17_FCF_P_DYN_qmax4__v0,EV_S_qb0of3__OCF_E_qb2of3,C17_FCF_P_DYN_qmax4,0.11524103844532152,0.15462123639236114,-0.03938019794703962,-0.6138937855168616,0.46100151745068285,21.4,42.64503816793893
ROE_qb2of3__FCF_OI_qb1of3__C20_FCF_P_DYN_ytdavg_gt_lyytdavg__v0,ROE_qb2of3__FCF_OI_qb1of3,C20_FCF_P_DYN_ytdavg_gt_lyytdavg,0.11523641333571732,0.1074915393951017,0.007744873940615626,-0.6126179941823071,0.5298840321141838,20.15,83.2421052631579
EV_S_qb1of3__MOM_qb2of3__C15_FCF_P_DYN_riseq1__v0,EV_S_qb1of3__MOM_qb2of3,C15_FCF_P_DYN_riseq1,0.115235906887305,0.12920025367569776,-0.013964346788392756,-0.7164884616929548,0.4646546158812137,21.06,70.30526315789474
PB_qb1of3__MOM_qb2of3__C18_FCF_P_DYN_qmax8__v0,PB_qb1of3__MOM_qb2of3,C18_FCF_P_DYN_qmax8,0.11523119991841235,0.14055424123730442,-0.02532304131889207,-0.7700675496047549,0.4661602209944751,16.88,18.17167381974249
FCF_OI_qb1of3__DEBTRATIO_qb1of3__C8_EPS_DYN_riseq1__v0,FCF_OI_qb1of3__DEBTRATIO_qb1of3,C8_EPS_DYN_riseq1,0.11522066448033752,0.1043803523024891,0.010840312177848421,-0.5988947837068337,0.4720536569786011,19.42,91.81754385964912
MOM_qb2of3__None__None__v0,MOM_qb2of3__None,None,0.11517070621059111,0.11517070621059111,0.0,-0.6749403295248526,0.45558719111392315,16.6,434.9220779220779
EV_EBITDA_qb1of3__ROIC_qb1of3__C15_FCF_P_DYN_riseq1__v0,EV_EBITDA_qb1of3__ROIC_qb1of3,C15_FCF_P_DYN_riseq1,0.11515710795195044,0.12513866146333696,-0.00998155351138652,-0.5944147603774828,0.4638421197902291,21.92,94.82105263157895
P_IC_qb1of3__ROIC_qb1of3__C9_EPS_DYN_riseq2__v0,P_IC_qb1of3__ROIC_qb1of3,C9_EPS_DYN_riseq2,0.1151505953852372,0.10338158284969312,0.011769012535544077,-0.5881401273924998,0.4985501993475897,21.0,95.46715328467154
FCF_OI_qb1of3__NETDEBT_EBITDA_qb0of3__C16_FCF_P_DYN_riseq2__v0,FCF_OI_qb1of3__NETDEBT_EBITDA_qb0of3,C16_FCF_P_DYN_riseq2,0.11514215491810886,0.10774462377156824,0.007397531146540626,-0.6448028780614766,0.4859041120488418,22.64,82.32846715328468
PB_qb1of3__NETDEBT_EBITDA_qb0of3__None__v0,PB_qb1of3__NETDEBT_EBITDA_qb0of3,None,0.11510738211040183,0.11510738211040183,0.0,-0.6274800481638733,0.49778543307086615,21.38,152.88552188552188
ROE_qb2of3__ACCRUAL_qb0of3__None__v0,ROE_qb2of3__ACCRUAL_qb0of3,None,0.11508661275557497,0.11508661275557497,0.0,-0.4691124408934111,0.45514176893779096,20.69,146.57575757575756
FCF_OI_qb1of3__NETDEBT_EBITDA_qb2of3__None__v0,FCF_OI_qb1of3__NETDEBT_EBITDA_qb2of3,None,0.11499305815386185,0.11499305815386185,0.0,-0.5831560765793897,0.4535182331792501,20.92,146.86868686868686
MOM_qb1of3__ROE_qb2of3__C2_ROE_DYN_riseq2__v0,MOM_qb1of3__ROE_qb2of3,C2_ROE_DYN_riseq2,0.11497641652741453,0.10831556437834422,0.0066608521490703065,-0.6716236618754161,0.5454974068835455,21.3,85.08029197080292
DEBTRATIO_qb2of3__NETDEBT_EBITDA_qb2of3__C19_FCF_P_DYN_yoy__v0,DEBTRATIO_qb2of3__NETDEBT_EBITDA_qb2of3,C19_FCF_P_DYN_yoy,0.11494106762107403,0.11915400596730308,-0.004212938346229045,-0.6285294114214957,0.4846560846560847,23.25,152.696
P_IC_qb1of3__ACCRUAL_qb1of3__C13_EPS_DYN_ytdavg_gt_lyytdavg__v0,P_IC_qb1of3__ACCRUAL_qb1of3,C13_EPS_DYN_ytdavg_gt_lyytdavg,0.11493767038751912,0.10354097010952823,0.01139670027799089,-0.6119828312877266,0.4840458811261731,21.18,76.61052631578947
PS_qb1of3__DEBTRATIO_qb1of3__C14_EPS_DYN_ytdavg_gt_lyavg__v0,PS_qb1of3__DEBTRATIO_qb1of3,C14_EPS_DYN_ytdavg_gt_lyavg,0.1149257722769026,0.09970663573273053,0.015219136544172063,-0.5744225707136063,0.4669137109581789,21.02,91.7859649122807
ROE_qb0of3__EV_EBITDA_qb1of3__C1_ROE_DYN_riseq1__v0,ROE_qb0of3__EV_EBITDA_qb1of3,C1_ROE_DYN_riseq1,0.1149181423033836,0.12350332831042143,-0.008585186007037837,-0.6702428410859729,0.4704749679075738,18.61,23.080701754385966
FCF_OI_qb1of3__NETDEBT_EBITDA_qb2of3__C19_FCF_P_DYN_yoy__v0,FCF_OI_qb1of3__NETDEBT_EBITDA_qb2of3,C19_FCF_P_DYN_yoy,0.11490698271240407,0.11499305815386185,-8.607544145777801e-05,-0.615500362168538,0.46908794123648234,22.58,76.744
EV_S_qb1of3__ACCRUAL_qb1of3__C20_FCF_P_DYN_ytdavg_gt_lyytdavg__v0,EV_S_qb1of3__ACCRUAL_qb1of3,C20_FCF_P_DYN_ytdavg_gt_lyytdavg,0.11487960178209233,0.11256341933953151,0.0023161824425608213,-0.6524463042227719,0.4827854503014978,23.08,79.36140350877193
DEBTRATIO_qb2of3__NETDEBT_EBITDA_qb2of3__C16_FCF_P_DYN_riseq2__v0,DEBTRATIO_qb2of3__NETDEBT_EBITDA_qb2of3,C16_FCF_P_DYN_riseq2,0.11486173224464347,0.11915400596730308,-0.004292273722659612,-0.6144790498306335,0.4735520094562648,23.0,150.12408759124088
PB_qb1of3__OCF_E_qb2of3__C16_FCF_P_DYN_riseq2__v0,PB_qb1of3__OCF_E_qb2of3,C16_FCF_P_DYN_riseq2,0.11484780838411024,0.12468663979722217,-0.009838831413111926,-0.6097272280491642,0.48867924528301887,24.7,76.68248175182482
ROE_qb2of3__ACCRUAL_qb1of3__C20_FCF_P_DYN_ytdavg_gt_lyytdavg__v0,ROE_qb2of3__ACCRUAL_qb1of3,C20_FCF_P_DYN_ytdavg_gt_lyytdavg,0.11480768737102731,0.10780358903293696,0.007004098338090348,-0.6297794316904127,0.5174748798602009,20.26,65.87719298245614
EV_EBITDA_qb0of3__FCF_P_qb2of3__C15_FCF_P_DYN_riseq1__v0,EV_EBITDA_qb0of3__FCF_P_qb2of3,C15_FCF_P_DYN_riseq1,0.11480540336942546,0.1412545523155624,-0.026449148946136924,-0.5933195917251248,0.4649688737973967,22.6,125.36842105263158
P_IC_qb1of3__OCF_E_qb2of3__None__v0,P_IC_qb1of3__OCF_E_qb2of3,None,0.11478934435704824,0.11478934435704824,0.0,-0.584408223268378,0.4744941233490852,21.32,137.02693602693603
PB_qb1of3__DEBTRATIO_qb0of3__C7_ROE_DYN_ytdavg_gt_lyavg__v0,PB_qb1of3__DEBTRATIO_qb0of3,C7_ROE_DYN_ytdavg_gt_lyavg,0.11475038165417817,0.1073186532581396,0.007431728396038562,-0.6558102276795497,0.48801571709233793,19.23,59.74035087719298
EV_S_qb0of3__NETDEBT_EBITDA_qb2of3__C15_FCF_P_DYN_riseq1__v0,EV_S_qb0of3__NETDEBT_EBITDA_qb2of3,C15_FCF_P_DYN_riseq1,0.11464002269614992,0.1541547522146991,-0.039514729518549174,-0.6121723998185167,0.4551231135822081,19.99,60.69122807017544
PB_qb1of3__NETDEBT_EBITDA_qb1of3__None__v0,PB_qb1of3__NETDEBT_EBITDA_qb1of3,None,0.11455350465136882,0.11455350465136882,0.0,-0.5943977769720543,0.493517184605886,21.06,147.31986531986533
P_IC_qb1of3__NETDEBT_EBITDA_qb0of3__C18_FCF_P_DYN_qmax8__v0,P_IC_qb1of3__NETDEBT_EBITDA_qb0of3,C18_FCF_P_DYN_qmax8,0.11455049999109423,0.14111189279231584,-0.026561392801221606,-0.5901028226305647,0.44642857142857145,22.1,21.763948497854077
EV_S_qb1of3__FCF_OI_qb2of3__C13_EPS_DYN_ytdavg_gt_lyytdavg__v0,EV_S_qb1of3__FCF_OI_qb2of3,C13_EPS_DYN_ytdavg_gt_lyytdavg,0.11451045073786292,0.10909170051585249,0.005418750222010438,-0.6190105900152889,0.47997722527993925,20.03,77.48070175438596
PB_qb1of3__FCF_OI_qb1of3__C19_FCF_P_DYN_yoy__v0,PB_qb1of3__FCF_OI_qb1of3,C19_FCF_P_DYN_yoy,0.11449375337939283,0.11410064127221342,0.00039311210717940526,-0.6082305784252802,0.4856241234221599,25.02,87.304
FCF_OI_qb1of3__None__C19_FCF_P_DYN_yoy__v0,FCF_OI_qb1of3__None,C19_FCF_P_DYN_yoy,0.11443817059375827,0.10865218632260909,0.0057859842711491805,-0.6222243506052648,0.48145972059015535,24.65,248.18
ROE_qb2of3__None__C17_FCF_P_DYN_qmax4__v0,ROE_qb2of3__None,C17_FCF_P_DYN_qmax4,0.11441120136046146,0.10857200626884822,0.005839195091613236,-0.6083181708945321,0.45849894786065,23.08,108.48473282442748
PS_qb1of3__NETDEBT_EBITDA_qb1of3__C3_ROE_DYN_qmax4__v0,PS_qb1of3__NETDEBT_EBITDA_qb1of3,C3_ROE_DYN_qmax4,0.11435885703386073,0.10068019804438966,0.01367865898947107,-0.5689029708017517,0.49910340705319783,21.08,53.44274809160305
PS_qb1of3__OCF_E_qb2of3__C13_EPS_DYN_ytdavg_gt_lyytdavg__v0,PS_qb1of3__OCF_E_qb2of3,C13_EPS_DYN_ytdavg_gt_lyytdavg,0.11434463208864543,0.10315298366883918,0.011191648419806244,-0.5342621760498272,0.4764982373678026,21.55,85.45614035087719
PS_qb1of3__NETDEBT_EBITDA_qb1of3__C1_ROE_DYN_riseq1__v0,PS_qb1of3__NETDEBT_EBITDA_qb1of3,C1_ROE_DYN_riseq1,0.11425051987850976,0.10068019804438966,0.013570321834120103,-0.6032010883723089,0.4834872159090909,21.16,93.20701754385965
EV_S_qb1of3__DEBTRATIO_qb2of3__None__v0,EV_S_qb1of3__DEBTRATIO_qb2of3,None,0.11423945981814065,0.11423945981814065,0.0,-0.6089588435524993,0.46957964601769914,23.83,139.07407407407408
ROE_qb2of3__None__C15_FCF_P_DYN_riseq1__v0,ROE_qb2of3__None,C15_FCF_P_DYN_riseq1,0.11421373211254138,0.10857200626884822,0.005641725843693157,-0.5885351711484107,0.4604660698421376,21.31,209.86315789473684
EV_EBITDA_qb0of3__FCF_OI_qb1of3__C17_FCF_P_DYN_qmax4__v0,EV_EBITDA_qb0of3__FCF_OI_qb1of3,C17_FCF_P_DYN_qmax4,0.11412186898385213,0.1588416616824344,-0.044719792698582284,-0.6149286078574163,0.4374495560936239,20.71,30.16412213740458
PB_qb1of3__FCF_OI_qb1of3__None__v0,PB_qb1of3__FCF_OI_qb1of3,None,0.11410064127221342,0.11410064127221342,0.0,-0.6002386823147052,0.48702660925251184,20.57,163.32323232323233
OCF_E_qb1of3__FCF_OI_qb1of3__C16_FCF_P_DYN_riseq2__v0,OCF_E_qb1of3__FCF_OI_qb1of3,C16_FCF_P_DYN_riseq2,0.11406066625890032,0.10728376775503445,0.006776898503865869,-0.6224897873367534,0.47733160621761656,23.98,81.04379562043796
OCF_E_qb2of3__FCF_P_qb0of3__C13_EPS_DYN_ytdavg_gt_lyytdavg__v0,OCF_E_qb2of3__FCF_P_qb0of3,C13_EPS_DYN_ytdavg_gt_lyytdavg,0.11396790528374257,0.10663543740601678,0.00733246787772579,-0.48110227220683055,0.46417445482866043,22.07,72.86315789473684
ROIC_qb1of3__FCF_OI_qb1of3__C20_FCF_P_DYN_ytdavg_gt_lyytdavg__v0,ROIC_qb1of3__FCF_OI_qb1of3,C20_FCF_P_DYN_ytdavg_gt_lyytdavg,0.11388809261666744,0.11961040076679486,-0.00572230815012742,-0.6114341921880275,0.48663282571912014,20.88,86.99298245614035
P_IC_qb0of3__EV_S_qb0of3__C17_FCF_P_DYN_qmax4__v0,P_IC_qb0of3__EV_S_qb0of3,C17_FCF_P_DYN_qmax4,0.11382212716839457,0.1851690280562388,-0.07134690088784423,-0.5661494155163302,0.4796668299853013,20.33,61.954198473282446
MOM_qb2of3__ROE_qb1of3__C17_FCF_P_DYN_qmax4__v0,MOM_qb2of3__ROE_qb1of3,C17_FCF_P_DYN_qmax4,0.11381831900569317,0.142453064325746,-0.028634745320052835,-0.6707986812336488,0.4720210664911126,21.57,35.729007633587784
ROE_qb1of3__NETDEBT_EBITDA_qb2of3__C19_FCF_P_DYN_yoy__v0,ROE_qb1of3__NETDEBT_EBITDA_qb2of3,C19_FCF_P_DYN_yoy,0.11378057224430371,0.11002096666725647,0.0037596055770472425,-0.6093927208506904,0.49303849303849306,25.19,82.956
PB_qb1of3__DEBTRATIO_qb0of3__C13_EPS_DYN_ytdavg_gt_lyytdavg__v0,PB_qb1of3__DEBTRATIO_qb0of3,C13_EPS_DYN_ytdavg_gt_lyytdavg,0.11376530336558721,0.1073186532581396,0.006446650107447605,-0.6378865996243308,0.48353982300884957,19.92,69.35438596491228
MOM_qb1of3__ROE_qb2of3__C19_FCF_P_DYN_yoy__v0,MOM_qb1of3__ROE_qb2of3,C19_FCF_P_DYN_yoy,0.11374311778741286,0.10831556437834422,0.005427553409068642,-0.6017742189469408,0.5289606458123108,27.49,68.368
ROE_qb2of3__FCF_P_qb2of3__C17_FCF_P_DYN_qmax4__v0,ROE_qb2of3__FCF_P_qb2of3,C17_FCF_P_DYN_qmax4,0.11373164895510146,0.12202542765864322,-0.008293778703541754,-0.5385780938508987,0.47259358288770054,22.6,75.12595419847328
P_IC_qb1of3__NETDEBT_EBITDA_qb1of3__None__v0,P_IC_qb1of3__NETDEBT_EBITDA_qb1of3,None,0.11371455528078345,0.11371455528078345,0.0,-0.5999830689152521,0.488,21.21,161.04040404040404
ACCRUAL_qb1of3__FCF_OI_qb1of3__C20_FCF_P_DYN_ytdavg_gt_lyytdavg__v0,ACCRUAL_qb1of3__FCF_OI_qb1of3,C20_FCF_P_DYN_ytdavg_gt_lyytdavg,0.11368667194497828,0.11215386819556161,0.0015328037494166669,-0.6307829376734826,0.4927846071619455,20.77,73.20350877192982
P_IC_qb1of3__ROIC_qb1of3__C3_ROE_DYN_qmax4__v0,P_IC_qb1of3__ROIC_qb1of3,C3_ROE_DYN_qmax4,0.1136327704608866,0.10338158284969312,0.01025118761119348,-0.6464676731759187,0.49038461538461536,18.7,43.274809160305345
EV_S_qb1of3__ROIC_qb2of3__C19_FCF_P_DYN_yoy__v0,EV_S_qb1of3__ROIC_qb2of3,C19_FCF_P_DYN_yoy,0.11361626743585185,0.11007268957710736,0.0035435778587444844,-0.6470437663562397,0.5002084201750729,25.07,85.188
MOM_qb2of3__ACCRUAL_qb2of3__C19_FCF_P_DYN_yoy__v0,MOM_qb2of3__ACCRUAL_qb2of3,C19_FCF_P_DYN_yoy,0.1136157968489464,0.11246072837315779,0.001155068475788612,-0.7075328758157924,0.4835408493945079,22.69,77.544
PB_qb1of3__ROE_qb2of3__C18_FCF_P_DYN_qmax8__v0,PB_qb1of3__ROE_qb2of3,C18_FCF_P_DYN_qmax8,0.1135037877199998,0.17368474528587585,-0.06018095756587605,-0.6996985342899065,0.48644461657629745,19.56,17.16888888888889
ROE_qb2of3__FCF_OI_qb2of3__C15_FCF_P_DYN_riseq1__v0,ROE_qb2of3__FCF_OI_qb2of3,C15_FCF_P_DYN_riseq1,0.11349926930479093,0.10612897361205387,0.007370295692737061,-0.5814078962260187,0.45776356418173797,21.68,114.35438596491228
P_IC_qb1of3__FCF_OI_qb1of3__C16_FCF_P_DYN_riseq2__v0,P_IC_qb1of3__FCF_OI_qb1of3,C16_FCF_P_DYN_riseq2,0.11330651807827818,0.1162649322304854,-0.0029584141522072116,-0.6149693832453141,0.47569906790945404,23.02,89.95255474452554
EV_S_qb1of3__ROE_qb2of3__C7_ROE_DYN_ytdavg_gt_lyavg__v0,EV_S_qb1of3__ROE_qb2of3,C7_ROE_DYN_ytdavg_gt_lyavg,0.11330110948619687,0.11180655286183461,0.0014945566243622643,-0.529482717137459,0.47912435116226587,19.42,88.62105263157895
PS_qb1of3__OCF_E_qb1of3__C16_FCF_P_DYN_riseq2__v0,PS_qb1of3__OCF_E_qb1of3,C16_FCF_P_DYN_riseq2,0.113299164491804,0.1057020349461224,0.007597129545681591,-0.6337227581319514,0.48634419216847646,25.19,93.03284671532846
ROE_qb2of3__ROIC_qb1of3__C20_FCF_P_DYN_ytdavg_gt_lyytdavg__v0,ROE_qb2of3__ROIC_qb1of3,C20_FCF_P_DYN_ytdavg_gt_lyytdavg,0.11329712391560309,0.12028408152058989,-0.006986957604986799,-0.5971878459735604,0.5093292990418558,19.95,30.5859649122807
ROE_qb1of3__FCF_OI_qb1of3__None__v0,ROE_qb1of3__FCF_OI_qb1of3,None,0.11311461277821944,0.11311461277821944,0.0,-0.590507106475424,0.4699908508691674,20.63,177.4848484848485
NETDEBT_EBITDA_qb2of3__None__None__v0,NETDEBT_EBITDA_qb2of3__None,None,0.11310247772162718,0.11310247772162718,0.0,-0.5911590731404849,0.5123944429310815,21.87,497.3063973063973
FCF_OI_qb1of3__NETDEBT_EBITDA_qb0of3__C19_FCF_P_DYN_yoy__v0,FCF_OI_qb1of3__NETDEBT_EBITDA_qb0of3,C19_FCF_P_DYN_yoy,0.11309823421649035,0.10774462377156824,0.005353610444922108,-0.6408917051997255,0.4838478104809763,26.16,87.0
ROIC_qb1of3__FCF_P_qb2of3__C15_FCF_P_DYN_riseq1__v0,ROIC_qb1of3__FCF_P_qb2of3,C15_FCF_P_DYN_riseq1,0.11301946898181736,0.13214928588991603,-0.019129816908098674,-0.6100266953332854,0.4792178441583964,23.33,131.5719298245614
MOM_qb2of3__FCF_OI_qb0of3__None__v0,MOM_qb2of3__FCF_OI_qb0of3,None,0.1129050553120563,0.1129050553120563,0.0,-0.7001175042939423,0.46349452633393673,19.94,139.64309764309763
PB_qb1of3__DEBTRATIO_qb0of3__C4_ROE_DYN_qmax8__v0,PB_qb1of3__DEBTRATIO_qb0of3,C4_ROE_DYN_qmax8,0.112902086068007,0.1073186532581396,0.005583432809867395,-0.8510013329711605,0.5075154730327144,20.07,18.36480686695279
DEBTRATIO_qb2of3__FCF_P_qb2of3__C20_FCF_P_DYN_ytdavg_gt_lyytdavg__v0,DEBTRATIO_qb2of3__FCF_P_qb2of3,C20_FCF_P_DYN_ytdavg_gt_lyytdavg,0.11289801845966818,0.13414183650936895,-0.02124381804970077,-0.5774552683818479,0.4783410138248848,21.9,118.89824561403509
ROE_qb1of3__FCF_P_qb2of3__C19_FCF_P_DYN_yoy__v0,ROE_qb1of3__FCF_P_qb2of3,C19_FCF_P_DYN_yoy,0.1128709216164232,0.12843923926750733,-0.01556831765108413,-0.5932399821661087,0.49569321533923305,26.42,130.816
P_IC_qb1of3__ROIC_qb1of3__C8_EPS_DYN_riseq1__v0,P_IC_qb1of3__ROIC_qb1of3,C8_EPS_DYN_riseq1,0.11284377339385632,0.10338158284969312,0.009462190544163196,-0.6056859588584289,0.49389350268685883,20.89,95.66666666666667
DEBTRATIO_qb2of3__None__C20_FCF_P_DYN_ytdavg_gt_lyytdavg__v0,DEBTRATIO_qb2of3__None,C20_FCF_P_DYN_ytdavg_gt_lyytdavg,0.11280157316750294,0.11247402988012434,0.0003275432873786066,-0.5997206263204047,0.5019110227793915,21.27,234.0456140350877
PS_qb1of3__NETDEBT_EBITDA_qb0of3__C15_FCF_P_DYN_riseq1__v0,PS_qb1of3__NETDEBT_EBITDA_qb0of3,C15_FCF_P_DYN_riseq1,0.11264164386002529,0.11822478808596304,-0.005583144225937753,-0.6464322780222211,0.4542274052478134,23.46,74.1719298245614
EV_S_qb1of3__DEBTRATIO_qb1of3__C20_FCF_P_DYN_ytdavg_gt_lyytdavg__v0,EV_S_qb1of3__DEBTRATIO_qb1of3,C20_FCF_P_DYN_ytdavg_gt_lyytdavg,0.11262368680051416,0.11155677487762738,0.0010669119228867707,-0.6404100781618027,0.49661458333333336,22.61,85.36491228070176
PS_qb0of3__None__C18_FCF_P_DYN_qmax8__v0,PS_qb0of3__None,C18_FCF_P_DYN_qmax8,0.11261580988554742,0.16434511041889355,-0.05172930053334612,-0.62026528730171,0.4639735412237184,23.83,59.09012875536481
EV_S_qb1of3__None__None__v0,EV_S_qb1of3__None,None,0.11261458954493708,0.11261458954493708,0.0,-0.6197572707318895,0.49552303996505787,22.5,460.3164983164983
ROE_qb2of3__ROIC_qb2of3__C15_FCF_P_DYN_riseq1__v0,ROE_qb2of3__ROIC_qb2of3,C15_FCF_P_DYN_riseq1,0.11259318444711708,0.10497732735766574,0.007615857089451339,-0.5911105351509696,0.4552021986650962,21.5,180.10526315789474
EV_S_qb1of3__ROE_qb2of3__C20_FCF_P_DYN_ytdavg_gt_lyytdavg__v0,EV_S_qb1of3__ROE_qb2of3,C20_FCF_P_DYN_ytdavg_gt_lyytdavg,0.11258829192322817,0.11180655286183461,0.0007817390613935604,-0.6050045181419339,0.5071482317531979,19.82,76.64561403508772
P_IC_qb1of3__ROE_qb1of3__C14_EPS_DYN_ytdavg_gt_lyavg__v0,P_IC_qb1of3__ROE_qb1of3,C14_EPS_DYN_ytdavg_gt_lyavg,0.11258167225528637,0.10639715439744668,0.006184517857839689,-0.5725069865027484,0.48134584573128864,20.42,84.88070175438597
ACCRUAL_qb0of3__FCF_P_qb2of3__C16_FCF_P_DYN_riseq2__v0,ACCRUAL_qb0of3__FCF_P_qb2of3,C16_FCF_P_DYN_riseq2,0.11258046161551594,0.12374675560791215,-0.011166293992396215,-0.618077872404807,0.47414080747414084,27.16,126.36861313868613
EV_S_qb1of3__ACCRUAL_qb1of3__None__v0,EV_S_qb1of3__ACCRUAL_qb1of3,None,0.11256341933953151,0.11256341933953151,0.0,-0.6232325789012692,0.48433577120401705,23.55,159.23232323232324
ROIC_qb1of3__DEBTRATIO_qb2of3__C15_FCF_P_DYN_riseq1__v0,ROIC_qb1of3__DEBTRATIO_qb2of3,C15_FCF_P_DYN_riseq1,0.11253974944277378,0.11680265302092874,-0.004262903578154953,-0.5999288760818499,0.4803111327175498,22.97,87.90526315789474
EV_EBITDA_qb0of3__DEBTRATIO_qb2of3__C15_FCF_P_DYN_riseq1__v0,EV_EBITDA_qb0of3__DEBTRATIO_qb2of3,C15_FCF_P_DYN_riseq1,0.11253352317362175,0.14301532522542537,-0.03048180205180362,-0.5609859983781951,0.4490622335890878,20.96,81.56491228070175
EV_S_qb1of3__DEBTRATIO_qb1of3__C19_FCF_P_DYN_yoy__v0,EV_S_qb1of3__DEBTRATIO_qb1of3,C19_FCF_P_DYN_yoy,0.11249282482379575,0.11155677487762738,0.0009360499461683602,-0.631876225106483,0.4830508474576271,26.48,89.432
DEBTRATIO_qb2of3__None__None__v0,DEBTRATIO_qb2of3__None,None,0.11247402988012434,0.11247402988012434,0.0,-0.5516048181699857,0.47395969641455116,20.78,511.2121212121212
ROE_qb1of3__NETDEBT_EBITDA_qb2of3__C16_FCF_P_DYN_riseq2__v0,ROE_qb1of3__NETDEBT_EBITDA_qb2of3,C16_FCF_P_DYN_riseq2,0.11247037642477165,0.11002096666725647,0.002449409757515175,-0.616031226869826,0.48147406368916484,24.85,81.27007299270073
FCF_P_qb2of3__None__C16_FCF_P_DYN_riseq2__v0,FCF_P_qb2of3__None,C16_FCF_P_DYN_riseq2,0.11246441101348625,0.12214294842787288,-0.009678537414386623,-0.6162255519764086,0.48653702318623787,24.88,364.1350364963504
MOM_qb2of3__ACCRUAL_qb2of3__None__v0,MOM_qb2of3__ACCRUAL_qb2of3,None,0.11246072837315779,0.11246072837315779,0.0,-0.6836105502468167,0.471271893926993,19.6,149.64983164983164
ROIC_qb1of3__FCF_P_qb2of3__C20_FCF_P_DYN_ytdavg_gt_lyytdavg__v0,ROIC_qb1of3__FCF_P_qb2of3,C20_FCF_P_DYN_ytdavg_gt_lyytdavg,0.11245756948330765,0.13214928588991603,-0.019691716406608384,-0.5940391803355212,0.4978491902834008,23.27,117.26666666666667
EV_S_qb1of3__ACCRUAL_qb1of3__C16_FCF_P_DYN_riseq2__v0,EV_S_qb1of3__ACCRUAL_qb1of3,C16_FCF_P_DYN_riseq2,0.11245495362939262,0.11256341933953151,-0.00010846571013889417,-0.6625065388675818,0.48043901575500086,25.05,83.03649635036497
PS_qb0of3__ACCRUAL_qb0of3__C18_FCF_P_DYN_qmax8__v0,PS_qb0of3__ACCRUAL_qb0of3,C18_FCF_P_DYN_qmax8,0.11237223343708092,0.1648074184621935,-0.052435185025112574,-0.6668379880356727,0.4585050029429076,25.7,22.798283261802574
OCF_E_qb2of3__ROIC_qb1of3__C20_FCF_P_DYN_ytdavg_gt_lyytdavg__v0,OCF_E_qb2of3__ROIC_qb1of3,C20_FCF_P_DYN_ytdavg_gt_lyytdavg,0.11236841425693522,0.10988266317424689,0.0024857510826883367,-0.6061322523781199,0.4949705826532549,22.19,73.63508771929824
EV_S_qb1of3__OCF_E_qb1of3__C15_FCF_P_DYN_riseq1__v0,EV_S_qb1of3__OCF_E_qb1of3,C15_FCF_P_DYN_riseq1,0.11236308875894974,0.11166086551822496,0.0007022232407247753,-0.6295387968614654,0.46316434369735027,25.38,84.40350877192982
OCF_E_qb2of3__FCF_P_qb2of3__C19_FCF_P_DYN_yoy__v0,OCF_E_qb2of3__FCF_P_qb2of3,C19_FCF_P_DYN_yoy,0.11232884057825965,0.12762602498232223,-0.01529718440406258,-0.6187275583740672,0.48237498536128354,25.88,125.736
FCF_OI_qb1of3__DEBTRATIO_qb1of3__C16_FCF_P_DYN_riseq2__v0,FCF_OI_qb1of3__DEBTRATIO_qb1of3,C16_FCF_P_DYN_riseq2,0.11221635097692806,0.1043803523024891,0.00783599867443896,-0.6170761056661321,0.4770546152503926,24.16,85.8029197080292
EV_S_qb1of3__OCF_E_qb2of3__C19_FCF_P_DYN_yoy__v0,EV_S_qb1of3__OCF_E_qb2of3,C19_FCF_P_DYN_yoy,0.11220723675307243,0.12024507725315203,-0.008037840500079607,-0.6109147777447881,0.4836309523809524,27.31,82.668
EV_S_qb1of3__ROIC_qb2of3__C16_FCF_P_DYN_riseq2__v0,EV_S_qb1of3__ROIC_qb2of3,C16_FCF_P_DYN_riseq2,0.11219747310259631,0.11007268957710736,0.002124783525488949,-0.60773958462275,0.49294094253330684,22.96,85.26277372262774
ACCRUAL_qb1of3__FCF_OI_qb1of3__None__v0,ACCRUAL_qb1of3__FCF_OI_qb1of3,None,0.11215386819556161,0.11215386819556161,0.0,-0.5911052981876856,0.46947895254267585,21.01,155.93939393939394
P_IC_qb1of3__MOM_qb2of3__C18_FCF_P_DYN_qmax8__v0,P_IC_qb1of3__MOM_qb2of3,C18_FCF_P_DYN_qmax8,0.11214781802624141,0.14135123829913576,-0.029203420272894354,-0.70161426568381,0.46720214190093706,20.86,19.034334763948497
FCF_OI_qb1of3__DEBTRATIO_qb2of3__None__v0,FCF_OI_qb1of3__DEBTRATIO_qb2of3,None,0.11211067470469849,0.11211067470469849,0.0,-0.5796571302758283,0.445175993922512,19.8,164.07407407407408
PB_qb1of3__ROIC_qb1of3__C10_EPS_DYN_qmax4__v0,PB_qb1of3__ROIC_qb1of3,C10_EPS_DYN_qmax4,0.11201863427505088,0.10263205495867078,0.009386579316380095,-0.6522734704946782,0.5192175703500344,17.95,45.656488549618324
ROE_qb2of3__DEBTRATIO_qb2of3__None__v0,ROE_qb2of3__DEBTRATIO_qb2of3,None,0.11194290084226521,0.11194290084226521,0.0,-0.45037095956028594,0.45566937477923,19.56,167.23569023569024
OCF_E_qb2of3__FCF_P_qb2of3__C20_FCF_P_DYN_ytdavg_gt_lyytdavg__v0,OCF_E_qb2of3__FCF_P_qb2of3,C20_FCF_P_DYN_ytdavg_gt_lyytdavg,0.11191916850507466,0.12762602498232223,-0.015706856477247566,-0.61395643957789,0.48442819316605723,22.87,110.10877192982456
EV_EBITDA_qb0of3__DEBTRATIO_qb1of3__C18_FCF_P_DYN_qmax8__v0,EV_EBITDA_qb0of3__DEBTRATIO_qb1of3,C18_FCF_P_DYN_qmax8,0.11185259389974966,0.1453333100047871,-0.033480716105037445,-0.5695613736296935,0.4606151537884471,29.77,17.879828326180256
PB_qb1of3__DEBTRATIO_qb0of3__C11_EPS_DYN_qmax8__v0,PB_qb1of3__DEBTRATIO_qb0of3,C11_EPS_DYN_qmax8,0.11182584015878327,0.1073186532581396,0.004507186900643667,-0.8036343904984191,0.49697885196374625,18.63,21.339055793991417
PB_qb1of3__DEBTRATIO_qb0of3__C16_FCF_P_DYN_riseq2__v0,PB_qb1of3__DEBTRATIO_qb0of3,C16_FCF_P_DYN_riseq2,0.11181743162896995,0.1073186532581396,0.0044987783708303475,-0.6169395726525091,0.49354197714853454,25.66,75.41240875912409
EV_S_qb1of3__ROE_qb2of3__None__v0,EV_S_qb1of3__ROE_qb2of3,None,0.11180655286183461,0.11180655286183461,0.0,-0.5670382150689414,0.4874937883054497,19.59,153.3973063973064
PS_qb1of3__ROE_qb1of3__C16_FCF_P_DYN_riseq2__v0,PS_qb1of3__ROE_qb1of3,C16_FCF_P_DYN_riseq2,0.11172601514088298,0.1012338625934468,0.010492152547436184,-0.6023364344664799,0.4906374125212786,24.95,87.47445255474453
OCF_E_qb2of3__ROE_qb2of3__None__v0,OCF_E_qb2of3__ROE_qb2of3,None,0.11168724670811869,0.11168724670811869,0.0,-0.4888851162247301,0.4589660609078085,21.41,271.4208754208754
EV_S_qb1of3__OCF_E_qb1of3__None__v0,EV_S_qb1of3__OCF_E_qb1of3,None,0.11166086551822496,0.11166086551822496,0.0,-0.6218023500777417,0.48251897786806375,23.75,173.11111111111111
PS_qb1of3__ROE_qb2of3__C15_FCF_P_DYN_riseq1__v0,PS_qb1of3__ROE_qb2of3,C15_FCF_P_DYN_riseq1,0.11165150281287595,0.11938211139414667,-0.007730608581270726,-0.6050935037907963,0.45988538681948427,23.69,74.14736842105263
EV_S_qb1of3__DEBTRATIO_qb1of3__None__v0,EV_S_qb1of3__DEBTRATIO_qb1of3,None,0.11155677487762738,0.11155677487762738,0.0,-0.6211643500643409,0.49117238643126365,22.43,173.43771043771045
ACCRUAL_qb0of3__FCF_OI_qb1of3__None__v0,ACCRUAL_qb0of3__FCF_OI_qb1of3,None,0.11153610581397233,0.11153610581397233,0.0,-0.5583507163999162,0.45285632792763425,21.52,168.5218855218855
MOM_qb2of3__ACCRUAL_qb2of3__C16_FCF_P_DYN_riseq2__v0,MOM_qb2of3__ACCRUAL_qb2of3,C16_FCF_P_DYN_riseq2,0.11148360813309988,0.11246072837315779,-0.000977120240057916,-0.7061773040741264,0.48014207297384565,20.84,76.98175182481752
OCF_E_qb2of3__None__C20_FCF_P_DYN_ytdavg_gt_lyytdavg__v0,OCF_E_qb2of3__None,C20_FCF_P_DYN_ytdavg_gt_lyytdavg,0.11143672305056795,0.10702478116805669,0.004411941882511261,-0.6198683061800718,0.4912649021519082,21.76,229.95087719298246
PS_qb1of3__DEBTRATIO_qb1of3__C11_EPS_DYN_qmax8__v0,PS_qb1of3__DEBTRATIO_qb1of3,C11_EPS_DYN_qmax8,0.11141404861558901,0.09970663573273053,0.011707412882858481,-0.7770821461833455,0.49409871244635195,25.59,31.3982683982684
P_IC_qb1of3__FCF_P_qb1of3__None__v0,P_IC_qb1of3__FCF_P_qb1of3,None,0.11136939041932759,0.11136939041932759,0.0,-0.6396842085316518,0.4845587427189801,21.65,151.4882154882155
PS_qb0of3__DEBTRATIO_qb2of3__C18_FCF_P_DYN_qmax8__v0,PS_qb0of3__DEBTRATIO_qb2of3,C18_FCF_P_DYN_qmax8,0.11127120565376858,0.16192316720535427,-0.05065196155158569,-0.6389113116459995,0.4669260700389105,23.44,32.862660944206006
PB_qb1of3__DEBTRATIO_qb0of3__C6_ROE_DYN_ytdavg_gt_lyytdavg__v0,PB_qb1of3__DEBTRATIO_qb0of3,C6_ROE_DYN_ytdavg_gt_lyytdavg,0.11125627263381732,0.1073186532581396,0.0039376193756777145,-0.6519943521833262,0.4807981927710843,20.59,64.72631578947369
OCF_E_qb2of3__ROIC_qb1of3__C16_FCF_P_DYN_riseq2__v0,OCF_E_qb2of3__ROIC_qb1of3,C16_FCF_P_DYN_riseq2,0.11125279467177296,0.10988266317424689,0.0013701314975260726,-0.6407415407034441,0.49121184088806663,25.18,73.92700729927007
PS_qb0of3__OCF_E_qb2of3__C17_FCF_P_DYN_qmax4__v0,PS_qb0of3__OCF_E_qb2of3,C17_FCF_P_DYN_qmax4,0.11115518993677398,0.1770945770309813,-0.06593938709420732,-0.6201793872258533,0.4652046783625731,22.47,43.896946564885496
P_IC_qb1of3__ACCRUAL_qb1of3__C18_FCF_P_DYN_qmax8__v0,P_IC_qb1of3__ACCRUAL_qb1of3,C18_FCF_P_DYN_qmax8,0.11105662971783747,0.10354097010952823,0.007515659608309244,-0.6213104815732768,0.46537949400798934,32.09,19.467811158798284
ROE_qb1of3__FCF_OI_qb1of3__C19_FCF_P_DYN_yoy__v0,ROE_qb1of3__FCF_OI_qb1of3,C19_FCF_P_DYN_yoy,0.11094086848793205,0.11311461277821944,-0.0021737442902873827,-0.6071118667612531,0.4769585253456221,25.5,87.856
ROIC_qb1of3__FCF_OI_qb1of3__C19_FCF_P_DYN_yoy__v0,ROIC_qb1of3__FCF_OI_qb1of3,C19_FCF_P_DYN_yoy,0.11093917038201417,0.11961040076679486,-0.008671230384780682,-0.6056610855457296,0.4766355140186916,24.62,91.472
P_IC_qb1of3__ROIC_qb1of3__C13_EPS_DYN_ytdavg_gt_lyytdavg__v0,P_IC_qb1of3__ROIC_qb1of3,C13_EPS_DYN_ytdavg_gt_lyytdavg,0.1109056685375509,0.10338158284969312,0.007524085687857784,-0.5524626027592798,0.4807692307692308,21.6,91.84912280701755
OCF_E_qb2of3__ROIC_qb2of3__C17_FCF_P_DYN_qmax4__v0,OCF_E_qb2of3__ROIC_qb2of3,C17_FCF_P_DYN_qmax4,0.11075840513887036,0.10550033079483523,0.005258074344035135,-0.6409050864435807,0.45023276435380183,25.51,55.81297709923664
PS_qb1of3__NETDEBT_EBITDA_qb1of3__C10_EPS_DYN_qmax4__v0,PS_qb1of3__NETDEBT_EBITDA_qb1of3,C10_EPS_DYN_qmax4,0.11072517029689943,0.10068019804438966,0.010044972252509776,-0.5727431654826615,0.4948952176249328,22.02,60.404580152671755
MOM_qb1of3__FCF_OI_qb1of3__C19_FCF_P_DYN_yoy__v0,MOM_qb1of3__FCF_OI_qb1of3,C19_FCF_P_DYN_yoy,0.11071140329639961,0.10997605163063406,0.000735351665765549,-0.624272434297902,0.5033187631536344,26.75,82.368
PB_qb0of3__ROE_qb2of3__C17_FCF_P_DYN_qmax4__v0,PB_qb0of3__ROE_qb2of3,C17_FCF_P_DYN_qmax4,0.11050330675220366,0.20669866335001674,-0.09619535659781309,-0.7860452012771553,0.5010845986984815,19.45,12.01908396946565
PB_qb1of3__FCF_OI_qb1of3__C18_FCF_P_DYN_qmax8__v0,PB_qb1of3__FCF_OI_qb1of3,C18_FCF_P_DYN_qmax8,0.1103490091974959,0.11410064127221342,-0.0037516320747175147,-0.6936162088642035,0.41851106639839036,19.84,16.091954022988507
PS_qb1of3__DEBTRATIO_qb1of3__C1_ROE_DYN_riseq1__v0,PS_qb1of3__DEBTRATIO_qb1of3,C1_ROE_DYN_riseq1,0.1102427718959198,0.09970663573273053,0.01053613616318927,-0.6288082780915033,0.48396602530767896,21.41,95.68771929824561
MOM_qb1of3__ROE_qb2of3__C8_EPS_DYN_riseq1__v0,MOM_qb1of3__ROE_qb2of3,C8_EPS_DYN_riseq1,0.11021108617580655,0.10831556437834422,0.0018955217974623295,-0.6710428562268369,0.5288604581969651,21.58,82.50175438596492
EV_EBITDA_qb0of3__NETDEBT_EBITDA_qb0of3__C17_FCF_P_DYN_qmax4__v0,EV_EBITDA_qb0of3__NETDEBT_EBITDA_qb0of3,C17_FCF_P_DYN_qmax4,0.11011929911744134,0.14659325251889155,-0.03647395340145021,-0.6068075858614352,0.4660703269586675,25.17,45.36641221374046
EV_S_qb1of3__ROIC_qb2of3__None__v0,EV_S_qb1of3__ROIC_qb2of3,None,0.11007268957710736,0.11007268957710736,0.0,-0.5777161510175775,0.4855215531424811,20.43,163.07407407407408
PB_qb1of3__NETDEBT_EBITDA_qb0of3__C16_FCF_P_DYN_riseq2__v0,PB_qb1of3__NETDEBT_EBITDA_qb0of3,C16_FCF_P_DYN_riseq2,0.11003719459319683,0.11510738211040183,-0.005070187517205005,-0.6571967545399862,0.4910037878787879,25.7,81.11313868613139
P_IC_qb1of3__ROE_qb1of3__C6_ROE_DYN_ytdavg_gt_lyytdavg__v0,P_IC_qb1of3__ROE_qb1of3,C6_ROE_DYN_ytdavg_gt_lyytdavg,0.11002601800945433,0.10639715439744668,0.003628863612007649,-0.5831680186560877,0.48081561061170797,21.37,87.9859649122807
ROE_qb1of3__NETDEBT_EBITDA_qb2of3__None__v0,ROE_qb1of3__NETDEBT_EBITDA_qb2of3,None,0.11002096666725647,0.11002096666725647,0.0,-0.5745460900930197,0.4754566210045662,22.78,167.7979797979798
MOM_qb1of3__FCF_OI_qb1of3__None__v0,MOM_qb1of3__FCF_OI_qb1of3,None,0.10997605163063406,0.10997605163063406,0.0,-0.6024516950313614,0.5065271966527196,21.35,151.68013468013467
ROIC_qb1of3__DEBTRATIO_qb2of3__C17_FCF_P_DYN_qmax4__v0,ROIC_qb1of3__DEBTRATIO_qb2of3,C17_FCF_P_DYN_qmax4,0.10990248361868482,0.11680265302092874,-0.006900169402243916,-0.6196573792420903,0.47628927089508,24.61,45.33206106870229
OCF_E_qb2of3__ROIC_qb1of3__None__v0,OCF_E_qb2of3__ROIC_qb1of3,None,0.10988266317424689,0.10988266317424689,0.0,-0.5716062960211423,0.47171514543630894,23.07,150.2794612794613
EV_S_qb1of3__DEBTRATIO_qb1of3__C16_FCF_P_DYN_riseq2__v0,EV_S_qb1of3__DEBTRATIO_qb1of3,C16_FCF_P_DYN_riseq2,0.10971502359635954,0.11155677487762738,-0.001841751281267845,-0.658794238406387,0.48232425843153187,26.09,89.61313868613139
EV_EBITDA_qb0of3__None__C18_FCF_P_DYN_qmax8__v0,EV_EBITDA_qb0of3__None,C18_FCF_P_DYN_qmax8,0.10969560953964663,0.1454246752563002,-0.035729065716653574,-0.5706326524791312,0.4589920948616601,28.82,56.072961373390555
PS_qb1of3__ROE_qb1of3__C13_EPS_DYN_ytdavg_gt_lyytdavg__v0,PS_qb1of3__ROE_qb1of3,C13_EPS_DYN_ytdavg_gt_lyytdavg,0.10966116743838517,0.1012338625934468,0.008427304844938366,-0.578958832576165,0.4730241362991008,21.69,80.09122807017543
ROIC_qb1of3__FCF_P_qb2of3__C18_FCF_P_DYN_qmax8__v0,ROIC_qb1of3__FCF_P_qb2of3,C18_FCF_P_DYN_qmax8,0.1095652260003972,0.13214928588991603,-0.022584059889518837,-0.6130539654947229,0.4729878721058434,28.54,48.227467811158796
P_IC_qb1of3__FCF_OI_qb1of3__C19_FCF_P_DYN_yoy__v0,P_IC_qb1of3__FCF_OI_qb1of3,C19_FCF_P_DYN_yoy,0.10951721735035669,0.1162649322304854,-0.006747714880128708,-0.6361498923821683,0.47839776106349485,26.02,89.096
PB_qb0of3__OCF_E_qb2of3__C17_FCF_P_DYN_qmax4__v0,PB_qb0of3__OCF_E_qb2of3,C17_FCF_P_DYN_qmax4,0.10944544866992345,0.1948977085456407,-0.08545225987571725,-0.6246139740292713,0.4831751509922347,20.99,30.30534351145038
OCF_E_qb2of3__None__C19_FCF_P_DYN_yoy__v0,OCF_E_qb2of3__None,C19_FCF_P_DYN_yoy,0.10940276222405676,0.10702478116805669,0.002377981056000067,-0.6144149243311494,0.4860479753828939,26.8,234.888
P_IC_qb1of3__OCF_E_qb1of3__C16_FCF_P_DYN_riseq2__v0,P_IC_qb1of3__OCF_E_qb1of3,C16_FCF_P_DYN_riseq2,0.10940092847630423,0.10858375215866056,0.0008171763176436642,-0.5943611702913951,0.49095135314627264,25.34,93.16423357664233
EV_S_qb1of3__NETDEBT_EBITDA_qb2of3__C16_FCF_P_DYN_riseq2__v0,EV_S_qb1of3__NETDEBT_EBITDA_qb2of3,C16_FCF_P_DYN_riseq2,0.10938801037157586,0.12592618420732227,-0.016538173835746406,-0.6474354620709164,0.4684508268059182,24.41,88.51094890510949
FCF_OI_qb2of3__DEBTRATIO_qb2of3__C20_FCF_P_DYN_ytdavg_gt_lyytdavg__v0,FCF_OI_qb2of3__DEBTRATIO_qb2of3,C20_FCF_P_DYN_ytdavg_gt_lyytdavg,0.1093383224622102,0.1079547255060096,0.0013835969562006056,-0.5601981998789957,0.4743409490333919,24.1,98.85964912280701
FCF_OI_qb1of3__DEBTRATIO_qb1of3__C19_FCF_P_DYN_yoy__v0,FCF_OI_qb1of3__DEBTRATIO_qb1of3,C19_FCF_P_DYN_yoy,0.10923405446470502,0.1043803523024891,0.004853702162215923,-0.6302479415396618,0.48367681925952943,25.24,85.48
DEBTRATIO_qb2of3__NETDEBT_EBITDA_qb2of3__C20_FCF_P_DYN_ytdavg_gt_lyytdavg__v0,DEBTRATIO_qb2of3__NETDEBT_EBITDA_qb2of3,C20_FCF_P_DYN_ytdavg_gt_lyytdavg,0.10919349550742274,0.11915400596730308,-0.009960510459880334,-0.6235298007122139,0.49212685739631845,22.22,148.70877192982456
MOM_qb2of3__ACCRUAL_qb2of3__C15_FCF_P_DYN_riseq1__v0,MOM_qb2of3__ACCRUAL_qb2of3,C15_FCF_P_DYN_riseq1,0.10919109261041138,0.11246072837315779,-0.0032696357627464145,-0.7100177315584133,0.46844736019993755,20.9,70.28421052631579
NETDEBT_EBITDA_qb2of3__FCF_P_qb2of3__C16_FCF_P_DYN_riseq2__v0,NETDEBT_EBITDA_qb2of3__FCF_P_qb2of3,C16_FCF_P_DYN_riseq2,0.1091415532057769,0.130367316892525,-0.02122576368674811,-0.6138163689540002,0.4845952351253586,24.75,134.75182481751824
EV_S_qb1of3__FCF_OI_qb2of3__None__v0,EV_S_qb1of3__FCF_OI_qb2of3,None,0.10909170051585249,0.10909170051585249,0.0,-0.6551665281147987,0.47369991051009247,24.05,160.24579124579125
OCF_E_qb1of3__FCF_OI_qb1of3__C19_FCF_P_DYN_yoy__v0,OCF_E_qb1of3__FCF_OI_qb1of3,C19_FCF_P_DYN_yoy,0.109049425388966,0.10728376775503445,0.00176565763393155,-0.6226861120974194,0.48391311448636287,26.23,82.944
FCF_OI_qb2of3__DEBTRATIO_qb2of3__C19_FCF_P_DYN_yoy__v0,FCF_OI_qb2of3__DEBTRATIO_qb2of3,C19_FCF_P_DYN_yoy,0.10901624320220304,0.1079547255060096,0.001061517696193448,-0.5916324320716799,0.480275516593613,26.95,110.212
DEBTRATIO_qb2of3__FCF_P_qb0of3__None__v0,DEBTRATIO_qb2of3__FCF_P_qb0of3,None,0.10901546451131372,0.10901546451131372,0.0,-0.5912996031447767,0.45857461024498886,23.14,179.64309764309763
EV_EBITDA_qb1of3__FCF_P_qb2of3__C20_FCF_P_DYN_ytdavg_gt_lyytdavg__v0,EV_EBITDA_qb1of3__FCF_P_qb2of3,C20_FCF_P_DYN_ytdavg_gt_lyytdavg,0.10897215130564741,0.12095020165403092,-0.011978050348383507,-0.6164731498137377,0.48903340984442745,22.54,108.67368421052632
OCF_E_qb2of3__ACCRUAL_qb0of3__C20_FCF_P_DYN_ytdavg_gt_lyytdavg__v0,OCF_E_qb2of3__ACCRUAL_qb0of3,C20_FCF_P_DYN_ytdavg_gt_lyytdavg,0.10889003426474564,0.1085860393522513,0.00030399491249433197,-0.6151622954171029,0.4836028951836297,22.09,167.16140350877194
EV_S_qb1of3__None__C16_FCF_P_DYN_riseq2__v0,EV_S_qb1of3__None,C16_FCF_P_DYN_riseq2,0.10888083331540166,0.11261458954493708,-0.003733756229535423,-0.6519354249821565,0.48483075637275386,24.57,237.5036496350365
ROE_qb2of3__DEBTRATIO_qb0of3__None__v0,ROE_qb2of3__DEBTRATIO_qb0of3,None,0.10886193919574749,0.10886193919574749,0.0,-0.5343440516575806,0.45930717863105175,20.47,162.4882154882155
OCF_E_qb1of3__FCF_P_qb2of3__C15_FCF_P_DYN_riseq1__v0,OCF_E_qb1of3__FCF_P_qb2of3,C15_FCF_P_DYN_riseq1,0.10883263904136231,0.12040696135896067,-0.011574322317598362,-0.6094418932595377,0.4641985353946298,24.95,120.89122807017544
PB_qb1of3__OCF_E_qb2of3__C15_FCF_P_DYN_riseq1__v0,PB_qb1of3__OCF_E_qb2of3,C15_FCF_P_DYN_riseq1,0.10880863834771515,0.12468663979722217,-0.015878001449507018,-0.5518441175630103,0.4632109932162115,22.71,72.93333333333334
OCF_E_qb2of3__EV_EBITDA_qb0of3__C17_FCF_P_DYN_qmax4__v0,OCF_E_qb2of3__EV_EBITDA_qb0of3,C17_FCF_P_DYN_qmax4,0.10866925742562183,0.15339211904025563,-0.04472286161463379,-0.5890338437060749,0.4717178770949721,23.0,38.17557251908397
FCF_OI_qb1of3__None__None__v0,FCF_OI_qb1of3__None,None,0.10865218632260909,0.10865218632260909,0.0,-0.5769241756455349,0.4599313472051532,21.11,503.7037037037037
DEBTRATIO_qb2of3__NETDEBT_EBITDA_qb0of3__None__v0,DEBTRATIO_qb2of3__NETDEBT_EBITDA_qb0of3,None,0.10863780237264198,0.10863780237264198,0.0,-0.5187327936630188,0.46909903201787045,20.78,64.91245791245791
ROE_qb2of3__ACCRUAL_qb1of3__C15_FCF_P_DYN_riseq1__v0,ROE_qb2of3__ACCRUAL_qb1of3,C15_FCF_P_DYN_riseq1,0.1086301293171057,0.10780358903293696,0.0008265402841687308,-0.5892614582932876,0.47406285497917455,22.66,64.01754385964912
OCF_E_qb2of3__ACCRUAL_qb0of3__None__v0,OCF_E_qb2of3__ACCRUAL_qb0of3,None,0.1085860393522513,0.1085860393522513,0.0,-0.5487771257420093,0.45728476821192054,23.02,358.7070707070707
P_IC_qb1of3__OCF_E_qb1of3__None__v0,P_IC_qb1of3__OCF_E_qb1of3,None,0.10858375215866056,0.10858375215866056,0.0,-0.5968074283250122,0.49100368523737264,23.22,175.92592592592592
ROE_qb2of3__None__None__v0,ROE_qb2of3__None,None,0.10857200626884822,0.10857200626884822,0.0,-0.5019894063231526,0.45853022649503017,20.79,511.2121212121212
P_IC_qb1of3__DEBTRATIO_qb0of3__C17_FCF_P_DYN_qmax4__v0,P_IC_qb1of3__DEBTRATIO_qb0of3,C17_FCF_P_DYN_qmax4,0.10848517351977205,0.1393426824369417,-0.03085750891716965,-0.5971019899329144,0.46159052453468696,22.74,38.954198473282446
PB_qb1of3__NETDEBT_EBITDA_qb1of3__C16_FCF_P_DYN_riseq2__v0,PB_qb1of3__NETDEBT_EBITDA_qb1of3,C16_FCF_P_DYN_riseq2,0.10844574515611649,0.11455350465136882,-0.0061077594952523295,-0.6006539244745666,0.5025053686471009,22.58,75.45255474452554
OCF_E_qb2of3__ACCRUAL_qb0of3__C18_FCF_P_DYN_qmax8__v0,OCF_E_qb2of3__ACCRUAL_qb0of3,C18_FCF_P_DYN_qmax8,0.10833431750272005,0.1085860393522513,-0.0002517218495312612,-0.5794891660014887,0.4557865342848278,29.66,42.163090128755364
MOM_qb1of3__ROE_qb2of3__None__v0,MOM_qb1of3__ROE_qb2of3,None,0.10831556437834422,0.10831556437834422,0.0,-0.5942656659492578,0.5265430798398989,21.88,130.4983164983165
PS_qb0of3__None__C17_FCF_P_DYN_qmax4__v0,PS_qb0of3__None,C17_FCF_P_DYN_qmax4,0.10811708846692003,0.16434511041889355,-0.05622802195197352,-0.5966084522292727,0.46364299610894943,21.15,117.70229007633588
DEBTRATIO_qb2of3__FCF_P_qb0of3__C19_FCF_P_DYN_yoy__v0,DEBTRATIO_qb2of3__FCF_P_qb0of3,C19_FCF_P_DYN_yoy,0.10810152637577763,0.10901546451131372,-0.0009139381355360854,-0.6241485871591919,0.4520057306590258,23.47,40.12
ROIC_qb1of3__FCF_P_qb2of3__C17_FCF_P_DYN_qmax4__v0,ROIC_qb1of3__FCF_P_qb2of3,C17_FCF_P_DYN_qmax4,0.10798813356947612,0.13214928588991603,-0.024161152320439916,-0.610105383239692,0.4787346753443318,24.0,86.82442748091603
FCF_OI_qb2of3__DEBTRATIO_qb2of3__None__v0,FCF_OI_qb2of3__DEBTRATIO_qb2of3,None,0.1079547255060096,0.1079547255060096,0.0,-0.5587036202971585,0.46402045537562403,23.83,150.7037037037037
PS_qb1of3__ROE_qb1of3__C18_FCF_P_DYN_qmax8__v0,PS_qb1of3__ROE_qb1of3,C18_FCF_P_DYN_qmax8,0.10795307970348778,0.1012338625934468,0.006719217110040976,-0.5545863038001355,0.45827814569536424,29.82,19.8068669527897
PS_qb1of3__ACCRUAL_qb1of3__C4_ROE_DYN_qmax8__v0,PS_qb1of3__ACCRUAL_qb1of3,C4_ROE_DYN_qmax8,0.10789871947928553,0.10712139139531085,0.0007773280839746821,-0.7242507231446331,0.5115143056524774,20.16,21.36480686695279
ACCRUAL_qb1of3__FCF_OI_qb1of3__C15_FCF_P_DYN_riseq1__v0,ACCRUAL_qb1of3__FCF_OI_qb1of3,C15_FCF_P_DYN_riseq1,0.10784552784601398,0.11215386819556161,-0.004308340349547635,-0.645766351345926,0.4612286002014099,21.15,69.3719298245614
P_IC_qb1of3__ROIC_qb1of3__C11_EPS_DYN_qmax8__v0,P_IC_qb1of3__ROIC_qb1of3,C11_EPS_DYN_qmax8,0.10782285537547853,0.10338158284969312,0.004441272525785411,-0.8212680082282814,0.5185185185185185,20.05,20.57510729613734
ROE_qb2of3__NETDEBT_EBITDA_qb0of3__C15_FCF_P_DYN_riseq1__v0,ROE_qb2of3__NETDEBT_EBITDA_qb0of3,C15_FCF_P_DYN_riseq1,0.10781268595744642,0.10739791521726105,0.0004147707401853662,-0.610211486623494,0.4582284275577935,19.53,62.12280701754386
ROE_qb2of3__ACCRUAL_qb1of3__None__v0,ROE_qb2of3__ACCRUAL_qb1of3,None,0.10780358903293696,0.10780358903293696,0.0,-0.5416067757967225,0.47334660473346607,21.12,147.5185185185185
P_IC_qb1of3__None__None__v0,P_IC_qb1of3__None,None,0.10774864588230604,0.10774864588230604,0.0,-0.6080612411796525,0.5072519083969466,22.1,463.32996632996634
FCF_OI_qb1of3__NETDEBT_EBITDA_qb0of3__None__v0,FCF_OI_qb1of3__NETDEBT_EBITDA_qb0of3,None,0.10774462377156824,0.10774462377156824,0.0,-0.5824998807445542,0.47170868347338935,21.5,177.23232323232324
PB_qb1of3__NETDEBT_EBITDA_qb1of3__C15_FCF_P_DYN_riseq1__v0,PB_qb1of3__NETDEBT_EBITDA_qb1of3,C15_FCF_P_DYN_riseq1,0.10771114314080488,0.11455350465136882,-0.0068423615105639435,-0.5743006059581015,0.46735395189003437,22.55,71.06315789473685
FCF_P_qb2of3__None__C19_FCF_P_DYN_yoy__v0,FCF_P_qb2of3__None,C19_FCF_P_DYN_yoy,0.1077012602976748,0.12214294842787288,-0.014441688130198083,-0.6209314453197929,0.48380775072264953,26.63,361.236
PB_qb1of3__NETDEBT_EBITDA_qb1of3__C19_FCF_P_DYN_yoy__v0,PB_qb1of3__NETDEBT_EBITDA_qb1of3,C19_FCF_P_DYN_yoy,0.1076289324359585,0.11455350465136882,-0.006924572215410318,-0.6035828172536313,0.4932415826984517,25.9,75.224
ACCRUAL_qb0of3__DEBTRATIO_qb2of3__None__v0,ACCRUAL_qb0of3__DEBTRATIO_qb2of3,None,0.10760438208815426,0.10760438208815426,0.0,-0.5210082495987642,0.4506678639577955,23.32,170.32996632996634
PS_qb1of3__DEBTRATIO_qb0of3__C15_FCF_P_DYN_riseq1__v0,PS_qb1of3__DEBTRATIO_qb0of3,C15_FCF_P_DYN_riseq1,0.10759246303249892,0.12634493133806424,-0.018752468305565317,-0.6460665204991497,0.4619961612284069,24.62,76.29473684210527
ROE_qb1of3__FCF_P_qb2of3__C20_FCF_P_DYN_ytdavg_gt_lyytdavg__v0,ROE_qb1of3__FCF_P_qb2of3,C20_FCF_P_DYN_ytdavg_gt_lyytdavg,0.10756868904417738,0.12843923926750733,-0.020870550223329953,-0.5932776818729939,0.49765196973649883,23.77,114.33333333333333
ROE_qb2of3__FCF_P_qb2of3__C15_FCF_P_DYN_riseq1__v0,ROE_qb2of3__FCF_P_qb2of3,C15_FCF_P_DYN_riseq1,0.10755851750905121,0.12202542765864322,-0.014466910149592005,-0.5306614967895864,0.46505588799819353,22.33,109.03859649122808
ROE_qb2of3__FCF_OI_qb1of3__None__v0,ROE_qb2of3__FCF_OI_qb1of3,None,0.1074915393951017,0.1074915393951017,0.0,-0.5354314441375242,0.4664130636481722,21.0,193.59595959595958
P_IC_qb1of3__ROE_qb1of3__C11_EPS_DYN_qmax8__v0,P_IC_qb1of3__ROE_qb1of3,C11_EPS_DYN_qmax8,0.10745481433727377,0.10639715439744668,0.0010576599398270936,-0.8175915468661251,0.5147801009372747,18.18,22.00429184549356
EV_S_qb1of3__None__C20_FCF_P_DYN_ytdavg_gt_lyytdavg__v0,EV_S_qb1of3__None,C20_FCF_P_DYN_ytdavg_gt_lyytdavg,0.1074461898800878,0.11261458954493708,-0.005168399664849277,-0.6435048695453037,0.49634118454150467,23.16,230.08771929824562
EV_EBITDA_qb1of3__ROIC_qb1of3__C17_FCF_P_DYN_qmax4__v0,EV_EBITDA_qb1of3__ROIC_qb1of3,C17_FCF_P_DYN_qmax4,0.10741215153560502,0.12513866146333696,-0.017726509927731948,-0.6047563656973578,0.4600987782687809,23.74,48.94656488549618
ROE_qb2of3__NETDEBT_EBITDA_qb0of3__None__v0,ROE_qb2of3__NETDEBT_EBITDA_qb0of3,None,0.10739791521726105,0.10739791521726105,0.0,-0.5679912394579234,0.4716861081654295,20.67,154.07070707070707
EV_S_qb1of3__ACCRUAL_qb0of3__C20_FCF_P_DYN_ytdavg_gt_lyytdavg__v0,EV_S_qb1of3__ACCRUAL_qb0of3,C20_FCF_P_DYN_ytdavg_gt_lyytdavg,0.1073549466438597,0.11933321896314197,-0.01197827231928228,-0.6352383628469078,0.4761283103319657,23.34,80.4
NETDEBT_EBITDA_qb2of3__FCF_P_qb2of3__C20_FCF_P_DYN_ytdavg_gt_lyytdavg__v0,NETDEBT_EBITDA_qb2of3__FCF_P_qb2of3,C20_FCF_P_DYN_ytdavg_gt_lyytdavg,0.10734347137912725,0.130367316892525,-0.023023845513397756,-0.6157204739340718,0.4795768439612107,23.34,115.49824561403508
PB_qb1of3__NETDEBT_EBITDA_qb1of3__C17_FCF_P_DYN_qmax4__v0,PB_qb1of3__NETDEBT_EBITDA_qb1of3,C17_FCF_P_DYN_qmax4,0.10733720203213282,0.11455350465136882,-0.007216302619236004,-0.5872828530274823,0.4698153409090909,20.89,36.86641221374046
PB_qb1of3__DEBTRATIO_qb0of3__None__v0,PB_qb1of3__DEBTRATIO_qb0of3,None,0.1073186532581396,0.1073186532581396,0.0,-0.6227110576644033,0.4921059673534921,22.11,147.013468013468
P_IC_qb1of3__NETDEBT_EBITDA_qb1of3__C16_FCF_P_DYN_riseq2__v0,P_IC_qb1of3__NETDEBT_EBITDA_qb1of3,C16_FCF_P_DYN_riseq2,0.10729347055437954,0.11371455528078345,-0.006421084726403903,-0.6021279968029536,0.49271523178807947,24.68,82.21167883211679
ACCRUAL_qb1of3__FCF_OI_qb1of3__C17_FCF_P_DYN_qmax4__v0,ACCRUAL_qb1of3__FCF_OI_qb1of3,C17_FCF_P_DYN_qmax4,0.1072888122238076,0.11215386819556161,-0.004865055971754018,-0.6868581655722128,0.4421052631578947,22.04,26.5
OCF_E_qb1of3__FCF_OI_qb1of3__None__v0,OCF_E_qb1of3__FCF_OI_qb1of3,None,0.10728376775503445,0.10728376775503445,0.0,-0.5924435941359718,0.4722412025965152,21.82,166.83501683501683
FCF_P_qb2of3__None__C20_FCF_P_DYN_ytdavg_gt_lyytdavg__v0,FCF_P_qb2of3__None,C20_FCF_P_DYN_ytdavg_gt_lyytdavg,0.10720295981426275,0.12214294842787288,-0.014939988613610122,-0.6110234343605518,0.4803321923573312,23.48,308.9578947368421
OCF_E_qb2of3__ROIC_qb1of3__C18_FCF_P_DYN_qmax8__v0,OCF_E_qb2of3__ROIC_qb1of3,C18_FCF_P_DYN_qmax8,0.10715165552087424,0.10988266317424689,-0.0027310076533726413,-0.6694731213256668,0.4524660471765547,28.87,18.03862660944206
PS_qb1of3__ACCRUAL_qb1of3__None__v0,PS_qb1of3__ACCRUAL_qb1of3,None,0.10712139139531085,0.10712139139531085,0.0,-0.622672270445766,0.4834185060345765,23.9,159.88215488215488
PB_qb0of3__NETDEBT_EBITDA_qb2of3__C18_FCF_P_DYN_qmax8__v0,PB_qb0of3__NETDEBT_EBITDA_qb2of3,C18_FCF_P_DYN_qmax8,0.10710192687026154,0.17628642719528287,-0.06918450032502133,-0.7053991009310381,0.47356948228882834,28.83,25.96137339055794
DEBTRATIO_qb2of3__NETDEBT_EBITDA_qb0of3__C8_EPS_DYN_riseq1__v0,DEBTRATIO_qb2of3__NETDEBT_EBITDA_qb0of3,C8_EPS_DYN_riseq1,0.10706392962291145,0.10863780237264198,-0.0015738727497305316,-0.5453702638762838,0.4973730297723292,21.53,31.950877192982457
FCF_OI_qb1of3__DEBTRATIO_qb2of3__C20_FCF_P_DYN_ytdavg_gt_lyytdavg__v0,FCF_OI_qb1of3__DEBTRATIO_qb2of3,C20_FCF_P_DYN_ytdavg_gt_lyytdavg,0.10704874129890851,0.11211067470469849,-0.005061933405789976,-0.6122930459577116,0.47894392319441415,19.31,76.91929824561403
PS_qb1of3__DEBTRATIO_qb1of3__C13_EPS_DYN_ytdavg_gt_lyytdavg__v0,PS_qb1of3__DEBTRATIO_qb1of3,C13_EPS_DYN_ytdavg_gt_lyytdavg,0.10702755233636863,0.09970663573273053,0.007320916603638095,-0.579009590238045,0.463389656938044,22.55,96.26315789473684
OCF_E_qb2of3__None__None__v0,OCF_E_qb2of3__None,None,0.10702478116805669,0.10702478116805669,0.0,-0.5440668183379249,0.46336822074215034,23.01,506.67003367003366
OCF_E_qb2of3__DEBTRATIO_qb2of3__C19_FCF_P_DYN_yoy__v0,OCF_E_qb2of3__DEBTRATIO_qb2of3,C19_FCF_P_DYN_yoy,0.10701351527210168,0.11692725396958026,-0.00991373869747858,-0.5977420326935371,0.48401323042998895,25.15,88.336
EV_S_qb1of3__ROE_qb2of3__C17_FCF_P_DYN_qmax4__v0,EV_S_qb1of3__ROE_qb2of3,C17_FCF_P_DYN_qmax4,0.1069456017516881,0.11180655286183461,-0.004860951110146505,-0.5806109163714731,0.45728,21.27,38.408396946564885
EV_S_qb1of3__ACCRUAL_qb1of3__C15_FCF_P_DYN_riseq1__v0,EV_S_qb1of3__ACCRUAL_qb1of3,C15_FCF_P_DYN_riseq1,0.10693466469365354,0.11256341933953151,-0.005628754645877976,-0.6428389534794589,0.46240234375,26.51,78.53333333333333
PS_qb1of3__ACCRUAL_qb1of3__C20_FCF_P_DYN_ytdavg_gt_lyytdavg__v0,PS_qb1of3__ACCRUAL_qb1of3,C20_FCF_P_DYN_ytdavg_gt_lyytdavg,0.10691916686013925,0.10712139139531085,-0.00020222453517160233,-0.6408033161312452,0.4864188017722982,24.42,79.7298245614035
P_IC_qb1of3__OCF_E_qb2of3__C19_FCF_P_DYN_yoy__v0,P_IC_qb1of3__OCF_E_qb2of3,C19_FCF_P_DYN_yoy,0.10685717684607177,0.11478934435704824,-0.007932167510976473,-0.6388588842219326,0.4826222684703434,24.5,73.436
PS_qb1of3__NETDEBT_EBITDA_qb1of3__C8_EPS_DYN_riseq1__v0,PS_qb1of3__NETDEBT_EBITDA_qb1of3,C8_EPS_DYN_riseq1,0.10675917407451152,0.10068019804438966,0.006078976030121863,-0.6102817519155821,0.4772375880432915,22.63,96.86666666666666
DEBTRATIO_qb1of3__FCF_P_qb2of3__C16_FCF_P_DYN_riseq2__v0,DEBTRATIO_qb1of3__FCF_P_qb2of3,C16_FCF_P_DYN_riseq2,0.1066528750051916,0.12036397930429055,-0.013711104299098942,-0.6374291177813535,0.4835995610291428,27.27,129.28467153284672
NETDEBT_EBITDA_qb2of3__FCF_P_qb2of3__C19_FCF_P_DYN_yoy__v0,NETDEBT_EBITDA_qb2of3__FCF_P_qb2of3,C19_FCF_P_DYN_yoy,0.1066521988833069,0.130367316892525,-0.023715118009218106,-0.6236988615506036,0.4831474911302585,25.98,137.776
OCF_E_qb2of3__FCF_P_qb0of3__None__v0,OCF_E_qb2of3__FCF_P_qb0of3,None,0.10663543740601678,0.10663543740601678,0.0,-0.5369020913743414,0.4654349812201807,24.14,130.87205387205387
OCF_E_qb2of3__DEBTRATIO_qb2of3__C20_FCF_P_DYN_ytdavg_gt_lyytdavg__v0,OCF_E_qb2of3__DEBTRATIO_qb2of3,C20_FCF_P_DYN_ytdavg_gt_lyytdavg,0.10657650343967284,0.11692725396958026,-0.010350750529907415,-0.5991563330897954,0.49017384731670444,21.7,88.7298245614035
ACCRUAL_qb0of3__FCF_OI_qb1of3__C19_FCF_P_DYN_yoy__v0,ACCRUAL_qb0of3__FCF_OI_qb1of3,C19_FCF_P_DYN_yoy,0.10657255867292093,0.11153610581397233,-0.004963547141051405,-0.6234207770295762,0.4683645683165145,26.82,84.616
ACCRUAL_qb0of3__FCF_OI_qb1of3__C20_FCF_P_DYN_ytdavg_gt_lyytdavg__v0,ACCRUAL_qb0of3__FCF_OI_qb1of3,C20_FCF_P_DYN_ytdavg_gt_lyytdavg,0.10654914948665528,0.11153610581397233,-0.004986956327317049,-0.6226810050616935,0.4788135593220339,20.71,79.44561403508771
EV_EBITDA_qb0of3__DEBTRATIO_qb1of3__C17_FCF_P_DYN_qmax4__v0,EV_EBITDA_qb0of3__DEBTRATIO_qb1of3,C17_FCF_P_DYN_qmax4,0.10652327493749292,0.1453333100047871,-0.03881003506729419,-0.6295144891665223,0.467676394532693,23.74,35.63740458015267
FCF_OI_qb1of3__NETDEBT_EBITDA_qb0of3__C15_FCF_P_DYN_riseq1__v0,FCF_OI_qb1of3__NETDEBT_EBITDA_qb0of3,C15_FCF_P_DYN_riseq1,0.10650651728758942,0.10774462377156824,-0.001238106483978818,-0.6001837901699619,0.44730206757438223,21.64,75.43157894736842
ROE_qb2of3__FCF_OI_qb2of3__C17_FCF_P_DYN_qmax4__v0,ROE_qb2of3__FCF_OI_qb2of3,C17_FCF_P_DYN_qmax4,0.10640079051477258,0.10612897361205387,0.0002718169027187134,-0.5964660049152671,0.46291230893000807,23.52,77.24809160305344
P_IC_qb1of3__ROE_qb1of3__None__v0,P_IC_qb1of3__ROE_qb1of3,None,0.10639715439744668,0.10639715439744668,0.0,-0.6087896832466799,0.49702675916749256,23.35,195.31313131313132
PS_qb1of3__MOM_qb2of3__C11_EPS_DYN_qmax8__v0,PS_qb1of3__MOM_qb2of3,C11_EPS_DYN_qmax8,0.10639520602740027,0.12985143618864448,-0.023456230161244207,-0.6858502601818048,0.48739148408433236,22.81,36.91416309012875
ROE_qb2of3__ROIC_qb2of3__C17_FCF_P_DYN_qmax4__v0,ROE_qb2of3__ROIC_qb2of3,C17_FCF_P_DYN_qmax4,0.10638536865183479,0.10497732735766574,0.001408041294169049,-0.621932914631047,0.4546429049979901,24.23,92.94274809160305
PS_qb1of3__OCF_E_qb1of3__C15_FCF_P_DYN_riseq1__v0,PS_qb1of3__OCF_E_qb1of3,C15_FCF_P_DYN_riseq1,0.10636128680404977,0.1057020349461224,0.0006592518579273676,-0.6161462007267561,0.46254071661237783,26.89,87.53684210526316
ROE_qb2of3__FCF_P_qb0of3__None__v0,ROE_qb2of3__FCF_P_qb0of3,None,0.10634093976900005,0.10634093976900005,0.0,-0.5272463167581247,0.47501207146306135,21.89,116.44781144781145
FCF_OI_qb1of3__DEBTRATIO_qb0of3__C4_ROE_DYN_qmax8__v0,FCF_OI_qb1of3__DEBTRATIO_qb0of3,C4_ROE_DYN_qmax8,0.10621062853369567,0.10607558667456085,0.00013504185913482125,-0.7419506398120185,0.5152374202693125,19.45,22.17167381974249
PS_qb1of3__OCF_E_qb2of3__C20_FCF_P_DYN_ytdavg_gt_lyytdavg__v0,PS_qb1of3__OCF_E_qb2of3,C20_FCF_P_DYN_ytdavg_gt_lyytdavg,0.10620969787689316,0.10315298366883918,0.003056714208053979,-0.6226061554159965,0.48812095032397407,22.8,78.55438596491229
OCF_E_qb2of3__ROE_qb2of3__C15_FCF_P_DYN_riseq1__v0,OCF_E_qb2of3__ROE_qb2of3,C15_FCF_P_DYN_riseq1,0.10613812973543357,0.11168724670811869,-0.00554911697268512,-0.5676446059004687,0.4578763127187865,23.26,112.35438596491228
ROE_qb2of3__FCF_OI_qb2of3__None__v0,ROE_qb2of3__FCF_OI_qb2of3,None,0.10612897361205387,0.10612897361205387,0.0,-0.5545365387398735,0.4476755308972642,21.63,170.9023569023569
FCF_OI_qb1of3__DEBTRATIO_qb0of3__None__v0,FCF_OI_qb1of3__DEBTRATIO_qb0of3,None,0.10607558667456085,0.10607558667456085,0.0,-0.583023321440695,0.47092688543465744,22.19,164.8181818181818
EV_EBITDA_qb1of3__NETDEBT_EBITDA_qb2of3__C17_FCF_P_DYN_qmax4__v0,EV_EBITDA_qb1of3__NETDEBT_EBITDA_qb2of3,C17_FCF_P_DYN_qmax4,0.10603805694966906,0.14627716761851484,-0.04023911066884578,-0.5983493451516859,0.46397255051467784,24.46,34.729007633587784
PB_qb1of3__None__None__v0,PB_qb1of3__None,None,0.1059915100055453,0.1059915100055453,0.0,-0.6074961040678843,0.49581426498493136,21.9,463.32996632996634
EV_S_qb1of3__ACCRUAL_qb1of3__C19_FCF_P_DYN_yoy__v0,EV_S_qb1of3__ACCRUAL_qb1of3,C19_FCF_P_DYN_yoy,0.10594102829382734,0.11256341933953151,-0.006622391045704168,-0.674561346680527,0.48632668144863267,27.12,81.292
EV_S_qb0of3__None__C17_FCF_P_DYN_qmax4__v0,EV_S_qb0of3__None,C17_FCF_P_DYN_qmax4,0.10586359908482423,0.15703616256886455,-0.05117256348404031,-0.5778081166705662,0.46328320802005013,21.74,115.82442748091603
ROE_qb1of3__FCF_P_qb2of3__C18_FCF_P_DYN_qmax8__v0,ROE_qb1of3__FCF_P_qb2of3,C18_FCF_P_DYN_qmax8,0.10586045873984395,0.12843923926750733,-0.022578780527663378,-0.5976643364733762,0.4751349815288434,30.44,46.55364806866953
OCF_E_qb1of3__FCF_P_qb2of3__C20_FCF_P_DYN_ytdavg_gt_lyytdavg__v0,OCF_E_qb1of3__FCF_P_qb2of3,C20_FCF_P_DYN_ytdavg_gt_lyytdavg,0.10584190325971576,0.12040696135896067,-0.01456505809924491,-0.5925656835825424,0.4711694809255785,25.19,106.6
ROE_qb1of3__FCF_P_qb2of3__C15_FCF_P_DYN_riseq1__v0,ROE_qb1of3__FCF_P_qb2of3,C15_FCF_P_DYN_riseq1,0.10582961293898974,0.12843923926750733,-0.022609626328517596,-0.6074567307957478,0.47853072853072853,24.63,128.5859649122807
P_IC_qb1of3__ROIC_qb1of3__C10_EPS_DYN_qmax4__v0,P_IC_qb1of3__ROIC_qb1of3,C10_EPS_DYN_qmax4,0.1058002739650663,0.10338158284969312,0.002418691115373184,-0.6751129373748388,0.4979253112033195,20.25,44.82824427480916
NETDEBT_EBITDA_qb2of3__None__C16_FCF_P_DYN_riseq2__v0,NETDEBT_EBITDA_qb2of3__None,C16_FCF_P_DYN_riseq2,0.10579672824767328,0.11310247772162718,-0.007305749473953904,-0.6299853275475968,0.4746145167356149,25.79,240.7919708029197
EV_EBITDA_qb1of3__FCF_OI_qb1of3__C15_FCF_P_DYN_riseq1__v0,EV_EBITDA_qb1of3__FCF_OI_qb1of3,C15_FCF_P_DYN_riseq1,0.10579010493016106,0.1275583968310292,-0.021768291900868153,-0.6116601576095994,0.4617741464838051,22.29,82.9017543859649
EV_S_qb1of3__OCF_E_qb2of3__C20_FCF_P_DYN_ytdavg_gt_lyytdavg__v0,EV_S_qb1of3__OCF_E_qb2of3,C20_FCF_P_DYN_ytdavg_gt_lyytdavg,0.10578760266876608,0.12024507725315203,-0.014457474584385954,-0.623677956158325,0.49141842572499506,21.63,79.29122807017544
PB_qb1of3__NETDEBT_EBITDA_qb1of3__C20_FCF_P_DYN_ytdavg_gt_lyytdavg__v0,PB_qb1of3__NETDEBT_EBITDA_qb1of3,C20_FCF_P_DYN_ytdavg_gt_lyytdavg,0.10576989088246336,0.11455350465136882,-0.008783613768905463,-0.6120463473391631,0.5116950620848975,21.9,74.21052631578948
PS_qb0of3__EV_S_qb0of3__C17_FCF_P_DYN_qmax4__v0,PS_qb0of3__EV_S_qb0of3,C17_FCF_P_DYN_qmax4,0.1057234246494696,0.16026918058568085,-0.05454575593621125,-0.5773767188416818,0.46093998094633215,21.38,89.14503816793894
PS_qb1of3__NETDEBT_EBITDA_qb1of3__C20_FCF_P_DYN_ytdavg_gt_lyytdavg__v0,PS_qb1of3__NETDEBT_EBITDA_qb1of3,C20_FCF_P_DYN_ytdavg_gt_lyytdavg,0.10572069432366549,0.10068019804438966,0.00504049627927583,-0.6373118893328149,0.5029364655632674,24.34,82.75438596491227
PS_qb1of3__OCF_E_qb1of3__None__v0,PS_qb1of3__OCF_E_qb1of3,None,0.1057020349461224,0.1057020349461224,0.0,-0.6249109192058646,0.48757271285034376,23.96,178.7104377104377
PS_qb1of3__NETDEBT_EBITDA_qb0of3__C18_FCF_P_DYN_qmax8__v0,PS_qb1of3__NETDEBT_EBITDA_qb0of3,C18_FCF_P_DYN_qmax8,0.1056874701402557,0.11822478808596304,-0.012537317945707338,-0.6208111429380909,0.44436952124072826,24.81,19.523605150214593
FCF_OI_qb1of3__DEBTRATIO_qb2of3__C17_FCF_P_DYN_qmax4__v0,FCF_OI_qb1of3__DEBTRATIO_qb2of3,C17_FCF_P_DYN_qmax4,0.10567601511500269,0.11211067470469849,-0.006434659589695801,-0.6036566509028092,0.4342056763730188,20.36,34.767175572519086
EV_S_qb1of3__EV_EBITDA_qb1of3__C15_FCF_P_DYN_riseq1__v0,EV_S_qb1of3__EV_EBITDA_qb1of3,C15_FCF_P_DYN_riseq1,0.10562492266295509,0.11950687846175168,-0.013881955798796586,-0.6198964552142161,0.457862847700358,24.57,96.92631578947369
PS_qb1of3__FCF_OI_qb2of3__C1_ROE_DYN_riseq1__v0,PS_qb1of3__FCF_OI_qb2of3,C1_ROE_DYN_riseq1,0.10560845994533574,0.10173212465613313,0.003876335289202615,-0.6043454736127869,0.4836767036450079,22.63,84.46315789473684
MOM_qb1of3__ROE_qb2of3__C1_ROE_DYN_riseq1__v0,MOM_qb1of3__ROE_qb2of3,C1_ROE_DYN_riseq1,0.10558206551607907,0.10831556437834422,-0.002733498862265149,-0.659790478958137,0.5224836212030971,22.26,81.56491228070175
P_IC_qb1of3__FCF_P_qb1of3__C16_FCF_P_DYN_riseq2__v0,P_IC_qb1of3__FCF_P_qb1of3,C16_FCF_P_DYN_riseq2,0.10553100877721633,0.11136939041932759,-0.005838381642111257,-0.6441758999382518,0.4834106314662861,24.49,78.74817518248175
OCF_E_qb2of3__ROIC_qb2of3__None__v0,OCF_E_qb2of3__ROIC_qb2of3,None,0.10550033079483523,0.10550033079483523,0.0,-0.5056964785242487,0.45151019705705187,22.38,262.1885521885522
P_IC_qb1of3__NETDEBT_EBITDA_qb1of3__C19_FCF_P_DYN_yoy__v0,P_IC_qb1of3__NETDEBT_EBITDA_qb1of3,C19_FCF_P_DYN_yoy,0.10537091036521073,0.11371455528078345,-0.008343644915572712,-0.609899814713031,0.4894677236693092,26.64,82.684
DEBTRATIO_qb1of3__FCF_P_qb2of3__C20_FCF_P_DYN_ytdavg_gt_lyytdavg__v0,DEBTRATIO_qb1of3__FCF_P_qb2of3,C20_FCF_P_DYN_ytdavg_gt_lyytdavg,0.10526549372795335,0.12036397930429055,-0.015098485576337195,-0.633065413098096,0.47657276310027735,24.67,107.98947368421052
PB_qb1of3__NETDEBT_EBITDA_qb0of3__C20_FCF_P_DYN_ytdavg_gt_lyytdavg__v0,PB_qb1of3__NETDEBT_EBITDA_qb0of3,C20_FCF_P_DYN_ytdavg_gt_lyytdavg,0.10526003211500679,0.11510738211040183,-0.00984734999539505,-0.6379115047763484,0.49800429843414185,23.29,79.91228070175438
PB_qb1of3__FCF_OI_qb1of3__C16_FCF_P_DYN_riseq2__v0,PB_qb1of3__FCF_OI_qb1of3,C16_FCF_P_DYN_riseq2,0.10522668268050306,0.11410064127221342,-0.008873958591710362,-0.6214751135606784,0.48800134250713206,23.19,86.8905109489051
MOM_qb2of3__FCF_OI_qb2of3__C18_FCF_P_DYN_qmax8__v0,MOM_qb2of3__FCF_OI_qb2of3,C18_FCF_P_DYN_qmax8,0.10521969200284964,0.13351239190976916,-0.028292699906919516,-0.6771815945141901,0.4636225266362253,25.4,42.33905579399141
PS_qb0of3__DEBTRATIO_qb2of3__C17_FCF_P_DYN_qmax4__v0,PS_qb0of3__DEBTRATIO_qb2of3,C17_FCF_P_DYN_qmax4,0.10519767763229337,0.16192316720535427,-0.056725489573060894,-0.6080354762496327,0.4699231117141565,20.27,64.6412213740458
EV_S_qb1of3__ROIC_qb2of3__C20_FCF_P_DYN_ytdavg_gt_lyytdavg__v0,EV_S_qb1of3__ROIC_qb2of3,C20_FCF_P_DYN_ytdavg_gt_lyytdavg,0.10512961108666152,0.11007268957710736,-0.00494307849044584,-0.6069736442536648,0.5048426150121066,21.25,81.74035087719298
OCF_E_qb2of3__FCF_P_qb0of3__C20_FCF_P_DYN_ytdavg_gt_lyytdavg__v0,OCF_E_qb2of3__FCF_P_qb0of3,C20_FCF_P_DYN_ytdavg_gt_lyytdavg,0.10509090614306649,0.10663543740601678,-0.0015445312629502883,-0.5951922989620684,0.47890743550834597,21.83,42.41754385964912
EV_EBITDA_qb1of3__ROIC_qb1of3__C18_FCF_P_DYN_qmax8__v0,EV_EBITDA_qb1of3__ROIC_qb1of3,C18_FCF_P_DYN_qmax8,0.1050807915364258,0.12513866146333696,-0.020057869926911165,-0.6407654574647936,0.4566160520607375,27.8,23.90557939914163
MOM_qb2of3__FCF_P_qb1of3__C15_FCF_P_DYN_riseq1__v0,MOM_qb2of3__FCF_P_qb1of3,C15_FCF_P_DYN_riseq1,0.10502879018871836,0.12449311185748302,-0.01946432166876466,-0.7539214854029618,0.45761417443103714,20.51,72.0280701754386
ROE_qb2of3__ROIC_qb2of3__None__v0,ROE_qb2of3__ROIC_qb2of3,None,0.10497732735766574,0.10497732735766574,0.0,-0.50179229389313,0.44959695679739153,21.28,441.979797979798
DEBTRATIO_qb2of3__FCF_P_qb2of3__C15_FCF_P_DYN_riseq1__v0,DEBTRATIO_qb2of3__FCF_P_qb2of3,C15_FCF_P_DYN_riseq1,0.10488230366115014,0.13414183650936895,-0.029259532848218806,-0.5898389719667175,0.46756756756756757,23.73,134.38947368421051
ROIC_qb1of3__NETDEBT_EBITDA_qb2of3__C15_FCF_P_DYN_riseq1__v0,ROIC_qb1of3__NETDEBT_EBITDA_qb2of3,C15_FCF_P_DYN_riseq1,0.1048475846796002,0.11795452966567255,-0.013106944986072344,-0.6152002711028979,0.4689833866788599,24.85,92.55087719298245
PB_qb1of3__FCF_P_qb1of3__None__v0,PB_qb1of3__FCF_P_qb1of3,None,0.10479620641868093,0.10479620641868093,0.0,-0.6338428182729472,0.48505617977528087,22.77,147.7979797979798
ROE_qb2of3__ACCRUAL_qb1of3__C17_FCF_P_DYN_qmax4__v0,ROE_qb2of3__ACCRUAL_qb1of3,C17_FCF_P_DYN_qmax4,0.10478049488534813,0.10780358903293696,-0.003023094147588834,-0.6397794898044042,0.4601449275362319,27.43,32.908396946564885
PB_qb1of3__FCF_P_qb1of3__C16_FCF_P_DYN_riseq2__v0,PB_qb1of3__FCF_P_qb1of3,C16_FCF_P_DYN_riseq2,0.10475618110295626,0.10479620641868093,-4.002531572466772e-05,-0.6551229734461971,0.4909819639278557,24.74,76.23722627737226
FCF_OI_qb1of3__NETDEBT_EBITDA_qb0of3__C18_FCF_P_DYN_qmax8__v0,FCF_OI_qb1of3__NETDEBT_EBITDA_qb0of3,C18_FCF_P_DYN_qmax8,0.10472489144627173,0.10774462377156824,-0.003019732325296509,-0.709460567691502,0.41122565864833904,19.35,14.485380116959064
FCF_OI_qb1of3__NETDEBT_EBITDA_qb0of3__C20_FCF_P_DYN_ytdavg_gt_lyytdavg__v0,FCF_OI_qb1of3__NETDEBT_EBITDA_qb0of3,C20_FCF_P_DYN_ytdavg_gt_lyytdavg,0.10471059155432516,0.10774462377156824,-0.0030340322172430767,-0.6277073732773717,0.49328401790928555,22.91,81.69824561403509
FCF_OI_qb1of3__DEBTRATIO_qb1of3__C20_FCF_P_DYN_ytdavg_gt_lyytdavg__v0,FCF_OI_qb1of3__DEBTRATIO_qb1of3,C20_FCF_P_DYN_ytdavg_gt_lyytdavg,0.10469747189201328,0.1043803523024891,0.00031711958952418406,-0.6281529734236699,0.49704258675078866,21.55,81.44561403508771
EV_S_qb1of3__OCF_E_qb2of3__C16_FCF_P_DYN_riseq2__v0,EV_S_qb1of3__OCF_E_qb2of3,C16_FCF_P_DYN_riseq2,0.10465819591794423,0.12024507725315203,-0.015586881335207803,-0.6178443075291552,0.48467569493941554,25.45,82.3029197080292
NETDEBT_EBITDA_qb2of3__None__C20_FCF_P_DYN_ytdavg_gt_lyytdavg__v0,NETDEBT_EBITDA_qb2of3__None,C20_FCF_P_DYN_ytdavg_gt_lyytdavg,0.1046486791262271,0.11310247772162718,-0.008453798595400075,-0.6283710597792203,0.5010127314814815,23.24,236.09824561403508
P_IC_qb1of3__DEBTRATIO_qb1of3__None__v0,P_IC_qb1of3__DEBTRATIO_qb1of3,None,0.10457322351498388,0.10457322351498388,0.0,-0.611959675526879,0.4941363546014709,22.59,187.25925925925927
FCF_OI_qb1of3__None__C17_FCF_P_DYN_qmax4__v0,FCF_OI_qb1of3__None,C17_FCF_P_DYN_qmax4,0.10454822267177843,0.10865218632260909,-0.004103963650830655,-0.6469019879409112,0.428180199917842,21.68,90.3969465648855
PS_qb1of3__None__None__v0,PS_qb1of3__None,None,0.10454523190678677,0.10454523190678677,0.0,-0.6206788468838067,0.48617614269788184,23.36,463.020202020202
PS_qb1of3__ROE_qb1of3__C20_FCF_P_DYN_ytdavg_gt_lyytdavg__v0,PS_qb1of3__ROE_qb1of3,C20_FCF_P_DYN_ytdavg_gt_lyytdavg,0.1044562071937516,0.1012338625934468,0.003222344600304794,-0.5948349953041001,0.4866609294320138,24.53,85.14736842105263
FCF_OI_qb1of3__DEBTRATIO_qb1of3__None__v0,FCF_OI_qb1of3__DEBTRATIO_qb1of3,None,0.1043803523024891,0.1043803523024891,0.0,-0.5713204664333631,0.46019736842105263,22.2,174.8114478114478
EV_EBITDA_qb1of3__DEBTRATIO_qb2of3__C17_FCF_P_DYN_qmax4__v0,EV_EBITDA_qb1of3__DEBTRATIO_qb2of3,C17_FCF_P_DYN_qmax4,0.10433541029405147,0.13449319651294744,-0.030157786218895977,-0.5690765295348219,0.4672131147540984,23.09,36.14885496183206
PS_qb1of3__OCF_E_qb1of3__C20_FCF_P_DYN_ytdavg_gt_lyytdavg__v0,PS_qb1of3__OCF_E_qb1of3,C20_FCF_P_DYN_ytdavg_gt_lyytdavg,0.10431715742895964,0.1057020349461224,-0.0013848775171627636,-0.6209820868947392,0.49193259232699893,24.95,90.29824561403508
P_IC_qb1of3__ROE_qb1of3__C13_EPS_DYN_ytdavg_gt_lyytdavg__v0,P_IC_qb1of3__ROE_qb1of3,C13_EPS_DYN_ytdavg_gt_lyytdavg,0.10426261111869661,0.10639715439744668,-0.0021345432787500673,-0.5717515073839072,0.47532686630113874,22.27,91.03157894736842
FCF_OI_qb1of3__None__C20_FCF_P_DYN_ytdavg_gt_lyytdavg__v0,FCF_OI_qb1of3__None,C20_FCF_P_DYN_ytdavg_gt_lyytdavg,0.10419875408085821,0.10865218632260909,-0.0044534322417508765,-0.6245841363796121,0.4918840579710145,21.55,233.78947368421052
PS_qb1of3__FCF_OI_qb2of3__C8_EPS_DYN_riseq1__v0,PS_qb1of3__FCF_OI_qb2of3,C8_EPS_DYN_riseq1,0.1041965462950094,0.10173212465613313,0.0024644216388762796,-0.6149123748528438,0.480584082156611,22.91,83.70526315789473
PB_qb1of3__ACCRUAL_qb1of3__C19_FCF_P_DYN_yoy__v0,PB_qb1of3__ACCRUAL_qb1of3,C19_FCF_P_DYN_yoy,0.10418224088188244,0.10392799967158028,0.00025424121030215296,-0.6346716385220923,0.4797941288600839,26.55,79.416
P_IC_qb1of3__DEBTRATIO_qb0of3__C18_FCF_P_DYN_qmax8__v0,P_IC_qb1of3__DEBTRATIO_qb0of3,C18_FCF_P_DYN_qmax8,0.10417180665080661,0.1393426824369417,-0.03517087578613509,-0.6097025429714207,0.45442268737339636,24.44,19.69098712446352
PB_qb1of3__NETDEBT_EBITDA_qb0of3__C19_FCF_P_DYN_yoy__v0,PB_qb1of3__NETDEBT_EBITDA_qb0of3,C19_FCF_P_DYN_yoy,0.10416533378634951,0.11510738211040183,-0.010942048324052323,-0.6758616490325617,0.48029739776951674,25.5,80.292
PS_qb1of3__NETDEBT_EBITDA_qb1of3__C16_FCF_P_DYN_riseq2__v0,PS_qb1of3__NETDEBT_EBITDA_qb1of3,C16_FCF_P_DYN_riseq2,0.10415032268624658,0.10068019804438966,0.00347012464185692,-0.6452995063238651,0.4764331210191083,26.82,85.43065693430657
NETDEBT_EBITDA_qb2of3__None__C19_FCF_P_DYN_yoy__v0,NETDEBT_EBITDA_qb2of3__None,C19_FCF_P_DYN_yoy,0.103990331131528,0.11310247772162718,-0.00911214659009918,-0.6298456404791598,0.4853310171781509,25.95,243.412
PB_qb1of3__ACCRUAL_qb1of3__C20_FCF_P_DYN_ytdavg_gt_lyytdavg__v0,PB_qb1of3__ACCRUAL_qb1of3,C20_FCF_P_DYN_ytdavg_gt_lyytdavg,0.10393832707335315,0.10392799967158028,1.0327401772869393e-05,-0.6234909490476814,0.49035275774702786,23.14,79.99298245614035
PB_qb1of3__ACCRUAL_qb1of3__None__v0,PB_qb1of3__ACCRUAL_qb1of3,None,0.10392799967158028,0.10392799967158028,0.0,-0.6160158399042918,0.4812079078861612,23.5,157.66666666666666
PS_qb1of3__DEBTRATIO_qb1of3__C8_EPS_DYN_riseq1__v0,PS_qb1of3__DEBTRATIO_qb1of3,C8_EPS_DYN_riseq1,0.10392533674663462,0.09970663573273053,0.0042187010139040915,-0.6210194786130632,0.4836724226363481,22.58,97.73333333333333
P_IC_qb1of3__FCF_OI_qb1of3__C17_FCF_P_DYN_qmax4__v0,P_IC_qb1of3__FCF_OI_qb1of3,C17_FCF_P_DYN_qmax4,0.10383417102035919,0.1162649322304854,-0.012430761210126207,-0.6283222655006286,0.4142516195022162,25.58,35.26335877862596
EV_EBITDA_qb1of3__DEBTRATIO_qb2of3__C15_FCF_P_DYN_riseq1__v0,EV_EBITDA_qb1of3__DEBTRATIO_qb2of3,C15_FCF_P_DYN_riseq1,0.1037458634393491,0.13449319651294744,-0.030747333073598337,-0.5733563915336339,0.4643495531281033,24.36,67.95438596491228
ROIC_qb1of3__NETDEBT_EBITDA_qb2of3__C17_FCF_P_DYN_qmax4__v0,ROIC_qb1of3__NETDEBT_EBITDA_qb2of3,C17_FCF_P_DYN_qmax4,0.10373836973029849,0.11795452966567255,-0.014216159935374062,-0.6110921340015376,0.46105919003115264,26.52,47.01908396946565
P_IC_qb1of3__OCF_E_qb2of3__C16_FCF_P_DYN_riseq2__v0,P_IC_qb1of3__OCF_E_qb2of3,C16_FCF_P_DYN_riseq2,0.10372361767935678,0.11478934435704824,-0.011065726677691456,-0.6255949099715988,0.4825731925911173,25.19,72.83211678832117
PS_qb1of3__ROIC_qb2of3__C15_FCF_P_DYN_riseq1__v0,PS_qb1of3__ROIC_qb2of3,C15_FCF_P_DYN_riseq1,0.10370632491711329,0.12120296701946254,-0.017496642102349247,-0.5921428720818289,0.4578052034689793,24.38,80.26666666666667
ROE_qb0of3__EV_EBITDA_qb1of3__C20_FCF_P_DYN_ytdavg_gt_lyytdavg__v0,ROE_qb0of3__EV_EBITDA_qb1of3,C20_FCF_P_DYN_ytdavg_gt_lyytdavg,0.10368267245698992,0.12350332831042143,-0.019820655853431512,-0.6760646473936389,0.469041095890411,23.07,26.940350877192984
ROE_qb2of3__DEBTRATIO_qb2of3__C15_FCF_P_DYN_riseq1__v0,ROE_qb2of3__DEBTRATIO_qb2of3,C15_FCF_P_DYN_riseq1,0.10368136399972294,0.11194290084226521,-0.008261536842542272,-0.5375194330119101,0.46955503512880564,21.46,70.04912280701754
EV_S_qb1of3__NETDEBT_EBITDA_qb2of3__C19_FCF_P_DYN_yoy__v0,EV_S_qb1of3__NETDEBT_EBITDA_qb2of3,C19_FCF_P_DYN_yoy,0.1036409878681328,0.12592618420732227,-0.02228519633918946,-0.6266919817613978,0.47249552772808584,25.39,88.856
EV_S_qb1of3__DEBTRATIO_qb2of3__C20_FCF_P_DYN_ytdavg_gt_lyytdavg__v0,EV_S_qb1of3__DEBTRATIO_qb2of3,C20_FCF_P_DYN_ytdavg_gt_lyytdavg,0.10358675393858485,0.11423945981814065,-0.010652705879555802,-0.6263511008302436,0.4722128662849444,24.93,71.16491228070176
MOM_qb1of3__ROE_qb2of3__C20_FCF_P_DYN_ytdavg_gt_lyytdavg__v0,MOM_qb1of3__ROE_qb2of3,C20_FCF_P_DYN_ytdavg_gt_lyytdavg,0.10355206267013028,0.10831556437834422,-0.004763501708213935,-0.5835525437314779,0.5411648568608095,24.04,66.47719298245615
P_IC_qb1of3__ACCRUAL_qb1of3__None__v0,P_IC_qb1of3__ACCRUAL_qb1of3,None,0.10354097010952823,0.10354097010952823,0.0,-0.6031301931061352,0.482935534240464,24.98,158.8922558922559
NETDEBT_EBITDA_qb2of3__FCF_P_qb2of3__C15_FCF_P_DYN_riseq1__v0,NETDEBT_EBITDA_qb2of3__FCF_P_qb2of3,C15_FCF_P_DYN_riseq1,0.10353780711496041,0.130367316892525,-0.026829509777564597,-0.6150595450273127,0.4673913043478261,24.75,131.46666666666667
OCF_E_qb2of3__ACCRUAL_qb0of3__C19_FCF_P_DYN_yoy__v0,OCF_E_qb2of3__ACCRUAL_qb0of3,C19_FCF_P_DYN_yoy,0.10352852646490196,0.1085860393522513,-0.005057512887349347,-0.6173275071967136,0.4788355217691776,27.14,174.46
DEBTRATIO_qb2of3__NETDEBT_EBITDA_qb0of3__C20_FCF_P_DYN_ytdavg_gt_lyytdavg__v0,DEBTRATIO_qb2of3__NETDEBT_EBITDA_qb0of3,C20_FCF_P_DYN_ytdavg_gt_lyytdavg,0.10348469825809525,0.10863780237264198,-0.005153104114546725,-0.5664687529031134,0.5072314049586777,22.44,30.796491228070174
FCF_OI_qb2of3__DEBTRATIO_qb2of3__C16_FCF_P_DYN_riseq2__v0,FCF_OI_qb2of3__DEBTRATIO_qb2of3,C16_FCF_P_DYN_riseq2,0.10340055953320526,0.1079547255060096,-0.004554165972804336,-0.571470356073542,0.4777711024331631,26.2,111.97080291970804
PS_qb1of3__None__C16_FCF_P_DYN_riseq2__v0,PS_qb1of3__None,C16_FCF_P_DYN_riseq2,0.10339321603280727,0.10454523190678677,-0.0011520158739795061,-0.6478024128650819,0.4811891165602956,25.89,237.507299270073
FCF_OI_qb1of3__DEBTRATIO_qb0of3__C19_FCF_P_DYN_yoy__v0,FCF_OI_qb1of3__DEBTRATIO_qb0of3,C19_FCF_P_DYN_yoy,0.10338929374214478,0.10607558667456085,-0.002686292932416068,-0.6170807259582661,0.48981552651806304,29.35,80.48
P_IC_qb1of3__ROIC_qb1of3__None__v0,P_IC_qb1of3__ROIC_qb1of3,None,0.10338158284969312,0.10338158284969312,0.0,-0.6037982379952473,0.4941355852685902,24.46,199.17171717171718
P_IC_qb1of3__DEBTRATIO_qb1of3__C15_FCF_P_DYN_riseq1__v0,P_IC_qb1of3__DEBTRATIO_qb1of3,C15_FCF_P_DYN_riseq1,0.10336150163873303,0.10457322351498388,-0.0012117218762508486,-0.6253270479468203,0.4615136876006441,22.55,90.54385964912281
PS_qb1of3__ACCRUAL_qb1of3__C16_FCF_P_DYN_riseq2__v0,PS_qb1of3__ACCRUAL_qb1of3,C16_FCF_P_DYN_riseq2,0.10329892115063966,0.10712139139531085,-0.0038224702446711945,-0.6699756683276055,0.4750930686048573,25.67,82.12043795620438
PB_qb1of3__DEBTRATIO_qb0of3__C20_FCF_P_DYN_ytdavg_gt_lyytdavg__v0,PB_qb1of3__DEBTRATIO_qb0of3,C20_FCF_P_DYN_ytdavg_gt_lyytdavg,0.10327894644338698,0.1073186532581396,-0.0040397068147526305,-0.6391137187264913,0.5094647519582245,22.98,74.19649122807017
EV_S_qb1of3__OCF_E_qb1of3__C19_FCF_P_DYN_yoy__v0,EV_S_qb1of3__OCF_E_qb1of3,C19_FCF_P_DYN_yoy,0.10317593736188035,0.11166086551822496,-0.008484928156344607,-0.6502808855026789,0.4838263276249784,26.5,88.812
PB_qb0of3__ACCRUAL_qb0of3__C17_FCF_P_DYN_qmax4__v0,PB_qb0of3__ACCRUAL_qb0of3,C17_FCF_P_DYN_qmax4,0.10316578401679477,0.17652061393823848,-0.07335482992144371,-0.6297136143335285,0.4671009771986971,22.49,40.83969465648855
EV_EBITDA_qb1of3__None__C15_FCF_P_DYN_riseq1__v0,EV_EBITDA_qb1of3__None,C15_FCF_P_DYN_riseq1,0.10315631205093156,0.12168343275173998,-0.01852712070080842,-0.6094844612465389,0.4613915079805263,23.79,223.2842105263158
PS_qb1of3__OCF_E_qb2of3__None__v0,PS_qb1of3__OCF_E_qb2of3,None,0.10315298366883918,0.10315298366883918,0.0,-0.5914290829318505,0.4719405003380663,24.14,153.16498316498317
P_IC_qb1of3__FCF_P_qb1of3__C19_FCF_P_DYN_yoy__v0,P_IC_qb1of3__FCF_P_qb1of3,C19_FCF_P_DYN_yoy,0.1031055252570694,0.11136939041932759,-0.008263865162258188,-0.6808128248441854,0.4841646121752323,27.32,79.032
PB_qb1of3__DEBTRATIO_qb1of3__C15_FCF_P_DYN_riseq1__v0,PB_qb1of3__DEBTRATIO_qb1of3,C15_FCF_P_DYN_riseq1,0.10308268750155425,0.10213199884253421,0.0009506886590200381,-0.6349293242353165,0.46101002599331603,22.8,78.11929824561403
P_IC_qb1of3__DEBTRATIO_qb1of3__C19_FCF_P_DYN_yoy__v0,P_IC_qb1of3__DEBTRATIO_qb1of3,C19_FCF_P_DYN_yoy,0.10294390865914749,0.10457322351498388,-0.0016293148558363946,-0.6384924589581857,0.48471440064360416,26.15,97.9
P_IC_qb1of3__ROE_qb1of3__C16_FCF_P_DYN_riseq2__v0,P_IC_qb1of3__ROE_qb1of3,C16_FCF_P_DYN_riseq2,0.1029248363026003,0.10639715439744668,-0.0034723180948463828,-0.6191170200881226,0.4958067762495807,27.07,100.50729927007299
FCF_OI_qb2of3__DEBTRATIO_qb2of3__C15_FCF_P_DYN_riseq1__v0,FCF_OI_qb2of3__DEBTRATIO_qb2of3,C15_FCF_P_DYN_riseq1,0.10272388169205926,0.1079547255060096,-0.005230843813950337,-0.575100510500709,0.46761290322580645,25.76,110.47719298245615
PS_qb0of3__ROIC_qb2of3__C17_FCF_P_DYN_qmax4__v0,PS_qb0of3__ROIC_qb2of3,C17_FCF_P_DYN_qmax4,0.10268602784146252,0.16337747244409084,-0.06069144460262832,-0.530354793341903,0.4593621399176955,21.49,24.427480916030536
PB_qb1of3__ROIC_qb1of3__None__v0,PB_qb1of3__ROIC_qb1of3,None,0.10263205495867078,0.10263205495867078,0.0,-0.6113633378217427,0.4961014779471663,23.89,192.97979797979798
OCF_E_qb2of3__FCF_OI_qb1of3__C15_FCF_P_DYN_riseq1__v0,OCF_E_qb2of3__FCF_OI_qb1of3,C15_FCF_P_DYN_riseq1,0.10261293450988962,0.11774066125008464,-0.015127726740195024,-0.5778163148153435,0.45353780747039174,23.06,76.7298245614035
EV_S_qb1of3__DEBTRATIO_qb1of3__C15_FCF_P_DYN_riseq1__v0,EV_S_qb1of3__DEBTRATIO_qb1of3,C15_FCF_P_DYN_riseq1,0.1025334466717498,0.11155677487762738,-0.00902332820587759,-0.6445455353668252,0.4571183533447684,24.86,84.06315789473685
OCF_E_qb2of3__ROIC_qb1of3__C19_FCF_P_DYN_yoy__v0,OCF_E_qb2of3__ROIC_qb1of3,C19_FCF_P_DYN_yoy,0.10252585273598269,0.10988266317424689,-0.007356810438264194,-0.6044248280464799,0.48504601226993865,27.67,75.328
EV_S_qb1of3__FCF_OI_qb2of3__C20_FCF_P_DYN_ytdavg_gt_lyytdavg__v0,EV_S_qb1of3__FCF_OI_qb2of3,C20_FCF_P_DYN_ytdavg_gt_lyytdavg,0.102390920198282,0.10909170051585249,-0.006700780317570487,-0.6643114574599225,0.47094535993061576,24.56,105.27719298245614
ACCRUAL_qb0of3__FCF_P_qb2of3__C20_FCF_P_DYN_ytdavg_gt_lyytdavg__v0,ACCRUAL_qb0of3__FCF_P_qb2of3,C20_FCF_P_DYN_ytdavg_gt_lyytdavg,0.10236034030240737,0.12374675560791215,-0.02138641530550478,-0.631056974250386,0.4687304955685932,25.73,109.69473684210526
EV_S_qb1of3__MOM_qb2of3__C17_FCF_P_DYN_qmax4__v0,EV_S_qb1of3__MOM_qb2of3,C17_FCF_P_DYN_qmax4,0.10232544115214304,0.12920025367569776,-0.026874812523554725,-0.7434686430230752,0.45285439384220655,21.15,36.25190839694657
FCF_OI_qb1of3__NETDEBT_EBITDA_qb0of3__C17_FCF_P_DYN_qmax4__v0,FCF_OI_qb1of3__NETDEBT_EBITDA_qb0of3,C17_FCF_P_DYN_qmax4,0.10228549652465624,0.10774462377156824,-0.005459127246911999,-0.6293242966720944,0.4182652210175146,24.73,28.625954198473284
EV_EBITDA_qb0of3__NETDEBT_EBITDA_qb0of3__C18_FCF_P_DYN_qmax8__v0,EV_EBITDA_qb0of3__NETDEBT_EBITDA_qb0of3,C18_FCF_P_DYN_qmax8,0.10220597625036643,0.14659325251889155,-0.04438727626852512,-0.5338567080942156,0.4649176327028676,33.02,22.454935622317596
EV_EBITDA_qb1of3__FCF_P_qb2of3__C15_FCF_P_DYN_riseq1__v0,EV_EBITDA_qb1of3__FCF_P_qb2of3,C15_FCF_P_DYN_riseq1,0.10217667910199668,0.12095020165403092,-0.01877352255203424,-0.6072341541529026,0.4639427787575936,24.36,125.61754385964912
PB_qb1of3__DEBTRATIO_qb1of3__None__v0,PB_qb1of3__DEBTRATIO_qb1of3,None,0.10213199884253421,0.10213199884253421,0.0,-0.6170507385705188,0.4826565143824027,23.28,160.58249158249157
P_IC_qb0of3__OCF_E_qb2of3__C17_FCF_P_DYN_qmax4__v0,P_IC_qb0of3__OCF_E_qb2of3,C17_FCF_P_DYN_qmax4,0.10208268107240936,0.18169077162055913,-0.07960809054814977,-0.611939349074621,0.48551521818848553,21.94,36.07251908396947
EV_S_qb1of3__DEBTRATIO_qb2of3__C16_FCF_P_DYN_riseq2__v0,EV_S_qb1of3__DEBTRATIO_qb2of3,C16_FCF_P_DYN_riseq2,0.10207772642131396,0.11423945981814065,-0.01216173339682669,-0.6373251711252169,0.4647151071615264,24.88,72.43065693430657
MOM_qb1of3__FCF_OI_qb1of3__C20_FCF_P_DYN_ytdavg_gt_lyytdavg__v0,MOM_qb1of3__FCF_OI_qb1of3,C20_FCF_P_DYN_ytdavg_gt_lyytdavg,0.10207379882961343,0.10997605163063406,-0.007902252801020637,-0.6121278586851695,0.5164447296646879,22.37,77.16842105263157
MOM_qb2of3__NETDEBT_EBITDA_qb1of3__C18_FCF_P_DYN_qmax8__v0,MOM_qb2of3__NETDEBT_EBITDA_qb1of3,C18_FCF_P_DYN_qmax8,0.10205923832138164,0.14096998093909052,-0.03891074261770888,-0.6836569513439767,0.4590880699562773,30.69,20.201716738197426
PS_qb1of3__None__C20_FCF_P_DYN_ytdavg_gt_lyytdavg__v0,PS_qb1of3__None,C20_FCF_P_DYN_ytdavg_gt_lyytdavg,0.10203134489379484,0.10454523190678677,-0.0025138870129919333,-0.6324170358838835,0.4995390643005301,24.33,231.64912280701753
PB_qb1of3__FCF_P_qb1of3__C19_FCF_P_DYN_yoy__v0,PB_qb1of3__FCF_P_qb1of3,C19_FCF_P_DYN_yoy,0.102019038836477,0.10479620641868093,-0.002777167582203921,-0.6627159473698221,0.48161693936477384,29.23,77.276
MOM_qb2of3__NETDEBT_EBITDA_qb2of3__C17_FCF_P_DYN_qmax4__v0,MOM_qb2of3__NETDEBT_EBITDA_qb2of3,C17_FCF_P_DYN_qmax4,0.10200933351555053,0.13535856297428794,-0.03334922945873742,-0.6860393052579303,0.4669325357261549,20.54,36.7442748091603
PB_qb1of3__None__C19_FCF_P_DYN_yoy__v0,PB_qb1of3__None,C19_FCF_P_DYN_yoy,0.10193994948344631,0.1059915100055453,-0.004051560522098985,-0.6287166475708594,0.4819488257974062,26.4,238.412
P_IC_qb1of3__ROIC_qb1of3__C16_FCF_P_DYN_riseq2__v0,P_IC_qb1of3__ROIC_qb1of3,C16_FCF_P_DYN_riseq2,0.10193485888797271,0.10338158284969312,-0.0014467239617204086,-0.6209353541081973,0.4958976042008533,26.64,101.96350364963503
ROIC_qb1of3__FCF_OI_qb1of3__C15_FCF_P_DYN_riseq1__v0,ROIC_qb1of3__FCF_OI_qb1of3,C15_FCF_P_DYN_riseq1,0.1018206730289053,0.11961040076679486,-0.01778972773788956,-0.6077143477125566,0.4519174898314933,20.79,85.35438596491228
P_IC_qb1of3__ACCRUAL_qb1of3__C16_FCF_P_DYN_riseq2__v0,P_IC_qb1of3__ACCRUAL_qb1of3,C16_FCF_P_DYN_riseq2,0.10177345728157339,0.10354097010952823,-0.0017675128279548424,-0.627699983081812,0.4862186993334534,26.67,82.84671532846716
P_IC_qb1of3__DEBTRATIO_qb1of3__C20_FCF_P_DYN_ytdavg_gt_lyytdavg__v0,P_IC_qb1of3__DEBTRATIO_qb1of3,C20_FCF_P_DYN_ytdavg_gt_lyytdavg,0.10174259541231878,0.10457322351498388,-0.0028306281026651003,-0.6268875891475192,0.49507146377525874,22.08,95.27368421052631
PS_qb1of3__FCF_OI_qb2of3__None__v0,PS_qb1of3__FCF_OI_qb2of3,None,0.10173212465613313,0.10173212465613313,0.0,-0.6427902137838087,0.4759071980963712,26.72,163.5050505050505
EV_S_qb1of3__NETDEBT_EBITDA_qb2of3__C15_FCF_P_DYN_riseq1__v0,EV_S_qb1of3__NETDEBT_EBITDA_qb2of3,C15_FCF_P_DYN_riseq1,0.10169999521693751,0.12592618420732227,-0.024226188990384756,-0.6409836833247431,0.4555935867411277,26.11,86.24561403508773
P_IC_qb1of3__FCF_OI_qb1of3__C20_FCF_P_DYN_ytdavg_gt_lyytdavg__v0,P_IC_qb1of3__FCF_OI_qb1of3,C20_FCF_P_DYN_ytdavg_gt_lyytdavg,0.10160110042074977,0.1162649322304854,-0.014663831809735628,-0.6349859980440036,0.48873745977664207,20.64,84.12982456140351
EV_EBITDA_qb1of3__ACCRUAL_qb0of3__C15_FCF_P_DYN_riseq1__v0,EV_EBITDA_qb1of3__ACCRUAL_qb0of3,C15_FCF_P_DYN_riseq1,0.10150873171524122,0.12987807961629594,-0.02836934790105472,-0.6010502124178971,0.46261199172984147,23.37,68.36140350877193
FCF_OI_qb1of3__DEBTRATIO_qb0of3__C20_FCF_P_DYN_ytdavg_gt_lyytdavg__v0,FCF_OI_qb1of3__DEBTRATIO_qb0of3,C20_FCF_P_DYN_ytdavg_gt_lyytdavg,0.10150595428072262,0.10607558667456085,-0.00456963239383823,-0.6377442424682038,0.4982434387270097,23.92,75.42456140350878
OCF_E_qb1of3__FCF_P_qb2of3__C19_FCF_P_DYN_yoy__v0,OCF_E_qb1of3__FCF_P_qb2of3,C19_FCF_P_DYN_yoy,0.1014411468589087,0.12040696135896067,-0.01896581450005197,-0.6032445080023392,0.47915483357946154,28.42,126.076
P_IC_qb1of3__ROE_qb1of3__C20_FCF_P_DYN_ytdavg_gt_lyytdavg__v0,P_IC_qb1of3__ROE_qb1of3,C20_FCF_P_DYN_ytdavg_gt_lyytdavg,0.10131180060461786,0.10639715439744668,-0.005085353792828817,-0.6228951101447359,0.5014645577035736,24.34,97.49824561403508
PS_qb0of3__ACCRUAL_qb0of3__C17_FCF_P_DYN_qmax4__v0,PS_qb0of3__ACCRUAL_qb0of3,C17_FCF_P_DYN_qmax4,0.10123812415565436,0.1648074184621935,-0.06356929430653913,-0.6253447438969002,0.4550480069828339,22.66,44.66030534351145
PS_qb1of3__ROE_qb1of3__None__v0,PS_qb1of3__ROE_qb1of3,None,0.1012338625934468,0.1012338625934468,0.0,-0.607548741235768,0.48346055979643765,24.45,170.05050505050505
EV_EBITDA_qb1of3__ACCRUAL_qb0of3__C17_FCF_P_DYN_qmax4__v0,EV_EBITDA_qb1of3__ACCRUAL_qb0of3,C17_FCF_P_DYN_qmax4,0.10121891480923706,0.12987807961629594,-0.02865916480705888,-0.6528307614782092,0.46219057307561884,24.53,36.087786259541986
EV_S_qb1of3__ROIC_qb2of3__C17_FCF_P_DYN_qmax4__v0,EV_S_qb1of3__ROIC_qb2of3,C17_FCF_P_DYN_qmax4,0.10116097836296567,0.11007268957710736,-0.008911711214141693,-0.5914801479819332,0.4539414074297795,23.29,40.583969465648856
OCF_E_qb2of3__NETDEBT_EBITDA_qb2of3__C16_FCF_P_DYN_riseq2__v0,OCF_E_qb2of3__NETDEBT_EBITDA_qb2of3,C16_FCF_P_DYN_riseq2,0.10112710768554334,0.12059306705584905,-0.019465959370305708,-0.6267110638249991,0.46468159095848727,28.43,68.64233576642336
P_IC_qb1of3__None__C19_FCF_P_DYN_yoy__v0,P_IC_qb1of3__None,C19_FCF_P_DYN_yoy,0.10111641642445579,0.10774864588230604,-0.006632229457850247,-0.6293413382321996,0.48743497046115863,27.14,241.308
EV_S_qb1of3__EV_EBITDA_qb1of3__C18_FCF_P_DYN_qmax8__v0,EV_S_qb1of3__EV_EBITDA_qb1of3,C18_FCF_P_DYN_qmax8,0.10109525223193372,0.11950687846175168,-0.018411626229817957,-0.6821687113523895,0.4587546567323044,29.33,24.317596566523605
P_IC_qb1of3__ACCRUAL_qb1of3__C20_FCF_P_DYN_ytdavg_gt_lyytdavg__v0,P_IC_qb1of3__ACCRUAL_qb1of3,C20_FCF_P_DYN_ytdavg_gt_lyytdavg,0.10102384144924348,0.10354097010952823,-0.002517128660284751,-0.6090227360762823,0.48543495610534715,25.13,78.64912280701755
PB_qb1of3__ROIC_qb1of3__C16_FCF_P_DYN_riseq2__v0,PB_qb1of3__ROIC_qb1of3,C16_FCF_P_DYN_riseq2,0.10099036897201863,0.10263205495867078,-0.0016416859866521527,-0.6200077176729237,0.49866622207402467,26.25,98.47080291970804
EV_S_qb1of3__None__C19_FCF_P_DYN_yoy__v0,EV_S_qb1of3__None,C19_FCF_P_DYN_yoy,0.10096887961112366,0.11261458954493708,-0.01164570993381342,-0.6496321489347014,0.4812597605413847,26.91,237.004
EV_S_qb1of3__EV_EBITDA_qb1of3__C17_FCF_P_DYN_qmax4__v0,EV_S_qb1of3__EV_EBITDA_qb1of3,C17_FCF_P_DYN_qmax4,0.10087276558836789,0.11950687846175168,-0.01863411287338379,-0.6648504892663054,0.4559118236472946,22.72,49.87022900763359
ACCRUAL_qb0of3__DEBTRATIO_qb2of3__C16_FCF_P_DYN_riseq2__v0,ACCRUAL_qb0of3__DEBTRATIO_qb2of3,C16_FCF_P_DYN_riseq2,0.1008094617094728,0.10760438208815426,-0.006794920378681457,-0.6129907500108802,0.4638962015795412,28.3,80.4051094890511
PS_qb1of3__NETDEBT_EBITDA_qb1of3__None__v0,PS_qb1of3__NETDEBT_EBITDA_qb1of3,None,0.10068019804438966,0.10068019804438966,0.0,-0.62112916278189,0.4687687088405508,23.88,167.0875420875421
P_IC_qb1of3__NETDEBT_EBITDA_qb1of3__C20_FCF_P_DYN_ytdavg_gt_lyytdavg__v0,P_IC_qb1of3__NETDEBT_EBITDA_qb1of3,C20_FCF_P_DYN_ytdavg_gt_lyytdavg,0.1005788383458861,0.11371455528078345,-0.013135716934897346,-0.6146917441243707,0.502977801840823,22.22,80.77543859649123
P_IC_qb1of3__None__C16_FCF_P_DYN_riseq2__v0,P_IC_qb1of3__None,C16_FCF_P_DYN_riseq2,0.10049549720194606,0.10774864588230604,-0.007253148680359978,-0.6249898436103993,0.4910759816420194,26.68,241.33576642335765
OCF_E_qb2of3__FCF_OI_qb1of3__C17_FCF_P_DYN_qmax4__v0,OCF_E_qb2of3__FCF_OI_qb1of3,C17_FCF_P_DYN_qmax4,0.10044758097620399,0.11774066125008464,-0.017293080273880657,-0.6554213014056963,0.4313874147081122,23.42,31.099236641221374
EV_EBITDA_qb1of3__NETDEBT_EBITDA_qb2of3__C18_FCF_P_DYN_qmax8__v0,EV_EBITDA_qb1of3__NETDEBT_EBITDA_qb2of3,C18_FCF_P_DYN_qmax8,0.10027240723208042,0.14627716761851484,-0.04600476038643442,-0.7612328815134872,0.47241647241647244,26.05,17.201716738197426
OCF_E_qb2of3__NETDEBT_EBITDA_qb2of3__C20_FCF_P_DYN_ytdavg_gt_lyytdavg__v0,OCF_E_qb2of3__NETDEBT_EBITDA_qb2of3,C20_FCF_P_DYN_ytdavg_gt_lyytdavg,0.10019094730931499,0.12059306705584905,-0.020402119746534053,-0.6162166335309885,0.48242047357091605,23.65,67.44912280701755
ROE_qb0of3__EV_EBITDA_qb1of3__C16_FCF_P_DYN_riseq2__v0,ROE_qb0of3__EV_EBITDA_qb1of3,C16_FCF_P_DYN_riseq2,0.10012015828010257,0.12350332831042143,-0.023383170030318867,-0.6071464309495892,0.47388059701492535,28.72,27.14963503649635
DEBTRATIO_qb1of3__FCF_P_qb2of3__C15_FCF_P_DYN_riseq1__v0,DEBTRATIO_qb1of3__FCF_P_qb2of3,C15_FCF_P_DYN_riseq1,0.09990196421597153,0.12036397930429055,-0.02046201508831902,-0.6307155609311821,0.4574175824175824,26.21,123.70877192982456
PB_qb0of3__NETDEBT_EBITDA_qb2of3__C17_FCF_P_DYN_qmax4__v0,PB_qb0of3__NETDEBT_EBITDA_qb2of3,C17_FCF_P_DYN_qmax4,0.09987223927193045,0.17628642719528287,-0.07641418792335242,-0.6439784772371993,0.4718034617532105,23.91,53.416030534351144
EV_EBITDA_qb0of3__DEBTRATIO_qb2of3__C18_FCF_P_DYN_qmax8__v0,EV_EBITDA_qb0of3__DEBTRATIO_qb2of3,C18_FCF_P_DYN_qmax8,0.09983406885317825,0.14301532522542537,-0.04318125637224712,-0.6187780995534173,0.4535928143712575,27.6,19.15450643776824
EV_EBITDA_qb1of3__None__C17_FCF_P_DYN_qmax4__v0,EV_EBITDA_qb1of3__None,C17_FCF_P_DYN_qmax4,0.09977159460338658,0.12168343275173998,-0.021911838148353402,-0.6282299814666055,0.4580630977245246,24.14,115.25954198473282
EV_S_qb0of3__NETDEBT_EBITDA_qb2of3__C18_FCF_P_DYN_qmax8__v0,EV_S_qb0of3__NETDEBT_EBITDA_qb2of3,C18_FCF_P_DYN_qmax8,0.09973390894071188,0.1541547522146991,-0.05442084327398722,-0.6610754976783859,0.4424695977549111,28.72,14.75107296137339
PS_qb1of3__DEBTRATIO_qb1of3__None__v0,PS_qb1of3__DEBTRATIO_qb1of3,None,0.09970663573273053,0.09970663573273053,0.0,-0.6329938761555061,0.48247927656367745,24.8,190.86531986531986
PB_qb1of3__None__C16_FCF_P_DYN_riseq2__v0,PB_qb1of3__None,C16_FCF_P_DYN_riseq2,0.09954590124372453,0.1059915100055453,-0.006445608761820765,-0.6287312012233156,0.4873728813559322,25.79,239.12773722627736
EV_EBITDA_qb0of3__None__C17_FCF_P_DYN_qmax4__v0,EV_EBITDA_qb0of3__None,C17_FCF_P_DYN_qmax4,0.09935737361275043,0.1454246752563002,-0.046067301643549774,-0.6175061040210834,0.4590305118110236,24.5,115.12213740458016
FCF_OI_qb1of3__NETDEBT_EBITDA_qb2of3__C20_FCF_P_DYN_ytdavg_gt_lyytdavg__v0,FCF_OI_qb1of3__NETDEBT_EBITDA_qb2of3,C20_FCF_P_DYN_ytdavg_gt_lyytdavg,0.09925622134927625,0.11499305815386185,-0.015736836804585597,-0.6189459881668835,0.4712100764732344,22.01,71.90526315789474
PS_qb0of3__OCF_E_qb1of3__C18_FCF_P_DYN_qmax8__v0,PS_qb0of3__OCF_E_qb1of3,C18_FCF_P_DYN_qmax8,0.09917953759465048,0.16105240877452465,-0.06187287117987417,-0.6300184733986038,0.46065699006875477,25.09,16.84549356223176
PB_qb1of3__ACCRUAL_qb1of3__C16_FCF_P_DYN_riseq2__v0,PB_qb1of3__ACCRUAL_qb1of3,C16_FCF_P_DYN_riseq2,0.09916052437169243,0.10392799967158028,-0.004767475299887858,-0.6255512064027569,0.48127953471464924,26.1,80.85401459854015
PS_qb1of3__DEBTRATIO_qb1of3__C20_FCF_P_DYN_ytdavg_gt_lyytdavg__v0,PS_qb1of3__DEBTRATIO_qb1of3,C20_FCF_P_DYN_ytdavg_gt_lyytdavg,0.09898474608591634,0.09970663573273053,-0.0007218896468141889,-0.6534465377864815,0.4967462039045553,25.11,94.68771929824561
ROIC_qb1of3__FCF_OI_qb1of3__C17_FCF_P_DYN_qmax4__v0,ROIC_qb1of3__FCF_OI_qb1of3,C17_FCF_P_DYN_qmax4,0.09888213995027328,0.11961040076679486,-0.02072826081652157,-0.6050629497747324,0.43993506493506496,27.2,37.003846153846155
P_IC_qb1of3__DEBTRATIO_qb1of3__C16_FCF_P_DYN_riseq2__v0,P_IC_qb1of3__DEBTRATIO_qb1of3,C16_FCF_P_DYN_riseq2,0.09879453139658967,0.10457322351498388,-0.005778692118394213,-0.6431217350442768,0.4869731800766284,28.2,97.64598540145985
PB_qb1of3__DEBTRATIO_qb0of3__C19_FCF_P_DYN_yoy__v0,PB_qb1of3__DEBTRATIO_qb0of3,C19_FCF_P_DYN_yoy,0.09879327041422514,0.1073186532581396,-0.008525382843914464,-0.6683031977715541,0.481175863847344,27.79,77.076
ACCRUAL_qb0of3__FCF_P_qb2of3__C19_FCF_P_DYN_yoy__v0,ACCRUAL_qb0of3__FCF_P_qb2of3,C19_FCF_P_DYN_yoy,0.09878256902125515,0.12374675560791215,-0.024964186586657,-0.631917065417694,0.4726769656444547,28.97,126.36
PS_qb1of3__OCF_E_qb2of3__C19_FCF_P_DYN_yoy__v0,PS_qb1of3__OCF_E_qb2of3,C19_FCF_P_DYN_yoy,0.09877521719101057,0.10315298366883918,-0.004377766477828615,-0.6291771138256979,0.4803921568627451,30.89,80.412
P_IC_qb1of3__OCF_E_qb1of3__C15_FCF_P_DYN_riseq1__v0,P_IC_qb1of3__OCF_E_qb1of3,C15_FCF_P_DYN_riseq1,0.09865586793120862,0.10858375215866056,-0.009927884227451944,-0.5934224351251072,0.4664252301192093,25.61,86.08070175438597
OCF_E_qb1of3__FCF_OI_qb1of3__C20_FCF_P_DYN_ytdavg_gt_lyytdavg__v0,OCF_E_qb1of3__FCF_OI_qb1of3,C20_FCF_P_DYN_ytdavg_gt_lyytdavg,0.0986195506852996,0.10728376775503445,-0.008664217069734859,-0.6332213098974808,0.4868970121849441,23.14,78.69122807017544
PB_qb1of3__DEBTRATIO_qb1of3__C16_FCF_P_DYN_riseq2__v0,PB_qb1of3__DEBTRATIO_qb1of3,C16_FCF_P_DYN_riseq2,0.09854622301195581,0.10213199884253421,-0.003585775830578397,-0.6522242141583947,0.48295331161780675,28.03,84.03284671532846
ROIC_qb1of3__NETDEBT_EBITDA_qb2of3__C18_FCF_P_DYN_qmax8__v0,ROIC_qb1of3__NETDEBT_EBITDA_qb2of3,C18_FCF_P_DYN_qmax8,0.09848976607163906,0.11795452966567255,-0.019464763594033485,-0.6488849314968625,0.46449359720605354,31.08,22.759656652360515
ROE_qb1of3__FCF_OI_qb1of3__C15_FCF_P_DYN_riseq1__v0,ROE_qb1of3__FCF_OI_qb1of3,C15_FCF_P_DYN_riseq1,0.09848747256994583,0.11311461277821944,-0.014627140208273604,-0.6088692555327495,0.45072115384615385,22.06,81.97543859649123
PS_qb1of3__OCF_E_qb2of3__C16_FCF_P_DYN_riseq2__v0,PS_qb1of3__OCF_E_qb2of3,C16_FCF_P_DYN_riseq2,0.09846980049162979,0.10315298366883918,-0.0046831831772093935,-0.6214002152127649,0.4735594456601021,27.0,80.28102189781022
ROE_qb1of3__NETDEBT_EBITDA_qb2of3__C15_FCF_P_DYN_riseq1__v0,ROE_qb1of3__NETDEBT_EBITDA_qb2of3,C15_FCF_P_DYN_riseq1,0.09845165893367125,0.11002096666725647,-0.011569307733585221,-0.6160650742488489,0.46845897030398875,26.72,78.94385964912281
PS_qb1of3__ROIC_qb2of3__C17_FCF_P_DYN_qmax4__v0,PS_qb1of3__ROIC_qb2of3,C17_FCF_P_DYN_qmax4,0.09841148190504612,0.12120296701946254,-0.02279148511441642,-0.6011443624953503,0.4490674318507891,27.25,42.69083969465649
MOM_qb1of3__FCF_OI_qb1of3__C17_FCF_P_DYN_qmax4__v0,MOM_qb1of3__FCF_OI_qb1of3,C17_FCF_P_DYN_qmax4,0.09839195151548608,0.10997605163063406,-0.011584100115147988,-0.6115698585354203,0.44651162790697674,24.48,29.408396946564885
MOM_qb1of3__FCF_OI_qb1of3__C15_FCF_P_DYN_riseq1__v0,MOM_qb1of3__FCF_OI_qb1of3,C15_FCF_P_DYN_riseq1,0.09838329821284986,0.10997605163063406,-0.011592753417784207,-0.5967091203242928,0.4722010662604722,21.4,72.33684210526316
EV_S_qb1of3__ACCRUAL_qb0of3__C19_FCF_P_DYN_yoy__v0,EV_S_qb1of3__ACCRUAL_qb0of3,C19_FCF_P_DYN_yoy,0.09833265791711732,0.11933321896314197,-0.021000561046024657,-0.6282813472357662,0.47047137439046416,28.24,82.768
P_IC_qb1of3__ACCRUAL_qb1of3__C15_FCF_P_DYN_riseq1__v0,P_IC_qb1of3__ACCRUAL_qb1of3,C15_FCF_P_DYN_riseq1,0.09775073736649587,0.10354097010952823,-0.005790232743032364,-0.6093142446019466,0.46084534731323723,27.26,78.12982456140351
P_IC_qb1of3__ACCRUAL_qb1of3__C19_FCF_P_DYN_yoy__v0,P_IC_qb1of3__ACCRUAL_qb1of3,C19_FCF_P_DYN_yoy,0.0976848702065698,0.10354097010952823,-0.005856099902958434,-0.6126303746895847,0.48277160610054604,28.47,81.784
P_IC_qb0of3__DEBTRATIO_qb1of3__C18_FCF_P_DYN_qmax8__v0,P_IC_qb0of3__DEBTRATIO_qb1of3,C18_FCF_P_DYN_qmax8,0.09766495727271995,0.17820977128879134,-0.08054481401607139,-0.6304797590101959,0.46960865945045793,32.94,16.2274678111588
PB_qb1of3__NETDEBT_EBITDA_qb0of3__C15_FCF_P_DYN_riseq1__v0,PB_qb1of3__NETDEBT_EBITDA_qb0of3,C15_FCF_P_DYN_riseq1,0.09751818895112874,0.11510738211040183,-0.017589193159273098,-0.6282884898340462,0.4572049812215853,23.81,75.90526315789474
DEBTRATIO_qb2of3__NETDEBT_EBITDA_qb2of3__C15_FCF_P_DYN_riseq1__v0,DEBTRATIO_qb2of3__NETDEBT_EBITDA_qb2of3,C15_FCF_P_DYN_riseq1,0.09744578898743161,0.11915400596730308,-0.021708216979871464,-0.6205752246404389,0.4567047157846189,25.25,145.1578947368421
EV_S_qb1of3__FCF_OI_qb2of3__C19_FCF_P_DYN_yoy__v0,EV_S_qb1of3__FCF_OI_qb2of3,C19_FCF_P_DYN_yoy,0.09739447849552696,0.10909170051585249,-0.011697222020325526,-0.6752820166466523,0.4780012978585334,27.73,122.536
DEBTRATIO_qb1of3__FCF_P_qb2of3__C19_FCF_P_DYN_yoy__v0,DEBTRATIO_qb1of3__FCF_P_qb2of3,C19_FCF_P_DYN_yoy,0.09739379116836844,0.12036397930429055,-0.02297018813592211,-0.6362886344682834,0.48053949903660886,28.95,128.848
ROE_qb1of3__FCF_P_qb2of3__C17_FCF_P_DYN_qmax4__v0,ROE_qb1of3__FCF_P_qb2of3,C17_FCF_P_DYN_qmax4,0.09737904999264124,0.12843923926750733,-0.03106018927486609,-0.6216584576735982,0.47787888296203324,25.89,84.40076335877863
EV_S_qb1of3__DEBTRATIO_qb1of3__C17_FCF_P_DYN_qmax4__v0,EV_S_qb1of3__DEBTRATIO_qb1of3,C17_FCF_P_DYN_qmax4,0.09734488587190948,0.11155677487762738,-0.014211889005717904,-0.6743325790181025,0.44759629740220963,27.95,43.76335877862596
FCF_P_qb2of3__None__C15_FCF_P_DYN_riseq1__v0,FCF_P_qb2of3__None,C15_FCF_P_DYN_riseq1,0.09734383728699281,0.12214294842787288,-0.02479911114088007,-0.6177213477062691,0.4614867802236889,26.01,352.07719298245615
P_IC_qb1of3__ROE_qb1of3__C19_FCF_P_DYN_yoy__v0,P_IC_qb1of3__ROE_qb1of3,C19_FCF_P_DYN_yoy,0.09717723912614118,0.10639715439744668,-0.009219915271305501,-0.641056952047148,0.4892832044975404,28.5,98.268
PS_qb0of3__DEBTRATIO_qb1of3__C17_FCF_P_DYN_qmax4__v0,PS_qb0of3__DEBTRATIO_qb1of3,C17_FCF_P_DYN_qmax4,0.09701352279677189,0.16164172783718755,-0.06462820504041566,-0.5833252372627236,0.4517663043478261,22.91,39.74045801526717
PS_qb1of3__OCF_E_qb1of3__C18_FCF_P_DYN_qmax8__v0,PS_qb1of3__OCF_E_qb1of3,C18_FCF_P_DYN_qmax8,0.09694257582989696,0.1057020349461224,-0.008759459116225443,-0.6261046202313196,0.4495133819951338,40.9,20.93991416309013
PS_qb1of3__DEBTRATIO_qb1of3__C16_FCF_P_DYN_riseq2__v0,PS_qb1of3__DEBTRATIO_qb1of3,C16_FCF_P_DYN_riseq2,0.09686328767749841,0.09970663573273053,-0.00284334805523212,-0.6670613213865761,0.4819635552249907,29.19,98.84306569343066
PS_qb1of3__FCF_OI_qb2of3__C10_EPS_DYN_qmax4__v0,PS_qb1of3__FCF_OI_qb2of3,C10_EPS_DYN_qmax4,0.09681285166490805,0.10173212465613313,-0.0049192729912250766,-0.6324430112806909,0.4918636782315014,22.37,44.656488549618324
PS_qb1of3__ACCRUAL_qb1of3__C19_FCF_P_DYN_yoy__v0,PS_qb1of3__ACCRUAL_qb1of3,C19_FCF_P_DYN_yoy,0.09665170170680715,0.10712139139531085,-0.010469689688503703,-0.6742611660009794,0.487402741756206,30.41,81.772
PB_qb1of3__FCF_OI_qb1of3__C17_FCF_P_DYN_qmax4__v0,PB_qb1of3__FCF_OI_qb1of3,C17_FCF_P_DYN_qmax4,0.0966085440073452,0.11410064127221342,-0.017492097264868223,-0.61187352406995,0.4275911881545684,28.33,32.94656488549618
PS_qb1of3__ACCRUAL_qb1of3__C15_FCF_P_DYN_riseq1__v0,PS_qb1of3__ACCRUAL_qb1of3,C15_FCF_P_DYN_riseq1,0.0965811291318559,0.10712139139531085,-0.010540262263454947,-0.6340647400171511,0.45929189100995266,29.49,77.84210526315789
EV_S_qb1of3__FCF_OI_qb2of3__C16_FCF_P_DYN_riseq2__v0,EV_S_qb1of3__FCF_OI_qb2of3,C16_FCF_P_DYN_riseq2,0.09655513335931132,0.10909170051585249,-0.012536567156541167,-0.6638032055794698,0.47619625941219335,26.3,125.84306569343066
EV_EBITDA_qb1of3__FCF_P_qb2of3__C17_FCF_P_DYN_qmax4__v0,EV_EBITDA_qb1of3__FCF_P_qb2of3,C17_FCF_P_DYN_qmax4,0.09644674514355422,0.12095020165403092,-0.024503456510476695,-0.6223803526068752,0.4668825434206653,24.44,85.23664122137404
PB_qb1of3__DEBTRATIO_qb1of3__C19_FCF_P_DYN_yoy__v0,PB_qb1of3__DEBTRATIO_qb1of3,C19_FCF_P_DYN_yoy,0.09639644134661607,0.10213199884253421,-0.005735557495918142,-0.6473115580474054,0.47995418098510884,27.43,83.612
PS_qb1of3__NETDEBT_EBITDA_qb0of3__C17_FCF_P_DYN_qmax4__v0,PS_qb1of3__NETDEBT_EBITDA_qb0of3,C17_FCF_P_DYN_qmax4,0.0963827468707592,0.11822478808596304,-0.021842041215203833,-0.6552489722464464,0.4439669421487603,22.73,39.01145038167939
PS_qb1of3__FCF_OI_qb2of3__C16_FCF_P_DYN_riseq2__v0,PS_qb1of3__FCF_OI_qb2of3,C16_FCF_P_DYN_riseq2,0.09635385557118226,0.10173212465613313,-0.005378269084950871,-0.6533733215999535,0.4795180722891566,28.08,128.04379562043795
EV_EBITDA_qb0of3__DEBTRATIO_qb2of3__C17_FCF_P_DYN_qmax4__v0,EV_EBITDA_qb0of3__DEBTRATIO_qb2of3,C17_FCF_P_DYN_qmax4,0.09617240829495599,0.14301532522542537,-0.04684291693046938,-0.5804497359982974,0.45699961434631703,22.45,40.30916030534351
P_IC_qb1of3__DEBTRATIO_qb1of3__C18_FCF_P_DYN_qmax8__v0,P_IC_qb1of3__DEBTRATIO_qb1of3,C18_FCF_P_DYN_qmax8,0.09608096699680302,0.10457322351498388,-0.008492256518180863,-0.6856805694875435,0.456776352481874,31.71,24.051502145922747
PS_qb1of3__ROE_qb1of3__C15_FCF_P_DYN_riseq1__v0,PS_qb1of3__ROE_qb1of3,C15_FCF_P_DYN_riseq1,0.09589026234971487,0.1012338625934468,-0.0053436002437319274,-0.6212819267373249,0.46693453875774316,28.02,81.91929824561403
PS_qb1of3__DEBTRATIO_qb0of3__C17_FCF_P_DYN_qmax4__v0,PS_qb1of3__DEBTRATIO_qb0of3,C17_FCF_P_DYN_qmax4,0.09582048523669595,0.12634493133806424,-0.030524446101368286,-0.6637693875117192,0.450051849291393,23.3,37.61450381679389
PB_qb1of3__FCF_OI_qb1of3__C20_FCF_P_DYN_ytdavg_gt_lyytdavg__v0,PB_qb1of3__FCF_OI_qb1of3,C20_FCF_P_DYN_ytdavg_gt_lyytdavg,0.09562837229659693,0.11410064127221342,-0.01847226897561649,-0.623351099558436,0.4986861861861862,21.64,82.5578947368421
OCF_E_qb2of3__DEBTRATIO_qb2of3__C15_FCF_P_DYN_riseq1__v0,OCF_E_qb2of3__DEBTRATIO_qb2of3,C15_FCF_P_DYN_riseq1,0.09560819792301811,0.11692725396958026,-0.021319056046562146,-0.5654333301828711,0.47018844609206056,25.78,85.67368421052632
P_IC_qb1of3__None__C20_FCF_P_DYN_ytdavg_gt_lyytdavg__v0,P_IC_qb1of3__None,C20_FCF_P_DYN_ytdavg_gt_lyytdavg,0.0955785402346041,0.10774864588230604,-0.012170105647701934,-0.6184652811611504,0.5005368006680186,23.33,232.25964912280702
ACCRUAL_qb0of3__DEBTRATIO_qb2of3__C19_FCF_P_DYN_yoy__v0,ACCRUAL_qb0of3__DEBTRATIO_qb2of3,C19_FCF_P_DYN_yoy,0.09556874096351664,0.10760438208815426,-0.01203564112463762,-0.6400099131069359,0.46744508212942804,26.87,79.976
OCF_E_qb2of3__FCF_P_qb2of3__C15_FCF_P_DYN_riseq1__v0,OCF_E_qb2of3__FCF_P_qb2of3,C15_FCF_P_DYN_riseq1,0.09551426662773843,0.12762602498232223,-0.0321117583545838,-0.595281908259631,0.46121254917784726,26.88,123.7298245614035
PS_qb1of3__None__C19_FCF_P_DYN_yoy__v0,PS_qb1of3__None,C19_FCF_P_DYN_yoy,0.09548204257348591,0.10454523190678677,-0.009063189333300858,-0.6575874689405625,0.48693607385472915,30.11,238.064
DEBTRATIO_qb2of3__None__C15_FCF_P_DYN_riseq1__v0,DEBTRATIO_qb2of3__None,C15_FCF_P_DYN_riseq1,0.09548136839852717,0.11247402988012434,-0.01699266148159717,-0.6057427589701632,0.4580778663396689,25.0,228.99649122807017
PS_qb1of3__FCF_OI_qb2of3__C20_FCF_P_DYN_ytdavg_gt_lyytdavg__v0,PS_qb1of3__FCF_OI_qb2of3,C20_FCF_P_DYN_ytdavg_gt_lyytdavg,0.09547111886588167,0.10173212465613313,-0.0062610057902514615,-0.6352680431999588,0.4757891729752892,27.41,107.82456140350877
PB_qb1of3__ROIC_qb1of3__C15_FCF_P_DYN_riseq1__v0,PB_qb1of3__ROIC_qb1of3,C15_FCF_P_DYN_riseq1,0.09539615916354238,0.10263205495867078,-0.0072358957951284,-0.6198535790363886,0.46796455034142087,24.83,93.99298245614035
EV_S_qb1of3__ROE_qb2of3__C15_FCF_P_DYN_riseq1__v0,EV_S_qb1of3__ROE_qb2of3,C15_FCF_P_DYN_riseq1,0.09529236466110391,0.11180655286183461,-0.016514188200730695,-0.5782353685742004,0.46525131555071675,23.08,73.21754385964913
PB_qb1of3__ACCRUAL_qb1of3__C15_FCF_P_DYN_riseq1__v0,PB_qb1of3__ACCRUAL_qb1of3,C15_FCF_P_DYN_riseq1,0.09523221512548208,0.10392799967158028,-0.008695784546098206,-0.6115117074945098,0.46255144032921813,27.14,77.6561403508772
P_IC_qb1of3__ROE_qb1of3__C15_FCF_P_DYN_riseq1__v0,P_IC_qb1of3__ROE_qb1of3,C15_FCF_P_DYN_riseq1,0.09518448345948971,0.10639715439744668,-0.01121267093795697,-0.6180576469581884,0.4643385617046463,26.27,93.48070175438596
P_IC_qb1of3__OCF_E_qb1of3__C19_FCF_P_DYN_yoy__v0,P_IC_qb1of3__OCF_E_qb1of3,C19_FCF_P_DYN_yoy,0.09516467530945993,0.10858375215866056,-0.013419076849200628,-0.603410432860561,0.48623063683304646,29.28,90.936
OCF_E_qb1of3__FCF_P_qb2of3__C17_FCF_P_DYN_qmax4__v0,OCF_E_qb1of3__FCF_P_qb2of3,C17_FCF_P_DYN_qmax4,0.09514081854203393,0.12040696135896067,-0.02526614281692674,-0.6110483085108596,0.463848893017495,26.93,81.40458015267176
P_IC_qb1of3__ROIC_qb1of3__C15_FCF_P_DYN_riseq1__v0,P_IC_qb1of3__ROIC_qb1of3,C15_FCF_P_DYN_riseq1,0.09503527947417068,0.10338158284969312,-0.008346303375522446,-0.618510924219839,0.4574746008708273,26.34,94.7298245614035
PS_qb1of3__DEBTRATIO_qb1of3__C15_FCF_P_DYN_riseq1__v0,PS_qb1of3__DEBTRATIO_qb1of3,C15_FCF_P_DYN_riseq1,0.09482434064698131,0.09970663573273053,-0.004882295085749222,-0.6447608796969927,0.45483259633607076,26.92,92.10175438596491
PS_qb1of3__ROE_qb2of3__C17_FCF_P_DYN_qmax4__v0,PS_qb1of3__ROE_qb2of3,C17_FCF_P_DYN_qmax4,0.09472257027414344,0.11938211139414667,-0.024659541120003237,-0.6045674604454325,0.4527890308507323,29.65,39.13358778625954
ROE_qb2of3__NETDEBT_EBITDA_qb0of3__C17_FCF_P_DYN_qmax4__v0,ROE_qb2of3__NETDEBT_EBITDA_qb0of3,C17_FCF_P_DYN_qmax4,0.0946590326543213,0.10739791521726105,-0.012738882562939757,-0.6625932103186978,0.45896538311940877,26.56,32.12977099236641
PS_qb1of3__OCF_E_qb1of3__C19_FCF_P_DYN_yoy__v0,PS_qb1of3__OCF_E_qb1of3,C19_FCF_P_DYN_yoy,0.0944990389323872,0.1057020349461224,-0.0112029960137352,-0.6617262898011786,0.4908786610878661,29.78,92.94
ACCRUAL_qb0of3__FCF_P_qb2of3__C15_FCF_P_DYN_riseq1__v0,ACCRUAL_qb0of3__FCF_P_qb2of3,C15_FCF_P_DYN_riseq1,0.09449644852927364,0.12374675560791215,-0.029250307078638516,-0.6181854257332369,0.4524835796387521,27.7,122.14035087719299
PB_qb1of3__DEBTRATIO_qb1of3__C20_FCF_P_DYN_ytdavg_gt_lyytdavg__v0,PB_qb1of3__DEBTRATIO_qb1of3,C20_FCF_P_DYN_ytdavg_gt_lyytdavg,0.09443735942813558,0.10213199884253421,-0.00769463941439863,-0.6271797511066716,0.48725055432372505,24.11,81.50526315789473
DEBTRATIO_qb2of3__None__C18_FCF_P_DYN_qmax8__v0,DEBTRATIO_qb2of3__None,C18_FCF_P_DYN_qmax8,0.09436207976598032,0.11247402988012434,-0.018111950114144015,-0.6374006736329749,0.458077206786329,30.32,57.412017167381975
ROE_qb2of3__FCF_OI_qb1of3__C15_FCF_P_DYN_riseq1__v0,ROE_qb2of3__FCF_OI_qb1of3,C15_FCF_P_DYN_riseq1,0.09430013426085204,0.1074915393951017,-0.013191405134249656,-0.5796865803260612,0.4577963917525773,23.98,75.32982456140351
OCF_E_qb2of3__ROIC_qb2of3__C15_FCF_P_DYN_riseq1__v0,OCF_E_qb2of3__ROIC_qb2of3,C15_FCF_P_DYN_riseq1,0.09418669081351672,0.10550033079483523,-0.011313639981318513,-0.5825007552057954,0.4509685230024213,25.24,108.0982456140351
P_IC_qb1of3__OCF_E_qb2of3__C15_FCF_P_DYN_riseq1__v0,P_IC_qb1of3__OCF_E_qb2of3,C15_FCF_P_DYN_riseq1,0.09412746474915923,0.11478934435704824,-0.02066187960788901,-0.5942283885321462,0.44727477055628395,24.49,66.91929824561403
EV_S_qb1of3__FCF_OI_qb2of3__C15_FCF_P_DYN_riseq1__v0,EV_S_qb1of3__FCF_OI_qb2of3,C15_FCF_P_DYN_riseq1,0.09411676830298421,0.10909170051585249,-0.014974932212868275,-0.6575134749883721,0.4574941700233199,28.43,123.00701754385965
DEBTRATIO_qb2of3__NETDEBT_EBITDA_qb0of3__C15_FCF_P_DYN_riseq1__v0,DEBTRATIO_qb2of3__NETDEBT_EBITDA_qb0of3,C15_FCF_P_DYN_riseq1,0.09403738402141038,0.10863780237264198,-0.014600418351231603,-0.5842690567904617,0.470926517571885,25.83,29.873684210526317
P_IC_qb1of3__NETDEBT_EBITDA_qb1of3__C15_FCF_P_DYN_riseq1__v0,P_IC_qb1of3__NETDEBT_EBITDA_qb1of3,C15_FCF_P_DYN_riseq1,0.09403552977189156,0.11371455528078345,-0.01967902550889189,-0.6007995755349526,0.4581447963800905,25.06,77.13333333333334
EV_EBITDA_qb0of3__FCF_P_qb2of3__C17_FCF_P_DYN_qmax4__v0,EV_EBITDA_qb0of3__FCF_P_qb2of3,C17_FCF_P_DYN_qmax4,0.09402123724976152,0.1412545523155624,-0.04723331506580086,-0.5973090333749376,0.4689003151434732,26.0,84.2442748091603
DEBTRATIO_qb2of3__FCF_P_qb2of3__C18_FCF_P_DYN_qmax8__v0,DEBTRATIO_qb2of3__FCF_P_qb2of3,C18_FCF_P_DYN_qmax8,0.09389441815069866,0.13414183650936895,-0.040247418358670295,-0.6206604762663859,0.46885336273428885,29.99,50.8068669527897
PS_qb1of3__ROE_qb1of3__C19_FCF_P_DYN_yoy__v0,PS_qb1of3__ROE_qb1of3,C19_FCF_P_DYN_yoy,0.09367252612623833,0.1012338625934468,-0.007561336467208468,-0.6319453515891862,0.4820662768031189,31.15,86.208
ROE_qb2of3__DEBTRATIO_qb0of3__C17_FCF_P_DYN_qmax4__v0,ROE_qb2of3__DEBTRATIO_qb0of3,C17_FCF_P_DYN_qmax4,0.09360766050271185,0.10886193919574749,-0.015254278693035639,-0.708380489699086,0.4541245791245791,23.93,29.301526717557252
EV_S_qb1of3__ACCRUAL_qb0of3__C15_FCF_P_DYN_riseq1__v0,EV_S_qb1of3__ACCRUAL_qb0of3,C15_FCF_P_DYN_riseq1,0.09351902285434965,0.11933321896314197,-0.02581419610879232,-0.6213478386147118,0.4513087302877581,27.86,77.8280701754386
EV_EBITDA_qb0of3__FCF_P_qb2of3__C18_FCF_P_DYN_qmax8__v0,EV_EBITDA_qb0of3__FCF_P_qb2of3,C18_FCF_P_DYN_qmax8,0.09351412261313641,0.1412545523155624,-0.04774042970242598,-0.6015943905895837,0.46209700842288703,32.03,47.57510729613734
P_IC_qb0of3__DEBTRATIO_qb1of3__C17_FCF_P_DYN_qmax4__v0,P_IC_qb0of3__DEBTRATIO_qb1of3,C17_FCF_P_DYN_qmax4,0.09336896184460342,0.17820977128879134,-0.08484080944418793,-0.6257395385902093,0.47664720600500415,27.15,33.282442748091604
OCF_E_qb1of3__FCF_OI_qb1of3__C15_FCF_P_DYN_riseq1__v0,OCF_E_qb1of3__FCF_OI_qb1of3,C15_FCF_P_DYN_riseq1,0.09334096001894565,0.10728376775503445,-0.013942807736088803,-0.6427916664668668,0.4558708261482991,22.67,74.9719298245614
PS_qb1of3__ROE_qb1of3__C17_FCF_P_DYN_qmax4__v0,PS_qb1of3__ROE_qb1of3,C17_FCF_P_DYN_qmax4,0.0932985630055656,0.1012338625934468,-0.007935299587881195,-0.607976887386581,0.45477230193387397,28.55,41.83587786259542
P_IC_qb1of3__ROE_qb1of3__C18_FCF_P_DYN_qmax8__v0,P_IC_qb1of3__ROE_qb1of3,C18_FCF_P_DYN_qmax8,0.09316448003959676,0.10639715439744668,-0.013232674357849916,-0.5990791005902947,0.4566080544526375,30.1,23.0
P_IC_qb1of3__ROIC_qb1of3__C20_FCF_P_DYN_ytdavg_gt_lyytdavg__v0,P_IC_qb1of3__ROIC_qb1of3,C20_FCF_P_DYN_ytdavg_gt_lyytdavg,0.09310286107201127,0.10338158284969312,-0.010278721777681854,-0.6207794002256224,0.4930076449748275,27.06,98.14035087719299
P_IC_qb1of3__FCF_P_qb1of3__C20_FCF_P_DYN_ytdavg_gt_lyytdavg__v0,P_IC_qb1of3__FCF_P_qb1of3,C20_FCF_P_DYN_ytdavg_gt_lyytdavg,0.09309607242392581,0.11136939041932759,-0.018273317995401772,-0.6729100977244733,0.49457486683764057,22.16,75.41754385964913
ACCRUAL_qb0of3__DEBTRATIO_qb2of3__C20_FCF_P_DYN_ytdavg_gt_lyytdavg__v0,ACCRUAL_qb0of3__DEBTRATIO_qb2of3,C20_FCF_P_DYN_ytdavg_gt_lyytdavg,0.09297500905219147,0.10760438208815426,-0.01462937303596279,-0.6181828585715181,0.47017189079878663,25.29,79.66666666666667
EV_S_qb1of3__None__C15_FCF_P_DYN_riseq1__v0,EV_S_qb1of3__None,C15_FCF_P_DYN_riseq1,0.09266751571659237,0.11261458954493708,-0.019947073828344708,-0.644966849280471,0.4555441828727397,27.88,224.1964912280702
OCF_E_qb2of3__FCF_P_qb0of3__C19_FCF_P_DYN_yoy__v0,OCF_E_qb2of3__FCF_P_qb0of3,C19_FCF_P_DYN_yoy,0.09256412863096353,0.10663543740601678,-0.014071308775053248,-0.5992087629767148,0.4646057347670251,29.21,29.476
PB_qb1of3__None__C20_FCF_P_DYN_ytdavg_gt_lyytdavg__v0,PB_qb1of3__None,C20_FCF_P_DYN_ytdavg_gt_lyytdavg,0.09181083244925192,0.1059915100055453,-0.014180677556293375,-0.616672126210945,0.4975778546712803,23.81,234.69122807017544
OCF_E_qb2of3__NETDEBT_EBITDA_qb2of3__C19_FCF_P_DYN_yoy__v0,OCF_E_qb2of3__NETDEBT_EBITDA_qb2of3,C19_FCF_P_DYN_yoy,0.09178953111309385,0.12059306705584905,-0.0288035359427552,-0.6134798616507475,0.4812680115273775,27.42,70.892
MOM_qb1of3__ROE_qb2of3__C17_FCF_P_DYN_qmax4__v0,MOM_qb1of3__ROE_qb2of3,C17_FCF_P_DYN_qmax4,0.09173089649027677,0.10831556437834422,-0.01658466788806745,-0.5959952383126896,0.47785787847579814,26.74,33.74809160305343
P_IC_qb1of3__ROIC_qb1of3__C19_FCF_P_DYN_yoy__v0,P_IC_qb1of3__ROIC_qb1of3,C19_FCF_P_DYN_yoy,0.09169700760940591,0.10338158284969312,-0.01168457524028721,-0.6212691506604618,0.4822682885043687,30.3,99.34
P_IC_qb1of3__FCF_OI_qb1of3__C15_FCF_P_DYN_riseq1__v0,P_IC_qb1of3__FCF_OI_qb1of3,C15_FCF_P_DYN_riseq1,0.09166042065446356,0.1162649322304854,-0.024604511576021837,-0.616798267497844,0.4496697074551746,23.75,82.32631578947368
PB_qb1of3__DEBTRATIO_qb1of3__C17_FCF_P_DYN_qmax4__v0,PB_qb1of3__DEBTRATIO_qb1of3,C17_FCF_P_DYN_qmax4,0.09158840348290553,0.10213199884253421,-0.010543595359628677,-0.6858500256873454,0.4575456584428068,24.44,41.083969465648856
PS_qb1of3__ROIC_qb2of3__C18_FCF_P_DYN_qmax8__v0,PS_qb1of3__ROIC_qb2of3,C18_FCF_P_DYN_qmax8,0.09146541804339958,0.12120296701946254,-0.029737548976062955,-0.632376392697362,0.46354799513973266,34.23,21.469298245614034
OCF_E_qb2of3__ROIC_qb1of3__C15_FCF_P_DYN_riseq1__v0,OCF_E_qb2of3__ROIC_qb1of3,C15_FCF_P_DYN_riseq1,0.0911993108037561,0.10988266317424689,-0.01868335237049079,-0.6025439249424962,0.4612965228027258,27.62,69.85263157894737
MOM_qb2of3__NETDEBT_EBITDA_qb0of3__C18_FCF_P_DYN_qmax8__v0,MOM_qb2of3__NETDEBT_EBITDA_qb0of3,C18_FCF_P_DYN_qmax8,0.09118439241622478,0.141070955355993,-0.04988656293976823,-0.6982290037358814,0.4408352668213457,26.61,16.536796536796537
NETDEBT_EBITDA_qb2of3__None__C15_FCF_P_DYN_riseq1__v0,NETDEBT_EBITDA_qb2of3__None,C15_FCF_P_DYN_riseq1,0.09103630102396121,0.11310247772162718,-0.022066176697665973,-0.6334828810100105,0.45715949625100094,27.0,231.7438596491228
OCF_E_qb2of3__NETDEBT_EBITDA_qb2of3__C15_FCF_P_DYN_riseq1__v0,OCF_E_qb2of3__NETDEBT_EBITDA_qb2of3,C15_FCF_P_DYN_riseq1,0.09080839164359178,0.12059306705584905,-0.029784675412257267,-0.5942885017099635,0.4579983922829582,28.4,64.56140350877193
EV_S_qb1of3__DEBTRATIO_qb1of3__C18_FCF_P_DYN_qmax8__v0,EV_S_qb1of3__DEBTRATIO_qb1of3,C18_FCF_P_DYN_qmax8,0.09077535642577117,0.11155677487762738,-0.020781418451856215,-0.6891669988512006,0.4450651769087523,41.76,20.86695278969957
FCF_OI_qb1of3__DEBTRATIO_qb0of3__C15_FCF_P_DYN_riseq1__v0,FCF_OI_qb1of3__DEBTRATIO_qb0of3,C15_FCF_P_DYN_riseq1,0.09072091879841948,0.10607558667456085,-0.01535466787614137,-0.6671763599448164,0.4478413933666852,25.84,68.20350877192982
PB_qb1of3__ROIC_qb1of3__C20_FCF_P_DYN_ytdavg_gt_lyytdavg__v0,PB_qb1of3__ROIC_qb1of3,C20_FCF_P_DYN_ytdavg_gt_lyytdavg,0.09041413743986082,0.10263205495867078,-0.012217917518809962,-0.6112527044095863,0.498046511627907,26.83,96.63157894736842
DEBTRATIO_qb2of3__NETDEBT_EBITDA_qb0of3__C17_FCF_P_DYN_qmax4__v0,DEBTRATIO_qb2of3__NETDEBT_EBITDA_qb0of3,C17_FCF_P_DYN_qmax4,0.09032145518222734,0.10863780237264198,-0.01831634719041464,-0.5886111892866165,0.46938775510204084,28.35,14.477099236641221
DEBTRATIO_qb2of3__FCF_P_qb0of3__C20_FCF_P_DYN_ytdavg_gt_lyytdavg__v0,DEBTRATIO_qb2of3__FCF_P_qb0of3,C20_FCF_P_DYN_ytdavg_gt_lyytdavg,0.09013034947158283,0.10901546451131372,-0.018885115039730893,-0.6155901988168835,0.46745718050065876,24.88,61.53333333333333
FCF_OI_qb1of3__DEBTRATIO_qb1of3__C15_FCF_P_DYN_riseq1__v0,FCF_OI_qb1of3__DEBTRATIO_qb1of3,C15_FCF_P_DYN_riseq1,0.08993984917171716,0.1043803523024891,-0.014440503130771942,-0.6211480762549496,0.445779167352312,23.02,78.09473684210526
P_IC_qb1of3__OCF_E_qb1of3__C20_FCF_P_DYN_ytdavg_gt_lyytdavg__v0,P_IC_qb1of3__OCF_E_qb1of3,C20_FCF_P_DYN_ytdavg_gt_lyytdavg,0.08989445879909352,0.10858375215866056,-0.01868929335956704,-0.6052836937789683,0.4888930025916327,26.81,87.89473684210526
PB_qb1of3__OCF_E_qb2of3__C18_FCF_P_DYN_qmax8__v0,PB_qb1of3__OCF_E_qb2of3,C18_FCF_P_DYN_qmax8,0.08973780506294426,0.12468663979722217,-0.0349488347342779,-0.619663174732237,0.4666666666666667,27.19,18.925764192139738
P_IC_qb1of3__FCF_P_qb1of3__C17_FCF_P_DYN_qmax4__v0,P_IC_qb1of3__FCF_P_qb1of3,C17_FCF_P_DYN_qmax4,0.08970591494891411,0.11136939041932759,-0.021663475470413474,-0.6745141033229598,0.43034825870646765,22.61,29.045801526717558
ROE_qb1of3__NETDEBT_EBITDA_qb2of3__C17_FCF_P_DYN_qmax4__v0,ROE_qb1of3__NETDEBT_EBITDA_qb2of3,C17_FCF_P_DYN_qmax4,0.08940836375369443,0.11002096666725647,-0.02061260291356204,-0.6254356962602239,0.46292585170340683,29.52,39.48091603053435
P_IC_qb1of3__DEBTRATIO_qb1of3__C17_FCF_P_DYN_qmax4__v0,P_IC_qb1of3__DEBTRATIO_qb1of3,C17_FCF_P_DYN_qmax4,0.0893914641901552,0.10457322351498388,-0.01518175932482868,-0.6505756205986923,0.457286432160804,25.41,47.958015267175576
ROE_qb2of3__FCF_P_qb0of3__C20_FCF_P_DYN_ytdavg_gt_lyytdavg__v0,ROE_qb2of3__FCF_P_qb0of3,C20_FCF_P_DYN_ytdavg_gt_lyytdavg,0.08917619712407654,0.10634093976900005,-0.017164742644923514,-0.5850645444417409,0.49498207885304657,25.01,36.733333333333334
ROE_qb1of3__NETDEBT_EBITDA_qb2of3__C18_FCF_P_DYN_qmax8__v0,ROE_qb1of3__NETDEBT_EBITDA_qb2of3,C18_FCF_P_DYN_qmax8,0.0890574322125981,0.11002096666725647,-0.020963534454658372,-0.6379447448978217,0.4769442532690984,34.31,19.326180257510728
PB_qb1of3__FCF_P_qb1of3__C20_FCF_P_DYN_ytdavg_gt_lyytdavg__v0,PB_qb1of3__FCF_P_qb1of3,C20_FCF_P_DYN_ytdavg_gt_lyytdavg,0.08898439447156803,0.10479620641868093,-0.015811811947112897,-0.6656266273389977,0.5010923535253228,23.92,74.84912280701755
PB_qb1of3__ROIC_qb1of3__C19_FCF_P_DYN_yoy__v0,PB_qb1of3__ROIC_qb1of3,C19_FCF_P_DYN_yoy,0.08896135294051222,0.10263205495867078,-0.013670702018158565,-0.6043148912299705,0.47952306894764124,29.78,96.784
PS_qb1of3__DEBTRATIO_qb1of3__C19_FCF_P_DYN_yoy__v0,PS_qb1of3__DEBTRATIO_qb1of3,C19_FCF_P_DYN_yoy,0.08894598719040947,0.09970663573273053,-0.01076064854232106,-0.6609027430927021,0.480319563522993,32.03,98.528
P_IC_qb1of3__NETDEBT_EBITDA_qb1of3__C17_FCF_P_DYN_qmax4__v0,P_IC_qb1of3__NETDEBT_EBITDA_qb1of3,C17_FCF_P_DYN_qmax4,0.08890470365202896,0.11371455528078345,-0.024809851628754487,-0.6060789280870071,0.4525065963060686,24.92,40.347328244274806
FCF_OI_qb1of3__None__C15_FCF_P_DYN_riseq1__v0,FCF_OI_qb1of3__None,C15_FCF_P_DYN_riseq1,0.08860432953088959,0.10865218632260909,-0.0200478567917195,-0.6326411054393599,0.4472215625742104,23.87,224.4280701754386
PS_qb1of3__FCF_OI_qb2of3__C19_FCF_P_DYN_yoy__v0,PS_qb1of3__FCF_OI_qb2of3,C19_FCF_P_DYN_yoy,0.08858894392774364,0.10173212465613313,-0.013143180728389492,-0.6699595317646627,0.48097373478539396,32.43,125.668
PS_qb0of3__DEBTRATIO_qb1of3__C18_FCF_P_DYN_qmax8__v0,PS_qb0of3__DEBTRATIO_qb1of3,C18_FCF_P_DYN_qmax8,0.08856267370038928,0.16164172783718755,-0.07307905413679827,-0.6369101303225551,0.4521857923497268,27.61,19.733905579399142
PB_qb1of3__FCF_OI_qb1of3__C15_FCF_P_DYN_riseq1__v0,PB_qb1of3__FCF_OI_qb1of3,C15_FCF_P_DYN_riseq1,0.08854038780566076,0.11410064127221342,-0.025560253466552663,-0.5861656887656801,0.4542416043291421,23.35,79.78245614035087
PS_qb1of3__NETDEBT_EBITDA_qb1of3__C19_FCF_P_DYN_yoy__v0,PS_qb1of3__NETDEBT_EBITDA_qb1of3,C19_FCF_P_DYN_yoy,0.08852770639831342,0.10068019804438966,-0.012152491646076236,-0.6705763605232442,0.47817416352758696,31.72,85.156
EV_S_qb1of3__DEBTRATIO_qb2of3__C15_FCF_P_DYN_riseq1__v0,EV_S_qb1of3__DEBTRATIO_qb2of3,C15_FCF_P_DYN_riseq1,0.08848030842230648,0.11423945981814065,-0.02575915139583418,-0.6228781816017543,0.4460431654676259,31.43,69.82105263157895
PB_qb1of3__DEBTRATIO_qb0of3__C15_FCF_P_DYN_riseq1__v0,PB_qb1of3__DEBTRATIO_qb0of3,C15_FCF_P_DYN_riseq1,0.0884191803485479,0.1073186532581396,-0.018899472909591708,-0.6131513921674403,0.4557752341311134,27.01,70.24912280701754
OCF_E_qb2of3__EV_EBITDA_qb1of3__C15_FCF_P_DYN_riseq1__v0,OCF_E_qb2of3__EV_EBITDA_qb1of3,C15_FCF_P_DYN_riseq1,0.08836336896616603,0.12133006898882948,-0.03296670002266344,-0.6113540468705538,0.4620094628444197,25.86,87.53684210526316
FCF_OI_qb1of3__DEBTRATIO_qb2of3__C15_FCF_P_DYN_riseq1__v0,FCF_OI_qb1of3__DEBTRATIO_qb2of3,C15_FCF_P_DYN_riseq1,0.0883181748893076,0.11211067470469849,-0.02379249981539089,-0.6290176906702991,0.4487847222222222,22.79,78.12982456140351
OCF_E_qb2of3__None__C15_FCF_P_DYN_riseq1__v0,OCF_E_qb2of3__None,C15_FCF_P_DYN_riseq1,0.087994535883827,0.10702478116805669,-0.019030245284229697,-0.6145357917456304,0.45503564795398715,27.91,222.92631578947368
PS_qb1of3__None__C15_FCF_P_DYN_riseq1__v0,PS_qb1of3__None,C15_FCF_P_DYN_riseq1,0.087970899807013,0.10454523190678677,-0.01657433209977377,-0.6391034212668083,0.453360768175583,29.29,222.96491228070175
OCF_E_qb2of3__ACCRUAL_qb0of3__C15_FCF_P_DYN_riseq1__v0,OCF_E_qb2of3__ACCRUAL_qb0of3,C15_FCF_P_DYN_riseq1,0.08763436196190977,0.1085860393522513,-0.02095167739034154,-0.6160792946500806,0.44961300309597524,27.43,161.57543859649124
P_IC_qb1of3__None__C15_FCF_P_DYN_riseq1__v0,P_IC_qb1of3__None,C15_FCF_P_DYN_riseq1,0.08760940004684215,0.10774864588230604,-0.020139245835463893,-0.6225176875663521,0.45845666689612447,26.52,225.20350877192982
PB_qb1of3__OCF_E_qb2of3__C17_FCF_P_DYN_qmax4__v0,PB_qb1of3__OCF_E_qb2of3,C17_FCF_P_DYN_qmax4,0.08748186029235727,0.12468663979722217,-0.03720477950486489,-0.6289617777389437,0.46184738955823296,27.47,37.62977099236641
PS_qb0of3__NETDEBT_EBITDA_qb2of3__C17_FCF_P_DYN_qmax4__v0,PS_qb0of3__NETDEBT_EBITDA_qb2of3,C17_FCF_P_DYN_qmax4,0.086889853583348,0.16108156841581445,-0.07419171483246645,-0.6316169164776786,0.4528301886792453,22.93,56.62977099236641
PB_qb1of3__None__C15_FCF_P_DYN_riseq1__v0,PB_qb1of3__None,C15_FCF_P_DYN_riseq1,0.08644222106083421,0.1059915100055453,-0.019549288944711085,-0.6105698162641304,0.45901639344262296,25.28,226.68070175438598
EV_S_qb1of3__DEBTRATIO_qb2of3__C19_FCF_P_DYN_yoy__v0,EV_S_qb1of3__DEBTRATIO_qb2of3,C19_FCF_P_DYN_yoy,0.08639372343702267,0.11423945981814065,-0.02784573638111798,-0.6330751240781076,0.45717403164211673,29.27,71.828
EV_S_qb1of3__ROIC_qb2of3__C15_FCF_P_DYN_riseq1__v0,EV_S_qb1of3__ROIC_qb2of3,C15_FCF_P_DYN_riseq1,0.08638897543310398,0.11007268957710736,-0.023683714144003387,-0.5761793644803069,0.46172497402147555,25.72,77.43508771929825
ACCRUAL_qb0of3__FCF_OI_qb1of3__C15_FCF_P_DYN_riseq1__v0,ACCRUAL_qb0of3__FCF_OI_qb1of3,C15_FCF_P_DYN_riseq1,0.08632848795143766,0.11153610581397233,-0.02520761786253467,-0.6055379915563537,0.4404994734466677,24.56,76.9017543859649
EV_S_qb1of3__OCF_E_qb1of3__C17_FCF_P_DYN_qmax4__v0,EV_S_qb1of3__OCF_E_qb1of3,C17_FCF_P_DYN_qmax4,0.0862239243683669,0.11166086551822496,-0.02543694114985806,-0.64661536964137,0.44826572604350384,28.59,42.69847328244275
PS_qb1of3__DEBTRATIO_qb0of3__C18_FCF_P_DYN_qmax8__v0,PS_qb1of3__DEBTRATIO_qb0of3,C18_FCF_P_DYN_qmax8,0.0857927300097816,0.12634493133806424,-0.04055220132828263,-0.6562167416140481,0.45824255628177196,29.86,18.158798283261802
EV_S_qb1of3__ROE_qb2of3__C18_FCF_P_DYN_qmax8__v0,EV_S_qb1of3__ROE_qb2of3,C18_FCF_P_DYN_qmax8,0.08575960270060223,0.11180655286183461,-0.026046950161232374,-0.5518312056561008,0.46075085324232085,28.51,19.04366812227074
FCF_OI_qb1of3__NETDEBT_EBITDA_qb2of3__C15_FCF_P_DYN_riseq1__v0,FCF_OI_qb1of3__NETDEBT_EBITDA_qb2of3,C15_FCF_P_DYN_riseq1,0.08559242758771046,0.11499305815386185,-0.029400630566151387,-0.6434539210054222,0.44306342533357707,23.92,73.49122807017544
PS_qb1of3__NETDEBT_EBITDA_qb1of3__C15_FCF_P_DYN_riseq1__v0,PS_qb1of3__NETDEBT_EBITDA_qb1of3,C15_FCF_P_DYN_riseq1,0.08529939218952043,0.10068019804438966,-0.015380805854869228,-0.632577606177497,0.453243928959768,30.9,79.87017543859649
ROE_qb0of3__EV_EBITDA_qb1of3__C19_FCF_P_DYN_yoy__v0,ROE_qb0of3__EV_EBITDA_qb1of3,C19_FCF_P_DYN_yoy,0.08516066971189473,0.12350332831042143,-0.0383426585985267,-0.6492608940468464,0.4591439688715953,31.38,27.184
MOM_qb2of3__FCF_P_qb1of3__C18_FCF_P_DYN_qmax8__v0,MOM_qb2of3__FCF_P_qb1of3,C18_FCF_P_DYN_qmax8,0.08515462579959077,0.12449311185748302,-0.03933848605789225,-0.8999184722754541,0.4171632896305125,18.91,12.096938775510203
EV_S_qb1of3__OCF_E_qb2of3__C15_FCF_P_DYN_riseq1__v0,EV_S_qb1of3__OCF_E_qb2of3,C15_FCF_P_DYN_riseq1,0.08511075351883335,0.12024507725315203,-0.035134323734318684,-0.5722771267154776,0.456002671564535,28.68,75.84210526315789
PS_qb0of3__NETDEBT_EBITDA_qb2of3__C18_FCF_P_DYN_qmax8__v0,PS_qb0of3__NETDEBT_EBITDA_qb2of3,C18_FCF_P_DYN_qmax8,0.08508003218596039,0.16108156841581445,-0.07600153622985406,-0.6684234626034508,0.45203415369161226,29.08,27.841201716738198
PS_qb1of3__FCF_OI_qb2of3__C15_FCF_P_DYN_riseq1__v0,PS_qb1of3__FCF_OI_qb2of3,C15_FCF_P_DYN_riseq1,0.0848735997294996,0.10173212465613313,-0.016858524926633534,-0.6434755492901418,0.4550068732156075,31.35,123.64912280701755
P_IC_qb1of3__OCF_E_qb1of3__C17_FCF_P_DYN_qmax4__v0,P_IC_qb1of3__OCF_E_qb1of3,C17_FCF_P_DYN_qmax4,0.08485653561172057,0.10858375215866056,-0.02372721654693999,-0.6094712579191975,0.4627320587420338,28.28,45.43511450381679
PS_qb1of3__ROE_qb2of3__C18_FCF_P_DYN_qmax8__v0,PS_qb1of3__ROE_qb2of3,C18_FCF_P_DYN_qmax8,0.08430780528060189,0.11938211139414667,-0.035074306113544784,-0.5704356191460803,0.45695364238410596,45.95,19.96875
