strategy,F組合,C,CAGR,None基準CAGR,C增益,max_drawdown,win_ratio,daily_sharpe,平均持股數
MOM_qb2of3__ACCRUAL_qb0of3__C4_ROE_DYN_qmax8__v0,MOM_qb2of3__ACCRUAL_qb0of3,C4_ROE_DYN_qmax8,0.3353525246337783,0.15505270527372694,0.18029981936005135,-0.6967989354725186,0.527761877504293,14.46,25.373390557939913
PB_qb0of3__NETDEBT_EBITDA_qb2of3__C4_ROE_DYN_qmax8__v0,PB_qb0of3__NETDEBT_EBITDA_qb2of3,C4_ROE_DYN_qmax8,0.2967655831817342,0.17776664450601265,0.11899893867572153,-0.5799147380215375,0.5260382333553065,13.19,25.545064377682404
PS_qb0of3__OCF_E_qb1of3__C4_ROE_DYN_qmax8__v0,PS_qb0of3__OCF_E_qb1of3,C4_ROE_DYN_qmax8,0.29200787701317377,0.16163055872724263,0.13037731828593113,-0.5437536548108477,0.5424929178470255,13.05,20.751072961373392
EV_S_qb1of3__ACCRUAL_qb0of3__C4_ROE_DYN_qmax8__v0,EV_S_qb1of3__ACCRUAL_qb0of3,C4_ROE_DYN_qmax8,0.2913415454246906,0.12264039060979393,0.16870115481489667,-0.6573907232977072,0.531404958677686,15.13,18.085836909871244
P_IC_qb0of3__NETDEBT_EBITDA_qb2of3__C4_ROE_DYN_qmax8__v0,P_IC_qb0of3__NETDEBT_EBITDA_qb2of3,C4_ROE_DYN_qmax8,0.2913149837868487,0.17686162789661508,0.11445335589023364,-0.5857392935749626,0.5236955481091431,13.02,35.347639484978544
EV_S_qb0of3__ACCRUAL_qb0of3__C4_ROE_DYN_qmax8__v0,EV_S_qb0of3__ACCRUAL_qb0of3,C4_ROE_DYN_qmax8,0.28880528877031764,0.15570838337066473,0.1330969053996529,-0.40480927664468047,0.5218267293485561,15.16,21.90557939914163
MOM_qb2of3__ACCRUAL_qb0of3__C3_ROE_DYN_qmax4__v0,MOM_qb2of3__ACCRUAL_qb0of3,C3_ROE_DYN_qmax4,0.2887562498284342,0.15505270527372694,0.13370354455470723,-0.6074670720189526,0.5316030534351145,12.89,43.58015267175573
P_IC_qb0of3__DEBTRATIO_qb0of3__C5_ROE_DYN_yoy__v0,P_IC_qb0of3__DEBTRATIO_qb0of3,C5_ROE_DYN_yoy,0.28181157824026215,0.20424156536402682,0.07757001287623533,-0.5920756175785715,0.5313351498637602,13.0,25.228
PB_qb0of3__FCF_OI_qb1of3__C4_ROE_DYN_qmax8__v0,PB_qb0of3__FCF_OI_qb1of3,C4_ROE_DYN_qmax8,0.28103477833573964,0.19021651029963826,0.09081826803610138,-0.5675621193409861,0.5535006605019815,12.88,22.553648068669528
P_IC_qb0of3__DEBTRATIO_qb0of3__C12_EPS_DYN_yoy__v0,P_IC_qb0of3__DEBTRATIO_qb0of3,C12_EPS_DYN_yoy,0.2786544902453769,0.20424156536402682,0.0744129248813501,-0.5824941324742879,0.5286195286195287,13.81,26.412
P_IC_qb0of3__DEBTRATIO_qb0of3__C14_EPS_DYN_ytdavg_gt_lyavg__v0,P_IC_qb0of3__DEBTRATIO_qb0of3,C14_EPS_DYN_ytdavg_gt_lyavg,0.2779156658361579,0.20424156536402682,0.07367410047213108,-0.528857338191306,0.543918918918919,11.84,21.92280701754386
P_IC_qb0of3__DEBTRATIO_qb0of3__C7_ROE_DYN_ytdavg_gt_lyavg__v0,P_IC_qb0of3__DEBTRATIO_qb0of3,C7_ROE_DYN_ytdavg_gt_lyavg,0.27688105422904563,0.20424156536402682,0.07263948886501881,-0.5456950119765526,0.536046511627907,11.73,21.431578947368422
P_IC_qb0of3__PS_qb0of3__C4_ROE_DYN_qmax8__v0,P_IC_qb0of3__PS_qb0of3,C4_ROE_DYN_qmax8,0.27583980668930264,0.19078211269583956,0.08505769399346308,-0.5009044732434006,0.5231716147719044,13.37,46.94849785407725
MOM_qb2of3__ACCRUAL_qb0of3__C10_EPS_DYN_qmax4__v0,MOM_qb2of3__ACCRUAL_qb0of3,C10_EPS_DYN_qmax4,0.2747336686239239,0.15505270527372694,0.11968096335019696,-0.6120444446007206,0.5218076720966894,13.76,50.13358778625954
P_IC_qb0of3__DEBTRATIO_qb0of3__C13_EPS_DYN_ytdavg_gt_lyytdavg__v0,P_IC_qb0of3__DEBTRATIO_qb0of3,C13_EPS_DYN_ytdavg_gt_lyytdavg,0.27325323758622,0.20424156536402682,0.06901167222219318,-0.5344408159108094,0.526824034334764,12.17,23.680701754385964
PS_qb0of3__ACCRUAL_qb1of3__C4_ROE_DYN_qmax8__v0,PS_qb0of3__ACCRUAL_qb1of3,C4_ROE_DYN_qmax8,0.2705166714525562,0.1621387652783881,0.10837790617416809,-0.6219249006193724,0.5238095238095238,13.41,21.50214592274678
PB_qb0of3__DEBTRATIO_qb2of3__C4_ROE_DYN_qmax8__v0,PB_qb0of3__DEBTRATIO_qb2of3,C4_ROE_DYN_qmax8,0.26978323198921195,0.18803320787283906,0.08175002411637289,-0.5588344668978115,0.5250338294993234,14.84,24.952789699570815
PS_qb0of3__NETDEBT_EBITDA_qb2of3__C4_ROE_DYN_qmax8__v0,PS_qb0of3__NETDEBT_EBITDA_qb2of3,C4_ROE_DYN_qmax8,0.26965850204071895,0.16474534749704373,0.10491315454367522,-0.5609973040571068,0.5200625325690463,13.35,32.60515021459227
EV_S_qb1of3__ACCRUAL_qb0of3__C11_EPS_DYN_qmax8__v0,EV_S_qb1of3__ACCRUAL_qb0of3,C11_EPS_DYN_qmax8,0.26804703752028836,0.12264039060979393,0.14540664691049443,-0.7872369288269203,0.521414004078858,15.2,22.59656652360515
PS_qb0of3__MOM_qb2of3__C4_ROE_DYN_qmax8__v0,PS_qb0of3__MOM_qb2of3,C4_ROE_DYN_qmax8,0.2674098475288622,0.18562674496910136,0.08178310255976085,-0.6164280934927755,0.5303201506591337,13.72,41.21888412017167
P_IC_qb0of3__DEBTRATIO_qb0of3__C6_ROE_DYN_ytdavg_gt_lyytdavg__v0,P_IC_qb0of3__DEBTRATIO_qb0of3,C6_ROE_DYN_ytdavg_gt_lyytdavg,0.2655496592260782,0.20424156536402682,0.06130809386205138,-0.5450875171013487,0.5373303167420814,11.93,23.094736842105263
PB_qb0of3__PS_qb0of3__C4_ROE_DYN_qmax8__v0,PB_qb0of3__PS_qb0of3,C4_ROE_DYN_qmax8,0.26528834347344254,0.19683269190132835,0.0684556515721142,-0.5174547199036212,0.5244003308519437,13.51,40.36909871244635
EV_S_qb0of3__OCF_E_qb1of3__C4_ROE_DYN_qmax8__v0,EV_S_qb0of3__OCF_E_qb1of3,C4_ROE_DYN_qmax8,0.26484002198688694,0.16012337011211542,0.10471665187477153,-0.5518304683853237,0.5357643758765779,12.73,21.27467811158798
EV_S_qb1of3__NETDEBT_EBITDA_qb2of3__C4_ROE_DYN_qmax8__v0,EV_S_qb1of3__NETDEBT_EBITDA_qb2of3,C4_ROE_DYN_qmax8,0.26430312733913386,0.13111893250082707,0.1331841948383068,-0.5984981424002707,0.49690721649484537,14.6,23.433476394849784
P_IC_qb0of3__EV_S_qb0of3__C4_ROE_DYN_qmax8__v0,P_IC_qb0of3__EV_S_qb0of3,C4_ROE_DYN_qmax8,0.2640940332022137,0.18640346143351416,0.07769057176869953,-0.5004575989640757,0.5422842197035745,13.59,39.57510729613734
PB_qb0of3__EV_S_qb0of3__C4_ROE_DYN_qmax8__v0,PB_qb0of3__EV_S_qb0of3,C4_ROE_DYN_qmax8,0.2633298971314626,0.19275879846190347,0.07057109866955913,-0.4948592084263014,0.5310314685314685,13.86,38.75536480686695
P_IC_qb0of3__MOM_qb2of3__C4_ROE_DYN_qmax8__v0,P_IC_qb0of3__MOM_qb2of3,C4_ROE_DYN_qmax8,0.2630675604271566,0.18204168375202867,0.08102587667512795,-0.6281271701273405,0.5378450578806767,13.65,34.11587982832618
P_IC_qb0of3__ROE_qb2of3__C5_ROE_DYN_yoy__v0,P_IC_qb0of3__ROE_qb2of3,C5_ROE_DYN_yoy,0.26264829890074237,0.20928208051419395,0.053366218386548425,-0.4547940812646254,0.5249127261186924,14.79,59.096
P_IC_qb0of3__OCF_E_qb2of3__C4_ROE_DYN_qmax8__v0,P_IC_qb0of3__OCF_E_qb2of3,C4_ROE_DYN_qmax8,0.26195826805776856,0.18457415552402745,0.07738411253374111,-0.4243908678241304,0.5397835773392744,15.27,24.34763948497854
EV_S_qb0of3__ACCRUAL_qb0of3__C3_ROE_DYN_qmax4__v0,EV_S_qb0of3__ACCRUAL_qb0of3,C3_ROE_DYN_qmax4,0.26179736879239646,0.15570838337066473,0.10608898542173173,-0.3874303452955222,0.5183578104138852,14.56,42.091603053435115
EV_S_qb0of3__OCF_E_qb1of3__C11_EPS_DYN_qmax8__v0,EV_S_qb0of3__OCF_E_qb1of3,C11_EPS_DYN_qmax8,0.26138542313583124,0.16012337011211542,0.10126205302371583,-0.5387750125134944,0.5382145150931278,13.18,23.50214592274678
P_IC_qb0of3__FCF_OI_qb1of3__C4_ROE_DYN_qmax8__v0,P_IC_qb0of3__FCF_OI_qb1of3,C4_ROE_DYN_qmax8,0.2607141266630242,0.18557700877894123,0.07513711788408295,-0.5682776386210724,0.5571979434447301,13.21,23.030042918454935
MOM_qb2of3__OCF_E_qb2of3__C4_ROE_DYN_qmax8__v0,MOM_qb2of3__OCF_E_qb2of3,C4_ROE_DYN_qmax8,0.2607048041781621,0.16128648413460045,0.09941832004356166,-0.7107212066862234,0.5282600664942741,15.76,40.93991416309013
EV_S_qb0of3__NETDEBT_EBITDA_qb2of3__C4_ROE_DYN_qmax8__v0,EV_S_qb0of3__NETDEBT_EBITDA_qb2of3,C4_ROE_DYN_qmax8,0.26043195451425394,0.15594460285259082,0.10448735166166312,-0.6243206106614858,0.5314285714285715,12.71,18.042918454935624
PS_qb0of3__OCF_E_qb1of3__C11_EPS_DYN_qmax8__v0,PS_qb0of3__OCF_E_qb1of3,C11_EPS_DYN_qmax8,0.25949646503645596,0.16163055872724263,0.09786590630921332,-0.5501881987527845,0.5429508196721311,13.55,22.686695278969957
P_IC_qb0of3__ROE_qb2of3__C12_EPS_DYN_yoy__v0,P_IC_qb0of3__ROE_qb2of3,C12_EPS_DYN_yoy,0.2594736187156741,0.20928208051419395,0.050191538201480146,-0.46982410012759745,0.529639175257732,14.88,59.972
P_IC_qb0of3__EV_EBITDA_qb0of3__C12_EPS_DYN_yoy__v0,P_IC_qb0of3__EV_EBITDA_qb0of3,C12_EPS_DYN_yoy,0.2591726984175837,0.19372967359465032,0.0654430248229334,-0.4690350860726019,0.5143981769214834,13.52,105.492
P_IC_qb0of3__None__C4_ROE_DYN_qmax8__v0,P_IC_qb0of3__None,C4_ROE_DYN_qmax8,0.2569526511296425,0.18180748761405363,0.07514516351558886,-0.537586722190061,0.5314848406322882,14.34,66.0
PS_qb0of3__ACCRUAL_qb0of3__C4_ROE_DYN_qmax8__v0,PS_qb0of3__ACCRUAL_qb0of3,C4_ROE_DYN_qmax8,0.2564435854766973,0.16627029120688008,0.09017329426981724,-0.38999259754664595,0.5193650793650794,15.1,23.266094420600858
MOM_qb2of3__ACCRUAL_qb0of3__C11_EPS_DYN_qmax8__v0,MOM_qb2of3__ACCRUAL_qb0of3,C11_EPS_DYN_qmax8,0.25623528684964825,0.15505270527372694,0.1011825815759213,-0.5568242545913199,0.5128320576316975,16.01,32.00858369098712
EV_S_qb0of3__MOM_qb2of3__C4_ROE_DYN_qmax8__v0,EV_S_qb0of3__MOM_qb2of3,C4_ROE_DYN_qmax8,0.2559674031317427,0.19563407710056202,0.06033332603118069,-0.6541344973143628,0.5307543520309478,14.11,40.107296137339056
PS_qb0of3__DEBTRATIO_qb2of3__C4_ROE_DYN_qmax8__v0,PS_qb0of3__DEBTRATIO_qb2of3,C4_ROE_DYN_qmax8,0.2548064040907754,0.16533570385241192,0.08947070023836345,-0.4993815868080441,0.5142740619902121,14.35,41.918454935622314
PB_qb0of3__ROIC_qb2of3__C4_ROE_DYN_qmax8__v0,PB_qb0of3__ROIC_qb2of3,C4_ROE_DYN_qmax8,0.2538232472690938,0.2065902141161089,0.04723303315298488,-0.4427726894188527,0.5262096774193549,15.42,22.34763948497854
PS_qb0of3__EV_EBITDA_qb0of3__C12_EPS_DYN_yoy__v0,PS_qb0of3__EV_EBITDA_qb0of3,C12_EPS_DYN_yoy,0.25223834093391173,0.19253203521120743,0.0597063057227043,-0.4196698481484755,0.5081705858907931,13.6,107.96
MOM_qb2of3__OCF_E_qb2of3__C10_EPS_DYN_qmax4__v0,MOM_qb2of3__OCF_E_qb2of3,C10_EPS_DYN_qmax4,0.2520188103866916,0.16128648413460045,0.09073232625209116,-0.6959807592981353,0.5216879293424926,15.34,70.25954198473282
P_IC_qb0of3__ROE_qb2of3__C4_ROE_DYN_qmax8__v0,P_IC_qb0of3__ROE_qb2of3,C4_ROE_DYN_qmax8,0.2519720784307302,0.20928208051419395,0.04268999791653627,-0.43865650938057643,0.532724505327245,15.79,30.416309012875537
P_IC_qb0of3__EV_EBITDA_qb0of3__C4_ROE_DYN_qmax8__v0,P_IC_qb0of3__EV_EBITDA_qb0of3,C4_ROE_DYN_qmax8,0.2518219739181584,0.19372967359465032,0.058092300323508095,-0.5018976755157234,0.5255,14.16,33.07725321888412
PB_qb0of3__EV_EBITDA_qb0of3__C4_ROE_DYN_qmax8__v0,PB_qb0of3__EV_EBITDA_qb0of3,C4_ROE_DYN_qmax8,0.251508229070315,0.1952473266098218,0.0562609024604932,-0.48807638566317013,0.5235239852398524,14.74,36.257510729613735
P_IC_qb0of3__PB_qb0of3__C4_ROE_DYN_qmax8__v0,P_IC_qb0of3__PB_qb0of3,C4_ROE_DYN_qmax8,0.2508750626183851,0.18660855823064182,0.06426650438774328,-0.5503828035742364,0.5299174690508941,14.95,49.06008583690987
ROE_qb2of3__ACCRUAL_qb0of3__C4_ROE_DYN_qmax8__v0,ROE_qb2of3__ACCRUAL_qb0of3,C4_ROE_DYN_qmax8,0.2506863656321332,0.1151828149211398,0.1355035507109934,-0.3660610408964744,0.5105523125280647,18.14,33.82403433476395
P_IC_qb0of3__EV_EBITDA_qb0of3__C5_ROE_DYN_yoy__v0,P_IC_qb0of3__EV_EBITDA_qb0of3,C5_ROE_DYN_yoy,0.25046458471168553,0.19372967359465032,0.056734911117035214,-0.4693797548050481,0.5247826086956522,13.51,98.824
PS_qb0of3__OCF_E_qb2of3__C4_ROE_DYN_qmax8__v0,PS_qb0of3__OCF_E_qb2of3,C4_ROE_DYN_qmax8,0.25007874895494253,0.17777171665795666,0.07230703229698587,-0.4175885063927932,0.5160075329566854,15.32,32.69957081545064
P_IC_qb0of3__ROE_qb2of3__C14_EPS_DYN_ytdavg_gt_lyavg__v0,P_IC_qb0of3__ROE_qb2of3,C14_EPS_DYN_ytdavg_gt_lyavg,0.24960418662693518,0.20928208051419395,0.04032210611274123,-0.4251607507662516,0.513764747944226,14.09,50.127737226277375
PB_qb0of3__None__C4_ROE_DYN_qmax8__v0,PB_qb0of3__None,C4_ROE_DYN_qmax8,0.2488987169349679,0.1813653578473695,0.06753335908759839,-0.5261078919608411,0.5291514836022905,14.86,65.50643776824035
PB_qb0of3__ACCRUAL_qb0of3__C3_ROE_DYN_qmax4__v0,PB_qb0of3__ACCRUAL_qb0of3,C3_ROE_DYN_qmax4,0.24818095075566582,0.17797297319254568,0.07020797756312014,-0.36618825816459943,0.5427983539094651,14.3,36.156488549618324
PB_qb0of3__FCF_P_qb1of3__C4_ROE_DYN_qmax8__v0,PB_qb0of3__FCF_P_qb1of3,C4_ROE_DYN_qmax8,0.2480905671776248,0.18135868898675023,0.06673187819087456,-0.6893918712845846,0.5446153846153846,12.96,14.257510729613735
EV_S_qb1of3__OCF_E_qb1of3__C4_ROE_DYN_qmax8__v0,EV_S_qb1of3__OCF_E_qb1of3,C4_ROE_DYN_qmax8,0.2473243200041979,0.11661669962271093,0.13070762038148698,-0.6068211416986884,0.5121621621621621,15.09,21.802575107296136
PB_qb0of3__MOM_qb2of3__C4_ROE_DYN_qmax8__v0,PB_qb0of3__MOM_qb2of3,C4_ROE_DYN_qmax8,0.24671620711993114,0.17812025809063203,0.06859594902929911,-0.6083772444912099,0.5342342342342342,14.46,33.78969957081545
MOM_qb2of3__EV_EBITDA_qb0of3__C5_ROE_DYN_yoy__v0,MOM_qb2of3__EV_EBITDA_qb0of3,C5_ROE_DYN_yoy,0.24563888986943883,0.18152517875580787,0.06411371111363096,-0.5755379245959129,0.5112685125563425,14.07,98.776
PB_qb0of3__ROE_qb2of3__C4_ROE_DYN_qmax8__v0,PB_qb0of3__ROE_qb2of3,C4_ROE_DYN_qmax8,0.24440512300087303,0.20625735013604096,0.038147772864832064,-0.4565548057719988,0.5309181761399125,17.48,24.244635193133046
PS_qb0of3__EV_EBITDA_qb0of3__C5_ROE_DYN_yoy__v0,PS_qb0of3__EV_EBITDA_qb0of3,C5_ROE_DYN_yoy,0.2442376257509571,0.19253203521120743,0.05170559053974966,-0.4383748728007827,0.5089100704517199,13.7,100.88
PB_qb0of3__FCF_OI_qb1of3__C11_EPS_DYN_qmax8__v0,PB_qb0of3__FCF_OI_qb1of3,C11_EPS_DYN_qmax8,0.24400488707373236,0.19021651029963826,0.05378837677409409,-0.5322948695873001,0.5386075949367088,13.65,23.836909871244636
MOM_qb2of3__OCF_E_qb1of3__C4_ROE_DYN_qmax8__v0,MOM_qb2of3__OCF_E_qb1of3,C4_ROE_DYN_qmax8,0.2437396293892744,0.1381613845942784,0.105578244794996,-0.5755289522754388,0.5271549576482312,14.56,29.13304721030043
P_IC_qb0of3__ROE_qb2of3__C13_EPS_DYN_ytdavg_gt_lyytdavg__v0,P_IC_qb0of3__ROE_qb2of3,C13_EPS_DYN_ytdavg_gt_lyytdavg,0.2436046824186937,0.20928208051419395,0.03432260190449976,-0.4337451474344144,0.5120325805257312,14.16,49.79197080291971
MOM_qb2of3__EV_EBITDA_qb0of3__C4_ROE_DYN_qmax8__v0,MOM_qb2of3__EV_EBITDA_qb0of3,C4_ROE_DYN_qmax8,0.24351091249325485,0.18152517875580787,0.06198573373744698,-0.6161571831297039,0.5218365061590146,15.43,41.652360515021456
MOM_qb2of3__DEBTRATIO_qb2of3__C4_ROE_DYN_qmax8__v0,MOM_qb2of3__DEBTRATIO_qb2of3,C4_ROE_DYN_qmax8,0.2434382636070791,0.14200737818456344,0.10143088542251566,-0.611020684551789,0.5151515151515151,14.92,34.90128755364807
P_IC_qb0of3__ROE_qb2of3__C7_ROE_DYN_ytdavg_gt_lyavg__v0,P_IC_qb0of3__ROE_qb2of3,C7_ROE_DYN_ytdavg_gt_lyavg,0.24207087470891642,0.20928208051419395,0.03278879419472247,-0.4391641150941271,0.5205091937765205,14.06,49.0985401459854
MOM_qb2of3__ROE_qb2of3__C4_ROE_DYN_qmax8__v0,MOM_qb2of3__ROE_qb2of3,C4_ROE_DYN_qmax8,0.24183604462407238,0.1681772621398312,0.07365878248424118,-0.6249688097637913,0.5192450956046685,16.68,62.84978540772532
P_IC_qb0of3__EV_EBITDA_qb0of3__C14_EPS_DYN_ytdavg_gt_lyavg__v0,P_IC_qb0of3__EV_EBITDA_qb0of3,C14_EPS_DYN_ytdavg_gt_lyavg,0.24149910445059586,0.19372967359465032,0.04776943085594554,-0.46344442136504704,0.5128205128205128,12.55,91.98947368421052
PS_qb0of3__EV_EBITDA_qb0of3__C4_ROE_DYN_qmax8__v0,PS_qb0of3__EV_EBITDA_qb0of3,C4_ROE_DYN_qmax8,0.2410871498910887,0.19253203521120743,0.04855511467988127,-0.48871777966105356,0.5085381091211995,14.92,39.27467811158798
MOM_qb2of3__NETDEBT_EBITDA_qb0of3__C4_ROE_DYN_qmax8__v0,MOM_qb2of3__NETDEBT_EBITDA_qb0of3,C4_ROE_DYN_qmax8,0.24067569324675064,0.14185947700151247,0.09881621624523818,-0.7178452926694812,0.49965682910089226,16.79,22.836909871244636
P_IC_qb0of3__ROE_qb2of3__C6_ROE_DYN_ytdavg_gt_lyytdavg__v0,P_IC_qb0of3__ROE_qb2of3,C6_ROE_DYN_ytdavg_gt_lyytdavg,0.2405230864074217,0.20928208051419395,0.031241005893227758,-0.439234252975758,0.5152070355441554,14.09,49.051094890510946
PS_qb0of3__ROIC_qb1of3__C4_ROE_DYN_qmax8__v0,PS_qb0of3__ROIC_qb1of3,C4_ROE_DYN_qmax8,0.24048615711203514,0.16131933517355046,0.07916682193848468,-0.5446371209913881,0.5157232704402516,13.4,31.38197424892704
PS_qb0of3__None__C4_ROE_DYN_qmax8__v0,PS_qb0of3__None,C4_ROE_DYN_qmax8,0.23964562173037152,0.16620841805915898,0.07343720367121254,-0.5000336314614156,0.5163472378804961,14.68,76.51502145922747
MOM_qb2of3__ROIC_qb1of3__C4_ROE_DYN_qmax8__v0,MOM_qb2of3__ROIC_qb1of3,C4_ROE_DYN_qmax8,0.23928130584973806,0.14880087180690538,0.09048043404283268,-0.5598516332090169,0.52343308865048,14.09,26.82832618025751
PS_qb0of3__ACCRUAL_qb0of3__C3_ROE_DYN_qmax4__v0,PS_qb0of3__ACCRUAL_qb0of3,C3_ROE_DYN_qmax4,0.2390243984382998,0.16627029120688008,0.07275410723141973,-0.4441023763471065,0.5172636334301387,14.21,44.00381679389313
EV_S_qb0of3__MOM_qb2of3__C5_ROE_DYN_yoy__v0,EV_S_qb0of3__MOM_qb2of3,C5_ROE_DYN_yoy,0.2389848230716498,0.19563407710056202,0.04335074597108779,-0.626199976304066,0.5126728110599078,13.79,102.172
P_IC_qb1of3__FCF_OI_qb1of3__C11_EPS_DYN_qmax8__v0,P_IC_qb1of3__FCF_OI_qb1of3,C11_EPS_DYN_qmax8,0.2389559329678812,0.11805734728393036,0.12089858568395084,-0.5856233387448496,0.5294426919032598,13.8,28.965665236051503
P_IC_qb0of3__EV_EBITDA_qb0of3__C13_EPS_DYN_ytdavg_gt_lyytdavg__v0,P_IC_qb0of3__EV_EBITDA_qb0of3,C13_EPS_DYN_ytdavg_gt_lyytdavg,0.2389395595024626,0.19372967359465032,0.045209885907812275,-0.4661191730811566,0.5161679536679536,12.57,95.71578947368421
MOM_qb2of3__EV_EBITDA_qb0of3__C12_EPS_DYN_yoy__v0,MOM_qb2of3__EV_EBITDA_qb0of3,C12_EPS_DYN_yoy,0.2388154313298203,0.18152517875580787,0.057290252574012435,-0.5972401537655514,0.5096096096096097,14.25,106.628
PB_qb0of3__ROE_qb1of3__C4_ROE_DYN_qmax8__v0,PB_qb0of3__ROE_qb1of3,C4_ROE_DYN_qmax8,0.23724465321294352,0.1827049174072004,0.05453973580574312,-0.559302780584835,0.5253641386238072,14.17,32.35622317596567
EV_S_qb1of3__NETDEBT_EBITDA_qb2of3__C11_EPS_DYN_qmax8__v0,EV_S_qb1of3__NETDEBT_EBITDA_qb2of3,C11_EPS_DYN_qmax8,0.2371371386699197,0.13111893250082707,0.10601820616909263,-0.6361142778011015,0.48677248677248675,15.39,25.40772532188841
EV_S_qb0of3__FCF_OI_qb1of3__C4_ROE_DYN_qmax8__v0,EV_S_qb0of3__FCF_OI_qb1of3,C4_ROE_DYN_qmax8,0.23696992934499828,0.15841923538251113,0.07855069396248715,-0.4394139507001904,0.5402201524132092,13.43,36.562231759656655
P_IC_qb0of3__DEBTRATIO_qb0of3__C9_EPS_DYN_riseq2__v0,P_IC_qb0of3__DEBTRATIO_qb0of3,C9_EPS_DYN_riseq2,0.2366500567061196,0.20424156536402682,0.03240849134209278,-0.6029312329589258,0.5195402298850574,12.6,26.777372262773724
MOM_qb2of3__ACCRUAL_qb1of3__C4_ROE_DYN_qmax8__v0,MOM_qb2of3__ACCRUAL_qb1of3,C4_ROE_DYN_qmax8,0.23661583680424592,0.13592025080935466,0.10069558599489126,-0.6952094951251458,0.5223735408560312,14.64,30.283261802575108
P_IC_qb0of3__EV_EBITDA_qb0of3__C9_EPS_DYN_riseq2__v0,P_IC_qb0of3__EV_EBITDA_qb0of3,C9_EPS_DYN_riseq2,0.23630589702644067,0.19372967359465032,0.04257622343179035,-0.4577043767631669,0.5255597014925373,13.28,105.0948905109489
PB_qb0of3__PS_qb0of3__C11_EPS_DYN_qmax8__v0,PB_qb0of3__PS_qb0of3,C11_EPS_DYN_qmax8,0.23624026076280802,0.19683269190132835,0.03940756886147967,-0.5111040561008772,0.5193948797517456,13.89,43.987124463519315
PB_qb0of3__EV_S_qb0of3__C11_EPS_DYN_qmax8__v0,PB_qb0of3__EV_S_qb0of3,C11_EPS_DYN_qmax8,0.23527343257091382,0.19275879846190347,0.04251463410901035,-0.49801694464253166,0.5197899838449112,14.52,42.93991416309013
PB_qb0of3__NETDEBT_EBITDA_qb0of3__C4_ROE_DYN_qmax8__v0,PB_qb0of3__NETDEBT_EBITDA_qb0of3,C4_ROE_DYN_qmax8,0.23514830495174843,0.1865829469130269,0.04856535803872153,-0.6160715400503587,0.5068093385214008,15.45,17.085836909871244
EV_S_qb0of3__EV_EBITDA_qb0of3__C12_EPS_DYN_yoy__v0,EV_S_qb0of3__EV_EBITDA_qb0of3,C12_EPS_DYN_yoy,0.23514670014628014,0.17847911845269882,0.056667581693581326,-0.4402199216015069,0.5209357518223428,14.45,133.92
P_IC_qb0of3__FCF_P_qb1of3__C7_ROE_DYN_ytdavg_gt_lyavg__v0,P_IC_qb0of3__FCF_P_qb1of3,C7_ROE_DYN_ytdavg_gt_lyavg,0.2350136406285308,0.17742558888731907,0.05758805174121173,-0.5630785699665648,0.5112091142962146,12.71,39.719298245614034
P_IC_qb0of3__NETDEBT_EBITDA_qb1of3__C4_ROE_DYN_qmax8__v0,P_IC_qb0of3__NETDEBT_EBITDA_qb1of3,C4_ROE_DYN_qmax8,0.23489913798779516,0.18511348712500109,0.04978565086279407,-0.3921622394608597,0.5386493083807974,16.03,19.72532188841202
P_IC_qb0of3__PS_qb0of3__C11_EPS_DYN_qmax8__v0,P_IC_qb0of3__PS_qb0of3,C11_EPS_DYN_qmax8,0.23327346181679998,0.19078211269583956,0.04249134912096042,-0.5027935125115386,0.5238575268817204,14.15,51.497854077253216
EV_S_qb0of3__ACCRUAL_qb0of3__C10_EPS_DYN_qmax4__v0,EV_S_qb0of3__ACCRUAL_qb0of3,C10_EPS_DYN_qmax4,0.23325688527580413,0.15570838337066473,0.0775485019051394,-0.3823722220596285,0.5212863705972435,14.27,45.83206106870229
P_IC_qb0of3__EV_EBITDA_qb0of3__C6_ROE_DYN_ytdavg_gt_lyytdavg__v0,P_IC_qb0of3__EV_EBITDA_qb0of3,C6_ROE_DYN_ytdavg_gt_lyytdavg,0.23298090852827924,0.19372967359465032,0.03925123493362892,-0.46160822160524884,0.5217945449910782,12.63,89.58947368421053
PB_qb0of3__ACCRUAL_qb0of3__C4_ROE_DYN_qmax8__v0,PB_qb0of3__ACCRUAL_qb0of3,C4_ROE_DYN_qmax8,0.2328747684457444,0.17797297319254568,0.054901795253198715,-0.39065139228233714,0.5414012738853503,16.35,17.13304721030043
P_IC_qb0of3__EV_EBITDA_qb0of3__C7_ROE_DYN_ytdavg_gt_lyavg__v0,P_IC_qb0of3__EV_EBITDA_qb0of3,C7_ROE_DYN_ytdavg_gt_lyavg,0.23258613709367015,0.19372967359465032,0.03885646349901983,-0.4669083852935725,0.5201359832635983,12.57,85.54035087719298
EV_S_qb0of3__DEBTRATIO_qb0of3__C11_EPS_DYN_qmax8__v0,EV_S_qb0of3__DEBTRATIO_qb0of3,C11_EPS_DYN_qmax8,0.23248941723836825,0.17427513647925252,0.05821428075911572,-0.6190216996021075,0.5100182149362478,14.79,18.566523605150216
PB_qb0of3__OCF_E_qb2of3__C9_EPS_DYN_riseq2__v0,PB_qb0of3__OCF_E_qb2of3,C9_EPS_DYN_riseq2,0.23218533475693715,0.1959933102234963,0.036192024533440836,-0.45871482384841555,0.5281862745098039,14.99,61.13868613138686
P_IC_qb1of3__OCF_E_qb1of3__C4_ROE_DYN_qmax8__v0,P_IC_qb1of3__OCF_E_qb1of3,C4_ROE_DYN_qmax8,0.23207076485240896,0.10872133611728962,0.12334942873511934,-0.43483392901646134,0.5313105229180116,15.58,23.58008658008658
PB_qb0of3__OCF_E_qb2of3__C2_ROE_DYN_riseq2__v0,PB_qb0of3__OCF_E_qb2of3,C2_ROE_DYN_riseq2,0.23191134886316123,0.1959933102234963,0.03591803863966492,-0.44593077542697945,0.5277913213066797,15.2,61.627737226277375
MOM_qb2of3__FCF_P_qb0of3__C4_ROE_DYN_qmax8__v0,MOM_qb2of3__FCF_P_qb0of3,C4_ROE_DYN_qmax8,0.23181086214075375,0.12480208289160699,0.10700877924914676,-0.6531267908326771,0.5002461841457411,15.81,29.746781115879827
MOM_qb2of3__NETDEBT_EBITDA_qb2of3__C4_ROE_DYN_qmax8__v0,MOM_qb2of3__NETDEBT_EBITDA_qb2of3,C4_ROE_DYN_qmax8,0.2317981942591414,0.13607790519389984,0.09572028906524155,-0.6524262830826846,0.5232044198895027,13.23,28.184549356223176
P_IC_qb0of3__NETDEBT_EBITDA_qb1of3__C12_EPS_DYN_yoy__v0,P_IC_qb0of3__NETDEBT_EBITDA_qb1of3,C12_EPS_DYN_yoy,0.23179375576115535,0.18511348712500109,0.046680268636154265,-0.46891997259251184,0.5226293103448276,15.03,61.788
MOM_qb2of3__FCF_P_qb2of3__C4_ROE_DYN_qmax8__v0,MOM_qb2of3__FCF_P_qb2of3,C4_ROE_DYN_qmax8,0.23161955584891092,0.15611793939613228,0.07550161645277864,-0.6345377541361332,0.5336225596529284,15.72,33.30472103004292
P_IC_qb0of3__ROE_qb2of3__C9_EPS_DYN_riseq2__v0,P_IC_qb0of3__ROE_qb2of3,C9_EPS_DYN_riseq2,0.23155169091868144,0.20928208051419395,0.022269610404487494,-0.48046463581425947,0.5250441956393636,14.87,56.372262773722625
P_IC_qb0of3__OCF_E_qb2of3__C2_ROE_DYN_riseq2__v0,P_IC_qb0of3__OCF_E_qb2of3,C2_ROE_DYN_riseq2,0.2315438755515007,0.18457415552402745,0.04696972002747324,-0.46474931811385456,0.5233291298865069,14.98,73.8029197080292
MOM_qb2of3__OCF_E_qb2of3__C3_ROE_DYN_qmax4__v0,MOM_qb2of3__OCF_E_qb2of3,C3_ROE_DYN_qmax4,0.23143646336315205,0.16128648413460045,0.0701499792285516,-0.681407049225272,0.5279089738085015,14.19,63.16793893129771
PB_qb0of3__ROIC_qb1of3__C4_ROE_DYN_qmax8__v0,PB_qb0of3__ROIC_qb1of3,C4_ROE_DYN_qmax8,0.23142169549028035,0.18256711047310548,0.04885458501717488,-0.5198721783613465,0.5244203256043414,14.93,32.60085836909871
PS_qb0of3__NETDEBT_EBITDA_qb0of3__C12_EPS_DYN_yoy__v0,PS_qb0of3__NETDEBT_EBITDA_qb0of3,C12_EPS_DYN_yoy,0.23119093569442217,0.1627649501016779,0.06842598559274427,-0.5087482507720937,0.5196641626159965,15.21,50.932
EV_S_qb0of3__OCF_E_qb2of3__C4_ROE_DYN_qmax8__v0,EV_S_qb0of3__OCF_E_qb2of3,C4_ROE_DYN_qmax8,0.23094936509099107,0.15528067250881317,0.0756686925821779,-0.4713854843814337,0.517910447761194,16.54,30.86266094420601
PS_qb0of3__NETDEBT_EBITDA_qb2of3__C11_EPS_DYN_qmax8__v0,PS_qb0of3__NETDEBT_EBITDA_qb2of3,C11_EPS_DYN_qmax8,0.2308334482697234,0.16474534749704373,0.06608810077267968,-0.5741672231903729,0.5058051489146895,14.7,34.42918454935622
P_IC_qb0of3__ROIC_qb1of3__C4_ROE_DYN_qmax8__v0,P_IC_qb0of3__ROIC_qb1of3,C4_ROE_DYN_qmax8,0.23068293624913627,0.18305739841769153,0.04762553783144474,-0.5609147577988703,0.5290562529056253,14.9,35.06008583690987
P_IC_qb1of3__NETDEBT_EBITDA_qb0of3__C11_EPS_DYN_qmax8__v0,P_IC_qb1of3__NETDEBT_EBITDA_qb0of3,C11_EPS_DYN_qmax8,0.2305801324045771,0.14197552309035966,0.08860460931421743,-0.6558655132414215,0.5413333333333333,13.51,18.751072961373392
PB_qb0of3__ROIC_qb2of3__C20_FCF_P_DYN_ytdavg_gt_lyytdavg__v0,PB_qb0of3__ROIC_qb2of3,C20_FCF_P_DYN_ytdavg_gt_lyytdavg,0.23055548123374803,0.2065902141161089,0.023965267117639133,-0.5132394730149751,0.516698172652804,15.23,23.67883211678832
EV_S_qb0of3__DEBTRATIO_qb0of3__C5_ROE_DYN_yoy__v0,EV_S_qb0of3__DEBTRATIO_qb0of3,C5_ROE_DYN_yoy,0.23052879775266177,0.17427513647925252,0.05625366127340925,-0.5160986638200398,0.5370833333333334,14.41,55.308
ROE_qb2of3__FCF_P_qb0of3__C4_ROE_DYN_qmax8__v0,ROE_qb2of3__FCF_P_qb0of3,C4_ROE_DYN_qmax8,0.23050208420593887,0.10654638208040024,0.12395570212553864,-0.38546765344737033,0.4918966272448533,21.43,33.47639484978541
PS_qb0of3__MOM_qb2of3__C5_ROE_DYN_yoy__v0,PS_qb0of3__MOM_qb2of3,C5_ROE_DYN_yoy,0.230340856961589,0.18562674496910136,0.04471411199248765,-0.627355479954653,0.5045178248726795,13.92,102.616
EV_S_qb0of3__FCF_OI_qb1of3__C11_EPS_DYN_qmax8__v0,EV_S_qb0of3__FCF_OI_qb1of3,C11_EPS_DYN_qmax8,0.2301169895262345,0.15841923538251113,0.07169775414372337,-0.44638731407956755,0.5305719921104537,14.22,40.12017167381974
PB_qb0of3__OCF_E_qb2of3__C4_ROE_DYN_qmax8__v0,PB_qb0of3__OCF_E_qb2of3,C4_ROE_DYN_qmax8,0.23005820757337814,0.1959933102234963,0.03406489734988183,-0.4756610190912144,0.5405819295558959,16.48,20.120171673819744
PB_qb0of3__ROE_qb2of3__C5_ROE_DYN_yoy__v0,PB_qb0of3__ROE_qb2of3,C5_ROE_DYN_yoy,0.229816709197741,0.20625735013604096,0.023559359061700036,-0.46025965348977804,0.5188452285485164,16.87,41.448
P_IC_qb0of3__MOM_qb2of3__C5_ROE_DYN_yoy__v0,P_IC_qb0of3__MOM_qb2of3,C5_ROE_DYN_yoy,0.22975573834690888,0.18204168375202867,0.047714054594880206,-0.6128309000171035,0.5035144865420881,13.64,95.492
P_IC_qb0of3__NETDEBT_EBITDA_qb2of3__C11_EPS_DYN_qmax8__v0,P_IC_qb0of3__NETDEBT_EBITDA_qb2of3,C11_EPS_DYN_qmax8,0.22968314953342595,0.17686162789661508,0.052821521636810864,-0.5746635909028321,0.510745313214449,14.36,37.62660944206009
EV_S_qb0of3__EV_EBITDA_qb0of3__C5_ROE_DYN_yoy__v0,EV_S_qb0of3__EV_EBITDA_qb0of3,C5_ROE_DYN_yoy,0.22952201140391515,0.17847911845269882,0.051042892951216334,-0.45351102795287934,0.5236598568185786,14.59,126.276
EV_S_qb0of3__MOM_qb2of3__C11_EPS_DYN_qmax8__v0,EV_S_qb0of3__MOM_qb2of3,C11_EPS_DYN_qmax8,0.22941571284328766,0.19563407710056202,0.033781635742725635,-0.6182535480900455,0.524776324845148,14.45,46.36051502145923
MOM_qb2of3__ROE_qb2of3__C17_FCF_P_DYN_qmax4__v0,MOM_qb2of3__ROE_qb2of3,C17_FCF_P_DYN_qmax4,0.22939860551909952,0.1681772621398312,0.06122134337926832,-0.6417422013099563,0.4819341126461211,14.27,44.08015267175573
EV_S_qb0of3__EV_EBITDA_qb0of3__C4_ROE_DYN_qmax8__v0,EV_S_qb0of3__EV_EBITDA_qb0of3,C4_ROE_DYN_qmax8,0.22908874904843524,0.17847911845269882,0.05060963059573642,-0.5004848545863336,0.5232351897836112,15.58,46.60515021459227
PB_qb0of3__NETDEBT_EBITDA_qb2of3__C11_EPS_DYN_qmax8__v0,PB_qb0of3__NETDEBT_EBITDA_qb2of3,C11_EPS_DYN_qmax8,0.2290829208490488,0.17776664450601265,0.05131627634303615,-0.5563111245470427,0.5076923076923077,14.66,26.30472103004292
P_IC_qb0of3__EV_S_qb0of3__C11_EPS_DYN_qmax8__v0,P_IC_qb0of3__EV_S_qb0of3,C11_EPS_DYN_qmax8,0.2290523923173371,0.18640346143351416,0.04264893088382293,-0.46337100608639226,0.5356012658227848,14.47,44.33047210300429
P_IC_qb0of3__NETDEBT_EBITDA_qb1of3__C5_ROE_DYN_yoy__v0,P_IC_qb0of3__NETDEBT_EBITDA_qb1of3,C5_ROE_DYN_yoy,0.22898978688958405,0.18511348712500109,0.04387629976458296,-0.48171751604443447,0.532276768457673,14.6,57.856
P_IC_qb0of3__OCF_E_qb2of3__C3_ROE_DYN_qmax4__v0,P_IC_qb0of3__OCF_E_qb2of3,C3_ROE_DYN_qmax4,0.22878120995001439,0.18457415552402745,0.044207054425986936,-0.4400478815186407,0.5299695225194717,14.78,42.97328244274809
PB_qb0of3__ROE_qb2of3__C12_EPS_DYN_yoy__v0,PB_qb0of3__ROE_qb2of3,C12_EPS_DYN_yoy,0.22873820150265534,0.20625735013604096,0.022480851366614374,-0.4430259715302761,0.5219352193521936,17.28,41.052
EV_S_qb0of3__ACCRUAL_qb0of3__C11_EPS_DYN_qmax8__v0,EV_S_qb0of3__ACCRUAL_qb0of3,C11_EPS_DYN_qmax8,0.2286191416263612,0.15570838337066473,0.07291075825569648,-0.5404794434546856,0.5183673469387755,15.53,25.218884120171673
P_IC_qb0of3__FCF_OI_qb1of3__C7_ROE_DYN_ytdavg_gt_lyavg__v0,P_IC_qb0of3__FCF_OI_qb1of3,C7_ROE_DYN_ytdavg_gt_lyavg,0.22842192491919677,0.18557700877894123,0.04284491614025554,-0.5077962670363833,0.5059975520195839,12.59,68.77543859649123
EV_S_qb0of3__DEBTRATIO_qb0of3__C3_ROE_DYN_qmax4__v0,EV_S_qb0of3__DEBTRATIO_qb0of3,C3_ROE_DYN_qmax4,0.22830318218510892,0.17427513647925252,0.0540280457058564,-0.5324215074672956,0.5197168857431749,14.32,31.412213740458014
PB_qb0of3__ROIC_qb2of3__C5_ROE_DYN_yoy__v0,PB_qb0of3__ROIC_qb2of3,C5_ROE_DYN_yoy,0.22825954598962994,0.2065902141161089,0.021669331873521047,-0.47783068326058686,0.5133620689655173,16.28,38.936
MOM_qb2of3__ACCRUAL_qb0of3__C5_ROE_DYN_yoy__v0,MOM_qb2of3__ACCRUAL_qb0of3,C5_ROE_DYN_yoy,0.2282553877696052,0.15505270527372694,0.07320268249587825,-0.5874949855718237,0.5084151472650772,15.29,78.32
P_IC_qb0of3__FCF_P_qb1of3__C6_ROE_DYN_ytdavg_gt_lyytdavg__v0,P_IC_qb0of3__FCF_P_qb1of3,C6_ROE_DYN_ytdavg_gt_lyytdavg,0.22773582193111963,0.17742558888731907,0.050310233043800556,-0.5501381179710043,0.5078975078975079,12.39,41.1859649122807
EV_S_qb0of3__MOM_qb2of3__C12_EPS_DYN_yoy__v0,EV_S_qb0of3__MOM_qb2of3,C12_EPS_DYN_yoy,0.22765375971001656,0.19563407710056202,0.032019682609454536,-0.6262853241593301,0.5088446215139443,14.24,107.264
P_IC_qb0of3__FCF_OI_qb1of3__C5_ROE_DYN_yoy__v0,P_IC_qb0of3__FCF_OI_qb1of3,C5_ROE_DYN_yoy,0.2276403982580284,0.18557700877894123,0.042063389479087165,-0.5152267533660357,0.5111353711790393,13.55,77.776
P_IC_qb0of3__NETDEBT_EBITDA_qb1of3__C14_EPS_DYN_ytdavg_gt_lyavg__v0,P_IC_qb0of3__NETDEBT_EBITDA_qb1of3,C14_EPS_DYN_ytdavg_gt_lyavg,0.22725950748928558,0.18511348712500109,0.0421460203642845,-0.4793084614108992,0.5285588752196837,13.54,51.89473684210526
MOM_qb2of3__OCF_E_qb2of3__C5_ROE_DYN_yoy__v0,MOM_qb2of3__OCF_E_qb2of3,C5_ROE_DYN_yoy,0.22673322105541915,0.16128648413460045,0.0654467369208187,-0.6174542083808916,0.5179063360881543,15.4,103.964
EV_S_qb0of3__None__C4_ROE_DYN_qmax8__v0,EV_S_qb0of3__None,C4_ROE_DYN_qmax8,0.22663527792991545,0.15765702596425268,0.06897825196566276,-0.4986170878945648,0.5232126276694522,15.18,74.17596566523605
P_IC_qb0of3__EV_S_qb0of3__C5_ROE_DYN_yoy__v0,P_IC_qb0of3__EV_S_qb0of3,C5_ROE_DYN_yoy,0.22658639159528926,0.18640346143351416,0.0401829301617751,-0.5014931777408935,0.5317214300475305,13.57,129.368
P_IC_qb0of3__FCF_P_qb1of3__C13_EPS_DYN_ytdavg_gt_lyytdavg__v0,P_IC_qb0of3__FCF_P_qb1of3,C13_EPS_DYN_ytdavg_gt_lyytdavg,0.2264240833928335,0.17742558888731907,0.04899849450551441,-0.5485681763757229,0.500169664065151,13.0,42.53333333333333
PS_qb0of3__ROIC_qb1of3__C11_EPS_DYN_qmax8__v0,PS_qb0of3__ROIC_qb1of3,C11_EPS_DYN_qmax8,0.22623652898656177,0.16131933517355046,0.06491719381301131,-0.5041633872412712,0.5240750126710593,13.48,32.78540772532189
PB_qb0of3__EV_EBITDA_qb0of3__C9_EPS_DYN_riseq2__v0,PB_qb0of3__EV_EBITDA_qb0of3,C9_EPS_DYN_riseq2,0.22612256275841314,0.1952473266098218,0.030875236148591334,-0.4899579123392048,0.5403460681857118,13.93,112.45620437956204
P_IC_qb0of3__OCF_E_qb2of3__C9_EPS_DYN_riseq2__v0,P_IC_qb0of3__OCF_E_qb2of3,C9_EPS_DYN_riseq2,0.22581480804303422,0.18457415552402745,0.04124065251900677,-0.4750449545762667,0.5268634529624124,15.11,73.3905109489051
P_IC_qb0of3__EV_S_qb0of3__C12_EPS_DYN_yoy__v0,P_IC_qb0of3__EV_S_qb0of3,C12_EPS_DYN_yoy,0.22563833621289175,0.18640346143351416,0.03923487477937759,-0.48481181311715116,0.5244075349402472,13.84,133.148
PS_qb0of3__MOM_qb2of3__C12_EPS_DYN_yoy__v0,PS_qb0of3__MOM_qb2of3,C12_EPS_DYN_yoy,0.22543119026362302,0.18562674496910136,0.03980444529452165,-0.6264938077265894,0.5032513877874703,14.26,107.144
EV_S_qb0of3__EV_EBITDA_qb0of3__C10_EPS_DYN_qmax4__v0,EV_S_qb0of3__EV_EBITDA_qb0of3,C10_EPS_DYN_qmax4,0.2253721423381383,0.17847911845269882,0.04689302388543948,-0.40447869635010814,0.5214101144333703,14.08,87.59160305343511
P_IC_qb0of3__ROE_qb2of3__C8_EPS_DYN_riseq1__v0,P_IC_qb0of3__ROE_qb2of3,C8_EPS_DYN_riseq1,0.22523892283580826,0.20928208051419395,0.015956842321614317,-0.46814688373832136,0.5245253164556962,14.2,55.2007299270073
P_IC_qb0of3__FCF_OI_qb1of3__C12_EPS_DYN_yoy__v0,P_IC_qb0of3__FCF_OI_qb1of3,C12_EPS_DYN_yoy,0.22519819735885016,0.18557700877894123,0.03962118857990893,-0.49630730789888733,0.5081755593803786,13.69,78.876
PB_qb0of3__ACCRUAL_qb0of3__C2_ROE_DYN_riseq2__v0,PB_qb0of3__ACCRUAL_qb0of3,C2_ROE_DYN_riseq2,0.2250895997168727,0.17797297319254568,0.04711662652432702,-0.4859208179853115,0.5229749946569779,14.55,72.04744525547446
PB_qb0of3__ACCRUAL_qb0of3__C10_EPS_DYN_qmax4__v0,PB_qb0of3__ACCRUAL_qb0of3,C10_EPS_DYN_qmax4,0.2249748880985467,0.17797297319254568,0.04700191490600103,-0.4091441610757185,0.5375375375375375,14.17,39.43129770992366
PS_qb0of3__NETDEBT_EBITDA_qb0of3__C11_EPS_DYN_qmax8__v0,PS_qb0of3__NETDEBT_EBITDA_qb0of3,C11_EPS_DYN_qmax8,0.22496607294336957,0.1627649501016779,0.06220112284169166,-0.4074045957814427,0.5378151260504201,14.71,14.145922746781116
MOM_qb2of3__None__C4_ROE_DYN_qmax8__v0,MOM_qb2of3__None,C4_ROE_DYN_qmax8,0.22492864393139,0.11806777849564609,0.10686086543574391,-0.6503633242895788,0.5130023640661938,15.74,94.58798283261802
MOM_qb2of3__FCF_OI_qb1of3__C11_EPS_DYN_qmax8__v0,MOM_qb2of3__FCF_OI_qb1of3,C11_EPS_DYN_qmax8,0.22475862405857705,0.15028408428317808,0.07447453977539897,-0.5213339191323615,0.5228621291448516,15.11,42.68669527896996
MOM_qb2of3__FCF_OI_qb1of3__C4_ROE_DYN_qmax8__v0,MOM_qb2of3__FCF_OI_qb1of3,C4_ROE_DYN_qmax8,0.22433565644775255,0.15028408428317808,0.07405157216457448,-0.7027202418012408,0.5364583333333334,14.74,36.742489270386265
P_IC_qb0of3__FCF_P_qb1of3__C14_EPS_DYN_ytdavg_gt_lyavg__v0,P_IC_qb0of3__FCF_P_qb1of3,C14_EPS_DYN_ytdavg_gt_lyavg,0.22427179836022093,0.17742558888731907,0.046846209472901856,-0.5513275336042247,0.5025,13.14,40.863157894736844
PS_qb0of3__ROE_qb2of3__C4_ROE_DYN_qmax8__v0,PS_qb0of3__ROE_qb2of3,C4_ROE_DYN_qmax8,0.22414221339201013,0.16777979365724227,0.056362419734767855,-0.3769610630875744,0.5152460152460152,16.69,46.65665236051502
PS_qb0of3__ACCRUAL_qb1of3__C11_EPS_DYN_qmax8__v0,PS_qb0of3__ACCRUAL_qb1of3,C11_EPS_DYN_qmax8,0.22408531134587006,0.1621387652783881,0.061946546067481956,-0.6277005207220272,0.5193650793650794,14.27,24.021459227467812
P_IC_qb0of3__PS_qb0of3__C12_EPS_DYN_yoy__v0,P_IC_qb0of3__PS_qb0of3,C12_EPS_DYN_yoy,0.22400062768027795,0.19078211269583956,0.033218514984438396,-0.5017896138881003,0.5122284932443988,13.87,158.788
P_IC_qb0of3__EV_EBITDA_qb0of3__C3_ROE_DYN_qmax4__v0,P_IC_qb0of3__EV_EBITDA_qb0of3,C3_ROE_DYN_qmax4,0.22376200292198978,0.19372967359465032,0.030032329327339458,-0.48666546328585036,0.5241585233441911,13.34,59.286259541984734
PB_qb0of3__FCF_OI_qb1of3__C10_EPS_DYN_qmax4__v0,PB_qb0of3__FCF_OI_qb1of3,C10_EPS_DYN_qmax4,0.22370270516663493,0.19021651029963826,0.033486194866996666,-0.5220030171164836,0.5410719949254678,12.34,45.87786259541985
EV_S_qb0of3__MOM_qb2of3__C9_EPS_DYN_riseq2__v0,EV_S_qb0of3__MOM_qb2of3,C9_EPS_DYN_riseq2,0.22366339211505193,0.19563407710056202,0.02802931501448991,-0.5778998033147136,0.5184140184140185,13.46,102.54014598540147
P_IC_qb0of3__DEBTRATIO_qb0of3__C16_FCF_P_DYN_riseq2__v0,P_IC_qb0of3__DEBTRATIO_qb0of3,C16_FCF_P_DYN_riseq2,0.2232840908930489,0.20424156536402682,0.01904252552902208,-0.6417758068561453,0.514140681653372,15.29,25.985401459854014
EV_S_qb1of3__EV_EBITDA_qb1of3__C4_ROE_DYN_qmax8__v0,EV_S_qb1of3__EV_EBITDA_qb1of3,C4_ROE_DYN_qmax8,0.22327409541728915,0.12268266204092337,0.10059143337636578,-0.6992787138343322,0.522207267833109,16.35,34.97854077253219
P_IC_qb0of3__PS_qb0of3__C5_ROE_DYN_yoy__v0,P_IC_qb0of3__PS_qb0of3,C5_ROE_DYN_yoy,0.22318445163201672,0.19078211269583956,0.032402338936177166,-0.5219862080883444,0.5150192106182326,13.8,154.268
P_IC_qb0of3__FCF_P_qb1of3__C5_ROE_DYN_yoy__v0,P_IC_qb0of3__FCF_P_qb1of3,C5_ROE_DYN_yoy,0.22316485340408776,0.17742558888731907,0.045739264516768685,-0.4995357263420729,0.5126920507682031,14.15,45.196
PB_qb0of3__OCF_E_qb2of3__C12_EPS_DYN_yoy__v0,PB_qb0of3__OCF_E_qb2of3,C12_EPS_DYN_yoy,0.2228573480230489,0.1959933102234963,0.026864037799552598,-0.49300410008813944,0.5222251104756953,15.26,61.38
MOM_qb2of3__ROE_qb2of3__C5_ROE_DYN_yoy__v0,MOM_qb2of3__ROE_qb2of3,C5_ROE_DYN_yoy,0.22258246422710481,0.1681772621398312,0.05440520208727362,-0.6246988664712461,0.5084102693815606,16.14,134.928
PB_qb0of3__DEBTRATIO_qb2of3__C11_EPS_DYN_qmax8__v0,PB_qb0of3__DEBTRATIO_qb2of3,C11_EPS_DYN_qmax8,0.22254189243633316,0.18803320787283906,0.034508684563494096,-0.536902324046433,0.5155555555555555,16.39,27.00429184549356
P_IC_qb0of3__FCF_OI_qb1of3__C6_ROE_DYN_ytdavg_gt_lyytdavg__v0,P_IC_qb0of3__FCF_OI_qb1of3,C6_ROE_DYN_ytdavg_gt_lyytdavg,0.22246221020375434,0.18557700877894123,0.03688520142481311,-0.4974724447751614,0.5047528517110266,12.55,70.4140350877193
P_IC_qb0of3__MOM_qb2of3__C12_EPS_DYN_yoy__v0,P_IC_qb0of3__MOM_qb2of3,C12_EPS_DYN_yoy,0.22236227244131945,0.18204168375202867,0.04032058868929078,-0.630413264080637,0.5047681683656692,14.14,100.524
PB_qb0of3__FCF_P_qb1of3__C7_ROE_DYN_ytdavg_gt_lyavg__v0,PB_qb0of3__FCF_P_qb1of3,C7_ROE_DYN_ytdavg_gt_lyavg,0.22235843771859098,0.18135868898675023,0.04099974873184076,-0.5413427255606613,0.5225637671680837,12.67,45.66315789473684
PB_qb0of3__EV_S_qb0of3__C5_ROE_DYN_yoy__v0,PB_qb0of3__EV_S_qb0of3,C5_ROE_DYN_yoy,0.22218905203297767,0.19275879846190347,0.029430253571074205,-0.5069395104211711,0.529493545183714,14.08,128.392
MOM_qb2of3__ACCRUAL_qb0of3__C9_EPS_DYN_riseq2__v0,MOM_qb2of3__ACCRUAL_qb0of3,C9_EPS_DYN_riseq2,0.2217277147170511,0.15505270527372694,0.06667500944332416,-0.6015849187618938,0.5118682383336024,14.17,79.65693430656934
EV_S_qb0of3__DEBTRATIO_qb0of3__C9_EPS_DYN_riseq2__v0,EV_S_qb0of3__DEBTRATIO_qb0of3,C9_EPS_DYN_riseq2,0.22161780632240347,0.17427513647925252,0.04734266984315094,-0.5166910880804358,0.5422237860661506,13.24,58.54014598540146
PB_qb0of3__EV_EBITDA_qb0of3__C12_EPS_DYN_yoy__v0,PB_qb0of3__EV_EBITDA_qb0of3,C12_EPS_DYN_yoy,0.22158367964586878,0.1952473266098218,0.026336353036046978,-0.5185986379768759,0.5241458293567475,14.52,112.072
MOM_qb2of3__NETDEBT_EBITDA_qb0of3__C10_EPS_DYN_qmax4__v0,MOM_qb2of3__NETDEBT_EBITDA_qb0of3,C10_EPS_DYN_qmax4,0.22154526881969083,0.14185947700151247,0.07968579181817836,-0.6702311144644222,0.5014226999683844,13.98,44.62213740458015
PS_qb0of3__MOM_qb2of3__C11_EPS_DYN_qmax8__v0,PS_qb0of3__MOM_qb2of3,C11_EPS_DYN_qmax8,0.22132796702114166,0.18562674496910136,0.03570122205204029,-0.6034260664932289,0.5187057633973711,14.18,47.167381974248926
PB_qb0of3__PS_qb0of3__C12_EPS_DYN_yoy__v0,PB_qb0of3__PS_qb0of3,C12_EPS_DYN_yoy,0.2212520909866491,0.19683269190132835,0.02441939908532076,-0.5229204468407016,0.5172154280338664,14.01,136.308
PS_qb0of3__EV_EBITDA_qb0of3__C13_EPS_DYN_ytdavg_gt_lyytdavg__v0,PS_qb0of3__EV_EBITDA_qb0of3,C13_EPS_DYN_ytdavg_gt_lyytdavg,0.2212193968675964,0.19253203521120743,0.028687361656388966,-0.4347262864706942,0.4974034770828629,12.71,95.11578947368422
EV_S_qb0of3__MOM_qb2of3__C7_ROE_DYN_ytdavg_gt_lyavg__v0,EV_S_qb0of3__MOM_qb2of3,C7_ROE_DYN_ytdavg_gt_lyavg,0.2212128493260419,0.19563407710056202,0.025578772225479884,-0.5950218241025924,0.5001763668430335,12.61,84.96491228070175
EV_S_qb0of3__ACCRUAL_qb0of3__C5_ROE_DYN_yoy__v0,EV_S_qb0of3__ACCRUAL_qb0of3,C5_ROE_DYN_yoy,0.2211632448911689,0.15570838337066473,0.06545486152050417,-0.39882974362579093,0.49931787175989084,15.25,78.74
EV_S_qb0of3__DEBTRATIO_qb0of3__C4_ROE_DYN_qmax8__v0,EV_S_qb0of3__DEBTRATIO_qb0of3,C4_ROE_DYN_qmax8,0.22103441392930612,0.17427513647925252,0.046759277450053593,-0.5784733327953283,0.5228628230616302,14.35,16.72532188841202
EV_S_qb0of3__ACCRUAL_qb0of3__C12_EPS_DYN_yoy__v0,EV_S_qb0of3__ACCRUAL_qb0of3,C12_EPS_DYN_yoy,0.2210102387672428,0.15570838337066473,0.06530185539657807,-0.41564192563255153,0.4982024597918638,15.48,82.352
EV_S_qb0of3__MOM_qb2of3__C10_EPS_DYN_qmax4__v0,EV_S_qb0of3__MOM_qb2of3,C10_EPS_DYN_qmax4,0.22100544684393997,0.19563407710056202,0.025371369743377947,-0.6253820863269957,0.5256198347107438,13.52,69.71374045801527
P_IC_qb0of3__ROIC_qb1of3__C11_EPS_DYN_qmax8__v0,P_IC_qb0of3__ROIC_qb1of3,C11_EPS_DYN_qmax8,0.22099290057071697,0.18305739841769153,0.037935502153025435,-0.49853778832702633,0.5422727272727272,14.61,36.21459227467811
PB_qb0of3__OCF_E_qb2of3__C3_ROE_DYN_qmax4__v0,PB_qb0of3__OCF_E_qb2of3,C3_ROE_DYN_qmax4,0.2209748947929342,0.1959933102234963,0.024981584569437887,-0.4451463908274448,0.5331983805668016,15.51,35.83206106870229
PS_qb0of3__DEBTRATIO_qb2of3__C11_EPS_DYN_qmax8__v0,PS_qb0of3__DEBTRATIO_qb2of3,C11_EPS_DYN_qmax8,0.2209383023350433,0.16533570385241192,0.05560259848263138,-0.49709302996198823,0.5098559514783927,15.4,46.52360515021459
MOM_qb2of3__ACCRUAL_qb0of3__C12_EPS_DYN_yoy__v0,MOM_qb2of3__ACCRUAL_qb0of3,C12_EPS_DYN_yoy,0.2208530828565778,0.15505270527372694,0.06580037758285084,-0.6147355040506233,0.5071394192202792,15.46,85.292
EV_S_qb0of3__DEBTRATIO_qb0of3__C2_ROE_DYN_riseq2__v0,EV_S_qb0of3__DEBTRATIO_qb0of3,C2_ROE_DYN_riseq2,0.22070285659641842,0.17427513647925252,0.046427720117165894,-0.5075723396756635,0.534256301029464,13.47,58.802919708029194
PB_qb0of3__EV_EBITDA_qb0of3__C5_ROE_DYN_yoy__v0,PB_qb0of3__EV_EBITDA_qb0of3,C5_ROE_DYN_yoy,0.22066491719151649,0.1952473266098218,0.025417590581694682,-0.5073090784199857,0.5241887318335656,14.48,106.444
EV_S_qb0of3__MOM_qb2of3__C14_EPS_DYN_ytdavg_gt_lyavg__v0,EV_S_qb0of3__MOM_qb2of3,C14_EPS_DYN_ytdavg_gt_lyavg,0.2206536657336733,0.19563407710056202,0.025019588633111267,-0.5859101694733793,0.4986639946559786,12.92,90.76491228070175
PS_qb0of3__NETDEBT_EBITDA_qb0of3__C5_ROE_DYN_yoy__v0,PS_qb0of3__NETDEBT_EBITDA_qb0of3,C5_ROE_DYN_yoy,0.22060315241225692,0.1627649501016779,0.05783820231057901,-0.5276900592609468,0.5277288732394366,15.05,49.536
PB_qb0of3__EV_S_qb0of3__C12_EPS_DYN_yoy__v0,PB_qb0of3__EV_S_qb0of3,C12_EPS_DYN_yoy,0.22047611125258393,0.19275879846190347,0.02771731279068046,-0.4947258742181262,0.5238742236024845,14.25,131.368
PB_qb0of3__FCF_OI_qb1of3__C7_ROE_DYN_ytdavg_gt_lyavg__v0,PB_qb0of3__FCF_OI_qb1of3,C7_ROE_DYN_ytdavg_gt_lyavg,0.2203288455075758,0.19021651029963826,0.030112335207937546,-0.5221516281250745,0.5163319622550205,12.54,68.91228070175438
P_IC_qb0of3__NETDEBT_EBITDA_qb1of3__C13_EPS_DYN_ytdavg_gt_lyytdavg__v0,P_IC_qb0of3__NETDEBT_EBITDA_qb1of3,C13_EPS_DYN_ytdavg_gt_lyytdavg,0.22018873817964413,0.18511348712500109,0.03507525105464304,-0.46847152867364084,0.5159151193633952,13.57,53.1719298245614
P_IC_qb0of3__DEBTRATIO_qb1of3__C4_ROE_DYN_qmax8__v0,P_IC_qb0of3__DEBTRATIO_qb1of3,C4_ROE_DYN_qmax8,0.22014414529270687,0.17831093585947433,0.04183320943323254,-0.6352326191066806,0.5442477876106194,14.8,18.107296137339056
EV_S_qb0of3__NETDEBT_EBITDA_qb0of3__C10_EPS_DYN_qmax4__v0,EV_S_qb0of3__NETDEBT_EBITDA_qb0of3,C10_EPS_DYN_qmax4,0.22008913138357067,0.1547916746673339,0.06529745671623677,-0.5331740426011924,0.5403808273145109,13.63,50.08015267175573
P_IC_qb0of3__ROE_qb2of3__C1_ROE_DYN_riseq1__v0,P_IC_qb0of3__ROE_qb2of3,C1_ROE_DYN_riseq1,0.22004104373200217,0.20928208051419395,0.010758963217808226,-0.46552662220307206,0.5236139630390144,14.54,55.916058394160586
P_IC_qb0of3__OCF_E_qb2of3__C12_EPS_DYN_yoy__v0,P_IC_qb0of3__OCF_E_qb2of3,C12_EPS_DYN_yoy,0.21991582351667516,0.18457415552402745,0.03534166799264771,-0.49892190410387427,0.5198483496877788,14.92,74.844
P_IC_qb0of3__MOM_qb2of3__C7_ROE_DYN_ytdavg_gt_lyavg__v0,P_IC_qb0of3__MOM_qb2of3,C7_ROE_DYN_ytdavg_gt_lyavg,0.21966524794378217,0.18204168375202867,0.0376235641917535,-0.6346801056122087,0.49780621572212064,12.69,80.87017543859649
MOM_qb2of3__OCF_E_qb2of3__C9_EPS_DYN_riseq2__v0,MOM_qb2of3__OCF_E_qb2of3,C9_EPS_DYN_riseq2,0.21963384200352332,0.16128648413460045,0.05834735786892287,-0.5701487752761938,0.5172228202368138,14.8,102.67518248175182
P_IC_qb0of3__FCF_OI_qb1of3__C14_EPS_DYN_ytdavg_gt_lyavg__v0,P_IC_qb0of3__FCF_OI_qb1of3,C14_EPS_DYN_ytdavg_gt_lyavg,0.21957197684380403,0.18557700877894123,0.033994968064862796,-0.5003717689697583,0.4935437589670014,12.82,70.7719298245614
PB_qb0of3__DEBTRATIO_qb2of3__C3_ROE_DYN_qmax4__v0,PB_qb0of3__DEBTRATIO_qb2of3,C3_ROE_DYN_qmax4,0.21950459929199018,0.18803320787283906,0.03147139141915112,-0.5434194033229804,0.5292507697570988,14.33,49.20992366412214
PB_qb0of3__EV_EBITDA_qb0of3__C2_ROE_DYN_riseq2__v0,PB_qb0of3__EV_EBITDA_qb0of3,C2_ROE_DYN_riseq2,0.21948086981309145,0.1952473266098218,0.024233543203269647,-0.4850564365155584,0.5434173669467787,13.98,110.62773722627738
EV_S_qb0of3__DEBTRATIO_qb0of3__C10_EPS_DYN_qmax4__v0,EV_S_qb0of3__DEBTRATIO_qb0of3,C10_EPS_DYN_qmax4,0.2194725882441062,0.17427513647925252,0.04519745176485368,-0.5609459193749132,0.523278370514064,13.71,33.3587786259542
P_IC_qb0of3__FCF_OI_qb1of3__C11_EPS_DYN_qmax8__v0,P_IC_qb0of3__FCF_OI_qb1of3,C11_EPS_DYN_qmax8,0.21943599657698454,0.18557700877894123,0.033858987798043305,-0.5686604796103831,0.5396825396825397,14.13,24.69527896995708
EV_S_qb0of3__MOM_qb2of3__C13_EPS_DYN_ytdavg_gt_lyytdavg__v0,EV_S_qb0of3__MOM_qb2of3,C13_EPS_DYN_ytdavg_gt_lyytdavg,0.21938658366893282,0.19563407710056202,0.0237525065683708,-0.5900503150350218,0.49693251533742333,12.87,92.53684210526316
MOM_qb2of3__ACCRUAL_qb0of3__C2_ROE_DYN_riseq2__v0,MOM_qb2of3__ACCRUAL_qb0of3,C2_ROE_DYN_riseq2,0.21936730018645778,0.15505270527372694,0.06431459491273084,-0.6448554629014468,0.5149905773513791,13.65,76.10218978102189
PS_qb0of3__EV_EBITDA_qb0of3__C14_EPS_DYN_ytdavg_gt_lyavg__v0,PS_qb0of3__EV_EBITDA_qb0of3,C14_EPS_DYN_ytdavg_gt_lyavg,0.21932944605422833,0.19253203521120743,0.026797410843020897,-0.42875167575087025,0.489404869251578,12.81,93.37543859649122
PS_qb0of3__OCF_E_qb2of3__C12_EPS_DYN_yoy__v0,PS_qb0of3__OCF_E_qb2of3,C12_EPS_DYN_yoy,0.21929683641811915,0.17777171665795666,0.04152511976016249,-0.4336948907839876,0.5053210358283079,15.33,96.316
EV_S_qb1of3__OCF_E_qb2of3__C4_ROE_DYN_qmax8__v0,EV_S_qb1of3__OCF_E_qb2of3,C4_ROE_DYN_qmax8,0.21924581613755167,0.12057084445892974,0.09867497167862194,-0.5826671363752818,0.5253682487725041,18.07,28.34763948497854
EV_S_qb1of3__ACCRUAL_qb1of3__C4_ROE_DYN_qmax8__v0,EV_S_qb1of3__ACCRUAL_qb1of3,C4_ROE_DYN_qmax8,0.21915035256701132,0.11564064478310487,0.10350970778390645,-0.636308117174214,0.5165609584214236,16.84,21.257510729613735
PB_qb0of3__PS_qb0of3__C5_ROE_DYN_yoy__v0,PB_qb0of3__PS_qb0of3,C5_ROE_DYN_yoy,0.2191237746353598,0.19683269190132835,0.022291082734031464,-0.5445821513389542,0.5210455506438593,14.08,133.484
PS_qb0of3__OCF_E_qb2of3__C3_ROE_DYN_qmax4__v0,PS_qb0of3__OCF_E_qb2of3,C3_ROE_DYN_qmax4,0.21900921157559594,0.17777171665795666,0.041237494917639284,-0.43989348498119973,0.5088819226750261,14.76,55.06488549618321
P_IC_qb0of3__EV_S_qb0of3__C7_ROE_DYN_ytdavg_gt_lyavg__v0,P_IC_qb0of3__EV_S_qb0of3,C7_ROE_DYN_ytdavg_gt_lyavg,0.21880735865383638,0.18640346143351416,0.03240389722032222,-0.47200120764917586,0.5446646755362476,12.8,111.91228070175438
EV_S_qb1of3__MOM_qb2of3__C4_ROE_DYN_qmax8__v0,EV_S_qb1of3__MOM_qb2of3,C4_ROE_DYN_qmax8,0.21880261757279396,0.1365027028696275,0.08229991470316644,-0.6400647175240797,0.5034347399411188,17.13,31.2274678111588
EV_S_qb0of3__MOM_qb2of3__C6_ROE_DYN_ytdavg_gt_lyytdavg__v0,EV_S_qb0of3__MOM_qb2of3,C6_ROE_DYN_ytdavg_gt_lyytdavg,0.21876586671300013,0.19563407710056202,0.023131789612438114,-0.59577438585796,0.5001724732666437,12.73,87.79298245614035
EV_S_qb0of3__None__C11_EPS_DYN_qmax8__v0,EV_S_qb0of3__None,C11_EPS_DYN_qmax8,0.21874802909182223,0.15765702596425268,0.06109100312756954,-0.49677391910142943,0.5177924568506286,15.51,83.5922746781116
PB_qb0of3__FCF_P_qb1of3__C11_EPS_DYN_qmax8__v0,PB_qb0of3__FCF_P_qb1of3,C11_EPS_DYN_qmax8,0.21871993642957577,0.18135868898675023,0.03736124744282554,-0.6048877026891306,0.5434995112414467,14.29,15.068669527896995
P_IC_qb0of3__None__C12_EPS_DYN_yoy__v0,P_IC_qb0of3__None,C12_EPS_DYN_yoy,0.21868089214434683,0.18180748761405363,0.0368734045302932,-0.5371215532243492,0.5149749446451463,14.67,243.792
P_IC_qb0of3__FCF_OI_qb1of3__C13_EPS_DYN_ytdavg_gt_lyytdavg__v0,P_IC_qb0of3__FCF_OI_qb1of3,C13_EPS_DYN_ytdavg_gt_lyytdavg,0.21861330512590116,0.18557700877894123,0.033036296346959926,-0.4959198161553918,0.49375866851595007,12.87,72.91228070175438
PB_qb0of3__OCF_E_qb2of3__C5_ROE_DYN_yoy__v0,PB_qb0of3__OCF_E_qb2of3,C5_ROE_DYN_yoy,0.21855256218762964,0.1959933102234963,0.02255925196413333,-0.4920437172295451,0.5173592845870595,15.17,60.928
EV_S_qb0of3__DEBTRATIO_qb0of3__C12_EPS_DYN_yoy__v0,EV_S_qb0of3__DEBTRATIO_qb0of3,C12_EPS_DYN_yoy,0.21853504676092328,0.17427513647925252,0.044259910281670756,-0.5239700416922124,0.534317637669593,14.72,57.04
P_IC_qb0of3__EV_EBITDA_qb0of3__C2_ROE_DYN_riseq2__v0,P_IC_qb0of3__EV_EBITDA_qb0of3,C2_ROE_DYN_riseq2,0.21849470252442704,0.19372967359465032,0.024765028929776722,-0.46288209029683325,0.531184436391379,13.62,102.43430656934306
PB_qb0of3__ACCRUAL_qb0of3__C9_EPS_DYN_riseq2__v0,PB_qb0of3__ACCRUAL_qb0of3,C9_EPS_DYN_riseq2,0.21847075655537962,0.17797297319254568,0.04049778336283394,-0.4982461767256742,0.5225414132941917,14.74,73.25182481751825
PS_qb0of3__NETDEBT_EBITDA_qb0of3__C14_EPS_DYN_ytdavg_gt_lyavg__v0,PS_qb0of3__NETDEBT_EBITDA_qb0of3,C14_EPS_DYN_ytdavg_gt_lyavg,0.21838968404383796,0.1627649501016779,0.055624733942160054,-0.49764588812801447,0.5195467422096317,13.27,42.49473684210526
MOM_qb2of3__ACCRUAL_qb0of3__C7_ROE_DYN_ytdavg_gt_lyavg__v0,MOM_qb2of3__ACCRUAL_qb0of3,C7_ROE_DYN_ytdavg_gt_lyavg,0.21828779514578267,0.15505270527372694,0.06323508987205573,-0.6000389020968083,0.5018834080717489,13.51,68.48771929824561
EV_S_qb0of3__ROE_qb2of3__C4_ROE_DYN_qmax8__v0,EV_S_qb0of3__ROE_qb2of3,C4_ROE_DYN_qmax8,0.2182428235649263,0.16080766307492578,0.057435160490000525,-0.4650179834770005,0.5179597701149425,17.77,44.93133047210301
PS_qb0of3__EV_EBITDA_qb0of3__C6_ROE_DYN_ytdavg_gt_lyytdavg__v0,PS_qb0of3__EV_EBITDA_qb0of3,C6_ROE_DYN_ytdavg_gt_lyytdavg,0.21808599269526718,0.19253203521120743,0.025553957484059753,-0.4078595153557637,0.4991731632412001,12.87,89.1859649122807
MOM_qb2of3__ROE_qb1of3__C4_ROE_DYN_qmax8__v0,MOM_qb2of3__ROE_qb1of3,C4_ROE_DYN_qmax8,0.21802691311916944,0.14308725897377994,0.0749396541453895,-0.5055923271464269,0.5184956843403206,13.91,24.406926406926406
PS_qb0of3__None__C11_EPS_DYN_qmax8__v0,PS_qb0of3__None,C11_EPS_DYN_qmax8,0.21800722253529004,0.16620841805915898,0.051798804476131055,-0.51278310915605,0.5116035960694125,15.27,85.52789699570816
PB_qb0of3__NETDEBT_EBITDA_qb0of3__C11_EPS_DYN_qmax8__v0,PB_qb0of3__NETDEBT_EBITDA_qb0of3,C11_EPS_DYN_qmax8,0.2179516093978502,0.1865829469130269,0.031368662484823284,-0.6180782501506675,0.5195797516714422,14.98,18.1931330472103
P_IC_qb0of3__EV_S_qb0of3__C14_EPS_DYN_ytdavg_gt_lyavg__v0,P_IC_qb0of3__EV_S_qb0of3,C14_EPS_DYN_ytdavg_gt_lyavg,0.21784891359709624,0.18640346143351416,0.03144545216358208,-0.48008043799995137,0.5352972399150743,13.01,116.44912280701755
PB_qb0of3__EV_S_qb0of3__C7_ROE_DYN_ytdavg_gt_lyavg__v0,PB_qb0of3__EV_S_qb0of3,C7_ROE_DYN_ytdavg_gt_lyavg,0.21782952903388098,0.19275879846190347,0.025070730571977506,-0.48197069313120056,0.5426748205264558,12.86,110.20701754385965
PB_qb0of3__NETDEBT_EBITDA_qb2of3__C3_ROE_DYN_qmax4__v0,PB_qb0of3__NETDEBT_EBITDA_qb2of3,C3_ROE_DYN_qmax4,0.21773449033420134,0.17776664450601265,0.039967845828188686,-0.5555220320456095,0.524002493765586,13.38,54.55343511450382
EV_S_qb0of3__NETDEBT_EBITDA_qb2of3__C11_EPS_DYN_qmax8__v0,EV_S_qb0of3__NETDEBT_EBITDA_qb2of3,C11_EPS_DYN_qmax8,0.21773082886504747,0.15594460285259082,0.061786226012456646,-0.5414765518144132,0.5055350553505535,14.55,18.943722943722943
P_IC_qb0of3__None__C11_EPS_DYN_qmax8__v0,P_IC_qb0of3__None,C11_EPS_DYN_qmax8,0.21771713036732487,0.18180748761405363,0.03590964275327124,-0.5305347157653539,0.5268004722550177,15.19,73.88412017167381
EV_S_qb1of3__FCF_OI_qb2of3__C4_ROE_DYN_qmax8__v0,EV_S_qb1of3__FCF_OI_qb2of3,C4_ROE_DYN_qmax8,0.21760873439407535,0.11669571151307889,0.10091302288099646,-0.5692191045918189,0.492156862745098,17.2,22.34334763948498
ROE_qb2of3__NETDEBT_EBITDA_qb0of3__C11_EPS_DYN_qmax8__v0,ROE_qb2of3__NETDEBT_EBITDA_qb0of3,C11_EPS_DYN_qmax8,0.21756188017276035,0.1064581381558376,0.11110374201692275,-0.5107462225458004,0.5382669196710942,16.93,27.76824034334764
P_IC_qb0of3__OCF_E_qb2of3__C5_ROE_DYN_yoy__v0,P_IC_qb0of3__OCF_E_qb2of3,C5_ROE_DYN_yoy,0.21745482053852028,0.18457415552402745,0.03288066501449283,-0.479235278538352,0.5174378846592205,14.8,73.252
EV_S_qb0of3__EV_EBITDA_qb0of3__C9_EPS_DYN_riseq2__v0,EV_S_qb0of3__EV_EBITDA_qb0of3,C9_EPS_DYN_riseq2,0.2174220210826574,0.17847911845269882,0.03894290262995859,-0.4072276446059885,0.5301169157910315,14.21,135.54744525547446
PB_qb0of3__DEBTRATIO_qb2of3__C12_EPS_DYN_yoy__v0,PB_qb0of3__DEBTRATIO_qb2of3,C12_EPS_DYN_yoy,0.2174001469820821,0.18803320787283906,0.02936693910924304,-0.5518337134300905,0.5100058858151854,15.0,89.624
PB_qb0of3__ACCRUAL_qb0of3__C12_EPS_DYN_yoy__v0,PB_qb0of3__ACCRUAL_qb0of3,C12_EPS_DYN_yoy,0.21738418016039418,0.17797297319254568,0.0394112069678485,-0.5201251755698038,0.5071877807726864,15.02,70.576
P_IC_qb0of3__NETDEBT_EBITDA_qb2of3__C3_ROE_DYN_qmax4__v0,P_IC_qb0of3__NETDEBT_EBITDA_qb2of3,C3_ROE_DYN_qmax4,0.21721755409837962,0.17686162789661508,0.040355926201764536,-0.5529773059814571,0.5230441975892224,13.38,72.27099236641222
P_IC_qb0of3__MOM_qb2of3__C6_ROE_DYN_ytdavg_gt_lyytdavg__v0,P_IC_qb0of3__MOM_qb2of3,C6_ROE_DYN_ytdavg_gt_lyytdavg,0.2171852104882095,0.18204168375202867,0.03514352673618082,-0.6334630227029454,0.49537366548042705,12.78,83.3859649122807
MOM_qb2of3__EV_EBITDA_qb0of3__C9_EPS_DYN_riseq2__v0,MOM_qb2of3__EV_EBITDA_qb0of3,C9_EPS_DYN_riseq2,0.21707766022669528,0.18152517875580787,0.03555248147088741,-0.5479048749189996,0.5130955697966008,13.57,103.17518248175182
P_IC_qb0of3__EV_S_qb0of3__C13_EPS_DYN_ytdavg_gt_lyytdavg__v0,P_IC_qb0of3__EV_S_qb0of3,C13_EPS_DYN_ytdavg_gt_lyytdavg,0.21700326981595386,0.18640346143351416,0.030599808382439697,-0.4773088237192906,0.5344551282051282,12.95,120.53333333333333
P_IC_qb0of3__MOM_qb2of3__C14_EPS_DYN_ytdavg_gt_lyavg__v0,P_IC_qb0of3__MOM_qb2of3,C14_EPS_DYN_ytdavg_gt_lyavg,0.21697845646114833,0.18204168375202867,0.03493677270911966,-0.6357954573143672,0.4907647160365959,12.93,86.7578947368421
MOM_qb2of3__OCF_E_qb2of3__C2_ROE_DYN_riseq2__v0,MOM_qb2of3__OCF_E_qb2of3,C2_ROE_DYN_riseq2,0.21693476550381563,0.16128648413460045,0.05564828136921518,-0.6225912336127146,0.5195600723931505,14.39,98.99270072992701
PB_qb0of3__ROIC_qb2of3__C14_EPS_DYN_ytdavg_gt_lyavg__v0,PB_qb0of3__ROIC_qb2of3,C14_EPS_DYN_ytdavg_gt_lyavg,0.21687797415746002,0.2065902141161089,0.010287760041351124,-0.40420751307813685,0.4956689124157844,15.51,31.90875912408759
P_IC_qb0of3__EV_S_qb0of3__C6_ROE_DYN_ytdavg_gt_lyytdavg__v0,P_IC_qb0of3__EV_S_qb0of3,C6_ROE_DYN_ytdavg_gt_lyytdavg,0.2168492122543031,0.18640346143351416,0.03044575082078893,-0.46676038902046146,0.5407245982021247,12.77,116.24912280701754
MOM_qb2of3__OCF_E_qb2of3__C12_EPS_DYN_yoy__v0,MOM_qb2of3__OCF_E_qb2of3,C12_EPS_DYN_yoy,0.21681024799243653,0.16128648413460045,0.055523763857836084,-0.6242450188203883,0.5124472860835261,16.05,111.18
P_IC_qb0of3__None__C5_ROE_DYN_yoy__v0,P_IC_qb0of3__None,C5_ROE_DYN_yoy,0.2167269285295541,0.18180748761405363,0.03491944091550048,-0.5401862095488139,0.5184561741012385,14.61,235.872
P_IC_qb0of3__ROE_qb2of3__C2_ROE_DYN_riseq2__v0,P_IC_qb0of3__ROE_qb2of3,C2_ROE_DYN_riseq2,0.21667792534928565,0.20928208051419395,0.007395844835091703,-0.4779070619106237,0.5294627383015598,14.89,56.839416058394164
PS_qb0of3__ACCRUAL_qb0of3__C11_EPS_DYN_qmax8__v0,PS_qb0of3__ACCRUAL_qb0of3,C11_EPS_DYN_qmax8,0.21645883025627244,0.16627029120688008,0.050188539049392356,-0.4320869001039024,0.519134775374376,15.02,26.682403433476395
PB_qb0of3__ACCRUAL_qb0of3__C5_ROE_DYN_yoy__v0,PB_qb0of3__ACCRUAL_qb0of3,C5_ROE_DYN_yoy,0.2163108865720036,0.17797297319254568,0.03833791337945791,-0.5082337555840488,0.5067883895131086,14.88,67.768
PB_qb0of3__DEBTRATIO_qb2of3__C5_ROE_DYN_yoy__v0,PB_qb0of3__DEBTRATIO_qb2of3,C5_ROE_DYN_yoy,0.2162187801258315,0.18803320787283906,0.028185572252992452,-0.5571050143190127,0.5101311084624554,14.81,88.048
PB_qb0of3__FCF_OI_qb1of3__C5_ROE_DYN_yoy__v0,PB_qb0of3__FCF_OI_qb1of3,C5_ROE_DYN_yoy,0.21617539348242176,0.19021651029963826,0.0259588831827835,-0.5481307372822859,0.5166098807495741,13.94,78.864
EV_S_qb0of3__EV_EBITDA_qb0of3__C11_EPS_DYN_qmax8__v0,EV_S_qb0of3__EV_EBITDA_qb0of3,C11_EPS_DYN_qmax8,0.21611862028792062,0.17847911845269882,0.0376395018352218,-0.48651111051006246,0.5225390984360626,15.59,55.05579399141631
PB_qb0of3__EV_S_qb0of3__C9_EPS_DYN_riseq2__v0,PB_qb0of3__EV_S_qb0of3,C9_EPS_DYN_riseq2,0.21609555070740738,0.19275879846190347,0.02333675224550391,-0.46232325660511486,0.542444108253488,14.05,133.16423357664235
MOM_qb2of3__ROE_qb2of3__C12_EPS_DYN_yoy__v0,MOM_qb2of3__ROE_qb2of3,C12_EPS_DYN_yoy,0.2160937831362968,0.1681772621398312,0.047916520996465595,-0.6214095928745444,0.5033450918379759,16.64,143.128
PB_qb0of3__FCF_OI_qb1of3__C12_EPS_DYN_yoy__v0,PB_qb0of3__FCF_OI_qb1of3,C12_EPS_DYN_yoy,0.21600424919295347,0.19021651029963826,0.025787738893315204,-0.5257083665857569,0.5165437302423603,13.94,79.156
ROE_qb2of3__ACCRUAL_qb0of3__C11_EPS_DYN_qmax8__v0,ROE_qb2of3__ACCRUAL_qb0of3,C11_EPS_DYN_qmax8,0.21591804880398557,0.1151828149211398,0.10073523388284578,-0.4505928037861806,0.5082223962411903,19.13,39.493562231759654
EV_S_qb0of3__OCF_E_qb1of3__C10_EPS_DYN_qmax4__v0,EV_S_qb0of3__OCF_E_qb1of3,C10_EPS_DYN_qmax4,0.21588770631361576,0.16012337011211542,0.05576433620150034,-0.4762083325448554,0.536112934996717,13.49,43.87404580152672
EV_S_qb1of3__DEBTRATIO_qb2of3__C4_ROE_DYN_qmax8__v0,EV_S_qb1of3__DEBTRATIO_qb2of3,C4_ROE_DYN_qmax8,0.2158259627815462,0.12155643979061281,0.09426952299093339,-0.5328431564275274,0.49608150470219436,14.71,20.11587982832618
PB_qb0of3__ROE_qb2of3__C19_FCF_P_DYN_yoy__v0,PB_qb0of3__ROE_qb2of3,C19_FCF_P_DYN_yoy,0.21560150929446653,0.20625735013604096,0.009344159158425569,-0.5327257359775517,0.5212014134275619,16.1,25.692
MOM_qb2of3__ROIC_qb2of3__C5_ROE_DYN_yoy__v0,MOM_qb2of3__ROIC_qb2of3,C5_ROE_DYN_yoy,0.2155746241727332,0.1626939247574768,0.052880699415256416,-0.6283731099642939,0.503558249868213,16.29,128.296
MOM_qb2of3__ROE_qb2of3__C11_EPS_DYN_qmax8__v0,MOM_qb2of3__ROE_qb2of3,C11_EPS_DYN_qmax8,0.21556940240594513,0.1681772621398312,0.047392140266113936,-0.6149472691946936,0.5095040419488748,16.97,73.68669527896996
EV_S_qb0of3__NETDEBT_EBITDA_qb0of3__C11_EPS_DYN_qmax8__v0,EV_S_qb0of3__NETDEBT_EBITDA_qb0of3,C11_EPS_DYN_qmax8,0.21553475547630385,0.1547916746673339,0.06074308080896995,-0.5863459213561373,0.5373333333333333,14.53,25.871244635193133
P_IC_qb0of3__FCF_OI_qb1of3__C2_ROE_DYN_riseq2__v0,P_IC_qb0of3__FCF_OI_qb1of3,C2_ROE_DYN_riseq2,0.2154744070795156,0.18557700877894123,0.029897398300574363,-0.5024575982210888,0.521272365805169,13.63,80.5
MOM_qb2of3__EV_EBITDA_qb0of3__C3_ROE_DYN_qmax4__v0,MOM_qb2of3__EV_EBITDA_qb0of3,C3_ROE_DYN_qmax4,0.21545319381406225,0.18152517875580787,0.03392801505825438,-0.5856904982741815,0.5189568266491343,13.9,63.69465648854962
PS_qb0of3__NETDEBT_EBITDA_qb0of3__C4_ROE_DYN_qmax8__v0,PS_qb0of3__NETDEBT_EBITDA_qb0of3,C4_ROE_DYN_qmax8,0.21544900146338053,0.1627649501016779,0.05268405136170262,-0.6353828872001348,0.5177664974619289,15.11,12.86266094420601
PB_qb0of3__FCF_P_qb1of3__C5_ROE_DYN_yoy__v0,PB_qb0of3__FCF_P_qb1of3,C5_ROE_DYN_yoy,0.21544424735063816,0.18135868898675023,0.034085558363887936,-0.5248302327645604,0.5174114915844458,14.23,53.152
PB_qb0of3__ROIC_qb2of3__C7_ROE_DYN_ytdavg_gt_lyavg__v0,PB_qb0of3__ROIC_qb2of3,C7_ROE_DYN_ytdavg_gt_lyavg,0.21543365700098493,0.2065902141161089,0.00884344288487604,-0.44641918880225195,0.4973945997157745,14.83,32.13138686131387
PB_qb0of3__PS_qb0of3__C3_ROE_DYN_qmax4__v0,PB_qb0of3__PS_qb0of3,C3_ROE_DYN_qmax4,0.21539207012109562,0.19683269190132835,0.018559378219767275,-0.5255248344075949,0.5269280482550625,13.35,77.2557251908397
PB_qb0of3__EV_S_qb0of3__C2_ROE_DYN_riseq2__v0,PB_qb0of3__EV_S_qb0of3,C2_ROE_DYN_riseq2,0.21534614669511365,0.19275879846190347,0.02258734823321018,-0.4858913302800124,0.5408043075887599,14.04,132.37226277372264
PB_qb0of3__EV_S_qb0of3__C3_ROE_DYN_qmax4__v0,PB_qb0of3__EV_S_qb0of3,C3_ROE_DYN_qmax4,0.21525556314805439,0.19275879846190347,0.022496764686150916,-0.4543304281758419,0.5283528352835284,13.88,73.66793893129771
MOM_qb2of3__ROE_qb2of3__C3_ROE_DYN_qmax4__v0,MOM_qb2of3__ROE_qb2of3,C3_ROE_DYN_qmax4,0.21506491526346916,0.1681772621398312,0.04688765312363796,-0.6076274750377395,0.5172796448953709,15.05,87.91603053435115
P_IC_qb0of3__MOM_qb2of3__C13_EPS_DYN_ytdavg_gt_lyytdavg__v0,P_IC_qb0of3__MOM_qb2of3,C13_EPS_DYN_ytdavg_gt_lyytdavg,0.21505528392310813,0.18204168375202867,0.03301360017107946,-0.6387050295633308,0.4899340213161901,13.06,88.66666666666667
PB_qb0of3__NETDEBT_EBITDA_qb0of3__C7_ROE_DYN_ytdavg_gt_lyavg__v0,PB_qb0of3__NETDEBT_EBITDA_qb0of3,C7_ROE_DYN_ytdavg_gt_lyavg,0.2150048460966485,0.1865829469130269,0.02842189918362159,-0.5413828591884537,0.5493091948546928,13.41,54.85614035087719
PB_qb0of3__FCF_OI_qb1of3__C9_EPS_DYN_riseq2__v0,PB_qb0of3__FCF_OI_qb1of3,C9_EPS_DYN_riseq2,0.21495046235002357,0.19021651029963826,0.02473395205038531,-0.5083829930663439,0.5274105754276828,13.46,81.88321167883211
PB_qb0of3__MOM_qb2of3__C5_ROE_DYN_yoy__v0,PB_qb0of3__MOM_qb2of3,C5_ROE_DYN_yoy,0.21487208036983785,0.17812025809063203,0.036751822279205815,-0.6211226603390532,0.5014502644599897,14.41,93.032
PB_qb0of3__None__C11_EPS_DYN_qmax8__v0,PB_qb0of3__None,C11_EPS_DYN_qmax8,0.21473413280577103,0.1813653578473695,0.033368774958401515,-0.5465324618853563,0.524220623501199,15.77,72.21459227467811
PS_qb0of3__EV_EBITDA_qb0of3__C3_ROE_DYN_qmax4__v0,PS_qb0of3__EV_EBITDA_qb0of3,C3_ROE_DYN_qmax4,0.21467739361145943,0.19253203521120743,0.022145358400252002,-0.438502981037302,0.5062469966362326,13.39,64.62977099236642
PB_qb1of3__OCF_E_qb2of3__C3_ROE_DYN_qmax4__v0,PB_qb1of3__OCF_E_qb2of3,C3_ROE_DYN_qmax4,0.21458426219723203,0.1259024888946132,0.08868177330261884,-0.5656152196878387,0.5231259968102073,14.88,44.538167938931295
P_IC_qb0of3__FCF_OI_qb1of3__C10_EPS_DYN_qmax4__v0,P_IC_qb0of3__FCF_OI_qb1of3,C10_EPS_DYN_qmax4,0.2145825085546802,0.18557700877894123,0.029005499775738963,-0.5182241443945199,0.5381703470031546,12.73,45.88167938931298
PB_qb0of3__EV_EBITDA_qb0of3__C3_ROE_DYN_qmax4__v0,PB_qb0of3__EV_EBITDA_qb0of3,C3_ROE_DYN_qmax4,0.21450496464223145,0.1952473266098218,0.019257638032409652,-0.4645958519729999,0.5248756218905473,13.88,64.3587786259542
PS_qb0of3__EV_EBITDA_qb0of3__C7_ROE_DYN_ytdavg_gt_lyavg__v0,PS_qb0of3__EV_EBITDA_qb0of3,C7_ROE_DYN_ytdavg_gt_lyavg,0.21445014802059958,0.19253203521120743,0.021918112809392154,-0.40385183652564627,0.49417360285374556,12.87,87.09122807017543
PS_qb0of3__ACCRUAL_qb0of3__C12_EPS_DYN_yoy__v0,PS_qb0of3__ACCRUAL_qb0of3,C12_EPS_DYN_yoy,0.21441062033302116,0.16627029120688008,0.04814032912614108,-0.4391311135362326,0.49739776951672865,15.77,84.776
P_IC_qb0of3__PS_qb0of3__C7_ROE_DYN_ytdavg_gt_lyavg__v0,P_IC_qb0of3__PS_qb0of3,C7_ROE_DYN_ytdavg_gt_lyavg,0.2144026656796829,0.19078211269583956,0.023620552983843357,-0.5026269684289646,0.5311857436600411,12.9,135.01052631578946
EV_S_qb0of3__EV_EBITDA_qb0of3__C14_EPS_DYN_ytdavg_gt_lyavg__v0,EV_S_qb0of3__EV_EBITDA_qb0of3,C14_EPS_DYN_ytdavg_gt_lyavg,0.21436750762034662,0.17847911845269882,0.035888389167647805,-0.43184922923692004,0.5052114060963618,13.69,115.52280701754385
PB_qb0of3__NETDEBT_EBITDA_qb2of3__C10_EPS_DYN_qmax4__v0,PB_qb0of3__NETDEBT_EBITDA_qb2of3,C10_EPS_DYN_qmax4,0.2142991103161076,0.17776664450601265,0.03653246581009495,-0.5478821242935243,0.5238384451867598,13.26,56.286259541984734
PB_qb1of3__ACCRUAL_qb1of3__C4_ROE_DYN_qmax8__v0,PB_qb1of3__ACCRUAL_qb1of3,C4_ROE_DYN_qmax8,0.21426481535531194,0.10547281823417798,0.10879199712113397,-0.73988790338313,0.5117474302496329,13.89,20.613733905579398
PS_qb0of3__NETDEBT_EBITDA_qb0of3__C13_EPS_DYN_ytdavg_gt_lyytdavg__v0,PS_qb0of3__NETDEBT_EBITDA_qb0of3,C13_EPS_DYN_ytdavg_gt_lyytdavg,0.21425765617935522,0.1627649501016779,0.05149270607767731,-0.49007190122075006,0.527580557072638,13.85,45.41754385964912
PB_qb0of3__PS_qb0of3__C7_ROE_DYN_ytdavg_gt_lyavg__v0,PB_qb0of3__PS_qb0of3,C7_ROE_DYN_ytdavg_gt_lyavg,0.2142137249601117,0.19683269190132835,0.017381033058783357,-0.511214312043794,0.5350766909730953,12.73,116.79298245614035
PB_qb0of3__EV_S_qb0of3__C10_EPS_DYN_qmax4__v0,PB_qb0of3__EV_S_qb0of3,C10_EPS_DYN_qmax4,0.21418202922588203,0.19275879846190347,0.021423230763978562,-0.4516502067924837,0.5330004342162397,13.14,78.34351145038168
P_IC_qb0of3__FCF_P_qb1of3__C2_ROE_DYN_riseq2__v0,P_IC_qb0of3__FCF_P_qb1of3,C2_ROE_DYN_riseq2,0.214172318711237,0.17742558888731907,0.03674672982391791,-0.5316935646168137,0.5226921889472059,14.12,46.25547445255474
PB_qb0of3__PS_qb0of3__C10_EPS_DYN_qmax4__v0,PB_qb0of3__PS_qb0of3,C10_EPS_DYN_qmax4,0.21413923747240493,0.19683269190132835,0.01730654557107658,-0.5316670885397479,0.5328755722014149,12.92,81.72900763358778
PB_qb0of3__NETDEBT_EBITDA_qb0of3__C2_ROE_DYN_riseq2__v0,PB_qb0of3__NETDEBT_EBITDA_qb0of3,C2_ROE_DYN_riseq2,0.21406293770464258,0.1865829469130269,0.02747999079161567,-0.5685267308037197,0.5463239689181112,14.4,68.9051094890511
EV_S_qb0of3__OCF_E_qb2of3__C3_ROE_DYN_qmax4__v0,EV_S_qb0of3__OCF_E_qb2of3,C3_ROE_DYN_qmax4,0.2139459297075894,0.15528067250881317,0.058665257198776244,-0.444551329516752,0.5097244732576985,16.1,53.221374045801525
P_IC_qb0of3__EV_EBITDA_qb0of3__C10_EPS_DYN_qmax4__v0,P_IC_qb0of3__EV_EBITDA_qb0of3,C10_EPS_DYN_qmax4,0.21393519754825285,0.19372967359465032,0.020205523953602533,-0.4959390833532301,0.5279625523527962,13.51,66.21374045801527
MOM_qb2of3__EV_EBITDA_qb1of3__C4_ROE_DYN_qmax8__v0,MOM_qb2of3__EV_EBITDA_qb1of3,C4_ROE_DYN_qmax8,0.21389205670231304,0.16230434248849268,0.05158771421382036,-0.6825679839719827,0.5295774647887324,15.6,37.081545064377686
PB_qb0of3__EV_S_qb0of3__C14_EPS_DYN_ytdavg_gt_lyavg__v0,PB_qb0of3__EV_S_qb0of3,C14_EPS_DYN_ytdavg_gt_lyavg,0.2138880817429092,0.19275879846190347,0.021129283281005717,-0.4888541347400954,0.5331262939958592,13.33,113.6
PS_qb0of3__ROIC_qb2of3__C4_ROE_DYN_qmax8__v0,PS_qb0of3__ROIC_qb2of3,C4_ROE_DYN_qmax8,0.21385330113446988,0.16300310603459844,0.05085019509987143,-0.43553579471454695,0.5140073081607796,16.14,38.54935622317596
PB_qb0of3__ACCRUAL_qb0of3__C7_ROE_DYN_ytdavg_gt_lyavg__v0,PB_qb0of3__ACCRUAL_qb0of3,C7_ROE_DYN_ytdavg_gt_lyavg,0.21380422137156208,0.17797297319254568,0.035831248179016395,-0.5275334412723963,0.5126353790613718,13.38,62.20701754385965
MOM_qb2of3__ROIC_qb2of3__C4_ROE_DYN_qmax8__v0,MOM_qb2of3__ROIC_qb2of3,C4_ROE_DYN_qmax8,0.21379772647743178,0.1626939247574768,0.05110380171995499,-0.6821274949092062,0.5166448230668415,16.67,59.24892703862661
EV_S_qb1of3__ACCRUAL_qb0of3__C3_ROE_DYN_qmax4__v0,EV_S_qb1of3__ACCRUAL_qb0of3,C3_ROE_DYN_qmax4,0.21362876358224914,0.12264039060979393,0.09098837297245521,-0.5574432790290843,0.5191056910569106,14.57,35.07251908396947
PS_qb0of3__OCF_E_qb2of3__C5_ROE_DYN_yoy__v0,PS_qb0of3__OCF_E_qb2of3,C5_ROE_DYN_yoy,0.2136151983334793,0.17777171665795666,0.03584348167552265,-0.4350986845217555,0.501081860800577,15.19,93.508
P_IC_qb0of3__OCF_E_qb2of3__C11_EPS_DYN_qmax8__v0,P_IC_qb0of3__OCF_E_qb2of3,C11_EPS_DYN_qmax8,0.21356990167324796,0.18457415552402745,0.028995746149220514,-0.5665179747216048,0.5342548076923077,15.07,26.00429184549356
MOM_qb2of3__EV_EBITDA_qb0of3__C7_ROE_DYN_ytdavg_gt_lyavg__v0,MOM_qb2of3__EV_EBITDA_qb0of3,C7_ROE_DYN_ytdavg_gt_lyavg,0.21354577989266055,0.18152517875580787,0.03202060113685268,-0.5505314400469339,0.49529095190043726,12.69,83.6
EV_S_qb0of3__EV_EBITDA_qb0of3__C13_EPS_DYN_ytdavg_gt_lyytdavg__v0,EV_S_qb0of3__EV_EBITDA_qb0of3,C13_EPS_DYN_ytdavg_gt_lyytdavg,0.21344741546003787,0.17847911845269882,0.034968297007339055,-0.4334557878137397,0.5126217451798847,13.62,118.62105263157895
P_IC_qb0of3__DEBTRATIO_qb0of3__C15_FCF_P_DYN_riseq1__v0,P_IC_qb0of3__DEBTRATIO_qb0of3,C15_FCF_P_DYN_riseq1,0.21336217505425292,0.20424156536402682,0.0091206096902261,-0.6253253951925595,0.5109356014580801,15.02,25.133333333333333
MOM_qb2of3__EV_EBITDA_qb0of3__C13_EPS_DYN_ytdavg_gt_lyytdavg__v0,MOM_qb2of3__EV_EBITDA_qb0of3,C13_EPS_DYN_ytdavg_gt_lyytdavg,0.2131654110969119,0.18152517875580787,0.031640232341104024,-0.5545105061301465,0.4952944748026715,12.97,93.63157894736842
P_IC_qb0of3__PS_qb0of3__C3_ROE_DYN_qmax4__v0,P_IC_qb0of3__PS_qb0of3,C3_ROE_DYN_qmax4,0.21315817593534558,0.19078211269583956,0.022376063239506028,-0.5085674470440478,0.5260247855100095,13.29,88.6030534351145
PB_qb0of3__FCF_OI_qb1of3__C3_ROE_DYN_qmax4__v0,PB_qb0of3__FCF_OI_qb1of3,C3_ROE_DYN_qmax4,0.2131210055137467,0.19021651029963826,0.022904495214108422,-0.4994984509118918,0.5361426256077796,12.77,44.396946564885496
PB_qb0of3__DEBTRATIO_qb2of3__C9_EPS_DYN_riseq2__v0,PB_qb0of3__DEBTRATIO_qb2of3,C9_EPS_DYN_riseq2,0.2130810977414579,0.18803320787283906,0.025047889868618833,-0.5365744833450738,0.5404929577464789,14.7,90.08394160583941
P_IC_qb0of3__MOM_qb2of3__C9_EPS_DYN_riseq2__v0,P_IC_qb0of3__MOM_qb2of3,C9_EPS_DYN_riseq2,0.21295337482434284,0.18204168375202867,0.030911691072314174,-0.6579710130864402,0.5091383812010444,13.6,96.7919708029197
PB_qb0of3__NETDEBT_EBITDA_qb0of3__C9_EPS_DYN_riseq2__v0,PB_qb0of3__NETDEBT_EBITDA_qb0of3,C9_EPS_DYN_riseq2,0.21287958400094964,0.1865829469130269,0.026296637087922736,-0.565247879731885,0.5563294972743792,13.93,67.64963503649635
PB_qb0of3__FCF_P_qb1of3__C9_EPS_DYN_riseq2__v0,PB_qb0of3__FCF_P_qb1of3,C9_EPS_DYN_riseq2,0.21287533459536556,0.18135868898675023,0.031516645608615335,-0.5257723529183034,0.5323702514713751,13.68,54.28102189781022
PB_qb0of3__EV_EBITDA_qb0of3__C7_ROE_DYN_ytdavg_gt_lyavg__v0,PB_qb0of3__EV_EBITDA_qb0of3,C7_ROE_DYN_ytdavg_gt_lyavg,0.21287078249709945,0.1952473266098218,0.01762345588727765,-0.5142741029070135,0.5233509870004814,13.1,91.22105263157894
EV_S_qb0of3__NETDEBT_EBITDA_qb2of3__C5_ROE_DYN_yoy__v0,EV_S_qb0of3__NETDEBT_EBITDA_qb2of3,C5_ROE_DYN_yoy,0.21285154962950226,0.15594460285259082,0.05690694677691144,-0.5455111615156746,0.4873137333870318,13.73,62.656
P_IC_qb0of3__PB_qb0of3__C11_EPS_DYN_qmax8__v0,P_IC_qb0of3__PB_qb0of3,C11_EPS_DYN_qmax8,0.21283357102591594,0.18660855823064182,0.026225012795274116,-0.5325451204984588,0.5197972758948368,15.96,54.03004291845494
PS_qb0of3__EV_EBITDA_qb0of3__C10_EPS_DYN_qmax4__v0,PS_qb0of3__EV_EBITDA_qb0of3,C10_EPS_DYN_qmax4,0.21283284468632457,0.19253203521120743,0.020300809475117143,-0.46043900172902763,0.5104464482076094,13.29,72.27480916030534
P_IC_qb0of3__FCF_OI_qb1of3__C9_EPS_DYN_riseq2__v0,P_IC_qb0of3__FCF_OI_qb1of3,C9_EPS_DYN_riseq2,0.21278689890948832,0.18557700877894123,0.027209890130547087,-0.49202119330167426,0.5222752585521082,13.61,80.42700729927007
PB_qb0of3__ROIC_qb2of3__C9_EPS_DYN_riseq2__v0,PB_qb0of3__ROIC_qb2of3,C9_EPS_DYN_riseq2,0.21266900462273552,0.2065902141161089,0.00607879050662663,-0.44253327825556965,0.5152487961476726,15.75,37.941605839416056
PS_qb0of3__NETDEBT_EBITDA_qb0of3__C7_ROE_DYN_ytdavg_gt_lyavg__v0,PS_qb0of3__NETDEBT_EBITDA_qb0of3,C7_ROE_DYN_ytdavg_gt_lyavg,0.21264338685571027,0.1627649501016779,0.04987843675403236,-0.4914337205174403,0.5315366972477065,13.11,41.463157894736845
PS_qb0of3__ACCRUAL_qb0of3__C10_EPS_DYN_qmax4__v0,PS_qb0of3__ACCRUAL_qb0of3,C10_EPS_DYN_qmax4,0.21262183414713487,0.16627029120688008,0.046351542940254786,-0.4739407807806979,0.5198813056379822,13.9,47.92748091603053
PS_qb0of3__MOM_qb2of3__C7_ROE_DYN_ytdavg_gt_lyavg__v0,PS_qb0of3__MOM_qb2of3,C7_ROE_DYN_ytdavg_gt_lyavg,0.2124661328180495,0.18562674496910136,0.026839387848948126,-0.6149716107659582,0.49641294838145233,12.67,85.92631578947369
P_IC_qb0of3__FCF_OI_qb1of3__C3_ROE_DYN_qmax4__v0,P_IC_qb0of3__FCF_OI_qb1of3,C3_ROE_DYN_qmax4,0.2124016562467903,0.18557700877894123,0.026824647467849072,-0.48832582408916736,0.5378343118069145,12.91,43.847328244274806
PB_qb0of3__FCF_OI_qb1of3__C2_ROE_DYN_riseq2__v0,PB_qb0of3__FCF_OI_qb1of3,C2_ROE_DYN_riseq2,0.21215152291057393,0.19021651029963826,0.021935012610935667,-0.5190230947422763,0.5260406582768635,13.55,82.1970802919708
EV_S_qb0of3__EV_EBITDA_qb0of3__C3_ROE_DYN_qmax4__v0,EV_S_qb0of3__EV_EBITDA_qb0of3,C3_ROE_DYN_qmax4,0.2120020398343232,0.17847911845269882,0.03352292138162438,-0.4175195036008378,0.5182291666666666,14.42,79.11832061068702
PB_qb0of3__EV_S_qb0of3__C13_EPS_DYN_ytdavg_gt_lyytdavg__v0,PB_qb0of3__EV_S_qb0of3,C13_EPS_DYN_ytdavg_gt_lyytdavg,0.21198076574313607,0.19275879846190347,0.0192219672812326,-0.48576780532504193,0.5372437062029587,13.35,117.98245614035088
ROE_qb2of3__EV_EBITDA_qb0of3__C14_EPS_DYN_ytdavg_gt_lyavg__v0,ROE_qb2of3__EV_EBITDA_qb0of3,C14_EPS_DYN_ytdavg_gt_lyavg,0.21197377948521523,0.17599537128535347,0.035978408199861756,-0.36188688517094403,0.48148927219183846,14.98,85.87719298245614
P_IC_qb1of3__DEBTRATIO_qb0of3__C4_ROE_DYN_qmax8__v0,P_IC_qb1of3__DEBTRATIO_qb0of3,C4_ROE_DYN_qmax8,0.21182204714978892,0.14025437918169104,0.07156766796809788,-0.5108766175578936,0.5302325581395348,16.74,21.51931330472103
P_IC_qb0of3__PS_qb0of3__C6_ROE_DYN_ytdavg_gt_lyytdavg__v0,P_IC_qb0of3__PS_qb0of3,C6_ROE_DYN_ytdavg_gt_lyytdavg,0.21180885122456594,0.19078211269583956,0.021026738528726385,-0.49678164849005924,0.5220975498053584,12.88,139.05964912280703
PS_qb0of3__OCF_E_qb2of3__C11_EPS_DYN_qmax8__v0,PS_qb0of3__OCF_E_qb2of3,C11_EPS_DYN_qmax8,0.21176437761714273,0.17777171665795666,0.03399266095918607,-0.45201806779844733,0.5124291321412996,15.69,36.02575107296137
P_IC_qb0of3__PS_qb0of3__C13_EPS_DYN_ytdavg_gt_lyytdavg__v0,P_IC_qb0of3__PS_qb0of3,C13_EPS_DYN_ytdavg_gt_lyytdavg,0.2116920572377763,0.19078211269583956,0.02090994454193673,-0.5118746655003279,0.5185604345857854,12.93,144.66315789473686
P_IC_qb0of3__PS_qb0of3__C14_EPS_DYN_ytdavg_gt_lyavg__v0,P_IC_qb0of3__PS_qb0of3,C14_EPS_DYN_ytdavg_gt_lyavg,0.21165763194744835,0.19078211269583956,0.0208755192516088,-0.5147457123861352,0.5201986007673212,13.08,140.35438596491227
P_IC_qb0of3__None__C14_EPS_DYN_ytdavg_gt_lyavg__v0,P_IC_qb0of3__None,C14_EPS_DYN_ytdavg_gt_lyavg,0.2115932192086154,0.18180748761405363,0.02978573159456177,-0.5382198682928065,0.5323952879581152,13.57,216.2140350877193
MOM_qb2of3__EV_EBITDA_qb0of3__C10_EPS_DYN_qmax4__v0,MOM_qb2of3__EV_EBITDA_qb0of3,C10_EPS_DYN_qmax4,0.21155888018783386,0.18152517875580787,0.030033701432025994,-0.545502862358321,0.5186473429951691,14.42,72.79389312977099
MOM_qb2of3__FCF_OI_qb1of3__C5_ROE_DYN_yoy__v0,MOM_qb2of3__FCF_OI_qb1of3,C5_ROE_DYN_yoy,0.21151923347614,0.15028408428317808,0.06123514919296191,-0.6389691911293977,0.5046852122986822,14.94,99.2
MOM_qb2of3__OCF_E_qb2of3__C7_ROE_DYN_ytdavg_gt_lyavg__v0,MOM_qb2of3__OCF_E_qb2of3,C7_ROE_DYN_ytdavg_gt_lyavg,0.21150483168164147,0.16128648413460045,0.05021834754704102,-0.5976522032177995,0.5070572165730763,13.88,87.78245614035087
P_IC_qb0of3__PB_qb0of3__C5_ROE_DYN_yoy__v0,P_IC_qb0of3__PB_qb0of3,C5_ROE_DYN_yoy,0.21123957727234588,0.18660855823064182,0.02463101904170406,-0.5615250731865753,0.517859857121143,14.94,176.928
P_IC_qb0of3__NETDEBT_EBITDA_qb1of3__C6_ROE_DYN_ytdavg_gt_lyytdavg__v0,P_IC_qb0of3__NETDEBT_EBITDA_qb1of3,C6_ROE_DYN_ytdavg_gt_lyytdavg,0.21115137975785592,0.18511348712500109,0.02603789263285483,-0.4815999412168056,0.5249529190207156,13.62,49.98947368421052
PB_qb0of3__EV_S_qb0of3__C6_ROE_DYN_ytdavg_gt_lyytdavg__v0,PB_qb0of3__EV_S_qb0of3,C6_ROE_DYN_ytdavg_gt_lyytdavg,0.21113770602012805,0.19275879846190347,0.018378907558224578,-0.47546152626672533,0.5367142102482831,13.22,115.15087719298245
PB_qb0of3__EV_EBITDA_qb0of3__C13_EPS_DYN_ytdavg_gt_lyytdavg__v0,PB_qb0of3__EV_EBITDA_qb0of3,C13_EPS_DYN_ytdavg_gt_lyytdavg,0.210959909348563,0.1952473266098218,0.01571258273874121,-0.5128596286262217,0.5236061151079137,13.37,100.54035087719298
EV_S_qb0of3__OCF_E_qb1of3__C3_ROE_DYN_qmax4__v0,EV_S_qb0of3__OCF_E_qb1of3,C3_ROE_DYN_qmax4,0.21094356898975963,0.16012337011211542,0.05082019887764422,-0.48113974366374845,0.5333104395604396,13.9,41.54961832061068
EV_S_qb0of3__ROIC_qb2of3__C4_ROE_DYN_qmax8__v0,EV_S_qb0of3__ROIC_qb2of3,C4_ROE_DYN_qmax8,0.21091912241151278,0.15759388570377553,0.053325236707737256,-0.46555957661937886,0.5134175217048145,17.17,39.76824034334764
MOM_qb2of3__ACCRUAL_qb0of3__C13_EPS_DYN_ytdavg_gt_lyytdavg__v0,MOM_qb2of3__ACCRUAL_qb0of3,C13_EPS_DYN_ytdavg_gt_lyytdavg,0.2108704002063888,0.15505270527372694,0.055817694932661865,-0.6264912900280688,0.49835911861228316,13.76,78.00701754385965
PB_qb0of3__EV_EBITDA_qb0of3__C14_EPS_DYN_ytdavg_gt_lyavg__v0,PB_qb0of3__EV_EBITDA_qb0of3,C14_EPS_DYN_ytdavg_gt_lyavg,0.2108444467765309,0.1952473266098218,0.01559712016670911,-0.5076932334161479,0.5214105793450882,13.36,96.80701754385964
MOM_qb2of3__EV_EBITDA_qb0of3__C6_ROE_DYN_ytdavg_gt_lyytdavg__v0,MOM_qb2of3__EV_EBITDA_qb0of3,C6_ROE_DYN_ytdavg_gt_lyytdavg,0.21081111760276539,0.18152517875580787,0.029285938846957515,-0.5528221307678244,0.49705497382198954,12.8,86.21052631578948
P_IC_qb0of3__MOM_qb2of3__C2_ROE_DYN_riseq2__v0,P_IC_qb0of3__MOM_qb2of3,C2_ROE_DYN_riseq2,0.21070126005562728,0.18204168375202867,0.02865957630359861,-0.6722300169143758,0.5107242772769661,13.64,94.57299270072993
PB_qb0of3__ROIC_qb2of3__C12_EPS_DYN_yoy__v0,PB_qb0of3__ROIC_qb2of3,C12_EPS_DYN_yoy,0.21063624195711017,0.2065902141161089,0.004046027841001276,-0.47972484887444,0.5142356548401227,17.29,38.656
PS_qb0of3__MOM_qb2of3__C6_ROE_DYN_ytdavg_gt_lyytdavg__v0,PS_qb0of3__MOM_qb2of3,C6_ROE_DYN_ytdavg_gt_lyytdavg,0.21061019108347967,0.18562674496910136,0.024983446114378305,-0.6155994859066533,0.49647220788160384,12.74,88.05263157894737
P_IC_qb1of3__NETDEBT_EBITDA_qb0of3__C4_ROE_DYN_qmax8__v0,P_IC_qb1of3__NETDEBT_EBITDA_qb0of3,C4_ROE_DYN_qmax8,0.21047739554716083,0.14197552309035966,0.06850187245680117,-0.5231123279707952,0.5202520252025202,14.75,18.67111111111111
PS_qb0of3__ACCRUAL_qb0of3__C5_ROE_DYN_yoy__v0,PS_qb0of3__ACCRUAL_qb0of3,C5_ROE_DYN_yoy,0.2101249982481883,0.16627029120688008,0.04385470704130823,-0.434577813378478,0.4952893674293405,15.76,80.824
PB_qb0of3__ROIC_qb2of3__C13_EPS_DYN_ytdavg_gt_lyytdavg__v0,PB_qb0of3__ROIC_qb2of3,C13_EPS_DYN_ytdavg_gt_lyytdavg,0.21010616857115405,0.2065902141161089,0.003515954455045156,-0.41138981086354,0.4970208540218471,15.59,31.664233576642335
PB_qb0of3__OCF_E_qb2of3__C7_ROE_DYN_ytdavg_gt_lyavg__v0,PB_qb0of3__OCF_E_qb2of3,C7_ROE_DYN_ytdavg_gt_lyavg,0.2100819818678452,0.1959933102234963,0.014088671644348905,-0.487041155636167,0.5201976169718106,14.01,52.52982456140351
PS_qb0of3__MOM_qb2of3__C13_EPS_DYN_ytdavg_gt_lyytdavg__v0,PS_qb0of3__MOM_qb2of3,C13_EPS_DYN_ytdavg_gt_lyytdavg,0.20999636139614153,0.18562674496910136,0.024369616427040164,-0.615828041502799,0.4896368761399436,12.93,92.50526315789473
MOM_qb2of3__FCF_P_qb2of3__C5_ROE_DYN_yoy__v0,MOM_qb2of3__FCF_P_qb2of3,C5_ROE_DYN_yoy,0.2099539161521733,0.15611793939613228,0.053835976756041015,-0.609217765095551,0.5170340681362725,15.35,90.588
PB_qb0of3__PS_qb0of3__C6_ROE_DYN_ytdavg_gt_lyytdavg__v0,PB_qb0of3__PS_qb0of3,C6_ROE_DYN_ytdavg_gt_lyytdavg,0.20990960871167452,0.19683269190132835,0.013076916810346173,-0.5059313304036128,0.5287039358235147,12.92,120.99298245614035
PB_qb0of3__ROIC_qb2of3__C6_ROE_DYN_ytdavg_gt_lyytdavg__v0,PB_qb0of3__ROIC_qb2of3,C6_ROE_DYN_ytdavg_gt_lyytdavg,0.20987578763398007,0.2065902141161089,0.0032855735178711765,-0.44861846947768635,0.4963609898107715,15.11,31.927007299270073
PB_qb0of3__PS_qb0of3__C2_ROE_DYN_riseq2__v0,PB_qb0of3__PS_qb0of3,C2_ROE_DYN_riseq2,0.20985173677179558,0.19683269190132835,0.013019044870467233,-0.5239105195285578,0.5382258064516129,13.94,139.93430656934308
EV_S_qb0of3__NETDEBT_EBITDA_qb0of3__C4_ROE_DYN_qmax8__v0,EV_S_qb0of3__NETDEBT_EBITDA_qb0of3,C4_ROE_DYN_qmax8,0.20970549914614112,0.1547916746673339,0.054913824478807216,-0.6123041455662246,0.5209071580439405,15.34,23.5793991416309
PB_qb0of3__FCF_P_qb1of3__C2_ROE_DYN_riseq2__v0,PB_qb0of3__FCF_P_qb1of3,C2_ROE_DYN_riseq2,0.20969533710063404,0.18135868898675023,0.02833664811388381,-0.5219611034130343,0.5285221544176174,13.9,54.75912408759124
P_IC_qb0of3__EV_S_qb0of3__C9_EPS_DYN_riseq2__v0,P_IC_qb0of3__EV_S_qb0of3,C9_EPS_DYN_riseq2,0.2096844385098764,0.18640346143351416,0.02328097707636223,-0.4531959474983305,0.5407330206704881,13.92,132.96715328467153
P_IC_qb1of3__NETDEBT_EBITDA_qb0of3__C3_ROE_DYN_qmax4__v0,P_IC_qb1of3__NETDEBT_EBITDA_qb0of3,C3_ROE_DYN_qmax4,0.20965654467292683,0.14197552309035966,0.06768102158256717,-0.4993743131772761,0.517170045510964,13.36,36.7442748091603
MOM_qb2of3__ROE_qb2of3__C2_ROE_DYN_riseq2__v0,MOM_qb2of3__ROE_qb2of3,C2_ROE_DYN_riseq2,0.20961667620454771,0.1681772621398312,0.04143941406471652,-0.6133137269399906,0.5120396600566572,15.27,127.4014598540146
P_IC_qb0of3__PB_qb0of3__C12_EPS_DYN_yoy__v0,P_IC_qb0of3__PB_qb0of3,C12_EPS_DYN_yoy,0.20943357441449417,0.18660855823064182,0.022825016183852354,-0.5502702204010427,0.5161053096043536,15.2,181.228
EV_S_qb0of3__EV_EBITDA_qb0of3__C7_ROE_DYN_ytdavg_gt_lyavg__v0,EV_S_qb0of3__EV_EBITDA_qb0of3,C7_ROE_DYN_ytdavg_gt_lyavg,0.20942523454641537,0.17847911845269882,0.030946116093716558,-0.4248090272839927,0.5111111111111111,13.62,107.90526315789474
PS_qb0of3__MOM_qb2of3__C14_EPS_DYN_ytdavg_gt_lyavg__v0,PS_qb0of3__MOM_qb2of3,C14_EPS_DYN_ytdavg_gt_lyavg,0.20930027914794747,0.18562674496910136,0.0236735341788461,-0.6124416199752833,0.49073919572834973,12.89,91.28771929824562
P_IC_qb0of3__ROE_qb2of3__None__v0,P_IC_qb0of3__ROE_qb2of3,None,0.20928208051419395,0.20928208051419395,0.0,-0.46625993457765913,0.5181623931623932,13.89,68.52861952861953
MOM_qb2of3__FCF_P_qb2of3__C3_ROE_DYN_qmax4__v0,MOM_qb2of3__FCF_P_qb2of3,C3_ROE_DYN_qmax4,0.20917694546111498,0.15611793939613228,0.053059006064982706,-0.5546650818257259,0.5330608319307526,14.57,54.08015267175573
MOM_qb2of3__ACCRUAL_qb0of3__C6_ROE_DYN_ytdavg_gt_lyytdavg__v0,MOM_qb2of3__ACCRUAL_qb0of3,C6_ROE_DYN_ytdavg_gt_lyytdavg,0.20912706160092198,0.15505270527372694,0.05407435632719504,-0.603798566465279,0.49855220575711123,13.6,71.32280701754387
P_IC_qb0of3__NETDEBT_EBITDA_qb1of3__C7_ROE_DYN_ytdavg_gt_lyavg__v0,P_IC_qb0of3__NETDEBT_EBITDA_qb1of3,C7_ROE_DYN_ytdavg_gt_lyavg,0.20910851315500412,0.18511348712500109,0.02399502603000303,-0.4931384361723177,0.5287193973634652,13.85,48.256140350877196
P_IC_qb0of3__ROIC_qb1of3__C14_EPS_DYN_ytdavg_gt_lyavg__v0,P_IC_qb0of3__ROIC_qb1of3,C14_EPS_DYN_ytdavg_gt_lyavg,0.20908970032820307,0.18305739841769153,0.026032301910511535,-0.4978968005722345,0.5207767801211108,14.04,100.07368421052631
PB_qb0of3__ROIC_qb1of3__C11_EPS_DYN_qmax8__v0,PB_qb0of3__ROIC_qb1of3,C11_EPS_DYN_qmax8,0.20907299907834687,0.18256711047310548,0.02650588860524139,-0.518022691912535,0.5361028684470821,15.14,32.97854077253219
PS_qb0of3__EV_EBITDA_qb0of3__C9_EPS_DYN_riseq2__v0,PS_qb0of3__EV_EBITDA_qb0of3,C9_EPS_DYN_riseq2,0.2090184239713757,0.19253203521120743,0.01648638876016828,-0.40749764119978393,0.5058413251961639,13.82,109.61678832116789
EV_S_qb0of3__ACCRUAL_qb0of3__C2_ROE_DYN_riseq2__v0,EV_S_qb0of3__ACCRUAL_qb0of3,C2_ROE_DYN_riseq2,0.20899941684456014,0.15570838337066473,0.05329103347389541,-0.43183596900032906,0.5060617193240264,14.95,80.51459854014598
EV_S_qb0of3__EV_EBITDA_qb0of3__C6_ROE_DYN_ytdavg_gt_lyytdavg__v0,EV_S_qb0of3__EV_EBITDA_qb0of3,C6_ROE_DYN_ytdavg_gt_lyytdavg,0.20899289895380324,0.17847911845269882,0.030513780501104426,-0.4328202296113085,0.5150947324588798,13.63,111.90526315789474
P_IC_qb0of3__EV_S_qb0of3__C2_ROE_DYN_riseq2__v0,P_IC_qb0of3__EV_S_qb0of3,C2_ROE_DYN_riseq2,0.20892212473878713,0.18640346143351416,0.022518663305272968,-0.48227848905403703,0.540864133263925,13.95,132.03284671532847
MOM_qb2of3__ROE_qb2of3__C9_EPS_DYN_riseq2__v0,MOM_qb2of3__ROE_qb2of3,C9_EPS_DYN_riseq2,0.2088572181662145,0.1681772621398312,0.0406799560263833,-0.5813565760502433,0.5099261311172668,15.5,132.17883211678833
EV_S_qb0of3__OCF_E_qb2of3__C10_EPS_DYN_qmax4__v0,EV_S_qb0of3__OCF_E_qb2of3,C10_EPS_DYN_qmax4,0.20884993773050886,0.15528067250881317,0.053569265221695694,-0.457485232516868,0.5156330087134803,15.94,56.31297709923664
PB_qb0of3__EV_EBITDA_qb0of3__C6_ROE_DYN_ytdavg_gt_lyytdavg__v0,PB_qb0of3__EV_EBITDA_qb0of3,C6_ROE_DYN_ytdavg_gt_lyytdavg,0.2088389302872824,0.1952473266098218,0.013591603677460595,-0.5157240981669621,0.5203176085941149,13.47,95.41754385964913
PS_qb0of3__MOM_qb2of3__C9_EPS_DYN_riseq2__v0,PS_qb0of3__MOM_qb2of3,C9_EPS_DYN_riseq2,0.2087353343722509,0.18562674496910136,0.023108589403149526,-0.6052459584716935,0.511504424778761,13.68,103.16058394160584
EV_S_qb0of3__MOM_qb2of3__C2_ROE_DYN_riseq2__v0,EV_S_qb0of3__MOM_qb2of3,C2_ROE_DYN_riseq2,0.2086793369805362,0.19563407710056202,0.01304525987997418,-0.6106833078705027,0.5172100075815012,13.67,99.52919708029196
PB_qb0of3__EV_EBITDA_qb0of3__C11_EPS_DYN_qmax8__v0,PB_qb0of3__EV_EBITDA_qb0of3,C11_EPS_DYN_qmax8,0.20867477701004122,0.1952473266098218,0.01342745040021942,-0.5285162336801186,0.5182029434546863,15.5,43.32188841201717
PS_qb1of3__NETDEBT_EBITDA_qb0of3__C10_EPS_DYN_qmax4__v0,PS_qb1of3__NETDEBT_EBITDA_qb0of3,C10_EPS_DYN_qmax4,0.2084882653478659,0.1188095866868164,0.0896786786610495,-0.6944322438568935,0.5188720173535791,14.14,36.33969465648855
ROE_qb2of3__NETDEBT_EBITDA_qb2of3__C4_ROE_DYN_qmax8__v0,ROE_qb2of3__NETDEBT_EBITDA_qb2of3,C4_ROE_DYN_qmax8,0.20838733869255255,0.12706706831299486,0.08132027037955769,-0.4823800584277623,0.5029522275899088,16.81,29.605150214592275
PB_qb1of3__ROE_qb2of3__C11_EPS_DYN_qmax8__v0,PB_qb1of3__ROE_qb2of3,C11_EPS_DYN_qmax8,0.2083412234026878,0.1735666691404827,0.034774554262205104,-0.6882593494045346,0.5349764407393983,16.98,44.502145922746784
PB_qb0of3__DEBTRATIO_qb2of3__C10_EPS_DYN_qmax4__v0,PB_qb0of3__DEBTRATIO_qb2of3,C10_EPS_DYN_qmax4,0.20834070998954912,0.18803320787283906,0.020307502116710063,-0.5451143842987471,0.5310435931307794,14.35,52.152671755725194
PB_qb0of3__ROE_qb2of3__C7_ROE_DYN_ytdavg_gt_lyavg__v0,PB_qb0of3__ROE_qb2of3,C7_ROE_DYN_ytdavg_gt_lyavg,0.20832730809841915,0.20625735013604096,0.0020699579623781883,-0.527770552957008,0.5083479789103691,15.51,33.722627737226276
PB_qb0of3__MOM_qb2of3__C11_EPS_DYN_qmax8__v0,PB_qb0of3__MOM_qb2of3,C11_EPS_DYN_qmax8,0.2083169812846768,0.17812025809063203,0.03019672319404476,-0.5968619802155739,0.5247133254250692,15.84,39.227467811158796
MOM_qb2of3__OCF_E_qb2of3__C6_ROE_DYN_ytdavg_gt_lyytdavg__v0,MOM_qb2of3__OCF_E_qb2of3,C6_ROE_DYN_ytdavg_gt_lyytdavg,0.20828069545273187,0.16128648413460045,0.04699421131813142,-0.5986651101750851,0.50453216374269,14.01,91.11578947368422
PB_qb0of3__MOM_qb2of3__C7_ROE_DYN_ytdavg_gt_lyavg__v0,PB_qb0of3__MOM_qb2of3,C7_ROE_DYN_ytdavg_gt_lyavg,0.20826980847675491,0.17812025809063203,0.03014955038612288,-0.6111906538526426,0.49764150943396224,13.14,79.03859649122808
ROE_qb2of3__OCF_E_qb2of3__C4_ROE_DYN_qmax8__v0,ROE_qb2of3__OCF_E_qb2of3,C4_ROE_DYN_qmax8,0.20826579468317585,0.11121481636596298,0.09705097831721288,-0.45787792567588237,0.5093961413179654,19.19,64.92703862660944
EV_S_qb0of3__NETDEBT_EBITDA_qb0of3__C5_ROE_DYN_yoy__v0,EV_S_qb0of3__NETDEBT_EBITDA_qb0of3,C5_ROE_DYN_yoy,0.20824292071630834,0.1547916746673339,0.05345124604897444,-0.5705931686905039,0.5310309010646586,14.81,90.552
PB_qb0of3__EV_EBITDA_qb0of3__C10_EPS_DYN_qmax4__v0,PB_qb0of3__EV_EBITDA_qb0of3,C10_EPS_DYN_qmax4,0.20824191039169193,0.1952473266098218,0.012994583781870128,-0.5048297504791129,0.529505220154335,13.74,71.02671755725191
P_IC_qb1of3__ROIC_qb2of3__C11_EPS_DYN_qmax8__v0,P_IC_qb1of3__ROIC_qb2of3,C11_EPS_DYN_qmax8,0.20816331971202096,0.16269582864452659,0.04546749106749437,-0.5147700882448811,0.5149171270718232,17.88,44.493562231759654
PB_qb0of3__PS_qb0of3__C13_EPS_DYN_ytdavg_gt_lyytdavg__v0,PB_qb0of3__PS_qb0of3,C13_EPS_DYN_ytdavg_gt_lyytdavg,0.20810014595296145,0.19683269190132835,0.011267454051633097,-0.5185841540520811,0.5286640079760718,13.07,123.95087719298246
PB_qb0of3__NETDEBT_EBITDA_qb2of3__C5_ROE_DYN_yoy__v0,PB_qb0of3__NETDEBT_EBITDA_qb2of3,C5_ROE_DYN_yoy,0.20805032381176658,0.17776664450601265,0.03028367930575393,-0.5772402869476051,0.4956454918032787,15.15,100.552
P_IC_qb1of3__ROE_qb2of3__C11_EPS_DYN_qmax8__v0,P_IC_qb1of3__ROE_qb2of3,C11_EPS_DYN_qmax8,0.20804854319761734,0.16008839291117583,0.047960150286441516,-0.5256900738539743,0.5151515151515151,18.5,42.30042918454936
P_IC_qb0of3__NETDEBT_EBITDA_qb2of3__C10_EPS_DYN_qmax4__v0,P_IC_qb0of3__NETDEBT_EBITDA_qb2of3,C10_EPS_DYN_qmax4,0.20800206884010541,0.17686162789661508,0.031140440943490333,-0.546286350911243,0.5195696955825132,13.31,75.93129770992367
P_IC_qb0of3__PS_qb0of3__C10_EPS_DYN_qmax4__v0,P_IC_qb0of3__PS_qb0of3,C10_EPS_DYN_qmax4,0.2079727603773187,0.19078211269583956,0.017190647681479154,-0.5144666332798282,0.5267512410369554,13.27,94.22519083969466
EV_S_qb0of3__EV_EBITDA_qb0of3__C2_ROE_DYN_riseq2__v0,EV_S_qb0of3__EV_EBITDA_qb0of3,C2_ROE_DYN_riseq2,0.20794038531654446,0.17847911845269882,0.029461266863845648,-0.4132718795131223,0.5374696601941747,14.2,131.86861313868613
P_IC_qb0of3__None__C13_EPS_DYN_ytdavg_gt_lyytdavg__v0,P_IC_qb0of3__None,C13_EPS_DYN_ytdavg_gt_lyytdavg,0.20792179413892153,0.18180748761405363,0.026114306524867903,-0.5357036510135689,0.528819613573632,13.69,224.51929824561404
PB_qb0of3__ROE_qb2of3__C2_ROE_DYN_riseq2__v0,PB_qb0of3__ROE_qb2of3,C2_ROE_DYN_riseq2,0.20767931284138919,0.20625735013604096,0.0014219627053482231,-0.5309371832543381,0.5233470302577512,16.43,39.9014598540146
PB_qb1of3__ROE_qb2of3__C3_ROE_DYN_qmax4__v0,PB_qb1of3__ROE_qb2of3,C3_ROE_DYN_qmax4,0.2076504544547919,0.1735666691404827,0.03408378531430922,-0.507082110302028,0.5330134795522047,15.87,63.31679389312977
PB_qb0of3__FCF_P_qb1of3__C6_ROE_DYN_ytdavg_gt_lyytdavg__v0,PB_qb0of3__FCF_P_qb1of3,C6_ROE_DYN_ytdavg_gt_lyytdavg,0.2075989208946778,0.18135868898675023,0.02624023190792757,-0.5294335191304815,0.515003061849357,13.07,48.51929824561404
PB_qb0of3__DEBTRATIO_qb2of3__C2_ROE_DYN_riseq2__v0,PB_qb0of3__DEBTRATIO_qb2of3,C2_ROE_DYN_riseq2,0.20754168771329362,0.18803320787283906,0.019508479840454562,-0.5576858106668348,0.5417823781873264,14.97,89.64963503649635
MOM_qb2of3__EV_EBITDA_qb0of3__C2_ROE_DYN_riseq2__v0,MOM_qb2of3__EV_EBITDA_qb0of3,C2_ROE_DYN_riseq2,0.20752799343135564,0.18152517875580787,0.02600281467554777,-0.5630403403786741,0.5121700879765396,13.89,98.07299270072993
EV_S_qb0of3__ROE_qb2of3__C11_EPS_DYN_qmax8__v0,EV_S_qb0of3__ROE_qb2of3,C11_EPS_DYN_qmax8,0.2074808942936679,0.16080766307492578,0.04667323121874212,-0.5024130836489444,0.5191104933981932,17.46,48.892703862660944
EV_S_qb0of3__MOM_qb2of3__C8_EPS_DYN_riseq1__v0,EV_S_qb0of3__MOM_qb2of3,C8_EPS_DYN_riseq1,0.20746184711362226,0.19563407710056202,0.011827770013060235,-0.6405425165609002,0.5168400876232202,13.05,99.83859649122807
P_IC_qb0of3__FCF_P_qb1of3__C12_EPS_DYN_yoy__v0,P_IC_qb0of3__FCF_P_qb1of3,C12_EPS_DYN_yoy,0.20745556456020653,0.17742558888731907,0.030029975672887455,-0.527658520616249,0.5092531394580304,15.13,45.364
EV_S_qb0of3__NETDEBT_EBITDA_qb2of3__C12_EPS_DYN_yoy__v0,EV_S_qb0of3__NETDEBT_EBITDA_qb2of3,C12_EPS_DYN_yoy,0.20740278580404659,0.15594460285259082,0.051458182951455766,-0.5431274323579202,0.47719014937424303,13.8,62.74
P_IC_qb0of3__OCF_E_qb2of3__C10_EPS_DYN_qmax4__v0,P_IC_qb0of3__OCF_E_qb2of3,C10_EPS_DYN_qmax4,0.20734101146042283,0.18457415552402745,0.02276685593639538,-0.4739497151581624,0.5330497382198953,14.57,44.88931297709924
PS_qb0of3__ROE_qb2of3__C11_EPS_DYN_qmax8__v0,PS_qb0of3__ROE_qb2of3,C11_EPS_DYN_qmax8,0.20732665632274694,0.16777979365724227,0.03954686266550467,-0.4144639853526165,0.510363574583758,16.93,50.137339055793994
P_IC_qb0of3__ROE_qb2of3__C15_FCF_P_DYN_riseq1__v0,P_IC_qb0of3__ROE_qb2of3,C15_FCF_P_DYN_riseq1,0.20731432957034746,0.20928208051419395,-0.0019677509438464913,-0.4725833526357359,0.49793466015771687,14.19,33.94385964912281
P_IC_qb0of3__None__C7_ROE_DYN_ytdavg_gt_lyavg__v0,P_IC_qb0of3__None,C7_ROE_DYN_ytdavg_gt_lyavg,0.20723324958135136,0.18180748761405363,0.025425761967297733,-0.5336412024645918,0.539709078749373,13.57,206.72982456140352
P_IC_qb0of3__None__C9_EPS_DYN_riseq2__v0,P_IC_qb0of3__None,C9_EPS_DYN_riseq2,0.20723119547812474,0.18180748761405363,0.02542370786407111,-0.5305950951587439,0.5397585553227576,14.41,244.46715328467153
MOM_qb2of3__ROIC_qb2of3__C9_EPS_DYN_riseq2__v0,MOM_qb2of3__ROIC_qb2of3,C9_EPS_DYN_riseq2,0.2072013665261938,0.1626939247574768,0.044507441768717015,-0.5875873450413165,0.5091474351309339,15.29,126.91970802919708
MOM_qb2of3__NETDEBT_EBITDA_qb0of3__C3_ROE_DYN_qmax4__v0,MOM_qb2of3__NETDEBT_EBITDA_qb0of3,C3_ROE_DYN_qmax4,0.20713944385079364,0.14185947700151247,0.06527996684928117,-0.6789667673734785,0.49966644429619744,14.52,41.85496183206107
MOM_qb2of3__EV_EBITDA_qb0of3__C14_EPS_DYN_ytdavg_gt_lyavg__v0,MOM_qb2of3__EV_EBITDA_qb0of3,C14_EPS_DYN_ytdavg_gt_lyavg,0.20708285073390842,0.18152517875580787,0.02555767197810055,-0.549860882634193,0.49428836060512504,13.15,91.69824561403509
P_IC_qb0of3__NETDEBT_EBITDA_qb2of3__C14_EPS_DYN_ytdavg_gt_lyavg__v0,P_IC_qb0of3__NETDEBT_EBITDA_qb2of3,C14_EPS_DYN_ytdavg_gt_lyavg,0.2070755416960477,0.17686162789661508,0.030213913799432612,-0.5611400548191114,0.5113882863340564,13.82,126.62105263157895
PB_qb0of3__OCF_E_qb2of3__C10_EPS_DYN_qmax4__v0,PB_qb0of3__OCF_E_qb2of3,C10_EPS_DYN_qmax4,0.20690993446894912,0.1959933102234963,0.01091662424545281,-0.4289933145411656,0.537917485265226,15.31,36.900763358778626
EV_S_qb0of3__ACCRUAL_qb0of3__C9_EPS_DYN_riseq2__v0,EV_S_qb0of3__ACCRUAL_qb0of3,C9_EPS_DYN_riseq2,0.2068274121798077,0.15570838337066473,0.051119028809142986,-0.40891714734093176,0.5058379737740255,15.2,82.36131386861314
PB_qb0of3__NETDEBT_EBITDA_qb0of3__C5_ROE_DYN_yoy__v0,PB_qb0of3__NETDEBT_EBITDA_qb0of3,C5_ROE_DYN_yoy,0.20681567522843536,0.1865829469130269,0.020232728315408455,-0.5533636669450083,0.5371134020618556,14.58,66.912
ROE_qb2of3__EV_EBITDA_qb0of3__C12_EPS_DYN_yoy__v0,ROE_qb2of3__EV_EBITDA_qb0of3,C12_EPS_DYN_yoy,0.20678387356284356,0.17599537128535347,0.030788502277490082,-0.4328332375895938,0.49931653973833234,17.03,101.428
PB_qb0of3__PS_qb0of3__C9_EPS_DYN_riseq2__v0,PB_qb0of3__PS_qb0of3,C9_EPS_DYN_riseq2,0.20670745727897732,0.19683269190132835,0.009874765377648975,-0.5049418458519601,0.5345688960515713,14.0,140.86496350364965
P_IC_qb0of3__None__C3_ROE_DYN_qmax4__v0,P_IC_qb0of3__None,C3_ROE_DYN_qmax4,0.20670459849113265,0.18180748761405363,0.02489711087707902,-0.5181753762801932,0.5308981408745745,14.08,130.76335877862596
PS_qb0of3__DEBTRATIO_qb1of3__C4_ROE_DYN_qmax8__v0,PS_qb0of3__DEBTRATIO_qb1of3,C4_ROE_DYN_qmax8,0.20669370631016193,0.16188189278048704,0.04481181352967489,-0.5696941814869013,0.5151515151515151,16.14,25.317596566523605
EV_S_qb0of3__MOM_qb2of3__C1_ROE_DYN_riseq1__v0,EV_S_qb0of3__MOM_qb2of3,C1_ROE_DYN_riseq1,0.206653481356603,0.19563407710056202,0.011019404256040977,-0.6554951505554043,0.5169122807017544,12.92,95.91929824561403
EV_S_qb0of3__OCF_E_qb2of3__C12_EPS_DYN_yoy__v0,EV_S_qb0of3__OCF_E_qb2of3,C12_EPS_DYN_yoy,0.2066506044369445,0.15528067250881317,0.05136993192813133,-0.43773952780052794,0.5083768690326067,15.79,94.484
PB_qb0of3__ROE_qb2of3__C11_EPS_DYN_qmax8__v0,PB_qb0of3__ROE_qb2of3,C11_EPS_DYN_qmax8,0.20663219073255412,0.20625735013604096,0.0003748405965131596,-0.5511988610418802,0.5216548157724629,18.75,23.92274678111588
PB_qb0of3__ROIC_qb2of3__None__v0,PB_qb0of3__ROIC_qb2of3,None,0.2065902141161089,0.2065902141161089,0.0,-0.4591093122432365,0.5103763629968343,16.24,47.54014598540146
PS_qb0of3__EV_EBITDA_qb0of3__C11_EPS_DYN_qmax8__v0,PS_qb0of3__EV_EBITDA_qb0of3,C11_EPS_DYN_qmax8,0.20645420430370054,0.19253203521120743,0.013922169092493109,-0.5007481253127233,0.5086206896551724,15.15,46.5450643776824
MOM_qb2of3__ACCRUAL_qb0of3__C14_EPS_DYN_ytdavg_gt_lyavg__v0,MOM_qb2of3__ACCRUAL_qb0of3,C14_EPS_DYN_ytdavg_gt_lyavg,0.20639448223514312,0.15505270527372694,0.051341776961416175,-0.6170902023946958,0.4990262901655307,14.21,75.64912280701755
PB_qb1of3__OCF_E_qb2of3__C4_ROE_DYN_qmax8__v0,PB_qb1of3__OCF_E_qb2of3,C4_ROE_DYN_qmax8,0.20633470603013038,0.1259024888946132,0.08043221713551718,-0.5798653350215077,0.5293420272673385,14.81,25.412017167381975
P_IC_qb0of3__ROIC_qb1of3__C12_EPS_DYN_yoy__v0,P_IC_qb0of3__ROIC_qb1of3,C12_EPS_DYN_yoy,0.20628566301064222,0.18305739841769153,0.023228264592950687,-0.5081288903451875,0.5203098106712565,15.13,119.964
PB_qb0of3__ROE_qb2of3__None__v0,PB_qb0of3__ROE_qb2of3,None,0.20625735013604096,0.20625735013604096,0.0,-0.44223308485115387,0.5180316818335019,15.14,45.02020202020202
P_IC_qb1of3__FCF_P_qb1of3__C11_EPS_DYN_qmax8__v0,P_IC_qb1of3__FCF_P_qb1of3,C11_EPS_DYN_qmax8,0.20622529769375175,0.1123350134573704,0.09389028423638135,-0.6937094321605153,0.5280199252801993,14.08,23.78787878787879
PB_qb0of3__ROE_qb2of3__C9_EPS_DYN_riseq2__v0,PB_qb0of3__ROE_qb2of3,C9_EPS_DYN_riseq2,0.20615288900906314,0.20625735013604096,-0.00010446112697781729,-0.5309371832543381,0.5194805194805194,16.95,39.2043795620438
EV_S_qb0of3__DEBTRATIO_qb0of3__C7_ROE_DYN_ytdavg_gt_lyavg__v0,EV_S_qb0of3__DEBTRATIO_qb0of3,C7_ROE_DYN_ytdavg_gt_lyavg,0.2061014117754465,0.17427513647925252,0.03182627529619397,-0.5246459004429211,0.5303274288781535,13.31,46.92982456140351
PB_qb0of3__PS_qb0of3__C14_EPS_DYN_ytdavg_gt_lyavg__v0,PB_qb0of3__PS_qb0of3,C14_EPS_DYN_ytdavg_gt_lyavg,0.2060947814413916,0.19683269190132835,0.009262089540063245,-0.5278285434984438,0.5253731343283582,13.22,119.97894736842105
MOM_qb2of3__ROIC_qb2of3__C12_EPS_DYN_yoy__v0,MOM_qb2of3__ROIC_qb2of3,C12_EPS_DYN_yoy,0.2060691410242379,0.1626939247574768,0.04337521626676111,-0.6287395120748128,0.4962121212121212,16.83,136.508
PB_qb0of3__ROIC_qb2of3__C8_EPS_DYN_riseq1__v0,PB_qb0of3__ROIC_qb2of3,C8_EPS_DYN_riseq1,0.20603390047781112,0.2065902141161089,-0.0005563136382977785,-0.45186582019532606,0.5137546468401487,15.32,37.40875912408759
PB_qb0of3__NETDEBT_EBITDA_qb2of3__C12_EPS_DYN_yoy__v0,PB_qb0of3__NETDEBT_EBITDA_qb2of3,C12_EPS_DYN_yoy,0.20593274519848226,0.17776664450601265,0.02816610069246961,-0.5742466745694038,0.5001254705144291,15.15,100.928
EV_S_qb0of3__FCF_OI_qb1of3__C5_ROE_DYN_yoy__v0,EV_S_qb0of3__FCF_OI_qb1of3,C5_ROE_DYN_yoy,0.20585626061646511,0.15841923538251113,0.04743702523395399,-0.5262933220513146,0.5053577056413489,14.71,117.284
PS_qb0of3__DEBTRATIO_qb0of3__C11_EPS_DYN_qmax8__v0,PS_qb0of3__DEBTRATIO_qb0of3,C11_EPS_DYN_qmax8,0.20581832806119182,0.1648921144720774,0.04092621358911441,-0.5656222718117921,0.5172413793103449,16.51,10.620087336244541
EV_S_qb0of3__DEBTRATIO_qb0of3__C14_EPS_DYN_ytdavg_gt_lyavg__v0,EV_S_qb0of3__DEBTRATIO_qb0of3,C14_EPS_DYN_ytdavg_gt_lyavg,0.20574076096308103,0.17427513647925252,0.0314656244838285,-0.5249954511954529,0.5316520844055584,13.28,48.89122807017544
P_IC_qb0of3__EV_S_qb0of3__C10_EPS_DYN_qmax4__v0,P_IC_qb0of3__EV_S_qb0of3,C10_EPS_DYN_qmax4,0.20568193429733128,0.18640346143351416,0.01927847286381712,-0.4646362294598537,0.53965819456617,13.1,79.42748091603053
PB_qb1of3__ROIC_qb2of3__C10_EPS_DYN_qmax4__v0,PB_qb1of3__ROIC_qb2of3,C10_EPS_DYN_qmax4,0.20567193348796908,0.1573162106871937,0.04835572280077538,-0.45668587370825253,0.5282578234469874,16.21,62.8587786259542
P_IC_qb0of3__PB_qb0of3__C7_ROE_DYN_ytdavg_gt_lyavg__v0,P_IC_qb0of3__PB_qb0of3,C7_ROE_DYN_ytdavg_gt_lyavg,0.20563143078821322,0.18660855823064182,0.019022872557571402,-0.5469810843697804,0.5419609472372248,13.63,155.17543859649123
PB_qb1of3__DEBTRATIO_qb1of3__C11_EPS_DYN_qmax8__v0,PB_qb1of3__DEBTRATIO_qb1of3,C11_EPS_DYN_qmax8,0.20562878353154312,0.10295792396196068,0.10267085956958244,-0.5188745341430469,0.5118665811417575,18.32,25.300429184549355
MOM_qb2of3__NETDEBT_EBITDA_qb2of3__C3_ROE_DYN_qmax4__v0,MOM_qb2of3__NETDEBT_EBITDA_qb2of3,C3_ROE_DYN_qmax4,0.20562054252131978,0.13607790519389984,0.06954263732741994,-0.6522247613219496,0.5056379821958457,12.93,47.98854961832061
PB_qb0of3__ROIC_qb2of3__C1_ROE_DYN_riseq1__v0,PB_qb0of3__ROIC_qb2of3,C1_ROE_DYN_riseq1,0.20554669981997575,0.2065902141161089,-0.0010435142961331412,-0.4432555476474953,0.5123523093447906,15.6,38.25182481751825
PB_qb0of3__NETDEBT_EBITDA_qb2of3__C7_ROE_DYN_ytdavg_gt_lyavg__v0,PB_qb0of3__NETDEBT_EBITDA_qb2of3,C7_ROE_DYN_ytdavg_gt_lyavg,0.20552970911477364,0.17776664450601265,0.02776306460876099,-0.5829738511465813,0.5140916808149406,13.69,90.89122807017544
PB_qb0of3__MOM_qb2of3__C12_EPS_DYN_yoy__v0,PB_qb0of3__MOM_qb2of3,C12_EPS_DYN_yoy,0.2055143230744063,0.17812025809063203,0.02739406498377428,-0.6226108269211255,0.5075434568711052,15.26,97.512
MOM_qb2of3__FCF_OI_qb2of3__C3_ROE_DYN_qmax4__v0,MOM_qb2of3__FCF_OI_qb2of3,C3_ROE_DYN_qmax4,0.20545869960243368,0.13952586865099859,0.0659328309514351,-0.5586415235406743,0.516438001553197,15.45,49.69465648854962
PB_qb0of3__ROIC_qb2of3__C2_ROE_DYN_riseq2__v0,PB_qb0of3__ROIC_qb2of3,C2_ROE_DYN_riseq2,0.20543180926005844,0.2065902141161089,-0.0011584048560504545,-0.4560594218236891,0.5169988276670574,15.57,38.71167883211679
P_IC_qb0of3__EV_S_qb0of3__C3_ROE_DYN_qmax4__v0,P_IC_qb0of3__EV_S_qb0of3,C3_ROE_DYN_qmax4,0.20530033904232448,0.18640346143351416,0.018896877608810314,-0.46538334243154444,0.5361363636363636,13.69,74.33969465648855
EV_S_qb0of3__NETDEBT_EBITDA_qb0of3__C12_EPS_DYN_yoy__v0,EV_S_qb0of3__NETDEBT_EBITDA_qb0of3,C12_EPS_DYN_yoy,0.20525699038899803,0.1547916746673339,0.05046531572166413,-0.5723575009068815,0.5290937178166838,15.03,93.008
PB_qb0of3__FCF_OI_qb1of3__C6_ROE_DYN_ytdavg_gt_lyytdavg__v0,PB_qb0of3__FCF_OI_qb1of3,C6_ROE_DYN_ytdavg_gt_lyytdavg,0.20524847005233848,0.19021651029963826,0.015031959752700219,-0.5112923764847145,0.5122121423586881,13.04,71.80701754385964
EV_S_qb0of3__FCF_OI_qb1of3__C12_EPS_DYN_yoy__v0,EV_S_qb0of3__FCF_OI_qb1of3,C12_EPS_DYN_yoy,0.20509022453102554,0.15841923538251113,0.04667098914851442,-0.5001567669851454,0.5029348161878282,14.84,120.116
PS_qb0of3__DEBTRATIO_qb2of3__C12_EPS_DYN_yoy__v0,PS_qb0of3__DEBTRATIO_qb2of3,C12_EPS_DYN_yoy,0.20500791268084995,0.16533570385241192,0.03967220882843803,-0.5228615019259267,0.4936292642827785,14.84,138.488
P_IC_qb0of3__FCF_P_qb1of3__C9_EPS_DYN_riseq2__v0,P_IC_qb0of3__FCF_P_qb1of3,C9_EPS_DYN_riseq2,0.2050047158377375,0.17742558888731907,0.02757912695041842,-0.5192272652661456,0.5222871195819244,14.19,46.22627737226277
PB_qb0of3__MOM_qb2of3__C6_ROE_DYN_ytdavg_gt_lyytdavg__v0,PB_qb0of3__MOM_qb2of3,C6_ROE_DYN_ytdavg_gt_lyytdavg,0.2049462326892959,0.17812025809063203,0.02682597459866387,-0.6077772950335594,0.4957983193277311,13.26,81.97543859649123
PS_qb1of3__NETDEBT_EBITDA_qb0of3__C11_EPS_DYN_qmax8__v0,PS_qb1of3__NETDEBT_EBITDA_qb0of3,C11_EPS_DYN_qmax8,0.20467459030266943,0.1188095866868164,0.08586500361585303,-0.7150263565940258,0.5205607476635514,14.49,18.0
EV_S_qb1of3__None__C4_ROE_DYN_qmax8__v0,EV_S_qb1of3__None,C4_ROE_DYN_qmax8,0.20467152442106729,0.11690579369850362,0.08776573072256366,-0.5961215801630315,0.5048742945100051,17.29,65.09442060085837
EV_S_qb0of3__ACCRUAL_qb0of3__C7_ROE_DYN_ytdavg_gt_lyavg__v0,EV_S_qb0of3__ACCRUAL_qb0of3,C7_ROE_DYN_ytdavg_gt_lyavg,0.20465090645134465,0.15570838337066473,0.04894252308067992,-0.43086624673450924,0.49301225542894,14.41,70.2421052631579
MOM_qb2of3__FCF_OI_qb1of3__C12_EPS_DYN_yoy__v0,MOM_qb2of3__FCF_OI_qb1of3,C12_EPS_DYN_yoy,0.20464003216431004,0.15028408428317808,0.05435594788113196,-0.6361848993486998,0.5048285514345696,15.46,104.048
PB_qb0of3__MOM_qb2of3__C14_EPS_DYN_ytdavg_gt_lyavg__v0,PB_qb0of3__MOM_qb2of3,C14_EPS_DYN_ytdavg_gt_lyavg,0.20462412431980326,0.17812025809063203,0.026503866229171225,-0.6024933660424148,0.49487045731177187,13.71,83.26666666666667
P_IC_qb0of3__OCF_E_qb2of3__C6_ROE_DYN_ytdavg_gt_lyytdavg__v0,P_IC_qb0of3__OCF_E_qb2of3,C6_ROE_DYN_ytdavg_gt_lyytdavg,0.204581819777782,0.18457415552402745,0.020007664253754553,-0.48771329200830293,0.5135069359941592,14.14,65.26315789473684
EV_S_qb0of3__ACCRUAL_qb0of3__C14_EPS_DYN_ytdavg_gt_lyavg__v0,EV_S_qb0of3__ACCRUAL_qb0of3,C14_EPS_DYN_ytdavg_gt_lyavg,0.2045444937162446,0.15570838337066473,0.048836110345579886,-0.4350117738913998,0.4934010152284264,14.53,74.42105263157895
PS_qb0of3__MOM_qb2of3__C2_ROE_DYN_riseq2__v0,PS_qb0of3__MOM_qb2of3,C2_ROE_DYN_riseq2,0.2045340031036169,0.18562674496910136,0.018907258134515548,-0.6471276329929344,0.5141488246743524,13.73,100.44160583941606
PS_qb0of3__DEBTRATIO_qb1of3__C11_EPS_DYN_qmax8__v0,PS_qb0of3__DEBTRATIO_qb1of3,C11_EPS_DYN_qmax8,0.20449062433190157,0.16188189278048704,0.042608731551414536,-0.6044121429570903,0.5123239436619719,15.17,28.566523605150216
PB_qb0of3__ROE_qb1of3__C11_EPS_DYN_qmax8__v0,PB_qb0of3__ROE_qb1of3,C11_EPS_DYN_qmax8,0.20447434887556648,0.1827049174072004,0.021769431468366074,-0.5543930007830286,0.5322255790533736,14.95,32.63519313304721
P_IC_qb0of3__EV_EBITDA_qb0of3__C16_FCF_P_DYN_riseq2__v0,P_IC_qb0of3__EV_EBITDA_qb0of3,C16_FCF_P_DYN_riseq2,0.2044608422811076,0.19372967359465032,0.010731168686457293,-0.5481641870592522,0.5005854800936768,14.23,98.44890510948905
P_IC_qb0of3__NETDEBT_EBITDA_qb2of3__C5_ROE_DYN_yoy__v0,P_IC_qb0of3__NETDEBT_EBITDA_qb2of3,C5_ROE_DYN_yoy,0.20444028747353982,0.17686162789661508,0.027578659576924736,-0.5528018347809462,0.49307817589576547,15.13,135.452
EV_S_qb0of3__NETDEBT_EBITDA_qb0of3__C3_ROE_DYN_qmax4__v0,EV_S_qb0of3__NETDEBT_EBITDA_qb0of3,C3_ROE_DYN_qmax4,0.20438819907075478,0.1547916746673339,0.04959652440342088,-0.5499808712047946,0.5268745852687459,14.08,48.36259541984733
PB_qb1of3__ROE_qb2of3__C8_EPS_DYN_riseq1__v0,PB_qb1of3__ROE_qb2of3,C8_EPS_DYN_riseq1,0.20436647712930722,0.1735666691404827,0.030799807988824535,-0.5128092471731078,0.5213537469782433,15.42,91.1438596491228
PB_qb0of3__NETDEBT_EBITDA_qb0of3__C14_EPS_DYN_ytdavg_gt_lyavg__v0,PB_qb0of3__NETDEBT_EBITDA_qb0of3,C14_EPS_DYN_ytdavg_gt_lyavg,0.2043330364832754,0.1865829469130269,0.017750089570248484,-0.5460298476150252,0.5398686679174484,13.83,55.37543859649123
PB_qb0of3__ACCRUAL_qb0of3__C13_EPS_DYN_ytdavg_gt_lyytdavg__v0,PB_qb0of3__ACCRUAL_qb0of3,C13_EPS_DYN_ytdavg_gt_lyytdavg,0.2042986706632326,0.17797297319254568,0.026325697470686915,-0.5312319981000848,0.5059770114942529,14.12,69.11929824561403
PB_qb0of3__ROE_qb2of3__C6_ROE_DYN_ytdavg_gt_lyytdavg__v0,PB_qb0of3__ROE_qb2of3,C6_ROE_DYN_ytdavg_gt_lyytdavg,0.20429730187966566,0.20625735013604096,-0.001960048256375302,-0.527770552957008,0.5045745654162854,15.67,33.54744525547445
EV_S_qb1of3__ROIC_qb2of3__C4_ROE_DYN_qmax8__v0,EV_S_qb1of3__ROIC_qb2of3,C4_ROE_DYN_qmax8,0.2042746011840797,0.1141413742374382,0.0901332269466415,-0.5387496471174609,0.5195056006179992,19.05,41.54935622317596
P_IC_qb0of3__PS_qb0of3__C2_ROE_DYN_riseq2__v0,P_IC_qb0of3__PS_qb0of3,C2_ROE_DYN_riseq2,0.20426872825987408,0.19078211269583956,0.013486615564034521,-0.5166225915801967,0.5309593023255814,13.99,159.74817518248176
P_IC_qb0of3__OCF_E_qb2of3__C7_ROE_DYN_ytdavg_gt_lyavg__v0,P_IC_qb0of3__OCF_E_qb2of3,C7_ROE_DYN_ytdavg_gt_lyavg,0.2042657921971165,0.18457415552402745,0.01969163667308904,-0.49436469968689467,0.5175195361734308,14.16,63.23859649122807
P_IC_qb0of3__DEBTRATIO_qb0of3__None__v0,P_IC_qb0of3__DEBTRATIO_qb0of3,None,0.20424156536402682,0.20424156536402682,0.0,-0.5663237341577161,0.5981308411214953,14.4,50.30639730639731
P_IC_qb0of3__NETDEBT_EBITDA_qb2of3__C12_EPS_DYN_yoy__v0,P_IC_qb0of3__NETDEBT_EBITDA_qb2of3,C12_EPS_DYN_yoy,0.2041412942245584,0.17686162789661508,0.02727966632794332,-0.5626196977412427,0.49384187524831147,14.96,137.94
P_IC_qb0of3__ROE_qb2of3__C11_EPS_DYN_qmax8__v0,P_IC_qb0of3__ROE_qb2of3,C11_EPS_DYN_qmax8,0.20410293122038148,0.20928208051419395,-0.005179149293812468,-0.5424517696226547,0.5395939086294417,16.08,31.678111587982833
EV_S_qb0of3__OCF_E_qb2of3__C5_ROE_DYN_yoy__v0,EV_S_qb0of3__OCF_E_qb2of3,C5_ROE_DYN_yoy,0.2040777376144296,0.15528067250881317,0.04879706510561643,-0.43147813224237797,0.5067518248175182,15.61,91.424
PB_qb0of3__ROE_qb2of3__C1_ROE_DYN_riseq1__v0,PB_qb0of3__ROE_qb2of3,C1_ROE_DYN_riseq1,0.20406504305633533,0.20625735013604096,-0.0021923070797056354,-0.527770552957008,0.5173123071648954,15.65,39.68613138686131
EV_S_qb0of3__MOM_qb2of3__C16_FCF_P_DYN_riseq2__v0,EV_S_qb0of3__MOM_qb2of3,C16_FCF_P_DYN_riseq2,0.20385290352542462,0.19563407710056202,0.008218826424862602,-0.6177901908027943,0.510935078353711,13.64,80.49270072992701
MOM_qb2of3__DEBTRATIO_qb2of3__C12_EPS_DYN_yoy__v0,MOM_qb2of3__DEBTRATIO_qb2of3,C12_EPS_DYN_yoy,0.20366344123438052,0.14200737818456344,0.06165606304981708,-0.651057115469815,0.4797747055811572,15.35,100.96
PB_qb0of3__None__C5_ROE_DYN_yoy__v0,PB_qb0of3__None,C5_ROE_DYN_yoy,0.2036628127325828,0.1813653578473695,0.022297454885213286,-0.5680718263371682,0.5200092528336803,15.11,234.532
PS_qb0of3__OCF_E_qb2of3__C9_EPS_DYN_riseq2__v0,PS_qb0of3__OCF_E_qb2of3,C9_EPS_DYN_riseq2,0.20361787241025198,0.17777171665795666,0.02584615575229532,-0.43713871609371346,0.5035496120191514,15.6,94.60583941605839
MOM_qb2of3__OCF_E_qb1of3__C3_ROE_DYN_qmax4__v0,MOM_qb2of3__OCF_E_qb1of3,C3_ROE_DYN_qmax4,0.20358903858061472,0.1381613845942784,0.06542765398633632,-0.6156089669636041,0.5182500647165416,14.25,50.33969465648855
PB_qb0of3__NETDEBT_EBITDA_qb0of3__C13_EPS_DYN_ytdavg_gt_lyytdavg__v0,PB_qb0of3__NETDEBT_EBITDA_qb0of3,C13_EPS_DYN_ytdavg_gt_lyytdavg,0.2035426716027282,0.1865829469130269,0.016959724689701305,-0.5388750340925427,0.5486048604860486,14.09,60.00701754385965
PB_qb0of3__OCF_E_qb2of3__C6_ROE_DYN_ytdavg_gt_lyytdavg__v0,PB_qb0of3__OCF_E_qb2of3,C6_ROE_DYN_ytdavg_gt_lyytdavg,0.20351057863183408,0.1959933102234963,0.007517268408337774,-0.479295941616386,0.5113413609633156,14.34,54.27368421052632
PS_qb0of3__DEBTRATIO_qb2of3__C5_ROE_DYN_yoy__v0,PS_qb0of3__DEBTRATIO_qb2of3,C5_ROE_DYN_yoy,0.20349129393172283,0.16533570385241192,0.03815559007931091,-0.5344438351487297,0.4920074735312435,14.67,133.148
PB_qb0of3__DEBTRATIO_qb2of3__C13_EPS_DYN_ytdavg_gt_lyytdavg__v0,PB_qb0of3__DEBTRATIO_qb2of3,C13_EPS_DYN_ytdavg_gt_lyytdavg,0.20348592415044386,0.18803320787283906,0.015452716277604805,-0.5538073922657445,0.5235339506172839,14.24,82.52631578947368
PS_qb0of3__NETDEBT_EBITDA_qb0of3__C10_EPS_DYN_qmax4__v0,PS_qb0of3__NETDEBT_EBITDA_qb0of3,C10_EPS_DYN_qmax4,0.20348241252872845,0.1627649501016779,0.040717462427050544,-0.5017197221785108,0.535840188014101,13.25,27.270992366412212
PB_qb1of3__OCF_E_qb2of3__C10_EPS_DYN_qmax4__v0,PB_qb1of3__OCF_E_qb2of3,C10_EPS_DYN_qmax4,0.20344902070009274,0.1259024888946132,0.07754653180547955,-0.5940952962082741,0.5193120096560049,15.14,47.721374045801525
MOM_qb2of3__NETDEBT_EBITDA_qb0of3__C5_ROE_DYN_yoy__v0,MOM_qb2of3__NETDEBT_EBITDA_qb0of3,C5_ROE_DYN_yoy,0.20341774597770423,0.14185947700151247,0.061558268976191766,-0.6858475034165521,0.4884210526315789,15.13,74.816
P_IC_qb0of3__None__C6_ROE_DYN_ytdavg_gt_lyytdavg__v0,P_IC_qb0of3__None,C6_ROE_DYN_ytdavg_gt_lyytdavg,0.203346033470581,0.18180748761405363,0.02153854585652737,-0.5315488768027551,0.5282051282051282,13.67,215.2
PB_qb0of3__NETDEBT_EBITDA_qb0of3__C6_ROE_DYN_ytdavg_gt_lyytdavg__v0,PB_qb0of3__NETDEBT_EBITDA_qb0of3,C6_ROE_DYN_ytdavg_gt_lyytdavg,0.2033016379679211,0.1865829469130269,0.016718691054894208,-0.5349972022953269,0.5439311594202898,14.12,59.628070175438594
ROE_qb2of3__EV_EBITDA_qb0of3__C13_EPS_DYN_ytdavg_gt_lyytdavg__v0,ROE_qb2of3__EV_EBITDA_qb0of3,C13_EPS_DYN_ytdavg_gt_lyytdavg,0.2032547771145894,0.17599537128535347,0.027259405829235916,-0.3719032348576584,0.4880258899676375,15.11,85.5859649122807
PB_qb1of3__NETDEBT_EBITDA_qb1of3__C11_EPS_DYN_qmax8__v0,PB_qb1of3__NETDEBT_EBITDA_qb1of3,C11_EPS_DYN_qmax8,0.20315436578477764,0.11518524454398116,0.08796912124079648,-0.37477668272396114,0.5133559980573094,18.22,32.75965665236051
P_IC_qb0of3__ROIC_qb1of3__C13_EPS_DYN_ytdavg_gt_lyytdavg__v0,P_IC_qb0of3__ROIC_qb1of3,C13_EPS_DYN_ytdavg_gt_lyytdavg,0.20313441084681938,0.18305739841769153,0.02007701242912785,-0.4954054067477556,0.5211095247807465,14.46,103.76140350877193
PB_qb0of3__FCF_OI_qb1of3__C14_EPS_DYN_ytdavg_gt_lyavg__v0,PB_qb0of3__FCF_OI_qb1of3,C14_EPS_DYN_ytdavg_gt_lyavg,0.20310849581689605,0.19021651029963826,0.012891985517257787,-0.52558590313709,0.5053763440860215,13.0,70.06315789473685
PB_qb0of3__ROIC_qb1of3__C12_EPS_DYN_yoy__v0,PB_qb0of3__ROIC_qb1of3,C12_EPS_DYN_yoy,0.20310694132231122,0.18256711047310548,0.020539830849205742,-0.5021395627824492,0.5258395684705064,15.11,113.232
PB_qb0of3__FCF_P_qb1of3__C10_EPS_DYN_qmax4__v0,PB_qb0of3__FCF_P_qb1of3,C10_EPS_DYN_qmax4,0.20306682709756196,0.18135868898675023,0.021708138110811737,-0.5136430835001515,0.5452812202097236,13.11,29.35496183206107
EV_S_qb0of3__MOM_qb2of3__C3_ROE_DYN_qmax4__v0,EV_S_qb0of3__MOM_qb2of3,C3_ROE_DYN_qmax4,0.20306071329009256,0.19563407710056202,0.007426636189530544,-0.6079444918943038,0.5217102348249889,13.69,63.66412213740458
PS_qb0of3__EV_EBITDA_qb0of3__C2_ROE_DYN_riseq2__v0,PS_qb0of3__EV_EBITDA_qb0of3,C2_ROE_DYN_riseq2,0.202938656559688,0.19253203521120743,0.010406621348480583,-0.4111824121396749,0.514949567723343,13.85,105.28832116788321
PB_qb0of3__NETDEBT_EBITDA_qb2of3__C14_EPS_DYN_ytdavg_gt_lyavg__v0,PB_qb0of3__NETDEBT_EBITDA_qb2of3,C14_EPS_DYN_ytdavg_gt_lyavg,0.20285629301926345,0.17776664450601265,0.025089648513250795,-0.5803217810152392,0.5165876777251185,14.01,93.05263157894737
PB_qb0of3__ACCRUAL_qb0of3__C6_ROE_DYN_ytdavg_gt_lyytdavg__v0,PB_qb0of3__ACCRUAL_qb0of3,C6_ROE_DYN_ytdavg_gt_lyytdavg,0.20277135038955585,0.17797297319254568,0.02479837719701017,-0.5263238956185767,0.5028846153846154,13.78,65.43859649122807
P_IC_qb0of3__PB_qb0of3__C3_ROE_DYN_qmax4__v0,P_IC_qb0of3__PB_qb0of3,C3_ROE_DYN_qmax4,0.2027656671402942,0.18660855823064182,0.016157108909652385,-0.532225318282513,0.5288592896174863,14.4,99.16412213740458
EV_S_qb0of3__DEBTRATIO_qb0of3__C13_EPS_DYN_ytdavg_gt_lyytdavg__v0,EV_S_qb0of3__DEBTRATIO_qb0of3,C13_EPS_DYN_ytdavg_gt_lyytdavg,0.20268711411083484,0.17427513647925252,0.02841197763158232,-0.5267505928726444,0.5284921835602622,13.78,51.44210526315789
PB_qb0of3__MOM_qb2of3__C9_EPS_DYN_riseq2__v0,PB_qb0of3__MOM_qb2of3,C9_EPS_DYN_riseq2,0.20265548910987063,0.17812025809063203,0.0245352310192386,-0.6331353899979271,0.513389441469013,14.26,95.01094890510949
PB_qb0of3__FCF_P_qb1of3__C13_EPS_DYN_ytdavg_gt_lyytdavg__v0,PB_qb0of3__FCF_P_qb1of3,C13_EPS_DYN_ytdavg_gt_lyytdavg,0.20262342936748778,0.18135868898675023,0.021264740380737557,-0.5552805105044253,0.5095310136157337,13.47,48.98947368421052
PS_qb0of3__NETDEBT_EBITDA_qb2of3__C3_ROE_DYN_qmax4__v0,PS_qb0of3__NETDEBT_EBITDA_qb2of3,C3_ROE_DYN_qmax4,0.20256460116784392,0.16474534749704373,0.03781925367080019,-0.5736343771325283,0.5076754385964912,13.42,62.45038167938932
PB_qb0of3__NETDEBT_EBITDA_qb2of3__C6_ROE_DYN_ytdavg_gt_lyytdavg__v0,PB_qb0of3__NETDEBT_EBITDA_qb2of3,C6_ROE_DYN_ytdavg_gt_lyytdavg,0.20250995348096623,0.17776664450601265,0.02474330897495358,-0.5802369404443477,0.5065021673891297,13.82,94.23859649122807
MOM_qb2of3__DEBTRATIO_qb2of3__C3_ROE_DYN_qmax4__v0,MOM_qb2of3__DEBTRATIO_qb2of3,C3_ROE_DYN_qmax4,0.20250332890403788,0.14200737818456344,0.060495950719474445,-0.6615873778992106,0.5071905495634309,13.91,55.51908396946565
P_IC_qb0of3__PB_qb0of3__C6_ROE_DYN_ytdavg_gt_lyytdavg__v0,P_IC_qb0of3__PB_qb0of3,C6_ROE_DYN_ytdavg_gt_lyytdavg,0.20248441449772137,0.18660855823064182,0.015875856267079547,-0.5409712517520817,0.5328556806550665,13.74,162.07719298245615
PB_qb0of3__FCF_P_qb1of3__C14_EPS_DYN_ytdavg_gt_lyavg__v0,PB_qb0of3__FCF_P_qb1of3,C14_EPS_DYN_ytdavg_gt_lyavg,0.20247876654853836,0.18135868898675023,0.02112007756178813,-0.5551694820700056,0.5166289958023894,13.16,46.27368421052632
PB_qb1of3__OCF_E_qb2of3__C11_EPS_DYN_qmax8__v0,PB_qb1of3__OCF_E_qb2of3,C11_EPS_DYN_qmax8,0.20239777001532255,0.1259024888946132,0.07649528112070936,-0.7124184157814839,0.5333692142088267,15.15,28.201716738197426
PS_qb0of3__OCF_E_qb1of3__C10_EPS_DYN_qmax4__v0,PS_qb0of3__OCF_E_qb1of3,C10_EPS_DYN_qmax4,0.2023751434459271,0.16163055872724263,0.04074458471868447,-0.5620999435806664,0.5333780610533378,13.83,42.5763358778626
ROE_qb2of3__ACCRUAL_qb0of3__C3_ROE_DYN_qmax4__v0,ROE_qb2of3__ACCRUAL_qb0of3,C3_ROE_DYN_qmax4,0.2022588671712704,0.1151828149211398,0.0870760522501306,-0.3290929346425525,0.4968976215098242,16.68,54.73664122137404
EV_S_qb0of3__OCF_E_qb1of3__C2_ROE_DYN_riseq2__v0,EV_S_qb0of3__OCF_E_qb1of3,C2_ROE_DYN_riseq2,0.20216945172169432,0.16012337011211542,0.0420460816095789,-0.5108161317549561,0.535868448098664,14.01,75.97810218978103
PB_qb0of3__ACCRUAL_qb0of3__C14_EPS_DYN_ytdavg_gt_lyavg__v0,PB_qb0of3__ACCRUAL_qb0of3,C14_EPS_DYN_ytdavg_gt_lyavg,0.20213302584452086,0.17797297319254568,0.024160052651975183,-0.5402501483358819,0.5074773228732532,14.47,65.93684210526315
PS_qb0of3__NETDEBT_EBITDA_qb0of3__C6_ROE_DYN_ytdavg_gt_lyytdavg__v0,PS_qb0of3__NETDEBT_EBITDA_qb0of3,C6_ROE_DYN_ytdavg_gt_lyytdavg,0.2021168414334158,0.1627649501016779,0.03935189133173789,-0.47918594588506747,0.5350109409190372,13.9,44.50526315789474
P_IC_qb0of3__PB_qb0of3__C9_EPS_DYN_riseq2__v0,P_IC_qb0of3__PB_qb0of3,C9_EPS_DYN_riseq2,0.2019465550072821,0.18660855823064182,0.015337996776640273,-0.5378718537823128,0.5401450566229801,14.86,184.38686131386862
EV_S_qb0of3__OCF_E_qb2of3__C11_EPS_DYN_qmax8__v0,EV_S_qb0of3__OCF_E_qb2of3,C11_EPS_DYN_qmax8,0.20174320561821912,0.15528067250881317,0.04646253310940596,-0.4982339845307012,0.5152898219990871,17.41,34.24034334763949
EV_S_qb0of3__MOM_qb2of3__C20_FCF_P_DYN_ytdavg_gt_lyytdavg__v0,EV_S_qb0of3__MOM_qb2of3,C20_FCF_P_DYN_ytdavg_gt_lyytdavg,0.2017187899838626,0.19563407710056202,0.0060847128833005915,-0.6277652056795886,0.5097652750403153,13.29,79.3438596491228
P_IC_qb0of3__NETDEBT_EBITDA_qb2of3__C13_EPS_DYN_ytdavg_gt_lyytdavg__v0,P_IC_qb0of3__NETDEBT_EBITDA_qb2of3,C13_EPS_DYN_ytdavg_gt_lyytdavg,0.20160863786796313,0.17686162789661508,0.024747009971348044,-0.5620554378270282,0.5062317687616017,14.0,130.52280701754387
PS_qb0of3__OCF_E_qb2of3__C2_ROE_DYN_riseq2__v0,PS_qb0of3__OCF_E_qb2of3,C2_ROE_DYN_riseq2,0.20151185924909165,0.17777171665795666,0.023740142591134994,-0.45378323712194646,0.5036678892964321,15.71,93.45620437956204
P_IC_qb0of3__NETDEBT_EBITDA_qb1of3__C16_FCF_P_DYN_riseq2__v0,P_IC_qb0of3__NETDEBT_EBITDA_qb1of3,C16_FCF_P_DYN_riseq2,0.2015044818618814,0.18511348712500109,0.016390994736880327,-0.588034273027988,0.5111710323574731,14.57,49.85036496350365
MOM_qb2of3__DEBTRATIO_qb2of3__C5_ROE_DYN_yoy__v0,MOM_qb2of3__DEBTRATIO_qb2of3,C5_ROE_DYN_yoy,0.2015034876283146,0.14200737818456344,0.059496109443751166,-0.6499477799007066,0.48199247446694143,15.24,95.548
P_IC_qb0of3__NETDEBT_EBITDA_qb1of3__C11_EPS_DYN_qmax8__v0,P_IC_qb0of3__NETDEBT_EBITDA_qb1of3,C11_EPS_DYN_qmax8,0.20139945565887962,0.18511348712500109,0.016285968533878536,-0.5480196390036891,0.5329707681849082,16.54,23.7725321888412
PB_qb0of3__None__C12_EPS_DYN_yoy__v0,PB_qb0of3__None,C12_EPS_DYN_yoy,0.20132377264648782,0.1813653578473695,0.019958414799118307,-0.5655723841904996,0.5206481377292674,15.36,239.036
EV_S_qb0of3__None__C5_ROE_DYN_yoy__v0,EV_S_qb0of3__None,C5_ROE_DYN_yoy,0.20120931286022126,0.15765702596425268,0.04355228689596857,-0.5336910989917911,0.5169802661771454,15.08,241.588
PB_qb0of3__OCF_E_qb2of3__C13_EPS_DYN_ytdavg_gt_lyytdavg__v0,PB_qb0of3__OCF_E_qb2of3,C13_EPS_DYN_ytdavg_gt_lyytdavg,0.20117152726449405,0.1959933102234963,0.005178217040997746,-0.4979325098264016,0.5166163141993958,14.79,55.51578947368421
ROE_qb2of3__EV_EBITDA_qb0of3__C5_ROE_DYN_yoy__v0,ROE_qb2of3__EV_EBITDA_qb0of3,C5_ROE_DYN_yoy,0.20116066378955266,0.17599537128535347,0.025165292504199188,-0.4305755338088143,0.4972375690607735,17.15,97.372
P_IC_qb1of3__MOM_qb2of3__C4_ROE_DYN_qmax8__v0,P_IC_qb1of3__MOM_qb2of3,C4_ROE_DYN_qmax8,0.2011576421636454,0.14276752601796372,0.05839011614568168,-0.681702091948734,0.5217391304347826,15.08,31.802575107296136
EV_S_qb0of3__MOM_qb2of3__C18_FCF_P_DYN_qmax8__v0,EV_S_qb0of3__MOM_qb2of3,C18_FCF_P_DYN_qmax8,0.2011417210773523,0.19563407710056202,0.005507643976790266,-0.6752084503731973,0.49803149606299213,15.41,19.532188841201716
EV_S_qb1of3__DEBTRATIO_qb2of3__C11_EPS_DYN_qmax8__v0,EV_S_qb1of3__DEBTRATIO_qb2of3,C11_EPS_DYN_qmax8,0.20114128847506252,0.12155643979061281,0.0795848486844497,-0.6110486522219524,0.49295774647887325,15.34,23.888412017167383
P_IC_qb0of3__NETDEBT_EBITDA_qb2of3__C7_ROE_DYN_ytdavg_gt_lyavg__v0,P_IC_qb0of3__NETDEBT_EBITDA_qb2of3,C7_ROE_DYN_ytdavg_gt_lyavg,0.20110630203653956,0.17686162789661508,0.024244674139924483,-0.5612374629665295,0.5173734610123119,13.92,121.6561403508772
PB_qb0of3__FCF_OI_qb1of3__C13_EPS_DYN_ytdavg_gt_lyytdavg__v0,PB_qb0of3__FCF_OI_qb1of3,C13_EPS_DYN_ytdavg_gt_lyytdavg,0.20098079637366428,0.19021651029963826,0.01076428607402602,-0.5188936996974178,0.5029761904761905,13.19,72.90877192982457
MOM_qb2of3__OCF_E_qb2of3__C11_EPS_DYN_qmax8__v0,MOM_qb2of3__OCF_E_qb2of3,C11_EPS_DYN_qmax8,0.2009502417788187,0.16128648413460045,0.039663757644218256,-0.7404760096187032,0.5152647975077882,17.56,49.527896995708154
PB_qb0of3__ROE_qb2of3__C14_EPS_DYN_ytdavg_gt_lyavg__v0,PB_qb0of3__ROE_qb2of3,C14_EPS_DYN_ytdavg_gt_lyavg,0.2008957563471978,0.20625735013604096,-0.005361593788843155,-0.6572790263542272,0.50787224471435,15.56,33.40875912408759
PB_qb0of3__NETDEBT_EBITDA_qb2of3__C13_EPS_DYN_ytdavg_gt_lyytdavg__v0,PB_qb0of3__NETDEBT_EBITDA_qb2of3,C13_EPS_DYN_ytdavg_gt_lyytdavg,0.20089497689660507,0.17776664450601265,0.02312833239059242,-0.5784240183937842,0.5162144275314361,13.94,96.27719298245614
P_IC_qb0of3__ROIC_qb1of3__C7_ROE_DYN_ytdavg_gt_lyavg__v0,P_IC_qb0of3__ROIC_qb1of3,C7_ROE_DYN_ytdavg_gt_lyavg,0.2008001427013597,0.18305739841769153,0.017742744283668177,-0.5081653922093397,0.5211474036850922,14.39,99.08771929824562
PB_qb1of3__ROE_qb2of3__C4_ROE_DYN_qmax8__v0,PB_qb1of3__ROE_qb2of3,C4_ROE_DYN_qmax8,0.20076725976586962,0.1735666691404827,0.027200590625386933,-0.5647127131337897,0.5255278310940499,17.62,40.648068669527895
PB_qb0of3__DEBTRATIO_qb2of3__C14_EPS_DYN_ytdavg_gt_lyavg__v0,PB_qb0of3__DEBTRATIO_qb2of3,C14_EPS_DYN_ytdavg_gt_lyavg,0.20075699701268102,0.18803320787283906,0.012723789139841957,-0.5616809855484193,0.5228658536585366,14.55,80.0
PB_qb0of3__DEBTRATIO_qb2of3__C7_ROE_DYN_ytdavg_gt_lyavg__v0,PB_qb0of3__DEBTRATIO_qb2of3,C7_ROE_DYN_ytdavg_gt_lyavg,0.20075529324197627,0.18803320787283906,0.012722085369137215,-0.554673214811642,0.5307068366164542,13.94,77.49473684210527
EV_S_qb0of3__ROE_qb2of3__C5_ROE_DYN_yoy__v0,EV_S_qb0of3__ROE_qb2of3,C5_ROE_DYN_yoy,0.20072901617710226,0.16080766307492578,0.03992135310217648,-0.46395778163022805,0.5116229473235231,16.63,97.516
P_IC_qb0of3__MOM_qb2of3__C3_ROE_DYN_qmax4__v0,P_IC_qb0of3__MOM_qb2of3,C3_ROE_DYN_qmax4,0.20070959115505582,0.18204168375202867,0.01866790740302715,-0.6567441799182552,0.5285748734024596,13.5,58.10687022900763
P_IC_qb0of3__PB_qb0of3__C13_EPS_DYN_ytdavg_gt_lyytdavg__v0,P_IC_qb0of3__PB_qb0of3,C13_EPS_DYN_ytdavg_gt_lyytdavg,0.20065974484490612,0.18660855823064182,0.0140511866142643,-0.5492531225060344,0.5340040241448692,13.96,166.29473684210527
P_IC_qb0of3__ROIC_qb1of3__C9_EPS_DYN_riseq2__v0,P_IC_qb0of3__ROIC_qb1of3,C9_EPS_DYN_riseq2,0.2006479539442143,0.18305739841769153,0.017590555526522778,-0.49788280348559066,0.5399436090225563,15.06,116.51459854014598
P_IC_qb0of3__PS_qb0of3__C9_EPS_DYN_riseq2__v0,P_IC_qb0of3__PS_qb0of3,C9_EPS_DYN_riseq2,0.20060053530118505,0.19078211269583956,0.00981842260534549,-0.4986016647899897,0.5288727272727273,14.14,161.16058394160584
P_IC_qb0of3__PB_qb0of3__C14_EPS_DYN_ytdavg_gt_lyavg__v0,P_IC_qb0of3__PB_qb0of3,C14_EPS_DYN_ytdavg_gt_lyavg,0.20056975403458255,0.18660855823064182,0.013961195803940729,-0.5553615917308236,0.5358666937614306,14.08,159.85263157894738
P_IC_qb0of3__None__C10_EPS_DYN_qmax4__v0,P_IC_qb0of3__None,C10_EPS_DYN_qmax4,0.2005063557340907,0.18180748761405363,0.01869886812003707,-0.5212766844459589,0.5321158690176322,13.91,139.58778625954199
MOM_qb2of3__ROIC_qb1of3__C11_EPS_DYN_qmax8__v0,MOM_qb2of3__ROIC_qb1of3,C11_EPS_DYN_qmax8,0.20047936388078513,0.14880087180690538,0.051678492073879756,-0.49544604523002767,0.5253036437246964,14.78,30.41125541125541
PB_qb0of3__DEBTRATIO_qb2of3__C6_ROE_DYN_ytdavg_gt_lyytdavg__v0,PB_qb0of3__DEBTRATIO_qb2of3,C6_ROE_DYN_ytdavg_gt_lyytdavg,0.20040978957008648,0.18803320787283906,0.012376581697247424,-0.5440658878714484,0.5216037368625924,13.93,79.95087719298246
PS_qb0of3__ACCRUAL_qb0of3__C2_ROE_DYN_riseq2__v0,PS_qb0of3__ACCRUAL_qb0of3,C2_ROE_DYN_riseq2,0.20037441372060938,0.16627029120688008,0.034104122513729296,-0.4462422752057221,0.5007267441860465,15.19,82.5985401459854
PB_qb0of3__NETDEBT_EBITDA_qb2of3__C9_EPS_DYN_riseq2__v0,PB_qb0of3__NETDEBT_EBITDA_qb2of3,C9_EPS_DYN_riseq2,0.20035622493476546,0.17776664450601265,0.02258958042875281,-0.5662872681747699,0.5262018189692508,14.57,105.08029197080292
EV_S_qb0of3__OCF_E_qb1of3__C7_ROE_DYN_ytdavg_gt_lyavg__v0,EV_S_qb0of3__OCF_E_qb1of3,C7_ROE_DYN_ytdavg_gt_lyavg,0.2002476379415714,0.16012337011211542,0.040124267829455995,-0.5008282657940484,0.5131744040150564,13.71,62.3859649122807
MOM_qb2of3__ROIC_qb2of3__C2_ROE_DYN_riseq2__v0,MOM_qb2of3__ROIC_qb2of3,C2_ROE_DYN_riseq2,0.20024595842381188,0.1626939247574768,0.03755203366633508,-0.6339372879617033,0.5102564102564102,15.21,122.58759124087591
PS_qb0of3__OCF_E_qb2of3__C7_ROE_DYN_ytdavg_gt_lyavg__v0,PS_qb0of3__OCF_E_qb2of3,C7_ROE_DYN_ytdavg_gt_lyavg,0.20019256061755764,0.17777171665795666,0.022420843959600978,-0.4526972779800468,0.4958200636942675,14.36,80.47017543859648
PS_qb0of3__OCF_E_qb2of3__C10_EPS_DYN_qmax4__v0,PS_qb0of3__OCF_E_qb2of3,C10_EPS_DYN_qmax4,0.19992038642586762,0.17777171665795666,0.022148669767910967,-0.45384543069170236,0.5112219451371571,14.79,58.29007633587786
PB_qb0of3__ROE_qb1of3__C9_EPS_DYN_riseq2__v0,PB_qb0of3__ROE_qb1of3,C9_EPS_DYN_riseq2,0.19991756284059292,0.1827049174072004,0.017212645433392515,-0.492853651711326,0.5438568461415562,14.57,112.73357664233576
PB_qb0of3__MOM_qb2of3__C13_EPS_DYN_ytdavg_gt_lyytdavg__v0,PB_qb0of3__MOM_qb2of3,C13_EPS_DYN_ytdavg_gt_lyytdavg,0.19989773337145644,0.17812025809063203,0.02177747528082441,-0.6009421842612299,0.49489795918367346,13.97,85.5859649122807
MOM_qb2of3__ROIC_qb2of3__C17_FCF_P_DYN_qmax4__v0,MOM_qb2of3__ROIC_qb2of3,C17_FCF_P_DYN_qmax4,0.1998976700354791,0.1626939247574768,0.0372037452780023,-0.6399236076725239,0.4697661918839022,15.02,42.900763358778626
EV_S_qb0of3__NETDEBT_EBITDA_qb2of3__C6_ROE_DYN_ytdavg_gt_lyytdavg__v0,EV_S_qb0of3__NETDEBT_EBITDA_qb2of3,C6_ROE_DYN_ytdavg_gt_lyytdavg,0.19982258694884192,0.15594460285259082,0.0438779840962511,-0.5190440885127156,0.49389946315275746,13.08,59.00350877192982
EV_S_qb0of3__DEBTRATIO_qb0of3__C6_ROE_DYN_ytdavg_gt_lyytdavg__v0,EV_S_qb0of3__DEBTRATIO_qb0of3,C6_ROE_DYN_ytdavg_gt_lyytdavg,0.199774922526613,0.17427513647925252,0.025499786047360473,-0.5222835415218652,0.5325914149443561,13.88,49.72280701754386
PB_qb0of3__EV_EBITDA_qb0of3__C8_EPS_DYN_riseq1__v0,PB_qb0of3__EV_EBITDA_qb0of3,C8_EPS_DYN_riseq1,0.19973021763532373,0.1952473266098218,0.004482891025501923,-0.5431748705104151,0.5179554011004923,13.96,112.41754385964913
P_IC_qb0of3__FCF_OI_qb1of3__C1_ROE_DYN_riseq1__v0,P_IC_qb0of3__FCF_OI_qb1of3,C1_ROE_DYN_riseq1,0.19972052717305422,0.18557700877894123,0.014143518394112986,-0.5514144849588506,0.5126294748319099,13.64,79.08771929824562
PS_qb0of3__None__C12_EPS_DYN_yoy__v0,PS_qb0of3__None,C12_EPS_DYN_yoy,0.19957239911645686,0.16620841805915898,0.033363981057297876,-0.5164984067606055,0.5013701758392327,15.38,253.9
EV_S_qb0of3__DEBTRATIO_qb0of3__C18_FCF_P_DYN_qmax8__v0,EV_S_qb0of3__DEBTRATIO_qb0of3,C18_FCF_P_DYN_qmax8,0.1995325135649637,0.17427513647925252,0.025257377085711186,-0.503507157519797,0.4954954954954955,16.4,13.5
PS_qb0of3__MOM_qb2of3__C3_ROE_DYN_qmax4__v0,PS_qb0of3__MOM_qb2of3,C3_ROE_DYN_qmax4,0.19952490231605458,0.18562674496910136,0.01389815734695321,-0.6428873206423198,0.5234546251644016,12.99,64.45038167938931
P_IC_qb0of3__PB_qb0of3__C10_EPS_DYN_qmax4__v0,P_IC_qb0of3__PB_qb0of3,C10_EPS_DYN_qmax4,0.1994274520442858,0.18660855823064182,0.012818893813643983,-0.5219726189863225,0.531981536432575,14.2,104.72519083969466
EV_S_qb0of3__ACCRUAL_qb0of3__C13_EPS_DYN_ytdavg_gt_lyytdavg__v0,EV_S_qb0of3__ACCRUAL_qb0of3,C13_EPS_DYN_ytdavg_gt_lyytdavg,0.19941700541978769,0.15570838337066473,0.04370862204912296,-0.43901882038682993,0.4913160941721343,14.56,77.64561403508772
PS_qb0of3__EV_EBITDA_qb0of3__C8_EPS_DYN_riseq1__v0,PS_qb0of3__EV_EBITDA_qb0of3,C8_EPS_DYN_riseq1,0.19941601276240162,0.19253203521120743,0.006883977551194187,-0.49954131752484776,0.49818785865297494,13.27,107.82105263157895
P_IC_qb0of3__EV_EBITDA_qb0of3__C8_EPS_DYN_riseq1__v0,P_IC_qb0of3__EV_EBITDA_qb0of3,C8_EPS_DYN_riseq1,0.1994001687597977,0.19372967359465032,0.005670495165147393,-0.5225597787708527,0.5120500782472613,13.66,105.2701754385965
PB_qb0of3__FCF_P_qb1of3__C12_EPS_DYN_yoy__v0,PB_qb0of3__FCF_P_qb1of3,C12_EPS_DYN_yoy,0.19936284779825764,0.18135868898675023,0.01800415881150741,-0.5493305515579225,0.5148543409287568,15.14,52.864
PS_qb0of3__OCF_E_qb2of3__C13_EPS_DYN_ytdavg_gt_lyytdavg__v0,PS_qb0of3__OCF_E_qb2of3,C13_EPS_DYN_ytdavg_gt_lyytdavg,0.19932993138171295,0.17777171665795666,0.021558214723756297,-0.4594679230179879,0.4948162111215834,14.36,86.11578947368422
P_IC_qb0of3__PB_qb0of3__C2_ROE_DYN_riseq2__v0,P_IC_qb0of3__PB_qb0of3,C2_ROE_DYN_riseq2,0.1992005536940955,0.18660855823064182,0.012591995463453687,-0.5496490305016326,0.5406576599541167,14.87,184.14233576642334
EV_S_qb0of3__None__C12_EPS_DYN_yoy__v0,EV_S_qb0of3__None,C12_EPS_DYN_yoy,0.19908819452873416,0.15765702596425268,0.04143116856448148,-0.5202127550135,0.5113831369408535,15.31,250.096
MOM_qb2of3__FCF_OI_qb0of3__C4_ROE_DYN_qmax8__v0,MOM_qb2of3__FCF_OI_qb0of3,C4_ROE_DYN_qmax8,0.1990804309965395,0.11480569700354648,0.08427473399299301,-0.6673477265067802,0.4903796151846074,17.23,27.914163090128756
P_IC_qb0of3__ROIC_qb1of3__C6_ROE_DYN_ytdavg_gt_lyytdavg__v0,P_IC_qb0of3__ROIC_qb1of3,C6_ROE_DYN_ytdavg_gt_lyytdavg,0.19903918915229557,0.18305739841769153,0.01598179073460404,-0.5019940200747132,0.51891228787569,14.58,102.41754385964913
PS_qb1of3__NETDEBT_EBITDA_qb0of3__C3_ROE_DYN_qmax4__v0,PS_qb1of3__NETDEBT_EBITDA_qb0of3,C3_ROE_DYN_qmax4,0.1990322440819985,0.1188095866868164,0.08022265739518208,-0.6270125584725702,0.5146198830409356,13.81,34.58015267175573
PS_qb0of3__ROE_qb2of3__C5_ROE_DYN_yoy__v0,PS_qb0of3__ROE_qb2of3,C5_ROE_DYN_yoy,0.19881430470147277,0.16777979365724227,0.031034511044230495,-0.4072364522036064,0.5024535950501386,16.32,97.12
P_IC_qb0of3__ROIC_qb1of3__C3_ROE_DYN_qmax4__v0,P_IC_qb0of3__ROIC_qb1of3,C3_ROE_DYN_qmax4,0.19877768585525146,0.18305739841769153,0.015720287437559932,-0.542083594970403,0.5365797896662095,14.06,68.30916030534351
PB_qb0of3__ROE_qb1of3__C12_EPS_DYN_yoy__v0,PB_qb0of3__ROE_qb1of3,C12_EPS_DYN_yoy,0.1987130613125092,0.1827049174072004,0.016008143905308803,-0.5179222950407476,0.5233269264371833,15.07,112.568
PS_qb0of3__DEBTRATIO_qb2of3__C3_ROE_DYN_qmax4__v0,PS_qb0of3__DEBTRATIO_qb2of3,C3_ROE_DYN_qmax4,0.1986966278126907,0.16533570385241192,0.03336092396027879,-0.5093045346793413,0.5068888888888889,14.13,75.87786259541984
ROE_qb2of3__DEBTRATIO_qb0of3__C11_EPS_DYN_qmax8__v0,ROE_qb2of3__DEBTRATIO_qb0of3,C11_EPS_DYN_qmax8,0.19868564595798666,0.1083279530990704,0.09035769285891626,-0.4702345410332489,0.5080312069756769,19.47,38.63090128755365
PB_qb0of3__NETDEBT_EBITDA_qb0of3__C3_ROE_DYN_qmax4__v0,PB_qb0of3__NETDEBT_EBITDA_qb0of3,C3_ROE_DYN_qmax4,0.19861918001596357,0.1865829469130269,0.012036233102936666,-0.5264580657348481,0.5212527964205816,14.35,35.48091603053435
EV_S_qb1of3__ACCRUAL_qb0of3__C10_EPS_DYN_qmax4__v0,EV_S_qb1of3__ACCRUAL_qb0of3,C10_EPS_DYN_qmax4,0.19861381599492245,0.12264039060979393,0.07597342538512852,-0.5610723369277948,0.5052631578947369,14.8,39.68320610687023
PS_qb0of3__OCF_E_qb2of3__C14_EPS_DYN_ytdavg_gt_lyavg__v0,PS_qb0of3__OCF_E_qb2of3,C14_EPS_DYN_ytdavg_gt_lyavg,0.19861145662468394,0.17777171665795666,0.020839739966727278,-0.4548136621661174,0.4952911781664424,14.43,84.07368421052631
PB_qb0of3__MOM_qb2of3__C2_ROE_DYN_riseq2__v0,PB_qb0of3__MOM_qb2of3,C2_ROE_DYN_riseq2,0.1986032585000288,0.17812025809063203,0.020483000409396768,-0.6539281776085546,0.5115593483320403,14.49,93.17153284671532
EV_S_qb0of3__OCF_E_qb1of3__C5_ROE_DYN_yoy__v0,EV_S_qb0of3__OCF_E_qb1of3,C5_ROE_DYN_yoy,0.19859869026628774,0.16012337011211542,0.03847532015417232,-0.556301450057344,0.5274725274725275,15.48,72.172
PB_qb0of3__OCF_E_qb2of3__C14_EPS_DYN_ytdavg_gt_lyavg__v0,PB_qb0of3__OCF_E_qb2of3,C14_EPS_DYN_ytdavg_gt_lyavg,0.19851186211500615,0.1959933102234963,0.002518551891509846,-0.4997525986842467,0.5160458452722063,14.97,53.628070175438594
PS_qb1of3__OCF_E_qb1of3__C3_ROE_DYN_qmax4__v0,PS_qb1of3__OCF_E_qb1of3,C3_ROE_DYN_qmax4,0.19850143637948503,0.11005598483431767,0.08844545154516736,-0.49030221231820525,0.516059295861643,14.8,46.73664122137404
MOM_qb2of3__OCF_E_qb2of3__C14_EPS_DYN_ytdavg_gt_lyavg__v0,MOM_qb2of3__OCF_E_qb2of3,C14_EPS_DYN_ytdavg_gt_lyavg,0.19845817587345516,0.16128648413460045,0.037171691738854706,-0.6074061008487355,0.5054242002781641,14.5,96.67719298245613
P_IC_qb0of3__EV_EBITDA_qb0of3__C11_EPS_DYN_qmax8__v0,P_IC_qb0of3__EV_EBITDA_qb0of3,C11_EPS_DYN_qmax8,0.19843546669415746,0.19372967359465032,0.004705793099507138,-0.5154113519415657,0.5172413793103449,15.17,39.93991416309013
EV_S_qb0of3__OCF_E_qb1of3__C14_EPS_DYN_ytdavg_gt_lyavg__v0,EV_S_qb0of3__OCF_E_qb1of3,C14_EPS_DYN_ytdavg_gt_lyavg,0.19842630158515728,0.16012337011211542,0.03830293147304187,-0.5046289903572653,0.5084867320105187,14.09,65.19649122807017
PB_qb0of3__None__C9_EPS_DYN_riseq2__v0,PB_qb0of3__None,C9_EPS_DYN_riseq2,0.198302976306451,0.1813653578473695,0.016937618459081483,-0.5453019934555176,0.5454014029618083,14.86,243.46350364963504
PB_qb0of3__DEBTRATIO_qb2of3__C8_EPS_DYN_riseq1__v0,PB_qb0of3__DEBTRATIO_qb2of3,C8_EPS_DYN_riseq1,0.19828992280235247,0.18803320787283906,0.01025671492951341,-0.5627473384599214,0.5144278606965174,14.79,90.78245614035087
PB_qb1of3__ROIC_qb2of3__C3_ROE_DYN_qmax4__v0,PB_qb1of3__ROIC_qb2of3,C3_ROE_DYN_qmax4,0.1981920775202215,0.1573162106871937,0.040875866833027796,-0.4688349996479937,0.5315528243913968,16.39,60.603053435114504
PS_qb0of3__EV_EBITDA_qb0of3__C1_ROE_DYN_riseq1__v0,PS_qb0of3__EV_EBITDA_qb0of3,C1_ROE_DYN_riseq1,0.19815106732532106,0.19253203521120743,0.005619032114113631,-0.48590430646683436,0.4974182444061962,13.31,102.4
P_IC_qb0of3__NETDEBT_EBITDA_qb2of3__C9_EPS_DYN_riseq2__v0,P_IC_qb0of3__NETDEBT_EBITDA_qb2of3,C9_EPS_DYN_riseq2,0.1981315741304832,0.17686162789661508,0.02126994623386813,-0.5621808238082142,0.524814314652262,14.53,139.94160583941607
PB_qb0of3__FCF_OI_qb1of3__C1_ROE_DYN_riseq1__v0,PB_qb0of3__FCF_OI_qb1of3,C1_ROE_DYN_riseq1,0.19813025902453507,0.19021651029963826,0.007913748724896807,-0.5677755802090154,0.5146465532362743,13.63,82.1438596491228
PB_qb1of3__NETDEBT_EBITDA_qb0of3__C10_EPS_DYN_qmax4__v0,PB_qb1of3__NETDEBT_EBITDA_qb0of3,C10_EPS_DYN_qmax4,0.19809387223489217,0.11680507484049185,0.08128879739440031,-0.5929993712200465,0.5285969615728329,14.92,35.01908396946565
PS_qb0of3__None__C5_ROE_DYN_yoy__v0,PS_qb0of3__None,C5_ROE_DYN_yoy,0.1980750828468134,0.16620841805915898,0.03186666478765443,-0.5324515224237497,0.5045417960216166,15.33,245.552
PS_qb0of3__ACCRUAL_qb0of3__C7_ROE_DYN_ytdavg_gt_lyavg__v0,PS_qb0of3__ACCRUAL_qb0of3,C7_ROE_DYN_ytdavg_gt_lyavg,0.19805067001553223,0.16627029120688008,0.03178037880865214,-0.46181859843346185,0.4927383708692907,14.21,72.79298245614035
PB_qb0of3__ROE_qb1of3__C5_ROE_DYN_yoy__v0,PB_qb0of3__ROE_qb1of3,C5_ROE_DYN_yoy,0.1980343556567441,0.1827049174072004,0.015329438249543692,-0.5280824585332311,0.5203209488923775,14.91,114.584
PB_qb0of3__NETDEBT_EBITDA_qb2of3__C2_ROE_DYN_riseq2__v0,PB_qb0of3__NETDEBT_EBITDA_qb2of3,C2_ROE_DYN_riseq2,0.19799333371994732,0.17776664450601265,0.020226689213934668,-0.5784615008056486,0.5267954003037535,14.61,105.39416058394161
MOM_qb2of3__OCF_E_qb2of3__C13_EPS_DYN_ytdavg_gt_lyytdavg__v0,MOM_qb2of3__OCF_E_qb2of3,C13_EPS_DYN_ytdavg_gt_lyytdavg,0.19799006537569386,0.16128648413460045,0.03670358124109341,-0.6152832766922197,0.5025030442429982,14.52,99.31228070175439
P_IC_qb0of3__ROIC_qb1of3__C5_ROE_DYN_yoy__v0,P_IC_qb0of3__ROIC_qb1of3,C5_ROE_DYN_yoy,0.19796972090829112,0.18305739841769153,0.014912322490599594,-0.530205057627678,0.519732326698696,15.28,120.12
EV_S_qb0of3__ACCRUAL_qb0of3__C6_ROE_DYN_ytdavg_gt_lyytdavg__v0,EV_S_qb0of3__ACCRUAL_qb0of3,C6_ROE_DYN_ytdavg_gt_lyytdavg,0.19792329929235342,0.15570838337066473,0.04221491592168869,-0.43943628302083926,0.4937017472572125,14.39,73.50175438596492
PB_qb0of3__ROIC_qb1of3__C5_ROE_DYN_yoy__v0,PB_qb0of3__ROIC_qb1of3,C5_ROE_DYN_yoy,0.19790336390954377,0.18256711047310548,0.015336253436438296,-0.5167812463638666,0.5237102657634184,15.15,115.128
PB_qb0of3__NETDEBT_EBITDA_qb0of3__C12_EPS_DYN_yoy__v0,PB_qb0of3__NETDEBT_EBITDA_qb0of3,C12_EPS_DYN_yoy,0.1978692879732704,0.1865829469130269,0.01128634106024351,-0.5654404625490501,0.5317703024125042,15.06,67.472
P_IC_qb0of3__PS_qb0of3__C8_EPS_DYN_riseq1__v0,P_IC_qb0of3__PS_qb0of3,C8_EPS_DYN_riseq1,0.19781608635976333,0.19078211269583956,0.007033973663923776,-0.5376183353835384,0.5067707137938949,13.56,160.8421052631579
P_IC_qb0of3__EV_EBITDA_qb0of3__C1_ROE_DYN_riseq1__v0,P_IC_qb0of3__EV_EBITDA_qb0of3,C1_ROE_DYN_riseq1,0.19772089615220367,0.19372967359465032,0.003991222557553353,-0.508811871135193,0.517845554834523,13.53,101.32280701754387
PS_qb0of3__ACCRUAL_qb0of3__C9_EPS_DYN_riseq2__v0,PS_qb0of3__ACCRUAL_qb0of3,C9_EPS_DYN_riseq2,0.19771476677103839,0.16627029120688008,0.0314444755641583,-0.4399323080068449,0.49938173467585234,15.19,84.81021897810218
PB_qb1of3__MOM_qb2of3__C3_ROE_DYN_qmax4__v0,PB_qb1of3__MOM_qb2of3,C3_ROE_DYN_qmax4,0.19765170453207204,0.1423822447586076,0.055269459773464424,-0.7043733936800924,0.5253747041809098,13.17,51.68702290076336
PB_qb0of3__ROIC_qb1of3__C9_EPS_DYN_riseq2__v0,PB_qb0of3__ROIC_qb1of3,C9_EPS_DYN_riseq2,0.19763629543869632,0.18256711047310548,0.015069184965590843,-0.46701649239663257,0.5425481151582631,14.88,112.75912408759125
P_IC_qb0of3__ROIC_qb1of3__C10_EPS_DYN_qmax4__v0,P_IC_qb0of3__ROIC_qb1of3,C10_EPS_DYN_qmax4,0.19759871132792806,0.18305739841769153,0.014541312910236526,-0.5142632216870148,0.5438756855575868,14.01,69.26717557251908
EV_S_qb0of3__DEBTRATIO_qb0of3__C8_EPS_DYN_riseq1__v0,EV_S_qb0of3__DEBTRATIO_qb0of3,C8_EPS_DYN_riseq1,0.19737694171148545,0.17427513647925252,0.02310180523223293,-0.5822408058907658,0.5168860904407556,14.37,59.04912280701755
PS_qb0of3__OCF_E_qb2of3__C6_ROE_DYN_ytdavg_gt_lyytdavg__v0,PS_qb0of3__OCF_E_qb2of3,C6_ROE_DYN_ytdavg_gt_lyytdavg,0.1972811569515296,0.17777171665795666,0.019509440293572933,-0.45256003307723647,0.49610440202571093,14.31,82.83859649122807
P_IC_qb0of3__ROIC_qb1of3__C2_ROE_DYN_riseq2__v0,P_IC_qb0of3__ROIC_qb1of3,C2_ROE_DYN_riseq2,0.19726342650500128,0.18305739841769153,0.014206028087309752,-0.5345798282481993,0.5329526161444668,15.12,119.89781021897811
ROE_qb2of3__EV_EBITDA_qb0of3__C4_ROE_DYN_qmax8__v0,ROE_qb2of3__EV_EBITDA_qb0of3,C4_ROE_DYN_qmax8,0.19722008300798866,0.17599537128535347,0.02122471172263518,-0.4530969404135393,0.5076972418216805,20.07,49.97854077253219
P_IC_qb0of3__OCF_E_qb2of3__C14_EPS_DYN_ytdavg_gt_lyavg__v0,P_IC_qb0of3__OCF_E_qb2of3,C14_EPS_DYN_ytdavg_gt_lyavg,0.19712249411245142,0.18457415552402745,0.012548338588423968,-0.5047108018953168,0.5154943433349729,14.17,65.30526315789474
MOM_qb2of3__ROIC_qb2of3__C11_EPS_DYN_qmax8__v0,MOM_qb2of3__ROIC_qb2of3,C11_EPS_DYN_qmax8,0.19708998970099678,0.1626939247574768,0.03439606494351999,-0.6633946399191826,0.5048611111111111,16.98,69.57510729613733
PS_qb0of3__MOM_qb2of3__C1_ROE_DYN_riseq1__v0,PS_qb0of3__MOM_qb2of3,C1_ROE_DYN_riseq1,0.19708013352689613,0.18562674496910136,0.011453388557794764,-0.6618922584584221,0.5139664804469274,12.91,96.33333333333333
PB_qb0of3__EV_EBITDA_qb0of3__C1_ROE_DYN_riseq1__v0,PB_qb0of3__EV_EBITDA_qb0of3,C1_ROE_DYN_riseq1,0.19707348856930773,0.1952473266098218,0.001826161959485928,-0.5248540551303711,0.5225748770675012,14.03,109.2421052631579
PS_qb0of3__ACCRUAL_qb0of3__C14_EPS_DYN_ytdavg_gt_lyavg__v0,PS_qb0of3__ACCRUAL_qb0of3,C14_EPS_DYN_ytdavg_gt_lyavg,0.19701726188082214,0.16627029120688008,0.030746970673942053,-0.48040205952045123,0.49104299363057324,14.32,76.92280701754386
EV_S_qb0of3__FCF_OI_qb1of3__C7_ROE_DYN_ytdavg_gt_lyavg__v0,EV_S_qb0of3__FCF_OI_qb1of3,C7_ROE_DYN_ytdavg_gt_lyavg,0.19701539890428532,0.15841923538251113,0.038596163521774196,-0.48027267715034083,0.5008083348302497,13.28,102.75438596491227
P_IC_qb0of3__ROE_qb2of3__C3_ROE_DYN_qmax4__v0,P_IC_qb0of3__ROE_qb2of3,C3_ROE_DYN_qmax4,0.19698276331189923,0.20928208051419395,-0.012299317202294713,-0.43858993606576857,0.5317647058823529,14.97,42.221374045801525
EV_S_qb1of3__ROE_qb2of3__C4_ROE_DYN_qmax8__v0,EV_S_qb1of3__ROE_qb2of3,C4_ROE_DYN_qmax8,0.19694557993459405,0.11697884944628889,0.07996673048830516,-0.5630620182171769,0.5171886936592819,18.49,41.38197424892704
MOM_qb2of3__FCF_P_qb0of3__C3_ROE_DYN_qmax4__v0,MOM_qb2of3__FCF_P_qb0of3,C3_ROE_DYN_qmax4,0.19690655470630558,0.12480208289160699,0.07210447181469859,-0.6774430267617795,0.5005243838489775,15.02,49.99236641221374
PB_qb0of3__ROIC_qb1of3__C14_EPS_DYN_ytdavg_gt_lyavg__v0,PB_qb0of3__ROIC_qb1of3,C14_EPS_DYN_ytdavg_gt_lyavg,0.19686284642358576,0.18256711047310548,0.014295735950480282,-0.4903258980913968,0.5250372895802259,14.07,93.63157894736842
EV_S_qb0of3__ROE_qb2of3__C12_EPS_DYN_yoy__v0,EV_S_qb0of3__ROE_qb2of3,C12_EPS_DYN_yoy,0.19683688795760457,0.16080766307492578,0.03602922488267879,-0.4614248195824612,0.5136659436008677,16.95,100.708
PB_qb0of3__PS_qb0of3__None__v0,PB_qb0of3__PS_qb0of3,None,0.19683269190132835,0.19683269190132835,0.0,-0.567354790310797,0.6201030927835052,14.89,256.0875420875421
PB_qb0of3__None__C3_ROE_DYN_qmax4__v0,PB_qb0of3__None,C3_ROE_DYN_qmax4,0.19673070164257855,0.1813653578473695,0.015365343795209041,-0.5175463273322014,0.5271619343964735,14.57,131.03053435114504
MOM_qb2of3__FCF_P_qb2of3__C12_EPS_DYN_yoy__v0,MOM_qb2of3__FCF_P_qb2of3,C12_EPS_DYN_yoy,0.19670283582480796,0.15611793939613228,0.04058489642867569,-0.6029324767859264,0.5094093804284887,15.85,96.752
PS_qb0of3__ROE_qb2of3__C12_EPS_DYN_yoy__v0,PS_qb0of3__ROE_qb2of3,C12_EPS_DYN_yoy,0.19667080907126522,0.16777979365724227,0.028891015414022947,-0.3922641477323092,0.5064144379212873,16.67,99.528
P_IC_qb0of3__OCF_E_qb2of3__C13_EPS_DYN_ytdavg_gt_lyytdavg__v0,P_IC_qb0of3__OCF_E_qb2of3,C13_EPS_DYN_ytdavg_gt_lyytdavg,0.1965989888089532,0.18457415552402745,0.012024833284925762,-0.4996981297074057,0.5130579297245964,14.45,67.38947368421053
EV_S_qb1of3__DEBTRATIO_qb1of3__C4_ROE_DYN_qmax8__v0,EV_S_qb1of3__DEBTRATIO_qb1of3,C4_ROE_DYN_qmax8,0.19649418272122054,0.11604034731042145,0.08045383541079909,-0.7350552953789089,0.5045632333767927,18.42,25.506437768240342
P_IC_qb1of3__DEBTRATIO_qb0of3__C11_EPS_DYN_qmax8__v0,P_IC_qb1of3__DEBTRATIO_qb0of3,C11_EPS_DYN_qmax8,0.1964533080574482,0.14025437918169104,0.05619892887575717,-0.591315922677148,0.529126213592233,16.99,24.068669527896997
PB_qb0of3__ROE_qb1of3__C7_ROE_DYN_ytdavg_gt_lyavg__v0,PB_qb0of3__ROE_qb1of3,C7_ROE_DYN_ytdavg_gt_lyavg,0.19643208996986528,0.1827049174072004,0.013727172562664869,-0.5102191971084984,0.5180928054491273,13.98,94.36491228070176
PS_qb0of3__NETDEBT_EBITDA_qb2of3__C5_ROE_DYN_yoy__v0,PS_qb0of3__NETDEBT_EBITDA_qb2of3,C5_ROE_DYN_yoy,0.19636015579677313,0.16474534749704373,0.0316148082997294,-0.5690493952747351,0.48756807956429077,15.01,112.644
PS_qb0of3__NETDEBT_EBITDA_qb2of3__C12_EPS_DYN_yoy__v0,PS_qb0of3__NETDEBT_EBITDA_qb2of3,C12_EPS_DYN_yoy,0.19629748860949903,0.16474534749704373,0.0315521411124553,-0.5603645706045253,0.4864927806241267,14.9,114.008
ROE_qb2of3__EV_EBITDA_qb0of3__C11_EPS_DYN_qmax8__v0,ROE_qb2of3__EV_EBITDA_qb0of3,C11_EPS_DYN_qmax8,0.19628367166756644,0.17599537128535347,0.020288300382212965,-0.4452481702416403,0.508484668055969,19.34,55.72532188841202
EV_S_qb1of3__ACCRUAL_qb1of3__C11_EPS_DYN_qmax8__v0,EV_S_qb1of3__ACCRUAL_qb1of3,C11_EPS_DYN_qmax8,0.19626111164447702,0.11564064478310487,0.08062046686137214,-0.6609852971915191,0.5223429951690821,17.38,24.824034334763947
PB_qb0of3__None__C7_ROE_DYN_ytdavg_gt_lyavg__v0,PB_qb0of3__None,C7_ROE_DYN_ytdavg_gt_lyavg,0.19625664149282107,0.1813653578473695,0.014891283645451558,-0.5557295474731955,0.5362365940851479,13.85,203.35087719298247
EV_S_qb0of3__ROIC_qb2of3__C11_EPS_DYN_qmax8__v0,EV_S_qb0of3__ROIC_qb2of3,C11_EPS_DYN_qmax8,0.19623827145335837,0.15759388570377553,0.038644385749582844,-0.5658669868692665,0.5015455950540958,17.35,42.712446351931334
P_IC_qb0of3__None__C2_ROE_DYN_riseq2__v0,P_IC_qb0of3__None,C2_ROE_DYN_riseq2,0.1962369941823825,0.18180748761405363,0.014429506568328865,-0.5442071970091731,0.5375774535278832,14.75,242.7810218978102
EV_S_qb1of3__OCF_E_qb2of3__C11_EPS_DYN_qmax8__v0,EV_S_qb1of3__OCF_E_qb2of3,C11_EPS_DYN_qmax8,0.1962053354437625,0.12057084445892974,0.07563449098483277,-0.662590445900227,0.5169937769267592,18.12,33.798283261802574
MOM_qb2of3__FCF_OI_qb2of3__C5_ROE_DYN_yoy__v0,MOM_qb2of3__FCF_OI_qb2of3,C5_ROE_DYN_yoy,0.19615497762074674,0.13952586865099859,0.056629108969748154,-0.6272523518905032,0.5060906285528667,16.33,85.164
PS_qb0of3__ROIC_qb2of3__C11_EPS_DYN_qmax8__v0,PS_qb0of3__ROIC_qb2of3,C11_EPS_DYN_qmax8,0.19614537601793947,0.16300310603459844,0.03314226998334102,-0.5082551665018454,0.5027844073190135,16.67,41.48068669527897
P_IC_qb0of3__DEBTRATIO_qb1of3__C10_EPS_DYN_qmax4__v0,P_IC_qb0of3__DEBTRATIO_qb1of3,C10_EPS_DYN_qmax4,0.19606248843743468,0.17831093585947433,0.01775155257796035,-0.5014974716299032,0.5311324697033013,14.16,38.67175572519084
MOM_qb2of3__DEBTRATIO_qb0of3__C10_EPS_DYN_qmax4__v0,MOM_qb2of3__DEBTRATIO_qb0of3,C10_EPS_DYN_qmax4,0.19605875660258398,0.1358581434377284,0.06020061316485559,-0.6435549611502522,0.5048051254671649,15.76,53.01526717557252
PB_qb0of3__ROE_qb1of3__C2_ROE_DYN_riseq2__v0,PB_qb0of3__ROE_qb1of3,C2_ROE_DYN_riseq2,0.19600303159070664,0.1827049174072004,0.013298114183506238,-0.5208970296922204,0.5407349491790461,14.72,117.10218978102189
PB_qb0of3__OCF_E_qb2of3__None__v0,PB_qb0of3__OCF_E_qb2of3,None,0.1959933102234963,0.1959933102234963,0.0,-0.5443795783604286,0.5145234272368997,16.4,109.73400673400674
P_IC_qb0of3__NETDEBT_EBITDA_qb2of3__C2_ROE_DYN_riseq2__v0,P_IC_qb0of3__NETDEBT_EBITDA_qb2of3,C2_ROE_DYN_riseq2,0.19588998723541717,0.17686162789661508,0.019028359338802092,-0.5762165235160994,0.5219528733683675,14.59,139.25182481751824
PB_qb1of3__ROIC_qb2of3__C11_EPS_DYN_qmax8__v0,PB_qb1of3__ROIC_qb2of3,C11_EPS_DYN_qmax8,0.195886269036339,0.1573162106871937,0.038570058349145286,-0.6452294389853794,0.5247713414634146,17.15,41.53648068669528
EV_S_qb0of3__NETDEBT_EBITDA_qb2of3__C3_ROE_DYN_qmax4__v0,EV_S_qb0of3__NETDEBT_EBITDA_qb2of3,C3_ROE_DYN_qmax4,0.19575418742581752,0.15594460285259082,0.0398095845732267,-0.528757352809011,0.5075720566682951,12.9,34.66030534351145
P_IC_qb0of3__NETDEBT_EBITDA_qb2of3__C6_ROE_DYN_ytdavg_gt_lyytdavg__v0,P_IC_qb0of3__NETDEBT_EBITDA_qb2of3,C6_ROE_DYN_ytdavg_gt_lyytdavg,0.19574086368396837,0.17686162789661508,0.018879235787353288,-0.5622995156197528,0.503769520732364,14.1,125.32280701754387
P_IC_qb0of3__DEBTRATIO_qb1of3__C7_ROE_DYN_ytdavg_gt_lyavg__v0,P_IC_qb0of3__DEBTRATIO_qb1of3,C7_ROE_DYN_ytdavg_gt_lyavg,0.19573656675803064,0.17831093585947433,0.01742563089855631,-0.546003296450734,0.5244122965641953,14.31,57.449122807017545
ROE_qb2of3__EV_EBITDA_qb0of3__C6_ROE_DYN_ytdavg_gt_lyytdavg__v0,ROE_qb2of3__EV_EBITDA_qb0of3,C6_ROE_DYN_ytdavg_gt_lyytdavg,0.19572905520991535,0.17599537128535347,0.019733683924561873,-0.3668581483351049,0.49401860877270715,15.16,81.78245614035087
P_IC_qb0of3__FCF_P_qb1of3__C4_ROE_DYN_qmax8__v0,P_IC_qb0of3__FCF_P_qb1of3,C4_ROE_DYN_qmax8,0.19563412419013249,0.17742558888731907,0.01820853530281341,-0.7745800017038551,0.5477855477855478,13.44,12.313304721030043
EV_S_qb0of3__MOM_qb2of3__None__v0,EV_S_qb0of3__MOM_qb2of3,None,0.19563407710056202,0.19563407710056202,0.0,-0.63095322319809,0.4880317860257777,13.59,156.3838383838384
EV_S_qb0of3__DEBTRATIO_qb0of3__C1_ROE_DYN_riseq1__v0,EV_S_qb0of3__DEBTRATIO_qb0of3,C1_ROE_DYN_riseq1,0.1955723674694516,0.17427513647925252,0.02129723099019909,-0.5740818311684983,0.5164930555555556,14.48,58.49473684210526
P_IC_qb0of3__MOM_qb2of3__C11_EPS_DYN_qmax8__v0,P_IC_qb0of3__MOM_qb2of3,C11_EPS_DYN_qmax8,0.1955472007579051,0.18204168375202867,0.013505517005876433,-0.6600400953740893,0.5254702194357367,14.82,39.75536480686695
ROE_qb2of3__EV_EBITDA_qb0of3__C10_EPS_DYN_qmax4__v0,ROE_qb2of3__EV_EBITDA_qb0of3,C10_EPS_DYN_qmax4,0.1955197230786272,0.17599537128535347,0.01952435179327372,-0.3661424421217696,0.5050627784528149,16.61,75.88931297709924
PB_qb0of3__None__C2_ROE_DYN_riseq2__v0,PB_qb0of3__None,C2_ROE_DYN_riseq2,0.19545822522451384,0.1813653578473695,0.014092867377144325,-0.5552833596390983,0.5433700848863304,14.91,243.43795620437956
EV_S_qb0of3__NETDEBT_EBITDA_qb2of3__C13_EPS_DYN_ytdavg_gt_lyytdavg__v0,EV_S_qb0of3__NETDEBT_EBITDA_qb2of3,C13_EPS_DYN_ytdavg_gt_lyytdavg,0.19544098162289725,0.15594460285259082,0.03949637877030643,-0.5056109979015827,0.4854368932038835,13.32,60.824561403508774
MOM_qb2of3__None__C3_ROE_DYN_qmax4__v0,MOM_qb2of3__None,C3_ROE_DYN_qmax4,0.19541203057638712,0.11806777849564609,0.07734425208074103,-0.6358596596964471,0.5058096643305053,14.84,156.04198473282443
MOM_qb2of3__ACCRUAL_qb1of3__C11_EPS_DYN_qmax8__v0,MOM_qb2of3__ACCRUAL_qb1of3,C11_EPS_DYN_qmax8,0.19536222798146152,0.13592025080935466,0.059441977172106863,-0.6951189257695902,0.5188603531300161,15.53,36.94420600858369
MOM_qb2of3__FCF_OI_qb1of3__C9_EPS_DYN_riseq2__v0,MOM_qb2of3__FCF_OI_qb1of3,C9_EPS_DYN_riseq2,0.19532433277808647,0.15028408428317808,0.0450402484949084,-0.6142122644773672,0.5117831358125596,14.5,99.10218978102189
MOM_qb2of3__ACCRUAL_qb0of3__C8_EPS_DYN_riseq1__v0,MOM_qb2of3__ACCRUAL_qb0of3,C8_EPS_DYN_riseq1,0.19531488838106448,0.15505270527372694,0.040262183107337535,-0.652274957980257,0.5069957553843736,13.99,77.4421052631579
PB_qb0of3__EV_EBITDA_qb0of3__None__v0,PB_qb0of3__EV_EBITDA_qb0of3,None,0.1952473266098218,0.1952473266098218,0.0,-0.5529732347749178,0.5405482991244438,15.05,207.27272727272728
EV_S_qb0of3__NETDEBT_EBITDA_qb2of3__C2_ROE_DYN_riseq2__v0,EV_S_qb0of3__NETDEBT_EBITDA_qb2of3,C2_ROE_DYN_riseq2,0.1951718926830135,0.15594460285259082,0.039227289830422674,-0.5547289805322397,0.5027137042062415,13.6,64.10218978102189
PS_qb0of3__ROIC_qb1of3__C12_EPS_DYN_yoy__v0,PS_qb0of3__ROIC_qb1of3,C12_EPS_DYN_yoy,0.19501992030102944,0.16131933517355046,0.03370058512747898,-0.5221832932964942,0.5069356872635561,14.71,115.744
EV_S_qb0of3__ROIC_qb2of3__C5_ROE_DYN_yoy__v0,EV_S_qb0of3__ROIC_qb2of3,C5_ROE_DYN_yoy,0.19500674515180272,0.15759388570377553,0.03741285944802719,-0.4648284573005407,0.5070814952403064,16.79,85.876
PB_qb0of3__ROIC_qb1of3__C2_ROE_DYN_riseq2__v0,PB_qb0of3__ROIC_qb1of3,C2_ROE_DYN_riseq2,0.19499315784975324,0.18256711047310548,0.012426047376647764,-0.5076746515272781,0.5373320837238363,14.85,116.73357664233576
PS_qb0of3__NETDEBT_EBITDA_qb2of3__C10_EPS_DYN_qmax4__v0,PS_qb0of3__NETDEBT_EBITDA_qb2of3,C10_EPS_DYN_qmax4,0.19487458313175576,0.16474534749704373,0.030129235634712037,-0.5609470345368774,0.5024128686327077,13.66,65.12595419847328
PB_qb0of3__DEBTRATIO_qb2of3__C1_ROE_DYN_riseq1__v0,PB_qb0of3__DEBTRATIO_qb2of3,C1_ROE_DYN_riseq1,0.19477132049163792,0.18803320787283906,0.006738112618798864,-0.5732669686889418,0.5184661957618567,14.71,90.3859649122807
PB_qb1of3__ROE_qb2of3__C1_ROE_DYN_riseq1__v0,PB_qb1of3__ROE_qb2of3,C1_ROE_DYN_riseq1,0.1947316901081353,0.1735666691404827,0.021165020967652604,-0.5305567473109372,0.5140867363089585,15.99,90.85263157894737
EV_S_qb0of3__NETDEBT_EBITDA_qb0of3__C14_EPS_DYN_ytdavg_gt_lyavg__v0,EV_S_qb0of3__NETDEBT_EBITDA_qb0of3,C14_EPS_DYN_ytdavg_gt_lyavg,0.19465677446005114,0.1547916746673339,0.03986509979271724,-0.5343689258479172,0.5263695134399455,13.69,78.6140350877193
EV_S_qb0of3__NETDEBT_EBITDA_qb2of3__C9_EPS_DYN_riseq2__v0,EV_S_qb0of3__NETDEBT_EBITDA_qb2of3,C9_EPS_DYN_riseq2,0.19463332882865636,0.15594460285259082,0.03868872597606554,-0.5113741167199342,0.49966261808367074,13.92,64.81021897810218
P_IC_qb0of3__ROIC_qb1of3__C8_EPS_DYN_riseq1__v0,P_IC_qb0of3__ROIC_qb1of3,C8_EPS_DYN_riseq1,0.1945994652462173,0.18305739841769153,0.011542066828525765,-0.530640836263736,0.5199018538713195,14.94,114.47368421052632
EV_S_qb0of3__NETDEBT_EBITDA_qb2of3__C14_EPS_DYN_ytdavg_gt_lyavg__v0,EV_S_qb0of3__NETDEBT_EBITDA_qb2of3,C14_EPS_DYN_ytdavg_gt_lyavg,0.1945775955746991,0.15594460285259082,0.038632992722108295,-0.495796187522891,0.49441476444876153,13.46,59.28771929824561
PB_qb1of3__NETDEBT_EBITDA_qb0of3__C3_ROE_DYN_qmax4__v0,PB_qb1of3__NETDEBT_EBITDA_qb0of3,C3_ROE_DYN_qmax4,0.19455713610073522,0.11680507484049185,0.07775206126024337,-0.5420258480558298,0.522252497729337,14.94,33.6793893129771
EV_S_qb0of3__EV_EBITDA_qb0of3__C8_EPS_DYN_riseq1__v0,EV_S_qb0of3__EV_EBITDA_qb0of3,C8_EPS_DYN_riseq1,0.19449485665943822,0.17847911845269882,0.016015738206739405,-0.5067704217206134,0.5152719145766079,13.8,133.57894736842104
MOM_qb2of3__ROE_qb2of3__C15_FCF_P_DYN_riseq1__v0,MOM_qb2of3__ROE_qb2of3,C15_FCF_P_DYN_riseq1,0.19439514786387835,0.1681772621398312,0.026217885724047152,-0.6530233125372376,0.49014162732574285,14.05,82.91929824561403
PB_qb0of3__FCF_OI_qb1of3__C8_EPS_DYN_riseq1__v0,PB_qb0of3__FCF_OI_qb1of3,C8_EPS_DYN_riseq1,0.194354249787404,0.19021651029963826,0.004137739487765746,-0.5681885094080359,0.5144978783592645,14.0,82.02105263157895
P_IC_qb0of3__OCF_E_qb2of3__C8_EPS_DYN_riseq1__v0,P_IC_qb0of3__OCF_E_qb2of3,C8_EPS_DYN_riseq1,0.19425417000303047,0.18457415552402745,0.009680014479003018,-0.5156630528281316,0.5183946488294314,14.35,72.49473684210527
P_IC_qb0of3__DEBTRATIO_qb1of3__C2_ROE_DYN_riseq2__v0,P_IC_qb0of3__DEBTRATIO_qb1of3,C2_ROE_DYN_riseq2,0.1942363437348522,0.17831093585947433,0.015925407875377884,-0.5097467781015437,0.5354449472096531,15.26,69.49270072992701
P_IC_qb0of3__EV_S_qb0of3__C8_EPS_DYN_riseq1__v0,P_IC_qb0of3__EV_S_qb0of3,C8_EPS_DYN_riseq1,0.1941861019399338,0.18640346143351416,0.007782640506419636,-0.5220109477580532,0.5194608719570898,13.69,132.21052631578948
PS_qb0of3__DEBTRATIO_qb0of3__C5_ROE_DYN_yoy__v0,PS_qb0of3__DEBTRATIO_qb0of3,C5_ROE_DYN_yoy,0.19417421707699645,0.1648921144720774,0.029282102604919036,-0.5309998042994348,0.5408320493066255,16.04,28.784
P_IC_qb1of3__ROE_qb2of3__C4_ROE_DYN_qmax8__v0,P_IC_qb1of3__ROE_qb2of3,C4_ROE_DYN_qmax8,0.19403522617380098,0.16008839291117583,0.03394683326262515,-0.48887394555983654,0.5169281585466556,18.81,38.79399141630901
PB_qb0of3__ROE_qb1of3__C14_EPS_DYN_ytdavg_gt_lyavg__v0,PB_qb0of3__ROE_qb1of3,C14_EPS_DYN_ytdavg_gt_lyavg,0.19392325649316766,0.1827049174072004,0.011218339085967255,-0.5154769043901886,0.5186209831879123,14.18,93.87719298245614
PB_qb0of3__NETDEBT_EBITDA_qb0of3__C1_ROE_DYN_riseq1__v0,PB_qb0of3__NETDEBT_EBITDA_qb0of3,C1_ROE_DYN_riseq1,0.19387461470062006,0.1865829469130269,0.007291667787593159,-0.5567603402006616,0.5244907856450048,14.48,69.60701754385966
PB_qb0of3__ROIC_qb1of3__C7_ROE_DYN_ytdavg_gt_lyavg__v0,PB_qb0of3__ROIC_qb1of3,C7_ROE_DYN_ytdavg_gt_lyavg,0.1938486838223643,0.18256711047310548,0.011281573349258833,-0.4900933439871731,0.5200169455623809,14.18,94.6
PB_qb1of3__None__C4_ROE_DYN_qmax8__v0,PB_qb1of3__None,C4_ROE_DYN_qmax8,0.19378564678912014,0.10751637456446095,0.08626927222465919,-0.5991140035089086,0.5183747412008282,15.74,63.39055793991416
PB_qb1of3__ROE_qb2of3__C10_EPS_DYN_qmax4__v0,PB_qb1of3__ROE_qb2of3,C10_EPS_DYN_qmax4,0.19374358889949983,0.1735666691404827,0.020176919759017142,-0.47518496212236283,0.5309115523465704,16.0,65.83969465648855
P_IC_qb0of3__EV_EBITDA_qb0of3__None__v0,P_IC_qb0of3__EV_EBITDA_qb0of3,None,0.19372967359465032,0.19372967359465032,0.0,-0.5362828975487952,0.5203354961228043,14.56,197.8080808080808
EV_S_qb0of3__FCF_OI_qb1of3__C14_EPS_DYN_ytdavg_gt_lyavg__v0,EV_S_qb0of3__FCF_OI_qb1of3,C14_EPS_DYN_ytdavg_gt_lyavg,0.19360297789326086,0.15841923538251113,0.03518374251074974,-0.47690486242820707,0.4954954954954955,13.49,106.96491228070175
P_IC_qb0of3__DEBTRATIO_qb1of3__C11_EPS_DYN_qmax8__v0,P_IC_qb0of3__DEBTRATIO_qb1of3,C11_EPS_DYN_qmax8,0.1935685394332991,0.17831093585947433,0.015257603573824774,-0.6125683319652504,0.5275720164609053,15.12,19.545064377682404
MOM_qb2of3__ROE_qb2of3__C18_FCF_P_DYN_qmax8__v0,MOM_qb2of3__ROE_qb2of3,C18_FCF_P_DYN_qmax8,0.19353708037964257,0.1681772621398312,0.02535981823981137,-0.7322163129619657,0.4683257918552036,19.02,22.860262008733624
MOM_qb2of3__DEBTRATIO_qb2of3__C11_EPS_DYN_qmax8__v0,MOM_qb2of3__DEBTRATIO_qb2of3,C11_EPS_DYN_qmax8,0.19352986544189688,0.14200737818456344,0.05152248725733344,-0.5697860395645851,0.49590003904724717,16.43,40.927038626609445
EV_S_qb0of3__MOM_qb2of3__C19_FCF_P_DYN_yoy__v0,EV_S_qb0of3__MOM_qb2of3,C19_FCF_P_DYN_yoy,0.19346423615517394,0.19563407710056202,-0.0021698409453880796,-0.638699512565685,0.5148928441699964,15.29,80.784
PB_qb0of3__ROE_qb2of3__C13_EPS_DYN_ytdavg_gt_lyytdavg__v0,PB_qb0of3__ROE_qb2of3,C13_EPS_DYN_ytdavg_gt_lyytdavg,0.1934573224266034,0.20625735013604096,-0.012800027709437556,-0.6572790263542272,0.5093632958801498,15.51,33.105839416058394
MOM_qb2of3__ROE_qb2of3__C6_ROE_DYN_ytdavg_gt_lyytdavg__v0,MOM_qb2of3__ROE_qb2of3,C6_ROE_DYN_ytdavg_gt_lyytdavg,0.19341381518102363,0.1681772621398312,0.025236553041192433,-0.5928199900297294,0.49673637937924603,14.58,113.83508771929824
MOM_qb2of3__ROE_qb2of3__C7_ROE_DYN_ytdavg_gt_lyavg__v0,MOM_qb2of3__ROE_qb2of3,C7_ROE_DYN_ytdavg_gt_lyavg,0.1933511684908349,0.1681772621398312,0.025173906351003694,-0.5842351921721234,0.4968118301451635,14.58,110.04912280701754
P_IC_qb0of3__FCF_OI_qb1of3__C8_EPS_DYN_riseq1__v0,P_IC_qb0of3__FCF_OI_qb1of3,C8_EPS_DYN_riseq1,0.19334339529022126,0.18557700877894123,0.007766386511280032,-0.5515927589100579,0.509011469142545,13.88,79.67368421052632
PS_qb0of3__NETDEBT_EBITDA_qb0of3__C3_ROE_DYN_qmax4__v0,PS_qb0of3__NETDEBT_EBITDA_qb0of3,C3_ROE_DYN_qmax4,0.1933362802186629,0.1627649501016779,0.030571330116984985,-0.5402045534325715,0.5195497630331753,14.26,26.34732824427481
PB_qb0of3__PS_qb0of3__C8_EPS_DYN_riseq1__v0,PB_qb0of3__PS_qb0of3,C8_EPS_DYN_riseq1,0.19332697596257953,0.19683269190132835,-0.0035057159387488213,-0.5601408221943653,0.5124147690724302,14.17,141.01754385964912
PB_qb0of3__EV_S_qb0of3__C8_EPS_DYN_riseq1__v0,PB_qb0of3__EV_S_qb0of3,C8_EPS_DYN_riseq1,0.19323074711395738,0.19275879846190347,0.0004719486520539107,-0.5407666396003794,0.5179122501006306,14.12,133.18947368421053
P_IC_qb0of3__ROE_qb2of3__C10_EPS_DYN_qmax4__v0,P_IC_qb0of3__ROE_qb2of3,C10_EPS_DYN_qmax4,0.19314698258399643,0.20928208051419395,-0.016135097930197517,-0.4586093992929161,0.5341337907375643,14.93,42.62213740458015
EV_S_qb1of3__None__C11_EPS_DYN_qmax8__v0,EV_S_qb1of3__None,C11_EPS_DYN_qmax8,0.19311277802411397,0.11690579369850362,0.07620698432561035,-0.6187331209268879,0.5064964157706093,18.03,77.47639484978541
PB_qb0of3__None__C14_EPS_DYN_ytdavg_gt_lyavg__v0,PB_qb0of3__None,C14_EPS_DYN_ytdavg_gt_lyavg,0.1930912892509289,0.1813653578473695,0.011725931403559375,-0.5577822020861956,0.5344091124822021,14.25,209.4701754385965
MOM_qb2of3__FCF_OI_qb1of3__C7_ROE_DYN_ytdavg_gt_lyavg__v0,MOM_qb2of3__FCF_OI_qb1of3,C7_ROE_DYN_ytdavg_gt_lyavg,0.19306506027470305,0.15028408428317808,0.04278097599152497,-0.6187403363927134,0.494133780283407,13.54,84.14736842105263
PS_qb0of3__ROIC_qb2of3__C5_ROE_DYN_yoy__v0,PS_qb0of3__ROIC_qb2of3,C5_ROE_DYN_yoy,0.19305569404090028,0.16300310603459844,0.03005258800630184,-0.4130955167440038,0.5017605633802817,16.63,77.548
PB_qb0of3__NETDEBT_EBITDA_qb0of3__C10_EPS_DYN_qmax4__v0,PB_qb0of3__NETDEBT_EBITDA_qb0of3,C10_EPS_DYN_qmax4,0.19303172006788394,0.1865829469130269,0.006448773154857035,-0.5909177244291604,0.5318860244233379,13.26,36.225190839694655
PS_qb0of3__ACCRUAL_qb1of3__C5_ROE_DYN_yoy__v0,PS_qb0of3__ACCRUAL_qb1of3,C5_ROE_DYN_yoy,0.19302215436463843,0.1621387652783881,0.030883389086250324,-0.6026554170856995,0.5122603655818101,15.09,72.608
PB_qb0of3__ROIC_qb1of3__C10_EPS_DYN_qmax4__v0,PB_qb0of3__ROIC_qb1of3,C10_EPS_DYN_qmax4,0.19288969243608856,0.18256711047310548,0.01032258196298308,-0.48197640694540034,0.5358337314859054,14.2,65.5381679389313
P_IC_qb0of3__DEBTRATIO_qb1of3__C5_ROE_DYN_yoy__v0,P_IC_qb0of3__DEBTRATIO_qb1of3,C5_ROE_DYN_yoy,0.19278232474246626,0.17831093585947433,0.014471388882991931,-0.5626386067602038,0.5028169014084507,15.93,65.436
PB_qb0of3__EV_S_qb0of3__None__v0,PB_qb0of3__EV_S_qb0of3,None,0.19275879846190347,0.19275879846190347,0.0,-0.5475926237311515,0.616516762060507,14.92,241.83838383838383
PB_qb0of3__None__C10_EPS_DYN_qmax4__v0,PB_qb0of3__None,C10_EPS_DYN_qmax4,0.19274236235327713,0.1813653578473695,0.011377004505907617,-0.5382343233141386,0.5322318187507823,14.25,138.01908396946564
P_IC_qb0of3__PS_qb0of3__C1_ROE_DYN_riseq1__v0,P_IC_qb0of3__PS_qb0of3,C1_ROE_DYN_riseq1,0.1926901090907227,0.19078211269583956,0.001907996394883149,-0.5437682212854615,0.5056323307397514,13.62,158.1719298245614
EV_S_qb0of3__EV_EBITDA_qb0of3__C1_ROE_DYN_riseq1__v0,EV_S_qb0of3__EV_EBITDA_qb0of3,C1_ROE_DYN_riseq1,0.1926724732811247,0.17847911845269882,0.014193354828425875,-0.4952616485939413,0.5159186804756425,14.03,128.7017543859649
EV_S_qb0of3__NETDEBT_EBITDA_qb0of3__C7_ROE_DYN_ytdavg_gt_lyavg__v0,EV_S_qb0of3__NETDEBT_EBITDA_qb0of3,C7_ROE_DYN_ytdavg_gt_lyavg,0.1926708538981845,0.1547916746673339,0.0378791792308506,-0.5339768139481003,0.5306406685236769,13.54,76.14736842105263
PS_qb0of3__DEBTRATIO_qb0of3__C12_EPS_DYN_yoy__v0,PS_qb0of3__DEBTRATIO_qb0of3,C12_EPS_DYN_yoy,0.19264550673968306,0.1648921144720774,0.027753392267605648,-0.5288685930164464,0.5302013422818792,16.08,29.524
PS_qb0of3__ACCRUAL_qb0of3__C13_EPS_DYN_ytdavg_gt_lyytdavg__v0,PS_qb0of3__ACCRUAL_qb0of3,C13_EPS_DYN_ytdavg_gt_lyytdavg,0.19255095715974124,0.16627029120688008,0.02628066595286116,-0.4812053744524203,0.4910339565051507,14.35,79.69824561403509
EV_S_qb0of3__FCF_OI_qb1of3__C3_ROE_DYN_qmax4__v0,EV_S_qb0of3__FCF_OI_qb1of3,C3_ROE_DYN_qmax4,0.19254655684441757,0.15841923538251113,0.034127321461906446,-0.4800896534917716,0.523329682365827,13.5,67.0
PS_qb0of3__EV_EBITDA_qb0of3__None__v0,PS_qb0of3__EV_EBITDA_qb0of3,None,0.19253203521120743,0.19253203521120743,0.0,-0.507684530223653,0.5058874210224009,14.64,183.84848484848484
PS_qb0of3__OCF_E_qb1of3__C3_ROE_DYN_qmax4__v0,PS_qb0of3__OCF_E_qb1of3,C3_ROE_DYN_qmax4,0.19245458918823855,0.16163055872724263,0.03082403046099591,-0.56188962984932,0.527476373818691,14.2,40.49618320610687
MOM_qb2of3__FCF_P_qb2of3__C6_ROE_DYN_ytdavg_gt_lyytdavg__v0,MOM_qb2of3__FCF_P_qb2of3,C6_ROE_DYN_ytdavg_gt_lyytdavg,0.19243443195394394,0.15611793939613228,0.036316492557811664,-0.5915098593614647,0.5153238546603476,14.0,77.74736842105263
PB_qb0of3__None__C13_EPS_DYN_ytdavg_gt_lyytdavg__v0,PB_qb0of3__None,C13_EPS_DYN_ytdavg_gt_lyytdavg,0.19233636988009728,0.1813653578473695,0.010971012032727767,-0.5528101913013501,0.5368620037807184,14.3,219.2982456140351
ROE_qb2of3__EV_EBITDA_qb0of3__C7_ROE_DYN_ytdavg_gt_lyavg__v0,ROE_qb2of3__EV_EBITDA_qb0of3,C7_ROE_DYN_ytdavg_gt_lyavg,0.19224278493050484,0.17599537128535347,0.016247413645151365,-0.35690229998183753,0.48338368580060426,15.38,81.41754385964913
MOM_qb2of3__None__C5_ROE_DYN_yoy__v0,MOM_qb2of3__None,C5_ROE_DYN_yoy,0.1921529021406383,0.11806777849564609,0.0740851236449922,-0.6472662307361634,0.4834801762114537,16.22,267.96
ROE_qb2of3__None__C4_ROE_DYN_qmax8__v0,ROE_qb2of3__None,C4_ROE_DYN_qmax8,0.19213657746139123,0.1096895179268933,0.08244705953449794,-0.4797229263327736,0.5064898017401227,19.34,119.93991416309012
PS_qb0of3__MOM_qb2of3__C8_EPS_DYN_riseq1__v0,PS_qb0of3__MOM_qb2of3,C8_EPS_DYN_riseq1,0.19213058298203078,0.18562674496910136,0.006503838012929419,-0.651120824727883,0.5098119378577269,13.39,100.19649122807017
MOM_qb2of3__FCF_P_qb2of3__C10_EPS_DYN_qmax4__v0,MOM_qb2of3__FCF_P_qb2of3,C10_EPS_DYN_qmax4,0.19209671496082126,0.15611793939613228,0.03597877556468898,-0.5980215872719261,0.5297344744349353,15.54,59.099236641221374
PS_qb0of3__OCF_E_qb2of3__C8_EPS_DYN_riseq1__v0,PS_qb0of3__OCF_E_qb2of3,C8_EPS_DYN_riseq1,0.19194944447410234,0.17777171665795666,0.01417772781614568,-0.5045431494067472,0.4979001399906673,14.94,91.30175438596491
EV_S_qb1of3__FCF_OI_qb2of3__C11_EPS_DYN_qmax8__v0,EV_S_qb1of3__FCF_OI_qb2of3,C11_EPS_DYN_qmax8,0.19188127419165002,0.11669571151307889,0.07518556267857113,-0.647611142106187,0.504225352112676,17.7,25.901287553648068
P_IC_qb0of3__MOM_qb2of3__C1_ROE_DYN_riseq1__v0,P_IC_qb0of3__MOM_qb2of3,C1_ROE_DYN_riseq1,0.1918211630169886,0.18204168375202867,0.009779479264959923,-0.6720052870426962,0.5118098826257064,13.56,92.06315789473685
P_IC_qb0of3__DEBTRATIO_qb1of3__C6_ROE_DYN_ytdavg_gt_lyytdavg__v0,P_IC_qb0of3__DEBTRATIO_qb1of3,C6_ROE_DYN_ytdavg_gt_lyytdavg,0.1918133548620915,0.17831093585947433,0.013502419002617172,-0.5402223444842064,0.5131182795698924,14.59,60.37894736842105
EV_S_qb0of3__OCF_E_qb1of3__C6_ROE_DYN_ytdavg_gt_lyytdavg__v0,EV_S_qb0of3__OCF_E_qb1of3,C6_ROE_DYN_ytdavg_gt_lyytdavg,0.191808161650862,0.16012337011211542,0.03168479153874659,-0.5058018909115979,0.5123412413132039,14.28,65.65263157894736
MOM_qb2of3__NETDEBT_EBITDA_qb0of3__C12_EPS_DYN_yoy__v0,MOM_qb2of3__NETDEBT_EBITDA_qb0of3,C12_EPS_DYN_yoy,0.1916445121711794,0.14185947700151247,0.049785035169666925,-0.6972818294021146,0.488,15.8,79.664
ROE_qb2of3__EV_EBITDA_qb0of3__C18_FCF_P_DYN_qmax8__v0,ROE_qb2of3__EV_EBITDA_qb0of3,C18_FCF_P_DYN_qmax8,0.19159927784017694,0.17599537128535347,0.015603906554823466,-0.6127842012453628,0.47653429602888087,18.19,15.390557939914164
PS_qb0of3__NETDEBT_EBITDA_qb2of3__C13_EPS_DYN_ytdavg_gt_lyytdavg__v0,PS_qb0of3__NETDEBT_EBITDA_qb2of3,C13_EPS_DYN_ytdavg_gt_lyytdavg,0.19149016758871817,0.16474534749704373,0.02674482009167445,-0.5463876796702174,0.494824016563147,14.19,108.62456140350878
PS_qb0of3__NETDEBT_EBITDA_qb2of3__C7_ROE_DYN_ytdavg_gt_lyavg__v0,PS_qb0of3__NETDEBT_EBITDA_qb2of3,C7_ROE_DYN_ytdavg_gt_lyavg,0.19148826271683594,0.16474534749704373,0.026742915219792218,-0.5494565175269797,0.5029761904761905,14.02,101.71578947368421
EV_S_qb0of3__OCF_E_qb1of3__C9_EPS_DYN_riseq2__v0,EV_S_qb0of3__OCF_E_qb1of3,C9_EPS_DYN_riseq2,0.19148070519576144,0.16012337011211542,0.03135733508364602,-0.49408337042130224,0.5375332378809573,14.3,76.08759124087591
MOM_qb2of3__DEBTRATIO_qb2of3__C9_EPS_DYN_riseq2__v0,MOM_qb2of3__DEBTRATIO_qb2of3,C9_EPS_DYN_riseq2,0.19144402619832457,0.14200737818456344,0.04943664801376113,-0.6391542312320361,0.4823016001293034,15.16,94.82846715328468
PB_qb0of3__ROE_qb1of3__C6_ROE_DYN_ytdavg_gt_lyytdavg__v0,PB_qb0of3__ROE_qb1of3,C6_ROE_DYN_ytdavg_gt_lyytdavg,0.19143685043108705,0.1827049174072004,0.00873193302388664,-0.5044670119682579,0.5185643564356436,14.38,99.39649122807018
P_IC_qb0of3__ROIC_qb1of3__C1_ROE_DYN_riseq1__v0,P_IC_qb0of3__ROIC_qb1of3,C1_ROE_DYN_riseq1,0.19139139308015407,0.18305739841769153,0.00833399466246254,-0.5421463202543266,0.519428495126185,14.98,116.73333333333333
PS_qb0of3__NETDEBT_EBITDA_qb2of3__C14_EPS_DYN_ytdavg_gt_lyavg__v0,PS_qb0of3__NETDEBT_EBITDA_qb2of3,C14_EPS_DYN_ytdavg_gt_lyavg,0.19132633721507353,0.16474534749704373,0.0265809897180298,-0.5379525024415999,0.5016432626232447,14.39,105.32631578947368
PB_qb0of3__ACCRUAL_qb0of3__C11_EPS_DYN_qmax8__v0,PB_qb0of3__ACCRUAL_qb0of3,C11_EPS_DYN_qmax8,0.19130221606930986,0.17797297319254568,0.01332924287676418,-0.503146291588245,0.5140405616224649,18.77,19.65665236051502
PS_qb0of3__OCF_E_qb1of3__C7_ROE_DYN_ytdavg_gt_lyavg__v0,PS_qb0of3__OCF_E_qb1of3,C7_ROE_DYN_ytdavg_gt_lyavg,0.1912634598211227,0.16163055872724263,0.02963290109388006,-0.5086135512704499,0.5073417721518987,14.31,61.94385964912281
P_IC_qb0of3__ROE_qb2of3__C16_FCF_P_DYN_riseq2__v0,P_IC_qb0of3__ROE_qb2of3,C16_FCF_P_DYN_riseq2,0.19124372471108808,0.20928208051419395,-0.018038355803105866,-0.5352442544607546,0.5118946474086661,14.98,35.91970802919708
PB_qb0of3__NETDEBT_EBITDA_qb0of3__C8_EPS_DYN_riseq1__v0,PB_qb0of3__NETDEBT_EBITDA_qb0of3,C8_EPS_DYN_riseq1,0.19122187164439763,0.1865829469130269,0.0046389247313707305,-0.5641154969493801,0.527537663620647,14.77,68.49824561403508
PB_qb0of3__None__C6_ROE_DYN_ytdavg_gt_lyytdavg__v0,PB_qb0of3__None,C6_ROE_DYN_ytdavg_gt_lyytdavg,0.19120988537275507,0.1813653578473695,0.00984452752538556,-0.5523441314580105,0.5289680629112502,14.13,214.12280701754386
PS_qb0of3__DEBTRATIO_qb1of3__C5_ROE_DYN_yoy__v0,PS_qb0of3__DEBTRATIO_qb1of3,C5_ROE_DYN_yoy,0.19120113169719088,0.16188189278048704,0.02931923891670385,-0.5353211125030526,0.4895085588072888,16.4,83.62
PB_qb1of3__MOM_qb2of3__C5_ROE_DYN_yoy__v0,PB_qb1of3__MOM_qb2of3,C5_ROE_DYN_yoy,0.19119577579676172,0.1423822447586076,0.04881353103815411,-0.6732607274513924,0.4948309094094971,15.05,89.94
ROE_qb2of3__FCF_P_qb2of3__C11_EPS_DYN_qmax8__v0,ROE_qb2of3__FCF_P_qb2of3,C11_EPS_DYN_qmax8,0.19118834350608171,0.12136510193091676,0.06982324157516495,-0.49936744675465283,0.5135492399206874,19.35,44.832618025751074
MOM_qb2of3__DEBTRATIO_qb0of3__C3_ROE_DYN_qmax4__v0,MOM_qb2of3__DEBTRATIO_qb0of3,C3_ROE_DYN_qmax4,0.19118799068961834,0.1358581434377284,0.05532984725188994,-0.6552721096835695,0.5035650623885918,16.17,47.20229007633588
EV_S_qb0of3__MOM_qb2of3__C15_FCF_P_DYN_riseq1__v0,EV_S_qb0of3__MOM_qb2of3,C15_FCF_P_DYN_riseq1,0.1911766199518936,0.19563407710056202,-0.004457457148668409,-0.6230109719496517,0.489204097714736,14.0,76.03859649122808
EV_S_qb0of3__OCF_E_qb2of3__C14_EPS_DYN_ytdavg_gt_lyavg__v0,EV_S_qb0of3__OCF_E_qb2of3,C14_EPS_DYN_ytdavg_gt_lyavg,0.19117512210382914,0.15528067250881317,0.035894449595015976,-0.46577577044487384,0.5018385910586414,15.07,83.33333333333333
PB_qb0of3__ROIC_qb1of3__C6_ROE_DYN_ytdavg_gt_lyytdavg__v0,PB_qb0of3__ROIC_qb1of3,C6_ROE_DYN_ytdavg_gt_lyytdavg,0.19107351524043237,0.18256711047310548,0.008506404767326892,-0.48387101096990615,0.5185033735432427,14.46,99.35438596491228
P_IC_qb0of3__NETDEBT_EBITDA_qb2of3__C8_EPS_DYN_riseq1__v0,P_IC_qb0of3__NETDEBT_EBITDA_qb2of3,C8_EPS_DYN_riseq1,0.19105236266325254,0.17686162789661508,0.014190734766637458,-0.5693955629295746,0.4980268350434096,14.42,140.83859649122806
EV_S_qb0of3__NETDEBT_EBITDA_qb0of3__C13_EPS_DYN_ytdavg_gt_lyytdavg__v0,EV_S_qb0of3__NETDEBT_EBITDA_qb0of3,C13_EPS_DYN_ytdavg_gt_lyytdavg,0.1910090335932797,0.1547916746673339,0.0362173589259458,-0.5306404813831627,0.5335994677312043,14.25,84.3157894736842
P_IC_qb0of3__MOM_qb2of3__C8_EPS_DYN_riseq1__v0,P_IC_qb0of3__MOM_qb2of3,C8_EPS_DYN_riseq1,0.19100821491383102,0.18204168375202867,0.008966531161802349,-0.6598651288422506,0.506416584402764,13.75,95.28070175438596
PS_qb0of3__OCF_E_qb1of3__C14_EPS_DYN_ytdavg_gt_lyavg__v0,PS_qb0of3__OCF_E_qb1of3,C14_EPS_DYN_ytdavg_gt_lyavg,0.19094291086333426,0.16163055872724263,0.029312352136091624,-0.5158141321361047,0.5039883973894126,14.68,64.30526315789474
EV_S_qb0of3__FCF_OI_qb1of3__C6_ROE_DYN_ytdavg_gt_lyytdavg__v0,EV_S_qb0of3__FCF_OI_qb1of3,C6_ROE_DYN_ytdavg_gt_lyytdavg,0.19093258465014817,0.15841923538251113,0.03251334926763705,-0.4794243858493922,0.5,13.66,106.51929824561404
PS_qb0of3__MOM_qb2of3__C10_EPS_DYN_qmax4__v0,PS_qb0of3__MOM_qb2of3,C10_EPS_DYN_qmax4,0.19092593310095074,0.18562674496910136,0.005299188131849375,-0.6553482427814521,0.5207003089598352,13.25,70.14885496183206
PS_qb0of3__ROE_qb2of3__C14_EPS_DYN_ytdavg_gt_lyavg__v0,PS_qb0of3__ROE_qb2of3,C14_EPS_DYN_ytdavg_gt_lyavg,0.19082183287345722,0.16777979365724227,0.02304203921621495,-0.3594757386047198,0.4883054892601432,14.96,83.92280701754386
P_IC_qb0of3__PS_qb0of3__None__v0,P_IC_qb0of3__PS_qb0of3,None,0.19078211269583956,0.19078211269583956,0.0,-0.5654281648614601,0.6136541982736071,14.67,293.74747474747477
PB_qb0of3__EV_S_qb0of3__C1_ROE_DYN_riseq1__v0,PB_qb0of3__EV_S_qb0of3,C1_ROE_DYN_riseq1,0.19077189004660555,0.19275879846190347,-0.0019869084152979166,-0.5304331502905466,0.5200811359026369,14.31,131.64561403508773
P_IC_qb0of3__DEBTRATIO_qb1of3__C3_ROE_DYN_qmax4__v0,P_IC_qb0of3__DEBTRATIO_qb1of3,C3_ROE_DYN_qmax4,0.1907076032979167,0.17831093585947433,0.012396667438442366,-0.5199592291116374,0.5335628227194492,14.47,37.48091603053435
PB_qb1of3__ROIC_qb2of3__C4_ROE_DYN_qmax8__v0,PB_qb1of3__ROIC_qb2of3,C4_ROE_DYN_qmax8,0.1906589575156834,0.1573162106871937,0.0333427468284897,-0.5543151850953401,0.525,17.97,38.27038626609442
EV_S_qb0of3__OCF_E_qb2of3__C9_EPS_DYN_riseq2__v0,EV_S_qb0of3__OCF_E_qb2of3,C9_EPS_DYN_riseq2,0.19065102493682273,0.15528067250881317,0.035370352428009566,-0.44391860913091663,0.5107454667562122,16.13,93.10583941605839
MOM_qb2of3__EV_EBITDA_qb0of3__C8_EPS_DYN_riseq1__v0,MOM_qb2of3__EV_EBITDA_qb0of3,C8_EPS_DYN_riseq1,0.19063027850429815,0.18152517875580787,0.009105099748490275,-0.6414385637226305,0.5112565445026178,13.54,101.0140350877193
EV_S_qb0of3__None__C10_EPS_DYN_qmax4__v0,EV_S_qb0of3__None,C10_EPS_DYN_qmax4,0.19062330445911524,0.15765702596425268,0.032966278494862555,-0.4920691187266577,0.518191451783822,14.47,147.07251908396947
PB_qb0of3__ROE_qb1of3__C10_EPS_DYN_qmax4__v0,PB_qb0of3__ROE_qb1of3,C10_EPS_DYN_qmax4,0.19059719110527884,0.1827049174072004,0.007892273698078434,-0.49911390259275623,0.5383877159309021,14.3,65.88931297709924
MOM_qb2of3__ROE_qb2of3__C14_EPS_DYN_ytdavg_gt_lyavg__v0,MOM_qb2of3__ROE_qb2of3,C14_EPS_DYN_ytdavg_gt_lyavg,0.19055671113320694,0.1681772621398312,0.02237944899337574,-0.5927510970754419,0.4933400351847198,14.82,121.51929824561404
MOM_qb2of3__EV_EBITDA_qb0of3__C16_FCF_P_DYN_riseq2__v0,MOM_qb2of3__EV_EBITDA_qb0of3,C16_FCF_P_DYN_riseq2,0.1905393893805869,0.18152517875580787,0.009014210624779029,-0.6374594043220014,0.49790525298098615,14.26,82.48540145985402
PB_qb0of3__EV_EBITDA_qb0of3__C16_FCF_P_DYN_riseq2__v0,PB_qb0of3__EV_EBITDA_qb0of3,C16_FCF_P_DYN_riseq2,0.19052920765810977,0.1952473266098218,-0.004718118951712036,-0.5664753267744791,0.5155757787889395,15.54,104.17518248175182
MOM_qb2of3__ROE_qb2of3__C8_EPS_DYN_riseq1__v0,MOM_qb2of3__ROE_qb2of3,C8_EPS_DYN_riseq1,0.19049442991932586,0.1681772621398312,0.022317167779494662,-0.6520387499231421,0.5128565254969749,14.82,125.04561403508772
PS_qb0of3__DEBTRATIO_qb1of3__C12_EPS_DYN_yoy__v0,PS_qb0of3__DEBTRATIO_qb1of3,C12_EPS_DYN_yoy,0.19047211826301158,0.16188189278048704,0.028590225482524545,-0.5072845178908569,0.48791089377886443,16.35,85.888
EV_S_qb0of3__None__C3_ROE_DYN_qmax4__v0,EV_S_qb0of3__None,C3_ROE_DYN_qmax4,0.19045432265367324,0.15765702596425268,0.03279729668942055,-0.4885934384816508,0.517207712960703,14.81,137.64885496183206
PS_qb0of3__None__C3_ROE_DYN_qmax4__v0,PS_qb0of3__None,C3_ROE_DYN_qmax4,0.1904088639974546,0.16620841805915898,0.024200445938295623,-0.521376704952645,0.5105021728633511,14.27,140.61068702290078
PB_qb0of3__ROIC_qb1of3__C13_EPS_DYN_ytdavg_gt_lyytdavg__v0,PB_qb0of3__ROIC_qb1of3,C13_EPS_DYN_ytdavg_gt_lyytdavg,0.1903809710507911,0.18256711047310548,0.007813860577685627,-0.4849217152590751,0.5250870366577923,14.54,98.45263157894736
PB_qb0of3__ROIC_qb1of3__C3_ROE_DYN_qmax4__v0,PB_qb0of3__ROIC_qb1of3,C3_ROE_DYN_qmax4,0.19034020923575712,0.18256711047310548,0.007773098762651642,-0.5032632642695103,0.5271648873072361,14.41,65.16030534351145
MOM_qb2of3__DEBTRATIO_qb0of3__C4_ROE_DYN_qmax8__v0,MOM_qb2of3__DEBTRATIO_qb0of3,C4_ROE_DYN_qmax8,0.1902771330176165,0.1358581434377284,0.05441898957988811,-0.69096572140357,0.5065676756139349,18.56,27.605150214592275
PB_qb0of3__FCF_OI_qb1of3__None__v0,PB_qb0of3__FCF_OI_qb1of3,None,0.19021651029963826,0.19021651029963826,0.0,-0.5676334513739203,0.5063129702844025,14.89,148.86868686868686
PB_qb0of3__ROIC_qb2of3__C15_FCF_P_DYN_riseq1__v0,PB_qb0of3__ROIC_qb2of3,C15_FCF_P_DYN_riseq1,0.19013505883086168,0.2065902141161089,-0.016455155285247214,-0.5583672562702162,0.487873660462493,16.82,21.864963503649633
MOM_qb2of3__OCF_E_qb2of3__C8_EPS_DYN_riseq1__v0,MOM_qb2of3__OCF_E_qb2of3,C8_EPS_DYN_riseq1,0.19012550906150194,0.16128648413460045,0.02883902492690149,-0.6562772323854331,0.5137295346138971,14.74,98.97894736842105
P_IC_qb0of3__EV_S_qb0of3__C1_ROE_DYN_riseq1__v0,P_IC_qb0of3__EV_S_qb0of3,C1_ROE_DYN_riseq1,0.19012306083911468,0.18640346143351416,0.0037195994056005155,-0.5174935259164681,0.5219200887902331,14.02,130.07719298245615
PB_qb1of3__ROE_qb2of3__C5_ROE_DYN_yoy__v0,PB_qb1of3__ROE_qb2of3,C5_ROE_DYN_yoy,0.1900572979525288,0.1735666691404827,0.016490628812046104,-0.5035812094968546,0.5189745660072669,16.65,96.564
ROE_qb2of3__EV_EBITDA_qb0of3__C15_FCF_P_DYN_riseq1__v0,ROE_qb2of3__EV_EBITDA_qb0of3,C15_FCF_P_DYN_riseq1,0.190057067988477,0.17599537128535347,0.014061696703123516,-0.47907870322343915,0.4609783845278726,15.94,59.540350877192985
PS_qb0of3__DEBTRATIO_qb0of3__C3_ROE_DYN_qmax4__v0,PS_qb0of3__DEBTRATIO_qb0of3,C3_ROE_DYN_qmax4,0.1899886978895624,0.1648921144720774,0.025096583417484997,-0.5200952794570619,0.5168539325842697,15.23,16.797709923664122
PB_qb0of3__ROE_qb1of3__C13_EPS_DYN_ytdavg_gt_lyytdavg__v0,PB_qb0of3__ROE_qb1of3,C13_EPS_DYN_ytdavg_gt_lyytdavg,0.18997545434697938,0.1827049174072004,0.007270536939778971,-0.5097683547559291,0.5197775030902348,14.6,98.91228070175438
EV_S_qb0of3__OCF_E_qb2of3__C13_EPS_DYN_ytdavg_gt_lyytdavg__v0,EV_S_qb0of3__OCF_E_qb2of3,C13_EPS_DYN_ytdavg_gt_lyytdavg,0.1899313993087386,0.15528067250881317,0.034650726799925424,-0.4743787303218747,0.5020684467845055,15.07,85.98245614035088
PB_qb0of3__FCF_P_qb1of3__C1_ROE_DYN_riseq1__v0,PB_qb0of3__FCF_P_qb1of3,C1_ROE_DYN_riseq1,0.18992668217193898,0.18135868898675023,0.00856799318518875,-0.573765861368825,0.5164054848188051,14.4,55.5859649122807
PB_qb0of3__MOM_qb2of3__C3_ROE_DYN_qmax4__v0,PB_qb0of3__MOM_qb2of3,C3_ROE_DYN_qmax4,0.18991925723409286,0.17812025809063203,0.011798999143460831,-0.5949983644037296,0.5226277372262774,14.46,57.49236641221374
MOM_qb2of3__EV_EBITDA_qb0of3__C1_ROE_DYN_riseq1__v0,MOM_qb2of3__EV_EBITDA_qb0of3,C1_ROE_DYN_riseq1,0.18987152424083775,0.18152517875580787,0.008346345485029882,-0.6605592476873854,0.513681592039801,13.48,95.17894736842105
MOM_qb2of3__FCF_OI_qb1of3__C14_EPS_DYN_ytdavg_gt_lyavg__v0,MOM_qb2of3__FCF_OI_qb1of3,C14_EPS_DYN_ytdavg_gt_lyavg,0.18978761860963145,0.15028408428317808,0.03950353432645337,-0.6091884370761933,0.4950679056468906,13.7,90.36140350877193
P_IC_qb0of3__MOM_qb2of3__C16_FCF_P_DYN_riseq2__v0,P_IC_qb0of3__MOM_qb2of3,C16_FCF_P_DYN_riseq2,0.18976926943010985,0.18204168375202867,0.007727585678081184,-0.647233022766811,0.49329666552079754,14.02,79.0985401459854
PB_qb0of3__FCF_OI_qb1of3__C16_FCF_P_DYN_riseq2__v0,PB_qb0of3__FCF_OI_qb1of3,C16_FCF_P_DYN_riseq2,0.18972654577159132,0.19021651029963826,-0.0004899645280469489,-0.578626967780521,0.4918186947526801,14.36,80.89416058394161
MOM_qb2of3__EV_EBITDA_qb0of3__C20_FCF_P_DYN_ytdavg_gt_lyytdavg__v0,MOM_qb2of3__EV_EBITDA_qb0of3,C20_FCF_P_DYN_ytdavg_gt_lyytdavg,0.18972277206381372,0.18152517875580787,0.008197593308005846,-0.623578433263604,0.4962816063460585,13.6,81.71228070175438
EV_S_qb0of3__OCF_E_qb2of3__C7_ROE_DYN_ytdavg_gt_lyavg__v0,EV_S_qb0of3__OCF_E_qb2of3,C7_ROE_DYN_ytdavg_gt_lyavg,0.1895925429309897,0.15528067250881317,0.03431187042217654,-0.4538122704998383,0.49949829420028097,15.1,79.54385964912281
MOM_qb2of3__FCF_P_qb1of3__C11_EPS_DYN_qmax8__v0,MOM_qb2of3__FCF_P_qb1of3,C11_EPS_DYN_qmax8,0.1894314223817155,0.1303189927093793,0.05911242967233621,-0.602391025632862,0.5071033938437254,16.73,37.377682403433475
ROE_qb2of3__EV_EBITDA_qb0of3__C9_EPS_DYN_riseq2__v0,ROE_qb2of3__EV_EBITDA_qb0of3,C9_EPS_DYN_riseq2,0.18942163508606202,0.17599537128535347,0.013426263800708549,-0.37804017242777876,0.5049174569722515,16.34,101.5036496350365
P_IC_qb0of3__NETDEBT_EBITDA_qb1of3__C3_ROE_DYN_qmax4__v0,P_IC_qb0of3__NETDEBT_EBITDA_qb1of3,C3_ROE_DYN_qmax4,0.1893820283710239,0.18511348712500109,0.004268541246022828,-0.47881457071405775,0.532243816254417,15.75,35.087786259541986
MOM_qb2of3__FCF_P_qb2of3__C11_EPS_DYN_qmax8__v0,MOM_qb2of3__FCF_P_qb2of3,C11_EPS_DYN_qmax8,0.1893166304489038,0.15611793939613228,0.03319869105277151,-0.6567392266214143,0.5272459499263623,17.56,38.94420600858369
PB_qb1of3__ROE_qb2of3__C7_ROE_DYN_ytdavg_gt_lyavg__v0,PB_qb1of3__ROE_qb2of3,C7_ROE_DYN_ytdavg_gt_lyavg,0.18929222862538442,0.1735666691404827,0.01572555948490173,-0.4749893774689087,0.5157703653278874,15.29,79.2
PB_qb0of3__ROE_qb1of3__C3_ROE_DYN_qmax4__v0,PB_qb0of3__ROE_qb1of3,C3_ROE_DYN_qmax4,0.18926056822854065,0.1827049174072004,0.006555650821340242,-0.5244512685244525,0.5305298170586837,14.37,65.77862595419847
PS_qb0of3__ACCRUAL_qb0of3__C6_ROE_DYN_ytdavg_gt_lyytdavg__v0,PS_qb0of3__ACCRUAL_qb0of3,C6_ROE_DYN_ytdavg_gt_lyytdavg,0.18918653456595735,0.16627029120688008,0.02291624335907727,-0.45840997587977705,0.49158316633266536,14.55,75.65263157894736
MOM_qb2of3__DEBTRATIO_qb0of3__C5_ROE_DYN_yoy__v0,MOM_qb2of3__DEBTRATIO_qb0of3,C5_ROE_DYN_yoy,0.18915005495683612,0.1358581434377284,0.053291911519107726,-0.6661666983336514,0.4886654839345555,16.71,82.36
P_IC_qb1of3__NETDEBT_EBITDA_qb0of3__C10_EPS_DYN_qmax4__v0,P_IC_qb1of3__NETDEBT_EBITDA_qb0of3,C10_EPS_DYN_qmax4,0.18907953155373525,0.14197552309035966,0.04710400846337559,-0.6353024062851365,0.5195553725813091,14.0,37.64885496183206
PS_qb0of3__NETDEBT_EBITDA_qb2of3__C6_ROE_DYN_ytdavg_gt_lyytdavg__v0,PS_qb0of3__NETDEBT_EBITDA_qb2of3,C6_ROE_DYN_ytdavg_gt_lyytdavg,0.18907147040552275,0.16474534749704373,0.02432612290847902,-0.5506582513046636,0.4949071300179748,14.23,105.0
PB_qb1of3__ROE_qb2of3__C14_EPS_DYN_ytdavg_gt_lyavg__v0,PB_qb1of3__ROE_qb2of3,C14_EPS_DYN_ytdavg_gt_lyavg,0.18906122016817317,0.1735666691404827,0.015494551027690484,-0.4694747190546523,0.5133037694013304,15.28,83.51578947368421
EV_S_qb0of3__FCF_OI_qb1of3__C10_EPS_DYN_qmax4__v0,EV_S_qb0of3__FCF_OI_qb1of3,C10_EPS_DYN_qmax4,0.18906102826354965,0.15841923538251113,0.03064179288103852,-0.49137775235346937,0.5215179139283442,13.64,70.58396946564885
MOM_qb2of3__ROE_qb2of3__C10_EPS_DYN_qmax4__v0,MOM_qb2of3__ROE_qb2of3,C10_EPS_DYN_qmax4,0.18906012935283423,0.1681772621398312,0.02088286721300303,-0.6101772185650749,0.51322672246301,15.64,96.11832061068702
MOM_qb2of3__DEBTRATIO_qb1of3__C3_ROE_DYN_qmax4__v0,MOM_qb2of3__DEBTRATIO_qb1of3,C3_ROE_DYN_qmax4,0.18904013961963262,0.14168975306734088,0.047350386552291734,-0.6200966251566445,0.5080115576569477,15.07,53.3206106870229
MOM_qb2of3__FCF_P_qb1of3__C9_EPS_DYN_riseq2__v0,MOM_qb2of3__FCF_P_qb1of3,C9_EPS_DYN_riseq2,0.18900505265761147,0.1303189927093793,0.05868605994823217,-0.619755721628657,0.50379451255108,15.11,90.67883211678833
PS_qb0of3__ROIC_qb1of3__C10_EPS_DYN_qmax4__v0,PS_qb0of3__ROIC_qb1of3,C10_EPS_DYN_qmax4,0.18897098622135422,0.16131933517355046,0.02765165104780376,-0.510940897015039,0.5239401496259352,13.46,64.2442748091603
PS_qb0of3__ROIC_qb1of3__C14_EPS_DYN_ytdavg_gt_lyavg__v0,PS_qb0of3__ROIC_qb1of3,C14_EPS_DYN_ytdavg_gt_lyavg,0.1889443958733794,0.16131933517355046,0.02762506069982895,-0.5008166871325654,0.5108464483198639,13.74,100.49473684210527
PS_qb0of3__ROIC_qb2of3__C8_EPS_DYN_riseq1__v0,PS_qb0of3__ROIC_qb2of3,C8_EPS_DYN_riseq1,0.18883177168986132,0.16300310603459844,0.025828665655262872,-0.4701533365127981,0.4934330167710649,14.98,72.54385964912281
ROE_qb2of3__OCF_E_qb2of3__C11_EPS_DYN_qmax8__v0,ROE_qb2of3__OCF_E_qb2of3,C11_EPS_DYN_qmax8,0.18876315565163493,0.11121481636596298,0.07754833928567195,-0.45100706772613997,0.5025767421017253,20.16,77.19742489270386
MOM_qb2of3__None__C11_EPS_DYN_qmax8__v0,MOM_qb2of3__None,C11_EPS_DYN_qmax8,0.18873396851633184,0.11806777849564609,0.07066619002068575,-0.6088959501533985,0.5024120317820658,16.79,114.52360515021459
EV_S_qb0of3__FCF_OI_qb1of3__C9_EPS_DYN_riseq2__v0,EV_S_qb0of3__FCF_OI_qb1of3,C9_EPS_DYN_riseq2,0.18870034010324943,0.15841923538251113,0.030281104720738306,-0.4961899580307644,0.5174410394012146,14.48,122.08759124087591
ROE_qb2of3__FCF_P_qb2of3__C4_ROE_DYN_qmax8__v0,ROE_qb2of3__FCF_P_qb2of3,C4_ROE_DYN_qmax8,0.18866593445643964,0.12136510193091676,0.06730083252552288,-0.5069636077482378,0.5170278637770898,19.07,42.42489270386266
EV_S_qb0of3__NETDEBT_EBITDA_qb2of3__C7_ROE_DYN_ytdavg_gt_lyavg__v0,EV_S_qb0of3__NETDEBT_EBITDA_qb2of3,C7_ROE_DYN_ytdavg_gt_lyavg,0.18853491483958695,0.15594460285259082,0.032590311986996134,-0.5111193264600498,0.4968152866242038,13.16,57.23508771929824
EV_S_qb0of3__OCF_E_qb1of3__C13_EPS_DYN_ytdavg_gt_lyytdavg__v0,EV_S_qb0of3__OCF_E_qb1of3,C13_EPS_DYN_ytdavg_gt_lyytdavg,0.18853261169204627,0.16012337011211542,0.028409241579930855,-0.5067389462111938,0.5042343785763332,14.55,68.1719298245614
MOM_qb2of3__ROE_qb2of3__C13_EPS_DYN_ytdavg_gt_lyytdavg__v0,MOM_qb2of3__ROE_qb2of3,C13_EPS_DYN_ytdavg_gt_lyytdavg,0.18836282129273996,0.1681772621398312,0.02018555915290876,-0.597859112914661,0.4921151439299124,14.91,123.32631578947368
EV_S_qb0of3__OCF_E_qb2of3__C6_ROE_DYN_ytdavg_gt_lyytdavg__v0,EV_S_qb0of3__OCF_E_qb2of3,C6_ROE_DYN_ytdavg_gt_lyytdavg,0.1883419333729528,0.15528067250881317,0.03306126086413963,-0.4645724964352772,0.5034026832587983,14.83,82.38947368421053
PS_qb0of3__MOM_qb2of3__C16_FCF_P_DYN_riseq2__v0,PS_qb0of3__MOM_qb2of3,C16_FCF_P_DYN_riseq2,0.18834083756453346,0.18562674496910136,0.002714092595432094,-0.6307428906893956,0.5025303643724697,13.77,80.7992700729927
ROE_qb2of3__ACCRUAL_qb1of3__C4_ROE_DYN_qmax8__v0,ROE_qb2of3__ACCRUAL_qb1of3,C4_ROE_DYN_qmax8,0.18832523674920787,0.10621584572289322,0.08210939102631465,-0.5850981755546008,0.5234340779675866,17.74,33.88412017167382
PS_qb0of3__DEBTRATIO_qb2of3__C14_EPS_DYN_ytdavg_gt_lyavg__v0,PS_qb0of3__DEBTRATIO_qb2of3,C14_EPS_DYN_ytdavg_gt_lyavg,0.18830397581679104,0.16533570385241192,0.022968271964379117,-0.5209444263820713,0.4930464445027552,14.34,123.50526315789473
MOM_qb2of3__EV_EBITDA_qb1of3__C11_EPS_DYN_qmax8__v0,MOM_qb2of3__EV_EBITDA_qb1of3,C11_EPS_DYN_qmax8,0.18826773255889973,0.16230434248849268,0.025963390070407044,-0.6285447248580875,0.5093824633230979,16.67,44.84549356223176
PB_qb0of3__PS_qb0of3__C1_ROE_DYN_riseq1__v0,PB_qb0of3__PS_qb0of3,C1_ROE_DYN_riseq1,0.18825853575926055,0.19683269190132835,-0.008574156142067801,-0.5640339685510687,0.5108270284372554,14.25,138.80701754385964
MOM_qb2of3__FCF_OI_qb1of3__C2_ROE_DYN_riseq2__v0,MOM_qb2of3__FCF_OI_qb1of3,C2_ROE_DYN_riseq2,0.18822979691047736,0.15028408428317808,0.03794571262729929,-0.623228065600633,0.5105491127567416,14.68,96.51824817518248
PS_qb0of3__ROE_qb2of3__C8_EPS_DYN_riseq1__v0,PS_qb0of3__ROE_qb2of3,C8_EPS_DYN_riseq1,0.18822957148867103,0.16777979365724227,0.02044977783142876,-0.46684027979520204,0.4973768827212726,15.13,90.50877192982456
PB_qb0of3__EV_EBITDA_qb0of3__C20_FCF_P_DYN_ytdavg_gt_lyytdavg__v0,PB_qb0of3__EV_EBITDA_qb0of3,C20_FCF_P_DYN_ytdavg_gt_lyytdavg,0.1881843462952213,0.1952473266098218,-0.007062980314600509,-0.5606059521487188,0.5273816904319074,15.06,104.87368421052632
PS_qb0of3__DEBTRATIO_qb0of3__C2_ROE_DYN_riseq2__v0,PS_qb0of3__DEBTRATIO_qb0of3,C2_ROE_DYN_riseq2,0.18816224035189544,0.1648921144720774,0.023270125879818027,-0.4573715960612844,0.525,14.95,30.56934306569343
PB_qb0of3__ROIC_qb2of3__C19_FCF_P_DYN_yoy__v0,PB_qb0of3__ROIC_qb2of3,C19_FCF_P_DYN_yoy,0.18814338249343066,0.2065902141161089,-0.01844683162267824,-0.5324768442287969,0.5139135583185317,16.69,25.448
ROE_qb2of3__NETDEBT_EBITDA_qb2of3__C11_EPS_DYN_qmax8__v0,ROE_qb2of3__NETDEBT_EBITDA_qb2of3,C11_EPS_DYN_qmax8,0.18810002034437612,0.12706706831299486,0.06103295203138126,-0.5536796896871088,0.4915989159891599,18.56,30.854077253218883
PB_qb0of3__DEBTRATIO_qb2of3__None__v0,PB_qb0of3__DEBTRATIO_qb2of3,None,0.18803320787283906,0.18803320787283906,0.0,-0.5881652937802303,0.6022453889334403,15.99,170.23905723905725
ROE_qb2of3__EV_EBITDA_qb0of3__C8_EPS_DYN_riseq1__v0,ROE_qb2of3__EV_EBITDA_qb0of3,C8_EPS_DYN_riseq1,0.1879126792875041,0.17599537128535347,0.011917308002150628,-0.4479927202762579,0.5011731581417175,15.57,96.45614035087719
MOM_qb2of3__FCF_OI_qb1of3__C6_ROE_DYN_ytdavg_gt_lyytdavg__v0,MOM_qb2of3__FCF_OI_qb1of3,C6_ROE_DYN_ytdavg_gt_lyytdavg,0.18760082137447132,0.15028408428317808,0.03731673709129324,-0.6137533186776514,0.49501904482859654,13.9,87.43508771929825
P_IC_qb0of3__NETDEBT_EBITDA_qb2of3__C1_ROE_DYN_riseq1__v0,P_IC_qb0of3__NETDEBT_EBITDA_qb2of3,C1_ROE_DYN_riseq1,0.18752671435141055,0.17686162789661508,0.01066508645479547,-0.5759905109454173,0.4982758620689655,14.56,140.1298245614035
P_IC_qb1of3__FCF_P_qb1of3__C4_ROE_DYN_qmax8__v0,P_IC_qb1of3__FCF_P_qb1of3,C4_ROE_DYN_qmax8,0.18751601048937983,0.1123350134573704,0.07518099703200942,-0.6999119593089809,0.5270903010033445,16.12,21.98283261802575
PS_qb0of3__DEBTRATIO_qb2of3__C10_EPS_DYN_qmax4__v0,PS_qb0of3__DEBTRATIO_qb2of3,C10_EPS_DYN_qmax4,0.1874469531794325,0.16533570385241192,0.022111249327020577,-0.5218930482102159,0.5030042918454936,14.51,81.3206106870229
P_IC_qb0of3__EV_EBITDA_qb0of3__C18_FCF_P_DYN_qmax8__v0,P_IC_qb0of3__EV_EBITDA_qb0of3,C18_FCF_P_DYN_qmax8,0.18740589914046168,0.19372967359465032,-0.006323774454188635,-0.6008357675089996,0.49160671462829736,17.18,23.832618025751074
P_IC_qb0of3__NETDEBT_EBITDA_qb1of3__C9_EPS_DYN_riseq2__v0,P_IC_qb0of3__NETDEBT_EBITDA_qb1of3,C9_EPS_DYN_riseq2,0.18739958379229082,0.18511348712500109,0.0022860966672897387,-0.47925546151002374,0.5321278656764611,15.42,60.01094890510949
ROE_qb2of3__ROIC_qb2of3__C4_ROE_DYN_qmax8__v0,ROE_qb2of3__ROIC_qb2of3,C4_ROE_DYN_qmax8,0.18734594234929003,0.10622238694356079,0.08112355540572924,-0.47651270797964196,0.5019442644199611,19.66,103.91845493562232
PS_qb0of3__OCF_E_qb2of3__C1_ROE_DYN_riseq1__v0,PS_qb0of3__OCF_E_qb2of3,C1_ROE_DYN_riseq1,0.1873280319426025,0.17777171665795666,0.009556315284645844,-0.5036401735223397,0.49429776597406655,15.32,89.72280701754386
PS_qb0of3__ROIC_qb1of3__C5_ROE_DYN_yoy__v0,PS_qb0of3__ROIC_qb1of3,C5_ROE_DYN_yoy,0.18729747407851982,0.16131933517355046,0.02597813890496936,-0.5402690733827652,0.5072697899838449,14.96,115.068
P_IC_qb0of3__OCF_E_qb2of3__C1_ROE_DYN_riseq1__v0,P_IC_qb0of3__OCF_E_qb2of3,C1_ROE_DYN_riseq1,0.18727586616583314,0.18457415552402745,0.002701710641805688,-0.5196067278252463,0.5171736997055937,15.05,72.08771929824562
PB_qb1of3__ROE_qb2of3__C6_ROE_DYN_ytdavg_gt_lyytdavg__v0,PB_qb1of3__ROE_qb2of3,C6_ROE_DYN_ytdavg_gt_lyytdavg,0.18723248626945765,0.1735666691404827,0.013665817128974966,-0.4826162782607428,0.5163915368518949,15.5,80.51578947368421
PS_qb0of3__DEBTRATIO_qb2of3__C13_EPS_DYN_ytdavg_gt_lyytdavg__v0,PS_qb0of3__DEBTRATIO_qb2of3,C13_EPS_DYN_ytdavg_gt_lyytdavg,0.1872166471973684,0.16533570385241192,0.021880943344956494,-0.5271259353479403,0.4918558077436582,14.2,127.10877192982456
P_IC_qb0of3__FCF_P_qb1of3__C3_ROE_DYN_qmax4__v0,P_IC_qb0of3__FCF_P_qb1of3,C3_ROE_DYN_qmax4,0.18721322798126483,0.17742558888731907,0.009787639093945755,-0.557902270059603,0.5408163265306123,14.1,24.1793893129771
PB_qb0of3__ROE_qb2of3__C8_EPS_DYN_riseq1__v0,PB_qb0of3__ROE_qb2of3,C8_EPS_DYN_riseq1,0.18716934942862018,0.20625735013604096,-0.019088000707420782,-0.6572790263542272,0.5184266477675408,15.48,38.63868613138686
PB_qb0of3__MOM_qb2of3__C20_FCF_P_DYN_ytdavg_gt_lyytdavg__v0,PB_qb0of3__MOM_qb2of3,C20_FCF_P_DYN_ytdavg_gt_lyytdavg,0.18714406436577757,0.17812025809063203,0.00902380627514554,-0.6662549414543131,0.494829097283085,13.87,78.02456140350877
MOM_qb2of3__ACCRUAL_qb0of3__C1_ROE_DYN_riseq1__v0,MOM_qb2of3__ACCRUAL_qb0of3,C1_ROE_DYN_riseq1,0.18707944047347702,0.15505270527372694,0.03202673519975008,-0.6511007407099798,0.5053440213760855,13.93,73.0982456140351
PB_qb0of3__FCF_P_qb1of3__C3_ROE_DYN_qmax4__v0,PB_qb0of3__FCF_P_qb1of3,C3_ROE_DYN_qmax4,0.18704262742821487,0.18135868898675023,0.005683938441464642,-0.5215532798347075,0.5369290573372206,13.93,28.84732824427481
P_IC_qb0of3__DEBTRATIO_qb1of3__C9_EPS_DYN_riseq2__v0,P_IC_qb0of3__DEBTRATIO_qb1of3,C9_EPS_DYN_riseq2,0.18697308549970604,0.17831093585947433,0.008662149640231709,-0.5194792407965013,0.5396396396396397,15.95,69.0912408759124
PB_qb0of3__NETDEBT_EBITDA_qb2of3__C8_EPS_DYN_riseq1__v0,PB_qb0of3__NETDEBT_EBITDA_qb2of3,C8_EPS_DYN_riseq1,0.18687857931043972,0.17776664450601265,0.009111934804427069,-0.5892751497106905,0.5067671749186226,15.06,106.3438596491228
MOM_qb2of3__NETDEBT_EBITDA_qb1of3__C5_ROE_DYN_yoy__v0,MOM_qb2of3__NETDEBT_EBITDA_qb1of3,C5_ROE_DYN_yoy,0.18684747430274906,0.1473077734732009,0.03953970082954816,-0.5895438280349133,0.4983393958563973,17.78,106.544
PB_qb1of3__ROIC_qb2of3__C2_ROE_DYN_riseq2__v0,PB_qb1of3__ROIC_qb2of3,C2_ROE_DYN_riseq2,0.18684202311125397,0.1573162106871937,0.02952581242406027,-0.49522998714574007,0.5347730600292826,16.1,95.58029197080292
P_IC_qb0of3__DEBTRATIO_qb1of3__C12_EPS_DYN_yoy__v0,P_IC_qb0of3__DEBTRATIO_qb1of3,C12_EPS_DYN_yoy,0.18678066277436645,0.17831093585947433,0.008469726914892117,-0.5443661791974392,0.5011908812521265,15.97,66.772
PB_qb0of3__NETDEBT_EBITDA_qb0of3__C18_FCF_P_DYN_qmax8__v0,PB_qb0of3__NETDEBT_EBITDA_qb0of3,C18_FCF_P_DYN_qmax8,0.18677960633864577,0.1865829469130269,0.0001966594256188614,-0.48226174475257966,0.47578785549577246,18.24,17.943478260869565
P_IC_qb1of3__NETDEBT_EBITDA_qb0of3__C5_ROE_DYN_yoy__v0,P_IC_qb1of3__NETDEBT_EBITDA_qb0of3,C5_ROE_DYN_yoy,0.18666007596398937,0.14197552309035966,0.04468455287362971,-0.574059860121901,0.5056018385521401,15.95,74.332
P_IC_qb0of3__PB_qb0of3__None__v0,P_IC_qb0of3__PB_qb0of3,None,0.18660855823064182,0.18660855823064182,0.0,-0.5805373619045554,0.6692675560030203,15.85,348.35353535353534
PB_qb0of3__NETDEBT_EBITDA_qb0of3__None__v0,PB_qb0of3__NETDEBT_EBITDA_qb0of3,None,0.1865829469130269,0.1865829469130269,0.0,-0.5399443350236575,0.6272164948453608,15.33,134.5185185185185
ROE_qb2of3__FCF_P_qb0of3__C15_FCF_P_DYN_riseq1__v0,ROE_qb2of3__FCF_P_qb0of3,C15_FCF_P_DYN_riseq1,0.18655606555825366,0.10654638208040024,0.08000968347785342,-0.6188527238488957,0.44780545670225386,17.49,20.45263157894737
MOM_qb2of3__ROIC_qb1of3__C5_ROE_DYN_yoy__v0,MOM_qb2of3__ROIC_qb1of3,C5_ROE_DYN_yoy,0.18654334705616726,0.14880087180690538,0.037742475249261886,-0.6125814103016486,0.497219496238142,15.72,90.912
PS_qb0of3__None__C14_EPS_DYN_ytdavg_gt_lyavg__v0,PS_qb0of3__None,C14_EPS_DYN_ytdavg_gt_lyavg,0.18653796058719152,0.16620841805915898,0.02032954252803254,-0.5142811186173932,0.5081793395940624,14.25,226.03859649122808
MOM_qb2of3__FCF_OI_qb0of3__C3_ROE_DYN_qmax4__v0,MOM_qb2of3__FCF_OI_qb0of3,C3_ROE_DYN_qmax4,0.1865084005959825,0.11480569700354648,0.07170270359243602,-0.6888983570376642,0.49544324772162385,15.81,47.43129770992366
MOM_qb2of3__ROIC_qb2of3__C7_ROE_DYN_ytdavg_gt_lyavg__v0,MOM_qb2of3__ROIC_qb2of3,C7_ROE_DYN_ytdavg_gt_lyavg,0.1864143511931713,0.1626939247574768,0.023720426435694497,-0.5910102175399548,0.4898448519040903,14.72,105.19649122807017
P_IC_qb0of3__EV_S_qb0of3__None__v0,P_IC_qb0of3__EV_S_qb0of3,None,0.18640346143351416,0.18640346143351416,0.0,-0.5518399586108385,0.6008941877794337,14.85,239.6094276094276
PB_qb1of3__ROIC_qb2of3__C9_EPS_DYN_riseq2__v0,PB_qb1of3__ROIC_qb2of3,C9_EPS_DYN_riseq2,0.18638461509659177,0.1573162106871937,0.029068404409398063,-0.4723005445176467,0.5315048183839881,16.05,95.26642335766424
MOM_qb2of3__FCF_P_qb2of3__C7_ROE_DYN_ytdavg_gt_lyavg__v0,MOM_qb2of3__FCF_P_qb2of3,C7_ROE_DYN_ytdavg_gt_lyavg,0.1863729074261231,0.15611793939613228,0.030254968029990836,-0.5904650966465756,0.5141733573652302,14.42,74.89122807017544
EV_S_qb0of3__FCF_OI_qb1of3__C2_ROE_DYN_riseq2__v0,EV_S_qb0of3__FCF_OI_qb1of3,C2_ROE_DYN_riseq2,0.18630378749421683,0.15841923538251113,0.027884552111705707,-0.5232313017657422,0.5205576895717741,14.58,121.33576642335767
EV_S_qb0of3__NETDEBT_EBITDA_qb0of3__C6_ROE_DYN_ytdavg_gt_lyytdavg__v0,EV_S_qb0of3__NETDEBT_EBITDA_qb0of3,C6_ROE_DYN_ytdavg_gt_lyytdavg,0.1862396678497733,0.1547916746673339,0.031447993182439404,-0.5288989362224487,0.5375128468653648,14.24,82.1438596491228
P_IC_qb1of3__ROIC_qb2of3__C4_ROE_DYN_qmax8__v0,P_IC_qb1of3__ROIC_qb2of3,C4_ROE_DYN_qmax8,0.186199128541791,0.16269582864452659,0.023503299897264407,-0.4952792802382613,0.5227799227799228,18.25,41.433476394849784
PB_qb0of3__ACCRUAL_qb0of3__C8_EPS_DYN_riseq1__v0,PB_qb0of3__ACCRUAL_qb0of3,C8_EPS_DYN_riseq1,0.1861972319986842,0.17797297319254568,0.008224258806138529,-0.5446268538312604,0.516091281451141,15.51,74.46666666666667
EV_S_qb0of3__None__C14_EPS_DYN_ytdavg_gt_lyavg__v0,EV_S_qb0of3__None,C14_EPS_DYN_ytdavg_gt_lyavg,0.18619346576317164,0.15765702596425268,0.028536439798918956,-0.5087326682856153,0.5180051227964442,14.12,221.79298245614035
P_IC_qb0of3__ROE_qb2of3__C19_FCF_P_DYN_yoy__v0,P_IC_qb0of3__ROE_qb2of3,C19_FCF_P_DYN_yoy,0.18616231872070887,0.20928208051419395,-0.023119761793485072,-0.5291866647124431,0.5191163976210705,16.74,37.548
MOM_qb2of3__OCF_E_qb2of3__C1_ROE_DYN_riseq1__v0,MOM_qb2of3__OCF_E_qb2of3,C1_ROE_DYN_riseq1,0.18613870483831807,0.16128648413460045,0.02485222070371762,-0.6659901125355147,0.5126607450616466,14.55,94.60701754385966
PS_qb0of3__NETDEBT_EBITDA_qb2of3__C2_ROE_DYN_riseq2__v0,PS_qb0of3__NETDEBT_EBITDA_qb2of3,C2_ROE_DYN_riseq2,0.1861221421185606,0.16474534749704373,0.02137679462151687,-0.5743894393852751,0.510884487154344,14.76,116.65328467153284
PS_qb0of3__None__C7_ROE_DYN_ytdavg_gt_lyavg__v0,PS_qb0of3__None,C7_ROE_DYN_ytdavg_gt_lyavg,0.18610143821849556,0.16620841805915898,0.019893020159336583,-0.5090822275084632,0.5126640219713152,14.09,215.7719298245614
ROE_qb2of3__ROIC_qb1of3__C4_ROE_DYN_qmax8__v0,ROE_qb2of3__ROIC_qb1of3,C4_ROE_DYN_qmax8,0.18607250866606861,0.12040862931056018,0.06566387935550844,-0.5658788370756738,0.5284810126582279,17.38,14.909090909090908
EV_S_qb0of3__ROE_qb2of3__C14_EPS_DYN_ytdavg_gt_lyavg__v0,EV_S_qb0of3__ROE_qb2of3,C14_EPS_DYN_ytdavg_gt_lyavg,0.18606462401000523,0.16080766307492578,0.025256960935079453,-0.41261347534808623,0.4989384288747346,15.16,86.50526315789473
MOM_qb2of3__EV_EBITDA_qb1of3__C5_ROE_DYN_yoy__v0,MOM_qb2of3__EV_EBITDA_qb1of3,C5_ROE_DYN_yoy,0.18603937802541104,0.16230434248849268,0.02373503553691836,-0.6512252062792366,0.503608545034642,16.39,104.504
PB_qb0of3__OCF_E_qb2of3__C8_EPS_DYN_riseq1__v0,PB_qb0of3__OCF_E_qb2of3,C8_EPS_DYN_riseq1,0.18601787746759202,0.1959933102234963,-0.00997543275590429,-0.5219513424911368,0.519953596287703,15.6,59.67719298245614
MOM_qb2of3__DEBTRATIO_qb2of3__C7_ROE_DYN_ytdavg_gt_lyavg__v0,MOM_qb2of3__DEBTRATIO_qb2of3,C7_ROE_DYN_ytdavg_gt_lyavg,0.18595305678816554,0.14200737818456344,0.0439456786036021,-0.6531464452767441,0.47043264689212166,14.04,81.4421052631579
PB_qb0of3__MOM_qb2of3__C16_FCF_P_DYN_riseq2__v0,PB_qb0of3__MOM_qb2of3,C16_FCF_P_DYN_riseq2,0.1859431072428086,0.17812025809063203,0.00782284915217657,-0.645923946674943,0.49803586678052947,15.02,79.01459854014598
PB_qb0of3__ROIC_qb2of3__C3_ROE_DYN_qmax4__v0,PB_qb0of3__ROIC_qb2of3,C3_ROE_DYN_qmax4,0.1858960308492721,0.2065902141161089,-0.020694183266836808,-0.39986247985249224,0.5134770889487871,15.84,30.698473282442748
PB_qb0of3__OCF_E_qb2of3__C1_ROE_DYN_riseq1__v0,PB_qb0of3__OCF_E_qb2of3,C1_ROE_DYN_riseq1,0.18587176874292566,0.1959933102234963,-0.01012154148057065,-0.5186393134703032,0.5182363804247461,15.62,59.62456140350877
EV_S_qb0of3__NETDEBT_EBITDA_qb0of3__C9_EPS_DYN_riseq2__v0,EV_S_qb0of3__NETDEBT_EBITDA_qb0of3,C9_EPS_DYN_riseq2,0.18579962082980073,0.1547916746673339,0.031007946162466826,-0.5634765413409518,0.5484015202325061,14.59,94.33211678832117
PB_qb0of3__ROE_qb1of3__C1_ROE_DYN_riseq1__v0,PB_qb0of3__ROE_qb1of3,C1_ROE_DYN_riseq1,0.18566097078917765,0.1827049174072004,0.0029560533819772417,-0.5364588080029269,0.5212212486308871,15.32,114.56842105263158
PB_qb1of3__ROE_qb2of3__C9_EPS_DYN_riseq2__v0,PB_qb1of3__ROE_qb2of3,C9_EPS_DYN_riseq2,0.18564597713014575,0.1735666691404827,0.012079307989663057,-0.4920543872879831,0.532161623482515,16.01,96.64598540145985
PS_qb0of3__MOM_qb2of3__None__v0,PS_qb0of3__MOM_qb2of3,None,0.18562674496910136,0.18562674496910136,0.0,-0.6434105586312606,0.47855072463768117,13.81,156.2828282828283
PS_qb0of3__ROIC_qb1of3__C3_ROE_DYN_qmax4__v0,PS_qb0of3__ROIC_qb1of3,C3_ROE_DYN_qmax4,0.18562389813154767,0.16131933517355046,0.02430456295799721,-0.5451768198147378,0.5167379813742764,13.52,62.89312977099237
P_IC_qb0of3__FCF_OI_qb1of3__None__v0,P_IC_qb0of3__FCF_OI_qb1of3,None,0.18557700877894123,0.18557700877894123,0.0,-0.5609899225674644,0.4992764109985528,14.78,143.95286195286195
MOM_qb2of3__ROIC_qb2of3__C14_EPS_DYN_ytdavg_gt_lyavg__v0,MOM_qb2of3__ROIC_qb2of3,C14_EPS_DYN_ytdavg_gt_lyavg,0.1855508811348261,0.1626939247574768,0.022856956377349302,-0.5951941290770132,0.48733681462140993,15.07,116.30175438596491
PS_qb0of3__DEBTRATIO_qb0of3__C7_ROE_DYN_ytdavg_gt_lyavg__v0,PS_qb0of3__DEBTRATIO_qb0of3,C7_ROE_DYN_ytdavg_gt_lyavg,0.18554183206044583,0.1648921144720774,0.02064971758836842,-0.46320010201964923,0.54182156133829,13.66,24.775438596491227
EV_S_qb0of3__ROIC_qb2of3__C12_EPS_DYN_yoy__v0,EV_S_qb0of3__ROIC_qb2of3,C12_EPS_DYN_yoy,0.18547256480292806,0.15759388570377553,0.027878679099152537,-0.4800174758576913,0.5022232623449567,17.35,88.46
PB_qb0of3__ROIC_qb2of3__C16_FCF_P_DYN_riseq2__v0,PB_qb0of3__ROIC_qb2of3,C16_FCF_P_DYN_riseq2,0.18546600599489094,0.2065902141161089,-0.021124208121217958,-0.5585469256520725,0.5050325636471285,16.28,23.562043795620436
PS_qb0of3__ROIC_qb2of3__C12_EPS_DYN_yoy__v0,PS_qb0of3__ROIC_qb2of3,C12_EPS_DYN_yoy,0.1854545307339932,0.16300310603459844,0.022451424699394762,-0.4113616555306666,0.5002535496957403,17.28,79.452
EV_S_qb0of3__FCF_OI_qb1of3__C13_EPS_DYN_ytdavg_gt_lyytdavg__v0,EV_S_qb0of3__FCF_OI_qb1of3,C13_EPS_DYN_ytdavg_gt_lyytdavg,0.18543127510277113,0.15841923538251113,0.027012039720260006,-0.4823242776574609,0.49006959769139363,13.88,110.49824561403508
MOM_qb2of3__NETDEBT_EBITDA_qb2of3__C2_ROE_DYN_riseq2__v0,MOM_qb2of3__NETDEBT_EBITDA_qb2of3,C2_ROE_DYN_riseq2,0.1852883140543149,0.13607790519389984,0.049210408860415056,-0.6493443760801665,0.4803921568627451,14.74,82.9051094890511
PS_qb0of3__None__C10_EPS_DYN_qmax4__v0,PS_qb0of3__None,C10_EPS_DYN_qmax4,0.1852353276188936,0.16620841805915898,0.01902690955973463,-0.5288008342388968,0.5103899136119542,14.29,149.87022900763358
MOM_qb2of3__ROIC_qb1of3__C12_EPS_DYN_yoy__v0,MOM_qb2of3__ROIC_qb1of3,C12_EPS_DYN_yoy,0.18522046132719905,0.14880087180690538,0.03641958952029367,-0.6145806568396632,0.5011041009463723,15.75,94.012
P_IC_qb0of3__None__C8_EPS_DYN_riseq1__v0,P_IC_qb0of3__None,C8_EPS_DYN_riseq1,0.18513241429943084,0.18180748761405363,0.0033249266853772053,-0.5592691715511247,0.5116083702459142,14.57,245.3719298245614
P_IC_qb1of3__ROE_qb2of3__C14_EPS_DYN_ytdavg_gt_lyavg__v0,P_IC_qb1of3__ROE_qb2of3,C14_EPS_DYN_ytdavg_gt_lyavg,0.18512279847813984,0.16008839291117583,0.025034405566964013,-0.4175868624815734,0.49734939759036145,15.57,79.00350877192983
P_IC_qb0of3__NETDEBT_EBITDA_qb1of3__None__v0,P_IC_qb0of3__NETDEBT_EBITDA_qb1of3,None,0.18511348712500109,0.18511348712500109,0.0,-0.5398577824924504,0.5337039610840861,15.17,97.6936026936027
PS_qb0of3__ROE_qb2of3__C7_ROE_DYN_ytdavg_gt_lyavg__v0,PS_qb0of3__ROE_qb2of3,C7_ROE_DYN_ytdavg_gt_lyavg,0.18511198176957944,0.16777979365724227,0.017332188112337166,-0.36931723722908827,0.49119466920514043,15.06,80.0982456140351
EV_S_qb0of3__ROIC_qb2of3__C10_EPS_DYN_qmax4__v0,EV_S_qb0of3__ROIC_qb2of3,C10_EPS_DYN_qmax4,0.18510017980322147,0.15759388570377553,0.027506294099445938,-0.4512396119429153,0.502921129503408,16.14,61.786259541984734
P_IC_qb1of3__ROIC_qb2of3__C10_EPS_DYN_qmax4__v0,P_IC_qb1of3__ROIC_qb2of3,C10_EPS_DYN_qmax4,0.18507354299205647,0.16269582864452659,0.022377714347529887,-0.4612431786945622,0.5161878704970361,16.31,65.36259541984732
P_IC_qb1of3__DEBTRATIO_qb0of3__C3_ROE_DYN_qmax4__v0,P_IC_qb1of3__DEBTRATIO_qb0of3,C3_ROE_DYN_qmax4,0.18507208788308094,0.14025437918169104,0.0448177087013899,-0.5058916159735967,0.5236486486486487,15.79,42.221374045801525
MOM_qb2of3__EV_EBITDA_qb0of3__C11_EPS_DYN_qmax8__v0,MOM_qb2of3__EV_EBITDA_qb0of3,C11_EPS_DYN_qmax8,0.1850670985188667,0.18152517875580787,0.003541919763058843,-0.5703242034775339,0.5178839795611662,16.57,52.02575107296137
PS_qb0of3__ACCRUAL_qb1of3__C12_EPS_DYN_yoy__v0,PS_qb0of3__ACCRUAL_qb1of3,C12_EPS_DYN_yoy,0.18504905769614455,0.1621387652783881,0.02291029241775644,-0.584065669876932,0.5140692640692641,15.25,74.628
MOM_qb2of3__FCF_P_qb0of3__C11_EPS_DYN_qmax8__v0,MOM_qb2of3__FCF_P_qb0of3,C11_EPS_DYN_qmax8,0.1849905246430099,0.12480208289160699,0.06018844175140292,-0.6047696608123803,0.4866875489428348,16.89,37.738197424892704
MOM_qb2of3__None__C12_EPS_DYN_yoy__v0,MOM_qb2of3__None,C12_EPS_DYN_yoy,0.18491151886877155,0.11806777849564609,0.06684374037312546,-0.6515402549824127,0.48205601723607266,16.67,285.704
PB_qb0of3__EV_EBITDA_qb0of3__C18_FCF_P_DYN_qmax8__v0,PB_qb0of3__EV_EBITDA_qb0of3,C18_FCF_P_DYN_qmax8,0.18490788415885162,0.1952473266098218,-0.010339442450970182,-0.5371571279731517,0.48611867174741424,20.67,26.008583690987123
PB_qb1of3__ROE_qb2of3__C2_ROE_DYN_riseq2__v0,PB_qb1of3__ROE_qb2of3,C2_ROE_DYN_riseq2,0.18481058368611603,0.1735666691404827,0.011243914545633338,-0.5125100695647509,0.5354260089686098,15.78,96.33576642335767
PB_qb0of3__ROIC_qb2of3__C11_EPS_DYN_qmax8__v0,PB_qb0of3__ROIC_qb2of3,C11_EPS_DYN_qmax8,0.1848025647486753,0.2065902141161089,-0.021787649367433604,-0.6160518270373498,0.5046197583511016,17.77,21.832618025751074
MOM_qb2of3__DEBTRATIO_qb2of3__C2_ROE_DYN_riseq2__v0,MOM_qb2of3__DEBTRATIO_qb2of3,C2_ROE_DYN_riseq2,0.18468392552948365,0.14200737818456344,0.04267654734492021,-0.6808368542670904,0.48564356435643563,15.36,91.74452554744525
MOM_qb2of3__ROE_qb2of3__C1_ROE_DYN_riseq1__v0,MOM_qb2of3__ROE_qb2of3,C1_ROE_DYN_riseq1,0.18467681827407212,0.1681772621398312,0.016499556134240922,-0.6756388932892556,0.5110069747166521,14.81,121.03508771929825
EV_S_qb0of3__None__C7_ROE_DYN_ytdavg_gt_lyavg__v0,EV_S_qb0of3__None,C7_ROE_DYN_ytdavg_gt_lyavg,0.18461013425519535,0.15765702596425268,0.026953108290942662,-0.5039505679617418,0.5210226397659017,13.97,210.68070175438598
P_IC_qb0of3__DEBTRATIO_qb1of3__C14_EPS_DYN_ytdavg_gt_lyavg__v0,P_IC_qb0of3__DEBTRATIO_qb1of3,C14_EPS_DYN_ytdavg_gt_lyavg,0.18459429894781532,0.17831093585947433,0.0062833630883409874,-0.5627676053351445,0.518454190186713,14.67,59.24561403508772
MOM_qb2of3__FCF_P_qb1of3__C5_ROE_DYN_yoy__v0,MOM_qb2of3__FCF_P_qb1of3,C5_ROE_DYN_yoy,0.18459060355451684,0.1303189927093793,0.05427161084513754,-0.6597313820995121,0.49267139479905436,16.56,90.336
MOM_qb2of3__ROE_qb1of3__C11_EPS_DYN_qmax8__v0,MOM_qb2of3__ROE_qb1of3,C11_EPS_DYN_qmax8,0.1845860922054985,0.14308725897377994,0.041498833231718546,-0.571773807197705,0.5175097276264592,14.34,27.415584415584416
P_IC_qb0of3__OCF_E_qb2of3__None__v0,P_IC_qb0of3__OCF_E_qb2of3,None,0.18457415552402745,0.18457415552402745,0.0,-0.5287015163352335,0.5166996699669967,16.2,131.37373737373738
PS_qb0of3__ROE_qb2of3__C13_EPS_DYN_ytdavg_gt_lyytdavg__v0,PS_qb0of3__ROE_qb2of3,C13_EPS_DYN_ytdavg_gt_lyytdavg,0.1845740355111607,0.16777979365724227,0.016794241853918424,-0.36832353379777627,0.4886731391585761,15.18,83.54736842105264
EV_S_qb0of3__OCF_E_qb1of3__C12_EPS_DYN_yoy__v0,EV_S_qb0of3__OCF_E_qb1of3,C12_EPS_DYN_yoy,0.18455592312808133,0.16012337011211542,0.02443255301596592,-0.5363923599912963,0.518695652173913,16.13,74.112
PS_qb0of3__NETDEBT_EBITDA_qb2of3__C9_EPS_DYN_riseq2__v0,PS_qb0of3__NETDEBT_EBITDA_qb2of3,C9_EPS_DYN_riseq2,0.184504897282586,0.16474534749704373,0.019759549785542285,-0.5470223511603607,0.506937658784444,14.97,117.52919708029196
MOM_qb2of3__ROE_qb2of3__C16_FCF_P_DYN_riseq2__v0,MOM_qb2of3__ROE_qb2of3,C16_FCF_P_DYN_riseq2,0.18442752293003273,0.1681772621398312,0.01625026079020153,-0.6520651799863859,0.5060438740486495,15.45,92.01824817518248
EV_S_qb1of3__DEBTRATIO_qb1of3__C11_EPS_DYN_qmax8__v0,EV_S_qb1of3__DEBTRATIO_qb1of3,C11_EPS_DYN_qmax8,0.18442104831625872,0.11604034731042145,0.06838070100583726,-0.7644207809931793,0.5058171745152354,19.28,30.253218884120173
MOM_qb2of3__NETDEBT_EBITDA_qb2of3__C12_EPS_DYN_yoy__v0,MOM_qb2of3__NETDEBT_EBITDA_qb2of3,C12_EPS_DYN_yoy,0.18432833060428933,0.13607790519389984,0.048250425410389486,-0.6613135905415752,0.4687028657616893,15.98,88.076
MOM_qb2of3__ROIC_qb2of3__C8_EPS_DYN_riseq1__v0,MOM_qb2of3__ROIC_qb2of3,C8_EPS_DYN_riseq1,0.1842708175221921,0.1626939247574768,0.021576892764715305,-0.6616722564752772,0.5082408341742348,15.09,119.9859649122807
MOM_qb2of3__ROIC_qb2of3__C3_ROE_DYN_qmax4__v0,MOM_qb2of3__ROIC_qb2of3,C3_ROE_DYN_qmax4,0.18424703429506595,0.1626939247574768,0.021553109537589155,-0.6371385247839185,0.5147840531561462,15.25,83.66030534351145
EV_S_qb0of3__OCF_E_qb2of3__C2_ROE_DYN_riseq2__v0,EV_S_qb0of3__OCF_E_qb2of3,C2_ROE_DYN_riseq2,0.18423179851325888,0.15528067250881317,0.028951126004445715,-0.4617116784687406,0.5116632860040567,16.21,92.17518248175182
MOM_qb2of3__ACCRUAL_qb1of3__C5_ROE_DYN_yoy__v0,MOM_qb2of3__ACCRUAL_qb1of3,C5_ROE_DYN_yoy,0.18422507424739543,0.13592025080935466,0.04830482343804077,-0.6812428167388657,0.5036496350364964,15.92,89.928
PB_qb0of3__ROIC_qb2of3__C10_EPS_DYN_qmax4__v0,PB_qb0of3__ROIC_qb2of3,C10_EPS_DYN_qmax4,0.1842151366760818,0.2065902141161089,-0.02237507744002709,-0.42809994496817605,0.5173058933582788,15.84,29.99236641221374
PS_qb0of3__None__C13_EPS_DYN_ytdavg_gt_lyytdavg__v0,PS_qb0of3__None,C13_EPS_DYN_ytdavg_gt_lyytdavg,0.1841824456858241,0.16620841805915898,0.017974027626665112,-0.5177687927722525,0.5046239210850801,14.31,232.83157894736843
MOM_qb2of3__ROIC_qb1of3__C3_ROE_DYN_qmax4__v0,MOM_qb2of3__ROIC_qb1of3,C3_ROE_DYN_qmax4,0.1841237654159955,0.14880087180690538,0.035322893609090134,-0.5605975874559468,0.5136819290165267,13.88,49.916030534351144
PB_qb0of3__ROE_qb1of3__C8_EPS_DYN_riseq1__v0,PB_qb0of3__ROE_qb1of3,C8_EPS_DYN_riseq1,0.18402943104871983,0.1827049174072004,0.0013245136415194203,-0.5432255730926341,0.521264689423615,15.54,111.87719298245614
PS_qb0of3__OCF_E_qb1of3__C2_ROE_DYN_riseq2__v0,PS_qb0of3__OCF_E_qb1of3,C2_ROE_DYN_riseq2,0.18394680013317521,0.16163055872724263,0.02231624140593258,-0.5334749859011338,0.5285266457680251,14.97,74.32846715328468
MOM_qb2of3__NETDEBT_EBITDA_qb2of3__C9_EPS_DYN_riseq2__v0,MOM_qb2of3__NETDEBT_EBITDA_qb2of3,C9_EPS_DYN_riseq2,0.18394165488685532,0.13607790519389984,0.04786374969295548,-0.610285342613031,0.47925860547219773,15.29,84.5036496350365
ROE_qb2of3__ROIC_qb1of3__C3_ROE_DYN_qmax4__v0,ROE_qb2of3__ROIC_qb1of3,C3_ROE_DYN_qmax4,0.1839158791469675,0.12040862931056018,0.06350724983640732,-0.48574579385658534,0.5170816444701795,16.48,25.202290076335878
PS_qb0of3__ROIC_qb1of3__C13_EPS_DYN_ytdavg_gt_lyytdavg__v0,PS_qb0of3__ROIC_qb1of3,C13_EPS_DYN_ytdavg_gt_lyytdavg,0.1839094020001939,0.16131933517355046,0.02259006682664344,-0.5036295660703731,0.5090646889163576,14.0,104.43157894736842
MOM_qb2of3__FCF_OI_qb1of3__C13_EPS_DYN_ytdavg_gt_lyytdavg__v0,MOM_qb2of3__FCF_OI_qb1of3,C13_EPS_DYN_ytdavg_gt_lyytdavg,0.18390065411897338,0.15028408428317808,0.03361656983579531,-0.6095551753885594,0.49298318743921077,14.09,92.94385964912281
ROE_qb2of3__None__C11_EPS_DYN_qmax8__v0,ROE_qb2of3__None,C11_EPS_DYN_qmax8,0.18387352074742314,0.1096895179268933,0.07418400282052984,-0.48892625399539036,0.5053191489361702,19.6,139.8412017167382
PS_qb1of3__MOM_qb2of3__C3_ROE_DYN_qmax4__v0,PS_qb1of3__MOM_qb2of3,C3_ROE_DYN_qmax4,0.18378714052284484,0.13687445579871116,0.04691268472413368,-0.663248887782852,0.5004092769440655,15.82,50.58015267175573
PS_qb0of3__ROIC_qb2of3__C1_ROE_DYN_riseq1__v0,PS_qb0of3__ROIC_qb2of3,C1_ROE_DYN_riseq1,0.18376576527525357,0.16300310603459844,0.020762659240655124,-0.4678676139951893,0.49051383399209486,15.56,72.0280701754386
MOM_qb2of3__NETDEBT_EBITDA_qb2of3__C5_ROE_DYN_yoy__v0,MOM_qb2of3__NETDEBT_EBITDA_qb2of3,C5_ROE_DYN_yoy,0.18374097156062996,0.13607790519389984,0.04766306636673012,-0.658314837167109,0.46881091617933723,15.85,85.024
PS_qb0of3__DEBTRATIO_qb2of3__C7_ROE_DYN_ytdavg_gt_lyavg__v0,PS_qb0of3__DEBTRATIO_qb2of3,C7_ROE_DYN_ytdavg_gt_lyavg,0.18357208737880026,0.16533570385241192,0.018236383526388344,-0.5249421472007105,0.4972390218248751,14.2,116.99298245614035
PS_qb0of3__DEBTRATIO_qb0of3__C9_EPS_DYN_riseq2__v0,PS_qb0of3__DEBTRATIO_qb0of3,C9_EPS_DYN_riseq2,0.18349670152204123,0.1648921144720774,0.018604587049963817,-0.49845118199374694,0.5239948119325551,14.65,30.54014598540146
EV_S_qb0of3__NETDEBT_EBITDA_qb2of3__C10_EPS_DYN_qmax4__v0,EV_S_qb0of3__NETDEBT_EBITDA_qb2of3,C10_EPS_DYN_qmax4,0.1834832920460272,0.15594460285259082,0.027538689193436383,-0.5249384455022682,0.5019011406844106,12.83,36.213740458015266
PB_qb0of3__MOM_qb2of3__C10_EPS_DYN_qmax4__v0,PB_qb0of3__MOM_qb2of3,C10_EPS_DYN_qmax4,0.18346177029069088,0.17812025809063203,0.005341512200058851,-0.5967511369015743,0.5247096333409246,14.54,62.217557251908396
MOM_qb2of3__ROIC_qb2of3__C6_ROE_DYN_ytdavg_gt_lyytdavg__v0,MOM_qb2of3__ROIC_qb2of3,C6_ROE_DYN_ytdavg_gt_lyytdavg,0.18343063695394068,0.1626939247574768,0.02073671219646389,-0.6024596397261639,0.4896265560165975,14.78,108.85263157894737
PS_qb0of3__OCF_E_qb1of3__C5_ROE_DYN_yoy__v0,PS_qb0of3__OCF_E_qb1of3,C5_ROE_DYN_yoy,0.18342430540983545,0.16163055872724263,0.02179374668259282,-0.549732993749357,0.5139931740614334,16.57,70.476
PB_qb0of3__FCF_P_qb1of3__C19_FCF_P_DYN_yoy__v0,PB_qb0of3__FCF_P_qb1of3,C19_FCF_P_DYN_yoy,0.18335360557517832,0.18135868898675023,0.0019949165884280973,-0.6256648584147857,0.5040106951871658,16.73,54.808
EV_S_qb1of3__NETDEBT_EBITDA_qb2of3__C3_ROE_DYN_qmax4__v0,EV_S_qb1of3__NETDEBT_EBITDA_qb2of3,C3_ROE_DYN_qmax4,0.18333572967050582,0.13111893250082707,0.05221679716967875,-0.6220888949911507,0.48713429679238635,15.17,45.95038167938932
MOM_qb2of3__FCF_P_qb2of3__C13_EPS_DYN_ytdavg_gt_lyytdavg__v0,MOM_qb2of3__FCF_P_qb2of3,C13_EPS_DYN_ytdavg_gt_lyytdavg,0.18332872408537315,0.15611793939613228,0.027210784689240874,-0.613574806547477,0.5030222615361934,14.39,83.79298245614035
P_IC_qb0of3__DEBTRATIO_qb1of3__C13_EPS_DYN_ytdavg_gt_lyytdavg__v0,P_IC_qb0of3__DEBTRATIO_qb1of3,C13_EPS_DYN_ytdavg_gt_lyytdavg,0.18324058560762757,0.17831093585947433,0.004929649748153242,-0.5564318564764164,0.5079564489112228,14.53,61.536842105263155
EV_S_qb0of3__ACCRUAL_qb0of3__C8_EPS_DYN_riseq1__v0,EV_S_qb0of3__ACCRUAL_qb0of3,C8_EPS_DYN_riseq1,0.18321331041813305,0.15570838337066473,0.02750492704746832,-0.5352822400554251,0.49863713798977854,14.91,81.3719298245614
EV_S_qb0of3__ACCRUAL_qb0of3__C1_ROE_DYN_riseq1__v0,EV_S_qb0of3__ACCRUAL_qb0of3,C1_ROE_DYN_riseq1,0.18320228074506484,0.15570838337066473,0.02749389737440011,-0.526463062906965,0.49598042642432716,15.02,78.63859649122807
EV_S_qb0of3__None__C9_EPS_DYN_riseq2__v0,EV_S_qb0of3__None,C9_EPS_DYN_riseq2,0.1830758184089072,0.15765702596425268,0.025418792444654503,-0.49488860957452785,0.5290874524714829,15.11,253.05839416058393
PB_qb1of3__ROE_qb2of3__C12_EPS_DYN_yoy__v0,PB_qb1of3__ROE_qb2of3,C12_EPS_DYN_yoy,0.1830600791504673,0.1735666691404827,0.009493410009984604,-0.513766940962125,0.5178175961344876,17.01,99.364
P_IC_qb0of3__ROIC_qb1of3__None__v0,P_IC_qb0of3__ROIC_qb1of3,None,0.18305739841769153,0.18305739841769153,0.0,-0.5258095132076328,0.5282313866592859,16.01,187.5993265993266
PB_qb1of3__None__C11_EPS_DYN_qmax8__v0,PB_qb1of3__None,C11_EPS_DYN_qmax8,0.18301844613406426,0.10751637456446095,0.07550207156960331,-0.5674485202390389,0.5153881488286634,16.79,72.56223175965665
P_IC_qb0of3__PB_qb0of3__C8_EPS_DYN_riseq1__v0,P_IC_qb0of3__PB_qb0of3,C8_EPS_DYN_riseq1,0.18295531828184042,0.18660855823064182,-0.003653239948801401,-0.5762283715995933,0.5134680134680135,15.19,185.44561403508771
MOM_qb2of3__DEBTRATIO_qb2of3__C6_ROE_DYN_ytdavg_gt_lyytdavg__v0,MOM_qb2of3__DEBTRATIO_qb2of3,C6_ROE_DYN_ytdavg_gt_lyytdavg,0.1828666174518716,0.14200737818456344,0.04085923926730817,-0.657356200126903,0.46869806094182825,14.19,84.05263157894737
MOM_qb2of3__FCF_OI_qb1of3__C10_EPS_DYN_qmax4__v0,MOM_qb2of3__FCF_OI_qb1of3,C10_EPS_DYN_qmax4,0.1827856103425518,0.15028408428317808,0.03250152605937373,-0.6008666410087438,0.5179659592351334,14.19,63.48091603053435
P_IC_qb1of3__MOM_qb2of3__C3_ROE_DYN_qmax4__v0,P_IC_qb1of3__MOM_qb2of3,C3_ROE_DYN_qmax4,0.18278133522976514,0.14276752601796372,0.04001380921180142,-0.6282802201675701,0.5154279581432788,13.97,51.396946564885496
P_IC_qb1of3__ROIC_qb2of3__C5_ROE_DYN_yoy__v0,P_IC_qb1of3__ROIC_qb2of3,C5_ROE_DYN_yoy,0.18272659527160995,0.16269582864452659,0.020030766627083363,-0.5200944960853731,0.5102872275412508,17.38,95.804
PB_qb0of3__ROE_qb1of3__None__v0,PB_qb0of3__ROE_qb1of3,None,0.1827049174072004,0.1827049174072004,0.0,-0.5312032372380033,0.5320574162679426,16.05,185.65993265993265
P_IC_qb0of3__FCF_OI_qb1of3__C16_FCF_P_DYN_riseq2__v0,P_IC_qb0of3__FCF_OI_qb1of3,C16_FCF_P_DYN_riseq2,0.1826739679032301,0.18557700877894123,-0.002903040875711138,-0.5858066107141011,0.4870240575866641,14.23,80.14233576642336
PB_qb1of3__MOM_qb2of3__C4_ROE_DYN_qmax8__v0,PB_qb1of3__MOM_qb2of3,C4_ROE_DYN_qmax8,0.18262043882744017,0.1423822447586076,0.040238194068832556,-0.7278187171986437,0.5247913598429063,14.01,31.16017316017316
EV_S_qb0of3__ROE_qb2of3__C13_EPS_DYN_ytdavg_gt_lyytdavg__v0,EV_S_qb0of3__ROE_qb2of3,C13_EPS_DYN_ytdavg_gt_lyytdavg,0.1826052446425266,0.16080766307492578,0.02179758156760081,-0.41349507051252743,0.5009866798223976,15.23,86.6140350877193
MOM_qb2of3__EV_EBITDA_qb1of3__C2_ROE_DYN_riseq2__v0,MOM_qb2of3__EV_EBITDA_qb1of3,C2_ROE_DYN_riseq2,0.1825931808540613,0.16230434248849268,0.020288838365568607,-0.6714564176541871,0.5135768435561682,15.17,100.0912408759124
MOM_qb2of3__EV_EBITDA_qb1of3__C3_ROE_DYN_qmax4__v0,MOM_qb2of3__EV_EBITDA_qb1of3,C3_ROE_DYN_qmax4,0.1825874492304187,0.16230434248849268,0.020283106741926016,-0.6863919807579997,0.5259391771019678,14.63,59.98091603053435
PB_qb0of3__ACCRUAL_qb0of3__C1_ROE_DYN_riseq1__v0,PB_qb0of3__ACCRUAL_qb0of3,C1_ROE_DYN_riseq1,0.182579461911216,0.17797297319254568,0.00460648871867031,-0.5433049632353786,0.5125175245343481,15.51,72.48771929824561
PB_qb0of3__ROIC_qb1of3__None__v0,PB_qb0of3__ROIC_qb1of3,None,0.18256711047310548,0.18256711047310548,0.0,-0.5188440690770282,0.5331550802139038,15.97,186.02020202020202
P_IC_qb1of3__ROIC_qb2of3__C9_EPS_DYN_riseq2__v0,P_IC_qb1of3__ROIC_qb2of3,C9_EPS_DYN_riseq2,0.18248429709539682,0.16269582864452659,0.019788468450870234,-0.4624315409101064,0.5203402366863905,16.31,95.99270072992701
PB_qb0of3__NETDEBT_EBITDA_qb2of3__C1_ROE_DYN_riseq1__v0,PB_qb0of3__NETDEBT_EBITDA_qb2of3,C1_ROE_DYN_riseq1,0.1824317789198382,0.17776664450601265,0.004665134413825545,-0.6022577649648313,0.5066344993968637,15.27,106.88070175438597
MOM_qb2of3__FCF_OI_qb2of3__C4_ROE_DYN_qmax8__v0,MOM_qb2of3__FCF_OI_qb2of3,C4_ROE_DYN_qmax8,0.18238734178619653,0.13952586865099859,0.04286147313519795,-0.6993152522672744,0.5167070217917675,17.73,29.59227467811159
EV_S_qb1of3__NETDEBT_EBITDA_qb2of3__C10_EPS_DYN_qmax4__v0,EV_S_qb1of3__NETDEBT_EBITDA_qb2of3,C10_EPS_DYN_qmax4,0.18236795498050062,0.13111893250082707,0.051249022479673556,-0.6126529083200883,0.485406532314107,15.41,47.51145038167939
P_IC_qb0of3__NETDEBT_EBITDA_qb1of3__C8_EPS_DYN_riseq1__v0,P_IC_qb0of3__NETDEBT_EBITDA_qb1of3,C8_EPS_DYN_riseq1,0.18233165877106616,0.18511348712500109,-0.002781828353934923,-0.5133946153380566,0.5136819290165267,15.47,58.564912280701755
EV_S_qb0of3__None__C13_EPS_DYN_ytdavg_gt_lyytdavg__v0,EV_S_qb0of3__None,C13_EPS_DYN_ytdavg_gt_lyytdavg,0.18226683116972775,0.15765702596425268,0.024609805205475066,-0.5118506692962235,0.5143120960295475,14.32,229.77543859649123
PS_qb0of3__DEBTRATIO_qb2of3__C6_ROE_DYN_ytdavg_gt_lyytdavg__v0,PS_qb0of3__DEBTRATIO_qb2of3,C6_ROE_DYN_ytdavg_gt_lyytdavg,0.18226084740616866,0.16533570385241192,0.01692514355375674,-0.5194072558979177,0.49258560258829875,14.22,120.74385964912281
MOM_qb2of3__FCF_P_qb1of3__C2_ROE_DYN_riseq2__v0,MOM_qb2of3__FCF_P_qb1of3,C2_ROE_DYN_riseq2,0.18224800412999587,0.1303189927093793,0.051929011420616566,-0.6037763937234573,0.49842743747191853,15.77,87.91970802919708
PB_qb0of3__FCF_P_qb1of3__C8_EPS_DYN_riseq1__v0,PB_qb0of3__FCF_P_qb1of3,C8_EPS_DYN_riseq1,0.18219844559460618,0.18135868898675023,0.0008397566078559571,-0.5846520111075051,0.5185458118398428,15.1,55.14736842105263
PB_qb1of3__ROIC_qb2of3__C5_ROE_DYN_yoy__v0,PB_qb1of3__ROIC_qb2of3,C5_ROE_DYN_yoy,0.18214895166679002,0.1573162106871937,0.024832740979596313,-0.5033580120462593,0.5142209398186315,17.48,93.772
P_IC_qb0of3__PB_qb0of3__C1_ROE_DYN_riseq1__v0,P_IC_qb0of3__PB_qb0of3,C1_ROE_DYN_riseq1,0.18207960312059845,0.18660855823064182,-0.0045289551100433645,-0.5753705224419654,0.5143257864155479,15.15,184.09122807017545
PS_qb0of3__DEBTRATIO_qb1of3__C7_ROE_DYN_ytdavg_gt_lyavg__v0,PS_qb0of3__DEBTRATIO_qb1of3,C7_ROE_DYN_ytdavg_gt_lyavg,0.18206644566072905,0.16188189278048704,0.020184552880242013,-0.49044818796034384,0.501194131695667,14.46,74.00350877192983
MOM_qb2of3__DEBTRATIO_qb1of3__C2_ROE_DYN_riseq2__v0,MOM_qb2of3__DEBTRATIO_qb1of3,C2_ROE_DYN_riseq2,0.18205588689027952,0.14168975306734088,0.04036613382293863,-0.6005752372001287,0.4973483592973152,16.26,88.52189781021897
P_IC_qb0of3__MOM_qb2of3__None__v0,P_IC_qb0of3__MOM_qb2of3,None,0.18204168375202867,0.18204168375202867,0.0,-0.651562613347338,0.475519146504096,14.3,155.04040404040404
PB_qb1of3__MOM_qb2of3__C10_EPS_DYN_qmax4__v0,PB_qb1of3__MOM_qb2of3,C10_EPS_DYN_qmax4,0.18203004293000347,0.1423822447586076,0.039647798171395854,-0.6877876341092493,0.5197193322042101,14.51,56.534351145038165
P_IC_qb0of3__OCF_E_qb2of3__C18_FCF_P_DYN_qmax8__v0,P_IC_qb0of3__OCF_E_qb2of3,C18_FCF_P_DYN_qmax8,0.18201013297669322,0.18457415552402745,-0.0025640225473342326,-0.6040241042209594,0.48288690476190477,19.16,17.965665236051503
P_IC_qb1of3__DEBTRATIO_qb0of3__C5_ROE_DYN_yoy__v0,P_IC_qb1of3__DEBTRATIO_qb0of3,C5_ROE_DYN_yoy,0.1819681156080939,0.14025437918169104,0.04171373642640286,-0.5555960546457231,0.5213496566139146,16.61,76.904
MOM_qb2of3__ROE_qb2of3__C20_FCF_P_DYN_ytdavg_gt_lyytdavg__v0,MOM_qb2of3__ROE_qb2of3,C20_FCF_P_DYN_ytdavg_gt_lyytdavg,0.18194798019470637,0.1681772621398312,0.013770718054875175,-0.6556168905098568,0.5086733054930935,14.81,87.94035087719298
PS_qb0of3__ROE_qb2of3__C1_ROE_DYN_riseq1__v0,PS_qb0of3__ROE_qb2of3,C1_ROE_DYN_riseq1,0.18193004246936706,0.16777979365724227,0.014150248812124788,-0.46692046947663846,0.49295073809918727,15.76,90.29473684210527
ROE_qb2of3__NETDEBT_EBITDA_qb0of3__C4_ROE_DYN_qmax8__v0,ROE_qb2of3__NETDEBT_EBITDA_qb0of3,C4_ROE_DYN_qmax8,0.18189210671149736,0.1064581381558376,0.07543396855565976,-0.6067818766541417,0.5170765027322405,20.13,24.30472103004292
P_IC_qb0of3__None__None__v0,P_IC_qb0of3__None,None,0.18180748761405363,0.18180748761405363,0.0,-0.5713605856280459,0.6817834394904458,15.48,463.010101010101
P_IC_qb0of3__FCF_P_qb1of3__C19_FCF_P_DYN_yoy__v0,P_IC_qb0of3__FCF_P_qb1of3,C19_FCF_P_DYN_yoy,0.18175920393554823,0.17742558888731907,0.004333615048229156,-0.5842044334436708,0.4898214844973379,16.61,45.416
PS_qb0of3__None__C6_ROE_DYN_ytdavg_gt_lyytdavg__v0,PS_qb0of3__None,C6_ROE_DYN_ytdavg_gt_lyytdavg,0.18170204385010846,0.16620841805915898,0.015493625790949483,-0.5078689911361812,0.5096914250271359,14.32,223.36140350877193
PB_qb1of3__ROE_qb2of3__C13_EPS_DYN_ytdavg_gt_lyytdavg__v0,PB_qb1of3__ROE_qb2of3,C13_EPS_DYN_ytdavg_gt_lyytdavg,0.18168556640370004,0.1735666691404827,0.00811889726321735,-0.4752758581242835,0.5068926553672316,15.88,84.29122807017544
PS_qb0of3__ROIC_qb1of3__C7_ROE_DYN_ytdavg_gt_lyavg__v0,PS_qb0of3__ROIC_qb1of3,C7_ROE_DYN_ytdavg_gt_lyavg,0.1816470090443867,0.16131933517355046,0.020327673870836227,-0.5250718617638434,0.5127109591967528,13.97,99.01754385964912
EV_S_qb1of3__OCF_E_qb1of3__C11_EPS_DYN_qmax8__v0,EV_S_qb1of3__OCF_E_qb1of3,C11_EPS_DYN_qmax8,0.18163520404551692,0.11661669962271093,0.06501850442280599,-0.613596090563084,0.5199523525908278,16.55,25.350649350649352
MOM_qb2of3__DEBTRATIO_qb1of3__C4_ROE_DYN_qmax8__v0,MOM_qb2of3__DEBTRATIO_qb1of3,C4_ROE_DYN_qmax8,0.18154152438925264,0.14168975306734088,0.039851771321911755,-0.7804402961751515,0.5176413726437893,16.13,32.081545064377686
MOM_qb2of3__FCF_P_qb2of3__C14_EPS_DYN_ytdavg_gt_lyavg__v0,MOM_qb2of3__FCF_P_qb2of3,C14_EPS_DYN_ytdavg_gt_lyavg,0.18153878631546405,0.15611793939613228,0.025420846919331774,-0.6116591426913006,0.5054578532443905,14.43,81.62105263157895
MOM_qb2of3__EV_EBITDA_qb0of3__None__v0,MOM_qb2of3__EV_EBITDA_qb0of3,None,0.18152517875580787,0.18152517875580787,0.0,-0.6348354609510733,0.4831373227257004,14.05,160.27272727272728
MOM_qb2of3__None__C9_EPS_DYN_riseq2__v0,MOM_qb2of3__None,C9_EPS_DYN_riseq2,0.18152319690262964,0.11806777849564609,0.06345541840698354,-0.62744136253026,0.4934006656719844,15.59,270.5620437956204
P_IC_qb0of3__MOM_qb2of3__C10_EPS_DYN_qmax4__v0,P_IC_qb0of3__MOM_qb2of3,C10_EPS_DYN_qmax4,0.18146360542914364,0.18204168375202867,-0.0005780783228850339,-0.6716790956243555,0.5259242560865645,13.94,63.36259541984733
MOM_qb2of3__ROIC_qb2of3__C13_EPS_DYN_ytdavg_gt_lyytdavg__v0,MOM_qb2of3__ROIC_qb2of3,C13_EPS_DYN_ytdavg_gt_lyytdavg,0.1814566644069162,0.1626939247574768,0.01876273964943942,-0.5979576845920895,0.48436891944480476,15.11,118.2280701754386
PB_qb0of3__DEBTRATIO_qb2of3__C16_FCF_P_DYN_riseq2__v0,PB_qb0of3__DEBTRATIO_qb2of3,C16_FCF_P_DYN_riseq2,0.18145202541654015,0.18803320787283906,-0.006581182456298906,-0.5886527373100477,0.5231506120276743,16.21,84.24087591240875
PB_qb0of3__NETDEBT_EBITDA_qb0of3__C20_FCF_P_DYN_ytdavg_gt_lyytdavg__v0,PB_qb0of3__NETDEBT_EBITDA_qb0of3,C20_FCF_P_DYN_ytdavg_gt_lyytdavg,0.18138643637715646,0.1865829469130269,-0.005196510535870447,-0.5685085700845733,0.5535993740219093,15.72,68.50526315789473
PB_qb0of3__None__None__v0,PB_qb0of3__None,None,0.1813653578473695,0.1813653578473695,0.0,-0.5768943950261596,0.6850670771937541,15.96,463.010101010101
MOM_qb2of3__ROIC_qb2of3__C15_FCF_P_DYN_riseq1__v0,MOM_qb2of3__ROIC_qb2of3,C15_FCF_P_DYN_riseq1,0.18136380268904295,0.1626939247574768,0.01866987793156616,-0.6624348871381307,0.48225144958280297,14.53,80.53684210526316
PB_qb0of3__FCF_P_qb1of3__None__v0,PB_qb0of3__FCF_P_qb1of3,None,0.18135868898675023,0.18135868898675023,0.0,-0.5821890292018098,0.5098069498069498,15.37,102.03367003367003
PS_qb0of3__DEBTRATIO_qb0of3__C14_EPS_DYN_ytdavg_gt_lyavg__v0,PS_qb0of3__DEBTRATIO_qb0of3,C14_EPS_DYN_ytdavg_gt_lyavg,0.18134451440100507,0.1648921144720774,0.016452399928927663,-0.5178169326360688,0.531021897810219,13.7,25.48421052631579
P_IC_qb0of3__None__C1_ROE_DYN_riseq1__v0,P_IC_qb0of3__None,C1_ROE_DYN_riseq1,0.1811912462557672,0.18180748761405363,-0.0006162413582864179,-0.5594085408010512,0.5117696997761828,14.71,242.50526315789475
MOM_qb2of3__DEBTRATIO_qb1of3__C5_ROE_DYN_yoy__v0,MOM_qb2of3__DEBTRATIO_qb1of3,C5_ROE_DYN_yoy,0.18116855376531205,0.14168975306734088,0.03947880069797116,-0.6371946920886583,0.48911070780399274,17.05,90.052
MOM_qb2of3__NETDEBT_EBITDA_qb0of3__C9_EPS_DYN_riseq2__v0,MOM_qb2of3__NETDEBT_EBITDA_qb0of3,C9_EPS_DYN_riseq2,0.1811457125225182,0.14185947700151247,0.03928623552100574,-0.6666485572880991,0.5028301886792453,14.59,76.74817518248175
PS_qb0of3__DEBTRATIO_qb2of3__C9_EPS_DYN_riseq2__v0,PS_qb0of3__DEBTRATIO_qb2of3,C9_EPS_DYN_riseq2,0.18110706299658097,0.16533570385241192,0.01577135914416905,-0.5112160676486703,0.5095956134338588,15.37,138.76642335766422
PB_qb1of3__MOM_qb2of3__C12_EPS_DYN_yoy__v0,PB_qb1of3__MOM_qb2of3,C12_EPS_DYN_yoy,0.18105347596362065,0.1423822447586076,0.038671231205013035,-0.6791172056118138,0.49209020531807474,15.33,94.576
EV_S_qb0of3__None__C6_ROE_DYN_ytdavg_gt_lyytdavg__v0,EV_S_qb0of3__None,C6_ROE_DYN_ytdavg_gt_lyytdavg,0.18101906200885542,0.15765702596425268,0.02336203604460274,-0.5067209700412292,0.5213166144200627,14.19,220.13333333333333
EV_S_qb0of3__NETDEBT_EBITDA_qb0of3__C2_ROE_DYN_riseq2__v0,EV_S_qb0of3__NETDEBT_EBITDA_qb0of3,C2_ROE_DYN_riseq2,0.18100696689199114,0.1547916746673339,0.02621529222465724,-0.5917515545723545,0.5438557435440784,14.63,95.30656934306569
P_IC_qb0of3__FCF_P_qb1of3__C10_EPS_DYN_qmax4__v0,P_IC_qb0of3__FCF_P_qb1of3,C10_EPS_DYN_qmax4,0.18095095939390493,0.17742558888731907,0.0035253705065858565,-0.5602835991932079,0.5368874528809908,14.45,25.263358778625953
ROE_qb2of3__NETDEBT_EBITDA_qb2of3__C3_ROE_DYN_qmax4__v0,ROE_qb2of3__NETDEBT_EBITDA_qb2of3,C3_ROE_DYN_qmax4,0.18093782266409275,0.12706706831299486,0.053870754351097894,-0.49241728113158845,0.4953877690468056,15.72,43.469465648854964
ROE_qb2of3__DEBTRATIO_qb0of3__C4_ROE_DYN_qmax8__v0,ROE_qb2of3__DEBTRATIO_qb0of3,C4_ROE_DYN_qmax8,0.1809185160948794,0.1083279530990704,0.07259056299580902,-0.5328210007681455,0.5073298429319372,21.08,32.27896995708154
PS_qb0of3__OCF_E_qb1of3__C13_EPS_DYN_ytdavg_gt_lyytdavg__v0,PS_qb0of3__OCF_E_qb1of3,C13_EPS_DYN_ytdavg_gt_lyytdavg,0.18082176283364038,0.16163055872724263,0.01919120410639774,-0.5273512060614384,0.5006979990693345,15.21,66.91228070175438
P_IC_qb0of3__MOM_qb2of3__C20_FCF_P_DYN_ytdavg_gt_lyytdavg__v0,P_IC_qb0of3__MOM_qb2of3,C20_FCF_P_DYN_ytdavg_gt_lyytdavg,0.1807636952199303,0.18204168375202867,-0.001277988532098373,-0.6598394503619155,0.486500794070937,13.93,79.1438596491228
P_IC_qb0of3__FCF_P_qb1of3__C11_EPS_DYN_qmax8__v0,P_IC_qb0of3__FCF_P_qb1of3,C11_EPS_DYN_qmax8,0.18071996709677896,0.17742558888731907,0.0032943782094598806,-0.7013550072530815,0.533695652173913,16.14,13.214592274678111
ROE_qb2of3__FCF_P_qb0of3__C11_EPS_DYN_qmax8__v0,ROE_qb2of3__FCF_P_qb0of3,C11_EPS_DYN_qmax8,0.18067872316560374,0.10654638208040024,0.0741323410852035,-0.5077023034127954,0.4923802612481858,23.07,41.69527896995708
P_IC_qb1of3__ROIC_qb2of3__C2_ROE_DYN_riseq2__v0,P_IC_qb1of3__ROIC_qb2of3,C2_ROE_DYN_riseq2,0.18062160632845803,0.16269582864452659,0.017925777683931443,-0.493712769203822,0.5200653713455602,16.51,96.22992700729927
EV_S_qb0of3__ROIC_qb2of3__C19_FCF_P_DYN_yoy__v0,EV_S_qb0of3__ROIC_qb2of3,C19_FCF_P_DYN_yoy,0.1805660553271422,0.15759388570377553,0.02297216962336668,-0.5871330677635218,0.5208161014612628,17.49,60.996
PS_qb0of3__NETDEBT_EBITDA_qb2of3__C8_EPS_DYN_riseq1__v0,PS_qb0of3__NETDEBT_EBITDA_qb2of3,C8_EPS_DYN_riseq1,0.18055364295360432,0.16474534749704373,0.015808295456560595,-0.5671045392336153,0.48747622067216234,14.41,117.05614035087719
MOM_qb2of3__DEBTRATIO_qb1of3__C9_EPS_DYN_riseq2__v0,MOM_qb2of3__DEBTRATIO_qb1of3,C9_EPS_DYN_riseq2,0.1805461340088017,0.14168975306734088,0.03885638094146082,-0.6018461147833263,0.49878934624697335,16.29,91.65328467153284
ROE_qb2of3__EV_EBITDA_qb0of3__C16_FCF_P_DYN_riseq2__v0,ROE_qb2of3__EV_EBITDA_qb0of3,C16_FCF_P_DYN_riseq2,0.18043882395114652,0.17599537128535347,0.004443452665793046,-0.4921408092324626,0.4996276991809382,16.53,63.95985401459854
EV_S_qb0of3__None__C2_ROE_DYN_riseq2__v0,EV_S_qb0of3__None,C2_ROE_DYN_riseq2,0.1804353021176801,0.15765702596425268,0.022778276153427424,-0.5191285910922969,0.5307787157355591,15.15,250.23357664233578
PS_qb0of3__DEBTRATIO_qb0of3__C6_ROE_DYN_ytdavg_gt_lyytdavg__v0,PS_qb0of3__DEBTRATIO_qb0of3,C6_ROE_DYN_ytdavg_gt_lyytdavg,0.18043175695637093,0.1648921144720774,0.015539642484293514,-0.47668924745254393,0.5500459136822773,14.1,25.894736842105264
EV_S_qb0of3__ROE_qb2of3__C10_EPS_DYN_qmax4__v0,EV_S_qb0of3__ROE_qb2of3,C10_EPS_DYN_qmax4,0.18040871170687378,0.16080766307492578,0.019601048631948004,-0.4602223678829023,0.5107562652472832,16.39,69.58015267175573
P_IC_qb1of3__ROIC_qb2of3__C14_EPS_DYN_ytdavg_gt_lyavg__v0,P_IC_qb1of3__ROIC_qb2of3,C14_EPS_DYN_ytdavg_gt_lyavg,0.18037618897189378,0.16269582864452659,0.017680360327367195,-0.42749721493306303,0.4927305770104498,15.74,82.2421052631579
ROE_qb2of3__ACCRUAL_qb1of3__C11_EPS_DYN_qmax8__v0,ROE_qb2of3__ACCRUAL_qb1of3,C11_EPS_DYN_qmax8,0.1803761455011641,0.10621584572289322,0.07416029977827088,-0.5276457351512591,0.5155956407365652,18.46,40.13304721030043
ROE_qb2of3__NETDEBT_EBITDA_qb2of3__C5_ROE_DYN_yoy__v0,ROE_qb2of3__NETDEBT_EBITDA_qb2of3,C5_ROE_DYN_yoy,0.18035526080711306,0.12706706831299486,0.0532881924941182,-0.5345005451132474,0.484158720393725,18.44,67.592
MOM_qb2of3__EV_EBITDA_qb1of3__C9_EPS_DYN_riseq2__v0,MOM_qb2of3__EV_EBITDA_qb1of3,C9_EPS_DYN_riseq2,0.18024794932369104,0.16230434248849268,0.017943606835198356,-0.6570122283004547,0.5113651468828925,15.44,103.58029197080292
P_IC_qb0of3__FCF_P_qb1of3__C1_ROE_DYN_riseq1__v0,P_IC_qb0of3__FCF_P_qb1of3,C1_ROE_DYN_riseq1,0.1801833233527539,0.17742558888731907,0.0027577344654348135,-0.5665464614594802,0.5146759662888695,15.09,45.824561403508774
PB_qb0of3__NETDEBT_EBITDA_qb0of3__C15_FCF_P_DYN_riseq1__v0,PB_qb0of3__NETDEBT_EBITDA_qb0of3,C15_FCF_P_DYN_riseq1,0.18014708868462592,0.1865829469130269,-0.006435858228400981,-0.5544671280581372,0.5013054830287206,16.77,65.63508771929824
PB_qb0of3__ROE_qb2of3__C3_ROE_DYN_qmax4__v0,PB_qb0of3__ROE_qb2of3,C3_ROE_DYN_qmax4,0.18009295669946446,0.20625735013604096,-0.026164393436576505,-0.4902793699165954,0.5164319248826291,16.61,32.087786259541986
PS_qb0of3__DEBTRATIO_qb1of3__C10_EPS_DYN_qmax4__v0,PS_qb0of3__DEBTRATIO_qb1of3,C10_EPS_DYN_qmax4,0.18006668723376928,0.16188189278048704,0.01818479445328225,-0.5391171548937985,0.5133483435188163,14.01,50.51145038167939
PS_qb0of3__DEBTRATIO_qb2of3__C2_ROE_DYN_riseq2__v0,PS_qb0of3__DEBTRATIO_qb2of3,C2_ROE_DYN_riseq2,0.17993913363585845,0.16533570385241192,0.014603429783446531,-0.5452303614802265,0.5127677806341046,15.32,135.85766423357666
PB_qb0of3__MOM_qb2of3__C1_ROE_DYN_riseq1__v0,PB_qb0of3__MOM_qb2of3,C1_ROE_DYN_riseq1,0.17990141679490468,0.17812025809063203,0.0017811587042726451,-0.6662312140416087,0.5095569070373588,14.04,91.21754385964913
MOM_qb2of3__ROE_qb2of3__C19_FCF_P_DYN_yoy__v0,MOM_qb2of3__ROE_qb2of3,C19_FCF_P_DYN_yoy,0.17988247711397642,0.1681772621398312,0.011705214974145228,-0.6449707510925746,0.5068874787184646,17.33,94.48
MOM_qb2of3__FCF_OI_qb2of3__C12_EPS_DYN_yoy__v0,MOM_qb2of3__FCF_OI_qb2of3,C12_EPS_DYN_yoy,0.17977196858669586,0.13952586865099859,0.04024609993569728,-0.6232185940942345,0.49870957947472294,17.18,91.656
PS_qb0of3__OCF_E_qb1of3__C6_ROE_DYN_ytdavg_gt_lyytdavg__v0,PS_qb0of3__OCF_E_qb1of3,C6_ROE_DYN_ytdavg_gt_lyytdavg,0.17975369275841868,0.16163055872724263,0.018123134031176047,-0.51144733946316,0.505352798053528,15.06,64.67368421052632
PS_qb0of3__MOM_qb2of3__C20_FCF_P_DYN_ytdavg_gt_lyytdavg__v0,PS_qb0of3__MOM_qb2of3,C20_FCF_P_DYN_ytdavg_gt_lyytdavg,0.17968190350191549,0.18562674496910136,-0.00594484146718588,-0.654793958948099,0.498582565556343,13.55,78.85263157894737
PS_qb0of3__OCF_E_qb1of3__C12_EPS_DYN_yoy__v0,PS_qb0of3__OCF_E_qb1of3,C12_EPS_DYN_yoy,0.17957818749769072,0.16163055872724263,0.017947628770448087,-0.5328622554710967,0.5104398045313194,16.76,71.952
MOM_qb2of3__OCF_E_qb1of3__C10_EPS_DYN_qmax4__v0,MOM_qb2of3__OCF_E_qb1of3,C10_EPS_DYN_qmax4,0.17956357724528083,0.1381613845942784,0.04140219265100242,-0.6274400292644022,0.5225309362596311,14.9,56.30916030534351
EV_S_qb0of3__ROE_qb2of3__C7_ROE_DYN_ytdavg_gt_lyavg__v0,EV_S_qb0of3__ROE_qb2of3,C7_ROE_DYN_ytdavg_gt_lyavg,0.1794741974962324,0.16080766307492578,0.018666534421306613,-0.40258191225271067,0.5008331349678647,15.18,81.87719298245614
PB_qb1of3__ROIC_qb2of3__C7_ROE_DYN_ytdavg_gt_lyavg__v0,PB_qb1of3__ROIC_qb2of3,C7_ROE_DYN_ytdavg_gt_lyavg,0.17946186477440285,0.1573162106871937,0.022145654087209143,-0.4661218530922794,0.5021146616541353,15.83,77.12631578947368
P_IC_qb1of3__None__C11_EPS_DYN_qmax8__v0,P_IC_qb1of3__None,C11_EPS_DYN_qmax8,0.1794083223376859,0.10927398071020056,0.07013434162748533,-0.572160334153966,0.5072926162260711,17.69,74.5922746781116
PS_qb0of3__MOM_qb2of3__C19_FCF_P_DYN_yoy__v0,PS_qb0of3__MOM_qb2of3,C19_FCF_P_DYN_yoy,0.17939453889954016,0.18562674496910136,-0.006232206069561208,-0.6526140716767257,0.5089757127771911,15.26,82.72
EV_S_qb1of3__OCF_E_qb1of3__C3_ROE_DYN_qmax4__v0,EV_S_qb1of3__OCF_E_qb1of3,C3_ROE_DYN_qmax4,0.1793128834564668,0.11661669962271093,0.06269618383375586,-0.5825266751037017,0.50752,14.69,44.50763358778626
ROE_qb2of3__ROIC_qb2of3__C11_EPS_DYN_qmax8__v0,ROE_qb2of3__ROIC_qb2of3,C11_EPS_DYN_qmax8,0.17930553738486976,0.10622238694356079,0.07308315044130897,-0.49195307219267703,0.4989435556897072,20.15,122.1030042918455
PS_qb0of3__ROE_qb2of3__C6_ROE_DYN_ytdavg_gt_lyytdavg__v0,PS_qb0of3__ROE_qb2of3,C6_ROE_DYN_ytdavg_gt_lyytdavg,0.17930330618835066,0.16777979365724227,0.011523512531108393,-0.37071274000678733,0.4887948207171315,15.23,80.59298245614035
EV_S_qb0of3__ROE_qb2of3__C3_ROE_DYN_qmax4__v0,EV_S_qb0of3__ROE_qb2of3,C3_ROE_DYN_qmax4,0.1792979738127456,0.16080766307492578,0.018490310737819815,-0.4369826967781122,0.5086975914362176,16.37,66.97328244274809
EV_S_qb0of3__ROIC_qb2of3__C8_EPS_DYN_riseq1__v0,EV_S_qb0of3__ROIC_qb2of3,C8_EPS_DYN_riseq1,0.17911981723223414,0.15759388570377553,0.02152593152845861,-0.5116657777887605,0.49828116518907184,15.42,83.32982456140351
PB_qb0of3__MOM_qb2of3__C8_EPS_DYN_riseq1__v0,PB_qb0of3__MOM_qb2of3,C8_EPS_DYN_riseq1,0.17908621434656458,0.17812025809063203,0.000965956255932543,-0.660344579778426,0.5081828442437923,14.6,93.8
PS_qb0of3__ROIC_qb1of3__C9_EPS_DYN_riseq2__v0,PS_qb0of3__ROIC_qb1of3,C9_EPS_DYN_riseq2,0.17906243483592066,0.16131933517355046,0.0177430996623702,-0.4997908252537059,0.5237023943435642,14.91,115.06569343065694
PS_qb0of3__ROE_qb2of3__C18_FCF_P_DYN_qmax8__v0,PS_qb0of3__ROE_qb2of3,C18_FCF_P_DYN_qmax8,0.17898749949389114,0.16777979365724227,0.011207705836648874,-0.6168400036607724,0.4825,16.63,16.397379912663755
ROE_qb2of3__EV_EBITDA_qb0of3__C3_ROE_DYN_qmax4__v0,ROE_qb2of3__EV_EBITDA_qb0of3,C3_ROE_DYN_qmax4,0.1789551094576709,0.17599537128535347,0.0029597381723174276,-0.39503142699382,0.4997913188647746,17.41,71.3969465648855
MOM_qb2of3__ROIC_qb2of3__C10_EPS_DYN_qmax4__v0,MOM_qb2of3__ROIC_qb2of3,C10_EPS_DYN_qmax4,0.17891643148902103,0.1626939247574768,0.01622250673154424,-0.6268424240231031,0.5087994971715902,15.79,91.44656488549619
PB_qb1of3__ROIC_qb2of3__C8_EPS_DYN_riseq1__v0,PB_qb1of3__ROIC_qb2of3,C8_EPS_DYN_riseq1,0.1788715384755304,0.1573162106871937,0.021555327788336687,-0.5223471006555942,0.515022860875245,16.19,90.16842105263157
MOM_qb2of3__None__C2_ROE_DYN_riseq2__v0,MOM_qb2of3__None,C2_ROE_DYN_riseq2,0.17872988046776705,0.11806777849564609,0.06066210197212096,-0.644782736041678,0.49318448883666277,15.69,261.8065693430657
EV_S_qb1of3__OCF_E_qb2of3__C3_ROE_DYN_qmax4__v0,EV_S_qb1of3__OCF_E_qb2of3,C3_ROE_DYN_qmax4,0.17862038494756338,0.12057084445892974,0.058049540488633644,-0.5657661811393035,0.5120409391932571,16.74,48.16793893129771
MOM_qb2of3__NETDEBT_EBITDA_qb0of3__C2_ROE_DYN_riseq2__v0,MOM_qb2of3__NETDEBT_EBITDA_qb0of3,C2_ROE_DYN_riseq2,0.17853182351142194,0.14185947700151247,0.03667234650990947,-0.6628926169073552,0.5003843197540354,14.94,75.56934306569343
PB_qb0of3__None__C8_EPS_DYN_riseq1__v0,PB_qb0of3__None,C8_EPS_DYN_riseq1,0.1784967002563127,0.1813653578473695,-0.0028686575910568113,-0.5792436273445518,0.5155284185134932,15.29,244.58245614035087
P_IC_qb0of3__EV_EBITDA_qb0of3__C15_FCF_P_DYN_riseq1__v0,P_IC_qb0of3__EV_EBITDA_qb0of3,C15_FCF_P_DYN_riseq1,0.178488052447618,0.19372967359465032,-0.015241621147032314,-0.5457466762485759,0.4916920990166158,15.17,98.95087719298246
EV_S_qb0of3__EV_EBITDA_qb0of3__None__v0,EV_S_qb0of3__EV_EBITDA_qb0of3,None,0.17847911845269882,0.17847911845269882,0.0,-0.5146922410596715,0.5219471018570625,15.17,225.59259259259258
PS_qb0of3__ROIC_qb1of3__C6_ROE_DYN_ytdavg_gt_lyytdavg__v0,PS_qb0of3__ROIC_qb1of3,C6_ROE_DYN_ytdavg_gt_lyytdavg,0.1784600314102569,0.16131933517355046,0.017140696236706443,-0.5137860431503859,0.5064102564102564,14.22,102.59298245614035
EV_S_qb0of3__ROIC_qb2of3__C14_EPS_DYN_ytdavg_gt_lyavg__v0,EV_S_qb0of3__ROIC_qb2of3,C14_EPS_DYN_ytdavg_gt_lyavg,0.17839346531300393,0.15759388570377553,0.020799579609228402,-0.4358484696924757,0.4865071283095723,15.42,76.1438596491228
PS_qb0of3__DEBTRATIO_qb2of3__C8_EPS_DYN_riseq1__v0,PS_qb0of3__DEBTRATIO_qb2of3,C8_EPS_DYN_riseq1,0.17835894868347224,0.16533570385241192,0.013023244831060321,-0.5459709765986874,0.49108856594461203,14.35,135.8982456140351
PB_qb0of3__ROIC_qb1of3__C8_EPS_DYN_riseq1__v0,PB_qb0of3__ROIC_qb1of3,C8_EPS_DYN_riseq1,0.1783493981800084,0.18256711047310548,-0.004217712293097087,-0.53523413840524,0.5167450871851647,15.6,111.7859649122807
MOM_qb2of3__NETDEBT_EBITDA_qb0of3__C8_EPS_DYN_riseq1__v0,MOM_qb2of3__NETDEBT_EBITDA_qb0of3,C8_EPS_DYN_riseq1,0.1783489589410454,0.14185947700151247,0.03648948193953294,-0.6763368088269337,0.49430922780598846,14.08,74.96140350877192
P_IC_qb0of3__DEBTRATIO_qb1of3__None__v0,P_IC_qb0of3__DEBTRATIO_qb1of3,None,0.17831093585947433,0.17831093585947433,0.0,-0.5818141503578419,0.5827744440522414,16.43,130.59259259259258
ROE_qb2of3__ROIC_qb1of3__C5_ROE_DYN_yoy__v0,ROE_qb2of3__ROIC_qb1of3,C5_ROE_DYN_yoy,0.17827743421525732,0.12040862931056018,0.057868804904697146,-0.5250308130443986,0.4971002485501243,17.86,41.4
EV_S_qb0of3__ROIC_qb2of3__C2_ROE_DYN_riseq2__v0,EV_S_qb0of3__ROIC_qb2of3,C2_ROE_DYN_riseq2,0.1782533667766062,0.15759388570377553,0.020659481072830665,-0.5022624208240638,0.5119460894425159,15.93,87.48175182481752
PS_qb0of3__DEBTRATIO_qb0of3__C13_EPS_DYN_ytdavg_gt_lyytdavg__v0,PS_qb0of3__DEBTRATIO_qb0of3,C13_EPS_DYN_ytdavg_gt_lyytdavg,0.178135955712718,0.1648921144720774,0.013243841240640597,-0.5211336713472388,0.5329768270944741,14.44,26.666666666666668
PB_qb0of3__MOM_qb2of3__None__v0,PB_qb0of3__MOM_qb2of3,None,0.17812025809063203,0.17812025809063203,0.0,-0.6452235997179963,0.47961183166931043,14.89,153.68686868686868
MOM_qb2of3__DEBTRATIO_qb2of3__C13_EPS_DYN_ytdavg_gt_lyytdavg__v0,MOM_qb2of3__DEBTRATIO_qb2of3,C13_EPS_DYN_ytdavg_gt_lyytdavg,0.17809306899556931,0.14200737818456344,0.03608569081100588,-0.6507876691490889,0.4643535301225617,14.67,90.78947368421052
MOM_qb2of3__DEBTRATIO_qb2of3__C14_EPS_DYN_ytdavg_gt_lyavg__v0,MOM_qb2of3__DEBTRATIO_qb2of3,C14_EPS_DYN_ytdavg_gt_lyavg,0.17808522437293162,0.14200737818456344,0.03607784618836818,-0.6423084516894131,0.4646820503787212,14.69,88.69824561403509
PB_qb0of3__ACCRUAL_qb0of3__None__v0,PB_qb0of3__ACCRUAL_qb0of3,None,0.17797297319254568,0.17797297319254568,0.0,-0.5846336941031425,0.5088323009864648,16.87,157.7946127946128
MOM_qb2of3__FCF_OI_qb2of3__C9_EPS_DYN_riseq2__v0,MOM_qb2of3__FCF_OI_qb2of3,C9_EPS_DYN_riseq2,0.17796372646347058,0.13952586865099859,0.038437857812472,-0.6129338471098429,0.5140340400119439,16.15,85.3905109489051
PB_qb0of3__ROIC_qb1of3__C1_ROE_DYN_riseq1__v0,PB_qb0of3__ROIC_qb1of3,C1_ROE_DYN_riseq1,0.1779622145312747,0.18256711047310548,-0.004604895941830778,-0.526201472418374,0.5159502568261692,15.55,114.7578947368421
P_IC_qb1of3__ROIC_qb2of3__C3_ROE_DYN_qmax4__v0,P_IC_qb1of3__ROIC_qb2of3,C3_ROE_DYN_qmax4,0.17793426569705217,0.16269582864452659,0.015238437052525589,-0.4652585903486749,0.519908466819222,16.33,63.5
EV_S_qb0of3__ROE_qb2of3__C6_ROE_DYN_ytdavg_gt_lyytdavg__v0,EV_S_qb0of3__ROE_qb2of3,C6_ROE_DYN_ytdavg_gt_lyytdavg,0.17789828804231433,0.16080766307492578,0.017090624967388557,-0.40999353168679176,0.5019880715705766,15.15,82.83157894736843
P_IC_qb1of3__ROE_qb2of3__C13_EPS_DYN_ytdavg_gt_lyytdavg__v0,P_IC_qb1of3__ROE_qb2of3,C13_EPS_DYN_ytdavg_gt_lyytdavg,0.1778828736075111,0.16008839291117583,0.01779448069633527,-0.42792747445363133,0.497907949790795,16.12,79.83508771929824
MOM_qb2of3__FCF_P_qb2of3__C9_EPS_DYN_riseq2__v0,MOM_qb2of3__FCF_P_qb2of3,C9_EPS_DYN_riseq2,0.17786964141374462,0.15611793939613228,0.02175170201761234,-0.5998020154291119,0.5232358003442341,15.93,89.51459854014598
PS_qb0of3__OCF_E_qb2of3__None__v0,PS_qb0of3__OCF_E_qb2of3,None,0.17777171665795666,0.17777171665795666,0.0,-0.5272899347170134,0.4924954108627578,16.52,161.5050505050505
PB_qb0of3__NETDEBT_EBITDA_qb2of3__None__v0,PB_qb0of3__NETDEBT_EBITDA_qb2of3,None,0.17776664450601265,0.17776664450601265,0.0,-0.6068875414515373,0.6254272043745728,16.47,209.9124579124579
PS_qb0of3__OCF_E_qb1of3__C9_EPS_DYN_riseq2__v0,PS_qb0of3__OCF_E_qb1of3,C9_EPS_DYN_riseq2,0.17775523858979358,0.16163055872724263,0.01612467986255095,-0.5141945367278609,0.5287762310409309,15.26,74.25547445255475
PS_qb0of3__None__C2_ROE_DYN_riseq2__v0,PS_qb0of3__None,C2_ROE_DYN_riseq2,0.17771468534956947,0.16620841805915898,0.011506267290410488,-0.5319740145164814,0.5197734780556866,15.36,253.76277372262774
PB_qb0of3__FCF_OI_qb1of3__C19_FCF_P_DYN_yoy__v0,PB_qb0of3__FCF_OI_qb1of3,C19_FCF_P_DYN_yoy,0.17768380119292337,0.19021651029963826,-0.01253270910671489,-0.6063481021450061,0.4947926529066465,16.77,83.756
P_IC_qb1of3__ROE_qb2of3__C5_ROE_DYN_yoy__v0,P_IC_qb1of3__ROE_qb2of3,C5_ROE_DYN_yoy,0.17757015645140428,0.16008839291117583,0.017481763540228457,-0.5245094893238315,0.5008684324793747,17.72,91.112
ROE_qb2of3__OCF_E_qb2of3__C18_FCF_P_DYN_qmax8__v0,ROE_qb2of3__OCF_E_qb2of3,C18_FCF_P_DYN_qmax8,0.17756145680169344,0.11121481636596298,0.06634664043573046,-0.6514467836251792,0.4723756906077348,22.05,27.931330472103003
PB_qb0of3__MOM_qb2of3__C19_FCF_P_DYN_yoy__v0,PB_qb0of3__MOM_qb2of3,C19_FCF_P_DYN_yoy,0.17749545163507774,0.17812025809063203,-0.0006248064555542943,-0.6685286594562371,0.5078961699037938,15.95,79.3
PS_qb0of3__DEBTRATIO_qb1of3__C14_EPS_DYN_ytdavg_gt_lyavg__v0,PS_qb0of3__DEBTRATIO_qb1of3,C14_EPS_DYN_ytdavg_gt_lyavg,0.17746637460088333,0.16188189278048704,0.01558448182039629,-0.5027317396961304,0.49983405243942913,14.72,77.04912280701754
P_IC_qb1of3__ROIC_qb2of3__C12_EPS_DYN_yoy__v0,P_IC_qb1of3__ROIC_qb2of3,C12_EPS_DYN_yoy,0.17745947717064858,0.16269582864452659,0.014763648526121997,-0.5084218494983542,0.5054159002656857,17.69,98.02
MOM_qb2of3__None__C10_EPS_DYN_qmax4__v0,MOM_qb2of3__None,C10_EPS_DYN_qmax4,0.1774282638354323,0.11806777849564609,0.05936048533978622,-0.6317294543491186,0.5033369941708203,15.54,173.62977099236642
MOM_qb2of3__OCF_E_qb1of3__C2_ROE_DYN_riseq2__v0,MOM_qb2of3__OCF_E_qb1of3,C2_ROE_DYN_riseq2,0.1774258372707891,0.1381613845942784,0.039264452676510686,-0.6479505088724427,0.5121625630376743,15.27,88.08759124087591
P_IC_qb0of3__FCF_P_qb1of3__None__v0,P_IC_qb0of3__FCF_P_qb1of3,None,0.17742558888731907,0.17742558888731907,0.0,-0.5601511924828407,0.49964739069111425,15.57,84.33670033670033
MOM_qb2of3__FCF_OI_qb2of3__C11_EPS_DYN_qmax8__v0,MOM_qb2of3__FCF_OI_qb2of3,C11_EPS_DYN_qmax8,0.17738797641098225,0.13952586865099859,0.037862107759983665,-0.6603041391063086,0.5163372327551432,18.55,35.38197424892704
EV_S_qb0of3__ROE_qb2of3__C8_EPS_DYN_riseq1__v0,EV_S_qb0of3__ROE_qb2of3,C8_EPS_DYN_riseq1,0.17725272310968987,0.16080766307492578,0.016445060034764092,-0.5086043726921263,0.505932762030323,15.48,94.12982456140351
P_IC_qb0of3__DEBTRATIO_qb0of3__C10_EPS_DYN_qmax4__v0,P_IC_qb0of3__DEBTRATIO_qb0of3,C10_EPS_DYN_qmax4,0.17717970622714985,0.20424156536402682,-0.027061859136876976,-0.5949674465587541,0.5234375,14.11,14.885496183206106
ROE_qb2of3__EV_EBITDA_qb0of3__C2_ROE_DYN_riseq2__v0,ROE_qb2of3__EV_EBITDA_qb0of3,C2_ROE_DYN_riseq2,0.1771406765279202,0.17599537128535347,0.0011453052425667298,-0.3918967998118573,0.5107724645296899,16.85,99.91970802919708
PS_qb0of3__None__C9_EPS_DYN_riseq2__v0,PS_qb0of3__None,C9_EPS_DYN_riseq2,0.17713743024483142,0.16620841805915898,0.010929012185672438,-0.5094413829260689,0.5164980618322775,15.43,257.0985401459854
P_IC_qb1of3__ROE_qb2of3__C7_ROE_DYN_ytdavg_gt_lyavg__v0,P_IC_qb1of3__ROE_qb2of3,C7_ROE_DYN_ytdavg_gt_lyavg,0.17713527460530987,0.16008839291117583,0.017046881694134042,-0.44774792656124185,0.4936430317848411,15.66,74.65263157894736
MOM_qb2of3__FCF_OI_qb2of3__C2_ROE_DYN_riseq2__v0,MOM_qb2of3__FCF_OI_qb2of3,C2_ROE_DYN_riseq2,0.17712875979194553,0.13952586865099859,0.03760289114094695,-0.6102343175362637,0.510090895085503,16.02,83.06934306569343
MOM_qb2of3__ROIC_qb2of3__C20_FCF_P_DYN_ytdavg_gt_lyytdavg__v0,MOM_qb2of3__ROIC_qb2of3,C20_FCF_P_DYN_ytdavg_gt_lyytdavg,0.1770908929926407,0.1626939247574768,0.014396968235163898,-0.6553532004344182,0.5053833605220228,15.22,85.5859649122807
PB_qb0of3__None__C1_ROE_DYN_riseq1__v0,PB_qb0of3__None,C1_ROE_DYN_riseq1,0.17706917274224465,0.1813653578473695,-0.004296185105124861,-0.5767977114040043,0.5153799299527942,15.33,243.8280701754386
EV_S_qb0of3__OCF_E_qb2of3__C8_EPS_DYN_riseq1__v0,EV_S_qb0of3__OCF_E_qb2of3,C8_EPS_DYN_riseq1,0.17706392270842652,0.15528067250881317,0.021783250199613358,-0.5304447912275057,0.5007898894154819,15.83,89.87017543859649
MOM_qb2of3__FCF_P_qb1of3__C4_ROE_DYN_qmax8__v0,MOM_qb2of3__FCF_P_qb1of3,C4_ROE_DYN_qmax8,0.1770417393968271,0.1303189927093793,0.0467227466874478,-0.7789341464492416,0.514018691588785,16.91,31.13733905579399
PB_qb1of3__MOM_qb2of3__C1_ROE_DYN_riseq1__v0,PB_qb1of3__MOM_qb2of3,C1_ROE_DYN_riseq1,0.17701269507880313,0.1423822447586076,0.034630450320195516,-0.711712081314722,0.5045058805559799,13.37,84.34736842105264
MOM_qb1of3__ROE_qb2of3__C4_ROE_DYN_qmax8__v0,MOM_qb1of3__ROE_qb2of3,C4_ROE_DYN_qmax8,0.17691782227442254,0.10710814018856007,0.06980968208586247,-0.6893524600250744,0.5399129172714079,20.19,28.793991416309012
PB_qb1of3__OCF_E_qb2of3__C5_ROE_DYN_yoy__v0,PB_qb1of3__OCF_E_qb2of3,C5_ROE_DYN_yoy,0.17691486441981308,0.1259024888946132,0.05101237552519988,-0.5316916186633016,0.5021459227467812,17.61,80.208
MOM_qb2of3__FCF_OI_qb1of3__C1_ROE_DYN_riseq1__v0,MOM_qb2of3__FCF_OI_qb1of3,C1_ROE_DYN_riseq1,0.17690309962071504,0.15028408428317808,0.026619015337536966,-0.6708291893889426,0.5094238018309101,14.08,91.70175438596492
P_IC_qb0of3__NETDEBT_EBITDA_qb2of3__None__v0,P_IC_qb0of3__NETDEBT_EBITDA_qb2of3,None,0.17686162789661508,0.17686162789661508,0.0,-0.5873705246435718,0.6295037389530931,15.87,275.5892255892256
P_IC_qb1of3__MOM_qb2of3__C10_EPS_DYN_qmax4__v0,P_IC_qb1of3__MOM_qb2of3,C10_EPS_DYN_qmax4,0.1768074887972908,0.14276752601796372,0.03403996277932708,-0.6110027037574516,0.5084829112367839,15.22,56.48854961832061
MOM_qb2of3__ACCRUAL_qb1of3__C12_EPS_DYN_yoy__v0,MOM_qb2of3__ACCRUAL_qb1of3,C12_EPS_DYN_yoy,0.17676638106323184,0.13592025080935466,0.04084613025387718,-0.6666405460313565,0.5034563906456831,16.72,95.384
P_IC_qb1of3__ROE_qb2of3__C10_EPS_DYN_qmax4__v0,P_IC_qb1of3__ROE_qb2of3,C10_EPS_DYN_qmax4,0.1767256178120511,0.16008839291117583,0.01663722490087527,-0.46402744064835366,0.5073206442166911,16.86,61.32442748091603
MOM_qb2of3__ROE_qb1of3__C5_ROE_DYN_yoy__v0,MOM_qb2of3__ROE_qb1of3,C5_ROE_DYN_yoy,0.17668055409069372,0.14308725897377994,0.03359329511691378,-0.6178401486696485,0.4941535332994408,15.91,85.672
EV_S_qb0of3__ROE_qb2of3__C2_ROE_DYN_riseq2__v0,EV_S_qb0of3__ROE_qb2of3,C2_ROE_DYN_riseq2,0.1766336781724085,0.16080766307492578,0.015826015097482715,-0.4847602239957819,0.5190654205607477,16.26,98.7956204379562
EV_S_qb0of3__ROIC_qb2of3__C9_EPS_DYN_riseq2__v0,EV_S_qb0of3__ROIC_qb2of3,C9_EPS_DYN_riseq2,0.17656108250578706,0.15759388570377553,0.018967196802011532,-0.48135835119322923,0.5050567595459237,16.32,88.32481751824818
PB_qb1of3__ROIC_qb2of3__C14_EPS_DYN_ytdavg_gt_lyavg__v0,PB_qb1of3__ROIC_qb2of3,C14_EPS_DYN_ytdavg_gt_lyavg,0.17647744814054378,0.1573162106871937,0.019161237453350077,-0.4691259490143581,0.5004595588235294,15.85,81.70526315789473
MOM_qb2of3__ROIC_qb2of3__C1_ROE_DYN_riseq1__v0,MOM_qb2of3__ROIC_qb2of3,C1_ROE_DYN_riseq1,0.1764445688973335,0.1626939247574768,0.013750644139856716,-0.6821135829428762,0.5067842605156038,15.16,116.03508771929825
EV_S_qb0of3__ROIC_qb2of3__C3_ROE_DYN_qmax4__v0,EV_S_qb0of3__ROIC_qb2of3,C3_ROE_DYN_qmax4,0.17636546026187894,0.15759388570377553,0.01877157455810341,-0.4409206766091406,0.5058823529411764,16.09,59.70229007633588
ROE_qb2of3__FCF_OI_qb2of3__C11_EPS_DYN_qmax8__v0,ROE_qb2of3__FCF_OI_qb2of3,C11_EPS_DYN_qmax8,0.17634977815381214,0.10829014177983431,0.06805963637397783,-0.5535430696955388,0.49743589743589745,20.04,43.03862660944206
MOM_qb2of3__OCF_E_qb2of3__C18_FCF_P_DYN_qmax8__v0,MOM_qb2of3__OCF_E_qb2of3,C18_FCF_P_DYN_qmax8,0.17629057245553237,0.16128648413460045,0.015004088320931919,-0.7045672917047678,0.47335423197492166,17.99,19.952789699570815
EV_S_qb1of3__MOM_qb2of3__C3_ROE_DYN_qmax4__v0,EV_S_qb1of3__MOM_qb2of3,C3_ROE_DYN_qmax4,0.1762594646507778,0.1365027028696275,0.039756761781150285,-0.6903207661965167,0.5028294260307195,15.02,50.717557251908396
MOM_qb2of3__DEBTRATIO_qb1of3__C10_EPS_DYN_qmax4__v0,MOM_qb2of3__DEBTRATIO_qb1of3,C10_EPS_DYN_qmax4,0.17613834573638631,0.14168975306734088,0.03444859266904543,-0.6066536615228268,0.5078940976439155,16.16,59.18320610687023
ROE_qb2of3__EV_EBITDA_qb0of3__C20_FCF_P_DYN_ytdavg_gt_lyytdavg__v0,ROE_qb2of3__EV_EBITDA_qb0of3,C20_FCF_P_DYN_ytdavg_gt_lyytdavg,0.17606326230004798,0.17599537128535347,6.789101469450998e-05,-0.5146909705992335,0.5146151783319924,15.59,63.45263157894737
PS_qb1of3__MOM_qb2of3__C2_ROE_DYN_riseq2__v0,PS_qb1of3__MOM_qb2of3,C2_ROE_DYN_riseq2,0.17602652435058386,0.13687445579871116,0.0391520685518727,-0.6661412358106,0.49000999000999,15.98,85.85401459854015
ROE_qb2of3__EV_EBITDA_qb0of3__None__v0,ROE_qb2of3__EV_EBITDA_qb0of3,None,0.17599537128535347,0.17599537128535347,0.0,-0.4562478212150397,0.49613869188337273,15.64,124.56902356902357
PB_qb0of3__EV_S_qb0of3__C16_FCF_P_DYN_riseq2__v0,PB_qb0of3__EV_S_qb0of3,C16_FCF_P_DYN_riseq2,0.17598480044919795,0.19275879846190347,-0.016773998012705515,-0.5470583959997009,0.5227233153404144,15.99,123.62043795620438
EV_S_qb0of3__NETDEBT_EBITDA_qb0of3__C1_ROE_DYN_riseq1__v0,EV_S_qb0of3__NETDEBT_EBITDA_qb0of3,C1_ROE_DYN_riseq1,0.17593145738900828,0.1547916746673339,0.021139782721674383,-0.586425754579992,0.5201883034582654,14.45,94.54736842105264
PS_qb0of3__EV_EBITDA_qb0of3__C16_FCF_P_DYN_riseq2__v0,PS_qb0of3__EV_EBITDA_qb0of3,C16_FCF_P_DYN_riseq2,0.17592577552340916,0.19253203521120743,-0.016606259687798275,-0.5330931406037073,0.5009293680297398,15.63,93.02919708029196
PB_qb0of3__PS_qb0of3__C16_FCF_P_DYN_riseq2__v0,PB_qb0of3__PS_qb0of3,C16_FCF_P_DYN_riseq2,0.17587040955237399,0.19683269190132835,-0.020962282348954364,-0.5732050968539222,0.5202330851408222,16.09,130.4087591240876
PS_qb1of3__MOM_qb2of3__C9_EPS_DYN_riseq2__v0,PS_qb1of3__MOM_qb2of3,C9_EPS_DYN_riseq2,0.17581156539448983,0.13687445579871116,0.038937109595778674,-0.674682911801772,0.49140168721609345,16.36,88.7992700729927
MOM_qb2of3__FCF_P_qb2of3__C2_ROE_DYN_riseq2__v0,MOM_qb2of3__FCF_P_qb2of3,C2_ROE_DYN_riseq2,0.1757900095229521,0.15611793939613228,0.01967207012681982,-0.6176534996716689,0.5222271451779649,15.55,87.43430656934306
ROE_qb2of3__FCF_OI_qb2of3__C4_ROE_DYN_qmax8__v0,ROE_qb2of3__FCF_OI_qb2of3,C4_ROE_DYN_qmax8,0.17572676342896965,0.10829014177983431,0.06743662164913533,-0.5359710343651378,0.4960202604920405,20.31,39.862660944206006
MOM_qb2of3__ROIC_qb1of3__C10_EPS_DYN_qmax4__v0,MOM_qb2of3__ROIC_qb1of3,C10_EPS_DYN_qmax4,0.17569559223057696,0.14880087180690538,0.02689472042367158,-0.6005932551365887,0.522007722007722,14.52,53.16793893129771
P_IC_qb0of3__NETDEBT_EBITDA_qb1of3__C2_ROE_DYN_riseq2__v0,P_IC_qb0of3__NETDEBT_EBITDA_qb1of3,C2_ROE_DYN_riseq2,0.1756936357169283,0.18511348712500109,-0.009419851408072777,-0.48667675306849445,0.5405587344328509,15.83,58.518248175182485
PS_qb0of3__ROIC_qb2of3__C14_EPS_DYN_ytdavg_gt_lyavg__v0,PS_qb0of3__ROIC_qb2of3,C14_EPS_DYN_ytdavg_gt_lyavg,0.17555783462907493,0.16300310603459844,0.012554728594476483,-0.37252779849295226,0.4837905236907731,15.47,66.9719298245614
PS_qb0of3__ACCRUAL_qb1of3__C7_ROE_DYN_ytdavg_gt_lyavg__v0,PS_qb0of3__ACCRUAL_qb1of3,C7_ROE_DYN_ytdavg_gt_lyavg,0.175548655208684,0.1621387652783881,0.013409889930295904,-0.5444939457492382,0.5037648773378673,14.8,64.33333333333333
PB_qb1of3__ROIC_qb2of3__C6_ROE_DYN_ytdavg_gt_lyytdavg__v0,PB_qb1of3__ROIC_qb2of3,C6_ROE_DYN_ytdavg_gt_lyytdavg,0.17554746516119746,0.1573162106871937,0.018231254474003755,-0.4711191917868326,0.5007197696737045,16.33,79.13333333333334
PS_qb0of3__NETDEBT_EBITDA_qb2of3__C1_ROE_DYN_riseq1__v0,PS_qb0of3__NETDEBT_EBITDA_qb2of3,C1_ROE_DYN_riseq1,0.1754891791116724,0.16474534749704373,0.010743831614628663,-0.5819016303497384,0.4873297434273044,14.37,116.58947368421053
PB_qb1of3__MOM_qb2of3__C2_ROE_DYN_riseq2__v0,PB_qb1of3__MOM_qb2of3,C2_ROE_DYN_riseq2,0.17548347001908082,0.1423822447586076,0.03310122526047321,-0.6646580035295102,0.5089722675367048,14.35,87.26642335766424
PS_qb0of3__ROIC_qb2of3__C7_ROE_DYN_ytdavg_gt_lyavg__v0,PS_qb0of3__ROIC_qb2of3,C7_ROE_DYN_ytdavg_gt_lyavg,0.17545150933603604,0.16300310603459844,0.012448403301437594,-0.36579702260093194,0.48554752640355753,15.25,63.83859649122807
ROE_qb2of3__EV_EBITDA_qb0of3__C19_FCF_P_DYN_yoy__v0,ROE_qb2of3__EV_EBITDA_qb0of3,C19_FCF_P_DYN_yoy,0.17535929698750796,0.17599537128535347,-0.0006360742978455125,-0.5284956202802885,0.5042260961436873,18.07,63.064
EV_S_qb0of3__NETDEBT_EBITDA_qb0of3__C8_EPS_DYN_riseq1__v0,EV_S_qb0of3__NETDEBT_EBITDA_qb0of3,C8_EPS_DYN_riseq1,0.17535646048844522,0.1547916746673339,0.02056478582111132,-0.583720849082895,0.5205554540471405,14.74,94.44561403508771
PS_qb0of3__NETDEBT_EBITDA_qb0of3__C9_EPS_DYN_riseq2__v0,PS_qb0of3__NETDEBT_EBITDA_qb0of3,C9_EPS_DYN_riseq2,0.1752681862883061,0.1627649501016779,0.012503236186628186,-0.5503485853387093,0.5328692962103635,15.5,51.36861313868613
PB_qb1of3__MOM_qb2of3__C9_EPS_DYN_riseq2__v0,PB_qb1of3__MOM_qb2of3,C9_EPS_DYN_riseq2,0.17520550744600416,0.1423822447586076,0.03282326268739655,-0.6756180818077534,0.5100530802637928,14.62,89.04014598540147
MOM_qb2of3__EV_EBITDA_qb1of3__C6_ROE_DYN_ytdavg_gt_lyytdavg__v0,MOM_qb2of3__EV_EBITDA_qb1of3,C6_ROE_DYN_ytdavg_gt_lyytdavg,0.17518091309360928,0.16230434248849268,0.0128765706051166,-0.6167369237510041,0.49592773582111654,15.09,90.66666666666667
MOM_qb2of3__NETDEBT_EBITDA_qb0of3__C14_EPS_DYN_ytdavg_gt_lyavg__v0,MOM_qb2of3__NETDEBT_EBITDA_qb0of3,C14_EPS_DYN_ytdavg_gt_lyavg,0.17511788050028443,0.14185947700151247,0.03325840349877196,-0.668714612145983,0.4830670926517572,14.11,68.20350877192982
ROE_qb2of3__NETDEBT_EBITDA_qb2of3__C12_EPS_DYN_yoy__v0,ROE_qb2of3__NETDEBT_EBITDA_qb2of3,C12_EPS_DYN_yoy,0.1751169383768898,0.12706706831299486,0.04804987006389494,-0.5360505136639832,0.48464163822525597,19.11,68.48
ROE_qb2of3__ROIC_qb1of3__C12_EPS_DYN_yoy__v0,ROE_qb2of3__ROIC_qb1of3,C12_EPS_DYN_yoy,0.17511537117709208,0.12040862931056018,0.054706741866531905,-0.5467595229375319,0.5066991473812423,18.0,43.372
ROE_qb2of3__ACCRUAL_qb0of3__C10_EPS_DYN_qmax4__v0,ROE_qb2of3__ACCRUAL_qb0of3,C10_EPS_DYN_qmax4,0.17502234701576413,0.1151828149211398,0.05983953209462434,-0.41229459928552925,0.4932918064206996,17.43,59.82442748091603
MOM_qb2of3__DEBTRATIO_qb0of3__C2_ROE_DYN_riseq2__v0,MOM_qb2of3__DEBTRATIO_qb0of3,C2_ROE_DYN_riseq2,0.17496008023326137,0.1358581434377284,0.03910193679553298,-0.6443885067220251,0.5008121277747699,15.36,81.54014598540147
PS_qb1of3__ROE_qb2of3__C3_ROE_DYN_qmax4__v0,PS_qb1of3__ROE_qb2of3,C3_ROE_DYN_qmax4,0.17493809417794148,0.12478241714928062,0.05015567702866086,-0.5382354624769579,0.508938936614813,17.57,65.06488549618321
PS_qb0of3__MOM_qb2of3__C15_FCF_P_DYN_riseq1__v0,PS_qb0of3__MOM_qb2of3,C15_FCF_P_DYN_riseq1,0.17492167133128178,0.18562674496910136,-0.010705073637819584,-0.6461129882988675,0.48869131180783026,14.19,75.74385964912281
P_IC_qb1of3__FCF_OI_qb1of3__C4_ROE_DYN_qmax8__v0,P_IC_qb1of3__FCF_OI_qb1of3,C4_ROE_DYN_qmax8,0.17490148748236467,0.11805734728393036,0.05684414019843431,-0.6667755244647533,0.5302245250431779,15.08,26.317596566523605
P_IC_qb0of3__NETDEBT_EBITDA_qb1of3__C18_FCF_P_DYN_qmax8__v0,P_IC_qb0of3__NETDEBT_EBITDA_qb1of3,C18_FCF_P_DYN_qmax8,0.17489394426626803,0.18511348712500109,-0.010219542858733055,-0.5594381018106203,0.4799131378935939,17.12,13.098712446351932
P_IC_qb1of3__FCF_P_qb1of3__C18_FCF_P_DYN_qmax8__v0,P_IC_qb1of3__FCF_P_qb1of3,C18_FCF_P_DYN_qmax8,0.17485296035903808,0.1123350134573704,0.06251794690166768,-0.8857801166570846,0.43064729194187584,20.46,11.135416666666666
MOM_qb2of3__DEBTRATIO_qb1of3__C12_EPS_DYN_yoy__v0,MOM_qb2of3__DEBTRATIO_qb1of3,C12_EPS_DYN_yoy,0.17476350185367395,0.14168975306734088,0.03307374878633307,-0.6255650982681641,0.48629667694415896,17.75,96.656
MOM_qb2of3__FCF_P_qb0of3__C10_EPS_DYN_qmax4__v0,MOM_qb2of3__FCF_P_qb0of3,C10_EPS_DYN_qmax4,0.17475494360131516,0.12480208289160699,0.04995286070970817,-0.6627039374862633,0.4928240740740741,16.14,57.24045801526717
EV_S_qb0of3__ROIC_qb2of3__C7_ROE_DYN_ytdavg_gt_lyavg__v0,EV_S_qb0of3__ROIC_qb2of3,C7_ROE_DYN_ytdavg_gt_lyavg,0.17462588984813388,0.15759388570377553,0.017032004144358348,-0.4263864891009306,0.4856848078411143,15.28,72.05964912280702
MOM_qb2of3__FCF_P_qb2of3__C8_EPS_DYN_riseq1__v0,MOM_qb2of3__FCF_P_qb2of3,C8_EPS_DYN_riseq1,0.1745990262775996,0.15611793939613228,0.018481086881467323,-0.6538022329914635,0.5198006465517241,14.46,89.05263157894737
PS_qb1of3__FCF_OI_qb2of3__C4_ROE_DYN_qmax8__v0,PS_qb1of3__FCF_OI_qb2of3,C4_ROE_DYN_qmax8,0.17459385194019772,0.10831075228758014,0.06628309965261758,-0.598613329299143,0.5065963060686016,21.15,22.042918454935624
P_IC_qb1of3__ROIC_qb2of3__C7_ROE_DYN_ytdavg_gt_lyavg__v0,P_IC_qb1of3__ROIC_qb2of3,C7_ROE_DYN_ytdavg_gt_lyavg,0.1745600967700489,0.16269582864452659,0.011864268125522326,-0.4452397681524135,0.49133749133749133,15.62,78.09122807017543
PS_qb0of3__ROIC_qb2of3__C2_ROE_DYN_riseq2__v0,PS_qb0of3__ROIC_qb2of3,C2_ROE_DYN_riseq2,0.17455081207858125,0.16300310603459844,0.011547706043982808,-0.4607224651751174,0.5042372881355932,15.82,77.04014598540147
PS_qb0of3__ROIC_qb1of3__C2_ROE_DYN_riseq2__v0,PS_qb0of3__ROIC_qb1of3,C2_ROE_DYN_riseq2,0.17444492721596694,0.16131933517355046,0.013125592042416478,-0.5430246931922372,0.5214274334873347,15.1,117.46350364963503
MOM_qb2of3__EV_EBITDA_qb1of3__C8_EPS_DYN_riseq1__v0,MOM_qb2of3__EV_EBITDA_qb1of3,C8_EPS_DYN_riseq1,0.17438032941088832,0.16230434248849268,0.012075986922395643,-0.6562527886546965,0.507759958613554,14.93,98.6140350877193
EV_S_qb0of3__DEBTRATIO_qb0of3__None__v0,EV_S_qb0of3__DEBTRATIO_qb0of3,None,0.17427513647925252,0.17427513647925252,0.0,-0.5421900181098576,0.5813953488372093,15.81,109.8013468013468
ROE_qb2of3__ACCRUAL_qb0of3__C5_ROE_DYN_yoy__v0,ROE_qb2of3__ACCRUAL_qb0of3,C5_ROE_DYN_yoy,0.1742700779607489,0.1151828149211398,0.059087263039609095,-0.3785581714394167,0.4918741355463347,19.8,91.312
PB_qb0of3__OCF_E_qb2of3__C16_FCF_P_DYN_riseq2__v0,PB_qb0of3__OCF_E_qb2of3,C16_FCF_P_DYN_riseq2,0.17426680677622253,0.1959933102234963,-0.02172650344727378,-0.5879402503830347,0.5113551285250811,18.2,57.98905109489051
PS_qb0of3__ROIC_qb2of3__C10_EPS_DYN_qmax4__v0,PS_qb0of3__ROIC_qb2of3,C10_EPS_DYN_qmax4,0.17425369615541375,0.16300310603459844,0.011250590120815307,-0.44592797553677566,0.49830242883259335,15.33,56.93893129770992
PS_qb1of3__NETDEBT_EBITDA_qb0of3__C5_ROE_DYN_yoy__v0,PS_qb1of3__NETDEBT_EBITDA_qb0of3,C5_ROE_DYN_yoy,0.1742347212452906,0.1188095866868164,0.0554251345584742,-0.6433337417005972,0.5051640340218712,15.76,69.124
PS_qb0of3__ROE_qb2of3__C2_ROE_DYN_riseq2__v0,PS_qb0of3__ROE_qb2of3,C2_ROE_DYN_riseq2,0.17420564632138946,0.16777979365724227,0.006425852664147191,-0.4435279101491527,0.5104895104895105,15.91,96.17518248175182
PB_qb0of3__NETDEBT_EBITDA_qb0of3__C19_FCF_P_DYN_yoy__v0,PB_qb0of3__NETDEBT_EBITDA_qb0of3,C19_FCF_P_DYN_yoy,0.17419576594533903,0.1865829469130269,-0.012387180967687872,-0.577203175087567,0.526284348864994,17.95,71.876
P_IC_qb1of3__NETDEBT_EBITDA_qb0of3__C12_EPS_DYN_yoy__v0,P_IC_qb1of3__NETDEBT_EBITDA_qb0of3,C12_EPS_DYN_yoy,0.17418010025363495,0.14197552309035966,0.032204577163275294,-0.5930158049958724,0.5071022727272727,16.96,75.488
PS_qb0of3__ROE_qb2of3__C10_EPS_DYN_qmax4__v0,PS_qb0of3__ROE_qb2of3,C10_EPS_DYN_qmax4,0.17414787571082924,0.16777979365724227,0.006368082053586965,-0.4302811813919488,0.5003337041156841,15.71,69.38167938931298
PB_qb1of3__ROIC_qb2of3__C1_ROE_DYN_riseq1__v0,PB_qb1of3__ROIC_qb2of3,C1_ROE_DYN_riseq1,0.17414162423818214,0.1573162106871937,0.016825413550988433,-0.519898020814465,0.5126470114386983,16.9,89.87017543859649
PB_qb1of3__ROIC_qb2of3__C12_EPS_DYN_yoy__v0,PB_qb1of3__ROIC_qb2of3,C12_EPS_DYN_yoy,0.17414064581148603,0.1573162106871937,0.016824435124292325,-0.5092487264109131,0.5064988652774912,17.85,96.464
PS_qb0of3__NETDEBT_EBITDA_qb0of3__C1_ROE_DYN_riseq1__v0,PS_qb0of3__NETDEBT_EBITDA_qb0of3,C1_ROE_DYN_riseq1,0.17413000063776818,0.1627649501016779,0.011365050536090271,-0.5850937807248036,0.5120521172638437,14.85,50.43859649122807
MOM_qb2of3__DEBTRATIO_qb2of3__C1_ROE_DYN_riseq1__v0,MOM_qb2of3__DEBTRATIO_qb2of3,C1_ROE_DYN_riseq1,0.17406157382853804,0.14200737818456344,0.0320541956439746,-0.6878376560434055,0.4893812070282659,14.45,88.91228070175438
MOM_qb2of3__EV_EBITDA_qb1of3__C12_EPS_DYN_yoy__v0,MOM_qb2of3__EV_EBITDA_qb1of3,C12_EPS_DYN_yoy,0.17401804376001717,0.16230434248849268,0.01171370127152449,-0.6541301322520563,0.4966470507732311,16.9,111.444
MOM_qb2of3__EV_EBITDA_qb0of3__C19_FCF_P_DYN_yoy__v0,MOM_qb2of3__EV_EBITDA_qb0of3,C19_FCF_P_DYN_yoy,0.1739921488866818,0.18152517875580787,-0.007533029869126073,-0.6418754627276859,0.49704758596734977,15.8,82.152
PS_qb0of3__ACCRUAL_qb1of3__C6_ROE_DYN_ytdavg_gt_lyytdavg__v0,PS_qb0of3__ACCRUAL_qb1of3,C6_ROE_DYN_ytdavg_gt_lyytdavg,0.17399158642937151,0.1621387652783881,0.011852821150983406,-0.5561756278857521,0.5030487804878049,14.84,66.9859649122807
MOM_qb2of3__NETDEBT_EBITDA_qb0of3__C7_ROE_DYN_ytdavg_gt_lyavg__v0,MOM_qb2of3__NETDEBT_EBITDA_qb0of3,C7_ROE_DYN_ytdavg_gt_lyavg,0.17397944601866766,0.14185947700151247,0.03211996901715519,-0.6476406049413812,0.4847651775486827,14.37,62.824561403508774
MOM_qb2of3__NETDEBT_EBITDA_qb1of3__C4_ROE_DYN_qmax8__v0,MOM_qb2of3__NETDEBT_EBITDA_qb1of3,C4_ROE_DYN_qmax8,0.17391625916971742,0.1473077734732009,0.026608485696516526,-0.6755010909493155,0.5121862495452892,18.41,43.0343347639485
P_IC_qb0of3__NETDEBT_EBITDA_qb1of3__C1_ROE_DYN_riseq1__v0,P_IC_qb0of3__NETDEBT_EBITDA_qb1of3,C1_ROE_DYN_riseq1,0.1738863332705296,0.18511348712500109,-0.011227153854471483,-0.5050007325891674,0.5164649591894174,15.36,56.51929824561404
EV_S_qb0of3__EV_EBITDA_qb0of3__C16_FCF_P_DYN_riseq2__v0,EV_S_qb0of3__EV_EBITDA_qb0of3,C16_FCF_P_DYN_riseq2,0.17381452463632807,0.17847911845269882,-0.0046645938163707434,-0.537271813287625,0.5127032520325203,16.02,113.05839416058394
MOM_qb2of3__DEBTRATIO_qb0of3__C11_EPS_DYN_qmax8__v0,MOM_qb2of3__DEBTRATIO_qb0of3,C11_EPS_DYN_qmax8,0.17379348276037798,0.1358581434377284,0.037935339322649586,-0.6371475436107007,0.5009115770282588,18.26,34.60085836909871
MOM_qb2of3__NETDEBT_EBITDA_qb1of3__C7_ROE_DYN_ytdavg_gt_lyavg__v0,MOM_qb2of3__NETDEBT_EBITDA_qb1of3,C7_ROE_DYN_ytdavg_gt_lyavg,0.17375225686073303,0.1473077734732009,0.026444483387532136,-0.5539361131399445,0.49014985687826235,15.82,88.83508771929824
MOM_qb2of3__None__C7_ROE_DYN_ytdavg_gt_lyavg__v0,MOM_qb2of3__None,C7_ROE_DYN_ytdavg_gt_lyavg,0.17372597783600807,0.11806777849564609,0.05565819934036198,-0.6327661523680754,0.47330397688179443,14.65,227.9298245614035
P_IC_qb0of3__MOM_qb2of3__C19_FCF_P_DYN_yoy__v0,P_IC_qb0of3__MOM_qb2of3,C19_FCF_P_DYN_yoy,0.17370093887976035,0.18204168375202867,-0.008340744872268324,-0.6659364777899417,0.5011037527593819,15.65,78.932
PB_qb0of3__EV_S_qb0of3__C20_FCF_P_DYN_ytdavg_gt_lyytdavg__v0,PB_qb0of3__EV_S_qb0of3,C20_FCF_P_DYN_ytdavg_gt_lyytdavg,0.1736267829145013,0.19275879846190347,-0.01913201554740218,-0.5869441738373459,0.5490521327014218,15.66,124.32631578947368
P_IC_qb1of3__FCF_P_qb1of3__C10_EPS_DYN_qmax4__v0,P_IC_qb1of3__FCF_P_qb1of3,C10_EPS_DYN_qmax4,0.17358672023307964,0.1123350134573704,0.061251706775709236,-0.6172298114780389,0.5179948586118251,14.89,43.152671755725194
MOM_qb2of3__NETDEBT_EBITDA_qb1of3__C9_EPS_DYN_riseq2__v0,MOM_qb2of3__NETDEBT_EBITDA_qb1of3,C9_EPS_DYN_riseq2,0.17358485906842325,0.1473077734732009,0.02627708559522235,-0.5969117606743852,0.5015406162464986,16.95,107.21167883211679
PB_qb0of3__ROE_qb1of3__C20_FCF_P_DYN_ytdavg_gt_lyytdavg__v0,PB_qb0of3__ROE_qb1of3,C20_FCF_P_DYN_ytdavg_gt_lyytdavg,0.1735694107009509,0.1827049174072004,-0.009135506706249519,-0.5450537834995537,0.5412059253077405,16.52,95.3157894736842
PB_qb1of3__ROE_qb2of3__None__v0,PB_qb1of3__ROE_qb2of3,None,0.1735666691404827,0.1735666691404827,0.0,-0.5137553728706667,0.5156523120928015,16.17,128.74074074074073
P_IC_qb0of3__FCF_OI_qb1of3__C19_FCF_P_DYN_yoy__v0,P_IC_qb0of3__FCF_OI_qb1of3,C19_FCF_P_DYN_yoy,0.17353474878230535,0.18557700877894123,-0.012042259996635885,-0.5884538222895533,0.48625792811839325,16.45,82.74
EV_S_qb0of3__ROE_qb2of3__C19_FCF_P_DYN_yoy__v0,EV_S_qb0of3__ROE_qb2of3,C19_FCF_P_DYN_yoy,0.17351340048457464,0.16080766307492578,0.012705737409648865,-0.5455900163063749,0.5223730517848165,17.53,68.784
MOM_qb2of3__EV_EBITDA_qb0of3__C15_FCF_P_DYN_riseq1__v0,MOM_qb2of3__EV_EBITDA_qb0of3,C15_FCF_P_DYN_riseq1,0.17349193296014698,0.18152517875580787,-0.008033245795660893,-0.6425851264808466,0.48014605203103605,15.41,78.16140350877193
MOM_qb2of3__FCF_OI_qb2of3__C6_ROE_DYN_ytdavg_gt_lyytdavg__v0,MOM_qb2of3__FCF_OI_qb2of3,C6_ROE_DYN_ytdavg_gt_lyytdavg,0.17347582472816958,0.13952586865099859,0.033949956077170995,-0.593463532572588,0.5047262059973925,15.17,75.15438596491228
P_IC_qb0of3__EV_EBITDA_qb0of3__C19_FCF_P_DYN_yoy__v0,P_IC_qb0of3__EV_EBITDA_qb0of3,C19_FCF_P_DYN_yoy,0.17334876043959113,0.19372967359465032,-0.020380913155059188,-0.5705547787896892,0.5018905472636815,15.99,95.996
P_IC_qb1of3__None__C4_ROE_DYN_qmax8__v0,P_IC_qb1of3__None,C4_ROE_DYN_qmax8,0.17332855121391177,0.10927398071020056,0.06405457050371122,-0.5739288400241025,0.5123013839056894,17.67,65.3175965665236
P_IC_qb1of3__OCF_E_qb1of3__C3_ROE_DYN_qmax4__v0,P_IC_qb1of3__OCF_E_qb1of3,C3_ROE_DYN_qmax4,0.17329303644641847,0.10872133611728962,0.06457170032912884,-0.48777953619973324,0.5226921889472059,15.7,46.3587786259542
P_IC_qb1of3__MOM_qb2of3__C5_ROE_DYN_yoy__v0,P_IC_qb1of3__MOM_qb2of3,C5_ROE_DYN_yoy,0.17323013761489747,0.14276752601796372,0.030462611596933753,-0.6955194738168424,0.48749778329491045,16.65,89.372
EV_S_qb0of3__ROIC_qb2of3__C13_EPS_DYN_ytdavg_gt_lyytdavg__v0,EV_S_qb0of3__ROIC_qb2of3,C13_EPS_DYN_ytdavg_gt_lyytdavg,0.173135604782513,0.15759388570377553,0.01554171907873747,-0.4394806476714279,0.48376023237391075,15.46,76.05263157894737
P_IC_qb0of3__FCF_P_qb1of3__C8_EPS_DYN_riseq1__v0,P_IC_qb0of3__FCF_P_qb1of3,C8_EPS_DYN_riseq1,0.17303397728359893,0.17742558888731907,-0.004391611603720147,-0.5848731643389452,0.5060344827586207,15.6,46.19298245614035
MOM_qb2of3__FCF_OI_qb1of3__C8_EPS_DYN_riseq1__v0,MOM_qb2of3__FCF_OI_qb1of3,C8_EPS_DYN_riseq1,0.17303023984310095,0.15028408428317808,0.022746155559922876,-0.6538324376265248,0.5087209302325582,14.52,94.59649122807018
EV_S_qb0of3__ROE_qb2of3__C9_EPS_DYN_riseq2__v0,EV_S_qb0of3__ROE_qb2of3,C9_EPS_DYN_riseq2,0.17302479462009335,0.16080766307492578,0.01221713154516757,-0.4693797431222759,0.5107995452823039,16.83,99.83211678832117
PB_qb0of3__DEBTRATIO_qb2of3__C20_FCF_P_DYN_ytdavg_gt_lyytdavg__v0,PB_qb0of3__DEBTRATIO_qb2of3,C20_FCF_P_DYN_ytdavg_gt_lyytdavg,0.1729597450059719,0.18803320787283906,-0.015073462866867171,-0.6214604623952156,0.5420827389443652,16.03,87.3157894736842
MOM_qb2of3__DEBTRATIO_qb0of3__C12_EPS_DYN_yoy__v0,MOM_qb2of3__DEBTRATIO_qb0of3,C12_EPS_DYN_yoy,0.1729423470587903,0.1358581434377284,0.037084203621061906,-0.683006508004274,0.4885920979410128,17.16,88.088
P_IC_qb1of3__MOM_qb2of3__C11_EPS_DYN_qmax8__v0,P_IC_qb1of3__MOM_qb2of3,C11_EPS_DYN_qmax8,0.17290953703728684,0.14276752601796372,0.030142011019323123,-0.5643014540749571,0.5072046109510087,17.45,37.36051502145923
PS_qb0of3__DEBTRATIO_qb1of3__C6_ROE_DYN_ytdavg_gt_lyytdavg__v0,PS_qb0of3__DEBTRATIO_qb1of3,C6_ROE_DYN_ytdavg_gt_lyytdavg,0.17290024122076342,0.16188189278048704,0.011018348440276382,-0.4948358493687329,0.49175916582576523,14.99,76.72280701754386
P_IC_qb1of3__DEBTRATIO_qb1of3__C11_EPS_DYN_qmax8__v0,P_IC_qb1of3__DEBTRATIO_qb1of3,C11_EPS_DYN_qmax8,0.1728971883692343,0.10564924828883626,0.06724794008039803,-0.6019687870705683,0.5063152114222954,18.81,29.841201716738198
MOM_qb2of3__NETDEBT_EBITDA_qb1of3__C12_EPS_DYN_yoy__v0,MOM_qb2of3__NETDEBT_EBITDA_qb1of3,C12_EPS_DYN_yoy,0.17280280550267713,0.1473077734732009,0.025495032029476228,-0.5916781794830231,0.49390691528409925,18.53,116.22
P_IC_qb0of3__DEBTRATIO_qb0of3__C2_ROE_DYN_riseq2__v0,P_IC_qb0of3__DEBTRATIO_qb0of3,C2_ROE_DYN_riseq2,0.17279455146086908,0.20424156536402682,-0.03144701390315774,-0.6098198593332196,0.5245775729646698,14.45,26.759124087591243
PB_qb1of3__OCF_E_qb2of3__C2_ROE_DYN_riseq2__v0,PB_qb1of3__OCF_E_qb2of3,C2_ROE_DYN_riseq2,0.1727602615835997,0.1259024888946132,0.0468577726889865,-0.5575135566467039,0.5167012643895075,16.23,80.78467153284672
P_IC_qb1of3__FCF_OI_qb1of3__C10_EPS_DYN_qmax4__v0,P_IC_qb1of3__FCF_OI_qb1of3,C10_EPS_DYN_qmax4,0.17274445584124054,0.11805734728393036,0.05468710855731018,-0.5981957781718841,0.5117252931323283,14.8,50.8206106870229
MOM_qb2of3__EV_EBITDA_qb1of3__C1_ROE_DYN_riseq1__v0,MOM_qb2of3__EV_EBITDA_qb1of3,C1_ROE_DYN_riseq1,0.17271898387163853,0.16230434248849268,0.01041464138314585,-0.6581145831122919,0.5084050297816016,14.71,94.94736842105263
MOM_qb2of3__OCF_E_qb1of3__C11_EPS_DYN_qmax8__v0,MOM_qb2of3__OCF_E_qb1of3,C11_EPS_DYN_qmax8,0.17266999130181282,0.1381613845942784,0.03450860670753442,-0.5914560594937508,0.5205086136177195,15.61,35.30042918454936
P_IC_qb1of3__OCF_E_qb2of3__C11_EPS_DYN_qmax8__v0,P_IC_qb1of3__OCF_E_qb2of3,C11_EPS_DYN_qmax8,0.17265168265153652,0.11536649529775045,0.05728518735378607,-0.6531213081249158,0.5136948015651202,18.29,27.746781115879827
P_IC_qb0of3__EV_S_qb0of3__C16_FCF_P_DYN_riseq2__v0,P_IC_qb0of3__EV_S_qb0of3,C16_FCF_P_DYN_riseq2,0.17263163909364887,0.18640346143351416,-0.013771822339865292,-0.5488438168893456,0.5149623646043694,15.67,121.68978102189782
PB_qb1of3__OCF_E_qb2of3__C14_EPS_DYN_ytdavg_gt_lyavg__v0,PB_qb1of3__OCF_E_qb2of3,C14_EPS_DYN_ytdavg_gt_lyavg,0.1726191738461642,0.1259024888946132,0.04671668495155101,-0.5140336416275019,0.5014950875694147,16.03,73.59298245614035
EV_S_qb0of3__OCF_E_qb2of3__C1_ROE_DYN_riseq1__v0,EV_S_qb0of3__OCF_E_qb2of3,C1_ROE_DYN_riseq1,0.17256869701218713,0.15528067250881317,0.017288024503373967,-0.5251847018519789,0.4992063492063492,16.16,88.17543859649123
PS_qb0of3__NETDEBT_EBITDA_qb0of3__C2_ROE_DYN_riseq2__v0,PS_qb0of3__NETDEBT_EBITDA_qb0of3,C2_ROE_DYN_riseq2,0.1725211163880742,0.1627649501016779,0.009756166286396306,-0.5786665328835063,0.5310318076027929,15.67,51.503649635036496
PS_qb0of3__NETDEBT_EBITDA_qb0of3__C8_EPS_DYN_riseq1__v0,PS_qb0of3__NETDEBT_EBITDA_qb0of3,C8_EPS_DYN_riseq1,0.17250275640396073,0.1627649501016779,0.009737806302282825,-0.5791067073766203,0.5094647519582245,15.15,50.810526315789474
MOM_qb2of3__FCF_OI_qb2of3__C10_EPS_DYN_qmax4__v0,MOM_qb2of3__FCF_OI_qb2of3,C10_EPS_DYN_qmax4,0.17248973541667767,0.13952586865099859,0.032963866765679084,-0.6205131263052304,0.5204898728214791,16.48,54.721374045801525
PB_qb0of3__FCF_P_qb1of3__C16_FCF_P_DYN_riseq2__v0,PB_qb0of3__FCF_P_qb1of3,C16_FCF_P_DYN_riseq2,0.17246046079720978,0.18135868898675023,-0.008898228189540447,-0.6018474075654776,0.49483236702798084,16.01,54.448905109489054
ROE_qb2of3__EV_EBITDA_qb0of3__C1_ROE_DYN_riseq1__v0,ROE_qb2of3__EV_EBITDA_qb0of3,C1_ROE_DYN_riseq1,0.17244753006191127,0.17599537128535347,-0.003547841223442205,-0.4526918352065199,0.4957118353344768,16.61,94.44561403508771
PS_qb0of3__ACCRUAL_qb0of3__C8_EPS_DYN_riseq1__v0,PS_qb0of3__ACCRUAL_qb0of3,C8_EPS_DYN_riseq1,0.17243273416198446,0.16627029120688008,0.006162442955104375,-0.5387247006354225,0.497494153023722,15.09,84.43508771929825
P_IC_qb0of3__MOM_qb2of3__C18_FCF_P_DYN_qmax8__v0,P_IC_qb0of3__MOM_qb2of3,C18_FCF_P_DYN_qmax8,0.17242977166562312,0.18204168375202867,-0.00961191208640555,-0.6839728435568273,0.49627118644067797,16.48,19.107296137339056
MOM_qb2of3__FCF_P_qb0of3__C9_EPS_DYN_riseq2__v0,MOM_qb2of3__FCF_P_qb0of3,C9_EPS_DYN_riseq2,0.1723558319716867,0.12480208289160699,0.0475537490800797,-0.6628683380661863,0.48137283660897623,16.64,88.41970802919708
MOM_qb2of3__DEBTRATIO_qb0of3__C9_EPS_DYN_riseq2__v0,MOM_qb2of3__DEBTRATIO_qb0of3,C9_EPS_DYN_riseq2,0.1722680250500963,0.1358581434377284,0.03640988161236791,-0.6367550175998311,0.5045359385903698,15.52,84.08029197080292
PS_qb0of3__DEBTRATIO_qb2of3__C1_ROE_DYN_riseq1__v0,PS_qb0of3__DEBTRATIO_qb2of3,C1_ROE_DYN_riseq1,0.17224977811102393,0.16533570385241192,0.006914074258612013,-0.5628601873582637,0.49133186571271326,14.34,133.98245614035088
MOM_qb2of3__FCF_P_qb0of3__C2_ROE_DYN_riseq2__v0,MOM_qb2of3__FCF_P_qb0of3,C2_ROE_DYN_riseq2,0.17214664007198244,0.12480208289160699,0.047344557180375446,-0.6825229099046325,0.4865030674846626,16.52,84.41970802919708
PB_qb0of3__ROE_qb2of3__C10_EPS_DYN_qmax4__v0,PB_qb0of3__ROE_qb2of3,C10_EPS_DYN_qmax4,0.17203613596668643,0.20625735013604096,-0.03422121416935453,-0.6398606264977464,0.5233686067019401,16.45,31.545801526717558
PS_qb0of3__ACCRUAL_qb1of3__C18_FCF_P_DYN_qmax8__v0,PS_qb0of3__ACCRUAL_qb1of3,C18_FCF_P_DYN_qmax8,0.1720338589637731,0.1621387652783881,0.009895093685384992,-0.5808241052190294,0.472992700729927,13.93,17.84978540772532
MOM_qb2of3__OCF_E_qb1of3__C9_EPS_DYN_riseq2__v0,MOM_qb2of3__OCF_E_qb1of3,C9_EPS_DYN_riseq2,0.17202979080026704,0.1381613845942784,0.03386840620598863,-0.6435620705378673,0.5145701096364685,15.68,90.33211678832117
PB_qb1of3__OCF_E_qb2of3__C9_EPS_DYN_riseq2__v0,PB_qb1of3__OCF_E_qb2of3,C9_EPS_DYN_riseq2,0.17191703726979246,0.1259024888946132,0.046014548375179265,-0.5727524124096901,0.5166635285257014,16.32,81.06934306569343
PS_qb1of3__DEBTRATIO_qb0of3__C5_ROE_DYN_yoy__v0,PS_qb1of3__DEBTRATIO_qb0of3,C5_ROE_DYN_yoy,0.17188045296519605,0.12730497339873037,0.04457547956646568,-0.6179361823578624,0.5128060793695468,16.88,80.184
PB_qb0of3__ROIC_qb1of3__C16_FCF_P_DYN_riseq2__v0,PB_qb0of3__ROIC_qb1of3,C16_FCF_P_DYN_riseq2,0.17186113017226523,0.18256711047310548,-0.010705980300840245,-0.5399485825476626,0.52629751779205,17.49,96.66788321167883
EV_S_qb1of3__DEBTRATIO_qb1of3__C3_ROE_DYN_qmax4__v0,EV_S_qb1of3__DEBTRATIO_qb1of3,C3_ROE_DYN_qmax4,0.17183427172750854,0.11604034731042145,0.05579392441708708,-0.5753346118619382,0.50033760972316,16.17,47.01145038167939
PB_qb0of3__PS_qb0of3__C20_FCF_P_DYN_ytdavg_gt_lyytdavg__v0,PB_qb0of3__PS_qb0of3,C20_FCF_P_DYN_ytdavg_gt_lyytdavg,0.1717424546921098,0.19683269190132835,-0.025090237209218547,-0.6081200029017142,0.539514348785872,15.57,129.95087719298246
P_IC_qb1of3__ROE_qb2of3__C6_ROE_DYN_ytdavg_gt_lyytdavg__v0,P_IC_qb1of3__ROE_qb2of3,C6_ROE_DYN_ytdavg_gt_lyytdavg,0.1717411823421109,0.16008839291117583,0.011652789430935062,-0.45851045653066846,0.49287321830457614,16.05,75.93333333333334
PB_qb0of3__ROE_qb1of3__C16_FCF_P_DYN_riseq2__v0,PB_qb0of3__ROE_qb1of3,C16_FCF_P_DYN_riseq2,0.17156235730944758,0.1827049174072004,-0.01114256009775283,-0.5360636618038402,0.5231234436143721,17.44,95.46350364963503
MOM_qb2of3__FCF_P_qb1of3__C7_ROE_DYN_ytdavg_gt_lyavg__v0,MOM_qb2of3__FCF_P_qb1of3,C7_ROE_DYN_ytdavg_gt_lyavg,0.1714467406509168,0.1303189927093793,0.04112774794153751,-0.6322014727269709,0.4887899769205407,14.83,76.82105263157895
PS_qb0of3__EV_EBITDA_qb0of3__C20_FCF_P_DYN_ytdavg_gt_lyytdavg__v0,PS_qb0of3__EV_EBITDA_qb0of3,C20_FCF_P_DYN_ytdavg_gt_lyytdavg,0.17138510125314532,0.19253203521120743,-0.02114693395806211,-0.5226017546376437,0.5025136612021858,15.02,91.50877192982456
MOM_qb2of3__EV_EBITDA_qb1of3__C14_EPS_DYN_ytdavg_gt_lyavg__v0,MOM_qb2of3__EV_EBITDA_qb1of3,C14_EPS_DYN_ytdavg_gt_lyavg,0.17132710083426095,0.16230434248849268,0.009022758345768267,-0.6392962826467004,0.49735525375268047,15.08,95.17543859649123
MOM_qb2of3__FCF_P_qb1of3__C12_EPS_DYN_yoy__v0,MOM_qb2of3__FCF_P_qb1of3,C12_EPS_DYN_yoy,0.17127887077668524,0.1303189927093793,0.040959878067305944,-0.6592338193936046,0.49333732594699803,17.69,95.632
MOM_qb2of3__NETDEBT_EBITDA_qb0of3__C1_ROE_DYN_riseq1__v0,MOM_qb2of3__NETDEBT_EBITDA_qb0of3,C1_ROE_DYN_riseq1,0.17125000219043685,0.14185947700151247,0.029390525188924377,-0.6934648825454657,0.4926872246696035,14.21,74.0140350877193
PS_qb0of3__ROE_qb2of3__C3_ROE_DYN_qmax4__v0,PS_qb0of3__ROE_qb2of3,C3_ROE_DYN_qmax4,0.17120047977515007,0.16777979365724227,0.0034206861179078007,-0.4221161674493381,0.5048780487804878,15.4,67.12595419847328
EV_S_qb0of3__FCF_OI_qb1of3__C1_ROE_DYN_riseq1__v0,EV_S_qb0of3__FCF_OI_qb1of3,C1_ROE_DYN_riseq1,0.17119528610631773,0.15841923538251113,0.012776050723806609,-0.5759155601670733,0.502206531332745,14.59,118.9578947368421
MOM_qb2of3__EV_EBITDA_qb1of3__C7_ROE_DYN_ytdavg_gt_lyavg__v0,MOM_qb2of3__EV_EBITDA_qb1of3,C7_ROE_DYN_ytdavg_gt_lyavg,0.17116965190540245,0.16230434248849268,0.008865309416909772,-0.6220615560429016,0.4965045828802237,14.98,86.66666666666667
MOM_qb2of3__ROIC_qb2of3__C18_FCF_P_DYN_qmax8__v0,MOM_qb2of3__ROIC_qb2of3,C18_FCF_P_DYN_qmax8,0.17114408164138717,0.1626939247574768,0.008450156883910376,-0.7036894531037943,0.4667812142038946,20.99,21.96551724137931
PB_qb0of3__ROIC_qb1of3__C20_FCF_P_DYN_ytdavg_gt_lyytdavg__v0,PB_qb0of3__ROIC_qb1of3,C20_FCF_P_DYN_ytdavg_gt_lyytdavg,0.1711414863138856,0.18256711047310548,-0.011425624159219883,-0.5376934648391536,0.535349489284999,16.87,96.3719298245614
PB_qb0of3__EV_EBITDA_qb0of3__C19_FCF_P_DYN_yoy__v0,PB_qb0of3__EV_EBITDA_qb0of3,C19_FCF_P_DYN_yoy,0.17111746343013068,0.1952473266098218,-0.024129863179691124,-0.5835466416804586,0.5127187443622587,17.34,104.896
MOM_qb2of3__ROIC_qb1of3__C8_EPS_DYN_riseq1__v0,MOM_qb2of3__ROIC_qb1of3,C8_EPS_DYN_riseq1,0.17110339641406025,0.14880087180690538,0.022302524607154872,-0.6366264644483368,0.509929906542056,14.84,86.38245614035088
MOM_qb2of3__NETDEBT_EBITDA_qb1of3__C6_ROE_DYN_ytdavg_gt_lyytdavg__v0,MOM_qb2of3__NETDEBT_EBITDA_qb1of3,C6_ROE_DYN_ytdavg_gt_lyytdavg,0.1710129663104074,0.1473077734732009,0.023705192837206512,-0.5546312026602638,0.489749430523918,15.94,92.95087719298246
PB_qb0of3__NETDEBT_EBITDA_qb0of3__C16_FCF_P_DYN_riseq2__v0,PB_qb0of3__NETDEBT_EBITDA_qb0of3,C16_FCF_P_DYN_riseq2,0.17092907469345686,0.1865829469130269,-0.015653872219570042,-0.5157998086477011,0.5330422125181951,16.58,70.44525547445255
PS_qb0of3__ACCRUAL_qb1of3__C1_ROE_DYN_riseq1__v0,PS_qb0of3__ACCRUAL_qb1of3,C1_ROE_DYN_riseq1,0.1708774452194266,0.1621387652783881,0.008738679941038496,-0.5894314065487145,0.5003776435045317,14.41,75.52631578947368
P_IC_qb0of3__NETDEBT_EBITDA_qb1of3__C15_FCF_P_DYN_riseq1__v0,P_IC_qb0of3__NETDEBT_EBITDA_qb1of3,C15_FCF_P_DYN_riseq1,0.1708600618985998,0.18511348712500109,-0.014253425226401273,-0.5766849022286857,0.4996819338422392,15.1,49.473684210526315
PB_qb1of3__MOM_qb2of3__C8_EPS_DYN_riseq1__v0,PB_qb1of3__MOM_qb2of3,C8_EPS_DYN_riseq1,0.17081646589656185,0.1423822447586076,0.02843422113795424,-0.7140838215446061,0.5069662921348315,13.58,86.69122807017544
PS_qb0of3__DEBTRATIO_qb1of3__C13_EPS_DYN_ytdavg_gt_lyytdavg__v0,PS_qb0of3__DEBTRATIO_qb1of3,C13_EPS_DYN_ytdavg_gt_lyytdavg,0.17076439309460456,0.16188189278048704,0.008882500314117525,-0.501065658422766,0.48654931916306876,14.93,79.05614035087719
PB_qb0of3__FCF_OI_qb1of3__C17_FCF_P_DYN_qmax4__v0,PB_qb0of3__FCF_OI_qb1of3,C17_FCF_P_DYN_qmax4,0.1706690383698668,0.19021651029963826,-0.019547471929771465,-0.6424340952672372,0.44988864142538976,14.15,33.87022900763359
MOM_qb2of3__NETDEBT_EBITDA_qb1of3__C2_ROE_DYN_riseq2__v0,MOM_qb2of3__NETDEBT_EBITDA_qb1of3,C2_ROE_DYN_riseq2,0.1706060884699463,0.1473077734732009,0.023298314996745395,-0.6044023956980143,0.5021320394059697,17.04,101.38321167883211
P_IC_qb1of3__ROIC_qb2of3__C13_EPS_DYN_ytdavg_gt_lyytdavg__v0,P_IC_qb1of3__ROIC_qb2of3,C13_EPS_DYN_ytdavg_gt_lyytdavg,0.1705912774409457,0.16269582864452659,0.007895448796419124,-0.4347669879408307,0.4933179723502304,16.28,83.30526315789474
P_IC_qb1of3__ROE_qb2of3__C9_EPS_DYN_riseq2__v0,P_IC_qb1of3__ROE_qb2of3,C9_EPS_DYN_riseq2,0.17056670019421993,0.16008839291117583,0.010478307283044108,-0.4701865139264215,0.5075247524752475,17.11,90.83941605839416
PS_qb0of3__ROIC_qb2of3__C6_ROE_DYN_ytdavg_gt_lyytdavg__v0,PS_qb0of3__ROIC_qb2of3,C6_ROE_DYN_ytdavg_gt_lyytdavg,0.1704734013228868,0.16300310603459844,0.007470295288288353,-0.3805755755921597,0.48574719262885113,15.44,64.0421052631579
P_IC_qb0of3__PS_qb0of3__C16_FCF_P_DYN_riseq2__v0,P_IC_qb0of3__PS_qb0of3,C16_FCF_P_DYN_riseq2,0.17046707508927894,0.19078211269583956,-0.020315037606560615,-0.5693445268062252,0.5127503241607837,15.34,149.44525547445255
PB_qb1of3__DEBTRATIO_qb1of3__C4_ROE_DYN_qmax8__v0,PB_qb1of3__DEBTRATIO_qb1of3,C4_ROE_DYN_qmax8,0.170394627479181,0.10295792396196068,0.06743670351722031,-0.6769113391901318,0.5082674335010784,18.14,22.40772532188841
PS_qb0of3__ACCRUAL_qb1of3__C14_EPS_DYN_ytdavg_gt_lyavg__v0,PS_qb0of3__ACCRUAL_qb1of3,C14_EPS_DYN_ytdavg_gt_lyavg,0.17038852150985995,0.1621387652783881,0.008249756231471839,-0.5542570918510875,0.5019698725376593,15.25,67.2
EV_S_qb0of3__ROIC_qb2of3__C6_ROE_DYN_ytdavg_gt_lyytdavg__v0,EV_S_qb0of3__ROIC_qb2of3,C6_ROE_DYN_ytdavg_gt_lyytdavg,0.1703406019098912,0.15759388570377553,0.012746716206115671,-0.4377313352613864,0.4859663191659984,15.43,72.54035087719298
MOM_qb2of3__ROE_qb1of3__C12_EPS_DYN_yoy__v0,MOM_qb2of3__ROE_qb1of3,C12_EPS_DYN_yoy,0.1702681353000619,0.14308725897377994,0.027180876326281966,-0.6168849427603889,0.4946254071661238,16.11,88.756
EV_S_qb1of3__ACCRUAL_qb0of3__C5_ROE_DYN_yoy__v0,EV_S_qb1of3__ACCRUAL_qb0of3,C5_ROE_DYN_yoy,0.17026174243408976,0.12264039060979393,0.04762135182429583,-0.6040426401512979,0.48314127187366623,18.65,72.108
MOM_qb2of3__None__C6_ROE_DYN_ytdavg_gt_lyytdavg__v0,MOM_qb2of3__None,C6_ROE_DYN_ytdavg_gt_lyytdavg,0.17023146646213227,0.11806777849564609,0.05216368796648618,-0.6361941892735432,0.471240837350591,14.97,238.35438596491227
PS_qb0of3__ROE_qb2of3__C9_EPS_DYN_riseq2__v0,PS_qb0of3__ROE_qb2of3,C9_EPS_DYN_riseq2,0.17023061899695668,0.16777979365724227,0.002450825339714413,-0.4248412707952194,0.5015360983102919,16.49,96.77007299270073
MOM_qb2of3__FCF_OI_qb1of3__C3_ROE_DYN_qmax4__v0,MOM_qb2of3__FCF_OI_qb1of3,C3_ROE_DYN_qmax4,0.17016819975171305,0.15028408428317808,0.01988411546853497,-0.6323118432230492,0.5189127972819932,14.29,58.14885496183206
MOM_qb2of3__OCF_E_qb1of3__C1_ROE_DYN_riseq1__v0,MOM_qb2of3__OCF_E_qb1of3,C1_ROE_DYN_riseq1,0.17009491693316514,0.1381613845942784,0.03193353233888674,-0.6698328062877225,0.5066324347454001,15.11,85.19298245614036
EV_S_qb0of3__EV_EBITDA_qb0of3__C18_FCF_P_DYN_qmax8__v0,EV_S_qb0of3__EV_EBITDA_qb0of3,C18_FCF_P_DYN_qmax8,0.17007374380567053,0.17847911845269882,-0.008405374647028285,-0.5585096735012219,0.4865702479338843,21.27,27.643776824034333
EV_S_qb1of3__ACCRUAL_qb0of3__C2_ROE_DYN_riseq2__v0,EV_S_qb1of3__ACCRUAL_qb0of3,C2_ROE_DYN_riseq2,0.17000168558864193,0.12264039060979393,0.047361294978848,-0.5696127819340779,0.49455963867788955,16.61,72.78832116788321
ROE_qb2of3__OCF_E_qb2of3__C3_ROE_DYN_qmax4__v0,ROE_qb2of3__OCF_E_qb2of3,C3_ROE_DYN_qmax4,0.1699966657664309,0.11121481636596298,0.058781849400467934,-0.3848144689081887,0.49318481606331527,17.85,104.44656488549619
PB_qb0of3__EV_S_qb0of3__C18_FCF_P_DYN_qmax8__v0,PB_qb0of3__EV_S_qb0of3,C18_FCF_P_DYN_qmax8,0.1699917571653773,0.19275879846190347,-0.02276704129652618,-0.6040635302233869,0.4805313788364636,19.08,30.909871244635195
MOM_qb2of3__ROE_qb1of3__C1_ROE_DYN_riseq1__v0,MOM_qb2of3__ROE_qb1of3,C1_ROE_DYN_riseq1,0.16993877950545522,0.14308725897377994,0.026851520531675277,-0.6340164599983811,0.5023574144486692,14.9,81.82456140350877
EV_S_qb0of3__OCF_E_qb2of3__C18_FCF_P_DYN_qmax8__v0,EV_S_qb0of3__OCF_E_qb2of3,C18_FCF_P_DYN_qmax8,0.16993066291223635,0.15528067250881317,0.014649990403423185,-0.6564855661235076,0.46956521739130436,18.14,21.15450643776824
PB_qb0of3__EV_EBITDA_qb0of3__C15_FCF_P_DYN_riseq1__v0,PB_qb0of3__EV_EBITDA_qb0of3,C15_FCF_P_DYN_riseq1,0.16992556292662275,0.1952473266098218,-0.02532176368319905,-0.5902654594764398,0.49815214043732675,16.98,100.78947368421052
MOM_qb2of3__DEBTRATIO_qb1of3__C7_ROE_DYN_ytdavg_gt_lyavg__v0,MOM_qb2of3__DEBTRATIO_qb1of3,C7_ROE_DYN_ytdavg_gt_lyavg,0.1699089428722722,0.14168975306734088,0.02821918980493132,-0.6289442287152613,0.47914700886959805,15.3,77.47368421052632
MOM_qb2of3__NETDEBT_EBITDA_qb0of3__C6_ROE_DYN_ytdavg_gt_lyytdavg__v0,MOM_qb2of3__NETDEBT_EBITDA_qb0of3,C6_ROE_DYN_ytdavg_gt_lyytdavg,0.16980325304847832,0.14185947700151247,0.02794377604696585,-0.6548669240003213,0.482618025751073,14.7,67.07368421052631
PB_qb1of3__NETDEBT_EBITDA_qb0of3__C5_ROE_DYN_yoy__v0,PB_qb1of3__NETDEBT_EBITDA_qb0of3,C5_ROE_DYN_yoy,0.16979734098488053,0.11680507484049185,0.05299226614438868,-0.6214190144535074,0.488329796908154,17.34,68.16
MOM_qb2of3__FCF_P_qb0of3__C12_EPS_DYN_yoy__v0,MOM_qb2of3__FCF_P_qb0of3,C12_EPS_DYN_yoy,0.16978152532931534,0.12480208289160699,0.04497944243770835,-0.6831151284115518,0.4794728071504318,18.11,92.096
P_IC_qb0of3__PB_qb0of3__C16_FCF_P_DYN_riseq2__v0,P_IC_qb0of3__PB_qb0of3,C16_FCF_P_DYN_riseq2,0.16970391271073693,0.18660855823064182,-0.016904645519904893,-0.5972095452556714,0.5209178498985801,17.17,175.62043795620437
MOM_qb2of3__OCF_E_qb1of3__C5_ROE_DYN_yoy__v0,MOM_qb2of3__OCF_E_qb1of3,C5_ROE_DYN_yoy,0.16968866404442595,0.1381613845942784,0.03152727945014755,-0.6453745596750086,0.49642232469391,16.79,87.324
MOM_qb2of3__NETDEBT_EBITDA_qb0of3__C11_EPS_DYN_qmax8__v0,MOM_qb2of3__NETDEBT_EBITDA_qb0of3,C11_EPS_DYN_qmax8,0.16962530886819027,0.14185947700151247,0.027765831866677804,-0.6863831494875743,0.5062388591800356,15.45,26.386266094420602
PS_qb0of3__ACCRUAL_qb1of3__C2_ROE_DYN_riseq2__v0,PS_qb0of3__ACCRUAL_qb1of3,C2_ROE_DYN_riseq2,0.16960184833303749,0.1621387652783881,0.007463083054649378,-0.5903330913083165,0.5190026141162276,15.5,77.05109489051095
MOM_qb2of3__ROIC_qb1of3__C1_ROE_DYN_riseq1__v0,MOM_qb2of3__ROIC_qb1of3,C1_ROE_DYN_riseq1,0.1695811020042972,0.14880087180690538,0.020780230197391836,-0.632692965780015,0.5054125219426565,14.5,85.34736842105264
P_IC_qb1of3__ROE_qb2of3__C3_ROE_DYN_qmax4__v0,P_IC_qb1of3__ROE_qb2of3,C3_ROE_DYN_qmax4,0.16957901055534363,0.16008839291117583,0.00949061764416781,-0.4752479268875237,0.5088845014807503,16.87,59.034351145038165
EV_S_qb0of3__FCF_OI_qb1of3__C8_EPS_DYN_riseq1__v0,EV_S_qb0of3__FCF_OI_qb1of3,C8_EPS_DYN_riseq1,0.16953344714567442,0.15841923538251113,0.011114211763163295,-0.5722677810215626,0.5022664316293125,14.71,120.16140350877193
PB_qb1of3__OCF_E_qb2of3__C12_EPS_DYN_yoy__v0,PB_qb1of3__OCF_E_qb2of3,C12_EPS_DYN_yoy,0.16947740224198293,0.1259024888946132,0.04357491334736974,-0.5601490412884648,0.5009928514694202,18.2,83.648
P_IC_qb0of3__ROIC_qb1of3__C16_FCF_P_DYN_riseq2__v0,P_IC_qb0of3__ROIC_qb1of3,C16_FCF_P_DYN_riseq2,0.16941693614499842,0.18305739841769153,-0.01364046227269311,-0.5583823984465424,0.52193672434889,17.25,97.37226277372262
PB_qb1of3__NETDEBT_EBITDA_qb0of3__C12_EPS_DYN_yoy__v0,PB_qb1of3__NETDEBT_EBITDA_qb0of3,C12_EPS_DYN_yoy,0.1693762308128901,0.11680507484049185,0.052571155972398254,-0.6329749306427521,0.4916417910447761,17.69,70.472
PB_qb0of3__DEBTRATIO_qb2of3__C19_FCF_P_DYN_yoy__v0,PB_qb0of3__DEBTRATIO_qb2of3,C19_FCF_P_DYN_yoy,0.16935164013449655,0.18803320787283906,-0.01868156773834251,-0.6305109422907282,0.5164864864864865,17.13,84.388
MOM_qb2of3__ROIC_qb2of3__C16_FCF_P_DYN_riseq2__v0,MOM_qb2of3__ROIC_qb2of3,C16_FCF_P_DYN_riseq2,0.16934762811762671,0.1626939247574768,0.006653703360149921,-0.6621376528576599,0.4994713789457786,16.15,90.27737226277372
MOM_qb2of3__ACCRUAL_qb1of3__C6_ROE_DYN_ytdavg_gt_lyytdavg__v0,MOM_qb2of3__ACCRUAL_qb1of3,C6_ROE_DYN_ytdavg_gt_lyytdavg,0.1692998593367041,0.13592025080935466,0.03337960852734945,-0.6506898998641505,0.4973097617217525,15.06,80.77543859649123
PB_qb0of3__ROE_qb1of3__C19_FCF_P_DYN_yoy__v0,PB_qb0of3__ROE_qb1of3,C19_FCF_P_DYN_yoy,0.16928839534968487,0.1827049174072004,-0.013416522057515534,-0.5499398775032214,0.5239651416122004,19.16,97.812
PS_qb0of3__ROIC_qb2of3__C3_ROE_DYN_qmax4__v0,PS_qb0of3__ROIC_qb2of3,C3_ROE_DYN_qmax4,0.1692723464659689,0.16300310603459844,0.006269240431370449,-0.44853493425031954,0.5030144167758847,15.16,54.847328244274806
P_IC_qb0of3__None__C16_FCF_P_DYN_riseq2__v0,P_IC_qb0of3__None,C16_FCF_P_DYN_riseq2,0.16924550466098842,0.18180748761405363,-0.01256198295306521,-0.5880972658860313,0.5105689450809957,16.48,234.3832116788321
PS_qb1of3__FCF_P_qb1of3__C10_EPS_DYN_qmax4__v0,PS_qb1of3__FCF_P_qb1of3,C10_EPS_DYN_qmax4,0.16917220055622417,0.10355268343095037,0.06561951712527381,-0.528282039347423,0.5138803207896361,16.13,45.93893129770992
EV_S_qb1of3__MOM_qb2of3__C11_EPS_DYN_qmax8__v0,EV_S_qb1of3__MOM_qb2of3,C11_EPS_DYN_qmax8,0.16916761174679018,0.1365027028696275,0.03266490887716267,-0.6523263962751327,0.48803245436105475,19.19,37.772532188841204
PS_qb0of3__None__C8_EPS_DYN_riseq1__v0,PS_qb0of3__None,C8_EPS_DYN_riseq1,0.16912427249960982,0.16620841805915898,0.002915854440450838,-0.5538641112527654,0.49490744182588653,15.08,253.39298245614034
PB_qb0of3__EV_S_qb0of3__C19_FCF_P_DYN_yoy__v0,PB_qb0of3__EV_S_qb0of3,C19_FCF_P_DYN_yoy,0.16911510762142146,0.19275879846190347,-0.023643690840482012,-0.5853834661420536,0.5265098314606742,17.58,127.344
PB_qb0of3__MOM_qb2of3__C18_FCF_P_DYN_qmax8__v0,PB_qb0of3__MOM_qb2of3,C18_FCF_P_DYN_qmax8,0.16909953994576,0.17812025809063203,-0.009020718144872042,-0.6664519797865044,0.5,18.03,19.377682403433475
MOM_qb2of3__NETDEBT_EBITDA_qb1of3__C11_EPS_DYN_qmax8__v0,MOM_qb2of3__NETDEBT_EBITDA_qb1of3,C11_EPS_DYN_qmax8,0.16907570019862206,0.1473077734732009,0.02176792672542116,-0.5653925042069279,0.5090283748925194,18.97,55.927038626609445
ROE_qb2of3__ACCRUAL_qb0of3__C2_ROE_DYN_riseq2__v0,ROE_qb2of3__ACCRUAL_qb0of3,C2_ROE_DYN_riseq2,0.16905508208989262,0.1151828149211398,0.05387226716875282,-0.3678819940434328,0.48971596474045054,17.66,92.42700729927007
PS_qb0of3__ROIC_qb1of3__C8_EPS_DYN_riseq1__v0,PS_qb0of3__ROIC_qb1of3,C8_EPS_DYN_riseq1,0.16901058193997143,0.16131933517355046,0.007691246766420967,-0.5393464821922125,0.5055634807417975,15.16,112.96842105263158
P_IC_qb0of3__NETDEBT_EBITDA_qb1of3__C10_EPS_DYN_qmax4__v0,P_IC_qb0of3__NETDEBT_EBITDA_qb1of3,C10_EPS_DYN_qmax4,0.16899165083723378,0.18511348712500109,-0.01612183628776731,-0.4870066968363018,0.5292233787029623,16.78,39.23664122137404
P_IC_qb0of3__EV_EBITDA_qb0of3__C20_FCF_P_DYN_ytdavg_gt_lyytdavg__v0,P_IC_qb0of3__EV_EBITDA_qb0of3,C20_FCF_P_DYN_ytdavg_gt_lyytdavg,0.16896147300196196,0.19372967359465032,-0.02476820059268836,-0.5491686721947451,0.5095249024558183,15.38,102.03859649122808
MOM_qb2of3__DEBTRATIO_qb1of3__C8_EPS_DYN_riseq1__v0,MOM_qb2of3__DEBTRATIO_qb1of3,C8_EPS_DYN_riseq1,0.1689579701058539,0.14168975306734088,0.02726821703851301,-0.6681054913403619,0.4985694925463033,15.72,89.25614035087719
PB_qb1of3__None__C3_ROE_DYN_qmax4__v0,PB_qb1of3__None,C3_ROE_DYN_qmax4,0.16891919129443234,0.10751637456446095,0.06140281672997139,-0.5661144008013939,0.5171783148269106,15.93,122.31679389312977
EV_S_qb0of3__NETDEBT_EBITDA_qb2of3__C8_EPS_DYN_riseq1__v0,EV_S_qb0of3__NETDEBT_EBITDA_qb2of3,C8_EPS_DYN_riseq1,0.16881511282679362,0.15594460285259082,0.012870509974202804,-0.5609008120895965,0.48079618727221757,13.81,64.47719298245615
PB_qb0of3__ROE_qb2of3__C20_FCF_P_DYN_ytdavg_gt_lyytdavg__v0,PB_qb0of3__ROE_qb2of3,C20_FCF_P_DYN_ytdavg_gt_lyytdavg,0.16881440692391103,0.20625735013604096,-0.03744294321212993,-0.7863683189484322,0.5182089552238806,15.95,24.035087719298247
P_IC_qb1of3__ROE_qb2of3__C2_ROE_DYN_riseq2__v0,P_IC_qb1of3__ROE_qb2of3,C2_ROE_DYN_riseq2,0.1687953304580847,0.16008839291117583,0.008706937546908877,-0.4875286570602191,0.5108949416342412,17.11,90.25912408759125
PB_qb1of3__OCF_E_qb2of3__C1_ROE_DYN_riseq1__v0,PB_qb1of3__OCF_E_qb2of3,C1_ROE_DYN_riseq1,0.16879463278128992,0.1259024888946132,0.042892143886676726,-0.5378486360621051,0.5063837439309476,16.32,77.58947368421053
PS_qb0of3__ROIC_qb2of3__C9_EPS_DYN_riseq2__v0,PS_qb0of3__ROIC_qb2of3,C9_EPS_DYN_riseq2,0.16865215086212815,0.16300310603459844,0.005649044827529703,-0.43392709734519064,0.4962795941375423,16.36,77.68248175182482
PS_qb0of3__DEBTRATIO_qb1of3__C2_ROE_DYN_riseq2__v0,PS_qb0of3__DEBTRATIO_qb1of3,C2_ROE_DYN_riseq2,0.1686349573531607,0.16188189278048704,0.0067530645726736616,-0.5214808841396152,0.5158843053579896,15.93,87.33576642335767
P_IC_qb1of3__ROE_qb2of3__C12_EPS_DYN_yoy__v0,P_IC_qb1of3__ROE_qb2of3,C12_EPS_DYN_yoy,0.16863329317778186,0.16008839291117583,0.008544900266606037,-0.5214660099466829,0.5007613661083316,18.44,93.764
MOM_qb2of3__DEBTRATIO_qb1of3__C11_EPS_DYN_qmax8__v0,MOM_qb2of3__DEBTRATIO_qb1of3,C11_EPS_DYN_qmax8,0.16863096058813998,0.14168975306734088,0.026941207520799093,-0.7220750057301288,0.515040650406504,16.97,38.99570815450644
PS_qb0of3__ROIC_qb2of3__C13_EPS_DYN_ytdavg_gt_lyytdavg__v0,PS_qb0of3__ROIC_qb2of3,C13_EPS_DYN_ytdavg_gt_lyytdavg,0.16861771302694128,0.16300310603459844,0.005614606992342841,-0.3846876011939204,0.47978204760539145,15.7,66.47017543859648
PB_qb0of3__OCF_E_qb2of3__C18_FCF_P_DYN_qmax8__v0,PB_qb0of3__OCF_E_qb2of3,C18_FCF_P_DYN_qmax8,0.16859806628909446,0.1959933102234963,-0.027395243934401847,-0.6019965968502305,0.47253705318221445,17.81,15.42489270386266
MOM_qb2of3__FCF_OI_qb1of3__C18_FCF_P_DYN_qmax8__v0,MOM_qb2of3__FCF_OI_qb1of3,C18_FCF_P_DYN_qmax8,0.16846699570357382,0.15028408428317808,0.018182911420395742,-0.8411575479919937,0.46097814776274715,14.13,14.906593406593407
EV_S_qb0of3__EV_EBITDA_qb0of3__C19_FCF_P_DYN_yoy__v0,EV_S_qb0of3__EV_EBITDA_qb0of3,C19_FCF_P_DYN_yoy,0.16843654859950963,0.17847911845269882,-0.010042569853189187,-0.5509023825349887,0.5083377216078638,17.47,110.684
P_IC_qb1of3__OCF_E_qb1of3__C11_EPS_DYN_qmax8__v0,P_IC_qb1of3__OCF_E_qb1of3,C11_EPS_DYN_qmax8,0.16839570671250992,0.10872133611728962,0.059674370595220294,-0.5598572577953557,0.5283342873497424,16.98,26.805194805194805
PS_qb0of3__ROIC_qb2of3__C19_FCF_P_DYN_yoy__v0,PS_qb0of3__ROIC_qb2of3,C19_FCF_P_DYN_yoy,0.1683222411019658,0.16300310603459844,0.005319135067367364,-0.5585500385480895,0.5115987460815047,17.86,51.672
MOM_qb2of3__ACCRUAL_qb1of3__C3_ROE_DYN_qmax4__v0,MOM_qb2of3__ACCRUAL_qb1of3,C3_ROE_DYN_qmax4,0.168300235786089,0.13592025080935466,0.03237998497673433,-0.692572856115425,0.5141700404858299,15.76,52.00763358778626
PS_qb0of3__ACCRUAL_qb1of3__C13_EPS_DYN_ytdavg_gt_lyytdavg__v0,PS_qb0of3__ACCRUAL_qb1of3,C13_EPS_DYN_ytdavg_gt_lyytdavg,0.16827237852607713,0.1621387652783881,0.006133613247689018,-0.5641668976625775,0.4971789663732792,15.19,69.51929824561404
P_IC_qb1of3__ROIC_qb2of3__C19_FCF_P_DYN_yoy__v0,P_IC_qb1of3__ROIC_qb2of3,C19_FCF_P_DYN_yoy,0.16824820980249378,0.16269582864452659,0.00555238115796719,-0.54121069602603,0.5299105040037683,18.68,69.984
PS_qb0of3__ACCRUAL_qb1of3__C8_EPS_DYN_riseq1__v0,PS_qb0of3__ACCRUAL_qb1of3,C8_EPS_DYN_riseq1,0.1682217352960973,0.1621387652783881,0.006082970017709188,-0.571458983527696,0.5044792833146696,14.75,76.26666666666667
MOM_qb2of3__ROE_qb2of3__None__v0,MOM_qb2of3__ROE_qb2of3,None,0.1681772621398312,0.1681772621398312,0.0,-0.6448056802411376,0.4982950074320189,14.97,174.1818181818182
MOM_qb2of3__None__C14_EPS_DYN_ytdavg_gt_lyavg__v0,MOM_qb2of3__None,C14_EPS_DYN_ytdavg_gt_lyavg,0.16813327403707112,0.11806777849564609,0.05006549554142503,-0.6324320716008042,0.47018978848488724,15.08,248.84561403508772
PS_qb1of3__DEBTRATIO_qb0of3__C10_EPS_DYN_qmax4__v0,PS_qb1of3__DEBTRATIO_qb0of3,C10_EPS_DYN_qmax4,0.1681060792718787,0.12730497339873037,0.040801105873148336,-0.6318564160644231,0.5155343120518948,16.58,46.81297709923664
PB_qb1of3__FCF_OI_qb1of3__C11_EPS_DYN_qmax8__v0,PB_qb1of3__FCF_OI_qb1of3,C11_EPS_DYN_qmax8,0.1680776982041159,0.11455659643931759,0.053521101764798296,-0.6992866049941273,0.533442088091354,15.33,27.59227467811159
MOM_qb2of3__NETDEBT_EBITDA_qb2of3__C10_EPS_DYN_qmax4__v0,MOM_qb2of3__NETDEBT_EBITDA_qb2of3,C10_EPS_DYN_qmax4,0.16805865432217892,0.13607790519389984,0.031980749128279085,-0.6549068262001652,0.49445676274944567,14.64,51.88931297709924
P_IC_qb0of3__NETDEBT_EBITDA_qb1of3__C17_FCF_P_DYN_qmax4__v0,P_IC_qb0of3__NETDEBT_EBITDA_qb1of3,C17_FCF_P_DYN_qmax4,0.16800341347245862,0.18511348712500109,-0.017110073652542468,-0.595526358917623,0.4991596638655462,15.82,26.015267175572518
PB_qb0of3__OCF_E_qb2of3__C11_EPS_DYN_qmax8__v0,PB_qb0of3__OCF_E_qb2of3,C11_EPS_DYN_qmax8,0.16800087920726825,0.1959933102234963,-0.02799243101622806,-0.6600196272462336,0.5256975036710719,18.49,21.21030042918455
PS_qb0of3__DEBTRATIO_qb0of3__C10_EPS_DYN_qmax4__v0,PS_qb0of3__DEBTRATIO_qb0of3,C10_EPS_DYN_qmax4,0.16797967630603328,0.1648921144720774,0.0030875618339558653,-0.592302594283621,0.5300988319856245,15.07,18.0381679389313
MOM_qb2of3__OCF_E_qb1of3__C8_EPS_DYN_riseq1__v0,MOM_qb2of3__OCF_E_qb1of3,C8_EPS_DYN_riseq1,0.16797510437710184,0.1381613845942784,0.029813719782823433,-0.6819035732398648,0.5075873590421829,15.58,87.31228070175439
EV_S_qb0of3__OCF_E_qb1of3__C8_EPS_DYN_riseq1__v0,EV_S_qb0of3__OCF_E_qb1of3,C8_EPS_DYN_riseq1,0.1679748959635674,0.16012337011211542,0.00785152585145199,-0.5504572512097317,0.5169979565298161,15.34,76.1859649122807
P_IC_qb0of3__PB_qb0of3__C20_FCF_P_DYN_ytdavg_gt_lyytdavg__v0,P_IC_qb0of3__PB_qb0of3,C20_FCF_P_DYN_ytdavg_gt_lyytdavg,0.1679543973194797,0.18660855823064182,-0.01865416091116212,-0.6142635946593207,0.5447272727272727,16.31,176.0561403508772
P_IC_qb1of3__ROIC_qb2of3__C8_EPS_DYN_riseq1__v0,P_IC_qb1of3__ROIC_qb2of3,C8_EPS_DYN_riseq1,0.1679346145545153,0.16269582864452659,0.005238785909988719,-0.5427740451565345,0.5065950170981924,16.71,90.43859649122807
ROE_qb2of3__FCF_P_qb0of3__C5_ROE_DYN_yoy__v0,ROE_qb2of3__FCF_P_qb0of3,C5_ROE_DYN_yoy,0.1678898715407473,0.10654638208040024,0.06134348946034707,-0.45406405312703235,0.4780178837555887,21.3,80.772
ROE_qb2of3__ACCRUAL_qb0of3__C12_EPS_DYN_yoy__v0,ROE_qb2of3__ACCRUAL_qb0of3,C12_EPS_DYN_yoy,0.1678879764259289,0.1151828149211398,0.0527051615047891,-0.4018695658245529,0.490423964642331,20.17,97.612
MOM_qb2of3__FCF_OI_qb2of3__C7_ROE_DYN_ytdavg_gt_lyavg__v0,MOM_qb2of3__FCF_OI_qb2of3,C7_ROE_DYN_ytdavg_gt_lyavg,0.16788490134220924,0.13952586865099859,0.02835903269121065,-0.5913732137397787,0.5052074440840021,15.53,71.87017543859649
MOM_qb2of3__ACCRUAL_qb1of3__C7_ROE_DYN_ytdavg_gt_lyavg__v0,MOM_qb2of3__ACCRUAL_qb1of3,C7_ROE_DYN_ytdavg_gt_lyavg,0.16781553096041724,0.13592025080935466,0.03189528015106258,-0.6447653974767806,0.4984550333387543,14.81,76.42807017543859
PS_qb1of3__MOM_qb2of3__C5_ROE_DYN_yoy__v0,PS_qb1of3__MOM_qb2of3,C5_ROE_DYN_yoy,0.16779925144294938,0.13687445579871116,0.030924795644238223,-0.687483574624824,0.48119900673997873,16.6,89.236
EV_S_qb1of3__ACCRUAL_qb0of3__C12_EPS_DYN_yoy__v0,EV_S_qb1of3__ACCRUAL_qb0of3,C12_EPS_DYN_yoy,0.16778637580707323,0.12264039060979393,0.045145985197279304,-0.5931234568711099,0.4875099127676447,18.29,77.972
PS_qb0of3__ROE_qb2of3__None__v0,PS_qb0of3__ROE_qb2of3,None,0.16777979365724227,0.16777979365724227,0.0,-0.45813496907364926,0.49352571217166114,15.87,123.24915824915826
P_IC_qb1of3__DEBTRATIO_qb0of3__C2_ROE_DYN_riseq2__v0,P_IC_qb1of3__DEBTRATIO_qb0of3,C2_ROE_DYN_riseq2,0.16767683911095843,0.14025437918169104,0.027422459929267395,-0.5567314711385318,0.5291868468009177,15.77,80.7919708029197
P_IC_qb1of3__DEBTRATIO_qb0of3__C12_EPS_DYN_yoy__v0,P_IC_qb1of3__DEBTRATIO_qb0of3,C12_EPS_DYN_yoy,0.16767570585808667,0.14025437918169104,0.02742132667639563,-0.5773822443067921,0.516,17.37,78.72
MOM_qb2of3__DEBTRATIO_qb1of3__C6_ROE_DYN_ytdavg_gt_lyytdavg__v0,MOM_qb2of3__DEBTRATIO_qb1of3,C6_ROE_DYN_ytdavg_gt_lyytdavg,0.16764754269828175,0.14168975306734088,0.025957789630940864,-0.6267281685989297,0.4785740007202017,15.51,81.10175438596491
PB_qb1of3__OCF_E_qb2of3__C8_EPS_DYN_riseq1__v0,PB_qb1of3__OCF_E_qb2of3,C8_EPS_DYN_riseq1,0.16752798250348344,0.1259024888946132,0.041625493608870245,-0.5466259503173988,0.5061063218390804,15.78,78.7578947368421
P_IC_qb0of3__DEBTRATIO_qb1of3__C1_ROE_DYN_riseq1__v0,P_IC_qb0of3__DEBTRATIO_qb1of3,C1_ROE_DYN_riseq1,0.16747381551490936,0.17831093585947433,-0.010837120344564966,-0.5604021961954422,0.5093306792734511,16.08,68.64912280701755
MOM_qb2of3__OCF_E_qb1of3__C16_FCF_P_DYN_riseq2__v0,MOM_qb2of3__OCF_E_qb1of3,C16_FCF_P_DYN_riseq2,0.16745519489850924,0.1381613845942784,0.02929381030423084,-0.6509362254733733,0.492364571612281,15.97,77.41240875912409
MOM_qb2of3__FCF_P_qb0of3__C5_ROE_DYN_yoy__v0,MOM_qb2of3__FCF_P_qb0of3,C5_ROE_DYN_yoy,0.16730781262660233,0.12480208289160699,0.042505729734995334,-0.6621844224250171,0.4749353169469599,18.5,85.852
P_IC_qb1of3__ROIC_qb2of3__C6_ROE_DYN_ytdavg_gt_lyytdavg__v0,P_IC_qb1of3__ROIC_qb2of3,C6_ROE_DYN_ytdavg_gt_lyytdavg,0.16725655265099992,0.16269582864452659,0.004560724006473338,-0.45819473349598516,0.49317004239284035,16.21,79.52280701754385
EV_S_qb0of3__ROIC_qb2of3__C1_ROE_DYN_riseq1__v0,EV_S_qb0of3__ROIC_qb2of3,C1_ROE_DYN_riseq1,0.16725587165713263,0.15759388570377553,0.0096619859533571,-0.5039662083908043,0.49386448515027564,16.1,82.85263157894737
EV_S_qb0of3__MOM_qb2of3__C17_FCF_P_DYN_qmax4__v0,EV_S_qb0of3__MOM_qb2of3,C17_FCF_P_DYN_qmax4,0.16723178607275724,0.19563407710056202,-0.028402291027804782,-0.6131008027857636,0.4927131782945736,15.41,39.32442748091603
MOM_qb2of3__FCF_OI_qb0of3__C9_EPS_DYN_riseq2__v0,MOM_qb2of3__FCF_OI_qb0of3,C9_EPS_DYN_riseq2,0.1672028859595498,0.11480569700354648,0.052397188956003315,-0.6615458891418178,0.47874278773155177,17.21,85.03649635036497
MOM_qb2of3__NETDEBT_EBITDA_qb1of3__C14_EPS_DYN_ytdavg_gt_lyavg__v0,MOM_qb2of3__NETDEBT_EBITDA_qb1of3,C14_EPS_DYN_ytdavg_gt_lyavg,0.16713030309621568,0.1473077734732009,0.019822529623014784,-0.5680933999230158,0.48680618744313015,16.5,100.12982456140351
P_IC_qb1of3__ROIC_qb2of3__C18_FCF_P_DYN_qmax8__v0,P_IC_qb1of3__ROIC_qb2of3,C18_FCF_P_DYN_qmax8,0.16706609203871636,0.16269582864452659,0.004370263394189777,-0.5713881592073018,0.5003773584905661,17.38,17.549783549783548
EV_S_qb0of3__NETDEBT_EBITDA_qb2of3__C1_ROE_DYN_riseq1__v0,EV_S_qb0of3__NETDEBT_EBITDA_qb2of3,C1_ROE_DYN_riseq1,0.16693344267614574,0.15594460285259082,0.010988839823554919,-0.5600664151496544,0.48766124509254066,13.83,64.02105263157895
MOM_qb2of3__DEBTRATIO_qb2of3__C8_EPS_DYN_riseq1__v0,MOM_qb2of3__DEBTRATIO_qb2of3,C8_EPS_DYN_riseq1,0.16693211863604684,0.14200737818456344,0.024924740451483407,-0.6682365133035688,0.4860326894502229,14.9,91.78245614035087
P_IC_qb1of3__MOM_qb2of3__C1_ROE_DYN_riseq1__v0,P_IC_qb1of3__MOM_qb2of3,C1_ROE_DYN_riseq1,0.1669282667081733,0.14276752601796372,0.02416074069020957,-0.6869211036296988,0.4966651155576237,14.11,84.3157894736842
EV_S_qb0of3__ROIC_qb2of3__C20_FCF_P_DYN_ytdavg_gt_lyytdavg__v0,EV_S_qb0of3__ROIC_qb2of3,C20_FCF_P_DYN_ytdavg_gt_lyytdavg,0.16691752654302405,0.15759388570377553,0.009323640839248526,-0.5663407053210538,0.5204552445401415,15.12,58.00350877192982
P_IC_qb0of3__MOM_qb2of3__C15_FCF_P_DYN_riseq1__v0,P_IC_qb0of3__MOM_qb2of3,C15_FCF_P_DYN_riseq1,0.16691337100866965,0.18204168375202867,-0.015128312743359018,-0.6534317133469962,0.4865888292836857,15.35,76.45263157894736
P_IC_qb0of3__DEBTRATIO_qb1of3__C8_EPS_DYN_riseq1__v0,P_IC_qb0of3__DEBTRATIO_qb1of3,C8_EPS_DYN_riseq1,0.16681160610523316,0.17831093585947433,-0.011499329754241172,-0.5765430552316957,0.5085616438356164,15.79,69.13333333333334
ROE_qb2of3__FCF_P_qb0of3__C3_ROE_DYN_qmax4__v0,ROE_qb2of3__FCF_P_qb0of3,C3_ROE_DYN_qmax4,0.16677231637677248,0.10654638208040024,0.06022593429637224,-0.473286270134642,0.48690539818278994,19.33,50.541984732824424
EV_S_qb1of3__EV_EBITDA_qb1of3__C3_ROE_DYN_qmax4__v0,EV_S_qb1of3__EV_EBITDA_qb1of3,C3_ROE_DYN_qmax4,0.16676517519883105,0.12268266204092337,0.04408251315790768,-0.6530828425592583,0.5146716348393107,16.19,64.26717557251908
MOM_qb2of3__NETDEBT_EBITDA_qb0of3__C13_EPS_DYN_ytdavg_gt_lyytdavg__v0,MOM_qb2of3__NETDEBT_EBITDA_qb0of3,C13_EPS_DYN_ytdavg_gt_lyytdavg,0.16676365797860182,0.14185947700151247,0.024904180977089352,-0.6709112917250881,0.4764670538754256,14.91,72.1859649122807
MOM_qb2of3__NETDEBT_EBITDA_qb1of3__C17_FCF_P_DYN_qmax4__v0,MOM_qb2of3__NETDEBT_EBITDA_qb1of3,C17_FCF_P_DYN_qmax4,0.16673725324249156,0.1473077734732009,0.01942947976929066,-0.6608964035350202,0.46931618936294567,16.95,40.19847328244275
MOM_qb2of3__NETDEBT_EBITDA_qb1of3__C3_ROE_DYN_qmax4__v0,MOM_qb2of3__NETDEBT_EBITDA_qb1of3,C3_ROE_DYN_qmax4,0.16671506180628626,0.1473077734732009,0.01940728833308536,-0.5932760960295731,0.5108578800258009,17.24,64.90458015267176
P_IC_qb1of3__NETDEBT_EBITDA_qb0of3__C2_ROE_DYN_riseq2__v0,P_IC_qb1of3__NETDEBT_EBITDA_qb0of3,C2_ROE_DYN_riseq2,0.16670244508196386,0.14197552309035966,0.0247269219916042,-0.5989684668392281,0.520579268292683,15.18,76.66788321167883
ROE_qb2of3__ROIC_qb1of3__C10_EPS_DYN_qmax4__v0,ROE_qb2of3__ROIC_qb1of3,C10_EPS_DYN_qmax4,0.16659328727198774,0.12040862931056018,0.046184657961427567,-0.5517899849180715,0.52,17.1,26.698473282442748
MOM_qb2of3__DEBTRATIO_qb2of3__C10_EPS_DYN_qmax4__v0,MOM_qb2of3__DEBTRATIO_qb2of3,C10_EPS_DYN_qmax4,0.16656840626323333,0.14200737818456344,0.02456102807866989,-0.689665861444061,0.5007052186177715,15.15,61.43129770992366
MOM_qb2of3__NETDEBT_EBITDA_qb2of3__C1_ROE_DYN_riseq1__v0,MOM_qb2of3__NETDEBT_EBITDA_qb2of3,C1_ROE_DYN_riseq1,0.16654891682884898,0.13607790519389984,0.03047101163494914,-0.6625125678831131,0.48470315859103685,14.38,80.91578947368421
EV_S_qb0of3__None__C8_EPS_DYN_riseq1__v0,EV_S_qb0of3__None,C8_EPS_DYN_riseq1,0.16644816704522292,0.15765702596425268,0.008791141080970233,-0.557245843466312,0.5046596585402222,15.1,250.0456140350877
EV_S_qb0of3__ROE_qb2of3__C1_ROE_DYN_riseq1__v0,EV_S_qb0of3__ROE_qb2of3,C1_ROE_DYN_riseq1,0.16642512950821398,0.16080766307492578,0.0056174664332881985,-0.4903265285862579,0.5003241491085899,16.18,93.76842105263158
P_IC_qb0of3__ROIC_qb1of3__C20_FCF_P_DYN_ytdavg_gt_lyytdavg__v0,P_IC_qb0of3__ROIC_qb1of3,C20_FCF_P_DYN_ytdavg_gt_lyytdavg,0.16630132455357183,0.18305739841769153,-0.016756073864119703,-0.544224729604019,0.5348884381338742,16.69,98.43508771929825
PS_qb0of3__ACCRUAL_qb0of3__None__v0,PS_qb0of3__ACCRUAL_qb0of3,None,0.16627029120688008,0.16627029120688008,0.0,-0.536357220956702,0.48937262552623473,17.15,168.56228956228955
PS_qb1of3__MOM_qb2of3__C4_ROE_DYN_qmax8__v0,PS_qb1of3__MOM_qb2of3,C4_ROE_DYN_qmax8,0.16626322616427558,0.13687445579871116,0.02938877036556442,-0.6821201950556313,0.5032646911099949,18.53,30.57510729613734
PS_qb0of3__None__None__v0,PS_qb0of3__None,None,0.16620841805915898,0.16620841805915898,0.0,-0.5642915094913403,0.5786202610316967,16.25,462.6363636363636
PS_qb0of3__None__C1_ROE_DYN_riseq1__v0,PS_qb0of3__None,C1_ROE_DYN_riseq1,0.16620725307786643,0.16620841805915898,-1.1649812925451641e-06,-0.5588958018432104,0.49353174306438347,15.17,249.16842105263157
EV_S_qb1of3__EV_EBITDA_qb1of3__C11_EPS_DYN_qmax8__v0,EV_S_qb1of3__EV_EBITDA_qb1of3,C11_EPS_DYN_qmax8,0.16614008134420533,0.12268266204092337,0.04345741930328195,-0.7576094226311648,0.5207756232686981,18.28,41.51502145922747
PS_qb1of3__NETDEBT_EBITDA_qb0of3__C9_EPS_DYN_riseq2__v0,PS_qb1of3__NETDEBT_EBITDA_qb0of3,C9_EPS_DYN_riseq2,0.16607795395949876,0.1188095866868164,0.047268367272682354,-0.6230659294438097,0.5240613432046536,15.33,72.4014598540146
PS_qb0of3__ROE_qb2of3__C19_FCF_P_DYN_yoy__v0,PS_qb0of3__ROE_qb2of3,C19_FCF_P_DYN_yoy,0.16606711401233354,0.16777979365724227,-0.0017126796449087323,-0.5162825592115651,0.5155263822267104,17.4,66.748
MOM_qb2of3__EV_EBITDA_qb1of3__C13_EPS_DYN_ytdavg_gt_lyytdavg__v0,MOM_qb2of3__EV_EBITDA_qb1of3,C13_EPS_DYN_ytdavg_gt_lyytdavg,0.16604750813542557,0.16230434248849268,0.003743165646932889,-0.6370272533360308,0.49178743961352656,15.45,98.23508771929825
PS_qb1of3__OCF_E_qb2of3__C3_ROE_DYN_qmax4__v0,PS_qb1of3__OCF_E_qb2of3,C3_ROE_DYN_qmax4,0.16604732001634348,0.10402702318790835,0.06202029682843513,-0.4880167280042519,0.509540193931811,18.01,47.02671755725191
PS_qb1of3__ROIC_qb2of3__C3_ROE_DYN_qmax4__v0,PS_qb1of3__ROIC_qb2of3,C3_ROE_DYN_qmax4,0.16602130047877628,0.12570144548191764,0.04031985499685864,-0.5079577878514525,0.5145523217062875,17.46,68.77862595419847
P_IC_qb0of3__EV_S_qb0of3__C19_FCF_P_DYN_yoy__v0,P_IC_qb0of3__EV_S_qb0of3,C19_FCF_P_DYN_yoy,0.16596857133425091,0.18640346143351416,-0.020434890099263248,-0.5831608620108595,0.522852930335422,17.04,122.836
MOM_qb2of3__ACCRUAL_qb1of3__C2_ROE_DYN_riseq2__v0,MOM_qb2of3__ACCRUAL_qb1of3,C2_ROE_DYN_riseq2,0.1659495358945704,0.13592025080935466,0.03002928508521574,-0.648672956773754,0.507132459970888,16.19,89.52554744525547
P_IC_qb1of3__ROIC_qb2of3__C1_ROE_DYN_riseq1__v0,P_IC_qb1of3__ROIC_qb2of3,C1_ROE_DYN_riseq1,0.16592441505904265,0.16269582864452659,0.003228586414516066,-0.5319029548928593,0.50624,16.93,90.90877192982457
MOM_qb2of3__NETDEBT_EBITDA_qb2of3__C7_ROE_DYN_ytdavg_gt_lyavg__v0,MOM_qb2of3__NETDEBT_EBITDA_qb2of3,C7_ROE_DYN_ytdavg_gt_lyavg,0.16584879643906425,0.13607790519389984,0.02977089124516441,-0.685875334018194,0.45878568556493765,14.21,74.35438596491228
PB_qb0of3__None__C20_FCF_P_DYN_ytdavg_gt_lyytdavg__v0,PB_qb0of3__None,C20_FCF_P_DYN_ytdavg_gt_lyytdavg,0.16584625315403767,0.1813653578473695,-0.015519104693331842,-0.6067877555178922,0.5505931612002791,16.33,233.94035087719297
P_IC_qb0of3__NETDEBT_EBITDA_qb1of3__C20_FCF_P_DYN_ytdavg_gt_lyytdavg__v0,P_IC_qb0of3__NETDEBT_EBITDA_qb1of3,C20_FCF_P_DYN_ytdavg_gt_lyytdavg,0.16581068313220038,0.18511348712500109,-0.01930280399280071,-0.5737552616134721,0.5291396854764108,15.5,50.40350877192982
MOM_qb2of3__ROE_qb1of3__C8_EPS_DYN_riseq1__v0,MOM_qb2of3__ROE_qb1of3,C8_EPS_DYN_riseq1,0.1657829761758376,0.14308725897377994,0.022695717202057653,-0.646649399762387,0.5026567481402763,15.62,82.6140350877193
EV_S_qb0of3__DEBTRATIO_qb0of3__C19_FCF_P_DYN_yoy__v0,EV_S_qb0of3__DEBTRATIO_qb0of3,C19_FCF_P_DYN_yoy,0.16573039442434156,0.17427513647925252,-0.008544742054910959,-0.5781659898022042,0.5295575221238938,19.17,57.22
P_IC_qb1of3__NETDEBT_EBITDA_qb0of3__C9_EPS_DYN_riseq2__v0,P_IC_qb1of3__NETDEBT_EBITDA_qb0of3,C9_EPS_DYN_riseq2,0.16567834723696717,0.14197552309035966,0.023702824146607515,-0.609239251344569,0.5284656624968088,15.41,76.11678832116789
ROE_qb2of3__NETDEBT_EBITDA_qb2of3__C10_EPS_DYN_qmax4__v0,ROE_qb2of3__NETDEBT_EBITDA_qb2of3,C10_EPS_DYN_qmax4,0.16565113239880547,0.12706706831299486,0.03858406408581061,-0.4983504030091187,0.4864489228630994,16.84,44.48854961832061
PS_qb1of3__NETDEBT_EBITDA_qb0of3__C1_ROE_DYN_riseq1__v0,PS_qb1of3__NETDEBT_EBITDA_qb0of3,C1_ROE_DYN_riseq1,0.1655944111572456,0.1188095866868164,0.0467848244704292,-0.5776939520038359,0.49536219081272087,15.77,72.3859649122807
ROE_qb2of3__ROIC_qb1of3__C14_EPS_DYN_ytdavg_gt_lyavg__v0,ROE_qb2of3__ROIC_qb1of3,C14_EPS_DYN_ytdavg_gt_lyavg,0.16546036514346096,0.12040862931056018,0.045051735832900786,-0.46201331561025993,0.4924209614551754,15.66,38.63508771929825
PB_qb1of3__ROIC_qb2of3__C13_EPS_DYN_ytdavg_gt_lyytdavg__v0,PB_qb1of3__ROIC_qb2of3,C13_EPS_DYN_ytdavg_gt_lyytdavg,0.1654323251790033,0.1573162106871937,0.0081161144918096,-0.46942320116671366,0.4918490917559385,16.59,83.21754385964913
PS_qb1of3__DEBTRATIO_qb0of3__C12_EPS_DYN_yoy__v0,PS_qb1of3__DEBTRATIO_qb0of3,C12_EPS_DYN_yoy,0.16540007726764294,0.12730497339873037,0.03809510386891257,-0.6046819244259609,0.5169740711039829,17.4,83.528
PS_qb0of3__DEBTRATIO_qb2of3__None__v0,PS_qb0of3__DEBTRATIO_qb2of3,None,0.16533570385241192,0.16533570385241192,0.0,-0.5816989216489011,0.5364632237871675,15.96,249.53198653198652
MOM_qb2of3__ROIC_qb1of3__C7_ROE_DYN_ytdavg_gt_lyavg__v0,MOM_qb2of3__ROIC_qb1of3,C7_ROE_DYN_ytdavg_gt_lyavg,0.16531906366760363,0.14880087180690538,0.01651819186069825,-0.5953421814941827,0.4898352611286365,14.58,75.9578947368421
MOM_qb2of3__NETDEBT_EBITDA_qb2of3__C14_EPS_DYN_ytdavg_gt_lyavg__v0,MOM_qb2of3__NETDEBT_EBITDA_qb2of3,C14_EPS_DYN_ytdavg_gt_lyavg,0.1652749753213716,0.13607790519389984,0.029197070127471747,-0.6697482562375645,0.45456295725837503,14.69,78.52631578947368
PS_qb0of3__ROIC_qb1of3__C1_ROE_DYN_riseq1__v0,PS_qb0of3__ROIC_qb1of3,C1_ROE_DYN_riseq1,0.1652732084419688,0.16131933517355046,0.00395387326841834,-0.5544653967557593,0.5044548154433602,15.25,114.04561403508772
MOM_qb2of3__None__C13_EPS_DYN_ytdavg_gt_lyytdavg__v0,MOM_qb2of3__None,C13_EPS_DYN_ytdavg_gt_lyytdavg,0.16525574264953113,0.11806777849564609,0.04718796415388504,-0.6345207059284941,0.4676058086136279,15.31,256.88070175438594
MOM_qb2of3__NETDEBT_EBITDA_qb0of3__C15_FCF_P_DYN_riseq1__v0,MOM_qb2of3__NETDEBT_EBITDA_qb0of3,C15_FCF_P_DYN_riseq1,0.165240766438272,0.14185947700151247,0.023381289436759545,-0.7109043883127546,0.4664553618594823,14.47,66.77894736842106
MOM_qb2of3__EV_EBITDA_qb1of3__C15_FCF_P_DYN_riseq1__v0,MOM_qb2of3__EV_EBITDA_qb1of3,C15_FCF_P_DYN_riseq1,0.16523351468229497,0.16230434248849268,0.0029291721938022874,-0.654399974369954,0.48374872467570323,15.66,75.89122807017544
PS_qb0of3__EV_EBITDA_qb0of3__C15_FCF_P_DYN_riseq1__v0,PS_qb0of3__EV_EBITDA_qb0of3,C15_FCF_P_DYN_riseq1,0.16520416004230398,0.19253203521120743,-0.027327875168903448,-0.5265846726017656,0.4698360655737705,15.83,88.6280701754386
MOM_qb2of3__FCF_P_qb2of3__C1_ROE_DYN_riseq1__v0,MOM_qb2of3__FCF_P_qb2of3,C1_ROE_DYN_riseq1,0.16519569595954375,0.15611793939613228,0.009077756563411477,-0.6472465388045023,0.5170337939526611,14.82,87.64561403508772
PS_qb0of3__ACCRUAL_qb0of3__C1_ROE_DYN_riseq1__v0,PS_qb0of3__ACCRUAL_qb0of3,C1_ROE_DYN_riseq1,0.16517909991877988,0.16627029120688008,-0.0010911912881002017,-0.5238873278760907,0.49031705227077976,15.69,81.71929824561404
PS_qb1of3__NETDEBT_EBITDA_qb0of3__C2_ROE_DYN_riseq2__v0,PS_qb1of3__NETDEBT_EBITDA_qb0of3,C2_ROE_DYN_riseq2,0.1650999562316957,0.1188095866868164,0.046290369544879306,-0.6382806302634351,0.5154855643044619,15.07,72.7043795620438
PB_qb0of3__FCF_P_qb1of3__C20_FCF_P_DYN_ytdavg_gt_lyytdavg__v0,PB_qb0of3__FCF_P_qb1of3,C20_FCF_P_DYN_ytdavg_gt_lyytdavg,0.16509264751562558,0.18135868898675023,-0.016266041471124648,-0.5928192837131233,0.5126333520494104,15.5,51.228070175438596
EV_S_qb0of3__None__C1_ROE_DYN_riseq1__v0,EV_S_qb0of3__None,C1_ROE_DYN_riseq1,0.16504702014067285,0.15765702596425268,0.007389994176420167,-0.5500853188391832,0.5053932584269663,15.3,246.2
P_IC_qb1of3__ROE_qb2of3__C8_EPS_DYN_riseq1__v0,P_IC_qb1of3__ROE_qb2of3,C8_EPS_DYN_riseq1,0.1650232608418758,0.16008839291117583,0.004934867930699971,-0.5405179308296781,0.5014059753954305,17.2,85.28421052631579
MOM_qb2of3__ACCRUAL_qb0of3__C16_FCF_P_DYN_riseq2__v0,MOM_qb2of3__ACCRUAL_qb0of3,C16_FCF_P_DYN_riseq2,0.16500212662449676,0.15505270527372694,0.009949421350769816,-0.6644445506484081,0.4883252141777255,16.6,73.05109489051095
PB_qb0of3__PS_qb0of3__C19_FCF_P_DYN_yoy__v0,PB_qb0of3__PS_qb0of3,C19_FCF_P_DYN_yoy,0.16496944873276154,0.19683269190132835,-0.03186324316856681,-0.602283449050123,0.5211336828309305,17.34,135.74
MOM_qb2of3__NETDEBT_EBITDA_qb1of3__C13_EPS_DYN_ytdavg_gt_lyytdavg__v0,MOM_qb2of3__NETDEBT_EBITDA_qb1of3,C13_EPS_DYN_ytdavg_gt_lyytdavg,0.1649213751731411,0.1473077734732009,0.017613601699940196,-0.5657055752750149,0.48461768219832735,16.44,102.42456140350878
PS_qb0of3__DEBTRATIO_qb0of3__None__v0,PS_qb0of3__DEBTRATIO_qb0of3,None,0.1648921144720774,0.1648921144720774,0.0,-0.5136596814510106,0.5552747946936197,17.19,53.94949494949495
EV_S_qb0of3__OCF_E_qb1of3__C1_ROE_DYN_riseq1__v0,EV_S_qb0of3__OCF_E_qb1of3,C1_ROE_DYN_riseq1,0.16485800105321968,0.16012337011211542,0.0047346309411042675,-0.5471341060563755,0.5141465242645681,15.49,75.41052631578947
PS_qb0of3__ACCRUAL_qb1of3__C9_EPS_DYN_riseq2__v0,PS_qb0of3__ACCRUAL_qb1of3,C9_EPS_DYN_riseq2,0.1648122911422638,0.1621387652783881,0.002673525863875703,-0.5709403487395193,0.5216092411870146,15.77,77.64963503649635
EV_S_qb1of3__ROIC_qb2of3__C11_EPS_DYN_qmax8__v0,EV_S_qb1of3__ROIC_qb2of3,C11_EPS_DYN_qmax8,0.16480660727698382,0.1141413742374382,0.05066523303954562,-0.6377813184045629,0.5158481365377917,20.65,48.742489270386265
EV_S_qb0of3__EV_EBITDA_qb0of3__C20_FCF_P_DYN_ytdavg_gt_lyytdavg__v0,EV_S_qb0of3__EV_EBITDA_qb0of3,C20_FCF_P_DYN_ytdavg_gt_lyytdavg,0.16478412495085504,0.17847911845269882,-0.013694993501843777,-0.530833367474945,0.5180428134556575,15.81,115.49473684210527
P_IC_qb0of3__DEBTRATIO_qb0of3__C19_FCF_P_DYN_yoy__v0,P_IC_qb0of3__DEBTRATIO_qb0of3,C19_FCF_P_DYN_yoy,0.16477374835276093,0.20424156536402682,-0.03946781701126589,-0.6241109737689918,0.5120663650075414,18.92,26.492
PS_qb0of3__NETDEBT_EBITDA_qb2of3__None__v0,PS_qb0of3__NETDEBT_EBITDA_qb2of3,None,0.16474534749704373,0.16474534749704373,0.0,-0.5951502564931161,0.5524409448818898,16.22,223.55555555555554
MOM_qb2of3__NETDEBT_EBITDA_qb2of3__C11_EPS_DYN_qmax8__v0,MOM_qb2of3__NETDEBT_EBITDA_qb2of3,C11_EPS_DYN_qmax8,0.16474173588635943,0.13607790519389984,0.02866383069245959,-0.6306475677619945,0.484863523573201,16.24,31.600858369098713
ROE_qb2of3__ROIC_qb1of3__C11_EPS_DYN_qmax8__v0,ROE_qb2of3__ROIC_qb1of3,C11_EPS_DYN_qmax8,0.16466456971049337,0.12040862931056018,0.04425594039993319,-0.6193848457516931,0.5425531914893617,17.71,17.047619047619047
MOM_qb2of3__ROIC_qb2of3__C19_FCF_P_DYN_yoy__v0,MOM_qb2of3__ROIC_qb2of3,C19_FCF_P_DYN_yoy,0.16465001474095042,0.1626939247574768,0.00195608998347363,-0.6614130967733789,0.5026529338327091,18.31,92.444
PB_qb0of3__MOM_qb2of3__C15_FCF_P_DYN_riseq1__v0,PB_qb0of3__MOM_qb2of3,C15_FCF_P_DYN_riseq1,0.16452625728050685,0.17812025809063203,-0.013594000810125184,-0.6586532798864216,0.4893415442918048,16.1,75.46315789473684
P_IC_qb1of3__NETDEBT_EBITDA_qb0of3__C1_ROE_DYN_riseq1__v0,P_IC_qb1of3__NETDEBT_EBITDA_qb0of3,C1_ROE_DYN_riseq1,0.16451486532273307,0.14197552309035966,0.022539342232373416,-0.5859490225252164,0.5011635286651153,15.05,76.85263157894737
P_IC_qb1of3__NETDEBT_EBITDA_qb1of3__C11_EPS_DYN_qmax8__v0,P_IC_qb1of3__NETDEBT_EBITDA_qb1of3,C11_EPS_DYN_qmax8,0.16449346567977763,0.11425449559436518,0.05023897008541245,-0.42153038630327166,0.5099818511796733,20.75,35.9656652360515
PB_qb1of3__FCF_OI_qb1of3__C14_EPS_DYN_ytdavg_gt_lyavg__v0,PB_qb1of3__FCF_OI_qb1of3,C14_EPS_DYN_ytdavg_gt_lyavg,0.16445432245525016,0.11455659643931759,0.049897726015932564,-0.5509804889749799,0.49468954248366015,15.82,78.43157894736842
P_IC_qb0of3__ROE_qb2of3__C20_FCF_P_DYN_ytdavg_gt_lyytdavg__v0,P_IC_qb0of3__ROE_qb2of3,C20_FCF_P_DYN_ytdavg_gt_lyytdavg,0.16440853026591307,0.20928208051419395,-0.04487355024828088,-0.5204958291023354,0.5223413762287757,15.66,36.10526315789474
PB_qb1of3__OCF_E_qb2of3__C6_ROE_DYN_ytdavg_gt_lyytdavg__v0,PB_qb1of3__OCF_E_qb2of3,C6_ROE_DYN_ytdavg_gt_lyytdavg,0.16436380942818873,0.1259024888946132,0.03846132053357554,-0.5128138316345775,0.49710858856286144,16.98,72.58947368421053
PS_qb0of3__DEBTRATIO_qb1of3__C9_EPS_DYN_riseq2__v0,PS_qb0of3__DEBTRATIO_qb1of3,C9_EPS_DYN_riseq2,0.16436128597397714,0.16188189278048704,0.0024793931934901092,-0.5093385605346993,0.5118203309692672,16.3,87.7919708029197
PB_qb0of3__ROE_qb2of3__C16_FCF_P_DYN_riseq2__v0,PB_qb0of3__ROE_qb2of3,C16_FCF_P_DYN_riseq2,0.16436037389301417,0.20625735013604096,-0.041896976243026796,-0.657708254618399,0.5192539109506619,16.49,23.434306569343065
PB_qb1of3__NETDEBT_EBITDA_qb1of3__C4_ROE_DYN_qmax8__v0,PB_qb1of3__NETDEBT_EBITDA_qb1of3,C4_ROE_DYN_qmax8,0.16425683052256534,0.11518524454398116,0.04907158597858419,-0.5319092107245025,0.5138154027042916,19.92,26.609442060085836
PB_qb1of3__OCF_E_qb2of3__C7_ROE_DYN_ytdavg_gt_lyavg__v0,PB_qb1of3__OCF_E_qb2of3,C7_ROE_DYN_ytdavg_gt_lyavg,0.16421190608618708,0.1259024888946132,0.03830941719157388,-0.5166358828036709,0.493614160878333,16.77,69.2140350877193
MOM_qb2of3__ROIC_qb1of3__C14_EPS_DYN_ytdavg_gt_lyavg__v0,MOM_qb2of3__ROIC_qb1of3,C14_EPS_DYN_ytdavg_gt_lyavg,0.1642082156565634,0.14880087180690538,0.015407343849658028,-0.6058648579086936,0.4904104979811575,14.36,79.49824561403508
PS_qb1of3__DEBTRATIO_qb0of3__C9_EPS_DYN_riseq2__v0,PS_qb1of3__DEBTRATIO_qb0of3,C9_EPS_DYN_riseq2,0.16416794086641717,0.12730497339873037,0.0368629674676868,-0.6168922796704284,0.527996187753157,16.26,83.86496350364963
PB_qb1of3__FCF_OI_qb1of3__C12_EPS_DYN_yoy__v0,PB_qb1of3__FCF_OI_qb1of3,C12_EPS_DYN_yoy,0.16413099009975562,0.11455659643931759,0.04957439366043803,-0.5910314791546795,0.4960362400906002,17.53,87.552
EV_S_qb1of3__OCF_E_qb2of3__C2_ROE_DYN_riseq2__v0,EV_S_qb1of3__OCF_E_qb2of3,C2_ROE_DYN_riseq2,0.16409980622587406,0.12057084445892974,0.04352896176694432,-0.555672759012171,0.49764065335753177,17.89,86.77372262773723
MOM_qb2of3__FCF_OI_qb0of3__C2_ROE_DYN_riseq2__v0,MOM_qb2of3__FCF_OI_qb0of3,C2_ROE_DYN_riseq2,0.16402608686745923,0.11480569700354648,0.04922038986391275,-0.6856873659111626,0.4827093908629442,17.37,81.17153284671532
PS_qb0of3__MOM_qb2of3__C18_FCF_P_DYN_qmax8__v0,PS_qb0of3__MOM_qb2of3,C18_FCF_P_DYN_qmax8,0.1640180586076485,0.18562674496910136,-0.021608686361452856,-0.7039044559373822,0.4899874843554443,16.82,20.70258620689655
PB_qb1of3__FCF_OI_qb1of3__C5_ROE_DYN_yoy__v0,PB_qb1of3__FCF_OI_qb1of3,C5_ROE_DYN_yoy,0.16399095964842547,0.11455659643931759,0.04943436320910788,-0.5826766773403317,0.4935440354596261,17.79,85.248
MOM_qb2of3__ACCRUAL_qb1of3__C9_EPS_DYN_riseq2__v0,MOM_qb2of3__ACCRUAL_qb1of3,C9_EPS_DYN_riseq2,0.16397521943414772,0.13592025080935466,0.028054968624793064,-0.6363841756904731,0.5074373140671483,16.35,92.24817518248175
MOM_qb2of3__ACCRUAL_qb2of3__C4_ROE_DYN_qmax8__v0,MOM_qb2of3__ACCRUAL_qb2of3,C4_ROE_DYN_qmax8,0.16397090003056136,0.11763516061125423,0.04633573941930713,-0.6569439143574851,0.5061224489795918,18.4,38.93133047210301
MOM_qb2of3__NETDEBT_EBITDA_qb2of3__C8_EPS_DYN_riseq1__v0,MOM_qb2of3__NETDEBT_EBITDA_qb2of3,C8_EPS_DYN_riseq1,0.16396030339979006,0.13607790519389984,0.027882398205890224,-0.6582780657977705,0.4795786061588331,15.19,82.7719298245614
PS_qb0of3__DEBTRATIO_qb1of3__C3_ROE_DYN_qmax4__v0,PS_qb0of3__DEBTRATIO_qb1of3,C3_ROE_DYN_qmax4,0.16388462877793786,0.16188189278048704,0.002002735997450822,-0.5535464345599778,0.5123251165889408,14.66,47.93511450381679
MOM_qb2of3__DEBTRATIO_qb1of3__C14_EPS_DYN_ytdavg_gt_lyavg__v0,MOM_qb2of3__DEBTRATIO_qb1of3,C14_EPS_DYN_ytdavg_gt_lyavg,0.16387882687817612,0.14168975306734088,0.022189073810835236,-0.6244009156797621,0.4756311360448808,15.79,84.22456140350877
EV_S_qb1of3__OCF_E_qb2of3__C10_EPS_DYN_qmax4__v0,EV_S_qb1of3__OCF_E_qb2of3,C10_EPS_DYN_qmax4,0.16381864127792012,0.12057084445892974,0.04324779681899038,-0.5860130849894265,0.5021216407355021,17.71,52.87786259541985
MOM_qb2of3__ROIC_qb1of3__C6_ROE_DYN_ytdavg_gt_lyytdavg__v0,MOM_qb2of3__ROIC_qb1of3,C6_ROE_DYN_ytdavg_gt_lyytdavg,0.16381588871499564,0.14880087180690538,0.015015016908090262,-0.5874495638201926,0.48898824308660377,15.08,79.79298245614035
MOM_qb2of3__DEBTRATIO_qb0of3__C7_ROE_DYN_ytdavg_gt_lyavg__v0,MOM_qb2of3__DEBTRATIO_qb0of3,C7_ROE_DYN_ytdavg_gt_lyavg,0.16372960038855644,0.1358581434377284,0.027871456950828044,-0.6192760605021302,0.48440483768300446,14.88,69.0140350877193
PB_qb1of3__OCF_E_qb2of3__C13_EPS_DYN_ytdavg_gt_lyytdavg__v0,PB_qb1of3__OCF_E_qb2of3,C13_EPS_DYN_ytdavg_gt_lyytdavg,0.16360741296870263,0.1259024888946132,0.03770492407408943,-0.5154130801216594,0.49366053169734153,17.06,76.6842105263158
MOM_qb2of3__OCF_E_qb1of3__C7_ROE_DYN_ytdavg_gt_lyavg__v0,MOM_qb2of3__OCF_E_qb1of3,C7_ROE_DYN_ytdavg_gt_lyavg,0.16357459211802317,0.1381613845942784,0.025413207523744763,-0.6213272470778164,0.4898541002850914,15.07,74.2701754385965
PB_qb0of3__ROIC_qb1of3__C19_FCF_P_DYN_yoy__v0,PB_qb0of3__ROIC_qb1of3,C19_FCF_P_DYN_yoy,0.16356461263490618,0.18256711047310548,-0.019002497838199295,-0.539098987709578,0.5219683655536028,19.53,100.884
ROE_qb2of3__DEBTRATIO_qb0of3__C5_ROE_DYN_yoy__v0,ROE_qb2of3__DEBTRATIO_qb0of3,C5_ROE_DYN_yoy,0.16331990552645737,0.1083279530990704,0.05499195242738697,-0.4741750046563966,0.4894996110967073,19.75,88.712
MOM_qb2of3__ROIC_qb1of3__C2_ROE_DYN_riseq2__v0,MOM_qb2of3__ROIC_qb1of3,C2_ROE_DYN_riseq2,0.16331303643433892,0.14880087180690538,0.014512164627433544,-0.5886441374632485,0.5036507689917663,16.2,87.98175182481752
PB_qb1of3__MOM_qb2of3__C7_ROE_DYN_ytdavg_gt_lyavg__v0,PB_qb1of3__MOM_qb2of3,C7_ROE_DYN_ytdavg_gt_lyavg,0.16326675326561735,0.1423822447586076,0.020884508507009736,-0.667559790371753,0.4788206754991603,13.96,75.08421052631579
PS_qb1of3__OCF_E_qb1of3__C2_ROE_DYN_riseq2__v0,PS_qb1of3__OCF_E_qb1of3,C2_ROE_DYN_riseq2,0.1632585171387062,0.11005598483431767,0.05320253230438854,-0.5927581237944358,0.5168714310434331,16.73,92.82481751824818
PB_qb1of3__MOM_qb2of3__C14_EPS_DYN_ytdavg_gt_lyavg__v0,PB_qb1of3__MOM_qb2of3,C14_EPS_DYN_ytdavg_gt_lyavg,0.1632075046205772,0.1423822447586076,0.02082525986196959,-0.668295020787766,0.4763240968081375,13.9,81.08771929824562
PS_qb0of3__DEBTRATIO_qb0of3__C1_ROE_DYN_riseq1__v0,PS_qb0of3__DEBTRATIO_qb0of3,C1_ROE_DYN_riseq1,0.16319529309377478,0.1648921144720774,-0.0016968213783026265,-0.5602815093245135,0.5033296337402886,16.39,29.782456140350877
P_IC_qb1of3__MOM_qb2of3__C12_EPS_DYN_yoy__v0,P_IC_qb1of3__MOM_qb2of3,C12_EPS_DYN_yoy,0.16317744794181377,0.14276752601796372,0.02040992192385005,-0.6852913396391327,0.4839037614368011,17.39,94.428
MOM_qb2of3__FCF_P_qb1of3__C10_EPS_DYN_qmax4__v0,MOM_qb2of3__FCF_P_qb1of3,C10_EPS_DYN_qmax4,0.1631144315499935,0.1303189927093793,0.0327954388406142,-0.6428025732914877,0.5053028517558331,15.48,56.099236641221374
ROE_qb2of3__FCF_P_qb0of3__C12_EPS_DYN_yoy__v0,ROE_qb2of3__FCF_P_qb0of3,C12_EPS_DYN_yoy,0.16308812131463868,0.10654638208040024,0.05654173923423844,-0.4777998255800172,0.47996485061511424,22.05,86.856
PS_qb0of3__ROIC_qb2of3__None__v0,PS_qb0of3__ROIC_qb2of3,None,0.16300310603459844,0.16300310603459844,0.0,-0.45271349103375746,0.4905739421868454,15.97,97.006734006734
PB_qb0of3__None__C16_FCF_P_DYN_riseq2__v0,PB_qb0of3__None,C16_FCF_P_DYN_riseq2,0.1629751644631725,0.1813653578473695,-0.018390193384197007,-0.5886723218276575,0.5216935253170593,17.75,236.17153284671534
PB_qb1of3__FCF_OI_qb1of3__C10_EPS_DYN_qmax4__v0,PB_qb1of3__FCF_OI_qb1of3,C10_EPS_DYN_qmax4,0.16296897248198405,0.11455659643931759,0.04841237604266646,-0.5389192673389067,0.523032904148784,16.34,49.274809160305345
MOM_qb2of3__FCF_OI_qb2of3__C13_EPS_DYN_ytdavg_gt_lyytdavg__v0,MOM_qb2of3__FCF_OI_qb2of3,C13_EPS_DYN_ytdavg_gt_lyytdavg,0.16294373410571183,0.13952586865099859,0.02341786545471325,-0.6318988906507871,0.49155582125242864,15.84,82.64912280701755
P_IC_qb1of3__NETDEBT_EBITDA_qb0of3__C14_EPS_DYN_ytdavg_gt_lyavg__v0,P_IC_qb1of3__NETDEBT_EBITDA_qb0of3,C14_EPS_DYN_ytdavg_gt_lyavg,0.16292059537307435,0.14197552309035966,0.020945072282714694,-0.5590982026956053,0.49591078066914496,15.43,63.835087719298244
MOM_qb2of3__ACCRUAL_qb1of3__C14_EPS_DYN_ytdavg_gt_lyavg__v0,MOM_qb2of3__ACCRUAL_qb1of3,C14_EPS_DYN_ytdavg_gt_lyavg,0.16286618560478505,0.13592025080935466,0.026945934795430393,-0.6512778740253202,0.49213313161875943,15.4,83.05964912280702
EV_S_qb1of3__ROE_qb2of3__C11_EPS_DYN_qmax8__v0,EV_S_qb1of3__ROE_qb2of3,C11_EPS_DYN_qmax8,0.16282780607282765,0.11697884944628889,0.04584895662653876,-0.6344391838556879,0.511340206185567,20.11,48.957081545064376
MOM_qb2of3__DEBTRATIO_qb2of3__C16_FCF_P_DYN_riseq2__v0,MOM_qb2of3__DEBTRATIO_qb2of3,C16_FCF_P_DYN_riseq2,0.1628046742439886,0.14200737818456344,0.020797296059425152,-0.6560939487997828,0.4776595744680851,15.34,78.21532846715328
EV_S_qb1of3__ROIC_qb2of3__C3_ROE_DYN_qmax4__v0,EV_S_qb1of3__ROIC_qb2of3,C3_ROE_DYN_qmax4,0.1628035321030532,0.1141413742374382,0.04866215786561501,-0.543204914893922,0.507940108892922,17.06,66.32824427480917
PS_qb0of3__NETDEBT_EBITDA_qb0of3__None__v0,PS_qb0of3__NETDEBT_EBITDA_qb0of3,None,0.1627649501016779,0.1627649501016779,0.0,-0.5413373248339057,0.549835255354201,16.91,98.87542087542087
MOM_qb2of3__ROE_qb1of3__C3_ROE_DYN_qmax4__v0,MOM_qb2of3__ROE_qb1of3,C3_ROE_DYN_qmax4,0.16271368362251426,0.14308725897377994,0.01962642464873432,-0.6127631129461122,0.5116212338593974,14.29,46.95038167938932
P_IC_qb1of3__ROIC_qb2of3__None__v0,P_IC_qb1of3__ROIC_qb2of3,None,0.16269582864452659,0.16269582864452659,0.0,-0.5143891012851338,0.5002476473501734,16.66,127.0976430976431
MOM_qb2of3__ROIC_qb2of3__None__v0,MOM_qb2of3__ROIC_qb2of3,None,0.1626939247574768,0.1626939247574768,0.0,-0.6587115737288296,0.4918222222222222,15.29,170.36026936026937
EV_S_qb1of3__NETDEBT_EBITDA_qb2of3__C12_EPS_DYN_yoy__v0,EV_S_qb1of3__NETDEBT_EBITDA_qb2of3,C12_EPS_DYN_yoy,0.1626426511488832,0.13111893250082707,0.03152371864805614,-0.5979183667899413,0.47213541666666664,18.58,88.304
MOM_qb2of3__FCF_P_qb1of3__C6_ROE_DYN_ytdavg_gt_lyytdavg__v0,MOM_qb2of3__FCF_P_qb1of3,C6_ROE_DYN_ytdavg_gt_lyytdavg,0.16263503828750014,0.1303189927093793,0.032316045578120844,-0.6331585674371949,0.4849053652432348,15.33,80.76491228070175
PB_qb0of3__ROE_qb2of3__C15_FCF_P_DYN_riseq1__v0,PB_qb0of3__ROE_qb2of3,C15_FCF_P_DYN_riseq1,0.16262636726920277,0.20625735013604096,-0.0436309828668382,-0.7863683189484322,0.49721603563474387,16.38,21.621052631578948
PS_qb0of3__ACCRUAL_qb1of3__C3_ROE_DYN_qmax4__v0,PS_qb0of3__ACCRUAL_qb1of3,C3_ROE_DYN_qmax4,0.16255408100094004,0.1621387652783881,0.0004153157225519344,-0.6196247843377833,0.50960219478738,14.39,41.8206106870229
P_IC_qb0of3__PS_qb0of3__C19_FCF_P_DYN_yoy__v0,P_IC_qb0of3__PS_qb0of3,C19_FCF_P_DYN_yoy,0.1625359792370349,0.19078211269583956,-0.028246133458804668,-0.5923821184112625,0.5134662978599505,16.63,155.18
ROE_qb2of3__OCF_E_qb2of3__C5_ROE_DYN_yoy__v0,ROE_qb2of3__OCF_E_qb2of3,C5_ROE_DYN_yoy,0.1623708001151245,0.11121481636596298,0.05115598374916153,-0.4344275014771478,0.4876882620129094,20.37,164.96
MOM_qb2of3__EV_EBITDA_qb0of3__C17_FCF_P_DYN_qmax4__v0,MOM_qb2of3__EV_EBITDA_qb0of3,C17_FCF_P_DYN_qmax4,0.1623373159922663,0.18152517875580787,-0.019187862763541563,-0.643160490650502,0.4908873618165521,16.57,40.847328244274806
MOM_qb2of3__FCF_OI_qb0of3__C10_EPS_DYN_qmax4__v0,MOM_qb2of3__FCF_OI_qb0of3,C10_EPS_DYN_qmax4,0.16232583173319015,0.11480569700354648,0.04752013472964367,-0.6586238019809469,0.4882765288856659,17.24,54.66030534351145
P_IC_qb0of3__EV_S_qb0of3__C20_FCF_P_DYN_ytdavg_gt_lyytdavg__v0,P_IC_qb0of3__EV_S_qb0of3,C20_FCF_P_DYN_ytdavg_gt_lyytdavg,0.16232229524975028,0.18640346143351416,-0.02408116618376388,-0.5801365995833816,0.5392829900839055,15.72,125.53684210526316
MOM_qb2of3__EV_EBITDA_qb1of3__None__v0,MOM_qb2of3__EV_EBITDA_qb1of3,None,0.16230434248849268,0.16230434248849268,0.0,-0.6470613759559092,0.49196031474512486,15.26,155.67340067340066
MOM_qb2of3__FCF_OI_qb2of3__C8_EPS_DYN_riseq1__v0,MOM_qb2of3__FCF_OI_qb2of3,C8_EPS_DYN_riseq1,0.1622155119685822,0.13952586865099859,0.022689643317583608,-0.674718448009786,0.5070126227208976,15.63,84.81052631578947
P_IC_qb1of3__ROIC_qb2of3__C20_FCF_P_DYN_ytdavg_gt_lyytdavg__v0,P_IC_qb1of3__ROIC_qb2of3,C20_FCF_P_DYN_ytdavg_gt_lyytdavg,0.16218071172231374,0.16269582864452659,-0.0005151169222128438,-0.5252077034229923,0.5291338582677165,16.06,65.67017543859649
PS_qb0of3__ACCRUAL_qb1of3__None__v0,PS_qb0of3__ACCRUAL_qb1of3,None,0.1621387652783881,0.1621387652783881,0.0,-0.6031559925157619,0.4961917842427269,16.71,138.15488215488216
P_IC_qb0of3__PS_qb0of3__C20_FCF_P_DYN_ytdavg_gt_lyytdavg__v0,P_IC_qb0of3__PS_qb0of3,C20_FCF_P_DYN_ytdavg_gt_lyytdavg,0.16212966143572816,0.19078211269583956,-0.0286524512601114,-0.6041706339397817,0.5286868686868686,15.15,149.79649122807018
PS_qb0of3__EV_EBITDA_qb0of3__C19_FCF_P_DYN_yoy__v0,PS_qb0of3__EV_EBITDA_qb0of3,C19_FCF_P_DYN_yoy,0.16207078700765387,0.19253203521120743,-0.03046124820355356,-0.5447247211130263,0.4924418604651163,16.48,93.968
PS_qb0of3__DEBTRATIO_qb1of3__None__v0,PS_qb0of3__DEBTRATIO_qb1of3,None,0.16188189278048704,0.16188189278048704,0.0,-0.5485488469613949,0.5282508786158421,16.88,159.15488215488216
MOM_qb2of3__None__C1_ROE_DYN_riseq1__v0,MOM_qb2of3__None,C1_ROE_DYN_riseq1,0.16187642422221238,0.11806777849564609,0.043808645726566287,-0.6833936433725221,0.4908397356686187,15.28,253.7157894736842
MOM_qb2of3__None__C8_EPS_DYN_riseq1__v0,MOM_qb2of3__None,C8_EPS_DYN_riseq1,0.16185314775949178,0.11806777849564609,0.043785369263845686,-0.6756448670266743,0.4910091743119266,15.49,262.7719298245614
EV_S_qb0of3__NETDEBT_EBITDA_qb0of3__C18_FCF_P_DYN_qmax8__v0,EV_S_qb0of3__NETDEBT_EBITDA_qb0of3,C18_FCF_P_DYN_qmax8,0.16177076560379144,0.1547916746673339,0.006979090936457544,-0.5770357048390926,0.4694700460829493,19.38,23.50214592274678
P_IC_qb0of3__DEBTRATIO_qb0of3__C3_ROE_DYN_qmax4__v0,P_IC_qb0of3__DEBTRATIO_qb0of3,C3_ROE_DYN_qmax4,0.16175210355064085,0.20424156536402682,-0.042489461813385976,-0.6082881171257447,0.5040840140023337,15.96,13.622137404580153
PS_qb1of3__DEBTRATIO_qb0of3__C2_ROE_DYN_riseq2__v0,PS_qb1of3__DEBTRATIO_qb0of3,C2_ROE_DYN_riseq2,0.16174651911074567,0.12730497339873037,0.0344415457120153,-0.6214010843973472,0.521968787515006,16.49,83.52919708029196
PB_qb1of3__ROE_qb2of3__C19_FCF_P_DYN_yoy__v0,PB_qb1of3__ROE_qb2of3,C19_FCF_P_DYN_yoy,0.16174287467844284,0.1735666691404827,-0.01182379446203985,-0.5766496337279965,0.525679758308157,18.43,69.556
MOM_qb2of3__DEBTRATIO_qb0of3__C14_EPS_DYN_ytdavg_gt_lyavg__v0,MOM_qb2of3__DEBTRATIO_qb0of3,C14_EPS_DYN_ytdavg_gt_lyavg,0.16171182300504694,0.1358581434377284,0.025853679567318544,-0.6383380144438452,0.48194875776397517,15.05,75.92280701754386
ROE_qb2of3__FCF_OI_qb1of3__C4_ROE_DYN_qmax8__v0,ROE_qb2of3__FCF_OI_qb1of3,C4_ROE_DYN_qmax8,0.16169505382797134,0.1080080007178279,0.053687053110143435,-0.5790214813070014,0.518849840255591,17.69,46.97424892703863
MOM_qb2of3__FCF_OI_qb2of3__C14_EPS_DYN_ytdavg_gt_lyavg__v0,MOM_qb2of3__FCF_OI_qb2of3,C14_EPS_DYN_ytdavg_gt_lyavg,0.1616913905700772,0.13952586865099859,0.022165521919078612,-0.6271289746593415,0.49348837209302326,15.92,79.83859649122807
MOM_qb2of3__NETDEBT_EBITDA_qb2of3__C6_ROE_DYN_ytdavg_gt_lyytdavg__v0,MOM_qb2of3__NETDEBT_EBITDA_qb2of3,C6_ROE_DYN_ytdavg_gt_lyytdavg,0.16168399895828145,0.13607790519389984,0.02560609376438161,-0.6854691354580043,0.4536784741144414,14.73,76.32631578947368
PS_qb0of3__OCF_E_qb1of3__None__v0,PS_qb0of3__OCF_E_qb1of3,None,0.16163055872724263,0.16163055872724263,0.0,-0.5629108189214582,0.5021134878954784,17.39,135.57912457912457
MOM_qb1of3__ROE_qb2of3__C11_EPS_DYN_qmax8__v0,MOM_qb1of3__ROE_qb2of3,C11_EPS_DYN_qmax8,0.1616213185092641,0.10710814018856007,0.054513178320704014,-0.6771349243666838,0.5429064251832687,21.52,33.27896995708154
P_IC_qb1of3__MOM_qb2of3__C9_EPS_DYN_riseq2__v0,P_IC_qb1of3__MOM_qb2of3,C9_EPS_DYN_riseq2,0.16161391508177703,0.14276752601796372,0.018846389063813307,-0.6128380757057301,0.498705501618123,16.05,88.93795620437956
MOM_qb2of3__EV_EBITDA_qb1of3__C20_FCF_P_DYN_ytdavg_gt_lyytdavg__v0,MOM_qb2of3__EV_EBITDA_qb1of3,C20_FCF_P_DYN_ytdavg_gt_lyytdavg,0.16160036769682518,0.16230434248849268,-0.0007039747916675054,-0.6613896101255203,0.49710610932475885,15.24,78.96491228070175
EV_S_qb0of3__DEBTRATIO_qb0of3__C17_FCF_P_DYN_qmax4__v0,EV_S_qb0of3__DEBTRATIO_qb0of3,C17_FCF_P_DYN_qmax4,0.16156391914388135,0.17427513647925252,-0.012711217335371172,-0.544162908817035,0.475482912332838,17.66,26.709923664122137
PS_qb0of3__ROIC_qb2of3__C20_FCF_P_DYN_ytdavg_gt_lyytdavg__v0,PS_qb0of3__ROIC_qb2of3,C20_FCF_P_DYN_ytdavg_gt_lyytdavg,0.16155977417333922,0.16300310603459844,-0.0014433318612592227,-0.5385253960246916,0.5116279069767442,15.35,48.31228070175439
EV_S_qb1of3__MOM_qb2of3__C5_ROE_DYN_yoy__v0,EV_S_qb1of3__MOM_qb2of3,C5_ROE_DYN_yoy,0.16154853751909992,0.1365027028696275,0.02504583464947241,-0.6853976267012414,0.47776993648553284,17.41,89.048
ROE_qb2of3__FCF_OI_qb1of3__C11_EPS_DYN_qmax8__v0,ROE_qb2of3__FCF_OI_qb1of3,C11_EPS_DYN_qmax8,0.16152928429463143,0.1080080007178279,0.053521283576803524,-0.5804940559721883,0.5125035122225344,18.33,55.42489270386266
P_IC_qb0of3__DEBTRATIO_qb0of3__C1_ROE_DYN_riseq1__v0,P_IC_qb0of3__DEBTRATIO_qb0of3,C1_ROE_DYN_riseq1,0.1615059240157628,0.20424156536402682,-0.04273564134826402,-0.6297044523215957,0.5084639498432602,15.67,26.729824561403507
MOM_qb2of3__NETDEBT_EBITDA_qb2of3__C13_EPS_DYN_ytdavg_gt_lyytdavg__v0,MOM_qb2of3__NETDEBT_EBITDA_qb2of3,C13_EPS_DYN_ytdavg_gt_lyytdavg,0.16149118627195946,0.13607790519389984,0.025413281078059624,-0.6736812347146068,0.4527736131934033,15.03,80.1859649122807
ROE_qb2of3__FCF_P_qb0of3__C16_FCF_P_DYN_riseq2__v0,ROE_qb2of3__FCF_P_qb0of3,C16_FCF_P_DYN_riseq2,0.1613374865385222,0.10654638208040024,0.054791104458121964,-0.5899260436182849,0.460412147505423,19.68,23.047445255474454
P_IC_qb1of3__FCF_OI_qb1of3__C5_ROE_DYN_yoy__v0,P_IC_qb1of3__FCF_OI_qb1of3,C5_ROE_DYN_yoy,0.161332273499194,0.11805734728393036,0.04327492621526363,-0.6442710490059981,0.49257658334899457,17.42,88.62
P_IC_qb1of3__DEBTRATIO_qb0of3__C1_ROE_DYN_riseq1__v0,P_IC_qb1of3__DEBTRATIO_qb0of3,C1_ROE_DYN_riseq1,0.1613279939762251,0.14025437918169104,0.021073614794534068,-0.5965210953694908,0.5103708359522313,16.43,80.76491228070175
EV_S_qb0of3__DEBTRATIO_qb0of3__C20_FCF_P_DYN_ytdavg_gt_lyytdavg__v0,EV_S_qb0of3__DEBTRATIO_qb0of3,C20_FCF_P_DYN_ytdavg_gt_lyytdavg,0.16132076732562517,0.17427513647925252,-0.012954369153627354,-0.5729743953580342,0.5546910755148742,16.12,54.61052631578947
PS_qb0of3__ROIC_qb1of3__None__v0,PS_qb0of3__ROIC_qb1of3,None,0.16131933517355046,0.16131933517355046,0.0,-0.5512500866975116,0.5139994510019215,16.54,197.86868686868686
EV_S_qb1of3__DEBTRATIO_qb2of3__C3_ROE_DYN_qmax4__v0,EV_S_qb1of3__DEBTRATIO_qb2of3,C3_ROE_DYN_qmax4,0.1613081275643442,0.12155643979061281,0.03975168777373139,-0.5875788085468914,0.4831275720164609,15.77,38.767175572519086
PS_qb1of3__NETDEBT_EBITDA_qb0of3__C8_EPS_DYN_riseq1__v0,PS_qb1of3__NETDEBT_EBITDA_qb0of3,C8_EPS_DYN_riseq1,0.16128834081981136,0.1188095866868164,0.042478754132994956,-0.5811216537692392,0.5010033444816053,16.26,72.63508771929824
MOM_qb2of3__OCF_E_qb2of3__None__v0,MOM_qb2of3__OCF_E_qb2of3,None,0.16128648413460045,0.16128648413460045,0.0,-0.6550896617288277,0.4948794185662372,15.43,156.66329966329965
EV_S_qb0of3__ROIC_qb2of3__C16_FCF_P_DYN_riseq2__v0,EV_S_qb0of3__ROIC_qb2of3,C16_FCF_P_DYN_riseq2,0.1612673459244669,0.15759388570377553,0.0036734602206913713,-0.544478044270932,0.509981368112856,17.6,60.58029197080292
P_IC_qb1of3__DEBTRATIO_qb0of3__C9_EPS_DYN_riseq2__v0,P_IC_qb1of3__DEBTRATIO_qb0of3,C9_EPS_DYN_riseq2,0.16122870796344246,0.14025437918169104,0.020974328781751428,-0.5701585773815947,0.5366472229267055,16.12,80.07299270072993
ROE_qb2of3__NETDEBT_EBITDA_qb0of3__C3_ROE_DYN_qmax4__v0,ROE_qb2of3__NETDEBT_EBITDA_qb0of3,C3_ROE_DYN_qmax4,0.1610923660071526,0.1064581381558376,0.054634227851315,-0.4853975519107351,0.5024021962937543,17.58,46.713740458015266
ROE_qb2of3__FCF_OI_qb1of3__C5_ROE_DYN_yoy__v0,ROE_qb2of3__FCF_OI_qb1of3,C5_ROE_DYN_yoy,0.1609596046444024,0.1080080007178279,0.0529516039265745,-0.5171704852978517,0.4955294775076837,19.05,120.22
MOM_qb2of3__ACCRUAL_qb2of3__C5_ROE_DYN_yoy__v0,MOM_qb2of3__ACCRUAL_qb2of3,C5_ROE_DYN_yoy,0.16094136600606457,0.11763516061125423,0.04330620539481034,-0.6558463255386594,0.48246844319775595,18.48,99.692
PB_qb1of3__ROIC_qb2of3__C17_FCF_P_DYN_qmax4__v0,PB_qb1of3__ROIC_qb2of3,C17_FCF_P_DYN_qmax4,0.16091427706237527,0.1573162106871937,0.0035980663751815634,-0.516142508502828,0.48149532710280374,16.67,32.896946564885496
ROE_qb2of3__None__C5_ROE_DYN_yoy__v0,ROE_qb2of3__None,C5_ROE_DYN_yoy,0.16087597269644016,0.1096895179268933,0.05118645476954686,-0.4768705292457548,0.48257306068383143,19.7,306.54
PB_qb1of3__FCF_OI_qb1of3__C3_ROE_DYN_qmax4__v0,PB_qb1of3__FCF_OI_qb1of3,C3_ROE_DYN_qmax4,0.16087180144906688,0.11455659643931759,0.04631520500974928,-0.586659114527482,0.5287081339712919,15.75,46.80152671755725
ROE_qb2of3__ACCRUAL_qb0of3__C18_FCF_P_DYN_qmax8__v0,ROE_qb2of3__ACCRUAL_qb0of3,C18_FCF_P_DYN_qmax8,0.16086855381879483,0.1151828149211398,0.04568573889765504,-0.585250189668183,0.47560975609756095,20.81,16.72072072072072
PS_qb1of3__MOM_qb2of3__C16_FCF_P_DYN_riseq2__v0,PS_qb1of3__MOM_qb2of3,C16_FCF_P_DYN_riseq2,0.16084263793927267,0.13687445579871116,0.02396818214056151,-0.7001963785977295,0.4793243005454865,16.89,75.22992700729927
P_IC_qb0of3__DEBTRATIO_qb0of3__C17_FCF_P_DYN_qmax4__v0,P_IC_qb0of3__DEBTRATIO_qb0of3,C17_FCF_P_DYN_qmax4,0.1608292538951095,0.20424156536402682,-0.04341231146891733,-0.6523490084644733,0.4953173777315297,17.28,13.16793893129771
PS_qb1of3__OCF_E_qb1of3__C10_EPS_DYN_qmax4__v0,PS_qb1of3__OCF_E_qb1of3,C10_EPS_DYN_qmax4,0.16082462996083735,0.11005598483431767,0.050768645126519685,-0.545121701096869,0.5194654270772806,16.65,50.099236641221374
PB_qb0of3__FCF_OI_qb1of3__C20_FCF_P_DYN_ytdavg_gt_lyytdavg__v0,PB_qb0of3__FCF_OI_qb1of3,C20_FCF_P_DYN_ytdavg_gt_lyytdavg,0.16081621797988577,0.19021651029963826,-0.029400292319752497,-0.5905393193390848,0.5029264214046822,16.02,78.02105263157895
EV_S_qb0of3__ROE_qb2of3__None__v0,EV_S_qb0of3__ROE_qb2of3,None,0.16080766307492578,0.16080766307492578,0.0,-0.5021864662381149,0.5054525627044711,16.11,131.85858585858585
EV_S_qb1of3__FCF_OI_qb2of3__C3_ROE_DYN_qmax4__v0,EV_S_qb1of3__FCF_OI_qb2of3,C3_ROE_DYN_qmax4,0.16078019272510313,0.11669571151307889,0.04408448121202424,-0.5578962312686797,0.48707037643207857,15.81,41.98091603053435
P_IC_qb0of3__ROIC_qb1of3__C19_FCF_P_DYN_yoy__v0,P_IC_qb0of3__ROIC_qb1of3,C19_FCF_P_DYN_yoy,0.16072700070389323,0.18305739841769153,-0.0223303977137983,-0.5339979966450543,0.519455252918288,19.05,101.38
MOM_qb2of3__OCF_E_qb1of3__C14_EPS_DYN_ytdavg_gt_lyavg__v0,MOM_qb2of3__OCF_E_qb1of3,C14_EPS_DYN_ytdavg_gt_lyavg,0.16071899451474758,0.1381613845942784,0.02255760992046918,-0.6287683147100762,0.49176507147296455,15.7,80.3157894736842
ROE_qb2of3__None__C3_ROE_DYN_qmax4__v0,ROE_qb2of3__None,C3_ROE_DYN_qmax4,0.16056106047694962,0.1096895179268933,0.050871542550056326,-0.42958073181095136,0.4923320553425571,17.93,195.87022900763358
PS_qb0of3__ACCRUAL_qb1of3__C16_FCF_P_DYN_riseq2__v0,PS_qb0of3__ACCRUAL_qb1of3,C16_FCF_P_DYN_riseq2,0.1605339804468533,0.1621387652783881,-0.0016047848315348112,-0.566857166213045,0.5002072109407377,16.0,71.28467153284672
PS_qb1of3__ROIC_qb2of3__C9_EPS_DYN_riseq2__v0,PS_qb1of3__ROIC_qb2of3,C9_EPS_DYN_riseq2,0.16053106974411446,0.12570144548191764,0.03482962426219682,-0.5383464654429482,0.5130391173520562,18.31,115.63868613138686
EV_S_qb1of3__MOM_qb2of3__C2_ROE_DYN_riseq2__v0,EV_S_qb1of3__MOM_qb2of3,C2_ROE_DYN_riseq2,0.1604743179285284,0.1365027028696275,0.023971615058900886,-0.7094499176085952,0.4925225965488907,16.59,85.97445255474453
EV_S_qb1of3__MOM_qb2of3__C9_EPS_DYN_riseq2__v0,EV_S_qb1of3__MOM_qb2of3,C9_EPS_DYN_riseq2,0.1603454699124809,0.1365027028696275,0.023842767042853374,-0.6998679823809124,0.49306451612903224,16.58,88.32481751824818
P_IC_qb1of3__DEBTRATIO_qb0of3__C10_EPS_DYN_qmax4__v0,P_IC_qb1of3__DEBTRATIO_qb0of3,C10_EPS_DYN_qmax4,0.160340980576809,0.14025437918169104,0.020086601395117976,-0.5974266932842535,0.5232600072124053,16.13,44.23664122137404
PS_qb1of3__None__C3_ROE_DYN_qmax4__v0,PS_qb1of3__None,C3_ROE_DYN_qmax4,0.16029297747387172,0.10831162240253711,0.05198135507133461,-0.562805911501389,0.5037763349675368,17.15,123.8473282442748
ROE_qb2of3__ACCRUAL_qb0of3__C9_EPS_DYN_riseq2__v0,ROE_qb2of3__ACCRUAL_qb0of3,C9_EPS_DYN_riseq2,0.16026123221617095,0.1151828149211398,0.04507841729503115,-0.3831092336401699,0.4839936608557845,18.6,94.54379562043796
MOM_qb2of3__ROE_qb1of3__C10_EPS_DYN_qmax4__v0,MOM_qb2of3__ROE_qb1of3,C10_EPS_DYN_qmax4,0.1601523600228767,0.14308725897377994,0.017065101049096754,-0.636025768271959,0.516384489350082,15.15,49.721374045801525
EV_S_qb0of3__OCF_E_qb1of3__None__v0,EV_S_qb0of3__OCF_E_qb1of3,None,0.16012337011211542,0.16012337011211542,0.0,-0.5621445664099578,0.5157430730478589,16.82,140.25925925925927
P_IC_qb1of3__ROE_qb2of3__None__v0,P_IC_qb1of3__ROE_qb2of3,None,0.16008839291117583,0.16008839291117583,0.0,-0.5310198042875173,0.49766941556113303,17.45,121.35690235690235
PB_qb1of3__DEBTRATIO_qb0of3__C3_ROE_DYN_qmax4__v0,PB_qb1of3__DEBTRATIO_qb0of3,C3_ROE_DYN_qmax4,0.16004107633187492,0.108940444371451,0.051100631960423915,-0.6783778401875725,0.510221109720484,17.7,37.02671755725191
ROE_qb2of3__ROIC_qb1of3__C13_EPS_DYN_ytdavg_gt_lyytdavg__v0,ROE_qb2of3__ROIC_qb1of3,C13_EPS_DYN_ytdavg_gt_lyytdavg,0.16003521595423775,0.12040862931056018,0.039626586643677575,-0.4887221696119144,0.48664944013781225,16.61,39.329824561403505
PB_qb0of3__ROIC_qb1of3__C15_FCF_P_DYN_riseq1__v0,PB_qb0of3__ROIC_qb1of3,C15_FCF_P_DYN_riseq1,0.16003503220454385,0.18256711047310548,-0.02253207826856163,-0.5443829975845622,0.5034314473082202,17.86,91.67017543859649
PB_qb1of3__MOM_qb2of3__C6_ROE_DYN_ytdavg_gt_lyytdavg__v0,PB_qb1of3__MOM_qb2of3,C6_ROE_DYN_ytdavg_gt_lyytdavg,0.16002552701002748,0.1423822447586076,0.017643282251419867,-0.6698345396312079,0.47609668755595347,14.38,78.51929824561404
P_IC_qb0of3__FCF_P_qb1of3__C16_FCF_P_DYN_riseq2__v0,P_IC_qb0of3__FCF_P_qb1of3,C16_FCF_P_DYN_riseq2,0.1600208876965319,0.17742558888731907,-0.017404701190787186,-0.6082722571945919,0.48147067405894367,17.01,46.07299270072993
PB_qb0of3__EV_S_qb0of3__C15_FCF_P_DYN_riseq1__v0,PB_qb0of3__EV_S_qb0of3,C15_FCF_P_DYN_riseq1,0.15998083595660684,0.19275879846190347,-0.03277796250529663,-0.5785748970906791,0.4909722222222222,16.76,118.94736842105263
EV_S_qb0of3__DEBTRATIO_qb0of3__C16_FCF_P_DYN_riseq2__v0,EV_S_qb0of3__DEBTRATIO_qb0of3,C16_FCF_P_DYN_riseq2,0.15996520621972254,0.17427513647925252,-0.01430993025952998,-0.5833006388357803,0.5234782608695652,17.55,56.09124087591241
MOM_qb2of3__ROIC_qb1of3__C9_EPS_DYN_riseq2__v0,MOM_qb2of3__ROIC_qb1of3,C9_EPS_DYN_riseq2,0.1598686446721289,0.14880087180690538,0.011067772865223535,-0.6023122140269724,0.5067473243369008,16.18,87.97810218978103
ROE_qb2of3__NETDEBT_EBITDA_qb0of3__C10_EPS_DYN_qmax4__v0,ROE_qb2of3__NETDEBT_EBITDA_qb0of3,C10_EPS_DYN_qmax4,0.15986192974698188,0.1064581381558376,0.05340379159114428,-0.5172090863884016,0.5152633344515263,16.89,50.2442748091603
MOM_qb2of3__DEBTRATIO_qb1of3__C13_EPS_DYN_ytdavg_gt_lyytdavg__v0,MOM_qb2of3__DEBTRATIO_qb1of3,C13_EPS_DYN_ytdavg_gt_lyytdavg,0.15973714568639963,0.14168975306734088,0.018047392619058744,-0.6218219196855563,0.47477492780703245,15.93,86.76491228070175
MOM_qb2of3__FCF_P_qb1of3__C14_EPS_DYN_ytdavg_gt_lyavg__v0,MOM_qb2of3__FCF_P_qb1of3,C14_EPS_DYN_ytdavg_gt_lyavg,0.15970106113233218,0.1303189927093793,0.02938206842295288,-0.6381172906107291,0.4864782740808265,15.67,84.24561403508773
MOM_qb2of3__OCF_E_qb2of3__C17_FCF_P_DYN_qmax4__v0,MOM_qb2of3__OCF_E_qb2of3,C17_FCF_P_DYN_qmax4,0.15967320534658214,0.16128648413460045,-0.001613278788018313,-0.7059164576438384,0.47778418926716676,16.21,40.538167938931295
MOM_qb2of3__OCF_E_qb2of3__C16_FCF_P_DYN_riseq2__v0,MOM_qb2of3__OCF_E_qb2of3,C16_FCF_P_DYN_riseq2,0.1596414752825892,0.16128648413460045,-0.0016450088520112427,-0.6721707779487671,0.4998455359901143,17.06,82.03284671532846
PS_qb0of3__MOM_qb2of3__C17_FCF_P_DYN_qmax4__v0,PS_qb0of3__MOM_qb2of3,C17_FCF_P_DYN_qmax4,0.1596402874906535,0.18562674496910136,-0.025986457478447855,-0.65013546780804,0.4890310786106033,15.05,39.83587786259542
PB_qb0of3__NETDEBT_EBITDA_qb2of3__C20_FCF_P_DYN_ytdavg_gt_lyytdavg__v0,PB_qb0of3__NETDEBT_EBITDA_qb2of3,C20_FCF_P_DYN_ytdavg_gt_lyytdavg,0.15960579695491384,0.17776664450601265,-0.018160847551098813,-0.6398150770101596,0.5379888268156424,17.08,106.88070175438597
MOM_qb2of3__EV_EBITDA_qb1of3__C17_FCF_P_DYN_qmax4__v0,MOM_qb2of3__EV_EBITDA_qb1of3,C17_FCF_P_DYN_qmax4,0.1595956286962592,0.16230434248849268,-0.0027087137922334747,-0.6727196069615299,0.46941142360104376,15.87,39.458015267175576
EV_S_qb1of3__NETDEBT_EBITDA_qb2of3__C5_ROE_DYN_yoy__v0,EV_S_qb1of3__NETDEBT_EBITDA_qb2of3,C5_ROE_DYN_yoy,0.159586446224671,0.13111893250082707,0.02846751372384393,-0.6172458035549057,0.4658302189001602,18.56,86.232
MOM_qb2of3__NETDEBT_EBITDA_qb1of3__C10_EPS_DYN_qmax4__v0,MOM_qb2of3__NETDEBT_EBITDA_qb1of3,C10_EPS_DYN_qmax4,0.15949330105834814,0.1473077734732009,0.012185527585147238,-0.5657523281490079,0.5104736742781657,18.02,75.76335877862596
ROE_qb2of3__NETDEBT_EBITDA_qb2of3__C2_ROE_DYN_riseq2__v0,ROE_qb2of3__NETDEBT_EBITDA_qb2of3,C2_ROE_DYN_riseq2,0.15945871104073794,0.12706706831299486,0.032391642727743086,-0.5061144202461967,0.48383531362254767,17.01,66.01824817518248
PB_qb1of3__ROE_qb2of3__C20_FCF_P_DYN_ytdavg_gt_lyytdavg__v0,PB_qb1of3__ROE_qb2of3,C20_FCF_P_DYN_ytdavg_gt_lyytdavg,0.1592971830733383,0.1735666691404827,-0.014269486067144399,-0.5447913452707858,0.5326556543837357,16.12,66.3438596491228
P_IC_qb1of3__ROE_qb2of3__C1_ROE_DYN_riseq1__v0,P_IC_qb1of3__ROE_qb2of3,C1_ROE_DYN_riseq1,0.15926261244768058,0.16008839291117583,-0.0008257804634952404,-0.5327644070878224,0.49628349178910974,17.69,85.34035087719299
P_IC_qb0of3__DEBTRATIO_qb0of3__C8_EPS_DYN_riseq1__v0,P_IC_qb0of3__DEBTRATIO_qb0of3,C8_EPS_DYN_riseq1,0.15912669709565885,0.20424156536402682,-0.04511486826836797,-0.6090016194742688,0.5125313283208021,15.97,27.021052631578947
ROE_qb2of3__NETDEBT_EBITDA_qb0of3__C5_ROE_DYN_yoy__v0,ROE_qb2of3__NETDEBT_EBITDA_qb0of3,C5_ROE_DYN_yoy,0.15910955249526304,0.1064581381558376,0.05265141433942544,-0.5378548233217767,0.48951635448700026,18.83,75.764
PB_qb0of3__NETDEBT_EBITDA_qb0of3__C17_FCF_P_DYN_qmax4__v0,PB_qb0of3__NETDEBT_EBITDA_qb0of3,C17_FCF_P_DYN_qmax4,0.15910770693515652,0.1865829469130269,-0.02747523997787038,-0.5437096089387974,0.48633440514469456,17.55,34.44274809160305
P_IC_qb0of3__NETDEBT_EBITDA_qb1of3__C19_FCF_P_DYN_yoy__v0,P_IC_qb0of3__NETDEBT_EBITDA_qb1of3,C19_FCF_P_DYN_yoy,0.15908534103670013,0.18511348712500109,-0.026028146088300952,-0.5825733133342352,0.5141857753595025,17.4,50.924
P_IC_qb0of3__None__C19_FCF_P_DYN_yoy__v0,P_IC_qb0of3__None,C19_FCF_P_DYN_yoy,0.1590490816512129,0.18180748761405363,-0.022758405962840733,-0.6035113524021498,0.5152460501157291,17.76,236.028
P_IC_qb0of3__DEBTRATIO_qb0of3__C20_FCF_P_DYN_ytdavg_gt_lyytdavg__v0,P_IC_qb0of3__DEBTRATIO_qb0of3,C20_FCF_P_DYN_ytdavg_gt_lyytdavg,0.15904878417363322,0.20424156536402682,-0.045192781190393605,-0.6189251544006659,0.527027027027027,15.79,24.880701754385964
P_IC_qb0of3__OCF_E_qb2of3__C16_FCF_P_DYN_riseq2__v0,P_IC_qb0of3__OCF_E_qb2of3,C16_FCF_P_DYN_riseq2,0.1590254444184629,0.18457415552402745,-0.02554871110556456,-0.583185160589272,0.5043327556325823,18.77,68.45985401459853
P_IC_qb0of3__ROIC_qb1of3__C15_FCF_P_DYN_riseq1__v0,P_IC_qb0of3__ROIC_qb1of3,C15_FCF_P_DYN_riseq1,0.1589260355503872,0.18305739841769153,-0.02413136286730433,-0.5486495969161129,0.5071097141146534,17.49,94.45263157894736
PS_qb1of3__ROIC_qb2of3__C2_ROE_DYN_riseq2__v0,PS_qb1of3__ROIC_qb2of3,C2_ROE_DYN_riseq2,0.15892289731025744,0.12570144548191764,0.0332214518283398,-0.5479954245064589,0.5088796680497926,18.18,114.19343065693431
PS_qb1of3__MOM_qb2of3__C10_EPS_DYN_qmax4__v0,PS_qb1of3__MOM_qb2of3,C10_EPS_DYN_qmax4,0.15890628345160418,0.13687445579871116,0.02203182765289302,-0.6759775577636995,0.4980059820538385,18.08,55.75190839694657
MOM_qb2of3__ACCRUAL_qb1of3__C10_EPS_DYN_qmax4__v0,MOM_qb2of3__ACCRUAL_qb1of3,C10_EPS_DYN_qmax4,0.15883870916596443,0.13592025080935466,0.022918458356609772,-0.6779462901917517,0.515664303681683,15.96,58.11068702290076
PS_qb1of3__DEBTRATIO_qb0of3__C11_EPS_DYN_qmax8__v0,PS_qb1of3__DEBTRATIO_qb0of3,C11_EPS_DYN_qmax8,0.1587915101136792,0.12730497339873037,0.03148653671494883,-0.6567842009478178,0.5142314990512334,18.72,26.090128755364805
P_IC_qb1of3__OCF_E_qb2of3__C5_ROE_DYN_yoy__v0,P_IC_qb1of3__OCF_E_qb2of3,C5_ROE_DYN_yoy,0.1587743190396529,0.11536649529775045,0.04340782374190244,-0.565616591042418,0.4902003015291837,18.88,76.856
MOM_qb2of3__ROE_qb1of3__C7_ROE_DYN_ytdavg_gt_lyavg__v0,MOM_qb2of3__ROE_qb1of3,C7_ROE_DYN_ytdavg_gt_lyavg,0.15875865998740135,0.14308725897377994,0.01567140101362141,-0.5953115812850172,0.4815895005468465,14.8,72.28070175438596
ROE_qb2of3__OCF_E_qb2of3__C10_EPS_DYN_qmax4__v0,ROE_qb2of3__OCF_E_qb2of3,C10_EPS_DYN_qmax4,0.15874705469420558,0.11121481636596298,0.047532238328242604,-0.42117297811822096,0.48824846110800224,18.77,114.91221374045801
MOM_qb2of3__FCF_OI_qb1of3__C19_FCF_P_DYN_yoy__v0,MOM_qb2of3__FCF_OI_qb1of3,C19_FCF_P_DYN_yoy,0.15872695980053142,0.15028408428317808,0.008442875517353343,-0.6565757006914735,0.49827532141737224,17.18,85.52
PB_qb0of3__ROE_qb1of3__C15_FCF_P_DYN_riseq1__v0,PB_qb0of3__ROE_qb1of3,C15_FCF_P_DYN_riseq1,0.15870839091686917,0.1827049174072004,-0.023996526490331238,-0.5502398755174438,0.5052433870715292,17.96,91.57894736842105
MOM_qb2of3__FCF_OI_qb1of3__C16_FCF_P_DYN_riseq2__v0,MOM_qb2of3__FCF_OI_qb1of3,C16_FCF_P_DYN_riseq2,0.15870508354408508,0.15028408428317808,0.008420999260907003,-0.6888890279605532,0.48721128507208183,15.6,81.37591240875912
PS_qb1of3__ROE_qb2of3__C2_ROE_DYN_riseq2__v0,PS_qb1of3__ROE_qb2of3,C2_ROE_DYN_riseq2,0.15867921484875924,0.12478241714928062,0.03389679769947862,-0.5526320266732165,0.5028650807431846,18.29,106.72262773722628
MOM_qb2of3__DEBTRATIO_qb1of3__C20_FCF_P_DYN_ytdavg_gt_lyytdavg__v0,MOM_qb2of3__DEBTRATIO_qb1of3,C20_FCF_P_DYN_ytdavg_gt_lyytdavg,0.15867188394063958,0.14168975306734088,0.016982130873298695,-0.6731608580034161,0.4875069405885619,15.76,74.05263157894737
MOM_qb2of3__OCF_E_qb1of3__C6_ROE_DYN_ytdavg_gt_lyytdavg__v0,MOM_qb2of3__OCF_E_qb1of3,C6_ROE_DYN_ytdavg_gt_lyytdavg,0.15866937971549588,0.1381613845942784,0.02050799512121748,-0.6311294874539337,0.48832070707070707,15.67,78.63157894736842
PS_qb0of3__ACCRUAL_qb1of3__C10_EPS_DYN_qmax4__v0,PS_qb0of3__ACCRUAL_qb1of3,C10_EPS_DYN_qmax4,0.15865458258149712,0.1621387652783881,-0.0034841826968909917,-0.6163524244574163,0.519311911716975,14.81,44.5763358778626
PS_qb1of3__NETDEBT_EBITDA_qb0of3__C12_EPS_DYN_yoy__v0,PS_qb1of3__NETDEBT_EBITDA_qb0of3,C12_EPS_DYN_yoy,0.15862601682186206,0.1188095866868164,0.039816430135045655,-0.6510917807444156,0.5091553455404607,16.64,72.244
MOM_qb2of3__DEBTRATIO_qb1of3__C1_ROE_DYN_riseq1__v0,MOM_qb2of3__DEBTRATIO_qb1of3,C1_ROE_DYN_riseq1,0.1585983602957599,0.14168975306734088,0.016908607228419026,-0.6694600464908258,0.4964418316831683,15.82,85.7719298245614
EV_S_qb1of3__MOM_qb2of3__C12_EPS_DYN_yoy__v0,EV_S_qb1of3__MOM_qb2of3,C12_EPS_DYN_yoy,0.15857907044496167,0.1365027028696275,0.022076367575334155,-0.6822204926767708,0.48468619246861927,17.78,94.408
PS_qb1of3__MOM_qb2of3__C8_EPS_DYN_riseq1__v0,PS_qb1of3__MOM_qb2of3,C8_EPS_DYN_riseq1,0.1585640672496751,0.13687445579871116,0.02168961145096393,-0.706745595787283,0.4870735811534343,16.37,85.47368421052632
EV_S_qb0of3__FCF_OI_qb1of3__None__v0,EV_S_qb0of3__FCF_OI_qb1of3,None,0.15841923538251113,0.15841923538251113,0.0,-0.5668458937841827,0.4960680127523911,15.98,216.7104377104377
PS_qb1of3__MOM_qb2of3__C1_ROE_DYN_riseq1__v0,PS_qb1of3__MOM_qb2of3,C1_ROE_DYN_riseq1,0.15840351002395692,0.13687445579871116,0.02152905422524576,-0.7099532957408161,0.48398687705046084,15.88,83.3578947368421
P_IC_qb1of3__ROIC_qb2of3__C16_FCF_P_DYN_riseq2__v0,P_IC_qb1of3__ROIC_qb2of3,C16_FCF_P_DYN_riseq2,0.158361386545109,0.16269582864452659,-0.004334442099417579,-0.4874308752034011,0.5168718650250798,18.56,68.98175182481752
MOM_qb2of3__NETDEBT_EBITDA_qb0of3__C20_FCF_P_DYN_ytdavg_gt_lyytdavg__v0,MOM_qb2of3__NETDEBT_EBITDA_qb0of3,C20_FCF_P_DYN_ytdavg_gt_lyytdavg,0.15829092337495076,0.14185947700151247,0.016431446373438297,-0.6906633116876848,0.48122529644268774,15.34,69.89473684210526
MOM_qb2of3__OCF_E_qb2of3__C19_FCF_P_DYN_yoy__v0,MOM_qb2of3__OCF_E_qb2of3,C19_FCF_P_DYN_yoy,0.15824646052705504,0.16128648413460045,-0.0030400236075454057,-0.6715695187409063,0.5025125628140703,18.04,83.692
PB_qb1of3__None__C10_EPS_DYN_qmax4__v0,PB_qb1of3__None,C10_EPS_DYN_qmax4,0.15822225504266685,0.10751637456446095,0.0507058804782059,-0.5613823177903983,0.5123379860418744,16.67,130.73664122137404
PS_qb1of3__MOM_qb2of3__C12_EPS_DYN_yoy__v0,PS_qb1of3__MOM_qb2of3,C12_EPS_DYN_yoy,0.1581792238965345,0.13687445579871116,0.021304768097823334,-0.6780541808924145,0.4828513786146604,17.65,95.092
P_IC_qb0of3__None__C20_FCF_P_DYN_ytdavg_gt_lyytdavg__v0,P_IC_qb0of3__None,C20_FCF_P_DYN_ytdavg_gt_lyytdavg,0.15816773195156242,0.18180748761405363,-0.023639755662491213,-0.6012600000651445,0.5402585953570379,16.1,235.99649122807017
PB_qb1of3__FCF_OI_qb1of3__C4_ROE_DYN_qmax8__v0,PB_qb1of3__FCF_OI_qb1of3,C4_ROE_DYN_qmax8,0.15813395312741707,0.11455659643931759,0.04357735668809948,-0.6934917231447008,0.5412953060011884,15.09,24.935622317596568
PB_qb0of3__ACCRUAL_qb0of3__C20_FCF_P_DYN_ytdavg_gt_lyytdavg__v0,PB_qb0of3__ACCRUAL_qb0of3,C20_FCF_P_DYN_ytdavg_gt_lyytdavg,0.15799955625185702,0.17797297319254568,-0.01997341694068866,-0.6407354904185925,0.5,16.7,78.98245614035088
MOM_qb2of3__ACCRUAL_qb1of3__C1_ROE_DYN_riseq1__v0,MOM_qb2of3__ACCRUAL_qb1of3,C1_ROE_DYN_riseq1,0.15788195681847217,0.13592025080935466,0.02196170600911751,-0.6894272926708156,0.5056069526212503,15.96,87.33684210526316
ROE_qb2of3__ROIC_qb1of3__C7_ROE_DYN_ytdavg_gt_lyavg__v0,ROE_qb2of3__ROIC_qb1of3,C7_ROE_DYN_ytdavg_gt_lyavg,0.1578434679789602,0.12040862931056018,0.03743483866840003,-0.47336467129347337,0.4993240198287517,15.88,36.48070175438596
ROE_qb2of3__FCF_P_qb2of3__C10_EPS_DYN_qmax4__v0,ROE_qb2of3__FCF_P_qb2of3,C10_EPS_DYN_qmax4,0.15775540432302315,0.12136510193091676,0.03639030239210639,-0.4737260933409001,0.5042016806722689,18.14,65.95038167938931
EV_S_qb1of3__OCF_E_qb2of3__C9_EPS_DYN_riseq2__v0,EV_S_qb1of3__OCF_E_qb2of3,C9_EPS_DYN_riseq2,0.1577525409948617,0.12057084445892974,0.03718169653593195,-0.55356922364111,0.49856527977044474,18.54,88.53284671532846
PS_qb0of3__ACCRUAL_qb1of3__C19_FCF_P_DYN_yoy__v0,PS_qb0of3__ACCRUAL_qb1of3,C19_FCF_P_DYN_yoy,0.15766893777526447,0.1621387652783881,-0.004469827503123636,-0.5945809888521136,0.4986404517883288,17.22,72.288
EV_S_qb0of3__None__None__v0,EV_S_qb0of3__None,None,0.15765702596425268,0.15765702596425268,0.0,-0.5633380668436074,0.5770816158285244,16.27,460.2154882154882
EV_S_qb0of3__ROIC_qb2of3__None__v0,EV_S_qb0of3__ROIC_qb2of3,None,0.15759388570377553,0.15759388570377553,0.0,-0.5124242833474266,0.4989509822620637,16.0,116.79461279461279
MOM_qb2of3__ROE_qb1of3__C9_EPS_DYN_riseq2__v0,MOM_qb2of3__ROE_qb1of3,C9_EPS_DYN_riseq2,0.1575692839196403,0.14308725897377994,0.014482024945860372,-0.6203519302343528,0.5077687009450584,15.74,84.14963503649635
P_IC_qb1of3__ROE_qb2of3__C20_FCF_P_DYN_ytdavg_gt_lyytdavg__v0,P_IC_qb1of3__ROE_qb2of3,C20_FCF_P_DYN_ytdavg_gt_lyytdavg,0.1575593075823032,0.16008839291117583,-0.002529085328872638,-0.54868157887583,0.5198628179479852,16.74,61.58245614035088
PB_qb1of3__ROIC_qb2of3__C19_FCF_P_DYN_yoy__v0,PB_qb1of3__ROIC_qb2of3,C19_FCF_P_DYN_yoy,0.15753990694776387,0.1573162106871937,0.000223696260570172,-0.6024053194060353,0.5286549707602339,19.49,71.516
ROE_qb2of3__NETDEBT_EBITDA_qb2of3__C9_EPS_DYN_riseq2__v0,ROE_qb2of3__NETDEBT_EBITDA_qb2of3,C9_EPS_DYN_riseq2,0.1575313581127391,0.12706706831299486,0.03046428979974425,-0.4932902231061381,0.47651195499296767,17.93,65.36861313868613
MOM_qb2of3__FCF_P_qb0of3__C7_ROE_DYN_ytdavg_gt_lyavg__v0,MOM_qb2of3__FCF_P_qb0of3,C7_ROE_DYN_ytdavg_gt_lyavg,0.15752137182264248,0.12480208289160699,0.032719288931035484,-0.6677845940212432,0.46374395732622103,15.72,74.43157894736842
EV_S_qb1of3__ACCRUAL_qb0of3__C9_EPS_DYN_riseq2__v0,EV_S_qb1of3__ACCRUAL_qb0of3,C9_EPS_DYN_riseq2,0.1575078723664407,0.12264039060979393,0.03486748175664678,-0.5989927219629776,0.4937833037300178,17.12,75.23722627737226
MOM_qb2of3__DEBTRATIO_qb0of3__C6_ROE_DYN_ytdavg_gt_lyytdavg__v0,MOM_qb2of3__DEBTRATIO_qb0of3,C6_ROE_DYN_ytdavg_gt_lyytdavg,0.15748601578209853,0.1358581434377284,0.021627872344370136,-0.6268422566381354,0.47820847559750956,15.6,73.2
P_IC_qb1of3__OCF_E_qb2of3__C10_EPS_DYN_qmax4__v0,P_IC_qb1of3__OCF_E_qb2of3,C10_EPS_DYN_qmax4,0.15739685294060246,0.11536649529775045,0.04203035764285201,-0.5832417582745426,0.504156010230179,16.56,44.98091603053435
MOM_qb2of3__EV_EBITDA_qb1of3__C18_FCF_P_DYN_qmax8__v0,MOM_qb2of3__EV_EBITDA_qb1of3,C18_FCF_P_DYN_qmax8,0.15739429464579113,0.16230434248849268,-0.004910047842701548,-0.6984952070238252,0.4641509433962264,19.24,19.70815450643777
PS_qb0of3__DEBTRATIO_qb0of3__C8_EPS_DYN_riseq1__v0,PS_qb0of3__DEBTRATIO_qb0of3,C8_EPS_DYN_riseq1,0.15738971611892105,0.1648921144720774,-0.007502398353156359,-0.581787363946467,0.5038419319429198,16.96,30.37543859649123
ROE_qb2of3__FCF_OI_qb2of3__C5_ROE_DYN_yoy__v0,ROE_qb2of3__FCF_OI_qb2of3,C5_ROE_DYN_yoy,0.1573600737438119,0.10829014177983431,0.049069931963977576,-0.5485004513340261,0.4718928076389958,20.05,101.98
PB_qb1of3__ROIC_qb2of3__None__v0,PB_qb1of3__ROIC_qb2of3,None,0.1573162106871937,0.1573162106871937,0.0,-0.5143433020876653,0.5105540897097626,16.93,133.0875420875421
ROE_qb2of3__ACCRUAL_qb0of3__C7_ROE_DYN_ytdavg_gt_lyavg__v0,ROE_qb2of3__ACCRUAL_qb0of3,C7_ROE_DYN_ytdavg_gt_lyavg,0.1573127775453591,0.1151828149211398,0.04212996262421931,-0.32738271917991957,0.472007200720072,17.49,82.9859649122807
P_IC_qb0of3__FCF_P_qb1of3__C20_FCF_P_DYN_ytdavg_gt_lyytdavg__v0,P_IC_qb0of3__FCF_P_qb1of3,C20_FCF_P_DYN_ytdavg_gt_lyytdavg,0.15730872431852894,0.17742558888731907,-0.020116864568790138,-0.5791416081047378,0.49951409135082603,15.86,43.22456140350877
MOM_qb2of3__DEBTRATIO_qb0of3__C13_EPS_DYN_ytdavg_gt_lyytdavg__v0,MOM_qb2of3__DEBTRATIO_qb0of3,C13_EPS_DYN_ytdavg_gt_lyytdavg,0.15727108597526773,0.1358581434377284,0.021412942537539337,-0.6381215393442554,0.4744429882044561,15.65,79.32631578947368
P_IC_qb0of3__DEBTRATIO_qb1of3__C20_FCF_P_DYN_ytdavg_gt_lyytdavg__v0,P_IC_qb0of3__DEBTRATIO_qb1of3,C20_FCF_P_DYN_ytdavg_gt_lyytdavg,0.15726643323808065,0.17831093585947433,-0.02104450262139368,-0.6091907595629507,0.5339882121807465,17.65,65.44561403508771
P_IC_qb0of3__MOM_qb2of3__C17_FCF_P_DYN_qmax4__v0,P_IC_qb0of3__MOM_qb2of3,C17_FCF_P_DYN_qmax4,0.15721659923426157,0.18204168375202867,-0.024825084517767104,-0.6641486437348796,0.4943181818181818,15.68,39.06488549618321
MOM_qb2of3__ROE_qb1of3__C2_ROE_DYN_riseq2__v0,MOM_qb2of3__ROE_qb1of3,C2_ROE_DYN_riseq2,0.15714435415424788,0.14308725897377994,0.014057095180467938,-0.606149926944549,0.5023159239738061,16.1,84.68248175182482
PS_qb0of3__ROE_qb2of3__C20_FCF_P_DYN_ytdavg_gt_lyytdavg__v0,PS_qb0of3__ROE_qb2of3,C20_FCF_P_DYN_ytdavg_gt_lyytdavg,0.15709639717215418,0.16777979365724227,-0.010683396485088092,-0.5352928616821447,0.5118223760092272,15.86,62.16140350877193
ROE_qb2of3__FCF_P_qb2of3__C3_ROE_DYN_qmax4__v0,ROE_qb2of3__FCF_P_qb2of3,C3_ROE_DYN_qmax4,0.15708672944466873,0.12136510193091676,0.03572162751375196,-0.4553306628948133,0.503265306122449,17.78,65.63358778625954
P_IC_qb0of3__None__C18_FCF_P_DYN_qmax8__v0,P_IC_qb0of3__None,C18_FCF_P_DYN_qmax8,0.15704050155540017,0.18180748761405363,-0.024766986058653462,-0.6025937049379857,0.48272482234746383,18.7,57.64377682403433
EV_S_qb1of3__DEBTRATIO_qb1of3__C2_ROE_DYN_riseq2__v0,EV_S_qb1of3__DEBTRATIO_qb1of3,C2_ROE_DYN_riseq2,0.1570389943254933,0.11604034731042145,0.04099864701507183,-0.598233752170519,0.49881183841002374,17.52,90.57664233576642
MOM_qb2of3__OCF_E_qb1of3__C12_EPS_DYN_yoy__v0,MOM_qb2of3__OCF_E_qb1of3,C12_EPS_DYN_yoy,0.15701215101824184,0.1381613845942784,0.01885076642396344,-0.6513151588928157,0.4994736050533915,17.37,92.824
PS_qb1of3__OCF_E_qb2of3__C10_EPS_DYN_qmax4__v0,PS_qb1of3__OCF_E_qb2of3,C10_EPS_DYN_qmax4,0.15700344442804393,0.10402702318790835,0.052976421240135574,-0.5568422604620052,0.4994158878504673,19.19,51.282442748091604
MOM_qb2of3__ROE_qb1of3__C14_EPS_DYN_ytdavg_gt_lyavg__v0,MOM_qb2of3__ROE_qb1of3,C14_EPS_DYN_ytdavg_gt_lyavg,0.15699864551387477,0.14308725897377994,0.013911386540094828,-0.60573266405687,0.48406756050844507,14.77,75.64561403508772
MOM_qb2of3__FCF_P_qb1of3__C3_ROE_DYN_qmax4__v0,MOM_qb2of3__FCF_P_qb1of3,C3_ROE_DYN_qmax4,0.1569963797477354,0.1303189927093793,0.026677387038356093,-0.6963158991562497,0.5024340251088906,15.75,50.82442748091603
PS_qb1of3__DEBTRATIO_qb0of3__C3_ROE_DYN_qmax4__v0,PS_qb1of3__DEBTRATIO_qb0of3,C3_ROE_DYN_qmax4,0.15697050129675683,0.12730497339873037,0.029665527898026456,-0.620442253113429,0.5104204753199268,17.32,43.534351145038165
ROE_qb2of3__ROIC_qb2of3__C3_ROE_DYN_qmax4__v0,ROE_qb2of3__ROIC_qb2of3,C3_ROE_DYN_qmax4,0.15691894873499712,0.10622238694356079,0.050696561791436334,-0.4266144212714683,0.48796269863926156,18.11,169.06106870229007
ROE_qb2of3__FCF_P_qb0of3__C9_EPS_DYN_riseq2__v0,ROE_qb2of3__FCF_P_qb0of3,C9_EPS_DYN_riseq2,0.15691573089834532,0.10654638208040024,0.05036934881794508,-0.486641208941758,0.4889867841409692,19.96,84.52554744525547
MOM_qb2of3__FCF_OI_qb0of3__C12_EPS_DYN_yoy__v0,MOM_qb2of3__FCF_OI_qb0of3,C12_EPS_DYN_yoy,0.1568294709621576,0.11480569700354648,0.04202377395861112,-0.6904803370084363,0.4758717310087173,19.37,89.076
PB_qb0of3__None__C19_FCF_P_DYN_yoy__v0,PB_qb0of3__None,C19_FCF_P_DYN_yoy,0.15680721143204068,0.1813653578473695,-0.02455814641532883,-0.6151726474153745,0.521001851671377,18.86,239.92
MOM_qb2of3__EV_EBITDA_qb1of3__C19_FCF_P_DYN_yoy__v0,MOM_qb2of3__EV_EBITDA_qb1of3,C19_FCF_P_DYN_yoy,0.15678453045905205,0.16230434248849268,-0.005519812029440629,-0.6544654747696399,0.5049983876168977,17.36,83.768
MOM_qb2of3__FCF_P_qb0of3__C1_ROE_DYN_riseq1__v0,MOM_qb2of3__FCF_P_qb0of3,C1_ROE_DYN_riseq1,0.15678199575182927,0.12480208289160699,0.03197991286022228,-0.7189942526344071,0.48629192831980395,16.07,79.71929824561404
P_IC_qb1of3__MOM_qb2of3__C2_ROE_DYN_riseq2__v0,P_IC_qb1of3__MOM_qb2of3,C2_ROE_DYN_riseq2,0.15677922579254355,0.14276752601796372,0.014011699774579833,-0.6333223989454619,0.49650116627790736,15.99,86.2043795620438
EV_S_qb0of3__ROE_qb2of3__C16_FCF_P_DYN_riseq2__v0,EV_S_qb0of3__ROE_qb2of3,C16_FCF_P_DYN_riseq2,0.15675215082998628,0.16080766307492578,-0.0040555122449394965,-0.5368889811996955,0.5163874726875455,17.78,68.81021897810218
P_IC_qb1of3__MOM_qb2of3__C8_EPS_DYN_riseq1__v0,P_IC_qb1of3__MOM_qb2of3,C8_EPS_DYN_riseq1,0.15669944569731165,0.14276752601796372,0.013931919679347926,-0.6867291224101653,0.4993164210846119,15.29,86.48070175438596
EV_S_qb1of3__OCF_E_qb1of3__C10_EPS_DYN_qmax4__v0,EV_S_qb1of3__OCF_E_qb1of3,C10_EPS_DYN_qmax4,0.15663225618958387,0.11661669962271093,0.040015556566872945,-0.6232655357403302,0.5161094224924012,15.38,47.37022900763359
PS_qb0of3__OCF_E_qb1of3__C8_EPS_DYN_riseq1__v0,PS_qb0of3__OCF_E_qb1of3,C8_EPS_DYN_riseq1,0.15662994223228255,0.16163055872724263,-0.005000616494960086,-0.5432507807983333,0.5074938341870613,16.02,74.33333333333333
P_IC_qb1of3__NETDEBT_EBITDA_qb0of3__C7_ROE_DYN_ytdavg_gt_lyavg__v0,P_IC_qb1of3__NETDEBT_EBITDA_qb0of3,C7_ROE_DYN_ytdavg_gt_lyavg,0.156586612113365,0.14197552309035966,0.014611089023005341,-0.576971547118164,0.49088086922778423,15.6,61.19298245614035
P_IC_qb0of3__PB_qb0of3__C19_FCF_P_DYN_yoy__v0,P_IC_qb0of3__PB_qb0of3,C19_FCF_P_DYN_yoy,0.156574640342386,0.18660855823064182,-0.030033917888255823,-0.6239916346779513,0.5174870466321243,18.73,178.104
MOM_qb2of3__EV_EBITDA_qb1of3__C16_FCF_P_DYN_riseq2__v0,MOM_qb2of3__EV_EBITDA_qb1of3,C16_FCF_P_DYN_riseq2,0.15652979474988316,0.16230434248849268,-0.005774547738609526,-0.644389739262446,0.495248481071818,16.58,82.45620437956204
PB_qb0of3__OCF_E_qb2of3__C20_FCF_P_DYN_ytdavg_gt_lyytdavg__v0,PB_qb0of3__OCF_E_qb2of3,C20_FCF_P_DYN_ytdavg_gt_lyytdavg,0.15649533835660567,0.1959933102234963,-0.039497971866890635,-0.6082027468304638,0.514799154334038,16.71,57.10175438596491
PB_qb1of3__ROE_qb2of3__C16_FCF_P_DYN_riseq2__v0,PB_qb1of3__ROE_qb2of3,C16_FCF_P_DYN_riseq2,0.15649358982872297,0.1735666691404827,-0.01707307931175972,-0.550810577213178,0.5206068840579711,17.66,68.75912408759125
EV_S_qb1of3__NETDEBT_EBITDA_qb2of3__C8_EPS_DYN_riseq1__v0,EV_S_qb1of3__NETDEBT_EBITDA_qb2of3,C8_EPS_DYN_riseq1,0.156460714097165,0.13111893250082707,0.02534178159633793,-0.623287313587795,0.46866485013623976,17.22,87.45263157894736
MOM_qb2of3__ACCRUAL_qb2of3__C3_ROE_DYN_qmax4__v0,MOM_qb2of3__ACCRUAL_qb2of3,C3_ROE_DYN_qmax4,0.15632816592339838,0.11763516061125423,0.038693005312144146,-0.6263932809236115,0.49499680647221633,16.27,60.416030534351144
EV_S_qb1of3__OCF_E_qb2of3__C5_ROE_DYN_yoy__v0,EV_S_qb1of3__OCF_E_qb2of3,C5_ROE_DYN_yoy,0.15626675928586553,0.12057084445892974,0.03569591482693579,-0.6049559801849738,0.4845059442603781,20.31,87.292
P_IC_qb1of3__FCF_OI_qb1of3__C12_EPS_DYN_yoy__v0,P_IC_qb1of3__FCF_OI_qb1of3,C12_EPS_DYN_yoy,0.156150413972999,0.11805734728393036,0.038093066689068644,-0.6394130207710007,0.49292929292929294,17.6,91.112
MOM_qb2of3__FCF_P_qb2of3__None__v0,MOM_qb2of3__FCF_P_qb2of3,None,0.15611793939613228,0.15611793939613228,0.0,-0.6494781292284721,0.4910297370361268,16.24,147.17171717171718
ROE_qb2of3__ROIC_qb1of3__C2_ROE_DYN_riseq2__v0,ROE_qb2of3__ROIC_qb1of3,C2_ROE_DYN_riseq2,0.1561168892566991,0.12040862931056018,0.03570825994613891,-0.5102168757911041,0.5096921322690992,16.98,42.31751824817518
ROE_qb2of3__DEBTRATIO_qb0of3__C9_EPS_DYN_riseq2__v0,ROE_qb2of3__DEBTRATIO_qb0of3,C9_EPS_DYN_riseq2,0.15609266873193972,0.1083279530990704,0.047764715632869326,-0.4120219494798337,0.4993646759847522,18.14,101.11678832116789
MOM_qb2of3__ROIC_qb1of3__C13_EPS_DYN_ytdavg_gt_lyytdavg__v0,MOM_qb2of3__ROIC_qb1of3,C13_EPS_DYN_ytdavg_gt_lyytdavg,0.1560532957347105,0.14880087180690538,0.007252423927805118,-0.6025770963677081,0.4869468322190385,15.2,83.03859649122808
ROE_qb2of3__FCF_OI_qb2of3__C3_ROE_DYN_qmax4__v0,ROE_qb2of3__FCF_OI_qb2of3,C3_ROE_DYN_qmax4,0.1559976788080335,0.10829014177983431,0.04770753702819919,-0.4580671511007959,0.48332988196313936,17.91,65.45419847328245
EV_S_qb0of3__NETDEBT_EBITDA_qb2of3__None__v0,EV_S_qb0of3__NETDEBT_EBITDA_qb2of3,None,0.15594460285259082,0.15594460285259082,0.0,-0.5926369670269183,0.5080033698399326,16.04,124.17845117845118
PB_qb0of3__ACCRUAL_qb0of3__C16_FCF_P_DYN_riseq2__v0,PB_qb0of3__ACCRUAL_qb0of3,C16_FCF_P_DYN_riseq2,0.1557944994085918,0.17797297319254568,-0.022178473783953878,-0.5957624415035943,0.4970082273747195,19.43,81.67883211678833
MOM_qb2of3__OCF_E_qb1of3__C20_FCF_P_DYN_ytdavg_gt_lyytdavg__v0,MOM_qb2of3__OCF_E_qb1of3,C20_FCF_P_DYN_ytdavg_gt_lyytdavg,0.15571354397884551,0.1381613845942784,0.017552159384567112,-0.6667487149144856,0.4942418426103647,15.58,75.51228070175439
EV_S_qb0of3__ACCRUAL_qb0of3__None__v0,EV_S_qb0of3__ACCRUAL_qb0of3,None,0.15570838337066473,0.15570838337066473,0.0,-0.5439589358147603,0.48902277136730316,17.33,162.996632996633
MOM_qb2of3__DEBTRATIO_qb0of3__C8_EPS_DYN_riseq1__v0,MOM_qb2of3__DEBTRATIO_qb0of3,C8_EPS_DYN_riseq1,0.15569982986777053,0.1358581434377284,0.019841686430042138,-0.6954342820388237,0.490809416317317,15.92,81.73333333333333
PS_qb1of3__MOM_qb2of3__C6_ROE_DYN_ytdavg_gt_lyytdavg__v0,PS_qb1of3__MOM_qb2of3,C6_ROE_DYN_ytdavg_gt_lyytdavg,0.15568131242799033,0.13687445579871116,0.018806856629279167,-0.6476674222989042,0.4672175318843183,15.81,78.70526315789473
P_IC_qb1of3__FCF_OI_qb1of3__C3_ROE_DYN_qmax4__v0,P_IC_qb1of3__FCF_OI_qb1of3,C3_ROE_DYN_qmax4,0.15567104710317103,0.11805734728393036,0.037613699819240676,-0.6546793691052716,0.513529240616817,15.44,48.33587786259542
ROE_qb2of3__ROIC_qb2of3__C5_ROE_DYN_yoy__v0,ROE_qb2of3__ROIC_qb2of3,C5_ROE_DYN_yoy,0.15566957795701253,0.10622238694356079,0.04944719101345174,-0.47629671824418685,0.4782813530575709,20.17,263.156
EV_S_qb0of3__ROE_qb2of3__C20_FCF_P_DYN_ytdavg_gt_lyytdavg__v0,EV_S_qb0of3__ROE_qb2of3,C20_FCF_P_DYN_ytdavg_gt_lyytdavg,0.15561093548543004,0.16080766307492578,-0.005196727589495742,-0.553620125655278,0.5231069042316259,15.93,66.94736842105263
EV_S_qb1of3__ROE_qb2of3__C3_ROE_DYN_qmax4__v0,EV_S_qb1of3__ROE_qb2of3,C3_ROE_DYN_qmax4,0.15540950441189816,0.11697884944628889,0.03843065496560927,-0.5485695776554569,0.505710370031978,16.91,65.47328244274809
EV_S_qb1of3__NETDEBT_EBITDA_qb2of3__C2_ROE_DYN_riseq2__v0,EV_S_qb1of3__NETDEBT_EBITDA_qb2of3,C2_ROE_DYN_riseq2,0.15539397666543664,0.13111893250082707,0.02427504416460957,-0.6106322451921598,0.48891999066946584,17.46,88.41240875912409
P_IC_qb0of3__EV_S_qb0of3__C18_FCF_P_DYN_qmax8__v0,P_IC_qb0of3__EV_S_qb0of3,C18_FCF_P_DYN_qmax8,0.1553621151084681,0.18640346143351416,-0.03104134632504607,-0.6134776164181939,0.4859154929577465,20.36,30.390557939914164
PB_qb0of3__PS_qb0of3__C15_FCF_P_DYN_riseq1__v0,PB_qb0of3__PS_qb0of3,C15_FCF_P_DYN_riseq1,0.15534013726214257,0.19683269190132835,-0.041492554639185775,-0.5982329317823953,0.49002073613271124,17.0,125.54385964912281
P_IC_qb1of3__OCF_E_qb2of3__C12_EPS_DYN_yoy__v0,P_IC_qb1of3__OCF_E_qb2of3,C12_EPS_DYN_yoy,0.15533991918368262,0.11536649529775045,0.03997342388593217,-0.5430141877641094,0.48919202518363064,19.24,80.248
P_IC_qb1of3__DEBTRATIO_qb0of3__C14_EPS_DYN_ytdavg_gt_lyavg__v0,P_IC_qb1of3__DEBTRATIO_qb0of3,C14_EPS_DYN_ytdavg_gt_lyavg,0.15532681304944274,0.14025437918169104,0.0150724338677517,-0.5882783315255173,0.5128205128205128,16.17,67.58947368421053
EV_S_qb0of3__OCF_E_qb2of3__None__v0,EV_S_qb0of3__OCF_E_qb2of3,None,0.15528067250881317,0.15528067250881317,0.0,-0.5480216093892746,0.49726365489859425,17.31,161.2962962962963
PB_qb1of3__MOM_qb2of3__C13_EPS_DYN_ytdavg_gt_lyytdavg__v0,PB_qb1of3__MOM_qb2of3,C13_EPS_DYN_ytdavg_gt_lyytdavg,0.15524449780862382,0.1423822447586076,0.012862253050016204,-0.669750701826707,0.47291560536593646,14.22,83.8
PS_qb1of3__ROIC_qb2of3__C4_ROE_DYN_qmax8__v0,PS_qb1of3__ROIC_qb2of3,C4_ROE_DYN_qmax8,0.15518596232668536,0.12570144548191764,0.029484516844767716,-0.6111292384885667,0.5155112983531214,21.07,42.21030042918455
PS_qb0of3__DEBTRATIO_qb1of3__C8_EPS_DYN_riseq1__v0,PS_qb0of3__DEBTRATIO_qb1of3,C8_EPS_DYN_riseq1,0.15516945775996938,0.16188189278048704,-0.00671243502051766,-0.5669815118982706,0.494503337259521,15.81,87.11929824561403
ROE_qb2of3__OCF_E_qb2of3__C12_EPS_DYN_yoy__v0,ROE_qb2of3__OCF_E_qb2of3,C12_EPS_DYN_yoy,0.15516254290473053,0.11121481636596298,0.04394772653876755,-0.4470241990293232,0.48333333333333334,21.06,177.88
PS_qb1of3__ROE_qb2of3__C9_EPS_DYN_riseq2__v0,PS_qb1of3__ROE_qb2of3,C9_EPS_DYN_riseq2,0.15510142199775445,0.12478241714928062,0.03031900484847383,-0.5587326984831336,0.5046288209606987,18.89,109.02919708029196
ROE_qb2of3__None__C12_EPS_DYN_yoy__v0,ROE_qb2of3__None,C12_EPS_DYN_yoy,0.1550852928771278,0.1096895179268933,0.0453957749502345,-0.4823903640142061,0.48103506405933916,20.38,328.388
MOM_qb2of3__ACCRUAL_qb0of3__None__v0,MOM_qb2of3__ACCRUAL_qb0of3,None,0.15505270527372694,0.15505270527372694,0.0,-0.6665731743710134,0.47905359565807326,15.64,141.0
ROE_qb2of3__NETDEBT_EBITDA_qb2of3__C14_EPS_DYN_ytdavg_gt_lyavg__v0,ROE_qb2of3__NETDEBT_EBITDA_qb2of3,C14_EPS_DYN_ytdavg_gt_lyavg,0.15503925033971444,0.12706706831299486,0.027972182026719583,-0.44192610315978387,0.4709263015551048,17.09,60.34736842105263
PS_qb1of3__OCF_E_qb1of3__C1_ROE_DYN_riseq1__v0,PS_qb1of3__OCF_E_qb1of3,C1_ROE_DYN_riseq1,0.15503471837121774,0.11005598483431767,0.04497873353690007,-0.5669604265060699,0.4991331757289204,17.69,91.61052631578947
MOM_qb2of3__FCF_OI_qb0of3__C11_EPS_DYN_qmax8__v0,MOM_qb2of3__FCF_OI_qb0of3,C11_EPS_DYN_qmax8,0.15502662955143487,0.11480569700354648,0.04022093254788839,-0.6293417856253631,0.4783137413862992,18.87,36.05579399141631
PB_qb1of3__FCF_OI_qb1of3__C2_ROE_DYN_riseq2__v0,PB_qb1of3__FCF_OI_qb1of3,C2_ROE_DYN_riseq2,0.1550146039149074,0.11455659643931759,0.04045800747558981,-0.595271859866096,0.5146281283045471,17.22,87.72992700729927
PB_qb1of3__FCF_OI_qb1of3__C9_EPS_DYN_riseq2__v0,PB_qb1of3__FCF_OI_qb1of3,C9_EPS_DYN_riseq2,0.1549683683378953,0.11455659643931759,0.0404117718985777,-0.5794902054632838,0.5184531167225852,16.98,87.60583941605839
PB_qb1of3__ROE_qb2of3__C15_FCF_P_DYN_riseq1__v0,PB_qb1of3__ROE_qb2of3,C15_FCF_P_DYN_riseq1,0.1548938611364974,0.1735666691404827,-0.018672808003985297,-0.5113219012941769,0.4937625754527163,16.91,63.23859649122807
MOM_qb2of3__OCF_E_qb1of3__C13_EPS_DYN_ytdavg_gt_lyytdavg__v0,MOM_qb2of3__OCF_E_qb1of3,C13_EPS_DYN_ytdavg_gt_lyytdavg,0.1548444431343332,0.1381613845942784,0.016683058540054807,-0.625900921305854,0.48946975354742345,16.04,83.3578947368421
ROE_qb2of3__ACCRUAL_qb1of3__C10_EPS_DYN_qmax4__v0,ROE_qb2of3__ACCRUAL_qb1of3,C10_EPS_DYN_qmax4,0.1548037295078022,0.10621584572289322,0.04858788378490897,-0.4674298886689051,0.5122345337026778,17.99,60.75190839694657
EV_S_qb0of3__NETDEBT_EBITDA_qb0of3__None__v0,EV_S_qb0of3__NETDEBT_EBITDA_qb0of3,None,0.1547916746673339,0.1547916746673339,0.0,-0.5624340598912663,0.5850196315312595,16.54,186.53872053872053
ROE_qb2of3__FCF_P_qb2of3__C5_ROE_DYN_yoy__v0,ROE_qb2of3__FCF_P_qb2of3,C5_ROE_DYN_yoy,0.15477249460732723,0.12136510193091676,0.03340739267641046,-0.5281943750086572,0.49134199134199136,19.52,99.256
MOM_qb2of3__ACCRUAL_qb0of3__C20_FCF_P_DYN_ytdavg_gt_lyytdavg__v0,MOM_qb2of3__ACCRUAL_qb0of3,C20_FCF_P_DYN_ytdavg_gt_lyytdavg,0.15476375036135592,0.15505270527372694,-0.00028895491237102,-0.67043669718746,0.48444518382964563,15.54,71.9017543859649
PS_qb0of3__DEBTRATIO_qb1of3__C1_ROE_DYN_riseq1__v0,PS_qb0of3__DEBTRATIO_qb1of3,C1_ROE_DYN_riseq1,0.15475337236526876,0.16188189278048704,-0.007128520415218276,-0.5577961324329892,0.4912594358363131,16.37,85.40350877192982
PB_qb0of3__FCF_P_qb1of3__C17_FCF_P_DYN_qmax4__v0,PB_qb0of3__FCF_P_qb1of3,C17_FCF_P_DYN_qmax4,0.1547142134134547,0.18135868898675023,-0.026644475573295523,-0.6745665404571705,0.45278450363196127,15.15,20.290697674418606
MOM_qb2of3__ACCRUAL_qb2of3__C9_EPS_DYN_riseq2__v0,MOM_qb2of3__ACCRUAL_qb2of3,C9_EPS_DYN_riseq2,0.1546844361288109,0.11763516061125423,0.03704927551755666,-0.646843748106023,0.48878688524590164,17.26,98.54379562043796
P_IC_qb1of3__DEBTRATIO_qb0of3__C7_ROE_DYN_ytdavg_gt_lyavg__v0,P_IC_qb1of3__DEBTRATIO_qb0of3,C7_ROE_DYN_ytdavg_gt_lyavg,0.15464103034634213,0.14025437918169104,0.014386651164651099,-0.5779850955136245,0.5108139992135273,16.08,64.01754385964912
MOM_qb2of3__FCF_P_qb1of3__C1_ROE_DYN_riseq1__v0,MOM_qb2of3__FCF_P_qb1of3,C1_ROE_DYN_riseq1,0.15463009333797784,0.1303189927093793,0.024311100628598536,-0.685142972257661,0.49444203840046197,15.93,84.15438596491228
EV_S_qb1of3__ROIC_qb2of3__C9_EPS_DYN_riseq2__v0,EV_S_qb1of3__ROIC_qb2of3,C9_EPS_DYN_riseq2,0.15461119632188636,0.1141413742374382,0.04046982208444816,-0.530881541538835,0.506809669731018,18.47,111.25547445255475
EV_S_qb1of3__ROIC_qb2of3__C2_ROE_DYN_riseq2__v0,EV_S_qb1of3__ROIC_qb2of3,C2_ROE_DYN_riseq2,0.1545432718091455,0.1141413742374382,0.04040189757170731,-0.5451296211848566,0.5093062605752962,18.28,109.9087591240876
EV_S_qb1of3__NETDEBT_EBITDA_qb2of3__C7_ROE_DYN_ytdavg_gt_lyavg__v0,EV_S_qb1of3__NETDEBT_EBITDA_qb2of3,C7_ROE_DYN_ytdavg_gt_lyavg,0.1545068501337914,0.13111893250082707,0.023387917632964328,-0.6298602507218407,0.4777341191879502,16.68,76.88771929824561
MOM_qb2of3__OCF_E_qb2of3__C15_FCF_P_DYN_riseq1__v0,MOM_qb2of3__OCF_E_qb2of3,C15_FCF_P_DYN_riseq1,0.15445426733606893,0.16128648413460045,-0.006832216798531521,-0.6779913464891478,0.48610909090909094,15.38,76.71578947368421
ROE_qb2of3__FCF_OI_qb2of3__C12_EPS_DYN_yoy__v0,ROE_qb2of3__FCF_OI_qb2of3,C12_EPS_DYN_yoy,0.1544452429532499,0.10829014177983431,0.04615510117341559,-0.5424851161587187,0.47024246877296105,20.3,108.44
EV_S_qb0of3__FCF_OI_qb1of3__C16_FCF_P_DYN_riseq2__v0,EV_S_qb0of3__FCF_OI_qb1of3,C16_FCF_P_DYN_riseq2,0.15434635929223717,0.15841923538251113,-0.004072876090273958,-0.5741036843553697,0.49045396690708526,16.58,115.64233576642336
EV_S_qb1of3__None__C3_ROE_DYN_qmax4__v0,EV_S_qb1of3__None,C3_ROE_DYN_qmax4,0.15434553250022454,0.11690579369850362,0.03743973880172091,-0.6028705456684423,0.4963820549927641,16.57,124.09923664122137
P_IC_qb1of3__ROE_qb2of3__C19_FCF_P_DYN_yoy__v0,P_IC_qb1of3__ROE_qb2of3,C19_FCF_P_DYN_yoy,0.1543293087741746,0.16008839291117583,-0.005759084137001214,-0.5549196225754359,0.5171977744056652,19.55,66.008
PS_qb1of3__OCF_E_qb1of3__C4_ROE_DYN_qmax8__v0,PS_qb1of3__OCF_E_qb1of3,C4_ROE_DYN_qmax8,0.1542408504475692,0.11005598483431767,0.04418486561325152,-0.6115799408730037,0.5075807514831905,17.05,23.017467248908297
PB_qb0of3__DEBTRATIO_qb2of3__C15_FCF_P_DYN_riseq1__v0,PB_qb0of3__DEBTRATIO_qb2of3,C15_FCF_P_DYN_riseq1,0.15421534578173168,0.18803320787283906,-0.033817862091107376,-0.610146672364876,0.4906382978723404,18.21,84.1859649122807
MOM_qb2of3__EV_EBITDA_qb1of3__C10_EPS_DYN_qmax4__v0,MOM_qb2of3__EV_EBITDA_qb1of3,C10_EPS_DYN_qmax4,0.15404684456210394,0.16230434248849268,-0.008257497926388746,-0.69545486981889,0.516701030927835,15.38,66.58015267175573
P_IC_qb1of3__OCF_E_qb2of3__C14_EPS_DYN_ytdavg_gt_lyavg__v0,P_IC_qb1of3__OCF_E_qb2of3,C14_EPS_DYN_ytdavg_gt_lyavg,0.15402185152424708,0.11536649529775045,0.03865535622649663,-0.4797617701852366,0.48564378645132344,17.28,70.03157894736842
EV_S_qb1of3__NETDEBT_EBITDA_qb2of3__C14_EPS_DYN_ytdavg_gt_lyavg__v0,EV_S_qb1of3__NETDEBT_EBITDA_qb2of3,C14_EPS_DYN_ytdavg_gt_lyavg,0.15398938363985182,0.13111893250082707,0.02287045113902475,-0.6125306214693873,0.48002598246183825,17.23,79.29473684210527
EV_S_qb1of3__MOM_qb2of3__C6_ROE_DYN_ytdavg_gt_lyytdavg__v0,EV_S_qb1of3__MOM_qb2of3,C6_ROE_DYN_ytdavg_gt_lyytdavg,0.15396712951548097,0.1365027028696275,0.01746442664585346,-0.6692331112962551,0.4716375312165537,15.76,78.91929824561403
MOM_qb2of3__FCF_P_qb0of3__C16_FCF_P_DYN_riseq2__v0,MOM_qb2of3__FCF_P_qb0of3,C16_FCF_P_DYN_riseq2,0.15394057968756414,0.12480208289160699,0.029138496795957147,-0.6899092921966026,0.45457822638788753,18.4,32.78102189781022
MOM_qb2of3__FCF_OI_qb1of3__C17_FCF_P_DYN_qmax4__v0,MOM_qb2of3__FCF_OI_qb1of3,C17_FCF_P_DYN_qmax4,0.15388435956655178,0.15028408428317808,0.0036002752833736995,-0.6947881049831366,0.4466374269005848,15.5,31.37786259541985
MOM_qb2of3__ACCRUAL_qb2of3__C12_EPS_DYN_yoy__v0,MOM_qb2of3__ACCRUAL_qb2of3,C12_EPS_DYN_yoy,0.15377829585962366,0.11763516061125423,0.03614313524836943,-0.6612817400449793,0.4795932021945671,18.93,105.008
MOM_qb2of3__ROE_qb1of3__C6_ROE_DYN_ytdavg_gt_lyytdavg__v0,MOM_qb2of3__ROE_qb1of3,C6_ROE_DYN_ytdavg_gt_lyytdavg,0.15377234378822568,0.14308725897377994,0.010685084814445744,-0.5899261287184658,0.48021828103683495,15.49,76.27719298245614
PB_qb1of3__ROIC_qb2of3__C20_FCF_P_DYN_ytdavg_gt_lyytdavg__v0,PB_qb1of3__ROIC_qb2of3,C20_FCF_P_DYN_ytdavg_gt_lyytdavg,0.15373005613151247,0.1573162106871937,-0.0035861545556812313,-0.5360501933223145,0.5365284974093264,16.68,68.88421052631578
PB_qb1of3__FCF_OI_qb1of3__C13_EPS_DYN_ytdavg_gt_lyytdavg__v0,PB_qb1of3__FCF_OI_qb1of3,C13_EPS_DYN_ytdavg_gt_lyytdavg,0.1536770950927122,0.11455659643931759,0.03912049865339462,-0.5637954088499029,0.48844043887147337,16.67,81.7298245614035
PS_qb0of3__OCF_E_qb2of3__C18_FCF_P_DYN_qmax8__v0,PS_qb0of3__OCF_E_qb2of3,C18_FCF_P_DYN_qmax8,0.1536768518217122,0.17777171665795666,-0.024094864836244456,-0.6131004934433332,0.47103569338794615,20.38,22.776824034334766
MOM_qb2of3__OCF_E_qb2of3__C20_FCF_P_DYN_ytdavg_gt_lyytdavg__v0,MOM_qb2of3__OCF_E_qb2of3,C20_FCF_P_DYN_ytdavg_gt_lyytdavg,0.15365872495129884,0.16128648413460045,-0.007627759183301608,-0.6646384872419646,0.5003937627972909,15.55,80.3578947368421
EV_S_qb1of3__ROE_qb2of3__C2_ROE_DYN_riseq2__v0,EV_S_qb1of3__ROE_qb2of3,C2_ROE_DYN_riseq2,0.15362791709351176,0.11697884944628889,0.036649067647222866,-0.5320849779662344,0.506302883785184,17.77,105.62043795620438
PB_qb1of3__ROE_qb2of3__C17_FCF_P_DYN_qmax4__v0,PB_qb1of3__ROE_qb2of3,C17_FCF_P_DYN_qmax4,0.15362074455785635,0.1735666691404827,-0.01994592458262634,-0.5406594607301343,0.4875659382064808,16.65,32.75190839694657
P_IC_qb1of3__NETDEBT_EBITDA_qb0of3__C13_EPS_DYN_ytdavg_gt_lyytdavg__v0,P_IC_qb1of3__NETDEBT_EBITDA_qb0of3,C13_EPS_DYN_ytdavg_gt_lyytdavg,0.15356832576128165,0.14197552309035966,0.011592802670921998,-0.5609265733685789,0.49532386560443364,16.65,69.30526315789474
PB_qb0of3__NETDEBT_EBITDA_qb2of3__C16_FCF_P_DYN_riseq2__v0,PB_qb0of3__NETDEBT_EBITDA_qb2of3,C16_FCF_P_DYN_riseq2,0.1535296767762393,0.17776664450601265,-0.02423696772977335,-0.614607828728911,0.5094867185939684,18.53,108.4087591240876
MOM_qb2of3__FCF_OI_qb0of3__C5_ROE_DYN_yoy__v0,MOM_qb2of3__FCF_OI_qb0of3,C5_ROE_DYN_yoy,0.15350208608752292,0.11480569700354648,0.038696389083976435,-0.675193978222399,0.4724356832609422,19.83,82.7
MOM_qb2of3__DEBTRATIO_qb0of3__C1_ROE_DYN_riseq1__v0,MOM_qb2of3__DEBTRATIO_qb0of3,C1_ROE_DYN_riseq1,0.15346437216196063,0.1358581434377284,0.01760622872423223,-0.6962014624113142,0.4885218827415359,15.92,79.03157894736842
EV_S_qb1of3__ROE_qb2of3__C9_EPS_DYN_riseq2__v0,EV_S_qb1of3__ROE_qb2of3,C9_EPS_DYN_riseq2,0.15334330565063525,0.11697884944628889,0.03636445620434636,-0.5238007488362783,0.5021742911810749,18.26,107.63868613138686
EV_S_qb1of3__NETDEBT_EBITDA_qb2of3__C1_ROE_DYN_riseq1__v0,EV_S_qb1of3__NETDEBT_EBITDA_qb2of3,C1_ROE_DYN_riseq1,0.1533073035387542,0.13111893250082707,0.022188371037927146,-0.6378161299901748,0.465625,17.29,87.69824561403509
P_IC_qb1of3__DEBTRATIO_qb0of3__C8_EPS_DYN_riseq1__v0,P_IC_qb1of3__DEBTRATIO_qb0of3,C8_EPS_DYN_riseq1,0.15329464201198184,0.14025437918169104,0.013040262830290805,-0.6123593538435282,0.5085310029130253,17.17,80.15087719298245
ROE_qb2of3__DEBTRATIO_qb0of3__C12_EPS_DYN_yoy__v0,ROE_qb2of3__DEBTRATIO_qb0of3,C12_EPS_DYN_yoy,0.153136943116835,0.1083279530990704,0.044808990017764616,-0.5188677150522651,0.48685540950455003,20.1,96.872
P_IC_qb1of3__ROE_qb2of3__C18_FCF_P_DYN_qmax8__v0,P_IC_qb1of3__ROE_qb2of3,C18_FCF_P_DYN_qmax8,0.15313093349681917,0.16008839291117583,-0.006957459414356659,-0.6524831861713902,0.48355263157894735,19.82,16.15450643776824
PS_qb1of3__DEBTRATIO_qb1of3__C3_ROE_DYN_qmax4__v0,PS_qb1of3__DEBTRATIO_qb1of3,C3_ROE_DYN_qmax4,0.15310706160183862,0.10359660874817855,0.04951045285366007,-0.5362281858382221,0.5025173064820642,18.23,50.62595419847328
P_IC_qb1of3__FCF_OI_qb1of3__C9_EPS_DYN_riseq2__v0,P_IC_qb1of3__FCF_OI_qb1of3,C9_EPS_DYN_riseq2,0.15303196727289836,0.11805734728393036,0.034974619988968,-0.6096980809533048,0.5072314049586777,16.46,91.15328467153284
ROE_qb2of3__FCF_P_qb2of3__C8_EPS_DYN_riseq1__v0,ROE_qb2of3__FCF_P_qb2of3,C8_EPS_DYN_riseq1,0.15289278969838094,0.12136510193091676,0.031527687767464174,-0.5007830970304461,0.4918666666666667,17.39,96.94385964912281
PS_qb1of3__NETDEBT_EBITDA_qb0of3__C4_ROE_DYN_qmax8__v0,PS_qb1of3__NETDEBT_EBITDA_qb0of3,C4_ROE_DYN_qmax8,0.15285587273770607,0.1188095866868164,0.03404628605088966,-0.5342536357681138,0.5079840319361277,16.24,16.75877192982456
PS_qb0of3__ROIC_qb2of3__C16_FCF_P_DYN_riseq2__v0,PS_qb0of3__ROIC_qb2of3,C16_FCF_P_DYN_riseq2,0.15280658932378266,0.16300310603459844,-0.010196516710815784,-0.4945323209857214,0.5045731707317073,18.1,51.0985401459854
PB_qb1of3__FCF_OI_qb1of3__C7_ROE_DYN_ytdavg_gt_lyavg__v0,PB_qb1of3__FCF_OI_qb1of3,C7_ROE_DYN_ytdavg_gt_lyavg,0.15279260027429542,0.11455659643931759,0.03823600383497783,-0.5710725256750435,0.4920361601377529,16.65,74.0982456140351
ROE_qb2of3__ACCRUAL_qb0of3__C14_EPS_DYN_ytdavg_gt_lyavg__v0,ROE_qb2of3__ACCRUAL_qb0of3,C14_EPS_DYN_ytdavg_gt_lyavg,0.15274846694591893,0.1151828149211398,0.03756565202477913,-0.36595120082027977,0.4718765555002489,17.76,90.31228070175439
PB_qb1of3__NETDEBT_EBITDA_qb0of3__C1_ROE_DYN_riseq1__v0,PB_qb1of3__NETDEBT_EBITDA_qb0of3,C1_ROE_DYN_riseq1,0.15274729962100997,0.11680507484049185,0.03594222478051812,-0.601978336392631,0.49765886287625416,16.76,71.81052631578947
MOM_qb2of3__ACCRUAL_qb1of3__C16_FCF_P_DYN_riseq2__v0,MOM_qb2of3__ACCRUAL_qb1of3,C16_FCF_P_DYN_riseq2,0.15273112863119098,0.13592025080935466,0.016810877821836323,-0.6731294295828343,0.49069106973808774,16.93,78.62043795620438
MOM_qb2of3__FCF_P_qb1of3__C17_FCF_P_DYN_qmax4__v0,MOM_qb2of3__FCF_P_qb1of3,C17_FCF_P_DYN_qmax4,0.15267471852383974,0.1303189927093793,0.022355725814460436,-0.7657024561376868,0.43140929535232386,15.89,30.16793893129771
P_IC_qb1of3__NETDEBT_EBITDA_qb0of3__C8_EPS_DYN_riseq1__v0,P_IC_qb1of3__NETDEBT_EBITDA_qb0of3,C8_EPS_DYN_riseq1,0.1526498280085642,0.14197552309035966,0.010674304918204536,-0.6033696809323109,0.5053717232488182,15.86,75.62456140350878
PS_qb1of3__FCF_P_qb1of3__C9_EPS_DYN_riseq2__v0,PS_qb1of3__FCF_P_qb1of3,C9_EPS_DYN_riseq2,0.15257619675926382,0.10355268343095037,0.04902351332831345,-0.6042304139716295,0.5092828540225701,16.96,83.35401459854015
PS_qb1of3__OCF_E_qb1of3__C9_EPS_DYN_riseq2__v0,PS_qb1of3__OCF_E_qb1of3,C9_EPS_DYN_riseq2,0.15256809091431056,0.11005598483431767,0.042512106079992895,-0.61020696982272,0.5180003412386964,17.55,93.16423357664233
P_IC_qb1of3__NETDEBT_EBITDA_qb0of3__C6_ROE_DYN_ytdavg_gt_lyytdavg__v0,P_IC_qb1of3__NETDEBT_EBITDA_qb0of3,C6_ROE_DYN_ytdavg_gt_lyytdavg,0.15254269098922357,0.14197552309035966,0.010567167898863916,-0.5825606595447765,0.5005452562704471,16.36,67.20701754385965
EV_S_qb1of3__OCF_E_qb2of3__C12_EPS_DYN_yoy__v0,EV_S_qb1of3__OCF_E_qb2of3,C12_EPS_DYN_yoy,0.15252349742221494,0.12057084445892974,0.0319526529632852,-0.5908440101873523,0.4874184529356943,20.67,93.048
ROE_qb2of3__ACCRUAL_qb1of3__C5_ROE_DYN_yoy__v0,ROE_qb2of3__ACCRUAL_qb1of3,C5_ROE_DYN_yoy,0.15252093039094672,0.10621584572289322,0.0463050846680535,-0.5042486745319849,0.49955555555555553,19.56,88.016
ROE_qb2of3__ROIC_qb1of3__C6_ROE_DYN_ytdavg_gt_lyytdavg__v0,ROE_qb2of3__ROIC_qb1of3,C6_ROE_DYN_ytdavg_gt_lyytdavg,0.15250224583740257,0.12040862931056018,0.032093616526842395,-0.4725117405955812,0.4878801234023799,16.62,37.62105263157895
EV_S_qb1of3__DEBTRATIO_qb2of3__C12_EPS_DYN_yoy__v0,EV_S_qb1of3__DEBTRATIO_qb2of3,C12_EPS_DYN_yoy,0.15246495594537146,0.12155643979061281,0.030908516154758647,-0.5668466917564661,0.4650106028476219,18.85,75.764
MOM_qb2of3__FCF_P_qb2of3__C16_FCF_P_DYN_riseq2__v0,MOM_qb2of3__FCF_P_qb2of3,C16_FCF_P_DYN_riseq2,0.1524360458439653,0.15611793939613228,-0.0036818935521669705,-0.6461010598328656,0.500272420180887,17.52,117.06934306569343
EV_S_qb0of3__FCF_OI_qb1of3__C19_FCF_P_DYN_yoy__v0,EV_S_qb0of3__FCF_OI_qb1of3,C19_FCF_P_DYN_yoy,0.15242983923889475,0.15841923538251113,-0.005989396143616377,-0.6112618617748132,0.49070631970260226,18.53,117.82
EV_S_qb1of3__ACCRUAL_qb0of3__C8_EPS_DYN_riseq1__v0,EV_S_qb1of3__ACCRUAL_qb0of3,C8_EPS_DYN_riseq1,0.15240354547248613,0.12264039060979393,0.02976315486269221,-0.5717574272137336,0.4870043634983874,17.35,74.10526315789474
MOM_qb2of3__NETDEBT_EBITDA_qb1of3__C8_EPS_DYN_riseq1__v0,MOM_qb2of3__NETDEBT_EBITDA_qb1of3,C8_EPS_DYN_riseq1,0.1523642275474315,0.1473077734732009,0.00505645407423061,-0.6894477625413042,0.5012432927627274,17.24,102.79649122807018
ROE_qb2of3__ACCRUAL_qb1of3__C3_ROE_DYN_qmax4__v0,ROE_qb2of3__ACCRUAL_qb1of3,C3_ROE_DYN_qmax4,0.1523561996682956,0.10621584572289322,0.04614035394540239,-0.4787854944399602,0.5147752669481003,17.18,55.530534351145036
MOM_qb2of3__ACCRUAL_qb1of3__C13_EPS_DYN_ytdavg_gt_lyytdavg__v0,MOM_qb2of3__ACCRUAL_qb1of3,C13_EPS_DYN_ytdavg_gt_lyytdavg,0.15232366093504424,0.13592025080935466,0.016403410125689577,-0.6483879151674194,0.4888086642599278,16.02,86.65964912280701
PB_qb0of3__FCF_P_qb1of3__C15_FCF_P_DYN_riseq1__v0,PB_qb0of3__FCF_P_qb1of3,C15_FCF_P_DYN_riseq1,0.15231210745425416,0.18135868898675023,-0.029046581532496063,-0.651560087771131,0.4830423940149626,15.27,50.329824561403505
PS_qb0of3__OCF_E_qb1of3__C1_ROE_DYN_riseq1__v0,PS_qb0of3__OCF_E_qb1of3,C1_ROE_DYN_riseq1,0.15227436695709806,0.16163055872724263,-0.009356191770144573,-0.5629327561164894,0.5048934945308002,16.03,74.00701754385965
ROE_qb2of3__ACCRUAL_qb0of3__C19_FCF_P_DYN_yoy__v0,ROE_qb2of3__ACCRUAL_qb0of3,C19_FCF_P_DYN_yoy,0.15225763909347778,0.1151828149211398,0.03707482417233798,-0.5522880227486222,0.502928870292887,21.25,68.648
EV_S_qb0of3__DEBTRATIO_qb0of3__C15_FCF_P_DYN_riseq1__v0,EV_S_qb0of3__DEBTRATIO_qb0of3,C15_FCF_P_DYN_riseq1,0.1522119720480748,0.17427513647925252,-0.02206316443117773,-0.5673543903777327,0.4934989887315805,17.45,52.4140350877193
ROE_qb2of3__None__C10_EPS_DYN_qmax4__v0,ROE_qb2of3__None,C10_EPS_DYN_qmax4,0.15207312815575702,0.1096895179268933,0.04238361022886372,-0.4372955684510328,0.4922988221728029,18.37,211.87022900763358
PS_qb0of3__ROE_qb2of3__C16_FCF_P_DYN_riseq2__v0,PS_qb0of3__ROE_qb2of3,C16_FCF_P_DYN_riseq2,0.15206908524293872,0.16777979365724227,-0.015710708414303554,-0.495108250255321,0.511400651465798,17.37,64.98540145985402
PB_qb1of3__ACCRUAL_qb1of3__C11_EPS_DYN_qmax8__v0,PB_qb1of3__ACCRUAL_qb1of3,C11_EPS_DYN_qmax8,0.15204610071296742,0.10547281823417798,0.046573282478789446,-0.7399884198349509,0.5016035920461834,16.58,23.334763948497855
P_IC_qb1of3__OCF_E_qb1of3__C7_ROE_DYN_ytdavg_gt_lyavg__v0,P_IC_qb1of3__OCF_E_qb1of3,C7_ROE_DYN_ytdavg_gt_lyavg,0.15204204794390397,0.10872133611728962,0.043320711826614344,-0.5496038603720792,0.49922031632880376,16.2,73.85263157894737
PS_qb1of3__DEBTRATIO_qb0of3__C8_EPS_DYN_riseq1__v0,PS_qb1of3__DEBTRATIO_qb0of3,C8_EPS_DYN_riseq1,0.15203398136055557,0.12730497339873037,0.0247290079618252,-0.6095535523424949,0.49980283911671924,17.71,83.47719298245615
P_IC_qb1of3__None__C3_ROE_DYN_qmax4__v0,P_IC_qb1of3__None,C3_ROE_DYN_qmax4,0.1520202082224884,0.10927398071020056,0.04274622751228785,-0.5592325156902681,0.5056751467710372,16.93,123.72900763358778
P_IC_qb0of3__None__C15_FCF_P_DYN_riseq1__v0,P_IC_qb0of3__None,C15_FCF_P_DYN_riseq1,0.15199226642788766,0.18180748761405363,-0.029815221186165974,-0.5857085963911937,0.4896414647198226,17.12,230.32631578947368
ROE_qb2of3__ACCRUAL_qb0of3__C20_FCF_P_DYN_ytdavg_gt_lyytdavg__v0,ROE_qb2of3__ACCRUAL_qb0of3,C20_FCF_P_DYN_ytdavg_gt_lyytdavg,0.15193035766545226,0.1151828149211398,0.03674754274431247,-0.5137170433763029,0.5077183336857687,18.12,64.89122807017544
MOM_qb2of3__FCF_P_qb1of3__C8_EPS_DYN_riseq1__v0,MOM_qb2of3__FCF_P_qb1of3,C8_EPS_DYN_riseq1,0.15190723710985488,0.1303189927093793,0.021588244400475576,-0.6650640628692772,0.49538941693857286,16.42,86.40701754385965
EV_S_qb1of3__MOM_qb2of3__C1_ROE_DYN_riseq1__v0,EV_S_qb1of3__MOM_qb2of3,C1_ROE_DYN_riseq1,0.15189554157929086,0.1365027028696275,0.015392838709663348,-0.6998242589153554,0.486603018170619,15.84,83.56842105263158
P_IC_qb1of3__OCF_E_qb1of3__C10_EPS_DYN_qmax4__v0,P_IC_qb1of3__OCF_E_qb1of3,C10_EPS_DYN_qmax4,0.15186993673298188,0.10872133611728962,0.043148600615692256,-0.5468742972268027,0.5238236164545723,16.54,48.969465648854964
PB_qb1of3__NETDEBT_EBITDA_qb0of3__C11_EPS_DYN_qmax8__v0,PB_qb1of3__NETDEBT_EBITDA_qb0of3,C11_EPS_DYN_qmax8,0.1518141734890126,0.11680507484049185,0.03500909864852075,-0.6535656782901511,0.5394230769230769,15.33,17.4
ROE_qb2of3__DEBTRATIO_qb0of3__C10_EPS_DYN_qmax4__v0,ROE_qb2of3__DEBTRATIO_qb0of3,C10_EPS_DYN_qmax4,0.15178088192240735,0.1083279530990704,0.043452928823336956,-0.4312434612021163,0.49959448499594483,17.91,62.79770992366412
P_IC_qb1of3__ROIC_qb2of3__C17_FCF_P_DYN_qmax4__v0,P_IC_qb1of3__ROIC_qb2of3,C17_FCF_P_DYN_qmax4,0.15177474601162189,0.16269582864452659,-0.0109210826329047,-0.5136684167529041,0.4791743457427202,17.77,33.9236641221374
PS_qb1of3__DEBTRATIO_qb0of3__C14_EPS_DYN_ytdavg_gt_lyavg__v0,PS_qb1of3__DEBTRATIO_qb0of3,C14_EPS_DYN_ytdavg_gt_lyavg,0.15176636653790787,0.12730497339873037,0.0244613931391775,-0.5896562273458632,0.5132239705390024,16.6,73.1719298245614
P_IC_qb0of3__NETDEBT_EBITDA_qb2of3__C20_FCF_P_DYN_ytdavg_gt_lyytdavg__v0,P_IC_qb0of3__NETDEBT_EBITDA_qb2of3,C20_FCF_P_DYN_ytdavg_gt_lyytdavg,0.15175790074456974,0.17686162789661508,-0.02510372715204534,-0.6136521112422348,0.5270392068499324,16.78,141.01754385964912
ROE_qb2of3__NETDEBT_EBITDA_qb2of3__C13_EPS_DYN_ytdavg_gt_lyytdavg__v0,ROE_qb2of3__NETDEBT_EBITDA_qb2of3,C13_EPS_DYN_ytdavg_gt_lyytdavg,0.15171781677528196,0.12706706831299486,0.024650748462287098,-0.45807649367046666,0.4631870031109575,17.52,60.11929824561403
ROE_qb2of3__NETDEBT_EBITDA_qb2of3__C8_EPS_DYN_riseq1__v0,ROE_qb2of3__NETDEBT_EBITDA_qb2of3,C8_EPS_DYN_riseq1,0.15170007835344412,0.12706706831299486,0.024633010040449266,-0.5009564733394556,0.46613545816733065,17.14,61.280701754385966
P_IC_qb1of3__ROE_qb2of3__C16_FCF_P_DYN_riseq2__v0,P_IC_qb1of3__ROE_qb2of3,C16_FCF_P_DYN_riseq2,0.15158772191522552,0.16008839291117583,-0.00850067099595031,-0.5085954056744706,0.5108510119483053,18.96,65.4014598540146
P_IC_qb1of3__FCF_P_qb1of3__C3_ROE_DYN_qmax4__v0,P_IC_qb1of3__FCF_P_qb1of3,C3_ROE_DYN_qmax4,0.15149876300053955,0.1123350134573704,0.039163749543169146,-0.6575761964667168,0.520694259012016,16.27,41.47328244274809
PS_qb1of3__ROE_qb2of3__C11_EPS_DYN_qmax8__v0,PS_qb1of3__ROE_qb2of3,C11_EPS_DYN_qmax8,0.151447615307714,0.12478241714928062,0.02666519815843338,-0.66559967792025,0.5094339622641509,21.97,47.64377682403433
EV_S_qb1of3__NETDEBT_EBITDA_qb2of3__C9_EPS_DYN_riseq2__v0,EV_S_qb1of3__NETDEBT_EBITDA_qb2of3,C9_EPS_DYN_riseq2,0.15143176211303988,0.13111893250082707,0.020312829612212813,-0.6110892878187839,0.48507462686567165,17.82,87.92700729927007
P_IC_qb1of3__MOM_qb2of3__C14_EPS_DYN_ytdavg_gt_lyavg__v0,P_IC_qb1of3__MOM_qb2of3,C14_EPS_DYN_ytdavg_gt_lyavg,0.15138466991099442,0.14276752601796372,0.008617143893030699,-0.6348747465737243,0.47145915090973955,15.33,80.2140350877193
PB_qb1of3__DEBTRATIO_qb1of3__C10_EPS_DYN_qmax4__v0,PB_qb1of3__DEBTRATIO_qb1of3,C10_EPS_DYN_qmax4,0.15134601521160107,0.10295792396196068,0.048388091249640386,-0.5404725280767749,0.5171815341895175,17.59,45.465648854961835
P_IC_qb0of3__NETDEBT_EBITDA_qb2of3__C16_FCF_P_DYN_riseq2__v0,P_IC_qb0of3__NETDEBT_EBITDA_qb2of3,C16_FCF_P_DYN_riseq2,0.15132893263418845,0.17686162789661508,-0.02553269526242663,-0.5952579163434978,0.495046439628483,17.72,142.46350364963504
PS_qb0of3__OCF_E_qb2of3__C16_FCF_P_DYN_riseq2__v0,PS_qb0of3__OCF_E_qb2of3,C16_FCF_P_DYN_riseq2,0.15131149357001794,0.17777171665795666,-0.026460223087938717,-0.5900245091901947,0.4905008635578584,19.81,85.02554744525547
EV_S_qb0of3__ACCRUAL_qb0of3__C18_FCF_P_DYN_qmax8__v0,EV_S_qb0of3__ACCRUAL_qb0of3,C18_FCF_P_DYN_qmax8,0.15130426415038878,0.15570838337066473,-0.004404119220275948,-0.6449976178835253,0.45884520884520885,20.87,21.30472103004292
P_IC_qb1of3__FCF_OI_qb1of3__C2_ROE_DYN_riseq2__v0,P_IC_qb1of3__FCF_OI_qb1of3,C2_ROE_DYN_riseq2,0.15130109306758732,0.11805734728393036,0.033243745783656964,-0.6222249467876373,0.5076256499133449,16.74,90.24817518248175
P_IC_qb0of3__ROIC_qb1of3__C17_FCF_P_DYN_qmax4__v0,P_IC_qb0of3__ROIC_qb1of3,C17_FCF_P_DYN_qmax4,0.15128804144241292,0.18305739841769153,-0.031769356975278606,-0.555205215165711,0.498914223669924,19.59,48.908396946564885
ROE_qb2of3__FCF_P_qb2of3__C12_EPS_DYN_yoy__v0,ROE_qb2of3__FCF_P_qb2of3,C12_EPS_DYN_yoy,0.15128218666542703,0.12136510193091676,0.02991708473451027,-0.5242622316701107,0.488504031054046,19.68,104.02
PS_qb1of3__OCF_E_qb2of3__C11_EPS_DYN_qmax8__v0,PS_qb1of3__OCF_E_qb2of3,C11_EPS_DYN_qmax8,0.15127373692769264,0.10402702318790835,0.047246713739784285,-0.6989054456798718,0.5132113821138211,21.45,31.871244635193133
PB_qb1of3__ACCRUAL_qb1of3__C3_ROE_DYN_qmax4__v0,PB_qb1of3__ACCRUAL_qb1of3,C3_ROE_DYN_qmax4,0.15126851927738727,0.10547281823417798,0.04579570104320929,-0.6604247408873878,0.5172057811424638,15.21,41.16030534351145
P_IC_qb1of3__MOM_qb2of3__C7_ROE_DYN_ytdavg_gt_lyavg__v0,P_IC_qb1of3__MOM_qb2of3,C7_ROE_DYN_ytdavg_gt_lyavg,0.15117846579682337,0.14276752601796372,0.00841093977885965,-0.6502305443431768,0.4698704711845316,14.74,75.16140350877193
PS_qb1of3__ACCRUAL_qb1of3__C11_EPS_DYN_qmax8__v0,PS_qb1of3__ACCRUAL_qb1of3,C11_EPS_DYN_qmax8,0.15107978658694177,0.10789709507912493,0.04318269150781684,-0.7040299822432097,0.5158587672052664,19.41,24.858369098712448
PS_qb1of3__ROIC_qb2of3__C11_EPS_DYN_qmax8__v0,PS_qb1of3__ROIC_qb2of3,C11_EPS_DYN_qmax8,0.1510349543966687,0.12570144548191764,0.025333508914751057,-0.6512421323318964,0.5109641489731988,21.85,48.93562231759657
MOM_qb2of3__FCF_P_qb1of3__C13_EPS_DYN_ytdavg_gt_lyytdavg__v0,MOM_qb2of3__FCF_P_qb1of3,C13_EPS_DYN_ytdavg_gt_lyytdavg,0.1510108698908299,0.1303189927093793,0.020691877181450602,-0.6375445053572459,0.48158392779152714,16.15,87.7298245614035
P_IC_qb1of3__FCF_OI_qb1of3__C14_EPS_DYN_ytdavg_gt_lyavg__v0,P_IC_qb1of3__FCF_OI_qb1of3,C14_EPS_DYN_ytdavg_gt_lyavg,0.1509708973685142,0.11805734728393036,0.032913550084583854,-0.5644797383439317,0.4924042941057322,15.92,80.27368421052631
PB_qb1of3__DEBTRATIO_qb1of3__C3_ROE_DYN_qmax4__v0,PB_qb1of3__DEBTRATIO_qb1of3,C3_ROE_DYN_qmax4,0.15091380228309692,0.10295792396196068,0.047955878321136236,-0.5960731024398649,0.5164319248826291,17.0,42.961832061068705
EV_S_qb1of3__ACCRUAL_qb0of3__C1_ROE_DYN_riseq1__v0,EV_S_qb1of3__ACCRUAL_qb0of3,C1_ROE_DYN_riseq1,0.15084848108696347,0.12264039060979393,0.028208090477169545,-0.5667113112903623,0.4848544068790307,17.22,71.0982456140351
PB_qb0of3__DEBTRATIO_qb2of3__C18_FCF_P_DYN_qmax8__v0,PB_qb0of3__DEBTRATIO_qb2of3,C18_FCF_P_DYN_qmax8,0.15080789754425927,0.18803320787283906,-0.037225310328579786,-0.6438549337537169,0.48760330578512395,20.92,21.197424892703864
ROE_qb2of3__OCF_E_qb2of3__C2_ROE_DYN_riseq2__v0,ROE_qb2of3__OCF_E_qb2of3,C2_ROE_DYN_riseq2,0.15055144437775092,0.11121481636596298,0.039336628011787944,-0.40141521202244423,0.48951924079674625,18.93,172.87591240875912
P_IC_qb0of3__FCF_OI_qb1of3__C20_FCF_P_DYN_ytdavg_gt_lyytdavg__v0,P_IC_qb0of3__FCF_OI_qb1of3,C20_FCF_P_DYN_ytdavg_gt_lyytdavg,0.1504639823797871,0.18557700877894123,-0.035113026399154146,-0.5884701886594199,0.4946763202725724,16.07,77.03157894736842
PS_qb1of3__None__C10_EPS_DYN_qmax4__v0,PS_qb1of3__None,C10_EPS_DYN_qmax4,0.15045947383105496,0.10831162240253711,0.042147851428517846,-0.5810736412783235,0.5012450199203188,18.05,134.22519083969465
MOM_qb2of3__ACCRUAL_qb1of3__C8_EPS_DYN_riseq1__v0,MOM_qb2of3__ACCRUAL_qb1of3,C8_EPS_DYN_riseq1,0.1504566094339015,0.13592025080935466,0.01453635862454683,-0.690726564387357,0.5045808833584029,16.13,89.71929824561404
MOM_qb2of3__DEBTRATIO_qb2of3__C19_FCF_P_DYN_yoy__v0,MOM_qb2of3__DEBTRATIO_qb2of3,C19_FCF_P_DYN_yoy,0.15039044656671918,0.14200737818456344,0.008383068382155745,-0.684816764079653,0.4805170119749097,17.42,78.112
P_IC_qb0of3__PB_qb0of3__C15_FCF_P_DYN_riseq1__v0,P_IC_qb0of3__PB_qb0of3,C15_FCF_P_DYN_riseq1,0.15038126719329248,0.18660855823064182,-0.03622729103734934,-0.6115322075854419,0.49456033536281063,18.39,171.68070175438598
ROE_qb2of3__FCF_P_qb0of3__C7_ROE_DYN_ytdavg_gt_lyavg__v0,ROE_qb2of3__FCF_P_qb0of3,C7_ROE_DYN_ytdavg_gt_lyavg,0.1503669161811665,0.10654638208040024,0.04382053410076625,-0.4739748732645236,0.47583349773130795,18.76,69.51228070175439
MOM_qb2of3__FCF_P_qb0of3__C14_EPS_DYN_ytdavg_gt_lyavg__v0,MOM_qb2of3__FCF_P_qb0of3,C14_EPS_DYN_ytdavg_gt_lyavg,0.15035854178598917,0.12480208289160699,0.025556458894382184,-0.6481081292068935,0.46984808961178454,16.54,81.14035087719299
MOM_qb2of3__NETDEBT_EBITDA_qb1of3__C1_ROE_DYN_riseq1__v0,MOM_qb2of3__NETDEBT_EBITDA_qb1of3,C1_ROE_DYN_riseq1,0.1502952882585049,0.1473077734732009,0.002987514785304013,-0.6967060861321579,0.49910800054892274,17.03,96.47017543859648
MOM_qb2of3__FCF_OI_qb1of3__None__v0,MOM_qb2of3__FCF_OI_qb1of3,None,0.15028408428317808,0.15028408428317808,0.0,-0.6542733849259301,0.4825134825951953,15.44,155.07070707070707
EV_S_qb0of3__ACCRUAL_qb0of3__C20_FCF_P_DYN_ytdavg_gt_lyytdavg__v0,EV_S_qb0of3__ACCRUAL_qb0of3,C20_FCF_P_DYN_ytdavg_gt_lyytdavg,0.15027977791312286,0.15570838337066473,-0.0054286054575418685,-0.6014222139992635,0.49556881895460303,16.81,82.45263157894736
MOM_qb2of3__None__C16_FCF_P_DYN_riseq2__v0,MOM_qb2of3__None,C16_FCF_P_DYN_riseq2,0.15019670778830663,0.11806777849564609,0.032128929292660535,-0.6804363287684083,0.4763445455100421,17.32,228.62043795620437
MOM_qb2of3__NETDEBT_EBITDA_qb1of3__C16_FCF_P_DYN_riseq2__v0,MOM_qb2of3__NETDEBT_EBITDA_qb1of3,C16_FCF_P_DYN_riseq2,0.15014363011738174,0.1473077734732009,0.0028358566441808453,-0.6708673472758414,0.48534310459693536,17.99,81.41970802919708
PS_qb1of3__MOM_qb2of3__C7_ROE_DYN_ytdavg_gt_lyavg__v0,PS_qb1of3__MOM_qb2of3,C7_ROE_DYN_ytdavg_gt_lyavg,0.15009902796577634,0.13687445579871116,0.013224572167065185,-0.6479670308254224,0.4663163820604241,16.0,74.98947368421052
P_IC_qb1of3__ROE_qb2of3__C17_FCF_P_DYN_qmax4__v0,P_IC_qb1of3__ROE_qb2of3,C17_FCF_P_DYN_qmax4,0.1500645151635347,0.16008839291117583,-0.01002387774764113,-0.5469450397376288,0.4774421341702628,18.03,32.36259541984733
PS_qb1of3__DEBTRATIO_qb0of3__C1_ROE_DYN_riseq1__v0,PS_qb1of3__DEBTRATIO_qb0of3,C1_ROE_DYN_riseq1,0.15004318110746806,0.12730497339873037,0.02273820770873769,-0.6219820414688638,0.49820287539936103,17.81,82.95438596491228
EV_S_qb1of3__DEBTRATIO_qb2of3__C10_EPS_DYN_qmax4__v0,EV_S_qb1of3__DEBTRATIO_qb2of3,C10_EPS_DYN_qmax4,0.1500266186900665,0.12155643979061281,0.02847017889945369,-0.5792008263961144,0.481640625,17.06,41.954198473282446
PS_qb0of3__ACCRUAL_qb1of3__C15_FCF_P_DYN_riseq1__v0,PS_qb0of3__ACCRUAL_qb1of3,C15_FCF_P_DYN_riseq1,0.14995938428140332,0.1621387652783881,-0.01217938099698479,-0.5944000634702167,0.4770378874856487,16.41,68.14035087719299
ROE_qb2of3__FCF_OI_qb1of3__C12_EPS_DYN_yoy__v0,ROE_qb2of3__FCF_OI_qb1of3,C12_EPS_DYN_yoy,0.1499461336675023,0.1080080007178279,0.04193813294967441,-0.5251765018374606,0.49470438396567906,20.31,128.688
PS_qb0of3__DEBTRATIO_qb0of3__C19_FCF_P_DYN_yoy__v0,PS_qb0of3__DEBTRATIO_qb0of3,C19_FCF_P_DYN_yoy,0.14994278983040732,0.1648921144720774,-0.014949324641670092,-0.529649609597567,0.5064758009543285,20.97,28.12
EV_S_qb0of3__OCF_E_qb2of3__C20_FCF_P_DYN_ytdavg_gt_lyytdavg__v0,EV_S_qb0of3__OCF_E_qb2of3,C20_FCF_P_DYN_ytdavg_gt_lyytdavg,0.14994165781397273,0.15528067250881317,-0.005339014694840438,-0.6036226350988052,0.5070159027128157,16.98,83.71929824561404
EV_S_qb1of3__EV_EBITDA_qb1of3__C2_ROE_DYN_riseq2__v0,EV_S_qb1of3__EV_EBITDA_qb1of3,C2_ROE_DYN_riseq2,0.14989328749416408,0.12268266204092337,0.02721062545324071,-0.6387113851976918,0.5119916579770595,17.93,119.44160583941606
P_IC_qb1of3__DEBTRATIO_qb1of3__C3_ROE_DYN_qmax4__v0,P_IC_qb1of3__DEBTRATIO_qb1of3,C3_ROE_DYN_qmax4,0.14988130247131592,0.10564924828883626,0.04423205418247966,-0.5675217313539738,0.5070866141732283,17.09,49.50763358778626
EV_S_qb1of3__OCF_E_qb2of3__C8_EPS_DYN_riseq1__v0,EV_S_qb1of3__OCF_E_qb2of3,C8_EPS_DYN_riseq1,0.14984524214164852,0.12057084445892974,0.029274397682718778,-0.5640841774823048,0.4942548158161541,17.98,85.52631578947368
PS_qb1of3__FCF_P_qb1of3__C11_EPS_DYN_qmax8__v0,PS_qb1of3__FCF_P_qb1of3,C11_EPS_DYN_qmax8,0.14972905033324846,0.10355268343095037,0.046176366902298094,-0.6993525532717821,0.5095541401273885,17.61,25.99134199134199
ROE_qb2of3__FCF_P_qb2of3__C18_FCF_P_DYN_qmax8__v0,ROE_qb2of3__FCF_P_qb2of3,C18_FCF_P_DYN_qmax8,0.1497226730571355,0.12136510193091676,0.028357571126218728,-0.5779425186506828,0.4710436667698978,24.16,42.48927038626609
P_IC_qb1of3__FCF_P_qb1of3__C2_ROE_DYN_riseq2__v0,P_IC_qb1of3__FCF_P_qb1of3,C2_ROE_DYN_riseq2,0.14969424005434884,0.1123350134573704,0.037359226596978434,-0.6132497356945754,0.5068959002456074,17.64,78.13868613138686
EV_S_qb0of3__ROIC_qb2of3__C18_FCF_P_DYN_qmax8__v0,EV_S_qb0of3__ROIC_qb2of3,C18_FCF_P_DYN_qmax8,0.14968331321354023,0.15759388570377553,-0.007910572490235301,-0.6990256856312578,0.48248686514886163,19.8,15.07725321888412
P_IC_qb1of3__OCF_E_qb1of3__C2_ROE_DYN_riseq2__v0,P_IC_qb1of3__OCF_E_qb1of3,C2_ROE_DYN_riseq2,0.14966937728614438,0.10872133611728962,0.040948041168854754,-0.5444405657116136,0.5187863820779679,17.34,90.60218978102189
PS_qb0of3__ACCRUAL_qb1of3__C20_FCF_P_DYN_ytdavg_gt_lyytdavg__v0,PS_qb0of3__ACCRUAL_qb1of3,C20_FCF_P_DYN_ytdavg_gt_lyytdavg,0.14966749189386142,0.1621387652783881,-0.012471273384526693,-0.6187290866484303,0.5026075619295959,15.97,70.71929824561404
ROE_qb2of3__ROIC_qb2of3__C10_EPS_DYN_qmax4__v0,ROE_qb2of3__ROIC_qb2of3,C10_EPS_DYN_qmax4,0.14962012848026163,0.10622238694356079,0.04339774153670084,-0.4267400597425678,0.4884441939120631,18.57,183.91221374045801
ROE_qb2of3__ROIC_qb2of3__C12_EPS_DYN_yoy__v0,ROE_qb2of3__ROIC_qb2of3,C12_EPS_DYN_yoy,0.1495760450643202,0.10622238694356079,0.04335365812075942,-0.48105330877851227,0.4736087205966724,20.97,283.24
ROE_qb2of3__NETDEBT_EBITDA_qb0of3__C12_EPS_DYN_yoy__v0,ROE_qb2of3__NETDEBT_EBITDA_qb0of3,C12_EPS_DYN_yoy,0.1495600516026372,0.1064581381558376,0.04310191344679959,-0.5529719002096526,0.48198447893569846,19.59,82.4
PS_qb1of3__MOM_qb2of3__C14_EPS_DYN_ytdavg_gt_lyavg__v0,PS_qb1of3__MOM_qb2of3,C14_EPS_DYN_ytdavg_gt_lyavg,0.14953294023971408,0.13687445579871116,0.012658484441002926,-0.643608979129614,0.47151071615263984,16.17,81.6842105263158
PS_qb1of3__ROE_qb2of3__C10_EPS_DYN_qmax4__v0,PS_qb1of3__ROE_qb2of3,C10_EPS_DYN_qmax4,0.1494541450240816,0.12478241714928062,0.024671727874800986,-0.560236897532676,0.5089928057553957,18.76,70.07251908396947
P_IC_qb0of3__PS_qb0of3__C15_FCF_P_DYN_riseq1__v0,P_IC_qb0of3__PS_qb0of3,C15_FCF_P_DYN_riseq1,0.14943447814592092,0.19078211269583956,-0.04134763454991863,-0.5823526750331578,0.4855556814319701,16.47,145.16842105263157
P_IC_qb1of3__OCF_E_qb2of3__C9_EPS_DYN_riseq2__v0,P_IC_qb1of3__OCF_E_qb2of3,C9_EPS_DYN_riseq2,0.1494205097565433,0.11536649529775045,0.03405401445879286,-0.5346468995816662,0.49820859872611467,17.21,77.18248175182482
PS_qb1of3__ROE_qb2of3__C4_ROE_DYN_qmax8__v0,PS_qb1of3__ROE_qb2of3,C4_ROE_DYN_qmax8,0.14939941566379367,0.12478241714928062,0.024616998514513044,-0.6465930503553527,0.5099049128367671,21.47,40.4549356223176
PS_qb1of3__ROIC_qb2of3__C10_EPS_DYN_qmax4__v0,PS_qb1of3__ROIC_qb2of3,C10_EPS_DYN_qmax4,0.14934588794906944,0.12570144548191764,0.023644442467151805,-0.5179125747732363,0.5136882948911403,18.79,73.6030534351145
P_IC_qb1of3__FCF_P_qb1of3__C5_ROE_DYN_yoy__v0,P_IC_qb1of3__FCF_P_qb1of3,C5_ROE_DYN_yoy,0.14932862460353835,0.1123350134573704,0.03699361114616795,-0.6583942998557548,0.4902237452126587,18.2,77.18
PS_qb0of3__DEBTRATIO_qb2of3__C16_FCF_P_DYN_riseq2__v0,PS_qb0of3__DEBTRATIO_qb2of3,C16_FCF_P_DYN_riseq2,0.149317999415979,0.16533570385241192,-0.01601770443643291,-0.5946398328518263,0.5051003060183611,16.76,127.48540145985402
EV_S_qb0of3__EV_EBITDA_qb0of3__C15_FCF_P_DYN_riseq1__v0,EV_S_qb0of3__EV_EBITDA_qb0of3,C15_FCF_P_DYN_riseq1,0.14929893948133266,0.17847911845269882,-0.029180178971366155,-0.530597044648815,0.47866256049274086,17.16,110.32631578947368
PB_qb1of3__NETDEBT_EBITDA_qb0of3__C9_EPS_DYN_riseq2__v0,PB_qb1of3__NETDEBT_EBITDA_qb0of3,C9_EPS_DYN_riseq2,0.149288599720504,0.11680507484049185,0.03248352488001216,-0.6439264255024804,0.520850147968792,16.8,71.0036496350365
P_IC_qb1of3__FCF_OI_qb1of3__C18_FCF_P_DYN_qmax8__v0,P_IC_qb1of3__FCF_OI_qb1of3,C18_FCF_P_DYN_qmax8,0.14926365240486872,0.11805734728393036,0.03120630512093836,-0.7082246787740352,0.3963178294573643,21.74,16.25
P_IC_qb1of3__DEBTRATIO_qb0of3__C6_ROE_DYN_ytdavg_gt_lyytdavg__v0,P_IC_qb1of3__DEBTRATIO_qb0of3,C6_ROE_DYN_ytdavg_gt_lyytdavg,0.14924268413318997,0.14025437918169104,0.008988304951498938,-0.5763757593910641,0.5114964191481342,16.97,69.9298245614035
P_IC_qb0of3__NETDEBT_EBITDA_qb2of3__C19_FCF_P_DYN_yoy__v0,P_IC_qb0of3__NETDEBT_EBITDA_qb2of3,C19_FCF_P_DYN_yoy,0.14922587318086178,0.17686162789661508,-0.027635754715753302,-0.6105342044514657,0.5054322153991497,18.34,145.144
MOM_qb2of3__ACCRUAL_qb0of3__C15_FCF_P_DYN_riseq1__v0,MOM_qb2of3__ACCRUAL_qb0of3,C15_FCF_P_DYN_riseq1,0.14918770494992595,0.15505270527372694,-0.005865000323800995,-0.6870168094112544,0.4696465366936123,15.4,69.60350877192982
MOM_qb2of3__ROIC_qb1of3__C16_FCF_P_DYN_riseq2__v0,MOM_qb2of3__ROIC_qb1of3,C16_FCF_P_DYN_riseq2,0.149143817747023,0.14880087180690538,0.0003429459401176338,-0.6421258061088599,0.49588442801948596,17.17,76.35401459854015
P_IC_qb1of3__FCF_P_qb1of3__C1_ROE_DYN_riseq1__v0,P_IC_qb1of3__FCF_P_qb1of3,C1_ROE_DYN_riseq1,0.14914075678597039,0.1123350134573704,0.03680574332859998,-0.669528760108061,0.5012212142358689,16.86,78.24912280701754
PB_qb0of3__MOM_qb2of3__C17_FCF_P_DYN_qmax4__v0,PB_qb0of3__MOM_qb2of3,C17_FCF_P_DYN_qmax4,0.14910653001445762,0.17812025809063203,-0.029013728076174417,-0.6705106672074045,0.49352699715819387,16.92,39.0
PB_qb1of3__FCF_OI_qb1of3__C6_ROE_DYN_ytdavg_gt_lyytdavg__v0,PB_qb1of3__FCF_OI_qb1of3,C6_ROE_DYN_ytdavg_gt_lyytdavg,0.14907831026863816,0.11455659643931759,0.034521713829320566,-0.5743481910189963,0.4879901457606241,17.08,77.40350877192982
PS_qb0of3__EV_EBITDA_qb0of3__C18_FCF_P_DYN_qmax8__v0,PS_qb0of3__EV_EBITDA_qb0of3,C18_FCF_P_DYN_qmax8,0.14903592732054505,0.19253203521120743,-0.04349610789066238,-0.5731769558303406,0.4865023474178404,19.88,24.253218884120173
ROE_qb2of3__FCF_P_qb2of3__C1_ROE_DYN_riseq1__v0,ROE_qb2of3__FCF_P_qb2of3,C1_ROE_DYN_riseq1,0.14900735296518675,0.12136510193091676,0.027642251034269982,-0.5018572804237516,0.4892012779552716,17.79,99.9859649122807
PB_qb1of3__NETDEBT_EBITDA_qb1of3__C14_EPS_DYN_ytdavg_gt_lyavg__v0,PB_qb1of3__NETDEBT_EBITDA_qb1of3,C14_EPS_DYN_ytdavg_gt_lyavg,0.14898360602998517,0.11518524454398116,0.033798361486004014,-0.5234521677604536,0.4950606830369743,17.35,78.60350877192982
EV_S_qb0of3__ROE_qb2of3__C18_FCF_P_DYN_qmax8__v0,EV_S_qb0of3__ROE_qb2of3,C18_FCF_P_DYN_qmax8,0.14882420611158476,0.16080766307492578,-0.011983456963341022,-0.6820290109308558,0.48333333333333334,18.31,17.16157205240175
EV_S_qb1of3__OCF_E_qb2of3__C1_ROE_DYN_riseq1__v0,EV_S_qb1of3__OCF_E_qb2of3,C1_ROE_DYN_riseq1,0.14881480353171583,0.12057084445892974,0.028243959072786096,-0.5576780958467702,0.49350871199180046,18.11,82.96491228070175
PS_qb1of3__OCF_E_qb2of3__C4_ROE_DYN_qmax8__v0,PS_qb1of3__OCF_E_qb2of3,C4_ROE_DYN_qmax8,0.14880319733706915,0.10402702318790835,0.0447761741491608,-0.6646544269251851,0.5229251305861868,20.48,27.06008583690987
MOM_qb2of3__ROIC_qb1of3__None__v0,MOM_qb2of3__ROIC_qb1of3,None,0.14880087180690538,0.14880087180690538,0.0,-0.6336329612575622,0.48433523475208423,17.03,147.96969696969697
ROE_qb2of3__FCF_P_qb2of3__C14_EPS_DYN_ytdavg_gt_lyavg__v0,ROE_qb2of3__FCF_P_qb2of3,C14_EPS_DYN_ytdavg_gt_lyavg,0.1487724887194497,0.12136510193091676,0.02740738678853294,-0.43816887831209905,0.48674544873842224,17.84,88.42105263157895
P_IC_qb0of3__ROIC_qb1of3__C18_FCF_P_DYN_qmax8__v0,P_IC_qb0of3__ROIC_qb1of3,C18_FCF_P_DYN_qmax8,0.1487067572249523,0.18305739841769153,-0.03435064119273923,-0.6133510824428807,0.49645776566757494,21.52,24.429184549356222
EV_S_qb1of3__DEBTRATIO_qb1of3__C9_EPS_DYN_riseq2__v0,EV_S_qb1of3__DEBTRATIO_qb1of3,C9_EPS_DYN_riseq2,0.14869731822779686,0.11604034731042145,0.032656970917375405,-0.6361786810421399,0.499359795134443,17.89,91.82116788321167
ROE_qb2of3__FCF_OI_qb2of3__C9_EPS_DYN_riseq2__v0,ROE_qb2of3__FCF_OI_qb2of3,C9_EPS_DYN_riseq2,0.14863664796165654,0.10829014177983431,0.04034650618182223,-0.4991237955206521,0.47478406241292836,18.98,107.5948905109489
EV_S_qb1of3__MOM_qb2of3__C8_EPS_DYN_riseq1__v0,EV_S_qb1of3__MOM_qb2of3,C8_EPS_DYN_riseq1,0.1486173658308898,0.1365027028696275,0.01211466296126229,-0.7042037683134101,0.4866989117291415,16.72,85.66315789473684
MOM_qb2of3__DEBTRATIO_qb2of3__C20_FCF_P_DYN_ytdavg_gt_lyytdavg__v0,MOM_qb2of3__DEBTRATIO_qb2of3,C20_FCF_P_DYN_ytdavg_gt_lyytdavg,0.14858871358516912,0.14200737818456344,0.006581335400605681,-0.6589200399721149,0.46782544378698226,16.26,78.16491228070176
MOM_qb2of3__ROE_qb1of3__C13_EPS_DYN_ytdavg_gt_lyytdavg__v0,MOM_qb2of3__ROE_qb1of3,C13_EPS_DYN_ytdavg_gt_lyytdavg,0.148536780046999,0.14308725897377994,0.005449521073219055,-0.5992426885940492,0.4801373222167729,15.61,79.50175438596492
EV_S_qb1of3__OCF_E_qb1of3__C9_EPS_DYN_riseq2__v0,EV_S_qb1of3__OCF_E_qb1of3,C9_EPS_DYN_riseq2,0.14852869547187808,0.11661669962271093,0.03191199584916715,-0.6147975968556693,0.5091484869809993,17.26,89.93430656934306
ROE_qb2of3__OCF_E_qb2of3__C9_EPS_DYN_riseq2__v0,ROE_qb2of3__OCF_E_qb2of3,C9_EPS_DYN_riseq2,0.14850516145908488,0.11121481636596298,0.0372903450931219,-0.40825400483104035,0.4848673946957878,19.67,178.01459854014598
P_IC_qb1of3__OCF_E_qb2of3__C7_ROE_DYN_ytdavg_gt_lyavg__v0,P_IC_qb1of3__OCF_E_qb2of3,C7_ROE_DYN_ytdavg_gt_lyavg,0.14848484622210112,0.11536649529775045,0.03311835092435067,-0.4876757032120599,0.4793972215681658,17.3,65.70175438596492
EV_S_qb1of3__MOM_qb2of3__C16_FCF_P_DYN_riseq2__v0,EV_S_qb1of3__MOM_qb2of3,C16_FCF_P_DYN_riseq2,0.14846628257746564,0.1365027028696275,0.011963579707838123,-0.7122870690632792,0.47192768990092127,16.64,74.97080291970804
EV_S_qb1of3__NETDEBT_EBITDA_qb2of3__C13_EPS_DYN_ytdavg_gt_lyytdavg__v0,EV_S_qb1of3__NETDEBT_EBITDA_qb2of3,C13_EPS_DYN_ytdavg_gt_lyytdavg,0.14837429882733066,0.13111893250082707,0.017255366326503596,-0.6173413202075291,0.47465007776049767,17.77,82.97894736842105
PB_qb0of3__OCF_E_qb2of3__C19_FCF_P_DYN_yoy__v0,PB_qb0of3__OCF_E_qb2of3,C19_FCF_P_DYN_yoy,0.14825861364857573,0.1959933102234963,-0.047734696574920576,-0.5981458672939033,0.5062965818555641,18.94,59.424
PS_qb1of3__ACCRUAL_qb1of3__C9_EPS_DYN_riseq2__v0,PS_qb1of3__ACCRUAL_qb1of3,C9_EPS_DYN_riseq2,0.14823462478847826,0.10789709507912493,0.04033752970935334,-0.6580259027437183,0.50864736937921,17.71,84.54379562043796
ROE_qb2of3__NETDEBT_EBITDA_qb0of3__C2_ROE_DYN_riseq2__v0,ROE_qb2of3__NETDEBT_EBITDA_qb0of3,C2_ROE_DYN_riseq2,0.14818838098684806,0.1064581381558376,0.041730242831010456,-0.5146991873805392,0.5081081081081081,17.78,86.7007299270073
PS_qb1of3__DEBTRATIO_qb0of3__C7_ROE_DYN_ytdavg_gt_lyavg__v0,PS_qb1of3__DEBTRATIO_qb0of3,C7_ROE_DYN_ytdavg_gt_lyavg,0.14815572610166017,0.12730497339873037,0.020850752702929798,-0.6230351830246693,0.5026380583890256,16.7,67.82456140350877
P_IC_qb1of3__FCF_OI_qb1of3__C1_ROE_DYN_riseq1__v0,P_IC_qb1of3__FCF_OI_qb1of3,C1_ROE_DYN_riseq1,0.1481239517576558,0.11805734728393036,0.030066604473725445,-0.6533459147334861,0.49182903834066627,16.56,89.85263157894737
P_IC_qb0of3__DEBTRATIO_qb1of3__C16_FCF_P_DYN_riseq2__v0,P_IC_qb0of3__DEBTRATIO_qb1of3,C16_FCF_P_DYN_riseq2,0.14811699692120062,0.17831093585947433,-0.030193938938273712,-0.6014970430313484,0.513986013986014,19.22,67.27737226277372
PS_qb0of3__DEBTRATIO_qb1of3__C20_FCF_P_DYN_ytdavg_gt_lyytdavg__v0,PS_qb0of3__DEBTRATIO_qb1of3,C20_FCF_P_DYN_ytdavg_gt_lyytdavg,0.14810007623970933,0.16188189278048704,-0.013781816540777703,-0.5831070260319388,0.5169491525423728,17.19,79.92280701754386
MOM_qb2of3__FCF_OI_qb0of3__C1_ROE_DYN_riseq1__v0,MOM_qb2of3__FCF_OI_qb0of3,C1_ROE_DYN_riseq1,0.14808600194977406,0.11480569700354648,0.03328030494622758,-0.7282934434424162,0.4840501507697191,16.65,76.83508771929824
PS_qb1of3__None__C4_ROE_DYN_qmax8__v0,PS_qb1of3__None,C4_ROE_DYN_qmax8,0.14808252836159141,0.10831162240253711,0.039770905959054303,-0.647329929622718,0.5090148941729814,19.78,64.1716738197425
P_IC_qb1of3__FCF_P_qb1of3__C9_EPS_DYN_riseq2__v0,P_IC_qb1of3__FCF_P_qb1of3,C9_EPS_DYN_riseq2,0.14803674829078006,0.1123350134573704,0.03570173483340966,-0.614543121832906,0.5119114612643031,17.17,78.72992700729927
MOM_qb2of3__FCF_P_qb0of3__C8_EPS_DYN_riseq1__v0,MOM_qb2of3__FCF_P_qb0of3,C8_EPS_DYN_riseq1,0.14799166497111838,0.12480208289160699,0.023189582079511384,-0.7001848096823206,0.48547897702644127,16.73,85.08771929824562
ROE_qb2of3__FCF_P_qb2of3__C2_ROE_DYN_riseq2__v0,ROE_qb2of3__FCF_P_qb2of3,C2_ROE_DYN_riseq2,0.1479671549731978,0.12136510193091676,0.026602053042281026,-0.4832015985725787,0.4995053003533569,18.74,100.73722627737226
EV_S_qb1of3__EV_EBITDA_qb1of3__C9_EPS_DYN_riseq2__v0,EV_S_qb1of3__EV_EBITDA_qb1of3,C9_EPS_DYN_riseq2,0.14793942216521905,0.12268266204092337,0.025256760124295674,-0.6279237280291943,0.5096266044340724,18.3,122.02554744525547
P_IC_qb1of3__DEBTRATIO_qb0of3__C13_EPS_DYN_ytdavg_gt_lyytdavg__v0,P_IC_qb1of3__DEBTRATIO_qb0of3,C13_EPS_DYN_ytdavg_gt_lyytdavg,0.14793195095893696,0.14025437918169104,0.007677571777245928,-0.5825170049889583,0.5085470085470085,17.22,72.67017543859649
ROE_qb2of3__FCF_P_qb0of3__C2_ROE_DYN_riseq2__v0,ROE_qb2of3__FCF_P_qb0of3,C2_ROE_DYN_riseq2,0.14789077378731275,0.10654638208040024,0.04134439170691251,-0.4887364092658023,0.492299522039299,20.43,80.51459854014598
EV_S_qb1of3__ROE_qb2of3__C5_ROE_DYN_yoy__v0,EV_S_qb1of3__ROE_qb2of3,C5_ROE_DYN_yoy,0.14785698219968335,0.11697884944628889,0.03087813275339446,-0.573704159008884,0.4870681145113524,19.75,105.876
P_IC_qb1of3__MOM_qb2of3__C6_ROE_DYN_ytdavg_gt_lyytdavg__v0,P_IC_qb1of3__MOM_qb2of3,C6_ROE_DYN_ytdavg_gt_lyytdavg,0.14784169033039496,0.14276752601796372,0.00507416431243124,-0.6508786212792899,0.47032374100719426,15.12,78.62105263157895
PB_qb0of3__None__C15_FCF_P_DYN_riseq1__v0,PB_qb0of3__None,C15_FCF_P_DYN_riseq1,0.1477604040799112,0.1813653578473695,-0.03360495376745831,-0.6045188502679328,0.4942012719790498,18.69,227.07719298245615
ROE_qb2of3__FCF_P_qb0of3__C14_EPS_DYN_ytdavg_gt_lyavg__v0,ROE_qb2of3__FCF_P_qb0of3,C14_EPS_DYN_ytdavg_gt_lyavg,0.14772798565978862,0.10654638208040024,0.04118160357938838,-0.4639047942557841,0.4790798768339069,19.21,77.20701754385965
ROE_qb2of3__FCF_OI_qb1of3__C10_EPS_DYN_qmax4__v0,ROE_qb2of3__FCF_OI_qb1of3,C10_EPS_DYN_qmax4,0.14763952382516754,0.1080080007178279,0.03963152310733964,-0.5323198866595034,0.5006033442509912,17.5,84.17557251908397
PS_qb1of3__NETDEBT_EBITDA_qb1of3__C11_EPS_DYN_qmax8__v0,PS_qb1of3__NETDEBT_EBITDA_qb1of3,C11_EPS_DYN_qmax8,0.14762409017067202,0.10584118790426911,0.04178290226640291,-0.6158565727894997,0.5012987012987012,23.37,39.107296137339056
MOM_qb2of3__ACCRUAL_qb0of3__C19_FCF_P_DYN_yoy__v0,MOM_qb2of3__ACCRUAL_qb0of3,C19_FCF_P_DYN_yoy,0.14754334249198964,0.15505270527372694,-0.007509362781737305,-0.6721975153925157,0.49013100436681223,17.65,74.788
ROE_qb2of3__DEBTRATIO_qb0of3__C2_ROE_DYN_riseq2__v0,ROE_qb2of3__DEBTRATIO_qb0of3,C2_ROE_DYN_riseq2,0.14753167063909167,0.1083279530990704,0.03920371754002128,-0.42308277688037366,0.501062473438164,18.58,97.3029197080292
PS_qb0of3__NETDEBT_EBITDA_qb0of3__C20_FCF_P_DYN_ytdavg_gt_lyytdavg__v0,PS_qb0of3__NETDEBT_EBITDA_qb0of3,C20_FCF_P_DYN_ytdavg_gt_lyytdavg,0.14752768061793975,0.1627649501016779,-0.015237269483738158,-0.585527837304159,0.5255681818181818,18.15,49.92631578947368
PS_qb0of3__NETDEBT_EBITDA_qb0of3__C16_FCF_P_DYN_riseq2__v0,PS_qb0of3__NETDEBT_EBITDA_qb0of3,C16_FCF_P_DYN_riseq2,0.1475149255532313,0.1627649501016779,-0.015250024548446595,-0.56048064162202,0.5204528853177501,19.36,52.62408759124087
ROE_qb2of3__DEBTRATIO_qb0of3__C3_ROE_DYN_qmax4__v0,ROE_qb2of3__DEBTRATIO_qb0of3,C3_ROE_DYN_qmax4,0.14747405813998693,0.1083279530990704,0.039146105040916535,-0.45205716075375113,0.4921090387374462,18.49,56.469465648854964
PB_qb1of3__ROIC_qb2of3__C16_FCF_P_DYN_riseq2__v0,PB_qb1of3__ROIC_qb2of3,C16_FCF_P_DYN_riseq2,0.14743569167007076,0.1573162106871937,-0.009880519017122946,-0.5259886341130591,0.5236918931057714,19.21,70.75182481751825
PB_qb0of3__FCF_OI_qb1of3__C15_FCF_P_DYN_riseq1__v0,PB_qb0of3__FCF_OI_qb1of3,C15_FCF_P_DYN_riseq1,0.1474348787328037,0.19021651029963826,-0.042781631566834566,-0.6327761656391739,0.47209181011997914,16.14,77.0701754385965
ROE_qb2of3__None__C9_EPS_DYN_riseq2__v0,ROE_qb2of3__None,C9_EPS_DYN_riseq2,0.14733745180692437,0.1096895179268933,0.03764793388003107,-0.44366195455682433,0.48948361400321433,18.88,332.26277372262774
ROE_qb2of3__FCF_P_qb2of3__C7_ROE_DYN_ytdavg_gt_lyavg__v0,ROE_qb2of3__FCF_P_qb2of3,C7_ROE_DYN_ytdavg_gt_lyavg,0.14733540564157388,0.12136510193091676,0.025970303710657117,-0.4260941878360275,0.48854573222467335,18.16,81.5578947368421
ROE_qb2of3__FCF_P_qb2of3__C9_EPS_DYN_riseq2__v0,ROE_qb2of3__FCF_P_qb2of3,C9_EPS_DYN_riseq2,0.14732392415654494,0.12136510193091676,0.025958822225628175,-0.49219796556234596,0.4969896788990826,19.43,99.95985401459853
MOM_qb2of3__NETDEBT_EBITDA_qb1of3__None__v0,MOM_qb2of3__NETDEBT_EBITDA_qb1of3,None,0.1473077734732009,0.1473077734732009,0.0,-0.6609557589421085,0.4778914848426337,17.16,155.88552188552188
EV_S_qb0of3__NETDEBT_EBITDA_qb0of3__C16_FCF_P_DYN_riseq2__v0,EV_S_qb0of3__NETDEBT_EBITDA_qb0of3,C16_FCF_P_DYN_riseq2,0.14722112141953625,0.1547916746673339,-0.007570553247797651,-0.5678123192387187,0.5246764641368721,18.28,96.91605839416059
MOM_qb2of3__None__C20_FCF_P_DYN_ytdavg_gt_lyytdavg__v0,MOM_qb2of3__None,C20_FCF_P_DYN_ytdavg_gt_lyytdavg,0.14710567343185676,0.11806777849564609,0.029037894936210673,-0.6765802184752296,0.47437067953567236,16.25,222.43157894736842
ROE_qb2of3__ROIC_qb2of3__C9_EPS_DYN_riseq2__v0,ROE_qb2of3__ROIC_qb2of3,C9_EPS_DYN_riseq2,0.14709287418862793,0.10622238694356079,0.040870487245067144,-0.4269762467801994,0.4847019657577679,19.02,287.478102189781
P_IC_qb1of3__OCF_E_qb2of3__C3_ROE_DYN_qmax4__v0,P_IC_qb1of3__OCF_E_qb2of3,C3_ROE_DYN_qmax4,0.14704780226879288,0.11536649529775045,0.03168130697104243,-0.5946898684085924,0.5050675675675675,16.63,41.85496183206107
MOM_qb2of3__NETDEBT_EBITDA_qb0of3__C16_FCF_P_DYN_riseq2__v0,MOM_qb2of3__NETDEBT_EBITDA_qb0of3,C16_FCF_P_DYN_riseq2,0.14700999052712982,0.14185947700151247,0.005150513525617351,-0.7024944447377082,0.48547955674436377,16.64,71.39416058394161
PB_qb1of3__NETDEBT_EBITDA_qb0of3__C8_EPS_DYN_riseq1__v0,PB_qb1of3__NETDEBT_EBITDA_qb0of3,C8_EPS_DYN_riseq1,0.14699103014772286,0.11680507484049185,0.030185955307231005,-0.5890432326594424,0.49966193373901285,16.46,71.36842105263158
MOM_qb2of3__FCF_P_qb2of3__C20_FCF_P_DYN_ytdavg_gt_lyytdavg__v0,MOM_qb2of3__FCF_P_qb2of3,C20_FCF_P_DYN_ytdavg_gt_lyytdavg,0.14697701265012686,0.15611793939613228,-0.009140926746005418,-0.6530829931799661,0.48883793894050925,16.97,100.0701754385965
EV_S_qb1of3__OCF_E_qb1of3__C2_ROE_DYN_riseq2__v0,EV_S_qb1of3__OCF_E_qb1of3,C2_ROE_DYN_riseq2,0.14689994952735286,0.11661669962271093,0.03028324990464193,-0.6091244991087805,0.5064888888888889,17.67,89.65328467153284
PS_qb0of3__OCF_E_qb2of3__C20_FCF_P_DYN_ytdavg_gt_lyytdavg__v0,PS_qb0of3__OCF_E_qb2of3,C20_FCF_P_DYN_ytdavg_gt_lyytdavg,0.14688941138174605,0.17777171665795666,-0.03088230527621061,-0.6009247352576654,0.49755730928222475,16.6,83.4140350877193
PB_qb1of3__None__C12_EPS_DYN_yoy__v0,PB_qb1of3__None,C12_EPS_DYN_yoy,0.14687895930346806,0.10751637456446095,0.03936258473900711,-0.5880260696115487,0.4848981263438108,19.08,238.704
EV_S_qb1of3__ROIC_qb2of3__C5_ROE_DYN_yoy__v0,EV_S_qb1of3__ROIC_qb2of3,C5_ROE_DYN_yoy,0.14684401524761048,0.1141413742374382,0.032702641010172284,-0.5828441432452512,0.4888716856976969,20.64,108.14
EV_S_qb0of3__OCF_E_qb1of3__C15_FCF_P_DYN_riseq1__v0,EV_S_qb0of3__OCF_E_qb1of3,C15_FCF_P_DYN_riseq1,0.1468189481109139,0.16012337011211542,-0.013304422001201521,-0.5636896029026517,0.47790785498489424,17.4,68.1438596491228
MOM_qb2of3__FCF_P_qb0of3__C13_EPS_DYN_ytdavg_gt_lyytdavg__v0,MOM_qb2of3__FCF_P_qb0of3,C13_EPS_DYN_ytdavg_gt_lyytdavg,0.14681416002435976,0.12480208289160699,0.022012077132752772,-0.6515866242311892,0.4674821002386635,16.94,83.3859649122807
P_IC_qb1of3__FCF_OI_qb1of3__C7_ROE_DYN_ytdavg_gt_lyavg__v0,P_IC_qb1of3__FCF_OI_qb1of3,C7_ROE_DYN_ytdavg_gt_lyavg,0.14672091762831396,0.11805734728393036,0.028663570344383604,-0.5837638950847026,0.48909129421732683,15.98,76.3859649122807
ROE_qb2of3__ACCRUAL_qb1of3__C12_EPS_DYN_yoy__v0,ROE_qb2of3__ACCRUAL_qb1of3,C12_EPS_DYN_yoy,0.14661090790579046,0.10621584572289322,0.040395062182897234,-0.49445513435931554,0.49765021819402483,20.56,94.952
PS_qb0of3__NETDEBT_EBITDA_qb0of3__C15_FCF_P_DYN_riseq1__v0,PS_qb0of3__NETDEBT_EBITDA_qb0of3,C15_FCF_P_DYN_riseq1,0.14658830418913715,0.1627649501016779,-0.016176645912540755,-0.5484358478627219,0.4727549467275495,17.79,47.49473684210526
ROE_qb2of3__FCF_P_qb0of3__C13_EPS_DYN_ytdavg_gt_lyytdavg__v0,ROE_qb2of3__FCF_P_qb0of3,C13_EPS_DYN_ytdavg_gt_lyytdavg,0.14657605257117567,0.10654638208040024,0.04002967049077544,-0.4657653941295715,0.4778138528138528,19.64,78.11929824561403
EV_S_qb0of3__OCF_E_qb2of3__C16_FCF_P_DYN_riseq2__v0,EV_S_qb0of3__OCF_E_qb2of3,C16_FCF_P_DYN_riseq2,0.14655792539752288,0.15528067250881317,-0.008722747111290285,-0.5953110357965665,0.48939554612937436,19.88,83.23722627737226
EV_S_qb1of3__MOM_qb2of3__C13_EPS_DYN_ytdavg_gt_lyytdavg__v0,EV_S_qb1of3__MOM_qb2of3,C13_EPS_DYN_ytdavg_gt_lyytdavg,0.146461597126323,0.1365027028696275,0.009958894256695494,-0.6704832755825112,0.4711490215755143,16.38,84.89824561403509
MOM_qb2of3__EV_EBITDA_qb0of3__C18_FCF_P_DYN_qmax8__v0,MOM_qb2of3__EV_EBITDA_qb0of3,C18_FCF_P_DYN_qmax8,0.14642514623839253,0.18152517875580787,-0.035100032517415336,-0.658133558722342,0.4870633893919793,20.37,20.339055793991417
ROE_qb2of3__ROIC_qb1of3__C9_EPS_DYN_riseq2__v0,ROE_qb2of3__ROIC_qb1of3,C9_EPS_DYN_riseq2,0.1463605594398445,0.12040862931056018,0.025951930129284317,-0.5572943362745884,0.5015197568389058,18.31,42.9014598540146
ROE_qb2of3__FCF_P_qb2of3__C13_EPS_DYN_ytdavg_gt_lyytdavg__v0,ROE_qb2of3__FCF_P_qb2of3,C13_EPS_DYN_ytdavg_gt_lyytdavg,0.14635889127156387,0.12136510193091676,0.02499378934064711,-0.45065084283756096,0.48690025252525254,18.08,89.8280701754386
MOM_qb2of3__DEBTRATIO_qb1of3__C16_FCF_P_DYN_riseq2__v0,MOM_qb2of3__DEBTRATIO_qb1of3,C16_FCF_P_DYN_riseq2,0.1463402192973029,0.14168975306734088,0.004650466229962014,-0.6725280934072693,0.48122512545423085,19.72,77.6094890510949
P_IC_qb0of3__PS_qb0of3__C18_FCF_P_DYN_qmax8__v0,P_IC_qb0of3__PS_qb0of3,C18_FCF_P_DYN_qmax8,0.14623900016675884,0.19078211269583956,-0.04454311252908072,-0.6237160598326013,0.476536922517279,18.89,39.09442060085837
PS_qb1of3__OCF_E_qb2of3__C2_ROE_DYN_riseq2__v0,PS_qb1of3__OCF_E_qb2of3,C2_ROE_DYN_riseq2,0.14617436755453395,0.10402702318790835,0.042147344366625594,-0.5387727388646047,0.4916851441241685,18.62,85.56204379562044
PS_qb1of3__FCF_P_qb1of3__C3_ROE_DYN_qmax4__v0,PS_qb1of3__FCF_P_qb1of3,C3_ROE_DYN_qmax4,0.1461355639505464,0.10355268343095037,0.04258288051959602,-0.6339913218188646,0.511837279093031,16.39,42.1793893129771
P_IC_qb0of3__EV_EBITDA_qb0of3__C17_FCF_P_DYN_qmax4__v0,P_IC_qb0of3__EV_EBITDA_qb0of3,C17_FCF_P_DYN_qmax4,0.14610125971740784,0.19372967359465032,-0.04762841387724248,-0.5532413905717214,0.48985239852398527,17.05,49.10687022900763
PS_qb1of3__FCF_P_qb1of3__C2_ROE_DYN_riseq2__v0,PS_qb1of3__FCF_P_qb1of3,C2_ROE_DYN_riseq2,0.1460820434034058,0.10355268343095037,0.04252935997245544,-0.6312091487967417,0.5025830258302583,17.65,82.01459854014598
PS_qb1of3__ROE_qb2of3__C5_ROE_DYN_yoy__v0,PS_qb1of3__ROE_qb2of3,C5_ROE_DYN_yoy,0.14607996036629567,0.12478241714928062,0.021297543217015047,-0.6182314023064186,0.4891369344229619,20.29,106.048
EV_S_qb1of3__DEBTRATIO_qb2of3__C8_EPS_DYN_riseq1__v0,EV_S_qb1of3__DEBTRATIO_qb2of3,C8_EPS_DYN_riseq1,0.1460599189500824,0.12155643979061281,0.0245034791594696,-0.5918079032869296,0.46555275806820784,18.39,73.20701754385965
PB_qb0of3__NETDEBT_EBITDA_qb2of3__C19_FCF_P_DYN_yoy__v0,PB_qb0of3__NETDEBT_EBITDA_qb2of3,C19_FCF_P_DYN_yoy,0.14602690190340306,0.17776664450601265,-0.03173974260260959,-0.6365701963439063,0.5121156587253105,19.55,109.208
EV_S_qb1of3__ROIC_qb2of3__C12_EPS_DYN_yoy__v0,EV_S_qb1of3__ROIC_qb2of3,C12_EPS_DYN_yoy,0.14598861776148708,0.1141413742374382,0.031847243524048885,-0.5819869785384673,0.48285060975609756,20.81,115.368
ROE_qb2of3__NETDEBT_EBITDA_qb2of3__C1_ROE_DYN_riseq1__v0,ROE_qb2of3__NETDEBT_EBITDA_qb2of3,C1_ROE_DYN_riseq1,0.14595642360138084,0.12706706831299486,0.01888935528838598,-0.49546534176321055,0.4687802516940949,17.14,62.44210526315789
ROE_qb2of3__ACCRUAL_qb0of3__C6_ROE_DYN_ytdavg_gt_lyytdavg__v0,ROE_qb2of3__ACCRUAL_qb0of3,C6_ROE_DYN_ytdavg_gt_lyytdavg,0.145939639338037,0.1151828149211398,0.0307568244168972,-0.3343547628483192,0.47198731501057084,18.43,85.38947368421053
PB_qb1of3__None__C5_ROE_DYN_yoy__v0,PB_qb1of3__None,C5_ROE_DYN_yoy,0.14591339471571385,0.10751637456446095,0.0383970201512529,-0.5934149844685161,0.4849624060150376,19.01,229.392
MOM_qb2of3__ACCRUAL_qb2of3__C2_ROE_DYN_riseq2__v0,MOM_qb2of3__ACCRUAL_qb2of3,C2_ROE_DYN_riseq2,0.14584158489368293,0.11763516061125423,0.0282064242824287,-0.6628898139864572,0.48756887515118935,18.24,96.06569343065694
P_IC_qb0of3__EV_S_qb0of3__C15_FCF_P_DYN_riseq1__v0,P_IC_qb0of3__EV_S_qb0of3,C15_FCF_P_DYN_riseq1,0.145811778931751,0.18640346143351416,-0.04059168250176315,-0.565256036760498,0.4894912306131323,16.96,120.43157894736842
PS_qb1of3__DEBTRATIO_qb0of3__C6_ROE_DYN_ytdavg_gt_lyytdavg__v0,PS_qb1of3__DEBTRATIO_qb0of3,C6_ROE_DYN_ytdavg_gt_lyytdavg,0.1458084278088354,0.12730497339873037,0.018503454410105036,-0.6158011713163836,0.5068775790921596,17.28,73.29824561403508
PS_qb0of3__DEBTRATIO_qb2of3__C19_FCF_P_DYN_yoy__v0,PS_qb0of3__DEBTRATIO_qb2of3,C19_FCF_P_DYN_yoy,0.1457680314074319,0.16533570385241192,-0.019567672444980033,-0.607379170497546,0.5016303415136434,17.58,129.808
PS_qb0of3__OCF_E_qb1of3__C16_FCF_P_DYN_riseq2__v0,PS_qb0of3__OCF_E_qb1of3,C16_FCF_P_DYN_riseq2,0.14576676188140114,0.16163055872724263,-0.015863796845841494,-0.560137876569545,0.49288107202680065,18.03,69.89416058394161
P_IC_qb1of3__FCF_OI_qb1of3__C8_EPS_DYN_riseq1__v0,P_IC_qb1of3__FCF_OI_qb1of3,C8_EPS_DYN_riseq1,0.14576340025561807,0.11805734728393036,0.02770605297168771,-0.6289163323370244,0.4971608832807571,16.78,89.78245614035087
ROE_qb2of3__FCF_P_qb2of3__C6_ROE_DYN_ytdavg_gt_lyytdavg__v0,ROE_qb2of3__FCF_P_qb2of3,C6_ROE_DYN_ytdavg_gt_lyytdavg,0.14575790452854465,0.12136510193091676,0.024392802597627883,-0.4313831090516035,0.4869782971619366,18.07,83.71228070175438
PS_qb1of3__OCF_E_qb2of3__C9_EPS_DYN_riseq2__v0,PS_qb1of3__OCF_E_qb2of3,C9_EPS_DYN_riseq2,0.14573447228504888,0.10402702318790835,0.041707449097140525,-0.538860736092118,0.4945375091041515,19.4,87.23357664233576
MOM_qb2of3__FCF_P_qb0of3__C6_ROE_DYN_ytdavg_gt_lyytdavg__v0,MOM_qb2of3__FCF_P_qb0of3,C6_ROE_DYN_ytdavg_gt_lyytdavg,0.14568612001620074,0.12480208289160699,0.020884037124593746,-0.6736443175383864,0.46046585327206463,17.3,77.9017543859649
EV_S_qb1of3__ACCRUAL_qb0of3__C7_ROE_DYN_ytdavg_gt_lyavg__v0,EV_S_qb1of3__ACCRUAL_qb0of3,C7_ROE_DYN_ytdavg_gt_lyavg,0.1456854363891802,0.12264039060979393,0.023045045779386264,-0.6172487639153427,0.4851764705882353,17.01,63.575438596491225
PB_qb1of3__MOM_qb2of3__C17_FCF_P_DYN_qmax4__v0,PB_qb1of3__MOM_qb2of3,C17_FCF_P_DYN_qmax4,0.14563044501179112,0.1423822447586076,0.0032482002531835086,-0.6860114274268079,0.4755627009646302,15.05,36.64503816793893
PS_qb0of3__ROIC_qb1of3__C16_FCF_P_DYN_riseq2__v0,PS_qb0of3__ROIC_qb1of3,C16_FCF_P_DYN_riseq2,0.145620290849247,0.16131933517355046,-0.01569904432430347,-0.5716340024666838,0.5109623430962343,17.62,102.58394160583941
EV_S_qb0of3__NETDEBT_EBITDA_qb0of3__C20_FCF_P_DYN_ytdavg_gt_lyytdavg__v0,EV_S_qb0of3__NETDEBT_EBITDA_qb0of3,C20_FCF_P_DYN_ytdavg_gt_lyytdavg,0.14561510372679876,0.1547916746673339,-0.009176570940535145,-0.5920473136339359,0.5408071748878924,17.83,96.91578947368421
MOM_qb2of3__FCF_OI_qb2of3__C1_ROE_DYN_riseq1__v0,MOM_qb2of3__FCF_OI_qb2of3,C1_ROE_DYN_riseq1,0.14557864798501674,0.13952586865099859,0.006052779334018155,-0.6657832793231487,0.501980198019802,16.43,84.07719298245614
EV_S_qb1of3__EV_EBITDA_qb1of3__C10_EPS_DYN_qmax4__v0,EV_S_qb1of3__EV_EBITDA_qb1of3,C10_EPS_DYN_qmax4,0.14557062018534128,0.12268266204092337,0.022887958144417908,-0.6168245682128206,0.5113912851139129,17.41,69.76335877862596
PS_qb1of3__None__C2_ROE_DYN_riseq2__v0,PS_qb1of3__None,C2_ROE_DYN_riseq2,0.14554110478093785,0.10831162240253711,0.037229482378400736,-0.6139037073930442,0.5026714158504008,18.27,239.27737226277372
ROE_qb2of3__ACCRUAL_qb0of3__C16_FCF_P_DYN_riseq2__v0,ROE_qb2of3__ACCRUAL_qb0of3,C16_FCF_P_DYN_riseq2,0.14552845036131412,0.1151828149211398,0.030345635440174323,-0.5660163492602287,0.49083041417679785,20.19,66.2007299270073
PS_qb1of3__None__C9_EPS_DYN_riseq2__v0,PS_qb1of3__None,C9_EPS_DYN_riseq2,0.14550753167293085,0.10831162240253711,0.037195909270393734,-0.617331443383234,0.5033474277660324,18.67,243.14963503649636
EV_S_qb1of3__NETDEBT_EBITDA_qb2of3__C6_ROE_DYN_ytdavg_gt_lyytdavg__v0,EV_S_qb1of3__NETDEBT_EBITDA_qb2of3,C6_ROE_DYN_ytdavg_gt_lyytdavg,0.14545251030456208,0.13111893250082707,0.01433357780373501,-0.6212999615442065,0.4645367412140575,17.7,79.97543859649123
ROE_qb2of3__FCF_P_qb0of3__C6_ROE_DYN_ytdavg_gt_lyytdavg__v0,ROE_qb2of3__FCF_P_qb0of3,C6_ROE_DYN_ytdavg_gt_lyytdavg,0.14543257945639199,0.10654638208040024,0.03888619737599175,-0.4917726621715599,0.4754382585243691,19.18,71.76491228070175
PB_qb1of3__NETDEBT_EBITDA_qb0of3__C14_EPS_DYN_ytdavg_gt_lyavg__v0,PB_qb1of3__NETDEBT_EBITDA_qb0of3,C14_EPS_DYN_ytdavg_gt_lyavg,0.14537565857155244,0.11680507484049185,0.028570583731060584,-0.6095706366263973,0.484984984984985,16.43,61.564912280701755
P_IC_qb1of3__NETDEBT_EBITDA_qb1of3__C3_ROE_DYN_qmax4__v0,P_IC_qb1of3__NETDEBT_EBITDA_qb1of3,C3_ROE_DYN_qmax4,0.14537028120009743,0.11425449559436518,0.03111578560573225,-0.5162838125242122,0.511144578313253,18.78,51.278625954198475
P_IC_qb1of3__OCF_E_qb2of3__C13_EPS_DYN_ytdavg_gt_lyytdavg__v0,P_IC_qb1of3__OCF_E_qb2of3,C13_EPS_DYN_ytdavg_gt_lyytdavg,0.14535004969517118,0.11536649529775045,0.02998355439742073,-0.4954755075348992,0.4848746758859118,18.06,72.74385964912281
EV_S_qb1of3__ROE_qb2of3__C12_EPS_DYN_yoy__v0,EV_S_qb1of3__ROE_qb2of3,C12_EPS_DYN_yoy,0.1453188884253851,0.11697884944628889,0.028340038979096205,-0.5692143373678566,0.484253499222395,20.25,112.92
PS_qb1of3__OCF_E_qb1of3__C8_EPS_DYN_riseq1__v0,PS_qb1of3__OCF_E_qb1of3,C8_EPS_DYN_riseq1,0.14520489871383657,0.11005598483431767,0.035148913879518906,-0.5793926406973691,0.4971617786187323,18.84,91.83508771929824
EV_S_qb0of3__NETDEBT_EBITDA_qb0of3__C19_FCF_P_DYN_yoy__v0,EV_S_qb0of3__NETDEBT_EBITDA_qb0of3,C19_FCF_P_DYN_yoy,0.14514908292603224,0.1547916746673339,-0.009642591741301665,-0.6194953890568073,0.5170052499429354,20.44,95.468
P_IC_qb1of3__None__C10_EPS_DYN_qmax4__v0,P_IC_qb1of3__None,C10_EPS_DYN_qmax4,0.14512831482536348,0.10927398071020056,0.03585433411516292,-0.5870453232626418,0.5021790561573901,17.26,131.88167938931298
PS_qb0of3__ROIC_qb2of3__C18_FCF_P_DYN_qmax8__v0,PS_qb0of3__ROIC_qb2of3,C18_FCF_P_DYN_qmax8,0.14508942750866183,0.16300310603459844,-0.017913678525936616,-0.6695662423561876,0.4768421052631579,18.83,12.720524017467248
MOM_qb2of3__FCF_OI_qb0of3__C7_ROE_DYN_ytdavg_gt_lyavg__v0,MOM_qb2of3__FCF_OI_qb0of3,C7_ROE_DYN_ytdavg_gt_lyavg,0.14502472832827662,0.11480569700354648,0.03021903132473014,-0.6872438389039812,0.4648695652173913,16.53,71.1719298245614
PS_qb1of3__ROIC_qb2of3__C5_ROE_DYN_yoy__v0,PS_qb1of3__ROIC_qb2of3,C5_ROE_DYN_yoy,0.14499504663674578,0.12570144548191764,0.019293601154828144,-0.6100158543176522,0.4935040122277417,20.27,111.932
P_IC_qb1of3__ROE_qb1of3__C4_ROE_DYN_qmax8__v0,P_IC_qb1of3__ROE_qb1of3,C4_ROE_DYN_qmax8,0.14496487640833,0.10659619036251833,0.03836868604581167,-0.7939648433331475,0.518918918918919,14.25,20.51502145922747
PB_qb0of3__ACCRUAL_qb0of3__C19_FCF_P_DYN_yoy__v0,PB_qb0of3__ACCRUAL_qb0of3,C19_FCF_P_DYN_yoy,0.14493784068943416,0.17797297319254568,-0.03303513250311152,-0.6283293654073876,0.493174389540473,20.01,81.812
ROE_qb2of3__DEBTRATIO_qb0of3__C7_ROE_DYN_ytdavg_gt_lyavg__v0,ROE_qb2of3__DEBTRATIO_qb0of3,C7_ROE_DYN_ytdavg_gt_lyavg,0.14489390275024272,0.1083279530990704,0.036565949651172325,-0.4611351045187303,0.47351936218678814,17.72,83.07368421052631
EV_S_qb1of3__OCF_E_qb1of3__C1_ROE_DYN_riseq1__v0,EV_S_qb1of3__OCF_E_qb1of3,C1_ROE_DYN_riseq1,0.14488929122202143,0.11661669962271093,0.028272591599310504,-0.586805717187488,0.4928871645651471,18.2,89.15087719298245
EV_S_qb1of3__MOM_qb2of3__C7_ROE_DYN_ytdavg_gt_lyavg__v0,EV_S_qb1of3__MOM_qb2of3,C7_ROE_DYN_ytdavg_gt_lyavg,0.14488049581597306,0.1365027028696275,0.008377792946345552,-0.6659480945737923,0.4685340802987862,16.14,75.19298245614036
PB_qb1of3__DEBTRATIO_qb0of3__C5_ROE_DYN_yoy__v0,PB_qb1of3__DEBTRATIO_qb0of3,C5_ROE_DYN_yoy,0.14485243764680678,0.108940444371451,0.03591199327535577,-0.6344336465309398,0.48546691403834263,19.83,70.192
ROE_qb2of3__NETDEBT_EBITDA_qb2of3__C6_ROE_DYN_ytdavg_gt_lyytdavg__v0,ROE_qb2of3__NETDEBT_EBITDA_qb2of3,C6_ROE_DYN_ytdavg_gt_lyytdavg,0.14479926518672537,0.12706706831299486,0.01773219687373051,-0.45210368645925847,0.46274373259052926,17.46,58.084210526315786
ROE_qb2of3__NETDEBT_EBITDA_qb0of3__C9_EPS_DYN_riseq2__v0,ROE_qb2of3__NETDEBT_EBITDA_qb0of3,C9_EPS_DYN_riseq2,0.14479119277777652,0.1064581381558376,0.03833305462193892,-0.5041346256976323,0.5060670949321913,17.9,88.78102189781022
PS_qb0of3__OCF_E_qb1of3__C15_FCF_P_DYN_riseq1__v0,PS_qb0of3__OCF_E_qb1of3,C15_FCF_P_DYN_riseq1,0.14475451564537045,0.16163055872724263,-0.016876043081872183,-0.5790656753709795,0.46865788956573,17.64,65.9298245614035
MOM_qb2of3__NETDEBT_EBITDA_qb1of3__C20_FCF_P_DYN_ytdavg_gt_lyytdavg__v0,MOM_qb2of3__NETDEBT_EBITDA_qb1of3,C20_FCF_P_DYN_ytdavg_gt_lyytdavg,0.14472634950862617,0.1473077734732009,-0.002581423964574725,-0.6582302089540488,0.48693963995764206,17.78,78.75087719298246
PB_qb0of3__OCF_E_qb2of3__C15_FCF_P_DYN_riseq1__v0,PB_qb0of3__OCF_E_qb2of3,C15_FCF_P_DYN_riseq1,0.1446711418295934,0.1959933102234963,-0.05132216839390291,-0.6035762975760415,0.4914419695193435,19.21,54.810526315789474
ROE_qb2of3__ACCRUAL_qb1of3__C2_ROE_DYN_riseq2__v0,ROE_qb2of3__ACCRUAL_qb1of3,C2_ROE_DYN_riseq2,0.1446583346314989,0.10621584572289322,0.03844248890860569,-0.4596014828405677,0.49871134020618557,18.23,93.01824817518248
ROE_qb2of3__NETDEBT_EBITDA_qb2of3__C7_ROE_DYN_ytdavg_gt_lyavg__v0,ROE_qb2of3__NETDEBT_EBITDA_qb2of3,C7_ROE_DYN_ytdavg_gt_lyavg,0.1446403368255731,0.12706706831299486,0.017573268512578233,-0.4539433553819179,0.469732837335137,17.12,57.97543859649123
PB_qb0of3__ACCRUAL_qb0of3__C15_FCF_P_DYN_riseq1__v0,PB_qb0of3__ACCRUAL_qb0of3,C15_FCF_P_DYN_riseq1,0.14459167796446493,0.17797297319254568,-0.033381295228080754,-0.6259039509360349,0.4776824785576755,19.29,78.06315789473685
PB_qb1of3__FCF_P_qb1of3__C2_ROE_DYN_riseq2__v0,PB_qb1of3__FCF_P_qb1of3,C2_ROE_DYN_riseq2,0.14455627212759614,0.1059407351797439,0.03861553694785225,-0.6456306977429973,0.5054390054390054,18.36,76.45255474452554
EV_S_qb1of3__MOM_qb2of3__C14_EPS_DYN_ytdavg_gt_lyavg__v0,EV_S_qb1of3__MOM_qb2of3,C14_EPS_DYN_ytdavg_gt_lyavg,0.1445299682711394,0.1365027028696275,0.008027265401511885,-0.6697037753307321,0.47389488339714586,15.99,81.74385964912281
EV_S_qb0of3__None__C19_FCF_P_DYN_yoy__v0,EV_S_qb0of3__None,C19_FCF_P_DYN_yoy,0.14451040935656168,0.15765702596425268,-0.013146616607691008,-0.5976499349462198,0.5149682791435368,19.18,233.944
P_IC_qb1of3__MOM_qb2of3__C16_FCF_P_DYN_riseq2__v0,P_IC_qb1of3__MOM_qb2of3,C16_FCF_P_DYN_riseq2,0.1445051728073059,0.14276752601796372,0.0017376467893421843,-0.6697709706535067,0.488171300293559,18.08,77.49270072992701
PB_qb0of3__ROIC_qb1of3__C17_FCF_P_DYN_qmax4__v0,PB_qb0of3__ROIC_qb1of3,C17_FCF_P_DYN_qmax4,0.1445047219502793,0.18256711047310548,-0.038062388522826174,-0.5454778378558609,0.4952908587257618,21.12,47.83587786259542
PS_qb1of3__MOM_qb2of3__C20_FCF_P_DYN_ytdavg_gt_lyytdavg__v0,PS_qb1of3__MOM_qb2of3,C20_FCF_P_DYN_ytdavg_gt_lyytdavg,0.14439147087425708,0.13687445579871116,0.007517015075545919,-0.6788619349300395,0.471959213401311,17.38,74.13684210526316
P_IC_qb1of3__OCF_E_qb2of3__C2_ROE_DYN_riseq2__v0,P_IC_qb1of3__OCF_E_qb2of3,C2_ROE_DYN_riseq2,0.144334859249994,0.11536649529775045,0.02896836395224356,-0.5390610210490654,0.49979822437449556,17.26,75.87226277372262
ROE_qb2of3__None__C2_ROE_DYN_riseq2__v0,ROE_qb2of3__None,C2_ROE_DYN_riseq2,0.14426059788750334,0.1096895179268933,0.03457107996061004,-0.45029596137908456,0.49433987997817785,18.86,324.5839416058394
PS_qb1of3__MOM_qb2of3__C18_FCF_P_DYN_qmax8__v0,PS_qb1of3__MOM_qb2of3,C18_FCF_P_DYN_qmax8,0.1442312127222578,0.13687445579871116,0.007356756923546648,-0.6970138379228423,0.44271570014144274,18.91,17.605150214592275
PB_qb1of3__FCF_P_qb1of3__C10_EPS_DYN_qmax4__v0,PB_qb1of3__FCF_P_qb1of3,C10_EPS_DYN_qmax4,0.14422983412129087,0.1059407351797439,0.03828909894154697,-0.6611454776996069,0.5121951219512195,16.97,41.93129770992366
ROE_qb2of3__OCF_E_qb2of3__C19_FCF_P_DYN_yoy__v0,ROE_qb2of3__OCF_E_qb2of3,C19_FCF_P_DYN_yoy,0.1441742466500029,0.11121481636596298,0.032959430284039914,-0.5703514777073087,0.5060917180013689,22.84,119.652
PB_qb1of3__NETDEBT_EBITDA_qb0of3__C2_ROE_DYN_riseq2__v0,PB_qb1of3__NETDEBT_EBITDA_qb0of3,C2_ROE_DYN_riseq2,0.1441397346947726,0.11680507484049185,0.02733465985428074,-0.6484017277803238,0.5160256410256411,16.8,71.97810218978103
P_IC_qb1of3__DEBTRATIO_qb1of3__C4_ROE_DYN_qmax8__v0,P_IC_qb1of3__DEBTRATIO_qb1of3,C4_ROE_DYN_qmax8,0.1441374516524112,0.10564924828883626,0.03848820336357495,-0.7060397586434054,0.5003142677561282,19.31,25.879828326180256
MOM_qb2of3__FCF_OI_qb1of3__C20_FCF_P_DYN_ytdavg_gt_lyytdavg__v0,MOM_qb2of3__FCF_OI_qb1of3,C20_FCF_P_DYN_ytdavg_gt_lyytdavg,0.14405345316420415,0.15028408428317808,-0.006230631118973928,-0.6742704980893701,0.5,15.42,78.54736842105264
PB_qb0of3__FCF_OI_qb1of3__C18_FCF_P_DYN_qmax8__v0,PB_qb0of3__FCF_OI_qb1of3,C18_FCF_P_DYN_qmax8,0.14404858046806557,0.19021651029963826,-0.046167929831572696,-0.7433584877348884,0.4430622009569378,14.93,15.27638190954774
P_IC_qb1of3__DEBTRATIO_qb1of3__C10_EPS_DYN_qmax4__v0,P_IC_qb1of3__DEBTRATIO_qb1of3,C10_EPS_DYN_qmax4,0.14400355176548363,0.10564924828883626,0.03835430347664737,-0.583690138831666,0.5070296141190548,17.27,53.152671755725194
PS_qb0of3__None__C16_FCF_P_DYN_riseq2__v0,PS_qb0of3__None,C16_FCF_P_DYN_riseq2,0.14391990038419555,0.16620841805915898,-0.022288517674963426,-0.579636265933553,0.5072046109510087,18.23,237.65693430656935
EV_S_qb1of3__ACCRUAL_qb1of3__C3_ROE_DYN_qmax4__v0,EV_S_qb1of3__ACCRUAL_qb1of3,C3_ROE_DYN_qmax4,0.14380871013668983,0.11564064478310487,0.02816806535358496,-0.6502902383128298,0.5139871924502865,17.16,42.05725190839695
P_IC_qb1of3__FCF_P_qb1of3__C7_ROE_DYN_ytdavg_gt_lyavg__v0,P_IC_qb1of3__FCF_P_qb1of3,C7_ROE_DYN_ytdavg_gt_lyavg,0.14378881484603445,0.1123350134573704,0.03145380138866405,-0.6055272638503413,0.4953880764904387,16.38,66.50526315789473
EV_S_qb1of3__None__C2_ROE_DYN_riseq2__v0,EV_S_qb1of3__None,C2_ROE_DYN_riseq2,0.14363503482684692,0.11690579369850362,0.026729241128343295,-0.6193162516969501,0.4988018105973196,18.27,239.3175182481752
PS_qb0of3__NETDEBT_EBITDA_qb0of3__C19_FCF_P_DYN_yoy__v0,PS_qb0of3__NETDEBT_EBITDA_qb0of3,C19_FCF_P_DYN_yoy,0.14362871617479955,0.1627649501016779,-0.019136233926878354,-0.6051301115471488,0.5075585789871504,20.03,53.264
P_IC_qb1of3__FCF_P_qb1of3__C8_EPS_DYN_riseq1__v0,P_IC_qb1of3__FCF_P_qb1of3,C8_EPS_DYN_riseq1,0.14362079231364033,0.1123350134573704,0.03128577885626993,-0.6431662300351344,0.5042884649046036,17.1,77.83157894736843
ROE_qb2of3__FCF_P_qb0of3__C10_EPS_DYN_qmax4__v0,ROE_qb2of3__FCF_P_qb0of3,C10_EPS_DYN_qmax4,0.1435434381050389,0.10654638208040024,0.03699705602463865,-0.5096462206859662,0.48965351299326276,20.6,57.61068702290076
ROE_qb2of3__ACCRUAL_qb0of3__C13_EPS_DYN_ytdavg_gt_lyytdavg__v0,ROE_qb2of3__ACCRUAL_qb0of3,C13_EPS_DYN_ytdavg_gt_lyytdavg,0.14353921554615545,0.1151828149211398,0.028356400625015654,-0.3659259235525697,0.4739344262295082,18.43,91.74035087719298
PB_qb1of3__FCF_OI_qb1of3__C1_ROE_DYN_riseq1__v0,PB_qb1of3__FCF_OI_qb1of3,C1_ROE_DYN_riseq1,0.14347054288215122,0.11455659643931759,0.028913946442833627,-0.6293125745410572,0.5027624309392266,17.43,85.47719298245615
PB_qb1of3__None__C14_EPS_DYN_ytdavg_gt_lyavg__v0,PB_qb1of3__None,C14_EPS_DYN_ytdavg_gt_lyavg,0.14344030393452578,0.10751637456446095,0.03592392937006483,-0.5599400895396444,0.49069200154063425,16.93,215.5719298245614
MOM_qb2of3__FCF_P_qb2of3__C15_FCF_P_DYN_riseq1__v0,MOM_qb2of3__FCF_P_qb2of3,C15_FCF_P_DYN_riseq1,0.14343286313968706,0.15611793939613228,-0.012685076256445216,-0.664272271198044,0.4849153052019645,17.33,112.4421052631579
PB_qb1of3__ACCRUAL_qb1of3__C7_ROE_DYN_ytdavg_gt_lyavg__v0,PB_qb1of3__ACCRUAL_qb1of3,C7_ROE_DYN_ytdavg_gt_lyavg,0.1433686325609822,0.10547281823417798,0.03789581432680422,-0.5914004225918732,0.49188311688311687,17.32,67.63157894736842
EV_S_qb1of3__DEBTRATIO_qb2of3__C5_ROE_DYN_yoy__v0,EV_S_qb1of3__DEBTRATIO_qb2of3,C5_ROE_DYN_yoy,0.14335073915693242,0.12155643979061281,0.021794299366319603,-0.5895170810473815,0.45813881107998755,19.78,72.108
P_IC_qb1of3__MOM_qb2of3__C19_FCF_P_DYN_yoy__v0,P_IC_qb1of3__MOM_qb2of3,C19_FCF_P_DYN_yoy,0.1433149877865485,0.14276752601796372,0.0005474617685847782,-0.6887688006745711,0.49494584837545125,18.46,78.62
EV_S_qb1of3__DEBTRATIO_qb2of3__C2_ROE_DYN_riseq2__v0,EV_S_qb1of3__DEBTRATIO_qb2of3,C2_ROE_DYN_riseq2,0.1432947956439663,0.12155643979061281,0.021738355853353486,-0.584433194052092,0.47550512039856074,18.32,72.93430656934306
EV_S_qb1of3__ROIC_qb2of3__C10_EPS_DYN_qmax4__v0,EV_S_qb1of3__ROIC_qb2of3,C10_EPS_DYN_qmax4,0.14326212406459082,0.1141413742374382,0.029120749827152625,-0.5357418585588585,0.5065193370165746,18.42,71.24809160305344
PS_qb1of3__ROE_qb2of3__C8_EPS_DYN_riseq1__v0,PS_qb1of3__ROE_qb2of3,C8_EPS_DYN_riseq1,0.1432125424877584,0.12478241714928062,0.018430125338477765,-0.5807630494958346,0.4918461538461538,18.17,103.1859649122807
ROE_qb2of3__FCF_OI_qb1of3__C3_ROE_DYN_qmax4__v0,ROE_qb2of3__FCF_OI_qb1of3,C3_ROE_DYN_qmax4,0.14317140356625102,0.1080080007178279,0.03516340284842312,-0.5743893211268296,0.5009191176470589,17.48,77.13740458015268
PS_qb1of3__None__C11_EPS_DYN_qmax8__v0,PS_qb1of3__None,C11_EPS_DYN_qmax8,0.14311284557226278,0.10831162240253711,0.03480122316972567,-0.651616226711253,0.5013661202185792,20.59,75.93562231759657
MOM_qb2of3__ROE_qb1of3__None__v0,MOM_qb2of3__ROE_qb1of3,None,0.14308725897377994,0.14308725897377994,0.0,-0.6450368122561279,0.48079971816100053,17.48,145.34343434343435
ROE_qb2of3__ACCRUAL_qb1of3__C9_EPS_DYN_riseq2__v0,ROE_qb2of3__ACCRUAL_qb1of3,C9_EPS_DYN_riseq2,0.1429357938748792,0.10621584572289322,0.03671994815198598,-0.47663127857860577,0.4977883096366509,19.15,95.97445255474453
P_IC_qb1of3__DEBTRATIO_qb1of3__C14_EPS_DYN_ytdavg_gt_lyavg__v0,P_IC_qb1of3__DEBTRATIO_qb1of3,C14_EPS_DYN_ytdavg_gt_lyavg,0.14287073414103246,0.10564924828883626,0.0372214858521962,-0.5313159205757709,0.47963676389653276,17.13,87.79649122807018
EV_S_qb1of3__None__C12_EPS_DYN_yoy__v0,EV_S_qb1of3__None,C12_EPS_DYN_yoy,0.14286470665722506,0.11690579369850362,0.025958912958721436,-0.6137978963703352,0.47616179865502356,20.07,245.816
MOM_qb2of3__ACCRUAL_qb1of3__C19_FCF_P_DYN_yoy__v0,MOM_qb2of3__ACCRUAL_qb1of3,C19_FCF_P_DYN_yoy,0.14282882029957644,0.13592025080935466,0.006908569490221783,-0.6913213578114803,0.4925597726132754,18.68,78.524
P_IC_qb1of3__MOM_qb2of3__None__v0,P_IC_qb1of3__MOM_qb2of3,None,0.14276752601796372,0.14276752601796372,0.0,-0.6761238442617392,0.4669952643278245,16.94,146.84175084175084
PS_qb1of3__ACCRUAL_qb1of3__C10_EPS_DYN_qmax4__v0,PS_qb1of3__ACCRUAL_qb1of3,C10_EPS_DYN_qmax4,0.14276456957628936,0.10789709507912493,0.03486747449716443,-0.6935319406157671,0.5200989486703772,17.87,46.37022900763359
PB_qb1of3__ACCRUAL_qb1of3__C6_ROE_DYN_ytdavg_gt_lyytdavg__v0,PB_qb1of3__ACCRUAL_qb1of3,C6_ROE_DYN_ytdavg_gt_lyytdavg,0.14274695121804637,0.10547281823417798,0.03727413298386839,-0.5904017796325329,0.48690192682398786,17.66,72.54736842105264
MOM_qb2of3__FCF_OI_qb2of3__C20_FCF_P_DYN_ytdavg_gt_lyytdavg__v0,MOM_qb2of3__FCF_OI_qb2of3,C20_FCF_P_DYN_ytdavg_gt_lyytdavg,0.14271702504419537,0.13952586865099859,0.0031911563931967812,-0.6728970561881974,0.48100172711571676,17.44,98.00350877192983
ROE_qb2of3__EV_EBITDA_qb0of3__C17_FCF_P_DYN_qmax4__v0,ROE_qb2of3__EV_EBITDA_qb0of3,C17_FCF_P_DYN_qmax4,0.1426541528213756,0.17599537128535347,-0.03334121846397786,-0.5005937132684866,0.4711092366090257,19.76,31.423664122137403
PS_qb0of3__None__C19_FCF_P_DYN_yoy__v0,PS_qb0of3__None,C19_FCF_P_DYN_yoy,0.14262697410150738,0.16620841805915898,-0.023581443957651604,-0.5973239454071735,0.5076952308569257,18.7,240.476
PS_qb1of3__MOM_qb2of3__C15_FCF_P_DYN_riseq1__v0,PS_qb1of3__MOM_qb2of3,C15_FCF_P_DYN_riseq1,0.14260357140907431,0.13687445579871116,0.005729115610363156,-0.701737441757128,0.4643551523007129,18.02,70.63859649122807
EV_S_qb0of3__FCF_OI_qb1of3__C20_FCF_P_DYN_ytdavg_gt_lyytdavg__v0,EV_S_qb0of3__FCF_OI_qb1of3,C20_FCF_P_DYN_ytdavg_gt_lyytdavg,0.14259545402469054,0.15841923538251113,-0.015823781357820588,-0.5896964183772533,0.5029249268768281,16.98,110.8
PS_qb1of3__MOM_qb2of3__C13_EPS_DYN_ytdavg_gt_lyytdavg__v0,PS_qb1of3__MOM_qb2of3,C13_EPS_DYN_ytdavg_gt_lyytdavg,0.14250822443868794,0.13687445579871116,0.005633768639976777,-0.6472409642267278,0.4680242342645574,16.65,84.7859649122807
MOM_qb1of3__ROE_qb2of3__C12_EPS_DYN_yoy__v0,MOM_qb1of3__ROE_qb2of3,C12_EPS_DYN_yoy,0.14246456886544134,0.10710814018856007,0.03535642867688127,-0.6765046058124959,0.5252784918594687,21.52,85.3
PB_qb1of3__MOM_qb2of3__C16_FCF_P_DYN_riseq2__v0,PB_qb1of3__MOM_qb2of3,C16_FCF_P_DYN_riseq2,0.1424167131864511,0.1423822447586076,3.446842784349258e-05,-0.6783881157330591,0.49255282299965364,16.87,76.58029197080292
ROE_qb2of3__FCF_OI_qb2of3__C10_EPS_DYN_qmax4__v0,ROE_qb2of3__FCF_OI_qb2of3,C10_EPS_DYN_qmax4,0.14239693482866622,0.10829014177983431,0.03410679304883191,-0.48631550791887823,0.4857083678541839,18.67,66.47328244274809
MOM_qb2of3__DEBTRATIO_qb1of3__C19_FCF_P_DYN_yoy__v0,MOM_qb2of3__DEBTRATIO_qb1of3,C19_FCF_P_DYN_yoy,0.14239033384222766,0.14168975306734088,0.0007005807748867721,-0.6675541515269829,0.49561082662765177,19.21,78.136
PB_qb1of3__MOM_qb2of3__None__v0,PB_qb1of3__MOM_qb2of3,None,0.1423822447586076,0.1423822447586076,0.0,-0.6840193168262803,0.47325259845523027,15.66,147.6228956228956
EV_S_qb1of3__DEBTRATIO_qb2of3__C9_EPS_DYN_riseq2__v0,EV_S_qb1of3__DEBTRATIO_qb2of3,C9_EPS_DYN_riseq2,0.14236953467610625,0.12155643979061281,0.020813094885493433,-0.5753667515670557,0.47437654151822417,19.09,74.28102189781022
PS_qb1of3__DEBTRATIO_qb0of3__C13_EPS_DYN_ytdavg_gt_lyytdavg__v0,PS_qb1of3__DEBTRATIO_qb0of3,C13_EPS_DYN_ytdavg_gt_lyytdavg,0.14235411599182202,0.12730497339873037,0.015049142593091647,-0.594205836441954,0.5080593165699548,17.61,77.62105263157895
PB_qb1of3__NETDEBT_EBITDA_qb1of3__C7_ROE_DYN_ytdavg_gt_lyavg__v0,PB_qb1of3__NETDEBT_EBITDA_qb1of3,C7_ROE_DYN_ytdavg_gt_lyavg,0.14231011204334942,0.11518524454398116,0.027124867499368266,-0.5437146830405595,0.4978978978978979,17.7,71.06315789473685
P_IC_qb1of3__OCF_E_qb2of3__C4_ROE_DYN_qmax8__v0,P_IC_qb1of3__OCF_E_qb2of3,C4_ROE_DYN_qmax8,0.1422775185853431,0.11536649529775045,0.02691102328759265,-0.6975314140960263,0.5154702970297029,18.04,24.643776824034333
P_IC_qb1of3__MOM_qb2of3__C13_EPS_DYN_ytdavg_gt_lyytdavg__v0,P_IC_qb1of3__MOM_qb2of3,C13_EPS_DYN_ytdavg_gt_lyytdavg,0.1422548975471265,0.14276752601796372,-0.0005126284708372175,-0.632823754184911,0.4706287683031869,15.81,83.08421052631579
EV_S_qb0of3__None__C16_FCF_P_DYN_riseq2__v0,EV_S_qb0of3__None,C16_FCF_P_DYN_riseq2,0.14223717800683922,0.15765702596425268,-0.015419847957413468,-0.5732742888491965,0.510648596321394,18.37,234.82846715328466
ROE_qb2of3__FCF_OI_qb1of3__C2_ROE_DYN_riseq2__v0,ROE_qb2of3__FCF_OI_qb1of3,C2_ROE_DYN_riseq2,0.14217671722740244,0.1080080007178279,0.03416871650957454,-0.5298278690652161,0.49797673242286294,18.45,126.63503649635037
PS_qb1of3__NETDEBT_EBITDA_qb1of3__C9_EPS_DYN_riseq2__v0,PS_qb1of3__NETDEBT_EBITDA_qb1of3,C9_EPS_DYN_riseq2,0.1421622964358802,0.10584118790426911,0.03632110853161108,-0.5966017543255835,0.49680127948820474,19.88,100.56204379562044
PB_qb1of3__None__C2_ROE_DYN_riseq2__v0,PB_qb1of3__None,C2_ROE_DYN_riseq2,0.14212365006851324,0.10751637456446095,0.03460727550405229,-0.5981329321763165,0.5100635119420341,17.74,236.17153284671534
PB_qb1of3__FCF_OI_qb1of3__C8_EPS_DYN_riseq1__v0,PB_qb1of3__FCF_OI_qb1of3,C8_EPS_DYN_riseq1,0.1420927906021816,0.11455659643931759,0.027536194162864014,-0.6077659966412555,0.5069297244415457,17.19,85.93333333333334
PB_qb0of3__EV_EBITDA_qb0of3__C17_FCF_P_DYN_qmax4__v0,PB_qb0of3__EV_EBITDA_qb0of3,C17_FCF_P_DYN_qmax4,0.14207273287438738,0.1952473266098218,-0.05317459373543443,-0.5700156112114989,0.4880461665292663,18.98,52.213740458015266
ROE_qb2of3__FCF_OI_qb1of3__C9_EPS_DYN_riseq2__v0,ROE_qb2of3__FCF_OI_qb1of3,C9_EPS_DYN_riseq2,0.14202738263058645,0.1080080007178279,0.03401938191275855,-0.5165043972789132,0.49581406972385356,18.67,129.85036496350364
MOM_qb2of3__DEBTRATIO_qb2of3__None__v0,MOM_qb2of3__DEBTRATIO_qb2of3,None,0.14200737818456344,0.14200737818456344,0.0,-0.6731392678946029,0.4524457892082703,16.09,152.8922558922559
P_IC_qb1of3__NETDEBT_EBITDA_qb0of3__None__v0,P_IC_qb1of3__NETDEBT_EBITDA_qb0of3,None,0.14197552309035966,0.14197552309035966,0.0,-0.592894028996169,0.5344827586206896,18.11,159.25252525252526
MOM_qb2of3__NETDEBT_EBITDA_qb0of3__None__v0,MOM_qb2of3__NETDEBT_EBITDA_qb0of3,None,0.14185947700151247,0.14185947700151247,0.0,-0.6870922658833095,0.4723681445681866,16.22,138.03030303030303
ROE_qb2of3__ROIC_qb1of3__C8_EPS_DYN_riseq1__v0,ROE_qb2of3__ROIC_qb1of3,C8_EPS_DYN_riseq1,0.14182938595292383,0.12040862931056018,0.021420756642363648,-0.5174633673821676,0.5,17.82,41.357894736842105
PB_qb0of3__NETDEBT_EBITDA_qb2of3__C15_FCF_P_DYN_riseq1__v0,PB_qb0of3__NETDEBT_EBITDA_qb2of3,C15_FCF_P_DYN_riseq1,0.14182430832353687,0.17776664450601265,-0.035942336182475776,-0.6308231365007804,0.4862619808306709,19.95,105.03859649122808
MOM_qb2of3__DEBTRATIO_qb2of3__C17_FCF_P_DYN_qmax4__v0,MOM_qb2of3__DEBTRATIO_qb2of3,C17_FCF_P_DYN_qmax4,0.1417425635141445,0.14200737818456344,-0.0002648146704189447,-0.6728084231970659,0.47420451034908867,17.12,39.97709923664122
MOM_qb2of3__FCF_OI_qb2of3__C16_FCF_P_DYN_riseq2__v0,MOM_qb2of3__FCF_OI_qb2of3,C16_FCF_P_DYN_riseq2,0.14173483703910006,0.13952586865099859,0.0022089683881014732,-0.6803888634483362,0.4924133348100565,18.5,115.07664233576642
MOM_qb2of3__ROE_qb1of3__C20_FCF_P_DYN_ytdavg_gt_lyytdavg__v0,MOM_qb2of3__ROE_qb1of3,C20_FCF_P_DYN_ytdavg_gt_lyytdavg,0.1417273457451682,0.14308725897377994,-0.001359913228611731,-0.6424388736039315,0.4915370148743375,17.05,73.40350877192982
MOM_qb2of3__DEBTRATIO_qb1of3__None__v0,MOM_qb2of3__DEBTRATIO_qb1of3,None,0.14168975306734088,0.14168975306734088,0.0,-0.6651462941496616,0.46786380139338635,17.23,148.57912457912457
PS_qb1of3__ROE_qb2of3__C1_ROE_DYN_riseq1__v0,PS_qb1of3__ROE_qb2of3,C1_ROE_DYN_riseq1,0.14159829410906966,0.12478241714928062,0.016815876959789033,-0.5723435839283153,0.4903097817793377,18.23,100.9298245614035
PB_qb1of3__NETDEBT_EBITDA_qb1of3__C9_EPS_DYN_riseq2__v0,PB_qb1of3__NETDEBT_EBITDA_qb1of3,C9_EPS_DYN_riseq2,0.1415793889207484,0.11518524454398116,0.026394144376767237,-0.5366033855113195,0.5089872862779483,18.36,86.44160583941606
P_IC_qb1of3__NETDEBT_EBITDA_qb1of3__C2_ROE_DYN_riseq2__v0,P_IC_qb1of3__NETDEBT_EBITDA_qb1of3,C2_ROE_DYN_riseq2,0.14156354223811518,0.11425449559436518,0.02730904664375,-0.5555530587335595,0.5069182389937107,18.75,91.33211678832117
EV_S_qb1of3__ACCRUAL_qb0of3__C14_EPS_DYN_ytdavg_gt_lyavg__v0,EV_S_qb1of3__ACCRUAL_qb0of3,C14_EPS_DYN_ytdavg_gt_lyavg,0.14153522479935754,0.12264039060979393,0.018894834189563614,-0.6158877973342538,0.4874093043107128,17.58,70.97894736842105
PS_qb0of3__DEBTRATIO_qb0of3__C16_FCF_P_DYN_riseq2__v0,PS_qb0of3__DEBTRATIO_qb0of3,C16_FCF_P_DYN_riseq2,0.14148674687186524,0.1648921144720774,-0.023405367600212168,-0.5658472250096829,0.5121470781352594,20.17,28.23722627737226
PB_qb1of3__FCF_P_qb1of3__C9_EPS_DYN_riseq2__v0,PB_qb1of3__FCF_P_qb1of3,C9_EPS_DYN_riseq2,0.14145207893147171,0.1059407351797439,0.03551134375172782,-0.6359346688943917,0.510402488819755,18.09,76.0912408759124
PB_qb0of3__ACCRUAL_qb0of3__C18_FCF_P_DYN_qmax8__v0,PB_qb0of3__ACCRUAL_qb0of3,C18_FCF_P_DYN_qmax8,0.14132655205147926,0.17797297319254568,-0.03664642114106642,-0.5943303342832742,0.4567404426559356,23.39,20.15450643776824
ROE_qb2of3__DEBTRATIO_qb0of3__C16_FCF_P_DYN_riseq2__v0,ROE_qb2of3__DEBTRATIO_qb0of3,C16_FCF_P_DYN_riseq2,0.14132020699058745,0.1083279530990704,0.032992253891517054,-0.6544073491102111,0.5107152078492125,18.55,68.76642335766424
MOM_qb2of3__FCF_OI_qb0of3__C19_FCF_P_DYN_yoy__v0,MOM_qb2of3__FCF_OI_qb0of3,C19_FCF_P_DYN_yoy,0.14130388049812503,0.11480569700354648,0.026498183494578553,-0.7433766428427968,0.47054263565891474,18.77,32.376
EV_S_qb1of3__None__C9_EPS_DYN_riseq2__v0,EV_S_qb1of3__None,C9_EPS_DYN_riseq2,0.1412948019996736,0.11690579369850362,0.024389008301169968,-0.6167927723591713,0.49744177840508114,18.54,242.8175182481752
EV_S_qb0of3__None__C20_FCF_P_DYN_ytdavg_gt_lyytdavg__v0,EV_S_qb0of3__None,C20_FCF_P_DYN_ytdavg_gt_lyytdavg,0.14124748755162475,0.15765702596425268,-0.016409538412627933,-0.5869335884942092,0.5361275755009879,17.06,233.7157894736842
MOM_qb2of3__ROIC_qb1of3__C17_FCF_P_DYN_qmax4__v0,MOM_qb2of3__ROIC_qb1of3,C17_FCF_P_DYN_qmax4,0.1412078306261011,0.14880087180690538,-0.007593041180804283,-0.6558317018678586,0.48100450740502254,19.3,36.94274809160305
PB_qb1of3__None__C9_EPS_DYN_riseq2__v0,PB_qb1of3__None,C9_EPS_DYN_riseq2,0.14120401016688588,0.10751637456446095,0.03368763560242494,-0.5888236565091902,0.5098021743004812,17.83,237.21532846715328
PS_qb0of3__None__C20_FCF_P_DYN_ytdavg_gt_lyytdavg__v0,PS_qb0of3__None,C20_FCF_P_DYN_ytdavg_gt_lyytdavg,0.14119609706134906,0.16620841805915898,-0.025012320997809923,-0.5981706868633576,0.5267350796651363,16.91,232.76491228070176
PS_qb1of3__ROE_qb2of3__C20_FCF_P_DYN_ytdavg_gt_lyytdavg__v0,PS_qb1of3__ROE_qb2of3,C20_FCF_P_DYN_ytdavg_gt_lyytdavg,0.14119387042535103,0.12478241714928062,0.01641145327607041,-0.6015843412913711,0.5131906421105027,18.61,78.65964912280701
ROE_qb2of3__ROIC_qb2of3__C2_ROE_DYN_riseq2__v0,ROE_qb2of3__ROIC_qb2of3,C2_ROE_DYN_riseq2,0.14117585976740266,0.10622238694356079,0.03495347282384187,-0.4441480567426729,0.48841713798713876,19.27,279.96715328467155
P_IC_qb0of3__OCF_E_qb2of3__C19_FCF_P_DYN_yoy__v0,P_IC_qb0of3__OCF_E_qb2of3,C19_FCF_P_DYN_yoy,0.1411252460265604,0.18457415552402745,-0.04344890949746705,-0.5769716688272032,0.5068095557043983,19.28,69.796
PB_qb1of3__ACCRUAL_qb1of3__C5_ROE_DYN_yoy__v0,PB_qb1of3__ACCRUAL_qb1of3,C5_ROE_DYN_yoy,0.14107125300553158,0.10547281823417798,0.035598434771353604,-0.640404430873798,0.4863579991732121,18.65,76.544
MOM_qb2of3__DEBTRATIO_qb1of3__C15_FCF_P_DYN_riseq1__v0,MOM_qb2of3__DEBTRATIO_qb1of3,C15_FCF_P_DYN_riseq1,0.14105246755889578,0.14168975306734088,-0.0006372855084451068,-0.6718231600973104,0.4706822176066464,17.34,72.42807017543859
ROE_qb2of3__ACCRUAL_qb0of3__C8_EPS_DYN_riseq1__v0,ROE_qb2of3__ACCRUAL_qb0of3,C8_EPS_DYN_riseq1,0.14104646035128843,0.1151828149211398,0.02586364543014863,-0.45134683145173793,0.467942732648615,17.69,89.24561403508773
PS_qb0of3__NETDEBT_EBITDA_qb2of3__C16_FCF_P_DYN_riseq2__v0,PS_qb0of3__NETDEBT_EBITDA_qb2of3,C16_FCF_P_DYN_riseq2,0.14103893290430025,0.16474534749704373,-0.023706414592743474,-0.6043256951940131,0.49266753294969373,17.71,114.9087591240876
EV_S_qb1of3__DEBTRATIO_qb2of3__C1_ROE_DYN_riseq1__v0,EV_S_qb1of3__DEBTRATIO_qb2of3,C1_ROE_DYN_riseq1,0.14100556700253009,0.12155643979061281,0.019449127211917272,-0.6081618514033906,0.46205305651672435,17.83,72.47719298245615
PB_qb1of3__DEBTRATIO_qb1of3__C2_ROE_DYN_riseq2__v0,PB_qb1of3__DEBTRATIO_qb1of3,C2_ROE_DYN_riseq2,0.1409967773664682,0.10295792396196068,0.03803885340450752,-0.6134532097066467,0.507085498346717,18.56,82.37591240875912
MOM_qb2of3__ROIC_qb1of3__C20_FCF_P_DYN_ytdavg_gt_lyytdavg__v0,MOM_qb2of3__ROIC_qb1of3,C20_FCF_P_DYN_ytdavg_gt_lyytdavg,0.14099180055729632,0.14880087180690538,-0.007809071249609056,-0.6568498218155203,0.49610960757780787,16.81,75.01052631578948
P_IC_qb1of3__NETDEBT_EBITDA_qb0of3__C16_FCF_P_DYN_riseq2__v0,P_IC_qb1of3__NETDEBT_EBITDA_qb0of3,C16_FCF_P_DYN_riseq2,0.14098151350538113,0.14197552309035966,-0.000994009584978528,-0.6004197632745467,0.5051546391752577,19.47,86.5912408759124
P_IC_qb1of3__NETDEBT_EBITDA_qb1of3__C7_ROE_DYN_ytdavg_gt_lyavg__v0,P_IC_qb1of3__NETDEBT_EBITDA_qb1of3,C7_ROE_DYN_ytdavg_gt_lyavg,0.1409419019171798,0.11425449559436518,0.026687406322814633,-0.5585169018344653,0.47885325007096224,17.55,77.7578947368421
PS_qb1of3__None__C12_EPS_DYN_yoy__v0,PS_qb1of3__None,C12_EPS_DYN_yoy,0.14087577868754275,0.10831162240253711,0.03256415628500564,-0.6240826350535202,0.48276913693199147,20.14,245.936
ROE_qb2of3__NETDEBT_EBITDA_qb2of3__C18_FCF_P_DYN_qmax8__v0,ROE_qb2of3__NETDEBT_EBITDA_qb2of3,C18_FCF_P_DYN_qmax8,0.1408241497096232,0.12706706831299486,0.013757081396628346,-0.7242737236757057,0.45409429280397023,24.29,10.593886462882097
MOM_qb2of3__DEBTRATIO_qb2of3__C15_FCF_P_DYN_riseq1__v0,MOM_qb2of3__DEBTRATIO_qb2of3,C15_FCF_P_DYN_riseq1,0.14080315560220158,0.14200737818456344,-0.001204222582361858,-0.6770352332904022,0.47093212081844754,17.0,74.84561403508772
P_IC_qb1of3__None__C5_ROE_DYN_yoy__v0,P_IC_qb1of3__None,C5_ROE_DYN_yoy,0.14080049473273815,0.10927398071020056,0.03152651402253759,-0.6150201734861593,0.4851674641148325,19.7,231.492
MOM_qb2of3__ACCRUAL_qb1of3__C20_FCF_P_DYN_ytdavg_gt_lyytdavg__v0,MOM_qb2of3__ACCRUAL_qb1of3,C20_FCF_P_DYN_ytdavg_gt_lyytdavg,0.14070390673233013,0.13592025080935466,0.004783655922975472,-0.6710084616620933,0.49247584349754475,16.34,76.83157894736843
PS_qb0of3__ACCRUAL_qb0of3__C20_FCF_P_DYN_ytdavg_gt_lyytdavg__v0,PS_qb0of3__ACCRUAL_qb0of3,C20_FCF_P_DYN_ytdavg_gt_lyytdavg,0.14069415550769993,0.16627029120688008,-0.025576135699180158,-0.6011480832698286,0.4887163747968947,17.38,85.0982456140351
P_IC_qb1of3__NETDEBT_EBITDA_qb1of3__C4_ROE_DYN_qmax8__v0,P_IC_qb1of3__NETDEBT_EBITDA_qb1of3,C4_ROE_DYN_qmax8,0.1406012711313851,0.11425449559436518,0.026346775537019917,-0.5030648203747419,0.5112233445566778,21.22,29.145922746781117
PS_qb1of3__ACCRUAL_qb1of3__C12_EPS_DYN_yoy__v0,PS_qb1of3__ACCRUAL_qb1of3,C12_EPS_DYN_yoy,0.14057017766476987,0.10789709507912493,0.03267308258564494,-0.6645026331504535,0.4913085004775549,20.03,83.564
EV_S_qb1of3__ACCRUAL_qb1of3__C8_EPS_DYN_riseq1__v0,EV_S_qb1of3__ACCRUAL_qb1of3,C8_EPS_DYN_riseq1,0.14053351736203967,0.11564064478310487,0.0248928725789348,-0.6467591038676965,0.4975452852547825,18.87,83.69473684210526
PB_qb1of3__ACCRUAL_qb1of3__C14_EPS_DYN_ytdavg_gt_lyavg__v0,PB_qb1of3__ACCRUAL_qb1of3,C14_EPS_DYN_ytdavg_gt_lyavg,0.14044143698660005,0.10547281823417798,0.034968618752422076,-0.5925391535076838,0.49317738791423,17.82,72.4421052631579
ROE_qb2of3__DEBTRATIO_qb0of3__C15_FCF_P_DYN_riseq1__v0,ROE_qb2of3__DEBTRATIO_qb0of3,C15_FCF_P_DYN_riseq1,0.14042309768102101,0.1083279530990704,0.03209514458195062,-0.655496007649633,0.45752938567309825,17.69,63.03859649122807
PS_qb1of3__MOM_qb2of3__C17_FCF_P_DYN_qmax4__v0,PS_qb1of3__MOM_qb2of3,C17_FCF_P_DYN_qmax4,0.1404012126891825,0.13687445579871116,0.0035267568904713276,-0.7108211115664183,0.45425361155698235,17.97,36.33969465648855
P_IC_qb1of3__None__C12_EPS_DYN_yoy__v0,P_IC_qb1of3__None,C12_EPS_DYN_yoy,0.14032081160514487,0.10927398071020056,0.03104683089494431,-0.6050652593269525,0.48395164651938305,19.73,240.744
EV_S_qb1of3__MOM_qb2of3__C10_EPS_DYN_qmax4__v0,EV_S_qb1of3__MOM_qb2of3,C10_EPS_DYN_qmax4,0.14031219932558625,0.1365027028696275,0.0038094964559587385,-0.6763508227999332,0.49750996015936255,17.02,55.47709923664122
MOM_qb2of3__ACCRUAL_qb2of3__C11_EPS_DYN_qmax8__v0,MOM_qb2of3__ACCRUAL_qb2of3,C11_EPS_DYN_qmax8,0.14030836451877438,0.11763516061125423,0.022673203907520145,-0.609529526836705,0.49555837563451777,18.98,45.57081545064378
EV_S_qb0of3__NETDEBT_EBITDA_qb2of3__C16_FCF_P_DYN_riseq2__v0,EV_S_qb0of3__NETDEBT_EBITDA_qb2of3,C16_FCF_P_DYN_riseq2,0.1402788649484059,0.15594460285259082,-0.015665737904184907,-0.5822244770048732,0.48152948801036943,17.36,62.91970802919708
P_IC_qb1of3__DEBTRATIO_qb0of3__None__v0,P_IC_qb1of3__DEBTRATIO_qb0of3,None,0.14025437918169104,0.14025437918169104,0.0,-0.5909771935728251,0.5389294403892944,18.46,156.56228956228955
EV_S_qb1of3__None__C10_EPS_DYN_qmax4__v0,EV_S_qb1of3__None,C10_EPS_DYN_qmax4,0.14022230542837844,0.11690579369850362,0.02331651172987481,-0.6158661174065818,0.49687578105473634,17.46,134.1030534351145
ROE_qb2of3__OCF_E_qb2of3__C20_FCF_P_DYN_ytdavg_gt_lyytdavg__v0,ROE_qb2of3__OCF_E_qb2of3,C20_FCF_P_DYN_ytdavg_gt_lyytdavg,0.14020805556629656,0.11121481636596298,0.028993239200333587,-0.570053999352314,0.5104289071680376,18.88,116.11929824561403
PS_qb0of3__ROIC_qb1of3__C19_FCF_P_DYN_yoy__v0,PS_qb0of3__ROIC_qb1of3,C19_FCF_P_DYN_yoy,0.14018344643476421,0.16131933517355046,-0.021135888738786246,-0.536041499165029,0.509620296271071,19.74,105.66
ROE_qb2of3__OCF_E_qb2of3__C7_ROE_DYN_ytdavg_gt_lyavg__v0,ROE_qb2of3__OCF_E_qb2of3,C7_ROE_DYN_ytdavg_gt_lyavg,0.14012970621324494,0.11121481636596298,0.028914889847281966,-0.3678192370871738,0.4657825597397723,18.75,153.56140350877192
EV_S_qb1of3__None__C5_ROE_DYN_yoy__v0,EV_S_qb1of3__None,C5_ROE_DYN_yoy,0.14012255580982114,0.11690579369850362,0.023216762111317513,-0.6252370135041735,0.47330776407173214,20.14,232.772
MOM_qb2of3__FCF_P_qb2of3__C19_FCF_P_DYN_yoy__v0,MOM_qb2of3__FCF_P_qb2of3,C19_FCF_P_DYN_yoy,0.1400442708874099,0.15611793939613228,-0.016073668508722383,-0.6623142209584675,0.4968655676805201,19.27,116.996
P_IC_qb1of3__ROIC_qb2of3__C15_FCF_P_DYN_riseq1__v0,P_IC_qb1of3__ROIC_qb2of3,C15_FCF_P_DYN_riseq1,0.13999259519009266,0.16269582864452659,-0.022703233454433924,-0.4943164955788696,0.48637015781922527,18.75,62.55789473684211
PS_qb1of3__DEBTRATIO_qb1of3__C2_ROE_DYN_riseq2__v0,PS_qb1of3__DEBTRATIO_qb1of3,C2_ROE_DYN_riseq2,0.13997402608137,0.10359660874817855,0.03637741733319144,-0.6072888447699392,0.4955555555555556,19.91,98.26277372262774
PS_qb0of3__OCF_E_qb1of3__C19_FCF_P_DYN_yoy__v0,PS_qb0of3__OCF_E_qb1of3,C19_FCF_P_DYN_yoy,0.13995359398657992,0.16163055872724263,-0.02167696474066272,-0.5709395701947738,0.4862911795961743,19.64,70.448
PB_qb1of3__NETDEBT_EBITDA_qb0of3__C4_ROE_DYN_qmax8__v0,PB_qb1of3__NETDEBT_EBITDA_qb0of3,C4_ROE_DYN_qmax8,0.13995033254842504,0.11680507484049185,0.023145257707933187,-0.5914964193853297,0.5289169295478444,16.01,15.778260869565218
PS_qb1of3__NETDEBT_EBITDA_qb1of3__C2_ROE_DYN_riseq2__v0,PS_qb1of3__NETDEBT_EBITDA_qb1of3,C2_ROE_DYN_riseq2,0.13990585195422311,0.10584118790426911,0.03406466404995401,-0.597796490045127,0.5,19.6,96.24087591240875
P_IC_qb1of3__OCF_E_qb2of3__C6_ROE_DYN_ytdavg_gt_lyytdavg__v0,P_IC_qb1of3__OCF_E_qb2of3,C6_ROE_DYN_ytdavg_gt_lyytdavg,0.1398759816756412,0.11536649529775045,0.024509486377890743,-0.4918380320352579,0.48045454545454547,18.07,68.57543859649122
PS_qb0of3__OCF_E_qb1of3__C20_FCF_P_DYN_ytdavg_gt_lyytdavg__v0,PS_qb0of3__OCF_E_qb1of3,C20_FCF_P_DYN_ytdavg_gt_lyytdavg,0.13987441566212322,0.16163055872724263,-0.021756143065119415,-0.5861719749482645,0.4918788410886743,17.89,68.57192982456141
PB_qb1of3__ROIC_qb2of3__C18_FCF_P_DYN_qmax8__v0,PB_qb1of3__ROIC_qb2of3,C18_FCF_P_DYN_qmax8,0.13984626460139427,0.1573162106871937,-0.017469946085799437,-0.6236098228934355,0.49003067484662577,20.68,16.72961373390558
PS_qb0of3__EV_EBITDA_qb0of3__C17_FCF_P_DYN_qmax4__v0,PS_qb0of3__EV_EBITDA_qb0of3,C17_FCF_P_DYN_qmax4,0.13980864831093198,0.19253203521120743,-0.05272338690027545,-0.5304493293340307,0.4785185185185185,18.09,46.908396946564885
MOM_qb2of3__OCF_E_qb1of3__C15_FCF_P_DYN_riseq1__v0,MOM_qb2of3__OCF_E_qb1of3,C15_FCF_P_DYN_riseq1,0.13979234429694953,0.1381613845942784,0.0016309597026711309,-0.6809023490391184,0.47865340474368784,17.48,71.98245614035088
MOM_qb1of3__ROE_qb2of3__C5_ROE_DYN_yoy__v0,MOM_qb1of3__ROE_qb2of3,C5_ROE_DYN_yoy,0.13977707144063478,0.10710814018856007,0.03266893125207471,-0.6651510441419506,0.5265055896141363,21.8,79.956
EV_S_qb1of3__ACCRUAL_qb1of3__C1_ROE_DYN_riseq1__v0,EV_S_qb1of3__ACCRUAL_qb1of3,C1_ROE_DYN_riseq1,0.13975932787748024,0.11564064478310487,0.02411868309437537,-0.6627988674768832,0.4964041095890411,18.43,83.02456140350877
P_IC_qb0of3__PB_qb0of3__C18_FCF_P_DYN_qmax8__v0,P_IC_qb0of3__PB_qb0of3,C18_FCF_P_DYN_qmax8,0.1397548511637643,0.18660855823064182,-0.046853707066877526,-0.6194022806092121,0.4835343984349527,23.78,43.2961373390558
PB_qb1of3__DEBTRATIO_qb0of3__C12_EPS_DYN_yoy__v0,PB_qb1of3__DEBTRATIO_qb0of3,C12_EPS_DYN_yoy,0.13973830644539653,0.108940444371451,0.030797862073945526,-0.6307510492639514,0.48578199052132703,19.98,73.06
P_IC_qb1of3__FCF_P_qb1of3__C12_EPS_DYN_yoy__v0,P_IC_qb1of3__FCF_P_qb1of3,C12_EPS_DYN_yoy,0.1396676011423721,0.1123350134573704,0.027332587685001686,-0.6543552477587395,0.49134880062917813,18.61,79.316
EV_S_qb1of3__ROE_qb2of3__C10_EPS_DYN_qmax4__v0,EV_S_qb1of3__ROE_qb2of3,C10_EPS_DYN_qmax4,0.13966393642042352,0.11697884944628889,0.022685086974134627,-0.5313196384188972,0.5032115171650056,18.2,70.66030534351145
EV_S_qb0of3__OCF_E_qb1of3__C19_FCF_P_DYN_yoy__v0,EV_S_qb0of3__OCF_E_qb1of3,C19_FCF_P_DYN_yoy,0.1396565283851654,0.16012337011211542,-0.020466841726950014,-0.571678948154009,0.4965603502188868,20.6,72.532
ROE_qb2of3__None__C18_FCF_P_DYN_qmax8__v0,ROE_qb2of3__None,C18_FCF_P_DYN_qmax8,0.13965439146045489,0.1096895179268933,0.029964873533561587,-0.6429467455982835,0.45988112927191677,25.7,52.68669527896996
P_IC_qb1of3__OCF_E_qb1of3__C9_EPS_DYN_riseq2__v0,P_IC_qb1of3__OCF_E_qb1of3,C9_EPS_DYN_riseq2,0.13962552580716214,0.10872133611728962,0.03090418968987252,-0.5579597774624493,0.5185704274702172,18.03,90.68248175182482
PB_qb1of3__DEBTRATIO_qb1of3__C9_EPS_DYN_riseq2__v0,PB_qb1of3__DEBTRATIO_qb1of3,C9_EPS_DYN_riseq2,0.13962281205919025,0.10295792396196068,0.036664888097229564,-0.5987735917348384,0.5030645921735031,18.43,82.77372262773723
PS_qb1of3__ROE_qb2of3__C12_EPS_DYN_yoy__v0,PS_qb1of3__ROE_qb2of3,C12_EPS_DYN_yoy,0.13959416023479965,0.12478241714928062,0.014811743085519025,-0.6184287020028316,0.48914330833004344,21.01,113.332
EV_S_qb1of3__OCF_E_qb1of3__C8_EPS_DYN_riseq1__v0,EV_S_qb1of3__OCF_E_qb1of3,C8_EPS_DYN_riseq1,0.13958429486074309,0.11661669962271093,0.022967595238032157,-0.5732486385997199,0.49204287106203315,18.77,88.74035087719298
P_IC_qb1of3__ROE_qb2of3__C15_FCF_P_DYN_riseq1__v0,P_IC_qb1of3__ROE_qb2of3,C15_FCF_P_DYN_riseq1,0.13956452358680327,0.16008839291117583,-0.020523869324372557,-0.5294966660796271,0.47976501305483027,19.67,59.67368421052632
PB_qb1of3__DEBTRATIO_qb1of3__C14_EPS_DYN_ytdavg_gt_lyavg__v0,PB_qb1of3__DEBTRATIO_qb1of3,C14_EPS_DYN_ytdavg_gt_lyavg,0.13952764675704898,0.10295792396196068,0.0365697227950883,-0.5452036355543401,0.48218159281066003,17.86,75.75087719298246
MOM_qb2of3__FCF_OI_qb2of3__None__v0,MOM_qb2of3__FCF_OI_qb2of3,None,0.13952586865099859,0.13952586865099859,0.0,-0.6777402951129385,0.4823992779190941,17.58,147.3804713804714
MOM_qb2of3__ACCRUAL_qb2of3__C17_FCF_P_DYN_qmax4__v0,MOM_qb2of3__ACCRUAL_qb2of3,C17_FCF_P_DYN_qmax4,0.1394678052144689,0.11763516061125423,0.021832644603214657,-0.7341158007329656,0.46650046743533813,18.46,37.229007633587784
EV_S_qb0of3__ACCRUAL_qb0of3__C16_FCF_P_DYN_riseq2__v0,EV_S_qb0of3__ACCRUAL_qb0of3,C16_FCF_P_DYN_riseq2,0.13944929112136162,0.15570838337066473,-0.01625909224930311,-0.5873439482956451,0.48046135307281806,20.71,84.14598540145985
EV_S_qb0of3__OCF_E_qb1of3__C16_FCF_P_DYN_riseq2__v0,EV_S_qb0of3__OCF_E_qb1of3,C16_FCF_P_DYN_riseq2,0.13943713443424888,0.16012337011211542,-0.020686235677866538,-0.5508039724703528,0.5055973946672094,18.53,72.78102189781022
PS_qb0of3__ROIC_qb1of3__C20_FCF_P_DYN_ytdavg_gt_lyytdavg__v0,PS_qb0of3__ROIC_qb1of3,C20_FCF_P_DYN_ytdavg_gt_lyytdavg,0.1393490919380158,0.16131933517355046,-0.021970243235534648,-0.5696768575735298,0.5208497246262785,17.56,101.7298245614035
PB_qb1of3__NETDEBT_EBITDA_qb1of3__C2_ROE_DYN_riseq2__v0,PB_qb1of3__NETDEBT_EBITDA_qb1of3,C2_ROE_DYN_riseq2,0.13934558434502908,0.11518524454398116,0.024160339801047925,-0.5531566574610245,0.5139639639639639,18.71,83.73722627737226
PS_qb1of3__OCF_E_qb1of3__C5_ROE_DYN_yoy__v0,PS_qb1of3__OCF_E_qb1of3,C5_ROE_DYN_yoy,0.13933200935257983,0.11005598483431767,0.029276024518262167,-0.623115208410989,0.4855238095238095,19.76,87.444
PS_qb1of3__None__C5_ROE_DYN_yoy__v0,PS_qb1of3__None,C5_ROE_DYN_yoy,0.13925925629125357,0.10831162240253711,0.030947633888716464,-0.634395839545995,0.4815009459743536,19.89,232.432
PS_qb0of3__ROIC_qb1of3__C15_FCF_P_DYN_riseq1__v0,PS_qb0of3__ROIC_qb1of3,C15_FCF_P_DYN_riseq1,0.1392324692645326,0.16131933517355046,-0.022086865909017872,-0.5648725729766826,0.4822202948829141,17.51,98.02456140350877
P_IC_qb0of3__NETDEBT_EBITDA_qb2of3__C15_FCF_P_DYN_riseq1__v0,P_IC_qb0of3__NETDEBT_EBITDA_qb2of3,C15_FCF_P_DYN_riseq1,0.13917421904758132,0.17686162789661508,-0.037687408849033766,-0.5997717659356404,0.4788783685360524,18.59,138.50877192982455
PS_qb1of3__ROIC_qb2of3__C12_EPS_DYN_yoy__v0,PS_qb1of3__ROIC_qb2of3,C12_EPS_DYN_yoy,0.13910166218693476,0.12570144548191764,0.01340021670501712,-0.6075993301096582,0.4902664902664903,20.75,119.08
PB_qb1of3__FCF_P_qb1of3__C3_ROE_DYN_qmax4__v0,PB_qb1of3__FCF_P_qb1of3,C3_ROE_DYN_qmax4,0.13909041328523464,0.1059407351797439,0.03314967810549074,-0.7048004293765431,0.5206096293730517,16.54,39.86259541984733
P_IC_qb1of3__DEBTRATIO_qb1of3__C9_EPS_DYN_riseq2__v0,P_IC_qb1of3__DEBTRATIO_qb1of3,C9_EPS_DYN_riseq2,0.1390846641731316,0.10564924828883626,0.03343541588429533,-0.6101498154480682,0.4992814617121741,18.24,96.51824817518248
EV_S_qb0of3__OCF_E_qb1of3__C20_FCF_P_DYN_ytdavg_gt_lyytdavg__v0,EV_S_qb0of3__OCF_E_qb1of3,C20_FCF_P_DYN_ytdavg_gt_lyytdavg,0.13908238609571355,0.16012337011211542,-0.021040984016401865,-0.5808804113316033,0.5120326600773528,17.56,71.38947368421053
EV_S_qb1of3__DEBTRATIO_qb1of3__C1_ROE_DYN_riseq1__v0,EV_S_qb1of3__DEBTRATIO_qb1of3,C1_ROE_DYN_riseq1,0.13903270379539356,0.11604034731042145,0.02299235648497211,-0.6186940854171754,0.48251355900504955,18.33,88.38245614035088
EV_S_qb1of3__DEBTRATIO_qb2of3__C13_EPS_DYN_ytdavg_gt_lyytdavg__v0,EV_S_qb1of3__DEBTRATIO_qb2of3,C13_EPS_DYN_ytdavg_gt_lyytdavg,0.13901712185257398,0.12155643979061281,0.017460682061961164,-0.5739522539306294,0.4559139784946237,17.74,70.51578947368421
ROE_qb2of3__DEBTRATIO_qb0of3__C6_ROE_DYN_ytdavg_gt_lyytdavg__v0,ROE_qb2of3__DEBTRATIO_qb0of3,C6_ROE_DYN_ytdavg_gt_lyytdavg,0.13900418965417383,0.1083279530990704,0.03067623655510343,-0.47172730047047184,0.46504206556425876,18.35,86.56842105263158
PB_qb1of3__DEBTRATIO_qb1of3__C7_ROE_DYN_ytdavg_gt_lyavg__v0,PB_qb1of3__DEBTRATIO_qb1of3,C7_ROE_DYN_ytdavg_gt_lyavg,0.13893692824000325,0.10295792396196068,0.03597900427804257,-0.5741903713802344,0.48432956381260095,17.69,70.54385964912281
MOM_qb2of3__FCF_P_qb0of3__C15_FCF_P_DYN_riseq1__v0,MOM_qb2of3__FCF_P_qb0of3,C15_FCF_P_DYN_riseq1,0.13889695867729746,0.12480208289160699,0.014094875785690464,-0.6545094043019059,0.4491590214067278,15.39,30.017543859649123
PB_qb1of3__ACCRUAL_qb1of3__C9_EPS_DYN_riseq2__v0,PB_qb1of3__ACCRUAL_qb1of3,C9_EPS_DYN_riseq2,0.13884251131767034,0.10547281823417798,0.03336969308349236,-0.585614822535605,0.5095828635851184,17.78,80.18613138686132
EV_S_qb1of3__EV_EBITDA_qb1of3__C1_ROE_DYN_riseq1__v0,EV_S_qb1of3__EV_EBITDA_qb1of3,C1_ROE_DYN_riseq1,0.13881769159619517,0.12268266204092337,0.016135029555271796,-0.6218056901637684,0.49231380864033925,18.28,114.9298245614035
P_IC_qb0of3__ROE_qb2of3__C17_FCF_P_DYN_qmax4__v0,P_IC_qb0of3__ROE_qb2of3,C17_FCF_P_DYN_qmax4,0.1388054541467556,0.20928208051419395,-0.07047662636743834,-0.5322251421938213,0.4949421965317919,18.47,17.755725190839694
ROE_qb2of3__FCF_OI_qb2of3__C16_FCF_P_DYN_riseq2__v0,ROE_qb2of3__FCF_OI_qb2of3,C16_FCF_P_DYN_riseq2,0.13878511168846863,0.10829014177983431,0.030494969908634317,-0.5956777815952731,0.4808296668761785,20.46,118.97810218978103
PS_qb0of3__DEBTRATIO_qb2of3__C20_FCF_P_DYN_ytdavg_gt_lyytdavg__v0,PS_qb0of3__DEBTRATIO_qb2of3,C20_FCF_P_DYN_ytdavg_gt_lyytdavg,0.1386562763773016,0.16533570385241192,-0.026679427475110318,-0.611350419607126,0.5128022759601707,16.59,126.42807017543859
PS_qb1of3__OCF_E_qb2of3__C5_ROE_DYN_yoy__v0,PS_qb1of3__OCF_E_qb2of3,C5_ROE_DYN_yoy,0.13864556426019736,0.10402702318790835,0.03461854107228901,-0.5862138807252413,0.47940823670531785,21.19,85.9
MOM_qb2of3__ACCRUAL_qb2of3__C10_EPS_DYN_qmax4__v0,MOM_qb2of3__ACCRUAL_qb2of3,C10_EPS_DYN_qmax4,0.13862759828752513,0.11763516061125423,0.020992437676270903,-0.608549543764914,0.49329123914759276,17.27,65.3473282442748
MOM_qb2of3__ROIC_qb1of3__C15_FCF_P_DYN_riseq1__v0,MOM_qb2of3__ROIC_qb1of3,C15_FCF_P_DYN_riseq1,0.1385969043076296,0.14880087180690538,-0.010203967499275768,-0.6405659186401285,0.4814638783269962,18.1,71.73684210526316
MOM_qb2of3__DEBTRATIO_qb1of3__C17_FCF_P_DYN_qmax4__v0,MOM_qb2of3__DEBTRATIO_qb1of3,C17_FCF_P_DYN_qmax4,0.13859496159788454,0.14168975306734088,-0.0030947914694563483,-0.7006898559266275,0.4648107600875821,18.02,37.97709923664122
PB_qb1of3__ROIC_qb2of3__C15_FCF_P_DYN_riseq1__v0,PB_qb1of3__ROIC_qb2of3,C15_FCF_P_DYN_riseq1,0.13855724563442684,0.1573162106871937,-0.018758965052766863,-0.48877332758422143,0.4859154929577465,18.18,64.00701754385965
PS_qb1of3__ACCRUAL_qb1of3__C5_ROE_DYN_yoy__v0,PS_qb1of3__ACCRUAL_qb1of3,C5_ROE_DYN_yoy,0.1385087784968424,0.10789709507912493,0.030611683417717472,-0.6595440226822754,0.4912982596519304,19.63,80.164
MOM_qb2of3__None__C19_FCF_P_DYN_yoy__v0,MOM_qb2of3__None,C19_FCF_P_DYN_yoy,0.13848403279386945,0.11806777849564609,0.020416254298223357,-0.6864415336652869,0.48149578425693507,19.18,230.832
PS_qb1of3__ACCRUAL_qb1of3__C2_ROE_DYN_riseq2__v0,PS_qb1of3__ACCRUAL_qb1of3,C2_ROE_DYN_riseq2,0.1383995840275798,0.10789709507912493,0.030502488948454864,-0.6567123634217318,0.5095388034821263,18.24,83.50729927007299
P_IC_qb1of3__NETDEBT_EBITDA_qb1of3__C14_EPS_DYN_ytdavg_gt_lyavg__v0,P_IC_qb1of3__NETDEBT_EBITDA_qb1of3,C14_EPS_DYN_ytdavg_gt_lyavg,0.1383831285556274,0.11425449559436518,0.02412863296126222,-0.5547919372707782,0.4784345047923323,18.07,85.0
MOM_qb2of3__DEBTRATIO_qb0of3__C16_FCF_P_DYN_riseq2__v0,MOM_qb2of3__DEBTRATIO_qb0of3,C16_FCF_P_DYN_riseq2,0.13835938736329867,0.1358581434377284,0.0025012439255702734,-0.7129171620106357,0.4777508843790728,17.43,72.7956204379562
ROE_qb2of3__NETDEBT_EBITDA_qb2of3__C19_FCF_P_DYN_yoy__v0,ROE_qb2of3__NETDEBT_EBITDA_qb2of3,C19_FCF_P_DYN_yoy,0.13828675371756227,0.12706706831299486,0.011219685404567414,-0.5983191133659367,0.49981942939689417,21.45,45.976
P_IC_qb1of3__NETDEBT_EBITDA_qb1of3__C10_EPS_DYN_qmax4__v0,P_IC_qb1of3__NETDEBT_EBITDA_qb1of3,C10_EPS_DYN_qmax4,0.13818389597870673,0.11425449559436518,0.023929400384341548,-0.5091820640309073,0.5082767978290367,18.59,57.31297709923664
P_IC_qb1of3__NETDEBT_EBITDA_qb1of3__C9_EPS_DYN_riseq2__v0,P_IC_qb1of3__NETDEBT_EBITDA_qb1of3,C9_EPS_DYN_riseq2,0.13817220287475784,0.11425449559436518,0.023917707280392664,-0.5571667615563622,0.5026552287581699,18.88,94.56934306569343
MOM_qb2of3__OCF_E_qb1of3__None__v0,MOM_qb2of3__OCF_E_qb1of3,None,0.1381613845942784,0.1381613845942784,0.0,-0.6785539704992666,0.48279244666067195,17.38,149.73737373737373
PB_qb1of3__MOM_qb2of3__C11_EPS_DYN_qmax8__v0,PB_qb1of3__MOM_qb2of3,C11_EPS_DYN_qmax8,0.13811919535035155,0.1423822447586076,-0.004263049408256059,-0.7560727127657534,0.5160216396171452,15.68,36.33047210300429
MOM_qb2of3__NETDEBT_EBITDA_qb2of3__C19_FCF_P_DYN_yoy__v0,MOM_qb2of3__NETDEBT_EBITDA_qb2of3,C19_FCF_P_DYN_yoy,0.13804262295503844,0.13607790519389984,0.0019647177611386013,-0.680686230870082,0.4863978390893305,18.54,74.98
PB_qb1of3__ACCRUAL_qb1of3__C2_ROE_DYN_riseq2__v0,PB_qb1of3__ACCRUAL_qb1of3,C2_ROE_DYN_riseq2,0.13800534695292188,0.10547281823417798,0.0325325287187439,-0.5909791922622517,0.5017887403502165,17.88,80.84671532846716
PB_qb1of3__DEBTRATIO_qb0of3__C2_ROE_DYN_riseq2__v0,PB_qb1of3__DEBTRATIO_qb0of3,C2_ROE_DYN_riseq2,0.1378949956690152,0.108940444371451,0.02895455129756419,-0.6414788742323738,0.5092418965979105,17.86,73.72627737226277
P_IC_qb0of3__FCF_P_qb1of3__C15_FCF_P_DYN_riseq1__v0,P_IC_qb0of3__FCF_P_qb1of3,C15_FCF_P_DYN_riseq1,0.13789180226087283,0.17742558888731907,-0.03953378662644624,-0.62288138979674,0.4698689956331878,15.82,42.72280701754386
PS_qb1of3__ACCRUAL_qb1of3__C3_ROE_DYN_qmax4__v0,PS_qb1of3__ACCRUAL_qb1of3,C3_ROE_DYN_qmax4,0.1378803188391029,0.10789709507912493,0.029983223759977973,-0.6582871057989015,0.517426273458445,18.15,42.7557251908397
ROE_qb2of3__ROIC_qb1of3__C19_FCF_P_DYN_yoy__v0,ROE_qb2of3__ROIC_qb1of3,C19_FCF_P_DYN_yoy,0.1378803056479012,0.12040862931056018,0.017471676337341036,-0.5309025946420411,0.5027679919476598,21.24,30.632
EV_S_qb1of3__EV_EBITDA_qb1of3__C8_EPS_DYN_riseq1__v0,EV_S_qb1of3__EV_EBITDA_qb1of3,C8_EPS_DYN_riseq1,0.13783105215800884,0.12268266204092337,0.015148390117085464,-0.6178380825347929,0.49272322013897996,18.49,117.15087719298245
ROE_qb2of3__FCF_P_qb2of3__C19_FCF_P_DYN_yoy__v0,ROE_qb2of3__FCF_P_qb2of3,C19_FCF_P_DYN_yoy,0.1377714567279522,0.12136510193091676,0.01640635479703545,-0.5612552810843632,0.4918615784434414,22.21,110.092
EV_S_qb1of3__DEBTRATIO_qb2of3__C14_EPS_DYN_ytdavg_gt_lyavg__v0,EV_S_qb1of3__DEBTRATIO_qb2of3,C14_EPS_DYN_ytdavg_gt_lyavg,0.1377451370539844,0.12155643979061281,0.016188697263371576,-0.5701618234326096,0.458029197080292,18.26,68.05263157894737
ROE_qb2of3__ACCRUAL_qb0of3__C1_ROE_DYN_riseq1__v0,ROE_qb2of3__ACCRUAL_qb0of3,C1_ROE_DYN_riseq1,0.1377195106351985,0.1151828149211398,0.022536695714058697,-0.4429660986776034,0.46234177215189876,18.16,86.75438596491227
P_IC_qb0of3__OCF_E_qb2of3__C15_FCF_P_DYN_riseq1__v0,P_IC_qb0of3__OCF_E_qb2of3,C15_FCF_P_DYN_riseq1,0.13771327216812845,0.18457415552402745,-0.046860883355899,-0.5556758219631444,0.49746192893401014,18.52,67.74385964912281
PS_qb0of3__OCF_E_qb2of3__C19_FCF_P_DYN_yoy__v0,PS_qb0of3__OCF_E_qb2of3,C19_FCF_P_DYN_yoy,0.1374479002866409,0.17777171665795666,-0.04032381637131577,-0.6009590311323929,0.4976228209191759,18.99,88.632
P_IC_qb1of3__None__C2_ROE_DYN_riseq2__v0,P_IC_qb1of3__None,C2_ROE_DYN_riseq2,0.13743894761965647,0.10927398071020056,0.028164966909455913,-0.5917776264063257,0.5060886950199928,18.09,237.5182481751825
PS_qb0of3__ACCRUAL_qb0of3__C16_FCF_P_DYN_riseq2__v0,PS_qb0of3__ACCRUAL_qb0of3,C16_FCF_P_DYN_riseq2,0.13735834513879475,0.16627029120688008,-0.028911946068085337,-0.5851768392986809,0.48235887096774194,20.96,87.6970802919708
P_IC_qb1of3__DEBTRATIO_qb1of3__C2_ROE_DYN_riseq2__v0,P_IC_qb1of3__DEBTRATIO_qb1of3,C2_ROE_DYN_riseq2,0.13734881744413419,0.10564924828883626,0.031699569155297924,-0.6282637791628509,0.5006211180124224,18.63,95.13503649635037
EV_S_qb1of3__EV_EBITDA_qb1of3__C5_ROE_DYN_yoy__v0,EV_S_qb1of3__EV_EBITDA_qb1of3,C5_ROE_DYN_yoy,0.13732991322776544,0.12268266204092337,0.01464725118684207,-0.626929003289748,0.48258869908015767,20.79,116.64
PS_qb0of3__NETDEBT_EBITDA_qb2of3__C19_FCF_P_DYN_yoy__v0,PS_qb0of3__NETDEBT_EBITDA_qb2of3,C19_FCF_P_DYN_yoy,0.137320806916027,0.16474534749704373,-0.027424540581016732,-0.6242109090250576,0.49522353840275124,18.06,115.244
PB_qb1of3__FCF_P_qb1of3__C7_ROE_DYN_ytdavg_gt_lyavg__v0,PB_qb1of3__FCF_P_qb1of3,C7_ROE_DYN_ytdavg_gt_lyavg,0.13728861732547415,0.1059407351797439,0.031347882145730255,-0.6282606809491473,0.49272349272349275,17.22,65.0140350877193
P_IC_qb0of3__NETDEBT_EBITDA_qb2of3__C18_FCF_P_DYN_qmax8__v0,P_IC_qb0of3__NETDEBT_EBITDA_qb2of3,C18_FCF_P_DYN_qmax8,0.1372807801229392,0.17686162789661508,-0.039580847773675876,-0.6498486332467438,0.47317466720451795,19.51,34.66094420600859
PB_qb1of3__MOM_qb2of3__C19_FCF_P_DYN_yoy__v0,PB_qb1of3__MOM_qb2of3,C19_FCF_P_DYN_yoy,0.1372663232743132,0.1423822447586076,-0.005115921484294406,-0.6989477951292636,0.49068547657804307,17.82,77.828
EV_S_qb1of3__MOM_qb2of3__C20_FCF_P_DYN_ytdavg_gt_lyytdavg__v0,EV_S_qb1of3__MOM_qb2of3,C20_FCF_P_DYN_ytdavg_gt_lyytdavg,0.13726223185371644,0.1365027028696275,0.0007595289840889308,-0.7052715535443594,0.4674439461883408,17.14,74.09122807017543
MOM_qb2of3__FCF_P_qb0of3__C19_FCF_P_DYN_yoy__v0,MOM_qb2of3__FCF_P_qb0of3,C19_FCF_P_DYN_yoy,0.13724029561428353,0.12480208289160699,0.012438212722676534,-0.7311234900529808,0.4713740458015267,18.85,33.032
EV_S_qb0of3__ACCRUAL_qb0of3__C19_FCF_P_DYN_yoy__v0,EV_S_qb0of3__ACCRUAL_qb0of3,C19_FCF_P_DYN_yoy,0.13723147653669154,0.15570838337066473,-0.018476906833973183,-0.6041014524344429,0.488061797752809,20.08,85.664
PB_qb1of3__NETDEBT_EBITDA_qb0of3__C13_EPS_DYN_ytdavg_gt_lyytdavg__v0,PB_qb1of3__NETDEBT_EBITDA_qb0of3,C13_EPS_DYN_ytdavg_gt_lyytdavg,0.13721525157824366,0.11680507484049185,0.020410176737751806,-0.6098983113437979,0.47959183673469385,17.85,66.54035087719298
PB_qb0of3__ROE_qb1of3__C17_FCF_P_DYN_qmax4__v0,PB_qb0of3__ROE_qb1of3,C17_FCF_P_DYN_qmax4,0.13716099020138262,0.1827049174072004,-0.04554392720581779,-0.5387141646851563,0.4956053303090445,22.08,47.37022900763359
MOM_qb2of3__ACCRUAL_qb0of3__C18_FCF_P_DYN_qmax8__v0,MOM_qb2of3__ACCRUAL_qb0of3,C18_FCF_P_DYN_qmax8,0.13713861585136322,0.15505270527372694,-0.01791408942236372,-0.6746417167300416,0.4570596797671033,17.12,17.29184549356223
MOM_qb2of3__FCF_P_qb0of3__C20_FCF_P_DYN_ytdavg_gt_lyytdavg__v0,MOM_qb2of3__FCF_P_qb0of3,C20_FCF_P_DYN_ytdavg_gt_lyytdavg,0.13710492465585777,0.12480208289160699,0.012302841764250783,-0.7160133521257293,0.48644461657629745,15.51,47.39298245614035
EV_S_qb1of3__FCF_OI_qb2of3__C2_ROE_DYN_riseq2__v0,EV_S_qb1of3__FCF_OI_qb2of3,C2_ROE_DYN_riseq2,0.13709190122731174,0.11669571151307889,0.02039618971423285,-0.6143513292507178,0.488997113997114,18.46,80.71167883211679
P_IC_qb0of3__FCF_OI_qb1of3__C15_FCF_P_DYN_riseq1__v0,P_IC_qb0of3__FCF_OI_qb1of3,C15_FCF_P_DYN_riseq1,0.13707549940456554,0.18557700877894123,-0.048501509374375695,-0.6093610772580564,0.4660884648742411,16.33,77.22456140350877
EV_S_qb1of3__ACCRUAL_qb0of3__C6_ROE_DYN_ytdavg_gt_lyytdavg__v0,EV_S_qb1of3__ACCRUAL_qb0of3,C6_ROE_DYN_ytdavg_gt_lyytdavg,0.13707465047950684,0.12264039060979393,0.014434259869712918,-0.6136224497115621,0.47804347826086957,18.32,67.93333333333334
P_IC_qb1of3__OCF_E_qb1of3__C5_ROE_DYN_yoy__v0,P_IC_qb1of3__OCF_E_qb1of3,C5_ROE_DYN_yoy,0.13707042085165355,0.10872133611728962,0.028349084734363927,-0.5899592565624066,0.5011627906976744,19.61,86.02
PB_qb1of3__NETDEBT_EBITDA_qb1of3__C3_ROE_DYN_qmax4__v0,PB_qb1of3__NETDEBT_EBITDA_qb1of3,C3_ROE_DYN_qmax4,0.13704273127355204,0.11518524454398116,0.021857486729570885,-0.5581194398848754,0.5190199871050934,18.8,46.94656488549618
MOM_qb2of3__NETDEBT_EBITDA_qb2of3__C16_FCF_P_DYN_riseq2__v0,MOM_qb2of3__NETDEBT_EBITDA_qb2of3,C16_FCF_P_DYN_riseq2,0.13697381380914986,0.13607790519389984,0.0008959086152500184,-0.6628904097993654,0.46485998193315264,18.41,74.86861313868613
PB_qb1of3__ACCRUAL_qb1of3__C12_EPS_DYN_yoy__v0,PB_qb1of3__ACCRUAL_qb1of3,C12_EPS_DYN_yoy,0.13696204124509803,0.10547281823417798,0.03148922301092005,-0.634586264539605,0.4869547898824935,18.83,79.408
PB_qb1of3__ACCRUAL_qb1of3__C1_ROE_DYN_riseq1__v0,PB_qb1of3__ACCRUAL_qb1of3,C1_ROE_DYN_riseq1,0.1369120097388712,0.10547281823417798,0.03143919150469321,-0.6180080335597489,0.4990429789455368,18.64,81.06666666666666
PS_qb0of3__ROE_qb2of3__C15_FCF_P_DYN_riseq1__v0,PS_qb0of3__ROE_qb2of3,C15_FCF_P_DYN_riseq1,0.13690905544157883,0.16777979365724227,-0.03087073821566344,-0.5124394781717311,0.47567448031844317,17.82,59.67719298245614
PS_qb1of3__MOM_qb2of3__None__v0,PS_qb1of3__MOM_qb2of3,None,0.13687445579871116,0.13687445579871116,0.0,-0.6905166778654881,0.46091775228465875,17.29,145.3030303030303
EV_S_qb1of3__ACCRUAL_qb1of3__C12_EPS_DYN_yoy__v0,EV_S_qb1of3__ACCRUAL_qb1of3,C12_EPS_DYN_yoy,0.13682681718729106,0.11564064478310487,0.021186172404186188,-0.6397604140105797,0.4866474543707973,21.32,82.132
EV_S_qb1of3__ROE_qb2of3__C8_EPS_DYN_riseq1__v0,EV_S_qb1of3__ROE_qb2of3,C8_EPS_DYN_riseq1,0.13678692484912736,0.11697884944628889,0.019808075402838465,-0.5707076797423657,0.49192680301399355,17.98,102.14736842105263
MOM_qb2of3__ACCRUAL_qb1of3__C17_FCF_P_DYN_qmax4__v0,MOM_qb2of3__ACCRUAL_qb1of3,C17_FCF_P_DYN_qmax4,0.13668748138752274,0.13592025080935466,0.0007672305781680766,-0.6628361429620668,0.47366809552969996,19.81,38.19465648854962
P_IC_qb1of3__NETDEBT_EBITDA_qb1of3__C5_ROE_DYN_yoy__v0,P_IC_qb1of3__NETDEBT_EBITDA_qb1of3,C5_ROE_DYN_yoy,0.1366514599445796,0.11425449559436518,0.022396964350214432,-0.599205526568902,0.48040176384125427,20.88,88.588
ROE_qb2of3__FCF_OI_qb2of3__C2_ROE_DYN_riseq2__v0,ROE_qb2of3__FCF_OI_qb2of3,C2_ROE_DYN_riseq2,0.13662309250564109,0.10829014177983431,0.02833295072580677,-0.4792219987212657,0.4751031636863824,19.57,108.22992700729927
PS_qb1of3__FCF_OI_qb2of3__C2_ROE_DYN_riseq2__v0,PS_qb1of3__FCF_OI_qb2of3,C2_ROE_DYN_riseq2,0.13662070825323402,0.10831075228758014,0.028309955965653888,-0.6043025091290266,0.4936102236421725,20.31,82.72262773722628
EV_S_qb0of3__NETDEBT_EBITDA_qb2of3__C19_FCF_P_DYN_yoy__v0,EV_S_qb0of3__NETDEBT_EBITDA_qb2of3,C19_FCF_P_DYN_yoy,0.13658160801980834,0.15594460285259082,-0.019362994832782476,-0.6233279285273505,0.4902608121492242,18.34,63.396
EV_S_qb1of3__MOM_qb2of3__None__v0,EV_S_qb1of3__MOM_qb2of3,None,0.1365027028696275,0.1365027028696275,0.0,-0.6931762857657957,0.46255676876992946,17.01,144.86531986531986
EV_S_qb0of3__FCF_OI_qb1of3__C17_FCF_P_DYN_qmax4__v0,EV_S_qb0of3__FCF_OI_qb1of3,C17_FCF_P_DYN_qmax4,0.13649087691743378,0.15841923538251113,-0.021928358465077347,-0.587022291171464,0.43392945851962245,19.36,50.29770992366412
PB_qb1of3__ACCRUAL_qb1of3__C13_EPS_DYN_ytdavg_gt_lyytdavg__v0,PB_qb1of3__ACCRUAL_qb1of3,C13_EPS_DYN_ytdavg_gt_lyytdavg,0.13646096404449382,0.10547281823417798,0.030988145810315837,-0.6041718619292883,0.4863931762794476,18.36,76.63508771929824
PB_qb0of3__None__C18_FCF_P_DYN_qmax8__v0,PB_qb0of3__None,C18_FCF_P_DYN_qmax8,0.13645257493663387,0.1813653578473695,-0.04491278291073564,-0.6009527342291117,0.4749090909090909,24.03,58.137339055793994
PB_qb1of3__DEBTRATIO_qb0of3__C10_EPS_DYN_qmax4__v0,PB_qb1of3__DEBTRATIO_qb0of3,C10_EPS_DYN_qmax4,0.13641821365698892,0.108940444371451,0.027477769285537912,-0.7383449022682038,0.5009800078400627,18.23,39.83587786259542
ROE_qb2of3__FCF_P_qb0of3__C19_FCF_P_DYN_yoy__v0,ROE_qb2of3__FCF_P_qb0of3,C19_FCF_P_DYN_yoy,0.13641671214572426,0.10654638208040024,0.029870330065324024,-0.6175712354426302,0.482521186440678,23.54,25.164
P_IC_qb1of3__None__C9_EPS_DYN_riseq2__v0,P_IC_qb1of3__None,C9_EPS_DYN_riseq2,0.1363815086007969,0.10927398071020056,0.02710752789059634,-0.5821077262690313,0.5045191612436731,18.29,240.02919708029196
PB_qb1of3__None__C7_ROE_DYN_ytdavg_gt_lyavg__v0,PB_qb1of3__None,C7_ROE_DYN_ytdavg_gt_lyavg,0.1363295849037982,0.10751637456446095,0.02881321033933726,-0.576046904103011,0.4904526639070637,17.3,200.57894736842104
MOM_qb2of3__OCF_E_qb1of3__C17_FCF_P_DYN_qmax4__v0,MOM_qb2of3__OCF_E_qb1of3,C17_FCF_P_DYN_qmax4,0.1362996606924931,0.1381613845942784,-0.001861723901785295,-0.6517179719035664,0.47733666770865896,16.91,36.73664122137404
EV_S_qb0of3__NETDEBT_EBITDA_qb0of3__C15_FCF_P_DYN_riseq1__v0,EV_S_qb0of3__NETDEBT_EBITDA_qb0of3,C15_FCF_P_DYN_riseq1,0.13620615019108206,0.1547916746673339,-0.018585524476251836,-0.5621101318992293,0.48209219858156027,19.15,92.1719298245614
EV_S_qb1of3__ACCRUAL_qb0of3__C13_EPS_DYN_ytdavg_gt_lyytdavg__v0,EV_S_qb1of3__ACCRUAL_qb0of3,C13_EPS_DYN_ytdavg_gt_lyytdavg,0.1361766162478546,0.12264039060979393,0.013536225638060673,-0.617132394198811,0.4830067972810876,18.32,74.59298245614035
MOM_qb2of3__NETDEBT_EBITDA_qb2of3__None__v0,MOM_qb2of3__NETDEBT_EBITDA_qb2of3,None,0.13607790519389984,0.13607790519389984,0.0,-0.6688710045637236,0.44282807731434387,17.31,145.6094276094276
PS_qb1of3__OCF_E_qb1of3__C7_ROE_DYN_ytdavg_gt_lyavg__v0,PS_qb1of3__OCF_E_qb1of3,C7_ROE_DYN_ytdavg_gt_lyavg,0.13605144973025518,0.11005598483431767,0.025995464895937515,-0.5982782727952954,0.49458170784568706,18.24,76.08771929824562
ROE_qb2of3__FCF_OI_qb2of3__C18_FCF_P_DYN_qmax8__v0,ROE_qb2of3__FCF_OI_qb2of3,C18_FCF_P_DYN_qmax8,0.13601005248337272,0.10829014177983431,0.02771991070353841,-0.6173538474480439,0.4639625585023401,26.3,41.93133047210301
PS_qb1of3__FCF_P_qb1of3__C1_ROE_DYN_riseq1__v0,PS_qb1of3__FCF_P_qb1of3,C1_ROE_DYN_riseq1,0.1360093233349995,0.10355268343095037,0.03245663990404912,-0.6558497598588426,0.49045571797076526,18.31,79.88771929824561
MOM_qb2of3__ROIC_qb1of3__C19_FCF_P_DYN_yoy__v0,MOM_qb2of3__ROIC_qb1of3,C19_FCF_P_DYN_yoy,0.13600509130022864,0.14880087180690538,-0.012795780506676735,-0.6423243924863369,0.4974231384396659,20.27,77.012
EV_S_qb1of3__DEBTRATIO_qb1of3__C5_ROE_DYN_yoy__v0,EV_S_qb1of3__DEBTRATIO_qb1of3,C5_ROE_DYN_yoy,0.13599648145912213,0.11604034731042145,0.019956134148700677,-0.6487585232101187,0.4706465196928412,20.92,87.696
P_IC_qb1of3__DEBTRATIO_qb1of3__C7_ROE_DYN_ytdavg_gt_lyavg__v0,P_IC_qb1of3__DEBTRATIO_qb1of3,C7_ROE_DYN_ytdavg_gt_lyavg,0.13597920770214778,0.10564924828883626,0.030329959413311514,-0.5882850803573162,0.4758481886141461,17.16,82.51929824561404
EV_S_qb1of3__DEBTRATIO_qb1of3__C10_EPS_DYN_qmax4__v0,EV_S_qb1of3__DEBTRATIO_qb1of3,C10_EPS_DYN_qmax4,0.1359790293652572,0.11604034731042145,0.019938682054835732,-0.6847524308542938,0.5003188775510204,17.09,50.38167938931298
ROE_qb2of3__OCF_E_qb2of3__C14_EPS_DYN_ytdavg_gt_lyavg__v0,ROE_qb2of3__OCF_E_qb2of3,C14_EPS_DYN_ytdavg_gt_lyavg,0.13596500363715713,0.11121481636596298,0.024750187271194157,-0.40787964112516606,0.46231694249315397,19.29,169.65263157894736
ROE_qb2of3__NETDEBT_EBITDA_qb0of3__C19_FCF_P_DYN_yoy__v0,ROE_qb2of3__NETDEBT_EBITDA_qb0of3,C19_FCF_P_DYN_yoy,0.13592217877716117,0.1064581381558376,0.029464040621323573,-0.6261815491303524,0.5155207426747896,22.02,62.824
MOM_qb2of3__ACCRUAL_qb1of3__None__v0,MOM_qb2of3__ACCRUAL_qb1of3,None,0.13592025080935466,0.13592025080935466,0.0,-0.6770072391539006,0.48370566098166384,17.46,152.86195286195286
PB_qb1of3__DEBTRATIO_qb0of3__C1_ROE_DYN_riseq1__v0,PB_qb1of3__DEBTRATIO_qb0of3,C1_ROE_DYN_riseq1,0.13591491432109226,0.108940444371451,0.026974469949641255,-0.5926637318063872,0.4872136980209028,19.94,73.03859649122808
MOM_qb2of3__FCF_P_qb1of3__C16_FCF_P_DYN_riseq2__v0,MOM_qb2of3__FCF_P_qb1of3,C16_FCF_P_DYN_riseq2,0.1358690066029189,0.1303189927093793,0.005550013893539596,-0.7270669481233656,0.47335125731456584,17.17,78.77007299270073
MOM_qb2of3__DEBTRATIO_qb0of3__None__v0,MOM_qb2of3__DEBTRATIO_qb0of3,None,0.1358581434377284,0.1358581434377284,0.0,-0.6905862093922938,0.46922677737415674,17.25,142.23905723905725
P_IC_qb1of3__NETDEBT_EBITDA_qb0of3__C15_FCF_P_DYN_riseq1__v0,P_IC_qb1of3__NETDEBT_EBITDA_qb0of3,C15_FCF_P_DYN_riseq1,0.1358417486163277,0.14197552309035966,-0.006133774474031961,-0.5930598838960619,0.4688476383017828,19.16,78.9719298245614
PS_qb1of3__NETDEBT_EBITDA_qb0of3__C7_ROE_DYN_ytdavg_gt_lyavg__v0,PS_qb1of3__NETDEBT_EBITDA_qb0of3,C7_ROE_DYN_ytdavg_gt_lyavg,0.1358260209122113,0.1188095866868164,0.017016434225394894,-0.6441490804138004,0.4886232163517162,16.2,58.39298245614035
PS_qb0of3__OCF_E_qb2of3__C15_FCF_P_DYN_riseq1__v0,PS_qb0of3__OCF_E_qb2of3,C15_FCF_P_DYN_riseq1,0.1358002702723604,0.17777171665795666,-0.041971446385596245,-0.5693065209399959,0.47309136420525655,18.99,81.67017543859649
EV_S_qb1of3__EV_EBITDA_qb1of3__C14_EPS_DYN_ytdavg_gt_lyavg__v0,EV_S_qb1of3__EV_EBITDA_qb1of3,C14_EPS_DYN_ytdavg_gt_lyavg,0.1357761301261866,0.12268266204092337,0.013093468085263238,-0.5863184287947936,0.493249491400037,18.34,108.42807017543859
P_IC_qb1of3__OCF_E_qb1of3__C14_EPS_DYN_ytdavg_gt_lyavg__v0,P_IC_qb1of3__OCF_E_qb1of3,C14_EPS_DYN_ytdavg_gt_lyavg,0.13576206745381225,0.10872133611728962,0.027040731336522628,-0.5567272521959217,0.49482576557550156,17.95,77.95087719298246
PS_qb0of3__NETDEBT_EBITDA_qb2of3__C20_FCF_P_DYN_ytdavg_gt_lyytdavg__v0,PS_qb0of3__NETDEBT_EBITDA_qb2of3,C20_FCF_P_DYN_ytdavg_gt_lyytdavg,0.13574605689702524,0.16474534749704373,-0.02899929060001849,-0.632263276428277,0.5082309903318526,17.21,112.91929824561403
MOM_qb2of3__FCF_OI_qb0of3__C8_EPS_DYN_riseq1__v0,MOM_qb2of3__FCF_OI_qb0of3,C8_EPS_DYN_riseq1,0.13564040314557824,0.11480569700354648,0.020834706142031756,-0.7018144410294496,0.4817073170731707,17.77,82.25263157894737
PS_qb0of3__DEBTRATIO_qb0of3__C15_FCF_P_DYN_riseq1__v0,PS_qb0of3__DEBTRATIO_qb0of3,C15_FCF_P_DYN_riseq1,0.13563053394858904,0.1648921144720774,-0.029261580523488373,-0.5465025355880154,0.4905768132495717,19.01,25.59298245614035
PS_qb1of3__ROIC_qb2of3__C8_EPS_DYN_riseq1__v0,PS_qb1of3__ROIC_qb2of3,C8_EPS_DYN_riseq1,0.1355995649909456,0.12570144548191764,0.00989811950902797,-0.5763013551613554,0.49489647127442404,18.6,110.08421052631579
MOM_qb2of3__None__C17_FCF_P_DYN_qmax4__v0,MOM_qb2of3__None,C17_FCF_P_DYN_qmax4,0.1355613776812974,0.11806777849564609,0.0174935991856513,-0.698745912468638,0.4652117545375972,17.85,111.6526717557252
PB_qb1of3__FCF_P_qb1of3__C12_EPS_DYN_yoy__v0,PB_qb1of3__FCF_P_qb1of3,C12_EPS_DYN_yoy,0.13551492500231332,0.1059407351797439,0.02957418982256943,-0.6619684404166251,0.49169704333738357,19.46,76.284
P_IC_qb0of3__OCF_E_qb2of3__C20_FCF_P_DYN_ytdavg_gt_lyytdavg__v0,P_IC_qb0of3__OCF_E_qb2of3,C20_FCF_P_DYN_ytdavg_gt_lyytdavg,0.13550480261234443,0.18457415552402745,-0.04906935291168302,-0.6008430450814277,0.5134764732754683,17.78,69.39649122807018
MOM_qb2of3__ROIC_qb1of3__C18_FCF_P_DYN_qmax8__v0,MOM_qb2of3__ROIC_qb1of3,C18_FCF_P_DYN_qmax8,0.13548605262019775,0.14880087180690538,-0.013314819186707627,-0.6742385691348907,0.4700361010830325,21.3,17.59227467811159
PB_qb1of3__FCF_P_qb1of3__C5_ROE_DYN_yoy__v0,PB_qb1of3__FCF_P_qb1of3,C5_ROE_DYN_yoy,0.13534102768211698,0.1059407351797439,0.029400292502373082,-0.6519182415712734,0.4863240779113137,19.65,74.504
PS_qb0of3__DEBTRATIO_qb1of3__C19_FCF_P_DYN_yoy__v0,PS_qb0of3__DEBTRATIO_qb1of3,C19_FCF_P_DYN_yoy,0.13533318577700504,0.16188189278048704,-0.026548707003481997,-0.5949734995091144,0.5042120911793855,20.0,82.548
MOM_qb2of3__FCF_OI_qb0of3__C14_EPS_DYN_ytdavg_gt_lyavg__v0,MOM_qb2of3__FCF_OI_qb0of3,C14_EPS_DYN_ytdavg_gt_lyavg,0.1352432767069518,0.11480569700354648,0.020437579703405317,-0.6688836959710807,0.4681564245810056,17.72,77.89473684210526
PS_qb1of3__NETDEBT_EBITDA_qb0of3__C6_ROE_DYN_ytdavg_gt_lyytdavg__v0,PS_qb1of3__NETDEBT_EBITDA_qb0of3,C6_ROE_DYN_ytdavg_gt_lyytdavg,0.13513957584767855,0.1188095866868164,0.016329989160862146,-0.64768788235614,0.4968646255994098,16.76,63.589473684210525
PB_qb1of3__NETDEBT_EBITDA_qb1of3__C13_EPS_DYN_ytdavg_gt_lyytdavg__v0,PB_qb1of3__NETDEBT_EBITDA_qb1of3,C13_EPS_DYN_ytdavg_gt_lyytdavg,0.13512848449848347,0.11518524454398116,0.019943239954502312,-0.5197740322883757,0.49052869663556686,18.77,80.76491228070175
MOM_qb2of3__FCF_OI_qb2of3__C15_FCF_P_DYN_riseq1__v0,MOM_qb2of3__FCF_OI_qb2of3,C15_FCF_P_DYN_riseq1,0.13508886625029493,0.13952586865099859,-0.00443700240070366,-0.6933190493470156,0.47964673637194194,18.6,111.14736842105263
ROE_qb2of3__None__C7_ROE_DYN_ytdavg_gt_lyavg__v0,ROE_qb2of3__None,C7_ROE_DYN_ytdavg_gt_lyavg,0.13508732334225315,0.1096895179268933,0.025397805415359853,-0.41214415243977276,0.46606123022188933,18.23,281.8877192982456
PS_qb1of3__FCF_P_qb1of3__C5_ROE_DYN_yoy__v0,PS_qb1of3__FCF_P_qb1of3,C5_ROE_DYN_yoy,0.1350832532777162,0.10355268343095037,0.03153056984676583,-0.6501746870145714,0.4831527093596059,19.37,80.532
MOM_qb2of3__DEBTRATIO_qb2of3__C18_FCF_P_DYN_qmax8__v0,MOM_qb2of3__DEBTRATIO_qb2of3,C18_FCF_P_DYN_qmax8,0.13508237412048674,0.14200737818456344,-0.006925004064076701,-0.7366345895492847,0.46885245901639344,19.76,19.90557939914163
ROE_qb2of3__ROIC_qb2of3__C16_FCF_P_DYN_riseq2__v0,ROE_qb2of3__ROIC_qb2of3,C16_FCF_P_DYN_riseq2,0.1350793149755991,0.10622238694356079,0.02885692803203832,-0.5922661253515082,0.4898132427843803,20.99,195.02189781021897
P_IC_qb1of3__FCF_OI_qb1of3__C13_EPS_DYN_ytdavg_gt_lyytdavg__v0,P_IC_qb1of3__FCF_OI_qb1of3,C13_EPS_DYN_ytdavg_gt_lyytdavg,0.13503734362524789,0.11805734728393036,0.016979996341317527,-0.5734924784865887,0.48416988416988416,17.09,84.11228070175439
EV_S_qb1of3__DEBTRATIO_qb2of3__C7_ROE_DYN_ytdavg_gt_lyavg__v0,EV_S_qb1of3__DEBTRATIO_qb2of3,C7_ROE_DYN_ytdavg_gt_lyavg,0.13501875020023935,0.12155643979061281,0.013462310409626532,-0.5868598502865677,0.45847425779782036,18.05,63.47017543859649
PB_qb1of3__DEBTRATIO_qb1of3__C12_EPS_DYN_yoy__v0,PB_qb1of3__DEBTRATIO_qb1of3,C12_EPS_DYN_yoy,0.13482365436908617,0.10295792396196068,0.03186573040712548,-0.6089885261914074,0.4832109129066107,20.55,83.292
PS_qb1of3__NETDEBT_EBITDA_qb0of3__C14_EPS_DYN_ytdavg_gt_lyavg__v0,PS_qb1of3__NETDEBT_EBITDA_qb0of3,C14_EPS_DYN_ytdavg_gt_lyavg,0.1348038045749338,0.1188095866868164,0.01599421788811739,-0.621502358670099,0.4918879056047198,16.53,63.00701754385965
EV_S_qb1of3__EV_EBITDA_qb1of3__C12_EPS_DYN_yoy__v0,EV_S_qb1of3__EV_EBITDA_qb1of3,C12_EPS_DYN_yoy,0.1347643094936113,0.12268266204092337,0.012081647452687916,-0.6159920335005711,0.4843552465233881,20.91,124.348
P_IC_qb1of3__DEBTRATIO_qb1of3__C12_EPS_DYN_yoy__v0,P_IC_qb1of3__DEBTRATIO_qb1of3,C12_EPS_DYN_yoy,0.13476087662341962,0.10564924828883626,0.02911162833458336,-0.6213545409693303,0.47926801019226317,20.4,96.528
EV_S_qb1of3__DEBTRATIO_qb1of3__C12_EPS_DYN_yoy__v0,EV_S_qb1of3__DEBTRATIO_qb1of3,C12_EPS_DYN_yoy,0.13474321672463674,0.11604034731042145,0.018702869414215284,-0.6469533419060758,0.4716623191842542,21.44,93.392
ROE_qb2of3__ROIC_qb1of3__C1_ROE_DYN_riseq1__v0,ROE_qb2of3__ROIC_qb1of3,C1_ROE_DYN_riseq1,0.1346969415354482,0.12040862931056018,0.014288312224888022,-0.5246906753723767,0.4958100558659218,18.44,41.72631578947368
EV_S_qb1of3__OCF_E_qb2of3__C6_ROE_DYN_ytdavg_gt_lyytdavg__v0,EV_S_qb1of3__OCF_E_qb2of3,C6_ROE_DYN_ytdavg_gt_lyytdavg,0.13465884414235574,0.12057084445892974,0.014087999683426,-0.5674080516155566,0.4758364312267658,19.09,79.11578947368422
MOM_qb2of3__ACCRUAL_qb1of3__C15_FCF_P_DYN_riseq1__v0,MOM_qb2of3__ACCRUAL_qb1of3,C15_FCF_P_DYN_riseq1,0.1346476586986105,0.13592025080935466,-0.001272592110744153,-0.6705567463293471,0.47690014903129657,18.18,74.5859649122807
ROE_qb2of3__ROIC_qb1of3__C17_FCF_P_DYN_qmax4__v0,ROE_qb2of3__ROIC_qb1of3,C17_FCF_P_DYN_qmax4,0.13463841905210217,0.12040862931056018,0.014229789741541987,-0.5532547674585011,0.4747826086956522,20.58,14.973282442748092
P_IC_qb1of3__OCF_E_qb1of3__C6_ROE_DYN_ytdavg_gt_lyytdavg__v0,P_IC_qb1of3__OCF_E_qb1of3,C6_ROE_DYN_ytdavg_gt_lyytdavg,0.13460410014139734,0.10872133611728962,0.02588276402410772,-0.5554111385987892,0.49096197797631413,18.41,79.7578947368421
MOM_qb2of3__ACCRUAL_qb2of3__C1_ROE_DYN_riseq1__v0,MOM_qb2of3__ACCRUAL_qb2of3,C1_ROE_DYN_riseq1,0.1345941071875334,0.11763516061125423,0.016958946576279166,-0.7046139707452799,0.48817176652095656,16.54,93.14736842105263
PS_qb1of3__DEBTRATIO_qb1of3__C9_EPS_DYN_riseq2__v0,PS_qb1of3__DEBTRATIO_qb1of3,C9_EPS_DYN_riseq2,0.1345312245072643,0.10359660874817855,0.030934615759085737,-0.625408308861449,0.49722991689750695,20.87,100.24087591240875
EV_S_qb1of3__ACCRUAL_qb1of3__C9_EPS_DYN_riseq2__v0,EV_S_qb1of3__ACCRUAL_qb1of3,C9_EPS_DYN_riseq2,0.13449311476863235,0.11564064478310487,0.018852469985527476,-0.6610787019125763,0.5070293956545554,19.42,84.61678832116789
EV_S_qb1of3__None__C1_ROE_DYN_riseq1__v0,EV_S_qb1of3__None,C1_ROE_DYN_riseq1,0.13447522851145055,0.11690579369850362,0.017569434812946927,-0.623889830770781,0.47774917248988596,18.68,235.5298245614035
EV_S_qb1of3__EV_EBITDA_qb1of3__C6_ROE_DYN_ytdavg_gt_lyytdavg__v0,EV_S_qb1of3__EV_EBITDA_qb1of3,C6_ROE_DYN_ytdavg_gt_lyytdavg,0.13447064500600803,0.12268266204092337,0.011787982965084653,-0.5997037042175688,0.48382270432017954,18.83,104.8561403508772
PB_qb0of3__PS_qb0of3__C18_FCF_P_DYN_qmax8__v0,PB_qb0of3__PS_qb0of3,C18_FCF_P_DYN_qmax8,0.13443903494724885,0.19683269190132835,-0.0623936569540795,-0.6276097422437097,0.47859262399321745,22.27,33.6137339055794
P_IC_qb0of3__DEBTRATIO_qb1of3__C15_FCF_P_DYN_riseq1__v0,P_IC_qb0of3__DEBTRATIO_qb1of3,C15_FCF_P_DYN_riseq1,0.1344269079758309,0.17831093585947433,-0.04388402788364343,-0.6193714924653699,0.4860813704496788,20.17,64.08070175438597
MOM_qb2of3__None__C15_FCF_P_DYN_riseq1__v0,MOM_qb2of3__None,C15_FCF_P_DYN_riseq1,0.13438842252919492,0.11806777849564609,0.016320644033548826,-0.6910846394983277,0.4660681425305303,17.7,214.47719298245613
PB_qb1of3__FCF_P_qb1of3__C14_EPS_DYN_ytdavg_gt_lyavg__v0,PB_qb1of3__FCF_P_qb1of3,C14_EPS_DYN_ytdavg_gt_lyavg,0.1343811625731155,0.1059407351797439,0.028440427393371603,-0.6189381831936662,0.4879965080750764,17.64,69.05263157894737
EV_S_qb1of3__DEBTRATIO_qb1of3__C8_EPS_DYN_riseq1__v0,EV_S_qb1of3__DEBTRATIO_qb1of3,C8_EPS_DYN_riseq1,0.1343445643679977,0.11604034731042145,0.018304217057576233,-0.632239254306828,0.48457016899338723,18.29,90.38245614035088
EV_S_qb1of3__ROIC_qb2of3__C1_ROE_DYN_riseq1__v0,EV_S_qb1of3__ROIC_qb2of3,C1_ROE_DYN_riseq1,0.13430180549818527,0.1141413742374382,0.02016043126074707,-0.5714563191235149,0.4935935637663886,18.63,103.59298245614035
PS_qb0of3__DEBTRATIO_qb0of3__C20_FCF_P_DYN_ytdavg_gt_lyytdavg__v0,PS_qb0of3__DEBTRATIO_qb0of3,C20_FCF_P_DYN_ytdavg_gt_lyytdavg,0.13429735769036322,0.1648921144720774,-0.030594756781714194,-0.5436547354237582,0.531592249368155,18.0,26.4140350877193
P_IC_qb1of3__NETDEBT_EBITDA_qb1of3__C12_EPS_DYN_yoy__v0,P_IC_qb1of3__NETDEBT_EBITDA_qb1of3,C12_EPS_DYN_yoy,0.13427974699711576,0.11425449559436518,0.020025251402750577,-0.5782019868815602,0.48136935258500235,20.46,94.496
ROE_qb2of3__DEBTRATIO_qb0of3__C14_EPS_DYN_ytdavg_gt_lyavg__v0,ROE_qb2of3__DEBTRATIO_qb0of3,C14_EPS_DYN_ytdavg_gt_lyavg,0.13427741642280244,0.1083279530990704,0.025949463323732047,-0.5041427480332603,0.46407021393307735,18.32,93.64912280701755
ROE_qb2of3__OCF_E_qb2of3__C16_FCF_P_DYN_riseq2__v0,ROE_qb2of3__OCF_E_qb2of3,C16_FCF_P_DYN_riseq2,0.13425944787818578,0.11121481636596298,0.023044631512222802,-0.5884112793803795,0.4876995550902905,21.55,120.87591240875912
PB_qb0of3__ROE_qb1of3__C18_FCF_P_DYN_qmax8__v0,PB_qb0of3__ROE_qb1of3,C18_FCF_P_DYN_qmax8,0.13419478025258336,0.1827049174072004,-0.04851013715461705,-0.588574747166579,0.4945807187678266,26.46,23.38197424892704
ROE_qb2of3__OCF_E_qb2of3__C6_ROE_DYN_ytdavg_gt_lyytdavg__v0,ROE_qb2of3__OCF_E_qb2of3,C6_ROE_DYN_ytdavg_gt_lyytdavg,0.13416157389384553,0.11121481636596298,0.022946757527882555,-0.3814418304205749,0.4645015105740181,19.36,158.1017543859649
MOM_qb2of3__ROE_qb1of3__C16_FCF_P_DYN_riseq2__v0,MOM_qb2of3__ROE_qb1of3,C16_FCF_P_DYN_riseq2,0.13408620391125292,0.14308725897377994,-0.00900105506252702,-0.6518446332573681,0.48723659414082576,18.47,74.47810218978103
PB_qb1of3__None__C1_ROE_DYN_riseq1__v0,PB_qb1of3__None,C1_ROE_DYN_riseq1,0.13407025179517285,0.10751637456446095,0.026553877230711898,-0.597159324051733,0.4916213435249155,17.98,233.32280701754385
PS_qb1of3__DEBTRATIO_qb0of3__C4_ROE_DYN_qmax8__v0,PS_qb1of3__DEBTRATIO_qb0of3,C4_ROE_DYN_qmax8,0.13405505342711366,0.12730497339873037,0.006750080028383287,-0.7483805843097516,0.5173688100517368,19.79,22.476394849785407
PS_qb0of3__ROIC_qb1of3__C17_FCF_P_DYN_qmax4__v0,PS_qb0of3__ROIC_qb1of3,C17_FCF_P_DYN_qmax4,0.13403696805059218,0.16131933517355046,-0.027282367122958284,-0.5604627551627166,0.47758486654573723,18.93,50.969465648854964
EV_S_qb1of3__OCF_E_qb1of3__C12_EPS_DYN_yoy__v0,EV_S_qb1of3__OCF_E_qb1of3,C12_EPS_DYN_yoy,0.13402106640992906,0.11661669962271093,0.01740436678721813,-0.6070318836055781,0.48131705512393635,20.36,87.432
ROE_qb2of3__FCF_P_qb2of3__C16_FCF_P_DYN_riseq2__v0,ROE_qb2of3__FCF_P_qb2of3,C16_FCF_P_DYN_riseq2,0.13396449208452288,0.12136510193091676,0.012599390153606116,-0.5429163918391152,0.48946967774676475,20.7,114.02554744525547
PS_qb0of3__DEBTRATIO_qb1of3__C16_FCF_P_DYN_riseq2__v0,PS_qb0of3__DEBTRATIO_qb1of3,C16_FCF_P_DYN_riseq2,0.13394958060204498,0.16188189278048704,-0.027932312178442054,-0.5535794854112007,0.4970358074460517,20.34,81.93430656934306
EV_S_qb1of3__None__C8_EPS_DYN_riseq1__v0,EV_S_qb1of3__None,C8_EPS_DYN_riseq1,0.13385635193060685,0.11690579369850362,0.01695055823210323,-0.6189572551070555,0.4797928217099504,19.09,239.0456140350877
PS_qb0of3__ACCRUAL_qb1of3__C17_FCF_P_DYN_qmax4__v0,PS_qb0of3__ACCRUAL_qb1of3,C17_FCF_P_DYN_qmax4,0.13383386970749456,0.1621387652783881,-0.02830489557089355,-0.5762563043074659,0.47454545454545455,17.02,34.93511450381679
EV_S_qb0of3__EV_EBITDA_qb0of3__C17_FCF_P_DYN_qmax4__v0,EV_S_qb0of3__EV_EBITDA_qb0of3,C17_FCF_P_DYN_qmax4,0.1338075270782053,0.17847911845269882,-0.0446715913744935,-0.534836658643215,0.47985443202495454,19.5,56.541984732824424
P_IC_qb1of3__DEBTRATIO_qb0of3__C16_FCF_P_DYN_riseq2__v0,P_IC_qb1of3__DEBTRATIO_qb0of3,C16_FCF_P_DYN_riseq2,0.13378554776630835,0.14025437918169104,-0.006468831415382681,-0.5672975871483332,0.5054814108674929,20.76,81.67883211678833
PS_qb1of3__ACCRUAL_qb1of3__C6_ROE_DYN_ytdavg_gt_lyytdavg__v0,PS_qb1of3__ACCRUAL_qb1of3,C6_ROE_DYN_ytdavg_gt_lyytdavg,0.13377225694232808,0.10789709507912493,0.025875161863203155,-0.6214213414812044,0.48859315589353614,18.95,74.96491228070175
MOM_qb2of3__FCF_P_qb1of3__C19_FCF_P_DYN_yoy__v0,MOM_qb2of3__FCF_P_qb1of3,C19_FCF_P_DYN_yoy,0.13376968364541497,0.1303189927093793,0.003450690936035672,-0.6906824204675239,0.4821220688508232,19.78,80.804
EV_S_qb0of3__ROE_qb2of3__C15_FCF_P_DYN_riseq1__v0,EV_S_qb0of3__ROE_qb2of3,C15_FCF_P_DYN_riseq1,0.13376700233913774,0.16080766307492578,-0.027040660735788036,-0.5229577524569442,0.47654425811929524,18.01,63.4280701754386
EV_S_qb1of3__ACCRUAL_qb1of3__C2_ROE_DYN_riseq2__v0,EV_S_qb1of3__ACCRUAL_qb1of3,C2_ROE_DYN_riseq2,0.1337139289823519,0.11564064478310487,0.01807328419924703,-0.6664421048983281,0.505878030859662,19.23,84.16788321167883
MOM_qb1of3__ROE_qb2of3__C14_EPS_DYN_ytdavg_gt_lyavg__v0,MOM_qb1of3__ROE_qb2of3,C14_EPS_DYN_ytdavg_gt_lyavg,0.13366118074618627,0.10710814018856007,0.026553040557626195,-0.5978807127548432,0.5311118667120027,19.21,77.2280701754386
PS_qb1of3__FCF_OI_qb2of3__C5_ROE_DYN_yoy__v0,PS_qb1of3__FCF_OI_qb2of3,C5_ROE_DYN_yoy,0.133646448431058,0.10831075228758014,0.02533569614347786,-0.6212380164418472,0.48183407810374973,20.6,78.764
ROE_qb2of3__NETDEBT_EBITDA_qb2of3__C16_FCF_P_DYN_riseq2__v0,ROE_qb2of3__NETDEBT_EBITDA_qb2of3,C16_FCF_P_DYN_riseq2,0.13362490309139807,0.12706706831299486,0.006557834778403215,-0.5650028129580305,0.4772234273318872,20.29,43.78832116788321
EV_S_qb1of3__FCF_OI_qb2of3__C8_EPS_DYN_riseq1__v0,EV_S_qb1of3__FCF_OI_qb2of3,C8_EPS_DYN_riseq1,0.13360116014731238,0.11669571151307889,0.01690544863423349,-0.6274434361117838,0.476299444262831,18.36,82.26666666666667
PS_qb1of3__ROIC_qb2of3__C20_FCF_P_DYN_ytdavg_gt_lyytdavg__v0,PS_qb1of3__ROIC_qb2of3,C20_FCF_P_DYN_ytdavg_gt_lyytdavg,0.133588817288113,0.12570144548191764,0.007887371806195365,-0.6046490453114765,0.5155440414507773,19.14,85.25964912280702
P_IC_qb1of3__None__C14_EPS_DYN_ytdavg_gt_lyavg__v0,P_IC_qb1of3__None,C14_EPS_DYN_ytdavg_gt_lyavg,0.13356981838346083,0.10927398071020056,0.024295837673260268,-0.5607540647315326,0.4808204581779435,17.74,213.83157894736843
MOM_qb2of3__ACCRUAL_qb2of3__C8_EPS_DYN_riseq1__v0,MOM_qb2of3__ACCRUAL_qb2of3,C8_EPS_DYN_riseq1,0.13354329639689166,0.11763516061125423,0.015908135785637434,-0.6785698009101564,0.488128315231119,17.09,95.47719298245615
PS_qb1of3__ACCRUAL_qb1of3__C7_ROE_DYN_ytdavg_gt_lyavg__v0,PS_qb1of3__ACCRUAL_qb1of3,C7_ROE_DYN_ytdavg_gt_lyavg,0.13352146905007056,0.10789709507912493,0.025624373970945635,-0.620521644799658,0.49743589743589745,18.35,70.57192982456141
PB_qb1of3__None__C8_EPS_DYN_riseq1__v0,PB_qb1of3__None,C8_EPS_DYN_riseq1,0.13350320740686739,0.10751637456446095,0.025986832842406438,-0.5905815475181664,0.4932942469769146,17.89,235.73333333333332
EV_S_qb1of3__DEBTRATIO_qb2of3__C6_ROE_DYN_ytdavg_gt_lyytdavg__v0,EV_S_qb1of3__DEBTRATIO_qb2of3,C6_ROE_DYN_ytdavg_gt_lyytdavg,0.13342454477930588,0.12155643979061281,0.011868104988693062,-0.57843649134428,0.45100972326103217,18.59,65.64561403508772
P_IC_qb1of3__FCF_OI_qb1of3__C6_ROE_DYN_ytdavg_gt_lyytdavg__v0,P_IC_qb1of3__FCF_OI_qb1of3,C6_ROE_DYN_ytdavg_gt_lyytdavg,0.13340214398098227,0.11805734728393036,0.01534479669705191,-0.5876160016980712,0.4846835953244659,17.33,80.6421052631579
PB_qb1of3__DEBTRATIO_qb0of3__C9_EPS_DYN_riseq2__v0,PB_qb1of3__DEBTRATIO_qb0of3,C9_EPS_DYN_riseq2,0.13336330677798092,0.108940444371451,0.02442286240652991,-0.6396590475883588,0.511436170212766,18.27,73.46715328467154
P_IC_qb1of3__MOM_qb2of3__C17_FCF_P_DYN_qmax4__v0,P_IC_qb1of3__MOM_qb2of3,C17_FCF_P_DYN_qmax4,0.1333593121642065,0.14276752601796372,-0.00940821385375723,-0.6712253963151866,0.4684095860566449,17.18,38.221374045801525
EV_S_qb1of3__ROIC_qb2of3__C8_EPS_DYN_riseq1__v0,EV_S_qb1of3__ROIC_qb2of3,C8_EPS_DYN_riseq1,0.13330781288634985,0.1141413742374382,0.019166438648911654,-0.5871453900935351,0.4935512897420516,18.6,105.68070175438596
PB_qb1of3__NETDEBT_EBITDA_qb1of3__C6_ROE_DYN_ytdavg_gt_lyytdavg__v0,PB_qb1of3__NETDEBT_EBITDA_qb1of3,C6_ROE_DYN_ytdavg_gt_lyytdavg,0.13326103244979803,0.11518524454398116,0.018075787905816876,-0.5431529926796298,0.4965434325217914,18.94,73.8140350877193
PB_qb1of3__NETDEBT_EBITDA_qb1of3__C12_EPS_DYN_yoy__v0,PB_qb1of3__NETDEBT_EBITDA_qb1of3,C12_EPS_DYN_yoy,0.13322005677523396,0.11518524454398116,0.018034812231252806,-0.5290835491740897,0.48739290085679315,20.8,87.408
EV_S_qb0of3__ACCRUAL_qb0of3__C15_FCF_P_DYN_riseq1__v0,EV_S_qb0of3__ACCRUAL_qb0of3,C15_FCF_P_DYN_riseq1,0.13320322499138504,0.15570838337066473,-0.02250515837927969,-0.5801567335220861,0.4584522676815731,18.98,79.89824561403509
ROE_qb2of3__ACCRUAL_qb0of3__C17_FCF_P_DYN_qmax4__v0,ROE_qb2of3__ACCRUAL_qb0of3,C17_FCF_P_DYN_qmax4,0.13319576368950092,0.1151828149211398,0.018012948768361126,-0.587076527833051,0.4630692690394183,20.38,31.916030534351144
MOM_qb2of3__NETDEBT_EBITDA_qb0of3__C17_FCF_P_DYN_qmax4__v0,MOM_qb2of3__NETDEBT_EBITDA_qb0of3,C17_FCF_P_DYN_qmax4,0.1331655503367133,0.14185947700151247,-0.008693926664799179,-0.7111340998106979,0.4600069856793573,17.73,34.13740458015267
PS_qb1of3__ROIC_qb2of3__C1_ROE_DYN_riseq1__v0,PS_qb1of3__ROIC_qb2of3,C1_ROE_DYN_riseq1,0.13312188013767212,0.12570144548191764,0.007420434655754482,-0.5674792536310205,0.4947931732716228,18.59,107.99298245614035
P_IC_qb1of3__OCF_E_qb1of3__C1_ROE_DYN_riseq1__v0,P_IC_qb1of3__OCF_E_qb1of3,C1_ROE_DYN_riseq1,0.13310365001227797,0.10872133611728962,0.02438231389498835,-0.5862392048009144,0.5031016383012565,18.87,90.99649122807017
ROE_qb2of3__None__C16_FCF_P_DYN_riseq2__v0,ROE_qb2of3__None,C16_FCF_P_DYN_riseq2,0.1330156996394145,0.1096895179268933,0.02332618171252121,-0.5927875081976757,0.49241674909330696,21.06,226.45620437956205
P_IC_qb1of3__NETDEBT_EBITDA_qb1of3__C6_ROE_DYN_ytdavg_gt_lyytdavg__v0,P_IC_qb1of3__NETDEBT_EBITDA_qb1of3,C6_ROE_DYN_ytdavg_gt_lyytdavg,0.13301316530295337,0.11425449559436518,0.018758669708588194,-0.5628323478710323,0.4766619519094767,18.56,81.08771929824562
ROE_qb2of3__DEBTRATIO_qb0of3__C19_FCF_P_DYN_yoy__v0,ROE_qb2of3__DEBTRATIO_qb0of3,C19_FCF_P_DYN_yoy,0.13299423082574768,0.1083279530990704,0.024666277726677288,-0.6287994453393678,0.5158878504672897,23.27,68.024
PS_qb0of3__ACCRUAL_qb0of3__C19_FCF_P_DYN_yoy__v0,PS_qb0of3__ACCRUAL_qb0of3,C19_FCF_P_DYN_yoy,0.13291817789140636,0.16627029120688008,-0.03335211331547372,-0.5999508292081388,0.48463928201587847,19.63,89.288
ROE_qb2of3__FCF_P_qb0of3__C8_EPS_DYN_riseq1__v0,ROE_qb2of3__FCF_P_qb0of3,C8_EPS_DYN_riseq1,0.13288205393117347,0.10654638208040024,0.026335671850773235,-0.5253603317775206,0.4854938789200067,19.87,78.69122807017544
PS_qb1of3__OCF_E_qb1of3__C14_EPS_DYN_ytdavg_gt_lyavg__v0,PS_qb1of3__OCF_E_qb1of3,C14_EPS_DYN_ytdavg_gt_lyavg,0.13287397513752297,0.11005598483431767,0.022817990303205304,-0.5715714116033528,0.48859005704971475,19.16,81.49824561403508
PB_qb1of3__None__C13_EPS_DYN_ytdavg_gt_lyytdavg__v0,PB_qb1of3__None,C13_EPS_DYN_ytdavg_gt_lyytdavg,0.1328587400840524,0.10751637456446095,0.02534236551959146,-0.5665494838230578,0.4829022082018927,18.15,225.96842105263158
PB_qb1of3__NETDEBT_EBITDA_qb1of3__C5_ROE_DYN_yoy__v0,PB_qb1of3__NETDEBT_EBITDA_qb1of3,C5_ROE_DYN_yoy,0.13282398544804774,0.11518524454398116,0.017638740904066585,-0.5734913252851719,0.4909886714727085,20.76,81.668
PS_qb0of3__DEBTRATIO_qb0of3__C17_FCF_P_DYN_qmax4__v0,PS_qb0of3__DEBTRATIO_qb0of3,C17_FCF_P_DYN_qmax4,0.13277506864661204,0.1648921144720774,-0.03211704582546537,-0.46462644734960934,0.46971201588877853,22.48,13.320610687022901
P_IC_qb1of3__MOM_qb2of3__C20_FCF_P_DYN_ytdavg_gt_lyytdavg__v0,P_IC_qb1of3__MOM_qb2of3,C20_FCF_P_DYN_ytdavg_gt_lyytdavg,0.132728628655864,0.14276752601796372,-0.01003889736209973,-0.6709247143174959,0.4867513611615245,16.36,74.36491228070176
PB_qb1of3__FCF_P_qb1of3__C1_ROE_DYN_riseq1__v0,PB_qb1of3__FCF_P_qb1of3,C1_ROE_DYN_riseq1,0.13271648302426087,0.1059407351797439,0.026775747844516973,-0.6851528453186226,0.5059652928416486,18.53,75.13333333333334
MOM_qb2of3__FCF_OI_qb0of3__C6_ROE_DYN_ytdavg_gt_lyytdavg__v0,MOM_qb2of3__FCF_OI_qb0of3,C6_ROE_DYN_ytdavg_gt_lyytdavg,0.1327129425009499,0.11480569700354648,0.017907245497403412,-0.6955614643677478,0.46174055829228244,18.11,74.94736842105263
MOM_qb1of3__ROE_qb2of3__C13_EPS_DYN_ytdavg_gt_lyytdavg__v0,MOM_qb1of3__ROE_qb2of3,C13_EPS_DYN_ytdavg_gt_lyytdavg,0.13268864377044887,0.10710814018856007,0.02558050358188879,-0.5944768811152077,0.5241854215653342,19.52,79.33684210526316
PB_qb1of3__ACCRUAL_qb1of3__C10_EPS_DYN_qmax4__v0,PB_qb1of3__ACCRUAL_qb1of3,C10_EPS_DYN_qmax4,0.13266141940490694,0.10547281823417798,0.027188601170728965,-0.6710537708068318,0.5177763413057531,17.49,43.79007633587786
PS_qb1of3__FCF_P_qb1of3__C7_ROE_DYN_ytdavg_gt_lyavg__v0,PS_qb1of3__FCF_P_qb1of3,C7_ROE_DYN_ytdavg_gt_lyavg,0.1326049586693212,0.10355268343095037,0.02905227523837084,-0.6125163857214211,0.4877515310586177,17.78,69.58245614035087
EV_S_qb1of3__OCF_E_qb2of3__C7_ROE_DYN_ytdavg_gt_lyavg__v0,EV_S_qb1of3__OCF_E_qb2of3,C7_ROE_DYN_ytdavg_gt_lyavg,0.1325829854798577,0.12057084445892974,0.012012141020927958,-0.5716535931920174,0.47951083458485305,18.65,75.27368421052631
ROE_qb2of3__FCF_OI_qb2of3__C7_ROE_DYN_ytdavg_gt_lyavg__v0,ROE_qb2of3__FCF_OI_qb2of3,C7_ROE_DYN_ytdavg_gt_lyavg,0.1325821641144329,0.10829014177983431,0.024292022334598595,-0.4928648156565405,0.46459811850140287,19.06,91.10175438596491
EV_S_qb0of3__OCF_E_qb2of3__C19_FCF_P_DYN_yoy__v0,EV_S_qb0of3__OCF_E_qb2of3,C19_FCF_P_DYN_yoy,0.1325803108948469,0.15528067250881317,-0.02270036161396627,-0.6191993694200181,0.49816108863552777,19.59,84.14
MOM_qb2of3__ACCRUAL_qb0of3__C17_FCF_P_DYN_qmax4__v0,MOM_qb2of3__ACCRUAL_qb0of3,C17_FCF_P_DYN_qmax4,0.13257005452303172,0.15505270527372694,-0.02248265075069522,-0.6998267859251661,0.46390417610877305,16.23,36.229007633587784
MOM_qb2of3__FCF_OI_qb0of3__C13_EPS_DYN_ytdavg_gt_lyytdavg__v0,MOM_qb2of3__FCF_OI_qb0of3,C13_EPS_DYN_ytdavg_gt_lyytdavg,0.1325684541948453,0.11480569700354648,0.017762757191298828,-0.6686605858673101,0.4661746617466175,18.11,80.45614035087719
PS_qb1of3__FCF_OI_qb2of3__C12_EPS_DYN_yoy__v0,PS_qb1of3__FCF_OI_qb2of3,C12_EPS_DYN_yoy,0.1325505571518948,0.10831075228758014,0.02423980486431465,-0.6198803236324855,0.48161764705882354,21.64,83.544
ROE_qb2of3__FCF_OI_qb2of3__C14_EPS_DYN_ytdavg_gt_lyavg__v0,ROE_qb2of3__FCF_OI_qb2of3,C14_EPS_DYN_ytdavg_gt_lyavg,0.13254466791577357,0.10829014177983431,0.02425452613593926,-0.5272531622031353,0.45714285714285713,19.18,99.36491228070176
PS_qb1of3__OCF_E_qb2of3__C6_ROE_DYN_ytdavg_gt_lyytdavg__v0,PS_qb1of3__OCF_E_qb2of3,C6_ROE_DYN_ytdavg_gt_lyytdavg,0.13252285429490618,0.10402702318790835,0.028495831106997827,-0.5152116645881917,0.4720016715419975,19.69,78.47368421052632
PS_qb1of3__MOM_qb2of3__C19_FCF_P_DYN_yoy__v0,PS_qb1of3__MOM_qb2of3,C19_FCF_P_DYN_yoy,0.13249635240849256,0.13687445579871116,-0.004378103390218602,-0.7067715995443954,0.485451197053407,20.43,76.276
PS_qb1of3__FCF_P_qb1of3__C8_EPS_DYN_riseq1__v0,PS_qb1of3__FCF_P_qb1of3,C8_EPS_DYN_riseq1,0.13245992117678962,0.10355268343095037,0.028907237745839254,-0.6307358599432664,0.49409953822473063,18.79,81.08070175438597
ROE_qb2of3__NETDEBT_EBITDA_qb2of3__C17_FCF_P_DYN_qmax4__v0,ROE_qb2of3__NETDEBT_EBITDA_qb2of3,C17_FCF_P_DYN_qmax4,0.13245517152882091,0.12706706831299486,0.005388103215826057,-0.5825759992752675,0.46865846514352666,21.94,21.446564885496183
ROE_qb2of3__FCF_OI_qb1of3__C19_FCF_P_DYN_yoy__v0,ROE_qb2of3__FCF_OI_qb1of3,C19_FCF_P_DYN_yoy,0.1323863366076259,0.1080080007178279,0.024378335889797986,-0.6115128785629331,0.5182741116751269,23.32,89.084
EV_S_qb1of3__ROE_qb2of3__C1_ROE_DYN_riseq1__v0,EV_S_qb1of3__ROE_qb2of3,C1_ROE_DYN_riseq1,0.1323774337931023,0.11697884944628889,0.015398584346813404,-0.572563267250851,0.4906699296420924,18.19,100.08421052631579
MOM_qb2of3__NETDEBT_EBITDA_qb1of3__C19_FCF_P_DYN_yoy__v0,MOM_qb2of3__NETDEBT_EBITDA_qb1of3,C19_FCF_P_DYN_yoy,0.13234994182733373,0.1473077734732009,-0.01495783164586717,-0.6633954640634678,0.48802083333333335,22.0,83.276
ROE_qb2of3__None__C14_EPS_DYN_ytdavg_gt_lyavg__v0,ROE_qb2of3__None,C14_EPS_DYN_ytdavg_gt_lyavg,0.132274946486449,0.1096895179268933,0.022585428559555698,-0.43393941618634246,0.46212477651265643,18.59,310.4035087719298
PS_qb1of3__ACCRUAL_qb1of3__C14_EPS_DYN_ytdavg_gt_lyavg__v0,PS_qb1of3__ACCRUAL_qb1of3,C14_EPS_DYN_ytdavg_gt_lyavg,0.13227407682522152,0.10789709507912493,0.024376981746096593,-0.6204705327072904,0.4922170803533866,19.06,75.64912280701755
P_IC_qb1of3__None__C7_ROE_DYN_ytdavg_gt_lyavg__v0,P_IC_qb1of3__None,C7_ROE_DYN_ytdavg_gt_lyavg,0.1322712278474676,0.10927398071020056,0.02299724713726703,-0.5808755588462302,0.48143530063729567,17.42,200.75087719298244
PB_qb1of3__FCF_P_qb1of3__C11_EPS_DYN_qmax8__v0,PB_qb1of3__FCF_P_qb1of3,C11_EPS_DYN_qmax8,0.1322652605488699,0.1059407351797439,0.026324525369125995,-0.7451238966592579,0.5144736842105263,16.72,22.09442060085837
PS_qb1of3__ROE_qb2of3__C6_ROE_DYN_ytdavg_gt_lyytdavg__v0,PS_qb1of3__ROE_qb2of3,C6_ROE_DYN_ytdavg_gt_lyytdavg,0.13223805675203582,0.12478241714928062,0.007455639602755193,-0.5581484091433716,0.48408239700374533,18.73,92.51929824561404
PB_qb1of3__DEBTRATIO_qb0of3__C8_EPS_DYN_riseq1__v0,PB_qb1of3__DEBTRATIO_qb0of3,C8_EPS_DYN_riseq1,0.13215444953291633,0.108940444371451,0.023214005161465323,-0.5895603196419449,0.4891832229580574,19.55,73.69824561403509
MOM_qb2of3__FCF_P_qb1of3__C20_FCF_P_DYN_ytdavg_gt_lyytdavg__v0,MOM_qb2of3__FCF_P_qb1of3,C20_FCF_P_DYN_ytdavg_gt_lyytdavg,0.13210268592685193,0.1303189927093793,0.001783693217472626,-0.6913087110964837,0.4923707957342084,16.86,74.96842105263158
P_IC_qb0of3__DEBTRATIO_qb1of3__C19_FCF_P_DYN_yoy__v0,P_IC_qb0of3__DEBTRATIO_qb1of3,C19_FCF_P_DYN_yoy,0.13208318689974297,0.17831093585947433,-0.04622774895973136,-0.61962465156743,0.5090531314930247,21.21,69.0
EV_S_qb1of3__FCF_OI_qb2of3__C12_EPS_DYN_yoy__v0,EV_S_qb1of3__FCF_OI_qb2of3,C12_EPS_DYN_yoy,0.13207724139592525,0.11669571151307889,0.015381529882846356,-0.595330330947909,0.4775156653151493,20.37,82.508
ROE_qb2of3__None__C6_ROE_DYN_ytdavg_gt_lyytdavg__v0,ROE_qb2of3__None,C6_ROE_DYN_ytdavg_gt_lyytdavg,0.1320448247114656,0.1096895179268933,0.022355306784572315,-0.4231501443964486,0.45964912280701753,18.51,290.4877192982456
ROE_qb2of3__NETDEBT_EBITDA_qb0of3__C14_EPS_DYN_ytdavg_gt_lyavg__v0,ROE_qb2of3__NETDEBT_EBITDA_qb0of3,C14_EPS_DYN_ytdavg_gt_lyavg,0.132026155988898,0.1064581381558376,0.025568017833060397,-0.5573769438066547,0.47157190635451507,17.38,81.69122807017544
EV_S_qb1of3__ACCRUAL_qb1of3__C5_ROE_DYN_yoy__v0,EV_S_qb1of3__ACCRUAL_qb1of3,C5_ROE_DYN_yoy,0.13199154778155808,0.11564064478310487,0.01635090299845321,-0.6440419546619391,0.4813177983125753,21.37,79.112
MOM_qb1of3__ROE_qb2of3__C9_EPS_DYN_riseq2__v0,MOM_qb1of3__ROE_qb2of3,C9_EPS_DYN_riseq2,0.13198054642290957,0.10710814018856007,0.024872406234349498,-0.6385545113936089,0.5423623995052567,20.27,85.61678832116789
PB_qb1of3__MOM_qb2of3__C15_FCF_P_DYN_riseq1__v0,PB_qb1of3__MOM_qb2of3,C15_FCF_P_DYN_riseq1,0.13196091072868432,0.1423822447586076,-0.01042133402992329,-0.6787811988756631,0.4738962294553658,15.33,71.28771929824562
ROE_qb2of3__NETDEBT_EBITDA_qb0of3__C7_ROE_DYN_ytdavg_gt_lyavg__v0,ROE_qb2of3__NETDEBT_EBITDA_qb0of3,C7_ROE_DYN_ytdavg_gt_lyavg,0.1319547893237023,0.1064581381558376,0.025496651167864703,-0.5196287200029674,0.4732001268633048,17.51,73.0140350877193
P_IC_qb0of3__FCF_OI_qb1of3__C17_FCF_P_DYN_qmax4__v0,P_IC_qb0of3__FCF_OI_qb1of3,C17_FCF_P_DYN_qmax4,0.13186239196023042,0.18557700877894123,-0.053714616818710814,-0.6277671001178771,0.4532795895932576,17.1,34.767175572519086
ROE_qb2of3__None__C19_FCF_P_DYN_yoy__v0,ROE_qb2of3__None,C19_FCF_P_DYN_yoy,0.1318372569683679,0.1096895179268933,0.0221477390414746,-0.5902257415799008,0.5022279348757498,23.34,224.14
PS_qb1of3__FCF_P_qb1of3__C14_EPS_DYN_ytdavg_gt_lyavg__v0,PS_qb1of3__FCF_P_qb1of3,C14_EPS_DYN_ytdavg_gt_lyavg,0.13181651300440422,0.10355268343095037,0.028263829573453858,-0.5999659305073202,0.49077112387202626,17.95,75.68771929824561
PS_qb1of3__OCF_E_qb1of3__C12_EPS_DYN_yoy__v0,PS_qb1of3__OCF_E_qb1of3,C12_EPS_DYN_yoy,0.13175152474071927,0.11005598483431767,0.021695539906401606,-0.6133985348978762,0.48507462686567165,20.72,90.816
MOM_qb2of3__FCF_OI_qb0of3__C20_FCF_P_DYN_ytdavg_gt_lyytdavg__v0,MOM_qb2of3__FCF_OI_qb0of3,C20_FCF_P_DYN_ytdavg_gt_lyytdavg,0.1317469955990993,0.11480569700354648,0.016941298595552823,-0.7177567059717123,0.4866296002118083,16.47,45.85964912280702
PS_qb1of3__ROIC_qb2of3__C6_ROE_DYN_ytdavg_gt_lyytdavg__v0,PS_qb1of3__ROIC_qb2of3,C6_ROE_DYN_ytdavg_gt_lyytdavg,0.13173243327575013,0.12570144548191764,0.006030987793832487,-0.5445865392036762,0.48678563361192684,18.76,98.17894736842105
PS_qb1of3__DEBTRATIO_qb0of3__C16_FCF_P_DYN_riseq2__v0,PS_qb1of3__DEBTRATIO_qb0of3,C16_FCF_P_DYN_riseq2,0.13171656149352295,0.12730497339873037,0.0044115880947925845,-0.6427835385661558,0.49377018920166127,20.07,81.55839416058394
PS_qb1of3__OCF_E_qb2of3__C12_EPS_DYN_yoy__v0,PS_qb1of3__OCF_E_qb2of3,C12_EPS_DYN_yoy,0.1317114282505778,0.10402702318790835,0.027684405062669448,-0.5823630177536888,0.48140377646385657,22.09,91.36
PS_qb1of3__NETDEBT_EBITDA_qb1of3__C4_ROE_DYN_qmax8__v0,PS_qb1of3__NETDEBT_EBITDA_qb1of3,C4_ROE_DYN_qmax8,0.1316361670611168,0.10584118790426911,0.025794979156847697,-0.6768536974479356,0.508991825613079,22.89,30.283261802575108
ROE_qb2of3__FCF_OI_qb1of3__C17_FCF_P_DYN_qmax4__v0,ROE_qb2of3__FCF_OI_qb1of3,C17_FCF_P_DYN_qmax4,0.13161404261505716,0.1080080007178279,0.023606041897229257,-0.5941769466567697,0.4439746300211416,25.51,28.16793893129771
P_IC_qb1of3__MOM_qb2of3__C15_FCF_P_DYN_riseq1__v0,P_IC_qb1of3__MOM_qb2of3,C15_FCF_P_DYN_riseq1,0.13155845947890832,0.14276752601796372,-0.011209066539055401,-0.6664019911589418,0.47337850919651503,16.8,71.45614035087719
MOM_qb1of3__ROE_qb2of3__C16_FCF_P_DYN_riseq2__v0,MOM_qb1of3__ROE_qb2of3,C16_FCF_P_DYN_riseq2,0.1314957703626829,0.10710814018856007,0.02438763017412282,-0.5899570196112102,0.5256558641975309,22.4,67.91605839416059
P_IC_qb1of3__FCF_P_qb1of3__C14_EPS_DYN_ytdavg_gt_lyavg__v0,P_IC_qb1of3__FCF_P_qb1of3,C14_EPS_DYN_ytdavg_gt_lyavg,0.13137316754034156,0.1123350134573704,0.01903815408297116,-0.6099409025036138,0.4905781584582441,17.49,69.80350877192983
PB_qb1of3__NETDEBT_EBITDA_qb0of3__C6_ROE_DYN_ytdavg_gt_lyytdavg__v0,PB_qb1of3__NETDEBT_EBITDA_qb0of3,C6_ROE_DYN_ytdavg_gt_lyytdavg,0.1313080828894353,0.11680507484049185,0.014503008048943444,-0.6192396476204676,0.4795539033457249,18.27,62.85614035087719
EV_S_qb1of3__OCF_E_qb2of3__C14_EPS_DYN_ytdavg_gt_lyavg__v0,EV_S_qb1of3__OCF_E_qb2of3,C14_EPS_DYN_ytdavg_gt_lyavg,0.13118445949747914,0.12057084445892974,0.010613615038549407,-0.5714100045313898,0.4851564056584977,19.14,83.24912280701754
EV_S_qb1of3__NETDEBT_EBITDA_qb2of3__None__v0,EV_S_qb1of3__NETDEBT_EBITDA_qb2of3,None,0.13111893250082707,0.13111893250082707,0.0,-0.6137490915998634,0.4970588235294118,20.3,172.36363636363637
P_IC_qb1of3__NETDEBT_EBITDA_qb0of3__C20_FCF_P_DYN_ytdavg_gt_lyytdavg__v0,P_IC_qb1of3__NETDEBT_EBITDA_qb0of3,C20_FCF_P_DYN_ytdavg_gt_lyytdavg,0.13105189033765008,0.14197552309035966,-0.010923632752709578,-0.6091808457445553,0.5156532209512342,19.48,81.52280701754385
EV_S_qb0of3__FCF_OI_qb1of3__C15_FCF_P_DYN_riseq1__v0,EV_S_qb0of3__FCF_OI_qb1of3,C15_FCF_P_DYN_riseq1,0.1309486608434638,0.15841923538251113,-0.027470574539047332,-0.5984914758535259,0.45879258517034066,17.27,109.94385964912281
MOM_qb2of3__DEBTRATIO_qb0of3__C20_FCF_P_DYN_ytdavg_gt_lyytdavg__v0,MOM_qb2of3__DEBTRATIO_qb0of3,C20_FCF_P_DYN_ytdavg_gt_lyytdavg,0.13091481581886732,0.1358581434377284,-0.004943327618861071,-0.6979172925612334,0.4799685781618225,17.14,70.2140350877193
PS_qb1of3__ROIC_qb2of3__C14_EPS_DYN_ytdavg_gt_lyavg__v0,PS_qb1of3__ROIC_qb2of3,C14_EPS_DYN_ytdavg_gt_lyavg,0.13086363132910406,0.12570144548191764,0.005162185847186418,-0.5302740806885904,0.48870899020025566,18.86,104.72280701754386
P_IC_qb1of3__FCF_P_qb1of3__C6_ROE_DYN_ytdavg_gt_lyytdavg__v0,P_IC_qb1of3__FCF_P_qb1of3,C6_ROE_DYN_ytdavg_gt_lyytdavg,0.13072188346627955,0.1123350134573704,0.01838687000890915,-0.6060812536888585,0.48954151700824,17.96,70.82456140350877
PB_qb0of3__EV_S_qb0of3__C17_FCF_P_DYN_qmax4__v0,PB_qb0of3__EV_S_qb0of3,C17_FCF_P_DYN_qmax4,0.1307084709380566,0.19275879846190347,-0.06205032752384687,-0.5588275856185192,0.4794326241134752,19.27,61.85114503816794
ROE_qb2of3__OCF_E_qb2of3__C1_ROE_DYN_riseq1__v0,ROE_qb2of3__OCF_E_qb2of3,C1_ROE_DYN_riseq1,0.13065765696458542,0.11121481636596298,0.019442840598622446,-0.4523064110034978,0.4604707868329738,19.53,165.68421052631578
MOM_qb2of3__ACCRUAL_qb2of3__C20_FCF_P_DYN_ytdavg_gt_lyytdavg__v0,MOM_qb2of3__ACCRUAL_qb2of3,C20_FCF_P_DYN_ytdavg_gt_lyytdavg,0.13054609405926865,0.11763516061125423,0.012910933448014417,-0.6914359805623025,0.4893931919092255,18.02,73.69824561403509
P_IC_qb0of3__FCF_P_qb1of3__C17_FCF_P_DYN_qmax4__v0,P_IC_qb0of3__FCF_P_qb1of3,C17_FCF_P_DYN_qmax4,0.13045529601383854,0.17742558888731907,-0.046970292873480535,-0.6816109224922906,0.4460163812360387,17.71,16.209923664122137
ROE_qb2of3__ROIC_qb2of3__C7_ROE_DYN_ytdavg_gt_lyavg__v0,ROE_qb2of3__ROIC_qb2of3,C7_ROE_DYN_ytdavg_gt_lyavg,0.1304473272773241,0.10622238694356079,0.024224940333763323,-0.40667559968103206,0.4578808645229309,18.77,243.7122807017544
EV_S_qb1of3__EV_EBITDA_qb1of3__C7_ROE_DYN_ytdavg_gt_lyavg__v0,EV_S_qb1of3__EV_EBITDA_qb1of3,C7_ROE_DYN_ytdavg_gt_lyavg,0.1304133216848522,0.12268266204092337,0.007730659643928828,-0.6071092859977268,0.48760975609756096,18.57,98.95087719298246
ROE_qb2of3__OCF_E_qb2of3__C8_EPS_DYN_riseq1__v0,ROE_qb2of3__OCF_E_qb2of3,C8_EPS_DYN_riseq1,0.13040629363383016,0.11121481636596298,0.019191477267867185,-0.45529518654030243,0.46354947526236884,19.42,171.16491228070174
ROE_qb2of3__NETDEBT_EBITDA_qb0of3__C6_ROE_DYN_ytdavg_gt_lyytdavg__v0,ROE_qb2of3__NETDEBT_EBITDA_qb0of3,C6_ROE_DYN_ytdavg_gt_lyytdavg,0.13035343459265714,0.1064581381558376,0.023895296436819535,-0.5305977248779903,0.46737766624843163,17.96,76.9298245614035
MOM_qb2of3__FCF_P_qb1of3__None__v0,MOM_qb2of3__FCF_P_qb1of3,None,0.1303189927093793,0.1303189927093793,0.0,-0.6889376769684483,0.4762105974816192,17.44,147.97643097643098
ROE_qb2of3__ACCRUAL_qb1of3__C7_ROE_DYN_ytdavg_gt_lyavg__v0,ROE_qb2of3__ACCRUAL_qb1of3,C7_ROE_DYN_ytdavg_gt_lyavg,0.13031333719189364,0.10621584572289322,0.02409749146900042,-0.427416802976746,0.4863584691170898,18.44,78.8140350877193
PS_qb1of3__FCF_OI_qb2of3__C6_ROE_DYN_ytdavg_gt_lyytdavg__v0,PS_qb1of3__FCF_OI_qb2of3,C6_ROE_DYN_ytdavg_gt_lyytdavg,0.13024740533013812,0.10831075228758014,0.021936653042557985,-0.593184457852605,0.48490986429005467,20.15,72.75087719298246
MOM_qb2of3__FCF_P_qb2of3__C17_FCF_P_DYN_qmax4__v0,MOM_qb2of3__FCF_P_qb2of3,C17_FCF_P_DYN_qmax4,0.13019408514338227,0.15611793939613228,-0.02592385425275001,-0.6733094015446144,0.48436763550667716,18.34,76.37022900763358
ROE_qb2of3__ACCRUAL_qb1of3__C8_EPS_DYN_riseq1__v0,ROE_qb2of3__ACCRUAL_qb1of3,C8_EPS_DYN_riseq1,0.13015333250124783,0.10621584572289322,0.02393748677835461,-0.49938092454619143,0.4890653085680048,19.42,92.99649122807017
MOM_qb2of3__OCF_E_qb1of3__C19_FCF_P_DYN_yoy__v0,MOM_qb2of3__OCF_E_qb1of3,C19_FCF_P_DYN_yoy,0.13008993430080573,0.1381613845942784,-0.00807145029347267,-0.6733147150142136,0.4944120100083403,18.79,78.012
PS_qb1of3__FCF_P_qb1of3__C12_EPS_DYN_yoy__v0,PS_qb1of3__FCF_P_qb1of3,C12_EPS_DYN_yoy,0.13007498589267708,0.10355268343095037,0.02652230246172671,-0.6472857183488188,0.48535564853556484,19.88,84.34
P_IC_qb1of3__OCF_E_qb1of3__C12_EPS_DYN_yoy__v0,P_IC_qb1of3__OCF_E_qb1of3,C12_EPS_DYN_yoy,0.1299945854232425,0.10872133611728962,0.021273249305952868,-0.589327567933493,0.5008472980606289,20.02,88.04
EV_S_qb1of3__FCF_OI_qb2of3__C9_EPS_DYN_riseq2__v0,EV_S_qb1of3__FCF_OI_qb2of3,C9_EPS_DYN_riseq2,0.12992725517669768,0.11669571151307889,0.013231543663618783,-0.6153796418707653,0.48886494252873564,19.11,80.92335766423358
P_IC_qb1of3__ROE_qb1of3__C2_ROE_DYN_riseq2__v0,P_IC_qb1of3__ROE_qb1of3,C2_ROE_DYN_riseq2,0.1299115709823191,0.10659619036251833,0.023315380619800763,-0.591728946576011,0.5153664302600472,19.01,97.41240875912409
MOM_qb2of3__NETDEBT_EBITDA_qb0of3__C19_FCF_P_DYN_yoy__v0,MOM_qb2of3__NETDEBT_EBITDA_qb0of3,C19_FCF_P_DYN_yoy,0.12984843672561563,0.14185947700151247,-0.012011040275896834,-0.7155165295473418,0.47539015606242496,18.59,71.916
MOM_qb2of3__DEBTRATIO_qb1of3__C18_FCF_P_DYN_qmax8__v0,MOM_qb2of3__DEBTRATIO_qb1of3,C18_FCF_P_DYN_qmax8,0.12977738406180483,0.14168975306734088,-0.01191236900553605,-0.7159955028440795,0.45989304812834225,22.08,19.05579399141631
EV_S_qb1of3__EV_EBITDA_qb1of3__C13_EPS_DYN_ytdavg_gt_lyytdavg__v0,EV_S_qb1of3__EV_EBITDA_qb1of3,C13_EPS_DYN_ytdavg_gt_lyytdavg,0.1297370985188544,0.12268266204092337,0.007054436477931025,-0.5857617603156582,0.4835145250400998,19.58,113.26666666666667
EV_S_qb1of3__ACCRUAL_qb1of3__C10_EPS_DYN_qmax4__v0,EV_S_qb1of3__ACCRUAL_qb1of3,C10_EPS_DYN_qmax4,0.12969201166037414,0.11564064478310487,0.014051366877269267,-0.6820615934183933,0.5143307086614173,18.37,45.416030534351144
EV_S_qb0of3__None__C18_FCF_P_DYN_qmax8__v0,EV_S_qb0of3__None,C18_FCF_P_DYN_qmax8,0.1296116241355716,0.15765702596425268,-0.028045401828681094,-0.6049761106641662,0.4656019656019656,22.63,56.55364806866953
ROE_qb2of3__ACCRUAL_qb1of3__C6_ROE_DYN_ytdavg_gt_lyytdavg__v0,ROE_qb2of3__ACCRUAL_qb1of3,C6_ROE_DYN_ytdavg_gt_lyytdavg,0.12953155429834662,0.10621584572289322,0.023315708575453398,-0.4413044754007005,0.4854779411764706,18.76,82.44912280701755
ROE_qb2of3__FCF_OI_qb2of3__C6_ROE_DYN_ytdavg_gt_lyytdavg__v0,ROE_qb2of3__FCF_OI_qb2of3,C6_ROE_DYN_ytdavg_gt_lyytdavg,0.12949946691991454,0.10829014177983431,0.021209325140080226,-0.499849413318759,0.4620956059874457,19.27,93.78245614035087
PS_qb0of3__ACCRUAL_qb0of3__C15_FCF_P_DYN_riseq1__v0,PS_qb0of3__ACCRUAL_qb0of3,C15_FCF_P_DYN_riseq1,0.12948601897882228,0.16627029120688008,-0.0367842722280578,-0.5833251955927439,0.460740281864643,19.09,84.12982456140351
P_IC_qb1of3__OCF_E_qb2of3__C1_ROE_DYN_riseq1__v0,P_IC_qb1of3__OCF_E_qb2of3,C1_ROE_DYN_riseq1,0.1294685338762276,0.11536649529775045,0.014102038578477138,-0.5738943849684877,0.48773006134969327,18.41,72.23157894736842
MOM_qb2of3__ACCRUAL_qb1of3__C18_FCF_P_DYN_qmax8__v0,MOM_qb2of3__ACCRUAL_qb1of3,C18_FCF_P_DYN_qmax8,0.1294310782397401,0.13592025080935466,-0.006489172569614565,-0.6588303936376414,0.4618501012829169,25.78,18.669527896995707
ROE_qb2of3__NETDEBT_EBITDA_qb2of3__C20_FCF_P_DYN_ytdavg_gt_lyytdavg__v0,ROE_qb2of3__NETDEBT_EBITDA_qb2of3,C20_FCF_P_DYN_ytdavg_gt_lyytdavg,0.12941847168779486,0.12706706831299486,0.0023514033747999985,-0.5592256470720569,0.49519431675720854,18.38,41.89824561403509
ROE_qb2of3__FCF_P_qb2of3__C20_FCF_P_DYN_ytdavg_gt_lyytdavg__v0,ROE_qb2of3__FCF_P_qb2of3,C20_FCF_P_DYN_ytdavg_gt_lyytdavg,0.12941015566957237,0.12136510193091676,0.008045053738655605,-0.5430125263078935,0.4870364787458547,19.23,93.67719298245613
ROE_qb2of3__FCF_OI_qb1of3__C7_ROE_DYN_ytdavg_gt_lyavg__v0,ROE_qb2of3__FCF_OI_qb1of3,C7_ROE_DYN_ytdavg_gt_lyavg,0.12939763166900087,0.1080080007178279,0.021389630951172967,-0.45438109156844175,0.47454145267791636,17.63,110.62456140350878
PS_qb1of3__NETDEBT_EBITDA_qb1of3__C3_ROE_DYN_qmax4__v0,PS_qb1of3__NETDEBT_EBITDA_qb1of3,C3_ROE_DYN_qmax4,0.1293876544750754,0.10584118790426911,0.02354646657080628,-0.5689030764671245,0.49910340705319783,19.83,53.44274809160305
P_IC_qb1of3__DEBTRATIO_qb0of3__C20_FCF_P_DYN_ytdavg_gt_lyytdavg__v0,P_IC_qb1of3__DEBTRATIO_qb0of3,C20_FCF_P_DYN_ytdavg_gt_lyytdavg,0.12936646536704366,0.14025437918169104,-0.010887913814647376,-0.6136243727737805,0.5313531353135313,19.17,78.20701754385965
PS_qb1of3__None__C1_ROE_DYN_riseq1__v0,PS_qb1of3__None,C1_ROE_DYN_riseq1,0.1293494320645352,0.10831162240253711,0.021037809661998086,-0.6166096126358527,0.48282694848084545,19.12,236.1157894736842
ROE_qb2of3__ROIC_qb2of3__C19_FCF_P_DYN_yoy__v0,ROE_qb2of3__ROIC_qb2of3,C19_FCF_P_DYN_yoy,0.12930708090550502,0.10622238694356079,0.023084693961944236,-0.6039536632473226,0.49950970778584036,23.89,192.992
ROE_qb2of3__OCF_E_qb2of3__C13_EPS_DYN_ytdavg_gt_lyytdavg__v0,ROE_qb2of3__OCF_E_qb2of3,C13_EPS_DYN_ytdavg_gt_lyytdavg,0.12927635586837583,0.11121481636596298,0.01806153950241285,-0.41065396770056206,0.4616766467065868,19.83,172.37894736842105
PS_qb1of3__FCF_OI_qb2of3__C9_EPS_DYN_riseq2__v0,PS_qb1of3__FCF_OI_qb2of3,C9_EPS_DYN_riseq2,0.12925791081565685,0.10831075228758014,0.020947158528076715,-0.6314250294158682,0.493859649122807,21.87,83.11313868613139
PB_qb1of3__ACCRUAL_qb1of3__C8_EPS_DYN_riseq1__v0,PB_qb1of3__ACCRUAL_qb1of3,C8_EPS_DYN_riseq1,0.12925686895749955,0.10547281823417798,0.02378405072332157,-0.5994674045145032,0.50103591160221,18.97,81.48070175438596
PS_qb1of3__OCF_E_qb2of3__C1_ROE_DYN_riseq1__v0,PS_qb1of3__OCF_E_qb2of3,C1_ROE_DYN_riseq1,0.12925008902538426,0.10402702318790835,0.02522306583747591,-0.5762460499825159,0.48797490414778666,19.39,81.50175438596492
EV_S_qb1of3__OCF_E_qb1of3__C5_ROE_DYN_yoy__v0,EV_S_qb1of3__OCF_E_qb1of3,C5_ROE_DYN_yoy,0.12922725144998903,0.11661669962271093,0.012610551827278105,-0.623101814066792,0.4738562091503268,21.04,84.76
MOM_qb2of3__NETDEBT_EBITDA_qb2of3__C20_FCF_P_DYN_ytdavg_gt_lyytdavg__v0,MOM_qb2of3__NETDEBT_EBITDA_qb2of3,C20_FCF_P_DYN_ytdavg_gt_lyytdavg,0.12920452365281165,0.13607790519389984,-0.006873381541088186,-0.6673419370596221,0.466324200913242,17.11,72.80350877192983
P_IC_qb1of3__NETDEBT_EBITDA_qb1of3__C13_EPS_DYN_ytdavg_gt_lyytdavg__v0,P_IC_qb1of3__NETDEBT_EBITDA_qb1of3,C13_EPS_DYN_ytdavg_gt_lyytdavg,0.12919826804703072,0.11425449559436518,0.014943772452665538,-0.5568058069176419,0.476898566117897,19.22,87.7719298245614
PB_qb1of3__NETDEBT_EBITDA_qb1of3__C8_EPS_DYN_riseq1__v0,PB_qb1of3__NETDEBT_EBITDA_qb1of3,C8_EPS_DYN_riseq1,0.1291954709762737,0.11518524454398116,0.01401022643229255,-0.592314966863198,0.5049317147192717,19.38,84.37894736842105
P_IC_qb1of3__OCF_E_qb1of3__C8_EPS_DYN_riseq1__v0,P_IC_qb1of3__OCF_E_qb1of3,C8_EPS_DYN_riseq1,0.12917600446124555,0.10872133611728962,0.02045466834395593,-0.5646707106292952,0.5051183621241203,19.28,90.51578947368421
ROE_qb2of3__ACCRUAL_qb1of3__C1_ROE_DYN_riseq1__v0,ROE_qb2of3__ACCRUAL_qb1of3,C1_ROE_DYN_riseq1,0.1290763775577406,0.10621584572289322,0.022860531834847375,-0.5085653977113855,0.4862315533242051,19.38,90.70526315789473
PS_qb0of3__None__C15_FCF_P_DYN_riseq1__v0,PS_qb0of3__None,C15_FCF_P_DYN_riseq1,0.12893192810736775,0.16620841805915898,-0.037276489951791225,-0.5888263605171202,0.4727431312690798,18.68,227.10526315789474
PB_qb1of3__None__C6_ROE_DYN_ytdavg_gt_lyytdavg__v0,PB_qb1of3__None,C6_ROE_DYN_ytdavg_gt_lyytdavg,0.12891681410972278,0.10751637456446095,0.02140043954526183,-0.5751412671660515,0.4865361880993038,18.44,212.2
EV_S_qb1of3__FCF_OI_qb2of3__C5_ROE_DYN_yoy__v0,EV_S_qb1of3__FCF_OI_qb2of3,C5_ROE_DYN_yoy,0.12887245807512304,0.11669571151307889,0.01217674656204415,-0.6120221639587593,0.47219531098624296,20.52,78.208
ROE_qb2of3__ROIC_qb2of3__C18_FCF_P_DYN_qmax8__v0,ROE_qb2of3__ROIC_qb2of3,C18_FCF_P_DYN_qmax8,0.128822491376811,0.10622238694356079,0.022600104433250223,-0.6501123812145899,0.458863443596268,27.77,45.527896995708154
PS_qb1of3__OCF_E_qb2of3__C7_ROE_DYN_ytdavg_gt_lyavg__v0,PS_qb1of3__OCF_E_qb2of3,C7_ROE_DYN_ytdavg_gt_lyavg,0.12881966064198158,0.10402702318790835,0.02479263745407323,-0.5091811866869714,0.47085590465872157,19.61,74.71929824561404
PB_qb1of3__DEBTRATIO_qb1of3__C5_ROE_DYN_yoy__v0,PB_qb1of3__DEBTRATIO_qb1of3,C5_ROE_DYN_yoy,0.1287852462588357,0.10295792396196068,0.02582732229687501,-0.6346573476759951,0.4772240085744909,21.46,80.076
PB_qb1of3__FCF_P_qb1of3__C8_EPS_DYN_riseq1__v0,PB_qb1of3__FCF_P_qb1of3,C8_EPS_DYN_riseq1,0.1287835696064059,0.1059407351797439,0.022842834426662018,-0.6641678176460069,0.5055916305916306,18.24,75.41052631578947
MOM_qb2of3__ROE_qb1of3__C15_FCF_P_DYN_riseq1__v0,MOM_qb2of3__ROE_qb1of3,C15_FCF_P_DYN_riseq1,0.1287717039960541,0.14308725897377994,-0.014315554977725853,-0.6508460808848273,0.47778493238892467,19.24,70.44912280701755
P_IC_qb1of3__DEBTRATIO_qb1of3__C5_ROE_DYN_yoy__v0,P_IC_qb1of3__DEBTRATIO_qb1of3,C5_ROE_DYN_yoy,0.12876384301853738,0.10564924828883626,0.02311459472970112,-0.6516638626587012,0.472851746931067,21.29,93.024
MOM_qb2of3__FCF_OI_qb2of3__C17_FCF_P_DYN_qmax4__v0,MOM_qb2of3__FCF_OI_qb2of3,C17_FCF_P_DYN_qmax4,0.12875712513376447,0.13952586865099859,-0.010768743517234114,-0.6993154433474207,0.47779016080242,18.63,75.09160305343511
PB_qb0of3__PS_qb0of3__C17_FCF_P_DYN_qmax4__v0,PB_qb0of3__PS_qb0of3,C17_FCF_P_DYN_qmax4,0.12874560437989957,0.19683269190132835,-0.06808708752142878,-0.5932609283043793,0.4758011049723757,19.01,65.09160305343511
ROE_qb2of3__FCF_OI_qb1of3__C14_EPS_DYN_ytdavg_gt_lyavg__v0,ROE_qb2of3__FCF_OI_qb1of3,C14_EPS_DYN_ytdavg_gt_lyavg,0.12873078730815135,0.1080080007178279,0.02072278659032345,-0.4808004206567975,0.4745205479452055,18.07,121.47368421052632
PS_qb1of3__ROE_qb2of3__C14_EPS_DYN_ytdavg_gt_lyavg__v0,PS_qb1of3__ROE_qb2of3,C14_EPS_DYN_ytdavg_gt_lyavg,0.1286964811282454,0.12478241714928062,0.003914063978964766,-0.5403242839760677,0.48818723780083906,19.03,99.49824561403508
EV_S_qb1of3__OCF_E_qb2of3__C13_EPS_DYN_ytdavg_gt_lyytdavg__v0,EV_S_qb1of3__OCF_E_qb2of3,C13_EPS_DYN_ytdavg_gt_lyytdavg,0.1286326647420586,0.12057084445892974,0.008061820283128851,-0.5736395000543215,0.4799382716049383,19.69,86.54035087719298
P_IC_qb0of3__PS_qb0of3__C17_FCF_P_DYN_qmax4__v0,P_IC_qb0of3__PS_qb0of3,C17_FCF_P_DYN_qmax4,0.12862671485612687,0.19078211269583956,-0.06215539783971269,-0.5892613496045367,0.476409666283084,17.64,75.83587786259542
P_IC_qb1of3__ROE_qb1of3__C9_EPS_DYN_riseq2__v0,P_IC_qb1of3__ROE_qb1of3,C9_EPS_DYN_riseq2,0.128601436156893,0.10659619036251833,0.022005245794374684,-0.5955072743145311,0.5130450647692028,19.16,96.18978102189782
ROE_qb2of3__NETDEBT_EBITDA_qb0of3__C16_FCF_P_DYN_riseq2__v0,ROE_qb2of3__NETDEBT_EBITDA_qb0of3,C16_FCF_P_DYN_riseq2,0.12853782934789093,0.1064581381558376,0.02207969119205333,-0.6548647101324047,0.5147977192506109,19.45,66.62773722627738
EV_S_qb1of3__None__C14_EPS_DYN_ytdavg_gt_lyavg__v0,EV_S_qb1of3__None,C14_EPS_DYN_ytdavg_gt_lyavg,0.12839138179853715,0.11690579369850362,0.011485588100033528,-0.5966076271404203,0.4824240897064382,18.95,220.9543859649123
EV_S_qb1of3__FCF_OI_qb2of3__C1_ROE_DYN_riseq1__v0,EV_S_qb1of3__FCF_OI_qb2of3,C1_ROE_DYN_riseq1,0.12837638615045543,0.11669571151307889,0.011680674637376542,-0.6190539405567499,0.4741074300418141,18.73,83.0701754385965
ROE_qb2of3__FCF_P_qb0of3__C1_ROE_DYN_riseq1__v0,ROE_qb2of3__FCF_P_qb0of3,C1_ROE_DYN_riseq1,0.1283439479260835,0.10654638208040024,0.021797565845683264,-0.49494677783299323,0.4796963276836158,20.05,73.16842105263157
PB_qb1of3__NETDEBT_EBITDA_qb0of3__C7_ROE_DYN_ytdavg_gt_lyavg__v0,PB_qb1of3__NETDEBT_EBITDA_qb0of3,C7_ROE_DYN_ytdavg_gt_lyavg,0.12832772597226128,0.11680507484049185,0.011522651131769424,-0.6193882575205665,0.47501982553528943,18.06,57.17894736842105
ROE_qb2of3__FCF_OI_qb2of3__C8_EPS_DYN_riseq1__v0,ROE_qb2of3__FCF_OI_qb2of3,C8_EPS_DYN_riseq1,0.12832289101027672,0.10829014177983431,0.020032749230442404,-0.5242285737821563,0.45896190232677064,19.65,106.11929824561403
PS_qb0of3__DEBTRATIO_qb1of3__C15_FCF_P_DYN_riseq1__v0,PS_qb0of3__DEBTRATIO_qb1of3,C15_FCF_P_DYN_riseq1,0.12828302784596768,0.16188189278048704,-0.03359886493451936,-0.5756705196777674,0.46751740139211134,19.35,77.56491228070175
PB_qb1of3__FCF_P_qb1of3__C6_ROE_DYN_ytdavg_gt_lyytdavg__v0,PB_qb1of3__FCF_P_qb1of3,C6_ROE_DYN_ytdavg_gt_lyytdavg,0.1282442750382211,0.1059407351797439,0.022303539858477217,-0.6312615897951097,0.48835183975615065,18.6,68.71578947368421
MOM_qb2of3__ACCRUAL_qb2of3__C7_ROE_DYN_ytdavg_gt_lyavg__v0,MOM_qb2of3__ACCRUAL_qb2of3,C7_ROE_DYN_ytdavg_gt_lyavg,0.1280546453470206,0.11763516061125423,0.010419484735766371,-0.6465386333444731,0.47272455537288893,16.8,82.96491228070175
PS_qb0of3__ROIC_qb1of3__C18_FCF_P_DYN_qmax8__v0,PS_qb0of3__ROIC_qb1of3,C18_FCF_P_DYN_qmax8,0.1280361407150561,0.16131933517355046,-0.03328319445849437,-0.6585021274607935,0.4732984293193717,23.13,25.40343347639485
ROE_qb2of3__ROIC_qb2of3__C6_ROE_DYN_ytdavg_gt_lyytdavg__v0,ROE_qb2of3__ROIC_qb2of3,C6_ROE_DYN_ytdavg_gt_lyytdavg,0.1280009600078209,0.10622238694356079,0.02177857306426012,-0.42028049831904946,0.4523809523809524,18.92,251.14385964912282
ROE_qb2of3__ACCRUAL_qb1of3__C19_FCF_P_DYN_yoy__v0,ROE_qb2of3__ACCRUAL_qb1of3,C19_FCF_P_DYN_yoy,0.1279781844005372,0.10621584572289322,0.02176233867764399,-0.5987728298412824,0.5069578248769,23.98,68.188
P_IC_qb1of3__DEBTRATIO_qb0of3__C19_FCF_P_DYN_yoy__v0,P_IC_qb1of3__DEBTRATIO_qb0of3,C19_FCF_P_DYN_yoy,0.12789194019176575,0.14025437918169104,-0.012362438989925284,-0.6161152968840946,0.5095509799057306,22.15,82.772
MOM_qb2of3__FCF_OI_qb0of3__C15_FCF_P_DYN_riseq1__v0,MOM_qb2of3__FCF_OI_qb0of3,C15_FCF_P_DYN_riseq1,0.12785146072671383,0.11480569700354648,0.013045763723167347,-0.6722629555857373,0.45663366336633665,17.55,28.950877192982457
MOM_qb2of3__FCF_OI_qb0of3__C16_FCF_P_DYN_riseq2__v0,MOM_qb2of3__FCF_OI_qb0of3,C16_FCF_P_DYN_riseq2,0.12785000903447097,0.11480569700354648,0.013044312030924488,-0.7022847045532412,0.45900439238653,21.09,32.10948905109489
EV_S_qb1of3__ROIC_qb2of3__C6_ROE_DYN_ytdavg_gt_lyytdavg__v0,EV_S_qb1of3__ROIC_qb2of3,C6_ROE_DYN_ytdavg_gt_lyytdavg,0.1277392255066332,0.1141413742374382,0.013597851269194994,-0.5402841409397323,0.4886908841672378,18.87,94.86315789473684
P_IC_qb1of3__DEBTRATIO_qb1of3__C13_EPS_DYN_ytdavg_gt_lyytdavg__v0,P_IC_qb1of3__DEBTRATIO_qb1of3,C13_EPS_DYN_ytdavg_gt_lyytdavg,0.12770926846416653,0.10564924828883626,0.022060020175330264,-0.543882782523412,0.4779706275033378,18.96,91.58245614035087
PB_qb1of3__DEBTRATIO_qb1of3__C6_ROE_DYN_ytdavg_gt_lyytdavg__v0,PB_qb1of3__DEBTRATIO_qb1of3,C6_ROE_DYN_ytdavg_gt_lyytdavg,0.1276691048544949,0.10295792396196068,0.024711180892534212,-0.577202765147372,0.47894406033940917,19.55,74.42807017543859
PB_qb1of3__FCF_P_qb1of3__C13_EPS_DYN_ytdavg_gt_lyytdavg__v0,PB_qb1of3__FCF_P_qb1of3,C13_EPS_DYN_ytdavg_gt_lyytdavg,0.12760946591441624,0.1059407351797439,0.021668730734672348,-0.6172015520622478,0.4844040487502582,18.48,72.63508771929824
PS_qb1of3__OCF_E_qb1of3__C6_ROE_DYN_ytdavg_gt_lyytdavg__v0,PS_qb1of3__OCF_E_qb1of3,C6_ROE_DYN_ytdavg_gt_lyytdavg,0.12760554582686257,0.11005598483431767,0.0175495609925449,-0.5972836148966907,0.48362156663275685,19.63,81.4421052631579
MOM_qb2of3__FCF_OI_qb1of3__C15_FCF_P_DYN_riseq1__v0,MOM_qb2of3__FCF_OI_qb1of3,C15_FCF_P_DYN_riseq1,0.12752366175967644,0.15028408428317808,-0.022760422523501633,-0.7118302958191556,0.4601953240603729,16.8,74.32631578947368
PB_qb1of3__DEBTRATIO_qb1of3__C1_ROE_DYN_riseq1__v0,PB_qb1of3__DEBTRATIO_qb1of3,C1_ROE_DYN_riseq1,0.12749771998307158,0.10295792396196068,0.024539796021110893,-0.6430661124699764,0.4963621665319321,18.65,81.41052631578947
EV_S_qb0of3__NETDEBT_EBITDA_qb2of3__C20_FCF_P_DYN_ytdavg_gt_lyytdavg__v0,EV_S_qb0of3__NETDEBT_EBITDA_qb2of3,C20_FCF_P_DYN_ytdavg_gt_lyytdavg,0.12743734217183844,0.15594460285259082,-0.028507260680752378,-0.6084374296351929,0.49628334062090074,18.17,61.35438596491228
EV_S_qb1of3__OCF_E_qb1of3__C14_EPS_DYN_ytdavg_gt_lyavg__v0,EV_S_qb1of3__OCF_E_qb1of3,C14_EPS_DYN_ytdavg_gt_lyavg,0.1274336413515864,0.11661669962271093,0.010816941728875484,-0.5898119474045453,0.48967243897350304,18.99,78.8140350877193
PS_qb1of3__NETDEBT_EBITDA_qb1of3__C12_EPS_DYN_yoy__v0,PS_qb1of3__NETDEBT_EBITDA_qb1of3,C12_EPS_DYN_yoy,0.12741269855425807,0.10584118790426911,0.021571510649988968,-0.6080893805847227,0.47220331291127754,22.45,101.944
PS_qb1of3__None__C14_EPS_DYN_ytdavg_gt_lyavg__v0,PS_qb1of3__None,C14_EPS_DYN_ytdavg_gt_lyavg,0.12739181320951598,0.10831162240253711,0.01908019080697887,-0.574274726923923,0.48244274809160304,18.96,220.5719298245614
EV_S_qb1of3__OCF_E_qb1of3__C16_FCF_P_DYN_riseq2__v0,EV_S_qb1of3__OCF_E_qb1of3,C16_FCF_P_DYN_riseq2,0.12733538412931833,0.11661669962271093,0.010718684506607401,-0.6318554778458971,0.48260057715158716,22.9,88.97080291970804
PS_qb1of3__DEBTRATIO_qb0of3__None__v0,PS_qb1of3__DEBTRATIO_qb0of3,None,0.12730497339873037,0.12730497339873037,0.0,-0.6204392984573537,0.5118071091225453,19.89,159.7205387205387
PS_qb0of3__DEBTRATIO_qb2of3__C15_FCF_P_DYN_riseq1__v0,PS_qb0of3__DEBTRATIO_qb2of3,C15_FCF_P_DYN_riseq1,0.12722088140745758,0.16533570385241192,-0.038114822444954344,-0.6021582847582608,0.4689875950380152,18.34,123.94736842105263
ROE_qb2of3__NETDEBT_EBITDA_qb2of3__None__v0,ROE_qb2of3__NETDEBT_EBITDA_qb2of3,None,0.12706706831299486,0.12706706831299486,0.0,-0.5004202532381441,0.4561849123698247,18.98,90.73063973063974
MOM_qb2of3__ROE_qb1of3__C19_FCF_P_DYN_yoy__v0,MOM_qb2of3__ROE_qb1of3,C19_FCF_P_DYN_yoy,0.12706370230394115,0.14308725897377994,-0.01602355666983879,-0.6564783626488166,0.4914327378782355,20.67,73.88
PS_qb0of3__NETDEBT_EBITDA_qb0of3__C18_FCF_P_DYN_qmax8__v0,PS_qb0of3__NETDEBT_EBITDA_qb0of3,C18_FCF_P_DYN_qmax8,0.12706192275637207,0.1627649501016779,-0.03570302734530584,-0.6783708988796076,0.46346346346346345,20.68,13.437768240343347
P_IC_qb1of3__NETDEBT_EBITDA_qb0of3__C19_FCF_P_DYN_yoy__v0,P_IC_qb1of3__NETDEBT_EBITDA_qb0of3,C19_FCF_P_DYN_yoy,0.12695556783156503,0.14197552309035966,-0.015019955258794626,-0.6234932401986111,0.4990736452061139,21.88,87.1
PB_qb1of3__MOM_qb2of3__C20_FCF_P_DYN_ytdavg_gt_lyytdavg__v0,PB_qb1of3__MOM_qb2of3,C20_FCF_P_DYN_ytdavg_gt_lyytdavg,0.12688415451733648,0.1423822447586076,-0.015498090241271134,-0.6654405184499935,0.48859180035650623,15.99,75.33333333333333
PS_qb1of3__OCF_E_qb2of3__C8_EPS_DYN_riseq1__v0,PS_qb1of3__OCF_E_qb2of3,C8_EPS_DYN_riseq1,0.12687461538139666,0.10402702318790835,0.02284759219348831,-0.5714432940824938,0.4846604619096863,19.86,83.89122807017544
P_IC_qb1of3__NETDEBT_EBITDA_qb0of3__C17_FCF_P_DYN_qmax4__v0,P_IC_qb1of3__NETDEBT_EBITDA_qb0of3,C17_FCF_P_DYN_qmax4,0.12682128979953577,0.14197552309035966,-0.015154233290823882,-0.6104736024912039,0.4538722616476396,18.91,42.282442748091604
PB_qb1of3__DEBTRATIO_qb1of3__C8_EPS_DYN_riseq1__v0,PB_qb1of3__DEBTRATIO_qb1of3,C8_EPS_DYN_riseq1,0.12674898947491342,0.10295792396196068,0.023791065512952736,-0.631484519350683,0.4962784148058741,18.41,82.1859649122807
EV_S_qb1of3__ACCRUAL_qb1of3__C7_ROE_DYN_ytdavg_gt_lyavg__v0,EV_S_qb1of3__ACCRUAL_qb1of3,C7_ROE_DYN_ytdavg_gt_lyavg,0.12674084097569804,0.11564064478310487,0.01110019619259317,-0.6330089200665963,0.48733333333333334,20.18,70.94385964912281
PB_qb1of3__DEBTRATIO_qb1of3__C13_EPS_DYN_ytdavg_gt_lyytdavg__v0,PB_qb1of3__DEBTRATIO_qb1of3,C13_EPS_DYN_ytdavg_gt_lyytdavg,0.1266185158489581,0.10295792396196068,0.02366059188699743,-0.5546002879863043,0.47694610778443114,19.5,78.88771929824561
ROE_qb2of3__FCF_OI_qb1of3__C6_ROE_DYN_ytdavg_gt_lyytdavg__v0,ROE_qb2of3__FCF_OI_qb1of3,C6_ROE_DYN_ytdavg_gt_lyytdavg,0.12661366229196958,0.1080080007178279,0.018605661574141674,-0.45796635920851236,0.47683369644153956,18.16,113.98245614035088
EV_S_qb0of3__ROIC_qb2of3__C15_FCF_P_DYN_riseq1__v0,EV_S_qb0of3__ROIC_qb2of3,C15_FCF_P_DYN_riseq1,0.12657492706110274,0.15759388570377553,-0.03101895864267279,-0.5414402296702757,0.466143977191732,18.59,55.04912280701755
ROE_qb2of3__ROIC_qb2of3__C14_EPS_DYN_ytdavg_gt_lyavg__v0,ROE_qb2of3__ROIC_qb2of3,C14_EPS_DYN_ytdavg_gt_lyavg,0.1265227776827902,0.10622238694356079,0.0203003907392294,-0.43668617332284454,0.4542480211081794,19.24,270.2421052631579
PS_qb1of3__NETDEBT_EBITDA_qb0of3__C16_FCF_P_DYN_riseq2__v0,PS_qb1of3__NETDEBT_EBITDA_qb0of3,C16_FCF_P_DYN_riseq2,0.1264451561562696,0.1188095866868164,0.007635569469453207,-0.6575642972879403,0.4967182372245663,19.42,79.63138686131387
ROE_qb2of3__DEBTRATIO_qb0of3__C13_EPS_DYN_ytdavg_gt_lyytdavg__v0,ROE_qb2of3__DEBTRATIO_qb0of3,C13_EPS_DYN_ytdavg_gt_lyytdavg,0.1264348282435166,0.1083279530990704,0.0181068751444462,-0.5028306602440579,0.4639403150041448,18.83,95.91929824561403
ROE_qb2of3__None__C13_EPS_DYN_ytdavg_gt_lyytdavg__v0,ROE_qb2of3__None,C13_EPS_DYN_ytdavg_gt_lyytdavg,0.1264084878956142,0.1096895179268933,0.01671896996872091,-0.437104323060161,0.45440389294403893,19.13,315.1333333333333
P_IC_qb1of3__ROE_qb1of3__C1_ROE_DYN_riseq1__v0,P_IC_qb1of3__ROE_qb1of3,C1_ROE_DYN_riseq1,0.1264063803374218,0.10659619036251833,0.01981018997490347,-0.614685330680444,0.49919015225137675,18.87,97.76491228070175
ROE_qb2of3__FCF_OI_qb2of3__C13_EPS_DYN_ytdavg_gt_lyytdavg__v0,ROE_qb2of3__FCF_OI_qb2of3,C13_EPS_DYN_ytdavg_gt_lyytdavg,0.1264023412497719,0.10829014177983431,0.018112199469937584,-0.540804235864628,0.4565347721822542,19.59,101.26315789473684
ROE_qb2of3__FCF_OI_qb1of3__C8_EPS_DYN_riseq1__v0,ROE_qb2of3__FCF_OI_qb1of3,C8_EPS_DYN_riseq1,0.12634297422352403,0.1080080007178279,0.01833497350569613,-0.5188909905983343,0.48135593220338985,18.41,125.05964912280702
ROE_qb2of3__FCF_OI_qb2of3__C20_FCF_P_DYN_ytdavg_gt_lyytdavg__v0,ROE_qb2of3__FCF_OI_qb2of3,C20_FCF_P_DYN_ytdavg_gt_lyytdavg,0.12630780420612586,0.10829014177983431,0.018017662426291547,-0.5635160670475745,0.48276913693199147,20.08,96.4
ROE_qb2of3__None__C8_EPS_DYN_riseq1__v0,ROE_qb2of3__None,C8_EPS_DYN_riseq1,0.12628820149251396,0.1096895179268933,0.016598683565620664,-0.4805645218567294,0.46775931492088696,19.18,322.1438596491228
P_IC_qb1of3__None__C1_ROE_DYN_riseq1__v0,P_IC_qb1of3__None,C1_ROE_DYN_riseq1,0.12608915315232005,0.10927398071020056,0.016815172442119497,-0.6152425240752224,0.4877250409165303,18.64,235.63859649122807
P_IC_qb1of3__NETDEBT_EBITDA_qb1of3__C1_ROE_DYN_riseq1__v0,P_IC_qb1of3__NETDEBT_EBITDA_qb1of3,C1_ROE_DYN_riseq1,0.12603282744634847,0.11425449559436518,0.011778331851983292,-0.6086997050018725,0.4929987270412802,19.84,89.37894736842105
MOM_qb2of3__NETDEBT_EBITDA_qb1of3__C15_FCF_P_DYN_riseq1__v0,MOM_qb2of3__NETDEBT_EBITDA_qb1of3,C15_FCF_P_DYN_riseq1,0.12592210304352425,0.1473077734732009,-0.02138567042967665,-0.6550917649878527,0.47042640990371387,19.99,75.63508771929824
PB_qb1of3__OCF_E_qb2of3__None__v0,PB_qb1of3__OCF_E_qb2of3,None,0.1259024888946132,0.1259024888946132,0.0,-0.5614887782301478,0.49095666022068024,20.17,145.7979797979798
PS_qb1of3__None__C8_EPS_DYN_riseq1__v0,PS_qb1of3__None,C8_EPS_DYN_riseq1,0.125891285359937,0.10831162240253711,0.017579662957399877,-0.6178443482039688,0.4820856393824643,19.74,239.5438596491228
EV_S_qb1of3__MOM_qb2of3__C19_FCF_P_DYN_yoy__v0,EV_S_qb1of3__MOM_qb2of3,C19_FCF_P_DYN_yoy,0.1258180979888126,0.1365027028696275,-0.010684604880814907,-0.7053137930329081,0.47753530166880614,19.14,76.148
EV_S_qb1of3__ACCRUAL_qb1of3__C6_ROE_DYN_ytdavg_gt_lyytdavg__v0,EV_S_qb1of3__ACCRUAL_qb1of3,C6_ROE_DYN_ytdavg_gt_lyytdavg,0.12576394251431666,0.11564064478310487,0.010123297731211789,-0.6308147393609889,0.48365465213746855,20.52,75.73684210526316
PB_qb1of3__NETDEBT_EBITDA_qb1of3__C10_EPS_DYN_qmax4__v0,PB_qb1of3__NETDEBT_EBITDA_qb1of3,C10_EPS_DYN_qmax4,0.125756188823968,0.11518524454398116,0.010570944279986838,-0.5125725342557775,0.511600928074246,18.64,52.912213740458014
PB_qb0of3__ROIC_qb2of3__C17_FCF_P_DYN_qmax4__v0,PB_qb0of3__ROIC_qb2of3,C17_FCF_P_DYN_qmax4,0.12575599921830571,0.2065902141161089,-0.08083421489780318,-0.624488199572715,0.48532494758909855,23.97,12.452
PS_qb1of3__None__C7_ROE_DYN_ytdavg_gt_lyavg__v0,PS_qb1of3__None,C7_ROE_DYN_ytdavg_gt_lyavg,0.12574685788778162,0.10831162240253711,0.017435235485244505,-0.5966227855917505,0.48042845807987306,18.8,202.81052631578947
ROE_qb2of3__None__C20_FCF_P_DYN_ytdavg_gt_lyytdavg__v0,ROE_qb2of3__None,C20_FCF_P_DYN_ytdavg_gt_lyytdavg,0.1257048678783843,0.1096895179268933,0.01601534995149101,-0.5852975772335156,0.5080355254810742,19.55,216.40350877192984
PS_qb1of3__ROIC_qb2of3__None__v0,PS_qb1of3__ROIC_qb2of3,None,0.12570144548191764,0.12570144548191764,0.0,-0.5907810750305598,0.48607061872367996,19.28,169.07744107744108
PS_qb1of3__DEBTRATIO_qb0of3__C20_FCF_P_DYN_ytdavg_gt_lyytdavg__v0,PS_qb1of3__DEBTRATIO_qb0of3,C20_FCF_P_DYN_ytdavg_gt_lyytdavg,0.12558959652847146,0.12730497339873037,-0.0017153768702589112,-0.6405505259607163,0.5161778046567886,20.15,80.09122807017543
PS_qb1of3__FCF_P_qb1of3__C6_ROE_DYN_ytdavg_gt_lyytdavg__v0,PS_qb1of3__FCF_P_qb1of3,C6_ROE_DYN_ytdavg_gt_lyytdavg,0.12548276833993954,0.10355268343095037,0.021930084908989178,-0.6129045944979521,0.4870573617726237,18.88,74.43508771929825
PS_qb0of3__OCF_E_qb1of3__C17_FCF_P_DYN_qmax4__v0,PS_qb0of3__OCF_E_qb1of3,C17_FCF_P_DYN_qmax4,0.12545558173054894,0.16163055872724263,-0.0361749769966937,-0.5814904451768647,0.4674644727000748,18.5,33.767175572519086
ROE_qb2of3__NETDEBT_EBITDA_qb0of3__C18_FCF_P_DYN_qmax8__v0,ROE_qb2of3__NETDEBT_EBITDA_qb0of3,C18_FCF_P_DYN_qmax8,0.1254517941280766,0.1064581381558376,0.01899365597223901,-0.6627678066065266,0.46027846027846026,23.05,16.228699551569505
EV_S_qb0of3__FCF_OI_qb1of3__C18_FCF_P_DYN_qmax8__v0,EV_S_qb0of3__FCF_OI_qb1of3,C18_FCF_P_DYN_qmax8,0.12544778494242537,0.15841923538251113,-0.03297145044008576,-0.6516100972948287,0.4293413173652695,16.47,23.97536945812808
PS_qb1of3__ROIC_qb2of3__C7_ROE_DYN_ytdavg_gt_lyavg__v0,PS_qb1of3__ROIC_qb2of3,C7_ROE_DYN_ytdavg_gt_lyavg,0.12540919990886001,0.12570144548191764,-0.00029224557305762566,-0.5402656890716202,0.4828118113706479,19.24,94.4140350877193
ROE_qb2of3__ROIC_qb2of3__C20_FCF_P_DYN_ytdavg_gt_lyytdavg__v0,ROE_qb2of3__ROIC_qb2of3,C20_FCF_P_DYN_ytdavg_gt_lyytdavg,0.12538193940427678,0.10622238694356079,0.01915955246071599,-0.5865445250613239,0.5059437166424066,19.68,184.61754385964912
P_IC_qb0of3__None__C17_FCF_P_DYN_qmax4__v0,P_IC_qb0of3__None,C17_FCF_P_DYN_qmax4,0.12537233464127273,0.18180748761405363,-0.0564351529727809,-0.5995205569356661,0.47969673605756874,19.02,117.11068702290076
P_IC_qb1of3__NETDEBT_EBITDA_qb0of3__C18_FCF_P_DYN_qmax8__v0,P_IC_qb1of3__NETDEBT_EBITDA_qb0of3,C18_FCF_P_DYN_qmax8,0.125303336702145,0.14197552309035966,-0.01667218638821466,-0.5901028150461434,0.44704433497536944,19.97,21.763948497854077
EV_S_qb1of3__ROE_qb2of3__C14_EPS_DYN_ytdavg_gt_lyavg__v0,EV_S_qb1of3__ROE_qb2of3,C14_EPS_DYN_ytdavg_gt_lyavg,0.1252817803184878,0.11697884944628889,0.00830293087219891,-0.5106467959268148,0.48626852659110725,18.55,98.12280701754386
EV_S_qb1of3__None__C13_EPS_DYN_ytdavg_gt_lyytdavg__v0,EV_S_qb1of3__None,C13_EPS_DYN_ytdavg_gt_lyytdavg,0.12522095369151698,0.11690579369850362,0.008315159993013355,-0.5993730981338077,0.4793111992071358,19.52,231.80701754385964
EV_S_qb1of3__ROE_qb2of3__C6_ROE_DYN_ytdavg_gt_lyytdavg__v0,EV_S_qb1of3__ROE_qb2of3,C6_ROE_DYN_ytdavg_gt_lyytdavg,0.12516314762266068,0.11697884944628889,0.008184298176371785,-0.5335910593285313,0.48523985239852396,18.41,92.15789473684211
PB_qb1of3__DEBTRATIO_qb0of3__C14_EPS_DYN_ytdavg_gt_lyavg__v0,PB_qb1of3__DEBTRATIO_qb0of3,C14_EPS_DYN_ytdavg_gt_lyavg,0.12509613658838004,0.108940444371451,0.01615569221692903,-0.6421965764966054,0.4922794117647059,17.82,65.03508771929825
P_IC_qb1of3__OCF_E_qb1of3__C13_EPS_DYN_ytdavg_gt_lyytdavg__v0,P_IC_qb1of3__OCF_E_qb1of3,C13_EPS_DYN_ytdavg_gt_lyytdavg,0.1250633201929381,0.10872133611728962,0.016341984075648464,-0.5588851059253812,0.49146825396825394,19.47,82.89824561403509
EV_S_qb1of3__ACCRUAL_qb1of3__C14_EPS_DYN_ytdavg_gt_lyavg__v0,EV_S_qb1of3__ACCRUAL_qb1of3,C14_EPS_DYN_ytdavg_gt_lyavg,0.1250526568031083,0.11564064478310487,0.009412012020003413,-0.6190137768895398,0.4890572390572391,20.68,75.65964912280701
ROE_qb2of3__FCF_OI_qb2of3__C19_FCF_P_DYN_yoy__v0,ROE_qb2of3__FCF_OI_qb2of3,C19_FCF_P_DYN_yoy,0.1250337150943619,0.10829014177983431,0.016743573314527582,-0.5675718181286551,0.4863166713208601,24.89,109.86
EV_S_qb1of3__None__C6_ROE_DYN_ytdavg_gt_lyytdavg__v0,EV_S_qb1of3__None,C6_ROE_DYN_ytdavg_gt_lyytdavg,0.12496648592457094,0.11690579369850362,0.008060692226067312,-0.6114043523775599,0.47849740932642487,19.36,216.2421052631579
MOM_qb2of3__FCF_P_qb0of3__None__v0,MOM_qb2of3__FCF_P_qb0of3,None,0.12480208289160699,0.12480208289160699,0.0,-0.6877334127468548,0.4645550527903469,18.38,144.36026936026937
PS_qb1of3__ROE_qb2of3__None__v0,PS_qb1of3__ROE_qb2of3,None,0.12478241714928062,0.12478241714928062,0.0,-0.5873626349333348,0.48310471729675475,19.26,156.69023569023568
P_IC_qb1of3__None__C13_EPS_DYN_ytdavg_gt_lyytdavg__v0,P_IC_qb1of3__None,C13_EPS_DYN_ytdavg_gt_lyytdavg,0.12476200373997948,0.10927398071020056,0.015488023029778919,-0.5686743889704764,0.47835186396337476,18.94,224.9298245614035
EV_S_qb1of3__MOM_qb2of3__C15_FCF_P_DYN_riseq1__v0,EV_S_qb1of3__MOM_qb2of3,C15_FCF_P_DYN_riseq1,0.12464008793741677,0.1365027028696275,-0.011862614932210747,-0.7164885017080576,0.465514456469068,19.62,70.25964912280702
MOM_qb1of3__ROE_qb2of3__C7_ROE_DYN_ytdavg_gt_lyavg__v0,MOM_qb1of3__ROE_qb2of3,C7_ROE_DYN_ytdavg_gt_lyavg,0.12462175367295547,0.10710814018856007,0.017513613484395396,-0.6339821997176922,0.531703730931814,19.32,69.62105263157895
PS_qb1of3__ROIC_qb2of3__C16_FCF_P_DYN_riseq2__v0,PS_qb1of3__ROIC_qb2of3,C16_FCF_P_DYN_riseq2,0.1245474028114264,0.12570144548191764,-0.0011540426704912399,-0.6250825190362365,0.4884348496530455,22.17,88.33576642335767
EV_S_qb0of3__ROE_qb2of3__C17_FCF_P_DYN_qmax4__v0,EV_S_qb0of3__ROE_qb2of3,C17_FCF_P_DYN_qmax4,0.12453990326731401,0.16080766307492578,-0.036267759807611766,-0.5387344302732499,0.47065682083171395,20.8,33.408396946564885
PS_qb0of3__NETDEBT_EBITDA_qb2of3__C15_FCF_P_DYN_riseq1__v0,PS_qb0of3__NETDEBT_EBITDA_qb2of3,C15_FCF_P_DYN_riseq1,0.12450494163888193,0.16474534749704373,-0.0402404058581618,-0.6206736751471744,0.46695445072938374,19.57,112.25964912280702
EV_S_qb0of3__None__C15_FCF_P_DYN_riseq1__v0,EV_S_qb0of3__None,C15_FCF_P_DYN_riseq1,0.1244646261129545,0.15765702596425268,-0.03319239985129818,-0.5794633011231622,0.4729056603773585,19.17,225.7578947368421
EV_S_qb1of3__EV_EBITDA_qb1of3__C16_FCF_P_DYN_riseq2__v0,EV_S_qb1of3__EV_EBITDA_qb1of3,C16_FCF_P_DYN_riseq2,0.12442631939466975,0.12268266204092337,0.001743657353746375,-0.6367311415009054,0.49176507147296455,21.97,105.03284671532846
EV_S_qb1of3__OCF_E_qb1of3__C7_ROE_DYN_ytdavg_gt_lyavg__v0,EV_S_qb1of3__OCF_E_qb1of3,C7_ROE_DYN_ytdavg_gt_lyavg,0.12426852350493833,0.11661669962271093,0.007651823882227404,-0.6171406546840346,0.4880212954747116,18.84,73.69824561403509
PB_qb1of3__NETDEBT_EBITDA_qb1of3__C1_ROE_DYN_riseq1__v0,PB_qb1of3__NETDEBT_EBITDA_qb1of3,C1_ROE_DYN_riseq1,0.12426468858814399,0.11518524454398116,0.009079444044162832,-0.5908924355562459,0.499609984399376,20.22,81.17894736842105
PS_qb1of3__ROIC_qb2of3__C19_FCF_P_DYN_yoy__v0,PS_qb1of3__ROIC_qb2of3,C19_FCF_P_DYN_yoy,0.12419391431651627,0.12570144548191764,-0.0015075311654013657,-0.642979289005531,0.5041322314049587,23.95,88.844
EV_S_qb1of3__NETDEBT_EBITDA_qb2of3__C20_FCF_P_DYN_ytdavg_gt_lyytdavg__v0,EV_S_qb1of3__NETDEBT_EBITDA_qb2of3,C20_FCF_P_DYN_ytdavg_gt_lyytdavg,0.12416695709163483,0.13111893250082707,-0.006951975409192235,-0.6498771954674081,0.4880517289850998,19.85,87.96842105263158
MOM_qb1of3__ROE_qb2of3__C3_ROE_DYN_qmax4__v0,MOM_qb1of3__ROE_qb2of3,C3_ROE_DYN_qmax4,0.12414666704648303,0.10710814018856007,0.017038526857922953,-0.6674968828865435,0.5350766909730953,20.29,49.847328244274806
PS_qb1of3__FCF_OI_qb2of3__C13_EPS_DYN_ytdavg_gt_lyytdavg__v0,PS_qb1of3__FCF_OI_qb2of3,C13_EPS_DYN_ytdavg_gt_lyytdavg,0.1241435748057329,0.10831075228758014,0.015832822518152767,-0.6045618515015442,0.481699222454011,20.67,78.05263157894737
ROE_qb2of3__None__C1_ROE_DYN_riseq1__v0,ROE_qb2of3__None,C1_ROE_DYN_riseq1,0.12412807165233675,0.1096895179268933,0.014438553725443448,-0.47231305792184397,0.4626865671641791,19.51,315.7368421052632
EV_S_qb0of3__OCF_E_qb2of3__C15_FCF_P_DYN_riseq1__v0,EV_S_qb0of3__OCF_E_qb2of3,C15_FCF_P_DYN_riseq1,0.12404682001152367,0.15528067250881317,-0.031233852497289494,-0.5856640548657966,0.4723417822413518,20.63,80.66315789473684
PS_qb1of3__OCF_E_qb2of3__C14_EPS_DYN_ytdavg_gt_lyavg__v0,PS_qb1of3__OCF_E_qb2of3,C14_EPS_DYN_ytdavg_gt_lyavg,0.12401955234630324,0.10402702318790835,0.01999252915839489,-0.5282106110505966,0.47969286724590826,20.17,82.29122807017544
EV_S_qb1of3__ROE_qb2of3__C20_FCF_P_DYN_ytdavg_gt_lyytdavg__v0,EV_S_qb1of3__ROE_qb2of3,C20_FCF_P_DYN_ytdavg_gt_lyytdavg,0.12394476820538824,0.11697884944628889,0.006965918759099354,-0.6050045042043045,0.5073990469024329,18.59,76.64561403508772
P_IC_qb1of3__NETDEBT_EBITDA_qb1of3__C8_EPS_DYN_riseq1__v0,P_IC_qb1of3__NETDEBT_EBITDA_qb1of3,C8_EPS_DYN_riseq1,0.12393946665562727,0.11425449559436518,0.009684971061262093,-0.612292566114877,0.4934083318685182,19.95,92.50526315789473
PS_qb1of3__None__C6_ROE_DYN_ytdavg_gt_lyytdavg__v0,PS_qb1of3__None,C6_ROE_DYN_ytdavg_gt_lyytdavg,0.12393036088910181,0.10831162240253711,0.015618738486564698,-0.5972119597044827,0.48041155520379897,19.37,215.03859649122808
EV_S_qb1of3__None__C7_ROE_DYN_ytdavg_gt_lyavg__v0,EV_S_qb1of3__None,C7_ROE_DYN_ytdavg_gt_lyavg,0.12389053439437259,0.11690579369850362,0.006984740695868963,-0.6149451078237542,0.4779931883678281,19.07,203.8842105263158
PS_qb1of3__ROE_qb2of3__C16_FCF_P_DYN_riseq2__v0,PS_qb1of3__ROE_qb2of3,C16_FCF_P_DYN_riseq2,0.1238785707115515,0.12478241714928062,-0.0009038464377291167,-0.6338952458075311,0.4878655880522713,22.57,81.43795620437956
P_IC_qb1of3__ROE_qb1of3__C12_EPS_DYN_yoy__v0,P_IC_qb1of3__ROE_qb1of3,C12_EPS_DYN_yoy,0.12384799579579253,0.10659619036251833,0.017251805433274203,-0.5950899394685754,0.489839365202245,21.74,93.832
PS_qb1of3__OCF_E_qb1of3__C11_EPS_DYN_qmax8__v0,PS_qb1of3__OCF_E_qb1of3,C11_EPS_DYN_qmax8,0.12380806397563204,0.11005598483431767,0.013752079141314377,-0.6851254645328353,0.5074626865671642,20.17,26.445887445887447
PS_qb1of3__FCF_P_qb1of3__C4_ROE_DYN_qmax8__v0,PS_qb1of3__FCF_P_qb1of3,C4_ROE_DYN_qmax8,0.12379433529871409,0.10355268343095037,0.02024165186776372,-0.7272072989701581,0.5181940700808625,19.02,22.0
P_IC_qb0of3__PB_qb0of3__C17_FCF_P_DYN_qmax4__v0,P_IC_qb0of3__PB_qb0of3,C17_FCF_P_DYN_qmax4,0.12370355164588998,0.18660855823064182,-0.06290500658475184,-0.6152918711075472,0.4846740050804403,20.73,87.91603053435115
MOM_qb2of3__DEBTRATIO_qb0of3__C17_FCF_P_DYN_qmax4__v0,MOM_qb2of3__DEBTRATIO_qb0of3,C17_FCF_P_DYN_qmax4,0.1236631996000146,0.1358581434377284,-0.0121949438377138,-0.7297695895422988,0.4573913043478261,18.88,33.69847328244275
P_IC_qb1of3__None__C6_ROE_DYN_ytdavg_gt_lyytdavg__v0,P_IC_qb1of3__None,C6_ROE_DYN_ytdavg_gt_lyytdavg,0.12360941131644676,0.10927398071020056,0.014335430606246202,-0.5831606620422591,0.47878128400435255,18.75,213.28070175438597
MOM_qb2of3__None__C18_FCF_P_DYN_qmax8__v0,MOM_qb2of3__None,C18_FCF_P_DYN_qmax8,0.1235941069201063,0.11806777849564609,0.005526328424460214,-0.6993138947195154,0.461034402059443,21.98,55.00429184549356
EV_S_qb0of3__OCF_E_qb1of3__C18_FCF_P_DYN_qmax8__v0,EV_S_qb0of3__OCF_E_qb1of3,C18_FCF_P_DYN_qmax8,0.12357155980723133,0.16012337011211542,-0.03655181030488408,-0.60300066529487,0.46407185628742514,25.92,17.163090128755364
ROE_qb2of3__ACCRUAL_qb1of3__C14_EPS_DYN_ytdavg_gt_lyavg__v0,ROE_qb2of3__ACCRUAL_qb1of3,C14_EPS_DYN_ytdavg_gt_lyavg,0.12352099092733693,0.10621584572289322,0.017305145204443706,-0.4709111689516895,0.4833826344179572,19.62,87.87719298245614
PS_qb1of3__NETDEBT_EBITDA_qb1of3__C6_ROE_DYN_ytdavg_gt_lyytdavg__v0,PS_qb1of3__NETDEBT_EBITDA_qb1of3,C6_ROE_DYN_ytdavg_gt_lyytdavg,0.12330554393479387,0.10584118790426911,0.017464356030524764,-0.5736941931865305,0.4762569832402235,21.11,86.52631578947368
MOM_qb2of3__ACCRUAL_qb2of3__C14_EPS_DYN_ytdavg_gt_lyavg__v0,MOM_qb2of3__ACCRUAL_qb2of3,C14_EPS_DYN_ytdavg_gt_lyavg,0.12329762842221981,0.11763516061125423,0.005662467810965577,-0.6209463362547556,0.47253355472533554,16.9,90.08771929824562
PS_qb1of3__ROIC_qb2of3__C13_EPS_DYN_ytdavg_gt_lyytdavg__v0,PS_qb1of3__ROIC_qb2of3,C13_EPS_DYN_ytdavg_gt_lyytdavg,0.12328662722446837,0.12570144548191764,-0.0024148182574492694,-0.5333503060326721,0.48382867132867136,19.43,106.94736842105263
EV_S_qb1of3__ROIC_qb2of3__C14_EPS_DYN_ytdavg_gt_lyavg__v0,EV_S_qb1of3__ROIC_qb2of3,C14_EPS_DYN_ytdavg_gt_lyavg,0.1232676023668875,0.1141413742374382,0.009126228129449299,-0.5227716518202974,0.48629989212513486,19.26,100.49122807017544
P_IC_qb1of3__None__C8_EPS_DYN_riseq1__v0,P_IC_qb1of3__None,C8_EPS_DYN_riseq1,0.12320921631359072,0.10927398071020056,0.013935235603390161,-0.6125753011693733,0.4876964126890009,18.98,237.15087719298245
PS_qb1of3__ACCRUAL_qb1of3__C1_ROE_DYN_riseq1__v0,PS_qb1of3__ACCRUAL_qb1of3,C1_ROE_DYN_riseq1,0.1231775805826325,0.10789709507912493,0.01528048550350758,-0.6496101570738687,0.4980511777664803,20.43,83.12982456140351
MOM_qb1of3__ROE_qb2of3__C15_FCF_P_DYN_riseq1__v0,MOM_qb1of3__ROE_qb2of3,C15_FCF_P_DYN_riseq1,0.12316768993863958,0.10710814018856007,0.016059549750079505,-0.5753468839941557,0.4909740840035746,22.04,62.25964912280702
P_IC_qb1of3__DEBTRATIO_qb1of3__C6_ROE_DYN_ytdavg_gt_lyytdavg__v0,P_IC_qb1of3__DEBTRATIO_qb1of3,C6_ROE_DYN_ytdavg_gt_lyytdavg,0.12312224446446884,0.10564924828883626,0.017472996175632582,-0.5966819610221519,0.47098402018502944,19.1,86.78245614035087
ROE_qb2of3__FCF_OI_qb1of3__C1_ROE_DYN_riseq1__v0,ROE_qb2of3__FCF_OI_qb1of3,C1_ROE_DYN_riseq1,0.123111007512964,0.1080080007178279,0.015103006795136098,-0.5298087636067338,0.47625814091178215,18.96,120.82456140350877
MOM_qb2of3__NETDEBT_EBITDA_qb2of3__C15_FCF_P_DYN_riseq1__v0,MOM_qb2of3__NETDEBT_EBITDA_qb2of3,C15_FCF_P_DYN_riseq1,0.12309911305024013,0.13607790519389984,-0.012978792143659712,-0.6806416521835217,0.4665770910312395,18.6,71.05263157894737
PB_qb1of3__OCF_E_qb2of3__C20_FCF_P_DYN_ytdavg_gt_lyytdavg__v0,PB_qb1of3__OCF_E_qb2of3,C20_FCF_P_DYN_ytdavg_gt_lyytdavg,0.12306554202827047,0.1259024888946132,-0.0028369468663427266,-0.5904901020477951,0.5033072760072159,20.03,76.13684210526316
ROE_qb2of3__ROIC_qb2of3__C8_EPS_DYN_riseq1__v0,ROE_qb2of3__ROIC_qb2of3,C8_EPS_DYN_riseq1,0.12304360556596983,0.10622238694356079,0.01682121862240904,-0.48161709428443156,0.4617778642287493,19.49,279.07719298245615
ROE_qb2of3__DEBTRATIO_qb0of3__C1_ROE_DYN_riseq1__v0,ROE_qb2of3__DEBTRATIO_qb0of3,C1_ROE_DYN_riseq1,0.12299078614278391,0.1083279530990704,0.014662833043713519,-0.49828452368356724,0.4686260367832672,19.42,94.74385964912281
EV_S_qb1of3__DEBTRATIO_qb1of3__C6_ROE_DYN_ytdavg_gt_lyytdavg__v0,EV_S_qb1of3__DEBTRATIO_qb1of3,C6_ROE_DYN_ytdavg_gt_lyytdavg,0.12293907812071403,0.11604034731042145,0.006898730810292575,-0.6097431689824104,0.4770851124395104,19.84,82.94736842105263
EV_S_qb1of3__EV_EBITDA_qb1of3__C20_FCF_P_DYN_ytdavg_gt_lyytdavg__v0,EV_S_qb1of3__EV_EBITDA_qb1of3,C20_FCF_P_DYN_ytdavg_gt_lyytdavg,0.1228745528999664,0.12268266204092337,0.00019189085904303127,-0.6265783857535523,0.4928037893969758,21.2,101.23157894736842
PS_qb1of3__ROE_qb2of3__C7_ROE_DYN_ytdavg_gt_lyavg__v0,PS_qb1of3__ROE_qb2of3,C7_ROE_DYN_ytdavg_gt_lyavg,0.12281601789287566,0.12478241714928062,-0.0019663992564049604,-0.5531837435760891,0.48052835345023914,19.56,89.4140350877193
P_IC_qb1of3__DEBTRATIO_qb1of3__C8_EPS_DYN_riseq1__v0,P_IC_qb1of3__DEBTRATIO_qb1of3,C8_EPS_DYN_riseq1,0.12277441633513209,0.10564924828883626,0.017125168046295824,-0.6214701304684194,0.4898490369599167,18.68,96.15789473684211
EV_S_qb1of3__ROIC_qb2of3__C13_EPS_DYN_ytdavg_gt_lyytdavg__v0,EV_S_qb1of3__ROIC_qb2of3,C13_EPS_DYN_ytdavg_gt_lyytdavg,0.1227725513725686,0.1141413742374382,0.008631177135130397,-0.5263518021984434,0.4804824561403509,19.58,103.1438596491228
PS_qb0of3__DEBTRATIO_qb2of3__C18_FCF_P_DYN_qmax8__v0,PS_qb0of3__DEBTRATIO_qb2of3,C18_FCF_P_DYN_qmax8,0.1227612651555996,0.16533570385241192,-0.04257443869681232,-0.6389112386580846,0.4669260700389105,20.63,32.862660944206006
EV_S_qb1of3__DEBTRATIO_qb1of3__C7_ROE_DYN_ytdavg_gt_lyavg__v0,EV_S_qb1of3__DEBTRATIO_qb1of3,C7_ROE_DYN_ytdavg_gt_lyavg,0.1227206026592127,0.11604034731042145,0.006680255348791242,-0.6087820287892549,0.4743703703703704,19.17,78.10877192982456
EV_S_qb1of3__EV_EBITDA_qb1of3__None__v0,EV_S_qb1of3__EV_EBITDA_qb1of3,None,0.12268266204092337,0.12268266204092337,0.0,-0.6024724157036989,0.48655977363829284,20.6,200.86868686868686
ROE_qb2of3__FCF_OI_qb2of3__C1_ROE_DYN_riseq1__v0,ROE_qb2of3__FCF_OI_qb2of3,C1_ROE_DYN_riseq1,0.1226764622358425,0.10829014177983431,0.014386320456008184,-0.517287215520361,0.4576600656056372,20.0,110.90877192982457
PB_qb0of3__DEBTRATIO_qb2of3__C17_FCF_P_DYN_qmax4__v0,PB_qb0of3__DEBTRATIO_qb2of3,C17_FCF_P_DYN_qmax4,0.12264128778083472,0.18803320787283906,-0.06539192009200434,-0.6038107865597875,0.4862081647664583,19.65,42.56106870229008
EV_S_qb1of3__ACCRUAL_qb0of3__None__v0,EV_S_qb1of3__ACCRUAL_qb0of3,None,0.12264039060979393,0.12264039060979393,0.0,-0.6104612772525811,0.4742973939703628,22.16,158.24915824915826
EV_S_qb1of3__ROE_qb2of3__C16_FCF_P_DYN_riseq2__v0,EV_S_qb1of3__ROE_qb2of3,C16_FCF_P_DYN_riseq2,0.12263699015886798,0.11697884944628889,0.005658140712579085,-0.6095684621034574,0.49372647427854455,20.48,79.99270072992701
EV_S_qb1of3__OCF_E_qb1of3__C20_FCF_P_DYN_ytdavg_gt_lyytdavg__v0,EV_S_qb1of3__OCF_E_qb1of3,C20_FCF_P_DYN_ytdavg_gt_lyytdavg,0.12256976988905666,0.11661669962271093,0.005953070266345728,-0.6285336906465968,0.479185769301302,22.65,86.43859649122807
PS_qb1of3__NETDEBT_EBITDA_qb1of3__C5_ROE_DYN_yoy__v0,PS_qb1of3__NETDEBT_EBITDA_qb1of3,C5_ROE_DYN_yoy,0.12249104786898357,0.10584118790426911,0.016649859964714464,-0.6248197586241591,0.4730280508271398,22.83,94.188
PS_qb1of3__FCF_OI_qb2of3__C11_EPS_DYN_qmax8__v0,PS_qb1of3__FCF_OI_qb2of3,C11_EPS_DYN_qmax8,0.12237805086833475,0.10831075228758014,0.014067298580754617,-0.6709191243554786,0.4959537572254335,25.46,25.34763948497854
PS_qb1of3__ROE_qb2of3__C13_EPS_DYN_ytdavg_gt_lyytdavg__v0,PS_qb1of3__ROE_qb2of3,C13_EPS_DYN_ytdavg_gt_lyytdavg,0.12231994084790809,0.12478241714928062,-0.0024624763013725293,-0.5455766251026136,0.48193592365371507,19.68,101.08070175438597
ROE_qb2of3__ACCRUAL_qb1of3__C18_FCF_P_DYN_qmax8__v0,ROE_qb2of3__ACCRUAL_qb1of3,C18_FCF_P_DYN_qmax8,0.12229816207611988,0.10621584572289322,0.016082316353226656,-0.7386929992378568,0.4664586583463339,27.73,16.09442060085837
ROE_qb2of3__DEBTRATIO_qb0of3__C8_EPS_DYN_riseq1__v0,ROE_qb2of3__DEBTRATIO_qb0of3,C8_EPS_DYN_riseq1,0.1222702230723649,0.1083279530990704,0.013942269973294508,-0.49380922550903694,0.4729874776386404,19.43,98.47719298245615
MOM_qb2of3__NETDEBT_EBITDA_qb2of3__C18_FCF_P_DYN_qmax8__v0,MOM_qb2of3__NETDEBT_EBITDA_qb2of3,C18_FCF_P_DYN_qmax8,0.12226367542358751,0.13607790519389984,-0.013814229770312325,-0.7393125081944799,0.48278335724533716,21.34,18.28755364806867
ROE_qb2of3__NETDEBT_EBITDA_qb0of3__C20_FCF_P_DYN_ytdavg_gt_lyytdavg__v0,ROE_qb2of3__NETDEBT_EBITDA_qb0of3,C20_FCF_P_DYN_ytdavg_gt_lyytdavg,0.12225524593913306,0.1064581381558376,0.01579710778329546,-0.604821209953857,0.5177514792899408,19.15,63.90526315789474
ROE_qb2of3__OCF_E_qb2of3__C17_FCF_P_DYN_qmax4__v0,ROE_qb2of3__OCF_E_qb2of3,C17_FCF_P_DYN_qmax4,0.12223713138550485,0.11121481636596298,0.011022315019541873,-0.6170805680345164,0.4585209003215434,23.79,58.02290076335878
P_IC_qb1of3__OCF_E_qb2of3__C8_EPS_DYN_riseq1__v0,P_IC_qb1of3__OCF_E_qb2of3,C8_EPS_DYN_riseq1,0.12222042513308051,0.11536649529775045,0.006853929835330064,-0.597900062329793,0.48861679739812514,18.77,73.53333333333333
MOM_qb2of3__ACCRUAL_qb2of3__C6_ROE_DYN_ytdavg_gt_lyytdavg__v0,MOM_qb2of3__ACCRUAL_qb2of3,C6_ROE_DYN_ytdavg_gt_lyytdavg,0.12221931664389851,0.11763516061125423,0.004584156032644282,-0.6482165756427392,0.4725889781859931,17.59,86.20701754385965
EV_S_qb1of3__DEBTRATIO_qb1of3__C14_EPS_DYN_ytdavg_gt_lyavg__v0,EV_S_qb1of3__DEBTRATIO_qb1of3,C14_EPS_DYN_ytdavg_gt_lyavg,0.12221558928857235,0.11604034731042145,0.006175241978150892,-0.5826719028258727,0.475561797752809,19.54,84.69473684210526
PS_qb1of3__ACCRUAL_qb1of3__C13_EPS_DYN_ytdavg_gt_lyytdavg__v0,PS_qb1of3__ACCRUAL_qb1of3,C13_EPS_DYN_ytdavg_gt_lyytdavg,0.12220049044567016,0.10789709507912493,0.014303395366545235,-0.6261456952313278,0.4851072279586974,20.54,79.7298245614035
PS_qb1of3__ROE_qb2of3__C19_FCF_P_DYN_yoy__v0,PS_qb1of3__ROE_qb2of3,C19_FCF_P_DYN_yoy,0.122166894632459,0.12478241714928062,-0.0026155225168216223,-0.6369527088726408,0.5,24.59,81.92
PB_qb0of3__None__C17_FCF_P_DYN_qmax4__v0,PB_qb0of3__None,C17_FCF_P_DYN_qmax4,0.12213542118860565,0.1813653578473695,-0.05922993665876386,-0.6075712463209844,0.47888034295801285,21.09,117.08396946564885
PS_qb1of3__DEBTRATIO_qb1of3__C12_EPS_DYN_yoy__v0,PS_qb1of3__DEBTRATIO_qb1of3,C12_EPS_DYN_yoy,0.1219963840855729,0.10359660874817855,0.018399775337394342,-0.6649094338686042,0.46921871502126705,23.38,100.904
EV_S_qb0of3__NETDEBT_EBITDA_qb0of3__C17_FCF_P_DYN_qmax4__v0,EV_S_qb0of3__NETDEBT_EBITDA_qb0of3,C17_FCF_P_DYN_qmax4,0.1219419555384329,0.1547916746673339,-0.032849719128901,-0.5682139213460815,0.4649719184156074,20.86,47.12977099236641
ROE_qb2of3__ACCRUAL_qb1of3__C16_FCF_P_DYN_riseq2__v0,ROE_qb2of3__ACCRUAL_qb1of3,C16_FCF_P_DYN_riseq2,0.12190428889422034,0.10621584572289322,0.015688443171327116,-0.6223903898740015,0.4987785016286645,22.29,69.03284671532846
EV_S_qb1of3__FCF_OI_qb2of3__C6_ROE_DYN_ytdavg_gt_lyytdavg__v0,EV_S_qb1of3__FCF_OI_qb2of3,C6_ROE_DYN_ytdavg_gt_lyytdavg,0.12174661392897024,0.11669571151307889,0.005050902415891345,-0.6036077740030834,0.48204613841524574,18.89,72.83508771929824
PS_qb1of3__FCF_OI_qb2of3__C14_EPS_DYN_ytdavg_gt_lyavg__v0,PS_qb1of3__FCF_OI_qb2of3,C14_EPS_DYN_ytdavg_gt_lyavg,0.12172216523159474,0.10831075228758014,0.0134114129440146,-0.5933955840240468,0.47787963332004785,21.13,74.81754385964912
EV_S_qb1of3__ACCRUAL_qb1of3__C13_EPS_DYN_ytdavg_gt_lyytdavg__v0,EV_S_qb1of3__ACCRUAL_qb1of3,C13_EPS_DYN_ytdavg_gt_lyytdavg,0.12172208316748834,0.11564064478310487,0.006081438384383464,-0.6210265674220752,0.4837310195227766,21.29,80.22105263157894
ROE_qb2of3__ROIC_qb2of3__C1_ROE_DYN_riseq1__v0,ROE_qb2of3__ROIC_qb2of3,C1_ROE_DYN_riseq1,0.12170738773418699,0.10622238694356079,0.015485000790626202,-0.47038039345088367,0.45662100456621,19.73,271.87719298245617
PS_qb1of3__NETDEBT_EBITDA_qb0of3__C13_EPS_DYN_ytdavg_gt_lyytdavg__v0,PS_qb1of3__NETDEBT_EBITDA_qb0of3,C13_EPS_DYN_ytdavg_gt_lyytdavg,0.12163623700518333,0.1188095866868164,0.00282665031836693,-0.6272644220436927,0.48736587054344066,18.12,67.54385964912281
MOM_qb1of3__ROE_qb2of3__C6_ROE_DYN_ytdavg_gt_lyytdavg__v0,MOM_qb1of3__ROE_qb2of3,C6_ROE_DYN_ytdavg_gt_lyytdavg,0.12160648225778559,0.10710814018856007,0.014498342069225512,-0.6352756551048455,0.5247829232995659,19.95,72.58947368421053
EV_S_qb1of3__DEBTRATIO_qb2of3__None__v0,EV_S_qb1of3__DEBTRATIO_qb2of3,None,0.12155643979061281,0.12155643979061281,0.0,-0.6089588545950269,0.470962389380531,21.7,139.07407407407408
PS_qb1of3__NETDEBT_EBITDA_qb1of3__C1_ROE_DYN_riseq1__v0,PS_qb1of3__NETDEBT_EBITDA_qb1of3,C1_ROE_DYN_riseq1,0.12155319014590615,0.10584118790426911,0.015712002241637046,-0.603201030781054,0.4836647727272727,20.28,93.20701754385965
ROE_qb2of3__FCF_OI_qb1of3__C13_EPS_DYN_ytdavg_gt_lyytdavg__v0,ROE_qb2of3__FCF_OI_qb1of3,C13_EPS_DYN_ytdavg_gt_lyytdavg,0.12150933861141477,0.1080080007178279,0.013501337893586873,-0.47895994998318236,0.47636713382797474,18.81,122.9298245614035
EV_S_qb1of3__ROE_qb2of3__C13_EPS_DYN_ytdavg_gt_lyytdavg__v0,EV_S_qb1of3__ROE_qb2of3,C13_EPS_DYN_ytdavg_gt_lyytdavg,0.12149910158486255,0.11697884944628889,0.004520252138573655,-0.5201122523022463,0.4809957768392976,19.09,100.05614035087719
PS_qb0of3__ROIC_qb2of3__C15_FCF_P_DYN_riseq1__v0,PS_qb0of3__ROIC_qb2of3,C15_FCF_P_DYN_riseq1,0.12149041492255752,0.16300310603459844,-0.04151269111204092,-0.5295937636859167,0.4671251719394773,19.22,46.487719298245615
MOM_qb2of3__DEBTRATIO_qb0of3__C19_FCF_P_DYN_yoy__v0,MOM_qb2of3__DEBTRATIO_qb0of3,C19_FCF_P_DYN_yoy,0.12147358108184947,0.1358581434377284,-0.014384562355878927,-0.7050278629652922,0.47630057803468207,21.47,74.584
ROE_qb2of3__FCF_P_qb2of3__None__v0,ROE_qb2of3__FCF_P_qb2of3,None,0.12136510193091676,0.12136510193091676,0.0,-0.527097207704839,0.47881873727087576,19.51,143.1986531986532
PS_qb1of3__FCF_OI_qb2of3__C7_ROE_DYN_ytdavg_gt_lyavg__v0,PS_qb1of3__FCF_OI_qb2of3,C7_ROE_DYN_ytdavg_gt_lyavg,0.12121132759444198,0.10831075228758014,0.012900575306861839,-0.5939754175292635,0.48201593797113934,21.08,68.80350877192983
EV_S_qb0of3__ROIC_qb2of3__C17_FCF_P_DYN_qmax4__v0,EV_S_qb0of3__ROIC_qb2of3,C17_FCF_P_DYN_qmax4,0.12117520067261878,0.15759388570377553,-0.03641868503115675,-0.5507379327827508,0.4546244029526704,21.61,29.12213740458015
MOM_qb2of3__FCF_P_qb2of3__C18_FCF_P_DYN_qmax8__v0,MOM_qb2of3__FCF_P_qb2of3,C18_FCF_P_DYN_qmax8,0.12114775556262769,0.15611793939613228,-0.03497018383350459,-0.6696920566221343,0.4734228971962617,22.83,44.223175965665234
PS_qb1of3__DEBTRATIO_qb1of3__C5_ROE_DYN_yoy__v0,PS_qb1of3__DEBTRATIO_qb1of3,C5_ROE_DYN_yoy,0.12089814866135318,0.10359660874817855,0.017301539913174624,-0.6740307865820149,0.4673507462686567,22.96,94.612
EV_S_qb1of3__ACCRUAL_qb0of3__C16_FCF_P_DYN_riseq2__v0,EV_S_qb1of3__ACCRUAL_qb0of3,C16_FCF_P_DYN_riseq2,0.12080076520029137,0.12264039060979393,-0.0018396254095025544,-0.6190606360918829,0.4820333041191937,23.16,81.43795620437956
P_IC_qb1of3__DEBTRATIO_qb1of3__C1_ROE_DYN_riseq1__v0,P_IC_qb1of3__DEBTRATIO_qb1of3,C1_ROE_DYN_riseq1,0.12076257877609353,0.10564924828883626,0.01511333048725727,-0.6311160071535189,0.489052373445437,19.54,94.76842105263158
EV_S_qb0of3__OCF_E_qb1of3__C17_FCF_P_DYN_qmax4__v0,EV_S_qb0of3__OCF_E_qb1of3,C17_FCF_P_DYN_qmax4,0.12063194222742135,0.16012337011211542,-0.039491427884694064,-0.5588140488923621,0.4693583273251622,20.12,34.70992366412214
EV_S_qb1of3__OCF_E_qb2of3__None__v0,EV_S_qb1of3__OCF_E_qb2of3,None,0.12057084445892974,0.12057084445892974,0.0,-0.5808443034405973,0.4795975405254332,21.9,154.7946127946128
MOM_qb2of3__DEBTRATIO_qb0of3__C15_FCF_P_DYN_riseq1__v0,MOM_qb2of3__DEBTRATIO_qb0of3,C15_FCF_P_DYN_riseq1,0.12054512756542812,0.1358581434377284,-0.015313015872300273,-0.7284089593117847,0.4600275671950379,19.1,67.20350877192982
PB_qb0of3__ROIC_qb1of3__C18_FCF_P_DYN_qmax8__v0,PB_qb0of3__ROIC_qb1of3,C18_FCF_P_DYN_qmax8,0.12054137560750866,0.18256711047310548,-0.062025734865596815,-0.6035422312265701,0.4893736017897092,27.88,23.76824034334764
ROE_qb2of3__ROIC_qb1of3__None__v0,ROE_qb2of3__ROIC_qb1of3,None,0.12040862931056018,0.12040862931056018,0.0,-0.5261211918868915,0.47350013451708367,19.27,66.53535353535354
ROE_qb2of3__ROIC_qb2of3__C13_EPS_DYN_ytdavg_gt_lyytdavg__v0,ROE_qb2of3__ROIC_qb2of3,C13_EPS_DYN_ytdavg_gt_lyytdavg,0.12037462630464102,0.10622238694356079,0.014152239361080232,-0.4373349643588096,0.4458133449629307,19.74,274.23508771929824
P_IC_qb1of3__ROE_qb1of3__C8_EPS_DYN_riseq1__v0,P_IC_qb1of3__ROE_qb1of3,C8_EPS_DYN_riseq1,0.1203423679533755,0.10659619036251833,0.013746177590857167,-0.6109125397388641,0.5004076308495027,19.91,96.43157894736842
PS_qb1of3__None__C13_EPS_DYN_ytdavg_gt_lyytdavg__v0,PS_qb1of3__None,C13_EPS_DYN_ytdavg_gt_lyytdavg,0.1203281387993671,0.10831162240253711,0.01201651639682999,-0.5783189361915568,0.47701221816349665,20.01,230.9298245614035
MOM_qb2of3__ROE_qb1of3__C18_FCF_P_DYN_qmax8__v0,MOM_qb2of3__ROE_qb1of3,C18_FCF_P_DYN_qmax8,0.1203107890198265,0.14308725897377994,-0.022776469953953438,-0.6504652734272642,0.47544642857142855,23.78,16.896995708154506
EV_S_qb1of3__ACCRUAL_qb1of3__C20_FCF_P_DYN_ytdavg_gt_lyytdavg__v0,EV_S_qb1of3__ACCRUAL_qb1of3,C20_FCF_P_DYN_ytdavg_gt_lyytdavg,0.12027019752590307,0.11564064478310487,0.004629552742798193,-0.6524463262876223,0.4831744796732153,21.56,79.36140350877193
PB_qb1of3__FCF_P_qb1of3__C4_ROE_DYN_qmax8__v0,PB_qb1of3__FCF_P_qb1of3,C4_ROE_DYN_qmax8,0.12022141834160593,0.1059407351797439,0.01428068316186204,-0.7486775892421674,0.5257879656160458,16.47,20.523809523809526
PS_qb0of3__NETDEBT_EBITDA_qb0of3__C17_FCF_P_DYN_qmax4__v0,PS_qb0of3__NETDEBT_EBITDA_qb0of3,C17_FCF_P_DYN_qmax4,0.12018490496047418,0.1627649501016779,-0.042580045141203726,-0.5946661446131807,0.45753988677303137,20.99,25.65267175572519
ROE_qb2of3__NETDEBT_EBITDA_qb0of3__C1_ROE_DYN_riseq1__v0,ROE_qb2of3__NETDEBT_EBITDA_qb0of3,C1_ROE_DYN_riseq1,0.12014736114286384,0.1064581381558376,0.01368922298702624,-0.5523157985173573,0.476604146100691,19.69,86.55087719298245
ROE_qb2of3__NETDEBT_EBITDA_qb0of3__C8_EPS_DYN_riseq1__v0,ROE_qb2of3__NETDEBT_EBITDA_qb0of3,C8_EPS_DYN_riseq1,0.12013731562478136,0.1064581381558376,0.01367917746894376,-0.5732986793217869,0.48613901165126555,19.17,87.69473684210526
P_IC_qb1of3__ROE_qb1of3__C3_ROE_DYN_qmax4__v0,P_IC_qb1of3__ROE_qb1of3,C3_ROE_DYN_qmax4,0.1200654947668911,0.10659619036251833,0.013469304404372773,-0.6512514913065888,0.5072610604525498,17.97,45.88931297709924
ROE_qb2of3__NETDEBT_EBITDA_qb0of3__C13_EPS_DYN_ytdavg_gt_lyytdavg__v0,ROE_qb2of3__NETDEBT_EBITDA_qb0of3,C13_EPS_DYN_ytdavg_gt_lyytdavg,0.11991754617366945,0.1064581381558376,0.013459408017831853,-0.5498168420929757,0.4649910233393178,18.75,84.59649122807018
PS_qb1of3__DEBTRATIO_qb0of3__C19_FCF_P_DYN_yoy__v0,PS_qb1of3__DEBTRATIO_qb0of3,C19_FCF_P_DYN_yoy,0.11983088684986276,0.12730497339873037,-0.007474086548867609,-0.6693245158686096,0.5065181322588291,23.76,82.616
MOM_qb2of3__ACCRUAL_qb2of3__C13_EPS_DYN_ytdavg_gt_lyytdavg__v0,MOM_qb2of3__ACCRUAL_qb2of3,C13_EPS_DYN_ytdavg_gt_lyytdavg,0.11974496513827182,0.11763516061125423,0.002109804527017589,-0.6221228346491827,0.46949566160520606,17.7,92.16491228070176
PS_qb0of3__ROE_qb2of3__C17_FCF_P_DYN_qmax4__v0,PS_qb0of3__ROE_qb2of3,C17_FCF_P_DYN_qmax4,0.1197222071014159,0.16777979365724227,-0.04805758655582637,-0.5169220937796299,0.4708994708994709,19.22,31.713740458015266
EV_S_qb1of3__OCF_E_qb1of3__C6_ROE_DYN_ytdavg_gt_lyytdavg__v0,EV_S_qb1of3__OCF_E_qb1of3,C6_ROE_DYN_ytdavg_gt_lyytdavg,0.1196886994069617,0.11661669962271093,0.0030719997842507674,-0.6168375411851974,0.4815270935960591,20.04,79.64561403508772
P_IC_qb1of3__FCF_P_qb1of3__C13_EPS_DYN_ytdavg_gt_lyytdavg__v0,P_IC_qb1of3__FCF_P_qb1of3,C13_EPS_DYN_ytdavg_gt_lyytdavg,0.11968748986685918,0.1123350134573704,0.007352476409488773,-0.6078875806998861,0.483916649807809,18.71,73.94035087719298
PS_qb1of3__OCF_E_qb1of3__C13_EPS_DYN_ytdavg_gt_lyytdavg__v0,PS_qb1of3__OCF_E_qb1of3,C13_EPS_DYN_ytdavg_gt_lyytdavg,0.11963290448619901,0.11005598483431767,0.009576919651881344,-0.5758710307175119,0.47966231772831924,21.16,85.96491228070175
PS_qb1of3__NETDEBT_EBITDA_qb1of3__C14_EPS_DYN_ytdavg_gt_lyavg__v0,PS_qb1of3__NETDEBT_EBITDA_qb1of3,C14_EPS_DYN_ytdavg_gt_lyavg,0.11962245620590872,0.10584118790426911,0.013781268301639615,-0.5475619910919634,0.48045857217300675,20.96,92.32982456140351
EV_S_qb1of3__DEBTRATIO_qb1of3__C20_FCF_P_DYN_ytdavg_gt_lyytdavg__v0,EV_S_qb1of3__DEBTRATIO_qb1of3,C20_FCF_P_DYN_ytdavg_gt_lyytdavg,0.11955066929342784,0.11604034731042145,0.0035103219830063814,-0.6404100966742787,0.496875,21.58,85.36491228070176
PS_qb1of3__OCF_E_qb1of3__C16_FCF_P_DYN_riseq2__v0,PS_qb1of3__OCF_E_qb1of3,C16_FCF_P_DYN_riseq2,0.11954923166470155,0.11005598483431767,0.009493246830383884,-0.6337226979512748,0.4861796643632774,23.98,93.03284671532846
PS_qb1of3__ACCRUAL_qb1of3__C8_EPS_DYN_riseq1__v0,PS_qb1of3__ACCRUAL_qb1of3,C8_EPS_DYN_riseq1,0.11938744755652064,0.10789709507912493,0.011490352477395716,-0.6688641147322496,0.5015926236378877,21.05,83.77894736842106
EV_S_qb1of3__MOM_qb2of3__C17_FCF_P_DYN_qmax4__v0,EV_S_qb1of3__MOM_qb2of3,C17_FCF_P_DYN_qmax4,0.11934878399095128,0.1365027028696275,-0.017153918878676233,-0.7434686929951975,0.4536413217837664,18.53,36.23664122137404
PB_qb1of3__MOM_qb2of3__C18_FCF_P_DYN_qmax8__v0,PB_qb1of3__MOM_qb2of3,C18_FCF_P_DYN_qmax8,0.11927609244282134,0.1423822447586076,-0.023106152315786277,-0.7700675277863724,0.4665286404416839,16.41,18.175965665236053
EV_S_qb1of3__ACCRUAL_qb1of3__C16_FCF_P_DYN_riseq2__v0,EV_S_qb1of3__ACCRUAL_qb1of3,C16_FCF_P_DYN_riseq2,0.1192347022004705,0.11564064478310487,0.003594057417365626,-0.6625065712761693,0.48079306071871125,22.79,83.03649635036497
P_IC_qb0of3__FCF_OI_qb1of3__C18_FCF_P_DYN_qmax8__v0,P_IC_qb0of3__FCF_OI_qb1of3,C18_FCF_P_DYN_qmax8,0.11921998641166698,0.18557700877894123,-0.06635702236727425,-0.64585075960949,0.44608294930875575,17.04,16.13065326633166
PS_qb1of3__NETDEBT_EBITDA_qb1of3__C7_ROE_DYN_ytdavg_gt_lyavg__v0,PS_qb1of3__NETDEBT_EBITDA_qb1of3,C7_ROE_DYN_ytdavg_gt_lyavg,0.11919047136203265,0.10584118790426911,0.013349283457763539,-0.5749082251441275,0.4776748104465038,20.96,81.8561403508772
MOM_qb2of3__OCF_E_qb1of3__C18_FCF_P_DYN_qmax8__v0,MOM_qb2of3__OCF_E_qb1of3,C18_FCF_P_DYN_qmax8,0.11915359627229738,0.1381613845942784,-0.019007788321981023,-0.6278611173479361,0.46830985915492956,24.39,17.703862660944207
P_IC_qb1of3__DEBTRATIO_qb0of3__C15_FCF_P_DYN_riseq1__v0,P_IC_qb1of3__DEBTRATIO_qb0of3,C15_FCF_P_DYN_riseq1,0.1190764999043259,0.14025437918169104,-0.02117787927736514,-0.5937191423251109,0.4763787309745009,21.76,76.0421052631579
P_IC_qb1of3__OCF_E_qb2of3__C20_FCF_P_DYN_ytdavg_gt_lyytdavg__v0,P_IC_qb1of3__OCF_E_qb2of3,C20_FCF_P_DYN_ytdavg_gt_lyytdavg,0.11899034028738442,0.11536649529775045,0.003623844989633973,-0.6029567960004729,0.48880757640981487,19.4,70.90877192982457
EV_S_qb1of3__OCF_E_qb1of3__C13_EPS_DYN_ytdavg_gt_lyytdavg__v0,EV_S_qb1of3__OCF_E_qb1of3,C13_EPS_DYN_ytdavg_gt_lyytdavg,0.11894928883641631,0.11661669962271093,0.0023325892137053827,-0.5981137371967962,0.48598130841121495,20.78,83.6140350877193
PS_qb0of3__None__C18_FCF_P_DYN_qmax8__v0,PS_qb0of3__None,C18_FCF_P_DYN_qmax8,0.11894169490190909,0.16620841805915898,-0.04726672315724989,-0.6202651864669796,0.4637373021497756,22.08,59.09012875536481
PS_qb1of3__NETDEBT_EBITDA_qb0of3__None__v0,PS_qb1of3__NETDEBT_EBITDA_qb0of3,None,0.1188095866868164,0.1188095866868164,0.0,-0.6239191355696402,0.502277631263486,20.23,151.8956228956229
EV_S_qb1of3__OCF_E_qb1of3__C15_FCF_P_DYN_riseq1__v0,EV_S_qb1of3__OCF_E_qb1of3,C15_FCF_P_DYN_riseq1,0.11877726022488311,0.11661669962271093,0.002160560602172179,-0.6295387674547441,0.46362383213355796,24.07,84.40350877192982
PS_qb1of3__NETDEBT_EBITDA_qb1of3__C13_EPS_DYN_ytdavg_gt_lyytdavg__v0,PS_qb1of3__NETDEBT_EBITDA_qb1of3,C13_EPS_DYN_ytdavg_gt_lyytdavg,0.11877323618578606,0.10584118790426911,0.01293204828151695,-0.5487263929367687,0.4764027267960147,21.53,95.55087719298245
PS_qb1of3__NETDEBT_EBITDA_qb0of3__C18_FCF_P_DYN_qmax8__v0,PS_qb1of3__NETDEBT_EBITDA_qb0of3,C18_FCF_P_DYN_qmax8,0.1185042243083485,0.1188095866868164,-0.0003053623784678994,-0.6208111186260847,0.44436952124072826,21.51,19.523605150214593
PB_qb1of3__OCF_E_qb2of3__C19_FCF_P_DYN_yoy__v0,PB_qb1of3__OCF_E_qb2of3,C19_FCF_P_DYN_yoy,0.11849851509470577,0.1259024888946132,-0.007403973799907426,-0.6093488302934973,0.49575853225488264,24.35,76.448
MOM_qb2of3__FCF_OI_qb2of3__C19_FCF_P_DYN_yoy__v0,MOM_qb2of3__FCF_OI_qb2of3,C19_FCF_P_DYN_yoy,0.11833631052044602,0.13952586865099859,-0.021189558130552566,-0.6880502624205409,0.486244019138756,21.69,112.9
EV_S_qb0of3__ACCRUAL_qb0of3__C17_FCF_P_DYN_qmax4__v0,EV_S_qb0of3__ACCRUAL_qb0of3,C17_FCF_P_DYN_qmax4,0.11820891930912003,0.15570838337066473,-0.037499464061544696,-0.6085393118532232,0.4528645043952713,20.86,42.16412213740458
PS_qb1of3__NETDEBT_EBITDA_qb0of3__C19_FCF_P_DYN_yoy__v0,PS_qb1of3__NETDEBT_EBITDA_qb0of3,C19_FCF_P_DYN_yoy,0.11817143553502629,0.1188095866868164,-0.0006381511517901117,-0.6612675337923546,0.49939157945972257,23.9,80.396
MOM_qb2of3__ACCRUAL_qb2of3__C16_FCF_P_DYN_riseq2__v0,MOM_qb2of3__ACCRUAL_qb2of3,C16_FCF_P_DYN_riseq2,0.11808617912055475,0.11763516061125423,0.0004510185093005159,-0.706177350250305,0.47900516795865633,20.11,76.94890510948905
MOM_qb2of3__None__None__v0,MOM_qb2of3__None,None,0.11806777849564609,0.11806777849564609,0.0,-0.6749403235113278,0.45593506219692176,16.27,434.9220779220779
P_IC_qb1of3__FCF_OI_qb1of3__None__v0,P_IC_qb1of3__FCF_OI_qb1of3,None,0.11805734728393036,0.11805734728393036,0.0,-0.6090366156885327,0.48013683513573163,20.05,168.98316498316498
ROE_qb2of3__NETDEBT_EBITDA_qb2of3__C15_FCF_P_DYN_riseq1__v0,ROE_qb2of3__NETDEBT_EBITDA_qb2of3,C15_FCF_P_DYN_riseq1,0.11805130249918383,0.12706706831299486,-0.009015765813811027,-0.5671571748343841,0.46852922286448295,20.89,40.940350877192984
PS_qb1of3__DEBTRATIO_qb1of3__C1_ROE_DYN_riseq1__v0,PS_qb1of3__DEBTRATIO_qb1of3,C1_ROE_DYN_riseq1,0.11802865044315669,0.10359660874817855,0.014432041694978137,-0.628808296549779,0.484486046108511,20.43,95.68771929824561
EV_S_qb1of3__FCF_OI_qb2of3__C7_ROE_DYN_ytdavg_gt_lyavg__v0,EV_S_qb1of3__FCF_OI_qb2of3,C7_ROE_DYN_ytdavg_gt_lyavg,0.11791124935225383,0.11669571151307889,0.0012155378391749405,-0.6100292639201299,0.48037743941668454,19.32,68.88070175438597
EV_S_qb1of3__ROIC_qb2of3__C16_FCF_P_DYN_riseq2__v0,EV_S_qb1of3__ROIC_qb2of3,C16_FCF_P_DYN_riseq2,0.11781856842466176,0.1141413742374382,0.0036771941872235647,-0.6077395597853915,0.4927420958441042,22.21,85.26277372262774
P_IC_qb1of3__ROE_qb1of3__C7_ROE_DYN_ytdavg_gt_lyavg__v0,P_IC_qb1of3__ROE_qb1of3,C7_ROE_DYN_ytdavg_gt_lyavg,0.11780862379954082,0.10659619036251833,0.011212433437022495,-0.5900577350182414,0.486544415336985,19.21,81.33684210526316
PS_qb1of3__DEBTRATIO_qb1of3__C10_EPS_DYN_qmax4__v0,PS_qb1of3__DEBTRATIO_qb1of3,C10_EPS_DYN_qmax4,0.1176767946245878,0.10359660874817855,0.014080185876409246,-0.6039502900536121,0.4971868522357122,21.38,54.37022900763359
MOM_qb2of3__ACCRUAL_qb2of3__None__v0,MOM_qb2of3__ACCRUAL_qb2of3,None,0.11763516061125423,0.11763516061125423,0.0,-0.6836105789188782,0.4709830563968241,19.0,149.59259259259258
ROE_qb2of3__ACCRUAL_qb0of3__C15_FCF_P_DYN_riseq1__v0,ROE_qb2of3__ACCRUAL_qb0of3,C15_FCF_P_DYN_riseq1,0.11762480618603544,0.1151828149211398,0.0024419912648956377,-0.5425643205522256,0.454735243879294,20.77,61.824561403508774
ROE_qb2of3__DEBTRATIO_qb0of3__C20_FCF_P_DYN_ytdavg_gt_lyytdavg__v0,ROE_qb2of3__DEBTRATIO_qb0of3,C20_FCF_P_DYN_ytdavg_gt_lyytdavg,0.11756648719565832,0.1083279530990704,0.009238534096587925,-0.6192202693373212,0.5188323917137476,20.46,66.91578947368421
PS_qb1of3__FCF_P_qb1of3__C13_EPS_DYN_ytdavg_gt_lyytdavg__v0,PS_qb1of3__FCF_P_qb1of3,C13_EPS_DYN_ytdavg_gt_lyytdavg,0.11732004811872643,0.10355268343095037,0.013767364687776062,-0.6018039602666192,0.4857976653696498,19.81,79.87368421052632
EV_S_qb1of3__FCF_OI_qb2of3__C14_EPS_DYN_ytdavg_gt_lyavg__v0,EV_S_qb1of3__FCF_OI_qb2of3,C14_EPS_DYN_ytdavg_gt_lyavg,0.11730780932696305,0.11669571151307889,0.0006120978138841604,-0.608227963554074,0.48032918506623845,19.35,73.87719298245614
ROE_qb2of3__FCF_OI_qb1of3__C16_FCF_P_DYN_riseq2__v0,ROE_qb2of3__FCF_OI_qb1of3,C16_FCF_P_DYN_riseq2,0.11724952426033819,0.1080080007178279,0.009241523542510288,-0.6007949085735099,0.5032889188733345,23.06,84.7956204379562
PS_qb1of3__NETDEBT_EBITDA_qb0of3__C20_FCF_P_DYN_ytdavg_gt_lyytdavg__v0,PS_qb1of3__NETDEBT_EBITDA_qb0of3,C20_FCF_P_DYN_ytdavg_gt_lyytdavg,0.11713911972643087,0.1188095866868164,-0.0016704669603855304,-0.640552669069163,0.4989416389476867,21.1,76.56491228070175
EV_S_qb0of3__NETDEBT_EBITDA_qb2of3__C15_FCF_P_DYN_riseq1__v0,EV_S_qb0of3__NETDEBT_EBITDA_qb2of3,C15_FCF_P_DYN_riseq1,0.11710321531667156,0.15594460285259082,-0.03884138753591926,-0.6121722961807038,0.45591739475774423,19.51,60.69122807017544
EV_S_qb1of3__FCF_OI_qb2of3__C13_EPS_DYN_ytdavg_gt_lyytdavg__v0,EV_S_qb1of3__FCF_OI_qb2of3,C13_EPS_DYN_ytdavg_gt_lyytdavg,0.11703376290373502,0.11669571151307889,0.00033805139065612444,-0.6190106748063577,0.4801670146137787,19.59,77.48070175438596
ROE_qb2of3__None__C17_FCF_P_DYN_qmax4__v0,ROE_qb2of3__None,C17_FCF_P_DYN_qmax4,0.11699884216190837,0.1096895179268933,0.007309324235015069,-0.6083181764693558,0.45849894786065,22.83,108.48473282442748
P_IC_qb1of3__ROE_qb1of3__C10_EPS_DYN_qmax4__v0,P_IC_qb1of3__ROE_qb1of3,C10_EPS_DYN_qmax4,0.11698583258440887,0.10659619036251833,0.010389642221890538,-0.6673906862249954,0.5129224652087475,18.54,46.98091603053435
EV_S_qb1of3__ROE_qb2of3__None__v0,EV_S_qb1of3__ROE_qb2of3,None,0.11697884944628889,0.11697884944628889,0.0,-0.5670381963761455,0.4878250786814643,18.96,153.3973063973064
EV_S_qb1of3__None__None__v0,EV_S_qb1of3__None,None,0.11690579369850362,0.11690579369850362,0.0,-0.6197572699356556,0.49661498143699495,21.55,460.3164983164983
EV_S_qb1of3__FCF_OI_qb2of3__C10_EPS_DYN_qmax4__v0,EV_S_qb1of3__FCF_OI_qb2of3,C10_EPS_DYN_qmax4,0.11687292268302851,0.11669571151307889,0.00017721116994962038,-0.6249621131851317,0.4854186265286924,18.43,43.904580152671755
P_IC_qb1of3__ROE_qb1of3__C5_ROE_DYN_yoy__v0,P_IC_qb1of3__ROE_qb1of3,C5_ROE_DYN_yoy,0.11684552459597364,0.10659619036251833,0.01024933423345531,-0.6075343296078402,0.4882843526608419,22.41,92.28
PB_qb1of3__NETDEBT_EBITDA_qb0of3__None__v0,PB_qb1of3__NETDEBT_EBITDA_qb0of3,None,0.11680507484049185,0.11680507484049185,0.0,-0.6274800287515389,0.4987696850393701,20.96,152.88552188552188
PS_qb1of3__ROE_qb2of3__C15_FCF_P_DYN_riseq1__v0,PS_qb1of3__ROE_qb2of3,C15_FCF_P_DYN_riseq1,0.11673058607742481,0.12478241714928062,-0.008051831071855808,-0.605093663830052,0.460243553008596,22.95,74.14736842105263
EV_S_qb1of3__FCF_OI_qb2of3__None__v0,EV_S_qb1of3__FCF_OI_qb2of3,None,0.11669571151307889,0.11669571151307889,0.0,-0.6551665634369508,0.47369991051009247,22.19,160.24579124579125
ROE_qb2of3__ACCRUAL_qb1of3__C13_EPS_DYN_ytdavg_gt_lyytdavg__v0,ROE_qb2of3__ACCRUAL_qb1of3,C13_EPS_DYN_ytdavg_gt_lyytdavg,0.11666200774981306,0.10621584572289322,0.010446162026919836,-0.4783686942907044,0.47971237801746275,20.16,90.51228070175439
EV_S_qb1of3__OCF_E_qb1of3__None__v0,EV_S_qb1of3__OCF_E_qb1of3,None,0.11661669962271093,0.11661669962271093,0.0,-0.6218023202709251,0.4826258954346199,22.8,173.11111111111111
ROE_qb2of3__FCF_OI_qb2of3__C15_FCF_P_DYN_riseq1__v0,ROE_qb2of3__FCF_OI_qb2of3,C15_FCF_P_DYN_riseq1,0.11654248006223922,0.10829014177983431,0.008252338282404903,-0.5814079041516202,0.4574327304808116,21.37,114.35438596491228
MOM_qb2of3__ACCRUAL_qb2of3__C15_FCF_P_DYN_riseq1__v0,MOM_qb2of3__ACCRUAL_qb2of3,C15_FCF_P_DYN_riseq1,0.11652493855313195,0.11763516061125423,-0.0011102220581222788,-0.7100177955252532,0.468061846009683,20.08,70.28771929824562
ROE_qb2of3__FCF_OI_qb1of3__C20_FCF_P_DYN_ytdavg_gt_lyytdavg__v0,ROE_qb2of3__FCF_OI_qb1of3,C20_FCF_P_DYN_ytdavg_gt_lyytdavg,0.1164974677752646,0.1080080007178279,0.008489467057436695,-0.6126179870293237,0.5297056199821588,19.87,83.2421052631579
PB_qb1of3__OCF_E_qb2of3__C16_FCF_P_DYN_riseq2__v0,PB_qb1of3__OCF_E_qb2of3,C16_FCF_P_DYN_riseq2,0.11644826916201345,0.1259024888946132,-0.009454219732599745,-0.6097272830803588,0.48924528301886794,24.32,76.68248175182482
PS_qb1of3__DEBTRATIO_qb1of3__C4_ROE_DYN_qmax8__v0,PS_qb1of3__DEBTRATIO_qb1of3,C4_ROE_DYN_qmax8,0.11636738943985803,0.10359660874817855,0.012770780691679473,-0.7659315054430538,0.500620347394541,22.37,26.467811158798284
EV_S_qb1of3__EV_EBITDA_qb1of3__C19_FCF_P_DYN_yoy__v0,EV_S_qb1of3__EV_EBITDA_qb1of3,C19_FCF_P_DYN_yoy,0.1162527203750372,0.12268266204092337,-0.006429941665886174,-0.6336616315015327,0.48886378308586187,24.75,105.46
PB_qb1of3__DEBTRATIO_qb0of3__C7_ROE_DYN_ytdavg_gt_lyavg__v0,PB_qb1of3__DEBTRATIO_qb0of3,C7_ROE_DYN_ytdavg_gt_lyavg,0.1161375636731301,0.108940444371451,0.0071971193016791,-0.655810228422852,0.48840864440078585,18.95,59.74035087719298
EV_S_qb1of3__DEBTRATIO_qb1of3__C16_FCF_P_DYN_riseq2__v0,EV_S_qb1of3__DEBTRATIO_qb1of3,C16_FCF_P_DYN_riseq2,0.11612312759460863,0.11604034731042145,8.278028418717831e-05,-0.658794218474062,0.48232425843153187,24.8,89.61313868613139
EV_S_qb1of3__DEBTRATIO_qb1of3__C13_EPS_DYN_ytdavg_gt_lyytdavg__v0,EV_S_qb1of3__DEBTRATIO_qb1of3,C13_EPS_DYN_ytdavg_gt_lyytdavg,0.11606552387203051,0.11604034731042145,2.5176561609052683e-05,-0.5849155834206539,0.4744981009224091,20.71,88.67017543859649
EV_S_qb1of3__DEBTRATIO_qb1of3__None__v0,EV_S_qb1of3__DEBTRATIO_qb1of3,None,0.11604034731042145,0.11604034731042145,0.0,-0.6211643699685019,0.4919658797857568,21.68,173.43771043771045
PS_qb1of3__DEBTRATIO_qb1of3__C7_ROE_DYN_ytdavg_gt_lyavg__v0,PS_qb1of3__DEBTRATIO_qb1of3,C7_ROE_DYN_ytdavg_gt_lyavg,0.11593211697118222,0.10359660874817855,0.012335508223003666,-0.5847386342037901,0.4726297968397291,20.5,83.8561403508772
EV_S_qb1of3__ROE_qb2of3__C17_FCF_P_DYN_qmax4__v0,EV_S_qb1of3__ROE_qb2of3,C17_FCF_P_DYN_qmax4,0.11589815966229855,0.11697884944628889,-0.0010806897839903407,-0.5806109350453104,0.45824,20.5,38.408396946564885
PS_qb1of3__NETDEBT_EBITDA_qb1of3__C20_FCF_P_DYN_ytdavg_gt_lyytdavg__v0,PS_qb1of3__NETDEBT_EBITDA_qb1of3,C20_FCF_P_DYN_ytdavg_gt_lyytdavg,0.11587090586309046,0.10584118790426911,0.01002971795882135,-0.6373118700226185,0.5034703683929524,22.55,82.75438596491227
EV_S_qb1of3__ROE_qb2of3__C19_FCF_P_DYN_yoy__v0,EV_S_qb1of3__ROE_qb2of3,C19_FCF_P_DYN_yoy,0.11586936812034998,0.11697884944628889,-0.0011094813259389102,-0.6242666584758635,0.5019522776572668,23.4,80.204
ROE_qb2of3__ROIC_qb1of3__C16_FCF_P_DYN_riseq2__v0,ROE_qb2of3__ROIC_qb1of3,C16_FCF_P_DYN_riseq2,0.1158615445381157,0.12040862931056018,-0.004547084772444476,-0.5942116227039582,0.49559686888454013,20.92,30.532846715328468
PS_qb1of3__DEBTRATIO_qb1of3__C6_ROE_DYN_ytdavg_gt_lyytdavg__v0,PS_qb1of3__DEBTRATIO_qb1of3,C6_ROE_DYN_ytdavg_gt_lyytdavg,0.11583225614118686,0.10359660874817855,0.012235647393008309,-0.5891273878091771,0.47329700272479563,21.01,89.03859649122808
ROE_qb2of3__None__C15_FCF_P_DYN_riseq1__v0,ROE_qb2of3__None,C15_FCF_P_DYN_riseq1,0.1158026723693879,0.1096895179268933,0.006113154442494606,-0.5885351899785547,0.4602610537825463,21.17,209.86315789473684
P_IC_qb1of3__MOM_qb2of3__C18_FCF_P_DYN_qmax8__v0,P_IC_qb1of3__MOM_qb2of3,C18_FCF_P_DYN_qmax8,0.11580059929234832,0.14276752601796372,-0.026966926725615403,-0.7016143387450556,0.46720214190093706,20.39,19.175965665236053
EV_S_qb1of3__ROIC_qb2of3__C7_ROE_DYN_ytdavg_gt_lyavg__v0,EV_S_qb1of3__ROIC_qb2of3,C7_ROE_DYN_ytdavg_gt_lyavg,0.1156998090481578,0.1141413742374382,0.0015584348107196,-0.5352008910435911,0.4808338937457969,19.73,90.6140350877193
EV_S_qb1of3__ACCRUAL_qb1of3__None__v0,EV_S_qb1of3__ACCRUAL_qb1of3,None,0.11564064478310487,0.11564064478310487,0.0,-0.6232325771214301,0.4848815631481279,22.63,159.23232323232324
PS_qb1of3__OCF_E_qb2of3__C13_EPS_DYN_ytdavg_gt_lyytdavg__v0,PS_qb1of3__OCF_E_qb2of3,C13_EPS_DYN_ytdavg_gt_lyytdavg,0.11560905512461339,0.10402702318790835,0.01158203193670504,-0.5342620378654073,0.4770857814336075,21.33,85.45614035087719
ROE_qb2of3__ROIC_qb1of3__C20_FCF_P_DYN_ytdavg_gt_lyytdavg__v0,ROE_qb2of3__ROIC_qb1of3,C20_FCF_P_DYN_ytdavg_gt_lyytdavg,0.11557578309983185,0.12040862931056018,-0.004832846210728325,-0.5971879263141906,0.5088250126071608,19.32,30.5859649122807
P_IC_qb0of3__EV_S_qb0of3__C17_FCF_P_DYN_qmax4__v0,P_IC_qb0of3__EV_S_qb0of3,C17_FCF_P_DYN_qmax4,0.11548140228568982,0.18640346143351416,-0.07092205914782435,-0.5661492632776681,0.48015678588926997,20.11,61.954198473282446
MOM_qb1of3__ROE_qb2of3__C10_EPS_DYN_qmax4__v0,MOM_qb1of3__ROE_qb2of3,C10_EPS_DYN_qmax4,0.11540567277196545,0.10710814018856007,0.008297532583405376,-0.7016231067019634,0.5400287631831256,21.22,53.091603053435115
PS_qb1of3__NETDEBT_EBITDA_qb0of3__C15_FCF_P_DYN_riseq1__v0,PS_qb1of3__NETDEBT_EBITDA_qb0of3,C15_FCF_P_DYN_riseq1,0.11539657202495301,0.1188095866868164,-0.0034130146618633894,-0.6464322799973901,0.454421768707483,22.7,74.1719298245614
P_IC_qb1of3__OCF_E_qb2of3__None__v0,P_IC_qb1of3__OCF_E_qb2of3,None,0.11536649529775045,0.11536649529775045,0.0,-0.5844082230440799,0.4747364594692839,21.19,137.02693602693603
PS_qb1of3__DEBTRATIO_qb1of3__C14_EPS_DYN_ytdavg_gt_lyavg__v0,PS_qb1of3__DEBTRATIO_qb1of3,C14_EPS_DYN_ytdavg_gt_lyavg,0.11528224318181568,0.10359660874817855,0.011685634433637127,-0.5744225077161232,0.4669137109581789,20.96,91.7859649122807
PB_qb1of3__DEBTRATIO_qb0of3__C13_EPS_DYN_ytdavg_gt_lyytdavg__v0,PB_qb1of3__DEBTRATIO_qb0of3,C13_EPS_DYN_ytdavg_gt_lyytdavg,0.11522737428554763,0.108940444371451,0.006286929914096628,-0.6378865936937081,0.4838938053097345,19.6,69.35438596491228
PB_qb1of3__NETDEBT_EBITDA_qb1of3__None__v0,PB_qb1of3__NETDEBT_EBITDA_qb1of3,None,0.11518524454398116,0.11518524454398116,0.0,-0.5943977859634052,0.4937229882691912,20.89,147.31986531986533
ROE_qb2of3__ACCRUAL_qb0of3__None__v0,ROE_qb2of3__ACCRUAL_qb0of3,None,0.1151828149211398,0.1151828149211398,0.0,-0.469112426150868,0.45535336436732965,20.67,146.57575757575756
EV_S_qb1of3__None__C16_FCF_P_DYN_riseq2__v0,EV_S_qb1of3__None,C16_FCF_P_DYN_riseq2,0.11510521851392785,0.11690579369850362,-0.00180057518457577,-0.6519354432430091,0.48499791057250313,23.04,237.5036496350365
ROE_qb2of3__ROIC_qb2of3__C15_FCF_P_DYN_riseq1__v0,ROE_qb2of3__ROIC_qb2of3,C15_FCF_P_DYN_riseq1,0.11501347553187813,0.10622238694356079,0.008791088588317342,-0.5911105413510304,0.4552021986650962,21.24,180.10526315789474
PB_qb1of3__DEBTRATIO_qb0of3__C4_ROE_DYN_qmax8__v0,PB_qb1of3__DEBTRATIO_qb0of3,C4_ROE_DYN_qmax8,0.11499349459580555,0.108940444371451,0.006053050224354539,-0.8510015463959242,0.5083996463306808,19.78,18.36480686695279
P_IC_qb1of3__DEBTRATIO_qb0of3__C17_FCF_P_DYN_qmax4__v0,P_IC_qb1of3__DEBTRATIO_qb0of3,C17_FCF_P_DYN_qmax4,0.11495770179797038,0.14025437918169104,-0.025296677383720656,-0.5971019953093089,0.46125211505922165,21.13,38.954198473282446
MOM_qb2of3__FCF_OI_qb0of3__None__v0,MOM_qb2of3__FCF_OI_qb0of3,None,0.11480569700354648,0.11480569700354648,0.0,-0.7001175314978499,0.4643503750323304,19.56,139.63636363636363
P_IC_qb1of3__DEBTRATIO_qb0of3__C18_FCF_P_DYN_qmax8__v0,P_IC_qb1of3__DEBTRATIO_qb0of3,C18_FCF_P_DYN_qmax8,0.11480195699413587,0.14025437918169104,-0.025452422187555168,-0.6097025178377543,0.45442268737339636,21.83,19.69098712446352
PB_qb1of3__FCF_OI_qb1of3__C19_FCF_P_DYN_yoy__v0,PB_qb1of3__FCF_OI_qb1of3,C19_FCF_P_DYN_yoy,0.11470220752722038,0.11455659643931759,0.0001456110879027861,-0.6082304814697554,0.48579943899018235,24.98,87.304
EV_S_qb1of3__NETDEBT_EBITDA_qb2of3__C16_FCF_P_DYN_riseq2__v0,EV_S_qb1of3__NETDEBT_EBITDA_qb2of3,C16_FCF_P_DYN_riseq2,0.11463638295013956,0.13111893250082707,-0.01648254955068751,-0.6474355070859129,0.46866840731070497,22.85,88.51094890510949
PB_qb1of3__FCF_OI_qb1of3__None__v0,PB_qb1of3__FCF_OI_qb1of3,None,0.11455659643931759,0.11455659643931759,0.0,-0.6002386534501534,0.4871370210886607,20.45,163.32323232323233
EV_S_qb0of3__OCF_E_qb2of3__C17_FCF_P_DYN_qmax4__v0,EV_S_qb0of3__OCF_E_qb2of3,C17_FCF_P_DYN_qmax4,0.11447338441854549,0.15528067250881317,-0.04080728809026768,-0.6138936316713316,0.46100151745068285,21.61,42.64503816793893
P_IC_qb1of3__FCF_OI_qb1of3__C16_FCF_P_DYN_riseq2__v0,P_IC_qb1of3__FCF_OI_qb1of3,C16_FCF_P_DYN_riseq2,0.11443129238850758,0.11805734728393036,-0.003626054895422781,-0.6149692780960412,0.47569906790945404,22.76,89.95255474452554
PS_qb1of3__NETDEBT_EBITDA_qb1of3__C16_FCF_P_DYN_riseq2__v0,PS_qb1of3__NETDEBT_EBITDA_qb1of3,C16_FCF_P_DYN_riseq2,0.11441060030932793,0.10584118790426911,0.008569412405058818,-0.6452995569051149,0.4770700636942675,24.58,85.43065693430657
PS_qb1of3__NETDEBT_EBITDA_qb1of3__C8_EPS_DYN_riseq1__v0,PS_qb1of3__NETDEBT_EBITDA_qb1of3,C8_EPS_DYN_riseq1,0.1143412750566557,0.10584118790426911,0.008500087152386593,-0.6102817560943941,0.4772375880432915,21.5,96.86666666666666
P_IC_qb1of3__NETDEBT_EBITDA_qb1of3__None__v0,P_IC_qb1of3__NETDEBT_EBITDA_qb1of3,None,0.11425449559436518,0.11425449559436518,0.0,-0.5999830759022444,0.4876,21.09,161.04040404040404
EV_S_qb1of3__ROE_qb2of3__C7_ROE_DYN_ytdavg_gt_lyavg__v0,EV_S_qb1of3__ROE_qb2of3,C7_ROE_DYN_ytdavg_gt_lyavg,0.11419584615033362,0.11697884944628889,-0.0027830032959552664,-0.529482859949401,0.47935003385240355,19.25,88.62105263157895
EV_S_qb1of3__DEBTRATIO_qb2of3__C20_FCF_P_DYN_ytdavg_gt_lyytdavg__v0,EV_S_qb1of3__DEBTRATIO_qb2of3,C20_FCF_P_DYN_ytdavg_gt_lyytdavg,0.11418575149090371,0.12155643979061281,-0.007370688299709105,-0.6263511327009661,0.47288649376894576,21.72,71.16491228070176
EV_S_qb1of3__ROIC_qb2of3__None__v0,EV_S_qb1of3__ROIC_qb2of3,None,0.1141413742374382,0.1141413742374382,0.0,-0.5777161446227119,0.4855215531424811,19.93,163.07407407407408
EV_S_qb1of3__None__C20_FCF_P_DYN_ytdavg_gt_lyytdavg__v0,EV_S_qb1of3__None,C20_FCF_P_DYN_ytdavg_gt_lyytdavg,0.11404777370239172,0.11690579369850362,-0.0028580199961119046,-0.6435048806945791,0.4967985364738166,21.72,230.08771929824562
EV_S_qb1of3__FCF_OI_qb2of3__C20_FCF_P_DYN_ytdavg_gt_lyytdavg__v0,EV_S_qb1of3__FCF_OI_qb2of3,C20_FCF_P_DYN_ytdavg_gt_lyytdavg,0.11396648509055263,0.11669571151307889,-0.0027292264225262652,-0.6643114992027829,0.47094535993061576,21.85,105.27719298245614
ROE_qb2of3__ROIC_qb1of3__C15_FCF_P_DYN_riseq1__v0,ROE_qb2of3__ROIC_qb1of3,C15_FCF_P_DYN_riseq1,0.11381644280636882,0.12040862931056018,-0.006592186504191355,-0.5718234637535877,0.48342293906810035,20.3,28.529824561403508
ROE_qb2of3__ACCRUAL_qb1of3__C20_FCF_P_DYN_ytdavg_gt_lyytdavg__v0,ROE_qb2of3__ACCRUAL_qb1of3,C20_FCF_P_DYN_ytdavg_gt_lyytdavg,0.11373261668482426,0.10621584572289322,0.007516770961931041,-0.6297794056068138,0.5174748798602009,20.46,65.87719298245614
MOM_qb1of3__ROE_qb2of3__C2_ROE_DYN_riseq2__v0,MOM_qb1of3__ROE_qb2of3,C2_ROE_DYN_riseq2,0.1135187146470007,0.10710814018856007,0.006410574458440621,-0.6716236998246341,0.5447397389526655,21.58,84.95620437956204
EV_S_qb1of3__ROIC_qb2of3__C19_FCF_P_DYN_yoy__v0,EV_S_qb1of3__ROIC_qb2of3,C19_FCF_P_DYN_yoy,0.11350640114395061,0.1141413742374382,-0.0006349730934875897,-0.6470437654030811,0.49979157982492706,25.1,85.188
EV_S_qb1of3__ROIC_qb2of3__C20_FCF_P_DYN_ytdavg_gt_lyytdavg__v0,EV_S_qb1of3__ROIC_qb2of3,C20_FCF_P_DYN_ytdavg_gt_lyytdavg,0.11348063136111808,0.1141413742374382,-0.0006607428763201195,-0.6069736096932188,0.5048426150121066,20.26,81.74035087719298
MOM_qb2of3__ACCRUAL_qb2of3__C19_FCF_P_DYN_yoy__v0,MOM_qb2of3__ACCRUAL_qb2of3,C19_FCF_P_DYN_yoy,0.11338155750719281,0.11763516061125423,-0.004253603104061421,-0.7075329183845183,0.4826880436636534,22.79,77.52
ROE_qb2of3__FCF_P_qb2of3__C17_FCF_P_DYN_qmax4__v0,ROE_qb2of3__FCF_P_qb2of3,C17_FCF_P_DYN_qmax4,0.11325026565622864,0.12136510193091676,-0.00811483627468812,-0.5385781331346216,0.4724264705882353,22.74,75.12595419847328
PB_qb1of3__DEBTRATIO_qb0of3__C16_FCF_P_DYN_riseq2__v0,PB_qb1of3__DEBTRATIO_qb0of3,C16_FCF_P_DYN_riseq2,0.11314518057978984,0.108940444371451,0.004204736208338833,-0.6169396111438286,0.49354197714853454,25.38,75.41240875912409
PS_qb1of3__FCF_OI_qb2of3__C1_ROE_DYN_riseq1__v0,PS_qb1of3__FCF_OI_qb2of3,C1_ROE_DYN_riseq1,0.11304363363005998,0.10831075228758014,0.004732881342479844,-0.6043454995250213,0.4838351822503962,21.45,84.46315789473684
P_IC_qb1of3__ROE_qb1of3__C14_EPS_DYN_ytdavg_gt_lyavg__v0,P_IC_qb1of3__ROE_qb1of3,C14_EPS_DYN_ytdavg_gt_lyavg,0.11302555392299007,0.10659619036251833,0.006429363560471746,-0.5725068966951851,0.48134584573128864,20.37,84.88070175438597
EV_S_qb1of3__ACCRUAL_qb1of3__C19_FCF_P_DYN_yoy__v0,EV_S_qb1of3__ACCRUAL_qb1of3,C19_FCF_P_DYN_yoy,0.11300848209809344,0.11564064478310487,-0.00263216268501143,-0.6745613066387088,0.4870657797487066,24.75,81.292
EV_S_qb1of3__OCF_E_qb2of3__C19_FCF_P_DYN_yoy__v0,EV_S_qb1of3__OCF_E_qb2of3,C19_FCF_P_DYN_yoy,0.11289393115368807,0.12057084445892974,-0.007676913305241673,-0.6109148093201198,0.4838169642857143,27.18,82.668
EV_S_qb1of3__DEBTRATIO_qb1of3__C19_FCF_P_DYN_yoy__v0,EV_S_qb1of3__DEBTRATIO_qb1of3,C19_FCF_P_DYN_yoy,0.11286347565893795,0.11604034731042145,-0.003176871651483504,-0.6318762254484314,0.48347457627118645,26.37,89.432
PS_qb1of3__OCF_E_qb1of3__C15_FCF_P_DYN_riseq1__v0,PS_qb1of3__OCF_E_qb1of3,C15_FCF_P_DYN_riseq1,0.11277896412846555,0.11005598483431767,0.002722979294147887,-0.616146127923461,0.46313295824696477,25.39,87.53684210526316
PS_qb1of3__FCF_OI_qb2of3__C8_EPS_DYN_riseq1__v0,PS_qb1of3__FCF_OI_qb2of3,C8_EPS_DYN_riseq1,0.11277746912562536,0.10831075228758014,0.004466716838045226,-0.6149124397291659,0.48074454428754815,21.46,83.70526315789473
PS_qb0of3__DEBTRATIO_qb2of3__C17_FCF_P_DYN_qmax4__v0,PS_qb0of3__DEBTRATIO_qb2of3,C17_FCF_P_DYN_qmax4,0.11252206499777984,0.16533570385241192,-0.05281363885463208,-0.608035338627648,0.4703753957485301,18.72,64.6412213740458
MOM_qb2of3__ROE_qb1of3__C17_FCF_P_DYN_qmax4__v0,MOM_qb2of3__ROE_qb1of3,C17_FCF_P_DYN_qmax4,0.11242825601042727,0.14308725897377994,-0.030659002963352666,-0.6707986709180358,0.47151794534079683,21.85,35.713740458015266
PB_qb1of3__DEBTRATIO_qb0of3__C6_ROE_DYN_ytdavg_gt_lyytdavg__v0,PB_qb1of3__DEBTRATIO_qb0of3,C6_ROE_DYN_ytdavg_gt_lyytdavg,0.11234929512447955,0.108940444371451,0.0034088507530285472,-0.6519943683079528,0.4811746987951807,20.35,64.72631578947369
PS_qb1of3__DEBTRATIO_qb1of3__C8_EPS_DYN_riseq1__v0,PS_qb1of3__DEBTRATIO_qb1of3,C8_EPS_DYN_riseq1,0.11233837164185201,0.10359660874817855,0.008741762893673455,-0.621019495342478,0.4841853308257822,21.33,97.73333333333333
P_IC_qb1of3__FCF_P_qb1of3__None__v0,P_IC_qb1of3__FCF_P_qb1of3,None,0.1123350134573704,0.1123350134573704,0.0,-0.6396841170742322,0.4844488405319266,21.35,151.4882154882155
PS_qb0of3__None__C17_FCF_P_DYN_qmax4__v0,PS_qb0of3__None,C17_FCF_P_DYN_qmax4,0.11209134761111472,0.16620841805915898,-0.05411707044804426,-0.5966083847986479,0.46376459143968873,20.21,117.70229007633588
PS_qb1of3__DEBTRATIO_qb1of3__C11_EPS_DYN_qmax8__v0,PS_qb1of3__DEBTRATIO_qb1of3,C11_EPS_DYN_qmax8,0.1120779885199048,0.10359660874817855,0.00848137977172625,-0.7770820724754158,0.49409871244635195,25.48,31.3982683982684
PS_qb1of3__OCF_E_qb1of3__C20_FCF_P_DYN_ytdavg_gt_lyytdavg__v0,PS_qb1of3__OCF_E_qb1of3,C20_FCF_P_DYN_ytdavg_gt_lyytdavg,0.11198994854045075,0.11005598483431767,0.0019339637061330794,-0.6209820301380495,0.49193259232699893,23.46,90.29824561403508
EV_S_qb1of3__ACCRUAL_qb1of3__C15_FCF_P_DYN_riseq1__v0,EV_S_qb1of3__ACCRUAL_qb1of3,C15_FCF_P_DYN_riseq1,0.11196835162568863,0.11564064478310487,-0.00367229315741624,-0.6428389535042317,0.462890625,24.75,78.53333333333333
MOM_qb1of3__ROE_qb2of3__C19_FCF_P_DYN_yoy__v0,MOM_qb1of3__ROE_qb2of3,C19_FCF_P_DYN_yoy,0.11196330103856122,0.10710814018856007,0.00485516085000115,-0.6017741934271954,0.528496362166532,27.91,68.252
P_IC_qb1of3__FCF_OI_qb1of3__C19_FCF_P_DYN_yoy__v0,P_IC_qb1of3__FCF_OI_qb1of3,C19_FCF_P_DYN_yoy,0.11195158562390062,0.11805734728393036,-0.00610576166002974,-0.6361497314357806,0.4785726779779605,25.46,89.096
PS_qb0of3__ACCRUAL_qb0of3__C18_FCF_P_DYN_qmax8__v0,PS_qb0of3__ACCRUAL_qb0of3,C18_FCF_P_DYN_qmax8,0.11185071652168599,0.16627029120688008,-0.054419574685194094,-0.666837862640853,0.4585050029429076,25.84,22.798283261802574
PB_qb1of3__NETDEBT_EBITDA_qb0of3__C16_FCF_P_DYN_riseq2__v0,PB_qb1of3__NETDEBT_EBITDA_qb0of3,C16_FCF_P_DYN_riseq2,0.1118347705114564,0.11680507484049185,-0.0049703043290354465,-0.657196730107773,0.4910037878787879,25.19,81.11313868613139
PB_qb1of3__DEBTRATIO_qb0of3__C11_EPS_DYN_qmax8__v0,PB_qb1of3__DEBTRATIO_qb0of3,C11_EPS_DYN_qmax8,0.11182583771255339,0.108940444371451,0.0028853933411023824,-0.8036350900069404,0.49697885196374625,18.63,21.339055793991417
MOM_qb2of3__FCF_P_qb1of3__C15_FCF_P_DYN_riseq1__v0,MOM_qb2of3__FCF_P_qb1of3,C15_FCF_P_DYN_riseq1,0.11174212507900894,0.1303189927093793,-0.018576867630370364,-0.7539214050962882,0.45755725190839697,19.68,72.01754385964912
PB_qb1of3__ROE_qb2of3__C18_FCF_P_DYN_qmax8__v0,PB_qb1of3__ROE_qb2of3,C18_FCF_P_DYN_qmax8,0.11156560386086967,0.1735666691404827,-0.06200106527961302,-0.6996985787117314,0.48489542989930284,20.01,17.16888888888889
EV_S_qb1of3__NETDEBT_EBITDA_qb2of3__C19_FCF_P_DYN_yoy__v0,EV_S_qb1of3__NETDEBT_EBITDA_qb2of3,C19_FCF_P_DYN_yoy,0.11149715502372337,0.13111893250082707,-0.019621777477103697,-0.6266920463468231,0.4731663685152057,23.3,88.856
PB_qb0of3__ROE_qb2of3__C17_FCF_P_DYN_qmax4__v0,PB_qb0of3__ROE_qb2of3,C17_FCF_P_DYN_qmax4,0.11141085065543321,0.20625735013604096,-0.09484649948060775,-0.7860452012771553,0.5010845986984815,19.3,12.01908396946565
ROE_qb2of3__OCF_E_qb2of3__None__v0,ROE_qb2of3__OCF_E_qb2of3,None,0.11121481636596298,0.11121481636596298,0.0,-0.48888512770156045,0.45863413824578875,21.51,271.4208754208754
EV_S_qb1of3__DEBTRATIO_qb2of3__C16_FCF_P_DYN_riseq2__v0,EV_S_qb1of3__DEBTRATIO_qb2of3,C16_FCF_P_DYN_riseq2,0.1110325269311685,0.12155643979061281,-0.010523912859444318,-0.6373252081475812,0.46549921589127025,22.12,72.43065693430657
P_IC_qb1of3__FCF_OI_qb1of3__C17_FCF_P_DYN_qmax4__v0,P_IC_qb1of3__FCF_OI_qb1of3,C17_FCF_P_DYN_qmax4,0.11092372496004077,0.11805734728393036,-0.007133622323889588,-0.6283220770755269,0.4145925673371974,23.45,35.26335877862596
PS_qb0of3__OCF_E_qb2of3__C17_FCF_P_DYN_qmax4__v0,PS_qb0of3__OCF_E_qb2of3,C17_FCF_P_DYN_qmax4,0.11079266250654674,0.17777171665795666,-0.06697905415140992,-0.620179260876395,0.4649122807017544,22.54,43.896946564885496
PS_qb1of3__NETDEBT_EBITDA_qb1of3__C10_EPS_DYN_qmax4__v0,PS_qb1of3__NETDEBT_EBITDA_qb1of3,C10_EPS_DYN_qmax4,0.11066190246839547,0.10584118790426911,0.0048207145641263605,-0.5727433585479831,0.49462654486835034,22.0,60.404580152671755
P_IC_qb1of3__ROE_qb1of3__C6_ROE_DYN_ytdavg_gt_lyytdavg__v0,P_IC_qb1of3__ROE_qb1of3,C6_ROE_DYN_ytdavg_gt_lyytdavg,0.11041846848930925,0.10659619036251833,0.0038222781267909234,-0.5831679673351233,0.48081561061170797,21.32,87.9859649122807
EV_S_qb1of3__ACCRUAL_qb0of3__C20_FCF_P_DYN_ytdavg_gt_lyytdavg__v0,EV_S_qb1of3__ACCRUAL_qb0of3,C20_FCF_P_DYN_ytdavg_gt_lyytdavg,0.11041541400008636,0.12264039060979393,-0.01222497660970756,-0.6352383230532175,0.47668780305856023,22.56,80.4
PB_qb1of3__FCF_OI_qb1of3__C18_FCF_P_DYN_qmax8__v0,PB_qb1of3__FCF_OI_qb1of3,C18_FCF_P_DYN_qmax8,0.11034900146018778,0.11455659643931759,-0.004207594979129814,-0.6936160394514712,0.41851106639839036,19.84,16.091954022988507
PB_qb0of3__OCF_E_qb2of3__C17_FCF_P_DYN_qmax4__v0,PB_qb0of3__OCF_E_qb2of3,C17_FCF_P_DYN_qmax4,0.11017693280773333,0.1959933102234963,-0.08581637741576298,-0.6246138673123572,0.48360655737704916,20.89,30.30534351145038
PS_qb1of3__OCF_E_qb1of3__None__v0,PS_qb1of3__OCF_E_qb1of3,None,0.11005598483431767,0.11005598483431767,0.0,-0.6249108866700517,0.4874669487043892,23.08,178.7104377104377
ROE_qb2of3__FCF_OI_qb2of3__C17_FCF_P_DYN_qmax4__v0,ROE_qb2of3__FCF_OI_qb2of3,C17_FCF_P_DYN_qmax4,0.10989713758498842,0.10829014177983431,0.00160699580515411,-0.5964659991405539,0.46259050683829445,23.14,77.24809160305344
PB_qb1of3__OCF_E_qb2of3__C15_FCF_P_DYN_riseq1__v0,PB_qb1of3__OCF_E_qb2of3,C15_FCF_P_DYN_riseq1,0.10987171718174693,0.1259024888946132,-0.016030771712866265,-0.5518442299068458,0.4635588798051835,22.47,72.93333333333334
MOM_qb1of3__ROE_qb2of3__C18_FCF_P_DYN_qmax8__v0,MOM_qb1of3__ROE_qb2of3,C18_FCF_P_DYN_qmax8,0.10987126997034058,0.10710814018856007,0.0027631297817805045,-0.5423823658612754,0.4781966001478197,33.89,17.435555555555556
PS_qb1of3__DEBTRATIO_qb0of3__C15_FCF_P_DYN_riseq1__v0,PS_qb1of3__DEBTRATIO_qb0of3,C15_FCF_P_DYN_riseq1,0.10980349928936306,0.12730497339873037,-0.01750147410936731,-0.6460664874697842,0.4621880998080614,24.0,76.29473684210527
ROE_qb2of3__None__None__v0,ROE_qb2of3__None,None,0.1096895179268933,0.1096895179268933,0.0,-0.5019894135854195,0.4582043343653251,20.63,511.2121212121212
EV_S_qb1of3__EV_EBITDA_qb1of3__C15_FCF_P_DYN_riseq1__v0,EV_S_qb1of3__EV_EBITDA_qb1of3,C15_FCF_P_DYN_riseq1,0.10957662090876163,0.12268266204092337,-0.013106041132161739,-0.6198965198540755,0.4577251445882677,23.84,96.92631578947369
P_IC_qb1of3__ROE_qb1of3__C11_EPS_DYN_qmax8__v0,P_IC_qb1of3__ROE_qb1of3,C11_EPS_DYN_qmax8,0.10936705437755578,0.10659619036251833,0.0027708640150374553,-0.8175910582906671,0.5155010814708003,18.0,22.00429184549356
P_IC_qb1of3__None__None__v0,P_IC_qb1of3__None,None,0.10927398071020056,0.10927398071020056,0.0,-0.6080612428504042,0.5077608142493639,21.73,463.32996632996634
PB_qb1of3__NETDEBT_EBITDA_qb1of3__C16_FCF_P_DYN_riseq2__v0,PB_qb1of3__NETDEBT_EBITDA_qb1of3,C16_FCF_P_DYN_riseq2,0.10915920295561543,0.11518524454398116,-0.006026041588365727,-0.6006539774809605,0.5020281555714626,22.38,75.45255474452554
PS_qb1of3__None__C16_FCF_P_DYN_riseq2__v0,PS_qb1of3__None,C16_FCF_P_DYN_riseq2,0.10900549471958798,0.10831162240253711,0.0006938723170508698,-0.6478023886705121,0.48177695666778636,24.51,237.507299270073
P_IC_qb1of3__OCF_E_qb1of3__C16_FCF_P_DYN_riseq2__v0,P_IC_qb1of3__OCF_E_qb1of3,C16_FCF_P_DYN_riseq2,0.10897691218452299,0.10872133611728962,0.0002555760672333651,-0.5943611114805015,0.49061929271127347,25.44,93.16423357664233
PS_qb1of3__ROIC_qb2of3__C15_FCF_P_DYN_riseq1__v0,PS_qb1of3__ROIC_qb2of3,C15_FCF_P_DYN_riseq1,0.10897272988718121,0.12570144548191764,-0.016728715594736432,-0.5921429557147146,0.45813875917278185,23.51,80.26666666666667
MOM_qb1of3__ROE_qb2of3__C8_EPS_DYN_riseq1__v0,MOM_qb1of3__ROE_qb2of3,C8_EPS_DYN_riseq1,0.10897226672539495,0.10710814018856007,0.0018641265368348758,-0.6710428928168377,0.5285544318857823,21.81,82.48070175438596
PB_qb1of3__DEBTRATIO_qb0of3__None__v0,PB_qb1of3__DEBTRATIO_qb0of3,None,0.108940444371451,0.108940444371451,0.0,-0.622711032086799,0.4937115333154937,21.72,147.013468013468
ROE_qb2of3__ROIC_qb2of3__C17_FCF_P_DYN_qmax4__v0,ROE_qb2of3__ROIC_qb2of3,C17_FCF_P_DYN_qmax4,0.10893658888717561,0.10622238694356079,0.0027142019436148246,-0.6219328995896973,0.4545089106257537,23.95,92.94274809160305
P_IC_qb1of3__OCF_E_qb1of3__None__v0,P_IC_qb1of3__OCF_E_qb1of3,None,0.10872133611728962,0.10872133611728962,0.0,-0.5968074004109271,0.49089529590288317,23.21,175.92592592592592
EV_S_qb1of3__ROIC_qb2of3__C17_FCF_P_DYN_qmax4__v0,EV_S_qb1of3__ROIC_qb2of3,C17_FCF_P_DYN_qmax4,0.10855757313951853,0.1141413742374382,-0.005583801097919672,-0.5914801413260582,0.45424343098761705,22.42,40.583969465648856
EV_S_qb1of3__NETDEBT_EBITDA_qb2of3__C15_FCF_P_DYN_riseq1__v0,EV_S_qb1of3__NETDEBT_EBITDA_qb2of3,C15_FCF_P_DYN_riseq1,0.10848444499748089,0.13111893250082707,-0.02263448750334618,-0.6409837330410322,0.456314177625653,24.09,86.24561403508773
EV_S_qb1of3__DEBTRATIO_qb1of3__C15_FCF_P_DYN_riseq1__v0,EV_S_qb1of3__DEBTRATIO_qb1of3,C15_FCF_P_DYN_riseq1,0.10847404838280572,0.11604034731042145,-0.007566298927615733,-0.6445455933311999,0.4571183533447684,23.72,84.06315789473685
P_IC_qb0of3__NETDEBT_EBITDA_qb2of3__C17_FCF_P_DYN_qmax4__v0,P_IC_qb0of3__NETDEBT_EBITDA_qb2of3,C17_FCF_P_DYN_qmax4,0.10840873200202505,0.17686162789661508,-0.06845289589459003,-0.6116486272987881,0.4649122807017544,20.15,70.40839694656489
ROE_qb2of3__DEBTRATIO_qb0of3__None__v0,ROE_qb2of3__DEBTRATIO_qb0of3,None,0.1083279530990704,0.1083279530990704,0.0,-0.5343440129492867,0.4586811352253756,20.55,162.4882154882155
PS_qb1of3__None__None__v0,PS_qb1of3__None,None,0.10831162240253711,0.10831162240253711,0.0,-0.6206788459712123,0.48773690078037907,22.48,463.020202020202
PS_qb1of3__FCF_OI_qb2of3__None__v0,PS_qb1of3__FCF_OI_qb2of3,None,0.10831075228758014,0.10831075228758014,0.0,-0.642790198861646,0.4761054927622447,24.97,163.5050505050505
ROE_qb2of3__FCF_OI_qb2of3__None__v0,ROE_qb2of3__FCF_OI_qb2of3,None,0.10829014177983431,0.10829014177983431,0.0,-0.5545365519895615,0.44700593074421274,21.39,170.9023569023569
MOM_qb2of3__FCF_OI_qb2of3__C18_FCF_P_DYN_qmax8__v0,MOM_qb2of3__FCF_OI_qb2of3,C18_FCF_P_DYN_qmax8,0.10814664760830062,0.13952586865099859,-0.03137922104269797,-0.6771814800851663,0.4633404320048677,24.59,42.54935622317596
PS_qb1of3__None__C20_FCF_P_DYN_ytdavg_gt_lyytdavg__v0,PS_qb1of3__None,C20_FCF_P_DYN_ytdavg_gt_lyytdavg,0.10805720006770403,0.10831162240253711,-0.0002544223348330821,-0.6324170095164983,0.5006914035492049,22.95,231.64912280701753
ROE_qb2of3__FCF_OI_qb1of3__None__v0,ROE_qb2of3__FCF_OI_qb1of3,None,0.1080080007178279,0.1080080007178279,0.0,-0.5354313761721232,0.466227500463908,20.84,193.59595959595958
PS_qb1of3__ACCRUAL_qb1of3__None__v0,PS_qb1of3__ACCRUAL_qb1of3,None,0.10789709507912493,0.10789709507912493,0.0,-0.6226722779394014,0.48374469935848646,23.7,159.88215488215488
PS_qb1of3__OCF_E_qb2of3__C20_FCF_P_DYN_ytdavg_gt_lyytdavg__v0,PS_qb1of3__OCF_E_qb2of3,C20_FCF_P_DYN_ytdavg_gt_lyytdavg,0.1076127283318935,0.10402702318790835,0.0035857051439851517,-0.6226060858247405,0.4891026899666209,22.5,78.55438596491229
PS_qb1of3__FCF_P_qb1of3__C16_FCF_P_DYN_riseq2__v0,PS_qb1of3__FCF_P_qb1of3,C16_FCF_P_DYN_riseq2,0.10757775172670891,0.10355268343095037,0.004025068295758549,-0.6634822133544216,0.47556258790436007,23.22,80.04744525547446
PB_qb1of3__None__None__v0,PB_qb1of3__None,None,0.10751637456446095,0.10751637456446095,0.0,-0.6074961184260653,0.4971537001897533,21.54,463.32996632996634
PB_qb1of3__ACCRUAL_qb1of3__C19_FCF_P_DYN_yoy__v0,PB_qb1of3__ACCRUAL_qb1of3,C19_FCF_P_DYN_yoy,0.10751581206251992,0.10547281823417798,0.0020429938283419435,-0.6346716494069653,0.4803659931376287,25.5,79.416
PB_qb1of3__NETDEBT_EBITDA_qb1of3__C15_FCF_P_DYN_riseq1__v0,PB_qb1of3__NETDEBT_EBITDA_qb1of3,C15_FCF_P_DYN_riseq1,0.10750759689380751,0.11518524454398116,-0.007677647650173647,-0.5743007463915442,0.46694966646452396,22.56,71.06315789473685
PB_qb1of3__NETDEBT_EBITDA_qb0of3__C20_FCF_P_DYN_ytdavg_gt_lyytdavg__v0,PB_qb1of3__NETDEBT_EBITDA_qb0of3,C20_FCF_P_DYN_ytdavg_gt_lyytdavg,0.10746175071817987,0.11680507484049185,-0.00934332412231198,-0.6379115211797038,0.4986183604544059,22.64,79.91228070175438
PB_qb0of3__NETDEBT_EBITDA_qb2of3__C18_FCF_P_DYN_qmax8__v0,PB_qb0of3__NETDEBT_EBITDA_qb2of3,C18_FCF_P_DYN_qmax8,0.10743660309289194,0.17776664450601265,-0.07033004141312071,-0.7053989121584414,0.47356948228882834,28.77,25.96137339055794
PS_qb1of3__ACCRUAL_qb1of3__C20_FCF_P_DYN_ytdavg_gt_lyytdavg__v0,PS_qb1of3__ACCRUAL_qb1of3,C20_FCF_P_DYN_ytdavg_gt_lyytdavg,0.10734449171626848,0.10789709507912493,-0.000552603362856452,-0.6408033318150269,0.4868040839915238,24.34,79.7298245614035
ROE_qb2of3__FCF_P_qb2of3__C15_FCF_P_DYN_riseq1__v0,ROE_qb2of3__FCF_P_qb2of3,C15_FCF_P_DYN_riseq1,0.10723605250877366,0.12136510193091676,-0.014129049422143103,-0.5306615561828287,0.46483007790448233,22.46,109.03859649122808
PB_qb1of3__NETDEBT_EBITDA_qb1of3__C19_FCF_P_DYN_yoy__v0,PB_qb1of3__NETDEBT_EBITDA_qb1of3,C19_FCF_P_DYN_yoy,0.10717463968798602,0.11518524454398116,-0.00801060485599514,-0.6035828914883894,0.49275006144015726,26.08,75.224
PS_qb1of3__DEBTRATIO_qb1of3__C13_EPS_DYN_ytdavg_gt_lyytdavg__v0,PS_qb1of3__DEBTRATIO_qb1of3,C13_EPS_DYN_ytdavg_gt_lyytdavg,0.10713672853012879,0.10359660874817855,0.003540119781950235,-0.5790095245456719,0.4631336405529954,22.54,96.26315789473684
PS_qb1of3__MOM_qb2of3__C11_EPS_DYN_qmax8__v0,PS_qb1of3__MOM_qb2of3,C11_EPS_DYN_qmax8,0.10711917114551639,0.13687445579871116,-0.02975528465319477,-0.6858503863795538,0.48736013261500205,22.71,36.85407725321888
MOM_qb1of3__ROE_qb2of3__None__v0,MOM_qb1of3__ROE_qb2of3,None,0.10710814018856007,0.10710814018856007,0.0,-0.5942656529908454,0.5264488935721813,22.1,130.3804713804714
EV_S_qb1of3__EV_EBITDA_qb1of3__C17_FCF_P_DYN_qmax4__v0,EV_S_qb1of3__EV_EBITDA_qb1of3,C17_FCF_P_DYN_qmax4,0.10710788736285437,0.12268266204092337,-0.015574774678069003,-0.664850582474426,0.4559118236472946,21.96,49.87022900763359
PB_qb1of3__NETDEBT_EBITDA_qb0of3__C19_FCF_P_DYN_yoy__v0,PB_qb1of3__NETDEBT_EBITDA_qb0of3,C19_FCF_P_DYN_yoy,0.10710346764532508,0.11680507484049185,-0.009701607195166773,-0.6758616620595497,0.48079306071871125,24.55,80.292
ROE_qb2of3__NETDEBT_EBITDA_qb0of3__C15_FCF_P_DYN_riseq1__v0,ROE_qb2of3__NETDEBT_EBITDA_qb0of3,C15_FCF_P_DYN_riseq1,0.10690642200272071,0.1064581381558376,0.00044828384688311296,-0.6102114757342729,0.45777065690089264,19.71,62.12280701754386
P_IC_qb1of3__OCF_E_qb2of3__C19_FCF_P_DYN_yoy__v0,P_IC_qb1of3__OCF_E_qb2of3,C19_FCF_P_DYN_yoy,0.10685716650496135,0.11536649529775045,-0.008509328792789095,-0.6388589029547893,0.4826222684703434,24.5,73.436
P_IC_qb1of3__NETDEBT_EBITDA_qb1of3__C16_FCF_P_DYN_riseq2__v0,P_IC_qb1of3__NETDEBT_EBITDA_qb1of3,C16_FCF_P_DYN_riseq2,0.10679512617199882,0.11425449559436518,-0.007459369422366358,-0.6021280686505336,0.49205298013245036,24.83,82.21167883211679
PB_qb1of3__NETDEBT_EBITDA_qb1of3__C17_FCF_P_DYN_qmax4__v0,PB_qb1of3__NETDEBT_EBITDA_qb1of3,C17_FCF_P_DYN_qmax4,0.10678465891904132,0.11518524454398116,-0.008400585624939838,-0.5872829395496242,0.46910511363636365,21.04,36.86641221374046
PS_qb1of3__FCF_P_qb1of3__C20_FCF_P_DYN_ytdavg_gt_lyytdavg__v0,PS_qb1of3__FCF_P_qb1of3,C20_FCF_P_DYN_ytdavg_gt_lyytdavg,0.10669644059068895,0.10355268343095037,0.0031437571597385805,-0.6515877743423175,0.49620548744892,21.9,77.54035087719298
P_IC_qb1of3__ROE_qb1of3__None__v0,P_IC_qb1of3__ROE_qb1of3,None,0.10659619036251833,0.10659619036251833,0.0,-0.6087896933446362,0.49690287413280476,23.32,195.31313131313132
ROE_qb2of3__ACCRUAL_qb1of3__C15_FCF_P_DYN_riseq1__v0,ROE_qb2of3__ACCRUAL_qb1of3,C15_FCF_P_DYN_riseq1,0.106550831141069,0.10621584572289322,0.00033498541817578165,-0.5892614383312637,0.4738735327527452,23.15,64.01754385964912
ROE_qb2of3__FCF_P_qb0of3__None__v0,ROE_qb2of3__FCF_P_qb0of3,None,0.10654638208040024,0.10654638208040024,0.0,-0.5272463334006785,0.47513278609367454,21.8,116.44781144781145
ROE_qb2of3__NETDEBT_EBITDA_qb0of3__None__v0,ROE_qb2of3__NETDEBT_EBITDA_qb0of3,None,0.1064581381558376,0.1064581381558376,0.0,-0.5679912411392432,0.47126193001060446,20.89,154.07070707070707
PS_qb1of3__FCF_OI_qb2of3__C20_FCF_P_DYN_ytdavg_gt_lyytdavg__v0,PS_qb1of3__FCF_OI_qb2of3,C20_FCF_P_DYN_ytdavg_gt_lyytdavg,0.10637278379315718,0.10831075228758014,-0.0019379684944229592,-0.6352680370718016,0.4763605199257249,24.55,107.82456140350877
EV_S_qb1of3__OCF_E_qb2of3__C20_FCF_P_DYN_ytdavg_gt_lyytdavg__v0,EV_S_qb1of3__OCF_E_qb2of3,C20_FCF_P_DYN_ytdavg_gt_lyytdavg,0.10633277599980162,0.12057084445892974,-0.014238068459128117,-0.6236779299575621,0.49181298086407577,21.54,79.29122807017544
ROE_qb2of3__ROIC_qb2of3__None__v0,ROE_qb2of3__ROIC_qb2of3,None,0.10622238694356079,0.10622238694356079,0.0,-0.5017922953476753,0.44941581378498324,21.11,441.979797979798
ROE_qb2of3__ACCRUAL_qb1of3__None__v0,ROE_qb2of3__ACCRUAL_qb1of3,None,0.10621584572289322,0.10621584572289322,0.0,-0.5416067767054579,0.47290422472904226,21.45,147.5185185185185
EV_S_qb0of3__None__C17_FCF_P_DYN_qmax4__v0,EV_S_qb0of3__None,C17_FCF_P_DYN_qmax4,0.10611836760190552,0.15765702596425268,-0.05153865836234717,-0.5778080045562574,0.46328320802005013,21.74,115.82442748091603
P_IC_qb1of3__FCF_P_qb1of3__C16_FCF_P_DYN_riseq2__v0,P_IC_qb1of3__FCF_P_qb1of3,C16_FCF_P_DYN_riseq2,0.1061036084454352,0.1123350134573704,-0.006231405011935198,-0.6441757635156977,0.483232251159472,24.29,78.74817518248175
PS_qb1of3__ACCRUAL_qb1of3__C4_ROE_DYN_qmax8__v0,PS_qb1of3__ACCRUAL_qb1of3,C4_ROE_DYN_qmax8,0.10605980771489487,0.10789709507912493,-0.0018372873642300558,-0.7242510588049036,0.5115143056524774,20.57,21.36480686695279
PB_qb1of3__FCF_P_qb1of3__None__v0,PB_qb1of3__FCF_P_qb1of3,None,0.1059407351797439,0.1059407351797439,0.0,-0.6338427848306472,0.4853932584269663,22.44,147.7979797979798
EV_S_qb1of3__FCF_OI_qb2of3__C16_FCF_P_DYN_riseq2__v0,EV_S_qb1of3__FCF_OI_qb2of3,C16_FCF_P_DYN_riseq2,0.10593560188747042,0.11669571151307889,-0.010760109625608472,-0.663803214922942,0.4763177070682536,23.73,125.84306569343066
PS_qb1of3__DEBTRATIO_qb0of3__C17_FCF_P_DYN_qmax4__v0,PS_qb1of3__DEBTRATIO_qb0of3,C17_FCF_P_DYN_qmax4,0.1058997247086535,0.12730497339873037,-0.021405248690076872,-0.6637693664094834,0.4497061873487729,20.82,37.61450381679389
PB_qb1of3__FCF_P_qb1of3__C16_FCF_P_DYN_riseq2__v0,PB_qb1of3__FCF_P_qb1of3,C16_FCF_P_DYN_riseq2,0.10589280370424947,0.1059407351797439,-4.793147549442267e-05,-0.6551229276579658,0.4911641464747677,24.41,76.23722627737226
PB_qb0of3__ACCRUAL_qb0of3__C17_FCF_P_DYN_qmax4__v0,PB_qb0of3__ACCRUAL_qb0of3,C17_FCF_P_DYN_qmax4,0.10587729028639936,0.17797297319254568,-0.07209568290614632,-0.629713455037128,0.4677524429967427,21.96,40.83969465648855
PB_qb1of3__ACCRUAL_qb1of3__C20_FCF_P_DYN_ytdavg_gt_lyytdavg__v0,PB_qb1of3__ACCRUAL_qb1of3,C20_FCF_P_DYN_ytdavg_gt_lyytdavg,0.10587155126817427,0.10547281823417798,0.00039873303399629023,-0.6234909978058017,0.4905476515299162,22.59,79.99298245614035
PB_qb1of3__FCF_OI_qb1of3__C16_FCF_P_DYN_riseq2__v0,PB_qb1of3__FCF_OI_qb1of3,C16_FCF_P_DYN_riseq2,0.10585691625189564,0.11455659643931759,-0.008699680187421954,-0.6214751017073656,0.48816915589864074,23.02,86.8905109489051
PS_qb1of3__NETDEBT_EBITDA_qb1of3__None__v0,PS_qb1of3__NETDEBT_EBITDA_qb1of3,None,0.10584118790426911,0.10584118790426911,0.0,-0.6211291785419464,0.46916783077230095,22.86,167.0875420875421
PS_qb1of3__FCF_OI_qb2of3__C16_FCF_P_DYN_riseq2__v0,PS_qb1of3__FCF_OI_qb2of3,C16_FCF_P_DYN_riseq2,0.10571533596910476,0.10831075228758014,-0.0025954163184753742,-0.6533732956697156,0.4798795180722892,25.54,128.04379562043795
ROE_qb2of3__OCF_E_qb2of3__C15_FCF_P_DYN_riseq1__v0,ROE_qb2of3__OCF_E_qb2of3,C15_FCF_P_DYN_riseq1,0.10568760415282252,0.11121481636596298,-0.005527212213140453,-0.5676446030620244,0.4579929988331389,23.39,112.35438596491228
P_IC_qb1of3__DEBTRATIO_qb1of3__None__v0,P_IC_qb1of3__DEBTRATIO_qb1of3,None,0.10564924828883626,0.10564924828883626,0.0,-0.6119597108098014,0.4947326575233552,22.33,187.25925925925927
PB_qb1of3__ACCRUAL_qb1of3__None__v0,PB_qb1of3__ACCRUAL_qb1of3,None,0.10547281823417798,0.10547281823417798,0.0,-0.6160158792572518,0.48153378231588095,23.05,157.66666666666666
PB_qb1of3__DEBTRATIO_qb0of3__C20_FCF_P_DYN_ytdavg_gt_lyytdavg__v0,PB_qb1of3__DEBTRATIO_qb0of3,C20_FCF_P_DYN_ytdavg_gt_lyytdavg,0.10535881317154949,0.108940444371451,-0.003581631199901514,-0.6391137849352619,0.5101174934725848,22.43,74.19649122807017
EV_S_qb1of3__OCF_E_qb2of3__C16_FCF_P_DYN_riseq2__v0,EV_S_qb1of3__OCF_E_qb2of3,C16_FCF_P_DYN_riseq2,0.10531679984275111,0.12057084445892974,-0.01525404461617863,-0.61784427995775,0.4852102637205987,25.34,82.3029197080292
EV_S_qb1of3__None__C19_FCF_P_DYN_yoy__v0,EV_S_qb1of3__None,C19_FCF_P_DYN_yoy,0.10516543286842572,0.11690579369850362,-0.0117403608300779,-0.6496321716749477,0.4814332812771126,25.6,237.004
PS_qb1of3__ROIC_qb2of3__C17_FCF_P_DYN_qmax4__v0,PS_qb1of3__ROIC_qb2of3,C17_FCF_P_DYN_qmax4,0.10514614282599277,0.12570144548191764,-0.020555302655924867,-0.6011443526774021,0.44935437589670013,26.09,42.69083969465649
EV_S_qb1of3__DEBTRATIO_qb1of3__C17_FCF_P_DYN_qmax4__v0,EV_S_qb1of3__DEBTRATIO_qb1of3,C17_FCF_P_DYN_qmax4,0.1050467280884273,0.11604034731042145,-0.010993619221994155,-0.6743325616728977,0.44759629740220963,26.37,43.76335877862596
P_IC_qb1of3__NETDEBT_EBITDA_qb1of3__C19_FCF_P_DYN_yoy__v0,P_IC_qb1of3__NETDEBT_EBITDA_qb1of3,C19_FCF_P_DYN_yoy,0.10488889660006429,0.11425449559436518,-0.009365598994300894,-0.6098998387250346,0.48901472253680633,26.8,82.684
PS_qb1of3__NETDEBT_EBITDA_qb0of3__C17_FCF_P_DYN_qmax4__v0,PS_qb1of3__NETDEBT_EBITDA_qb0of3,C17_FCF_P_DYN_qmax4,0.10473892917852679,0.1188095866868164,-0.014070657508289619,-0.6552489270260158,0.4439669421487603,20.98,39.01145038167939
PS_qb1of3__DEBTRATIO_qb1of3__C20_FCF_P_DYN_ytdavg_gt_lyytdavg__v0,PS_qb1of3__DEBTRATIO_qb1of3,C20_FCF_P_DYN_ytdavg_gt_lyytdavg,0.10463261748710995,0.10359660874817855,0.0010360087389313932,-0.6534465074342811,0.49722824777054714,24.0,94.68771929824561
PB_qb1of3__NETDEBT_EBITDA_qb1of3__C20_FCF_P_DYN_ytdavg_gt_lyytdavg__v0,PB_qb1of3__NETDEBT_EBITDA_qb1of3,C20_FCF_P_DYN_ytdavg_gt_lyytdavg,0.10463019608323232,0.11518524454398116,-0.01055504846074884,-0.6120463777157252,0.5108287611897199,22.2,74.21052631578948
P_IC_qb1of3__ROE_qb1of3__C13_EPS_DYN_ytdavg_gt_lyytdavg__v0,P_IC_qb1of3__ROE_qb1of3,C13_EPS_DYN_ytdavg_gt_lyytdavg,0.1046173193934985,0.10659619036251833,-0.0019788709690198303,-0.5717514284677243,0.47532686630113874,22.23,91.03157894736842
P_IC_qb0of3__OCF_E_qb2of3__C17_FCF_P_DYN_qmax4__v0,P_IC_qb0of3__OCF_E_qb2of3,C17_FCF_P_DYN_qmax4,0.10459373256650606,0.18457415552402745,-0.07998042295752139,-0.6119391406892338,0.48624862486248627,21.47,36.07251908396947
PB_qb1of3__FCF_P_qb1of3__C19_FCF_P_DYN_yoy__v0,PB_qb1of3__FCF_P_qb1of3,C19_FCF_P_DYN_yoy,0.10450019405209932,0.1059407351797439,-0.001440541127644579,-0.6627158808449203,0.4823869104908566,28.24,77.276
MOM_qb1of3__ROE_qb2of3__C1_ROE_DYN_riseq1__v0,MOM_qb1of3__ROE_qb2of3,C1_ROE_DYN_riseq1,0.1044119892137012,0.10710814018856007,-0.0026961509748588686,-0.659790517436859,0.5226392612451594,22.5,81.46315789473684
ROE_qb2of3__ACCRUAL_qb1of3__C17_FCF_P_DYN_qmax4__v0,ROE_qb2of3__ACCRUAL_qb1of3,C17_FCF_P_DYN_qmax4,0.10439175901115227,0.10621584572289322,-0.0018240867117409465,-0.6397794778181131,0.4601449275362319,27.59,32.908396946564885
P_IC_qb1of3__OCF_E_qb2of3__C16_FCF_P_DYN_riseq2__v0,P_IC_qb1of3__OCF_E_qb2of3,C16_FCF_P_DYN_riseq2,0.10416140783212602,0.11536649529775045,-0.01120508746562443,-0.625594939421539,0.4827723561043617,25.11,72.83211678832117
PS_qb1of3__OCF_E_qb2of3__None__v0,PS_qb1of3__OCF_E_qb2of3,None,0.10402702318790835,0.10402702318790835,0.0,-0.5914290436957184,0.47205318909172866,23.95,153.16498316498317
P_IC_qb1of3__DEBTRATIO_qb1of3__C15_FCF_P_DYN_riseq1__v0,P_IC_qb1of3__DEBTRATIO_qb1of3,C15_FCF_P_DYN_riseq1,0.10396708119304066,0.10564924828883626,-0.0016821670957956059,-0.6253271631400026,0.46167471819645733,22.43,90.54385964912281
PB_qb1of3__None__C19_FCF_P_DYN_yoy__v0,PB_qb1of3__None,C19_FCF_P_DYN_yoy,0.10386544923939978,0.10751637456446095,-0.0036509253250611717,-0.6287166952112615,0.482124079915878,25.85,238.412
PB_qb1of3__DEBTRATIO_qb1of3__C15_FCF_P_DYN_riseq1__v0,PB_qb1of3__DEBTRATIO_qb1of3,C15_FCF_P_DYN_riseq1,0.10374157850253307,0.10295792396196068,0.0007836545405723871,-0.6349294105193872,0.46119569253620496,22.66,78.11929824561403
P_IC_qb1of3__FCF_P_qb1of3__C19_FCF_P_DYN_yoy__v0,P_IC_qb1of3__FCF_P_qb1of3,C19_FCF_P_DYN_yoy,0.10373571105304058,0.1123350134573704,-0.008599302404329823,-0.6808126530855332,0.4841646121752323,27.14,79.032
MOM_qb2of3__NETDEBT_EBITDA_qb2of3__C17_FCF_P_DYN_qmax4__v0,MOM_qb2of3__NETDEBT_EBITDA_qb2of3,C17_FCF_P_DYN_qmax4,0.10364797043828045,0.13607790519389984,-0.032429934755619394,-0.6860392388662393,0.46766169154228854,20.4,36.958015267175576
PS_qb1of3__DEBTRATIO_qb1of3__None__v0,PS_qb1of3__DEBTRATIO_qb1of3,None,0.10359660874817855,0.10359660874817855,0.0,-0.6329938907497774,0.48342125094197436,23.94,190.86531986531986
P_IC_qb1of3__DEBTRATIO_qb1of3__C19_FCF_P_DYN_yoy__v0,P_IC_qb1of3__DEBTRATIO_qb1of3,C19_FCF_P_DYN_yoy,0.10359026467842058,0.10564924828883626,-0.0020589836104156767,-0.6384924762693386,0.48491552695092516,26.0,97.9
PS_qb1of3__FCF_P_qb1of3__None__v0,PS_qb1of3__FCF_P_qb1of3,None,0.10355268343095037,0.10355268343095037,0.0,-0.6269007338856176,0.47546842846312143,23.41,155.8922558922559
EV_S_qb1of3__FCF_OI_qb2of3__C19_FCF_P_DYN_yoy__v0,EV_S_qb1of3__FCF_OI_qb2of3,C19_FCF_P_DYN_yoy,0.1034627085162898,0.11669571151307889,-0.01323300299678909,-0.6752820642030568,0.4781310837118754,25.69,122.536
PS_qb1of3__ACCRUAL_qb1of3__C16_FCF_P_DYN_riseq2__v0,PS_qb1of3__ACCRUAL_qb1of3,C16_FCF_P_DYN_riseq2,0.10338348271690068,0.10789709507912493,-0.004513612362224251,-0.6699756577558986,0.4752703421379188,25.66,82.12043795620438
EV_S_qb1of3__ACCRUAL_qb0of3__C19_FCF_P_DYN_yoy__v0,EV_S_qb1of3__ACCRUAL_qb0of3,C19_FCF_P_DYN_yoy,0.10334023902089484,0.12264039060979393,-0.019300151588899084,-0.6282812881222777,0.4710131840346758,26.72,82.768
P_IC_qb1of3__FCF_OI_qb1of3__C20_FCF_P_DYN_ytdavg_gt_lyytdavg__v0,P_IC_qb1of3__FCF_OI_qb1of3,C20_FCF_P_DYN_ytdavg_gt_lyytdavg,0.10313276447642283,0.11805734728393036,-0.014924582807507525,-0.6349859194020783,0.48873745977664207,20.24,84.12982456140351
P_IC_qb1of3__None__C19_FCF_P_DYN_yoy__v0,P_IC_qb1of3__None,C19_FCF_P_DYN_yoy,0.10302157210534357,0.10927398071020056,-0.006252408604856985,-0.6293413213859654,0.48734679481527204,26.63,241.308
PB_qb1of3__DEBTRATIO_qb1of3__None__v0,PB_qb1of3__DEBTRATIO_qb1of3,None,0.10295792396196068,0.10295792396196068,0.0,-0.6170507673616636,0.4832910321489002,23.06,160.58249158249157
EV_S_qb1of3__FCF_OI_qb2of3__C15_FCF_P_DYN_riseq1__v0,EV_S_qb1of3__FCF_OI_qb2of3,C15_FCF_P_DYN_riseq1,0.10274374177332346,0.11669571151307889,-0.013951969739755432,-0.6575134992190823,0.4579181683273267,25.63,123.00701754385965
PS_qb1of3__DEBTRATIO_qb0of3__C18_FCF_P_DYN_qmax8__v0,PS_qb1of3__DEBTRATIO_qb0of3,C18_FCF_P_DYN_qmax8,0.10264832501094334,0.12730497339873037,-0.024656648387787028,-0.6562167365813527,0.45824255628177196,23.54,18.158798283261802
EV_S_qb1of3__OCF_E_qb1of3__C19_FCF_P_DYN_yoy__v0,EV_S_qb1of3__OCF_E_qb1of3,C19_FCF_P_DYN_yoy,0.10262206815804165,0.11661669962271093,-0.013994631464669283,-0.6502808100802844,0.4836533471717696,26.68,88.812
P_IC_qb1of3__ROE_qb1of3__C16_FCF_P_DYN_riseq2__v0,P_IC_qb1of3__ROE_qb1of3,C16_FCF_P_DYN_riseq2,0.10260829231707835,0.10659619036251833,-0.003987898045439975,-0.6191169805152459,0.4954713183495471,27.19,100.50729927007299
PS_qb0of3__ACCRUAL_qb0of3__C17_FCF_P_DYN_qmax4__v0,PS_qb0of3__ACCRUAL_qb0of3,C17_FCF_P_DYN_qmax4,0.10251775779389494,0.16627029120688008,-0.06375253341298515,-0.6253445915437392,0.4553389583939482,22.38,44.66030534351145
P_IC_qb1of3__DEBTRATIO_qb1of3__C20_FCF_P_DYN_ytdavg_gt_lyytdavg__v0,P_IC_qb1of3__DEBTRATIO_qb1of3,C20_FCF_P_DYN_ytdavg_gt_lyytdavg,0.1022948667121113,0.10564924828883626,-0.003354381576724963,-0.6268875855648424,0.4955643173977329,21.97,95.27368421052631
PS_qb1of3__ROE_qb2of3__C17_FCF_P_DYN_qmax4__v0,PS_qb1of3__ROE_qb2of3,C17_FCF_P_DYN_qmax4,0.10226154476524063,0.12478241714928062,-0.02252087238403999,-0.6045674976149927,0.45341227796821437,27.99,39.13358778625954
PS_qb0of3__NETDEBT_EBITDA_qb2of3__C18_FCF_P_DYN_qmax8__v0,PS_qb0of3__NETDEBT_EBITDA_qb2of3,C18_FCF_P_DYN_qmax8,0.1022191935783483,0.16474534749704373,-0.06252615391869543,-0.6684233169453531,0.4525364138623807,23.07,27.841201716738198
PS_qb1of3__DEBTRATIO_qb1of3__C16_FCF_P_DYN_riseq2__v0,PS_qb1of3__DEBTRATIO_qb1of3,C16_FCF_P_DYN_riseq2,0.10189473511338809,0.10359660874817855,-0.0017018736347904628,-0.6670612598208481,0.4819635552249907,27.87,98.84306569343066
MOM_qb1of3__ROE_qb2of3__C20_FCF_P_DYN_ytdavg_gt_lyytdavg__v0,MOM_qb1of3__ROE_qb2of3,C20_FCF_P_DYN_ytdavg_gt_lyytdavg,0.10161490156135167,0.10710814018856007,-0.005493238627208408,-0.5835525325600007,0.5400118553645524,24.47,66.42456140350878
PB_qb0of3__NETDEBT_EBITDA_qb2of3__C17_FCF_P_DYN_qmax4__v0,PB_qb0of3__NETDEBT_EBITDA_qb2of3,C17_FCF_P_DYN_qmax4,0.10156822501283314,0.17776664450601265,-0.07619841949317951,-0.6439783598543105,0.4720826353992183,23.52,53.416030534351144
P_IC_qb1of3__ROE_qb1of3__C20_FCF_P_DYN_ytdavg_gt_lyytdavg__v0,P_IC_qb1of3__ROE_qb1of3,C20_FCF_P_DYN_ytdavg_gt_lyytdavg,0.10153971738466305,0.10659619036251833,-0.005056472977855275,-0.6228950884185788,0.5014645577035736,24.3,97.49824561403508
EV_S_qb0of3__NETDEBT_EBITDA_qb2of3__C18_FCF_P_DYN_qmax8__v0,EV_S_qb0of3__NETDEBT_EBITDA_qb2of3,C18_FCF_P_DYN_qmax8,0.10140597435409493,0.15594460285259082,-0.05453862849849589,-0.6610753798177864,0.44340505144995324,28.45,14.75107296137339
PS_qb0of3__ROIC_qb2of3__C17_FCF_P_DYN_qmax4__v0,PS_qb0of3__ROIC_qb2of3,C17_FCF_P_DYN_qmax4,0.10116197942810534,0.16300310603459844,-0.0618411266064931,-0.5303547003760605,0.4583333333333333,21.88,24.427480916030536
PB_qb1of3__DEBTRATIO_qb0of3__C19_FCF_P_DYN_yoy__v0,PB_qb1of3__DEBTRATIO_qb0of3,C19_FCF_P_DYN_yoy,0.10113639142401087,0.108940444371451,-0.007804052947440132,-0.6683032827367786,0.4814337287261475,26.93,77.076
P_IC_qb1of3__None__C16_FCF_P_DYN_riseq2__v0,P_IC_qb1of3__None,C16_FCF_P_DYN_riseq2,0.1011357756876139,0.10927398071020056,-0.008138205022586664,-0.6249898282886168,0.4908210096889342,26.51,241.33576642335765
EV_S_qb1of3__EV_EBITDA_qb1of3__C18_FCF_P_DYN_qmax8__v0,EV_S_qb1of3__EV_EBITDA_qb1of3,C18_FCF_P_DYN_qmax8,0.10109528184229277,0.12268266204092337,-0.0215873801986306,-0.682168788956945,0.4587546567323044,29.33,24.317596566523605
PB_qb1of3__None__C16_FCF_P_DYN_riseq2__v0,PB_qb1of3__None,C16_FCF_P_DYN_riseq2,0.1010328263979503,0.10751637456446095,-0.006483548166510644,-0.6287312014328901,0.48754237288135593,25.35,239.12773722627736
MOM_qb2of3__NETDEBT_EBITDA_qb1of3__C18_FCF_P_DYN_qmax8__v0,MOM_qb2of3__NETDEBT_EBITDA_qb1of3,C18_FCF_P_DYN_qmax8,0.10095968349867324,0.1473077734732009,-0.04634808997452766,-0.683656828020524,0.45898559799624294,30.95,20.15021459227468
PS_qb0of3__OCF_E_qb1of3__C18_FCF_P_DYN_qmax8__v0,PS_qb0of3__OCF_E_qb1of3,C18_FCF_P_DYN_qmax8,0.10089055595836771,0.16163055872724263,-0.06074000276887492,-0.6300183035177882,0.46065699006875477,24.76,16.84549356223176
EV_S_qb1of3__ROE_qb2of3__C15_FCF_P_DYN_riseq1__v0,EV_S_qb1of3__ROE_qb2of3,C15_FCF_P_DYN_riseq1,0.10079799946080814,0.11697884944628889,-0.01618084998548075,-0.5782355635938654,0.465614226093268,22.26,73.21754385964913
P_IC_qb1of3__NETDEBT_EBITDA_qb1of3__C20_FCF_P_DYN_ytdavg_gt_lyytdavg__v0,P_IC_qb1of3__NETDEBT_EBITDA_qb1of3,C20_FCF_P_DYN_ytdavg_gt_lyytdavg,0.10064942838732183,0.11425449559436518,-0.013605067207043353,-0.6146917474828023,0.5027070925825663,22.22,80.77543859649123
PS_qb1of3__OCF_E_qb2of3__C19_FCF_P_DYN_yoy__v0,PS_qb1of3__OCF_E_qb2of3,C19_FCF_P_DYN_yoy,0.1005707650599299,0.10402702318790835,-0.003456258127978451,-0.6291771481187095,0.48114630467571645,30.37,80.412
PB_qb1of3__ACCRUAL_qb1of3__C16_FCF_P_DYN_riseq2__v0,PB_qb1of3__ACCRUAL_qb1of3,C16_FCF_P_DYN_riseq2,0.10052079839700823,0.10547281823417798,-0.004952019837169752,-0.6255512105420742,0.4816430388949473,25.65,80.85401459854015
PS_qb1of3__OCF_E_qb1of3__C18_FCF_P_DYN_qmax8__v0,PS_qb1of3__OCF_E_qb1of3,C18_FCF_P_DYN_qmax8,0.10018716228393898,0.11005598483431767,-0.009868822550378686,-0.6261045977194805,0.4495133819951338,38.94,20.93991416309013
PS_qb1of3__OCF_E_qb2of3__C16_FCF_P_DYN_riseq2__v0,PS_qb1of3__OCF_E_qb2of3,C16_FCF_P_DYN_riseq2,0.10013663307285592,0.10402702318790835,-0.0038903901150524334,-0.6214001676578004,0.47447118891320206,26.63,80.28102189781022
PS_qb1of3__DEBTRATIO_qb1of3__C15_FCF_P_DYN_riseq1__v0,PS_qb1of3__DEBTRATIO_qb1of3,C15_FCF_P_DYN_riseq1,0.09982972216375363,0.10359660874817855,-0.003766886584424922,-0.6447609219709971,0.45499052432090964,25.77,92.10175438596491
P_IC_qb1of3__DEBTRATIO_qb1of3__C16_FCF_P_DYN_riseq2__v0,P_IC_qb1of3__DEBTRATIO_qb1of3,C16_FCF_P_DYN_riseq2,0.09973297210900611,0.10564924828883626,-0.005916276179830149,-0.643121712960173,0.4869731800766284,27.9,97.64598540145985
PB_qb1of3__NETDEBT_EBITDA_qb0of3__C15_FCF_P_DYN_riseq1__v0,PB_qb1of3__NETDEBT_EBITDA_qb0of3,C15_FCF_P_DYN_riseq1,0.09965748994126478,0.11680507484049185,-0.017147584899227075,-0.628288508017655,0.45740264874481124,23.17,75.90526315789474
PB_qb1of3__DEBTRATIO_qb1of3__C16_FCF_P_DYN_riseq2__v0,PB_qb1of3__DEBTRATIO_qb1of3,C16_FCF_P_DYN_riseq2,0.09956252327223303,0.10295792396196068,-0.0033954006897276567,-0.6522241903894213,0.4831704668838219,27.7,84.03284671532846
PS_qb1of3__None__C19_FCF_P_DYN_yoy__v0,PS_qb1of3__None,C19_FCF_P_DYN_yoy,0.09933131741821022,0.10831162240253711,-0.008980304984326892,-0.6575874718360462,0.48745863090054,28.76,238.064
PB_qb1of3__OCF_E_qb2of3__C18_FCF_P_DYN_qmax8__v0,PB_qb1of3__OCF_E_qb2of3,C18_FCF_P_DYN_qmax8,0.09930275740627992,0.1259024888946132,-0.026599731488333278,-0.619663233029613,0.46735395189003437,24.88,18.925764192139738
EV_S_qb1of3__ACCRUAL_qb0of3__C15_FCF_P_DYN_riseq1__v0,EV_S_qb1of3__ACCRUAL_qb0of3,C15_FCF_P_DYN_riseq1,0.09916232188693686,0.12264039060979393,-0.02347806872285707,-0.6213478774838956,0.45212160624288733,26.04,77.8280701754386
EV_S_qb1of3__None__C15_FCF_P_DYN_riseq1__v0,EV_S_qb1of3__None,C15_FCF_P_DYN_riseq1,0.09911464073756959,0.11690579369850362,-0.01779115296093403,-0.6449669010963747,0.4560900716479017,25.85,224.1964912280702
P_IC_qb0of3__DEBTRATIO_qb1of3__C18_FCF_P_DYN_qmax8__v0,P_IC_qb0of3__DEBTRATIO_qb1of3,C18_FCF_P_DYN_qmax8,0.09895918934329107,0.17831093585947433,-0.07935174651618326,-0.6304796419956793,0.46960865945045793,32.69,16.2274678111588
EV_S_qb1of3__DEBTRATIO_qb2of3__C15_FCF_P_DYN_riseq1__v0,EV_S_qb1of3__DEBTRATIO_qb2of3,C15_FCF_P_DYN_riseq1,0.09860873928283875,0.12155643979061281,-0.02294770050777406,-0.6228782646083345,0.44756921735339,27.31,69.82105263157895
P_IC_qb1of3__OCF_E_qb1of3__C15_FCF_P_DYN_riseq1__v0,P_IC_qb1of3__OCF_E_qb1of3,C15_FCF_P_DYN_riseq1,0.09834513866525141,0.10872133611728962,-0.010376197452038216,-0.5934224336542007,0.4664252301192093,25.75,86.08070175438597
PB_qb1of3__FCF_OI_qb1of3__C17_FCF_P_DYN_qmax4__v0,PB_qb1of3__FCF_OI_qb1of3,C17_FCF_P_DYN_qmax4,0.0980697660658032,0.11455659643931759,-0.016486830373514394,-0.6118735729151615,0.4275911881545684,27.66,32.94656488549618
PS_qb1of3__None__C18_FCF_P_DYN_qmax8__v0,PS_qb1of3__None,C18_FCF_P_DYN_qmax8,0.09777945898179352,0.10831162240253711,-0.01053216342074359,-0.6622948226351051,0.4466251795117281,29.27,55.37339055793991
P_IC_qb1of3__DEBTRATIO_qb1of3__C18_FCF_P_DYN_qmax8__v0,P_IC_qb1of3__DEBTRATIO_qb1of3,C18_FCF_P_DYN_qmax8,0.09777640883300398,0.10564924828883626,-0.007872839455832281,-0.6856804553588673,0.456776352481874,31.14,24.051502145922747
PS_qb1of3__FCF_P_qb1of3__C19_FCF_P_DYN_yoy__v0,PS_qb1of3__FCF_P_qb1of3,C19_FCF_P_DYN_yoy,0.09766983883622404,0.10355268343095037,-0.005882844594726322,-0.6653329110847844,0.4851301115241636,30.77,80.56
PB_qb1of3__DEBTRATIO_qb1of3__C19_FCF_P_DYN_yoy__v0,PB_qb1of3__DEBTRATIO_qb1of3,C19_FCF_P_DYN_yoy,0.09712454014172534,0.10295792396196068,-0.005833383820235349,-0.6473116044885543,0.48018327605956473,27.25,83.612
P_IC_qb1of3__None__C20_FCF_P_DYN_ytdavg_gt_lyytdavg__v0,P_IC_qb1of3__None,C20_FCF_P_DYN_ytdavg_gt_lyytdavg,0.09709519407127831,0.10927398071020056,-0.012178786638922245,-0.6184652694961772,0.5005368006680186,22.93,232.25964912280702
P_IC_qb1of3__ROE_qb1of3__C19_FCF_P_DYN_yoy__v0,P_IC_qb1of3__ROE_qb1of3,C19_FCF_P_DYN_yoy,0.09705177416711508,0.10659619036251833,-0.00954441619540325,-0.641056927295766,0.48910751932536894,28.53,98.268
PS_qb1of3__ACCRUAL_qb1of3__C19_FCF_P_DYN_yoy__v0,PS_qb1of3__ACCRUAL_qb1of3,C19_FCF_P_DYN_yoy,0.09691863887196872,0.10789709507912493,-0.010978456207156206,-0.6742611632128437,0.4877732493516117,30.35,81.772
P_IC_qb1of3__FCF_P_qb1of3__C17_FCF_P_DYN_qmax4__v0,P_IC_qb1of3__FCF_P_qb1of3,C17_FCF_P_DYN_qmax4,0.09688596617107237,0.1123350134573704,-0.015449047286298034,-0.6745140071465177,0.43076285240464346,20.48,29.045801526717558
EV_S_qb1of3__DEBTRATIO_qb2of3__C19_FCF_P_DYN_yoy__v0,EV_S_qb1of3__DEBTRATIO_qb2of3,C19_FCF_P_DYN_yoy,0.09685246320911789,0.12155643979061281,-0.024703976581494924,-0.6330751736785593,0.4579923622476814,25.36,71.828
PS_qb1of3__ACCRUAL_qb1of3__C15_FCF_P_DYN_riseq1__v0,PS_qb1of3__ACCRUAL_qb1of3,C15_FCF_P_DYN_riseq1,0.0967622187096544,0.10789709507912493,-0.011134876369470526,-0.6340647835590916,0.45961820851688695,29.47,77.84210526315789
PS_qb1of3__NETDEBT_EBITDA_qb1of3__C18_FCF_P_DYN_qmax8__v0,PS_qb1of3__NETDEBT_EBITDA_qb1of3,C18_FCF_P_DYN_qmax8,0.09674483259763655,0.10584118790426911,-0.009096355306632553,-0.6601194467970534,0.45046235138705415,24.9,19.6480686695279
PB_qb1of3__ACCRUAL_qb1of3__C15_FCF_P_DYN_riseq1__v0,PB_qb1of3__ACCRUAL_qb1of3,C15_FCF_P_DYN_riseq1,0.09651278861525836,0.10547281823417798,-0.008960029618919618,-0.6115117128016417,0.4630452674897119,26.72,77.6561403508772
PS_qb1of3__FCF_OI_qb2of3__C10_EPS_DYN_qmax4__v0,PS_qb1of3__FCF_OI_qb2of3,C10_EPS_DYN_qmax4,0.09650946671675964,0.10831075228758014,-0.011801285570820497,-0.632443180847863,0.4915566472213694,22.47,44.656488549618324
PS_qb1of3__FCF_OI_qb2of3__C18_FCF_P_DYN_qmax8__v0,PS_qb1of3__FCF_OI_qb2of3,C18_FCF_P_DYN_qmax8,0.09626031597139595,0.10831075228758014,-0.012050436316184188,-0.6767002891623908,0.4540084388185654,29.18,47.201716738197426
PS_qb0of3__DEBTRATIO_qb1of3__C17_FCF_P_DYN_qmax4__v0,PS_qb0of3__DEBTRATIO_qb1of3,C17_FCF_P_DYN_qmax4,0.09600874655887992,0.16188189278048704,-0.06587314622160712,-0.5833253438410898,0.4514266304347826,23.18,39.74045801526717
P_IC_qb1of3__OCF_E_qb1of3__C19_FCF_P_DYN_yoy__v0,P_IC_qb1of3__OCF_E_qb1of3,C19_FCF_P_DYN_yoy,0.09558589391359229,0.10872133611728962,-0.013135442203697334,-0.603410290930894,0.48605851979345954,29.21,90.936
PB_qb1of3__FCF_OI_qb1of3__C20_FCF_P_DYN_ytdavg_gt_lyytdavg__v0,PB_qb1of3__FCF_OI_qb1of3,C20_FCF_P_DYN_ytdavg_gt_lyytdavg,0.09558296157918811,0.11455659643931759,-0.018973634860129485,-0.6233511097821782,0.4984984984984985,21.65,82.5578947368421
EV_S_qb1of3__ACCRUAL_qb1of3__C17_FCF_P_DYN_qmax4__v0,EV_S_qb1of3__ACCRUAL_qb1of3,C17_FCF_P_DYN_qmax4,0.09540641980480569,0.11564064478310487,-0.020234224978299187,-0.6852240423929508,0.44800747198007473,24.79,39.82824427480916
PS_qb1of3__OCF_E_qb1of3__C19_FCF_P_DYN_yoy__v0,PS_qb1of3__OCF_E_qb1of3,C19_FCF_P_DYN_yoy,0.09537845589548066,0.11005598483431767,-0.014677528938837003,-0.6617262368219684,0.4908786610878661,29.46,92.94
PS_qb0of3__NETDEBT_EBITDA_qb2of3__C17_FCF_P_DYN_qmax4__v0,PS_qb0of3__NETDEBT_EBITDA_qb2of3,C17_FCF_P_DYN_qmax4,0.09537468810536631,0.16474534749704373,-0.06937065939167741,-0.631616827938831,0.4536055828379426,20.72,56.62977099236641
P_IC_qb1of3__FCF_P_qb1of3__C20_FCF_P_DYN_ytdavg_gt_lyytdavg__v0,P_IC_qb1of3__FCF_P_qb1of3,C20_FCF_P_DYN_ytdavg_gt_lyytdavg,0.09510839014009176,0.1123350134573704,-0.017226623317278644,-0.6729100010371203,0.4947721444071809,21.56,75.41754385964913
P_IC_qb1of3__ROE_qb1of3__C15_FCF_P_DYN_riseq1__v0,P_IC_qb1of3__ROE_qb1of3,C15_FCF_P_DYN_riseq1,0.09497213627037038,0.10659619036251833,-0.01162405409214795,-0.6180577115572876,0.46419058893163656,26.33,93.48070175438596
ROE_qb2of3__NETDEBT_EBITDA_qb0of3__C17_FCF_P_DYN_qmax4__v0,ROE_qb2of3__NETDEBT_EBITDA_qb0of3,C17_FCF_P_DYN_qmax4,0.09492040432116267,0.1064581381558376,-0.011537733834674935,-0.6625931419029815,0.45896538311940877,26.52,32.12977099236641
PB_qb1of3__DEBTRATIO_qb1of3__C20_FCF_P_DYN_ytdavg_gt_lyytdavg__v0,PB_qb1of3__DEBTRATIO_qb1of3,C20_FCF_P_DYN_ytdavg_gt_lyytdavg,0.09482550393468925,0.10295792396196068,-0.008132420027271436,-0.6271797562415031,0.4875277161862528,24.03,81.50526315789473
P_IC_qb1of3__FCF_OI_qb1of3__C15_FCF_P_DYN_riseq1__v0,P_IC_qb1of3__FCF_OI_qb1of3,C15_FCF_P_DYN_riseq1,0.09457222075294425,0.11805734728393036,-0.02348512653098611,-0.6167982060353641,0.4496697074551746,22.96,82.32631578947368
EV_S_qb1of3__OCF_E_qb1of3__C17_FCF_P_DYN_qmax4__v0,EV_S_qb1of3__OCF_E_qb1of3,C17_FCF_P_DYN_qmax4,0.09453806179328184,0.11661669962271093,-0.022078637829429093,-0.6466153003819336,0.44826572604350384,26.76,42.69847328244275
PS_qb1of3__None__C15_FCF_P_DYN_riseq1__v0,PS_qb1of3__None,C15_FCF_P_DYN_riseq1,0.09423306748388072,0.10831162240253711,-0.014078554918656394,-0.639103432835547,0.45411522633744855,27.3,222.96491228070175
PS_qb1of3__NETDEBT_EBITDA_qb1of3__C15_FCF_P_DYN_riseq1__v0,PS_qb1of3__NETDEBT_EBITDA_qb1of3,C15_FCF_P_DYN_riseq1,0.09403980215615859,0.10584118790426911,-0.011801385748110516,-0.6325776699865213,0.4537876042044219,28.31,79.87017543859649
ROE_qb2of3__FCF_OI_qb1of3__C15_FCF_P_DYN_riseq1__v0,ROE_qb2of3__FCF_OI_qb1of3,C15_FCF_P_DYN_riseq1,0.09390682665823613,0.1080080007178279,-0.01410117405959177,-0.5796865523268396,0.4581185567010309,24.09,75.32982456140351
PS_qb1of3__FCF_OI_qb2of3__C19_FCF_P_DYN_yoy__v0,PS_qb1of3__FCF_OI_qb2of3,C19_FCF_P_DYN_yoy,0.09376999177279988,0.10831075228758014,-0.01454076051478026,-0.6699595310682482,0.48135810377962845,30.42,125.668
P_IC_qb0of3__DEBTRATIO_qb1of3__C17_FCF_P_DYN_qmax4__v0,P_IC_qb0of3__DEBTRATIO_qb1of3,C17_FCF_P_DYN_qmax4,0.09376935495585603,0.17831093585947433,-0.0845415809036183,-0.6257395151317471,0.47664720600500415,27.06,33.282442748091604
PS_qb1of3__FCF_OI_qb2of3__C15_FCF_P_DYN_riseq1__v0,PS_qb1of3__FCF_OI_qb2of3,C15_FCF_P_DYN_riseq1,0.09374541182506357,0.10831075228758014,-0.014565340462516563,-0.6434755306339952,0.4557470656656445,28.38,123.64912280701755
P_IC_qb1of3__OCF_E_qb2of3__C15_FCF_P_DYN_riseq1__v0,P_IC_qb1of3__OCF_E_qb2of3,C15_FCF_P_DYN_riseq1,0.09365560970731446,0.11536649529775045,-0.02171088559043599,-0.594228451403353,0.44727477055628395,24.65,66.91929824561403
ROE_qb2of3__DEBTRATIO_qb0of3__C17_FCF_P_DYN_qmax4__v0,ROE_qb2of3__DEBTRATIO_qb0of3,C17_FCF_P_DYN_qmax4,0.09335371285794114,0.1083279530990704,-0.014974240241129255,-0.708380411555424,0.4537037037037037,23.95,29.301526717557252
PB_qb1of3__DEBTRATIO_qb1of3__C17_FCF_P_DYN_qmax4__v0,PB_qb1of3__DEBTRATIO_qb1of3,C17_FCF_P_DYN_qmax4,0.0932547530897121,0.10295792396196068,-0.00970317087224859,-0.6858500466617485,0.45786606856776674,23.96,41.083969465648856
P_IC_qb1of3__NETDEBT_EBITDA_qb1of3__C15_FCF_P_DYN_riseq1__v0,P_IC_qb1of3__NETDEBT_EBITDA_qb1of3,C15_FCF_P_DYN_riseq1,0.09325050506469257,0.11425449559436518,-0.02100399052967261,-0.6007996193299054,0.4577677224736048,25.3,77.13333333333334
PS_qb1of3__ROIC_qb2of3__C18_FCF_P_DYN_qmax8__v0,PS_qb1of3__ROIC_qb2of3,C18_FCF_P_DYN_qmax8,0.09310814655933042,0.12570144548191764,-0.03259329892258722,-0.6323764135242048,0.4647630619684083,34.02,21.469298245614034
PB_qb1of3__None__C20_FCF_P_DYN_ytdavg_gt_lyytdavg__v0,PB_qb1of3__None,C20_FCF_P_DYN_ytdavg_gt_lyytdavg,0.09305698257796968,0.10751637456446095,-0.014459391986491266,-0.6166721220051683,0.49769319492502884,23.47,234.69122807017544
PS_qb1of3__NETDEBT_EBITDA_qb1of3__C17_FCF_P_DYN_qmax4__v0,PS_qb1of3__NETDEBT_EBITDA_qb1of3,C17_FCF_P_DYN_qmax4,0.09276916591609408,0.10584118790426911,-0.013072021988175031,-0.6530566842486754,0.4435305283138247,26.19,40.583969465648856
EV_S_qb1of3__ROIC_qb2of3__C15_FCF_P_DYN_riseq1__v0,EV_S_qb1of3__ROIC_qb2of3,C15_FCF_P_DYN_riseq1,0.09178820119792386,0.1141413742374382,-0.02235317303951434,-0.576179398651933,0.4618981641842743,24.58,77.43508771929825
EV_S_qb1of3__ACCRUAL_qb1of3__C18_FCF_P_DYN_qmax8__v0,EV_S_qb1of3__ACCRUAL_qb1of3,C18_FCF_P_DYN_qmax8,0.09164780892496416,0.11564064478310487,-0.023992835858140715,-0.7271331350730625,0.4478405315614618,23.59,19.07296137339056
P_IC_qb1of3__ROE_qb1of3__C18_FCF_P_DYN_qmax8__v0,P_IC_qb1of3__ROE_qb1of3,C18_FCF_P_DYN_qmax8,0.0913360627818034,0.10659619036251833,-0.015260127580714933,-0.599079152291581,0.4560408394781622,30.62,23.0
PB_qb1of3__OCF_E_qb2of3__C17_FCF_P_DYN_qmax4__v0,PB_qb1of3__OCF_E_qb2of3,C17_FCF_P_DYN_qmax4,0.0911016640101372,0.1259024888946132,-0.034800824884476,-0.6289617713511251,0.46251673360107093,26.37,37.62977099236641
P_IC_qb1of3__DEBTRATIO_qb1of3__C17_FCF_P_DYN_qmax4__v0,P_IC_qb1of3__DEBTRATIO_qb1of3,C17_FCF_P_DYN_qmax4,0.09093205366394552,0.10564924828883626,-0.01471719462489074,-0.6505756412067072,0.4575656058068118,24.94,47.958015267175576
EV_S_qb1of3__DEBTRATIO_qb1of3__C18_FCF_P_DYN_qmax8__v0,EV_S_qb1of3__DEBTRATIO_qb1of3,C18_FCF_P_DYN_qmax8,0.09077535634795586,0.11604034731042145,-0.025264990962465594,-0.6891669424507754,0.4450651769087523,41.76,20.86695278969957
PS_qb1of3__NETDEBT_EBITDA_qb1of3__C19_FCF_P_DYN_yoy__v0,PS_qb1of3__NETDEBT_EBITDA_qb1of3,C19_FCF_P_DYN_yoy,0.09060782878673268,0.10584118790426911,-0.015233359117536427,-0.6705763876753011,0.4783957456237536,31.05,85.156
PB_qb1of3__FCF_P_qb1of3__C20_FCF_P_DYN_ytdavg_gt_lyytdavg__v0,PB_qb1of3__FCF_P_qb1of3,C20_FCF_P_DYN_ytdavg_gt_lyytdavg,0.09025422086557211,0.1059407351797439,-0.015686514314171784,-0.6656266304649798,0.5010923535253228,23.46,74.84912280701755
P_IC_qb1of3__OCF_E_qb1of3__C20_FCF_P_DYN_ytdavg_gt_lyytdavg__v0,P_IC_qb1of3__OCF_E_qb1of3,C20_FCF_P_DYN_ytdavg_gt_lyytdavg,0.09012279935270318,0.10872133611728962,-0.01859853676458645,-0.6052836042491297,0.48870788596815995,26.78,87.89473684210526
PB_qb1of3__DEBTRATIO_qb0of3__C15_FCF_P_DYN_riseq1__v0,PB_qb1of3__DEBTRATIO_qb0of3,C15_FCF_P_DYN_riseq1,0.08968254209783377,0.108940444371451,-0.019257902273617233,-0.6131514032772503,0.4559833506763788,26.63,70.24912280701754
ROE_qb2of3__FCF_P_qb0of3__C20_FCF_P_DYN_ytdavg_gt_lyytdavg__v0,ROE_qb2of3__FCF_P_qb0of3,C20_FCF_P_DYN_ytdavg_gt_lyytdavg,0.08923674811308357,0.10654638208040024,-0.017309633967316662,-0.5850645788163835,0.4953405017921147,24.99,36.733333333333334
PB_qb1of3__FCF_OI_qb1of3__C15_FCF_P_DYN_riseq1__v0,PB_qb1of3__FCF_OI_qb1of3,C15_FCF_P_DYN_riseq1,0.08920768850124405,0.11455659643931759,-0.02534890793807354,-0.5861657088893946,0.4542416043291421,23.17,79.78245614035087
P_IC_qb1of3__None__C15_FCF_P_DYN_riseq1__v0,P_IC_qb1of3__None,C15_FCF_P_DYN_riseq1,0.08910975011470046,0.10927398071020056,-0.0201642305955001,-0.6225177240346627,0.45852550423349625,26.08,225.20350877192982
PS_qb1of3__OCF_E_qb1of3__C17_FCF_P_DYN_qmax4__v0,PS_qb1of3__OCF_E_qb1of3,C17_FCF_P_DYN_qmax4,0.08910586339565763,0.11005598483431767,-0.02095012143866004,-0.6273650531942114,0.44819819819819817,32.32,44.70610687022901
PS_qb1of3__DEBTRATIO_qb1of3__C19_FCF_P_DYN_yoy__v0,PS_qb1of3__DEBTRATIO_qb1of3,C19_FCF_P_DYN_yoy,0.08886061625176023,0.10359660874817855,-0.014735992496418326,-0.6609027268022736,0.48070927513639905,32.09,98.528
PB_qb1of3__ACCRUAL_qb1of3__C18_FCF_P_DYN_qmax8__v0,PB_qb1of3__ACCRUAL_qb1of3,C18_FCF_P_DYN_qmax8,0.08869991376092434,0.10547281823417798,-0.016772904473253636,-0.6648746359176925,0.45165652467883705,26.99,18.909871244635195
MOM_qb1of3__ROE_qb2of3__C17_FCF_P_DYN_qmax4__v0,MOM_qb1of3__ROE_qb2of3,C17_FCF_P_DYN_qmax4,0.08860325230103805,0.10710814018856007,-0.018504887887522026,-0.5959952959261045,0.47830578512396693,27.29,33.62213740458015
MOM_qb2of3__NETDEBT_EBITDA_qb0of3__C18_FCF_P_DYN_qmax8__v0,MOM_qb2of3__NETDEBT_EBITDA_qb0of3,C18_FCF_P_DYN_qmax8,0.08857956199882788,0.14185947700151247,-0.053279915002684586,-0.6982290622411105,0.440061871616396,27.34,16.549783549783548
P_IC_qb1of3__NETDEBT_EBITDA_qb1of3__C17_FCF_P_DYN_qmax4__v0,P_IC_qb1of3__NETDEBT_EBITDA_qb1of3,C17_FCF_P_DYN_qmax4,0.08857231447635816,0.11425449559436518,-0.02568218111800702,-0.6060789289188329,0.45184696569920846,25.07,40.347328244274806
MOM_qb2of3__FCF_P_qb1of3__C18_FCF_P_DYN_qmax8__v0,MOM_qb2of3__FCF_P_qb1of3,C18_FCF_P_DYN_qmax8,0.08797510715211687,0.1303189927093793,-0.04234388555726243,-0.8999186013468137,0.41835518474374256,18.49,12.096938775510203
PB_qb1of3__None__C15_FCF_P_DYN_riseq1__v0,PB_qb1of3__None,C15_FCF_P_DYN_riseq1,0.087928693890589,0.10751637456446095,-0.019587680673871954,-0.6105698661987156,0.4592230334756854,24.86,226.68070175438598
EV_S_qb1of3__ROE_qb2of3__C18_FCF_P_DYN_qmax8__v0,EV_S_qb1of3__ROE_qb2of3,C18_FCF_P_DYN_qmax8,0.08760254105700382,0.11697884944628889,-0.029376308389285066,-0.5518313320064154,0.4621160409556314,28.05,19.04366812227074
MOM_qb2of3__DEBTRATIO_qb0of3__C18_FCF_P_DYN_qmax8__v0,MOM_qb2of3__DEBTRATIO_qb0of3,C18_FCF_P_DYN_qmax8,0.08712292692893442,0.1358581434377284,-0.04873521650879398,-0.6639681406411856,0.4548311076197958,32.08,16.042918454935624
