strategy,F組合,C,CAGR,None基準CAGR,C增益,max_drawdown,win_ratio,daily_sharpe,平均持股數
REVENUE_qb0of3__PS_qb0of3__C14_EPS_DYN_ytdavg_gt_lyavg__v0,REVENUE_qb0of3__PS_qb0of3,C14_EPS_DYN_ytdavg_gt_lyavg,0.579452721659635,0.4934155736618613,0.08603714799777373,-0.479407579863525,0.6007428040854225,8.08,49.166666666666664
REVENUE_qb0of3__PS_qb0of3__C7_ROE_DYN_ytdavg_gt_lyavg__v0,REVENUE_qb0of3__PS_qb0of3,C7_ROE_DYN_ytdavg_gt_lyavg,0.5585376989492032,0.4934155736618613,0.06512212528734196,-0.4654627954503451,0.5999003487792726,8.33,43.03666666666667
REVENUE_qb0of3__PS_qb0of3__C6_ROE_DYN_ytdavg_gt_lyytdavg__v0,REVENUE_qb0of3__PS_qb0of3,C6_ROE_DYN_ytdavg_gt_lyytdavg,0.5272378429665874,0.4934155736618613,0.033822269304726094,-0.5130195166274696,0.5738927738927739,8.39,41.71328671328671
REVENUE_qb0of3__PS_qb0of3__C13_EPS_DYN_ytdavg_gt_lyytdavg__v0,REVENUE_qb0of3__PS_qb0of3,C13_EPS_DYN_ytdavg_gt_lyytdavg,0.5267616081295954,0.4934155736618613,0.0333460344677341,-0.5056977424398997,0.5733005733005733,8.43,47.94736842105263
REVENUE_qb0of3__PS_qb0of3__C11_EPS_DYN_qmax8__v0,REVENUE_qb0of3__PS_qb0of3,C11_EPS_DYN_qmax8,0.5055683183101569,0.4934155736618613,0.012152744648295633,-0.4996343770907189,0.6120659417748159,7.91,91.3974358974359
REVENUE_qb0of3__PS_qb0of3__C4_ROE_DYN_qmax8__v0,REVENUE_qb0of3__PS_qb0of3,C4_ROE_DYN_qmax8,0.5019594463070645,0.4934155736618613,0.008543872645203177,-0.5000267074279029,0.6110154905335629,7.92,91.17307692307692
REVENUE_qb0of3__PS_qb0of3__C10_EPS_DYN_qmax4__v0,REVENUE_qb0of3__PS_qb0of3,C10_EPS_DYN_qmax4,0.5017993602844621,0.4934155736618613,0.008383786622600864,-0.4973258531476279,0.6168294515401953,7.96,92.25961538461539
REVENUE_qb0of3__PS_qb0of3__C3_ROE_DYN_qmax4__v0,REVENUE_qb0of3__PS_qb0of3,C3_ROE_DYN_qmax4,0.4970172635192005,0.4934155736618613,0.0036016898573392186,-0.497808778965821,0.6158423205652659,7.95,92.1474358974359
REVENUE_qb0of3__PS_qb0of3__None__v0,REVENUE_qb0of3__PS_qb0of3,None,0.4934155736618613,0.4934155736618613,0.0,-0.5065060097014502,0.6361279170267934,8.01,93.86217948717949
REVENUE_qb0of3__PS_qb0of3__C18_FCF_P_DYN_qmax8__v0,REVENUE_qb0of3__PS_qb0of3,C18_FCF_P_DYN_qmax8,0.49228469271755815,0.4934155736618613,-0.0011308809443031365,-0.5123271826259488,0.6174920969441517,7.92,91.23397435897436
REVENUE_qb0of3__PS_qb0of3__C17_FCF_P_DYN_qmax4__v0,REVENUE_qb0of3__PS_qb0of3,C17_FCF_P_DYN_qmax4,0.4921143884272512,0.4934155736618613,-0.0013011852346100916,-0.5108958123406402,0.624715693707354,7.97,92.125
REVENUE_qb0of3__PS_qb0of3__C20_FCF_P_DYN_ytdavg_gt_lyytdavg__v0,REVENUE_qb0of3__PS_qb0of3,C20_FCF_P_DYN_ytdavg_gt_lyytdavg,0.47746177680504465,0.4934155736618613,-0.015953796856816638,-0.481489280740669,0.5764,9.95,45.14335664335665
REVENUE_qb0of3__EV_S_qb0of3__C14_EPS_DYN_ytdavg_gt_lyavg__v0,REVENUE_qb0of3__EV_S_qb0of3,C14_EPS_DYN_ytdavg_gt_lyavg,0.44347278232990184,0.40281257322748143,0.04066020910242041,-0.49305479298821286,0.5906499429874572,9.1,63.88666666666666
VOL_qb2of3__PB_qb0of3__C14_EPS_DYN_ytdavg_gt_lyavg__v0,VOL_qb2of3__PB_qb0of3,C14_EPS_DYN_ytdavg_gt_lyavg,0.4274054194414303,0.38385073541968984,0.04355468402174045,-0.6083623188166991,0.5615396554400124,9.25,102.94333333333333
VOL_qb2of3__P_IC_qb0of3__C7_ROE_DYN_ytdavg_gt_lyavg__v0,VOL_qb2of3__P_IC_qb0of3,C7_ROE_DYN_ytdavg_gt_lyavg,0.4253525953321231,0.35491012434058833,0.07044247099153478,-0.7071157667525189,0.5705435651478817,9.6,71.55
REVENUE_qb0of3__EV_S_qb0of3__C7_ROE_DYN_ytdavg_gt_lyavg__v0,REVENUE_qb0of3__EV_S_qb0of3,C7_ROE_DYN_ytdavg_gt_lyavg,0.42120365161250817,0.40281257322748143,0.018391078385026738,-0.47131969776266736,0.597323600973236,9.74,55.5
VOL_qb2of3__P_IC_qb0of3__C14_EPS_DYN_ytdavg_gt_lyavg__v0,VOL_qb2of3__P_IC_qb0of3,C14_EPS_DYN_ytdavg_gt_lyavg,0.41740882858481076,0.35491012434058833,0.062498704244222436,-0.6813627343549542,0.5744524203938892,9.55,82.41
EV_S_qb0of3__EPS_qb0of3__C14_EPS_DYN_ytdavg_gt_lyavg__v0,EV_S_qb0of3__EPS_qb0of3,C14_EPS_DYN_ytdavg_gt_lyavg,0.41524356311151744,0.34213527210607264,0.0731082910054448,-0.6539201606597218,0.5687739850535245,8.86,71.82
PS_qb0of3__EPS_qb0of3__C14_EPS_DYN_ytdavg_gt_lyavg__v0,PS_qb0of3__EPS_qb0of3,C14_EPS_DYN_ytdavg_gt_lyavg,0.41094004795649197,0.33696333380006194,0.07397671415643003,-0.6783718831711365,0.5766223612197029,8.98,73.08666666666667
REVENUE_qb0of3__EV_S_qb0of3__C11_EPS_DYN_qmax8__v0,REVENUE_qb0of3__EV_S_qb0of3,C11_EPS_DYN_qmax8,0.4097719708955099,0.40281257322748143,0.006959397668028444,-0.5442141900765445,0.6073394495412844,8.72,113.48076923076923
REVENUE_qb0of3__EV_S_qb0of3__C4_ROE_DYN_qmax8__v0,REVENUE_qb0of3__EV_S_qb0of3,C4_ROE_DYN_qmax8,0.4094478849461449,0.40281257322748143,0.006635311718663495,-0.5440270281244862,0.6072498502097065,8.69,113.20833333333333
REVENUE_qb0of3__EV_S_qb0of3__C10_EPS_DYN_qmax4__v0,REVENUE_qb0of3__EV_S_qb0of3,C10_EPS_DYN_qmax4,0.4080648495415031,0.40281257322748143,0.005252276314021698,-0.5413158715836135,0.6161682550115019,8.76,114.47435897435898
REVENUE_qb0of3__EV_S_qb0of3__C3_ROE_DYN_qmax4__v0,REVENUE_qb0of3__EV_S_qb0of3,C3_ROE_DYN_qmax4,0.4080378162871494,0.40281257322748143,0.005225243059667983,-0.5411843838444198,0.6149854038274408,8.72,114.31410256410257
REVENUE_qb0of3__EV_S_qb0of3__None__v0,REVENUE_qb0of3__EV_S_qb0of3,None,0.40281257322748143,0.40281257322748143,0.0,-0.5516987794160058,0.6305084745762712,8.81,116.26282051282051
REVENUE_qb0of3__EV_S_qb0of3__C13_EPS_DYN_ytdavg_gt_lyytdavg__v0,REVENUE_qb0of3__EV_S_qb0of3,C13_EPS_DYN_ytdavg_gt_lyytdavg,0.40190807694013,0.40281257322748143,-0.0009044962873514528,-0.45927193183471027,0.5692206511016114,9.39,62.51929824561404
REVENUE_qb0of3__EV_S_qb0of3__C17_FCF_P_DYN_qmax4__v0,REVENUE_qb0of3__EV_S_qb0of3,C17_FCF_P_DYN_qmax4,0.40083037477788674,0.40281257322748143,-0.0019821984495946854,-0.5555254869164842,0.6195297191378184,8.77,114.22115384615384
REVENUE_qb0of3__EV_S_qb0of3__C18_FCF_P_DYN_qmax8__v0,REVENUE_qb0of3__EV_S_qb0of3,C18_FCF_P_DYN_qmax8,0.3992426345313156,0.40281257322748143,-0.003569938696165842,-0.5584680811417975,0.6111616621170761,8.72,113.2275641025641
PB_qb0of3__EPS_qb0of3__C14_EPS_DYN_ytdavg_gt_lyavg__v0,PB_qb0of3__EPS_qb0of3,C14_EPS_DYN_ytdavg_gt_lyavg,0.3973832763475085,0.3337734270879533,0.06360984925955515,-0.580011402673593,0.5599000178539546,9.2,88.33666666666667
VOL_qb2of3__PB_qb0of3__C13_EPS_DYN_ytdavg_gt_lyytdavg__v0,VOL_qb2of3__PB_qb0of3,C13_EPS_DYN_ytdavg_gt_lyytdavg,0.39405888925084565,0.38385073541968984,0.010208153831155808,-0.581814953405029,0.5496525767226405,9.99,98.47368421052632
VOL_qb2of3__PB_qb0of3__C11_EPS_DYN_qmax8__v0,VOL_qb2of3__PB_qb0of3,C11_EPS_DYN_qmax8,0.39056368819086584,0.38385073541968984,0.006712952771176006,-0.6118263504146964,0.5697428139183056,8.62,195.24358974358975
VOL_qb2of3__PB_qb0of3__C4_ROE_DYN_qmax8__v0,VOL_qb2of3__PB_qb0of3,C4_ROE_DYN_qmax8,0.38893901980158097,0.38385073541968984,0.005088284381891128,-0.6097651166922471,0.5688485332269008,8.58,194.7596153846154
VOL_qb2of3__PB_qb0of3__C10_EPS_DYN_qmax4__v0,VOL_qb2of3__PB_qb0of3,C10_EPS_DYN_qmax4,0.38860459275455983,0.38385073541968984,0.004753857334869993,-0.6084867737805446,0.5735063304384221,8.72,197.62820512820514
EV_S_qb0of3__EPS_qb0of3__C7_ROE_DYN_ytdavg_gt_lyavg__v0,EV_S_qb0of3__EPS_qb0of3,C7_ROE_DYN_ytdavg_gt_lyavg,0.3875839424246408,0.34213527210607264,0.04544867031856814,-0.6417882766181864,0.5641630901287553,10.07,64.26
VOL_qb2of3__PB_qb0of3__C7_ROE_DYN_ytdavg_gt_lyavg__v0,VOL_qb2of3__PB_qb0of3,C7_ROE_DYN_ytdavg_gt_lyavg,0.38738524248809947,0.38385073541968984,0.0035345070684096314,-0.6388816766591277,0.5581009296148738,10.0,89.98
P_IC_qb0of3__EPS_qb0of3__C14_EPS_DYN_ytdavg_gt_lyavg__v0,P_IC_qb0of3__EPS_qb0of3,C14_EPS_DYN_ytdavg_gt_lyavg,0.38738130655214076,0.3083768832519118,0.07900442330022894,-0.6466985869728388,0.5759632224168126,9.18,63.68666666666667
VOL_qb2of3__PB_qb0of3__C18_FCF_P_DYN_qmax8__v0,VOL_qb2of3__PB_qb0of3,C18_FCF_P_DYN_qmax8,0.3864298144151319,0.38385073541968984,0.0025790789954420745,-0.6113424193387254,0.5724535165723524,8.66,195.18910256410257
VOL_qb2of3__P_IC_qb0of3__C13_EPS_DYN_ytdavg_gt_lyytdavg__v0,VOL_qb2of3__P_IC_qb0of3,C13_EPS_DYN_ytdavg_gt_lyytdavg,0.38598557454509175,0.35491012434058833,0.03107545020450342,-0.6755288886530488,0.5658941542718783,10.48,78.76842105263158
VOL_qb2of3__PB_qb0of3__C3_ROE_DYN_qmax4__v0,VOL_qb2of3__PB_qb0of3,C3_ROE_DYN_qmax4,0.3853790017151373,0.38385073541968984,0.0015282662954474446,-0.607436507104361,0.5735339906590555,8.69,197.2852564102564
VOL_qb2of3__PB_qb0of3__None__v0,VOL_qb2of3__PB_qb0of3,None,0.38385073541968984,0.38385073541968984,0.0,-0.6020252885586252,0.5789022298456261,8.48,213.10576923076923
VOL_qb2of3__PB_qb0of3__C17_FCF_P_DYN_qmax4__v0,VOL_qb2of3__PB_qb0of3,C17_FCF_P_DYN_qmax4,0.3833925178627513,0.38385073541968984,-0.00045821755693853383,-0.6137608047340479,0.5761679790026246,8.74,197.48397435897436
VOL_qb2of3__P_IC_qb0of3__C6_ROE_DYN_ytdavg_gt_lyytdavg__v0,VOL_qb2of3__P_IC_qb0of3,C6_ROE_DYN_ytdavg_gt_lyytdavg,0.38079793366897774,0.35491012434058833,0.02588780932838941,-0.705420446521907,0.5630720254675686,10.86,68.41958041958041
REVENUE_qb0of3__PB_qb0of3__C14_EPS_DYN_ytdavg_gt_lyavg__v0,REVENUE_qb0of3__PB_qb0of3,C14_EPS_DYN_ytdavg_gt_lyavg,0.379904198949677,0.33261685914408257,0.04728733980559441,-0.40705936186180636,0.590677025527192,11.01,125.01333333333334
P_IC_qb2of3__PB_qb0of3__C18_FCF_P_DYN_qmax8__v0,P_IC_qb2of3__PB_qb0of3,C18_FCF_P_DYN_qmax8,0.37966343464213903,0.35662042623220547,0.023043008409933563,-0.500701059292964,0.5449915110356537,12.73,35.44551282051282
PB_qb0of3__ROE_qb2of3__None__v0,PB_qb0of3__ROE_qb2of3,None,0.37886780716788127,0.37886780716788127,0.0,-0.49337517067048275,0.5725876057310547,10.43,93.03525641025641
P_IC_qb2of3__PB_qb0of3__C10_EPS_DYN_qmax4__v0,P_IC_qb2of3__PB_qb0of3,C10_EPS_DYN_qmax4,0.37854033099163265,0.35662042623220547,0.021919904759427178,-0.5110612890238535,0.5187891440501043,12.75,36.243589743589745
PS_qb0of3__EPS_qb0of3__C7_ROE_DYN_ytdavg_gt_lyavg__v0,PS_qb0of3__EPS_qb0of3,C7_ROE_DYN_ytdavg_gt_lyavg,0.3784732165742879,0.33696333380006194,0.04150988277422596,-0.680132642073111,0.5653790539144805,9.68,66.51
PB_qb0of3__ROE_qb2of3__C3_ROE_DYN_qmax4__v0,PB_qb0of3__ROE_qb2of3,C3_ROE_DYN_qmax4,0.3784119269255748,0.37886780716788127,-0.0004558802423064723,-0.49180885301626664,0.5709348255431205,10.47,91.83653846153847
PB_qb0of3__ROE_qb2of3__C4_ROE_DYN_qmax8__v0,PB_qb0of3__ROE_qb2of3,C4_ROE_DYN_qmax8,0.37823166091444116,0.37886780716788127,-0.0006361462534401063,-0.48990804180924785,0.570308750599904,10.41,91.07692307692308
REVENUE_qb0of3__EV_S_qb0of3__C20_FCF_P_DYN_ytdavg_gt_lyytdavg__v0,REVENUE_qb0of3__EV_S_qb0of3,C20_FCF_P_DYN_ytdavg_gt_lyytdavg,0.3781345022586742,0.40281257322748143,-0.024678070968807253,-0.5105187074666742,0.5810764484058965,10.95,55.06293706293706
PB_qb0of3__ROE_qb2of3__C11_EPS_DYN_qmax8__v0,PB_qb0of3__ROE_qb2of3,C11_EPS_DYN_qmax8,0.3776873490928212,0.37886780716788127,-0.0011804580750600646,-0.4908415146546804,0.5688845717986077,10.42,90.78846153846153
P_IC_qb2of3__PB_qb0of3__C11_EPS_DYN_qmax8__v0,P_IC_qb2of3__PB_qb0of3,C11_EPS_DYN_qmax8,0.37767182470732186,0.35662042623220547,0.02105139847511639,-0.5243722542895695,0.5278514588859416,12.77,35.544871794871796
PB_qb0of3__ROE_qb2of3__C10_EPS_DYN_qmax4__v0,PB_qb0of3__ROE_qb2of3,C10_EPS_DYN_qmax4,0.3772044854376284,0.37886780716788127,-0.0016633217302528536,-0.48964428969782614,0.5702891326021934,10.48,91.7275641025641
VOL_qb2of3__PS_qb0of3__C14_EPS_DYN_ytdavg_gt_lyavg__v0,VOL_qb2of3__PS_qb0of3,C14_EPS_DYN_ytdavg_gt_lyavg,0.37666315178515286,0.35446924233980326,0.022193909445349602,-0.6733037838345134,0.5569361004915346,10.11,118.52666666666667
P_IC_qb2of3__PB_qb0of3__C17_FCF_P_DYN_qmax4__v0,P_IC_qb2of3__PB_qb0of3,C17_FCF_P_DYN_qmax4,0.37632093634184627,0.35662042623220547,0.0197005101096408,-0.4867276039706693,0.5338114754098361,12.77,36.22115384615385
REVENUE_qb0of3__EV_S_qb0of3__C6_ROE_DYN_ytdavg_gt_lyytdavg__v0,REVENUE_qb0of3__EV_S_qb0of3,C6_ROE_DYN_ytdavg_gt_lyytdavg,0.37585381024591835,0.40281257322748143,-0.026958762981563078,-0.4810443295188104,0.5766590389016019,9.88,53.66433566433567
P_IC_qb2of3__PB_qb0of3__C3_ROE_DYN_qmax4__v0,P_IC_qb2of3__PB_qb0of3,C3_ROE_DYN_qmax4,0.3743483722434413,0.35662042623220547,0.01772794601123584,-0.536111191630268,0.5365365365365365,12.47,36.17307692307692
PB_qb0of3__OCF_E_qb2of3__C14_EPS_DYN_ytdavg_gt_lyavg__v0,PB_qb0of3__OCF_E_qb2of3,C14_EPS_DYN_ytdavg_gt_lyavg,0.37351935807230885,0.3127720259439173,0.06074733212839156,-0.5516949524522201,0.568805822031095,11.53,68.11666666666666
P_IC_qb2of3__PB_qb0of3__C4_ROE_DYN_qmax8__v0,P_IC_qb2of3__PB_qb0of3,C4_ROE_DYN_qmax8,0.37302410487394,0.35662042623220547,0.01640367864173453,-0.5614753681084703,0.5437601296596435,12.42,35.31089743589744
PB_qb0of3__ROE_qb2of3__C18_FCF_P_DYN_qmax8__v0,PB_qb0of3__ROE_qb2of3,C18_FCF_P_DYN_qmax8,0.3713135814745694,0.37886780716788127,-0.007554225693311878,-0.47963509846097374,0.5670136629798308,10.32,89.4551282051282
PB_qb0of3__ROE_qb2of3__C17_FCF_P_DYN_qmax4__v0,PB_qb0of3__ROE_qb2of3,C17_FCF_P_DYN_qmax4,0.3707732549287355,0.37886780716788127,-0.008094552239145791,-0.48183087362959476,0.5692410119840213,10.41,90.70833333333333
P_IC_qb0of3__EPS_qb0of3__C7_ROE_DYN_ytdavg_gt_lyavg__v0,P_IC_qb0of3__EPS_qb0of3,C7_ROE_DYN_ytdavg_gt_lyavg,0.3701644389471448,0.3083768832519118,0.061787555695232976,-0.6607263050074602,0.5692736133673706,9.57,58.20333333333333
EV_S_qb0of3__EPS_qb0of3__C13_EPS_DYN_ytdavg_gt_lyytdavg__v0,EV_S_qb0of3__EPS_qb0of3,C13_EPS_DYN_ytdavg_gt_lyytdavg,0.3700198612021839,0.34213527210607264,0.027884589096111245,-0.5812620828873427,0.5499614197530864,9.66,70.33333333333333
VOL_qb2of3__P_IC_qb0of3__C18_FCF_P_DYN_qmax8__v0,VOL_qb2of3__P_IC_qb0of3,C18_FCF_P_DYN_qmax8,0.36921284493596507,0.35491012434058833,0.014302720595376739,-0.696774730734163,0.5780580675868634,8.93,159.38782051282053
VOL_qb2of3__P_IC_qb0of3__C11_EPS_DYN_qmax8__v0,VOL_qb2of3__P_IC_qb0of3,C11_EPS_DYN_qmax8,0.3691411874493118,0.35491012434058833,0.014231063108723463,-0.7023833581876562,0.5744122210287624,8.85,159.25641025641025
VOL_qb2of3__P_IC_qb0of3__C17_FCF_P_DYN_qmax4__v0,VOL_qb2of3__P_IC_qb0of3,C17_FCF_P_DYN_qmax4,0.36815593490675025,0.35491012434058833,0.01324581056616192,-0.6961868542036143,0.5825422266058439,9.0,161.33653846153845
VOL_qb2of3__P_IC_qb0of3__C10_EPS_DYN_qmax4__v0,VOL_qb2of3__P_IC_qb0of3,C10_EPS_DYN_qmax4,0.3680419182524224,0.35491012434058833,0.013131793911834055,-0.6961870012957758,0.5790709167284408,8.96,161.22115384615384
PB_qb0of3__EPS_qb0of3__C13_EPS_DYN_ytdavg_gt_lyytdavg__v0,PB_qb0of3__EPS_qb0of3,C13_EPS_DYN_ytdavg_gt_lyytdavg,0.36718996053583375,0.3337734270879533,0.033416533447880425,-0.5436475529823755,0.5498061688858925,10.01,84.6421052631579
P_IC_qb0of3__ACCRUAL_qb0of3__C7_ROE_DYN_ytdavg_gt_lyavg__v0,P_IC_qb0of3__ACCRUAL_qb0of3,C7_ROE_DYN_ytdavg_gt_lyavg,0.36568401097753767,0.31747345512062997,0.0482105558569077,-0.733616236384318,0.5711252653927813,10.17,48.31666666666667
VOL_qb2of3__P_IC_qb0of3__C4_ROE_DYN_qmax8__v0,VOL_qb2of3__P_IC_qb0of3,C4_ROE_DYN_qmax8,0.36514506733913743,0.35491012434058833,0.010234942998549101,-0.7032496615920354,0.5739931498759892,8.88,158.75
VOL_qb2of3__PS_qb0of3__C7_ROE_DYN_ytdavg_gt_lyavg__v0,VOL_qb2of3__PS_qb0of3,C7_ROE_DYN_ytdavg_gt_lyavg,0.36465728503273165,0.35446924233980326,0.01018804269292839,-0.6911876585261867,0.5519787359716479,10.42,103.92333333333333
P_IC_qb0of3__ACCRUAL_qb0of3__C14_EPS_DYN_ytdavg_gt_lyavg__v0,P_IC_qb0of3__ACCRUAL_qb0of3,C14_EPS_DYN_ytdavg_gt_lyavg,0.363853382653085,0.31747345512062997,0.04637992753245501,-0.7089051128707534,0.5740740740740741,10.35,54.876666666666665
VOL_qb2of3__P_IC_qb0of3__C3_ROE_DYN_qmax4__v0,VOL_qb2of3__P_IC_qb0of3,C3_ROE_DYN_qmax4,0.36309477242621635,0.35491012434058833,0.008184648085628021,-0.6977822090439882,0.5795217657878602,8.98,160.92628205128204
VOL_qb2of3__PS_qb0of3__C10_EPS_DYN_qmax4__v0,VOL_qb2of3__PS_qb0of3,C10_EPS_DYN_qmax4,0.3617218358018064,0.35446924233980326,0.007252593462003132,-0.6385510643444848,0.5693423597678917,9.72,210.19871794871796
VOL_qb2of3__PS_qb0of3__C11_EPS_DYN_qmax8__v0,VOL_qb2of3__PS_qb0of3,C11_EPS_DYN_qmax8,0.3613874399051771,0.35446924233980326,0.006918197565373818,-0.6450970632900155,0.5669240070691098,9.64,207.47115384615384
VOL_qb2of3__PB_qb0of3__C6_ROE_DYN_ytdavg_gt_lyytdavg__v0,VOL_qb2of3__PB_qb0of3,C6_ROE_DYN_ytdavg_gt_lyytdavg,0.3605474916323723,0.38385073541968984,-0.023303243787317518,-0.6121954242978371,0.5525881965051105,10.65,86.25874125874125
VOL_qb2of3__PS_qb0of3__C4_ROE_DYN_qmax8__v0,VOL_qb2of3__PS_qb0of3,C4_ROE_DYN_qmax8,0.3595171575236573,0.35446924233980326,0.005047915183854057,-0.6433270582476952,0.5648489314664702,9.67,206.77243589743588
VOL_qb2of3__PS_qb0of3__C17_FCF_P_DYN_qmax4__v0,VOL_qb2of3__PS_qb0of3,C17_FCF_P_DYN_qmax4,0.35901219682541274,0.35446924233980326,0.004542954485609485,-0.6427812566807175,0.5742248062015504,9.74,209.96794871794873
PB_qb0of3__ROE_qb2of3__C14_EPS_DYN_ytdavg_gt_lyavg__v0,PB_qb0of3__ROE_qb2of3,C14_EPS_DYN_ytdavg_gt_lyavg,0.35882081142264743,0.37886780716788127,-0.02004699574523383,-0.540737973572234,0.5561555075593952,12.07,61.62
VOL_qb2of3__PS_qb0of3__C18_FCF_P_DYN_qmax8__v0,VOL_qb2of3__PS_qb0of3,C18_FCF_P_DYN_qmax8,0.35875937205976016,0.35446924233980326,0.004290129719956903,-0.6439876231958408,0.5722139396198286,9.67,207.34935897435898
VOL_qb2of3__PS_qb0of3__C3_ROE_DYN_qmax4__v0,VOL_qb2of3__PS_qb0of3,C3_ROE_DYN_qmax4,0.3585829362367663,0.35446924233980326,0.004113693896963033,-0.6379326829328,0.5692337238333013,9.74,209.82371794871796
EV_S_qb0of3__ROIC_qb0of3__C14_EPS_DYN_ytdavg_gt_lyavg__v0,EV_S_qb0of3__ROIC_qb0of3,C14_EPS_DYN_ytdavg_gt_lyavg,0.35750232640518687,0.30195387520188577,0.0555484512033011,-0.7001609723100684,0.5655405405405406,8.96,61.04
PS_qb0of3__ROIC_qb0of3__C14_EPS_DYN_ytdavg_gt_lyavg__v0,PS_qb0of3__ROIC_qb0of3,C14_EPS_DYN_ytdavg_gt_lyavg,0.3571653270568953,0.30278400491820756,0.05438132213868774,-0.7074302530951484,0.5716120745022479,9.17,64.26666666666667
P_IC_qb2of3__PB_qb0of3__None__v0,P_IC_qb2of3__PB_qb0of3,None,0.35662042623220547,0.35662042623220547,0.0,-0.5417027431578765,0.48194271481942713,12.96,38.51923076923077
VOL_qb2of3__PB_qb0of3__C20_FCF_P_DYN_ytdavg_gt_lyytdavg__v0,VOL_qb2of3__PB_qb0of3,C20_FCF_P_DYN_ytdavg_gt_lyytdavg,0.3561401958110191,0.38385073541968984,-0.02771053960867076,-0.6795582560210938,0.5619904413831881,11.35,97.21678321678321
VOL_qb2of3__P_IC_qb0of3__None__v0,VOL_qb2of3__P_IC_qb0of3,None,0.35491012434058833,0.35491012434058833,0.0,-0.6919767550920971,0.5851373591593872,9.3,173.89743589743588
VOL_qb2of3__PS_qb0of3__None__v0,VOL_qb2of3__PS_qb0of3,None,0.35446924233980326,0.35446924233980326,0.0,-0.6372950083113336,0.5749899071457408,9.89,223.46153846153845
REVENUE_qb0of3__PB_qb0of3__C7_ROE_DYN_ytdavg_gt_lyavg__v0,REVENUE_qb0of3__PB_qb0of3,C7_ROE_DYN_ytdavg_gt_lyavg,0.35385882760937704,0.33261685914408257,0.02124196846529447,-0.41583941482212683,0.5882626921285514,11.45,109.80666666666667
EV_EBITDA_qb0of3__PB_qb0of3__C14_EPS_DYN_ytdavg_gt_lyavg__v0,EV_EBITDA_qb0of3__PB_qb0of3,C14_EPS_DYN_ytdavg_gt_lyavg,0.353700554353682,0.33951292115431797,0.014187633199364003,-0.5998168849525474,0.5747633251199585,10.65,130.86
VOL_qb2of3__P_IC_qb0of3__C20_FCF_P_DYN_ytdavg_gt_lyytdavg__v0,VOL_qb2of3__P_IC_qb0of3,C20_FCF_P_DYN_ytdavg_gt_lyytdavg,0.35363935547369696,0.35491012434058833,-0.0012707688668913697,-0.7580509344587956,0.5698100633122293,11.38,81.66783216783217
P_IC_qb0of3__EPS_qb0of3__C13_EPS_DYN_ytdavg_gt_lyytdavg__v0,P_IC_qb0of3__EPS_qb0of3,C13_EPS_DYN_ytdavg_gt_lyytdavg,0.3530109343580934,0.3083768832519118,0.04463405110618157,-0.6544038823998259,0.5594760194379886,9.85,61.15438596491228
PB_qb0of3__OCF_E_qb2of3__C7_ROE_DYN_ytdavg_gt_lyavg__v0,PB_qb0of3__OCF_E_qb2of3,C7_ROE_DYN_ytdavg_gt_lyavg,0.35301090822479453,0.3127720259439173,0.04023888228087724,-0.5199465986418701,0.5669333333333333,11.42,62.46333333333333
PB_qb0of3__ACCRUAL_qb0of3__C14_EPS_DYN_ytdavg_gt_lyavg__v0,PB_qb0of3__ACCRUAL_qb0of3,C14_EPS_DYN_ytdavg_gt_lyavg,0.3529026064101226,0.3222821491868306,0.030620457223291986,-0.6168060164341169,0.5574191598670293,10.99,75.57333333333334
REVENUE_qb0of3__PB_qb0of3__C13_EPS_DYN_ytdavg_gt_lyytdavg__v0,REVENUE_qb0of3__PB_qb0of3,C13_EPS_DYN_ytdavg_gt_lyytdavg,0.3504719239584233,0.33261685914408257,0.017855064814340738,-0.4214990124002336,0.5825242718446602,11.83,121.84912280701755
PS_qb0of3__EPS_qb0of3__C13_EPS_DYN_ytdavg_gt_lyytdavg__v0,PS_qb0of3__EPS_qb0of3,C13_EPS_DYN_ytdavg_gt_lyytdavg,0.3483286542609172,0.33696333380006194,0.011365320460855255,-0.6549175079885604,0.550326797385621,10.34,71.75438596491227
EV_S_qb0of3__EPS_qb0of3__C11_EPS_DYN_qmax8__v0,EV_S_qb0of3__EPS_qb0of3,C11_EPS_DYN_qmax8,0.3471316706670282,0.34213527210607264,0.004996398560955573,-0.6312051662297643,0.5812790282243658,9.67,162.78205128205127
EV_S_qb0of3__EPS_qb0of3__C4_ROE_DYN_qmax8__v0,EV_S_qb0of3__EPS_qb0of3,C4_ROE_DYN_qmax8,0.34693354620659456,0.34213527210607264,0.004798274100521915,-0.6313096679061432,0.5812006132798679,9.68,162.76923076923077
EV_S_qb0of3__EPS_qb0of3__C10_EPS_DYN_qmax4__v0,EV_S_qb0of3__EPS_qb0of3,C10_EPS_DYN_qmax4,0.3462001227471536,0.34213527210607264,0.004064850641080975,-0.6261760320708655,0.5838693715982187,9.74,165.85897435897436
PB_qb0of3__OCF_E_qb2of3__C13_EPS_DYN_ytdavg_gt_lyytdavg__v0,PB_qb0of3__OCF_E_qb2of3,C13_EPS_DYN_ytdavg_gt_lyytdavg,0.3459899673034328,0.3127720259439173,0.0332179413595155,-0.5423671667786959,0.5664144260183546,13.34,66.28421052631579
EV_S_qb0of3__EPS_qb0of3__C3_ROE_DYN_qmax4__v0,EV_S_qb0of3__EPS_qb0of3,C3_ROE_DYN_qmax4,0.34584238281746815,0.34213527210607264,0.0037071107113955115,-0.6268575992315553,0.584204699224997,9.74,165.85897435897436
P_IC_qb0of3__EV_EBITDA_qb0of3__C7_ROE_DYN_ytdavg_gt_lyavg__v0,P_IC_qb0of3__EV_EBITDA_qb0of3,C7_ROE_DYN_ytdavg_gt_lyavg,0.3442237601393343,0.31911008191244816,0.02511367822688615,-0.7003461064611111,0.5878024852844996,10.73,95.49
EV_EBITDA_qb0of3__PB_qb0of3__C11_EPS_DYN_qmax8__v0,EV_EBITDA_qb0of3__PB_qb0of3,C11_EPS_DYN_qmax8,0.34315250837579336,0.33951292115431797,0.0036395872214753933,-0.6028406355144478,0.5872307560284905,9.67,236.05769230769232
EV_EBITDA_qb0of3__PB_qb0of3__C4_ROE_DYN_qmax8__v0,EV_EBITDA_qb0of3__PB_qb0of3,C4_ROE_DYN_qmax8,0.34302000143111977,0.33951292115431797,0.0035070802768017995,-0.6013749381431059,0.5885883347421809,9.63,235.42948717948718
P_IC_qb0of3__EV_EBITDA_qb0of3__C14_EPS_DYN_ytdavg_gt_lyavg__v0,P_IC_qb0of3__EV_EBITDA_qb0of3,C14_EPS_DYN_ytdavg_gt_lyavg,0.34293556944800163,0.31911008191244816,0.02382548753555347,-0.6632054981072031,0.587953667953668,10.95,109.13
PB_qb0of3__OCF_E_qb2of3__C6_ROE_DYN_ytdavg_gt_lyytdavg__v0,PB_qb0of3__OCF_E_qb2of3,C6_ROE_DYN_ytdavg_gt_lyytdavg,0.3428137975271657,0.3127720259439173,0.03004177158324839,-0.520819065832191,0.5675334055615746,13.06,60.29020979020979
EV_S_qb0of3__EPS_qb0of3__None__v0,EV_S_qb0of3__EPS_qb0of3,None,0.34213527210607264,0.34213527210607264,0.0,-0.6265419451331482,0.5916467145517424,9.84,171.26282051282053
EV_EBITDA_qb0of3__PB_qb0of3__C10_EPS_DYN_qmax4__v0,EV_EBITDA_qb0of3__PB_qb0of3,C10_EPS_DYN_qmax4,0.34198553259934283,0.33951292115431797,0.0024726114450248637,-0.600199663173117,0.5919282511210763,9.76,238.90384615384616
PS_qb0of3__EPS_qb0of3__C4_ROE_DYN_qmax8__v0,PS_qb0of3__EPS_qb0of3,C4_ROE_DYN_qmax8,0.3418745412257018,0.33696333380006194,0.004911207425639885,-0.6371096256941,0.5816542357786931,9.83,170.19551282051282
EV_S_qb0of3__EPS_qb0of3__C18_FCF_P_DYN_qmax8__v0,EV_S_qb0of3__EPS_qb0of3,C18_FCF_P_DYN_qmax8,0.3413724571587895,0.34213527210607264,-0.0007628149472831414,-0.6290361467102359,0.5789162328442972,9.75,164.7948717948718
EV_S_qb0of3__EPS_qb0of3__C17_FCF_P_DYN_qmax4__v0,EV_S_qb0of3__EPS_qb0of3,C17_FCF_P_DYN_qmax4,0.3410541793571278,0.34213527210607264,-0.0010810927489448563,-0.630909257201151,0.5819480359561631,9.82,167.00641025641025
PS_qb0of3__EPS_qb0of3__C11_EPS_DYN_qmax8__v0,PS_qb0of3__EPS_qb0of3,C11_EPS_DYN_qmax8,0.34099573629574387,0.33696333380006194,0.00403240249568193,-0.6380625604454683,0.581217703886767,9.79,170.13141025641025
EV_EBITDA_qb0of3__PB_qb0of3__C3_ROE_DYN_qmax4__v0,EV_EBITDA_qb0of3__PB_qb0of3,C3_ROE_DYN_qmax4,0.3408943477809203,0.33951292115431797,0.0013814266266023445,-0.598697150737634,0.5927208166888593,9.75,238.47756410256412
PB_qb0of3__EPS_qb0of3__C4_ROE_DYN_qmax8__v0,PB_qb0of3__EPS_qb0of3,C4_ROE_DYN_qmax8,0.3400146563691018,0.3337734270879533,0.006241229281148453,-0.6016317485273506,0.5754775107825015,9.26,200.52243589743588
PB_qb0of3__ROE_qb2of3__C7_ROE_DYN_ytdavg_gt_lyavg__v0,PB_qb0of3__ROE_qb2of3,C7_ROE_DYN_ytdavg_gt_lyavg,0.3400110945536656,0.37886780716788127,-0.03885671261421564,-0.5288945985330158,0.5552325581395349,11.66,58.74
EV_EBITDA_qb0of3__PB_qb0of3__C18_FCF_P_DYN_qmax8__v0,EV_EBITDA_qb0of3__PB_qb0of3,C18_FCF_P_DYN_qmax8,0.3396262928263003,0.33951292115431797,0.00011337167198233189,-0.6032094931244855,0.5885880740233036,9.74,235.45192307692307
PS_qb0of3__EPS_qb0of3__C10_EPS_DYN_qmax4__v0,PS_qb0of3__EPS_qb0of3,C10_EPS_DYN_qmax4,0.3396000905475074,0.33696333380006194,0.0026367567474454567,-0.6329662663851467,0.5849696119682094,9.91,173.49358974358975
EV_EBITDA_qb0of3__PB_qb0of3__None__v0,EV_EBITDA_qb0of3__PB_qb0of3,None,0.33951292115431797,0.33951292115431797,0.0,-0.5977400477416281,0.596051277252737,9.59,257.1666666666667
PS_qb0of3__EPS_qb0of3__C3_ROE_DYN_qmax4__v0,PS_qb0of3__EPS_qb0of3,C3_ROE_DYN_qmax4,0.3392895035411758,0.33696333380006194,0.0023261697411138815,-0.6334180388142324,0.5858221963974434,9.94,173.55769230769232
EV_S_qb0of3__ROIC_qb0of3__C7_ROE_DYN_ytdavg_gt_lyavg__v0,EV_S_qb0of3__ROIC_qb0of3,C7_ROE_DYN_ytdavg_gt_lyavg,0.33879017360927355,0.30195387520188577,0.03683629840738778,-0.6786047990046169,0.5672570607946386,10.02,54.43
REVENUE_qb0of3__PB_qb0of3__C11_EPS_DYN_qmax8__v0,REVENUE_qb0of3__PB_qb0of3,C11_EPS_DYN_qmax8,0.338734978189156,0.33261685914408257,0.006118119045073422,-0.46717757217768374,0.6013855083317731,10.51,224.34294871794873
PB_qb0of3__EPS_qb0of3__C11_EPS_DYN_qmax8__v0,PB_qb0of3__EPS_qb0of3,C11_EPS_DYN_qmax8,0.33871103907653555,0.3337734270879533,0.0049376119885822245,-0.6040456123301636,0.573933796824738,9.28,200.25641025641025
REVENUE_qb0of3__PB_qb0of3__C6_ROE_DYN_ytdavg_gt_lyytdavg__v0,REVENUE_qb0of3__PB_qb0of3,C6_ROE_DYN_ytdavg_gt_lyytdavg,0.3385312730106447,0.33261685914408257,0.005914413866562107,-0.4445299860476253,0.5896103896103896,12.02,106.35314685314685
EV_EBITDA_qb0of3__PB_qb0of3__C13_EPS_DYN_ytdavg_gt_lyytdavg__v0,EV_EBITDA_qb0of3__PB_qb0of3,C13_EPS_DYN_ytdavg_gt_lyytdavg,0.3383808490005873,0.33951292115431797,-0.0011320721537306788,-0.5829591366403784,0.5743899549869699,11.57,126.01052631578948
EV_EBITDA_qb0of3__PB_qb0of3__C17_FCF_P_DYN_qmax4__v0,EV_EBITDA_qb0of3__PB_qb0of3,C17_FCF_P_DYN_qmax4,0.33818486622306376,0.33951292115431797,-0.0013280549312542078,-0.6052840680868787,0.5930836767604372,9.8,238.38782051282053
PB_qb0of3__ROIC_qb0of3__C14_EPS_DYN_ytdavg_gt_lyavg__v0,PB_qb0of3__ROIC_qb0of3,C14_EPS_DYN_ytdavg_gt_lyavg,0.3380680703626622,0.2968585285009706,0.04120954186169157,-0.5551880562418364,0.5749344034573236,9.57,109.99333333333334
P_IC_qb0of3__EV_EBITDA_qb0of3__C6_ROE_DYN_ytdavg_gt_lyytdavg__v0,P_IC_qb0of3__EV_EBITDA_qb0of3,C6_ROE_DYN_ytdavg_gt_lyytdavg,0.3377928507553394,0.31911008191244816,0.018682768842891218,-0.7033229111774799,0.5832534356024289,11.86,91.41958041958041
VOL_qb2of3__PS_qb0of3__C13_EPS_DYN_ytdavg_gt_lyytdavg__v0,VOL_qb2of3__PS_qb0of3,C13_EPS_DYN_ytdavg_gt_lyytdavg,0.33745426840946036,0.35446924233980326,-0.017014973930342903,-0.6439330918022894,0.5465525918470056,11.48,115.3719298245614
PS_qb0of3__EPS_qb0of3__None__v0,PS_qb0of3__EPS_qb0of3,None,0.33696333380006194,0.33696333380006194,0.0,-0.6373539723790058,0.5944578008351259,9.97,179.42628205128204
PB_qb0of3__EPS_qb0of3__C3_ROE_DYN_qmax4__v0,PB_qb0of3__EPS_qb0of3,C3_ROE_DYN_qmax4,0.33686853211849943,0.3337734270879533,0.003095105030546108,-0.6005836829831244,0.5798708288482239,9.41,203.80448717948718
REVENUE_qb0of3__PB_qb0of3__C4_ROE_DYN_qmax8__v0,REVENUE_qb0of3__PB_qb0of3,C4_ROE_DYN_qmax8,0.3365607936226147,0.33261685914408257,0.003943934478532141,-0.46544508865675627,0.5991976659372721,10.48,223.96153846153845
PB_qb0of3__EPS_qb0of3__C10_EPS_DYN_qmax4__v0,PB_qb0of3__EPS_qb0of3,C10_EPS_DYN_qmax4,0.3365336224628308,0.3337734270879533,0.0027601953748774832,-0.602329514758594,0.5784388231462382,9.43,203.70192307692307
PS_qb0of3__EV_S_qb2of3__C10_EPS_DYN_qmax4__v0,PS_qb0of3__EV_S_qb2of3,C10_EPS_DYN_qmax4,0.3363149964649712,0.32604897447555614,0.010266021989415064,-0.7315580694579917,0.6180048661800487,10.09,10.406451612903226
PS_qb0of3__EPS_qb0of3__C18_FCF_P_DYN_qmax8__v0,PS_qb0of3__EPS_qb0of3,C18_FCF_P_DYN_qmax8,0.33605699445121395,0.33696333380006194,-0.0009063393488479843,-0.6359279642942177,0.5820475278747607,9.89,172.46153846153845
REVENUE_qb0of3__PB_qb0of3__C10_EPS_DYN_qmax4__v0,REVENUE_qb0of3__PB_qb0of3,C10_EPS_DYN_qmax4,0.33585031660818987,0.33261685914408257,0.0032334574641073033,-0.47055549734715474,0.6068200493015612,10.6,226.375
PS_qb0of3__EV_S_qb2of3__C11_EPS_DYN_qmax8__v0,PS_qb0of3__EV_S_qb2of3,C11_EPS_DYN_qmax8,0.33505139027259,0.32604897447555614,0.00900241579703387,-0.7291794479789184,0.6126760563380281,10.16,10.335483870967742
PS_qb0of3__EPS_qb0of3__C17_FCF_P_DYN_qmax4__v0,PS_qb0of3__EPS_qb0of3,C17_FCF_P_DYN_qmax4,0.33485727136335375,0.33696333380006194,-0.0021060624367081893,-0.6377905315029193,0.5858348968105066,9.98,174.84294871794873
PB_qb0of3__ACCRUAL_qb0of3__C4_ROE_DYN_qmax8__v0,PB_qb0of3__ACCRUAL_qb0of3,C4_ROE_DYN_qmax8,0.3347337719822927,0.3222821491868306,0.01245162279546208,-0.6096775764683138,0.5536116403949419,9.98,153.42307692307693
PS_qb0of3__EV_S_qb2of3__C18_FCF_P_DYN_qmax8__v0,PS_qb0of3__EV_S_qb2of3,C18_FCF_P_DYN_qmax8,0.33457792022037136,0.32604897447555614,0.00852894574481522,-0.7368812662087689,0.5986547085201793,10.02,10.251612903225807
P_IC_qb0of3__ACCRUAL_qb0of3__C13_EPS_DYN_ytdavg_gt_lyytdavg__v0,P_IC_qb0of3__ACCRUAL_qb0of3,C13_EPS_DYN_ytdavg_gt_lyytdavg,0.3344719253753987,0.31747345512062997,0.01699847025476875,-0.6831681891090244,0.5635445005829771,11.54,52.95087719298245
VOL_qb2of3__PS_qb0of3__C20_FCF_P_DYN_ytdavg_gt_lyytdavg__v0,VOL_qb2of3__PS_qb0of3,C20_FCF_P_DYN_ytdavg_gt_lyytdavg,0.33399279826460004,0.35446924233980326,-0.020476444075203215,-0.674066626305394,0.5581687838007797,11.68,108.5909090909091
PB_qb0of3__EPS_qb0of3__C18_FCF_P_DYN_qmax8__v0,PB_qb0of3__EPS_qb0of3,C18_FCF_P_DYN_qmax8,0.33379736338197885,0.3337734270879533,2.3936294025528326e-05,-0.6020308952304871,0.574932446476824,9.4,201.98717948717947
PB_qb0of3__EPS_qb0of3__None__v0,PB_qb0of3__EPS_qb0of3,None,0.3337734270879533,0.3337734270879533,0.0,-0.6068568158725908,0.5890378734415431,9.52,209.57692307692307
PS_qb0of3__FCF_OI_qb2of3__C14_EPS_DYN_ytdavg_gt_lyavg__v0,PS_qb0of3__FCF_OI_qb2of3,C14_EPS_DYN_ytdavg_gt_lyavg,0.3337401569359797,0.3004145904473121,0.03332556648866758,-0.5141021200727232,0.5700381679389313,14.15,53.776666666666664
REVENUE_qb0of3__PB_qb0of3__C3_ROE_DYN_qmax4__v0,REVENUE_qb0of3__PB_qb0of3,C3_ROE_DYN_qmax4,0.3336827729952876,0.33261685914408257,0.0010659138512050248,-0.4677112264633112,0.6051995163240629,10.58,226.08653846153845
VOL_qb2of3__EV_S_qb0of3__C14_EPS_DYN_ytdavg_gt_lyavg__v0,VOL_qb2of3__EV_S_qb0of3,C14_EPS_DYN_ytdavg_gt_lyavg,0.333681497753356,0.3266250795207739,0.0070564182325820735,-0.6472690198587876,0.5580453563714903,9.9,118.78
PS_qb0of3__EV_EBITDA_qb0of3__C11_EPS_DYN_qmax8__v0,PS_qb0of3__EV_EBITDA_qb0of3,C11_EPS_DYN_qmax8,0.33355159069079243,0.328421804638072,0.005129786052720409,-0.6103003196500412,0.581339153480396,9.86,237.0897435897436
PS_qb0of3__ROIC_qb0of3__C7_ROE_DYN_ytdavg_gt_lyavg__v0,PS_qb0of3__ROIC_qb0of3,C7_ROE_DYN_ytdavg_gt_lyavg,0.3333331121116432,0.30278400491820756,0.03054910719343562,-0.6901986523426102,0.5665304268846503,9.7,58.44
PS_qb0of3__EV_S_qb2of3__C17_FCF_P_DYN_qmax4__v0,PS_qb0of3__EV_S_qb2of3,C17_FCF_P_DYN_qmax4,0.3330458015740878,0.32604897447555614,0.006996827098531666,-0.7390508684933035,0.6080760095011877,10.05,10.361290322580645
VOL_qb2of3__EV_S_qb0of3__C11_EPS_DYN_qmax8__v0,VOL_qb2of3__EV_S_qb0of3,C11_EPS_DYN_qmax8,0.33281303856118694,0.3266250795207739,0.006187959040413027,-0.6212289194027302,0.5640690620625292,9.46,203.23076923076923
PS_qb0of3__EV_EBITDA_qb0of3__C10_EPS_DYN_qmax4__v0,PS_qb0of3__EV_EBITDA_qb0of3,C10_EPS_DYN_qmax4,0.33267198388737307,0.328421804638072,0.004250179249301045,-0.6057392330889446,0.5868283093053736,9.95,240.3397435897436
REVENUE_qb0of3__PB_qb0of3__None__v0,REVENUE_qb0of3__PB_qb0of3,None,0.33261685914408257,0.33261685914408257,0.0,-0.472218003704299,0.6247185389041782,10.67,230.02243589743588
VOL_qb2of3__EV_S_qb0of3__C10_EPS_DYN_qmax4__v0,VOL_qb2of3__EV_S_qb0of3,C10_EPS_DYN_qmax4,0.33258976618242264,0.3266250795207739,0.005964686661648733,-0.6165477938403564,0.5663674099816585,9.54,205.77243589743588
VOL_qb2of3__EV_S_qb0of3__C4_ROE_DYN_qmax8__v0,VOL_qb2of3__EV_S_qb0of3,C4_ROE_DYN_qmax8,0.33251274000973297,0.3266250795207739,0.005887660488959057,-0.6208098928449872,0.5627077946065755,9.46,202.53846153846155
REVENUE_qb0of3__PB_qb0of3__C18_FCF_P_DYN_qmax8__v0,REVENUE_qb0of3__PB_qb0of3,C18_FCF_P_DYN_qmax8,0.3324452636305608,0.33261685914408257,-0.0001715955135217495,-0.47036225796173636,0.6087754727372866,10.6,223.69230769230768
PB_qb0of3__ACCRUAL_qb0of3__C11_EPS_DYN_qmax8__v0,PB_qb0of3__ACCRUAL_qb0of3,C11_EPS_DYN_qmax8,0.3323149676855057,0.3222821491868306,0.0100328184986751,-0.6124265098858368,0.552859013531209,10.06,153.62179487179486
PB_qb0of3__ACCRUAL_qb0of3__C7_ROE_DYN_ytdavg_gt_lyavg__v0,PB_qb0of3__ACCRUAL_qb0of3,C7_ROE_DYN_ytdavg_gt_lyavg,0.33228368596437563,0.3222821491868306,0.010001536777545006,-0.5969381345034157,0.5572229551451188,10.69,66.12333333333333
P_IC_qb0of3__EV_EBITDA_qb0of3__C13_EPS_DYN_ytdavg_gt_lyytdavg__v0,P_IC_qb0of3__EV_EBITDA_qb0of3,C13_EPS_DYN_ytdavg_gt_lyytdavg,0.33198373150428484,0.31911008191244816,0.012873649591836678,-0.669135886068829,0.5843186936936937,12.05,105.68070175438596
VOL_qb2of3__EV_S_qb0of3__C3_ROE_DYN_qmax4__v0,VOL_qb2of3__EV_S_qb0of3,C3_ROE_DYN_qmax4,0.3319428634140369,0.3266250795207739,0.005317783893262984,-0.6164118239626182,0.5667593213840698,9.53,205.36217948717947
PS_qb0of3__EV_EBITDA_qb0of3__C4_ROE_DYN_qmax8__v0,PS_qb0of3__EV_EBITDA_qb0of3,C4_ROE_DYN_qmax8,0.3317497263787903,0.328421804638072,0.003327921740718276,-0.6082698570715779,0.5817233977307574,9.88,236.125
PB_qb0of3__EPS_qb0of3__C17_FCF_P_DYN_qmax4__v0,PB_qb0of3__EPS_qb0of3,C17_FCF_P_DYN_qmax4,0.3315646171408113,0.3337734270879533,-0.0022088099471420097,-0.6064584214985714,0.5788730865269787,9.5,204.67307692307693
EV_EBITDA_qb0of3__PB_qb0of3__C7_ROE_DYN_ytdavg_gt_lyavg__v0,EV_EBITDA_qb0of3__PB_qb0of3,C7_ROE_DYN_ytdavg_gt_lyavg,0.33117250645676366,0.33951292115431797,-0.00834041469755431,-0.598496207982876,0.5769496204278813,11.0,116.03
PS_qb0of3__EV_EBITDA_qb0of3__C3_ROE_DYN_qmax4__v0,PS_qb0of3__EV_EBITDA_qb0of3,C3_ROE_DYN_qmax4,0.330546803872505,0.328421804638072,0.0021249992344329893,-0.6051444771893153,0.5872385276471542,9.96,239.82692307692307
REVENUE_qb0of3__PB_qb0of3__C17_FCF_P_DYN_qmax4__v0,REVENUE_qb0of3__PB_qb0of3,C17_FCF_P_DYN_qmax4,0.3303690290565382,0.33261685914408257,-0.002247830087544367,-0.4745413245031128,0.6136869811702774,10.66,225.78846153846155
PS_qb0of3__EV_EBITDA_qb0of3__C18_FCF_P_DYN_qmax8__v0,PS_qb0of3__EV_EBITDA_qb0of3,C18_FCF_P_DYN_qmax8,0.330317076610672,0.328421804638072,0.0018952719725999767,-0.6120875707614595,0.5877335814530511,9.92,236.22115384615384
PS_qb0of3__EV_EBITDA_qb0of3__C17_FCF_P_DYN_qmax4__v0,PS_qb0of3__EV_EBITDA_qb0of3,C17_FCF_P_DYN_qmax4,0.33024004060254386,0.328421804638072,0.001818235964471837,-0.6118696982593177,0.5928769808854762,9.97,239.65384615384616
P_IC_qb0of3__ACCRUAL_qb0of3__C18_FCF_P_DYN_qmax8__v0,P_IC_qb0of3__ACCRUAL_qb0of3,C18_FCF_P_DYN_qmax8,0.3301033083458582,0.31747345512062997,0.01262985322522825,-0.6767903933208697,0.5706102665785415,10.0,117.19871794871794
P_IC_qb0of3__ACCRUAL_qb0of3__C4_ROE_DYN_qmax8__v0,P_IC_qb0of3__ACCRUAL_qb0of3,C4_ROE_DYN_qmax8,0.3300828429680045,0.31747345512062997,0.012609387847374531,-0.694461087336737,0.5659480375898286,9.94,114.02564102564102
EV_S_qb0of3__ROE_qb0of3__C14_EPS_DYN_ytdavg_gt_lyavg__v0,EV_S_qb0of3__ROE_qb0of3,C14_EPS_DYN_ytdavg_gt_lyavg,0.3299884821567962,0.27545209787658775,0.05453638428020846,-0.6820228918487122,0.5664598608761046,9.28,70.34
EV_EBITDA_qb0of3__PB_qb0of3__C6_ROE_DYN_ytdavg_gt_lyytdavg__v0,EV_EBITDA_qb0of3__PB_qb0of3,C6_ROE_DYN_ytdavg_gt_lyytdavg,0.3298927122414663,0.33951292115431797,-0.009620208912851647,-0.5859699117978515,0.5776522791448164,11.71,110.64685314685315
VOL_qb2of3__EV_S_qb0of3__C17_FCF_P_DYN_qmax4__v0,VOL_qb2of3__EV_S_qb0of3,C17_FCF_P_DYN_qmax4,0.32976731032260864,0.3266250795207739,0.0031422308018347334,-0.6206491985010592,0.5696958028494417,9.57,205.47756410256412
PB_qb0of3__ACCRUAL_qb0of3__C3_ROE_DYN_qmax4__v0,PB_qb0of3__ACCRUAL_qb0of3,C3_ROE_DYN_qmax4,0.32967538691007037,0.3222821491868306,0.007393237723239743,-0.6075284460217242,0.556796030480241,10.19,156.33653846153845
PB_qb0of3__EPS_qb0of3__C7_ROE_DYN_ytdavg_gt_lyavg__v0,PB_qb0of3__EPS_qb0of3,C7_ROE_DYN_ytdavg_gt_lyavg,0.32958998803549977,0.3337734270879533,-0.0041834390524535525,-0.5790060754897759,0.5558044046285927,10.51,82.15
VOL_qb2of3__EV_S_qb0of3__C18_FCF_P_DYN_qmax8__v0,VOL_qb2of3__EV_S_qb0of3,C18_FCF_P_DYN_qmax8,0.32939529457375283,0.3266250795207739,0.0027702150529789193,-0.6203038277278576,0.568561872909699,9.51,203.0
P_IC_qb0of3__ACCRUAL_qb0of3__C6_ROE_DYN_ytdavg_gt_lyytdavg__v0,P_IC_qb0of3__ACCRUAL_qb0of3,C6_ROE_DYN_ytdavg_gt_lyytdavg,0.3290679395606204,0.31747345512062997,0.011594484439990449,-0.7234002245646454,0.5606126914660832,11.16,46.12587412587413
PB_qb0of3__ACCRUAL_qb0of3__C10_EPS_DYN_qmax4__v0,PB_qb0of3__ACCRUAL_qb0of3,C10_EPS_DYN_qmax4,0.3290234438178887,0.3222821491868306,0.0067412946310581034,-0.6088346872323969,0.5555555555555556,10.23,156.47435897435898
P_IC_qb0of3__ACCRUAL_qb0of3__C11_EPS_DYN_qmax8__v0,P_IC_qb0of3__ACCRUAL_qb0of3,C11_EPS_DYN_qmax8,0.3285416243246968,0.31747345512062997,0.011068169204066836,-0.6949162921697927,0.5649855587647189,9.91,114.27564102564102
PS_qb0of3__EV_EBITDA_qb0of3__None__v0,PS_qb0of3__EV_EBITDA_qb0of3,None,0.328421804638072,0.328421804638072,0.0,-0.6067686735694113,0.5953061401229757,10.14,254.13782051282053
P_IC_qb0of3__EV_EBITDA_qb0of3__C11_EPS_DYN_qmax8__v0,P_IC_qb0of3__EV_EBITDA_qb0of3,C11_EPS_DYN_qmax8,0.3282768393886166,0.31911008191244816,0.009166757476168463,-0.6789547398158731,0.5918016194331984,9.84,194.16346153846155
P_IC_qb0of3__EV_EBITDA_qb0of3__C10_EPS_DYN_qmax4__v0,P_IC_qb0of3__EV_EBITDA_qb0of3,C10_EPS_DYN_qmax4,0.32772196718108537,0.31911008191244816,0.00861188526863721,-0.672226366357837,0.5966634991025235,9.92,196.50320512820514
P_IC_qb0of3__EV_EBITDA_qb0of3__C18_FCF_P_DYN_qmax8__v0,P_IC_qb0of3__EV_EBITDA_qb0of3,C18_FCF_P_DYN_qmax8,0.3276032009989174,0.31911008191244816,0.008493119086469214,-0.6736079334006764,0.594729986975253,9.94,193.5352564102564
PS_qb0of3__EV_EBITDA_qb0of3__C14_EPS_DYN_ytdavg_gt_lyavg__v0,PS_qb0of3__EV_EBITDA_qb0of3,C14_EPS_DYN_ytdavg_gt_lyavg,0.3274989650870004,0.328421804638072,-0.0009228395510716414,-0.6053728176452828,0.576706827309237,10.69,140.06333333333333
P_IC_qb0of3__EV_EBITDA_qb0of3__C17_FCF_P_DYN_qmax4__v0,P_IC_qb0of3__EV_EBITDA_qb0of3,C17_FCF_P_DYN_qmax4,0.32687330930347347,0.31911008191244816,0.007763227391025307,-0.673062669327962,0.5993710691823899,10.0,196.0801282051282
VOL_qb2of3__EV_S_qb0of3__None__v0,VOL_qb2of3__EV_S_qb0of3,None,0.3266250795207739,0.3266250795207739,0.0,-0.613620894742003,0.5737639153545281,9.73,217.08653846153845
PB_qb0of3__ACCRUAL_qb0of3__C18_FCF_P_DYN_qmax8__v0,PB_qb0of3__ACCRUAL_qb0of3,C18_FCF_P_DYN_qmax8,0.32651695342733733,0.3222821491868306,0.0042348042405067066,-0.6045881553677936,0.5582768803196109,10.16,156.75641025641025
P_IC_qb0of3__EV_EBITDA_qb0of3__C4_ROE_DYN_qmax8__v0,P_IC_qb0of3__EV_EBITDA_qb0of3,C4_ROE_DYN_qmax8,0.32651689806556927,0.31911008191244816,0.00740681615312111,-0.6770474196177265,0.5924373939938142,9.86,193.47115384615384
P_IC_qb0of3__ACCRUAL_qb0of3__C17_FCF_P_DYN_qmax4__v0,P_IC_qb0of3__ACCRUAL_qb0of3,C17_FCF_P_DYN_qmax4,0.32630426480787755,0.31747345512062997,0.008830809687247587,-0.6785124961460661,0.5729260595130748,10.09,118.41346153846153
PB_qb0of3__ROE_qb2of3__C6_ROE_DYN_ytdavg_gt_lyytdavg__v0,PB_qb0of3__ROE_qb2of3,C6_ROE_DYN_ytdavg_gt_lyytdavg,0.3262819216335757,0.37886780716788127,-0.05258588553430554,-0.5544362935064786,0.5581087052585064,12.52,56.53146853146853
PS_qb0of3__EV_S_qb2of3__None__v0,PS_qb0of3__EV_S_qb2of3,None,0.32604897447555614,0.32604897447555614,0.0,-0.7007060448459694,0.6028368794326241,9.82,11.44516129032258
PS_qb0of3__ROE_qb0of3__C14_EPS_DYN_ytdavg_gt_lyavg__v0,PS_qb0of3__ROE_qb0of3,C14_EPS_DYN_ytdavg_gt_lyavg,0.3256856641109218,0.27061932472160555,0.055066339389316266,-0.6905967470229802,0.5764875067409672,9.73,74.05333333333333
P_IC_qb0of3__ACCRUAL_qb0of3__C10_EPS_DYN_qmax4__v0,P_IC_qb0of3__ACCRUAL_qb0of3,C10_EPS_DYN_qmax4,0.3255190774426735,0.31747345512062997,0.008045622322043533,-0.684513234701774,0.5689049937719397,10.1,116.5673076923077
P_IC_qb0of3__EV_EBITDA_qb0of3__C3_ROE_DYN_qmax4__v0,P_IC_qb0of3__EV_EBITDA_qb0of3,C3_ROE_DYN_qmax4,0.3251720607292463,0.31911008191244816,0.0060619788167981525,-0.6720665739704167,0.5973238553209282,9.95,196.05448717948718
P_IC_qb0of3__ACCRUAL_qb0of3__C3_ROE_DYN_qmax4__v0,P_IC_qb0of3__ACCRUAL_qb0of3,C3_ROE_DYN_qmax4,0.3248696754767211,0.31747345512062997,0.00739622035609111,-0.6856742389854364,0.5710413372487011,10.14,116.40384615384616
P_IC_qb2of3__PB_qb0of3__C14_EPS_DYN_ytdavg_gt_lyavg__v0,P_IC_qb2of3__PB_qb0of3,C14_EPS_DYN_ytdavg_gt_lyavg,0.32454101858615747,0.35662042623220547,-0.032079407646048,-0.5444439767382412,0.5650118203309693,12.88,22.36
PS_qb0of3__FCF_OI_qb2of3__C7_ROE_DYN_ytdavg_gt_lyavg__v0,PS_qb0of3__FCF_OI_qb2of3,C7_ROE_DYN_ytdavg_gt_lyavg,0.32301357917755835,0.3004145904473121,0.02259898873024624,-0.5715605606535835,0.5667013527575442,14.59,47.68333333333333
PB_qb0of3__ACCRUAL_qb0of3__C17_FCF_P_DYN_qmax4__v0,PB_qb0of3__ACCRUAL_qb0of3,C17_FCF_P_DYN_qmax4,0.3228098321529487,0.3222821491868306,0.0005276829661180482,-0.6103541243361232,0.5595132350328655,10.29,158.39102564102564
EV_S_qb0of3__EPS_qb0of3__C6_ROE_DYN_ytdavg_gt_lyytdavg__v0,EV_S_qb0of3__EPS_qb0of3,C6_ROE_DYN_ytdavg_gt_lyytdavg,0.3225618584087184,0.34213527210607264,-0.019573413697354214,-0.619024363529187,0.5432205216641518,11.56,62.15384615384615
PS_qb0of3__FCF_OI_qb2of3__C6_ROE_DYN_ytdavg_gt_lyytdavg__v0,PS_qb0of3__FCF_OI_qb2of3,C6_ROE_DYN_ytdavg_gt_lyytdavg,0.32250856123201,0.3004145904473121,0.02209397078469788,-0.5486967079359196,0.5633986928104575,15.72,44.96153846153846
PB_qb0of3__ACCRUAL_qb0of3__None__v0,PB_qb0of3__ACCRUAL_qb0of3,None,0.3222821491868306,0.3222821491868306,0.0,-0.5960098147603448,0.5545027893385283,10.44,168.80448717948718
P_IC_qb0of3__PS_qb0of3__C14_EPS_DYN_ytdavg_gt_lyavg__v0,P_IC_qb0of3__PS_qb0of3,C14_EPS_DYN_ytdavg_gt_lyavg,0.3209639417087111,0.2993443569447043,0.021619584764006827,-0.662363602553536,0.607320540156361,11.86,135.63666666666666
VOL_qb2of3__PS_qb0of3__C6_ROE_DYN_ytdavg_gt_lyytdavg__v0,VOL_qb2of3__PS_qb0of3,C6_ROE_DYN_ytdavg_gt_lyytdavg,0.3201550567277536,0.35446924233980326,-0.034314185612049686,-0.663509883214719,0.5453369737031183,11.81,100.77272727272727
PS_qb0of3__EV_EBITDA_qb0of3__C7_ROE_DYN_ytdavg_gt_lyavg__v0,PS_qb0of3__EV_EBITDA_qb0of3,C7_ROE_DYN_ytdavg_gt_lyavg,0.31938561833924894,0.328421804638072,-0.009036186298823079,-0.6357239565186648,0.5738895041220623,10.6,122.80666666666667
PS_qb0of3__EV_S_qb2of3__C3_ROE_DYN_qmax4__v0,PS_qb0of3__EV_S_qb2of3,C3_ROE_DYN_qmax4,0.319246127050252,0.32604897447555614,-0.006802847425304126,-0.7315580694579915,0.6146572104018913,10.17,10.398058252427184
P_IC_qb0of3__EV_EBITDA_qb0of3__None__v0,P_IC_qb0of3__EV_EBITDA_qb0of3,None,0.31911008191244816,0.31911008191244816,0.0,-0.6692096202533926,0.6007957559681698,10.27,212.13141025641025
PS_qb0of3__EV_S_qb2of3__C4_ROE_DYN_qmax8__v0,PS_qb0of3__EV_S_qb2of3,C4_ROE_DYN_qmax8,0.3190615374665884,0.32604897447555614,-0.006987437008967756,-0.7291794479789185,0.6017897091722595,10.25,10.29126213592233
PB_qb0of3__OCF_E_qb2of3__C11_EPS_DYN_qmax8__v0,PB_qb0of3__OCF_E_qb2of3,C11_EPS_DYN_qmax8,0.3187794853740755,0.3127720259439173,0.006007459430158235,-0.580061011414868,0.565121412803532,11.09,120.5
P_IC_qb0of3__EPS_qb0of3__C6_ROE_DYN_ytdavg_gt_lyytdavg__v0,P_IC_qb0of3__EPS_qb0of3,C6_ROE_DYN_ytdavg_gt_lyytdavg,0.31803429131640404,0.3083768832519118,0.009657408064492223,-0.6778270764366666,0.5539136458092819,10.87,55.87412587412587
PB_qb0of3__OCF_E_qb2of3__C10_EPS_DYN_qmax4__v0,PB_qb0of3__OCF_E_qb2of3,C10_EPS_DYN_qmax4,0.31780006971901,0.3127720259439173,0.005028043775092694,-0.5774107272810918,0.5655150283452776,11.13,122.14102564102564
P_IC_qb0of3__CROIC_qb2of3__C14_EPS_DYN_ytdavg_gt_lyavg__v0,P_IC_qb0of3__CROIC_qb2of3,C14_EPS_DYN_ytdavg_gt_lyavg,0.317633024004047,0.2868003135584163,0.03083271044563074,-0.6663505659240003,0.5707201379905131,12.16,48.4
PB_qb0of3__OCF_E_qb2of3__C4_ROE_DYN_qmax8__v0,PB_qb0of3__OCF_E_qb2of3,C4_ROE_DYN_qmax8,0.31759683180064346,0.3127720259439173,0.004824805856726178,-0.5773177109447876,0.5652673350041771,11.02,120.2275641025641
P_IC_qb0of3__ACCRUAL_qb0of3__None__v0,P_IC_qb0of3__ACCRUAL_qb0of3,None,0.31747345512062997,0.31747345512062997,0.0,-0.6728062933119195,0.5706600918973439,10.37,126.43589743589743
PB_qb0of3__OCF_E_qb2of3__C17_FCF_P_DYN_qmax4__v0,PB_qb0of3__OCF_E_qb2of3,C17_FCF_P_DYN_qmax4,0.31738557556038627,0.3127720259439173,0.0046135496164689815,-0.5790590711058742,0.5680971142583324,11.1,123.42628205128206
PB_qb0of3__OCF_E_qb2of3__C18_FCF_P_DYN_qmax8__v0,PB_qb0of3__OCF_E_qb2of3,C18_FCF_P_DYN_qmax8,0.31715921621753207,0.3127720259439173,0.004387190273614783,-0.5767993202334816,0.5665725342537391,11.11,122.4423076923077
PB_qb0of3__OCF_E_qb2of3__C3_ROE_DYN_qmax4__v0,PB_qb0of3__OCF_E_qb2of3,C3_ROE_DYN_qmax4,0.31696173873746325,0.3127720259439173,0.004189712793545963,-0.574182376941402,0.5667482182746516,11.1,121.9423076923077
P_IC_qb0of3__EPS_qb0of3__C4_ROE_DYN_qmax8__v0,P_IC_qb0of3__EPS_qb0of3,C4_ROE_DYN_qmax8,0.316715155595771,0.3083768832519118,0.008338272343859199,-0.6905772814692401,0.5787875106305431,9.43,154.20192307692307
VOL_qb2of3__EV_S_qb0of3__C7_ROE_DYN_ytdavg_gt_lyavg__v0,VOL_qb2of3__EV_S_qb0of3,C7_ROE_DYN_ytdavg_gt_lyavg,0.3166288879537311,0.3266250795207739,-0.00999619156704279,-0.660022192269345,0.5565358035583002,10.7,103.41
P_IC_qb0of3__EPS_qb0of3__C11_EPS_DYN_qmax8__v0,P_IC_qb0of3__EPS_qb0of3,C11_EPS_DYN_qmax8,0.31569134849987024,0.3083768832519118,0.007314465247958424,-0.6926980149920199,0.5762919421993632,9.37,154.21794871794873
PB_qb0of3__FCF_P_qb0of3__C14_EPS_DYN_ytdavg_gt_lyavg__v0,PB_qb0of3__FCF_P_qb0of3,C14_EPS_DYN_ytdavg_gt_lyavg,0.31560535222861175,0.2941446739413014,0.021460678287310353,-0.5503561298947426,0.5687812795888002,9.96,97.17333333333333
PB_qb0of3__ACCRUAL_qb0of3__C13_EPS_DYN_ytdavg_gt_lyytdavg__v0,PB_qb0of3__ACCRUAL_qb0of3,C13_EPS_DYN_ytdavg_gt_lyytdavg,0.3154588119714863,0.3222821491868306,-0.006823337215344338,-0.5648599623623599,0.5510144075271979,13.07,73.40350877192982
PB_qb0of3__ROIC_qb0of3__C13_EPS_DYN_ytdavg_gt_lyytdavg__v0,PB_qb0of3__ROIC_qb0of3,C13_EPS_DYN_ytdavg_gt_lyytdavg,0.3150792625829095,0.2968585285009706,0.018220734081938916,-0.5272327586373662,0.5689191103555744,10.44,106.69824561403509
P_IC_qb0of3__ROE_qb0of3__C14_EPS_DYN_ytdavg_gt_lyavg__v0,P_IC_qb0of3__ROE_qb0of3,C14_EPS_DYN_ytdavg_gt_lyavg,0.3146688057775622,0.26266155459050733,0.05200725118705485,-0.6861448262968861,0.5840790454884415,9.67,72.36
PS_qb0of3__FCF_OI_qb2of3__C13_EPS_DYN_ytdavg_gt_lyytdavg__v0,PS_qb0of3__FCF_OI_qb2of3,C13_EPS_DYN_ytdavg_gt_lyytdavg,0.31418158751537395,0.3004145904473121,0.013766997068061837,-0.5638394574473922,0.5654909437559581,15.77,51.771929824561404
PB_qb0of3__ROE_qb2of3__C13_EPS_DYN_ytdavg_gt_lyytdavg__v0,PB_qb0of3__ROE_qb2of3,C13_EPS_DYN_ytdavg_gt_lyytdavg,0.31413511544690564,0.37886780716788127,-0.06473269172097562,-0.6082332760041764,0.5596590909090909,13.99,60.0140350877193
P_IC_qb0of3__EPS_qb0of3__C18_FCF_P_DYN_qmax8__v0,P_IC_qb0of3__EPS_qb0of3,C18_FCF_P_DYN_qmax8,0.31409876366286227,0.3083768832519118,0.005721880410950453,-0.6845770364778061,0.5769089349184949,9.54,156.21794871794873
PS_qb0of3__PB_qb0of3__C14_EPS_DYN_ytdavg_gt_lyavg__v0,PS_qb0of3__PB_qb0of3,C14_EPS_DYN_ytdavg_gt_lyavg,0.3138864705140003,0.2969891113872223,0.016897359126778033,-0.6376370388441293,0.6005251928442475,11.85,138.99666666666667
PB_qb0of3__CROIC_qb0of3__C14_EPS_DYN_ytdavg_gt_lyavg__v0,PB_qb0of3__CROIC_qb0of3,C14_EPS_DYN_ytdavg_gt_lyavg,0.31335522174779973,0.28898821065116076,0.02436701109663897,-0.5395398202114179,0.57237268368537,10.06,98.03333333333333
PB_qb0of3__OCF_E_qb2of3__None__v0,PB_qb0of3__OCF_E_qb2of3,None,0.3127720259439173,0.3127720259439173,0.0,-0.5730168830264643,0.565657642293754,11.27,131.18910256410257
PS_qb0of3__EPS_qb0of3__C6_ROE_DYN_ytdavg_gt_lyytdavg__v0,PS_qb0of3__EPS_qb0of3,C6_ROE_DYN_ytdavg_gt_lyytdavg,0.31271699745220394,0.33696333380006194,-0.024246336347858,-0.6875893013734311,0.5454732510288066,11.07,64.68531468531468
EV_S_qb0of3__ROIC_qb0of3__C13_EPS_DYN_ytdavg_gt_lyytdavg__v0,EV_S_qb0of3__ROIC_qb0of3,C13_EPS_DYN_ytdavg_gt_lyytdavg,0.3126032563161043,0.30195387520188577,0.010649381114218537,-0.640287321690123,0.5486246480398527,9.87,59.3859649122807
EV_EBITDA_qb0of3__PB_qb0of3__C20_FCF_P_DYN_ytdavg_gt_lyytdavg__v0,EV_EBITDA_qb0of3__PB_qb0of3,C20_FCF_P_DYN_ytdavg_gt_lyytdavg,0.3125698615458885,0.33951292115431797,-0.026943059608429465,-0.6707486615008038,0.584232868405094,11.96,112.08041958041959
P_IC_qb0of3__EPS_qb0of3__C10_EPS_DYN_qmax4__v0,P_IC_qb0of3__EPS_qb0of3,C10_EPS_DYN_qmax4,0.3123036235215999,0.3083768832519118,0.003926740269688089,-0.6874893473575863,0.5806656504065041,9.58,157.05448717948718
P_IC_qb0of3__EPS_qb0of3__C3_ROE_DYN_qmax4__v0,P_IC_qb0of3__EPS_qb0of3,C3_ROE_DYN_qmax4,0.3120599221531568,0.3083768832519118,0.003683038901244995,-0.6868389582649771,0.5829754988633493,9.62,157.05128205128204
P_IC_qb0of3__EPS_qb0of3__C17_FCF_P_DYN_qmax4__v0,P_IC_qb0of3__EPS_qb0of3,C17_FCF_P_DYN_qmax4,0.3115560178196721,0.3083768832519118,0.003179134567760311,-0.6863836688499707,0.5818459969403366,9.67,158.3653846153846
PS_qb0of3__MOM_qb0of3__C7_ROE_DYN_ytdavg_gt_lyavg__v0,PS_qb0of3__MOM_qb0of3,C7_ROE_DYN_ytdavg_gt_lyavg,0.3110476964502804,0.2860412958056393,0.025006400644641102,-0.6143377359942563,0.581629116117851,12.11,83.00666666666666
PB_qb0of3__ACCRUAL_qb0of3__C6_ROE_DYN_ytdavg_gt_lyytdavg__v0,PB_qb0of3__ACCRUAL_qb0of3,C6_ROE_DYN_ytdavg_gt_lyytdavg,0.3106904424456538,0.3222821491868306,-0.011591706741176822,-0.5821947310141529,0.5521358896737303,11.91,63.26223776223776
PB_qb0of3__ROE_qb2of3__C20_FCF_P_DYN_ytdavg_gt_lyytdavg__v0,PB_qb0of3__ROE_qb2of3,C20_FCF_P_DYN_ytdavg_gt_lyytdavg,0.31049786959346637,0.37886780716788127,-0.0683699375744149,-0.6176189814694657,0.5547961923358555,14.0,45.65384615384615
PS_qb0of3__ROIC_qb0of3__C11_EPS_DYN_qmax8__v0,PS_qb0of3__ROIC_qb0of3,C11_EPS_DYN_qmax8,0.3094202242501143,0.30278400491820756,0.006636219331906723,-0.6759063773811428,0.5765460910151692,10.01,155.34615384615384
P_IC_qb0of3__EV_EBITDA_qb0of3__C20_FCF_P_DYN_ytdavg_gt_lyytdavg__v0,P_IC_qb0of3__EV_EBITDA_qb0of3,C20_FCF_P_DYN_ytdavg_gt_lyytdavg,0.3093530303548664,0.31911008191244816,-0.009757051557581775,-0.7146867570044053,0.5893412496465932,11.78,95.1923076923077
P_IC_qb0of3__CROIC_qb2of3__C7_ROE_DYN_ytdavg_gt_lyavg__v0,P_IC_qb0of3__CROIC_qb2of3,C7_ROE_DYN_ytdavg_gt_lyavg,0.3093147922091499,0.2868003135584163,0.022514478650733638,-0.740007537202386,0.5719364778383503,12.79,42.37
PS_qb0of3__EV_EBITDA_qb0of3__C20_FCF_P_DYN_ytdavg_gt_lyytdavg__v0,PS_qb0of3__EV_EBITDA_qb0of3,C20_FCF_P_DYN_ytdavg_gt_lyytdavg,0.30894416453807816,0.328421804638072,-0.019477640099993865,-0.6113758619196045,0.5764159100734976,11.3,120.93006993006993
P_IC_qb0of3__EPS_qb0of3__None__v0,P_IC_qb0of3__EPS_qb0of3,None,0.3083768832519118,0.3083768832519118,0.0,-0.6904181245974363,0.5947469746974697,9.72,162.34294871794873
P_IC_qb0of3__PS_qb0of3__C7_ROE_DYN_ytdavg_gt_lyavg__v0,P_IC_qb0of3__PS_qb0of3,C7_ROE_DYN_ytdavg_gt_lyavg,0.3077331183873684,0.2993443569447043,0.008388761442664094,-0.6840415276271479,0.5937385573050165,12.04,121.91
EV_S_qb0of3__ROIC_qb0of3__C4_ROE_DYN_qmax8__v0,EV_S_qb0of3__ROIC_qb0of3,C4_ROE_DYN_qmax8,0.3075198691296752,0.30195387520188577,0.005565993927789448,-0.6926256312176684,0.5769660827431979,9.86,143.4903846153846
PS_qb0of3__ROIC_qb0of3__C10_EPS_DYN_qmax4__v0,PS_qb0of3__ROIC_qb0of3,C10_EPS_DYN_qmax4,0.30750665607847716,0.30278400491820756,0.0047226511602695975,-0.671749032216798,0.5808832425892317,10.11,158.51282051282053
P_IC_qb0of3__ROIC_qb0of3__C7_ROE_DYN_ytdavg_gt_lyavg__v0,P_IC_qb0of3__ROIC_qb0of3,C7_ROE_DYN_ytdavg_gt_lyavg,0.3074240430088431,0.25547946647063147,0.051944576538211606,-0.5808700755529324,0.5925163062135256,9.54,94.10666666666667
EV_S_qb0of3__ROIC_qb0of3__C11_EPS_DYN_qmax8__v0,EV_S_qb0of3__ROIC_qb0of3,C11_EPS_DYN_qmax8,0.30737277561049137,0.30195387520188577,0.005418900408605598,-0.6917662385996632,0.5765912217081406,9.86,143.5801282051282
EV_S_qb0of3__ROIC_qb0of3__C10_EPS_DYN_qmax4__v0,EV_S_qb0of3__ROIC_qb0of3,C10_EPS_DYN_qmax4,0.3070868662029156,0.30195387520188577,0.0051329910010298185,-0.6877996951642212,0.5809203722854188,9.9,146.42628205128204
P_IC_qb0of3__CROIC_qb2of3__C20_FCF_P_DYN_ytdavg_gt_lyytdavg__v0,P_IC_qb0of3__CROIC_qb2of3,C20_FCF_P_DYN_ytdavg_gt_lyytdavg,0.3066040435872719,0.2868003135584163,0.019803730028855604,-0.7013110975303383,0.5623969213853766,12.33,54.47902097902098
PS_qb0of3__ROIC_qb0of3__C4_ROE_DYN_qmax8__v0,PS_qb0of3__ROIC_qb0of3,C4_ROE_DYN_qmax8,0.3065774476265939,0.30278400491820756,0.00379344270838633,-0.6743216136864292,0.576660099663924,10.05,155.31410256410257
EV_S_qb0of3__ROIC_qb0of3__C3_ROE_DYN_qmax4__v0,EV_S_qb0of3__ROIC_qb0of3,C3_ROE_DYN_qmax4,0.3063116104494701,0.30195387520188577,0.004357735247584316,-0.689782142614881,0.5812516095802215,9.9,146.36858974358975
PB_qb0of3__MOM_qb0of3__C6_ROE_DYN_ytdavg_gt_lyytdavg__v0,PB_qb0of3__MOM_qb0of3,C6_ROE_DYN_ytdavg_gt_lyytdavg,0.30627356475010026,0.28920040010002857,0.017073164650071693,-0.6076431082117562,0.5658904971680302,13.29,73.94405594405595
P_IC_qb0of3__ROIC_qb0of3__C14_EPS_DYN_ytdavg_gt_lyavg__v0,P_IC_qb0of3__ROIC_qb0of3,C14_EPS_DYN_ytdavg_gt_lyavg,0.306217564856361,0.25547946647063147,0.05073809838572951,-0.5926613929534309,0.595602294455067,9.3,110.87333333333333
EV_S_qb0of3__EPS_qb0of3__C20_FCF_P_DYN_ytdavg_gt_lyytdavg__v0,EV_S_qb0of3__EPS_qb0of3,C20_FCF_P_DYN_ytdavg_gt_lyytdavg,0.30589778026166314,0.34213527210607264,-0.0362374918444095,-0.6647582305022337,0.5626684636118598,11.54,79.53496503496504
REVENUE_qb0of3__PB_qb0of3__C20_FCF_P_DYN_ytdavg_gt_lyytdavg__v0,REVENUE_qb0of3__PB_qb0of3,C20_FCF_P_DYN_ytdavg_gt_lyytdavg,0.3056514625993103,0.33261685914408257,-0.026965396544772258,-0.5019091581835952,0.5883510428964974,13.84,105.37062937062937
PS_qb0of3__MOM_qb0of3__C14_EPS_DYN_ytdavg_gt_lyavg__v0,PS_qb0of3__MOM_qb0of3,C14_EPS_DYN_ytdavg_gt_lyavg,0.30553859122415683,0.2860412958056393,0.019497295418517524,-0.5993229047825079,0.5863678804855276,12.45,94.84666666666666
PB_qb0of3__EPS_qb0of3__C6_ROE_DYN_ytdavg_gt_lyytdavg__v0,PB_qb0of3__EPS_qb0of3,C6_ROE_DYN_ytdavg_gt_lyytdavg,0.3050724575605013,0.3337734270879533,-0.028700969527452047,-0.5685795098324118,0.5472397184142275,11.64,78.72377622377623
P_IC_qb0of3__PS_qb0of3__C18_FCF_P_DYN_qmax8__v0,P_IC_qb0of3__PS_qb0of3,C18_FCF_P_DYN_qmax8,0.30452697544924545,0.2993443569447043,0.005182618504541159,-0.6724130202382339,0.6286121549825061,11.25,254.2852564102564
PB_qb0of3__ROIC_qb0of3__C11_EPS_DYN_qmax8__v0,PB_qb0of3__ROIC_qb0of3,C11_EPS_DYN_qmax8,0.3044158761331055,0.2968585285009706,0.007557347632134892,-0.6137234135219768,0.5827876520112254,9.45,233.98717948717947
P_IC_qb0of3__PS_qb0of3__C17_FCF_P_DYN_qmax4__v0,P_IC_qb0of3__PS_qb0of3,C17_FCF_P_DYN_qmax4,0.3043110821155164,0.2993443569447043,0.004966725170812092,-0.671449673781316,0.6485243956695833,11.27,258.12820512820514
P_IC_qb0of3__ACCRUAL_qb0of3__C20_FCF_P_DYN_ytdavg_gt_lyytdavg__v0,P_IC_qb0of3__ACCRUAL_qb0of3,C20_FCF_P_DYN_ytdavg_gt_lyytdavg,0.3042287302125528,0.31747345512062997,-0.013244724908077155,-0.720671055845906,0.5608448415922015,11.86,66.71678321678321
PS_qb0of3__ROIC_qb0of3__C3_ROE_DYN_qmax4__v0,PS_qb0of3__ROIC_qb0of3,C3_ROE_DYN_qmax4,0.30370541585155,0.30278400491820756,0.0009214109333424148,-0.6722441430425083,0.581173918283717,10.14,158.5096153846154
PS_qb0of3__ROIC_qb0of3__C13_EPS_DYN_ytdavg_gt_lyytdavg__v0,PS_qb0of3__ROIC_qb0of3,C13_EPS_DYN_ytdavg_gt_lyytdavg,0.3035733699681036,0.30278400491820756,0.0007893650498960181,-0.6683850853558687,0.5495774067202639,10.64,62.76491228070176
PS_qb0of3__ROIC_qb0of3__C18_FCF_P_DYN_qmax8__v0,PS_qb0of3__ROIC_qb0of3,C18_FCF_P_DYN_qmax8,0.30313706501089355,0.30278400491820756,0.00035306009268598615,-0.6743859248449237,0.5770945787373856,10.12,157.62179487179486
PS_qb0of3__FCF_OI_qb2of3__C10_EPS_DYN_qmax4__v0,PS_qb0of3__FCF_OI_qb2of3,C10_EPS_DYN_qmax4,0.3028505766860601,0.3004145904473121,0.002435986238747967,-0.5783632123605131,0.5745752045311516,13.27,92.73397435897436
P_IC_qb0of3__PS_qb0of3__C11_EPS_DYN_qmax8__v0,P_IC_qb0of3__PS_qb0of3,C11_EPS_DYN_qmax8,0.30282499543419195,0.2993443569447043,0.003480638489487653,-0.6788039415103205,0.6212258649734352,11.22,254.19551282051282
P_IC_qb0of3__PS_qb0of3__C10_EPS_DYN_qmax4__v0,P_IC_qb0of3__PS_qb0of3,C10_EPS_DYN_qmax4,0.30282066937891994,0.2993443569447043,0.003476312434215645,-0.6741139545136702,0.6358671586715867,11.3,258.06410256410254
PS_qb0of3__ROIC_qb0of3__None__v0,PS_qb0of3__ROIC_qb0of3,None,0.30278400491820756,0.30278400491820756,0.0,-0.6686686307636502,0.5869592634632362,10.17,171.23076923076923
PB_qb0of3__MOM_qb0of3__C14_EPS_DYN_ytdavg_gt_lyavg__v0,PB_qb0of3__MOM_qb0of3,C14_EPS_DYN_ytdavg_gt_lyavg,0.3026715024417206,0.28920040010002857,0.01347110234169202,-0.5880814282787563,0.5780379041248607,12.55,87.18
PB_qb0of3__ROIC_qb0of3__C4_ROE_DYN_qmax8__v0,PB_qb0of3__ROIC_qb0of3,C4_ROE_DYN_qmax8,0.3023626648573128,0.2968585285009706,0.005504136356342171,-0.610976087922148,0.5835330997602803,9.46,233.97115384615384
PB_qb0of3__ROIC_qb0of3__C10_EPS_DYN_qmax4__v0,PB_qb0of3__ROIC_qb0of3,C10_EPS_DYN_qmax4,0.302318534187896,0.2968585285009706,0.0054600056869253955,-0.6120840320734744,0.5872860635696822,9.61,237.67307692307693
EV_EBITDA_qb0of3__EV_S_qb0of3__C11_EPS_DYN_qmax8__v0,EV_EBITDA_qb0of3__EV_S_qb0of3,C11_EPS_DYN_qmax8,0.3020435943559494,0.29817915134964235,0.003864443006307061,-0.598485685779494,0.5808538163001293,10.37,258.0416666666667
EV_S_qb0of3__ROIC_qb0of3__None__v0,EV_S_qb0of3__ROIC_qb0of3,None,0.30195387520188577,0.30195387520188577,0.0,-0.687496913968886,0.5871867041951481,10.01,156.51602564102564
EV_EBITDA_qb0of3__EV_S_qb0of3__C10_EPS_DYN_qmax4__v0,EV_EBITDA_qb0of3__EV_S_qb0of3,C10_EPS_DYN_qmax4,0.3019101691042656,0.29817915134964235,0.003731017754623256,-0.594576488714603,0.5863618130766145,10.42,261.37820512820514
PS_qb0of3__FCF_OI_qb2of3__C11_EPS_DYN_qmax8__v0,PS_qb0of3__FCF_OI_qb2of3,C11_EPS_DYN_qmax8,0.3018984056246814,0.3004145904473121,0.0014838151773692854,-0.587470136879287,0.5723888958048052,13.26,91.40384615384616
PS_qb0of3__PB_qb0of3__C7_ROE_DYN_ytdavg_gt_lyavg__v0,PS_qb0of3__PB_qb0of3,C7_ROE_DYN_ytdavg_gt_lyavg,0.3016012157577086,0.2969891113872223,0.004612104370486314,-0.6502028343362136,0.5996221229817932,11.91,124.41333333333333
PS_qb0of3__ROIC_qb0of3__C17_FCF_P_DYN_qmax4__v0,PS_qb0of3__ROIC_qb0of3,C17_FCF_P_DYN_qmax4,0.30144790756481976,0.30278400491820756,-0.0013360973533877996,-0.6777577971051741,0.5814603328878629,10.2,159.81089743589743
P_IC_qb0of3__PS_qb0of3__C4_ROE_DYN_qmax8__v0,P_IC_qb0of3__PS_qb0of3,C4_ROE_DYN_qmax8,0.3013373008475788,0.2993443569447043,0.001992943902874522,-0.6799261311329945,0.6200076074553063,11.25,253.47115384615384
REVENUE_qb0of3__P_IC_qb1of3__C14_EPS_DYN_ytdavg_gt_lyavg__v0,REVENUE_qb0of3__P_IC_qb1of3,C14_EPS_DYN_ytdavg_gt_lyavg,0.30133249039163945,0.2632856463559605,0.03804684403567893,-0.42032375733694327,0.5565217391304348,10.76,74.07666666666667
EV_EBITDA_qb0of3__EV_S_qb0of3__C3_ROE_DYN_qmax4__v0,EV_EBITDA_qb0of3__EV_S_qb0of3,C3_ROE_DYN_qmax4,0.30117081259967393,0.29817915134964235,0.0029916612500315853,-0.5940661708754156,0.5865323604060914,10.43,260.75961538461536
EV_EBITDA_qb0of3__EV_S_qb0of3__C4_ROE_DYN_qmax8__v0,EV_EBITDA_qb0of3__EV_S_qb0of3,C4_ROE_DYN_qmax8,0.30110157516612945,0.29817915134964235,0.0029224238164871075,-0.5972692031445546,0.581390134529148,10.38,256.9807692307692
PS_qb0of3__EV_EBITDA_qb0of3__C6_ROE_DYN_ytdavg_gt_lyytdavg__v0,PS_qb0of3__EV_EBITDA_qb0of3,C6_ROE_DYN_ytdavg_gt_lyytdavg,0.3006078149050819,0.328421804638072,-0.027813989732990096,-0.6127304201578054,0.5695719565994992,11.78,118.54545454545455
PB_qb0of3__MOM_qb0of3__C7_ROE_DYN_ytdavg_gt_lyavg__v0,PB_qb0of3__MOM_qb0of3,C7_ROE_DYN_ytdavg_gt_lyavg,0.30047116688916264,0.28920040010002857,0.011270766789134079,-0.5997135485462489,0.5753610665349956,12.32,76.63333333333334
PS_qb0of3__EV_EBITDA_qb0of3__C13_EPS_DYN_ytdavg_gt_lyytdavg__v0,PS_qb0of3__EV_EBITDA_qb0of3,C13_EPS_DYN_ytdavg_gt_lyytdavg,0.3004611280404377,0.328421804638072,-0.02796067659763435,-0.6108763305731307,0.573530946665275,12.0,137.27719298245614
PS_qb0of3__FCF_OI_qb2of3__None__v0,PS_qb0of3__FCF_OI_qb2of3,None,0.3004145904473121,0.3004145904473121,0.0,-0.5686817208010475,0.5756632208245112,13.22,99.95192307692308
PS_qb0of3__EPS_qb0of3__C20_FCF_P_DYN_ytdavg_gt_lyytdavg__v0,PS_qb0of3__EPS_qb0of3,C20_FCF_P_DYN_ytdavg_gt_lyytdavg,0.3003834009520734,0.33696333380006194,-0.03657993284798855,-0.6896636960568916,0.5692967137640895,11.45,84.77272727272727
P_IC_qb0of3__PS_qb0of3__C3_ROE_DYN_qmax4__v0,P_IC_qb0of3__PS_qb0of3,C3_ROE_DYN_qmax4,0.30028123576210053,0.2993443569447043,0.0009368788173962361,-0.6761551970393809,0.637883413286815,11.33,257.62820512820514
EV_S_qb0of3__ROIC_qb0of3__C17_FCF_P_DYN_qmax4__v0,EV_S_qb0of3__ROIC_qb0of3,C17_FCF_P_DYN_qmax4,0.30007365991999757,0.30195387520188577,-0.0018802152818881979,-0.6962588408341506,0.5801211808688926,10.01,147.51602564102564
PB_qb0of3__CROIC_qb0of3__C4_ROE_DYN_qmax8__v0,PB_qb0of3__CROIC_qb0of3,C4_ROE_DYN_qmax8,0.30003257592487853,0.28898821065116076,0.011044365273717771,-0.5894354035928118,0.575423933135096,9.69,186.51602564102564
PS_qb0of3__PB_qb0of3__C10_EPS_DYN_qmax4__v0,PS_qb0of3__PB_qb0of3,C10_EPS_DYN_qmax4,0.3000257761854135,0.2969891113872223,0.003036664798191202,-0.6433570764155796,0.6278378378378379,10.83,265.4423076923077
EV_S_qb0of3__ROIC_qb0of3__C18_FCF_P_DYN_qmax8__v0,EV_S_qb0of3__ROIC_qb0of3,C18_FCF_P_DYN_qmax8,0.29998493908092594,0.30195387520188577,-0.00196893612095983,-0.6919262853910015,0.576408846682494,9.96,145.54807692307693
PB_qb0of3__ROIC_qb0of3__C3_ROE_DYN_qmax4__v0,PB_qb0of3__ROIC_qb0of3,C3_ROE_DYN_qmax4,0.2999357285023472,0.2968585285009706,0.0030772000013765677,-0.6102353431277134,0.5877405008218118,9.6,237.5801282051282
PB_qb0of3__FCF_P_qb0of3__C18_FCF_P_DYN_qmax8__v0,PB_qb0of3__FCF_P_qb0of3,C18_FCF_P_DYN_qmax8,0.29982601233720074,0.2941446739413014,0.005681338395899349,-0.5972851124516513,0.570677570093458,9.67,183.4198717948718
PS_qb0of3__PB_qb0of3__C11_EPS_DYN_qmax8__v0,PS_qb0of3__PB_qb0of3,C11_EPS_DYN_qmax8,0.2997913993556589,0.2969891113872223,0.002802287968436623,-0.6486607321808389,0.6131756756756757,10.78,261.7628205128205
PB_qb0of3__ROIC_qb0of3__C18_FCF_P_DYN_qmax8__v0,PB_qb0of3__ROIC_qb0of3,C18_FCF_P_DYN_qmax8,0.29968073332569967,0.2968585285009706,0.0028222048247290576,-0.6126180002868464,0.583146277590722,9.59,235.63141025641025
EV_EBITDA_qb0of3__EV_S_qb0of3__C17_FCF_P_DYN_qmax4__v0,EV_EBITDA_qb0of3__EV_S_qb0of3,C17_FCF_P_DYN_qmax4,0.2995633748516633,0.29817915134964235,0.0013842235020209426,-0.5999157442044861,0.5911593393441315,10.47,260.5897435897436
PS_qb0of3__PB_qb0of3__C4_ROE_DYN_qmax8__v0,PS_qb0of3__PB_qb0of3,C4_ROE_DYN_qmax8,0.2993660510382654,0.2969891113872223,0.0023769396510431307,-0.6470778359468052,0.6131473161503902,10.78,260.9775641025641
P_IC_qb0of3__PS_qb0of3__None__v0,P_IC_qb0of3__PS_qb0of3,None,0.2993443569447043,0.2993443569447043,0.0,-0.6652609884439555,0.6765041888804265,11.45,276.7980769230769
PB_qb0of3__FCF_P_qb0of3__C4_ROE_DYN_qmax8__v0,PB_qb0of3__FCF_P_qb0of3,C4_ROE_DYN_qmax8,0.2993045029659942,0.2941446739413014,0.005159829024692808,-0.5972166091472322,0.5722245322245322,9.66,186.2596153846154
EV_EBITDA_qb0of3__EV_S_qb0of3__C18_FCF_P_DYN_qmax8__v0,EV_EBITDA_qb0of3__EV_S_qb0of3,C18_FCF_P_DYN_qmax8,0.2991668335788171,0.29817915134964235,0.00098768222917478,-0.5990819917794368,0.5864542434309876,10.43,256.9807692307692
PB_qb0of3__CROIC_qb0of3__C11_EPS_DYN_qmax8__v0,PB_qb0of3__CROIC_qb0of3,C11_EPS_DYN_qmax8,0.2990826052077682,0.28898821065116076,0.010094394556607433,-0.5919223360039,0.5769230769230769,9.76,186.84294871794873
PS_qb0of3__PB_qb0of3__C18_FCF_P_DYN_qmax8__v0,PS_qb0of3__PB_qb0of3,C18_FCF_P_DYN_qmax8,0.29885937603027113,0.2969891113872223,0.0018702646430488468,-0.6464575568864979,0.6229428848015489,10.77,261.6025641025641
PB_qb0of3__REV_G_qb0of3__C14_EPS_DYN_ytdavg_gt_lyavg__v0,PB_qb0of3__REV_G_qb0of3,C14_EPS_DYN_ytdavg_gt_lyavg,0.2985421647448254,0.25815283895445806,0.04038932579036736,-0.6211720498582267,0.5827128047890203,13.26,105.73
PS_qb0of3__PB_qb0of3__C17_FCF_P_DYN_qmax4__v0,PS_qb0of3__PB_qb0of3,C17_FCF_P_DYN_qmax4,0.2985105078849666,0.2969891113872223,0.0015213964977442984,-0.6457192966079583,0.6389342033713975,10.81,265.24679487179486
PS_qb0of3__PB_qb0of3__C3_ROE_DYN_qmax4__v0,PS_qb0of3__PB_qb0of3,C3_ROE_DYN_qmax4,0.29833538246794733,0.2969891113872223,0.0013462710807250478,-0.6431373961476445,0.6292839045206028,10.84,264.9871794871795
PB_qb0of3__FCF_P_qb0of3__C11_EPS_DYN_qmax8__v0,PB_qb0of3__FCF_P_qb0of3,C11_EPS_DYN_qmax8,0.29822973802873154,0.2941446739413014,0.004085064087430146,-0.5989245072962236,0.5736168075667532,9.7,186.57051282051282
EV_EBITDA_qb0of3__EV_S_qb0of3__None__v0,EV_EBITDA_qb0of3__EV_S_qb0of3,None,0.29817915134964235,0.29817915134964235,0.0,-0.5915243972752301,0.5936750085704491,10.59,275.26602564102564
PB_qb0of3__FCF_P_qb0of3__C17_FCF_P_DYN_qmax4__v0,PB_qb0of3__FCF_P_qb0of3,C17_FCF_P_DYN_qmax4,0.29811208815391343,0.2941446739413014,0.0039674142126120415,-0.5973839354082109,0.5752922105622387,9.78,186.76282051282053
PS_qb0of3__FCF_OI_qb2of3__C3_ROE_DYN_qmax4__v0,PS_qb0of3__FCF_OI_qb2of3,C3_ROE_DYN_qmax4,0.29791915807685854,0.3004145904473121,-0.0024954323704535764,-0.5819706434337077,0.5740996360898482,13.28,92.55448717948718
PS_qb0of3__FCF_OI_qb2of3__C4_ROE_DYN_qmax8__v0,PS_qb0of3__FCF_OI_qb2of3,C4_ROE_DYN_qmax8,0.2979008130802805,0.3004145904473121,-0.002513777367031622,-0.5904301731787029,0.5707026893047465,13.25,91.0
PB_qb0of3__ROIC_qb0of3__C17_FCF_P_DYN_qmax4__v0,PB_qb0of3__ROIC_qb0of3,C17_FCF_P_DYN_qmax4,0.29774824102738107,0.2968585285009706,0.0008897125264104577,-0.6160865482799998,0.5883730003901678,9.69,238.53846153846155
PS_qb0of3__NETDEBT_EBITDA_qb2of3__C14_EPS_DYN_ytdavg_gt_lyavg__v0,PS_qb0of3__NETDEBT_EBITDA_qb2of3,C14_EPS_DYN_ytdavg_gt_lyavg,0.29755263000825316,0.25151199404701585,0.04604063596123731,-0.6433267170732768,0.6075717484225525,12.68,93.96
PB_qb0of3__CROIC_qb0of3__C3_ROE_DYN_qmax4__v0,PB_qb0of3__CROIC_qb0of3,C3_ROE_DYN_qmax4,0.2975512518292367,0.28898821065116076,0.008563041178075936,-0.5901244248772403,0.5793624712454815,9.83,189.04807692307693
PB_qb0of3__FCF_OI_qb0of3__C14_EPS_DYN_ytdavg_gt_lyavg__v0,PB_qb0of3__FCF_OI_qb0of3,C14_EPS_DYN_ytdavg_gt_lyavg,0.2973961072162179,0.2731189492547206,0.02427715796149732,-0.5315460244070211,0.5744567391014531,10.65,96.47333333333333
PB_qb0of3__FCF_P_qb0of3__C3_ROE_DYN_qmax4__v0,PB_qb0of3__FCF_P_qb0of3,C3_ROE_DYN_qmax4,0.2970334293274537,0.2941446739413014,0.0028887553861522974,-0.597198952360305,0.5769132544479442,9.78,188.75641025641025
PB_qb0of3__CROIC_qb0of3__C10_EPS_DYN_qmax4__v0,PB_qb0of3__CROIC_qb0of3,C10_EPS_DYN_qmax4,0.29702133520555063,0.28898821065116076,0.00803312455438987,-0.5933341863097678,0.5798201468525699,9.88,189.3301282051282
PS_qb0of3__PB_qb0of3__None__v0,PS_qb0of3__PB_qb0of3,None,0.2969891113872223,0.2969891113872223,0.0,-0.6369420937775944,0.6580955540809555,10.98,283.375
PB_qb0of3__ROIC_qb0of3__None__v0,PB_qb0of3__ROIC_qb0of3,None,0.2968585285009706,0.2968585285009706,0.0,-0.6049395245387654,0.5936283548453186,9.73,255.5096153846154
VOL_qb2of3__EV_S_qb0of3__C13_EPS_DYN_ytdavg_gt_lyytdavg__v0,VOL_qb2of3__EV_S_qb0of3,C13_EPS_DYN_ytdavg_gt_lyytdavg,0.2968312489234639,0.3266250795207739,-0.02979383059731,-0.5983425006181005,0.5476278954539824,11.11,115.88421052631578
PB_qb0of3__ROIC_qb0of3__C7_ROE_DYN_ytdavg_gt_lyavg__v0,PB_qb0of3__ROIC_qb0of3,C7_ROE_DYN_ytdavg_gt_lyavg,0.2964788521686379,0.2968585285009706,-0.00037967633233271236,-0.5307875451816553,0.570912078882498,10.63,99.43
PB_qb0of3__CROIC_qb0of3__C18_FCF_P_DYN_qmax8__v0,PB_qb0of3__CROIC_qb0of3,C18_FCF_P_DYN_qmax8,0.296423604792748,0.28898821065116076,0.007435394141587226,-0.5957684064323954,0.574993942330991,9.75,183.34935897435898
PB_qb0of3__FCF_P_qb0of3__C10_EPS_DYN_qmax4__v0,PB_qb0of3__FCF_P_qb0of3,C10_EPS_DYN_qmax4,0.2963817444724395,0.2941446739413014,0.0022370705311380856,-0.5996549244636362,0.577114002054091,9.82,189.01602564102564
PS_qb0of3__MOM_qb0of3__C6_ROE_DYN_ytdavg_gt_lyytdavg__v0,PS_qb0of3__MOM_qb0of3,C6_ROE_DYN_ytdavg_gt_lyytdavg,0.2963646483015594,0.2860412958056393,0.01032335249592009,-0.6134874443102745,0.5722086673637736,13.06,81.46503496503496
EV_EBITDA_qb0of3__MOM_qb0of3__None__v0,EV_EBITDA_qb0of3__MOM_qb0of3,None,0.29605076490243376,0.29605076490243376,0.0,-0.6290150950628168,0.5555818074424099,11.21,211.45192307692307
PS_qb0of3__PB_qb0of3__C6_ROE_DYN_ytdavg_gt_lyytdavg__v0,PS_qb0of3__PB_qb0of3,C6_ROE_DYN_ytdavg_gt_lyytdavg,0.2956874139143342,0.2969891113872223,-0.0013016974728881081,-0.6456407531721857,0.5897774113767519,12.19,119.26573426573427
PB_qb0of3__CROIC_qb0of3__C17_FCF_P_DYN_qmax4__v0,PB_qb0of3__CROIC_qb0of3,C17_FCF_P_DYN_qmax4,0.29505755805369627,0.28898821065116076,0.006069347402535508,-0.5964993853531162,0.5794508122371568,9.86,186.73076923076923
VOL_qb2of3__EV_S_qb0of3__C20_FCF_P_DYN_ytdavg_gt_lyytdavg__v0,VOL_qb2of3__EV_S_qb0of3,C20_FCF_P_DYN_ytdavg_gt_lyytdavg,0.2949299425072587,0.3266250795207739,-0.03169513701351523,-0.6436303868719082,0.5595162316995544,11.61,104.74825174825175
P_IC_qb0of3__ROE_qb0of3__C7_ROE_DYN_ytdavg_gt_lyavg__v0,P_IC_qb0of3__ROE_qb0of3,C7_ROE_DYN_ytdavg_gt_lyavg,0.2947052900089413,0.26266155459050733,0.03204373541843397,-0.6560257073273347,0.5843312360462756,11.09,62.8
PS_qb0of3__REV_G_qb0of3__C14_EPS_DYN_ytdavg_gt_lyavg__v0,PS_qb0of3__REV_G_qb0of3,C14_EPS_DYN_ytdavg_gt_lyavg,0.29450330214222675,0.24614762604995466,0.04835567609227209,-0.6478882331020017,0.5753170429941231,12.57,94.30666666666667
PS_qb0of3__MOM_qb0of3__C4_ROE_DYN_qmax8__v0,PS_qb0of3__MOM_qb0of3,C4_ROE_DYN_qmax8,0.29432530736864493,0.2860412958056393,0.008284011563005622,-0.6470962822440447,0.5882275997383911,11.38,173.71794871794873
PB_qb0of3__FCF_P_qb0of3__None__v0,PB_qb0of3__FCF_P_qb0of3,None,0.2941446739413014,0.2941446739413014,0.0,-0.5990322608819367,0.5834735630147906,9.92,193.00641025641025
PB_qb0of3__ACCRUAL_qb0of3__C20_FCF_P_DYN_ytdavg_gt_lyytdavg__v0,PB_qb0of3__ACCRUAL_qb0of3,C20_FCF_P_DYN_ytdavg_gt_lyytdavg,0.29383185126121925,0.3222821491868306,-0.02845029792561138,-0.665542694592799,0.5601146281099387,12.32,86.16433566433567
P_IC_qb0of3__CROIC_qb2of3__C13_EPS_DYN_ytdavg_gt_lyytdavg__v0,P_IC_qb0of3__CROIC_qb2of3,C13_EPS_DYN_ytdavg_gt_lyytdavg,0.2937814733430024,0.2868003135584163,0.006981159784586133,-0.6648715766235018,0.5659647614954878,13.37,46.49122807017544
PS_qb0of3__FCF_OI_qb2of3__C18_FCF_P_DYN_qmax8__v0,PS_qb0of3__FCF_OI_qb2of3,C18_FCF_P_DYN_qmax8,0.29366899591970186,0.3004145904473121,-0.006745594527610255,-0.5857684541510115,0.5732476202249969,13.35,93.60897435897436
PB_qb0of3__CROIC_qb0of3__C13_EPS_DYN_ytdavg_gt_lyytdavg__v0,PB_qb0of3__CROIC_qb0of3,C13_EPS_DYN_ytdavg_gt_lyytdavg,0.2936557520792198,0.28898821065116076,0.00466754142805903,-0.5423739952472632,0.5639328184381512,10.75,95.44912280701755
PS_qb0of3__MOM_qb0of3__C11_EPS_DYN_qmax8__v0,PS_qb0of3__MOM_qb0of3,C11_EPS_DYN_qmax8,0.29350243743974413,0.2860412958056393,0.007461141634104829,-0.6459472306053795,0.5893615630922041,11.43,174.15705128205127
P_IC_qb0of3__PS_qb0of3__C6_ROE_DYN_ytdavg_gt_lyytdavg__v0,P_IC_qb0of3__PS_qb0of3,C6_ROE_DYN_ytdavg_gt_lyytdavg,0.2933868942697271,0.2993443569447043,-0.00595746267497721,-0.6941553793005583,0.5862793139656983,13.18,117.46853146853147
EV_EBITDA_qb0of3__MOM_qb0of3__C3_ROE_DYN_qmax4__v0,EV_EBITDA_qb0of3__MOM_qb0of3,C3_ROE_DYN_qmax4,0.29321366449369,0.29605076490243376,-0.0028371004087437424,-0.636939506355892,0.5570254923281382,11.61,197.18589743589743
P_IC_qb0of3__CROIC_qb2of3__C4_ROE_DYN_qmax8__v0,P_IC_qb0of3__CROIC_qb2of3,C4_ROE_DYN_qmax8,0.2930011597659956,0.2868003135584163,0.006200846207579325,-0.6733099229863335,0.5659994590208277,11.84,82.81410256410257
PS_qb0of3__FCF_OI_qb2of3__C17_FCF_P_DYN_qmax4__v0,PS_qb0of3__FCF_OI_qb2of3,C17_FCF_P_DYN_qmax4,0.29286370181767385,0.3004145904473121,-0.007550888629638264,-0.5854662269768287,0.575916885717862,13.37,94.08974358974359
P_IC_qb0of3__PS_qb0of3__C13_EPS_DYN_ytdavg_gt_lyytdavg__v0,P_IC_qb0of3__PS_qb0of3,C13_EPS_DYN_ytdavg_gt_lyytdavg,0.2928427641444975,0.2993443569447043,-0.00650159280020679,-0.6657517468093113,0.5947517284726587,13.38,131.74736842105264
PS_qb0of3__MOM_qb0of3__C10_EPS_DYN_qmax4__v0,PS_qb0of3__MOM_qb0of3,C10_EPS_DYN_qmax4,0.2922453402388503,0.2860412958056393,0.006204044433210987,-0.6433738754569653,0.5934298367373918,11.52,177.19230769230768
VOL_qb2of3__MOM_qb0of3__C14_EPS_DYN_ytdavg_gt_lyavg__v0,VOL_qb2of3__MOM_qb0of3,C14_EPS_DYN_ytdavg_gt_lyavg,0.2922215112187154,0.28173978742876127,0.010481723789954156,-0.6111891226746005,0.5406089156416296,11.49,120.58666666666667
PS_qb0of3__MOM_qb0of3__C3_ROE_DYN_qmax4__v0,PS_qb0of3__MOM_qb0of3,C3_ROE_DYN_qmax4,0.2922163997607823,0.2860412958056393,0.00617510395514298,-0.6450202409645218,0.5929086458953496,11.5,176.98076923076923
P_IC_qb0of3__CROIC_qb2of3__C18_FCF_P_DYN_qmax8__v0,P_IC_qb0of3__CROIC_qb2of3,C18_FCF_P_DYN_qmax8,0.29194601201043624,0.2868003135584163,0.005145698452019953,-0.6509046389032185,0.5687667560321715,11.85,85.34294871794872
EV_EBITDA_qb0of3__MOM_qb0of3__C4_ROE_DYN_qmax8__v0,EV_EBITDA_qb0of3__MOM_qb0of3,C4_ROE_DYN_qmax8,0.2919452627472805,0.29605076490243376,-0.004105502155153262,-0.6418694060933556,0.5557156580211335,11.52,194.40384615384616
EV_EBITDA_qb0of3__MOM_qb0of3__C10_EPS_DYN_qmax4__v0,EV_EBITDA_qb0of3__MOM_qb0of3,C10_EPS_DYN_qmax4,0.29193988042664354,0.29605076490243376,-0.004110884475790222,-0.6407332233300815,0.5580367949648996,11.69,197.56410256410257
P_IC_qb0of3__CROIC_qb2of3__C10_EPS_DYN_qmax4__v0,P_IC_qb0of3__CROIC_qb2of3,C10_EPS_DYN_qmax4,0.2915353137518131,0.2868003135584163,0.004735000193396788,-0.6569680589102492,0.5659884520208963,11.95,84.55448717948718
P_IC_qb0of3__CROIC_qb2of3__C17_FCF_P_DYN_qmax4__v0,P_IC_qb0of3__CROIC_qb2of3,C17_FCF_P_DYN_qmax4,0.2913348783931209,0.2868003135584163,0.004534564834704602,-0.6512565916275549,0.5698133769241248,11.88,85.88782051282051
PS_qb0of3__PB_qb0of3__C13_EPS_DYN_ytdavg_gt_lyytdavg__v0,PS_qb0of3__PB_qb0of3,C13_EPS_DYN_ytdavg_gt_lyytdavg,0.2912450423908224,0.2969891113872223,-0.005744068996399898,-0.6155132069476654,0.590669786487277,12.8,134.4561403508772
PS_qb0of3__MOM_qb0of3__C18_FCF_P_DYN_qmax8__v0,PS_qb0of3__MOM_qb0of3,C18_FCF_P_DYN_qmax8,0.29118743282535275,0.2860412958056393,0.005146137019713448,-0.6401660622597407,0.5887388870595983,11.39,174.39423076923077
PB_qb0of3__REV_G_qb0of3__C13_EPS_DYN_ytdavg_gt_lyytdavg__v0,PB_qb0of3__REV_G_qb0of3,C13_EPS_DYN_ytdavg_gt_lyytdavg,0.29094673857433917,0.25815283895445806,0.032793899619881106,-0.5892983923289287,0.5769012485811578,14.4,102.19649122807017
EV_EBITDA_qb0of3__MOM_qb0of3__C11_EPS_DYN_qmax8__v0,EV_EBITDA_qb0of3__MOM_qb0of3,C11_EPS_DYN_qmax8,0.29084499266524455,0.29605076490243376,-0.00520577223718921,-0.6430245072455818,0.5567258501354198,11.63,195.07692307692307
P_IC_qb0of3__CROIC_qb2of3__C11_EPS_DYN_qmax8__v0,P_IC_qb0of3__CROIC_qb2of3,C11_EPS_DYN_qmax8,0.290727008914605,0.2868003135584163,0.003926695356188725,-0.6671289073596713,0.565625,11.89,83.17948717948718
P_IC_qb0of3__EV_S_qb0of3__C14_EPS_DYN_ytdavg_gt_lyavg__v0,P_IC_qb0of3__EV_S_qb0of3,C14_EPS_DYN_ytdavg_gt_lyavg,0.2905421241760284,0.28270982110424026,0.007832303071788171,-0.6562265324444954,0.5978710821998817,11.68,121.23
P_IC_qb0of3__CROIC_qb2of3__C3_ROE_DYN_qmax4__v0,P_IC_qb0of3__CROIC_qb2of3,C3_ROE_DYN_qmax4,0.2905204533046837,0.2868003135584163,0.0037201397462673924,-0.662345600175553,0.5671375668632561,11.97,84.32371794871794
PB_qb0of3__REV_G_qb0of3__C6_ROE_DYN_ytdavg_gt_lyytdavg__v0,PB_qb0of3__REV_G_qb0of3,C6_ROE_DYN_ytdavg_gt_lyytdavg,0.2901694256948959,0.25815283895445806,0.032016586740437836,-0.5904984464154464,0.5784625158831004,13.86,92.6118881118881
PB_qb0of3__MOM_qb0of3__C4_ROE_DYN_qmax8__v0,PB_qb0of3__MOM_qb0of3,C4_ROE_DYN_qmax8,0.290093266888827,0.28920040010002857,0.0008928667887984076,-0.6571979788443957,0.5821950070654733,10.97,169.90705128205127
PB_qb0of3__FCF_P_qb0of3__C13_EPS_DYN_ytdavg_gt_lyytdavg__v0,PB_qb0of3__FCF_P_qb0of3,C13_EPS_DYN_ytdavg_gt_lyytdavg,0.2900058565029364,0.2941446739413014,-0.004138817438364972,-0.5318076766206534,0.5599589585738104,10.67,95.04561403508772
EV_EBITDA_qb0of3__EV_S_qb0of3__C14_EPS_DYN_ytdavg_gt_lyavg__v0,EV_EBITDA_qb0of3__EV_S_qb0of3,C14_EPS_DYN_ytdavg_gt_lyavg,0.28956686458822944,0.29817915134964235,-0.008612286761412902,-0.5907006146051383,0.5751454605335382,11.13,156.11333333333334
PS_qb0of3__MOM_qb0of3__C17_FCF_P_DYN_qmax4__v0,PS_qb0of3__MOM_qb0of3,C17_FCF_P_DYN_qmax4,0.2894194618747514,0.2860412958056393,0.0033781660691121207,-0.6406557023306754,0.5935089119446662,11.53,177.31410256410257
PB_qb0of3__MOM_qb0of3__None__v0,PB_qb0of3__MOM_qb0of3,None,0.28920040010002857,0.28920040010002857,0.0,-0.6475289951158878,0.5848252344416027,10.91,186.00641025641025
PS_qb0of3__MOM_qb0of3__C13_EPS_DYN_ytdavg_gt_lyytdavg__v0,PS_qb0of3__MOM_qb0of3,C13_EPS_DYN_ytdavg_gt_lyytdavg,0.28912131451630296,0.2860412958056393,0.0030800187106636567,-0.5993750498650774,0.5761349939734833,13.72,93.87719298245614
PB_qb0of3__CROIC_qb0of3__None__v0,PB_qb0of3__CROIC_qb0of3,None,0.28898821065116076,0.28898821065116076,0.0,-0.5850811783069747,0.5809758097580976,10.09,202.80128205128204
EV_S_qb0of3__ROE_qb0of3__C13_EPS_DYN_ytdavg_gt_lyytdavg__v0,EV_S_qb0of3__ROE_qb0of3,C13_EPS_DYN_ytdavg_gt_lyytdavg,0.2887660375251728,0.27545209787658775,0.013313939648585071,-0.6358554660759494,0.5453553899291038,10.25,68.94385964912281
PB_qb0of3__MOM_qb0of3__C11_EPS_DYN_qmax8__v0,PB_qb0of3__MOM_qb0of3,C11_EPS_DYN_qmax8,0.2884707284411747,0.28920040010002857,-0.0007296716588538477,-0.6599388469893679,0.5826999394632407,11.03,170.25641025641025
PS_qb0of3__REV_G_qb0of3__C7_ROE_DYN_ytdavg_gt_lyavg__v0,PS_qb0of3__REV_G_qb0of3,C7_ROE_DYN_ytdavg_gt_lyavg,0.2883412844723645,0.24614762604995466,0.04219365842240985,-0.6568630343410853,0.57036787040162,12.32,84.60333333333334
PB_qb0of3__MOM_qb0of3__C3_ROE_DYN_qmax4__v0,PB_qb0of3__MOM_qb0of3,C3_ROE_DYN_qmax4,0.28813226229985145,0.28920040010002857,-0.0010681378001771158,-0.6554232406309947,0.585674632726288,11.2,172.5801282051282
P_IC_qb0of3__EV_S_qb0of3__C17_FCF_P_DYN_qmax4__v0,P_IC_qb0of3__EV_S_qb0of3,C17_FCF_P_DYN_qmax4,0.2878251547287274,0.28270982110424026,0.005115333624487128,-0.6801999874110082,0.6332797427652733,11.27,223.81730769230768
PB_qb0of3__MOM_qb0of3__C10_EPS_DYN_qmax4__v0,PB_qb0of3__MOM_qb0of3,C10_EPS_DYN_qmax4,0.28760765033547564,0.28920040010002857,-0.0015927497645529254,-0.6577744841419981,0.5859105366447858,11.22,172.73076923076923
PB_qb0of3__EPS_qb0of3__C20_FCF_P_DYN_ytdavg_gt_lyytdavg__v0,PB_qb0of3__EPS_qb0of3,C20_FCF_P_DYN_ytdavg_gt_lyytdavg,0.28759662588210344,0.3337734270879533,-0.04617680120584988,-0.6838814735309963,0.5632440476190477,12.07,94.86363636363636
P_IC_qb0of3__EV_S_qb0of3__C18_FCF_P_DYN_qmax8__v0,P_IC_qb0of3__EV_S_qb0of3,C18_FCF_P_DYN_qmax8,0.28741498957902056,0.28270982110424026,0.004705168474780308,-0.6800972986840785,0.6181169757489301,11.24,220.59294871794873
EV_EBITDA_qb0of3__MOM_qb0of3__C14_EPS_DYN_ytdavg_gt_lyavg__v0,EV_EBITDA_qb0of3__MOM_qb0of3,C14_EPS_DYN_ytdavg_gt_lyavg,0.2871861444220485,0.29605076490243376,-0.008864620480385277,-0.6237261208659817,0.5448186269611273,12.63,101.76666666666667
EV_EBITDA_qb0of3__MOM_qb0of3__C17_FCF_P_DYN_qmax4__v0,EV_EBITDA_qb0of3__MOM_qb0of3,C17_FCF_P_DYN_qmax4,0.28701050240527226,0.29605076490243376,-0.0090402624971615,-0.6406354342734484,0.5585580127234171,11.71,197.49358974358975
P_IC_qb0of3__EV_S_qb0of3__C10_EPS_DYN_qmax4__v0,P_IC_qb0of3__EV_S_qb0of3,C10_EPS_DYN_qmax4,0.28688364787084186,0.28270982110424026,0.004173826766601607,-0.6830902155949247,0.623593699774992,11.23,223.80448717948718
P_IC_qb0of3__CROIC_qb2of3__None__v0,P_IC_qb0of3__CROIC_qb2of3,None,0.2868003135584163,0.2868003135584163,0.0,-0.6409768308493109,0.5662456328943832,12.11,91.44551282051282
EV_S_qb0of3__PB_qb0of3__C14_EPS_DYN_ytdavg_gt_lyavg__v0,EV_S_qb0of3__PB_qb0of3,C14_EPS_DYN_ytdavg_gt_lyavg,0.2865131945648254,0.2805119420302957,0.006001252534529655,-0.633520051458526,0.5947614280947614,11.73,134.39666666666668
P_IC_qb0of3__EV_S_qb0of3__C11_EPS_DYN_qmax8__v0,P_IC_qb0of3__EV_S_qb0of3,C11_EPS_DYN_qmax8,0.2863269400289439,0.28270982110424026,0.0036171189247036217,-0.6883746953725467,0.6112857142857143,11.19,220.54166666666666
P_IC_qb0of3__EV_S_qb0of3__C3_ROE_DYN_qmax4__v0,P_IC_qb0of3__EV_S_qb0of3,C3_ROE_DYN_qmax4,0.2862435505533585,0.28270982110424026,0.003533729449118228,-0.6840206920496318,0.6251783732360869,11.25,223.4198717948718
P_IC_qb0of3__EV_S_qb0of3__C4_ROE_DYN_qmax8__v0,P_IC_qb0of3__EV_S_qb0of3,C4_ROE_DYN_qmax8,0.28608148763541785,0.28270982110424026,0.0033716665311775973,-0.6887094031811558,0.6103095671662698,11.21,219.93269230769232
PS_qb0of3__MOM_qb0of3__None__v0,PS_qb0of3__MOM_qb0of3,None,0.2860412958056393,0.2860412958056393,0.0,-0.6367373707446605,0.5938767499672903,11.79,188.2852564102564
EV_S_qb0of3__ROE_qb0of3__C7_ROE_DYN_ytdavg_gt_lyavg__v0,EV_S_qb0of3__ROE_qb0of3,C7_ROE_DYN_ytdavg_gt_lyavg,0.2847969509374979,0.27545209787658775,0.009344853060910152,-0.6706123802936119,0.5677072565639859,11.45,60.343333333333334
EV_EBITDA_qb0of3__MOM_qb0of3__C18_FCF_P_DYN_qmax8__v0,EV_EBITDA_qb0of3__MOM_qb0of3,C18_FCF_P_DYN_qmax8,0.28475388234047294,0.29605076490243376,-0.01129688256196082,-0.6427692914905735,0.5569262245757612,11.73,195.1153846153846
PB_qb0of3__FCF_OI_qb0of3__C18_FCF_P_DYN_qmax8__v0,PB_qb0of3__FCF_OI_qb0of3,C18_FCF_P_DYN_qmax8,0.28428292294662416,0.2731189492547206,0.011163973691903584,-0.5756744116918848,0.5754724766856483,10.23,181.66666666666666
PB_qb0of3__MOM_qb0of3__C13_EPS_DYN_ytdavg_gt_lyytdavg__v0,PB_qb0of3__MOM_qb0of3,C13_EPS_DYN_ytdavg_gt_lyytdavg,0.2842798194603231,0.28920040010002857,-0.004920580639705463,-0.6074758683541842,0.5745260405317063,14.27,85.42807017543859
PB_qb0of3__None__C19_FCF_P_DYN_yoy__v0,PB_qb0of3__None,C19_FCF_P_DYN_yoy,0.28400224887699177,0.24810685252001274,0.035895396356979026,-0.6975180668035823,0.5617954911433173,17.09,17.034246575342465
PB_qb0of3__MOM_qb0of3__C18_FCF_P_DYN_qmax8__v0,PB_qb0of3__MOM_qb0of3,C18_FCF_P_DYN_qmax8,0.2831042733975204,0.28920040010002857,-0.006096126702508142,-0.6584349204039436,0.5822186191055263,11.05,170.125
PB_qb0of3__FCF_OI_qb0of3__C4_ROE_DYN_qmax8__v0,PB_qb0of3__FCF_OI_qb0of3,C4_ROE_DYN_qmax8,0.28288383575106457,0.2731189492547206,0.009764886496343994,-0.5748372589599934,0.5759291164164411,10.25,184.37179487179486
PB_qb0of3__ROE_qb0of3__C14_EPS_DYN_ytdavg_gt_lyavg__v0,PB_qb0of3__ROE_qb0of3,C14_EPS_DYN_ytdavg_gt_lyavg,0.28278985679994717,0.25732858527987745,0.025461271520069717,-0.645505393197163,0.5739182692307693,11.42,104.78
P_IC_qb0of3__EV_S_qb0of3__None__v0,P_IC_qb0of3__EV_S_qb0of3,None,0.28270982110424026,0.28270982110424026,0.0,-0.6745926392469401,0.6521913952553277,11.42,238.47756410256412
PB_qb0of3__FCF_OI_qb0of3__C17_FCF_P_DYN_qmax4__v0,PB_qb0of3__FCF_OI_qb0of3,C17_FCF_P_DYN_qmax4,0.2826914676564767,0.2731189492547206,0.009572518401756103,-0.5770158137310377,0.5804083698953763,10.34,185.0096153846154
EV_S_qb0of3__PB_qb0of3__C10_EPS_DYN_qmax4__v0,EV_S_qb0of3__PB_qb0of3,C10_EPS_DYN_qmax4,0.28243419746404985,0.2805119420302957,0.0019222554337541276,-0.6553627066472416,0.6213525100262758,10.86,251.39743589743588
EV_S_qb0of3__PB_qb0of3__C4_ROE_DYN_qmax8__v0,EV_S_qb0of3__PB_qb0of3,C4_ROE_DYN_qmax8,0.2823248832197798,0.2805119420302957,0.001812941189484052,-0.659510307206606,0.6066715542521994,10.8,247.26602564102564
PB_qb0of3__FCF_OI_qb0of3__C11_EPS_DYN_qmax8__v0,PB_qb0of3__FCF_OI_qb0of3,C11_EPS_DYN_qmax8,0.28226146079670733,0.2731189492547206,0.009142511541986753,-0.5769600999286004,0.5775869188207119,10.28,184.70833333333334
EV_S_qb0of3__PB_qb0of3__C3_ROE_DYN_qmax4__v0,EV_S_qb0of3__PB_qb0of3,C3_ROE_DYN_qmax4,0.2821156586859408,0.2805119420302957,0.001603716655645071,-0.655168035217901,0.6219279082468596,10.85,250.93910256410257
EV_S_qb0of3__PB_qb0of3__C11_EPS_DYN_qmax8__v0,EV_S_qb0of3__PB_qb0of3,C11_EPS_DYN_qmax8,0.2820888880225081,0.2805119420302957,0.001576945992212364,-0.6608455163934304,0.6077918844909136,10.82,247.9647435897436
P_IC_qb0of3__ROE_qb0of3__C13_EPS_DYN_ytdavg_gt_lyytdavg__v0,P_IC_qb0of3__ROE_qb0of3,C13_EPS_DYN_ytdavg_gt_lyytdavg,0.28193539196826767,0.26266155459050733,0.01927383737776034,-0.6597367670899089,0.5650530861975886,10.78,69.79649122807018
PS_qb0of3__PB_qb0of3__C20_FCF_P_DYN_ytdavg_gt_lyytdavg__v0,PS_qb0of3__PB_qb0of3,C20_FCF_P_DYN_ytdavg_gt_lyytdavg,0.28187188545925146,0.2969891113872223,-0.015117225927970823,-0.6466201390713435,0.5959818356956103,12.47,132.5874125874126
VOL_qb2of3__MOM_qb0of3__None__v0,VOL_qb2of3__MOM_qb0of3,None,0.28173978742876127,0.28173978742876127,0.0,-0.6081363579217691,0.5445736434108527,10.69,237.2852564102564
PB_qb0of3__MOM_qb0of3__C17_FCF_P_DYN_qmax4__v0,PB_qb0of3__MOM_qb0of3,C17_FCF_P_DYN_qmax4,0.2814020096570453,0.28920040010002857,-0.00779839044298325,-0.659789385529852,0.5862842384286006,11.24,172.56730769230768
PS_qb0of3__ACCRUAL_qb0of3__C4_ROE_DYN_qmax8__v0,PS_qb0of3__ACCRUAL_qb0of3,C4_ROE_DYN_qmax8,0.28103952590900927,0.27726842466212576,0.0037711012468835126,-0.5991885541015811,0.5650047634169577,11.51,198.64423076923077
PB_qb0of3__FCF_OI_qb0of3__C3_ROE_DYN_qmax4__v0,PB_qb0of3__FCF_OI_qb0of3,C3_ROE_DYN_qmax4,0.2809431368705415,0.2731189492547206,0.007824187615820932,-0.575634519144183,0.5809868033958141,10.38,186.92628205128204
EV_S_qb0of3__NETDEBT_EBITDA_qb2of3__C14_EPS_DYN_ytdavg_gt_lyavg__v0,EV_S_qb0of3__NETDEBT_EBITDA_qb2of3,C14_EPS_DYN_ytdavg_gt_lyavg,0.28085637147872733,0.2416553007072897,0.03920107077143764,-0.6412974218356229,0.5967419262646471,12.13,60.62
EV_S_qb0of3__PB_qb0of3__C17_FCF_P_DYN_qmax4__v0,EV_S_qb0of3__PB_qb0of3,C17_FCF_P_DYN_qmax4,0.2806882646043467,0.2805119420302957,0.00017632257405097995,-0.656163024602405,0.6302299806040454,10.86,251.14423076923077
EV_S_qb0of3__PB_qb0of3__None__v0,EV_S_qb0of3__PB_qb0of3,None,0.2805119420302957,0.2805119420302957,0.0,-0.6493887721553022,0.6478311450889147,10.97,266.1442307692308
EV_S_qb0of3__PB_qb0of3__C18_FCF_P_DYN_qmax8__v0,EV_S_qb0of3__PB_qb0of3,C18_FCF_P_DYN_qmax8,0.2803780221388077,0.2805119420302957,-0.0001339198914880324,-0.656486859509761,0.6163443543356207,10.85,247.84935897435898
PB_qb0of3__FCF_OI_qb0of3__C10_EPS_DYN_qmax4__v0,PB_qb0of3__FCF_OI_qb0of3,C10_EPS_DYN_qmax4,0.28034658422951253,0.2731189492547206,0.007227634974791952,-0.5782723114156377,0.5814661368056143,10.4,187.20833333333334
P_IC_qb2of3__PB_qb0of3__C13_EPS_DYN_ytdavg_gt_lyytdavg__v0,P_IC_qb2of3__PB_qb0of3,C13_EPS_DYN_ytdavg_gt_lyytdavg,0.2799963048149132,0.35662042623220547,-0.07662412141729225,-0.48635175164025923,0.5462012320328542,15.91,22.950877192982457
PS_qb0of3__ACCRUAL_qb0of3__C11_EPS_DYN_qmax8__v0,PS_qb0of3__ACCRUAL_qb0of3,C11_EPS_DYN_qmax8,0.2796382204851533,0.27726842466212576,0.002369795823027543,-0.60197496669006,0.5647628760836308,11.53,199.2596153846154
PS_qb0of3__ACCRUAL_qb0of3__C3_ROE_DYN_qmax4__v0,PS_qb0of3__ACCRUAL_qb0of3,C3_ROE_DYN_qmax4,0.2789352926077855,0.27726842466212576,0.0016668679456597335,-0.5939753231266877,0.5693973388990347,11.63,203.1153846153846
PB_qb0of3__OCF_E_qb2of3__C20_FCF_P_DYN_ytdavg_gt_lyytdavg__v0,PB_qb0of3__OCF_E_qb2of3,C20_FCF_P_DYN_ytdavg_gt_lyytdavg,0.27893287102655884,0.3127720259439173,-0.03383915491735845,-0.6578482630134772,0.5650568601388274,13.91,71.57692307692308
PS_qb0of3__ACCRUAL_qb0of3__C10_EPS_DYN_qmax4__v0,PS_qb0of3__ACCRUAL_qb0of3,C10_EPS_DYN_qmax4,0.27867967714201614,0.27726842466212576,0.0014112524798903792,-0.5944756518844324,0.5682367544260796,11.63,203.39743589743588
VOL_qb2of3__MOM_qb0of3__C3_ROE_DYN_qmax4__v0,VOL_qb2of3__MOM_qb0of3,C3_ROE_DYN_qmax4,0.27859068884163096,0.28173978742876127,-0.0031490985871303057,-0.6149683262047246,0.5469473220189552,11.16,222.05769230769232
P_IC_qb0of3__ROIC_qb0of3__C13_EPS_DYN_ytdavg_gt_lyytdavg__v0,P_IC_qb0of3__ROIC_qb0of3,C13_EPS_DYN_ytdavg_gt_lyytdavg,0.2783858944972524,0.25547946647063147,0.022906428026620906,-0.5882704170436415,0.5884714654430743,10.1,108.23157894736842
REVENUE_qb0of3__MOM_qb0of3__C14_EPS_DYN_ytdavg_gt_lyavg__v0,REVENUE_qb0of3__MOM_qb0of3,C14_EPS_DYN_ytdavg_gt_lyavg,0.2782301684612172,0.262388694998801,0.015841473462416156,-0.5087311937609822,0.5540870272468483,13.17,108.95333333333333
EV_S_qb0of3__ROE_qb0of3__C17_FCF_P_DYN_qmax4__v0,EV_S_qb0of3__ROE_qb0of3,C17_FCF_P_DYN_qmax4,0.2780408857435819,0.27545209787658775,0.0025887878669941244,-0.6704422355269848,0.5801666096085816,10.53,169.35897435897436
VOL_qb2of3__MOM_qb0of3__C10_EPS_DYN_qmax4__v0,VOL_qb2of3__MOM_qb0of3,C10_EPS_DYN_qmax4,0.27755105840445804,0.28173978742876127,-0.004188729024303228,-0.6152764380264157,0.547114641950789,11.25,222.38141025641025
EV_S_qb0of3__ROE_qb0of3__C10_EPS_DYN_qmax4__v0,EV_S_qb0of3__ROE_qb0of3,C10_EPS_DYN_qmax4,0.2774988039472781,0.27545209787658775,0.0020467060706903517,-0.6703010421191906,0.579650565262076,10.46,167.94230769230768
PS_qb0of3__OCF_E_qb2of3__C14_EPS_DYN_ytdavg_gt_lyavg__v0,PS_qb0of3__OCF_E_qb2of3,C14_EPS_DYN_ytdavg_gt_lyavg,0.27742658966732425,0.25989508506420633,0.01753150460311792,-0.5362509369298067,0.5780876494023904,13.7,132.46
PS_qb0of3__ROE_qb0of3__C7_ROE_DYN_ytdavg_gt_lyavg__v0,PS_qb0of3__ROE_qb0of3,C7_ROE_DYN_ytdavg_gt_lyavg,0.27735731076676506,0.27061932472160555,0.006737986045159516,-0.6722260815343156,0.5711189913317573,12.06,63.63
PS_qb0of3__FCF_OI_qb2of3__C20_FCF_P_DYN_ytdavg_gt_lyytdavg__v0,PS_qb0of3__FCF_OI_qb2of3,C20_FCF_P_DYN_ytdavg_gt_lyytdavg,0.27732198134910657,0.3004145904473121,-0.02309260909820554,-0.6002510499534464,0.5665660630449363,14.57,58.47202797202797
EV_S_qb0of3__ROE_qb0of3__C18_FCF_P_DYN_qmax8__v0,EV_S_qb0of3__ROE_qb0of3,C18_FCF_P_DYN_qmax8,0.2772861124537038,0.27545209787658775,0.001834014577116072,-0.6677847969734045,0.5757542391543713,10.52,167.08653846153845
PS_qb0of3__ACCRUAL_qb0of3__None__v0,PS_qb0of3__ACCRUAL_qb0of3,None,0.27726842466212576,0.27726842466212576,0.0,-0.5885891780561907,0.5719503287070855,11.71,216.41346153846155
P_IC_qb0of3__REV_G_qb0of3__C6_ROE_DYN_ytdavg_gt_lyytdavg__v0,P_IC_qb0of3__REV_G_qb0of3,C6_ROE_DYN_ytdavg_gt_lyytdavg,0.2771506383213671,0.22886611826555736,0.04828452005580974,-0.6087519689426903,0.5780471604118234,13.66,90.77622377622377
VOL_qb2of3__MOM_qb0of3__C4_ROE_DYN_qmax8__v0,VOL_qb2of3__MOM_qb0of3,C4_ROE_DYN_qmax8,0.27708618212863323,0.28173978742876127,-0.004653605300128039,-0.6219513755017017,0.5446589728162774,11.07,219.24358974358975
EV_S_qb0of3__ROE_qb0of3__C11_EPS_DYN_qmax8__v0,EV_S_qb0of3__ROE_qb0of3,C11_EPS_DYN_qmax8,0.2770431817226735,0.27545209787658775,0.0015910838460857502,-0.6725181808504869,0.5747493665307921,10.44,164.81410256410257
EV_S_qb0of3__ROE_qb0of3__C3_ROE_DYN_qmax4__v0,EV_S_qb0of3__ROE_qb0of3,C3_ROE_DYN_qmax4,0.27683478372683923,0.27545209787658775,0.001382685850251475,-0.67203280363513,0.5803044070876874,10.46,167.57371794871796
PS_qb0of3__NETDEBT_EBITDA_qb2of3__C7_ROE_DYN_ytdavg_gt_lyavg__v0,PS_qb0of3__NETDEBT_EBITDA_qb2of3,C7_ROE_DYN_ytdavg_gt_lyavg,0.2767946931793155,0.25151199404701585,0.025282699132299635,-0.6689930589822758,0.5972103004291845,12.58,83.48333333333333
VOL_qb2of3__MOM_qb0of3__C11_EPS_DYN_qmax8__v0,VOL_qb2of3__MOM_qb0of3,C11_EPS_DYN_qmax8,0.27667714631766227,0.28173978742876127,-0.005062641111098998,-0.6188197170465584,0.5449462837097128,11.16,219.83333333333334
EV_S_qb0of3__ROE_qb0of3__C4_ROE_DYN_qmax8__v0,EV_S_qb0of3__ROE_qb0of3,C4_ROE_DYN_qmax8,0.27653726489755726,0.27545209787658775,0.001085167020969502,-0.6749298026341198,0.5745771958537916,10.44,164.16346153846155
P_IC_qb0of3__EV_S_qb0of3__C7_ROE_DYN_ytdavg_gt_lyavg__v0,P_IC_qb0of3__EV_S_qb0of3,C7_ROE_DYN_ytdavg_gt_lyavg,0.27636244357298656,0.28270982110424026,-0.006347377531253695,-0.6793059039310598,0.5943627450980392,12.46,107.93333333333334
PS_qb0of3__ACCRUAL_qb0of3__C18_FCF_P_DYN_qmax8__v0,PS_qb0of3__ACCRUAL_qb0of3,C18_FCF_P_DYN_qmax8,0.27623350666586943,0.27726842466212576,-0.0010349179962563237,-0.5951496068547166,0.5701432011151946,11.6,204.44230769230768
P_IC_qb0of3__REV_G_qb0of3__C7_ROE_DYN_ytdavg_gt_lyavg__v0,P_IC_qb0of3__REV_G_qb0of3,C7_ROE_DYN_ytdavg_gt_lyavg,0.2759239695532949,0.22886611826555736,0.04705785128773754,-0.6277012311843335,0.5853375352463095,12.64,93.56
P_IC_qb0of3__MOM_qb0of3__C7_ROE_DYN_ytdavg_gt_lyavg__v0,P_IC_qb0of3__MOM_qb0of3,C7_ROE_DYN_ytdavg_gt_lyavg,0.2757722536536462,0.2291166681243213,0.04665558552932492,-0.59267521602159,0.5812593330014932,12.78,74.6
PB_qb0of3__FCF_P_qb0of3__C7_ROE_DYN_ytdavg_gt_lyavg__v0,PB_qb0of3__FCF_P_qb0of3,C7_ROE_DYN_ytdavg_gt_lyavg,0.27548234070684674,0.2941446739413014,-0.018662333234454653,-0.5291647290653312,0.5636947322340581,10.94,86.71666666666667
EV_S_qb0of3__ROE_qb0of3__None__v0,EV_S_qb0of3__ROE_qb0of3,None,0.27545209787658775,0.27545209787658775,0.0,-0.6707394614947559,0.5890126024715526,10.54,173.55769230769232
PS_qb0of3__ROE_qb0of3__C13_EPS_DYN_ytdavg_gt_lyytdavg__v0,PS_qb0of3__ROE_qb0of3,C13_EPS_DYN_ytdavg_gt_lyytdavg,0.2754083481212939,0.27061932472160555,0.004789023399688341,-0.6577375963839664,0.5490877497827976,11.27,72.83157894736843
P_IC_qb0of3__PS_qb0of3__C20_FCF_P_DYN_ytdavg_gt_lyytdavg__v0,P_IC_qb0of3__PS_qb0of3,C20_FCF_P_DYN_ytdavg_gt_lyytdavg,0.2753051637005459,0.2993443569447043,-0.024039193244158374,-0.6924156913394195,0.5886075949367089,13.32,130.6083916083916
PS_qb0of3__ACCRUAL_qb0of3__C17_FCF_P_DYN_qmax4__v0,PS_qb0of3__ACCRUAL_qb0of3,C17_FCF_P_DYN_qmax4,0.2752351026389024,0.27726842466212576,-0.0020333220232233717,-0.5973013499064653,0.5722287351830142,11.65,206.52884615384616
PB_qb0of3__FCF_OI_qb0of3__C13_EPS_DYN_ytdavg_gt_lyytdavg__v0,PB_qb0of3__FCF_OI_qb0of3,C13_EPS_DYN_ytdavg_gt_lyytdavg,0.2746755897062183,0.2731189492547206,0.0015566404514977261,-0.5527303101839325,0.5653661008360781,11.27,93.95087719298246
PB_qb0of3__CROIC_qb2of3__C7_ROE_DYN_ytdavg_gt_lyavg__v0,PB_qb0of3__CROIC_qb2of3,C7_ROE_DYN_ytdavg_gt_lyavg,0.2740266675277736,0.25343889949705045,0.020587768030723153,-0.6084200259601776,0.5740426334653839,13.69,56.25333333333333
P_IC_qb0of3__PB_qb0of3__C7_ROE_DYN_ytdavg_gt_lyavg__v0,P_IC_qb0of3__PB_qb0of3,C7_ROE_DYN_ytdavg_gt_lyavg,0.2739953466996956,0.24885786529327159,0.025137481406424023,-0.581631067314712,0.6075914038515211,13.8,181.18666666666667
P_IC_qb0of3__CROIC_qb2of3__C6_ROE_DYN_ytdavg_gt_lyytdavg__v0,P_IC_qb0of3__CROIC_qb2of3,C6_ROE_DYN_ytdavg_gt_lyytdavg,0.27369115803627886,0.2868003135584163,-0.013109155522137428,-0.7355260831254025,0.5625756475429678,14.23,40.28671328671329
EV_EBITDA_qb0of3__EV_S_qb0of3__C7_ROE_DYN_ytdavg_gt_lyavg__v0,EV_EBITDA_qb0of3__EV_S_qb0of3,C7_ROE_DYN_ytdavg_gt_lyavg,0.2736809726624707,0.29817915134964235,-0.024498178687171634,-0.6219517227810699,0.57435053485365,11.78,135.66666666666666
P_IC_qb0of3__OCF_E_qb2of3__C7_ROE_DYN_ytdavg_gt_lyavg__v0,P_IC_qb0of3__OCF_E_qb2of3,C7_ROE_DYN_ytdavg_gt_lyavg,0.2735319942196601,0.23937264791212765,0.03415934630753248,-0.6498869033046002,0.5752672209026128,13.57,81.53
PB_qb0of3__FCF_OI_qb0of3__None__v0,PB_qb0of3__FCF_OI_qb0of3,None,0.2731189492547206,0.2731189492547206,0.0,-0.5724673136255976,0.5820807296064854,10.6,201.01282051282053
VOL_qb2of3__MOM_qb0of3__C17_FCF_P_DYN_qmax4__v0,VOL_qb2of3__MOM_qb0of3,C17_FCF_P_DYN_qmax4,0.2726739087890273,0.28173978742876127,-0.00906587863973396,-0.616401240770578,0.5464076812713828,11.33,222.32692307692307
EV_S_qb0of3__CROIC_qb0of3__C4_ROE_DYN_qmax8__v0,EV_S_qb0of3__CROIC_qb0of3,C4_ROE_DYN_qmax8,0.2725648043453548,0.26619282682343415,0.0063719775219206465,-0.6170218584408756,0.571283255086072,10.65,172.8653846153846
EV_S_qb0of3__CROIC_qb0of3__C11_EPS_DYN_qmax8__v0,EV_S_qb0of3__CROIC_qb0of3,C11_EPS_DYN_qmax8,0.27250718919406824,0.26619282682343415,0.006314362370634097,-0.6166976821673178,0.571406164222414,10.68,173.29807692307693
EV_S_qb0of3__DEBTRATIO_qb2of3__C7_ROE_DYN_ytdavg_gt_lyavg__v0,EV_S_qb0of3__DEBTRATIO_qb2of3,C7_ROE_DYN_ytdavg_gt_lyavg,0.2724741650724134,0.27173786754515006,0.000736297527263341,-0.6533871620607927,0.5812664137729793,11.23,72.96333333333334
EV_S_qb0of3__FCF_P_qb0of3__C18_FCF_P_DYN_qmax8__v0,EV_S_qb0of3__FCF_P_qb0of3,C18_FCF_P_DYN_qmax8,0.2724072237489219,0.263255974512552,0.009151249236369896,-0.6237631043006437,0.5716961985793458,10.41,172.05769230769232
EV_S_qb0of3__DEBTRATIO_qb2of3__C14_EPS_DYN_ytdavg_gt_lyavg__v0,EV_S_qb0of3__DEBTRATIO_qb2of3,C14_EPS_DYN_ytdavg_gt_lyavg,0.27239299740588585,0.27173786754515006,0.0006551298607357925,-0.6406510083236521,0.586352148272957,11.17,85.21666666666667
PB_qb0of3__ROIC_qb0of3__C6_ROE_DYN_ytdavg_gt_lyytdavg__v0,PB_qb0of3__ROIC_qb0of3,C6_ROE_DYN_ytdavg_gt_lyytdavg,0.2723341969243174,0.2968585285009706,-0.024524331576653235,-0.5475832504771145,0.566837224176527,11.86,96.2937062937063
P_IC_qb0of3__EPS_qb0of3__C20_FCF_P_DYN_ytdavg_gt_lyytdavg__v0,P_IC_qb0of3__EPS_qb0of3,C20_FCF_P_DYN_ytdavg_gt_lyytdavg,0.27230297795524927,0.3083768832519118,-0.036073905296662545,-0.7310531312576909,0.5627890430451796,11.98,75.67832167832168
EV_S_qb0of3__CROIC_qb0of3__C18_FCF_P_DYN_qmax8__v0,EV_S_qb0of3__CROIC_qb0of3,C18_FCF_P_DYN_qmax8,0.2722801412271534,0.26619282682343415,0.006087314403719235,-0.6243655284554132,0.5729453401494298,10.54,169.17307692307693
EV_S_qb0of3__CROIC_qb0of3__C10_EPS_DYN_qmax4__v0,EV_S_qb0of3__CROIC_qb0of3,C10_EPS_DYN_qmax4,0.2721762357616333,0.26619282682343415,0.005983408938199153,-0.6196072344974514,0.5745121465551573,10.79,175.77884615384616
EV_S_qb0of3__DEBTRATIO_qb2of3__C10_EPS_DYN_qmax4__v0,EV_S_qb0of3__DEBTRATIO_qb2of3,C10_EPS_DYN_qmax4,0.2721558144774334,0.27173786754515006,0.000417946932283364,-0.666056960595689,0.5979286536248561,11.35,152.09935897435898
EV_S_qb0of3__CROIC_qb0of3__C3_ROE_DYN_qmax4__v0,EV_S_qb0of3__CROIC_qb0of3,C3_ROE_DYN_qmax4,0.2720547313574331,0.26619282682343415,0.0058619045339989295,-0.6197629990051012,0.5741668655054482,10.76,175.51282051282053
EV_S_qb0of3__CROIC_qb0of3__C17_FCF_P_DYN_qmax4__v0,EV_S_qb0of3__CROIC_qb0of3,C17_FCF_P_DYN_qmax4,0.2719173080092592,0.26619282682343415,0.0057244811858250255,-0.6265855835193394,0.5755906768837803,10.69,172.98717948717947
PS_qb0of3__ROE_qb0of3__C17_FCF_P_DYN_qmax4__v0,PS_qb0of3__ROE_qb0of3,C17_FCF_P_DYN_qmax4,0.27189136363143485,0.27061932472160555,0.0012720389098292983,-0.6645192109721251,0.5847586057588222,11.3,180.31730769230768
PB_qb0of3__FCF_P_qb0of3__C6_ROE_DYN_ytdavg_gt_lyytdavg__v0,PB_qb0of3__FCF_P_qb0of3,C6_ROE_DYN_ytdavg_gt_lyytdavg,0.27180370019620903,0.2941446739413014,-0.022340973745092363,-0.5420421972668921,0.5652491597252667,11.2,84.06993006993007
EV_S_qb0of3__DEBTRATIO_qb2of3__None__v0,EV_S_qb0of3__DEBTRATIO_qb2of3,None,0.27173786754515006,0.27173786754515006,0.0,-0.6639735699629633,0.622836319465533,11.3,156.33653846153845
PS_qb0of3__ROE_qb0of3__C18_FCF_P_DYN_qmax8__v0,PS_qb0of3__ROE_qb0of3,C18_FCF_P_DYN_qmax8,0.27170118164073,0.27061932472160555,0.0010818569191244354,-0.6631695299650069,0.5799062988027069,11.3,177.78846153846155
VOL_qb2of3__MOM_qb0of3__C18_FCF_P_DYN_qmax8__v0,VOL_qb2of3__MOM_qb0of3,C18_FCF_P_DYN_qmax8,0.27158101306195004,0.28173978742876127,-0.01015877436681123,-0.6198658520108108,0.5439115199299168,11.26,219.88141025641025
EV_S_qb0of3__CROIC_qb0of3__C14_EPS_DYN_ytdavg_gt_lyavg__v0,EV_S_qb0of3__CROIC_qb0of3,C14_EPS_DYN_ytdavg_gt_lyavg,0.2715531421990598,0.26619282682343415,0.005360315375625646,-0.6232708899706653,0.5643855776306107,11.04,96.03333333333333
EV_S_qb0of3__FCF_P_qb0of3__C17_FCF_P_DYN_qmax4__v0,EV_S_qb0of3__FCF_P_qb0of3,C17_FCF_P_DYN_qmax4,0.2714866706233745,0.263255974512552,0.0082306961108225,-0.6260943017195834,0.5746789281750436,10.58,175.9102564102564
EV_S_qb0of3__DEBTRATIO_qb2of3__C3_ROE_DYN_qmax4__v0,EV_S_qb0of3__DEBTRATIO_qb2of3,C3_ROE_DYN_qmax4,0.27141002481232235,0.27173786754515006,-0.00032784273282771004,-0.6657931241854049,0.5980126467931346,11.35,151.76923076923077
EV_EBITDA_qb0of3__MOM_qb0of3__C13_EPS_DYN_ytdavg_gt_lyytdavg__v0,EV_EBITDA_qb0of3__MOM_qb0of3,C13_EPS_DYN_ytdavg_gt_lyytdavg,0.27138892482040866,0.29605076490243376,-0.0246618400820251,-0.608421435124272,0.5457126076742365,14.66,97.49824561403508
PS_qb0of3__ROE_qb0of3__C10_EPS_DYN_qmax4__v0,PS_qb0of3__ROE_qb0of3,C10_EPS_DYN_qmax4,0.27122346216302295,0.27061932472160555,0.0006041374414174072,-0.6655028844316895,0.5825169555388093,11.27,178.76282051282053
PS_qb0of3__NETDEBT_EBITDA_qb0of3__C3_ROE_DYN_qmax4__v0,PS_qb0of3__NETDEBT_EBITDA_qb0of3,C3_ROE_DYN_qmax4,0.2711966792924878,0.26745436241062004,0.003742316881867769,-0.5177979964904521,0.5892617449664429,11.54,129.44871794871796
EV_S_qb0of3__PB_qb0of3__C7_ROE_DYN_ytdavg_gt_lyavg__v0,EV_S_qb0of3__PB_qb0of3,C7_ROE_DYN_ytdavg_gt_lyavg,0.27094991382403744,0.2805119420302957,-0.009562028206258288,-0.6443409689276498,0.5998942917547568,12.44,119.91333333333333
PS_qb0of3__ROE_qb0of3__C4_ROE_DYN_qmax8__v0,PS_qb0of3__ROE_qb0of3,C4_ROE_DYN_qmax8,0.27093781822521823,0.27061932472160555,0.00031849350361268236,-0.6700042332483584,0.5780465306959106,11.22,174.57371794871796
P_IC_qb0of3__OCF_E_qb2of3__C14_EPS_DYN_ytdavg_gt_lyavg__v0,P_IC_qb0of3__OCF_E_qb2of3,C14_EPS_DYN_ytdavg_gt_lyavg,0.27085773327089857,0.23937264791212765,0.031485085358770926,-0.6028841735159572,0.5798172534264983,13.94,93.43333333333334
P_IC_qb0of3__ROIC_qb2of3__C20_FCF_P_DYN_ytdavg_gt_lyytdavg__v0,P_IC_qb0of3__ROIC_qb2of3,C20_FCF_P_DYN_ytdavg_gt_lyytdavg,0.2707809128315726,0.25081126147997335,0.019969651351599227,-0.654577099286247,0.5570890840652447,15.33,22.38111888111888
PS_qb0of3__ROE_qb0of3__None__v0,PS_qb0of3__ROE_qb0of3,None,0.27061932472160555,0.27061932472160555,0.0,-0.6683851624441639,0.5942584844258484,11.26,184.9551282051282
PB_qb0of3__FCF_OI_qb0of3__C7_ROE_DYN_ytdavg_gt_lyavg__v0,PB_qb0of3__FCF_OI_qb0of3,C7_ROE_DYN_ytdavg_gt_lyavg,0.2706091401790951,0.2731189492547206,-0.00250980907562548,-0.5128621544646024,0.5698909299655568,11.18,86.31666666666666
PS_qb0of3__ROE_qb0of3__C11_EPS_DYN_qmax8__v0,PS_qb0of3__ROE_qb0of3,C11_EPS_DYN_qmax8,0.2705543869593998,0.27061932472160555,-6.493776220573011e-05,-0.6689757104916124,0.5777432712215321,11.24,175.35256410256412
EV_S_qb0of3__DEBTRATIO_qb2of3__C4_ROE_DYN_qmax8__v0,EV_S_qb0of3__DEBTRATIO_qb2of3,C4_ROE_DYN_qmax8,0.2705241875366724,0.27173786754515006,-0.0012136800084776578,-0.670449017475244,0.589990186457311,11.35,149.0897435897436
PS_qb0of3__NETDEBT_EBITDA_qb0of3__C17_FCF_P_DYN_qmax4__v0,PS_qb0of3__NETDEBT_EBITDA_qb0of3,C17_FCF_P_DYN_qmax4,0.2704533737421826,0.26745436241062004,0.002999011331562551,-0.5172540837366686,0.5940884476534296,11.51,129.43910256410257
P_IC_qb0of3__PB_qb0of3__C14_EPS_DYN_ytdavg_gt_lyavg__v0,P_IC_qb0of3__PB_qb0of3,C14_EPS_DYN_ytdavg_gt_lyavg,0.27029141785621813,0.24885786529327159,0.021433552562946545,-0.5668907423551204,0.6110516457051111,14.07,205.13333333333333
PS_qb0of3__ROE_qb0of3__C3_ROE_DYN_qmax4__v0,PS_qb0of3__ROE_qb0of3,C3_ROE_DYN_qmax4,0.27022602816682784,0.27061932472160555,-0.0003932965547777112,-0.6666066786709082,0.5838156484458735,11.27,178.35256410256412
PS_qb0of3__NETDEBT_EBITDA_qb0of3__C10_EPS_DYN_qmax4__v0,PS_qb0of3__NETDEBT_EBITDA_qb0of3,C10_EPS_DYN_qmax4,0.27021324132003266,0.26745436241062004,0.002758878909412621,-0.5187674151897381,0.5919762935947116,11.59,129.74679487179486
P_IC_qb0of3__REV_G_qb0of3__C14_EPS_DYN_ytdavg_gt_lyavg__v0,P_IC_qb0of3__REV_G_qb0of3,C14_EPS_DYN_ytdavg_gt_lyavg,0.27010427324618025,0.22886611826555736,0.04123815498062289,-0.599577064790807,0.5892939547761883,13.13,106.14333333333333
EV_S_qb0of3__DEBTRATIO_qb2of3__C11_EPS_DYN_qmax8__v0,EV_S_qb0of3__DEBTRATIO_qb2of3,C11_EPS_DYN_qmax8,0.26979735872508304,0.27173786754515006,-0.0019405088200670217,-0.6728084280714616,0.5902596095793923,11.35,149.62179487179486
PS_qb0of3__NETDEBT_EBITDA_qb0of3__C11_EPS_DYN_qmax8__v0,PS_qb0of3__NETDEBT_EBITDA_qb0of3,C11_EPS_DYN_qmax8,0.269635016275412,0.26745436241062004,0.002180653864791937,-0.5205830504395179,0.5868622185498864,11.55,127.92307692307692
PB_qb0of3__ROE_qb0of3__C13_EPS_DYN_ytdavg_gt_lyytdavg__v0,PB_qb0of3__ROE_qb0of3,C13_EPS_DYN_ytdavg_gt_lyytdavg,0.2693006812095571,0.25732858527987745,0.011972095929679627,-0.5860529990898908,0.5606103822019395,12.21,101.89122807017544
EV_EBITDA_qb0of3__EV_S_qb0of3__C20_FCF_P_DYN_ytdavg_gt_lyytdavg__v0,EV_EBITDA_qb0of3__EV_S_qb0of3,C20_FCF_P_DYN_ytdavg_gt_lyytdavg,0.2689624918271969,0.29817915134964235,-0.029216659522445454,-0.5974678419734318,0.5797298712176735,12.23,130.5874125874126
EV_S_qb0of3__FCF_P_qb0of3__C4_ROE_DYN_qmax8__v0,EV_S_qb0of3__FCF_P_qb0of3,C4_ROE_DYN_qmax8,0.26878914746265425,0.263255974512552,0.00553317295010225,-0.6214813877584184,0.5703945832360495,10.55,175.51923076923077
PS_qb0of3__NETDEBT_EBITDA_qb0of3__C4_ROE_DYN_qmax8__v0,PS_qb0of3__NETDEBT_EBITDA_qb0of3,C4_ROE_DYN_qmax8,0.26876204435852413,0.26745436241062004,0.0013076819479040935,-0.5210440984148803,0.5838845460012027,11.53,127.34615384615384
PS_qb0of3__CROIC_qb0of3__C11_EPS_DYN_qmax8__v0,PS_qb0of3__CROIC_qb0of3,C11_EPS_DYN_qmax8,0.2687378693354623,0.26105984945528315,0.007678019880179132,-0.6230310404532032,0.5672055427251732,10.79,178.15384615384616
EV_S_qb0of3__FCF_P_qb0of3__C14_EPS_DYN_ytdavg_gt_lyavg__v0,EV_S_qb0of3__FCF_P_qb0of3,C14_EPS_DYN_ytdavg_gt_lyavg,0.26873760454011375,0.263255974512552,0.005481630027561746,-0.6241093864468533,0.5629349285801489,10.95,97.52666666666667
PS_qb0of3__CROIC_qb0of3__C4_ROE_DYN_qmax8__v0,PS_qb0of3__CROIC_qb0of3,C4_ROE_DYN_qmax8,0.26872109566051816,0.26105984945528315,0.007661246205235006,-0.6234847375273735,0.5671092011357532,10.78,177.75
PB_qb0of3__None__C14_EPS_DYN_ytdavg_gt_lyavg__v0,PB_qb0of3__None,C14_EPS_DYN_ytdavg_gt_lyavg,0.2686695517182405,0.24810685252001274,0.02056269919822773,-0.53715196800906,0.6014058106841612,13.42,302.24
PS_qb0of3__NETDEBT_EBITDA_qb0of3__C18_FCF_P_DYN_qmax8__v0,PS_qb0of3__NETDEBT_EBITDA_qb0of3,C18_FCF_P_DYN_qmax8,0.2683414246025839,0.26745436241062004,0.0008870621919638833,-0.5212611502408222,0.5892530022389578,11.46,127.44551282051282
EV_S_qb0of3__FCF_P_qb0of3__C11_EPS_DYN_qmax8__v0,EV_S_qb0of3__FCF_P_qb0of3,C11_EPS_DYN_qmax8,0.26828704565170014,0.263255974512552,0.0050310711391481355,-0.6210989609375199,0.5706258779459966,10.58,175.93589743589743
EV_S_qb0of3__DEBTRATIO_qb2of3__C17_FCF_P_DYN_qmax4__v0,EV_S_qb0of3__DEBTRATIO_qb2of3,C17_FCF_P_DYN_qmax4,0.2682860134555438,0.27173786754515006,-0.0034518540896062433,-0.6709035847613959,0.6020527175180779,11.4,151.8653846153846
PB_qb0of3__DEBTRATIO_qb2of3__None__v0,PB_qb0of3__DEBTRATIO_qb2of3,None,0.2682282602009163,0.2682282602009163,0.0,-0.611663250762474,0.6519189765458422,11.71,200.59294871794873
PS_qb0of3__CROIC_qb0of3__C10_EPS_DYN_qmax4__v0,PS_qb0of3__CROIC_qb0of3,C10_EPS_DYN_qmax4,0.2681975913294403,0.26105984945528315,0.007137741874157166,-0.6248128022003357,0.5695053224796494,10.89,180.76602564102564
PB_qb0of3__DEBTRATIO_qb2of3__C14_EPS_DYN_ytdavg_gt_lyavg__v0,PB_qb0of3__DEBTRATIO_qb2of3,C14_EPS_DYN_ytdavg_gt_lyavg,0.26817621959580173,0.2682282602009163,-5.2040605114545e-05,-0.5873524830567873,0.6077970878346641,12.4,104.81
EV_S_qb0of3__FCF_P_qb0of3__C3_ROE_DYN_qmax4__v0,EV_S_qb0of3__FCF_P_qb0of3,C3_ROE_DYN_qmax4,0.26815350119365466,0.263255974512552,0.00489752668110266,-0.6242401223487609,0.5742001900538486,10.66,178.19551282051282
PS_qb0of3__ACCRUAL_qb0of3__C14_EPS_DYN_ytdavg_gt_lyavg__v0,PS_qb0of3__ACCRUAL_qb0of3,C14_EPS_DYN_ytdavg_gt_lyavg,0.26799713192498875,0.27726842466212576,-0.009271292737137005,-0.5930459621596736,0.5682855115076548,12.38,107.12666666666667
EV_S_qb0of3__FCF_P_qb0of3__C10_EPS_DYN_qmax4__v0,EV_S_qb0of3__FCF_P_qb0of3,C10_EPS_DYN_qmax4,0.2677889498679331,0.263255974512552,0.004532975355381108,-0.6240672409749932,0.5743178934010152,10.69,178.44230769230768
P_IC_qb0of3__PB_qb0of3__C6_ROE_DYN_ytdavg_gt_lyytdavg__v0,P_IC_qb0of3__PB_qb0of3,C6_ROE_DYN_ytdavg_gt_lyytdavg,0.26769126498673956,0.24885786529327159,0.018833399693467978,-0.5835070322164775,0.5987629951309383,14.33,175.24475524475525
PS_qb0of3__CROIC_qb0of3__C18_FCF_P_DYN_qmax8__v0,PS_qb0of3__CROIC_qb0of3,C18_FCF_P_DYN_qmax8,0.2676736017402206,0.26105984945528315,0.006613752284937435,-0.6304616200858697,0.5692141590190484,10.65,173.85897435897436
PB_qb0of3__DEBTRATIO_qb2of3__C4_ROE_DYN_qmax8__v0,PB_qb0of3__DEBTRATIO_qb2of3,C4_ROE_DYN_qmax8,0.267657821240197,0.2682282602009163,-0.0005704389607192883,-0.6139671947738483,0.6109028960817717,11.64,192.15064102564102
PS_qb0of3__CROIC_qb0of3__C3_ROE_DYN_qmax4__v0,PS_qb0of3__CROIC_qb0of3,C3_ROE_DYN_qmax4,0.26761832857677104,0.26105984945528315,0.006558479121487881,-0.6253701240866776,0.5694422746445867,10.89,180.55128205128204
PB_qb0of3__NETDEBT_EBITDA_qb0of3__None__v0,PB_qb0of3__NETDEBT_EBITDA_qb0of3,None,0.26745873747440063,0.26745873747440063,0.0,-0.5723732311279466,0.6103730199284619,11.29,147.55769230769232
PS_qb0of3__NETDEBT_EBITDA_qb0of3__None__v0,PS_qb0of3__NETDEBT_EBITDA_qb0of3,None,0.26745436241062004,0.26745436241062004,0.0,-0.5137129178683187,0.6030216202135973,11.66,136.59294871794873
REVENUE_qb0of3__P_IC_qb1of3__C4_ROE_DYN_qmax8__v0,REVENUE_qb0of3__P_IC_qb1of3,C4_ROE_DYN_qmax8,0.2674320046758041,0.2632856463559605,0.004146358319843557,-0.4742447321064278,0.5550487248600456,11.62,134.75
PB_qb0of3__DEBTRATIO_qb2of3__C18_FCF_P_DYN_qmax8__v0,PB_qb0of3__DEBTRATIO_qb2of3,C18_FCF_P_DYN_qmax8,0.26741509758718385,0.2682282602009163,-0.0008131626137324321,-0.6158102917672826,0.6184850590687978,11.57,192.30128205128204
EV_S_qb0of3__DEBTRATIO_qb2of3__C18_FCF_P_DYN_qmax8__v0,EV_S_qb0of3__DEBTRATIO_qb2of3,C18_FCF_P_DYN_qmax8,0.2673390380342062,0.27173786754515006,-0.004398829510943836,-0.668321660945586,0.5951895637994292,11.37,149.39423076923077
PS_qb0of3__CROIC_qb0of3__C17_FCF_P_DYN_qmax4__v0,PS_qb0of3__CROIC_qb0of3,C17_FCF_P_DYN_qmax4,0.26726994198861487,0.26105984945528315,0.0062100925333317125,-0.6309395811715601,0.5718541748333986,10.78,177.8653846153846
PB_qb0of3__CROIC_qb0of3__C7_ROE_DYN_ytdavg_gt_lyavg__v0,PB_qb0of3__CROIC_qb0of3,C7_ROE_DYN_ytdavg_gt_lyavg,0.2670790925004942,0.28898821065116076,-0.02190911815066654,-0.5210734308338996,0.5671933995245421,11.04,87.41333333333333
PS_qb0of3__FCF_P_qb0of3__C18_FCF_P_DYN_qmax8__v0,PS_qb0of3__FCF_P_qb0of3,C18_FCF_P_DYN_qmax8,0.2670758243436422,0.25940619605950865,0.007669628284133534,-0.6300931122522568,0.5679522497704316,10.58,177.54807692307693
PB_qb0of3__DEBTRATIO_qb2of3__C3_ROE_DYN_qmax4__v0,PB_qb0of3__DEBTRATIO_qb2of3,C3_ROE_DYN_qmax4,0.26707123671485955,0.2682282602009163,-0.0011570234860567297,-0.6096862031694071,0.6253476360746921,11.69,195.4102564102564
REVENUE_qb0of3__P_IC_qb1of3__C3_ROE_DYN_qmax4__v0,REVENUE_qb0of3__P_IC_qb1of3,C3_ROE_DYN_qmax4,0.26696714575683855,0.2632856463559605,0.00368149940087803,-0.47223594592875906,0.5564695420186749,11.73,136.20192307692307
PB_qb0of3__DEBTRATIO_qb2of3__C10_EPS_DYN_qmax4__v0,PB_qb0of3__DEBTRATIO_qb2of3,C10_EPS_DYN_qmax4,0.26664371327738356,0.2682282602009163,-0.0015845469235327148,-0.6120052019844295,0.620633631194151,11.73,195.77564102564102
EV_S_qb0of3__PB_qb0of3__C13_EPS_DYN_ytdavg_gt_lyytdavg__v0,EV_S_qb0of3__PB_qb0of3,C13_EPS_DYN_ytdavg_gt_lyytdavg,0.26662132624907,0.2805119420302957,-0.013890615781225746,-0.609560723733213,0.5873252008330854,12.25,130.0701754385965
P_IC_qb0of3__ROE_qb0of3__C4_ROE_DYN_qmax8__v0,P_IC_qb0of3__ROE_qb0of3,C4_ROE_DYN_qmax8,0.26655277991655724,0.26266155459050733,0.0038912253260499075,-0.6953145526414021,0.582212811011117,10.4,173.2596153846154
PB_qb0of3__NETDEBT_EBITDA_qb0of3__C14_EPS_DYN_ytdavg_gt_lyavg__v0,PB_qb0of3__NETDEBT_EBITDA_qb0of3,C14_EPS_DYN_ytdavg_gt_lyavg,0.2665031136767291,0.26745873747440063,-0.0009556237976715565,-0.5650548161010425,0.580226456779895,12.62,77.96666666666667
REVENUE_qb0of3__P_IC_qb1of3__C11_EPS_DYN_qmax8__v0,REVENUE_qb0of3__P_IC_qb1of3,C11_EPS_DYN_qmax8,0.26642048230255977,0.2632856463559605,0.003134835946599246,-0.47312369795156495,0.5563039360134708,11.69,135.06089743589743
PB_qb0of3__NETDEBT_EBITDA_qb0of3__C4_ROE_DYN_qmax8__v0,PB_qb0of3__NETDEBT_EBITDA_qb0of3,C4_ROE_DYN_qmax8,0.26633866564099185,0.26745873747440063,-0.0011200718334087867,-0.5860855308158598,0.5956421537816886,11.71,136.05448717948718
EV_S_qb0of3__OCF_E_qb0of3__C4_ROE_DYN_qmax8__v0,EV_S_qb0of3__OCF_E_qb0of3,C4_ROE_DYN_qmax8,0.2663199351099079,0.2580871066389079,0.008232828471000042,-0.6127514252468307,0.5707627776914712,11.04,175.76923076923077
EV_S_qb0of3__ROIC_qb0of3__C6_ROE_DYN_ytdavg_gt_lyytdavg__v0,EV_S_qb0of3__ROIC_qb0of3,C6_ROE_DYN_ytdavg_gt_lyytdavg,0.2662796596056134,0.30195387520188577,-0.035674215596272374,-0.6872064681708903,0.547233631311911,11.76,52.49650349650349
PB_qb0of3__REV_G_qb0of3__C7_ROE_DYN_ytdavg_gt_lyavg__v0,PB_qb0of3__REV_G_qb0of3,C7_ROE_DYN_ytdavg_gt_lyavg,0.2662325664323937,0.25815283895445806,0.008079727477935617,-0.6120977452520234,0.5819981149858624,14.0,96.41666666666667
EV_S_qb0of3__CROIC_qb0of3__None__v0,EV_S_qb0of3__CROIC_qb0of3,None,0.26619282682343415,0.26619282682343415,0.0,-0.62434552230306,0.5772964300040112,10.96,184.36858974358975
PB_qb0of3__NETDEBT_EBITDA_qb0of3__C11_EPS_DYN_qmax8__v0,PB_qb0of3__NETDEBT_EBITDA_qb0of3,C11_EPS_DYN_qmax8,0.2661852477165998,0.26745873747440063,-0.0012734897578008386,-0.5851717502160061,0.5950907150480256,11.75,136.43910256410257
PS_qb0of3__FCF_P_qb0of3__C17_FCF_P_DYN_qmax4__v0,PS_qb0of3__FCF_P_qb0of3,C17_FCF_P_DYN_qmax4,0.26613784391044826,0.25940619605950865,0.006731647850939604,-0.6306739248908622,0.570772702513423,10.73,181.60897435897436
PB_qb0of3__FCF_OI_qb0of3__C6_ROE_DYN_ytdavg_gt_lyytdavg__v0,PB_qb0of3__FCF_OI_qb0of3,C6_ROE_DYN_ytdavg_gt_lyytdavg,0.2659735585234799,0.2731189492547206,-0.007145390731240653,-0.5589143468392304,0.5687482096820395,11.63,83.33916083916084
PB_qb0of3__NETDEBT_EBITDA_qb0of3__C3_ROE_DYN_qmax4__v0,PB_qb0of3__NETDEBT_EBITDA_qb0of3,C3_ROE_DYN_qmax4,0.26592544279224195,0.26745873747440063,-0.0015332946821586813,-0.5831519231820246,0.6017198461190315,11.82,137.60256410256412
P_IC_qb0of3__ROE_qb0of3__C11_EPS_DYN_qmax8__v0,P_IC_qb0of3__ROE_qb0of3,C11_EPS_DYN_qmax8,0.26591304402836013,0.26266155459050733,0.003251489437852806,-0.6946598298346187,0.5807519760734886,10.42,173.90384615384616
PS_qb0of3__ACCRUAL_qb0of3__C7_ROE_DYN_ytdavg_gt_lyavg__v0,PS_qb0of3__ACCRUAL_qb0of3,C7_ROE_DYN_ytdavg_gt_lyavg,0.2658880680798159,0.27726842466212576,-0.011380356582309847,-0.6429414373474025,0.5636261891438165,11.98,94.19666666666667
VOL_qb2of3__EV_S_qb0of3__C6_ROE_DYN_ytdavg_gt_lyytdavg__v0,VOL_qb2of3__EV_S_qb0of3,C6_ROE_DYN_ytdavg_gt_lyytdavg,0.2655845863234172,0.3266250795207739,-0.061040493197356716,-0.6205535716588614,0.5497916367294151,12.3,100.12587412587412
PB_qb0of3__DEBTRATIO_qb2of3__C11_EPS_DYN_qmax8__v0,PB_qb0of3__DEBTRATIO_qb2of3,C11_EPS_DYN_qmax8,0.2655408654335232,0.2682282602009163,-0.002687394767393103,-0.6176417617953898,0.6103253182461104,11.65,192.85256410256412
PS_qb0of3__MOM_qb0of3__C20_FCF_P_DYN_ytdavg_gt_lyytdavg__v0,PS_qb0of3__MOM_qb0of3,C20_FCF_P_DYN_ytdavg_gt_lyytdavg,0.2655407697320824,0.2860412958056393,-0.0205005260735569,-0.6538065764931916,0.5797611431008743,14.45,86.07692307692308
PS_qb0of3__CROIC_qb0of3__C14_EPS_DYN_ytdavg_gt_lyavg__v0,PS_qb0of3__CROIC_qb0of3,C14_EPS_DYN_ytdavg_gt_lyavg,0.2654133191192505,0.26105984945528315,0.004353469663967324,-0.6250469151923668,0.5614334470989761,11.32,97.19
PB_qb0of3__DEBTRATIO_qb2of3__C17_FCF_P_DYN_qmax4__v0,PB_qb0of3__DEBTRATIO_qb2of3,C17_FCF_P_DYN_qmax4,0.26528655318400696,0.2682282602009163,-0.002941707016909323,-0.6191792341337525,0.6286231884057971,11.69,195.34935897435898
EV_S_qb0of3__OCF_E_qb0of3__C18_FCF_P_DYN_qmax8__v0,EV_S_qb0of3__OCF_E_qb0of3,C18_FCF_P_DYN_qmax8,0.2652835254874859,0.2580871066389079,0.007196418848578023,-0.6152314678555888,0.5712387651426338,11.02,172.59615384615384
REVENUE_qb0of3__P_IC_qb1of3__C10_EPS_DYN_qmax4__v0,REVENUE_qb0of3__P_IC_qb1of3,C10_EPS_DYN_qmax4,0.2652527150842845,0.2632856463559605,0.001967068728323973,-0.4719680049304046,0.5570980743394537,11.8,136.375
VOL_qb2of3__MOM_qb0of3__C7_ROE_DYN_ytdavg_gt_lyavg__v0,VOL_qb2of3__MOM_qb0of3,C7_ROE_DYN_ytdavg_gt_lyavg,0.26523053102225536,0.28173978742876127,-0.016509256406505912,-0.6508359013415067,0.5346603287779759,13.23,102.24
PS_qb0of3__REV_G_qb0of3__C6_ROE_DYN_ytdavg_gt_lyytdavg__v0,PS_qb0of3__REV_G_qb0of3,C6_ROE_DYN_ytdavg_gt_lyytdavg,0.26511711790600123,0.24614762604995466,0.018969491856046572,-0.6310152761470051,0.5564488539172083,14.13,80.44055944055944
EV_S_qb0of3__OCF_E_qb0of3__C3_ROE_DYN_qmax4__v0,EV_S_qb0of3__OCF_E_qb0of3,C3_ROE_DYN_qmax4,0.265104798743818,0.2580871066389079,0.0070176921049101,-0.61190536120311,0.572320088474603,11.17,178.37179487179486
PB_qb0of3__NETDEBT_EBITDA_qb0of3__C10_EPS_DYN_qmax4__v0,PB_qb0of3__NETDEBT_EBITDA_qb0of3,C10_EPS_DYN_qmax4,0.265046823367461,0.26745873747440063,-0.002411914106939639,-0.5844283766303131,0.6021554689291447,11.85,137.87820512820514
PB_qb0of3__NETDEBT_EBITDA_qb0of3__C7_ROE_DYN_ytdavg_gt_lyavg__v0,PB_qb0of3__NETDEBT_EBITDA_qb0of3,C7_ROE_DYN_ytdavg_gt_lyavg,0.2649970966308679,0.26745873747440063,-0.002461640843532731,-0.522488582702531,0.5857740585774058,13.11,68.58
P_IC_qb0of3__ROE_qb0of3__C10_EPS_DYN_qmax4__v0,P_IC_qb0of3__ROE_qb0of3,C10_EPS_DYN_qmax4,0.2649669972574924,0.26266155459050733,0.002305442666985069,-0.6908341565736096,0.5848595848595849,10.56,177.00641025641025
PS_qb0of3__ROIC_qb0of3__C6_ROE_DYN_ytdavg_gt_lyytdavg__v0,PS_qb0of3__ROIC_qb0of3,C6_ROE_DYN_ytdavg_gt_lyytdavg,0.26496535502937935,0.30278400491820756,-0.037818649888828215,-0.7213130370628715,0.5464431354780245,11.4,56.95804195804196
REVENUE_qb0of3__MOM_qb0of3__C3_ROE_DYN_qmax4__v0,REVENUE_qb0of3__MOM_qb0of3,C3_ROE_DYN_qmax4,0.26481778577591575,0.262388694998801,0.0024290907771147285,-0.546141682781591,0.5568842921784098,12.25,206.32371794871796
P_IC_qb0of3__ROIC_qb2of3__C10_EPS_DYN_qmax4__v0,P_IC_qb0of3__ROIC_qb2of3,C10_EPS_DYN_qmax4,0.2647516580486797,0.25081126147997335,0.013940396568706381,-0.5929985257073783,0.5612921038100497,13.77,43.2724358974359
EV_S_qb0of3__OCF_E_qb0of3__C11_EPS_DYN_qmax8__v0,EV_S_qb0of3__OCF_E_qb0of3,C11_EPS_DYN_qmax8,0.26467786290177275,0.2580871066389079,0.006590756262864872,-0.6125622675754101,0.5704236360794123,11.08,176.38782051282053
EV_S_qb0of3__OCF_E_qb0of3__C10_EPS_DYN_qmax4__v0,EV_S_qb0of3__OCF_E_qb0of3,C10_EPS_DYN_qmax4,0.2646469216810692,0.2580871066389079,0.006559815042161299,-0.6108409380989943,0.5721085197524988,11.21,178.7596153846154
REVENUE_qb0of3__MOM_qb0of3__C4_ROE_DYN_qmax8__v0,REVENUE_qb0of3__MOM_qb0of3,C4_ROE_DYN_qmax8,0.2645223704571762,0.262388694998801,0.0021336754583751727,-0.5524440029941076,0.555683637528018,12.18,204.18589743589743
EV_S_qb0of3__ACCRUAL_qb0of3__C4_ROE_DYN_qmax8__v0,EV_S_qb0of3__ACCRUAL_qb0of3,C4_ROE_DYN_qmax8,0.26449435103051866,0.2618628878173679,0.0026314632131507754,-0.5958364533584433,0.558986087287974,12.17,197.92948717948718
EV_S_qb0of3__OCF_E_qb0of3__C17_FCF_P_DYN_qmax4__v0,EV_S_qb0of3__OCF_E_qb0of3,C17_FCF_P_DYN_qmax4,0.2644843244319597,0.2580871066389079,0.0063972177930518015,-0.615706335547094,0.5732297200856395,11.14,176.11858974358975
PS_qb0of3__FCF_P_qb0of3__C4_ROE_DYN_qmax8__v0,PS_qb0of3__FCF_P_qb0of3,C4_ROE_DYN_qmax8,0.26437372509647195,0.25940619605950865,0.004967529036963292,-0.6277375881339309,0.566321085531331,10.75,181.18589743589743
PS_qb0of3__OCF_E_qb0of3__C18_FCF_P_DYN_qmax8__v0,PS_qb0of3__OCF_E_qb0of3,C18_FCF_P_DYN_qmax8,0.2643229220373853,0.25819623576113093,0.006126686276254345,-0.6186099595969609,0.5668856135853892,11.46,171.35576923076923
REVENUE_qb0of3__MOM_qb0of3__C10_EPS_DYN_qmax4__v0,REVENUE_qb0of3__MOM_qb0of3,C10_EPS_DYN_qmax4,0.264309680547536,0.262388694998801,0.001920985548734988,-0.5497051731769054,0.5580686973428386,12.33,206.64423076923077
PS_qb0of3__OCF_E_qb0of3__C4_ROE_DYN_qmax8__v0,PS_qb0of3__OCF_E_qb0of3,C4_ROE_DYN_qmax8,0.2642948310815538,0.25819623576113093,0.006098595320422895,-0.6164726721797953,0.5673849089608015,11.5,174.44551282051282
PS_qb0of3__OCF_E_qb0of3__C10_EPS_DYN_qmax4__v0,PS_qb0of3__OCF_E_qb0of3,C10_EPS_DYN_qmax4,0.26422421963207365,0.25819623576113093,0.006027983870942721,-0.6133912732983569,0.5670925217674343,11.61,177.48397435897436
PS_qb0of3__DEBTRATIO_qb0of3__C11_EPS_DYN_qmax8__v0,PS_qb0of3__DEBTRATIO_qb0of3,C11_EPS_DYN_qmax8,0.2641939280368908,0.2593996362704869,0.004794291766403891,-0.5211777993216155,0.6017632241813602,11.93,120.10897435897436
REVENUE_qb0of3__MOM_qb0of3__C11_EPS_DYN_qmax8__v0,REVENUE_qb0of3__MOM_qb0of3,C11_EPS_DYN_qmax8,0.26419019548306144,0.262388694998801,0.001801500484260421,-0.5545175402338545,0.5568269478014913,12.27,204.72756410256412
P_IC_qb0of3__ROE_qb0of3__C18_FCF_P_DYN_qmax8__v0,P_IC_qb0of3__ROE_qb0of3,C18_FCF_P_DYN_qmax8,0.26410835424485346,0.26266155459050733,0.0014467996543461314,-0.692314141002984,0.5823353293413174,10.59,175.94230769230768
P_IC_qb0of3__ROE_qb0of3__C3_ROE_DYN_qmax4__v0,P_IC_qb0of3__ROE_qb0of3,C3_ROE_DYN_qmax4,0.2640872164019774,0.26266155459050733,0.0014256618114700803,-0.6914971967351549,0.5862411660777385,10.57,176.63141025641025
PS_qb0of3__DEBTRATIO_qb2of3__C14_EPS_DYN_ytdavg_gt_lyavg__v0,PS_qb0of3__DEBTRATIO_qb2of3,C14_EPS_DYN_ytdavg_gt_lyavg,0.2640560112077772,0.26216964041035196,0.001886370797425263,-0.6471630338492159,0.6030097498940229,11.81,118.81
EV_S_qb0of3__ACCRUAL_qb0of3__C11_EPS_DYN_qmax8__v0,EV_S_qb0of3__ACCRUAL_qb0of3,C11_EPS_DYN_qmax8,0.26403636545464737,0.2618628878173679,0.002173477637279486,-0.5973794740862811,0.5597271800101988,12.21,198.60897435897436
PS_qb0of3__OCF_E_qb0of3__C11_EPS_DYN_qmax8__v0,PS_qb0of3__OCF_E_qb0of3,C11_EPS_DYN_qmax8,0.26395852095732275,0.25819623576113093,0.005762285196191819,-0.6162825133590759,0.5659591509811774,11.5,175.08333333333334
P_IC_qb0of3__ROIC_qb2of3__C3_ROE_DYN_qmax4__v0,P_IC_qb0of3__ROIC_qb2of3,C3_ROE_DYN_qmax4,0.2639059990652546,0.25081126147997335,0.013094737585281235,-0.5948922270851841,0.5610760362338731,13.77,43.11538461538461
PB_qb0of3__NETDEBT_EBITDA_qb0of3__C18_FCF_P_DYN_qmax8__v0,PB_qb0of3__NETDEBT_EBITDA_qb0of3,C18_FCF_P_DYN_qmax8,0.263876102719536,0.26745873747440063,-0.0035826347548646442,-0.5831981338853687,0.5981248668229278,11.88,136.25320512820514
PS_qb0of3__FCF_P_qb0of3__C11_EPS_DYN_qmax8__v0,PS_qb0of3__FCF_P_qb0of3,C11_EPS_DYN_qmax8,0.26382722914982626,0.25940619605950865,0.004421033090317605,-0.6272281998072742,0.5666972617408598,10.76,181.57692307692307
REVENUE_qb0of3__P_IC_qb1of3__C13_EPS_DYN_ytdavg_gt_lyytdavg__v0,REVENUE_qb0of3__P_IC_qb1of3,C13_EPS_DYN_ytdavg_gt_lyytdavg,0.26379587701404206,0.2632856463559605,0.0005102306580815341,-0.42616308355626864,0.5503033367037411,12.15,72.13684210526316
P_IC_qb0of3__ROE_qb0of3__C17_FCF_P_DYN_qmax4__v0,P_IC_qb0of3__ROE_qb0of3,C17_FCF_P_DYN_qmax4,0.2637164923324544,0.26266155459050733,0.0010549377419470929,-0.690959179527877,0.5864753642531421,10.68,178.38141025641025
P_IC_qb0of3__ROIC_qb0of3__C11_EPS_DYN_qmax8__v0,P_IC_qb0of3__ROIC_qb0of3,C11_EPS_DYN_qmax8,0.2637045144634875,0.25547946647063147,0.00822504799285606,-0.6545102673358786,0.5888744890838401,9.71,230.32051282051282
PS_qb0of3__OCF_E_qb2of3__C7_ROE_DYN_ytdavg_gt_lyavg__v0,PS_qb0of3__OCF_E_qb2of3,C7_ROE_DYN_ytdavg_gt_lyavg,0.2636918211305814,0.25989508506420633,0.003796736066375095,-0.5858742267291368,0.5697586318865678,13.68,116.26666666666667
PB_qb0of3__CROIC_qb0of3__C6_ROE_DYN_ytdavg_gt_lyytdavg__v0,PB_qb0of3__CROIC_qb0of3,C6_ROE_DYN_ytdavg_gt_lyytdavg,0.2635788656389062,0.28898821065116076,-0.02540934501225456,-0.5521432630545643,0.5652113265448458,11.49,84.32867132867133
PS_qb0of3__FCF_P_qb0of3__C3_ROE_DYN_qmax4__v0,PS_qb0of3__FCF_P_qb0of3,C3_ROE_DYN_qmax4,0.26346976715284165,0.25940619605950865,0.004063571093332996,-0.6296741039762845,0.5694767893184288,10.84,184.00320512820514
EV_S_qb0of3__ACCRUAL_qb0of3__C3_ROE_DYN_qmax4__v0,EV_S_qb0of3__ACCRUAL_qb0of3,C3_ROE_DYN_qmax4,0.2633132005349279,0.2618628878173679,0.0014503127175600206,-0.5930752773920593,0.5635143061982663,12.24,202.27243589743588
VOL_qb2of3__P_IC_qb1of3__C14_EPS_DYN_ytdavg_gt_lyavg__v0,VOL_qb2of3__P_IC_qb1of3,C14_EPS_DYN_ytdavg_gt_lyavg,0.26330219102588037,0.2519290447384108,0.011373146287469549,-0.5494727380904001,0.53921007441328,11.25,93.74
P_IC_qb0of3__ROIC_qb2of3__C17_FCF_P_DYN_qmax4__v0,P_IC_qb0of3__ROIC_qb2of3,C17_FCF_P_DYN_qmax4,0.2632994031607736,0.25081126147997335,0.012488141680800258,-0.5945822010290189,0.5589132242861103,13.76,42.52884615384615
PS_qb0of3__FCF_P_qb0of3__C10_EPS_DYN_qmax4__v0,PS_qb0of3__FCF_P_qb0of3,C10_EPS_DYN_qmax4,0.26329164639351554,0.25940619605950865,0.00388545033400689,-0.6290996203584194,0.5695503345262175,10.85,184.20833333333334
REVENUE_qb0of3__P_IC_qb1of3__None__v0,REVENUE_qb0of3__P_IC_qb1of3,None,0.2632856463559605,0.2632856463559605,0.0,-0.47740439455023487,0.5634053367217281,11.91,138.96794871794873
PS_qb0of3__OCF_E_qb0of3__C17_FCF_P_DYN_qmax4__v0,PS_qb0of3__OCF_E_qb0of3,C17_FCF_P_DYN_qmax4,0.26327078414085214,0.25819623576113093,0.005074548379721211,-0.6181425902001982,0.5685444480625204,11.57,174.8846153846154
EV_S_qb0of3__FCF_P_qb0of3__None__v0,EV_S_qb0of3__FCF_P_qb0of3,None,0.263255974512552,0.263255974512552,0.0,-0.626852108104311,0.5785387381497221,10.85,182.60576923076923
PS_qb0of3__DEBTRATIO_qb0of3__C10_EPS_DYN_qmax4__v0,PS_qb0of3__DEBTRATIO_qb0of3,C10_EPS_DYN_qmax4,0.2632228193861248,0.2593996362704869,0.003823183115637896,-0.5176394723587223,0.6084522809963616,12.02,121.6698717948718
PB_qb0of3__NETDEBT_EBITDA_qb0of3__C17_FCF_P_DYN_qmax4__v0,PB_qb0of3__NETDEBT_EBITDA_qb0of3,C17_FCF_P_DYN_qmax4,0.2631062078866917,0.26745873747440063,-0.004352529587708931,-0.5826979673913647,0.6023378409351364,11.93,137.7403846153846
PS_qb0of3__ROIC_qb0of3__C20_FCF_P_DYN_ytdavg_gt_lyytdavg__v0,PS_qb0of3__ROIC_qb0of3,C20_FCF_P_DYN_ytdavg_gt_lyytdavg,0.26308428563819963,0.30278400491820756,-0.03969971928000793,-0.718769391528195,0.5647359454855196,11.84,77.34265734265735
PB_qb0of3__REV_G_qb0of3__C11_EPS_DYN_qmax8__v0,PB_qb0of3__REV_G_qb0of3,C11_EPS_DYN_qmax8,0.26305754613584087,0.25815283895445806,0.004904707181382806,-0.6790217437487314,0.5850486526946108,12.39,218.7596153846154
PS_qb0of3__FCF_P_qb0of3__C14_EPS_DYN_ytdavg_gt_lyavg__v0,PS_qb0of3__FCF_P_qb0of3,C14_EPS_DYN_ytdavg_gt_lyavg,0.26302732069044565,0.25940619605950865,0.0036211246309370004,-0.6280368312638387,0.559645286686103,11.35,98.82333333333334
P_IC_qb0of3__ROIC_qb2of3__C11_EPS_DYN_qmax8__v0,P_IC_qb0of3__ROIC_qb2of3,C11_EPS_DYN_qmax8,0.2629571078213706,0.25081126147997335,0.01214584634139726,-0.5931013524814992,0.5618892508143323,13.77,42.958333333333336
P_IC_qb0of3__ROIC_qb2of3__C4_ROE_DYN_qmax8__v0,P_IC_qb0of3__ROIC_qb2of3,C4_ROE_DYN_qmax8,0.2629497833229839,0.25081126147997335,0.012138521843010563,-0.5899395510979344,0.5623149394347241,13.73,42.666666666666664
EV_S_qb0of3__ACCRUAL_qb0of3__C10_EPS_DYN_qmax4__v0,EV_S_qb0of3__ACCRUAL_qb0of3,C10_EPS_DYN_qmax4,0.2629255865040474,0.2618628878173679,0.0010626986866795196,-0.5936481253934967,0.5632138894328046,12.27,202.63782051282053
PB_qb0of3__REV_G_qb0of3__C4_ROE_DYN_qmax8__v0,PB_qb0of3__REV_G_qb0of3,C4_ROE_DYN_qmax8,0.26288774702537276,0.25815283895445806,0.004734908070914701,-0.679004279024485,0.5865135235272323,12.39,218.32692307692307
PB_qb0of3__REV_G_qb0of3__C18_FCF_P_DYN_qmax8__v0,PB_qb0of3__REV_G_qb0of3,C18_FCF_P_DYN_qmax8,0.26288033874150174,0.25815283895445806,0.004727499787043676,-0.6713059848802266,0.5874322049747522,12.42,219.08333333333334
P_IC_qb0of3__ROE_qb0of3__None__v0,P_IC_qb0of3__ROE_qb0of3,None,0.26266155459050733,0.26266155459050733,0.0,-0.6907241804006803,0.5982485604606526,10.66,182.96794871794873
PS_qb0of3__FCF_P_qb2of3__C14_EPS_DYN_ytdavg_gt_lyavg__v0,PS_qb0of3__FCF_P_qb2of3,C14_EPS_DYN_ytdavg_gt_lyavg,0.2625982938287088,0.2549527360051831,0.007645557823525717,-0.5757379435246346,0.5762325947981435,14.08,152.00666666666666
REVENUE_qb0of3__MOM_qb0of3__None__v0,REVENUE_qb0of3__MOM_qb0of3,None,0.262388694998801,0.262388694998801,0.0,-0.5521275911485682,0.5608598180139787,12.42,210.80769230769232
P_IC_qb0of3__ROIC_qb0of3__C18_FCF_P_DYN_qmax8__v0,P_IC_qb0of3__ROIC_qb0of3,C18_FCF_P_DYN_qmax8,0.2623024553966107,0.25547946647063147,0.006822988925979212,-0.6497538577896336,0.5908774719268608,9.87,232.19871794871796
PB_qb0of3__None__C5_ROE_DYN_yoy__v0,PB_qb0of3__None,C5_ROE_DYN_yoy,0.26222396397040026,0.24810685252001274,0.01411711145038752,-0.567687750695324,0.5611921369689283,15.8,16.447916666666668
PS_qb0of3__OCF_E_qb0of3__C3_ROE_DYN_qmax4__v0,PS_qb0of3__OCF_E_qb0of3,C3_ROE_DYN_qmax4,0.2622165294195513,0.25819623576113093,0.004020293658420382,-0.6151165093155164,0.5680252815817195,11.61,177.1346153846154
PS_qb0of3__DEBTRATIO_qb2of3__None__v0,PS_qb0of3__DEBTRATIO_qb2of3,None,0.26216964041035196,0.26216964041035196,0.0,-0.6639243438300312,0.6559938524590164,11.72,221.91666666666666
P_IC_qb0of3__ROIC_qb0of3__C4_ROE_DYN_qmax8__v0,P_IC_qb0of3__ROIC_qb0of3,C4_ROE_DYN_qmax8,0.2621612412523324,0.25547946647063147,0.006681774781700955,-0.6529185506486321,0.5897008337420304,9.77,229.82051282051282
EV_EBITDA_qb0of3__EV_S_qb0of3__C19_FCF_P_DYN_yoy__v0,EV_EBITDA_qb0of3__EV_S_qb0of3,C19_FCF_P_DYN_yoy,0.26214652201528943,0.29817915134964235,-0.03603262933435292,-0.5503836688913109,0.5658652218083305,15.15,10.054421768707483
EV_EBITDA_qb0of3__EV_S_qb0of3__C13_EPS_DYN_ytdavg_gt_lyytdavg__v0,EV_EBITDA_qb0of3__EV_S_qb0of3,C13_EPS_DYN_ytdavg_gt_lyytdavg,0.262051599986437,0.29817915134964235,-0.036127551363205335,-0.5891222251380045,0.5737493808816245,12.33,152.99649122807017
VOL_qb2of3__MOM_qb0of3__C13_EPS_DYN_ytdavg_gt_lyytdavg__v0,VOL_qb2of3__MOM_qb0of3,C13_EPS_DYN_ytdavg_gt_lyytdavg,0.262037747658737,0.28173978742876127,-0.01970203977002427,-0.6015533930816966,0.5359327217125383,13.55,116.57192982456141
EV_S_qb0of3__ACCRUAL_qb0of3__None__v0,EV_S_qb0of3__ACCRUAL_qb0of3,None,0.2618628878173679,0.2618628878173679,0.0,-0.587883983870366,0.5674742781281115,12.32,214.4198717948718
MOM_qb0of3__REV_G_qb0of3__C14_EPS_DYN_ytdavg_gt_lyavg__v0,MOM_qb0of3__REV_G_qb0of3,C14_EPS_DYN_ytdavg_gt_lyavg,0.2618524517466163,0.22978574595667678,0.03206670578993953,-0.5761714946957763,0.5580651609034579,14.68,91.10666666666667
PS_qb0of3__DEBTRATIO_qb2of3__C10_EPS_DYN_qmax4__v0,PS_qb0of3__DEBTRATIO_qb2of3,C10_EPS_DYN_qmax4,0.261782027504569,0.26216964041035196,-0.0003876129057829303,-0.665322144178271,0.6184258918720118,11.77,215.91666666666666
PS_qb0of3__EV_S_qb1of3__C14_EPS_DYN_ytdavg_gt_lyavg__v0,PS_qb0of3__EV_S_qb1of3,C14_EPS_DYN_ytdavg_gt_lyavg,0.2615868788685578,0.2505483171784746,0.011038561690083215,-0.6359281962197199,0.5897435897435898,15.92,37.806666666666665
PB_qb0of3__REV_G_qb0of3__C10_EPS_DYN_qmax4__v0,PB_qb0of3__REV_G_qb0of3,C10_EPS_DYN_qmax4,0.261572583352655,0.25815283895445806,0.0034197443981969222,-0.6761819604589503,0.5919897405544047,12.52,221.95192307692307
EV_S_qb0of3__FCF_OI_qb0of3__C14_EPS_DYN_ytdavg_gt_lyavg__v0,EV_S_qb0of3__FCF_OI_qb0of3,C14_EPS_DYN_ytdavg_gt_lyavg,0.2612989925992444,0.25237182772000777,0.008927164879236615,-0.6103547605414621,0.5663566243194192,11.18,102.47
PB_qb0of3__REV_G_qb0of3__C17_FCF_P_DYN_qmax4__v0,PB_qb0of3__REV_G_qb0of3,C17_FCF_P_DYN_qmax4,0.26111157926265416,0.25815283895445806,0.002958740308196095,-0.6743399393948599,0.593996062992126,12.53,222.15064102564102
P_IC_qb0of3__ROIC_qb0of3__C10_EPS_DYN_qmax4__v0,P_IC_qb0of3__ROIC_qb0of3,C10_EPS_DYN_qmax4,0.26109296084459,0.25547946647063147,0.0056134943739585275,-0.6501543011977314,0.5948168193172356,9.89,233.76923076923077
PS_qb0of3__CROIC_qb0of3__None__v0,PS_qb0of3__CROIC_qb0of3,None,0.26105984945528315,0.26105984945528315,0.0,-0.6277232159815556,0.5725984251968504,11.08,190.36217948717947
PS_qb0of3__DEBTRATIO_qb0of3__C17_FCF_P_DYN_qmax4__v0,PS_qb0of3__DEBTRATIO_qb0of3,C17_FCF_P_DYN_qmax4,0.2609994497834882,0.2593996362704869,0.0015998135130013136,-0.5159973523045545,0.6169680111265646,12.01,121.61538461538461
PB_qb0of3__REV_G_qb0of3__C3_ROE_DYN_qmax4__v0,PB_qb0of3__REV_G_qb0of3,C3_ROE_DYN_qmax4,0.2609845593146445,0.25815283895445806,0.0028317203601864183,-0.6764647274664594,0.5928501469147894,12.53,221.71153846153845
PS_qb0of3__REV_G_qb0of3__C13_EPS_DYN_ytdavg_gt_lyytdavg__v0,PS_qb0of3__REV_G_qb0of3,C13_EPS_DYN_ytdavg_gt_lyytdavg,0.26097282739504224,0.24614762604995466,0.01482520134508758,-0.6087132374648574,0.5616293155663235,15.15,90.7578947368421
PS_qb0of3__OCF_E_qb2of3__C11_EPS_DYN_qmax8__v0,PS_qb0of3__OCF_E_qb2of3,C11_EPS_DYN_qmax8,0.2609516468309947,0.25989508506420633,0.0010565617667883664,-0.5793464698952928,0.5725630335517173,13.1,213.94230769230768
PS_qb0of3__DEBTRATIO_qb2of3__C3_ROE_DYN_qmax4__v0,PS_qb0of3__DEBTRATIO_qb2of3,C3_ROE_DYN_qmax4,0.2609373073795198,0.26216964041035196,-0.0012323330308321445,-0.6671454645172926,0.6202668589974757,11.79,215.48397435897436
PS_qb0of3__DEBTRATIO_qb2of3__C4_ROE_DYN_qmax8__v0,PS_qb0of3__DEBTRATIO_qb2of3,C4_ROE_DYN_qmax8,0.2609365407249178,0.26216964041035196,-0.0012330996854341691,-0.6712995070559892,0.6078189933815608,11.75,211.80128205128204
PS_qb0of3__OCF_E_qb2of3__C17_FCF_P_DYN_qmax4__v0,PS_qb0of3__OCF_E_qb2of3,C17_FCF_P_DYN_qmax4,0.2608401658364312,0.25989508506420633,0.0009450807722248822,-0.5718561597671342,0.579360165118679,13.12,220.13782051282053
PB_qb0of3__CROIC_qb2of3__C14_EPS_DYN_ytdavg_gt_lyavg__v0,PB_qb0of3__CROIC_qb2of3,C14_EPS_DYN_ytdavg_gt_lyavg,0.2606205787397,0.25343889949705045,0.0071816792426495635,-0.5794111305731308,0.568830727396329,13.89,68.37333333333333
P_IC_qb0of3__ROIC_qb0of3__C17_FCF_P_DYN_qmax4__v0,P_IC_qb0of3__ROIC_qb0of3,C17_FCF_P_DYN_qmax4,0.2604125340823604,0.25547946647063147,0.0049330676117289585,-0.6503333925891694,0.596049896049896,9.99,234.93589743589743
PS_qb0of3__OCF_E_qb2of3__C18_FCF_P_DYN_qmax8__v0,PS_qb0of3__OCF_E_qb2of3,C18_FCF_P_DYN_qmax8,0.26040969628722777,0.25989508506420633,0.0005146112230214328,-0.5731258533275411,0.5773840885142255,13.09,217.61217948717947
PS_qb0of3__DEBTRATIO_qb0of3__C18_FCF_P_DYN_qmax8__v0,PS_qb0of3__DEBTRATIO_qb0of3,C18_FCF_P_DYN_qmax8,0.26039994866298133,0.2593996362704869,0.001000312392494429,-0.5187258182810328,0.6121332670313276,12.0,119.9551282051282
PS_qb0of3__OCF_E_qb2of3__C10_EPS_DYN_qmax4__v0,PS_qb0of3__OCF_E_qb2of3,C10_EPS_DYN_qmax4,0.26035536459341313,0.25989508506420633,0.0004602795292067974,-0.5724503598576745,0.5747857340337296,13.16,217.85576923076923
EV_S_qb0of3__FCF_OI_qb0of3__C18_FCF_P_DYN_qmax8__v0,EV_S_qb0of3__FCF_OI_qb0of3,C18_FCF_P_DYN_qmax8,0.2602909709044958,0.25237182772000777,0.007919143184488053,-0.6107189669568497,0.5726238532110092,10.76,178.27243589743588
EV_S_qb0of3__FCF_OI_qb0of3__C17_FCF_P_DYN_qmax4__v0,EV_S_qb0of3__FCF_OI_qb0of3,C17_FCF_P_DYN_qmax4,0.2602856299614331,0.25237182772000777,0.00791380224142535,-0.6131843775865178,0.5747855277881387,10.9,182.38782051282053
P_IC_qb0of3__MOM_qb0of3__C6_ROE_DYN_ytdavg_gt_lyytdavg__v0,P_IC_qb0of3__MOM_qb0of3,C6_ROE_DYN_ytdavg_gt_lyytdavg,0.2602793068453255,0.2291166681243213,0.03116263872100422,-0.6412552827197336,0.5755651511303023,13.78,72.34615384615384
PS_qb0of3__DEBTRATIO_qb2of3__C17_FCF_P_DYN_qmax4__v0,PS_qb0of3__DEBTRATIO_qb2of3,C17_FCF_P_DYN_qmax4,0.2602241831684171,0.26216964041035196,-0.0019454572419348448,-0.6673247698509969,0.6259754738015607,11.76,215.57692307692307
PB_qb0of3__ROE_qb0of3__C4_ROE_DYN_qmax8__v0,PB_qb0of3__ROE_qb0of3,C4_ROE_DYN_qmax8,0.2602127313100504,0.25732858527987745,0.0028841460301729516,-0.6593682968476224,0.5862622658340767,10.97,227.78205128205127
REVENUE_qb0of3__P_IC_qb1of3__C17_FCF_P_DYN_qmax4__v0,REVENUE_qb0of3__P_IC_qb1of3,C17_FCF_P_DYN_qmax4,0.26020564024898896,0.2632856463559605,-0.0030800061069715667,-0.4826602876491727,0.5611494764981065,11.86,136.14423076923077
PS_qb0of3__EV_S_qb1of3__C13_EPS_DYN_ytdavg_gt_lyytdavg__v0,PS_qb0of3__EV_S_qb1of3,C13_EPS_DYN_ytdavg_gt_lyytdavg,0.26015735835462594,0.2505483171784746,0.009609041176151356,-0.6141829294959054,0.5811103100216294,17.49,37.266666666666666
PB_qb0of3__CROIC_qb2of3__C20_FCF_P_DYN_ytdavg_gt_lyytdavg__v0,PB_qb0of3__CROIC_qb2of3,C20_FCF_P_DYN_ytdavg_gt_lyytdavg,0.2601046111697014,0.25343889949705045,0.0066657116726509535,-0.6281071329339375,0.5717626425021923,13.34,74.04195804195804
PS_qb0of3__OCF_E_qb2of3__C3_ROE_DYN_qmax4__v0,PS_qb0of3__OCF_E_qb2of3,C3_ROE_DYN_qmax4,0.2600746119482955,0.25989508506420633,0.00017952688408917616,-0.5730024313896374,0.5746684076695759,13.15,217.39102564102564
PS_qb0of3__DEBTRATIO_qb2of3__C18_FCF_P_DYN_qmax8__v0,PS_qb0of3__DEBTRATIO_qb2of3,C18_FCF_P_DYN_qmax8,0.25994800732572965,0.26216964041035196,-0.00222163308462231,-0.6669923918771561,0.6129546904913848,11.72,212.19230769230768
PS_qb0of3__OCF_E_qb2of3__None__v0,PS_qb0of3__OCF_E_qb2of3,None,0.25989508506420633,0.25989508506420633,0.0,-0.5670882656308281,0.5780405161848461,13.27,229.93269230769232
PS_qb0of3__ACCRUAL_qb0of3__C20_FCF_P_DYN_ytdavg_gt_lyytdavg__v0,PS_qb0of3__ACCRUAL_qb0of3,C20_FCF_P_DYN_ytdavg_gt_lyytdavg,0.25984315016714565,0.27726842466212576,-0.017425274494980103,-0.6063028273736546,0.5660412409437117,13.22,118.43356643356644
PS_qb0of3__OCF_E_qb2of3__C4_ROE_DYN_qmax8__v0,PS_qb0of3__OCF_E_qb2of3,C4_ROE_DYN_qmax8,0.2598112851371326,0.25989508506420633,-8.379992707374662e-05,-0.5800910447866828,0.5717844499803331,13.09,213.09294871794873
P_IC_qb0of3__ROIC_qb0of3__C6_ROE_DYN_ytdavg_gt_lyytdavg__v0,P_IC_qb0of3__ROIC_qb0of3,C6_ROE_DYN_ytdavg_gt_lyytdavg,0.2596183520730122,0.25547946647063147,0.0041388856023807374,-0.6029439493951941,0.5849678589088512,11.02,91.82167832167832
REVENUE_qb0of3__P_IC_qb1of3__C18_FCF_P_DYN_qmax8__v0,REVENUE_qb0of3__P_IC_qb1of3,C18_FCF_P_DYN_qmax8,0.2595395447408333,0.2632856463559605,-0.0037461016151272286,-0.4870168951422601,0.5599833089922804,11.81,134.72756410256412
PS_qb0of3__DEBTRATIO_qb0of3__C3_ROE_DYN_qmax4__v0,PS_qb0of3__DEBTRATIO_qb0of3,C3_ROE_DYN_qmax4,0.2594497720194662,0.2593996362704869,5.01357489792742e-05,-0.5183934371476783,0.6052921719955898,12.02,121.44871794871794
PS_qb0of3__DEBTRATIO_qb2of3__C11_EPS_DYN_qmax8__v0,PS_qb0of3__DEBTRATIO_qb2of3,C11_EPS_DYN_qmax8,0.25944129699575225,0.26216964041035196,-0.00272834341459971,-0.672242697919009,0.6062954761151534,11.74,212.55128205128204
PS_qb0of3__FCF_P_qb0of3__None__v0,PS_qb0of3__FCF_P_qb0of3,None,0.25940619605950865,0.25940619605950865,0.0,-0.6319568961291071,0.5739207331779081,10.98,188.66346153846155
PS_qb0of3__DEBTRATIO_qb0of3__None__v0,PS_qb0of3__DEBTRATIO_qb0of3,None,0.2593996362704869,0.2593996362704869,0.0,-0.5189147650125004,0.6241450068399452,12.12,124.39102564102564
PB_qb0of3__ROE_qb0of3__C11_EPS_DYN_qmax8__v0,PB_qb0of3__ROE_qb0of3,C11_EPS_DYN_qmax8,0.25935700736139133,0.25732858527987745,0.002028422081513881,-0.6587145423339942,0.5871384391486265,11.03,229.18910256410257
EV_S_qb0of3__ACCRUAL_qb0of3__C18_FCF_P_DYN_qmax8__v0,EV_S_qb0of3__ACCRUAL_qb0of3,C18_FCF_P_DYN_qmax8,0.2593439138268365,0.2618628878173679,-0.002518973990531359,-0.5892680175962437,0.5651320372364005,12.3,203.72115384615384
PS_qb0of3__NETDEBT_EBITDA_qb2of3__C13_EPS_DYN_ytdavg_gt_lyytdavg__v0,PS_qb0of3__NETDEBT_EBITDA_qb2of3,C13_EPS_DYN_ytdavg_gt_lyytdavg,0.2592332509680273,0.25151199404701585,0.0077212569210114435,-0.6397404993439455,0.5835201793721974,14.95,93.55087719298245
PS_qb0of3__FCF_P_qb2of3__C7_ROE_DYN_ytdavg_gt_lyavg__v0,PS_qb0of3__FCF_P_qb2of3,C7_ROE_DYN_ytdavg_gt_lyavg,0.2592306211697135,0.2549527360051831,0.004277885164530426,-0.6288676463897196,0.5705275229357798,14.48,133.6
P_IC_qb0of3__ROIC_qb0of3__C3_ROE_DYN_qmax4__v0,P_IC_qb0of3__ROIC_qb0of3,C3_ROE_DYN_qmax4,0.25914335563254753,0.25547946647063147,0.0036638891619160674,-0.6500139205166895,0.595862920654523,9.94,233.44551282051282
P_IC_qb0of3__FCF_P_qb0of3__C7_ROE_DYN_ytdavg_gt_lyavg__v0,P_IC_qb0of3__FCF_P_qb0of3,C7_ROE_DYN_ytdavg_gt_lyavg,0.2590192670020699,0.24676479218468828,0.012254474817381622,-0.5927782058894988,0.5822666250390259,10.71,75.82333333333334
EV_S_qb0of3__REV_G_qb2of3__C11_EPS_DYN_qmax8__v0,EV_S_qb0of3__REV_G_qb2of3,C11_EPS_DYN_qmax8,0.2588859370052996,0.25623793624239943,0.002648000762900171,-0.5480353490166576,0.5639023180860295,12.05,150.58333333333334
PB_qb0of3__ROE_qb0of3__C10_EPS_DYN_qmax4__v0,PB_qb0of3__ROE_qb0of3,C10_EPS_DYN_qmax4,0.2588297251399718,0.25732858527987745,0.0015011398600943693,-0.6565836066989061,0.5908133971291866,11.17,232.98397435897436
EV_S_qb0of3__ACCRUAL_qb0of3__C17_FCF_P_DYN_qmax4__v0,EV_S_qb0of3__ACCRUAL_qb0of3,C17_FCF_P_DYN_qmax4,0.25881297844212403,0.2618628878173679,-0.0030499093752438533,-0.5920211159562492,0.5666341463414634,12.34,205.74358974358975
PS_qb0of3__DEBTRATIO_qb0of3__C4_ROE_DYN_qmax8__v0,PS_qb0of3__DEBTRATIO_qb0of3,C4_ROE_DYN_qmax8,0.25840469058534254,0.2593996362704869,-0.000994945685144355,-0.5228563959644317,0.5969965534219597,11.97,119.71153846153847
EV_S_qb0of3__REV_G_qb2of3__C10_EPS_DYN_qmax4__v0,EV_S_qb0of3__REV_G_qb2of3,C10_EPS_DYN_qmax4,0.2583905061057461,0.25623793624239943,0.002152569863346665,-0.5454414884667083,0.5662153449387491,12.07,152.38782051282053
EV_S_qb0of3__ROIC_qb0of3__C20_FCF_P_DYN_ytdavg_gt_lyytdavg__v0,EV_S_qb0of3__ROIC_qb0of3,C20_FCF_P_DYN_ytdavg_gt_lyytdavg,0.25832866944114086,0.30195387520188577,-0.04362520576074491,-0.7436370481473799,0.5619452662721893,11.93,69.45454545454545
EV_S_qb0of3__REV_G_qb2of3__C18_FCF_P_DYN_qmax8__v0,EV_S_qb0of3__REV_G_qb2of3,C18_FCF_P_DYN_qmax8,0.25827987788008744,0.25623793624239943,0.002041941637688005,-0.5482760347892817,0.5664249723485314,12.07,149.92628205128204
PS_qb0of3__OCF_E_qb0of3__None__v0,PS_qb0of3__OCF_E_qb0of3,None,0.25819623576113093,0.25819623576113093,0.0,-0.6174409652538821,0.5706557377049181,11.83,187.6602564102564
PB_qb0of3__REV_G_qb0of3__None__v0,PB_qb0of3__REV_G_qb0of3,None,0.25815283895445806,0.25815283895445806,0.0,-0.6682351589008066,0.6002727082022237,12.73,238.47115384615384
EV_S_qb0of3__OCF_E_qb0of3__None__v0,EV_S_qb0of3__OCF_E_qb0of3,None,0.2580871066389079,0.2580871066389079,0.0,-0.6159464637152938,0.5754935656622172,11.48,188.30128205128204
EV_S_qb0of3__REV_G_qb2of3__C17_FCF_P_DYN_qmax4__v0,EV_S_qb0of3__REV_G_qb2of3,C17_FCF_P_DYN_qmax4,0.2580517908189093,0.25623793624239943,0.0018138545765098435,-0.5468513596009363,0.5683628887175534,12.08,151.98717948717947
PS_qb0of3__FCF_OI_qb0of3__C14_EPS_DYN_ytdavg_gt_lyavg__v0,PS_qb0of3__FCF_OI_qb0of3,C14_EPS_DYN_ytdavg_gt_lyavg,0.25796758023507804,0.25060018242043824,0.007367397814639798,-0.6135678347877007,0.5633565490900921,11.53,103.85
PS_qb0of3__FCF_OI_qb0of3__C17_FCF_P_DYN_qmax4__v0,PS_qb0of3__FCF_OI_qb0of3,C17_FCF_P_DYN_qmax4,0.2579043572882642,0.25060018242043824,0.007304174867825974,-0.6169215838202791,0.5717734855136084,11.0,188.19230769230768
PB_qb0of3__ROE_qb0of3__C3_ROE_DYN_qmax4__v0,PB_qb0of3__ROE_qb0of3,C3_ROE_DYN_qmax4,0.2578971603733695,0.25732858527987745,0.000568575093492063,-0.657140011536435,0.5914651493598863,11.15,232.25641025641025
P_IC_qb0of3__EV_S_qb0of3__C13_EPS_DYN_ytdavg_gt_lyytdavg__v0,P_IC_qb0of3__EV_S_qb0of3,C13_EPS_DYN_ytdavg_gt_lyytdavg,0.25783146548435676,0.28270982110424026,-0.024878355619883497,-0.6560498102053635,0.5878882526461913,13.16,117.88070175438597
EV_S_qb0of3__REV_G_qb2of3__C3_ROE_DYN_qmax4__v0,EV_S_qb0of3__REV_G_qb2of3,C3_ROE_DYN_qmax4,0.25780263285946825,0.25623793624239943,0.001564696617068817,-0.5448209284818633,0.5654450261780105,12.04,151.97756410256412
PS_qb0of3__FCF_OI_qb0of3__C18_FCF_P_DYN_qmax8__v0,PS_qb0of3__FCF_OI_qb0of3,C18_FCF_P_DYN_qmax8,0.2577670057577339,0.25060018242043824,0.00716682333729568,-0.6162105225554464,0.5694973754224492,10.88,183.88141025641025
PS_qb0of3__ROE_qb2of3__None__v0,PS_qb0of3__ROE_qb2of3,None,0.25769526459019176,0.25769526459019176,0.0,-0.5371156899197,0.5792682926829268,13.22,196.88141025641025
EV_S_qb0of3__PB_qb0of3__C6_ROE_DYN_ytdavg_gt_lyytdavg__v0,EV_S_qb0of3__PB_qb0of3,C6_ROE_DYN_ytdavg_gt_lyytdavg,0.2576889027981144,0.2805119420302957,-0.02282303923218132,-0.6385822427325483,0.5941905894343469,12.48,114.46153846153847
PS_qb0of3__DEBTRATIO_qb2of3__C7_ROE_DYN_ytdavg_gt_lyavg__v0,PS_qb0of3__DEBTRATIO_qb2of3,C7_ROE_DYN_ytdavg_gt_lyavg,0.25766650879922426,0.26216964041035196,-0.0045031316111276976,-0.6621803282981578,0.5939833113746157,11.58,103.15666666666667
PB_qb0of3__ROE_qb0of3__C18_FCF_P_DYN_qmax8__v0,PB_qb0of3__ROE_qb0of3,C18_FCF_P_DYN_qmax8,0.257615978913319,0.25732858527987745,0.0002873936334415461,-0.65650355288826,0.5884319927699955,11.17,230.61858974358975
PS_qb0of3__ROE_qb2of3__C3_ROE_DYN_qmax4__v0,PS_qb0of3__ROE_qb2of3,C3_ROE_DYN_qmax4,0.2576078282961878,0.25769526459019176,-8.743629400398412e-05,-0.5386940587094744,0.5777244359097455,13.17,192.99679487179486
EV_S_qb0of3__REV_G_qb2of3__C4_ROE_DYN_qmax8__v0,EV_S_qb0of3__REV_G_qb2of3,C4_ROE_DYN_qmax8,0.2575675931451493,0.25623793624239943,0.0013296569027498872,-0.5471872013255731,0.5621799561082663,12.05,149.87820512820514
P_IC_qb0of3__ROIC_qb2of3__C18_FCF_P_DYN_qmax8__v0,P_IC_qb0of3__ROIC_qb2of3,C18_FCF_P_DYN_qmax8,0.2574121054596603,0.25081126147997335,0.006600843979686966,-0.5995140869982776,0.556434023991276,13.86,41.782051282051285
P_IC_qb0of3__FCF_P_qb0of3__C14_EPS_DYN_ytdavg_gt_lyavg__v0,P_IC_qb0of3__FCF_P_qb0of3,C14_EPS_DYN_ytdavg_gt_lyavg,0.2573884352428657,0.24676479218468828,0.010623643058177423,-0.6000149405100954,0.5837837837837838,11.03,86.79
EV_S_qb0of3__FCF_OI_qb0of3__C10_EPS_DYN_qmax4__v0,EV_S_qb0of3__FCF_OI_qb0of3,C10_EPS_DYN_qmax4,0.2573802503746123,0.25237182772000777,0.00500842265460455,-0.6111847402667823,0.5741002905893748,11.02,185.00320512820514
P_IC_qb0of3__ROE_qb0of3__C6_ROE_DYN_ytdavg_gt_lyytdavg__v0,P_IC_qb0of3__ROE_qb0of3,C6_ROE_DYN_ytdavg_gt_lyytdavg,0.25734129358674296,0.26266155459050733,-0.0053202610037643705,-0.6472175782994178,0.562257998777257,12.63,60.32867132867133
PB_qb0of3__ROE_qb0of3__None__v0,PB_qb0of3__ROE_qb0of3,None,0.25732858527987745,0.25732858527987745,0.0,-0.6567154259576323,0.602054722717266,11.31,239.69551282051282
PS_qb0of3__ROE_qb2of3__C10_EPS_DYN_qmax4__v0,PS_qb0of3__ROE_qb2of3,C10_EPS_DYN_qmax4,0.25731028575518833,0.25769526459019176,-0.00038497883500343555,-0.5409059268561621,0.5769830442408888,13.17,193.32051282051282
EV_S_qb0of3__FCF_OI_qb0of3__C3_ROE_DYN_qmax4__v0,EV_S_qb0of3__FCF_OI_qb0of3,C3_ROE_DYN_qmax4,0.2571978869215408,0.25237182772000777,0.004826059201533006,-0.6104985295427346,0.5737985418836483,11.01,184.71153846153845
PS_qb0of3__EV_S_qb1of3__C20_FCF_P_DYN_ytdavg_gt_lyytdavg__v0,PS_qb0of3__EV_S_qb1of3,C20_FCF_P_DYN_ytdavg_gt_lyytdavg,0.25719001277664666,0.2505483171784746,0.0066416955981720704,-0.6457486654208229,0.5857452966714906,15.9,36.51748251748252
EV_S_qb0of3__FCF_OI_qb0of3__C11_EPS_DYN_qmax8__v0,EV_S_qb0of3__FCF_OI_qb0of3,C11_EPS_DYN_qmax8,0.25709420203083333,0.25237182772000777,0.004722374310825561,-0.6084654240459173,0.571491292258159,10.95,182.24358974358975
PB_qb0of3__ROE_qb0of3__C17_FCF_P_DYN_qmax4__v0,PB_qb0of3__ROE_qb0of3,C17_FCF_P_DYN_qmax4,0.25690122057143494,0.25732858527987745,-0.0004273647084425125,-0.6573785863194068,0.5927234530175707,11.25,233.98717948717947
EV_S_qb0of3__FCF_OI_qb0of3__C4_ROE_DYN_qmax8__v0,EV_S_qb0of3__FCF_OI_qb0of3,C4_ROE_DYN_qmax8,0.2568577825434939,0.25237182772000777,0.004485954823486127,-0.6079172045195738,0.5708445871961457,10.96,181.7596153846154
REVENUE_qb0of3__MOM_qb0of3__C17_FCF_P_DYN_qmax4__v0,REVENUE_qb0of3__MOM_qb0of3,C17_FCF_P_DYN_qmax4,0.2566106433607698,0.262388694998801,-0.005778051638031245,-0.5487534076492038,0.5562961045683965,12.48,206.43910256410257
PS_qb0of3__CROIC_qb0of3__C7_ROE_DYN_ytdavg_gt_lyavg__v0,PS_qb0of3__CROIC_qb0of3,C7_ROE_DYN_ytdavg_gt_lyavg,0.25647930204952485,0.26105984945528315,-0.004580547405758306,-0.5928090354745172,0.5598826353694318,11.1,85.19666666666667
PS_qb0of3__FCF_P_qb0of3__C7_ROE_DYN_ytdavg_gt_lyavg__v0,PS_qb0of3__FCF_P_qb0of3,C7_ROE_DYN_ytdavg_gt_lyavg,0.2564741630225553,0.25940619605950865,-0.00293203303695333,-0.6008445744599736,0.557344332091538,11.2,86.65666666666667
EV_EBITDA_qb0of3__MOM_qb0of3__C7_ROE_DYN_ytdavg_gt_lyavg__v0,EV_EBITDA_qb0of3__MOM_qb0of3,C7_ROE_DYN_ytdavg_gt_lyavg,0.2563225864547922,0.29605076490243376,-0.03972817844764154,-0.6574678941636299,0.5479313824419778,14.04,87.06333333333333
P_IC_qb0of3__PB_qb0of3__C13_EPS_DYN_ytdavg_gt_lyytdavg__v0,P_IC_qb0of3__PB_qb0of3,C13_EPS_DYN_ytdavg_gt_lyytdavg,0.2562871446032673,0.24885786529327159,0.007429279309995707,-0.5573387803188046,0.599283402681461,14.96,199.73333333333332
EV_EBITDA_qb0of3__MOM_qb0of3__C20_FCF_P_DYN_ytdavg_gt_lyytdavg__v0,EV_EBITDA_qb0of3__MOM_qb0of3,C20_FCF_P_DYN_ytdavg_gt_lyytdavg,0.25627566642240884,0.29605076490243376,-0.03977509848002492,-0.6802814677987856,0.5506302521008404,15.09,89.3951048951049
PS_qb0of3__ROE_qb2of3__C4_ROE_DYN_qmax8__v0,PS_qb0of3__ROE_qb2of3,C4_ROE_DYN_qmax8,0.25626138606360116,0.25769526459019176,-0.001433878526590604,-0.5387687063536968,0.5750335570469799,13.15,190.27243589743588
PS_qb0of3__REV_G_qb2of3__C18_FCF_P_DYN_qmax8__v0,PS_qb0of3__REV_G_qb2of3,C18_FCF_P_DYN_qmax8,0.25625538395529723,0.25152805548918167,0.004727328466115566,-0.5532970578849122,0.5686152312102705,11.99,148.18269230769232
EV_S_qb0of3__REV_G_qb2of3__None__v0,EV_S_qb0of3__REV_G_qb2of3,None,0.25623793624239943,0.25623793624239943,0.0,-0.5472746388528893,0.5689189189189189,12.28,160.72435897435898
PS_qb0of3__OCF_E_qb2of3__C13_EPS_DYN_ytdavg_gt_lyytdavg__v0,PS_qb0of3__OCF_E_qb2of3,C13_EPS_DYN_ytdavg_gt_lyytdavg,0.256202152795608,0.25989508506420633,-0.003692932268598348,-0.5276871648678793,0.5697663418787248,15.51,131.17894736842106
PB_qb0of3__None__C7_ROE_DYN_ytdavg_gt_lyavg__v0,PB_qb0of3__None,C7_ROE_DYN_ytdavg_gt_lyavg,0.2561357696480093,0.24810685252001274,0.008028917127996582,-0.5466195475695581,0.5994114762138303,13.72,264.38
PB_qb0of3__NETDEBT_EBITDA_qb0of3__C6_ROE_DYN_ytdavg_gt_lyytdavg__v0,PB_qb0of3__NETDEBT_EBITDA_qb0of3,C6_ROE_DYN_ytdavg_gt_lyytdavg,0.2560872941535566,0.26745873747440063,-0.011371443320844055,-0.5483563653760826,0.5853728764756695,13.07,65.8041958041958
PS_qb0of3__ROE_qb2of3__C11_EPS_DYN_qmax8__v0,PS_qb0of3__ROE_qb2of3,C11_EPS_DYN_qmax8,0.2560113208323458,0.25769526459019176,-0.0016839437578459737,-0.5434058488054835,0.5751604032997251,13.13,190.88782051282053
PS_qb0of3__FCF_OI_qb0of3__C11_EPS_DYN_qmax8__v0,PS_qb0of3__FCF_OI_qb0of3,C11_EPS_DYN_qmax8,0.2557719700527694,0.25060018242043824,0.005171787632331171,-0.6144826743757824,0.5676314658260496,11.06,188.03846153846155
PS_qb0of3__FCF_OI_qb0of3__C10_EPS_DYN_qmax4__v0,PS_qb0of3__FCF_OI_qb0of3,C10_EPS_DYN_qmax4,0.2557589119158099,0.25060018242043824,0.005158729495371661,-0.6161012673116905,0.5701350857977364,11.13,190.92628205128204
MOM_qb0of3__REV_G_qb0of3__C13_EPS_DYN_ytdavg_gt_lyytdavg__v0,MOM_qb0of3__REV_G_qb0of3,C13_EPS_DYN_ytdavg_gt_lyytdavg,0.2556770970195361,0.22978574595667678,0.025891351062859336,-0.5839248348764274,0.5539836919147264,16.82,89.81754385964912
P_IC_qb0of3__OCF_E_qb2of3__C13_EPS_DYN_ytdavg_gt_lyytdavg__v0,P_IC_qb0of3__OCF_E_qb2of3,C13_EPS_DYN_ytdavg_gt_lyytdavg,0.2556457116023707,0.23937264791212765,0.01627306369024306,-0.6116796631773622,0.5735632183908046,15.53,91.31929824561404
P_IC_qb0of3__EV_S_qb0of3__C6_ROE_DYN_ytdavg_gt_lyytdavg__v0,P_IC_qb0of3__EV_S_qb0of3,C6_ROE_DYN_ytdavg_gt_lyytdavg,0.2555277458425953,0.28270982110424026,-0.027182075261644956,-0.6895698873939994,0.5946104276508495,13.37,103.84615384615384
PS_qb0of3__FCF_OI_qb0of3__C4_ROE_DYN_qmax8__v0,PS_qb0of3__FCF_OI_qb0of3,C4_ROE_DYN_qmax8,0.2555116712909111,0.25060018242043824,0.00491148887047288,-0.6141986115635575,0.5670714285714286,11.1,187.5801282051282
P_IC_qb0of3__ROIC_qb0of3__None__v0,P_IC_qb0of3__ROIC_qb0of3,None,0.25547946647063147,0.25547946647063147,0.0,-0.6464024807970841,0.6033966033966034,10.11,250.25
PS_qb0of3__REV_G_qb2of3__C17_FCF_P_DYN_qmax4__v0,PS_qb0of3__REV_G_qb2of3,C17_FCF_P_DYN_qmax4,0.25541795903182685,0.25152805548918167,0.003889903542645179,-0.5530896698886488,0.5703616352201258,12.04,150.2852564102564
PS_qb0of3__FCF_OI_qb0of3__C3_ROE_DYN_qmax4__v0,PS_qb0of3__FCF_OI_qb0of3,C3_ROE_DYN_qmax4,0.2553202480933583,0.25060018242043824,0.0047200656729200485,-0.6159947395153027,0.5698360655737705,11.16,190.67628205128204
PS_qb0of3__NETDEBT_EBITDA_qb2of3__C18_FCF_P_DYN_qmax8__v0,PS_qb0of3__NETDEBT_EBITDA_qb2of3,C18_FCF_P_DYN_qmax8,0.25505502249628154,0.25151199404701585,0.003543028449265684,-0.6771990597343693,0.6072108843537415,12.64,187.72435897435898
PB_qb0of3__OCF_E_qb0of3__C4_ROE_DYN_qmax8__v0,PB_qb0of3__OCF_E_qb0of3,C4_ROE_DYN_qmax8,0.2549896631375457,0.24899922644482997,0.005990436692715706,-0.6218082612178184,0.5789397345710349,11.76,216.3846153846154
PS_qb0of3__FCF_P_qb2of3__None__v0,PS_qb0of3__FCF_P_qb2of3,None,0.2549527360051831,0.2549527360051831,0.0,-0.5835757514685854,0.5850980901649994,13.42,264.7916666666667
P_IC_qb1of3__DEBTRATIO_qb0of3__C14_EPS_DYN_ytdavg_gt_lyavg__v0,P_IC_qb1of3__DEBTRATIO_qb0of3,C14_EPS_DYN_ytdavg_gt_lyavg,0.25491984301220727,0.22433968643521385,0.030580156576993422,-0.49889039424787884,0.5623456790123457,11.75,66.12666666666667
PS_qb0of3__FCF_P_qb2of3__C18_FCF_P_DYN_qmax8__v0,PS_qb0of3__FCF_P_qb2of3,C18_FCF_P_DYN_qmax8,0.2547471390536973,0.2549527360051831,-0.00020559695148580914,-0.582821334860274,0.5799325659806999,13.42,258.1955128205128
PS_qb0of3__ROE_qb2of3__C17_FCF_P_DYN_qmax4__v0,PS_qb0of3__ROE_qb2of3,C17_FCF_P_DYN_qmax4,0.2547124506561156,0.25769526459019176,-0.0029828139340761783,-0.537565405335406,0.5783284742468416,13.13,191.27243589743588
PS_qb0of3__REV_G_qb2of3__C11_EPS_DYN_qmax8__v0,PS_qb0of3__REV_G_qb2of3,C11_EPS_DYN_qmax8,0.2546829262172392,0.25152805548918167,0.003154870728057535,-0.5562546103263151,0.5636614766449021,12.01,148.73397435897436
PS_qb0of3__FCF_P_qb2of3__C17_FCF_P_DYN_qmax4__v0,PS_qb0of3__FCF_P_qb2of3,C17_FCF_P_DYN_qmax4,0.2546524262612062,0.2549527360051831,-0.0003003097439768787,-0.5830462527631833,0.5840756226140702,13.45,260.74038461538464
P_IC_qb0of3__OCF_E_qb2of3__C6_ROE_DYN_ytdavg_gt_lyytdavg__v0,P_IC_qb0of3__OCF_E_qb2of3,C6_ROE_DYN_ytdavg_gt_lyytdavg,0.2546010194037891,0.23937264791212765,0.015228371491661452,-0.6551037415995249,0.5714074512123004,15.96,78.8951048951049
PS_qb0of3__NETDEBT_EBITDA_qb2of3__C17_FCF_P_DYN_qmax4__v0,PS_qb0of3__NETDEBT_EBITDA_qb2of3,C17_FCF_P_DYN_qmax4,0.254561943901233,0.25151199404701585,0.0030499498542171377,-0.6775597042689752,0.6182899628252788,12.65,190.73397435897436
REVENUE_qb0of3__MOM_qb0of3__C18_FCF_P_DYN_qmax8__v0,REVENUE_qb0of3__MOM_qb0of3,C18_FCF_P_DYN_qmax8,0.2545418098584551,0.262388694998801,-0.007846885140345927,-0.550810152563415,0.555021470230084,12.51,204.51602564102564
PB_qb0of3__OCF_E_qb0of3__C11_EPS_DYN_qmax8__v0,PB_qb0of3__OCF_E_qb0of3,C11_EPS_DYN_qmax8,0.25436116997547065,0.24899922644482997,0.005361943530640678,-0.6233247337592207,0.5790288114361506,11.77,217.44230769230768
PB_qb0of3__OCF_E_qb0of3__C10_EPS_DYN_qmax4__v0,PB_qb0of3__OCF_E_qb0of3,C10_EPS_DYN_qmax4,0.25435300439258235,0.24899922644482997,0.005353777947752381,-0.6181572436457008,0.5814076824001818,11.94,220.29807692307693
MOM_qb0of3__REV_G_qb0of3__C6_ROE_DYN_ytdavg_gt_lyytdavg__v0,MOM_qb0of3__REV_G_qb0of3,C6_ROE_DYN_ytdavg_gt_lyytdavg,0.2543090353376376,0.22978574595667678,0.024523289380960822,-0.6039593114770491,0.5473599816744932,15.92,77.21678321678321
REVENUE_qb0of3__MOM_qb0of3__C13_EPS_DYN_ytdavg_gt_lyytdavg__v0,REVENUE_qb0of3__MOM_qb0of3,C13_EPS_DYN_ytdavg_gt_lyytdavg,0.2541945881263228,0.262388694998801,-0.008194106872478235,-0.5107766046552227,0.5554468043456984,15.44,106.69473684210526
PS_qb0of3__EV_S_qb1of3__C7_ROE_DYN_ytdavg_gt_lyavg__v0,PS_qb0of3__EV_S_qb1of3,C7_ROE_DYN_ytdavg_gt_lyavg,0.25407635634425585,0.2505483171784746,0.0035280391657812604,-0.6318989026051561,0.5810260586319218,14.06,34.373333333333335
FCF_P_qb2of3__MOM_qb0of3__C7_ROE_DYN_ytdavg_gt_lyavg__v0,FCF_P_qb2of3__MOM_qb0of3,C7_ROE_DYN_ytdavg_gt_lyavg,0.2540759783468578,0.22524176986345257,0.028834208483405233,-0.5617972117577854,0.5722738799661876,16.01,76.69
PB_qb0of3__CROIC_qb2of3__C6_ROE_DYN_ytdavg_gt_lyytdavg__v0,PB_qb0of3__CROIC_qb2of3,C6_ROE_DYN_ytdavg_gt_lyytdavg,0.25404504307997344,0.25343889949705045,0.0006061435829229911,-0.5661058935458061,0.5691324554608831,14.8,53.29370629370629
PS_qb0of3__REV_G_qb2of3__C4_ROE_DYN_qmax8__v0,PS_qb0of3__REV_G_qb2of3,C4_ROE_DYN_qmax8,0.25387199460930043,0.25152805548918167,0.0023439391201187654,-0.5543416576698297,0.5630563798219584,12.02,148.08333333333334
PS_qb0of3__EV_S_qb1of3__C18_FCF_P_DYN_qmax8__v0,PS_qb0of3__EV_S_qb1of3,C18_FCF_P_DYN_qmax8,0.25383303223141684,0.2505483171784746,0.0032847150529422553,-0.610940947165793,0.5894501119681513,14.13,70.11538461538461
PS_qb0of3__REV_G_qb2of3__C10_EPS_DYN_qmax4__v0,PS_qb0of3__REV_G_qb2of3,C10_EPS_DYN_qmax4,0.2537641863028939,0.25152805548918167,0.0022361308137122116,-0.5549795630889323,0.5656790770844258,12.06,150.6153846153846
PS_qb0of3__ROE_qb2of3__C7_ROE_DYN_ytdavg_gt_lyavg__v0,PS_qb0of3__ROE_qb2of3,C7_ROE_DYN_ytdavg_gt_lyavg,0.25370275576220114,0.25769526459019176,-0.003992508827990626,-0.5896539323714061,0.5694260777572071,13.62,120.71333333333334
P_IC_qb0of3__PB_qb0of3__C18_FCF_P_DYN_qmax8__v0,P_IC_qb0of3__PB_qb0of3,C18_FCF_P_DYN_qmax8,0.2536545444017486,0.24885786529327159,0.004796679108477031,-0.6297947161756827,0.6271098145446968,12.71,369.32371794871796
PS_qb0of3__FCF_P_qb2of3__C10_EPS_DYN_qmax4__v0,PS_qb0of3__FCF_P_qb2of3,C10_EPS_DYN_qmax4,0.25353374521901095,0.2549527360051831,-0.0014189907861721363,-0.585870828426962,0.5785264178380999,13.54,257.6025641025641
EV_S_qb0of3__OCF_E_qb0of3__C14_EPS_DYN_ytdavg_gt_lyavg__v0,EV_S_qb0of3__OCF_E_qb0of3,C14_EPS_DYN_ytdavg_gt_lyavg,0.25344945644559913,0.2580871066389079,-0.004637650193308751,-0.6170298860272458,0.5616438356164384,11.69,98.44333333333333
PB_qb0of3__CROIC_qb2of3__None__v0,PB_qb0of3__CROIC_qb2of3,None,0.25343889949705045,0.25343889949705045,0.0,-0.5900704307442652,0.5673984632272229,12.64,127.49358974358974
PS_qb0of3__REV_G_qb2of3__C3_ROE_DYN_qmax4__v0,PS_qb0of3__REV_G_qb2of3,C3_ROE_DYN_qmax4,0.25342512527138084,0.25152805548918167,0.0018970697821991678,-0.5534162523989118,0.5659568943131654,12.06,150.2403846153846
PS_qb0of3__ROE_qb2of3__C18_FCF_P_DYN_qmax8__v0,PS_qb0of3__ROE_qb2of3,C18_FCF_P_DYN_qmax8,0.2533389846490395,0.25769526459019176,-0.004356279941152286,-0.5368581066713627,0.5769476082004555,13.08,187.84935897435898
PS_qb0of3__OCF_E_qb0of3__C14_EPS_DYN_ytdavg_gt_lyavg__v0,PS_qb0of3__OCF_E_qb0of3,C14_EPS_DYN_ytdavg_gt_lyavg,0.2530879470550347,0.25819623576113093,-0.005108288706096253,-0.6246525221482555,0.5581715716969318,11.93,96.09333333333333
PS_qb0of3__FCF_P_qb2of3__C11_EPS_DYN_qmax8__v0,PS_qb0of3__FCF_P_qb2of3,C11_EPS_DYN_qmax8,0.2529196020328912,0.2549527360051831,-0.0020331339722918784,-0.5923031134648591,0.5750406882120437,13.54,253.33653846153845
P_IC_qb0of3__PB_qb0of3__C17_FCF_P_DYN_qmax4__v0,P_IC_qb0of3__PB_qb0of3,C17_FCF_P_DYN_qmax4,0.25291834220492815,0.24885786529327159,0.004060476911656563,-0.6301522624123171,0.6409888928699391,12.78,374.09935897435895
PS_qb0of3__FCF_P_qb2of3__C20_FCF_P_DYN_ytdavg_gt_lyytdavg__v0,PS_qb0of3__FCF_P_qb2of3,C20_FCF_P_DYN_ytdavg_gt_lyytdavg,0.2528336027638096,0.2549527360051831,-0.002119133241373472,-0.6024770318467145,0.5724526782118405,14.22,156.7972027972028
PB_qb0of3__OCF_E_qb0of3__C14_EPS_DYN_ytdavg_gt_lyavg__v0,PB_qb0of3__OCF_E_qb0of3,C14_EPS_DYN_ytdavg_gt_lyavg,0.2527919799057021,0.24899922644482997,0.003792753460872156,-0.612384145877587,0.5755660268934605,12.47,118.31333333333333
P_IC_qb0of3__FCF_OI_qb0of3__C14_EPS_DYN_ytdavg_gt_lyavg__v0,P_IC_qb0of3__FCF_OI_qb0of3,C14_EPS_DYN_ytdavg_gt_lyavg,0.2527705318451732,0.2378513417628798,0.014919190082293365,-0.583212388118342,0.588566717053731,11.64,88.68
PB_qb0of3__OCF_E_qb0of3__C3_ROE_DYN_qmax4__v0,PB_qb0of3__OCF_E_qb0of3,C3_ROE_DYN_qmax4,0.2527062943115277,0.24899922644482997,0.003707067866697722,-0.6183807804163404,0.5819875309847518,11.93,219.7051282051282
EV_S_qb0of3__NETDEBT_EBITDA_qb2of3__C7_ROE_DYN_ytdavg_gt_lyavg__v0,EV_S_qb0of3__NETDEBT_EBITDA_qb2of3,C7_ROE_DYN_ytdavg_gt_lyavg,0.25265086302833883,0.2416553007072897,0.010995562321049146,-0.682384643305326,0.5889663534404365,12.63,53.126666666666665
PS_qb0of3__NETDEBT_EBITDA_qb2of3__C3_ROE_DYN_qmax4__v0,PS_qb0of3__NETDEBT_EBITDA_qb2of3,C3_ROE_DYN_qmax4,0.25262793004144046,0.25151199404701585,0.0011159359944246106,-0.6819077707051154,0.6152278352016305,12.7,189.84294871794873
PS_qb0of3__NETDEBT_EBITDA_qb2of3__C10_EPS_DYN_qmax4__v0,PS_qb0of3__NETDEBT_EBITDA_qb2of3,C10_EPS_DYN_qmax4,0.2526260201237256,0.25151199404701585,0.0011140260767097399,-0.6801219536086179,0.6130926170556289,12.69,190.0801282051282
P_IC_qb0of3__PB_qb0of3__C11_EPS_DYN_qmax8__v0,P_IC_qb0of3__PB_qb0of3,C11_EPS_DYN_qmax8,0.2525811879323949,0.24885786529327159,0.0037233226391233387,-0.6333525459415454,0.6196672354948806,12.7,369.93589743589746
P_IC_qb0of3__PB_qb0of3__C10_EPS_DYN_qmax4__v0,P_IC_qb0of3__PB_qb0of3,C10_EPS_DYN_qmax4,0.2524553378000558,0.24885786529327159,0.003597472506784216,-0.6307296021283351,0.6322021484375,12.78,374.6666666666667
PS_qb0of3__NETDEBT_EBITDA_qb2of3__C4_ROE_DYN_qmax8__v0,PS_qb0of3__NETDEBT_EBITDA_qb2of3,C4_ROE_DYN_qmax8,0.25243055702292216,0.25151199404701585,0.0009185629759063119,-0.6873477436883331,0.6057437797776601,12.71,186.35897435897436
EV_S_qb0of3__FCF_OI_qb0of3__None__v0,EV_S_qb0of3__FCF_OI_qb0of3,None,0.25237182772000777,0.25237182772000777,0.0,-0.6140525011104225,0.5758532551496016,11.2,194.10897435897436
EV_S_qb0of3__PB_qb0of3__C20_FCF_P_DYN_ytdavg_gt_lyytdavg__v0,EV_S_qb0of3__PB_qb0of3,C20_FCF_P_DYN_ytdavg_gt_lyytdavg,0.25206857648829994,0.2805119420302957,-0.02844336554199578,-0.6532348683604923,0.5917982901028837,12.8,123.62587412587412
EV_S_qb0of3__ACCRUAL_qb0of3__C14_EPS_DYN_ytdavg_gt_lyavg__v0,EV_S_qb0of3__ACCRUAL_qb0of3,C14_EPS_DYN_ytdavg_gt_lyavg,0.252005482928342,0.2618628878173679,-0.009857404889025867,-0.5807384776536674,0.561757363954069,12.89,109.11
PB_qb0of3__OCF_E_qb0of3__C18_FCF_P_DYN_qmax8__v0,PB_qb0of3__OCF_E_qb0of3,C18_FCF_P_DYN_qmax8,0.2519701364965683,0.24899922644482997,0.002970910051738329,-0.624901579480159,0.5774936061381074,11.89,214.10897435897436
VOL_qb2of3__P_IC_qb1of3__None__v0,VOL_qb2of3__P_IC_qb1of3,None,0.2519290447384108,0.2519290447384108,0.0,-0.5347284217104935,0.5439330543933054,10.88,169.34615384615384
P_IC_qb0of3__PB_qb0of3__C4_ROE_DYN_qmax8__v0,P_IC_qb0of3__PB_qb0of3,C4_ROE_DYN_qmax8,0.25186283838650336,0.24885786529327159,0.0030049730932317775,-0.6320973862195863,0.6198903032184622,12.71,368.80128205128204
PS_qb0of3__FCF_P_qb2of3__C3_ROE_DYN_qmax4__v0,PS_qb0of3__FCF_P_qb2of3,C3_ROE_DYN_qmax4,0.2517130912704042,0.2549527360051831,-0.0032396447347788904,-0.5867558637852177,0.5785731501566642,13.53,256.9647435897436
PS_qb0of3__FCF_P_qb2of3__C4_ROE_DYN_qmax8__v0,PS_qb0of3__FCF_P_qb2of3,C4_ROE_DYN_qmax8,0.2515515870420051,0.2549527360051831,-0.0034011489631780023,-0.5924491448437976,0.5745525694884042,13.51,252.14423076923077
PS_qb0of3__REV_G_qb2of3__None__v0,PS_qb0of3__REV_G_qb2of3,None,0.25152805548918167,0.25152805548918167,0.0,-0.5545009501200182,0.5656357388316151,12.31,159.43910256410257
PS_qb0of3__NETDEBT_EBITDA_qb2of3__None__v0,PS_qb0of3__NETDEBT_EBITDA_qb2of3,None,0.25151199404701585,0.25151199404701585,0.0,-0.6745778647280538,0.632183908045977,12.75,202.7596153846154
P_IC_qb0of3__FCF_OI_qb0of3__C7_ROE_DYN_ytdavg_gt_lyavg__v0,P_IC_qb0of3__FCF_OI_qb0of3,C7_ROE_DYN_ytdavg_gt_lyavg,0.25136014880850244,0.2378513417628798,0.013508807045622628,-0.572780249021747,0.5860877403846154,11.3,77.53666666666666
EV_S_qb0of3__FCF_OI_qb2of3__C10_EPS_DYN_qmax4__v0,EV_S_qb0of3__FCF_OI_qb2of3,C10_EPS_DYN_qmax4,0.25122674971994163,0.25036854865378855,0.0008582010661530859,-0.5950045051380801,0.5726723095525997,14.15,100.5
PB_qb0of3__CROIC_qb0of3__C20_FCF_P_DYN_ytdavg_gt_lyytdavg__v0,PB_qb0of3__CROIC_qb0of3,C20_FCF_P_DYN_ytdavg_gt_lyytdavg,0.2510352771343094,0.28898821065116076,-0.03795293351685136,-0.612072000359892,0.5625737898465171,12.91,66.63636363636364
P_IC_qb0of3__PB_qb0of3__C3_ROE_DYN_qmax4__v0,P_IC_qb0of3__PB_qb0of3,C3_ROE_DYN_qmax4,0.25096225124531113,0.24885786529327159,0.0021043859520395447,-0.6303927800263793,0.634564958283671,12.8,373.88461538461536
EV_S_qb0of3__NETDEBT_EBITDA_qb0of3__C3_ROE_DYN_qmax4__v0,EV_S_qb0of3__NETDEBT_EBITDA_qb0of3,C3_ROE_DYN_qmax4,0.2509088148606182,0.2493935746025917,0.0015152402580265178,-0.5389709672634394,0.607870210562651,12.42,197.19871794871796
P_IC_qb0of3__REV_G_qb0of3__C13_EPS_DYN_ytdavg_gt_lyytdavg__v0,P_IC_qb0of3__REV_G_qb0of3,C13_EPS_DYN_ytdavg_gt_lyytdavg,0.2508228391478038,0.22886611826555736,0.021956720882246428,-0.5949209831938926,0.5832724082468197,15.29,103.54736842105264
P_IC_qb0of3__ROIC_qb2of3__None__v0,P_IC_qb0of3__ROIC_qb2of3,None,0.25081126147997335,0.25081126147997335,0.0,-0.5928367933862826,0.5538747346072187,14.66,47.84615384615385
PS_qb0of3__NETDEBT_EBITDA_qb2of3__C11_EPS_DYN_qmax8__v0,PS_qb0of3__NETDEBT_EBITDA_qb2of3,C11_EPS_DYN_qmax8,0.25076677713047046,0.25151199404701585,-0.0007452169165453881,-0.6864644259398511,0.6045046252848907,12.71,186.77243589743588
EV_S_qb0of3__NETDEBT_EBITDA_qb0of3__C10_EPS_DYN_qmax4__v0,EV_S_qb0of3__NETDEBT_EBITDA_qb0of3,C10_EPS_DYN_qmax4,0.25070123634010577,0.2493935746025917,0.0013076617375140653,-0.5384630263027005,0.6107098819799189,12.44,197.67307692307693
EV_S_qb0of3__NETDEBT_EBITDA_qb0of3__C17_FCF_P_DYN_qmax4__v0,EV_S_qb0of3__NETDEBT_EBITDA_qb0of3,C17_FCF_P_DYN_qmax4,0.2506992758407658,0.2493935746025917,0.001305701238174084,-0.5380933028360562,0.6113037447988904,12.42,197.2051282051282
EV_S_qb0of3__ACCRUAL_qb0of3__C7_ROE_DYN_ytdavg_gt_lyavg__v0,EV_S_qb0of3__ACCRUAL_qb0of3,C7_ROE_DYN_ytdavg_gt_lyavg,0.2506782925491029,0.2618628878173679,-0.011184595268264985,-0.623017252370679,0.5638215432303775,13.05,95.03666666666666
PB_qb0of3__OCF_E_qb0of3__C17_FCF_P_DYN_qmax4__v0,PB_qb0of3__OCF_E_qb0of3,C17_FCF_P_DYN_qmax4,0.25064894348319844,0.24899922644482997,0.00164971703836847,-0.6220378529692714,0.5801901025950513,12.0,217.87820512820514
PS_qb0of3__FCF_OI_qb0of3__None__v0,PS_qb0of3__FCF_OI_qb0of3,None,0.25060018242043824,0.25060018242043824,0.0,-0.6178456549426413,0.5720392070159923,11.32,201.12820512820514
EV_S_qb0of3__MOM_qb0of3__C11_EPS_DYN_qmax8__v0,EV_S_qb0of3__MOM_qb0of3,C11_EPS_DYN_qmax8,0.25059511934854095,0.2463368533766097,0.004258265971931241,-0.6527784779435848,0.5896025666208341,12.11,172.03846153846155
PS_qb0of3__EV_S_qb1of3__None__v0,PS_qb0of3__EV_S_qb1of3,None,0.2505483171784746,0.2505483171784746,0.0,-0.6091368380316793,0.5901060070671378,14.35,77.0576923076923
PS_qb0of3__EV_S_qb1of3__C17_FCF_P_DYN_qmax4__v0,PS_qb0of3__EV_S_qb1of3,C17_FCF_P_DYN_qmax4,0.2505396069469772,0.2505483171784746,-8.71023149739969e-06,-0.6048017335685552,0.5924293492351569,14.25,71.1923076923077
EV_S_qb0of3__NETDEBT_EBITDA_qb0of3__C11_EPS_DYN_qmax8__v0,EV_S_qb0of3__NETDEBT_EBITDA_qb0of3,C11_EPS_DYN_qmax8,0.2505137192012432,0.2493935746025917,0.0011201445986515068,-0.5383242915201711,0.6028715683180814,12.43,195.10897435897436
PB_qb0of3__DEBTRATIO_qb2of3__C7_ROE_DYN_ytdavg_gt_lyavg__v0,PB_qb0of3__DEBTRATIO_qb2of3,C7_ROE_DYN_ytdavg_gt_lyavg,0.25047690179861326,0.2682282602009163,-0.01775135840230302,-0.6129700844190551,0.5980416156670747,12.17,90.64
EV_S_qb0of3__FCF_OI_qb2of3__C3_ROE_DYN_qmax4__v0,EV_S_qb0of3__FCF_OI_qb2of3,C3_ROE_DYN_qmax4,0.25043739561543954,0.25036854865378855,6.884696165099236e-05,-0.5973978791036918,0.571893455465831,14.13,100.25961538461539
EV_EBITDA_qb0of3__MOM_qb0of3__C6_ROE_DYN_ytdavg_gt_lyytdavg__v0,EV_EBITDA_qb0of3__MOM_qb0of3,C6_ROE_DYN_ytdavg_gt_lyytdavg,0.2503991019803984,0.29605076490243376,-0.045651662922035374,-0.6160065099846666,0.5410490307867731,16.19,83.07692307692308
EV_S_qb0of3__FCF_OI_qb2of3__None__v0,EV_S_qb0of3__FCF_OI_qb2of3,None,0.25036854865378855,0.25036854865378855,0.0,-0.588653129189735,0.5743503368623677,14.03,106.92307692307692
EV_S_qb0of3__ROE_qb0of3__C6_ROE_DYN_ytdavg_gt_lyytdavg__v0,EV_S_qb0of3__ROE_qb0of3,C6_ROE_DYN_ytdavg_gt_lyytdavg,0.25030747583026125,0.27545209787658775,-0.025144622046326504,-0.6350173959648866,0.5488137728322486,13.12,58.37412587412587
PB_qb0of3__ROIC_qb0of3__C20_FCF_P_DYN_ytdavg_gt_lyytdavg__v0,PB_qb0of3__ROIC_qb0of3,C20_FCF_P_DYN_ytdavg_gt_lyytdavg,0.2502203874099427,0.2968585285009706,-0.04663814109102793,-0.6834199543681097,0.569140625,12.29,110.0
EV_S_qb0of3__MOM_qb0of3__C4_ROE_DYN_qmax8__v0,EV_S_qb0of3__MOM_qb0of3,C4_ROE_DYN_qmax8,0.25021929965385636,0.2463368533766097,0.003882446277246654,-0.6534354925163093,0.5884474167322319,12.06,171.5352564102564
EV_S_qb0of3__MOM_qb0of3__C10_EPS_DYN_qmax4__v0,EV_S_qb0of3__MOM_qb0of3,C10_EPS_DYN_qmax4,0.25013097586708355,0.2463368533766097,0.003794122490473839,-0.6525811784431197,0.5938037865748709,12.18,175.05769230769232
EV_S_qb0of3__MOM_qb0of3__C3_ROE_DYN_qmax4__v0,EV_S_qb0of3__MOM_qb0of3,C3_ROE_DYN_qmax4,0.250118371679076,0.2463368533766097,0.0037815183024663135,-0.6522726190010357,0.5932675104366841,12.14,174.77884615384616
P_IC_qb0of3__FCF_P_qb0of3__C18_FCF_P_DYN_qmax8__v0,P_IC_qb0of3__FCF_P_qb0of3,C18_FCF_P_DYN_qmax8,0.2500729862667348,0.24676479218468828,0.0033081940820465228,-0.6781668890883975,0.5793000088160098,10.52,160.84935897435898
PB_qb0of3__None__C13_EPS_DYN_ytdavg_gt_lyytdavg__v0,PB_qb0of3__None,C13_EPS_DYN_ytdavg_gt_lyytdavg,0.25005026839240596,0.24810685252001274,0.0019434158723932171,-0.5086141380597959,0.5928926680571154,14.71,295.63508771929827
PS_qb0of3__REV_G_qb0of3__C18_FCF_P_DYN_qmax8__v0,PS_qb0of3__REV_G_qb0of3,C18_FCF_P_DYN_qmax8,0.24981591628112132,0.24614762604995466,0.00366829023116666,-0.6712740442286536,0.5860339119093007,12.6,201.5
P_IC_qb0of3__FCF_P_qb0of3__C4_ROE_DYN_qmax8__v0,P_IC_qb0of3__FCF_P_qb0of3,C4_ROE_DYN_qmax8,0.24980827467772926,0.24676479218468828,0.003043482493040983,-0.6759950705692734,0.5831493420471606,10.55,163.97115384615384
EV_S_qb0of3__FCF_P_qb0of3__C7_ROE_DYN_ytdavg_gt_lyavg__v0,EV_S_qb0of3__FCF_P_qb0of3,C7_ROE_DYN_ytdavg_gt_lyavg,0.24979402898343572,0.263255974512552,-0.013461945529116282,-0.5914072695957135,0.5620967741935484,12.0,84.17666666666666
EV_S_qb0of3__FCF_OI_qb2of3__C14_EPS_DYN_ytdavg_gt_lyavg__v0,EV_S_qb0of3__FCF_OI_qb2of3,C14_EPS_DYN_ytdavg_gt_lyavg,0.2497599763165359,0.25036854865378855,-0.0006085723372526441,-0.5551827497087013,0.5659875996457041,15.37,60.873333333333335
EV_S_qb0of3__NETDEBT_EBITDA_qb0of3__C4_ROE_DYN_qmax8__v0,EV_S_qb0of3__NETDEBT_EBITDA_qb0of3,C4_ROE_DYN_qmax8,0.249726900785737,0.2493935746025917,0.0003333261831452994,-0.5398828471920829,0.6,12.42,194.30769230769232
PB_qb0of3__None__C11_EPS_DYN_qmax8__v0,PB_qb0of3__None,C11_EPS_DYN_qmax8,0.2497111135782506,0.24810685252001274,0.0016042610582378547,-0.5908330869990981,0.6141893428333207,12.67,542.1987179487179
PS_qb0of3__None__C14_EPS_DYN_ytdavg_gt_lyavg__v0,PS_qb0of3__None,C14_EPS_DYN_ytdavg_gt_lyavg,0.24970086039304484,0.2448726637138916,0.0048281966791532405,-0.5866924265785272,0.5995206136145733,13.35,313.46666666666664
PB_qb0of3__ROE_qb0of3__C7_ROE_DYN_ytdavg_gt_lyavg__v0,PB_qb0of3__ROE_qb0of3,C7_ROE_DYN_ytdavg_gt_lyavg,0.24968382322791371,0.25732858527987745,-0.007644762051963738,-0.637260809447392,0.5785055957867018,13.41,86.92
P_IC_qb0of3__FCF_P_qb0of3__C11_EPS_DYN_qmax8__v0,P_IC_qb0of3__FCF_P_qb0of3,C11_EPS_DYN_qmax8,0.2496827278209628,0.24676479218468828,0.0029179356362745157,-0.6767661576728667,0.5827932167273373,10.53,164.37179487179486
EV_S_qb0of3__NETDEBT_EBITDA_qb0of3__C18_FCF_P_DYN_qmax8__v0,EV_S_qb0of3__NETDEBT_EBITDA_qb0of3,C18_FCF_P_DYN_qmax8,0.24961093644188836,0.2493935746025917,0.0002173618392966592,-0.5396409412042461,0.6039956636208765,12.4,194.45192307692307
EV_S_qb0of3__FCF_OI_qb2of3__C11_EPS_DYN_qmax8__v0,EV_S_qb0of3__FCF_OI_qb2of3,C11_EPS_DYN_qmax8,0.24957866398571205,0.25036854865378855,-0.0007898846680765015,-0.6049084224923909,0.5712065048427598,14.23,99.13461538461539
PB_qb0of3__None__C10_EPS_DYN_qmax4__v0,PB_qb0of3__None,C10_EPS_DYN_qmax4,0.2494925066969067,0.24810685252001274,0.0013856541768939579,-0.5881744249471139,0.6281824611032532,12.76,549.4903846153846
EV_S_qb0of3__CROIC_qb0of3__C7_ROE_DYN_ytdavg_gt_lyavg__v0,EV_S_qb0of3__CROIC_qb0of3,C7_ROE_DYN_ytdavg_gt_lyavg,0.24946002608100737,0.26619282682343415,-0.01673280074242678,-0.5865461180273257,0.5652760901849602,12.05,82.86
P_IC_qb0of3__FCF_P_qb0of3__C17_FCF_P_DYN_qmax4__v0,P_IC_qb0of3__FCF_P_qb0of3,C17_FCF_P_DYN_qmax4,0.2494553496273686,0.24676479218468828,0.002690557442680319,-0.6758635856083826,0.5851851851851851,10.64,164.31410256410257
EV_EBITDA_qb0of3__EV_S_qb0of3__C6_ROE_DYN_ytdavg_gt_lyytdavg__v0,EV_EBITDA_qb0of3__EV_S_qb0of3,C6_ROE_DYN_ytdavg_gt_lyytdavg,0.24944889524792457,0.29817915134964235,-0.04873025610171777,-0.5953170941805885,0.5727511715624642,12.98,130.5734265734266
PB_qb0of3__None__C4_ROE_DYN_qmax8__v0,PB_qb0of3__None,C4_ROE_DYN_qmax8,0.24942029441628222,0.24810685252001274,0.0013134418962694738,-0.5899760727710288,0.6133362515503028,12.65,540.3846153846154
EV_S_qb0of3__NETDEBT_EBITDA_qb0of3__None__v0,EV_S_qb0of3__NETDEBT_EBITDA_qb0of3,None,0.2493935746025917,0.2493935746025917,0.0,-0.5334293629114759,0.6243943543290499,12.48,208.06730769230768
PB_qb0of3__None__C18_FCF_P_DYN_qmax8__v0,PB_qb0of3__None,C18_FCF_P_DYN_qmax8,0.2493117373044953,0.24810685252001274,0.0012048847844825517,-0.5889629726437113,0.6236799048044028,12.68,541.0480769230769
P_IC_qb2of3__PB_qb0of3__C7_ROE_DYN_ytdavg_gt_lyavg__v0,P_IC_qb2of3__PB_qb0of3,C7_ROE_DYN_ytdavg_gt_lyavg,0.2492742903408769,0.35662042623220547,-0.10734613589132858,-0.6795328697090243,0.5327978580990629,13.42,17.09
PS_qb0of3__REV_G_qb0of3__C17_FCF_P_DYN_qmax4__v0,PS_qb0of3__REV_G_qb0of3,C17_FCF_P_DYN_qmax4,0.2492079065240682,0.24614762604995466,0.0030602804741135525,-0.6727844305548398,0.5941239316239316,12.67,204.84615384615384
PB_qb0of3__OCF_E_qb0of3__None__v0,PB_qb0of3__OCF_E_qb0of3,None,0.24899922644482997,0.24899922644482997,0.0,-0.6095321428799454,0.5821682328672931,12.22,235.59294871794873
PS_qb0of3__REV_G_qb0of3__C10_EPS_DYN_qmax4__v0,PS_qb0of3__REV_G_qb0of3,C10_EPS_DYN_qmax4,0.24895486686005408,0.24614762604995466,0.0028072408100994206,-0.6736922170556754,0.5882792485055508,12.74,204.60576923076923
P_IC_qb0of3__PB_qb0of3__None__v0,P_IC_qb0of3__PB_qb0of3,None,0.24885786529327159,0.24885786529327159,0.0,-0.6248756895102968,0.666882381491668,12.98,401.46794871794873
EV_S_qb0of3__FCF_OI_qb2of3__C4_ROE_DYN_qmax8__v0,EV_S_qb0of3__FCF_OI_qb2of3,C4_ROE_DYN_qmax8,0.24884937006928132,0.25036854865378855,-0.0015191785845072303,-0.6075839444352743,0.5689634654290134,14.22,98.69871794871794
P_IC_qb0of3__MOM_qb0of3__C14_EPS_DYN_ytdavg_gt_lyavg__v0,P_IC_qb0of3__MOM_qb0of3,C14_EPS_DYN_ytdavg_gt_lyavg,0.2487636725575897,0.2291166681243213,0.01964700443326839,-0.5655775896757693,0.5871559633027523,14.37,87.03333333333333
PS_qb0of3__REV_G_qb0of3__C11_EPS_DYN_qmax8__v0,PS_qb0of3__REV_G_qb0of3,C11_EPS_DYN_qmax8,0.2487010113277306,0.24614762604995466,0.0025533852777759325,-0.6782417210707128,0.5824197727725733,12.72,200.87820512820514
PB_qb0of3__None__C3_ROE_DYN_qmax4__v0,PB_qb0of3__None,C3_ROE_DYN_qmax4,0.2486917524347112,0.24810685252001274,0.0005848999146984557,-0.587748346488861,0.6299802082436967,12.74,548.3365384615385
PS_qb0of3__REV_G_qb0of3__C4_ROE_DYN_qmax8__v0,PS_qb0of3__REV_G_qb0of3,C4_ROE_DYN_qmax8,0.2486821016069276,0.24614762604995466,0.0025344755569729482,-0.6807738480234667,0.5821721513983595,12.71,200.375
P_IC_qb0of3__FCF_P_qb0of3__C10_EPS_DYN_qmax4__v0,P_IC_qb0of3__FCF_P_qb0of3,C10_EPS_DYN_qmax4,0.24864775289274932,0.24676479218468828,0.0018829607080610433,-0.6760732114130462,0.5862944162436549,10.63,166.67628205128204
EV_S_qb0of3__FCF_OI_qb2of3__C7_ROE_DYN_ytdavg_gt_lyavg__v0,EV_S_qb0of3__FCF_OI_qb2of3,C7_ROE_DYN_ytdavg_gt_lyavg,0.24863632459148666,0.25036854865378855,-0.0017322240623018903,-0.5544634567647613,0.5696546371750097,15.14,53.64333333333333
PS_qb0of3__EV_S_qb1of3__C6_ROE_DYN_ytdavg_gt_lyytdavg__v0,PS_qb0of3__EV_S_qb1of3,C6_ROE_DYN_ytdavg_gt_lyytdavg,0.2486359902045725,0.2505483171784746,-0.0019123269739020898,-0.6514998423379659,0.5673469387755102,15.79,33.41608391608391
PS_qb0of3__NETDEBT_EBITDA_qb0of3__C14_EPS_DYN_ytdavg_gt_lyavg__v0,PS_qb0of3__NETDEBT_EBITDA_qb0of3,C14_EPS_DYN_ytdavg_gt_lyavg,0.24860039495270225,0.26745436241062004,-0.018853967457917786,-0.5279385064346522,0.571117166212534,12.65,78.76666666666667
P_IC_qb0of3__FCF_P_qb0of3__C3_ROE_DYN_qmax4__v0,P_IC_qb0of3__FCF_P_qb0of3,C3_ROE_DYN_qmax4,0.24856290628171407,0.24676479218468828,0.0017981140970257936,-0.6755097731601021,0.5866365688487585,10.66,166.40064102564102
PB_qb0of3__None__C17_FCF_P_DYN_qmax4__v0,PB_qb0of3__None,C17_FCF_P_DYN_qmax4,0.24849359719468933,0.24810685252001274,0.0003867446746765868,-0.589646835987749,0.637242941791565,12.75,548.4935897435897
PS_qb0of3__NETDEBT_EBITDA_qb0of3__C7_ROE_DYN_ytdavg_gt_lyavg__v0,PS_qb0of3__NETDEBT_EBITDA_qb0of3,C7_ROE_DYN_ytdavg_gt_lyavg,0.24843305274081762,0.26745436241062004,-0.019021309669802422,-0.5400450924051956,0.569620253164557,12.9,68.26666666666667
PB_qb0of3__None__None__v0,PB_qb0of3__None,None,0.24810685252001274,0.24810685252001274,0.0,-0.581639111022691,0.661896677176813,12.77,587.5
PS_qb0of3__REV_G_qb0of3__C3_ROE_DYN_qmax4__v0,PS_qb0of3__REV_G_qb0of3,C3_ROE_DYN_qmax4,0.24810230113149911,0.24614762604995466,0.0019546750815444547,-0.6764561721430409,0.5883040935672514,12.77,204.36217948717947
PS_qb0of3__NETDEBT_EBITDA_qb0of3__C6_ROE_DYN_ytdavg_gt_lyytdavg__v0,PS_qb0of3__NETDEBT_EBITDA_qb0of3,C6_ROE_DYN_ytdavg_gt_lyytdavg,0.2480431185978058,0.26745436241062004,-0.019411243812814227,-0.5229044769045139,0.567711247901511,12.37,66.15034965034965
P_IC_qb0of3__CROIC_qb0of3__C14_EPS_DYN_ytdavg_gt_lyavg__v0,P_IC_qb0of3__CROIC_qb0of3,C14_EPS_DYN_ytdavg_gt_lyavg,0.24786018978643498,0.23275669090326345,0.015103498883171529,-0.604041096993712,0.5876865671641791,11.15,87.62666666666667
PB_qb0of3__CROIC_qb2of3__C18_FCF_P_DYN_qmax8__v0,PB_qb0of3__CROIC_qb2of3,C18_FCF_P_DYN_qmax8,0.24780600471833192,0.25343889949705045,-0.0056328947787185335,-0.6001892959461412,0.5739139716084961,13.1,118.9551282051282
PB_qb0of3__None__C6_ROE_DYN_ytdavg_gt_lyytdavg__v0,PB_qb0of3__None,C6_ROE_DYN_ytdavg_gt_lyytdavg,0.2477606066240856,0.24810685252001274,-0.00034624589592713306,-0.530913550399364,0.5938792390405294,14.64,255.12587412587413
PB_qb0of3__FCF_P_qb0of3__C20_FCF_P_DYN_ytdavg_gt_lyytdavg__v0,PB_qb0of3__FCF_P_qb0of3,C20_FCF_P_DYN_ytdavg_gt_lyytdavg,0.24772631628212105,0.2941446739413014,-0.04641835765918034,-0.6016515141966389,0.5569425181075667,13.05,66.5
PS_qb0of3__FCF_OI_qb0of3__C7_ROE_DYN_ytdavg_gt_lyavg__v0,PS_qb0of3__FCF_OI_qb0of3,C7_ROE_DYN_ytdavg_gt_lyavg,0.2477218338750502,0.25060018242043824,-0.002878348545388043,-0.582537994606816,0.5611581401055086,11.64,90.88
PB_qb0of3__CROIC_qb2of3__C17_FCF_P_DYN_qmax4__v0,PB_qb0of3__CROIC_qb2of3,C17_FCF_P_DYN_qmax4,0.24742397518639625,0.25343889949705045,-0.006014924310654202,-0.6000432119151684,0.5749285871237091,13.14,120.0448717948718
PS_qb0of3__EV_S_qb1of3__C10_EPS_DYN_qmax4__v0,PS_qb0of3__EV_S_qb1of3,C10_EPS_DYN_qmax4,0.247404806291188,0.2505483171784746,-0.0031435108872865936,-0.6109644188916408,0.5856296677826422,14.45,71.2275641025641
P_IC_qb0of3__FCF_OI_qb0of3__C18_FCF_P_DYN_qmax8__v0,P_IC_qb0of3__FCF_OI_qb0of3,C18_FCF_P_DYN_qmax8,0.24696465735834372,0.2378513417628798,0.009113315595463911,-0.659724965494223,0.5816518467852257,11.0,163.78846153846155
PB_qb0of3__CROIC_qb2of3__C4_ROE_DYN_qmax8__v0,PB_qb0of3__CROIC_qb2of3,C4_ROE_DYN_qmax8,0.24693498351857746,0.25343889949705045,-0.006503915978472996,-0.6112792341346394,0.568,13.05,115.89102564102564
PS_qb0of3__REV_G_qb2of3__C20_FCF_P_DYN_ytdavg_gt_lyytdavg__v0,PS_qb0of3__REV_G_qb2of3,C20_FCF_P_DYN_ytdavg_gt_lyytdavg,0.24688532092600068,0.25152805548918167,-0.0046427345631809835,-0.5681658258417048,0.5594042258399723,13.55,76.84615384615384
EV_S_qb0of3__MOM_qb0of3__C17_FCF_P_DYN_qmax4__v0,EV_S_qb0of3__MOM_qb0of3,C17_FCF_P_DYN_qmax4,0.24683803547458227,0.2463368533766097,0.0005011820979725634,-0.649835573853442,0.5937208992949314,12.24,175.12179487179486
P_IC_qb0of3__FCF_P_qb0of3__None__v0,P_IC_qb0of3__FCF_P_qb0of3,None,0.24676479218468828,0.24676479218468828,0.0,-0.6743484585042512,0.5930507034274384,10.71,170.84294871794873
P_IC_qb2of3__PB_qb0of3__C6_ROE_DYN_ytdavg_gt_lyytdavg__v0,P_IC_qb2of3__PB_qb0of3,C6_ROE_DYN_ytdavg_gt_lyytdavg,0.2467351766240764,0.35662042623220547,-0.10988524960812907,-0.6754049525598302,0.509020618556701,16.48,16.17132867132867
P_IC_qb0of3__FCF_OI_qb0of3__C11_EPS_DYN_qmax8__v0,P_IC_qb0of3__FCF_OI_qb0of3,C11_EPS_DYN_qmax8,0.24670078727414824,0.2378513417628798,0.008849445511268428,-0.6598744645655236,0.5834336831240323,11.02,167.20192307692307
P_IC_qb0of3__DEBTRATIO_qb2of3__C14_EPS_DYN_ytdavg_gt_lyavg__v0,P_IC_qb0of3__DEBTRATIO_qb2of3,C14_EPS_DYN_ytdavg_gt_lyavg,0.2466418158446948,0.23782741237160687,0.008814403473087928,-0.647666632411755,0.6108931456265867,12.55,110.31333333333333
EV_S_qb0of3__MOM_qb0of3__C18_FCF_P_DYN_qmax8__v0,EV_S_qb0of3__MOM_qb0of3,C18_FCF_P_DYN_qmax8,0.2465566860653814,0.2463368533766097,0.00021983268877168172,-0.6488726364946928,0.5888749752850458,12.13,172.2403846153846
P_IC_qb0of3__FCF_OI_qb0of3__C4_ROE_DYN_qmax8__v0,P_IC_qb0of3__FCF_OI_qb0of3,C4_ROE_DYN_qmax8,0.2464614763639661,0.2378513417628798,0.008610134601086283,-0.6591755575530668,0.5836898853328769,11.06,166.78846153846155
P_IC_qb0of3__EV_S_qb0of3__C20_FCF_P_DYN_ytdavg_gt_lyytdavg__v0,P_IC_qb0of3__EV_S_qb0of3,C20_FCF_P_DYN_ytdavg_gt_lyytdavg,0.24643975143674157,0.28270982110424026,-0.03627006966749868,-0.699526427682654,0.5902104911460073,13.55,111.55944055944056
EV_S_qb0of3__MOM_qb0of3__None__v0,EV_S_qb0of3__MOM_qb0of3,None,0.2463368533766097,0.2463368533766097,0.0,-0.6439765599613099,0.5959111227977912,12.39,185.12179487179486
PS_qb0of3__None__C10_EPS_DYN_qmax4__v0,PS_qb0of3__None,C10_EPS_DYN_qmax4,0.24630722311063002,0.2448726637138916,0.0014345593967384218,-0.5970114915697906,0.6272845953002611,12.8,547.4967948717949
PS_qb0of3__EV_S_qb1of3__C11_EPS_DYN_qmax8__v0,PS_qb0of3__EV_S_qb1of3,C11_EPS_DYN_qmax8,0.2462954886961657,0.2505483171784746,-0.004252828482308901,-0.6203180147405363,0.582306554953179,14.32,70.16025641025641
EV_S_qb0of3__CROIC_qb0of3__C13_EPS_DYN_ytdavg_gt_lyytdavg__v0,EV_S_qb0of3__CROIC_qb0of3,C13_EPS_DYN_ytdavg_gt_lyytdavg,0.24628822312045284,0.26619282682343415,-0.019904603702981305,-0.57694318134622,0.559694585839889,12.11,96.97894736842105
P_IC_qb0of3__FCF_OI_qb0of3__C17_FCF_P_DYN_qmax4__v0,P_IC_qb0of3__FCF_OI_qb0of3,C17_FCF_P_DYN_qmax4,0.24624556407725318,0.2378513417628798,0.008394222314373367,-0.6590601138990173,0.5871567681375559,11.12,167.31730769230768
EV_S_qb0of3__REV_G_qb2of3__C20_FCF_P_DYN_ytdavg_gt_lyytdavg__v0,EV_S_qb0of3__REV_G_qb2of3,C20_FCF_P_DYN_ytdavg_gt_lyytdavg,0.24620144882256612,0.25623793624239943,-0.010036487419833318,-0.5489867550637098,0.5618689029608078,13.77,78.0944055944056
PS_qb0of3__None__C18_FCF_P_DYN_qmax8__v0,PS_qb0of3__None,C18_FCF_P_DYN_qmax8,0.24618680399351622,0.2448726637138916,0.0013141402796246204,-0.5972648057148875,0.6226130273982942,12.72,538.0416666666666
ACCRUAL_qb0of3__MOM_qb0of3__C3_ROE_DYN_qmax4__v0,ACCRUAL_qb0of3__MOM_qb0of3,C3_ROE_DYN_qmax4,0.2461745412193721,0.24261078304886974,0.0035637581705023624,-0.6040463039643298,0.5501764217517642,12.68,190.84294871794873
PS_qb0of3__None__C17_FCF_P_DYN_qmax4__v0,PS_qb0of3__None,C17_FCF_P_DYN_qmax4,0.24617452501837622,0.2448726637138916,0.0013018613044846195,-0.5969014516691615,0.6416938110749185,12.77,546.9166666666666
EV_S_qb0of3__REV_G_qb2of3__C14_EPS_DYN_ytdavg_gt_lyavg__v0,EV_S_qb0of3__REV_G_qb2of3,C14_EPS_DYN_ytdavg_gt_lyavg,0.24615450723951127,0.25623793624239943,-0.010083429002888167,-0.5559501489259986,0.5556640625,12.75,107.24666666666667
PS_qb0of3__REV_G_qb0of3__None__v0,PS_qb0of3__REV_G_qb0of3,None,0.24614762604995466,0.24614762604995466,0.0,-0.6717795887091149,0.6019836639439906,12.8,217.23717948717947
PB_qb0of3__NETDEBT_EBITDA_qb0of3__C13_EPS_DYN_ytdavg_gt_lyytdavg__v0,PB_qb0of3__NETDEBT_EBITDA_qb0of3,C13_EPS_DYN_ytdavg_gt_lyytdavg,0.2461121046679824,0.26745873747440063,-0.021346632806418242,-0.5407451250995787,0.5745581279561862,13.34,75.99298245614035
EV_S_qb0of3__NETDEBT_EBITDA_qb2of3__C3_ROE_DYN_qmax4__v0,EV_S_qb0of3__NETDEBT_EBITDA_qb2of3,C3_ROE_DYN_qmax4,0.24607426296600932,0.2416553007072897,0.0044189622587196276,-0.7046744910507554,0.6012670378191591,12.36,124.61858974358974
PB_qb0of3__CROIC_qb2of3__C10_EPS_DYN_qmax4__v0,PB_qb0of3__CROIC_qb2of3,C10_EPS_DYN_qmax4,0.2460196441953133,0.25343889949705045,-0.007419255301737149,-0.6026691890916362,0.5696328150843533,13.2,118.50961538461539
PS_qb0of3__None__C11_EPS_DYN_qmax8__v0,PS_qb0of3__None,C11_EPS_DYN_qmax8,0.24596859094712298,0.2448726637138916,0.0010959272332313752,-0.6005960763800029,0.610160508782556,12.75,538.6602564102565
EV_S_qb0of3__NETDEBT_EBITDA_qb2of3__C17_FCF_P_DYN_qmax4__v0,EV_S_qb0of3__NETDEBT_EBITDA_qb2of3,C17_FCF_P_DYN_qmax4,0.24583307569741608,0.2416553007072897,0.004177774990126393,-0.7035359101128016,0.6026243634939287,12.45,125.39423076923077
EV_S_qb0of3__NETDEBT_EBITDA_qb2of3__C10_EPS_DYN_qmax4__v0,EV_S_qb0of3__NETDEBT_EBITDA_qb2of3,C10_EPS_DYN_qmax4,0.24579905216605646,0.2416553007072897,0.004143751458766776,-0.705156626740062,0.6010812898242904,12.36,124.76923076923077
PB_qb0of3__CROIC_qb2of3__C11_EPS_DYN_qmax8__v0,PB_qb0of3__CROIC_qb2of3,C11_EPS_DYN_qmax8,0.24563302321398428,0.25343889949705045,-0.007805876283066171,-0.6092360301817343,0.5682186453494653,13.12,116.70833333333333
PB_qb0of3__CROIC_qb2of3__C3_ROE_DYN_qmax4__v0,PB_qb0of3__CROIC_qb2of3,C3_ROE_DYN_qmax4,0.24554355601508648,0.25343889949705045,-0.007895343481963968,-0.604946971175484,0.5710991544965411,13.18,118.09294871794872
PS_qb0of3__None__C4_ROE_DYN_qmax8__v0,PS_qb0of3__None,C4_ROE_DYN_qmax8,0.24551129894640122,0.2448726637138916,0.0006386352325096212,-0.6003153672191325,0.6073722627737226,12.75,536.8365384615385
PS_qb0of3__None__C3_ROE_DYN_qmax4__v0,PS_qb0of3__None,C3_ROE_DYN_qmax4,0.24550655199982785,0.2448726637138916,0.000633888285936246,-0.597622623085696,0.6269185360094451,12.8,546.4775641025641
EV_S_qb0of3__DEBTRATIO_qb0of3__C10_EPS_DYN_qmax4__v0,EV_S_qb0of3__DEBTRATIO_qb0of3,C10_EPS_DYN_qmax4,0.24540998405093184,0.2439435216461272,0.001466462404804636,-0.5395080621627083,0.6176470588235294,12.61,181.15064102564102
EV_S_qb0of3__DEBTRATIO_qb0of3__C3_ROE_DYN_qmax4__v0,EV_S_qb0of3__DEBTRATIO_qb0of3,C3_ROE_DYN_qmax4,0.24537237612460983,0.2439435216461272,0.0014288544784826218,-0.540532338426629,0.6149766652524395,12.59,180.77884615384616
EV_S_qb0of3__NETDEBT_EBITDA_qb2of3__C18_FCF_P_DYN_qmax8__v0,EV_S_qb0of3__NETDEBT_EBITDA_qb2of3,C18_FCF_P_DYN_qmax8,0.2453355762774423,0.2416553007072897,0.0036802755701526024,-0.7009787758087633,0.5949644225506294,12.45,123.3301282051282
P_IC_qb0of3__FCF_OI_qb0of3__C10_EPS_DYN_qmax4__v0,P_IC_qb0of3__FCF_OI_qb0of3,C10_EPS_DYN_qmax4,0.2451794969697978,0.2378513417628798,0.007328155206917986,-0.6596843234533591,0.5872205597606055,11.14,169.625
ACCRUAL_qb0of3__MOM_qb0of3__C10_EPS_DYN_qmax4__v0,ACCRUAL_qb0of3__MOM_qb0of3,C10_EPS_DYN_qmax4,0.24512254834981295,0.24261078304886974,0.002511765300943214,-0.6032093773001418,0.5505676222072469,12.78,191.09935897435898
PS_qb0of3__OCF_E_qb2of3__C6_ROE_DYN_ytdavg_gt_lyytdavg__v0,PS_qb0of3__OCF_E_qb2of3,C6_ROE_DYN_ytdavg_gt_lyytdavg,0.24504179753897937,0.25989508506420633,-0.014853287525226966,-0.5619722493725918,0.5637975778546713,15.82,113.1923076923077
EV_S_qb0of3__DEBTRATIO_qb0of3__C17_FCF_P_DYN_qmax4__v0,EV_S_qb0of3__DEBTRATIO_qb0of3,C17_FCF_P_DYN_qmax4,0.24499828793211664,0.2439435216461272,0.0010547662859894391,-0.5377314128375681,0.6237201365187713,12.58,180.99679487179486
PS_qb0of3__None__None__v0,PS_qb0of3__None,None,0.2448726637138916,0.2448726637138916,0.0,-0.5944347366663864,0.6717755928282244,12.89,578.7564102564103
P_IC_qb0of3__FCF_OI_qb0of3__C3_ROE_DYN_qmax4__v0,P_IC_qb0of3__FCF_OI_qb0of3,C3_ROE_DYN_qmax4,0.2448488754112601,0.2378513417628798,0.006997533648380294,-0.6592948134976746,0.5877093013062155,11.18,169.34615384615384
EV_S_qb0of3__DEBTRATIO_qb0of3__C11_EPS_DYN_qmax8__v0,EV_S_qb0of3__DEBTRATIO_qb0of3,C11_EPS_DYN_qmax8,0.24481112140011496,0.2439435216461272,0.0008675997539877578,-0.5434556099463017,0.610051993067591,12.58,179.02243589743588
EV_S_qb0of3__NETDEBT_EBITDA_qb2of3__C4_ROE_DYN_qmax8__v0,EV_S_qb0of3__NETDEBT_EBITDA_qb2of3,C4_ROE_DYN_qmax8,0.24470336867154452,0.2416553007072897,0.0030480679642548303,-0.711484663084107,0.5954496978314966,12.39,122.16025641025641
PS_qb0of3__FCF_P_qb2of3__C6_ROE_DYN_ytdavg_gt_lyytdavg__v0,PS_qb0of3__FCF_P_qb2of3,C6_ROE_DYN_ytdavg_gt_lyytdavg,0.24465831049560838,0.2549527360051831,-0.010294425509574712,-0.6016141855167155,0.5687647893989588,16.31,128.65034965034965
REVENUE_qb0of3__MOM_qb0of3__C7_ROE_DYN_ytdavg_gt_lyavg__v0,REVENUE_qb0of3__MOM_qb0of3,C7_ROE_DYN_ytdavg_gt_lyavg,0.24445348178493864,0.262388694998801,-0.017935213213862378,-0.5461722778027616,0.5506960556844548,15.68,91.28
P_IC_qb0of3__CROIC_qb0of3__C7_ROE_DYN_ytdavg_gt_lyavg__v0,P_IC_qb0of3__CROIC_qb0of3,C7_ROE_DYN_ytdavg_gt_lyavg,0.24424242994350043,0.23275669090326345,0.011485739040236975,-0.5940046596158562,0.5863736263736263,10.96,76.30666666666667
PB_qb0of3__MOM_qb0of3__C20_FCF_P_DYN_ytdavg_gt_lyytdavg__v0,PB_qb0of3__MOM_qb0of3,C20_FCF_P_DYN_ytdavg_gt_lyytdavg,0.24424102671830217,0.28920040010002857,-0.0449593733817264,-0.7115557062736877,0.5730850707994202,15.52,81.68881118881119
EV_S_qb0of3__DEBTRATIO_qb0of3__C18_FCF_P_DYN_qmax8__v0,EV_S_qb0of3__DEBTRATIO_qb0of3,C18_FCF_P_DYN_qmax8,0.24415172910933003,0.2439435216461272,0.00020820746320282524,-0.5410654513732008,0.6185255198487712,12.58,178.69871794871796
REVENUE_qb0of3__P_IC_qb1of3__C7_ROE_DYN_ytdavg_gt_lyavg__v0,REVENUE_qb0of3__P_IC_qb1of3,C7_ROE_DYN_ytdavg_gt_lyavg,0.24414397723564973,0.2632856463559605,-0.01914166912031079,-0.4209155293201178,0.5461300309597523,13.37,64.05666666666667
EV_S_qb0of3__DEBTRATIO_qb0of3__C4_ROE_DYN_qmax8__v0,EV_S_qb0of3__DEBTRATIO_qb0of3,C4_ROE_DYN_qmax8,0.2441207244134187,0.2439435216461272,0.00017720276729149553,-0.5450063091619846,0.6073504594037127,12.57,178.43910256410257
EV_S_qb0of3__OCF_E_qb0of3__C7_ROE_DYN_ytdavg_gt_lyavg__v0,EV_S_qb0of3__OCF_E_qb0of3,C7_ROE_DYN_ytdavg_gt_lyavg,0.24407546812271308,0.2580871066389079,-0.014011638516194802,-0.5977509271391767,0.5648025443943812,12.49,84.3
EV_S_qb0of3__DEBTRATIO_qb0of3__None__v0,EV_S_qb0of3__DEBTRATIO_qb0of3,None,0.2439435216461272,0.2439435216461272,0.0,-0.5383779426767292,0.6330501507262264,12.65,185.03205128205127
VOL_qb2of3__P_IC_qb1of3__C4_ROE_DYN_qmax8__v0,VOL_qb2of3__P_IC_qb1of3,C4_ROE_DYN_qmax8,0.2438441632950703,0.2519290447384108,-0.00808488144334052,-0.5370303011769825,0.5381672087239334,11.81,157.0897435897436
EV_S_qb0of3__NETDEBT_EBITDA_qb2of3__C11_EPS_DYN_qmax8__v0,EV_S_qb0of3__NETDEBT_EBITDA_qb2of3,C11_EPS_DYN_qmax8,0.24382598261832644,0.2416553007072897,0.0021706819110367537,-0.7121248920654926,0.5958019375672766,12.41,122.40705128205128
P_IC_qb0of3__ROIC_qb2of3__C14_EPS_DYN_ytdavg_gt_lyavg__v0,P_IC_qb0of3__ROIC_qb2of3,C14_EPS_DYN_ytdavg_gt_lyavg,0.24381706255331603,0.25081126147997335,-0.0069941989266573135,-0.615142990719804,0.5424929178470255,15.56,32.233333333333334
EV_S_qb0of3__FCF_P_qb0of3__C13_EPS_DYN_ytdavg_gt_lyytdavg__v0,EV_S_qb0of3__FCF_P_qb0of3,C13_EPS_DYN_ytdavg_gt_lyytdavg,0.24379761103140662,0.263255974512552,-0.01945836348114538,-0.5805665338908684,0.5577565357595301,11.98,98.61052631578947
VOL_qb2of3__P_IC_qb1of3__C3_ROE_DYN_qmax4__v0,VOL_qb2of3__P_IC_qb1of3,C3_ROE_DYN_qmax4,0.2436562250815959,0.2519290447384108,-0.008272819656814923,-0.5347663176707107,0.5393838954961981,11.91,159.2147435897436
ACCRUAL_qb0of3__MOM_qb0of3__C4_ROE_DYN_qmax8__v0,ACCRUAL_qb0of3__MOM_qb0of3,C4_ROE_DYN_qmax8,0.24363643379338296,0.24261078304886974,0.001025650744513218,-0.6100116509940374,0.5469026548672566,12.68,186.70833333333334
EV_S_qb0of3__ROE_qb0of3__C20_FCF_P_DYN_ytdavg_gt_lyytdavg__v0,EV_S_qb0of3__ROE_qb0of3,C20_FCF_P_DYN_ytdavg_gt_lyytdavg,0.2435885272230809,0.27545209787658775,-0.03186357065350687,-0.6836484697210663,0.5566188197767146,12.51,80.77622377622377
PS_qb0of3__EV_S_qb1of3__C4_ROE_DYN_qmax8__v0,PS_qb0of3__EV_S_qb1of3,C4_ROE_DYN_qmax8,0.24358452123953955,0.2505483171784746,-0.006963795938935036,-0.6207491379827295,0.5856827653836725,14.35,69.96794871794872
PS_qb0of3__ROE_qb2of3__C14_EPS_DYN_ytdavg_gt_lyavg__v0,PS_qb0of3__ROE_qb2of3,C14_EPS_DYN_ytdavg_gt_lyavg,0.2435768375669023,0.25769526459019176,-0.01411842702328947,-0.5563751447508851,0.5690677431563013,15.24,137.96
P_IC_qb0of3__DEBTRATIO_qb2of3__C7_ROE_DYN_ytdavg_gt_lyavg__v0,P_IC_qb0of3__DEBTRATIO_qb2of3,C7_ROE_DYN_ytdavg_gt_lyavg,0.2435049657283288,0.23782741237160687,0.005677553356721932,-0.6645660902166586,0.5949940405244338,12.05,98.5
VOL_qb2of3__P_IC_qb1of3__C11_EPS_DYN_qmax8__v0,VOL_qb2of3__P_IC_qb1of3,C11_EPS_DYN_qmax8,0.24326365187302512,0.2519290447384108,-0.008665392865385702,-0.5382308158941314,0.5394433781190019,11.85,157.5352564102564
PS_qb0of3__REV_G_qb2of3__C14_EPS_DYN_ytdavg_gt_lyavg__v0,PS_qb0of3__REV_G_qb2of3,C14_EPS_DYN_ytdavg_gt_lyavg,0.24306558399836709,0.25152805548918167,-0.008462471490814583,-0.5628923646012285,0.5576696413537633,13.02,103.35
PS_qb0of3__NETDEBT_EBITDA_qb2of3__C6_ROE_DYN_ytdavg_gt_lyytdavg__v0,PS_qb0of3__NETDEBT_EBITDA_qb2of3,C6_ROE_DYN_ytdavg_gt_lyytdavg,0.24296783763993646,0.25151199404701585,-0.008544156407079395,-0.6836808768070453,0.5744278815872349,14.76,82.18531468531468
P_IC_qb0of3__ROE_qb2of3__C7_ROE_DYN_ytdavg_gt_lyavg__v0,P_IC_qb0of3__ROE_qb2of3,C7_ROE_DYN_ytdavg_gt_lyavg,0.2428960818225787,0.23202713596514424,0.010868945857434475,-0.6228279830995633,0.569129916567342,14.02,74.59666666666666
VOL_qb2of3__P_IC_qb1of3__C10_EPS_DYN_qmax4__v0,VOL_qb2of3__P_IC_qb1of3,C10_EPS_DYN_qmax4,0.2427209144293454,0.2519290447384108,-0.009208130309065421,-0.5367539362993705,0.5394608321937878,11.96,159.50320512820514
ACCRUAL_qb0of3__MOM_qb0of3__None__v0,ACCRUAL_qb0of3__MOM_qb0of3,None,0.24261078304886974,0.24261078304886974,0.0,-0.5945871539579413,0.5482532860212904,12.88,205.80128205128204
P_IC_qb0of3__PS_qb0of3__C12_EPS_DYN_yoy__v0,P_IC_qb0of3__PS_qb0of3,C12_EPS_DYN_yoy,0.2425841767182244,0.2993443569447043,-0.056760180226479884,-0.686793899166769,0.568796992481203,13.5,10.203065134099617
ACCRUAL_qb0of3__MOM_qb0of3__C11_EPS_DYN_qmax8__v0,ACCRUAL_qb0of3__MOM_qb0of3,C11_EPS_DYN_qmax8,0.2424180557849427,0.24261078304886974,-0.00019272726392705053,-0.6076701401849953,0.5474444964384132,12.84,187.19551282051282
P_IC_qb0of3__CROIC_qb0of3__C18_FCF_P_DYN_qmax8__v0,P_IC_qb0of3__CROIC_qb0of3,C18_FCF_P_DYN_qmax8,0.24232469329884787,0.23275669090326345,0.009568002395584418,-0.6798616932975536,0.5828277721604315,10.71,160.125
P_IC_qb0of3__CROIC_qb0of3__C11_EPS_DYN_qmax8__v0,P_IC_qb0of3__CROIC_qb0of3,C11_EPS_DYN_qmax8,0.2422321405627177,0.23275669090326345,0.009475449659454238,-0.678443249102636,0.5861223799864773,10.71,163.76282051282053
PS_qb0of3__ROE_qb0of3__C20_FCF_P_DYN_ytdavg_gt_lyytdavg__v0,PS_qb0of3__ROE_qb0of3,C20_FCF_P_DYN_ytdavg_gt_lyytdavg,0.2422152838792686,0.27061932472160555,-0.02840404084233694,-0.6900938344061003,0.5652691049658043,13.05,87.44755244755245
P_IC_qb0of3__CROIC_qb0of3__C17_FCF_P_DYN_qmax4__v0,P_IC_qb0of3__CROIC_qb0of3,C17_FCF_P_DYN_qmax4,0.24209651137274624,0.23275669090326345,0.009339820469482785,-0.6775899209759975,0.5881441968510711,10.82,163.625
P_IC_qb0of3__CROIC_qb0of3__C4_ROE_DYN_qmax8__v0,P_IC_qb0of3__CROIC_qb0of3,C4_ROE_DYN_qmax8,0.24203551360859876,0.23275669090326345,0.00927882270533531,-0.6768467497781179,0.5858526315789474,10.73,163.34615384615384
P_IC_qb0of3__OCF_E_qb2of3__C17_FCF_P_DYN_qmax4__v0,P_IC_qb0of3__OCF_E_qb2of3,C17_FCF_P_DYN_qmax4,0.24197910862173955,0.23937264791212765,0.002606460709611902,-0.652404211538086,0.5771053590958805,13.14,160.375
ROIC_qb0of3__MOM_qb0of3__C14_EPS_DYN_ytdavg_gt_lyavg__v0,ROIC_qb0of3__MOM_qb0of3,C14_EPS_DYN_ytdavg_gt_lyavg,0.24183594420245136,0.2370598601423286,0.004776084060122754,-0.6467331459418548,0.5374219309921163,12.08,99.20333333333333
PS_qb0of3__None__C7_ROE_DYN_ytdavg_gt_lyavg__v0,PS_qb0of3__None,C7_ROE_DYN_ytdavg_gt_lyavg,0.24173438217407606,0.2448726637138916,-0.003138281539815546,-0.6045029262670218,0.593940586267952,13.51,274.29
EV_S_qb0of3__NETDEBT_EBITDA_qb2of3__None__v0,EV_S_qb0of3__NETDEBT_EBITDA_qb2of3,None,0.2416553007072897,0.2416553007072897,0.0,-0.7024094203871356,0.6139198949441891,12.6,132.0
PS_qb0of3__DEBTRATIO_qb0of3__C14_EPS_DYN_ytdavg_gt_lyavg__v0,PS_qb0of3__DEBTRATIO_qb0of3,C14_EPS_DYN_ytdavg_gt_lyavg,0.24158628773478297,0.2593996362704869,-0.017813348535703932,-0.5337199950342808,0.5800995024875621,12.97,71.04333333333334
PB_qb0of3__DEBTRATIO_qb2of3__C6_ROE_DYN_ytdavg_gt_lyytdavg__v0,PB_qb0of3__DEBTRATIO_qb2of3,C6_ROE_DYN_ytdavg_gt_lyytdavg,0.24150275161152046,0.2682282602009163,-0.02672550858939582,-0.6077897923145561,0.5877790834312574,12.95,87.82867132867133
P_IC_qb0of3__OCF_E_qb2of3__C10_EPS_DYN_qmax4__v0,P_IC_qb0of3__OCF_E_qb2of3,C10_EPS_DYN_qmax4,0.24143732920975802,0.23937264791212765,0.0020646812976303774,-0.654759753763082,0.5756491421231306,13.16,158.71153846153845
P_IC_qb0of3__OCF_E_qb2of3__C11_EPS_DYN_qmax8__v0,P_IC_qb0of3__OCF_E_qb2of3,C11_EPS_DYN_qmax8,0.24139114491863745,0.23937264791212765,0.0020184970065098007,-0.6624865647692164,0.5737413271659847,13.09,156.22435897435898
EV_S_qb0of3__FCF_OI_qb2of3__C17_FCF_P_DYN_qmax4__v0,EV_S_qb0of3__FCF_OI_qb2of3,C17_FCF_P_DYN_qmax4,0.2413634950081367,0.25036854865378855,-0.00900505364565185,-0.5989444365576442,0.5732468780019212,14.33,101.80448717948718
P_IC_qb0of3__OCF_E_qb0of3__C18_FCF_P_DYN_qmax8__v0,P_IC_qb0of3__OCF_E_qb0of3,C18_FCF_P_DYN_qmax8,0.24104936513146002,0.23284078568524258,0.008208579446217446,-0.622458049613932,0.5815295815295816,11.57,169.8653846153846
ACCRUAL_qb0of3__MOM_qb0of3__C17_FCF_P_DYN_qmax4__v0,ACCRUAL_qb0of3__MOM_qb0of3,C17_FCF_P_DYN_qmax4,0.24104020868741705,0.24261078304886974,-0.0015705743614526924,-0.601363987019464,0.5494278940315431,12.93,193.80128205128204
P_IC_qb0of3__OCF_E_qb2of3__C18_FCF_P_DYN_qmax8__v0,P_IC_qb0of3__OCF_E_qb2of3,C18_FCF_P_DYN_qmax8,0.24099896450784697,0.23937264791212765,0.0016263165957193237,-0.6552817796597091,0.5752953623699524,13.21,158.83333333333334
EV_S_qb0of3__FCF_OI_qb2of3__C18_FCF_P_DYN_qmax8__v0,EV_S_qb0of3__FCF_OI_qb2of3,C18_FCF_P_DYN_qmax8,0.2409044503595683,0.25036854865378855,-0.009464098294220236,-0.5997157305468648,0.5721051385271134,14.36,101.23076923076923
P_IC_qb0of3__CROIC_qb0of3__C10_EPS_DYN_qmax4__v0,P_IC_qb0of3__CROIC_qb0of3,C10_EPS_DYN_qmax4,0.24088755276338314,0.23275669090326345,0.008130861860119687,-0.6782076396143348,0.589374892371276,10.82,166.10897435897436
PS_qb0of3__OCF_E_qb0of3__C7_ROE_DYN_ytdavg_gt_lyavg__v0,PS_qb0of3__OCF_E_qb0of3,C7_ROE_DYN_ytdavg_gt_lyavg,0.2406679906491518,0.25819623576113093,-0.017528245111979146,-0.6253656403146134,0.5582163501238646,12.83,82.82666666666667
PS_qb0of3__EV_S_qb1of3__C3_ROE_DYN_qmax4__v0,PS_qb0of3__EV_S_qb1of3,C3_ROE_DYN_qmax4,0.24061078091502663,0.2505483171784746,-0.009937536263447955,-0.6166345232456001,0.5886889460154242,14.58,71.11858974358974
P_IC_qb0of3__FCF_P_qb2of3__C7_ROE_DYN_ytdavg_gt_lyavg__v0,P_IC_qb0of3__FCF_P_qb2of3,C7_ROE_DYN_ytdavg_gt_lyavg,0.24055862621649604,0.21831878065563526,0.022239845560860783,-0.5733788712048746,0.5783761218952203,16.08,144.40666666666667
P_IC_qb0of3__OCF_E_qb2of3__C3_ROE_DYN_qmax4__v0,P_IC_qb0of3__OCF_E_qb2of3,C3_ROE_DYN_qmax4,0.2405264367120643,0.23937264791212765,0.0011537887999366614,-0.6559202907110301,0.5759707629054363,13.19,158.3653846153846
PS_qb0of3__ROE_qb2of3__C6_ROE_DYN_ytdavg_gt_lyytdavg__v0,PS_qb0of3__ROE_qb2of3,C6_ROE_DYN_ytdavg_gt_lyytdavg,0.24051448936381137,0.25769526459019176,-0.017180775226380396,-0.566392948853948,0.5672236503856041,14.97,119.44405594405595
P_IC_qb0of3__FCF_P_qb0of3__C6_ROE_DYN_ytdavg_gt_lyytdavg__v0,P_IC_qb0of3__FCF_P_qb0of3,C6_ROE_DYN_ytdavg_gt_lyytdavg,0.2405113401685124,0.24676479218468828,-0.006253452016175887,-0.6062982112352813,0.5800062383031815,11.67,74.45104895104895
EV_S_qb0of3__ACCRUAL_qb0of3__C20_FCF_P_DYN_ytdavg_gt_lyytdavg__v0,EV_S_qb0of3__ACCRUAL_qb0of3,C20_FCF_P_DYN_ytdavg_gt_lyytdavg,0.2404695923298108,0.2618628878173679,-0.021393295487557085,-0.5912488479550043,0.5596987167565557,14.14,118.13986013986013
PS_qb0of3__FCF_P_qb2of3__C13_EPS_DYN_ytdavg_gt_lyytdavg__v0,PS_qb0of3__FCF_P_qb2of3,C13_EPS_DYN_ytdavg_gt_lyytdavg,0.24034739362747537,0.2549527360051831,-0.01460534237770772,-0.5798887485913637,0.5687661203095099,16.09,148.30526315789473
PS_qb0of3__ACCRUAL_qb0of3__C13_EPS_DYN_ytdavg_gt_lyytdavg__v0,PS_qb0of3__ACCRUAL_qb0of3,C13_EPS_DYN_ytdavg_gt_lyytdavg,0.24032541352294268,0.27726842466212576,-0.03694301113918308,-0.5680396904850461,0.5611282153143311,14.18,105.3859649122807
P_IC_qb0of3__CROIC_qb0of3__C3_ROE_DYN_qmax4__v0,P_IC_qb0of3__CROIC_qb0of3,C3_ROE_DYN_qmax4,0.24024731769077667,0.23275669090326345,0.0074906267875132215,-0.6768797382473344,0.5892305049811062,10.87,165.81410256410257
P_IC_qb0of3__OCF_E_qb2of3__C4_ROE_DYN_qmax8__v0,P_IC_qb0of3__OCF_E_qb2of3,C4_ROE_DYN_qmax8,0.24024126185871908,0.23937264791212765,0.0008686139465914344,-0.6641995812687305,0.5730694468987454,13.13,155.67948717948718
EV_S_qb0of3__FCF_OI_qb0of3__C7_ROE_DYN_ytdavg_gt_lyavg__v0,EV_S_qb0of3__FCF_OI_qb0of3,C7_ROE_DYN_ytdavg_gt_lyavg,0.2399260016415825,0.25237182772000777,-0.01244582607842526,-0.5759734250995123,0.5659155981576,12.55,88.33333333333333
PB_qb0of3__ROE_qb0of3__C6_ROE_DYN_ytdavg_gt_lyytdavg__v0,PB_qb0of3__ROE_qb0of3,C6_ROE_DYN_ytdavg_gt_lyytdavg,0.23985997944884252,0.25732858527987745,-0.017468605831034933,-0.6046694803310773,0.5652605459057072,14.09,82.94755244755245
P_IC_qb0of3__NETDEBT_EBITDA_qb0of3__C3_ROE_DYN_qmax4__v0,P_IC_qb0of3__NETDEBT_EBITDA_qb0of3,C3_ROE_DYN_qmax4,0.23967102560262776,0.23218268661645203,0.0074883389861757355,-0.5972191021107258,0.6196298744216788,12.38,101.35576923076923
P_IC_qb0of3__NETDEBT_EBITDA_qb0of3__C4_ROE_DYN_qmax8__v0,P_IC_qb0of3__NETDEBT_EBITDA_qb0of3,C4_ROE_DYN_qmax8,0.23954586653223853,0.23218268661645203,0.0073631799157865,-0.6000723731290186,0.613573830632834,12.29,100.26602564102564
PB_qb0of3__None__C12_EPS_DYN_yoy__v0,PB_qb0of3__None,C12_EPS_DYN_yoy,0.23952417381728108,0.24810685252001274,-0.008582678702731661,-0.5431796905654551,0.5626009693053312,17.11,17.02405498281787
P_IC_qb0of3__NETDEBT_EBITDA_qb0of3__C11_EPS_DYN_qmax8__v0,P_IC_qb0of3__NETDEBT_EBITDA_qb0of3,C11_EPS_DYN_qmax8,0.23943103902029073,0.23218268661645203,0.007248352403838698,-0.6003831866969136,0.6139520202020202,12.27,100.74679487179488
P_IC_qb0of3__OCF_E_qb0of3__C17_FCF_P_DYN_qmax4__v0,P_IC_qb0of3__OCF_E_qb0of3,C17_FCF_P_DYN_qmax4,0.239374263681976,0.23284078568524258,0.006533477996733428,-0.6214146864442925,0.5856700358656668,11.72,172.93269230769232
P_IC_qb0of3__OCF_E_qb2of3__None__v0,P_IC_qb0of3__OCF_E_qb2of3,None,0.23937264791212765,0.23937264791212765,0.0,-0.6499990809602221,0.5760940561724364,13.38,169.62820512820514
ACCRUAL_qb0of3__MOM_qb0of3__C18_FCF_P_DYN_qmax8__v0,ACCRUAL_qb0of3__MOM_qb0of3,C18_FCF_P_DYN_qmax8,0.2393413158730895,0.24261078304886974,-0.0032694671757802496,-0.6040807866629936,0.5471717535642596,12.96,191.7147435897436
VOL_qb2of3__P_IC_qb1of3__C18_FCF_P_DYN_qmax8__v0,VOL_qb2of3__P_IC_qb1of3,C18_FCF_P_DYN_qmax8,0.23924881563093203,0.2519290447384108,-0.012680229107478791,-0.5482025857951933,0.5417941851568477,11.88,157.10897435897436
PB_qb0of3__CROIC_qb2of3__C13_EPS_DYN_ytdavg_gt_lyytdavg__v0,PB_qb0of3__CROIC_qb2of3,C13_EPS_DYN_ytdavg_gt_lyytdavg,0.23920119142837049,0.25343889949705045,-0.014237708068679966,-0.5577546408735103,0.5698175787728027,15.03,66.65263157894736
P_IC_qb0of3__NETDEBT_EBITDA_qb0of3__C10_EPS_DYN_qmax4__v0,P_IC_qb0of3__NETDEBT_EBITDA_qb0of3,C10_EPS_DYN_qmax4,0.23897983380400167,0.23218268661645203,0.006797147187549646,-0.5994426590412281,0.6198375084631009,12.36,101.6698717948718
VOL_qb2of3__P_IC_qb1of3__C17_FCF_P_DYN_qmax4__v0,VOL_qb2of3__P_IC_qb1of3,C17_FCF_P_DYN_qmax4,0.23889641440036158,0.2519290447384108,-0.013032630338049245,-0.544568070019515,0.5418661455788959,11.96,159.0897435897436
P_IC_qb0of3__DEBTRATIO_qb2of3__C18_FCF_P_DYN_qmax8__v0,P_IC_qb0of3__DEBTRATIO_qb2of3,C18_FCF_P_DYN_qmax8,0.23875456189906874,0.23782741237160687,0.000927149527461868,-0.7004422792563094,0.6221914967162115,12.14,205.55769230769232
EV_S_qb0of3__OCF_E_qb2of3__C11_EPS_DYN_qmax8__v0,EV_S_qb0of3__OCF_E_qb2of3,C11_EPS_DYN_qmax8,0.23874857229306956,0.23807027029265226,0.0006783020004172968,-0.5772747572516843,0.5693767118712005,13.36,205.80448717948718
P_IC_qb0of3__DEBTRATIO_qb2of3__C17_FCF_P_DYN_qmax4__v0,P_IC_qb0of3__DEBTRATIO_qb2of3,C17_FCF_P_DYN_qmax4,0.23861341358257349,0.23782741237160687,0.0007860012109666137,-0.6992512991453026,0.6381029920618767,12.21,208.84294871794873
FCF_P_qb2of3__MOM_qb0of3__C6_ROE_DYN_ytdavg_gt_lyytdavg__v0,FCF_P_qb2of3__MOM_qb0of3,C6_ROE_DYN_ytdavg_gt_lyytdavg,0.23857114820097292,0.22524176986345257,0.013329378337520348,-0.576695273849523,0.5681720890410958,18.22,74.8076923076923
P_IC_qb0of3__OCF_E_qb0of3__C11_EPS_DYN_qmax8__v0,P_IC_qb0of3__OCF_E_qb0of3,C11_EPS_DYN_qmax8,0.2385488077579836,0.23284078568524258,0.005708022072741015,-0.6239534894598067,0.5837493960380093,11.52,173.33653846153845
EV_S_qb0of3__MOM_qb0of3__C14_EPS_DYN_ytdavg_gt_lyavg__v0,EV_S_qb0of3__MOM_qb0of3,C14_EPS_DYN_ytdavg_gt_lyavg,0.23847946339935855,0.2463368533766097,-0.007857389977251161,-0.6187231117572958,0.582827763496144,13.03,95.85
EV_S_qb0of3__OCF_E_qb2of3__C10_EPS_DYN_qmax4__v0,EV_S_qb0of3__OCF_E_qb2of3,C10_EPS_DYN_qmax4,0.23823691557969218,0.23807027029265226,0.00016664528703991266,-0.5716398231717377,0.5711404728789986,13.37,209.53846153846155
P_IC_qb0of3__OCF_E_qb0of3__C4_ROE_DYN_qmax8__v0,P_IC_qb0of3__OCF_E_qb0of3,C4_ROE_DYN_qmax8,0.23821771110579548,0.23284078568524258,0.005376925420552903,-0.6233158135517927,0.5840587812475042,11.53,172.65705128205127
P_IC_qb0of3__OCF_E_qb0of3__C10_EPS_DYN_qmax4__v0,P_IC_qb0of3__OCF_E_qb0of3,C10_EPS_DYN_qmax4,0.23813063015401714,0.23284078568524258,0.005289844468774563,-0.6221312461939303,0.5857364594395883,11.66,175.39102564102564
EV_S_qb0of3__OCF_E_qb2of3__None__v0,EV_S_qb0of3__OCF_E_qb2of3,None,0.23807027029265226,0.23807027029265226,0.0,-0.5652570804796863,0.5746187757461878,13.42,220.59615384615384
P_IC_qb0of3__FCF_OI_qb0of3__None__v0,P_IC_qb0of3__FCF_OI_qb0of3,None,0.2378513417628798,0.2378513417628798,0.0,-0.6586756748311485,0.5902654867256637,11.42,182.1698717948718
P_IC_qb0of3__MOM_qb0of3__C4_ROE_DYN_qmax8__v0,P_IC_qb0of3__MOM_qb0of3,C4_ROE_DYN_qmax8,0.2378309999456818,0.2291166681243213,0.0087143318213605,-0.675299137659183,0.592470458917285,12.03,163.31089743589743
P_IC_qb0of3__DEBTRATIO_qb2of3__None__v0,P_IC_qb0of3__DEBTRATIO_qb2of3,None,0.23782741237160687,0.23782741237160687,0.0,-0.6980398693506839,0.6712166172106825,12.24,214.82051282051282
REVENUE_qb0of3__P_IC_qb1of3__C20_FCF_P_DYN_ytdavg_gt_lyytdavg__v0,REVENUE_qb0of3__P_IC_qb1of3,C20_FCF_P_DYN_ytdavg_gt_lyytdavg,0.23778376939836,0.2632856463559605,-0.025501876957600533,-0.48662084067434275,0.5526241134751773,14.94,60.24125874125874
EV_S_qb0of3__OCF_E_qb2of3__C3_ROE_DYN_qmax4__v0,EV_S_qb0of3__OCF_E_qb2of3,C3_ROE_DYN_qmax4,0.23774156767536225,0.23807027029265226,-0.00032870261729001093,-0.5709288695795913,0.5703508893349021,13.38,209.07692307692307
EV_S_qb0of3__OCF_E_qb2of3__C17_FCF_P_DYN_qmax4__v0,EV_S_qb0of3__OCF_E_qb2of3,C17_FCF_P_DYN_qmax4,0.23766483621958656,0.23807027029265226,-0.00040543407306570245,-0.5698086253839748,0.5748701973001038,13.36,211.85897435897436
EV_S_qb0of3__OCF_E_qb2of3__C14_EPS_DYN_ytdavg_gt_lyavg__v0,EV_S_qb0of3__OCF_E_qb2of3,C14_EPS_DYN_ytdavg_gt_lyavg,0.2375962704903649,0.23807027029265226,-0.0004739998022873504,-0.5507529696011038,0.5735864056444401,13.89,130.69333333333333
EV_S_qb0of3__MOM_qb0of3__C7_ROE_DYN_ytdavg_gt_lyavg__v0,EV_S_qb0of3__MOM_qb0of3,C7_ROE_DYN_ytdavg_gt_lyavg,0.23750153029427246,0.2463368533766097,-0.008835323082337254,-0.6249627960835393,0.5824011071387383,13.46,82.92
EV_S_qb0of3__FCF_OI_qb0of3__C13_EPS_DYN_ytdavg_gt_lyytdavg__v0,EV_S_qb0of3__FCF_OI_qb0of3,C13_EPS_DYN_ytdavg_gt_lyytdavg,0.23739648122544987,0.25237182772000777,-0.014975346494557895,-0.5739427952999229,0.5603071344779781,12.23,102.34736842105264
P_IC_qb0of3__MOM_qb0of3__C11_EPS_DYN_qmax8__v0,P_IC_qb0of3__MOM_qb0of3,C11_EPS_DYN_qmax8,0.23735387996044577,0.2291166681243213,0.00823721183612447,-0.67343461665389,0.5922290107777854,12.05,163.85256410256412
PB_qb0of3__OCF_E_qb0of3__C13_EPS_DYN_ytdavg_gt_lyytdavg__v0,PB_qb0of3__OCF_E_qb0of3,C13_EPS_DYN_ytdavg_gt_lyytdavg,0.2373007563235885,0.24899922644482997,-0.011698470121241478,-0.5738330598987591,0.5718315972222222,13.12,115.43859649122807
EV_S_qb0of3__OCF_E_qb2of3__C4_ROE_DYN_qmax8__v0,EV_S_qb0of3__OCF_E_qb2of3,C4_ROE_DYN_qmax8,0.23729187116661943,0.23807027029265226,-0.000778399126032836,-0.5770530692191707,0.5682119205298013,13.37,204.97115384615384
EV_S_qb0of3__OCF_E_qb2of3__C18_FCF_P_DYN_qmax8__v0,EV_S_qb0of3__OCF_E_qb2of3,C18_FCF_P_DYN_qmax8,0.2372585681000039,0.23807027029265226,-0.000811702192648367,-0.5695671667802724,0.5743903249385341,13.33,209.4903846153846
P_IC_qb0of3__FCF_P_qb0of3__C13_EPS_DYN_ytdavg_gt_lyytdavg__v0,P_IC_qb0of3__FCF_P_qb0of3,C13_EPS_DYN_ytdavg_gt_lyytdavg,0.23713779162850002,0.24676479218468828,-0.009627000556188259,-0.5920206211920609,0.5791032718459674,11.99,86.1719298245614
PS_qb0of3__OCF_E_qb2of3__C20_FCF_P_DYN_ytdavg_gt_lyytdavg__v0,PS_qb0of3__OCF_E_qb2of3,C20_FCF_P_DYN_ytdavg_gt_lyytdavg,0.23706288434474976,0.25989508506420633,-0.022832200719456575,-0.5821352157827946,0.5704911886014248,15.23,128.54545454545453
ROIC_qb0of3__MOM_qb0of3__None__v0,ROIC_qb0of3__MOM_qb0of3,None,0.2370598601423286,0.2370598601423286,0.0,-0.6533025392702234,0.546860585011125,12.05,237.94551282051282
EV_S_qb0of3__NETDEBT_EBITDA_qb2of3__C13_EPS_DYN_ytdavg_gt_lyytdavg__v0,EV_S_qb0of3__NETDEBT_EBITDA_qb2of3,C13_EPS_DYN_ytdavg_gt_lyytdavg,0.23699272496475365,0.2416553007072897,-0.004662575742536035,-0.6370845518622733,0.5730779323012333,14.04,60.69122807017544
PS_qb0of3__ACCRUAL_qb0of3__C6_ROE_DYN_ytdavg_gt_lyytdavg__v0,PS_qb0of3__ACCRUAL_qb0of3,C6_ROE_DYN_ytdavg_gt_lyytdavg,0.2366865940480145,0.27726842466212576,-0.04058183061411125,-0.603336959739546,0.5580210573983924,13.55,90.94405594405595
P_IC_qb0of3__DEBTRATIO_qb2of3__C10_EPS_DYN_qmax4__v0,P_IC_qb0of3__DEBTRATIO_qb2of3,C10_EPS_DYN_qmax4,0.23646900310159258,0.23782741237160687,-0.0013584092700142936,-0.7000196297867824,0.6284243048403707,12.31,209.05448717948718
ROIC_qb0of3__MOM_qb0of3__C3_ROE_DYN_qmax4__v0,ROIC_qb0of3__MOM_qb0of3,C3_ROE_DYN_qmax4,0.23627634659479124,0.2370598601423286,-0.0007835135475373622,-0.6634311438143061,0.5483188599421064,12.07,221.04166666666666
P_IC_qb0of3__MOM_qb0of3__C18_FCF_P_DYN_qmax8__v0,P_IC_qb0of3__MOM_qb0of3,C18_FCF_P_DYN_qmax8,0.2362650953455061,0.2291166681243213,0.0071484272211848054,-0.6720124896224933,0.5912797125483693,12.09,163.94871794871796
PB_qb0of3__NETDEBT_EBITDA_qb0of3__C20_FCF_P_DYN_ytdavg_gt_lyytdavg__v0,PB_qb0of3__NETDEBT_EBITDA_qb0of3,C20_FCF_P_DYN_ytdavg_gt_lyytdavg,0.2360647023789011,0.26745873747440063,-0.03139403509549954,-0.5304899343844179,0.5832244577998432,14.46,65.76223776223776
PB_qb0of3__OCF_E_qb0of3__C7_ROE_DYN_ytdavg_gt_lyavg__v0,PB_qb0of3__OCF_E_qb0of3,C7_ROE_DYN_ytdavg_gt_lyavg,0.235989264144296,0.24899922644482997,-0.013009962300533973,-0.6283632114093217,0.5766552728193443,13.58,99.00666666666666
P_IC_qb0of3__OCF_E_qb0of3__C3_ROE_DYN_qmax4__v0,P_IC_qb0of3__OCF_E_qb0of3,C3_ROE_DYN_qmax4,0.23585528918712506,0.23284078568524258,0.0030145035018824817,-0.622927007064526,0.5865962632006498,11.7,174.92307692307693
EV_EBITDA_qb0of3__EV_S_qb0of3__C12_EPS_DYN_yoy__v0,EV_EBITDA_qb0of3__EV_S_qb0of3,C12_EPS_DYN_yoy,0.23585058731220632,0.29817915134964235,-0.06232856403743603,-0.6072580117493105,0.5561742548313134,13.83,10.25503355704698
P_IC_qb0of3__DEBTRATIO_qb2of3__C3_ROE_DYN_qmax4__v0,P_IC_qb0of3__DEBTRATIO_qb2of3,C3_ROE_DYN_qmax4,0.23565348536682906,0.23782741237160687,-0.002173927004777809,-0.7009595131804862,0.6322463768115942,12.35,208.65384615384616
PB_qb0of3__DEBTRATIO_qb2of3__C13_EPS_DYN_ytdavg_gt_lyytdavg__v0,PB_qb0of3__DEBTRATIO_qb2of3,C13_EPS_DYN_ytdavg_gt_lyytdavg,0.23556449387262313,0.2682282602009163,-0.03266376632829315,-0.5481569586420438,0.5900493421052632,14.32,103.6561403508772
ROIC_qb0of3__MOM_qb0of3__C10_EPS_DYN_qmax4__v0,ROIC_qb0of3__MOM_qb0of3,C10_EPS_DYN_qmax4,0.23552713709083584,0.2370598601423286,-0.001532723051492768,-0.6643905120651951,0.5493499972102884,12.15,221.21794871794873
PS_qb0of3__ROE_qb0of3__C6_ROE_DYN_ytdavg_gt_lyytdavg__v0,PS_qb0of3__ROE_qb0of3,C6_ROE_DYN_ytdavg_gt_lyytdavg,0.23539930611739956,0.27061932472160555,-0.03522001860420598,-0.6674373063918045,0.5496137849079026,14.06,61.91608391608391
P_IC_qb0of3__DEBTRATIO_qb2of3__C4_ROE_DYN_qmax8__v0,P_IC_qb0of3__DEBTRATIO_qb2of3,C4_ROE_DYN_qmax8,0.23519950323281158,0.23782741237160687,-0.0026279091387952924,-0.7058580350343125,0.6161839863713799,12.31,205.18589743589743
OCF_E_qb2of3__MOM_qb0of3__C17_FCF_P_DYN_qmax4__v0,OCF_E_qb2of3__MOM_qb0of3,C17_FCF_P_DYN_qmax4,0.23510880162169845,0.2299957920287996,0.005113009592898843,-0.5564479354436064,0.5805167839427846,13.84,167.27564102564102
P_IC_qb0of3__MOM_qb0of3__C10_EPS_DYN_qmax4__v0,P_IC_qb0of3__MOM_qb0of3,C10_EPS_DYN_qmax4,0.2350291458294329,0.2291166681243213,0.005912477705111607,-0.673037751332854,0.5953465893399613,12.3,166.2596153846154
P_IC_qb1of3__NETDEBT_EBITDA_qb0of3__C14_EPS_DYN_ytdavg_gt_lyavg__v0,P_IC_qb1of3__NETDEBT_EBITDA_qb0of3,C14_EPS_DYN_ytdavg_gt_lyavg,0.23498631008217918,0.21861922308140658,0.016367087000772607,-0.5123293813439851,0.5621818181818182,13.48,82.59
VOL_qb2of3__MOM_qb0of3__C6_ROE_DYN_ytdavg_gt_lyytdavg__v0,VOL_qb2of3__MOM_qb0of3,C6_ROE_DYN_ytdavg_gt_lyytdavg,0.23472968765810132,0.28173978742876127,-0.04701009977065995,-0.605342604044244,0.526924611088951,16.77,98.71678321678321
P_IC_qb0of3__NETDEBT_EBITDA_qb0of3__C17_FCF_P_DYN_qmax4__v0,P_IC_qb0of3__NETDEBT_EBITDA_qb0of3,C17_FCF_P_DYN_qmax4,0.23469827007714672,0.23218268661645203,0.0025155834606946925,-0.5980781960064552,0.619442601194426,12.6,101.34294871794872
P_IC_qb0of3__NETDEBT_EBITDA_qb0of3__C18_FCF_P_DYN_qmax8__v0,P_IC_qb0of3__NETDEBT_EBITDA_qb0of3,C18_FCF_P_DYN_qmax8,0.23466947328542287,0.23218268661645203,0.0024867866689708418,-0.5992311419874072,0.6162112373349709,12.52,100.26282051282051
P_IC_qb0of3__OCF_E_qb0of3__C7_ROE_DYN_ytdavg_gt_lyavg__v0,P_IC_qb0of3__OCF_E_qb0of3,C7_ROE_DYN_ytdavg_gt_lyavg,0.2346411099119481,0.23284078568524258,0.0018003242267055075,-0.5830406130934555,0.5845110231769362,12.62,79.67666666666666
P_IC_qb0of3__MOM_qb0of3__C17_FCF_P_DYN_qmax4__v0,P_IC_qb0of3__MOM_qb0of3,C17_FCF_P_DYN_qmax4,0.2346314860972163,0.2291166681243213,0.005514817972894992,-0.6728891068469003,0.5950263962211726,12.3,166.34294871794873
P_IC_qb0of3__MOM_qb0of3__C3_ROE_DYN_qmax4__v0,P_IC_qb0of3__MOM_qb0of3,C3_ROE_DYN_qmax4,0.23457654896498248,0.2291166681243213,0.00545988084066118,-0.6747888968451697,0.5953729281767955,12.33,165.93589743589743
P_IC_qb0of3__OCF_E_qb0of3__C14_EPS_DYN_ytdavg_gt_lyavg__v0,P_IC_qb0of3__OCF_E_qb0of3,C14_EPS_DYN_ytdavg_gt_lyavg,0.2345464125909522,0.23284078568524258,0.001705626905709634,-0.5823066285153553,0.5813039066463724,12.15,93.34
P_IC_qb0of3__DEBTRATIO_qb2of3__C11_EPS_DYN_qmax8__v0,P_IC_qb0of3__DEBTRATIO_qb2of3,C11_EPS_DYN_qmax8,0.23450418195157186,0.23782741237160687,-0.003323230420035017,-0.7063981757968896,0.6152904128761372,12.27,205.77564102564102
ROIC_qb0of3__MOM_qb0of3__C4_ROE_DYN_qmax8__v0,ROIC_qb0of3__MOM_qb0of3,C4_ROE_DYN_qmax8,0.23421845727243729,0.2370598601423286,-0.0028414028698913185,-0.6687907036459401,0.5458471760797342,12.02,217.52884615384616
EV_S_qb0of3__FCF_OI_qb2of3__C6_ROE_DYN_ytdavg_gt_lyytdavg__v0,EV_S_qb0of3__FCF_OI_qb2of3,C6_ROE_DYN_ytdavg_gt_lyytdavg,0.23421418713253694,0.25036854865378855,-0.016154361521251603,-0.48353073269047153,0.5663430420711975,16.05,51.05244755244755
EV_S_qb0of3__None__C10_EPS_DYN_qmax4__v0,EV_S_qb0of3__None,C10_EPS_DYN_qmax4,0.2342027717621924,0.233233900543095,0.0009688712190973892,-0.5894457856632671,0.6220207496027667,12.92,549.8717948717949
OCF_E_qb2of3__MOM_qb0of3__C3_ROE_DYN_qmax4__v0,OCF_E_qb2of3__MOM_qb0of3,C3_ROE_DYN_qmax4,0.23411144429399577,0.2299957920287996,0.004115652265196168,-0.5584266265176799,0.5796875,13.86,165.17628205128204
EV_S_qb0of3__REV_G_qb2of3__C7_ROE_DYN_ytdavg_gt_lyavg__v0,EV_S_qb0of3__REV_G_qb2of3,C7_ROE_DYN_ytdavg_gt_lyavg,0.2341023369944928,0.25623793624239943,-0.022135599247906645,-0.5853069942751898,0.5596170583115753,13.75,93.62
P_IC_qb0of3__REV_G_qb0of3__C11_EPS_DYN_qmax8__v0,P_IC_qb0of3__REV_G_qb0of3,C11_EPS_DYN_qmax8,0.23408654381232363,0.22886611826555736,0.005220425546766272,-0.6868548086252133,0.5854541796599939,12.53,210.0352564102564
EV_S_qb0of3__None__C3_ROE_DYN_qmax4__v0,EV_S_qb0of3__None,C3_ROE_DYN_qmax4,0.2340767741431231,0.233233900543095,0.0008428736000281045,-0.589552262688241,0.6207053263043083,12.91,548.7628205128206
REVENUE_qb0of3__MOM_qb0of3__C6_ROE_DYN_ytdavg_gt_lyytdavg__v0,REVENUE_qb0of3__MOM_qb0of3,C6_ROE_DYN_ytdavg_gt_lyytdavg,0.23402278542077282,0.262388694998801,-0.028365909578028203,-0.5360340934141417,0.5434128270432971,17.26,89.14335664335664
EV_S_qb0of3__None__C11_EPS_DYN_qmax8__v0,EV_S_qb0of3__None,C11_EPS_DYN_qmax8,0.2339713983387124,0.233233900543095,0.0007374977956173812,-0.5920648616436661,0.6065486591202613,12.89,541.1057692307693
PS_qb0of3__NETDEBT_EBITDA_qb0of3__C20_FCF_P_DYN_ytdavg_gt_lyytdavg__v0,PS_qb0of3__NETDEBT_EBITDA_qb0of3,C20_FCF_P_DYN_ytdavg_gt_lyytdavg,0.23396790383689337,0.26745436241062004,-0.033486458573726674,-0.4795660790108125,0.5708176100628931,13.7,66.7062937062937
ROIC_qb0of3__MOM_qb0of3__C11_EPS_DYN_qmax8__v0,ROIC_qb0of3__MOM_qb0of3,C11_EPS_DYN_qmax8,0.23396078760552186,0.2370598601423286,-0.003099072536806746,-0.6680794765259221,0.5468029553913671,12.1,217.85897435897436
EV_S_qb0of3__None__C17_FCF_P_DYN_qmax4__v0,EV_S_qb0of3__None,C17_FCF_P_DYN_qmax4,0.23381775285097595,0.233233900543095,0.0005838523078809388,-0.5894966994185269,0.6326455075414084,12.91,549.2051282051282
EV_S_qb0of3__None__C4_ROE_DYN_qmax8__v0,EV_S_qb0of3__None,C4_ROE_DYN_qmax8,0.23374324442201777,0.233233900543095,0.0005093438789227633,-0.5919916976455109,0.6029992684711046,12.88,539.2596153846154
EV_S_qb0of3__NETDEBT_EBITDA_qb0of3__C14_EPS_DYN_ytdavg_gt_lyavg__v0,EV_S_qb0of3__NETDEBT_EBITDA_qb0of3,C14_EPS_DYN_ytdavg_gt_lyavg,0.2337268575443916,0.2493935746025917,-0.015666717058200108,-0.537561794754748,0.5857799081286199,13.65,120.89666666666666
PS_qb0of3__CROIC_qb0of3__C13_EPS_DYN_ytdavg_gt_lyytdavg__v0,PS_qb0of3__CROIC_qb0of3,C13_EPS_DYN_ytdavg_gt_lyytdavg,0.23372129304552036,0.26105984945528315,-0.027338556409762793,-0.5861410438203397,0.5558112773302647,12.99,98.61052631578947
VOL_qb2of3__MOM_qb0of3__C20_FCF_P_DYN_ytdavg_gt_lyytdavg__v0,VOL_qb2of3__MOM_qb0of3,C20_FCF_P_DYN_ytdavg_gt_lyytdavg,0.2336250838994276,0.28173978742876127,-0.04811470352933367,-0.6847503498815359,0.5342669016043773,15.64,103.49300699300699
P_IC_qb0of3__REV_G_qb0of3__C10_EPS_DYN_qmax4__v0,P_IC_qb0of3__REV_G_qb0of3,C10_EPS_DYN_qmax4,0.2335491031422181,0.22886611826555736,0.004682984876660745,-0.6834860984961654,0.5928092756089778,12.62,213.13141025641025
EV_S_qb0of3__None__C18_FCF_P_DYN_qmax8__v0,EV_S_qb0of3__None,C18_FCF_P_DYN_qmax8,0.23354365404501998,0.233233900543095,0.00030975350192496975,-0.5891860500224164,0.6162361623616236,12.87,540.4166666666666
OCF_E_qb2of3__MOM_qb0of3__C10_EPS_DYN_qmax4__v0,OCF_E_qb2of3__MOM_qb0of3,C10_EPS_DYN_qmax4,0.23348751019487146,0.2299957920287996,0.0034917181660718555,-0.5580901082092605,0.5800300473824107,13.92,165.62820512820514
P_IC_qb0of3__REV_G_qb0of3__C4_ROE_DYN_qmax8__v0,P_IC_qb0of3__REV_G_qb0of3,C4_ROE_DYN_qmax8,0.23337299223872088,0.22886611826555736,0.004506873973163517,-0.6874825363705833,0.5865117203019468,12.58,209.46794871794873
OCF_E_qb2of3__MOM_qb0of3__C7_ROE_DYN_ytdavg_gt_lyavg__v0,OCF_E_qb2of3__MOM_qb0of3,C7_ROE_DYN_ytdavg_gt_lyavg,0.2333552836297681,0.2299957920287996,0.0033594916009684894,-0.5379002118290287,0.5747149036570979,14.78,87.25333333333333
OCF_E_qb2of3__MOM_qb0of3__C4_ROE_DYN_qmax8__v0,OCF_E_qb2of3__MOM_qb0of3,C4_ROE_DYN_qmax8,0.23334410965258234,0.2299957920287996,0.0033483176237827372,-0.5576704626878339,0.5763526821920982,13.82,161.40384615384616
OCF_E_qb2of3__MOM_qb0of3__C18_FCF_P_DYN_qmax8__v0,OCF_E_qb2of3__MOM_qb0of3,C18_FCF_P_DYN_qmax8,0.23333198154111368,0.2299957920287996,0.0033361895123140695,-0.5587353705640283,0.5773504519546319,13.91,164.80128205128204
EV_S_qb0of3__None__None__v0,EV_S_qb0of3__None,None,0.233233900543095,0.233233900543095,0.0,-0.5866109051627698,0.6534923828686404,13.0,578.7596153846154
P_IC_qb0of3__REV_G_qb0of3__C18_FCF_P_DYN_qmax8__v0,P_IC_qb0of3__REV_G_qb0of3,C18_FCF_P_DYN_qmax8,0.23323285278570682,0.22886611826555736,0.004366734520149462,-0.6821991074167423,0.586127514763287,12.59,210.1698717948718
PB_qb0of3__FCF_OI_qb0of3__C20_FCF_P_DYN_ytdavg_gt_lyytdavg__v0,PB_qb0of3__FCF_OI_qb0of3,C20_FCF_P_DYN_ytdavg_gt_lyytdavg,0.23300963251000506,0.2731189492547206,-0.04010931674471552,-0.589833033007755,0.5601064616294544,13.13,67.79020979020979
P_IC_qb0of3__FCF_OI_qb0of3__C6_ROE_DYN_ytdavg_gt_lyytdavg__v0,P_IC_qb0of3__FCF_OI_qb0of3,C6_ROE_DYN_ytdavg_gt_lyytdavg,0.23294662985640846,0.2378513417628798,-0.0049047119064713485,-0.591594078453259,0.5799640610961365,12.31,75.6993006993007
FCF_P_qb2of3__MOM_qb0of3__C14_EPS_DYN_ytdavg_gt_lyavg__v0,FCF_P_qb2of3__MOM_qb0of3,C14_EPS_DYN_ytdavg_gt_lyavg,0.23287476643536875,0.22524176986345257,0.007632996571916184,-0.5373279857547142,0.5748067721751933,15.71,90.3
P_IC_qb0of3__OCF_E_qb0of3__None__v0,P_IC_qb0of3__OCF_E_qb0of3,None,0.23284078568524258,0.23284078568524258,0.0,-0.6199179637892586,0.5889141742522757,11.94,187.49358974358975
P_IC_qb0of3__CROIC_qb0of3__None__v0,P_IC_qb0of3__CROIC_qb0of3,None,0.23275669090326345,0.23275669090326345,0.0,-0.6750973820062374,0.5921854873336195,11.15,178.16346153846155
P_IC_qb0of3__REV_G_qb0of3__C17_FCF_P_DYN_qmax4__v0,P_IC_qb0of3__REV_G_qb0of3,C17_FCF_P_DYN_qmax4,0.23269144588722912,0.22886611826555736,0.003825327621671759,-0.6836280171420228,0.5942336230655078,12.69,213.24679487179486
EV_S_qb0of3__FCF_P_qb2of3__None__v0,EV_S_qb0of3__FCF_P_qb2of3,None,0.23261399061368748,0.23261399061368748,0.0,-0.5786332524457845,0.5819814042962488,13.57,262.27564102564105
OCF_E_qb2of3__MOM_qb0of3__C11_EPS_DYN_qmax8__v0,OCF_E_qb2of3__MOM_qb0of3,C11_EPS_DYN_qmax8,0.2326062546639578,0.2299957920287996,0.002610462635158184,-0.5588431029401528,0.5771431874674837,13.94,162.19230769230768
PS_qb0of3__CROIC_qb0of3__C6_ROE_DYN_ytdavg_gt_lyytdavg__v0,PS_qb0of3__CROIC_qb0of3,C6_ROE_DYN_ytdavg_gt_lyytdavg,0.23253971389312134,0.26105984945528315,-0.02852013556216182,-0.5956278508294985,0.5562028333112671,12.19,85.5104895104895
P_IC_qb0of3__REV_G_qb0of3__C3_ROE_DYN_qmax4__v0,P_IC_qb0of3__REV_G_qb0of3,C3_ROE_DYN_qmax4,0.23250660360338204,0.22886611826555736,0.0036404853378246838,-0.6843222782949012,0.5943436048965809,12.7,212.80769230769232
EV_S_qb0of3__NETDEBT_EBITDA_qb0of3__C7_ROE_DYN_ytdavg_gt_lyavg__v0,EV_S_qb0of3__NETDEBT_EBITDA_qb0of3,C7_ROE_DYN_ytdavg_gt_lyavg,0.2324692233695036,0.2493935746025917,-0.01692435123308811,-0.5490270113861929,0.5891672018839649,14.06,104.32
PS_qb0of3__FCF_P_qb0of3__C6_ROE_DYN_ytdavg_gt_lyytdavg__v0,PS_qb0of3__FCF_P_qb0of3,C6_ROE_DYN_ytdavg_gt_lyytdavg,0.23226772631685288,0.25940619605950865,-0.02713846974265577,-0.6037452155454031,0.5546296296296296,12.23,87.17132867132867
P_IC_qb0of3__NETDEBT_EBITDA_qb0of3__None__v0,P_IC_qb0of3__NETDEBT_EBITDA_qb0of3,None,0.23218268661645203,0.23218268661645203,0.0,-0.5787194142068903,0.619921875,12.64,108.78525641025641
EV_S_qb0of3__DEBTRATIO_qb2of3__C6_ROE_DYN_ytdavg_gt_lyytdavg__v0,EV_S_qb0of3__DEBTRATIO_qb2of3,C6_ROE_DYN_ytdavg_gt_lyytdavg,0.23217565472686164,0.27173786754515006,-0.03956221281828842,-0.6534929639606761,0.5719495091164095,13.28,72.84615384615384
P_IC_qb0of3__ROE_qb2of3__C18_FCF_P_DYN_qmax8__v0,P_IC_qb0of3__ROE_qb2of3,C18_FCF_P_DYN_qmax8,0.23212624441611407,0.23202713596514424,9.910845096983145e-05,-0.5775058314771288,0.5775886128942227,13.37,115.58333333333333
P_IC_qb0of3__ROE_qb2of3__C17_FCF_P_DYN_qmax4__v0,P_IC_qb0of3__ROE_qb2of3,C17_FCF_P_DYN_qmax4,0.23204797164161417,0.23202713596514424,2.083567646993245e-05,-0.5777903905292896,0.5801571137620017,13.41,117.42307692307692
P_IC_qb0of3__ROE_qb2of3__None__v0,P_IC_qb0of3__ROE_qb2of3,None,0.23202713596514424,0.23202713596514424,0.0,-0.5822907618207039,0.5839575530586767,13.5,120.63461538461539
FCF_P_qb0of3__MOM_qb2of3__C14_EPS_DYN_ytdavg_gt_lyavg__v0,FCF_P_qb0of3__MOM_qb2of3,C14_EPS_DYN_ytdavg_gt_lyavg,0.23199848912413223,0.19067923398335362,0.04131925514077861,-0.5248548031883229,0.5158602405075277,12.86,96.78333333333333
EV_S_qb0of3__FCF_P_qb2of3__C17_FCF_P_DYN_qmax4__v0,EV_S_qb0of3__FCF_P_qb2of3,C17_FCF_P_DYN_qmax4,0.2318265956064849,0.23261399061368748,-0.0007873950072025959,-0.5807429596610958,0.5808390431542253,13.61,258.47435897435895
P_IC_qb0of3__CROIC_qb0of3__C13_EPS_DYN_ytdavg_gt_lyytdavg__v0,P_IC_qb0of3__CROIC_qb0of3,C13_EPS_DYN_ytdavg_gt_lyytdavg,0.23153421407683705,0.23275669090326345,-0.0012224768264263997,-0.5910553906958991,0.5808925204274041,12.01,86.32631578947368
PS_qb0of3__REV_G_qb2of3__C7_ROE_DYN_ytdavg_gt_lyavg__v0,PS_qb0of3__REV_G_qb2of3,C7_ROE_DYN_ytdavg_gt_lyavg,0.2315311139853835,0.25152805548918167,-0.01999694150379816,-0.597495209710869,0.5598995695839312,13.2,89.9
ACCRUAL_qb0of3__MOM_qb0of3__C14_EPS_DYN_ytdavg_gt_lyavg__v0,ACCRUAL_qb0of3__MOM_qb0of3,C14_EPS_DYN_ytdavg_gt_lyavg,0.2313857136948132,0.24261078304886974,-0.011225069354056538,-0.5685624091091754,0.5491395125360357,13.52,99.11333333333333
EV_S_qb0of3__FCF_P_qb2of3__C18_FCF_P_DYN_qmax8__v0,EV_S_qb0of3__FCF_P_qb2of3,C18_FCF_P_DYN_qmax8,0.23137521103614267,0.23261399061368748,-0.001238779577544813,-0.5811063573929213,0.5780473714615829,13.6,255.98717948717947
PB_qb0of3__OCF_E_qb0of3__C6_ROE_DYN_ytdavg_gt_lyytdavg__v0,PB_qb0of3__OCF_E_qb0of3,C6_ROE_DYN_ytdavg_gt_lyytdavg,0.23136678584594694,0.24899922644482997,-0.017632440598883026,-0.6120062370166547,0.5713924050632911,13.92,94.49300699300699
P_IC_qb0of3__FCF_OI_qb0of3__C13_EPS_DYN_ytdavg_gt_lyytdavg__v0,P_IC_qb0of3__FCF_OI_qb0of3,C13_EPS_DYN_ytdavg_gt_lyytdavg,0.23122831891309237,0.2378513417628798,-0.006623022849787441,-0.5869881986204261,0.580049421251138,12.57,87.47719298245615
EV_S_qb0of3__FCF_P_qb2of3__C10_EPS_DYN_qmax4__v0,EV_S_qb0of3__FCF_P_qb2of3,C10_EPS_DYN_qmax4,0.23119896393924844,0.23261399061368748,-0.001415026674439046,-0.5854319368584869,0.5764557266602502,13.68,255.38782051282053
EV_S_qb0of3__FCF_P_qb2of3__C3_ROE_DYN_qmax4__v0,EV_S_qb0of3__FCF_P_qb2of3,C3_ROE_DYN_qmax4,0.23101864940796868,0.23261399061368748,-0.0015953412057188032,-0.5854563887077129,0.5757902298850575,13.66,254.75
MOM_qb0of3__REV_G_qb0of3__C7_ROE_DYN_ytdavg_gt_lyavg__v0,MOM_qb0of3__REV_G_qb0of3,C7_ROE_DYN_ytdavg_gt_lyavg,0.2309826019819059,0.22978574595667678,0.0011968560252291205,-0.609604859510785,0.5549685251798561,14.95,79.46666666666667
P_IC_qb0of3__ROE_qb2of3__C4_ROE_DYN_qmax8__v0,P_IC_qb0of3__ROE_qb2of3,C4_ROE_DYN_qmax8,0.23095522243114996,0.23202713596514424,-0.0010719135339942731,-0.5834949261755187,0.5781056114711154,13.52,117.41666666666667
EV_S_qb0of3__FCF_P_qb2of3__C11_EPS_DYN_qmax8__v0,EV_S_qb0of3__FCF_P_qb2of3,C11_EPS_DYN_qmax8,0.2307994999935481,0.23261399061368748,-0.0018144906201393862,-0.5921206492437323,0.5732801018341723,13.69,251.19871794871796
ROIC_qb0of3__MOM_qb0of3__C17_FCF_P_DYN_qmax4__v0,ROIC_qb0of3__MOM_qb0of3,C17_FCF_P_DYN_qmax4,0.23078106559543987,0.2370598601423286,-0.006278794546888733,-0.6655117708099703,0.5474229099409996,12.31,222.2852564102564
P_IC_qb0of3__ROE_qb2of3__C11_EPS_DYN_qmax8__v0,P_IC_qb0of3__ROE_qb2of3,C11_EPS_DYN_qmax8,0.23070196939326904,0.23202713596514424,-0.0013251665718752026,-0.586407115903552,0.580180688876341,13.43,117.78846153846153
P_IC_qb0of3__ROE_qb2of3__C6_ROE_DYN_ytdavg_gt_lyytdavg__v0,P_IC_qb0of3__ROE_qb2of3,C6_ROE_DYN_ytdavg_gt_lyytdavg,0.23066406930665884,0.23202713596514424,-0.0013630666584854012,-0.6227344742272407,0.5761968338737364,15.63,72.06293706293707
EV_S_qb0of3__None__C14_EPS_DYN_ytdavg_gt_lyavg__v0,EV_S_qb0of3__None,C14_EPS_DYN_ytdavg_gt_lyavg,0.23064127422960268,0.233233900543095,-0.00259262631349233,-0.577100264313221,0.5949571836346337,13.37,322.39
PS_qb0of3__FCF_P_qb0of3__C13_EPS_DYN_ytdavg_gt_lyytdavg__v0,PS_qb0of3__FCF_P_qb0of3,C13_EPS_DYN_ytdavg_gt_lyytdavg,0.23058098684308392,0.25940619605950865,-0.02882520921642473,-0.5902024961838592,0.554052504872177,12.96,100.45614035087719
EV_S_qb0of3__FCF_P_qb2of3__C4_ROE_DYN_qmax8__v0,EV_S_qb0of3__FCF_P_qb2of3,C4_ROE_DYN_qmax8,0.23045224171194234,0.23261399061368748,-0.002161748901745142,-0.5921798875603541,0.571666188700889,13.66,250.07371794871796
OCF_E_qb2of3__MOM_qb0of3__C14_EPS_DYN_ytdavg_gt_lyavg__v0,OCF_E_qb2of3__MOM_qb0of3,C14_EPS_DYN_ytdavg_gt_lyavg,0.23041277125872028,0.2299957920287996,0.0004169792299206776,-0.5209318555877147,0.584441204219916,15.13,102.65666666666667
EV_S_qb0of3__DEBTRATIO_qb0of3__C14_EPS_DYN_ytdavg_gt_lyavg__v0,EV_S_qb0of3__DEBTRATIO_qb0of3,C14_EPS_DYN_ytdavg_gt_lyavg,0.2301741442984062,0.2439435216461272,-0.01376937734772099,-0.5404143325562967,0.5902861264727098,13.68,107.63
OCF_E_qb2of3__MOM_qb0of3__None__v0,OCF_E_qb2of3__MOM_qb0of3,None,0.2299957920287996,0.2299957920287996,0.0,-0.5526758307740514,0.5797223155301758,14.19,177.6602564102564
P_IC_qb0of3__None__C7_ROE_DYN_ytdavg_gt_lyavg__v0,P_IC_qb0of3__None,C7_ROE_DYN_ytdavg_gt_lyavg,0.2299472176541908,0.208607013051608,0.02134020460258279,-0.5630291317035834,0.6022007335778593,14.24,270.19666666666666
EV_S_qb0of3__FCF_P_qb2of3__C14_EPS_DYN_ytdavg_gt_lyavg__v0,EV_S_qb0of3__FCF_P_qb2of3,C14_EPS_DYN_ytdavg_gt_lyavg,0.22992239318431884,0.23261399061368748,-0.0026915974293686418,-0.5694541964467217,0.5717344753747323,14.21,154.09666666666666
P_IC_qb0of3__ROE_qb2of3__C3_ROE_DYN_qmax4__v0,P_IC_qb0of3__ROE_qb2of3,C3_ROE_DYN_qmax4,0.22986944135344856,0.23202713596514424,-0.002157694611695682,-0.5846665630826953,0.5810498990481684,13.58,118.62820512820512
P_IC_qb0of3__MOM_qb2of3__C14_EPS_DYN_ytdavg_gt_lyavg__v0,P_IC_qb0of3__MOM_qb2of3,C14_EPS_DYN_ytdavg_gt_lyavg,0.22982430881891158,0.20900995301907943,0.02081435579983215,-0.6129005805933966,0.549966593490503,13.65,106.67
MOM_qb0of3__REV_G_qb0of3__C3_ROE_DYN_qmax4__v0,MOM_qb0of3__REV_G_qb0of3,C3_ROE_DYN_qmax4,0.22980623136276956,0.22978574595667678,2.048540609278504e-05,-0.6731753873884156,0.5662251655629139,13.76,196.59615384615384
MOM_qb0of3__REV_G_qb0of3__None__v0,MOM_qb0of3__REV_G_qb0of3,None,0.22978574595667678,0.22978574595667678,0.0,-0.655864618477046,0.5663290446208595,13.54,210.94871794871796
MOM_qb2of3__FCF_OI_qb0of3__C14_EPS_DYN_ytdavg_gt_lyavg__v0,MOM_qb2of3__FCF_OI_qb0of3,C14_EPS_DYN_ytdavg_gt_lyavg,0.22976967355018751,0.1865124115904433,0.04325726195974422,-0.5236842713978209,0.5231819474732151,12.62,96.27666666666667
P_IC_qb0of3__ROE_qb2of3__C10_EPS_DYN_qmax4__v0,P_IC_qb0of3__ROE_qb2of3,C10_EPS_DYN_qmax4,0.2297677079573932,0.23202713596514424,-0.00225942800775103,-0.5845166105098583,0.5811226733108603,13.53,118.90705128205128
P_IC_qb0of3__FCF_P_qb2of3__C14_EPS_DYN_ytdavg_gt_lyavg__v0,P_IC_qb0of3__FCF_P_qb2of3,C14_EPS_DYN_ytdavg_gt_lyavg,0.22976480485959394,0.21831878065563526,0.011446024203958682,-0.5541207494081841,0.5838703563305534,15.89,168.1
MOM_qb0of3__REV_G_qb0of3__C10_EPS_DYN_qmax4__v0,MOM_qb0of3__REV_G_qb0of3,C10_EPS_DYN_qmax4,0.229759857810387,0.22978574595667678,-2.5888146289787528e-05,-0.6702101615427851,0.5664963790490092,13.78,196.86858974358975
MOM_qb0of3__REV_G_qb0of3__C11_EPS_DYN_qmax8__v0,MOM_qb0of3__REV_G_qb0of3,C11_EPS_DYN_qmax8,0.2296103851206739,0.22978574595667678,-0.00017536083600289132,-0.6740866087319694,0.5654578979717271,13.69,193.32371794871796
EV_S_qb0of3__MOM_qb2of3__C18_FCF_P_DYN_qmax8__v0,EV_S_qb0of3__MOM_qb2of3,C18_FCF_P_DYN_qmax8,0.22958627365316797,0.22830034113758768,0.0012859325155802903,-0.596795442885,0.5312998859749145,12.8,200.35256410256412
EV_S_qb0of3__MOM_qb2of3__C17_FCF_P_DYN_qmax4__v0,EV_S_qb0of3__MOM_qb2of3,C17_FCF_P_DYN_qmax4,0.2295698876218939,0.22830034113758768,0.0012695464843062165,-0.5976201214922036,0.5317258883248731,12.84,203.4102564102564
MOM_qb0of3__REV_G_qb0of3__C4_ROE_DYN_qmax8__v0,MOM_qb0of3__REV_G_qb0of3,C4_ROE_DYN_qmax8,0.22953099426897516,0.22978574595667678,-0.0002547516877016154,-0.6788749132945476,0.564896590273896,13.66,192.8653846153846
EV_S_qb0of3__ACCRUAL_qb0of3__C6_ROE_DYN_ytdavg_gt_lyytdavg__v0,EV_S_qb0of3__ACCRUAL_qb0of3,C6_ROE_DYN_ytdavg_gt_lyytdavg,0.2295275435328743,0.2618628878173679,-0.03233534428449358,-0.562654877080629,0.5564137004701142,14.37,91.63636363636364
VOL_qb2of3__P_IC_qb1of3__C13_EPS_DYN_ytdavg_gt_lyytdavg__v0,VOL_qb2of3__P_IC_qb1of3,C13_EPS_DYN_ytdavg_gt_lyytdavg,0.2294529075535825,0.2519290447384108,-0.022476137184828326,-0.5340414998719774,0.5351148113334229,13.09,92.03157894736842
EV_S_qb0of3__OCF_E_qb0of3__C13_EPS_DYN_ytdavg_gt_lyytdavg__v0,EV_S_qb0of3__OCF_E_qb0of3,C13_EPS_DYN_ytdavg_gt_lyytdavg,0.22940720804393577,0.2580871066389079,-0.02867989859497211,-0.578976376860986,0.5602553870710295,12.67,98.75087719298246
MOM_qb0of3__REV_G_qb0of3__C17_FCF_P_DYN_qmax4__v0,MOM_qb0of3__REV_G_qb0of3,C17_FCF_P_DYN_qmax4,0.2293900247425873,0.22978574595667678,-0.0003957212140894839,-0.6680333739982182,0.5656878769092036,13.84,197.21794871794873
P_IC_qb0of3__PB_qb0of3__C20_FCF_P_DYN_ytdavg_gt_lyytdavg__v0,P_IC_qb0of3__PB_qb0of3,C20_FCF_P_DYN_ytdavg_gt_lyytdavg,0.22928247922058742,0.24885786529327159,-0.019575386072684164,-0.6641112644191303,0.5997786386275595,15.32,187.11888111888112
P_IC_qb0of3__MOM_qb0of3__None__v0,P_IC_qb0of3__MOM_qb0of3,None,0.2291166681243213,0.2291166681243213,0.0,-0.6680262703693056,0.5957318300785183,12.74,178.7147435897436
ROIC_qb0of3__MOM_qb0of3__C18_FCF_P_DYN_qmax8__v0,ROIC_qb0of3__MOM_qb0of3,C18_FCF_P_DYN_qmax8,0.22904053069036379,0.2370598601423286,-0.008019329451964818,-0.6669701972910882,0.5456858407079646,12.31,219.67948717948718
P_IC_qb0of3__REV_G_qb0of3__None__v0,P_IC_qb0of3__REV_G_qb0of3,None,0.22886611826555736,0.22886611826555736,0.0,-0.6813866271853549,0.6048914915604547,12.87,228.59615384615384
P_IC_qb0of3__OCF_E_qb2of3__C20_FCF_P_DYN_ytdavg_gt_lyytdavg__v0,P_IC_qb0of3__OCF_E_qb2of3,C20_FCF_P_DYN_ytdavg_gt_lyytdavg,0.22882432005261966,0.23937264791212765,-0.010548327859507989,-0.6873604743895945,0.5645320197044335,15.32,94.14685314685315
MOM_qb0of3__REV_G_qb0of3__C18_FCF_P_DYN_qmax8__v0,MOM_qb0of3__REV_G_qb0of3,C18_FCF_P_DYN_qmax8,0.22868639185166684,0.22978574595667678,-0.001099354105009942,-0.6703932837235269,0.564873062233206,13.79,193.97115384615384
P_IC_qb0of3__NETDEBT_EBITDA_qb0of3__C6_ROE_DYN_ytdavg_gt_lyytdavg__v0,P_IC_qb0of3__NETDEBT_EBITDA_qb0of3,C6_ROE_DYN_ytdavg_gt_lyytdavg,0.22830512221894805,0.23218268661645203,-0.003877564397503974,-0.6070227420927577,0.5977859778597786,14.07,50.53146853146853
EV_S_qb0of3__MOM_qb2of3__None__v0,EV_S_qb0of3__MOM_qb2of3,None,0.22830034113758768,0.22830034113758768,0.0,-0.6003490837354839,0.5307621671258035,12.93,214.35576923076923
P_IC_qb0of3__PS_qb0of3__C19_FCF_P_DYN_yoy__v0,P_IC_qb0of3__PS_qb0of3,C19_FCF_P_DYN_yoy,0.2281717884557426,0.2993443569447043,-0.0711725684889617,-0.6290119014004014,0.5623856567874131,18.4,10.189591078066915
EV_S_qb0of3__MOM_qb2of3__C4_ROE_DYN_qmax8__v0,EV_S_qb0of3__MOM_qb2of3,C4_ROE_DYN_qmax8,0.22814014744199707,0.22830034113758768,-0.0001601936955906158,-0.6024737871965493,0.5300189231033889,12.84,200.20833333333334
PS_qb0of3__FCF_OI_qb0of3__C6_ROE_DYN_ytdavg_gt_lyytdavg__v0,PS_qb0of3__FCF_OI_qb0of3,C6_ROE_DYN_ytdavg_gt_lyytdavg,0.22807221814576994,0.25060018242043824,-0.0225279642746683,-0.5865288789062952,0.5551376925876501,12.7,90.33216783216783
EV_S_qb0of3__MOM_qb2of3__C10_EPS_DYN_qmax4__v0,EV_S_qb0of3__MOM_qb2of3,C10_EPS_DYN_qmax4,0.2279710703825666,0.22830034113758768,-0.0003292707550210938,-0.599322475250605,0.5294732562866601,12.9,203.97435897435898
P_IC_qb0of3__CROIC_qb0of3__C6_ROE_DYN_ytdavg_gt_lyytdavg__v0,P_IC_qb0of3__CROIC_qb0of3,C6_ROE_DYN_ytdavg_gt_lyytdavg,0.22785209109744908,0.23275669090326345,-0.004904599805814369,-0.6003111352349977,0.5790473407364115,12.0,74.25524475524476
EV_S_qb0of3__MOM_qb2of3__C3_ROE_DYN_qmax4__v0,EV_S_qb0of3__MOM_qb2of3,C3_ROE_DYN_qmax4,0.2277539977066816,0.22830034113758768,-0.0005463434309060933,-0.5998420616354806,0.5293571594337433,12.92,203.5
P_IC_qb0of3__NETDEBT_EBITDA_qb0of3__C20_FCF_P_DYN_ytdavg_gt_lyytdavg__v0,P_IC_qb0of3__NETDEBT_EBITDA_qb0of3,C20_FCF_P_DYN_ytdavg_gt_lyytdavg,0.22768912114317574,0.23218268661645203,-0.004493565473276284,-0.5417541854496921,0.6027809094325441,14.89,48.31818181818182
EV_S_qb0of3__MOM_qb2of3__C11_EPS_DYN_qmax8__v0,EV_S_qb0of3__MOM_qb2of3,C11_EPS_DYN_qmax8,0.22768059920656936,0.22830034113758768,-0.000619741931018325,-0.6043028949461797,0.5299557700040209,12.83,201.0
EV_S_qb0of3__FCF_P_qb2of3__C7_ROE_DYN_ytdavg_gt_lyavg__v0,EV_S_qb0of3__FCF_P_qb2of3,C7_ROE_DYN_ytdavg_gt_lyavg,0.22757830937384593,0.23261399061368748,-0.00503568123984155,-0.6230992564071713,0.5714285714285714,14.43,134.85
EV_S_qb0of3__ACCRUAL_qb0of3__C13_EPS_DYN_ytdavg_gt_lyytdavg__v0,EV_S_qb0of3__ACCRUAL_qb0of3,C13_EPS_DYN_ytdavg_gt_lyytdavg,0.22734968681762102,0.2618628878173679,-0.03451320099974686,-0.5563475742544154,0.5571456386292835,14.77,107.40350877192982
PS_qb0of3__FCF_OI_qb0of3__C13_EPS_DYN_ytdavg_gt_lyytdavg__v0,PS_qb0of3__FCF_OI_qb0of3,C13_EPS_DYN_ytdavg_gt_lyytdavg,0.22734590069705396,0.25060018242043824,-0.023254281723384285,-0.5833280630602884,0.5565079365079365,13.08,104.25964912280702
CROIC_qb0of3__MOM_qb2of3__C14_EPS_DYN_ytdavg_gt_lyavg__v0,CROIC_qb0of3__MOM_qb2of3,C14_EPS_DYN_ytdavg_gt_lyavg,0.22719022702537117,0.18207520162114577,0.045115025404225406,-0.5177215251669753,0.5205231004200076,12.91,96.21
P_IC_qb0of3__FCF_P_qb2of3__C6_ROE_DYN_ytdavg_gt_lyytdavg__v0,P_IC_qb0of3__FCF_P_qb2of3,C6_ROE_DYN_ytdavg_gt_lyytdavg,0.22691249158987836,0.21831878065563526,0.008593710934243104,-0.5722800822302652,0.5781567194478279,17.83,140.07692307692307
EV_S_qb0of3__FCF_OI_qb2of3__C13_EPS_DYN_ytdavg_gt_lyytdavg__v0,EV_S_qb0of3__FCF_OI_qb2of3,C13_EPS_DYN_ytdavg_gt_lyytdavg,0.22690207892683145,0.25036854865378855,-0.023466469726957095,-0.506911815110941,0.5622925039315044,16.84,59.36491228070175
REVENUE_qb0of3__MOM_qb0of3__C20_FCF_P_DYN_ytdavg_gt_lyytdavg__v0,REVENUE_qb0of3__MOM_qb0of3,C20_FCF_P_DYN_ytdavg_gt_lyytdavg,0.22665864752809894,0.262388694998801,-0.035730047470702075,-0.5622929746032237,0.5438249202683383,17.95,93.03146853146853
P_IC_qb0of3__MOM_qb0of3__C13_EPS_DYN_ytdavg_gt_lyytdavg__v0,P_IC_qb0of3__MOM_qb0of3,C13_EPS_DYN_ytdavg_gt_lyytdavg,0.22654819701830964,0.2291166681243213,-0.0025684711060116605,-0.6230172911255689,0.5830016137708446,15.55,85.7298245614035
PB_qb0of3__None__C2_ROE_DYN_riseq2__v0,PB_qb0of3__None,C2_ROE_DYN_riseq2,0.2264620080206421,0.24810685252001274,-0.021644844499370652,-0.620993650912419,0.5688225538971807,14.82,11.652509652509652
PB_qb0of3__REV_G_qb0of3__C20_FCF_P_DYN_ytdavg_gt_lyytdavg__v0,PB_qb0of3__REV_G_qb0of3,C20_FCF_P_DYN_ytdavg_gt_lyytdavg,0.22630976172114226,0.25815283895445806,-0.03184307723331581,-0.6983192530664434,0.5802615933412604,15.58,107.62237762237763
EV_S_qb0of3__OCF_E_qb2of3__C7_ROE_DYN_ytdavg_gt_lyavg__v0,EV_S_qb0of3__OCF_E_qb2of3,C7_ROE_DYN_ytdavg_gt_lyavg,0.2260356172751652,0.23807027029265226,-0.012034653017487074,-0.5816101188287819,0.5692224034801523,14.21,113.50333333333333
EV_S_qb0of3__NETDEBT_EBITDA_qb0of3__C6_ROE_DYN_ytdavg_gt_lyytdavg__v0,EV_S_qb0of3__NETDEBT_EBITDA_qb0of3,C6_ROE_DYN_ytdavg_gt_lyytdavg,0.22578156443670028,0.2493935746025917,-0.02361201016589143,-0.5216627607967452,0.5826069329008717,13.83,101.07342657342657
ACCRUAL_qb0of3__MOM_qb0of3__C7_ROE_DYN_ytdavg_gt_lyavg__v0,ACCRUAL_qb0of3__MOM_qb0of3,C7_ROE_DYN_ytdavg_gt_lyavg,0.2255569005276561,0.24261078304886974,-0.017053882521213648,-0.6145096988279644,0.5476907630522089,13.19,83.63
EV_S_qb0of3__CROIC_qb0of3__C6_ROE_DYN_ytdavg_gt_lyytdavg__v0,EV_S_qb0of3__CROIC_qb0of3,C6_ROE_DYN_ytdavg_gt_lyytdavg,0.22539943080947067,0.26619282682343415,-0.04079339601396348,-0.5834108256508204,0.5581363943281566,12.88,82.4895104895105
FCF_P_qb2of3__MOM_qb0of3__None__v0,FCF_P_qb2of3__MOM_qb0of3,None,0.22524176986345257,0.22524176986345257,0.0,-0.5882801302836603,0.5782111315274732,14.67,160.24679487179486
EV_S_qb0of3__FCF_P_qb0of3__C6_ROE_DYN_ytdavg_gt_lyytdavg__v0,EV_S_qb0of3__FCF_P_qb0of3,C6_ROE_DYN_ytdavg_gt_lyytdavg,0.22499673948478094,0.263255974512552,-0.038259235027771066,-0.5840592472923687,0.5567523899286387,12.86,84.06293706293707
PS_qb0of3__NETDEBT_EBITDA_qb0of3__C13_EPS_DYN_ytdavg_gt_lyytdavg__v0,PS_qb0of3__NETDEBT_EBITDA_qb0of3,C13_EPS_DYN_ytdavg_gt_lyytdavg,0.22488320950874008,0.26745436241062004,-0.04257115290187996,-0.5261456445507938,0.5624394966118103,13.4,77.45263157894736
P_IC_qb1of3__DEBTRATIO_qb0of3__C3_ROE_DYN_qmax4__v0,P_IC_qb1of3__DEBTRATIO_qb0of3,C3_ROE_DYN_qmax4,0.224860390793989,0.22433968643521385,0.0005207043587751592,-0.5116601552866902,0.5655105973025049,13.0,118.9423076923077
P_IC_qb1of3__DEBTRATIO_qb0of3__C17_FCF_P_DYN_qmax4__v0,P_IC_qb1of3__DEBTRATIO_qb0of3,C17_FCF_P_DYN_qmax4,0.2248137846005238,0.22433968643521385,0.0004740981653099663,-0.5124959757299725,0.5695777351247601,12.94,119.0448717948718
FCF_P_qb2of3__MOM_qb0of3__C4_ROE_DYN_qmax8__v0,FCF_P_qb2of3__MOM_qb0of3,C4_ROE_DYN_qmax8,0.2243744536285217,0.22524176986345257,-0.0008673162349308594,-0.5950763375538033,0.5739762219286658,14.7,151.94871794871796
FCF_P_qb2of3__MOM_qb0of3__C17_FCF_P_DYN_qmax4__v0,FCF_P_qb2of3__MOM_qb0of3,C17_FCF_P_DYN_qmax4,0.22437204207971084,0.22524176986345257,-0.000869727783741725,-0.5906369340213395,0.5757197981596913,14.67,157.55128205128204
P_IC_qb1of3__DEBTRATIO_qb0of3__None__v0,P_IC_qb1of3__DEBTRATIO_qb0of3,None,0.22433968643521385,0.22433968643521385,0.0,-0.508554731822914,0.5762521102982555,13.1,121.74038461538461
PS_qb0of3__OCF_E_qb0of3__C20_FCF_P_DYN_ytdavg_gt_lyytdavg__v0,PS_qb0of3__OCF_E_qb0of3,C20_FCF_P_DYN_ytdavg_gt_lyytdavg,0.2242742869498504,0.25819623576113093,-0.03392194881128052,-0.6502004611407738,0.5529411764705883,13.69,71.27972027972028
FCF_P_qb2of3__MOM_qb0of3__C18_FCF_P_DYN_qmax8__v0,FCF_P_qb2of3__MOM_qb0of3,C18_FCF_P_DYN_qmax8,0.2242314941158472,0.22524176986345257,-0.0010102757476053714,-0.5914112196389201,0.5740400023740281,14.65,156.02884615384616
EV_S_qb0of3__DEBTRATIO_qb2of3__C13_EPS_DYN_ytdavg_gt_lyytdavg__v0,EV_S_qb0of3__DEBTRATIO_qb2of3,C13_EPS_DYN_ytdavg_gt_lyytdavg,0.224139863282538,0.27173786754515006,-0.04759800426261207,-0.6214211322422978,0.5728962818003914,13.93,86.35087719298245
P_IC_qb0of3__ROE_qb2of3__C14_EPS_DYN_ytdavg_gt_lyavg__v0,P_IC_qb0of3__ROE_qb2of3,C14_EPS_DYN_ytdavg_gt_lyavg,0.22409303179986328,0.23202713596514424,-0.007934104165280953,-0.5775666512326509,0.5739969719909159,15.87,85.05
FCF_P_qb2of3__MOM_qb0of3__C10_EPS_DYN_qmax4__v0,FCF_P_qb2of3__MOM_qb0of3,C10_EPS_DYN_qmax4,0.2240864136459939,0.22524176986345257,-0.0011553562174586585,-0.591139039192732,0.5751548356360171,14.83,155.4102564102564
PS_qb0of3__ROE_qb2of3__C20_FCF_P_DYN_ytdavg_gt_lyytdavg__v0,PS_qb0of3__ROE_qb2of3,C20_FCF_P_DYN_ytdavg_gt_lyytdavg,0.22408094315227856,0.25769526459019176,-0.03361432143791321,-0.5443380797586725,0.5715399610136452,16.45,100.43706293706293
P_IC_qb1of3__DEBTRATIO_qb0of3__C10_EPS_DYN_qmax4__v0,P_IC_qb1of3__DEBTRATIO_qb0of3,C10_EPS_DYN_qmax4,0.22406611746201466,0.22433968643521385,-0.0002735689731991897,-0.5112087773337464,0.5664233576642336,13.05,119.18910256410257
VOL_qb2of3__P_IC_qb1of3__C7_ROE_DYN_ytdavg_gt_lyavg__v0,VOL_qb2of3__P_IC_qb1of3,C7_ROE_DYN_ytdavg_gt_lyavg,0.22403169240310317,0.2519290447384108,-0.027897352335307657,-0.5425260535215699,0.5359758038841134,13.63,80.10333333333334
PS_qb0of3__ACCRUAL_qb0of3__C19_FCF_P_DYN_yoy__v0,PS_qb0of3__ACCRUAL_qb0of3,C19_FCF_P_DYN_yoy,0.22391281575680244,0.27726842466212576,-0.053355608905323315,-0.5432526205005022,0.5630227862705509,12.93,11.707070707070708
PS_qb0of3__None__C13_EPS_DYN_ytdavg_gt_lyytdavg__v0,PS_qb0of3__None,C13_EPS_DYN_ytdavg_gt_lyytdavg,0.2239099316593136,0.2448726637138916,-0.020962732054577993,-0.5726407352333325,0.5854884475070936,15.23,312.10526315789474
EV_S_qb0of3__OCF_E_qb0of3__C20_FCF_P_DYN_ytdavg_gt_lyytdavg__v0,EV_S_qb0of3__OCF_E_qb0of3,C20_FCF_P_DYN_ytdavg_gt_lyytdavg,0.22378916957549033,0.2580871066389079,-0.03429793706341755,-0.641673798841323,0.5580748365558492,13.41,70.75174825174825
P_IC_qb1of3__DEBTRATIO_qb0of3__C4_ROE_DYN_qmax8__v0,P_IC_qb1of3__DEBTRATIO_qb0of3,C4_ROE_DYN_qmax8,0.22373781748473376,0.22433968643521385,-0.0006018689504800889,-0.5133789867138729,0.5587715422006186,13.02,117.27884615384616
P_IC_qb0of3__MOM_qb2of3__C7_ROE_DYN_ytdavg_gt_lyavg__v0,P_IC_qb0of3__MOM_qb2of3,C7_ROE_DYN_ytdavg_gt_lyavg,0.22371008695546202,0.20900995301907943,0.014700133936382587,-0.6122292987586837,0.5531372757192908,14.02,92.60666666666667
FCF_P_qb2of3__MOM_qb0of3__C3_ROE_DYN_qmax4__v0,FCF_P_qb2of3__MOM_qb0of3,C3_ROE_DYN_qmax4,0.22365246765725444,0.22524176986345257,-0.0015893022061981288,-0.5935800304661814,0.5754716981132075,14.78,155.02243589743588
PS_qb0of3__None__C20_FCF_P_DYN_ytdavg_gt_lyytdavg__v0,PS_qb0of3__None,C20_FCF_P_DYN_ytdavg_gt_lyytdavg,0.22360149214659253,0.2448726637138916,-0.021271171567299074,-0.6009533159523606,0.5881055533674675,14.88,277.5839160839161
EV_S_qb0of3__None__C7_ROE_DYN_ytdavg_gt_lyavg__v0,EV_S_qb0of3__None,C7_ROE_DYN_ytdavg_gt_lyavg,0.22346732442908568,0.233233900543095,-0.009766576114009329,-0.5900005737808391,0.5945047423486849,13.87,279.32
FCF_P_qb2of3__MOM_qb0of3__C11_EPS_DYN_qmax8__v0,FCF_P_qb2of3__MOM_qb0of3,C11_EPS_DYN_qmax8,0.22330150208399635,0.22524176986345257,-0.0019402677794562173,-0.5937054203438725,0.5736675240772866,14.76,152.60897435897436
P_IC_qb1of3__DEBTRATIO_qb0of3__C11_EPS_DYN_qmax8__v0,P_IC_qb1of3__DEBTRATIO_qb0of3,C11_EPS_DYN_qmax8,0.2232209811761896,0.22433968643521385,-0.0011187052590242441,-0.5138567008675653,0.5609865470852018,13.07,117.64102564102564
P_IC_qb1of3__DEBTRATIO_qb0of3__C18_FCF_P_DYN_qmax8__v0,P_IC_qb1of3__DEBTRATIO_qb0of3,C18_FCF_P_DYN_qmax8,0.22317489179571015,0.22433968643521385,-0.0011647946395036968,-0.5150867469895969,0.5635518157661648,13.05,117.4326923076923
P_IC_qb2of3__PB_qb0of3__C20_FCF_P_DYN_ytdavg_gt_lyytdavg__v0,P_IC_qb2of3__PB_qb0of3,C20_FCF_P_DYN_ytdavg_gt_lyytdavg,0.2231500829571691,0.35662042623220547,-0.13347034327503637,-0.6363662747834402,0.5414235705950992,19.64,18.01048951048951
PS_qb0of3__NETDEBT_EBITDA_qb2of3__C20_FCF_P_DYN_ytdavg_gt_lyytdavg__v0,PS_qb0of3__NETDEBT_EBITDA_qb2of3,C20_FCF_P_DYN_ytdavg_gt_lyytdavg,0.2231321392206207,0.25151199404701585,-0.028379854826395157,-0.7359536459429679,0.5778816199376947,15.08,96.16083916083916
EV_S_qb0of3__MOM_qb2of3__C14_EPS_DYN_ytdavg_gt_lyavg__v0,EV_S_qb0of3__MOM_qb2of3,C14_EPS_DYN_ytdavg_gt_lyavg,0.22287542340982003,0.22830034113758768,-0.005424917727767653,-0.6238396182613886,0.5347789115646259,13.46,125.63333333333334
PB_qb0of3__None__C20_FCF_P_DYN_ytdavg_gt_lyytdavg__v0,PB_qb0of3__None,C20_FCF_P_DYN_ytdavg_gt_lyytdavg,0.2227488641327957,0.24810685252001274,-0.025357988387217034,-0.6225240997607902,0.5966273454199984,15.42,269.7832167832168
EV_S_qb0of3__REV_G_qb2of3__C13_EPS_DYN_ytdavg_gt_lyytdavg__v0,EV_S_qb0of3__REV_G_qb2of3,C13_EPS_DYN_ytdavg_gt_lyytdavg,0.2224926782920169,0.25623793624239943,-0.03374525795038252,-0.5754820202334894,0.557057484348321,14.07,107.72631578947369
PS_qb0of3__None__C6_ROE_DYN_ytdavg_gt_lyytdavg__v0,PS_qb0of3__None,C6_ROE_DYN_ytdavg_gt_lyytdavg,0.22246973215569033,0.2448726637138916,-0.022402931558201278,-0.5887553889257191,0.5838219127885672,15.06,269.3181818181818
P_IC_qb0of3__None__C14_EPS_DYN_ytdavg_gt_lyavg__v0,P_IC_qb0of3__None,C14_EPS_DYN_ytdavg_gt_lyavg,0.2222834366302282,0.208607013051608,0.0136764235786202,-0.5539103825624505,0.6100587127506369,14.47,314.93333333333334
P_IC_qb0of3__ROIC_qb2of3__C7_ROE_DYN_ytdavg_gt_lyavg__v0,P_IC_qb0of3__ROIC_qb2of3,C7_ROE_DYN_ytdavg_gt_lyavg,0.2220816136168271,0.25081126147997335,-0.028729647863146246,-0.6322472422052183,0.5422562141491396,17.61,27.966666666666665
PS_qb0of3__DEBTRATIO_qb2of3__C13_EPS_DYN_ytdavg_gt_lyytdavg__v0,PS_qb0of3__DEBTRATIO_qb2of3,C13_EPS_DYN_ytdavg_gt_lyytdavg,0.22180715739748913,0.26216964041035196,-0.040362483012862826,-0.6294383796710374,0.5846467643241239,14.42,119.40701754385965
P_IC_qb0of3__ROIC_qb0of3__C20_FCF_P_DYN_ytdavg_gt_lyytdavg__v0,P_IC_qb0of3__ROIC_qb0of3,C20_FCF_P_DYN_ytdavg_gt_lyytdavg,0.22120769076443225,0.25547946647063147,-0.034271775706199215,-0.6897898604698687,0.5765801729873586,12.27,110.47902097902097
PS_qb0of3__REV_G_qb2of3__C13_EPS_DYN_ytdavg_gt_lyytdavg__v0,PS_qb0of3__REV_G_qb2of3,C13_EPS_DYN_ytdavg_gt_lyytdavg,0.22110130694348107,0.25152805548918167,-0.0304267485457006,-0.5904666454218815,0.5602973977695167,14.22,103.80350877192983
MOM_qb2of3__DEBTRATIO_qb2of3__C14_EPS_DYN_ytdavg_gt_lyavg__v0,MOM_qb2of3__DEBTRATIO_qb2of3,C14_EPS_DYN_ytdavg_gt_lyavg,0.22084284275371613,0.1955329320328787,0.025309910720837436,-0.5814334743746563,0.5483713672713088,12.99,107.34333333333333
PB_qb0of3__ROE_qb0of3__C20_FCF_P_DYN_ytdavg_gt_lyytdavg__v0,PB_qb0of3__ROE_qb0of3,C20_FCF_P_DYN_ytdavg_gt_lyytdavg,0.2207978192164728,0.25732858527987745,-0.03653076606340466,-0.6839491737572193,0.566541887182135,13.87,108.96503496503496
PB_qb0of3__DEBTRATIO_qb2of3__C20_FCF_P_DYN_ytdavg_gt_lyytdavg__v0,PB_qb0of3__DEBTRATIO_qb2of3,C20_FCF_P_DYN_ytdavg_gt_lyytdavg,0.22039761086569065,0.2682282602009163,-0.04783064933522563,-0.6971487000191019,0.5912065439672801,14.61,99.72027972027972
PS_qb0of3__ROE_qb2of3__C13_EPS_DYN_ytdavg_gt_lyytdavg__v0,PS_qb0of3__ROE_qb2of3,C13_EPS_DYN_ytdavg_gt_lyytdavg,0.22038096048247202,0.25769526459019176,-0.03731430410771974,-0.5619175246709354,0.5705193772019548,17.37,138.62105263157895
PS_qb0of3__DEBTRATIO_qb2of3__C6_ROE_DYN_ytdavg_gt_lyytdavg__v0,PS_qb0of3__DEBTRATIO_qb2of3,C6_ROE_DYN_ytdavg_gt_lyytdavg,0.22026883070776915,0.26216964041035196,-0.04190080970258281,-0.6711685648052421,0.5763069139966274,13.56,102.18181818181819
EV_S_qb0of3__FCF_OI_qb0of3__C6_ROE_DYN_ytdavg_gt_lyytdavg__v0,EV_S_qb0of3__FCF_OI_qb0of3,C6_ROE_DYN_ytdavg_gt_lyytdavg,0.22024658806973707,0.25237182772000777,-0.0321252396502707,-0.5705793279312512,0.5578399801833044,13.44,87.16433566433567
EV_S_qb0of3__REV_G_qb2of3__C6_ROE_DYN_ytdavg_gt_lyytdavg__v0,EV_S_qb0of3__REV_G_qb2of3,C6_ROE_DYN_ytdavg_gt_lyytdavg,0.22013571405092347,0.25623793624239943,-0.03610222219147596,-0.5919102401869477,0.5607599082869309,14.56,92.79020979020979
EV_S_qb0of3__NETDEBT_EBITDA_qb0of3__C20_FCF_P_DYN_ytdavg_gt_lyytdavg__v0,EV_S_qb0of3__NETDEBT_EBITDA_qb0of3,C20_FCF_P_DYN_ytdavg_gt_lyytdavg,0.22011949870575864,0.2493935746025917,-0.029274075896833063,-0.5060446121124227,0.5808796801163213,14.77,101.44755244755245
EV_S_qb0of3__FCF_P_qb2of3__C20_FCF_P_DYN_ytdavg_gt_lyytdavg__v0,EV_S_qb0of3__FCF_P_qb2of3,C20_FCF_P_DYN_ytdavg_gt_lyytdavg,0.21976111292753497,0.23261399061368748,-0.012852877686152508,-0.6012236385744694,0.5718543579829225,14.76,154.82517482517483
OCF_E_qb2of3__MOM_qb0of3__C13_EPS_DYN_ytdavg_gt_lyytdavg__v0,OCF_E_qb2of3__MOM_qb0of3,C13_EPS_DYN_ytdavg_gt_lyytdavg,0.21975395616761362,0.2299957920287996,-0.010241835861185988,-0.5399718272638576,0.5736523021464853,16.94,102.95087719298246
P_IC_qb0of3__ROE_qb0of3__C20_FCF_P_DYN_ytdavg_gt_lyytdavg__v0,P_IC_qb0of3__ROE_qb0of3,C20_FCF_P_DYN_ytdavg_gt_lyytdavg,0.21949415829808205,0.26266155459050733,-0.043167396292425275,-0.7166302057787011,0.5622483741096315,13.32,84.93356643356644
EV_S_qb0of3__FCF_OI_qb2of3__C20_FCF_P_DYN_ytdavg_gt_lyytdavg__v0,EV_S_qb0of3__FCF_OI_qb2of3,C20_FCF_P_DYN_ytdavg_gt_lyytdavg,0.21941786562908883,0.25036854865378855,-0.03095068302469972,-0.6054404351269421,0.5696408256135218,16.22,62.03496503496503
PS_qb0of3__OCF_E_qb0of3__C13_EPS_DYN_ytdavg_gt_lyytdavg__v0,PS_qb0of3__OCF_E_qb0of3,C13_EPS_DYN_ytdavg_gt_lyytdavg,0.21941448318150125,0.25819623576113093,-0.03878175257962968,-0.5909715943895885,0.5544084490328706,13.66,96.7719298245614
OCF_E_qb2of3__MOM_qb0of3__C6_ROE_DYN_ytdavg_gt_lyytdavg__v0,OCF_E_qb2of3__MOM_qb0of3,C6_ROE_DYN_ytdavg_gt_lyytdavg,0.21940834566802558,0.2299957920287996,-0.010587446360774022,-0.5510280325172772,0.5628002745367193,17.39,85.50699300699301
P_IC_qb0of3__OCF_E_qb0of3__C6_ROE_DYN_ytdavg_gt_lyytdavg__v0,P_IC_qb0of3__OCF_E_qb0of3,C6_ROE_DYN_ytdavg_gt_lyytdavg,0.2191855603445807,0.23284078568524258,-0.01365522534066188,-0.5836026066302349,0.578695223333803,13.53,77.04895104895105
FCF_P_qb2of3__MOM_qb0of3__C20_FCF_P_DYN_ytdavg_gt_lyytdavg__v0,FCF_P_qb2of3__MOM_qb0of3,C20_FCF_P_DYN_ytdavg_gt_lyytdavg,0.21905328130649582,0.22524176986345257,-0.0061884885569567505,-0.6423457121151382,0.570630347476864,16.14,92.76923076923077
P_IC_qb0of3__DEBTRATIO_qb2of3__C6_ROE_DYN_ytdavg_gt_lyytdavg__v0,P_IC_qb0of3__DEBTRATIO_qb2of3,C6_ROE_DYN_ytdavg_gt_lyytdavg,0.21901815366472444,0.23782741237160687,-0.018809258706882437,-0.6464776243735055,0.5905511811023622,13.77,96.2867132867133
EV_S_qb0of3__CROIC_qb0of3__C20_FCF_P_DYN_ytdavg_gt_lyytdavg__v0,EV_S_qb0of3__CROIC_qb0of3,C20_FCF_P_DYN_ytdavg_gt_lyytdavg,0.218770804539278,0.26619282682343415,-0.04742202228415615,-0.5863824197973346,0.5590732479493452,13.88,66.12237762237763
P_IC_qb1of3__DEBTRATIO_qb0of3__C13_EPS_DYN_ytdavg_gt_lyytdavg__v0,P_IC_qb1of3__DEBTRATIO_qb0of3,C13_EPS_DYN_ytdavg_gt_lyytdavg,0.21863276922154018,0.22433968643521385,-0.005706917213673668,-0.4874411211821823,0.5552742616033756,13.5,64.21052631578948
P_IC_qb1of3__NETDEBT_EBITDA_qb0of3__None__v0,P_IC_qb1of3__NETDEBT_EBITDA_qb0of3,None,0.21861922308140658,0.21861922308140658,0.0,-0.5299426297102292,0.5770069808027923,13.77,150.4551282051282
EV_S_qb0of3__FCF_P_qb0of3__C20_FCF_P_DYN_ytdavg_gt_lyytdavg__v0,EV_S_qb0of3__FCF_P_qb0of3,C20_FCF_P_DYN_ytdavg_gt_lyytdavg,0.21861000259137087,0.263255974512552,-0.04464597192118114,-0.579257178457802,0.55931717113757,13.57,67.2132867132867
OCF_E_qb0of3__MOM_qb2of3__C14_EPS_DYN_ytdavg_gt_lyavg__v0,OCF_E_qb0of3__MOM_qb2of3,C14_EPS_DYN_ytdavg_gt_lyavg,0.2184755438938697,0.18481972035128758,0.03365582354258212,-0.5118964630544842,0.5198539052256977,13.48,98.38
P_IC_qb0of3__FCF_P_qb2of3__None__v0,P_IC_qb0of3__FCF_P_qb2of3,None,0.21831878065563526,0.21831878065563526,0.0,-0.6152808258837426,0.5906069680812213,14.87,289.2692307692308
P_IC_qb0of3__OCF_E_qb0of3__C13_EPS_DYN_ytdavg_gt_lyytdavg__v0,P_IC_qb0of3__OCF_E_qb0of3,C13_EPS_DYN_ytdavg_gt_lyytdavg,0.21812868035082422,0.23284078568524258,-0.014712105334418357,-0.5529806275212006,0.5787142344067999,13.18,91.33684210526316
EV_S_qb0of3__MOM_qb0of3__C6_ROE_DYN_ytdavg_gt_lyytdavg__v0,EV_S_qb0of3__MOM_qb0of3,C6_ROE_DYN_ytdavg_gt_lyytdavg,0.2179393180721223,0.2463368533766097,-0.02839753530448741,-0.6095269122924725,0.5726068773234201,13.93,81.25524475524476
VOL_qb2of3__P_IC_qb1of3__C20_FCF_P_DYN_ytdavg_gt_lyytdavg__v0,VOL_qb2of3__P_IC_qb1of3,C20_FCF_P_DYN_ytdavg_gt_lyytdavg,0.21782386128562936,0.2519290447384108,-0.03410518345278146,-0.5499928510425995,0.5450928381962865,14.58,76.03146853146853
P_IC_qb0of3__FCF_P_qb2of3__C17_FCF_P_DYN_qmax4__v0,P_IC_qb0of3__FCF_P_qb2of3,C17_FCF_P_DYN_qmax4,0.21758715088420755,0.21831878065563526,-0.0007316297714277109,-0.6168282097231701,0.5879205404320781,14.9,284.7307692307692
P_IC_qb0of3__FCF_P_qb2of3__C18_FCF_P_DYN_qmax8__v0,P_IC_qb0of3__FCF_P_qb2of3,C18_FCF_P_DYN_qmax8,0.21756328122838053,0.21831878065563526,-0.0007554994272547244,-0.6168727208798903,0.5862687331881644,14.89,282.32371794871796
P_IC_qb0of3__ROIC_qb2of3__C13_EPS_DYN_ytdavg_gt_lyytdavg__v0,P_IC_qb0of3__ROIC_qb2of3,C13_EPS_DYN_ytdavg_gt_lyytdavg,0.2175475238151201,0.25081126147997335,-0.03326373766485324,-0.6640016658593278,0.5456706281833617,17.42,31.350877192982455
FCF_P_qb2of3__MOM_qb0of3__C13_EPS_DYN_ytdavg_gt_lyytdavg__v0,FCF_P_qb2of3__MOM_qb0of3,C13_EPS_DYN_ytdavg_gt_lyytdavg,0.21751923174160992,0.22524176986345257,-0.007722538121842648,-0.5723928834040521,0.5731674572630449,18.09,89.68771929824561
EV_S_qb0of3__OCF_E_qb0of3__C6_ROE_DYN_ytdavg_gt_lyytdavg__v0,EV_S_qb0of3__OCF_E_qb0of3,C6_ROE_DYN_ytdavg_gt_lyytdavg,0.21747728631099084,0.2580871066389079,-0.040609820327917046,-0.5910926271792868,0.5582911897790791,13.58,83.32517482517483
PS_qb0of3__OCF_E_qb0of3__C6_ROE_DYN_ytdavg_gt_lyytdavg__v0,PS_qb0of3__OCF_E_qb0of3,C6_ROE_DYN_ytdavg_gt_lyytdavg,0.21731484026059822,0.25819623576113093,-0.04088139550053271,-0.6162842270513094,0.5519649459126387,13.92,82.48251748251748
P_IC_qb0of3__NETDEBT_EBITDA_qb0of3__C14_EPS_DYN_ytdavg_gt_lyavg__v0,P_IC_qb0of3__NETDEBT_EBITDA_qb0of3,C14_EPS_DYN_ytdavg_gt_lyavg,0.21723445215371284,0.23218268661645203,-0.014948234462739185,-0.5118078762459317,0.6034831915755366,14.7,62.43666666666667
P_IC_qb0of3__ROE_qb2of3__C20_FCF_P_DYN_ytdavg_gt_lyytdavg__v0,P_IC_qb0of3__ROE_qb2of3,C20_FCF_P_DYN_ytdavg_gt_lyytdavg,0.21715510559846063,0.23202713596514424,-0.014872030366683608,-0.6294234435689536,0.5680016263468185,17.52,59.05944055944056
P_IC_qb0of3__FCF_P_qb2of3__C10_EPS_DYN_qmax4__v0,P_IC_qb0of3__FCF_P_qb2of3,C10_EPS_DYN_qmax4,0.2166650253798048,0.21831878065563526,-0.0016537552758304486,-0.6152234082284551,0.5844505827662871,14.99,282.6474358974359
PS_qb0of3__DEBTRATIO_qb0of3__C13_EPS_DYN_ytdavg_gt_lyytdavg__v0,PS_qb0of3__DEBTRATIO_qb0of3,C13_EPS_DYN_ytdavg_gt_lyytdavg,0.21639722136215012,0.2593996362704869,-0.043002414908336783,-0.539980487428414,0.5769007544979686,13.88,69.6140350877193
P_IC_qb0of3__NETDEBT_EBITDA_qb0of3__C7_ROE_DYN_ytdavg_gt_lyavg__v0,P_IC_qb0of3__NETDEBT_EBITDA_qb0of3,C7_ROE_DYN_ytdavg_gt_lyavg,0.21635980355236462,0.23218268661645203,-0.015822883064087412,-0.5238161100520626,0.5984489444205084,15.78,52.43
PS_qb0of3__DEBTRATIO_qb0of3__C7_ROE_DYN_ytdavg_gt_lyavg__v0,PS_qb0of3__DEBTRATIO_qb0of3,C7_ROE_DYN_ytdavg_gt_lyavg,0.21624003478118192,0.2593996362704869,-0.04315960148930498,-0.5417708262848404,0.5794261721483555,14.6,63.36
PB_qb0of3__OCF_E_qb0of3__C20_FCF_P_DYN_ytdavg_gt_lyytdavg__v0,PB_qb0of3__OCF_E_qb0of3,C20_FCF_P_DYN_ytdavg_gt_lyytdavg,0.21599077246904796,0.24899922644482997,-0.033008453975782004,-0.6603651681115156,0.568038561364479,14.94,87.95454545454545
PS_qb0of3__OCF_E_qb2of3__C19_FCF_P_DYN_yoy__v0,PS_qb0of3__OCF_E_qb2of3,C19_FCF_P_DYN_yoy,0.21598861070431874,0.25989508506420633,-0.04390647435988759,-0.5711066652731378,0.5647397331938269,13.39,12.730897009966778
P_IC_qb0of3__FCF_P_qb2of3__C11_EPS_DYN_qmax8__v0,P_IC_qb0of3__FCF_P_qb2of3,C11_EPS_DYN_qmax8,0.21562385677917728,0.21831878065563526,-0.0026949238764579775,-0.6200577112377792,0.5816735644076565,14.98,279.01602564102564
P_IC_qb1of3__OCF_E_qb0of3__C14_EPS_DYN_ytdavg_gt_lyavg__v0,P_IC_qb1of3__OCF_E_qb0of3,C14_EPS_DYN_ytdavg_gt_lyavg,0.21557099548668157,0.19308410340683912,0.022486892079842447,-0.5684886566505873,0.5532926829268293,12.99,94.75666666666666
PS_qb0of3__REV_G_qb2of3__C6_ROE_DYN_ytdavg_gt_lyytdavg__v0,PS_qb0of3__REV_G_qb2of3,C6_ROE_DYN_ytdavg_gt_lyytdavg,0.21549522974098534,0.25152805548918167,-0.03603282574819633,-0.6084288056327523,0.5611195413926825,14.08,89.3006993006993
EV_S_qb0of3__NETDEBT_EBITDA_qb0of3__C13_EPS_DYN_ytdavg_gt_lyytdavg__v0,EV_S_qb0of3__NETDEBT_EBITDA_qb0of3,C13_EPS_DYN_ytdavg_gt_lyytdavg,0.2151389340726939,0.2493935746025917,-0.034254640529897795,-0.5200051556320278,0.5727414600312121,14.53,119.23859649122807
CROIC_qb0of3__MOM_qb0of3__C3_ROE_DYN_qmax4__v0,CROIC_qb0of3__MOM_qb0of3,C3_ROE_DYN_qmax4,0.21492455086976014,0.21298754934741781,0.0019370015223423298,-0.632527678834715,0.5420218607813398,13.17,215.4903846153846
P_IC_qb0of3__None__C6_ROE_DYN_ytdavg_gt_lyytdavg__v0,P_IC_qb0of3__None,C6_ROE_DYN_ytdavg_gt_lyytdavg,0.21488073100297167,0.208607013051608,0.0062737179513636665,-0.5614535495609976,0.6016383495145631,15.63,262.4825174825175
P_IC_qb0of3__FCF_P_qb2of3__C3_ROE_DYN_qmax4__v0,P_IC_qb0of3__FCF_P_qb2of3,C3_ROE_DYN_qmax4,0.21487347824081526,0.21831878065563526,-0.003445302414819995,-0.6170752509577409,0.5843289060935727,15.0,281.84615384615387
P_IC_qb0of3__FCF_P_qb2of3__C4_ROE_DYN_qmax8__v0,P_IC_qb0of3__FCF_P_qb2of3,C4_ROE_DYN_qmax8,0.21468208096900288,0.21831878065563526,-0.003636699686632383,-0.6214281646197615,0.5805257784583971,14.97,277.81410256410254
EV_S_qb0of3__DEBTRATIO_qb0of3__C13_EPS_DYN_ytdavg_gt_lyytdavg__v0,EV_S_qb0of3__DEBTRATIO_qb0of3,C13_EPS_DYN_ytdavg_gt_lyytdavg,0.2145421822975384,0.2439435216461272,-0.029401339348588795,-0.5296185882089395,0.5812655086848635,14.31,105.51578947368421
P_IC_qb1of3__DEBTRATIO_qb0of3__C7_ROE_DYN_ytdavg_gt_lyavg__v0,P_IC_qb1of3__DEBTRATIO_qb0of3,C7_ROE_DYN_ytdavg_gt_lyavg,0.21446625370981964,0.22433968643521385,-0.009873432725394204,-0.5215779160847516,0.5545762711864407,14.85,57.71666666666667
FCF_P_qb0of3__MOM_qb0of3__C3_ROE_DYN_qmax4__v0,FCF_P_qb0of3__MOM_qb0of3,C3_ROE_DYN_qmax4,0.21443913399738657,0.21181701243698448,0.002622121560402091,-0.6339487926513123,0.5441633837860252,13.13,215.17307692307693
P_IC_qb0of3__DEBTRATIO_qb2of3__C13_EPS_DYN_ytdavg_gt_lyytdavg__v0,P_IC_qb0of3__DEBTRATIO_qb2of3,C13_EPS_DYN_ytdavg_gt_lyytdavg,0.21425582578627522,0.23782741237160687,-0.02357158658533165,-0.6474587091354018,0.6023901154547296,14.55,108.69824561403509
MOM_qb0of3__ROE_qb2of3__C3_ROE_DYN_qmax4__v0,MOM_qb0of3__ROE_qb2of3,C3_ROE_DYN_qmax4,0.21411827018491492,0.21278163439196374,0.0013366357929511796,-0.5572906584707404,0.5775481920120953,14.57,159.96794871794873
CROIC_qb0of3__MOM_qb0of3__C11_EPS_DYN_qmax8__v0,CROIC_qb0of3__MOM_qb0of3,C11_EPS_DYN_qmax8,0.21401106983701657,0.21298754934741781,0.0010235204895987504,-0.6371127244271323,0.5405956112852665,13.23,212.85897435897436
P_IC_qb0of3__MOM_qb2of3__C13_EPS_DYN_ytdavg_gt_lyytdavg__v0,P_IC_qb0of3__MOM_qb2of3,C13_EPS_DYN_ytdavg_gt_lyytdavg,0.21395142003754253,0.20900995301907943,0.004941467018463097,-0.5851049862321146,0.5459648477040582,15.35,103.84912280701755
CROIC_qb0of3__MOM_qb0of3__C10_EPS_DYN_qmax4__v0,CROIC_qb0of3__MOM_qb0of3,C10_EPS_DYN_qmax4,0.21389250034972251,0.21298754934741781,0.0009049510023046992,-0.6349599104094954,0.5428062454154878,13.29,215.81089743589743
EV_S_qb0of3__DEBTRATIO_qb0of3__C7_ROE_DYN_ytdavg_gt_lyavg__v0,EV_S_qb0of3__DEBTRATIO_qb0of3,C7_ROE_DYN_ytdavg_gt_lyavg,0.21388777995995745,0.2439435216461272,-0.030055741686169757,-0.5424991584594221,0.5980293077311774,15.2,94.47333333333333
EV_S_qb0of3__DEBTRATIO_qb2of3__C20_FCF_P_DYN_ytdavg_gt_lyytdavg__v0,EV_S_qb0of3__DEBTRATIO_qb2of3,C20_FCF_P_DYN_ytdavg_gt_lyytdavg,0.213816223440906,0.27173786754515006,-0.05792164410424405,-0.7311643007366335,0.5691333982473223,14.35,77.54895104895105
MOM_qb0of3__ROE_qb2of3__C10_EPS_DYN_qmax4__v0,MOM_qb0of3__ROE_qb2of3,C10_EPS_DYN_qmax4,0.2138051636798508,0.21278163439196374,0.0010235292878870705,-0.5600940196198596,0.5776882397381012,14.59,160.43269230769232
CROIC_qb0of3__MOM_qb0of3__C4_ROE_DYN_qmax8__v0,CROIC_qb0of3__MOM_qb0of3,C4_ROE_DYN_qmax8,0.21375806175551793,0.21298754934741781,0.0007705124081001102,-0.6380483225491114,0.5397810218978102,13.07,212.31730769230768
MOM_qb0of3__ROE_qb2of3__C11_EPS_DYN_qmax8__v0,MOM_qb0of3__ROE_qb2of3,C11_EPS_DYN_qmax8,0.21352746334179606,0.21278163439196374,0.0007458289498323278,-0.5625230586097194,0.5760461037334001,14.54,157.90064102564102
MOM_qb0of3__ROE_qb2of3__C4_ROE_DYN_qmax8__v0,MOM_qb0of3__ROE_qb2of3,C4_ROE_DYN_qmax8,0.21351653541297466,0.21278163439196374,0.0007349010210109252,-0.5588920599774758,0.5749310258339604,14.5,157.10256410256412
EV_S_qb0of3__MOM_qb0of3__C13_EPS_DYN_ytdavg_gt_lyytdavg__v0,EV_S_qb0of3__MOM_qb0of3,C13_EPS_DYN_ytdavg_gt_lyytdavg,0.21341127353206235,0.2463368533766097,-0.03292557984454736,-0.600170255239824,0.5748514851485148,14.13,95.21052631578948
P_IC_qb0of3__MOM_qb0of3__C20_FCF_P_DYN_ytdavg_gt_lyytdavg__v0,P_IC_qb0of3__MOM_qb0of3,C20_FCF_P_DYN_ytdavg_gt_lyytdavg,0.21339436990603233,0.2291166681243213,-0.015722298218288966,-0.713072134745995,0.5779446374537711,15.99,80.31818181818181
P_IC_qb0of3__FCF_P_qb2of3__C20_FCF_P_DYN_ytdavg_gt_lyytdavg__v0,P_IC_qb0of3__FCF_P_qb2of3,C20_FCF_P_DYN_ytdavg_gt_lyytdavg,0.2132827642828874,0.21831878065563526,-0.005036016372747865,-0.6702028284863822,0.5747643712320625,15.91,167.0909090909091
FCF_P_qb0of3__MOM_qb0of3__C17_FCF_P_DYN_qmax4__v0,FCF_P_qb0of3__MOM_qb0of3,C17_FCF_P_DYN_qmax4,0.21324727788674513,0.21181701243698448,0.0014302654497606593,-0.634136389014255,0.542936143572621,13.2,213.76923076923077
P_IC_qb0of3__FCF_P_qb2of3__C13_EPS_DYN_ytdavg_gt_lyytdavg__v0,P_IC_qb0of3__FCF_P_qb2of3,C13_EPS_DYN_ytdavg_gt_lyytdavg,0.21309234436930802,0.21831878065563526,-0.005226436286327241,-0.5713431809439755,0.5772755039706781,17.84,164.17894736842106
CROIC_qb0of3__MOM_qb0of3__None__v0,CROIC_qb0of3__MOM_qb0of3,None,0.21298754934741781,0.21298754934741781,0.0,-0.6177401446101833,0.5390712325983131,13.2,230.68269230769232
MOM_qb0of3__ROE_qb2of3__C7_ROE_DYN_ytdavg_gt_lyavg__v0,MOM_qb0of3__ROE_qb2of3,C7_ROE_DYN_ytdavg_gt_lyavg,0.21296457770929544,0.21278163439196374,0.00018294331733170743,-0.5723674844618678,0.5712796208530806,14.97,95.66
FCF_P_qb0of3__MOM_qb0of3__C4_ROE_DYN_qmax8__v0,FCF_P_qb0of3__MOM_qb0of3,C4_ROE_DYN_qmax8,0.21289239785282965,0.21181701243698448,0.0010753854158451759,-0.6398332761233596,0.542015503875969,13.04,212.00320512820514
PS_qb0of3__None__C9_EPS_DYN_riseq2__v0,PS_qb0of3__None,C9_EPS_DYN_riseq2,0.21281745747701897,0.2448726637138916,-0.032055206236872635,-0.6661479283118441,0.5568421052631579,12.34,13.250871080139373
FCF_P_qb0of3__MOM_qb0of3__C10_EPS_DYN_qmax4__v0,FCF_P_qb0of3__MOM_qb0of3,C10_EPS_DYN_qmax4,0.21278703644911734,0.21181701243698448,0.000970024012132864,-0.6357903907693279,0.5446804091593541,13.25,215.5
EV_S_qb0of3__MOM_qb2of3__C7_ROE_DYN_ytdavg_gt_lyavg__v0,EV_S_qb0of3__MOM_qb2of3,C7_ROE_DYN_ytdavg_gt_lyavg,0.2127854055010443,0.22830034113758768,-0.015514935636543381,-0.6271969208347525,0.5359977324263039,14.13,109.29
MOM_qb0of3__ROE_qb2of3__None__v0,MOM_qb0of3__ROE_qb2of3,None,0.21278163439196374,0.21278163439196374,0.0,-0.5594747713788855,0.5823536847427633,14.7,164.32051282051282
FCF_P_qb0of3__MOM_qb0of3__C11_EPS_DYN_qmax8__v0,FCF_P_qb0of3__MOM_qb0of3,C11_EPS_DYN_qmax8,0.21243039669802788,0.21181701243698448,0.0006133842610434037,-0.6383695984816877,0.5427994407332608,13.19,212.56089743589743
REVENUE_qb0of3__P_IC_qb1of3__C6_ROE_DYN_ytdavg_gt_lyytdavg__v0,REVENUE_qb0of3__P_IC_qb1of3,C6_ROE_DYN_ytdavg_gt_lyytdavg,0.21224998305687448,0.2632856463559605,-0.05103566329908604,-0.4117589071514314,0.5429248075784487,15.48,62.29020979020979
MOM_qb0of3__ROE_qb2of3__C17_FCF_P_DYN_qmax4__v0,MOM_qb0of3__ROE_qb2of3,C17_FCF_P_DYN_qmax4,0.21223407252854165,0.21278163439196374,-0.0005475618634220858,-0.555948845658445,0.5802320420972548,14.52,158.81410256410257
MOM_qb0of3__DEBTRATIO_qb2of3__C4_ROE_DYN_qmax8__v0,MOM_qb0of3__DEBTRATIO_qb2of3,C4_ROE_DYN_qmax8,0.2120410338422254,0.21064729938079285,0.0013937344614325387,-0.646487179495195,0.5849840878093135,12.85,176.3301282051282
EV_S_qb0of3__OCF_E_qb2of3__C20_FCF_P_DYN_ytdavg_gt_lyytdavg__v0,EV_S_qb0of3__OCF_E_qb2of3,C20_FCF_P_DYN_ytdavg_gt_lyytdavg,0.21184848816878987,0.23807027029265226,-0.02622178212386239,-0.568604997582091,0.5693729750333524,15.37,124.4965034965035
FCF_P_qb0of3__MOM_qb0of3__None__v0,FCF_P_qb0of3__MOM_qb0of3,None,0.21181701243698448,0.21181701243698448,0.0,-0.6323535637152592,0.5460512606793082,13.35,221.03205128205127
P_IC_qb0of3__None__C18_FCF_P_DYN_qmax8__v0,P_IC_qb0of3__None,C18_FCF_P_DYN_qmax8,0.21176668300095525,0.208607013051608,0.0031596699493472435,-0.6206248178239545,0.6297233773277888,13.78,542.2371794871794
MOM_qb0of3__DEBTRATIO_qb2of3__C3_ROE_DYN_qmax4__v0,MOM_qb0of3__DEBTRATIO_qb2of3,C3_ROE_DYN_qmax4,0.2117214815243249,0.21064729938079285,0.0010741821435320542,-0.6404584927941455,0.589381808636304,12.99,179.7852564102564
P_IC_qb0of3__MOM_qb2of3__C10_EPS_DYN_qmax4__v0,P_IC_qb0of3__MOM_qb2of3,C10_EPS_DYN_qmax4,0.21168784199920299,0.20900995301907943,0.002677888980123555,-0.6343712980506708,0.5435068596128547,13.67,180.72115384615384
P_IC_qb0of3__None__C17_FCF_P_DYN_qmax4__v0,P_IC_qb0of3__None,C17_FCF_P_DYN_qmax4,0.21162520758221004,0.208607013051608,0.0030181945306020364,-0.6202464015004745,0.6490620812862885,13.81,549.7948717948718
EV_S_qb0of3__ACCRUAL_qb0of3__C19_FCF_P_DYN_yoy__v0,EV_S_qb0of3__ACCRUAL_qb0of3,C19_FCF_P_DYN_yoy,0.21153331869123582,0.2618628878173679,-0.05032956912613207,-0.5671606023422741,0.5659154929577465,13.7,11.866666666666667
MOM_qb0of3__ROE_qb2of3__C18_FCF_P_DYN_qmax8__v0,MOM_qb0of3__ROE_qb2of3,C18_FCF_P_DYN_qmax8,0.21149686308736437,0.21278163439196374,-0.0012847713045993636,-0.5580451070212611,0.5780526482714875,14.44,155.42307692307693
MOM_qb0of3__DEBTRATIO_qb2of3__C10_EPS_DYN_qmax4__v0,MOM_qb0of3__DEBTRATIO_qb2of3,C10_EPS_DYN_qmax4,0.2113849978294533,0.21064729938079285,0.000737698448660451,-0.6380530909571991,0.5897435897435898,13.05,180.03846153846155
PS_qb0of3__DEBTRATIO_qb0of3__C20_FCF_P_DYN_ytdavg_gt_lyytdavg__v0,PS_qb0of3__DEBTRATIO_qb0of3,C20_FCF_P_DYN_ytdavg_gt_lyytdavg,0.2113490704025447,0.2593996362704869,-0.04805056586794221,-0.4908603653884732,0.585387323943662,14.27,60.55244755244755
P_IC_qb0of3__MOM_qb2of3__C4_ROE_DYN_qmax8__v0,P_IC_qb0of3__MOM_qb2of3,C4_ROE_DYN_qmax8,0.2112634435748455,0.20900995301907943,0.002253490555766069,-0.6400148290681049,0.54425658876181,13.64,177.84294871794873
PS_qb0of3__DEBTRATIO_qb2of3__C20_FCF_P_DYN_ytdavg_gt_lyytdavg__v0,PS_qb0of3__DEBTRATIO_qb2of3,C20_FCF_P_DYN_ytdavg_gt_lyytdavg,0.21107776531109934,0.26216964041035196,-0.051091875099252615,-0.7145120020535566,0.5769090909090909,14.73,110.39160839160839
P_IC_qb0of3__MOM_qb2of3__C3_ROE_DYN_qmax4__v0,P_IC_qb0of3__MOM_qb2of3,C3_ROE_DYN_qmax4,0.2110087709147912,0.20900995301907943,0.0019988178957117686,-0.6359012451942105,0.543725760040035,13.73,180.24679487179486
P_IC_qb0of3__MOM_qb2of3__C18_FCF_P_DYN_qmax8__v0,P_IC_qb0of3__MOM_qb2of3,C18_FCF_P_DYN_qmax8,0.21100838502786412,0.20900995301907943,0.0019984320087846896,-0.6381033983104503,0.5442059023696096,13.81,177.81730769230768
CROIC_qb0of3__MOM_qb0of3__C17_FCF_P_DYN_qmax4__v0,CROIC_qb0of3__MOM_qb0of3,C17_FCF_P_DYN_qmax4,0.21100031531334706,0.21298754934741781,-0.0019872340340707506,-0.6333531974547256,0.5414998946703181,13.29,213.7147435897436
P_IC_qb0of3__None__C10_EPS_DYN_qmax4__v0,P_IC_qb0of3__None,C10_EPS_DYN_qmax4,0.21092535850088412,0.208607013051608,0.0023183454492761157,-0.6206406987161969,0.6350705374839688,13.81,550.9583333333334
FCF_P_qb0of3__MOM_qb0of3__C18_FCF_P_DYN_qmax8__v0,FCF_P_qb0of3__MOM_qb0of3,C18_FCF_P_DYN_qmax8,0.21083664936481927,0.21181701243698448,-0.0009803630721652024,-0.6382274609371058,0.5402730019797853,13.2,209.8397435897436
P_IC_qb0of3__None__C11_EPS_DYN_qmax8__v0,P_IC_qb0of3__None,C11_EPS_DYN_qmax8,0.21071185379732738,0.208607013051608,0.002104840745719372,-0.6234330419719172,0.6190340909090909,13.75,543.7179487179487
MOM_qb0of3__DEBTRATIO_qb2of3__None__v0,MOM_qb0of3__DEBTRATIO_qb2of3,None,0.21064729938079285,0.21064729938079285,0.0,-0.635749977636821,0.5954599920117162,13.16,185.89423076923077
EV_S_qb0of3__FCF_OI_qb0of3__C20_FCF_P_DYN_ytdavg_gt_lyytdavg__v0,EV_S_qb0of3__FCF_OI_qb0of3,C20_FCF_P_DYN_ytdavg_gt_lyytdavg,0.210494648965325,0.25237182772000777,-0.041877178754682776,-0.5730872867063294,0.5597207859358841,14.13,71.42307692307692
P_IC_qb0of3__MOM_qb2of3__C11_EPS_DYN_qmax8__v0,P_IC_qb0of3__MOM_qb2of3,C11_EPS_DYN_qmax8,0.21046795360765924,0.20900995301907943,0.0014580005885798109,-0.6400991964792007,0.5432820959611675,13.6,178.5
P_IC_qb0of3__MOM_qb2of3__C17_FCF_P_DYN_qmax4__v0,P_IC_qb0of3__MOM_qb2of3,C17_FCF_P_DYN_qmax4,0.2104211890797214,0.20900995301907943,0.0014112360606419738,-0.6362340655987054,0.5443455529968257,13.88,180.12179487179486
MOM_qb0of3__NETDEBT_EBITDA_qb2of3__C7_ROE_DYN_ytdavg_gt_lyavg__v0,MOM_qb0of3__NETDEBT_EBITDA_qb2of3,C7_ROE_DYN_ytdavg_gt_lyavg,0.21040986781375204,0.1923298476167259,0.018080020197026148,-0.5756842493101753,0.5713251267197683,16.72,75.28666666666666
P_IC_qb0of3__NETDEBT_EBITDA_qb1of3__C7_ROE_DYN_ytdavg_gt_lyavg__v0,P_IC_qb0of3__NETDEBT_EBITDA_qb1of3,C7_ROE_DYN_ytdavg_gt_lyavg,0.21036947854670518,0.20528280555490386,0.005086672991801322,-0.6308179693766041,0.5799393414211439,14.64,74.75666666666666
MOM_qb0of3__DEBTRATIO_qb2of3__C11_EPS_DYN_qmax8__v0,MOM_qb0of3__DEBTRATIO_qb2of3,C11_EPS_DYN_qmax8,0.21015909885826245,0.21064729938079285,-0.000488200522530402,-0.6455326490656397,0.5852265351161885,12.95,176.80769230769232
P_IC_qb0of3__None__C4_ROE_DYN_qmax8__v0,P_IC_qb0of3__None,C4_ROE_DYN_qmax8,0.21015448001526016,0.208607013051608,0.0015474669636521554,-0.6236495810435934,0.6177606177606177,13.78,541.7115384615385
EV_S_qb0of3__OCF_E_qb2of3__C13_EPS_DYN_ytdavg_gt_lyytdavg__v0,EV_S_qb0of3__OCF_E_qb2of3,C13_EPS_DYN_ytdavg_gt_lyytdavg,0.21001034619746828,0.23807027029265226,-0.028059924095183986,-0.542016254696435,0.5666069576694636,15.85,129.97543859649122
P_IC_qb0of3__None__C3_ROE_DYN_qmax4__v0,P_IC_qb0of3__None,C3_ROE_DYN_qmax4,0.20995309494650916,0.208607013051608,0.0013460818949011522,-0.6214887512383298,0.6379233511586453,13.84,549.6057692307693
EV_S_qb0of3__FCF_P_qb2of3__C6_ROE_DYN_ytdavg_gt_lyytdavg__v0,EV_S_qb0of3__FCF_P_qb2of3,C6_ROE_DYN_ytdavg_gt_lyytdavg,0.20961939577013622,0.23261399061368748,-0.022994594843551264,-0.5681350396238691,0.5695129900363163,16.04,130.26923076923077
PS_qb0of3__CROIC_qb0of3__C20_FCF_P_DYN_ytdavg_gt_lyytdavg__v0,PS_qb0of3__CROIC_qb0of3,C20_FCF_P_DYN_ytdavg_gt_lyytdavg,0.20944062086347537,0.26105984945528315,-0.051619228591807786,-0.6060692048002393,0.5557897695334457,13.96,68.45104895104895
P_IC_qb0of3__NETDEBT_EBITDA_qb1of3__C18_FCF_P_DYN_qmax8__v0,P_IC_qb0of3__NETDEBT_EBITDA_qb1of3,C18_FCF_P_DYN_qmax8,0.20931591376688852,0.20528280555490386,0.0040331082119846595,-0.5977376289909959,0.5887615320100643,14.74,137.36217948717947
PS_qb0of3__FCF_P_qb0of3__C20_FCF_P_DYN_ytdavg_gt_lyytdavg__v0,PS_qb0of3__FCF_P_qb0of3,C20_FCF_P_DYN_ytdavg_gt_lyytdavg,0.2093143752453719,0.25940619605950865,-0.05009182081413677,-0.5969557947890715,0.5553691275167785,13.87,69.86013986013987
ROIC_qb0of3__MOM_qb0of3__C13_EPS_DYN_ytdavg_gt_lyytdavg__v0,ROIC_qb0of3__MOM_qb0of3,C13_EPS_DYN_ytdavg_gt_lyytdavg,0.20905263147408926,0.2370598601423286,-0.028007228668239348,-0.6247125141615899,0.5331851702192141,14.12,95.65964912280701
P_IC_qb0of3__MOM_qb2of3__None__v0,P_IC_qb0of3__MOM_qb2of3,None,0.20900995301907943,0.20900995301907943,0.0,-0.6343369558390018,0.5424253459577567,13.87,193.22435897435898
P_IC_qb1of3__NETDEBT_EBITDA_qb0of3__C17_FCF_P_DYN_qmax4__v0,P_IC_qb1of3__NETDEBT_EBITDA_qb0of3,C17_FCF_P_DYN_qmax4,0.20884779591603286,0.21861922308140658,-0.009771427165373714,-0.5341332863543743,0.5714013346043851,14.93,142.50641025641025
P_IC_qb0of3__NETDEBT_EBITDA_qb1of3__C17_FCF_P_DYN_qmax4__v0,P_IC_qb0of3__NETDEBT_EBITDA_qb1of3,C17_FCF_P_DYN_qmax4,0.20884764506824238,0.20528280555490386,0.0035648395133385247,-0.599915293368904,0.5920759756640451,14.75,139.44230769230768
OCF_E_qb2of3__MOM_qb0of3__C20_FCF_P_DYN_ytdavg_gt_lyytdavg__v0,OCF_E_qb2of3__MOM_qb0of3,C20_FCF_P_DYN_ytdavg_gt_lyytdavg,0.20868539860904312,0.2299957920287996,-0.02131039341975649,-0.5914823474276767,0.5722700498414137,17.12,90.6013986013986
P_IC_qb0of3__None__None__v0,P_IC_qb0of3__None,None,0.208607013051608,0.208607013051608,0.0,-0.6180448251541777,0.6780094413847364,14.01,587.4839743589744
CROIC_qb0of3__MOM_qb0of3__C18_FCF_P_DYN_qmax8__v0,CROIC_qb0of3__MOM_qb0of3,C18_FCF_P_DYN_qmax8,0.2085699471501572,0.21298754934741781,-0.004417602197260617,-0.6368226491702138,0.5388903497239022,13.31,209.81730769230768
P_IC_qb1of3__NETDEBT_EBITDA_qb0of3__C7_ROE_DYN_ytdavg_gt_lyavg__v0,P_IC_qb1of3__NETDEBT_EBITDA_qb0of3,C7_ROE_DYN_ytdavg_gt_lyavg,0.20847446676599835,0.21861922308140658,-0.010144756315408232,-0.5329083784712779,0.5590572033898306,14.48,71.87666666666667
P_IC_qb1of3__NETDEBT_EBITDA_qb0of3__C3_ROE_DYN_qmax4__v0,P_IC_qb1of3__NETDEBT_EBITDA_qb0of3,C3_ROE_DYN_qmax4,0.2084365051187731,0.21861922308140658,-0.01018271796263348,-0.5333781370325295,0.5686797485235283,14.93,142.44871794871796
EV_S_qb0of3__NETDEBT_EBITDA_qb2of3__C6_ROE_DYN_ytdavg_gt_lyytdavg__v0,EV_S_qb0of3__NETDEBT_EBITDA_qb2of3,C6_ROE_DYN_ytdavg_gt_lyytdavg,0.20817640435592422,0.2416553007072897,-0.03347889635136547,-0.6940022820832545,0.5696052241021075,14.7,52.5979020979021
P_IC_qb1of3__FCF_P_qb0of3__C14_EPS_DYN_ytdavg_gt_lyavg__v0,P_IC_qb1of3__FCF_P_qb0of3,C14_EPS_DYN_ytdavg_gt_lyavg,0.2081419046295243,0.1841704188723745,0.023971485757149802,-0.535402212250317,0.5556855404773047,13.2,101.63333333333334
PS_qb0of3__REV_G_qb0of3__C20_FCF_P_DYN_ytdavg_gt_lyytdavg__v0,PS_qb0of3__REV_G_qb0of3,C20_FCF_P_DYN_ytdavg_gt_lyytdavg,0.20812813333277713,0.24614762604995466,-0.03801949271717753,-0.685848943415328,0.5748718659094058,15.93,102.97902097902097
P_IC_qb0of3__NETDEBT_EBITDA_qb1of3__C11_EPS_DYN_qmax8__v0,P_IC_qb0of3__NETDEBT_EBITDA_qb1of3,C11_EPS_DYN_qmax8,0.20805279351097927,0.20528280555490386,0.002769987956075415,-0.6065477129547718,0.583909668313338,14.68,138.17307692307693
EV_S_qb0of3__MOM_qb0of3__C20_FCF_P_DYN_ytdavg_gt_lyytdavg__v0,EV_S_qb0of3__MOM_qb0of3,C20_FCF_P_DYN_ytdavg_gt_lyytdavg,0.20799728456630207,0.2463368533766097,-0.038339568810307645,-0.6543520195905488,0.5799741323561113,15.23,84.8986013986014
P_IC_qb1of3__NETDEBT_EBITDA_qb0of3__C4_ROE_DYN_qmax8__v0,P_IC_qb1of3__NETDEBT_EBITDA_qb0of3,C4_ROE_DYN_qmax8,0.20793447709539636,0.21861922308140658,-0.010684745986010213,-0.531700211486269,0.5612668743509865,14.93,140.1153846153846
CROIC_qb0of3__MOM_qb0of3__C14_EPS_DYN_ytdavg_gt_lyavg__v0,CROIC_qb0of3__MOM_qb0of3,C14_EPS_DYN_ytdavg_gt_lyavg,0.20776194404766768,0.21298754934741781,-0.005225605299750136,-0.6300391722172097,0.5382741823242867,13.57,110.73333333333333
P_IC_qb0of3__FCF_OI_qb1of3__C20_FCF_P_DYN_ytdavg_gt_lyytdavg__v0,P_IC_qb0of3__FCF_OI_qb1of3,C20_FCF_P_DYN_ytdavg_gt_lyytdavg,0.2076485298046833,0.20490411666188146,0.002744413142801827,-0.660952466200015,0.568175835746249,15.68,80.36363636363636
P_IC_qb1of3__NETDEBT_EBITDA_qb0of3__C10_EPS_DYN_qmax4__v0,P_IC_qb1of3__NETDEBT_EBITDA_qb0of3,C10_EPS_DYN_qmax4,0.20759975893291083,0.21861922308140658,-0.01101946414849575,-0.5333198972521068,0.5696642223079892,15.01,142.75641025641025
P_IC_qb1of3__NETDEBT_EBITDA_qb0of3__C11_EPS_DYN_qmax8__v0,P_IC_qb1of3__NETDEBT_EBITDA_qb0of3,C11_EPS_DYN_qmax8,0.20758869359520027,0.21861922308140658,-0.011030529486206309,-0.5322245540512995,0.5637488947833775,15.05,140.65384615384616
PS_qb0of3__None__C19_FCF_P_DYN_yoy__v0,PS_qb0of3__None,C19_FCF_P_DYN_yoy,0.2075610140204054,0.2448726637138916,-0.037311649693486215,-0.4943418447442396,0.5582752472037608,15.84,20.140065146579804
P_IC_qb0of3__NETDEBT_EBITDA_qb1of3__C10_EPS_DYN_qmax4__v0,P_IC_qb0of3__NETDEBT_EBITDA_qb1of3,C10_EPS_DYN_qmax4,0.20729792244999246,0.20528280555490386,0.002015116895088598,-0.6036176642109627,0.5861862759754821,14.76,140.0352564102564
PS_qb0of3__ROE_qb2of3__C5_ROE_DYN_yoy__v0,PS_qb0of3__ROE_qb2of3,C5_ROE_DYN_yoy,0.20728969876803838,0.25769526459019176,-0.050405565822153386,-0.5497261291063559,0.54757343550447,17.66,10.780068728522338
MOM_qb0of3__DEBTRATIO_qb2of3__C17_FCF_P_DYN_qmax4__v0,MOM_qb0of3__DEBTRATIO_qb2of3,C17_FCF_P_DYN_qmax4,0.20717267878169698,0.21064729938079285,-0.003474620599095868,-0.6350382111510542,0.589731729879741,13.19,179.84615384615384
MOM_qb0of3__DEBTRATIO_qb2of3__C18_FCF_P_DYN_qmax8__v0,MOM_qb0of3__DEBTRATIO_qb2of3,C18_FCF_P_DYN_qmax8,0.20710291597350539,0.21064729938079285,-0.003544383407287466,-0.635353323852779,0.5855431153015125,13.11,176.44871794871796
P_IC_qb1of3__CROIC_qb0of3__C14_EPS_DYN_ytdavg_gt_lyavg__v0,P_IC_qb1of3__CROIC_qb0of3,C14_EPS_DYN_ytdavg_gt_lyavg,0.20707699578806582,0.19090110845843267,0.016175887329633154,-0.5348599977392665,0.5544436502263521,13.28,100.23666666666666
P_IC_qb0of3__FCF_OI_qb1of3__C18_FCF_P_DYN_qmax8__v0,P_IC_qb0of3__FCF_OI_qb1of3,C18_FCF_P_DYN_qmax8,0.2070168410873796,0.20490411666188146,0.002112724425498147,-0.6243771488215892,0.5723483564893257,14.7,148.95192307692307
P_IC_qb1of3__NETDEBT_EBITDA_qb0of3__C18_FCF_P_DYN_qmax8__v0,P_IC_qb1of3__NETDEBT_EBITDA_qb0of3,C18_FCF_P_DYN_qmax8,0.20690445978335448,0.21861922308140658,-0.0117147632980521,-0.5335832976521997,0.5653082549634274,15.06,140.30769230769232
P_IC_qb0of3__REV_G_qb0of3__C20_FCF_P_DYN_ytdavg_gt_lyytdavg__v0,P_IC_qb0of3__REV_G_qb0of3,C20_FCF_P_DYN_ytdavg_gt_lyytdavg,0.2068367839989278,0.22886611826555736,-0.022029334266629563,-0.7094143132981219,0.5815504306751875,15.75,105.46153846153847
P_IC_qb0of3__FCF_OI_qb1of3__C17_FCF_P_DYN_qmax4__v0,P_IC_qb0of3__FCF_OI_qb1of3,C17_FCF_P_DYN_qmax4,0.2066431932563959,0.20490411666188146,0.0017390765945144437,-0.6235270898081833,0.5756815231501514,14.7,151.20192307692307
EV_S_qb0of3__None__C13_EPS_DYN_ytdavg_gt_lyytdavg__v0,EV_S_qb0of3__None,C13_EPS_DYN_ytdavg_gt_lyytdavg,0.20650170920396715,0.233233900543095,-0.026732191339127853,-0.5524425623896503,0.5820362134688691,15.07,321.30526315789473
P_IC_qb0of3__NETDEBT_EBITDA_qb0of3__C13_EPS_DYN_ytdavg_gt_lyytdavg__v0,P_IC_qb0of3__NETDEBT_EBITDA_qb0of3,C13_EPS_DYN_ytdavg_gt_lyytdavg,0.2064776299742037,0.23218268661645203,-0.025705056642248314,-0.5295828712759807,0.5983949755757153,15.45,61.31578947368421
FCF_P_qb0of3__MOM_qb2of3__C13_EPS_DYN_ytdavg_gt_lyytdavg__v0,FCF_P_qb0of3__MOM_qb2of3,C13_EPS_DYN_ytdavg_gt_lyytdavg,0.206356400431561,0.19067923398335362,0.01567716644820738,-0.4871905907859826,0.5115671977675759,15.41,96.2701754385965
P_IC_qb0of3__FCF_OI_qb1of3__C4_ROE_DYN_qmax8__v0,P_IC_qb0of3__FCF_OI_qb1of3,C4_ROE_DYN_qmax8,0.20613254217883825,0.20490411666188146,0.0012284255169567881,-0.6269693372708578,0.5716096324461344,14.6,148.2948717948718
FCF_P_qb0of3__MOM_qb0of3__C14_EPS_DYN_ytdavg_gt_lyavg__v0,FCF_P_qb0of3__MOM_qb0of3,C14_EPS_DYN_ytdavg_gt_lyavg,0.20599005324350905,0.21181701243698448,-0.005826959193475423,-0.6361989793717345,0.5407611029980243,13.44,111.03333333333333
P_IC_qb0of3__NETDEBT_EBITDA_qb1of3__C4_ROE_DYN_qmax8__v0,P_IC_qb0of3__NETDEBT_EBITDA_qb1of3,C4_ROE_DYN_qmax8,0.20593058315390156,0.20528280555490386,0.0006477775989977008,-0.6036091175282883,0.5824053452115813,14.63,137.60576923076923
P_IC_qb0of3__ROIC_qb2of3__C6_ROE_DYN_ytdavg_gt_lyytdavg__v0,P_IC_qb0of3__ROIC_qb2of3,C6_ROE_DYN_ytdavg_gt_lyytdavg,0.20579824409728253,0.25081126147997335,-0.04501301738269081,-0.6733785308299125,0.5399151561897416,18.41,26.59090909090909
P_IC_qb0of3__FCF_OI_qb1of3__C3_ROE_DYN_qmax4__v0,P_IC_qb0of3__FCF_OI_qb1of3,C3_ROE_DYN_qmax4,0.2056904401717412,0.20490411666188146,0.0007863235098597432,-0.6260332496230498,0.5759067357512954,14.66,150.88141025641025
EV_S_qb0of3__None__C20_FCF_P_DYN_ytdavg_gt_lyytdavg__v0,EV_S_qb0of3__None,C20_FCF_P_DYN_ytdavg_gt_lyytdavg,0.20539121451974385,0.233233900543095,-0.02784268602335116,-0.5922187878219853,0.5873594170758751,15.19,278.0804195804196
P_IC_qb0of3__FCF_OI_qb1of3__C10_EPS_DYN_qmax4__v0,P_IC_qb0of3__FCF_OI_qb1of3,C10_EPS_DYN_qmax4,0.20529060417575695,0.20490411666188146,0.00038648751387548863,-0.6260484277506357,0.5751990308065075,14.69,151.19230769230768
P_IC_qb0of3__NETDEBT_EBITDA_qb1of3__None__v0,P_IC_qb0of3__NETDEBT_EBITDA_qb1of3,None,0.20528280555490386,0.20528280555490386,0.0,-0.6004298864481654,0.5927784974093264,15.1,148.66666666666666
EV_S_qb0of3__MOM_qb2of3__C20_FCF_P_DYN_ytdavg_gt_lyytdavg__v0,EV_S_qb0of3__MOM_qb2of3,C20_FCF_P_DYN_ytdavg_gt_lyytdavg,0.20527864638765814,0.22830034113758768,-0.023021694749929544,-0.6022401624587752,0.5372034507548527,15.56,106.53146853146853
EV_S_qb0of3__DEBTRATIO_qb0of3__C20_FCF_P_DYN_ytdavg_gt_lyytdavg__v0,EV_S_qb0of3__DEBTRATIO_qb0of3,C20_FCF_P_DYN_ytdavg_gt_lyytdavg,0.20524893518935983,0.2439435216461272,-0.03869458645676738,-0.5206403926804417,0.591684434968017,15.14,90.20979020979021
P_IC_qb0of3__FCF_OI_qb1of3__C11_EPS_DYN_qmax8__v0,P_IC_qb0of3__FCF_OI_qb1of3,C11_EPS_DYN_qmax8,0.2051606018564367,0.20490411666188146,0.0002564851945552338,-0.6289901148335361,0.5713801000933073,14.66,148.80128205128204
P_IC_qb0of3__NETDEBT_EBITDA_qb1of3__C3_ROE_DYN_qmax4__v0,P_IC_qb0of3__NETDEBT_EBITDA_qb1of3,C3_ROE_DYN_qmax4,0.20490917038771017,0.20528280555490386,-0.0003736351671936866,-0.6047664435215072,0.5851457316171031,14.73,139.62820512820514
P_IC_qb0of3__FCF_OI_qb1of3__None__v0,P_IC_qb0of3__FCF_OI_qb1of3,None,0.20490411666188146,0.20490411666188146,0.0,-0.6182742547281935,0.5782507137295614,14.85,160.90384615384616
ROIC_qb0of3__MOM_qb0of3__C7_ROE_DYN_ytdavg_gt_lyavg__v0,ROIC_qb0of3__MOM_qb0of3,C7_ROE_DYN_ytdavg_gt_lyavg,0.2048723829989363,0.2370598601423286,-0.03218747714339232,-0.6386927682160886,0.5325987144168962,14.12,85.81333333333333
P_IC_qb0of3__None__C13_EPS_DYN_ytdavg_gt_lyytdavg__v0,P_IC_qb0of3__None,C13_EPS_DYN_ytdavg_gt_lyytdavg,0.20413243197478081,0.208607013051608,-0.004474581076827189,-0.5501467970548286,0.6079098067287043,16.05,309.4561403508772
P_IC_qb0of3__FCF_OI_qb1of3__C7_ROE_DYN_ytdavg_gt_lyavg__v0,P_IC_qb0of3__FCF_OI_qb1of3,C7_ROE_DYN_ytdavg_gt_lyavg,0.2040544419067274,0.20490411666188146,-0.0008496747551540729,-0.6202551381745544,0.5755598398339018,15.31,73.71
MOM_qb0of3__NETDEBT_EBITDA_qb2of3__C14_EPS_DYN_ytdavg_gt_lyavg__v0,MOM_qb0of3__NETDEBT_EBITDA_qb2of3,C14_EPS_DYN_ytdavg_gt_lyavg,0.20403790492684837,0.1923298476167259,0.011708057310122477,-0.5931008713562378,0.5806451612903226,17.42,86.20333333333333
EV_S_qb1of3__None__C9_EPS_DYN_riseq2__v0,EV_S_qb1of3__None,C9_EPS_DYN_riseq2,0.2039487914321263,0.16184177890453855,0.04210701252758775,-0.49144999584543336,0.5728255275347401,17.29,13.506944444444445
MOM_qb2of3__FCF_OI_qb0of3__C13_EPS_DYN_ytdavg_gt_lyytdavg__v0,MOM_qb2of3__FCF_OI_qb0of3,C13_EPS_DYN_ytdavg_gt_lyytdavg,0.20379117288238335,0.1865124115904433,0.01727876129194006,-0.48443235447826416,0.5203778677462888,14.97,95.89122807017544
EV_S_qb0of3__FCF_P_qb2of3__C13_EPS_DYN_ytdavg_gt_lyytdavg__v0,EV_S_qb0of3__FCF_P_qb2of3,C13_EPS_DYN_ytdavg_gt_lyytdavg,0.20367210120396106,0.23261399061368748,-0.028941889409726418,-0.5572891887648347,0.5658215504631887,16.26,151.16842105263157
P_IC_qb0of3__OCF_E_qb0of3__C20_FCF_P_DYN_ytdavg_gt_lyytdavg__v0,P_IC_qb0of3__OCF_E_qb0of3,C20_FCF_P_DYN_ytdavg_gt_lyytdavg,0.20326720462549308,0.23284078568524258,-0.0295735810597495,-0.6490343720015426,0.570358858434586,14.7,67.1923076923077
MOM_qb2of3__None__C5_ROE_DYN_yoy__v0,MOM_qb2of3__None,C5_ROE_DYN_yoy,0.2031325558654622,0.1709149143504185,0.03221764151504369,-0.5206036945716299,0.5506751513270216,12.4,21.31023102310231
EV_S_qb0of3__MOM_qb2of3__C13_EPS_DYN_ytdavg_gt_lyytdavg__v0,EV_S_qb0of3__MOM_qb2of3,C13_EPS_DYN_ytdavg_gt_lyytdavg,0.20307901635304781,0.22830034113758768,-0.025221324784539867,-0.5689166530078108,0.5325150382051699,15.62,125.47719298245615
P_IC_qb0of3__PB_qb0of3__C19_FCF_P_DYN_yoy__v0,P_IC_qb0of3__PB_qb0of3,C19_FCF_P_DYN_yoy,0.20286199652079673,0.24885786529327159,-0.04599586877247486,-0.7186043807745397,0.5627019089574156,19.51,13.166023166023166
EV_S_qb0of3__None__C19_FCF_P_DYN_yoy__v0,EV_S_qb0of3__None,C19_FCF_P_DYN_yoy,0.20242595854254608,0.233233900543095,-0.030807942000548927,-0.531266178053994,0.5600193610842207,15.84,20.165584415584416
ACCRUAL_qb0of3__MOM_qb0of3__C13_EPS_DYN_ytdavg_gt_lyytdavg__v0,ACCRUAL_qb0of3__MOM_qb0of3,C13_EPS_DYN_ytdavg_gt_lyytdavg,0.2022452857954009,0.24261078304886974,-0.04036549725346883,-0.5444113114056908,0.5464005458887752,15.33,97.48070175438596
CROIC_qb0of3__MOM_qb2of3__C13_EPS_DYN_ytdavg_gt_lyytdavg__v0,CROIC_qb0of3__MOM_qb2of3,C13_EPS_DYN_ytdavg_gt_lyytdavg,0.20191438559707486,0.18207520162114577,0.019839183975929098,-0.48027350075090813,0.5171786947827668,15.47,95.75087719298246
P_IC_qb0of3__MOM_qb2of3__C6_ROE_DYN_ytdavg_gt_lyytdavg__v0,P_IC_qb0of3__MOM_qb2of3,C6_ROE_DYN_ytdavg_gt_lyytdavg,0.20159762111339452,0.20900995301907943,-0.00741233190568491,-0.590999399257487,0.5464005096623487,16.03,89.49300699300699
FCF_P_qb0of3__MOM_qb2of3__C7_ROE_DYN_ytdavg_gt_lyavg__v0,FCF_P_qb0of3__MOM_qb2of3,C7_ROE_DYN_ytdavg_gt_lyavg,0.20144107716060633,0.19067923398335362,0.010761843177252706,-0.5066618556022401,0.5185066324347454,14.72,82.16333333333333
PS_qb0of3__FCF_P_qb2of3__C19_FCF_P_DYN_yoy__v0,PS_qb0of3__FCF_P_qb2of3,C19_FCF_P_DYN_yoy,0.20140427750381518,0.2549527360051831,-0.05354845850136791,-0.5409120849327693,0.5669988925802879,15.43,14.993377483443709
EV_S_qb0of3__OCF_E_qb2of3__C6_ROE_DYN_ytdavg_gt_lyytdavg__v0,EV_S_qb0of3__OCF_E_qb2of3,C6_ROE_DYN_ytdavg_gt_lyytdavg,0.2013964875466534,0.23807027029265226,-0.03667378274599886,-0.5382523931498223,0.5619099294628324,16.06,111.08041958041959
MOM_qb0of3__ROE_qb2of3__C14_EPS_DYN_ytdavg_gt_lyavg__v0,MOM_qb0of3__ROE_qb2of3,C14_EPS_DYN_ytdavg_gt_lyavg,0.20123602494243875,0.21278163439196374,-0.011545609449524985,-0.5593281890769007,0.5785377163202782,16.88,114.49
EV_S_qb0of3__None__C6_ROE_DYN_ytdavg_gt_lyytdavg__v0,EV_S_qb0of3__None,C6_ROE_DYN_ytdavg_gt_lyytdavg,0.2011036421906418,0.233233900543095,-0.0321302583524532,-0.5636000022083973,0.585401327152077,15.29,274.25524475524475
PS_qb0of3__FCF_OI_qb0of3__C20_FCF_P_DYN_ytdavg_gt_lyytdavg__v0,PS_qb0of3__FCF_OI_qb0of3,C20_FCF_P_DYN_ytdavg_gt_lyytdavg,0.20090896640968237,0.25060018242043824,-0.04969121601075588,-0.5936217997539357,0.5563540090771558,14.44,74.17482517482517
ACCRUAL_qb0of3__MOM_qb0of3__C20_FCF_P_DYN_ytdavg_gt_lyytdavg__v0,ACCRUAL_qb0of3__MOM_qb0of3,C20_FCF_P_DYN_ytdavg_gt_lyytdavg,0.2008430056561481,0.24261078304886974,-0.04176777739272164,-0.6201450078430681,0.5475608728620777,16.21,100.25174825174825
P_IC_qb1of3__NETDEBT_EBITDA_qb0of3__C13_EPS_DYN_ytdavg_gt_lyytdavg__v0,P_IC_qb1of3__NETDEBT_EBITDA_qb0of3,C13_EPS_DYN_ytdavg_gt_lyytdavg,0.200712686081425,0.21861922308140658,-0.01790653699998157,-0.5033511404101896,0.5535481062255115,15.25,81.36140350877193
MOM_qb0of3__DEBTRATIO_qb2of3__C14_EPS_DYN_ytdavg_gt_lyavg__v0,MOM_qb0of3__DEBTRATIO_qb2of3,C14_EPS_DYN_ytdavg_gt_lyavg,0.2006197587278078,0.21064729938079285,-0.010027540652985056,-0.5646159112435305,0.5886043922679891,14.48,98.37
MOM_qb2of3__DEBTRATIO_qb2of3__C7_ROE_DYN_ytdavg_gt_lyavg__v0,MOM_qb2of3__DEBTRATIO_qb2of3,C7_ROE_DYN_ytdavg_gt_lyavg,0.19977137136629763,0.1955329320328787,0.004238439333418942,-0.5677348198970193,0.5495634876781965,13.68,91.21333333333334
MOM_qb0of3__FCF_OI_qb0of3__C3_ROE_DYN_qmax4__v0,MOM_qb0of3__FCF_OI_qb0of3,C3_ROE_DYN_qmax4,0.1986406518445274,0.19796414300723408,0.0006765088372933103,-0.624902250471266,0.5438642710364087,13.55,209.34935897435898
P_IC_qb0of3__DEBTRATIO_qb2of3__C20_FCF_P_DYN_ytdavg_gt_lyytdavg__v0,P_IC_qb0of3__DEBTRATIO_qb2of3,C20_FCF_P_DYN_ytdavg_gt_lyytdavg,0.19832011583726405,0.23782741237160687,-0.03950729653434282,-0.7432774746483883,0.5937561746690377,15.16,107.31118881118881
MOM_qb0of3__FCF_OI_qb0of3__None__v0,MOM_qb0of3__FCF_OI_qb0of3,None,0.19796414300723408,0.19796414300723408,0.0,-0.6104215167021054,0.5418666394363321,13.55,224.51282051282053
PS_qb0of3__DEBTRATIO_qb0of3__C6_ROE_DYN_ytdavg_gt_lyytdavg__v0,PS_qb0of3__DEBTRATIO_qb0of3,C6_ROE_DYN_ytdavg_gt_lyytdavg,0.197937111183492,0.2593996362704869,-0.0614625250869949,-0.5341890440899422,0.5794854881266491,15.36,60.96153846153846
MOM_qb2of3__FCF_OI_qb0of3__C7_ROE_DYN_ytdavg_gt_lyavg__v0,MOM_qb2of3__FCF_OI_qb0of3,C7_ROE_DYN_ytdavg_gt_lyavg,0.19792466148703736,0.1865124115904433,0.011412249896594062,-0.497254386338704,0.5255412178735203,14.76,82.17666666666666
MOM_qb2of3__DEBTRATIO_qb2of3__C18_FCF_P_DYN_qmax8__v0,MOM_qb2of3__DEBTRATIO_qb2of3,C18_FCF_P_DYN_qmax8,0.19764248109131777,0.1955329320328787,0.0021095490584390753,-0.5668636445706159,0.5412124689233123,14.09,176.6346153846154
MOM_qb0of3__FCF_OI_qb0of3__C17_FCF_P_DYN_qmax4__v0,MOM_qb0of3__FCF_OI_qb0of3,C17_FCF_P_DYN_qmax4,0.19751678531701944,0.19796414300723408,-0.0004473576902146448,-0.6253908971410356,0.5436882896273489,13.64,207.78846153846155
MOM_qb0of3__FCF_OI_qb0of3__C10_EPS_DYN_qmax4__v0,MOM_qb0of3__FCF_OI_qb0of3,C10_EPS_DYN_qmax4,0.19747327359446754,0.19796414300723408,-0.000490869412766548,-0.6277530987201914,0.5450131926121372,13.68,209.66666666666666
P_IC_qb0of3__FCF_OI_qb1of3__C14_EPS_DYN_ytdavg_gt_lyavg__v0,P_IC_qb0of3__FCF_OI_qb1of3,C14_EPS_DYN_ytdavg_gt_lyavg,0.19724098198741835,0.20490411666188146,-0.007663134674463112,-0.6080656658220026,0.5793204922418406,15.38,83.48666666666666
MOM_qb0of3__FCF_OI_qb0of3__C11_EPS_DYN_qmax8__v0,MOM_qb0of3__FCF_OI_qb0of3,C11_EPS_DYN_qmax8,0.1969056187921443,0.19796414300723408,-0.0010585242150897844,-0.630886313927199,0.5425895722628505,13.66,206.66666666666666
MOM_qb0of3__FCF_OI_qb0of3__C4_ROE_DYN_qmax8__v0,MOM_qb0of3__FCF_OI_qb0of3,C4_ROE_DYN_qmax8,0.19676809670873796,0.19796414300723408,-0.0011960462984961229,-0.6317544118094638,0.541524399852918,13.47,206.14743589743588
P_IC_qb0of3__ROE_qb2of3__C13_EPS_DYN_ytdavg_gt_lyytdavg__v0,P_IC_qb0of3__ROE_qb2of3,C13_EPS_DYN_ytdavg_gt_lyytdavg,0.19675758502739016,0.23202713596514424,-0.03526955093775408,-0.5982668150788394,0.5786163522012578,18.28,83.42807017543859
P_IC_qb1of3__DEBTRATIO_qb0of3__C20_FCF_P_DYN_ytdavg_gt_lyytdavg__v0,P_IC_qb1of3__DEBTRATIO_qb0of3,C20_FCF_P_DYN_ytdavg_gt_lyytdavg,0.1966819751863509,0.22433968643521385,-0.02765771124886296,-0.4820808075814389,0.56732223903177,16.65,54.47552447552447
MOM_qb2of3__DEBTRATIO_qb2of3__C17_FCF_P_DYN_qmax4__v0,MOM_qb2of3__DEBTRATIO_qb2of3,C17_FCF_P_DYN_qmax4,0.19666871306699374,0.1955329320328787,0.0011357810341150465,-0.5676072005714581,0.5396937725167267,14.18,179.73076923076923
MOM_qb0of3__ROE_qb2of3__C6_ROE_DYN_ytdavg_gt_lyytdavg__v0,MOM_qb0of3__ROE_qb2of3,C6_ROE_DYN_ytdavg_gt_lyytdavg,0.19638881509970818,0.21278163439196374,-0.016392819292255556,-0.5537838957166571,0.5622365833099185,17.3,94.4090909090909
P_IC_qb0of3__NETDEBT_EBITDA_qb1of3__C14_EPS_DYN_ytdavg_gt_lyavg__v0,P_IC_qb0of3__NETDEBT_EBITDA_qb1of3,C14_EPS_DYN_ytdavg_gt_lyavg,0.1960847639539427,0.20528280555490386,-0.00919804160096116,-0.6268759816874718,0.5796658516707417,15.34,86.43666666666667
OCF_E_qb0of3__MOM_qb2of3__C7_ROE_DYN_ytdavg_gt_lyavg__v0,OCF_E_qb0of3__MOM_qb2of3,C7_ROE_DYN_ytdavg_gt_lyavg,0.19575624830413818,0.18481972035128758,0.010936527952850605,-0.5127966830455672,0.5208693771626297,15.33,81.21333333333334
MOM_qb2of3__DEBTRATIO_qb2of3__None__v0,MOM_qb2of3__DEBTRATIO_qb2of3,None,0.1955329320328787,0.1955329320328787,0.0,-0.5702292793352006,0.5381942167726707,14.17,185.06089743589743
P_IC_qb0of3__NETDEBT_EBITDA_qb1of3__C20_FCF_P_DYN_ytdavg_gt_lyytdavg__v0,P_IC_qb0of3__NETDEBT_EBITDA_qb1of3,C20_FCF_P_DYN_ytdavg_gt_lyytdavg,0.19536076585069662,0.20528280555490386,-0.009922039704207242,-0.6061963568019135,0.5789986362750827,16.36,70.22377622377623
EV_S_qb0of3__OCF_E_qb2of3__C19_FCF_P_DYN_yoy__v0,EV_S_qb0of3__OCF_E_qb2of3,C19_FCF_P_DYN_yoy,0.19532621446013088,0.23807027029265226,-0.04274405583252139,-0.5341071854929471,0.5702674357629784,13.9,12.658940397350994
FCF_P_qb0of3__MOM_qb2of3__C18_FCF_P_DYN_qmax8__v0,FCF_P_qb0of3__MOM_qb2of3,C18_FCF_P_DYN_qmax8,0.1950183108811141,0.19067923398335362,0.004339076897760474,-0.5224501575214654,0.5077086030363658,14.0,168.67307692307693
MOM_qb0of3__FCF_OI_qb0of3__C18_FCF_P_DYN_qmax8__v0,MOM_qb0of3__FCF_OI_qb0of3,C18_FCF_P_DYN_qmax8,0.19492896100436785,0.19796414300723408,-0.0030351820028662324,-0.6306529537686567,0.5410410144850639,13.67,203.85576923076923
FCF_P_qb0of3__MOM_qb2of3__C17_FCF_P_DYN_qmax4__v0,FCF_P_qb0of3__MOM_qb2of3,C17_FCF_P_DYN_qmax4,0.19481475315167085,0.19067923398335362,0.0041355191683172254,-0.5274302722592477,0.5084388185654009,14.1,171.88141025641025
EV_S_qb0of3__NETDEBT_EBITDA_qb2of3__C20_FCF_P_DYN_ytdavg_gt_lyytdavg__v0,EV_S_qb0of3__NETDEBT_EBITDA_qb2of3,C20_FCF_P_DYN_ytdavg_gt_lyytdavg,0.19468182393492728,0.2416553007072897,-0.04697347677236241,-0.770507883387498,0.5685454097957174,15.07,62.37062937062937
FCF_P_qb0of3__MOM_qb2of3__C4_ROE_DYN_qmax8__v0,FCF_P_qb0of3__MOM_qb2of3,C4_ROE_DYN_qmax8,0.19464935548837214,0.19067923398335362,0.00397012150501852,-0.5269274873607375,0.5106432476445272,13.97,171.64102564102564
OCF_E_qb0of3__MOM_qb0of3__None__v0,OCF_E_qb0of3__MOM_qb0of3,None,0.19454160044450086,0.19454160044450086,0.0,-0.642213987374344,0.5401945466458343,14.17,227.41666666666666
MOM_qb2of3__DEBTRATIO_qb2of3__C10_EPS_DYN_qmax4__v0,MOM_qb2of3__DEBTRATIO_qb2of3,C10_EPS_DYN_qmax4,0.19449671392856227,0.1955329320328787,-0.001036218104316422,-0.5689782701211319,0.5381084750145452,14.22,180.17628205128204
MOM_qb2of3__FCF_OI_qb0of3__C18_FCF_P_DYN_qmax8__v0,MOM_qb2of3__FCF_OI_qb0of3,C18_FCF_P_DYN_qmax8,0.19441113802822074,0.1865124115904433,0.007898726437777448,-0.5148158404521883,0.5131657333492196,13.6,165.3653846153846
MOM_qb2of3__DEBTRATIO_qb2of3__C4_ROE_DYN_qmax8__v0,MOM_qb2of3__DEBTRATIO_qb2of3,C4_ROE_DYN_qmax8,0.19439186723432766,0.1955329320328787,-0.001141064798551028,-0.5720751536823352,0.5412252712188896,14.2,176.35897435897436
OCF_E_qb0of3__MOM_qb2of3__C13_EPS_DYN_ytdavg_gt_lyytdavg__v0,OCF_E_qb0of3__MOM_qb2of3,C13_EPS_DYN_ytdavg_gt_lyytdavg,0.19437738427733953,0.18481972035128758,0.009557663926051951,-0.49809803220629667,0.51974098390143,15.73,97.06315789473685
EV_S_qb0of3__DEBTRATIO_qb0of3__C6_ROE_DYN_ytdavg_gt_lyytdavg__v0,EV_S_qb0of3__DEBTRATIO_qb0of3,C6_ROE_DYN_ytdavg_gt_lyytdavg,0.19435977567741558,0.2439435216461272,-0.04958374596871162,-0.5310518065731762,0.5927246790299572,16.06,90.83916083916084
MOM_qb0of3__NETDEBT_EBITDA_qb2of3__C10_EPS_DYN_qmax4__v0,MOM_qb0of3__NETDEBT_EBITDA_qb2of3,C10_EPS_DYN_qmax4,0.19434074687773406,0.1923298476167259,0.00201089926100817,-0.6740868846761943,0.5840783591901131,15.52,171.15705128205127
FCF_P_qb0of3__MOM_qb2of3__C3_ROE_DYN_qmax4__v0,FCF_P_qb0of3__MOM_qb2of3,C3_ROE_DYN_qmax4,0.1941558165346844,0.19067923398335362,0.0034765825513307647,-0.5294428333699319,0.5102147721320063,14.12,173.94230769230768
CROIC_qb0of3__MOM_qb2of3__C7_ROE_DYN_ytdavg_gt_lyavg__v0,CROIC_qb0of3__MOM_qb2of3,C7_ROE_DYN_ytdavg_gt_lyavg,0.1941285935616257,0.18207520162114577,0.01205339194047994,-0.5041861591531451,0.521551724137931,15.03,81.59333333333333
MOM_qb2of3__DEBTRATIO_qb2of3__C3_ROE_DYN_qmax4__v0,MOM_qb2of3__DEBTRATIO_qb2of3,C3_ROE_DYN_qmax4,0.1940162516970414,0.1955329320328787,-0.0015166803358372949,-0.5694115832424798,0.5386054312068632,14.23,179.63782051282053
MOM_qb0of3__NETDEBT_EBITDA_qb2of3__C3_ROE_DYN_qmax4__v0,MOM_qb0of3__NETDEBT_EBITDA_qb2of3,C3_ROE_DYN_qmax4,0.1939834337665809,0.1923298476167259,0.001653586149855002,-0.6774639988513942,0.5837333157998553,15.52,170.93589743589743
OCF_E_qb0of3__MOM_qb0of3__C3_ROE_DYN_qmax4__v0,OCF_E_qb0of3__MOM_qb0of3,C3_ROE_DYN_qmax4,0.19377864224434838,0.19454160044450086,-0.0007629582001524859,-0.6541514143350156,0.5423120906539142,14.24,212.71153846153845
MOM_qb2of3__DEBTRATIO_qb2of3__C11_EPS_DYN_qmax8__v0,MOM_qb2of3__DEBTRATIO_qb2of3,C11_EPS_DYN_qmax8,0.193734707528201,0.1955329320328787,-0.0017982245046777035,-0.5731063252145387,0.5395605099622013,14.19,177.28846153846155
FCF_P_qb0of3__MOM_qb2of3__C11_EPS_DYN_qmax8__v0,FCF_P_qb0of3__MOM_qb2of3,C11_EPS_DYN_qmax8,0.19361110852712127,0.19067923398335362,0.002931874543767643,-0.5259070225602556,0.5104142424947637,14.07,172.15705128205127
MOM_qb0of3__NETDEBT_EBITDA_qb2of3__C17_FCF_P_DYN_qmax4__v0,MOM_qb0of3__NETDEBT_EBITDA_qb2of3,C17_FCF_P_DYN_qmax4,0.1935687508473216,0.1923298476167259,0.0012389032305957226,-0.6730596601288934,0.5833278156657618,15.64,171.58333333333334
FCF_P_qb0of3__MOM_qb2of3__C10_EPS_DYN_qmax4__v0,FCF_P_qb0of3__MOM_qb2of3,C10_EPS_DYN_qmax4,0.19354748501857388,0.19067923398335362,0.0028682510352202595,-0.5287474968879586,0.5098998369438621,14.18,174.28205128205127
MOM_qb2of3__FCF_OI_qb0of3__C17_FCF_P_DYN_qmax4__v0,MOM_qb2of3__FCF_OI_qb0of3,C17_FCF_P_DYN_qmax4,0.19342598225164997,0.1865124115904433,0.0069135706612066805,-0.5206579849065655,0.5143603133159269,13.75,168.58653846153845
OCF_E_qb0of3__MOM_qb0of3__C10_EPS_DYN_qmax4__v0,OCF_E_qb0of3__MOM_qb0of3,C10_EPS_DYN_qmax4,0.1933924352201042,0.19454160044450086,-0.0011491652243966755,-0.6536513669979787,0.5428288925895087,14.36,213.11217948717947
MOM_qb0of3__NETDEBT_EBITDA_qb2of3__C18_FCF_P_DYN_qmax8__v0,MOM_qb0of3__NETDEBT_EBITDA_qb2of3,C18_FCF_P_DYN_qmax8,0.19336754182684057,0.1923298476167259,0.0010376942101146813,-0.6731035153377932,0.57909660402242,15.64,168.55769230769232
MOM_qb0of3__None__C3_ROE_DYN_qmax4__v0,MOM_qb0of3__None,C3_ROE_DYN_qmax4,0.1933023454358478,0.19300761625623375,0.00029472917961403944,-0.5976051244489358,0.5871040975761758,15.07,548.4294871794872
P_IC_qb0of3__FCF_P_qb0of3__C20_FCF_P_DYN_ytdavg_gt_lyytdavg__v0,P_IC_qb0of3__FCF_P_qb0of3,C20_FCF_P_DYN_ytdavg_gt_lyytdavg,0.19328400032213366,0.24676479218468828,-0.05348079186255461,-0.7118460661191648,0.5706371191135734,14.35,60.1993006993007
P_IC_qb1of3__OCF_E_qb0of3__None__v0,P_IC_qb1of3__OCF_E_qb0of3,None,0.19308410340683912,0.19308410340683912,0.0,-0.5430230743866553,0.5512183392112857,14.09,183.16666666666666
MOM_qb0of3__NETDEBT_EBITDA_qb2of3__C11_EPS_DYN_qmax8__v0,MOM_qb0of3__NETDEBT_EBITDA_qb2of3,C11_EPS_DYN_qmax8,0.1930791099321454,0.1923298476167259,0.0007492623154194966,-0.6775575991817242,0.5795566019226996,15.58,167.9903846153846
OCF_E_qb0of3__MOM_qb0of3__C4_ROE_DYN_qmax8__v0,OCF_E_qb0of3__MOM_qb0of3,C4_ROE_DYN_qmax8,0.19303820576985342,0.19454160044450086,-0.0015033946746474403,-0.6614508125255938,0.5414376102064101,14.11,209.67628205128204
MOM_qb0of3__None__None__v0,MOM_qb0of3__None,None,0.19300761625623375,0.19300761625623375,0.0,-0.5916546531644109,0.589268464037938,15.07,589.5512820512821
MOM_qb0of3__NETDEBT_EBITDA_qb2of3__C4_ROE_DYN_qmax8__v0,MOM_qb0of3__NETDEBT_EBITDA_qb2of3,C4_ROE_DYN_qmax8,0.1929514842296265,0.1923298476167259,0.0006216366129006001,-0.680092972275066,0.5792124542124543,15.52,167.62820512820514
ACCRUAL_qb0of3__MOM_qb0of3__C6_ROE_DYN_ytdavg_gt_lyytdavg__v0,ACCRUAL_qb0of3__MOM_qb0of3,C6_ROE_DYN_ytdavg_gt_lyytdavg,0.1929430067898117,0.24261078304886974,-0.04966777625905805,-0.5793001324311733,0.5399736548789138,15.99,81.15384615384616
OCF_E_qb0of3__MOM_qb0of3__C11_EPS_DYN_qmax8__v0,OCF_E_qb0of3__MOM_qb0of3,C11_EPS_DYN_qmax8,0.19285195994773274,0.19454160044450086,-0.001689640496768119,-0.6592756597474481,0.5415974241794765,14.24,210.42307692307693
MOM_qb0of3__None__C10_EPS_DYN_qmax4__v0,MOM_qb0of3__None,C10_EPS_DYN_qmax4,0.19284822728694162,0.19300761625623375,-0.0001593889692921291,-0.5969751549200699,0.5875592971203314,15.15,549.7275641025641
P_IC_qb1of3__OCF_E_qb0of3__C4_ROE_DYN_qmax8__v0,P_IC_qb1of3__OCF_E_qb0of3,C4_ROE_DYN_qmax8,0.1927641653934975,0.19308410340683912,-0.0003199380133416252,-0.5507746721896241,0.5468232697461769,14.25,170.59294871794873
MOM_qb0of3__None__C4_ROE_DYN_qmax8__v0,MOM_qb0of3__None,C4_ROE_DYN_qmax8,0.1927597511841066,0.19300761625623375,-0.00024786507212715136,-0.6012134548250718,0.5833278302405952,15.0,538.2852564102565
MOM_qb2of3__FCF_OI_qb0of3__C4_ROE_DYN_qmax8__v0,MOM_qb2of3__FCF_OI_qb0of3,C4_ROE_DYN_qmax8,0.192403440124582,0.1865124115904433,0.005891028534138698,-0.5194924091197348,0.5155367231638418,13.67,168.45192307692307
MOM_qb0of3__NETDEBT_EBITDA_qb2of3__None__v0,MOM_qb0of3__NETDEBT_EBITDA_qb2of3,None,0.1923298476167259,0.1923298476167259,0.0,-0.669018820054377,0.5858041329739443,15.69,183.90064102564102
MOM_qb0of3__None__C11_EPS_DYN_qmax8__v0,MOM_qb0of3__None,C11_EPS_DYN_qmax8,0.1923076178927967,0.19300761625623375,-0.0006999983634370377,-0.6001402536300063,0.5840914597880917,15.1,540.4967948717949
P_IC_qb1of3__OCF_E_qb0of3__C3_ROE_DYN_qmax4__v0,P_IC_qb1of3__OCF_E_qb0of3,C3_ROE_DYN_qmax4,0.19218069810937766,0.19308410340683912,-0.0009034052974614681,-0.5490730037962646,0.5477543831558722,14.33,173.17628205128204
MOM_qb0of3__None__C14_EPS_DYN_ytdavg_gt_lyavg__v0,MOM_qb0of3__None,C14_EPS_DYN_ytdavg_gt_lyavg,0.19215170094776202,0.19300761625623375,-0.000855915308471733,-0.5600297356723487,0.5821376969859884,16.14,310.64666666666665
MOM_qb2of3__FCF_OI_qb0of3__C11_EPS_DYN_qmax8__v0,MOM_qb2of3__FCF_OI_qb0of3,C11_EPS_DYN_qmax8,0.19203165249502852,0.1865124115904433,0.005519240904585221,-0.5185766503405171,0.5153316461656171,13.71,168.96153846153845
MOM_qb2of3__FCF_OI_qb0of3__C3_ROE_DYN_qmax4__v0,MOM_qb2of3__FCF_OI_qb0of3,C3_ROE_DYN_qmax4,0.19199784124581676,0.1865124115904433,0.005485429655373464,-0.5216385915734325,0.5153655951960437,13.8,170.74679487179486
P_IC_qb1of3__OCF_E_qb0of3__C11_EPS_DYN_qmax8__v0,P_IC_qb1of3__OCF_E_qb0of3,C11_EPS_DYN_qmax8,0.1916680805375386,0.19308410340683912,-0.0014160228693005372,-0.551395115631127,0.5472999762112442,14.37,171.14423076923077
OCF_E_qb0of3__MOM_qb2of3__C18_FCF_P_DYN_qmax8__v0,OCF_E_qb0of3__MOM_qb2of3,C18_FCF_P_DYN_qmax8,0.191580519910731,0.18481972035128758,0.00676079955944342,-0.5300274572140742,0.5126903553299492,14.36,168.83333333333334
P_IC_qb0of3__CROIC_qb0of3__C20_FCF_P_DYN_ytdavg_gt_lyytdavg__v0,P_IC_qb0of3__CROIC_qb0of3,C20_FCF_P_DYN_ytdavg_gt_lyytdavg,0.1915580753270627,0.23275669090326345,-0.04119861557620075,-0.6999150698932666,0.5761933904528764,14.59,60.22027972027972
MOM_qb0of3__None__C17_FCF_P_DYN_qmax4__v0,MOM_qb0of3__None,C17_FCF_P_DYN_qmax4,0.19154840654110195,0.19300761625623375,-0.001459209715131804,-0.5958024256179875,0.5876678603401969,15.18,549.2115384615385
P_IC_qb1of3__OCF_E_qb0of3__C10_EPS_DYN_qmax4__v0,P_IC_qb1of3__OCF_E_qb0of3,C10_EPS_DYN_qmax4,0.19146431837863687,0.19308410340683912,-0.0016197850282022586,-0.5483493374694011,0.5482575879235587,14.43,173.49679487179486
MOM_qb0of3__DEBTRATIO_qb2of3__C7_ROE_DYN_ytdavg_gt_lyavg__v0,MOM_qb0of3__DEBTRATIO_qb2of3,C7_ROE_DYN_ytdavg_gt_lyavg,0.1911491181449354,0.21064729938079285,-0.019498181235857448,-0.5898325464024481,0.5778688524590164,14.14,84.22333333333333
MOM_qb2of3__FCF_OI_qb0of3__C10_EPS_DYN_qmax4__v0,MOM_qb2of3__FCF_OI_qb0of3,C10_EPS_DYN_qmax4,0.19110973744626492,0.1865124115904433,0.004597325855821621,-0.5210125557115671,0.515137236423607,13.86,171.0897435897436
P_IC_qb1of3__CROIC_qb0of3__C3_ROE_DYN_qmax4__v0,P_IC_qb1of3__CROIC_qb0of3,C3_ROE_DYN_qmax4,0.19104291569806753,0.19090110845843267,0.0001418072396348613,-0.5238986377463805,0.5532694256098512,14.56,182.06730769230768
OCF_E_qb0of3__MOM_qb2of3__C4_ROE_DYN_qmax8__v0,OCF_E_qb0of3__MOM_qb2of3,C4_ROE_DYN_qmax8,0.1909340122810974,0.18481972035128758,0.006114291929809834,-0.5313319280025548,0.5136509792458346,14.34,171.11858974358975
P_IC_qb1of3__CROIC_qb0of3__None__v0,P_IC_qb1of3__CROIC_qb0of3,None,0.19090110845843267,0.19090110845843267,0.0,-0.5191406253732606,0.5538111311719915,14.27,192.54807692307693
P_IC_qb0of3__PB_qb0of3__C5_ROE_DYN_yoy__v0,P_IC_qb0of3__PB_qb0of3,C5_ROE_DYN_yoy,0.1908297895293105,0.24885786529327159,-0.05802807576396107,-0.598667256852131,0.5721241631162508,19.04,13.099601593625499
MOM_qb0of3__None__C18_FCF_P_DYN_qmax8__v0,MOM_qb0of3__None,C18_FCF_P_DYN_qmax8,0.19081479208874708,0.19300761625623375,-0.0021928241674866733,-0.5977506802347733,0.5841241685144124,15.17,539.75
P_IC_qb1of3__CROIC_qb0of3__C4_ROE_DYN_qmax8__v0,P_IC_qb1of3__CROIC_qb0of3,C4_ROE_DYN_qmax8,0.19073059068326215,0.19090110845843267,-0.00017051777517052003,-0.5256052079460198,0.5520282186948854,14.53,179.26282051282053
MOM_qb0of3__NETDEBT_EBITDA_qb2of3__C6_ROE_DYN_ytdavg_gt_lyytdavg__v0,MOM_qb0of3__NETDEBT_EBITDA_qb2of3,C6_ROE_DYN_ytdavg_gt_lyytdavg,0.190729936965069,0.1923298476167259,-0.0015999106516568773,-0.6317438064904912,0.563003003003003,19.77,74.5
FCF_P_qb0of3__MOM_qb2of3__None__v0,FCF_P_qb0of3__MOM_qb2of3,None,0.19067923398335362,0.19067923398335362,0.0,-0.5274653244983838,0.5113550560492537,14.41,178.00641025641025
OCF_E_qb0of3__MOM_qb2of3__C17_FCF_P_DYN_qmax4__v0,OCF_E_qb0of3__MOM_qb2of3,C17_FCF_P_DYN_qmax4,0.19046574566807406,0.18481972035128758,0.005646025316786485,-0.5309659343770791,0.5130757450818707,14.47,171.71153846153845
MOM_qb0of3__FCF_OI_qb0of3__C14_EPS_DYN_ytdavg_gt_lyavg__v0,MOM_qb0of3__FCF_OI_qb0of3,C14_EPS_DYN_ytdavg_gt_lyavg,0.1904463930177216,0.19796414300723408,-0.00751774998951249,-0.6182261188801222,0.5412756343413277,14.21,108.83666666666667
P_IC_qb0of3__None__C20_FCF_P_DYN_ytdavg_gt_lyytdavg__v0,P_IC_qb0of3__None,C20_FCF_P_DYN_ytdavg_gt_lyytdavg,0.19042169457982516,0.208607013051608,-0.01818531847178284,-0.6515892821119391,0.6011659807956105,16.53,274.2412587412587
PS_qb0of3__FCF_P_qb2of3__C16_FCF_P_DYN_riseq2__v0,PS_qb0of3__FCF_P_qb2of3,C16_FCF_P_DYN_riseq2,0.19038217298557947,0.2549527360051831,-0.06457056301960362,-0.6045319638073722,0.5753523671846765,14.92,10.335820895522389
MOM_qb0of3__ROE_qb2of3__C20_FCF_P_DYN_ytdavg_gt_lyytdavg__v0,MOM_qb0of3__ROE_qb2of3,C20_FCF_P_DYN_ytdavg_gt_lyytdavg,0.19031602990991048,0.21278163439196374,-0.02246560448205326,-0.5419669551856087,0.5664794999470283,18.76,78.65384615384616
P_IC_qb1of3__CROIC_qb0of3__C11_EPS_DYN_qmax8__v0,P_IC_qb1of3__CROIC_qb0of3,C11_EPS_DYN_qmax8,0.19016616886668425,0.19090110845843267,-0.000734939591748418,-0.5245714798460397,0.5531177829099307,14.6,179.72435897435898
P_IC_qb1of3__CROIC_qb0of3__C10_EPS_DYN_qmax4__v0,P_IC_qb1of3__CROIC_qb0of3,C10_EPS_DYN_qmax4,0.19016494163385977,0.19090110845843267,-0.0007361668245728925,-0.523362196599927,0.5541416191740183,14.64,182.3653846153846
FCF_P_qb2of3__MOM_qb2of3__C7_ROE_DYN_ytdavg_gt_lyavg__v0,FCF_P_qb2of3__MOM_qb2of3,C7_ROE_DYN_ytdavg_gt_lyavg,0.18991141129923528,0.1884588700221288,0.0014525412771064783,-0.5640921752756393,0.5566617406860076,15.9,113.32666666666667
MOM_qb0of3__REV_G_qb0of3__C20_FCF_P_DYN_ytdavg_gt_lyytdavg__v0,MOM_qb0of3__REV_G_qb0of3,C20_FCF_P_DYN_ytdavg_gt_lyytdavg,0.18944579949890272,0.22978574595667678,-0.040339946457774056,-0.697518090946256,0.5542296217880859,18.34,91.4020979020979
OCF_E_qb0of3__MOM_qb2of3__C3_ROE_DYN_qmax4__v0,OCF_E_qb0of3__MOM_qb2of3,C3_ROE_DYN_qmax4,0.18912617824547429,0.18481972035128758,0.00430645789418671,-0.5312301715613976,0.5126734180179126,14.52,173.40064102564102
EV_S_qb0of3__FCF_P_qb2of3__C19_FCF_P_DYN_yoy__v0,EV_S_qb0of3__FCF_P_qb2of3,C19_FCF_P_DYN_yoy,0.1890861358612681,0.23261399061368748,-0.04352785475241938,-0.49010367700583735,0.5708905626938414,16.0,14.937293729372938
MOM_qb2of3__None__C12_EPS_DYN_yoy__v0,MOM_qb2of3__None,C12_EPS_DYN_yoy,0.1888161435301159,0.1709149143504185,0.017901229179697387,-0.659717494287809,0.5520481573924534,13.71,22.45394736842105
P_IC_qb1of3__OCF_E_qb0of3__C18_FCF_P_DYN_qmax8__v0,P_IC_qb1of3__OCF_E_qb0of3,C18_FCF_P_DYN_qmax8,0.18875771869454328,0.19308410340683912,-0.00432638471229585,-0.557048129853128,0.5486437037626283,14.42,167.58653846153845
FCF_P_qb2of3__MOM_qb2of3__C10_EPS_DYN_qmax4__v0,FCF_P_qb2of3__MOM_qb2of3,C10_EPS_DYN_qmax4,0.18872511092814026,0.1884588700221288,0.0002662409060114612,-0.5817958665562939,0.5517374145731062,15.31,203.17948717948718
FCF_P_qb2of3__MOM_qb2of3__None__v0,FCF_P_qb2of3__MOM_qb2of3,None,0.1884588700221288,0.1884588700221288,0.0,-0.5797520949677883,0.5525809862539652,15.36,208.06730769230768
FCF_P_qb2of3__MOM_qb2of3__C17_FCF_P_DYN_qmax4__v0,FCF_P_qb2of3__MOM_qb2of3,C17_FCF_P_DYN_qmax4,0.18834284099284093,0.1884588700221288,-0.0001160290292878674,-0.5796097687965782,0.5532451465550057,15.33,205.13782051282053
P_IC_qb1of3__OCF_E_qb0of3__C17_FCF_P_DYN_qmax4__v0,P_IC_qb1of3__OCF_E_qb0of3,C17_FCF_P_DYN_qmax4,0.1882671855264908,0.19308410340683912,-0.004816917880348326,-0.555446935976165,0.5487167109180143,14.44,171.10897435897436
OCF_E_qb0of3__MOM_qb0of3__C17_FCF_P_DYN_qmax4__v0,OCF_E_qb0of3__MOM_qb0of3,C17_FCF_P_DYN_qmax4,0.18825905901274465,0.19454160044450086,-0.006282541431756217,-0.6524013383875528,0.5416186786723903,14.47,211.01282051282053
EV_S_qb0of3__MOM_qb2of3__C6_ROE_DYN_ytdavg_gt_lyytdavg__v0,EV_S_qb0of3__MOM_qb2of3,C6_ROE_DYN_ytdavg_gt_lyytdavg,0.1882153523232193,0.22830034113758768,-0.040084988814368394,-0.5785566193324114,0.5344388956939602,16.59,107.22377622377623
OCF_E_qb0of3__MOM_qb2of3__C10_EPS_DYN_qmax4__v0,OCF_E_qb0of3__MOM_qb2of3,C10_EPS_DYN_qmax4,0.188190690812283,0.18481972035128758,0.003370970460995437,-0.5303617516110457,0.5126163573561267,14.59,173.86217948717947
FCF_P_qb2of3__MOM_qb2of3__C4_ROE_DYN_qmax8__v0,FCF_P_qb2of3__MOM_qb2of3,C4_ROE_DYN_qmax8,0.18812264664438993,0.1884588700221288,-0.00033622337773886457,-0.5874648610278714,0.5521348638393929,15.32,199.11217948717947
FCF_P_qb2of3__MOM_qb2of3__C11_EPS_DYN_qmax8__v0,FCF_P_qb2of3__MOM_qb2of3,C11_EPS_DYN_qmax8,0.18809916046526287,0.1884588700221288,-0.0003597095568659281,-0.5873137166299371,0.5524660231474812,15.33,200.21794871794873
OCF_E_qb0of3__MOM_qb2of3__C11_EPS_DYN_qmax8__v0,OCF_E_qb0of3__MOM_qb2of3,C11_EPS_DYN_qmax8,0.1880696107731723,0.18481972035128758,0.003249890421884727,-0.5315937973885656,0.5129000175510443,14.47,171.92307692307693
FCF_P_qb2of3__MOM_qb2of3__C14_EPS_DYN_ytdavg_gt_lyavg__v0,FCF_P_qb2of3__MOM_qb2of3,C14_EPS_DYN_ytdavg_gt_lyavg,0.1880670423221782,0.1884588700221288,-0.00039182769995060873,-0.5506331931124525,0.5540904383845358,16.07,131.36
FCF_P_qb2of3__MOM_qb2of3__C3_ROE_DYN_qmax4__v0,FCF_P_qb2of3__MOM_qb2of3,C3_ROE_DYN_qmax4,0.187993799749131,0.1884588700221288,-0.0004650702729978029,-0.5829643399741442,0.5519714987241827,15.35,202.50641025641025
P_IC_qb1of3__FCF_P_qb0of3__C17_FCF_P_DYN_qmax4__v0,P_IC_qb1of3__FCF_P_qb0of3,C17_FCF_P_DYN_qmax4,0.18795217883559046,0.1841704188723745,0.003781759963215947,-0.5299778341806419,0.554177897574124,14.58,182.41346153846155
CROIC_qb0of3__MOM_qb2of3__C18_FCF_P_DYN_qmax8__v0,CROIC_qb0of3__MOM_qb2of3,C18_FCF_P_DYN_qmax8,0.1878748926928746,0.18207520162114577,0.005799691071728841,-0.5173508029579883,0.5084191110846671,14.34,167.30128205128204
P_IC_qb1of3__FCF_P_qb0of3__C18_FCF_P_DYN_qmax8__v0,P_IC_qb1of3__FCF_P_qb0of3,C18_FCF_P_DYN_qmax8,0.18776229556798762,0.1841704188723745,0.0035918766956131165,-0.5325235561098145,0.5533353593678773,14.57,178.4551282051282
FCF_P_qb2of3__MOM_qb2of3__C18_FCF_P_DYN_qmax8__v0,FCF_P_qb2of3__MOM_qb2of3,C18_FCF_P_DYN_qmax8,0.1877286640703406,0.1884588700221288,-0.0007302059517881876,-0.579893845899272,0.5532649297839142,15.32,203.35576923076923
CROIC_qb0of3__MOM_qb2of3__C17_FCF_P_DYN_qmax4__v0,CROIC_qb0of3__MOM_qb2of3,C17_FCF_P_DYN_qmax4,0.18772199275348034,0.18207520162114577,0.005646791132334572,-0.5218338799378124,0.5096541104003791,14.41,170.50641025641025
EV_S_qb1of3__NETDEBT_EBITDA_qb2of3__C14_EPS_DYN_ytdavg_gt_lyavg__v0,EV_S_qb1of3__NETDEBT_EBITDA_qb2of3,C14_EPS_DYN_ytdavg_gt_lyavg,0.18771593284246424,0.17540029440781457,0.012315638434649667,-0.5769705998255585,0.5719402985074626,18.57,83.45
P_IC_qb1of3__FCF_P_qb0of3__C3_ROE_DYN_qmax4__v0,P_IC_qb1of3__FCF_P_qb0of3,C3_ROE_DYN_qmax4,0.1875264139985231,0.1841704188723745,0.003355995126148592,-0.5299532647750145,0.5525952088452089,14.65,184.5096153846154
P_IC_qb1of3__CROIC_qb0of3__C17_FCF_P_DYN_qmax4__v0,P_IC_qb1of3__CROIC_qb0of3,C17_FCF_P_DYN_qmax4,0.18726587066489264,0.19090110845843267,-0.003635237793540025,-0.5311219806965537,0.5550946940053216,14.62,179.67307692307693
P_IC_qb1of3__FCF_P_qb0of3__C4_ROE_DYN_qmax8__v0,P_IC_qb1of3__FCF_P_qb0of3,C4_ROE_DYN_qmax8,0.1872542829254351,0.1841704188723745,0.003083864053060603,-0.5315056467574792,0.5513962264150943,14.62,181.66666666666666
CROIC_qb0of3__MOM_qb2of3__C4_ROE_DYN_qmax8__v0,CROIC_qb0of3__MOM_qb2of3,C4_ROE_DYN_qmax8,0.18688291063550322,0.18207520162114577,0.004807709014357453,-0.5207286894724086,0.511657955012627,14.31,170.34615384615384
P_IC_qb1of3__CROIC_qb0of3__C18_FCF_P_DYN_qmax8__v0,P_IC_qb1of3__CROIC_qb0of3,C18_FCF_P_DYN_qmax8,0.1868390588968294,0.19090110845843267,-0.004062049561603276,-0.5337485248574156,0.5541479993820485,14.62,175.74358974358975
MOM_qb2of3__FCF_OI_qb0of3__None__v0,MOM_qb2of3__FCF_OI_qb0of3,None,0.1865124115904433,0.1865124115904433,0.0,-0.5235797360820897,0.5131944838544918,14.02,182.4647435897436
CROIC_qb0of3__MOM_qb2of3__C3_ROE_DYN_qmax4__v0,CROIC_qb0of3__MOM_qb2of3,C3_ROE_DYN_qmax4,0.18649788740895623,0.18207520162114577,0.004422685787810465,-0.5229721717579268,0.5115212790971079,14.43,172.64423076923077
P_IC_qb1of3__FCF_P_qb0of3__C10_EPS_DYN_qmax4__v0,P_IC_qb1of3__FCF_P_qb0of3,C10_EPS_DYN_qmax4,0.186477523883106,0.1841704188723745,0.0023071050107315028,-0.5293140453881147,0.5534189677717098,14.73,184.79807692307693
OCF_E_qb0of3__MOM_qb0of3__C18_FCF_P_DYN_qmax8__v0,OCF_E_qb0of3__MOM_qb0of3,C18_FCF_P_DYN_qmax8,0.18646567103778722,0.19454160044450086,-0.008075929406713644,-0.6578598163642075,0.5398753730952506,14.43,207.39102564102564
CROIC_qb0of3__MOM_qb2of3__C11_EPS_DYN_qmax8__v0,CROIC_qb0of3__MOM_qb2of3,C11_EPS_DYN_qmax8,0.18623380262605704,0.18207520162114577,0.004158601004911278,-0.5197322689944874,0.511459802538787,14.42,170.84294871794873
P_IC_qb1of3__FCF_P_qb0of3__C11_EPS_DYN_qmax8__v0,P_IC_qb1of3__FCF_P_qb0of3,C11_EPS_DYN_qmax8,0.18621909871802966,0.1841704188723745,0.0020486798456551547,-0.5303603302187736,0.5523982723346215,14.7,182.12179487179486
MOM_qb2of3__ROE_qb2of3__C12_EPS_DYN_yoy__v0,MOM_qb2of3__ROE_qb2of3,C12_EPS_DYN_yoy,0.18603120095610848,0.1820949464447268,0.003936254511381687,-0.5134399758060784,0.5614580389940661,17.29,12.26643598615917
CROIC_qb0of3__MOM_qb2of3__C10_EPS_DYN_qmax4__v0,CROIC_qb0of3__MOM_qb2of3,C10_EPS_DYN_qmax4,0.18593837621895526,0.18207520162114577,0.0038631745978094933,-0.5223274785399841,0.5113502705245825,14.52,172.9903846153846
MOM_qb0of3__ROE_qb2of3__C13_EPS_DYN_ytdavg_gt_lyytdavg__v0,MOM_qb0of3__ROE_qb2of3,C13_EPS_DYN_ytdavg_gt_lyytdavg,0.18589953813111215,0.21278163439196374,-0.026882096260851585,-0.5542045479182647,0.5712630359212051,18.68,115.45964912280702
MOM_qb0of3__NETDEBT_EBITDA_qb2of3__C13_EPS_DYN_ytdavg_gt_lyytdavg__v0,MOM_qb0of3__NETDEBT_EBITDA_qb2of3,C13_EPS_DYN_ytdavg_gt_lyytdavg,0.18583406377799605,0.1923298476167259,-0.0064957838387298406,-0.6392807134937787,0.5745718733783083,20.34,86.51578947368421
MOM_qb2of3__DEBTRATIO_qb2of3__C13_EPS_DYN_ytdavg_gt_lyytdavg__v0,MOM_qb2of3__DEBTRATIO_qb2of3,C13_EPS_DYN_ytdavg_gt_lyytdavg,0.18558236245806348,0.1955329320328787,-0.009950569574815216,-0.5515288144235251,0.5417665498801402,16.56,107.85263157894737
P_IC_qb1of3__OCF_E_qb0of3__C13_EPS_DYN_ytdavg_gt_lyytdavg__v0,P_IC_qb1of3__OCF_E_qb0of3,C13_EPS_DYN_ytdavg_gt_lyytdavg,0.18538769251528509,0.19308410340683912,-0.00769641089155404,-0.5615604702053194,0.5469670710571923,15.34,95.08771929824562
P_IC_qb1of3__NETDEBT_EBITDA_qb0of3__C20_FCF_P_DYN_ytdavg_gt_lyytdavg__v0,P_IC_qb1of3__NETDEBT_EBITDA_qb0of3,C20_FCF_P_DYN_ytdavg_gt_lyytdavg,0.18511267835528056,0.21861922308140658,-0.03350654472612602,-0.508647464618194,0.562947562947563,17.3,70.41608391608392
P_IC_qb0of3__FCF_OI_qb0of3__C20_FCF_P_DYN_ytdavg_gt_lyytdavg__v0,P_IC_qb0of3__FCF_OI_qb0of3,C20_FCF_P_DYN_ytdavg_gt_lyytdavg,0.18500063214801266,0.2378513417628798,-0.05285070961486715,-0.7053912843982657,0.5736874424316856,15.06,62.96503496503497
PS_qb0of3__None__C5_ROE_DYN_yoy__v0,PS_qb0of3__None,C5_ROE_DYN_yoy,0.1849944490786033,0.2448726637138916,-0.05987821463528831,-0.5871874806016014,0.5510905031770565,15.52,19.127868852459017
VOL_qb2of3__P_IC_qb1of3__C6_ROE_DYN_ytdavg_gt_lyytdavg__v0,VOL_qb2of3__P_IC_qb1of3,C6_ROE_DYN_ytdavg_gt_lyytdavg,0.18499028105312187,0.2519290447384108,-0.06693876368528895,-0.5231851602006713,0.535120727500784,16.67,78.07692307692308
OCF_E_qb0of3__MOM_qb2of3__None__v0,OCF_E_qb0of3__MOM_qb2of3,None,0.18481972035128758,0.18481972035128758,0.0,-0.5249140264526972,0.5094339622641509,14.7,185.41346153846155
MOM_qb2of3__None__C14_EPS_DYN_ytdavg_gt_lyavg__v0,MOM_qb2of3__None,C14_EPS_DYN_ytdavg_gt_lyavg,0.1847064922047903,0.1709149143504185,0.013791577854371795,-0.5404856123451893,0.5290692093559018,15.1,344.71
P_IC_qb1of3__FCF_P_qb0of3__None__v0,P_IC_qb1of3__FCF_P_qb0of3,None,0.1841704188723745,0.1841704188723745,0.0,-0.5282846517075219,0.556743486180407,14.92,189.49679487179486
PS_qb0of3__OCF_E_qb2of3__C12_EPS_DYN_yoy__v0,PS_qb0of3__OCF_E_qb2of3,C12_EPS_DYN_yoy,0.18361222397159893,0.25989508506420633,-0.0762828610926074,-0.5547912797079086,0.5675489859058096,15.59,10.153310104529616
P_IC_qb0of3__FCF_OI_qb1of3__C6_ROE_DYN_ytdavg_gt_lyytdavg__v0,P_IC_qb0of3__FCF_OI_qb1of3,C6_ROE_DYN_ytdavg_gt_lyytdavg,0.18355237094713162,0.20490411666188146,-0.021351745714749848,-0.5915599249912524,0.567845947156292,17.67,70.7132867132867
P_IC_qb1of3__DEBTRATIO_qb0of3__C6_ROE_DYN_ytdavg_gt_lyytdavg__v0,P_IC_qb1of3__DEBTRATIO_qb0of3,C6_ROE_DYN_ytdavg_gt_lyytdavg,0.18345014266492088,0.22433968643521385,-0.04088954377029297,-0.4729830018223764,0.5441128238766809,17.72,55.33566433566433
OCF_E_qb0of3__MOM_qb0of3__C14_EPS_DYN_ytdavg_gt_lyavg__v0,OCF_E_qb0of3__MOM_qb0of3,C14_EPS_DYN_ytdavg_gt_lyavg,0.18275900082570717,0.19454160044450086,-0.011782599618793688,-0.6661204725073115,0.5391477567988914,14.51,109.44333333333333
ROIC_qb0of3__MOM_qb0of3__C20_FCF_P_DYN_ytdavg_gt_lyytdavg__v0,ROIC_qb0of3__MOM_qb0of3,C20_FCF_P_DYN_ytdavg_gt_lyytdavg,0.18262685502851705,0.2370598601423286,-0.05443300511381155,-0.7233704488802433,0.5334232325178193,16.05,98.9090909090909
MOM_qb2of3__ROE_qb2of3__C10_EPS_DYN_qmax4__v0,MOM_qb2of3__ROE_qb2of3,C10_EPS_DYN_qmax4,0.18229462601489033,0.1820949464447268,0.00019967957016353566,-0.49940083791797385,0.5477315689981096,14.25,204.71794871794873
MOM_qb2of3__ROE_qb2of3__C7_ROE_DYN_ytdavg_gt_lyavg__v0,MOM_qb2of3__ROE_qb2of3,C7_ROE_DYN_ytdavg_gt_lyavg,0.1822566786013351,0.1820949464447268,0.00016173215660830742,-0.5439025591199482,0.545677310666973,15.16,129.88666666666666
P_IC_qb1of3__FCF_P_qb0of3__C13_EPS_DYN_ytdavg_gt_lyytdavg__v0,P_IC_qb1of3__FCF_P_qb0of3,C13_EPS_DYN_ytdavg_gt_lyytdavg,0.18222456072907,0.1841704188723745,-0.001945858143304502,-0.5254094703147432,0.547521801523347,15.37,103.02456140350877
MOM_qb2of3__ROE_qb2of3__C17_FCF_P_DYN_qmax4__v0,MOM_qb2of3__ROE_qb2of3,C17_FCF_P_DYN_qmax4,0.1821481603471613,0.1820949464447268,5.3213902434512406e-05,-0.4981054157879866,0.5478433835845896,14.2,202.73717948717947
MOM_qb2of3__ROE_qb2of3__None__v0,MOM_qb2of3__ROE_qb2of3,None,0.1820949464447268,0.1820949464447268,0.0,-0.4969970672162243,0.5478703654590781,14.28,208.40384615384616
CROIC_qb0of3__MOM_qb2of3__None__v0,CROIC_qb0of3__MOM_qb2of3,None,0.18207520162114577,0.18207520162114577,0.0,-0.5236169865104322,0.5098950949815707,14.65,184.53205128205127
P_IC_qb1of3__CROIC_qb0of3__C13_EPS_DYN_ytdavg_gt_lyytdavg__v0,P_IC_qb1of3__CROIC_qb0of3,C13_EPS_DYN_ytdavg_gt_lyytdavg,0.1820399035238638,0.19090110845843267,-0.008861204934568878,-0.525561551710549,0.5476698483997754,15.36,101.62456140350878
MOM_qb2of3__ROE_qb2of3__C11_EPS_DYN_qmax8__v0,MOM_qb2of3__ROE_qb2of3,C11_EPS_DYN_qmax8,0.18202595277192923,0.1820949464447268,-6.899367279755708e-05,-0.5001838029526265,0.5484862696055443,14.23,202.09294871794873
MOM_qb2of3__ROE_qb2of3__C3_ROE_DYN_qmax4__v0,MOM_qb2of3__ROE_qb2of3,C3_ROE_DYN_qmax4,0.1818482322792152,0.1820949464447268,-0.00024671416551158565,-0.5005596856634086,0.5478447598596344,14.23,204.07051282051282
MOM_qb2of3__DEBTRATIO_qb2of3__C20_FCF_P_DYN_ytdavg_gt_lyytdavg__v0,MOM_qb2of3__DEBTRATIO_qb2of3,C20_FCF_P_DYN_ytdavg_gt_lyytdavg,0.18178166618674485,0.1955329320328787,-0.013751265846133842,-0.5671905759234753,0.5432340513243327,16.78,93.83216783216783
EV_S_qb0of3__OCF_E_qb2of3__C12_EPS_DYN_yoy__v0,EV_S_qb0of3__OCF_E_qb2of3,C12_EPS_DYN_yoy,0.18173221587733668,0.23807027029265226,-0.056338054415315586,-0.5477381547785601,0.5695983379501385,15.43,10.01038062283737
MOM_qb0of3__DEBTRATIO_qb2of3__C6_ROE_DYN_ytdavg_gt_lyytdavg__v0,MOM_qb0of3__DEBTRATIO_qb2of3,C6_ROE_DYN_ytdavg_gt_lyytdavg,0.1817183866989065,0.21064729938079285,-0.028928912681886354,-0.6082445769599277,0.5709779179810726,15.24,83.34965034965035
MOM_qb2of3__ROE_qb2of3__C18_FCF_P_DYN_qmax8__v0,MOM_qb2of3__ROE_qb2of3,C18_FCF_P_DYN_qmax8,0.18169783148122698,0.1820949464447268,-0.0003971149634998117,-0.49534080021702753,0.5471012612238543,14.18,198.97435897435898
MOM_qb2of3__ROE_qb2of3__C4_ROE_DYN_qmax8__v0,MOM_qb2of3__ROE_qb2of3,C4_ROE_DYN_qmax8,0.18162952001969512,0.1820949464447268,-0.00046542642503166753,-0.5005625697166531,0.5483636740832945,14.19,201.05769230769232
EV_S_qb1of3__None__C2_ROE_DYN_riseq2__v0,EV_S_qb1of3__None,C2_ROE_DYN_riseq2,0.1814141291329434,0.16184177890453855,0.019572350228404867,-0.5063149129963,0.5661605206073753,16.87,13.049469964664311
P_IC_qb0of3__None__C12_EPS_DYN_yoy__v0,P_IC_qb0of3__None,C12_EPS_DYN_yoy,0.18135167782521933,0.208607013051608,-0.027255335226388677,-0.672674632692036,0.5689127105666156,13.99,18.81294964028777
P_IC_qb1of3__NETDEBT_EBITDA_qb0of3__C6_ROE_DYN_ytdavg_gt_lyytdavg__v0,P_IC_qb1of3__NETDEBT_EBITDA_qb0of3,C6_ROE_DYN_ytdavg_gt_lyytdavg,0.18105976290183023,0.21861922308140658,-0.03755946017957634,-0.5000436684987852,0.5482388973966309,16.33,69.74125874125875
MOM_qb0of3__None__C7_ROE_DYN_ytdavg_gt_lyavg__v0,MOM_qb0of3__None,C7_ROE_DYN_ytdavg_gt_lyavg,0.1810487783755319,0.19300761625623375,-0.011958837880701845,-0.5850672585516565,0.5756505718891533,17.05,261.5366666666667
P_IC_qb1of3__None__C9_EPS_DYN_riseq2__v0,P_IC_qb1of3__None,C9_EPS_DYN_riseq2,0.18059084604447095,0.17237326534596353,0.00821758069850742,-0.44059085823784405,0.5589652548820695,16.82,13.70486111111111
PS_qb0of3__None__C12_EPS_DYN_yoy__v0,PS_qb0of3__None,C12_EPS_DYN_yoy,0.17929443031409997,0.2448726637138916,-0.06557823339979163,-0.6301420659301143,0.5524259198957994,15.3,20.104575163398692
MOM_qb2of3__ROE_qb2of3__C5_ROE_DYN_yoy__v0,MOM_qb2of3__ROE_qb2of3,C5_ROE_DYN_yoy,0.17898274049448326,0.1820949464447268,-0.0031122059502435295,-0.512995933006858,0.555127445168939,17.85,11.69204152249135
CROIC_qb0of3__MOM_qb0of3__C13_EPS_DYN_ytdavg_gt_lyytdavg__v0,CROIC_qb0of3__MOM_qb0of3,C13_EPS_DYN_ytdavg_gt_lyytdavg,0.17862182994566078,0.21298754934741781,-0.03436571940175703,-0.6124234362738348,0.5301815111861545,16.15,109.1859649122807
P_IC_qb1of3__None__C2_ROE_DYN_riseq2__v0,P_IC_qb1of3__None,C2_ROE_DYN_riseq2,0.1785642061832977,0.17237326534596353,0.00619094083733418,-0.44766670387130036,0.5580721622333421,15.54,13.240418118466899
EV_S_qb1of3__DEBTRATIO_qb1of3__C7_ROE_DYN_ytdavg_gt_lyavg__v0,EV_S_qb1of3__DEBTRATIO_qb1of3,C7_ROE_DYN_ytdavg_gt_lyavg,0.17836606100434316,0.1595479840252807,0.01881807697906246,-0.5245245511800574,0.5875101050929669,17.48,94.43
EV_S_qb1of3__None__C12_EPS_DYN_yoy__v0,EV_S_qb1of3__None,C12_EPS_DYN_yoy,0.1779475286235539,0.16184177890453855,0.01610574971901535,-0.4806728512722791,0.5679398872886663,17.56,21.05592105263158
MOM_qb2of3__FCF_OI_qb0of3__C20_FCF_P_DYN_ytdavg_gt_lyytdavg__v0,MOM_qb2of3__FCF_OI_qb0of3,C20_FCF_P_DYN_ytdavg_gt_lyytdavg,0.17780150095636493,0.1865124115904433,-0.008710910634078362,-0.49780823124011875,0.518055058991777,17.26,66.99300699300699
OCF_E_qb0of3__MOM_qb2of3__C20_FCF_P_DYN_ytdavg_gt_lyytdavg__v0,OCF_E_qb0of3__MOM_qb2of3,C20_FCF_P_DYN_ytdavg_gt_lyytdavg,0.1775878352419662,0.18481972035128758,-0.007231885109321379,-0.5141228620685027,0.5200599492736915,17.54,70.8041958041958
PB_qb0of3__None__C9_EPS_DYN_riseq2__v0,PB_qb0of3__None,C9_EPS_DYN_riseq2,0.17740177822205028,0.24810685252001274,-0.07070507429796247,-0.6024249140964664,0.5664224275246894,20.16,11.98473282442748
MOM_qb2of3__None__C9_EPS_DYN_riseq2__v0,MOM_qb2of3__None,C9_EPS_DYN_riseq2,0.1770874105837379,0.1709149143504185,0.006172496233319391,-0.6458655153263543,0.5547187573546717,17.0,14.863636363636363
MOM_qb2of3__ROE_qb2of3__C14_EPS_DYN_ytdavg_gt_lyavg__v0,MOM_qb2of3__ROE_qb2of3,C14_EPS_DYN_ytdavg_gt_lyavg,0.17683425184542623,0.1820949464447268,-0.005260694599300564,-0.5334576172180083,0.5458429404584294,15.03,153.70666666666668
FCF_P_qb2of3__MOM_qb2of3__C20_FCF_P_DYN_ytdavg_gt_lyytdavg__v0,FCF_P_qb2of3__MOM_qb2of3,C20_FCF_P_DYN_ytdavg_gt_lyytdavg,0.17660098759824971,0.1884588700221288,-0.011857882423879085,-0.5575403853949285,0.5476644423260247,17.17,125.52447552447552
P_IC_qb0of3__NETDEBT_EBITDA_qb1of3__C6_ROE_DYN_ytdavg_gt_lyytdavg__v0,P_IC_qb0of3__NETDEBT_EBITDA_qb1of3,C6_ROE_DYN_ytdavg_gt_lyytdavg,0.1765395185740699,0.20528280555490386,-0.02874328698083395,-0.6233772816794718,0.5780456852791879,18.39,72.24825174825175
EV_S_qb1of3__NETDEBT_EBITDA_qb2of3__C7_ROE_DYN_ytdavg_gt_lyavg__v0,EV_S_qb1of3__NETDEBT_EBITDA_qb2of3,C7_ROE_DYN_ytdavg_gt_lyavg,0.17648321696083924,0.17540029440781457,0.0010829225530246678,-0.5632386072196929,0.5705679862306369,18.21,75.09
MOM_qb2of3__None__C7_ROE_DYN_ytdavg_gt_lyavg__v0,MOM_qb2of3__None,C7_ROE_DYN_ytdavg_gt_lyavg,0.17646433873377143,0.1709149143504185,0.00554942438335293,-0.5426774851769947,0.5288360459636785,15.95,292.4433333333333
EV_S_qb1of3__NETDEBT_EBITDA_qb2of3__C13_EPS_DYN_ytdavg_gt_lyytdavg__v0,EV_S_qb1of3__NETDEBT_EBITDA_qb2of3,C13_EPS_DYN_ytdavg_gt_lyytdavg,0.17620792630349258,0.17540029440781457,0.0008076318956780071,-0.5589333838379453,0.5721329437545654,21.05,84.09122807017543
P_IC_qb1of3__ROIC_qb2of3__C19_FCF_P_DYN_yoy__v0,P_IC_qb1of3__ROIC_qb2of3,C19_FCF_P_DYN_yoy,0.17604855672551611,0.17557372665014293,0.00047483007537318933,-0.5658334389724624,0.5737530951538734,21.3,10.103571428571428
P_IC_qb0of3__FCF_OI_qb1of3__C13_EPS_DYN_ytdavg_gt_lyytdavg__v0,P_IC_qb0of3__FCF_OI_qb1of3,C13_EPS_DYN_ytdavg_gt_lyytdavg,0.176044613171489,0.20490411666188146,-0.028859503490392457,-0.5755752155730605,0.5714839710444675,17.89,81.67017543859649
P_IC_qb1of3__ACCRUAL_qb2of3__C14_EPS_DYN_ytdavg_gt_lyavg__v0,P_IC_qb1of3__ACCRUAL_qb2of3,C14_EPS_DYN_ytdavg_gt_lyavg,0.17571424382026435,0.1692381794312643,0.006476064389000058,-0.5684082337416299,0.5616524755597603,15.74,108.06333333333333
PS_qb0of3__None__C16_FCF_P_DYN_riseq2__v0,PS_qb0of3__None,C16_FCF_P_DYN_riseq2,0.1756386188476009,0.2448726637138916,-0.0692340448662907,-0.5626809274822748,0.5638939910784571,17.91,13.246527777777779
P_IC_qb1of3__ROIC_qb2of3__None__v0,P_IC_qb1of3__ROIC_qb2of3,None,0.17557372665014293,0.17557372665014293,0.0,-0.49289526786152216,0.5732350800582242,16.83,212.89423076923077
P_IC_qb0of3__NETDEBT_EBITDA_qb1of3__C13_EPS_DYN_ytdavg_gt_lyytdavg__v0,P_IC_qb0of3__NETDEBT_EBITDA_qb1of3,C13_EPS_DYN_ytdavg_gt_lyytdavg,0.17552557062876484,0.20528280555490386,-0.02975723492613902,-0.5972060752779899,0.5787917975244781,17.96,84.5859649122807
EV_S_qb1of3__NETDEBT_EBITDA_qb2of3__None__v0,EV_S_qb1of3__NETDEBT_EBITDA_qb2of3,None,0.17540029440781457,0.17540029440781457,0.0,-0.5865031118540361,0.5838393274170948,17.65,168.9903846153846
MOM_qb0of3__None__C13_EPS_DYN_ytdavg_gt_lyytdavg__v0,MOM_qb0of3__None,C13_EPS_DYN_ytdavg_gt_lyytdavg,0.1750981900532571,0.19300761625623375,-0.01790942620297664,-0.5579619266418498,0.5754653724576136,18.32,310.1719298245614
EV_S_qb1of3__NETDEBT_EBITDA_qb2of3__C18_FCF_P_DYN_qmax8__v0,EV_S_qb1of3__NETDEBT_EBITDA_qb2of3,C18_FCF_P_DYN_qmax8,0.17485136711655946,0.17540029440781457,-0.000548927291255108,-0.5921613934569847,0.5824247996847498,17.31,154.72435897435898
FCF_P_qb0of3__MOM_qb2of3__C20_FCF_P_DYN_ytdavg_gt_lyytdavg__v0,FCF_P_qb0of3__MOM_qb2of3,C20_FCF_P_DYN_ytdavg_gt_lyytdavg,0.1748500947421976,0.19067923398335362,-0.01582913924115603,-0.5307265250512625,0.512486427795874,17.91,67.05594405594405
P_IC_qb0of3__PB_qb0of3__C12_EPS_DYN_yoy__v0,P_IC_qb0of3__PB_qb0of3,C12_EPS_DYN_yoy,0.17474985330318793,0.24885786529327159,-0.07410801199008366,-0.7197006618461377,0.5728584044745364,24.02,13.430830039525691
FCF_P_qb0of3__MOM_qb0of3__C13_EPS_DYN_ytdavg_gt_lyytdavg__v0,FCF_P_qb0of3__MOM_qb0of3,C13_EPS_DYN_ytdavg_gt_lyytdavg,0.1745399283694773,0.21181701243698448,-0.03727708406750718,-0.6170126927424884,0.5310701476353323,15.94,109.49473684210527
EV_S_qb1of3__NETDEBT_EBITDA_qb2of3__C17_FCF_P_DYN_qmax4__v0,EV_S_qb1of3__NETDEBT_EBITDA_qb2of3,C17_FCF_P_DYN_qmax4,0.17440886897476382,0.17540029440781457,-0.0009914254330507521,-0.588828041846335,0.5836619718309859,17.46,157.59294871794873
FCF_P_qb2of3__MOM_qb2of3__C6_ROE_DYN_ytdavg_gt_lyytdavg__v0,FCF_P_qb2of3__MOM_qb2of3,C6_ROE_DYN_ytdavg_gt_lyytdavg,0.17438889980339178,0.1884588700221288,-0.014069970218737016,-0.5172605180216855,0.5532844437509752,17.49,110.26923076923077
EV_S_qb1of3__NETDEBT_EBITDA_qb2of3__C10_EPS_DYN_qmax4__v0,EV_S_qb1of3__NETDEBT_EBITDA_qb2of3,C10_EPS_DYN_qmax4,0.1740168730831011,0.17540029440781457,-0.0013834213247134741,-0.5877133977661182,0.577193475815523,17.59,157.5897435897436
P_IC_qb0of3__MOM_qb2of3__C20_FCF_P_DYN_ytdavg_gt_lyytdavg__v0,P_IC_qb0of3__MOM_qb2of3,C20_FCF_P_DYN_ytdavg_gt_lyytdavg,0.17361601746083122,0.20900995301907943,-0.03539393555824821,-0.6542892827526151,0.5464599585267108,17.34,93.0979020979021
P_IC_qb0of3__None__C16_FCF_P_DYN_riseq2__v0,P_IC_qb0of3__None,C16_FCF_P_DYN_riseq2,0.17347386097726725,0.208607013051608,-0.03513315207434076,-0.5973801985687976,0.5620167027528611,19.33,13.15040650406504
EV_S_qb1of3__NETDEBT_EBITDA_qb2of3__C4_ROE_DYN_qmax8__v0,EV_S_qb1of3__NETDEBT_EBITDA_qb2of3,C4_ROE_DYN_qmax8,0.17308430649581763,0.17540029440781457,-0.0023159879119969418,-0.5938616880790697,0.5781916957702755,17.49,154.1602564102564
P_IC_qb1of3__ROIC_qb2of3__C17_FCF_P_DYN_qmax4__v0,P_IC_qb1of3__ROIC_qb2of3,C17_FCF_P_DYN_qmax4,0.17301738961713764,0.17557372665014293,-0.002556337033005285,-0.4904057088387819,0.5779053822420295,17.17,201.15384615384616
MOM_qb0of3__DEBTRATIO_qb2of3__C13_EPS_DYN_ytdavg_gt_lyytdavg__v0,MOM_qb0of3__DEBTRATIO_qb2of3,C13_EPS_DYN_ytdavg_gt_lyytdavg,0.17291575048177354,0.21064729938079285,-0.03773154889901931,-0.5910182718595836,0.5808366038097061,16.41,99.0140350877193
P_IC_qb1of3__ROIC_qb2of3__C18_FCF_P_DYN_qmax8__v0,P_IC_qb1of3__ROIC_qb2of3,C18_FCF_P_DYN_qmax8,0.17289421755509293,0.17557372665014293,-0.0026795090950499922,-0.4904368791077972,0.577684073953941,17.14,197.32051282051282
EV_S_qb1of3__NETDEBT_EBITDA_qb2of3__C3_ROE_DYN_qmax4__v0,EV_S_qb1of3__NETDEBT_EBITDA_qb2of3,C3_ROE_DYN_qmax4,0.1727926707664884,0.17540029440781457,-0.002607623641326162,-0.5920741915411086,0.5791457286432161,17.63,157.34294871794873
P_IC_qb1of3__None__C14_EPS_DYN_ytdavg_gt_lyavg__v0,P_IC_qb1of3__None,C14_EPS_DYN_ytdavg_gt_lyavg,0.1726070979333698,0.17237326534596353,0.00023383258740627966,-0.5325104510891807,0.5757767913760304,16.68,326.52666666666664
EV_S_qb1of3__NETDEBT_EBITDA_qb2of3__C11_EPS_DYN_qmax8__v0,EV_S_qb1of3__NETDEBT_EBITDA_qb2of3,C11_EPS_DYN_qmax8,0.17254936508653596,0.17540029440781457,-0.002850929321278617,-0.5910089104180973,0.5765659735844122,17.54,154.51923076923077
PS_qb0of3__None__C2_ROE_DYN_riseq2__v0,PS_qb0of3__None,C2_ROE_DYN_riseq2,0.17244743907125204,0.2448726637138916,-0.07242522464263956,-0.5912026354706879,0.5564784053156147,14.11,12.773851590106007
P_IC_qb1of3__None__None__v0,P_IC_qb1of3__None,None,0.17237326534596353,0.17237326534596353,0.0,-0.5257768843965405,0.5761411938643504,16.49,587.7852564102565
P_IC_qb0of3__None__C19_FCF_P_DYN_yoy__v0,P_IC_qb0of3__None,C19_FCF_P_DYN_yoy,0.17231073252296736,0.208607013051608,-0.036296280528640645,-0.6917526289694484,0.5600391772771792,19.01,17.760416666666668
MOM_qb2of3__None__C18_FCF_P_DYN_qmax8__v0,MOM_qb2of3__None,C18_FCF_P_DYN_qmax8,0.17218825684838235,0.1709149143504185,0.0012733424979638475,-0.5453539717478606,0.5235179097101356,15.54,543.0576923076923
MOM_qb2of3__None__C4_ROE_DYN_qmax8__v0,MOM_qb2of3__None,C4_ROE_DYN_qmax8,0.17202194948646365,0.1709149143504185,0.0011070351360451536,-0.5501522174444842,0.5225314706453912,15.48,542.8429487179487
MOM_qb2of3__None__C17_FCF_P_DYN_qmax4__v0,MOM_qb2of3__None,C17_FCF_P_DYN_qmax4,0.1720031844937029,0.1709149143504185,0.0010882701432843866,-0.5454874634007871,0.5226649248856956,15.59,551.6826923076923
P_IC_qb1of3__ROIC_qb2of3__C3_ROE_DYN_qmax4__v0,P_IC_qb1of3__ROIC_qb2of3,C3_ROE_DYN_qmax4,0.1719230335301396,0.17557372665014293,-0.0036506931200033232,-0.4934801176905259,0.574209452567154,17.23,202.3846153846154
MOM_qb2of3__ROE_qb2of3__C6_ROE_DYN_ytdavg_gt_lyytdavg__v0,MOM_qb2of3__ROE_qb2of3,C6_ROE_DYN_ytdavg_gt_lyytdavg,0.17183547813115907,0.1820949464447268,-0.010259468313567721,-0.5111003460852852,0.5465168539325843,16.28,129.08041958041957
P_IC_qb1of3__ROIC_qb2of3__C10_EPS_DYN_qmax4__v0,P_IC_qb1of3__ROIC_qb2of3,C10_EPS_DYN_qmax4,0.17183407261996164,0.17557372665014293,-0.003739654030181283,-0.4936764369457609,0.5736480686695279,17.23,202.98076923076923
MOM_qb2of3__None__C11_EPS_DYN_qmax8__v0,MOM_qb2of3__None,C11_EPS_DYN_qmax8,0.1716829398999471,0.1709149143504185,0.0007680255495285948,-0.5493957981101035,0.5222696634083964,15.53,545.3814102564103
MOM_qb2of3__None__C3_ROE_DYN_qmax4__v0,MOM_qb2of3__None,C3_ROE_DYN_qmax4,0.1715328456515921,0.1709149143504185,0.0006179313011736021,-0.5477279927752348,0.521301012043979,15.58,551.8397435897435
MOM_qb2of3__None__C10_EPS_DYN_qmax4__v0,MOM_qb2of3__None,C10_EPS_DYN_qmax4,0.1715093234033509,0.1709149143504185,0.0005944090529323987,-0.5467714722239468,0.5212295153798966,15.6,553.4294871794872
P_IC_qb1of3__ROIC_qb2of3__C4_ROE_DYN_qmax8__v0,P_IC_qb1of3__ROIC_qb2of3,C4_ROE_DYN_qmax8,0.17114600819118242,0.17557372665014293,-0.004427718458960506,-0.4945551334128506,0.5722497205811912,17.23,199.22115384615384
FCF_P_qb0of3__MOM_qb2of3__C6_ROE_DYN_ytdavg_gt_lyytdavg__v0,FCF_P_qb0of3__MOM_qb2of3,C6_ROE_DYN_ytdavg_gt_lyytdavg,0.1711025111541289,0.19067923398335362,-0.019576722829224735,-0.5142995955050436,0.511913586783861,17.63,80.65384615384616
MOM_qb2of3__None__None__v0,MOM_qb2of3__None,None,0.1709149143504185,0.1709149143504185,0.0,-0.5425048263508443,0.5179710394759525,15.64,590.2147435897435
P_IC_qb1of3__ROIC_qb2of3__C11_EPS_DYN_qmax8__v0,P_IC_qb1of3__ROIC_qb2of3,C11_EPS_DYN_qmax8,0.17090410319904437,0.17557372665014293,-0.004669623451098559,-0.49425833821996834,0.5729268292682926,17.27,200.33653846153845
EV_S_qb0of3__FCF_P_qb2of3__C16_FCF_P_DYN_riseq2__v0,EV_S_qb0of3__FCF_P_qb2of3,C16_FCF_P_DYN_riseq2,0.17069873967570848,0.23261399061368748,-0.061915250937979005,-0.5203556943682929,0.5750728862973761,14.76,10.099264705882353
MOM_qb2of3__ROE_qb2of3__C20_FCF_P_DYN_ytdavg_gt_lyytdavg__v0,MOM_qb2of3__ROE_qb2of3,C20_FCF_P_DYN_ytdavg_gt_lyytdavg,0.1704972339009052,0.1820949464447268,-0.011597712543821581,-0.49389384572461126,0.5496621621621621,16.42,106.5034965034965
FCF_P_qb2of3__MOM_qb2of3__C13_EPS_DYN_ytdavg_gt_lyytdavg__v0,FCF_P_qb2of3__MOM_qb2of3,C13_EPS_DYN_ytdavg_gt_lyytdavg,0.17014029433185285,0.1884588700221288,-0.01831857569027595,-0.5310757266693669,0.5507653231735846,17.94,129.44912280701755
MOM_qb0of3__None__C19_FCF_P_DYN_yoy__v0,MOM_qb0of3__None,C19_FCF_P_DYN_yoy,0.1697650362534775,0.19300761625623375,-0.023242580002756252,-0.7140528223461842,0.5372292008010194,24.51,18.414715719063544
EV_S_qb0of3__None__C9_EPS_DYN_riseq2__v0,EV_S_qb0of3__None,C9_EPS_DYN_riseq2,0.16960797482771572,0.233233900543095,-0.06362592571537928,-0.6743597645080874,0.5554093182416425,15.63,12.931972789115646
P_IC_qb1of3__None__C3_ROE_DYN_qmax4__v0,P_IC_qb1of3__None,C3_ROE_DYN_qmax4,0.1695672585769188,0.17237326534596353,-0.0028060067690447443,-0.5294119330495726,0.581060041968456,16.83,554.7179487179487
P_IC_qb0of3__FCF_P_qb2of3__C19_FCF_P_DYN_yoy__v0,P_IC_qb0of3__FCF_P_qb2of3,C19_FCF_P_DYN_yoy,0.16948826647615278,0.21831878065563526,-0.048830514179482476,-0.632465547955321,0.5707369553523399,18.99,13.702205882352942
P_IC_qb1of3__CROIC_qb0of3__C20_FCF_P_DYN_ytdavg_gt_lyytdavg__v0,P_IC_qb1of3__CROIC_qb0of3,C20_FCF_P_DYN_ytdavg_gt_lyytdavg,0.16938589948868232,0.19090110845843267,-0.021515208969750343,-0.5218851830781785,0.5488501538010839,17.34,66.93706293706293
P_IC_qb1of3__None__C10_EPS_DYN_qmax4__v0,P_IC_qb1of3__None,C10_EPS_DYN_qmax4,0.16936648592165082,0.17237326534596353,-0.003006779424312711,-0.5294028632511121,0.58040754509156,16.86,555.8397435897435
P_IC_qb1of3__ROIC_qb2of3__C14_EPS_DYN_ytdavg_gt_lyavg__v0,P_IC_qb1of3__ROIC_qb2of3,C14_EPS_DYN_ytdavg_gt_lyavg,0.16928408218558766,0.17557372665014293,-0.006289644464555266,-0.5159723072194615,0.5693258426966292,17.59,145.23333333333332
P_IC_qb1of3__ACCRUAL_qb2of3__None__v0,P_IC_qb1of3__ACCRUAL_qb2of3,None,0.1692381794312643,0.1692381794312643,0.0,-0.5563457063190975,0.5599532642033007,15.75,179.74358974358975
P_IC_qb1of3__None__C11_EPS_DYN_qmax8__v0,P_IC_qb1of3__None,C11_EPS_DYN_qmax8,0.16910686478997006,0.17237326534596353,-0.003266400555993476,-0.5322451886469641,0.577989194268264,16.88,546.0961538461538
P_IC_qb1of3__None__C4_ROE_DYN_qmax8__v0,P_IC_qb1of3__None,C4_ROE_DYN_qmax8,0.16908712994779718,0.17237326534596353,-0.0032861353981663566,-0.5315097177152558,0.576797666037412,16.85,544.2371794871794
EV_S_qb1of3__DEBTRATIO_qb1of3__C6_ROE_DYN_ytdavg_gt_lyytdavg__v0,EV_S_qb1of3__DEBTRATIO_qb1of3,C6_ROE_DYN_ytdavg_gt_lyytdavg,0.16906817154518472,0.1595479840252807,0.009520187519904022,-0.5308107720002211,0.5795366795366795,20.46,94.06643356643356
MOM_qb2of3__FCF_OI_qb0of3__C6_ROE_DYN_ytdavg_gt_lyytdavg__v0,MOM_qb2of3__FCF_OI_qb0of3,C6_ROE_DYN_ytdavg_gt_lyytdavg,0.16905447107037008,0.1865124115904433,-0.017457940520073212,-0.5282348277693818,0.5186586775990749,17.6,80.56993006993007
P_IC_qb1of3__OCF_E_qb0of3__C7_ROE_DYN_ytdavg_gt_lyavg__v0,P_IC_qb1of3__OCF_E_qb0of3,C7_ROE_DYN_ytdavg_gt_lyavg,0.1688587386638476,0.19308410340683912,-0.02422536474299153,-0.5893546279085256,0.545727136431784,16.46,79.47666666666667
MOM_qb0of3__None__C6_ROE_DYN_ytdavg_gt_lyytdavg__v0,MOM_qb0of3__None,C6_ROE_DYN_ytdavg_gt_lyytdavg,0.1688090276153693,0.19300761625623375,-0.024198588640864438,-0.5713371563763039,0.5673202113808685,19.41,256.7132867132867
P_IC_qb1of3__None__C17_FCF_P_DYN_qmax4__v0,P_IC_qb1of3__None,C17_FCF_P_DYN_qmax4,0.16877611093405243,0.17237326534596353,-0.0035971544119111076,-0.5297755393711137,0.5863956750838295,16.86,554.9647435897435
CROIC_qb0of3__MOM_qb2of3__C20_FCF_P_DYN_ytdavg_gt_lyytdavg__v0,CROIC_qb0of3__MOM_qb2of3,C20_FCF_P_DYN_ytdavg_gt_lyytdavg,0.1687050901381144,0.18207520162114577,-0.013370111483031355,-0.5287447580799518,0.515897186015349,18.07,66.44405594405595
P_IC_qb1of3__FCF_P_qb0of3__C20_FCF_P_DYN_ytdavg_gt_lyytdavg__v0,P_IC_qb1of3__FCF_P_qb0of3,C20_FCF_P_DYN_ytdavg_gt_lyytdavg,0.1686688614769125,0.1841704188723745,-0.015501557395461996,-0.5193890442511899,0.5496479379221152,17.55,67.99300699300699
P_IC_qb1of3__ROIC_qb2of3__C7_ROE_DYN_ytdavg_gt_lyavg__v0,P_IC_qb1of3__ROIC_qb2of3,C7_ROE_DYN_ytdavg_gt_lyavg,0.16843437174817377,0.17557372665014293,-0.007139354901969153,-0.5436142353469708,0.5655707873347082,17.59,122.80666666666667
P_IC_qb1of3__PB_qb2of3__C3_ROE_DYN_qmax4__v0,P_IC_qb1of3__PB_qb2of3,C3_ROE_DYN_qmax4,0.16840342145031584,0.16797698931296812,0.0004264321373477209,-0.5707736843711031,0.5919517102615695,15.5,108.41666666666667
P_IC_qb1of3__None__C18_FCF_P_DYN_qmax8__v0,P_IC_qb1of3__None,C18_FCF_P_DYN_qmax8,0.16839611465188753,0.17237326534596353,-0.003977150694076004,-0.5310681260518599,0.5840209180708891,16.89,544.8878205128206
PS_qb0of3__FCF_P_qb2of3__C12_EPS_DYN_yoy__v0,PS_qb0of3__FCF_P_qb2of3,C12_EPS_DYN_yoy,0.16817641788124216,0.2549527360051831,-0.08677631812394093,-0.5381535177332026,0.5707376058041113,19.06,11.38831615120275
MOM_qb2of3__DEBTRATIO_qb2of3__C6_ROE_DYN_ytdavg_gt_lyytdavg__v0,MOM_qb2of3__DEBTRATIO_qb2of3,C6_ROE_DYN_ytdavg_gt_lyytdavg,0.16798502906628654,0.1955329320328787,-0.027547902966592153,-0.5587787581310006,0.5424538545059717,17.12,90.32517482517483
P_IC_qb1of3__PB_qb2of3__None__v0,P_IC_qb1of3__PB_qb2of3,None,0.16797698931296812,0.16797698931296812,0.0,-0.5688237637506293,0.5892286627110909,15.56,115.63141025641026
EV_S_qb0of3__None__C5_ROE_DYN_yoy__v0,EV_S_qb0of3__None,C5_ROE_DYN_yoy,0.16784043329376686,0.233233900543095,-0.06539346724932815,-0.5489744817603244,0.5520601812275603,16.55,19.143790849673202
P_IC_qb1of3__PB_qb2of3__C17_FCF_P_DYN_qmax4__v0,P_IC_qb1of3__PB_qb2of3,C17_FCF_P_DYN_qmax4,0.16769392671109506,0.16797698931296812,-0.000283062601873052,-0.5674051851577513,0.595108146351324,15.49,108.46474358974359
P_IC_qb1of3__PB_qb2of3__C10_EPS_DYN_qmax4__v0,P_IC_qb1of3__PB_qb2of3,C10_EPS_DYN_qmax4,0.16747655716329235,0.16797698931296812,-0.0005004321496757669,-0.5702148250600634,0.5903101560916278,15.6,108.64102564102564
EV_S_qb0of3__FCF_P_qb2of3__C12_EPS_DYN_yoy__v0,EV_S_qb0of3__FCF_P_qb2of3,C12_EPS_DYN_yoy,0.16746587509081312,0.23261399061368748,-0.06514811552287436,-0.5453608956905955,0.5709112854556427,18.07,11.250847457627119
FCF_P_qb0of3__MOM_qb0of3__C7_ROE_DYN_ytdavg_gt_lyavg__v0,FCF_P_qb0of3__MOM_qb0of3,C7_ROE_DYN_ytdavg_gt_lyavg,0.1673626606363967,0.21181701243698448,-0.044454351800587766,-0.6393826425258942,0.5352358765288293,15.83,94.75
EV_S_qb1of3__DEBTRATIO_qb1of3__C14_EPS_DYN_ytdavg_gt_lyavg__v0,EV_S_qb1of3__DEBTRATIO_qb1of3,C14_EPS_DYN_ytdavg_gt_lyavg,0.16711682152058027,0.1595479840252807,0.007568837495299574,-0.5269969947269175,0.5831598864711447,18.4,112.35666666666667
EV_S_qb0of3__None__C12_EPS_DYN_yoy__v0,EV_S_qb0of3__None,C12_EPS_DYN_yoy,0.16704611885104015,0.233233900543095,-0.06618778169205486,-0.6156278809670366,0.5516348332793785,16.22,20.153094462540718
P_IC_qb1of3__PB_qb2of3__C18_FCF_P_DYN_qmax8__v0,P_IC_qb1of3__PB_qb2of3,C18_FCF_P_DYN_qmax8,0.1669271472360867,0.16797698931296812,-0.0010498420768814132,-0.568870614489783,0.5916451969083548,15.48,106.10576923076923
EV_S_qb1of3__NETDEBT_EBITDA_qb2of3__C20_FCF_P_DYN_ytdavg_gt_lyytdavg__v0,EV_S_qb1of3__NETDEBT_EBITDA_qb2of3,C20_FCF_P_DYN_ytdavg_gt_lyytdavg,0.16688438752138168,0.17540029440781457,-0.008515906886432889,-0.6366288566138243,0.5719577699573996,20.86,79.86363636363636
P_IC_qb1of3__PB_qb2of3__C11_EPS_DYN_qmax8__v0,P_IC_qb1of3__PB_qb2of3,C11_EPS_DYN_qmax8,0.16659025728593813,0.16797698931296812,-0.001386732027029991,-0.5718967056597711,0.5872071402008181,15.66,106.4326923076923
EV_S_qb1of3__NETDEBT_EBITDA_qb2of3__C6_ROE_DYN_ytdavg_gt_lyytdavg__v0,EV_S_qb1of3__NETDEBT_EBITDA_qb2of3,C6_ROE_DYN_ytdavg_gt_lyytdavg,0.16650868919999606,0.17540029440781457,-0.00889160520781851,-0.5810893863211191,0.5648342425514058,20.28,73.67132867132867
P_IC_qb1of3__None__C16_FCF_P_DYN_riseq2__v0,P_IC_qb1of3__None,C16_FCF_P_DYN_riseq2,0.16620379850287836,0.17237326534596353,-0.00616946684308517,-0.5754684752272521,0.569060773480663,18.31,13.885017421602788
P_IC_qb1of3__PB_qb2of3__C4_ROE_DYN_qmax8__v0,P_IC_qb1of3__PB_qb2of3,C4_ROE_DYN_qmax8,0.16610267333567763,0.16797698931296812,-0.001874315977290486,-0.5729374433917088,0.5871475649945075,15.6,106.00961538461539
MOM_qb2of3__None__C13_EPS_DYN_ytdavg_gt_lyytdavg__v0,MOM_qb2of3__None,C13_EPS_DYN_ytdavg_gt_lyytdavg,0.16609507270608526,0.1709149143504185,-0.004819841644333245,-0.508739171735904,0.5264770372150301,17.41,343.5578947368421
PS_qb0of3__ROE_qb2of3__C12_EPS_DYN_yoy__v0,PS_qb0of3__ROE_qb2of3,C12_EPS_DYN_yoy,0.16556188733520827,0.25769526459019176,-0.0921333772549835,-0.6583462711858126,0.5490135635018496,22.69,11.051020408163266
FCF_P_qb2of3__MOM_qb2of3__C12_EPS_DYN_yoy__v0,FCF_P_qb2of3__MOM_qb2of3,C12_EPS_DYN_yoy,0.1651963289832752,0.1884588700221288,-0.023262541038853612,-0.5552730914698987,0.557920446615492,19.18,10.432727272727274
P_IC_qb1of3__ROIC_qb2of3__C20_FCF_P_DYN_ytdavg_gt_lyytdavg__v0,P_IC_qb1of3__ROIC_qb2of3,C20_FCF_P_DYN_ytdavg_gt_lyytdavg,0.1650894100667677,0.17557372665014293,-0.01048431658337523,-0.4590002206125201,0.5705273181764076,18.8,105.54195804195804
P_IC_qb1of3__ACCRUAL_qb2of3__C18_FCF_P_DYN_qmax8__v0,P_IC_qb1of3__ACCRUAL_qb2of3,C18_FCF_P_DYN_qmax8,0.16480923771818512,0.1692381794312643,-0.004428941713079171,-0.5569156187091493,0.5602098054928244,16.75,163.85576923076923
P_IC_qb0of3__None__C5_ROE_DYN_yoy__v0,P_IC_qb0of3__None,C5_ROE_DYN_yoy,0.164535809412363,0.208607013051608,-0.044071203639244994,-0.6596607885974218,0.5693079237713139,18.01,18.156363636363636
P_IC_qb1of3__ACCRUAL_qb2of3__C17_FCF_P_DYN_qmax4__v0,P_IC_qb1of3__ACCRUAL_qb2of3,C17_FCF_P_DYN_qmax4,0.164311169689751,0.1692381794312643,-0.004927009741513277,-0.5546429489132678,0.5609163229228049,16.76,168.03846153846155
P_IC_qb1of3__None__C19_FCF_P_DYN_yoy__v0,P_IC_qb1of3__None,C19_FCF_P_DYN_yoy,0.16424174781816459,0.17237326534596353,-0.008131517527798948,-0.5698651188330592,0.5664856477889837,20.11,20.957792207792206
CROIC_qb0of3__MOM_qb2of3__C6_ROE_DYN_ytdavg_gt_lyytdavg__v0,CROIC_qb0of3__MOM_qb2of3,C6_ROE_DYN_ytdavg_gt_lyytdavg,0.16414538686479352,0.18207520162114577,-0.017929814756352247,-0.5260724973493598,0.5141454040781467,18.2,80.04195804195804
P_IC_qb1of3__PB_qb2of3__C20_FCF_P_DYN_ytdavg_gt_lyytdavg__v0,P_IC_qb1of3__PB_qb2of3,C20_FCF_P_DYN_ytdavg_gt_lyytdavg,0.16395587108465115,0.16797698931296812,-0.004021118228316967,-0.5420869032148541,0.5886923901393355,18.26,54.51398601398601
EV_S_qb1of3__None__C17_FCF_P_DYN_qmax4__v0,EV_S_qb1of3__None,C17_FCF_P_DYN_qmax4,0.16394333739610678,0.16184177890453855,0.002101558491568234,-0.5258352042811005,0.5901102362204724,16.89,543.4134615384615
EV_S_qb1of3__None__C18_FCF_P_DYN_qmax8__v0,EV_S_qb1of3__None,C18_FCF_P_DYN_qmax8,0.16382253608689368,0.16184177890453855,0.0019807571823551307,-0.5272689216458192,0.5893324607329843,16.89,533.4391025641025
EV_S_qb1of3__None__C10_EPS_DYN_qmax4__v0,EV_S_qb1of3__None,C10_EPS_DYN_qmax4,0.16378529130653985,0.16184177890453855,0.0019435124020013017,-0.5242100678591209,0.582952526021833,16.91,544.4647435897435
EV_S_qb0of3__None__C2_ROE_DYN_riseq2__v0,EV_S_qb0of3__None,C2_ROE_DYN_riseq2,0.16366610486204802,0.233233900543095,-0.06956779568104698,-0.5628016244607157,0.5563282336578581,14.23,12.321917808219178
CROIC_qb0of3__MOM_qb0of3__C7_ROE_DYN_ytdavg_gt_lyavg__v0,CROIC_qb0of3__MOM_qb0of3,C7_ROE_DYN_ytdavg_gt_lyavg,0.16340476230597734,0.21298754934741781,-0.04958278704144048,-0.6379765714786065,0.5339224349533628,16.02,94.51333333333334
MOM_qb0of3__NETDEBT_EBITDA_qb2of3__C20_FCF_P_DYN_ytdavg_gt_lyytdavg__v0,MOM_qb0of3__NETDEBT_EBITDA_qb2of3,C20_FCF_P_DYN_ytdavg_gt_lyytdavg,0.16339988069305433,0.1923298476167259,-0.028929966923671557,-0.734382740608059,0.5727514635444385,20.02,83.61888111888112
EV_S_qb1of3__None__C11_EPS_DYN_qmax8__v0,EV_S_qb1of3__None,C11_EPS_DYN_qmax8,0.1630785852837695,0.16184177890453855,0.0012368063792309592,-0.527515087575658,0.5824036231083619,16.89,535.0576923076923
EV_S_qb1of3__None__C3_ROE_DYN_qmax4__v0,EV_S_qb1of3__None,C3_ROE_DYN_qmax4,0.16260492345937583,0.16184177890453855,0.0007631445548372806,-0.5264688164207596,0.5848623853211009,16.95,542.9070512820513
P_IC_qb1of3__ACCRUAL_qb2of3__C3_ROE_DYN_qmax4__v0,P_IC_qb1of3__ACCRUAL_qb2of3,C3_ROE_DYN_qmax4,0.1622355609960111,0.1692381794312643,-0.007002618435253183,-0.5565703082995879,0.5598444265062009,16.96,171.09935897435898
EV_S_qb1of3__None__C4_ROE_DYN_qmax8__v0,EV_S_qb1of3__None,C4_ROE_DYN_qmax8,0.1621589198687181,0.16184177890453855,0.00031714096417956306,-0.5286371730589344,0.5820656525220176,16.91,532.5064102564103
P_IC_qb1of3__ACCRUAL_qb2of3__C10_EPS_DYN_qmax4__v0,P_IC_qb1of3__ACCRUAL_qb2of3,C10_EPS_DYN_qmax4,0.1620011589675201,0.1692381794312643,-0.007237020463744193,-0.5570130379520053,0.5603612865325305,17.0,171.37820512820514
EV_S_qb1of3__None__C14_EPS_DYN_ytdavg_gt_lyavg__v0,EV_S_qb1of3__None,C14_EPS_DYN_ytdavg_gt_lyavg,0.16185111495546223,0.16184177890453855,9.336050923680617e-06,-0.5104021748314335,0.5779753761969905,17.89,336.72333333333336
P_IC_qb1of3__ACCRUAL_qb2of3__C11_EPS_DYN_qmax8__v0,P_IC_qb1of3__ACCRUAL_qb2of3,C11_EPS_DYN_qmax8,0.16185085543390265,0.1692381794312643,-0.007387323997361639,-0.5570528919166517,0.5589728710285797,17.06,169.22435897435898
EV_S_qb1of3__None__None__v0,EV_S_qb1of3__None,None,0.16184177890453855,0.16184177890453855,0.0,-0.520305435422546,0.5814461339372371,17.28,579.1057692307693
MOM_qb0of3__FCF_OI_qb0of3__C7_ROE_DYN_ytdavg_gt_lyavg__v0,MOM_qb0of3__FCF_OI_qb0of3,C7_ROE_DYN_ytdavg_gt_lyavg,0.1618088989219868,0.19796414300723408,-0.036155244085247285,-0.624083883233461,0.5375343002744022,15.81,93.05666666666667
P_IC_qb1of3__ACCRUAL_qb2of3__C4_ROE_DYN_qmax8__v0,P_IC_qb1of3__ACCRUAL_qb2of3,C4_ROE_DYN_qmax8,0.16178228997233668,0.1692381794312643,-0.0074558894589276115,-0.5575596534778877,0.5580738595220854,17.04,168.73397435897436
P_IC_qb1of3__OCF_E_qb0of3__C20_FCF_P_DYN_ytdavg_gt_lyytdavg__v0,P_IC_qb1of3__OCF_E_qb0of3,C20_FCF_P_DYN_ytdavg_gt_lyytdavg,0.16154476384906236,0.19308410340683912,-0.03153933955777677,-0.575184768702203,0.5494920174165457,18.81,67.0979020979021
MOM_qb0of3__DEBTRATIO_qb2of3__C20_FCF_P_DYN_ytdavg_gt_lyytdavg__v0,MOM_qb0of3__DEBTRATIO_qb2of3,C20_FCF_P_DYN_ytdavg_gt_lyytdavg,0.16152717165584884,0.21064729938079285,-0.04912012772494401,-0.7056047775120706,0.5818565400843881,17.95,88.3076923076923
MOM_qb0of3__None__C20_FCF_P_DYN_ytdavg_gt_lyytdavg__v0,MOM_qb0of3__None,C20_FCF_P_DYN_ytdavg_gt_lyytdavg,0.16150466304984024,0.19300761625623375,-0.031502953206393514,-0.6261940798448251,0.5729033202767507,19.64,261.16083916083915
P_IC_qb2of3__PB_qb1of3__C14_EPS_DYN_ytdavg_gt_lyavg__v0,P_IC_qb2of3__PB_qb1of3,C14_EPS_DYN_ytdavg_gt_lyavg,0.16147060407820701,0.1546040530389725,0.006866551039234503,-0.4975328112382644,0.5355124109117719,16.26,59.446666666666665
ROIC_qb0of3__MOM_qb0of3__C6_ROE_DYN_ytdavg_gt_lyytdavg__v0,ROIC_qb0of3__MOM_qb0of3,C6_ROE_DYN_ytdavg_gt_lyytdavg,0.16114146455159872,0.2370598601423286,-0.07591839559072988,-0.6152406755087788,0.5267335979453655,18.68,83.02447552447552
P_IC_qb2of3__PB_qb1of3__C13_EPS_DYN_ytdavg_gt_lyytdavg__v0,P_IC_qb2of3__PB_qb1of3,C13_EPS_DYN_ytdavg_gt_lyytdavg,0.1610857471733782,0.1546040530389725,0.006481694134405691,-0.4774094800394326,0.5451656831593282,17.07,59.8280701754386
OCF_E_qb0of3__MOM_qb0of3__C13_EPS_DYN_ytdavg_gt_lyytdavg__v0,OCF_E_qb0of3__MOM_qb0of3,C13_EPS_DYN_ytdavg_gt_lyytdavg,0.160984672998725,0.19454160044450086,-0.033556927445775875,-0.6274303967375618,0.5341148688538416,16.81,107.78947368421052
PB_qb1of3__ROIC_qb2of3__C10_EPS_DYN_qmax4__v0,PB_qb1of3__ROIC_qb2of3,C10_EPS_DYN_qmax4,0.1609777194410953,0.15863436785703744,0.002343351584057851,-0.4813085973495278,0.5615673437951285,17.99,184.04166666666666
OCF_E_qb0of3__MOM_qb2of3__C6_ROE_DYN_ytdavg_gt_lyytdavg__v0,OCF_E_qb0of3__MOM_qb2of3,C6_ROE_DYN_ytdavg_gt_lyytdavg,0.16079413972202294,0.18481972035128758,-0.02402558062926463,-0.5170820440981356,0.5143134924921681,19.05,78.64685314685315
P_IC_qb1of3__CROIC_qb0of3__C7_ROE_DYN_ytdavg_gt_lyavg__v0,P_IC_qb1of3__CROIC_qb0of3,C7_ROE_DYN_ytdavg_gt_lyavg,0.16077308893863695,0.19090110845843267,-0.030128019519795712,-0.5244064477513013,0.5428495972534002,17.42,85.05333333333333
MOM_qb0of3__FCF_OI_qb0of3__C13_EPS_DYN_ytdavg_gt_lyytdavg__v0,MOM_qb0of3__FCF_OI_qb0of3,C13_EPS_DYN_ytdavg_gt_lyytdavg,0.16054933115827552,0.19796414300723408,-0.03741481184895856,-0.6020046337407521,0.5328393398450657,16.87,107.8280701754386
PB_qb1of3__ROIC_qb2of3__C3_ROE_DYN_qmax4__v0,PB_qb1of3__ROIC_qb2of3,C3_ROE_DYN_qmax4,0.16054657922329452,0.15863436785703744,0.0019122113662570772,-0.4804531819816621,0.5630003812428517,17.99,183.53846153846155
P_IC_qb1of3__PB_qb2of3__C14_EPS_DYN_ytdavg_gt_lyavg__v0,P_IC_qb1of3__PB_qb2of3,C14_EPS_DYN_ytdavg_gt_lyavg,0.1604725703441634,0.16797698931296812,-0.007504418968804716,-0.562889263265552,0.5849106203995794,16.47,67.45
PB_qb1of3__ROIC_qb2of3__C17_FCF_P_DYN_qmax4__v0,PB_qb1of3__ROIC_qb2of3,C17_FCF_P_DYN_qmax4,0.1604704794452605,0.15863436785703744,0.001836111588223055,-0.4777887464069426,0.5673382820784729,18.0,182.57051282051282
MOM_qb2of3__None__C20_FCF_P_DYN_ytdavg_gt_lyytdavg__v0,MOM_qb2of3__None,C20_FCF_P_DYN_ytdavg_gt_lyytdavg,0.16025310156684736,0.1709149143504185,-0.010661812783571145,-0.5320291190280184,0.5310246315716127,17.92,281.1748251748252
EV_S_qb1of3__DEBTRATIO_qb1of3__C13_EPS_DYN_ytdavg_gt_lyytdavg__v0,EV_S_qb1of3__DEBTRATIO_qb1of3,C13_EPS_DYN_ytdavg_gt_lyytdavg,0.1600631525143521,0.1595479840252807,0.0005151684890714048,-0.5349959670280863,0.5868175110673881,20.22,114.8
P_IC_qb0of3__FCF_P_qb2of3__C16_FCF_P_DYN_riseq2__v0,P_IC_qb0of3__FCF_P_qb2of3,C16_FCF_P_DYN_riseq2,0.1598437097325489,0.21831878065563526,-0.05847507092308635,-0.6104091638499158,0.572840567253975,18.76,10.210526315789474
EV_S_qb1of3__DEBTRATIO_qb1of3__None__v0,EV_S_qb1of3__DEBTRATIO_qb1of3,None,0.1595479840252807,0.1595479840252807,0.0,-0.5359232459968049,0.5852363250132767,17.36,185.87179487179486
P_IC_qb1of3__FCF_P_qb0of3__C7_ROE_DYN_ytdavg_gt_lyavg__v0,P_IC_qb1of3__FCF_P_qb0of3,C7_ROE_DYN_ytdavg_gt_lyavg,0.1594493943513271,0.1841704188723745,-0.024721024521047408,-0.5272365373320376,0.5442512328056061,17.43,86.23666666666666
EV_S_qb1of3__None__C7_ROE_DYN_ytdavg_gt_lyavg__v0,EV_S_qb1of3__None,C7_ROE_DYN_ytdavg_gt_lyavg,0.15942350130862404,0.16184177890453855,-0.0024182775959145086,-0.5126841967804993,0.5732530120481928,17.72,282.3833333333333
PB_qb1of3__ROIC_qb2of3__C18_FCF_P_DYN_qmax8__v0,PB_qb1of3__ROIC_qb2of3,C18_FCF_P_DYN_qmax8,0.15935509622972432,0.15863436785703744,0.0007207283726868852,-0.47543527389675977,0.5680138673478697,18.12,179.35576923076923
PB_qb1of3__ROIC_qb2of3__C11_EPS_DYN_qmax8__v0,PB_qb1of3__ROIC_qb2of3,C11_EPS_DYN_qmax8,0.1592127125276157,0.15863436785703744,0.000578344670578268,-0.4824285025405797,0.5608132749817651,18.11,181.65384615384616
EV_S_qb1of3__DEBTRATIO_qb1of3__C10_EPS_DYN_qmax4__v0,EV_S_qb1of3__DEBTRATIO_qb1of3,C10_EPS_DYN_qmax4,0.1590584736319649,0.1595479840252807,-0.0004895103933157952,-0.5335882174857509,0.5868866822429907,17.3,180.43910256410257
EV_S_qb1of3__DEBTRATIO_qb1of3__C11_EPS_DYN_qmax8__v0,EV_S_qb1of3__DEBTRATIO_qb1of3,C11_EPS_DYN_qmax8,0.1590575543076196,0.1595479840252807,-0.0004904297176611117,-0.5360067512049089,0.581319399085565,17.25,176.80769230769232
PB_qb1of3__ROIC_qb2of3__C4_ROE_DYN_qmax8__v0,PB_qb1of3__ROIC_qb2of3,C4_ROE_DYN_qmax8,0.15896358329312266,0.15863436785703744,0.0003292154360852173,-0.4808809681427495,0.5616979269496545,18.12,180.84294871794873
PB_qb1of3__ROIC_qb2of3__None__v0,PB_qb1of3__ROIC_qb2of3,None,0.15863436785703744,0.15863436785703744,0.0,-0.4762140763268059,0.5636790047924951,18.23,192.20833333333334
EV_S_qb1of3__DEBTRATIO_qb1of3__C17_FCF_P_DYN_qmax4__v0,EV_S_qb1of3__DEBTRATIO_qb1of3,C17_FCF_P_DYN_qmax4,0.15841938525655452,0.1595479840252807,-0.0011285987687261745,-0.5367190882097039,0.5874890638670166,17.45,180.31410256410257
EV_S_qb1of3__DEBTRATIO_qb1of3__C3_ROE_DYN_qmax4__v0,EV_S_qb1of3__DEBTRATIO_qb1of3,C3_ROE_DYN_qmax4,0.1583813673968919,0.1595479840252807,-0.0011666166283887947,-0.535498621548387,0.5862564692351926,17.38,179.92307692307693
EV_S_qb1of3__DEBTRATIO_qb1of3__C18_FCF_P_DYN_qmax8__v0,EV_S_qb1of3__DEBTRATIO_qb1of3,C18_FCF_P_DYN_qmax8,0.15827892876781546,0.1595479840252807,-0.0012690552574652347,-0.5380061285784461,0.5825179386823223,17.46,176.56730769230768
MOM_qb2of3__ROE_qb2of3__C13_EPS_DYN_ytdavg_gt_lyytdavg__v0,MOM_qb2of3__ROE_qb2of3,C13_EPS_DYN_ytdavg_gt_lyytdavg,0.158200567411948,0.1820949464447268,-0.0238943790327788,-0.5068739184633697,0.5453004332265964,17.19,155.6421052631579
EV_S_qb0of3__FCF_P_qb2of3__C5_ROE_DYN_yoy__v0,EV_S_qb0of3__FCF_P_qb2of3,C5_ROE_DYN_yoy,0.15809425570984437,0.23261399061368748,-0.07451973490384312,-0.521400855480276,0.5704611415672364,18.7,10.564625850340136
MOM_qb2of3__None__C6_ROE_DYN_ytdavg_gt_lyytdavg__v0,MOM_qb2of3__None,C6_ROE_DYN_ytdavg_gt_lyytdavg,0.15805829940997596,0.1709149143504185,-0.012856614940442546,-0.5145673327630768,0.5252309118790343,18.17,286.4020979020979
EV_S_qb1of3__DEBTRATIO_qb1of3__C4_ROE_DYN_qmax8__v0,EV_S_qb1of3__DEBTRATIO_qb1of3,C4_ROE_DYN_qmax8,0.15794546377145124,0.1595479840252807,-0.0016025202538294536,-0.5392406053146073,0.5805916857944402,17.34,175.97115384615384
P_IC_qb0of3__PB_qb0of3__C2_ROE_DYN_riseq2__v0,P_IC_qb0of3__PB_qb0of3,C2_ROE_DYN_riseq2,0.15733382945099939,0.24885786529327159,-0.0915240358422722,-0.5621849794564622,0.5819633630812588,21.48,10.240384615384615
P_IC_qb1of3__ACCRUAL_qb2of3__C7_ROE_DYN_ytdavg_gt_lyavg__v0,P_IC_qb1of3__ACCRUAL_qb2of3,C7_ROE_DYN_ytdavg_gt_lyavg,0.15724110601989838,0.1692381794312643,-0.01199707341136591,-0.554826557500478,0.5572697522206639,17.82,93.35666666666667
ROIC_qb2of3__MOM_qb1of3__C3_ROE_DYN_qmax4__v0,ROIC_qb2of3__MOM_qb1of3,C3_ROE_DYN_qmax4,0.15717220028189494,0.15654799869093106,0.0006242015909638798,-0.4674014356949149,0.5755940594059406,17.31,194.64423076923077
ROIC_qb2of3__MOM_qb1of3__C10_EPS_DYN_qmax4__v0,ROIC_qb2of3__MOM_qb1of3,C10_EPS_DYN_qmax4,0.157022382142326,0.15654799869093106,0.0004743834513949441,-0.46824574546756303,0.5753356785413467,17.31,195.44871794871796
ROIC_qb2of3__MOM_qb1of3__None__v0,ROIC_qb2of3__MOM_qb1of3,None,0.15654799869093106,0.15654799869093106,0.0,-0.4663373679204431,0.5733009708737864,17.36,204.95833333333334
ROIC_qb2of3__MOM_qb1of3__C17_FCF_P_DYN_qmax4__v0,ROIC_qb2of3__MOM_qb1of3,C17_FCF_P_DYN_qmax4,0.15645601379771756,0.15654799869093106,-9.198489321349257e-05,-0.46977955391072235,0.5751284994261191,17.46,193.81410256410257
ROIC_qb2of3__MOM_qb1of3__C4_ROE_DYN_qmax8__v0,ROIC_qb2of3__MOM_qb1of3,C4_ROE_DYN_qmax8,0.15634398365770297,0.15654799869093106,-0.00020401503322808878,-0.4681183402700887,0.5742729635623559,17.43,190.80769230769232
ROIC_qb2of3__MOM_qb1of3__C11_EPS_DYN_qmax8__v0,ROIC_qb2of3__MOM_qb1of3,C11_EPS_DYN_qmax8,0.1561543288347964,0.15654799869093106,-0.00039366985613464855,-0.4682244107965494,0.5741640889674473,17.4,192.32692307692307
P_IC_qb1of3__None__C7_ROE_DYN_ytdavg_gt_lyavg__v0,P_IC_qb1of3__None,C7_ROE_DYN_ytdavg_gt_lyavg,0.15584529314877527,0.17237326534596353,-0.016527972197188268,-0.5509171659313025,0.5741020476670023,18.21,282.3466666666667
EV_S_qb0of3__None__C16_FCF_P_DYN_riseq2__v0,EV_S_qb0of3__None,C16_FCF_P_DYN_riseq2,0.15573286471772185,0.233233900543095,-0.07750103582537315,-0.5524208015824412,0.5633210719915922,18.4,13.047945205479452
ROIC_qb2of3__MOM_qb1of3__C18_FCF_P_DYN_qmax8__v0,ROIC_qb2of3__MOM_qb1of3,C18_FCF_P_DYN_qmax8,0.15572263496940963,0.15654799869093106,-0.0008253637215214216,-0.4703644328362806,0.5741052007118845,17.5,189.36858974358975
P_IC_qb2of3__PS_qb1of3__C10_EPS_DYN_qmax4__v0,P_IC_qb2of3__PS_qb1of3,C10_EPS_DYN_qmax4,0.15546927740538297,0.15437936331081903,0.0010899140945639374,-0.5168397869157382,0.5695086098278035,15.96,174.20192307692307
P_IC_qb1of3__None__C20_FCF_P_DYN_ytdavg_gt_lyytdavg__v0,P_IC_qb1of3__None,C20_FCF_P_DYN_ytdavg_gt_lyytdavg,0.1552022866832916,0.17237326534596353,-0.01717097866267192,-0.5180037716427619,0.5832911758329118,19.55,273.5244755244755
P_IC_qb2of3__PS_qb1of3__C11_EPS_DYN_qmax8__v0,P_IC_qb2of3__PS_qb1of3,C11_EPS_DYN_qmax8,0.15497960952455747,0.15437936331081903,0.0006002462137384423,-0.51687252585005,0.5726799542973213,16.02,170.94551282051282
P_IC_qb2of3__PB_qb1of3__None__v0,P_IC_qb2of3__PB_qb1of3,None,0.1546040530389725,0.1546040530389725,0.0,-0.4971055112968086,0.5282881571766418,17.1,107.77884615384616
EPS_qb1of3__MOM_qb1of3__C10_EPS_DYN_qmax4__v0,EPS_qb1of3__MOM_qb1of3,C10_EPS_DYN_qmax4,0.15450123754849465,0.1538842210977276,0.0006170164507670606,-0.4872175774400139,0.5777885783718104,17.62,203.49679487179486
P_IC_qb2of3__PS_qb1of3__C17_FCF_P_DYN_qmax4__v0,P_IC_qb2of3__PS_qb1of3,C17_FCF_P_DYN_qmax4,0.15446161289587712,0.15437936331081903,8.224958505809177e-05,-0.5163883119761686,0.5778027220429354,16.05,173.93589743589743
P_IC_qb1of3__None__C13_EPS_DYN_ytdavg_gt_lyytdavg__v0,P_IC_qb1of3__None,C13_EPS_DYN_ytdavg_gt_lyytdavg,0.15440699017416426,0.17237326534596353,-0.017966275171799273,-0.5255294497009247,0.5768334475668266,19.1,327.8666666666667
P_IC_qb2of3__PS_qb1of3__None__v0,P_IC_qb2of3__PS_qb1of3,None,0.15437936331081903,0.15437936331081903,0.0,-0.5068625964330224,0.5652104079665917,16.25,183.3397435897436
P_IC_qb1of3__ACCRUAL_qb2of3__C13_EPS_DYN_ytdavg_gt_lyytdavg__v0,P_IC_qb1of3__ACCRUAL_qb2of3,C13_EPS_DYN_ytdavg_gt_lyytdavg,0.15434807559957786,0.1692381794312643,-0.01489010383168643,-0.5489697731971723,0.5547266123490724,18.52,110.9298245614035
P_IC_qb2of3__PS_qb1of3__C3_ROE_DYN_qmax4__v0,P_IC_qb2of3__PS_qb1of3,C3_ROE_DYN_qmax4,0.1543236422211718,0.15437936331081903,-5.572108964724265e-05,-0.5179408905468457,0.570957095709571,15.99,173.5352564102564
EPS_qb1of3__MOM_qb1of3__C18_FCF_P_DYN_qmax8__v0,EPS_qb1of3__MOM_qb1of3,C18_FCF_P_DYN_qmax8,0.15431675217960272,0.1538842210977276,0.00043253108187513156,-0.488787372579947,0.5764346645986816,17.75,199.6698717948718
EPS_qb1of3__MOM_qb1of3__C17_FCF_P_DYN_qmax4__v0,EPS_qb1of3__MOM_qb1of3,C17_FCF_P_DYN_qmax4,0.15426565895500577,0.1538842210977276,0.00038143785727817736,-0.4864688247736896,0.578377065111759,17.68,203.13782051282053
P_IC_qb2of3__PS_qb1of3__C18_FCF_P_DYN_qmax8__v0,P_IC_qb2of3__PS_qb1of3,C18_FCF_P_DYN_qmax8,0.15402760485458233,0.15437936331081903,-0.0003517584562366949,-0.5189335174732826,0.5809907979326863,16.08,170.32371794871796
EPS_qb1of3__MOM_qb1of3__None__v0,EPS_qb1of3__MOM_qb1of3,None,0.1538842210977276,0.1538842210977276,0.0,-0.48315370895628984,0.5788859158355631,17.7,208.69230769230768
EPS_qb1of3__MOM_qb1of3__C11_EPS_DYN_qmax8__v0,EPS_qb1of3__MOM_qb1of3,C11_EPS_DYN_qmax8,0.15387103414681635,0.1538842210977276,-1.3186950911237005e-05,-0.4900797935940534,0.576012037666246,17.72,200.25641025641025
P_IC_qb2of3__PS_qb1of3__C4_ROE_DYN_qmax8__v0,P_IC_qb2of3__PS_qb1of3,C4_ROE_DYN_qmax8,0.15385756542491147,0.15437936331081903,-0.00052179788590756,-0.5183138101172273,0.5720098643649815,16.09,169.88141025641025
CROIC_qb0of3__MOM_qb0of3__C20_FCF_P_DYN_ytdavg_gt_lyytdavg__v0,CROIC_qb0of3__MOM_qb0of3,C20_FCF_P_DYN_ytdavg_gt_lyytdavg,0.1536699391908778,0.21298754934741781,-0.059317610156540024,-0.6492472595926839,0.5271020059752454,19.31,81.54545454545455
EPS_qb1of3__MOM_qb1of3__C7_ROE_DYN_ytdavg_gt_lyavg__v0,EPS_qb1of3__MOM_qb1of3,C7_ROE_DYN_ytdavg_gt_lyavg,0.1534839772596368,0.1538842210977276,-0.0004002438380907858,-0.44687494379068093,0.5745230359076897,17.42,105.56666666666666
P_IC_qb2of3__PB_qb1of3__C17_FCF_P_DYN_qmax4__v0,P_IC_qb2of3__PB_qb1of3,C17_FCF_P_DYN_qmax4,0.15318139830433286,0.1546040530389725,-0.00142265473463965,-0.5011304615109489,0.534156092473492,17.38,101.84615384615384
EPS_qb1of3__MOM_qb1of3__C3_ROE_DYN_qmax4__v0,EPS_qb1of3__MOM_qb1of3,C3_ROE_DYN_qmax4,0.15305026164028468,0.1538842210977276,-0.0008339594574429121,-0.48697980189473633,0.5783062363504003,17.65,202.84615384615384
EPS_qb1of3__MOM_qb1of3__C4_ROE_DYN_qmax8__v0,EPS_qb1of3__MOM_qb1of3,C4_ROE_DYN_qmax8,0.15241105490279905,0.1538842210977276,-0.0014731661949285435,-0.49009161532597434,0.5768038740920097,17.74,199.2852564102564
P_IC_qb2of3__PB_qb1of3__C18_FCF_P_DYN_qmax8__v0,P_IC_qb2of3__PB_qb1of3,C18_FCF_P_DYN_qmax8,0.15227497880089458,0.1546040530389725,-0.002329074238077933,-0.5005290142908687,0.5341916067547233,17.41,100.46153846153847
ROIC_qb2of3__MOM_qb1of3__C7_ROE_DYN_ytdavg_gt_lyavg__v0,ROIC_qb2of3__MOM_qb1of3,C7_ROE_DYN_ytdavg_gt_lyavg,0.15210856931310968,0.15654799869093106,-0.00443942937782138,-0.4986678849987809,0.5689051317192021,17.8,115.18666666666667
EV_S_qb1of3__None__C13_EPS_DYN_ytdavg_gt_lyytdavg__v0,EV_S_qb1of3__None,C13_EPS_DYN_ytdavg_gt_lyytdavg,0.15207329150340576,0.16184177890453855,-0.009768487401132786,-0.4948891347539014,0.5844072164948454,19.72,340.6070175438596
P_IC_qb2of3__PB_qb1of3__C10_EPS_DYN_qmax4__v0,P_IC_qb2of3__PB_qb1of3,C10_EPS_DYN_qmax4,0.15194663757817173,0.1546040530389725,-0.0026574154608007827,-0.5052667307437262,0.5303558967201675,17.5,101.98076923076923
P_IC_qb1of3__ROIC_qb2of3__C5_ROE_DYN_yoy__v0,P_IC_qb1of3__ROIC_qb2of3,C5_ROE_DYN_yoy,0.15186710065513687,0.17557372665014293,-0.02370662599500606,-0.6101125022901643,0.5655534941249227,20.94,11.214532871972319
P_IC_qb1of3__ROIC_qb2of3__C6_ROE_DYN_ytdavg_gt_lyytdavg__v0,P_IC_qb1of3__ROIC_qb2of3,C6_ROE_DYN_ytdavg_gt_lyytdavg,0.15176484657462597,0.17557372665014293,-0.02380888007551696,-0.5241670462204701,0.5627130598330786,20.13,121.08041958041959
P_IC_qb2of3__PB_qb1of3__C3_ROE_DYN_qmax4__v0,P_IC_qb2of3__PB_qb1of3,C3_ROE_DYN_qmax4,0.15171470634298267,0.1546040530389725,-0.002889346695989836,-0.5024792272031422,0.5316017316017316,17.43,101.70192307692308
EV_S_qb1of3__None__C6_ROE_DYN_ytdavg_gt_lyytdavg__v0,EV_S_qb1of3__None,C6_ROE_DYN_ytdavg_gt_lyytdavg,0.15155707914447625,0.16184177890453855,-0.0102846997600623,-0.5046165969116753,0.5746404239212718,19.78,278.1223776223776
EPS_qb1of3__MOM_qb1of3__C14_EPS_DYN_ytdavg_gt_lyavg__v0,EPS_qb1of3__MOM_qb1of3,C14_EPS_DYN_ytdavg_gt_lyavg,0.15152884466589445,0.1538842210977276,-0.002355376431833145,-0.4599794131038495,0.5764748725418791,17.29,125.10666666666667
P_IC_qb2of3__PB_qb1of3__C4_ROE_DYN_qmax8__v0,P_IC_qb2of3__PB_qb1of3,C4_ROE_DYN_qmax8,0.1511197374048021,0.1546040530389725,-0.0034843156341703985,-0.5037773013945949,0.5317842323651453,17.38,100.19551282051282
OCF_E_qb0of3__MOM_qb0of3__C7_ROE_DYN_ytdavg_gt_lyavg__v0,OCF_E_qb0of3__MOM_qb0of3,C7_ROE_DYN_ytdavg_gt_lyavg,0.15084669093042358,0.19454160044450086,-0.043694909514077285,-0.6702197868383325,0.5371892542101042,18.39,91.23666666666666
P_IC_qb1of3__ROIC_qb2of3__C13_EPS_DYN_ytdavg_gt_lyytdavg__v0,P_IC_qb1of3__ROIC_qb2of3,C13_EPS_DYN_ytdavg_gt_lyytdavg,0.15076986216756505,0.17557372665014293,-0.024803864482577875,-0.5186861828084686,0.5684189406099518,19.93,145.90877192982455
P_IC_qb2of3__PB_qb1of3__C11_EPS_DYN_qmax8__v0,P_IC_qb2of3__PB_qb1of3,C11_EPS_DYN_qmax8,0.15061877829059078,0.1546040530389725,-0.003985274748381729,-0.5071814000210331,0.5318326894003024,17.47,100.62820512820512
PS_qb1of3__None__C10_EPS_DYN_qmax4__v0,PS_qb1of3__None,C10_EPS_DYN_qmax4,0.15032879433743984,0.14900718788123002,0.0013216064562098229,-0.5341710540307063,0.5848457926132758,17.52,545.0352564102565
P_IC_qb2of3__None__C14_EPS_DYN_ytdavg_gt_lyavg__v0,P_IC_qb2of3__None,C14_EPS_DYN_ytdavg_gt_lyavg,0.15013420247043818,0.14537831533409662,0.004755887136341563,-0.5194387077254718,0.5372573575453976,16.59,356.49
PB_qb1of3__ROIC_qb2of3__C14_EPS_DYN_ytdavg_gt_lyavg__v0,PB_qb1of3__ROIC_qb2of3,C14_EPS_DYN_ytdavg_gt_lyavg,0.1500350119474403,0.15863436785703744,-0.00859935590959715,-0.5041958157812816,0.5627329192546584,18.95,131.72
PS_qb1of3__None__C17_FCF_P_DYN_qmax4__v0,PS_qb1of3__None,C17_FCF_P_DYN_qmax4,0.1499927433347752,0.14900718788123002,0.0009855554535451727,-0.5339547013958589,0.5903078176916807,17.56,543.8525641025641
PS_qb1of3__None__C3_ROE_DYN_qmax4__v0,PS_qb1of3__None,C3_ROE_DYN_qmax4,0.14984893106434805,0.14900718788123002,0.0008417431831180266,-0.5353804865950187,0.5858259898225145,17.55,543.5288461538462
PS_qb1of3__None__C11_EPS_DYN_qmax8__v0,PS_qb1of3__None,C11_EPS_DYN_qmax8,0.14973040809640015,0.14900718788123002,0.0007232202151701284,-0.5359657858212427,0.5852478166546142,17.56,535.9230769230769
P_IC_qb1of3__PB_qb2of3__C13_EPS_DYN_ytdavg_gt_lyytdavg__v0,P_IC_qb1of3__PB_qb2of3,C13_EPS_DYN_ytdavg_gt_lyytdavg,0.14946999877318,0.16797698931296812,-0.018506990539788104,-0.5510733078384464,0.5923566878980892,18.34,68.88771929824561
MOM_qb0of3__None__C5_ROE_DYN_yoy__v0,MOM_qb0of3__None,C5_ROE_DYN_yoy,0.1493783172955092,0.19300761625623375,-0.04362929896072454,-0.7200270208827044,0.54032419451671,18.81,17.57894736842105
PS_qb1of3__None__C18_FCF_P_DYN_qmax8__v0,PS_qb1of3__None,C18_FCF_P_DYN_qmax8,0.14935426892914494,0.14900718788123002,0.0003470810479149211,-0.5351771294041427,0.5911578025826221,17.62,534.2788461538462
P_IC_qb1of3__ACCRUAL_qb2of3__C20_FCF_P_DYN_ytdavg_gt_lyytdavg__v0,P_IC_qb1of3__ACCRUAL_qb2of3,C20_FCF_P_DYN_ytdavg_gt_lyytdavg,0.14931774194081027,0.1692381794312643,-0.019920437490454024,-0.5488059424513281,0.5577457335626406,18.94,70.34965034965035
PS_qb1of3__None__C4_ROE_DYN_qmax8__v0,PS_qb1of3__None,C4_ROE_DYN_qmax8,0.1491443592416375,0.14900718788123002,0.00013717136040747313,-0.5371288229768616,0.5848537190974846,17.6,533.6923076923077
PS_qb1of3__None__None__v0,PS_qb1of3__None,None,0.14900718788123002,0.14900718788123002,0.0,-0.5305790966633326,0.5774008600095557,17.84,579.1057692307693
EV_S_qb1of3__None__C20_FCF_P_DYN_ytdavg_gt_lyytdavg__v0,EV_S_qb1of3__None,C20_FCF_P_DYN_ytdavg_gt_lyytdavg,0.14873748168007617,0.16184177890453855,-0.01310429722446238,-0.5156544554644138,0.5818854232084293,19.52,273.1188811188811
P_IC_qb1of3__OCF_E_qb0of3__C6_ROE_DYN_ytdavg_gt_lyytdavg__v0,P_IC_qb1of3__OCF_E_qb0of3,C6_ROE_DYN_ytdavg_gt_lyytdavg,0.14860261334614733,0.19308410340683912,-0.0444814900606918,-0.579920152308603,0.5412099066179455,19.64,79.18531468531468
MOM_qb1of3__None__C17_FCF_P_DYN_qmax4__v0,MOM_qb1of3__None,C17_FCF_P_DYN_qmax4,0.1485404743465566,0.14692397093559828,0.0016165034109583143,-0.5237993894816637,0.5668349933135067,17.91,556.9967948717949
MOM_qb1of3__None__C18_FCF_P_DYN_qmax8__v0,MOM_qb1of3__None,C18_FCF_P_DYN_qmax8,0.14841702987922134,0.14692397093559828,0.0014930589436230601,-0.5255920477166188,0.5656814288246067,17.94,546.8974358974359
FCF_P_qb0of3__MOM_qb0of3__C20_FCF_P_DYN_ytdavg_gt_lyytdavg__v0,FCF_P_qb0of3__MOM_qb0of3,C20_FCF_P_DYN_ytdavg_gt_lyytdavg,0.1483861185044768,0.21181701243698448,-0.06343089393250767,-0.6571179789646588,0.529015271195366,19.32,81.9055944055944
FCF_P_qb0of3__MOM_qb0of3__C6_ROE_DYN_ytdavg_gt_lyytdavg__v0,FCF_P_qb0of3__MOM_qb0of3,C6_ROE_DYN_ytdavg_gt_lyytdavg,0.1482601032846942,0.21181701243698448,-0.06355690915229029,-0.6017084026104909,0.5285252960172229,18.61,92.56643356643356
PS_qb1of3__None__C14_EPS_DYN_ytdavg_gt_lyavg__v0,PS_qb1of3__None,C14_EPS_DYN_ytdavg_gt_lyavg,0.14810593558504515,0.14900718788123002,-0.0009012522961848735,-0.5187961930169196,0.5825398034585206,18.11,336.92333333333335
MOM_qb1of3__None__C10_EPS_DYN_qmax4__v0,MOM_qb1of3__None,C10_EPS_DYN_qmax4,0.14803641259002465,0.14692397093559828,0.001112441654426366,-0.5235108296563518,0.5667391260993558,17.96,558.4326923076923
MOM_qb1of3__None__C11_EPS_DYN_qmax8__v0,MOM_qb1of3__None,C11_EPS_DYN_qmax8,0.14794045113374232,0.14692397093559828,0.001016480198144043,-0.524888802560805,0.5652216748768473,17.99,549.3173076923077
PS_qb1of3__PB_qb2of3__C10_EPS_DYN_qmax4__v0,PS_qb1of3__PB_qb2of3,C10_EPS_DYN_qmax4,0.14787638404754389,0.14658858278045006,0.0012878012670938244,-0.5565118896927863,0.5741689852101333,15.76,169.88782051282053
ROIC_qb2of3__MOM_qb1of3__C14_EPS_DYN_ytdavg_gt_lyavg__v0,ROIC_qb2of3__MOM_qb1of3,C14_EPS_DYN_ytdavg_gt_lyavg,0.14781008006729346,0.15654799869093106,-0.008737918623637597,-0.48539831326885485,0.566946559916683,17.83,142.77666666666667
PB_qb1of3__ROIC_qb2of3__C7_ROE_DYN_ytdavg_gt_lyavg__v0,PB_qb1of3__ROIC_qb2of3,C7_ROE_DYN_ytdavg_gt_lyavg,0.14777895050336265,0.15863436785703744,-0.01085541735367479,-0.5320080535579879,0.5585911343243605,19.23,110.92333333333333
MOM_qb1of3__None__C3_ROE_DYN_qmax4__v0,MOM_qb1of3__None,C3_ROE_DYN_qmax4,0.14767235395459744,0.14692397093559828,0.0007483830189991547,-0.5232743231990453,0.5666673303203457,17.95,556.8589743589744
P_IC_qb2of3__PS_qb1of3__C14_EPS_DYN_ytdavg_gt_lyavg__v0,P_IC_qb2of3__PS_qb1of3,C14_EPS_DYN_ytdavg_gt_lyavg,0.14752383755653575,0.15437936331081903,-0.006855525754283276,-0.5339504448949428,0.578069552874379,16.71,118.35333333333334
PS_qb1of3__PB_qb2of3__C17_FCF_P_DYN_qmax4__v0,PS_qb1of3__PB_qb2of3,C17_FCF_P_DYN_qmax4,0.1475194787250873,0.14658858278045006,0.0009308959446372445,-0.5579047428500307,0.5808812765334505,15.82,169.5801282051282
MOM_qb1of3__None__C4_ROE_DYN_qmax8__v0,MOM_qb1of3__None,C4_ROE_DYN_qmax8,0.14726894842891025,0.14692397093559828,0.0003449774933119709,-0.5247740872940496,0.5650703782338602,18.02,546.7435897435897
PS_qb1of3__PB_qb2of3__C11_EPS_DYN_qmax8__v0,PS_qb1of3__PB_qb2of3,C11_EPS_DYN_qmax8,0.14716307865108869,0.14658858278045006,0.000574495870638625,-0.5556847148233706,0.5772613889982933,15.9,166.39102564102564
PB_qb1of3__None__C14_EPS_DYN_ytdavg_gt_lyavg__v0,PB_qb1of3__None,C14_EPS_DYN_ytdavg_gt_lyavg,0.1471075745448347,0.14525075932480314,0.0018568152200315602,-0.5153830597480709,0.5688304219682265,18.26,336.1
PB_qb0of3__None__C16_FCF_P_DYN_riseq2__v0,PB_qb0of3__None,C16_FCF_P_DYN_riseq2,0.1471041531876558,0.24810685252001274,-0.10100269933235695,-0.5881548823396053,0.5657179405180685,19.38,12.124031007751938
P_IC_qb1of3__None__C5_ROE_DYN_yoy__v0,P_IC_qb1of3__None,C5_ROE_DYN_yoy,0.1469370631903315,0.17237326534596353,-0.025436202155632026,-0.49295055885303707,0.553813833225598,16.67,20.331147540983608
MOM_qb1of3__None__None__v0,MOM_qb1of3__None,None,0.14692397093559828,0.14692397093559828,0.0,-0.5189737077365472,0.5646468014987152,18.07,589.8846153846154
PS_qb1of3__PB_qb2of3__C3_ROE_DYN_qmax4__v0,PS_qb1of3__PB_qb2of3,C3_ROE_DYN_qmax4,0.14691667611091352,0.14658858278045006,0.00032809333046346367,-0.5586954315331665,0.5755260882098587,15.8,169.28205128205127
MOM_qb1of3__None__C14_EPS_DYN_ytdavg_gt_lyavg__v0,MOM_qb1of3__None,C14_EPS_DYN_ytdavg_gt_lyavg,0.14681752872122478,0.14692397093559828,-0.00010644221437350332,-0.5024870398942978,0.5681023757331596,18.14,342.69666666666666
MOM_qb0of3__FCF_OI_qb0of3__C6_ROE_DYN_ytdavg_gt_lyytdavg__v0,MOM_qb0of3__FCF_OI_qb0of3,C6_ROE_DYN_ytdavg_gt_lyytdavg,0.14669062393922694,0.19796414300723408,-0.051273519068007145,-0.5919132489148021,0.5307958477508651,18.37,91.08741258741259
MOM_qb1of3__None__C7_ROE_DYN_ytdavg_gt_lyavg__v0,MOM_qb1of3__None,C7_ROE_DYN_ytdavg_gt_lyavg,0.1465953611805373,0.14692397093559828,-0.00032860975506099344,-0.5051993578227215,0.5677382319173364,18.23,287.68333333333334
PS_qb1of3__PB_qb2of3__None__v0,PS_qb1of3__PB_qb2of3,None,0.14658858278045006,0.14658858278045006,0.0,-0.5517041786316699,0.5656909462219196,16.09,179.88782051282053
P_IC_qb2of3__None__C17_FCF_P_DYN_qmax4__v0,P_IC_qb2of3__None,C17_FCF_P_DYN_qmax4,0.1463584324351097,0.14537831533409662,0.0009801171010130894,-0.5095733361806392,0.5298996913580247,16.88,552.5641025641025
P_IC_qb2of3__PS_qb1of3__C7_ROE_DYN_ytdavg_gt_lyavg__v0,P_IC_qb2of3__PS_qb1of3,C7_ROE_DYN_ytdavg_gt_lyavg,0.14629023304392152,0.15437936331081903,-0.008089130266897504,-0.5349984265927294,0.5764889061891787,16.62,95.06666666666666
P_IC_qb2of3__None__C3_ROE_DYN_qmax4__v0,P_IC_qb2of3__None,C3_ROE_DYN_qmax4,0.14615783460815535,0.14537831533409662,0.0007795192740587265,-0.5111463643890157,0.5274361400189215,16.82,552.1698717948718
PS_qb1of3__None__C7_ROE_DYN_ytdavg_gt_lyavg__v0,PS_qb1of3__None,C7_ROE_DYN_ytdavg_gt_lyavg,0.1460765866239322,0.14900718788123002,-0.002930601257297827,-0.520453093700002,0.5827338129496403,18.3,283.4533333333333
EPS_qb1of3__MOM_qb1of3__C6_ROE_DYN_ytdavg_gt_lyytdavg__v0,EPS_qb1of3__MOM_qb1of3,C6_ROE_DYN_ytdavg_gt_lyytdavg,0.1459875227627132,0.1538842210977276,-0.007896698335014385,-0.4554841640208096,0.5678768420186054,19.13,105.25174825174825
PS_qb1of3__PB_qb2of3__C18_FCF_P_DYN_qmax8__v0,PS_qb1of3__PB_qb2of3,C18_FCF_P_DYN_qmax8,0.1457980547977471,0.14658858278045006,-0.0007905279827029599,-0.5604652881545085,0.5832789878700926,15.95,165.875
P_IC_qb2of3__None__C10_EPS_DYN_qmax4__v0,P_IC_qb2of3__None,C10_EPS_DYN_qmax4,0.14575566235192183,0.14537831533409662,0.0003773470178252136,-0.5111088062012052,0.5228365384615384,16.93,554.1602564102565
P_IC_qb2of3__None__None__v0,P_IC_qb2of3__None,None,0.14537831533409662,0.14537831533409662,0.0,-0.5074545178168774,0.45368403855579154,16.94,588.1538461538462
PS_qb1of3__PB_qb2of3__C4_ROE_DYN_qmax8__v0,PS_qb1of3__PB_qb2of3,C4_ROE_DYN_qmax8,0.14536110259881352,0.14658858278045006,-0.0012274801816365422,-0.5595131808097591,0.5762864108815604,15.97,165.47756410256412
PB_qb1of3__None__None__v0,PB_qb1of3__None,None,0.14525075932480314,0.14525075932480314,0.0,-0.525788933206252,0.5572047909471673,18.68,587.8365384615385
P_IC_qb2of3__None__C11_EPS_DYN_qmax8__v0,P_IC_qb2of3__None,C11_EPS_DYN_qmax8,0.1451486713376282,0.14537831533409662,-0.00022964399646840938,-0.5121146160056521,0.5389620695127757,16.95,544.75
P_IC_qb2of3__None__C4_ROE_DYN_qmax8__v0,P_IC_qb2of3__None,C4_ROE_DYN_qmax8,0.14508841955029084,0.14537831533409662,-0.0002898957838057825,-0.5136783212183039,0.5411255411255411,16.85,541.2852564102565
P_IC_qb2of3__None__C18_FCF_P_DYN_qmax8__v0,P_IC_qb2of3__None,C18_FCF_P_DYN_qmax8,0.1449326289890731,0.14537831533409662,-0.00044568634502351046,-0.510815843404723,0.5470438175270108,16.93,542.0096153846154
CROIC_qb0of3__MOM_qb0of3__C6_ROE_DYN_ytdavg_gt_lyytdavg__v0,CROIC_qb0of3__MOM_qb0of3,C6_ROE_DYN_ytdavg_gt_lyytdavg,0.14462451909583707,0.21298754934741781,-0.06836303025158075,-0.6026380416961205,0.5263105639396346,19.21,92.18181818181819
PB_qb1of3__None__C17_FCF_P_DYN_qmax4__v0,PB_qb1of3__None,C17_FCF_P_DYN_qmax4,0.14446716684766026,0.14525075932480314,-0.0007835924771428804,-0.5241615436176537,0.5675157013258897,18.9,556.5512820512821
PB_qb1of3__None__C10_EPS_DYN_qmax4__v0,PB_qb1of3__None,C10_EPS_DYN_qmax4,0.14432757979470234,0.14525075932480314,-0.0009231795301007928,-0.5274074554824335,0.5610862393967955,18.91,557.5705128205128
P_IC_qb1of3__FCF_P_qb0of3__C6_ROE_DYN_ytdavg_gt_lyytdavg__v0,P_IC_qb1of3__FCF_P_qb0of3,C6_ROE_DYN_ytdavg_gt_lyytdavg,0.144313631595405,0.1841704188723745,-0.03985678727696951,-0.5382832294257269,0.5441818648856923,19.76,86.85664335664336
PB_qb1of3__None__C3_ROE_DYN_qmax4__v0,PB_qb1of3__None,C3_ROE_DYN_qmax4,0.1441368926668709,0.14525075932480314,-0.0011138666579322276,-0.5282381032358181,0.5618777494790461,18.92,556.2564102564103
MOM_qb0of3__FCF_OI_qb0of3__C20_FCF_P_DYN_ytdavg_gt_lyytdavg__v0,MOM_qb0of3__FCF_OI_qb0of3,C20_FCF_P_DYN_ytdavg_gt_lyytdavg,0.14393308489152457,0.19796414300723408,-0.05403105811570952,-0.6338600346136998,0.5305045387375976,19.25,80.88111888111888
P_IC_qb1of3__CROIC_qb0of3__C6_ROE_DYN_ytdavg_gt_lyytdavg__v0,P_IC_qb1of3__CROIC_qb0of3,C6_ROE_DYN_ytdavg_gt_lyytdavg,0.14381919497162898,0.19090110845843267,-0.047081913486803684,-0.5378075470405164,0.5439259645464025,19.73,85.67482517482517
PS_qb1of3__None__C12_EPS_DYN_yoy__v0,PS_qb1of3__None,C12_EPS_DYN_yoy,0.14369095805061338,0.14900718788123002,-0.005316229830616637,-0.5035319916788755,0.5711310477411086,23.45,20.636963696369637
EV_S_qb1of3__None__C5_ROE_DYN_yoy__v0,EV_S_qb1of3__None,C5_ROE_DYN_yoy,0.14348620254080835,0.16184177890453855,-0.018355576363730197,-0.4812593712810136,0.5621478289691747,19.62,20.237458193979933
PB_qb1of3__None__C4_ROE_DYN_qmax8__v0,PB_qb1of3__None,C4_ROE_DYN_qmax8,0.14346541347348007,0.14525075932480314,-0.0017853458513230613,-0.5306441100746722,0.560875512995896,19.0,546.4070512820513
PB_qb1of3__None__C18_FCF_P_DYN_qmax8__v0,PB_qb1of3__None,C18_FCF_P_DYN_qmax8,0.14343435642023183,0.14525075932480314,-0.0018164029045713015,-0.524870037287716,0.568560335138449,19.04,547.0128205128206
PB_qb1of3__None__C11_EPS_DYN_qmax8__v0,PB_qb1of3__None,C11_EPS_DYN_qmax8,0.14335810988301256,0.14525075932480314,-0.0018926494417905726,-0.5301061159704834,0.5611391155225277,19.02,548.4839743589744
P_IC_qb1of3__PB_qb2of3__C7_ROE_DYN_ytdavg_gt_lyavg__v0,P_IC_qb1of3__PB_qb2of3,C7_ROE_DYN_ytdavg_gt_lyavg,0.14314759052453851,0.16797698931296812,-0.024829398788429602,-0.562237073652595,0.5848670756646217,17.31,57.266666666666666
PB_qb1of3__None__C7_ROE_DYN_ytdavg_gt_lyavg__v0,PB_qb1of3__None,C7_ROE_DYN_ytdavg_gt_lyavg,0.14290897304030636,0.14525075932480314,-0.002341786284496772,-0.5173323030443202,0.5635308491142333,19.08,283.97333333333336
ROIC_qb2of3__MOM_qb1of3__C6_ROE_DYN_ytdavg_gt_lyytdavg__v0,ROIC_qb2of3__MOM_qb1of3,C6_ROE_DYN_ytdavg_gt_lyytdavg,0.1420818338879961,0.15654799869093106,-0.014466164802934944,-0.4954627548821534,0.5635663596557451,19.7,113.9055944055944
P_IC_qb0of3__None__C9_EPS_DYN_riseq2__v0,P_IC_qb0of3__None,C9_EPS_DYN_riseq2,0.14190236259523314,0.208607013051608,-0.06670465045637486,-0.7434003266930993,0.575297619047619,17.16,13.950207468879668
P_IC_qb2of3__PB_qb1of3__C7_ROE_DYN_ytdavg_gt_lyavg__v0,P_IC_qb2of3__PB_qb1of3,C7_ROE_DYN_ytdavg_gt_lyavg,0.14138657498436635,0.1546040530389725,-0.013217478054606158,-0.4808842475927,0.5409015025041736,18.92,50.28333333333333
PS_qb1of3__PB_qb2of3__C14_EPS_DYN_ytdavg_gt_lyavg__v0,PS_qb1of3__PB_qb2of3,C14_EPS_DYN_ytdavg_gt_lyavg,0.1410537678735222,0.14658858278045006,-0.005534814906927865,-0.573460625958353,0.5756786909631834,16.72,116.09333333333333
P_IC_qb0of3__PB_qb0of3__C9_EPS_DYN_riseq2__v0,P_IC_qb0of3__PB_qb0of3,C9_EPS_DYN_riseq2,0.1405794356863903,0.24885786529327159,-0.10827842960688128,-0.7235886972498375,0.5796839729119638,25.69,10.350467289719626
P_IC_qb1of3__ACCRUAL_qb2of3__C6_ROE_DYN_ytdavg_gt_lyytdavg__v0,P_IC_qb1of3__ACCRUAL_qb2of3,C6_ROE_DYN_ytdavg_gt_lyytdavg,0.1403894942755064,0.1692381794312643,-0.02884868515575789,-0.5517062111105953,0.5523169759763179,20.54,94.46503496503496
P_IC_qb2of3__PB_qb1of3__C6_ROE_DYN_ytdavg_gt_lyytdavg__v0,P_IC_qb2of3__PB_qb1of3,C6_ROE_DYN_ytdavg_gt_lyytdavg,0.14017304206461834,0.1546040530389725,-0.014431010974354175,-0.4670731893010487,0.5340043525571273,19.76,49.54545454545455
EPS_qb1of3__MOM_qb1of3__C13_EPS_DYN_ytdavg_gt_lyytdavg__v0,EPS_qb1of3__MOM_qb1of3,C13_EPS_DYN_ytdavg_gt_lyytdavg,0.140168660063825,0.1538842210977276,-0.01371556103390259,-0.4393757299629685,0.5721973720995247,19.31,125.52280701754385
EV_S_qb1of3__DEBTRATIO_qb1of3__C20_FCF_P_DYN_ytdavg_gt_lyytdavg__v0,EV_S_qb1of3__DEBTRATIO_qb1of3,C20_FCF_P_DYN_ytdavg_gt_lyytdavg,0.14006634835219423,0.1595479840252807,-0.019481635673086473,-0.5342801303728424,0.5864511442063204,21.14,90.47202797202797
P_IC_qb1of3__None__C6_ROE_DYN_ytdavg_gt_lyytdavg__v0,P_IC_qb1of3__None,C6_ROE_DYN_ytdavg_gt_lyytdavg,0.14006079302607843,0.17237326534596353,-0.0323124723198851,-0.5412016728622955,0.5741736517475882,20.89,279.7902097902098
P_IC_qb2of3__None__C7_ROE_DYN_ytdavg_gt_lyavg__v0,P_IC_qb2of3__None,C7_ROE_DYN_ytdavg_gt_lyavg,0.1398580816732906,0.14537831533409662,-0.0055202336608060065,-0.5193534354493989,0.5406246645916067,17.49,289.02666666666664
OCF_E_qb0of3__MOM_qb0of3__C20_FCF_P_DYN_ytdavg_gt_lyytdavg__v0,OCF_E_qb0of3__MOM_qb0of3,C20_FCF_P_DYN_ytdavg_gt_lyytdavg,0.13984610380283735,0.19454160044450086,-0.05469549664166351,-0.701791363690697,0.5257826887661142,20.37,84.64685314685315
PS_qb1of3__PB_qb2of3__C20_FCF_P_DYN_ytdavg_gt_lyytdavg__v0,PS_qb1of3__PB_qb2of3,C20_FCF_P_DYN_ytdavg_gt_lyytdavg,0.13971543239764816,0.14658858278045006,-0.006873150382801896,-0.5662403071187635,0.5838065579776516,17.64,86.36013986013987
PB_qb1of3__ROIC_qb2of3__C20_FCF_P_DYN_ytdavg_gt_lyytdavg__v0,PB_qb1of3__ROIC_qb2of3,C20_FCF_P_DYN_ytdavg_gt_lyytdavg,0.1391361405154219,0.15863436785703744,-0.01949822734161555,-0.4692982566390569,0.5640515067038364,21.3,96.83216783216783
PS_qb1of3__None__C13_EPS_DYN_ytdavg_gt_lyytdavg__v0,PS_qb1of3__None,C13_EPS_DYN_ytdavg_gt_lyytdavg,0.1388190246021772,0.14900718788123002,-0.010188163279052809,-0.5013337847490866,0.5909706546275395,19.62,341.19649122807016
OCF_E_qb0of3__MOM_qb0of3__C6_ROE_DYN_ytdavg_gt_lyytdavg__v0,OCF_E_qb0of3__MOM_qb0of3,C6_ROE_DYN_ytdavg_gt_lyytdavg,0.13851195924878668,0.19454160044450086,-0.056029641195714186,-0.6293742686929902,0.5280407124681934,20.22,88.72727272727273
PS_qb1of3__PB_qb2of3__C7_ROE_DYN_ytdavg_gt_lyavg__v0,PS_qb1of3__PB_qb2of3,C7_ROE_DYN_ytdavg_gt_lyavg,0.13715456652361913,0.14658858278045006,-0.009434016256830935,-0.5722695114891757,0.5783181357649443,16.87,94.39666666666666
MOM_qb1of3__None__C6_ROE_DYN_ytdavg_gt_lyytdavg__v0,MOM_qb1of3__None,C6_ROE_DYN_ytdavg_gt_lyytdavg,0.13646169953567444,0.14692397093559828,-0.01046227139992384,-0.4985128922388047,0.5612776183165342,20.01,284.34615384615387
P_IC_qb1of3__ROIC_qb2of3__C12_EPS_DYN_yoy__v0,P_IC_qb1of3__ROIC_qb2of3,C12_EPS_DYN_yoy,0.13589698210965007,0.17557372665014293,-0.03967674454049286,-0.6329341688995155,0.5625916153620639,21.26,11.745704467353951
ROIC_qb2of3__MOM_qb1of3__C20_FCF_P_DYN_ytdavg_gt_lyytdavg__v0,ROIC_qb2of3__MOM_qb1of3,C20_FCF_P_DYN_ytdavg_gt_lyytdavg,0.1357098278134652,0.15654799869093106,-0.020838170877465867,-0.45030964997468226,0.564123779579679,19.64,99.06643356643356
PB_qb1of3__ROIC_qb2of3__C6_ROE_DYN_ytdavg_gt_lyytdavg__v0,PB_qb1of3__ROIC_qb2of3,C6_ROE_DYN_ytdavg_gt_lyytdavg,0.1350108408776507,0.15863436785703744,-0.023623526979386744,-0.5286802849399277,0.5541964866623292,21.57,109.22377622377623
PB_qb1of3__ROIC_qb2of3__C13_EPS_DYN_ytdavg_gt_lyytdavg__v0,PB_qb1of3__ROIC_qb2of3,C13_EPS_DYN_ytdavg_gt_lyytdavg,0.13488883898193027,0.15863436785703744,-0.02374552887510717,-0.5148350528659631,0.5600891861761427,21.08,132.71929824561403
P_IC_qb2of3__None__C13_EPS_DYN_ytdavg_gt_lyytdavg__v0,P_IC_qb2of3__None,C13_EPS_DYN_ytdavg_gt_lyytdavg,0.13481902596989448,0.14537831533409662,-0.01055928936420214,-0.4986087454664482,0.551586655817738,18.93,360.4947368421053
MOM_qb2of3__None__C2_ROE_DYN_riseq2__v0,MOM_qb2of3__None,C2_ROE_DYN_riseq2,0.13466141259671827,0.1709149143504185,-0.036253501753700235,-0.4740207665591365,0.5530321936610931,21.67,14.212765957446809
MOM_qb2of3__ROE_qb2of3__C19_FCF_P_DYN_yoy__v0,MOM_qb2of3__ROE_qb2of3,C19_FCF_P_DYN_yoy,0.13417000523178246,0.1820949464447268,-0.04792494121294433,-0.6984767279261233,0.5655456417295813,17.36,10.568840579710145
PS_qb1of3__None__C6_ROE_DYN_ytdavg_gt_lyytdavg__v0,PS_qb1of3__None,C6_ROE_DYN_ytdavg_gt_lyytdavg,0.13376429803181478,0.14900718788123002,-0.015242889849415242,-0.5120460344277125,0.581177723676202,20.21,279.8636363636364
PS_qb0of3__FCF_P_qb2of3__C5_ROE_DYN_yoy__v0,PS_qb0of3__FCF_P_qb2of3,C5_ROE_DYN_yoy,0.13346398934391357,0.2549527360051831,-0.12148874666126952,-0.5415594335085943,0.5689766839378239,20.26,10.63573883161512
PB_qb1of3__None__C13_EPS_DYN_ytdavg_gt_lyytdavg__v0,PB_qb1of3__None,C13_EPS_DYN_ytdavg_gt_lyytdavg,0.1334149922089869,0.14525075932480314,-0.011835767115816243,-0.5163244763802703,0.5725866799700674,20.74,338.0701754385965
P_IC_qb2of3__PS_qb1of3__C13_EPS_DYN_ytdavg_gt_lyytdavg__v0,P_IC_qb2of3__PS_qb1of3,C13_EPS_DYN_ytdavg_gt_lyytdavg,0.13260356154897135,0.15437936331081903,-0.02177580176184768,-0.5136307780754985,0.5776069921639542,19.29,122.89824561403509
ROIC_qb2of3__MOM_qb1of3__C13_EPS_DYN_ytdavg_gt_lyytdavg__v0,ROIC_qb2of3__MOM_qb1of3,C13_EPS_DYN_ytdavg_gt_lyytdavg,0.13258486039016604,0.15654799869093106,-0.02396313830076502,-0.48474547286487346,0.5643847276264592,19.98,144.93684210526317
MOM_qb1of3__None__C13_EPS_DYN_ytdavg_gt_lyytdavg__v0,MOM_qb1of3__None,C13_EPS_DYN_ytdavg_gt_lyytdavg,0.1325479438927053,0.14692397093559828,-0.01437602704289298,-0.4954231171811164,0.5628222371665546,20.41,344.10877192982457
P_IC_qb1of3__PB_qb2of3__C6_ROE_DYN_ytdavg_gt_lyytdavg__v0,P_IC_qb1of3__PB_qb2of3,C6_ROE_DYN_ytdavg_gt_lyytdavg,0.1321825422784837,0.16797698931296812,-0.03579444703448442,-0.5732635818115808,0.5914616906983319,19.81,57.78321678321678
P_IC_qb2of3__None__C5_ROE_DYN_yoy__v0,P_IC_qb2of3__None,C5_ROE_DYN_yoy,0.13216784145701,0.14537831533409662,-0.013210473877086626,-0.6686129848103248,0.5491480996068152,17.26,19.684887459807072
EPS_qb1of3__MOM_qb1of3__C20_FCF_P_DYN_ytdavg_gt_lyytdavg__v0,EPS_qb1of3__MOM_qb1of3,C20_FCF_P_DYN_ytdavg_gt_lyytdavg,0.13143071773740456,0.1538842210977276,-0.022453503360323035,-0.49500338307653935,0.5734339500162285,20.42,101.73776223776224
PS_qb1of3__None__C20_FCF_P_DYN_ytdavg_gt_lyytdavg__v0,PS_qb1of3__None,C20_FCF_P_DYN_ytdavg_gt_lyytdavg,0.13096364372383973,0.14900718788123002,-0.01804354415739029,-0.5512322040376056,0.5859833492561758,20.4,274.86713286713285
P_IC_qb2of3__PB_qb1of3__C20_FCF_P_DYN_ytdavg_gt_lyytdavg__v0,P_IC_qb2of3__PB_qb1of3,C20_FCF_P_DYN_ytdavg_gt_lyytdavg,0.130520066573377,0.1546040530389725,-0.024083986465595508,-0.4891985112077063,0.5391350490846378,19.53,48.63986013986014
MOM_qb1of3__None__C20_FCF_P_DYN_ytdavg_gt_lyytdavg__v0,MOM_qb1of3__None,C20_FCF_P_DYN_ytdavg_gt_lyytdavg,0.12981374873996665,0.14692397093559828,-0.01711022219563163,-0.5277364151236763,0.5635697221585889,20.32,277.4160839160839
P_IC_qb2of3__None__C6_ROE_DYN_ytdavg_gt_lyytdavg__v0,P_IC_qb2of3__None,C6_ROE_DYN_ytdavg_gt_lyytdavg,0.12882797447873506,0.14537831533409662,-0.016550340855361556,-0.4918579551556822,0.5417350188169449,19.9,285.1118881118881
P_IC_qb2of3__PS_qb1of3__C20_FCF_P_DYN_ytdavg_gt_lyytdavg__v0,P_IC_qb2of3__PS_qb1of3,C20_FCF_P_DYN_ytdavg_gt_lyytdavg,0.12739796933245628,0.15437936331081903,-0.026981393978362744,-0.5207377221710625,0.5701349431818182,19.28,87.92307692307692
P_IC_qb2of3__PS_qb1of3__C6_ROE_DYN_ytdavg_gt_lyytdavg__v0,P_IC_qb2of3__PS_qb1of3,C6_ROE_DYN_ytdavg_gt_lyytdavg,0.12634576667806008,0.15437936331081903,-0.02803359663275895,-0.525865039130083,0.5593535203418168,19.28,94.95454545454545
EV_S_qb1of3__None__C16_FCF_P_DYN_riseq2__v0,EV_S_qb1of3__None,C16_FCF_P_DYN_riseq2,0.1261432255071686,0.16184177890453855,-0.035698553397369936,-0.6039572607404516,0.5559030492572322,20.66,13.480701754385965
PB_qb1of3__None__C6_ROE_DYN_ytdavg_gt_lyytdavg__v0,PB_qb1of3__None,C6_ROE_DYN_ytdavg_gt_lyytdavg,0.12558883640038743,0.14525075932480314,-0.01966192292441571,-0.5126827498848647,0.5646533083465475,22.38,281.013986013986
PB_qb1of3__None__C20_FCF_P_DYN_ytdavg_gt_lyytdavg__v0,PB_qb1of3__None,C20_FCF_P_DYN_ytdavg_gt_lyytdavg,0.1248394487741602,0.14525075932480314,-0.020411310550642936,-0.5320834351845787,0.5694130174364435,22.1,275.993006993007
MOM_qb0of3__None__C2_ROE_DYN_riseq2__v0,MOM_qb0of3__None,C2_ROE_DYN_riseq2,0.12413694927085106,0.19300761625623375,-0.06887066698538269,-0.8241128394313038,0.5384122919334187,14.92,12.034615384615385
